ISO-10303-21;
HEADER;
FILE_DESCRIPTION (( 'STEP AP214' ),
    '1' );
FILE_NAME ('Housing.STEP',
    '2019-11-27T19:05:39',
    ( '' ),
    ( '' ),
    'SwSTEP 2.0',
    'SolidWorks 2015',
    '' );
FILE_SCHEMA (( 'AUTOMOTIVE_DESIGN' ));
ENDSEC;

DATA;
#1 = CARTESIAN_POINT ( 'NONE',  ( 0.0000000000000000000, 0.07199999999999999500, 0.0000000000000000000 ) ) ;
#2 = ORIENTED_EDGE ( 'NONE', *, *, #1632, .T. ) ;
#3 = CARTESIAN_POINT ( 'NONE',  ( 0.2520388308942054200, 0.2484776034679125100, 0.6550000000000002500 ) ) ;
#4 = ORIENTED_EDGE ( 'NONE', *, *, #7636, .T. ) ;
#5 = CARTESIAN_POINT ( 'NONE',  ( -0.2715089870143563800, 0.05000000000000001000, -2.386529622953043300E-017 ) ) ;
#6 = CARTESIAN_POINT ( 'NONE',  ( 0.08499999999999993700, 0.2820000000000000300, 0.6049239970457444000 ) ) ;
#7 = CARTESIAN_POINT ( 'NONE',  ( 0.0000000000000000000, 0.0000000000000000000, 0.0000000000000000000 ) ) ;
#8 = VECTOR ( 'NONE', #1984, 39.37007874015748100 ) ;
#9 = VECTOR ( 'NONE', #516, 39.37007874015748100 ) ;
#10 = EDGE_CURVE ( 'NONE', #7564, #3079, #7254, .T. ) ;
#11 = VERTEX_POINT ( 'NONE', #2912 ) ;
#12 = CARTESIAN_POINT ( 'NONE',  ( 0.3293637662320544300, 0.0000000000000000000, 0.2345838121755381100 ) ) ;
#13 = ORIENTED_EDGE ( 'NONE', *, *, #1836, .F. ) ;
#14 = VECTOR ( 'NONE', #2984, 39.37007874015748100 ) ;
#15 = DIRECTION ( 'NONE',  ( 0.0000000000000000000, 0.0000000000000000000, 1.000000000000000000 ) ) ;
#16 = FACE_BOUND ( 'NONE', #4087, .T. ) ;
#17 = FACE_OUTER_BOUND ( 'NONE', #6236, .T. ) ;
#18 = FACE_BOUND ( 'NONE', #5511, .T. ) ;
#19 = CARTESIAN_POINT ( 'NONE',  ( 0.1669670867423539200, 0.1180000000000000100, -0.2820398820131569400 ) ) ;
#20 = ORIENTED_EDGE ( 'NONE', *, *, #7125, .F. ) ;
#21 = DIRECTION ( 'NONE',  ( 0.0000000000000000000, 0.0000000000000000000, -1.000000000000000000 ) ) ;
#22 = B_SPLINE_CURVE_WITH_KNOTS ( 'NONE', 3,
 ( #5636, #2618, #293, #4408, #350, #4440, #4986 ),
 .UNSPECIFIED., .F., .F.,
 ( 4, 3, 4 ),
 ( 0.005021447904451787000, 0.006684356537542271800, 0.008349357395282593100 ),
 .UNSPECIFIED. ) ;
#23 = LINE ( 'NONE', #2392, #5917 ) ;
#24 = DIRECTION ( 'NONE',  ( -1.000000000000000000, -0.0000000000000000000, -0.0000000000000000000 ) ) ;
#25 = ORIENTED_EDGE ( 'NONE', *, *, #7446, .T. ) ;
#26 = ORIENTED_EDGE ( 'NONE', *, *, #3322, .T. ) ;
#27 = ADVANCED_FACE ( 'NONE', ( #1227 ), #4262, .F. ) ;
#28 = VECTOR ( 'NONE', #2597, 39.37007874015748100 ) ;
#29 = DIRECTION ( 'NONE',  ( 0.0000000000000000000, 1.000000000000000000, 0.0000000000000000000 ) ) ;
#30 = VERTEX_POINT ( 'NONE', #2459 ) ;
#31 = DIRECTION ( 'NONE',  ( -0.1736481776669307200, 0.9848077530122080200, 0.0000000000000000000 ) ) ;
#32 = EDGE_CURVE ( 'NONE', #4002, #3991, #404, .T. ) ;
#33 = CARTESIAN_POINT ( 'NONE',  ( 0.2615775788842126200, 0.1995488245370654300, 0.6550000000000001400 ) ) ;
#34 = ORIENTED_EDGE ( 'NONE', *, *, #401, .T. ) ;
#35 = VECTOR ( 'NONE', #2189, 39.37007874015748100 ) ;
#36 = CARTESIAN_POINT ( 'NONE',  ( 0.04999999999999994700, 0.2618851310487092000, -0.3666632238527981500 ) ) ;
#37 = ORIENTED_EDGE ( 'NONE', *, *, #2796, .F. ) ;
#38 = DIRECTION ( 'NONE',  ( -1.000000000000000000, -0.0000000000000000000, 2.276539994720220300E-015 ) ) ;
#39 = ORIENTED_EDGE ( 'NONE', *, *, #317, .F. ) ;
#40 = CIRCLE ( 'NONE', #2955, 0.3832427117888340100 ) ;
#41 = EDGE_LOOP ( 'NONE', ( #6841 ) ) ;
#42 = CARTESIAN_POINT ( 'NONE',  ( 0.02500000000000001500, 0.05000000000000000300, -0.2856149881085800500 ) ) ;
#43 = LINE ( 'NONE', #1092, #7213 ) ;
#44 = DIRECTION ( 'NONE',  ( 0.0000000000000000000, 1.000000000000000000, 0.0000000000000000000 ) ) ;
#45 = CARTESIAN_POINT ( 'NONE',  ( -0.2537454433088418000, 0.1809999999999999900, 0.1464999999999987700 ) ) ;
#46 = LINE ( 'NONE', #2095, #6113 ) ;
#47 = ORIENTED_EDGE ( 'NONE', *, *, #5806, .T. ) ;
#48 = FACE_OUTER_BOUND ( 'NONE', #2956, .T. ) ;
#49 = ORIENTED_EDGE ( 'NONE', *, *, #5954, .T. ) ;
#50 = LINE ( 'NONE', #3184, #786 ) ;
#51 = VERTEX_POINT ( 'NONE', #1377 ) ;
#52 = EDGE_CURVE ( 'NONE', #6679, #7564, #4429, .T. ) ;
#53 = VECTOR ( 'NONE', #7559, 39.37007874015748100 ) ;
#54 = EDGE_CURVE ( 'NONE', #4313, #7363, #7106, .T. ) ;
#55 = CARTESIAN_POINT ( 'NONE',  ( 0.04999999999999991300, 0.3320000000000000200, -0.3968626966596886000 ) ) ;
#56 = ORIENTED_EDGE ( 'NONE', *, *, #3573, .F. ) ;
#57 = CARTESIAN_POINT ( 'NONE',  ( -0.1488163490354231000, 0.2500000000000000600, 0.6300000000000000000 ) ) ;
#58 = AXIS2_PLACEMENT_3D ( 'NONE', #6973, #5852, #1758 ) ;
#59 = CIRCLE ( 'NONE', #2651, 0.1165089870143564700 ) ;
#60 = DIRECTION ( 'NONE',  ( 0.0000000000000000000, 0.0000000000000000000, 1.000000000000000000 ) ) ;
#61 = EDGE_LOOP ( 'NONE', ( #2978, #5215, #3772, #5051 ) ) ;
#62 = AXIS2_PLACEMENT_3D ( 'NONE', #3927, #3268, #447 ) ;
#63 = DIRECTION ( 'NONE',  ( 0.0000000000000000000, -1.000000000000000000, 0.0000000000000000000 ) ) ;
#64 = EDGE_LOOP ( 'NONE', ( #4674, #4144, #5704, #2246 ) ) ;
#65 = EDGE_CURVE ( 'NONE', #871, #5406, #5829, .T. ) ;
#66 = EDGE_CURVE ( 'NONE', #2487, #1961, #581, .T. ) ;
#67 = ORIENTED_EDGE ( 'NONE', *, *, #3090, .T. ) ;
#68 = AXIS2_PLACEMENT_3D ( 'NONE', #462, #7441, #7544 ) ;
#69 = DIRECTION ( 'NONE',  ( -0.01745240643728355000, -0.9998476951563912700, -0.0000000000000000000 ) ) ;
#70 = AXIS2_PLACEMENT_3D ( 'NONE', #4001, #5282, #7000 ) ;
#71 = ADVANCED_FACE ( 'NONE', ( #7479 ), #4409, .F. ) ;
#72 = ORIENTED_EDGE ( 'NONE', *, *, #7224, .T. ) ;
#73 = VECTOR ( 'NONE', #3482, 39.37007874015748900 ) ;
#74 = CARTESIAN_POINT ( 'NONE',  ( -0.3268019325236991000, 0.1180000000000000100, 0.02499999999999996700 ) ) ;
#75 = ORIENTED_EDGE ( 'NONE', *, *, #1584, .F. ) ;
#76 = CARTESIAN_POINT ( 'NONE',  ( -0.3249999999999999600, 0.2500000000000000600, 0.3008463253555009900 ) ) ;
#77 = APPLICATION_PROTOCOL_DEFINITION ( 'draft international standard', 'automotive_design', 1998, #4785 ) ;
#78 = PLANE ( 'NONE',  #914 ) ;
#79 = EDGE_LOOP ( 'NONE', ( #2394, #7079, #3416, #1647, #6746 ) ) ;
#80 = DIRECTION ( 'NONE',  ( 1.000000000000000000, 1.440848097924189800E-016, -2.515009710096559600E-018 ) ) ;
#81 = AXIS2_PLACEMENT_3D ( 'NONE', #6100, #6183, #2619 ) ;
#82 = EDGE_LOOP ( 'NONE', ( #6797, #1169, #5066, #3822 ) ) ;
#83 = DIRECTION ( 'NONE',  ( -0.0000000000000000000, -1.000000000000000000, -0.0000000000000000000 ) ) ;
#84 = CARTESIAN_POINT ( 'NONE',  ( 0.3407521969629025400, 0.2820000000000000300, -0.06193126897835110600 ) ) ;
#85 = VERTEX_POINT ( 'NONE', #4932 ) ;
#86 = CARTESIAN_POINT ( 'NONE',  ( 0.1962991837738668200, 0.0000000000000000000, 0.6098463253555017600 ) ) ;
#87 = ORIENTED_EDGE ( 'NONE', *, *, #640, .T. ) ;
#88 = B_SPLINE_CURVE_WITH_KNOTS ( 'NONE', 3,
 ( #3811, #1478, #2082, #6842, #6156, #3193, #5554, #7335, #3293, #6818, #2056, #348 ),
 .UNSPECIFIED., .F., .F.,
 ( 4, 2, 2, 2, 2, 4 ),
 ( -8.968284105050428500E-006, 0.0007519179034676049300, 0.001512804091040260200, 0.002273690278612915400, 0.002654133372399242000, 0.003034576466185568600 ),
 .UNSPECIFIED. ) ;
#89 = CARTESIAN_POINT ( 'NONE',  ( -0.1399999999999998700, 0.2999999999999999300, 0.6550000000000000300 ) ) ;
#90 = EDGE_CURVE ( 'NONE', #1063, #366, #2493, .T. ) ;
#91 = DIRECTION ( 'NONE',  ( -0.0000000000000000000, 1.000000000000000000, -0.0000000000000000000 ) ) ;
#92 = ORIENTED_EDGE ( 'NONE', *, *, #3493, .T. ) ;
#93 = CARTESIAN_POINT ( 'NONE',  ( -0.3724962741966277900, 0.2875119944108011100, 0.05948612090838990100 ) ) ;
#94 = ORIENTED_EDGE ( 'NONE', *, *, #361, .F. ) ;
#95 = PLANE ( 'NONE',  #3445 ) ;
#96 = ORIENTED_EDGE ( 'NONE', *, *, #4560, .T. ) ;
#97 = AXIS2_PLACEMENT_3D ( 'NONE', #5328, #6072, #7312 ) ;
#98 = AXIS2_PLACEMENT_3D ( 'NONE', #2322, #3420, #1109 ) ;
#99 = DIRECTION ( 'NONE',  ( 0.0000000000000000000, 0.0000000000000000000, 1.000000000000000000 ) ) ;
#100 = PRODUCT_DEFINITION_FORMATION_WITH_SPECIFIED_SOURCE ( 'ANY', '', #1311, .NOT_KNOWN. ) ;
#101 = CARTESIAN_POINT ( 'NONE',  ( -0.1962991837738661000, 3.918494465912177500E-015, 0.6098463253555016500 ) ) ;
#102 = DIRECTION ( 'NONE',  ( 1.000000000000000000, 0.0000000000000000000, -0.0000000000000000000 ) ) ;
#103 = DIRECTION ( 'NONE',  ( 0.0000000000000000000, 1.000000000000000000, 0.0000000000000000000 ) ) ;
#104 = CIRCLE ( 'NONE', #2261, 0.07499999999999998300 ) ;
#105 = ORIENTED_EDGE ( 'NONE', *, *, #3819, .F. ) ;
#106 = EDGE_CURVE ( 'NONE', #1422, #810, #3951, .T. ) ;
#107 = ADVANCED_FACE ( 'NONE', ( #3695 ), #2005, .T. ) ;
#108 = DIRECTION ( 'NONE',  ( -0.0000000000000000000, -0.0000000000000000000, 1.000000000000000000 ) ) ;
#109 = DIRECTION ( 'NONE',  ( -0.9961946980917456600, -0.08715574274765827700, 0.0000000000000000000 ) ) ;
#110 = B_SPLINE_CURVE_WITH_KNOTS ( 'NONE', 3,
 ( #1021, #5122, #6334, #1637 ),
 .UNSPECIFIED., .F., .F.,
 ( 4, 4 ),
 ( 0.0000000000000000000, 0.0003772399823263555900 ),
 .UNSPECIFIED. ) ;
#111 = LINE ( 'NONE', #2103, #2296 ) ;
#112 = LINE ( 'NONE', #4783, #4781 ) ;
#113 = VERTEX_POINT ( 'NONE', #5837 ) ;
#114 = CARTESIAN_POINT ( 'NONE',  ( 0.2780817675842124400, 0.1809999999999999900, 0.6300000000000000000 ) ) ;
#115 = AXIS2_PLACEMENT_3D ( 'NONE', #5056, #429, #6347 ) ;
#116 = EDGE_LOOP ( 'NONE', ( #3141, #1939, #2425, #2676 ) ) ;
#117 = ORIENTED_EDGE ( 'NONE', *, *, #3427, .T. ) ;
#118 = CARTESIAN_POINT ( 'NONE',  ( -0.2615838914465057300, 0.1994928226274728100, 0.6550000000000000300 ) ) ;
#119 = VECTOR ( 'NONE', #5377, 39.37007874015748100 ) ;
#120 = CARTESIAN_POINT ( 'NONE',  ( -0.1489999999999999100, 0.2520000000000000000, 0.6390983659208352400 ) ) ;
#121 = LINE ( 'NONE', #7025, #3314 ) ;
#122 = VERTEX_POINT ( 'NONE', #925 ) ;
#123 = EDGE_CURVE ( 'NONE', #808, #1063, #2135, .T. ) ;
#124 = EDGE_CURVE ( 'NONE', #1518, #5362, #6203, .T. ) ;
#125 = DIRECTION ( 'NONE',  ( 0.0000000000000000000, 0.0000000000000000000, 1.000000000000000000 ) ) ;
#126 = ORIENTED_EDGE ( 'NONE', *, *, #440, .F. ) ;
#127 = CARTESIAN_POINT ( 'NONE',  ( -0.04999999999999985700, 0.3320000000000000200, -0.3044496580875977200 ) ) ;
#128 = CARTESIAN_POINT ( 'NONE',  ( 0.2450000000000000200, 0.1180000000000000100, 0.6049999999999998700 ) ) ;
#129 = FACE_BOUND ( 'NONE', #1033, .T. ) ;
#130 = APPLICATION_CONTEXT ( 'automotive_design' ) ;
#131 = VECTOR ( 'NONE', #6216, 39.37007874015748100 ) ;
#132 = VECTOR ( 'NONE', #7626, 39.37007874015748100 ) ;
#133 = PLANE ( 'NONE',  #2828 ) ;
#134 = ORIENTED_EDGE ( 'NONE', *, *, #690, .T. ) ;
#135 = CARTESIAN_POINT ( 'NONE',  ( -0.2537454433088401900, 0.0000000000000000000, -0.2903627657690551800 ) ) ;
#136 = LINE ( 'NONE', #268, #6577 ) ;
#137 = ORIENTED_EDGE ( 'NONE', *, *, #5769, .T. ) ;
#138 = LINE ( 'NONE', #5842, #7132 ) ;
#139 = CARTESIAN_POINT ( 'NONE',  ( 0.3082427117888337800, 0.2635366807060743300, 0.2277309965031663900 ) ) ;
#140 = VERTEX_POINT ( 'NONE', #6159 ) ;
#141 = PLANE ( 'NONE',  #3374 ) ;
#142 = ORIENTED_EDGE ( 'NONE', *, *, #6121, .T. ) ;
#143 = EDGE_CURVE ( 'NONE', #3729, #2091, #3367, .T. ) ;
#144 = CARTESIAN_POINT ( 'NONE',  ( -0.1489999999999999100, 0.05740335641649494500, 0.6561233661945868900 ) ) ;
#145 = LINE ( 'NONE', #5059, #594 ) ;
#146 = DIRECTION ( 'NONE',  ( 0.0000000000000000000, 0.9961946980917455500, -0.08715574274765826300 ) ) ;
#147 = VECTOR ( 'NONE', #5600, 39.37007874015748100 ) ;
#148 = ORIENTED_EDGE ( 'NONE', *, *, #7625, .F. ) ;
#149 = VECTOR ( 'NONE', #1682, 39.37007874015748100 ) ;
#150 = VECTOR ( 'NONE', #80, 39.37007874015748100 ) ;
#151 = CARTESIAN_POINT ( 'NONE',  ( -0.03642340515280758500, 0.2734982543511777500, -0.3806324575207990500 ) ) ;
#152 = DIRECTION ( 'NONE',  ( 3.201384367575304700E-016, 3.644039775628638500E-032, -1.000000000000000000 ) ) ;
#153 = ADVANCED_FACE ( 'NONE', ( #5920 ), #5083, .F. ) ;
#154 = VECTOR ( 'NONE', #1627, 39.37007874015748100 ) ;
#155 = EDGE_LOOP ( 'NONE', ( #6405 ) ) ;
#156 = DIRECTION ( 'NONE',  ( 0.0000000000000000000, 0.0000000000000000000, 1.000000000000000000 ) ) ;
#157 = EDGE_CURVE ( 'NONE', #4710, #1677, #3498, .T. ) ;
#158 = DIRECTION ( 'NONE',  ( -0.0000000000000000000, -0.0000000000000000000, 1.000000000000000000 ) ) ;
#159 =( NAMED_UNIT ( * ) PLANE_ANGLE_UNIT ( ) SI_UNIT ( $, .RADIAN. ) );
#160 = EDGE_CURVE ( 'NONE', #6143, #1888, #3050, .T. ) ;
#161 = VECTOR ( 'NONE', #2368, 39.37007874015748100 ) ;
#162 = DIRECTION ( 'NONE',  ( 5.691349986800544900E-016, -0.0000000000000000000, 1.000000000000000000 ) ) ;
#163 = EDGE_LOOP ( 'NONE', ( #3928, #769, #3981, #2746 ) ) ;
#164 = CARTESIAN_POINT ( 'NONE',  ( 0.1716273806595561600, 0.2820000000000000300, 0.6049239970457444000 ) ) ;
#165 = AXIS2_PLACEMENT_3D ( 'NONE', #5234, #7561, #564 ) ;
#166 = VERTEX_POINT ( 'NONE', #251 ) ;
#167 = DIRECTION ( 'NONE',  ( 5.192565889550686000E-015, -0.01745240643728355000, -0.9998476951563912700 ) ) ;
#168 = VERTEX_POINT ( 'NONE', #4515 ) ;
#169 = AXIS2_PLACEMENT_3D ( 'NONE', #7271, #3215, #6207 ) ;
#170 = EDGE_LOOP ( 'NONE', ( #7194, #3391, #173, #1277, #2610, #4561, #6149, #3108, #2, #3632, #3101, #7334, #276, #7159, #3750, #6606, #2228, #221, #6494, #645, #1664, #2179, #3443, #5248, #3506, #4337, #6305, #4718, #34, #2370, #843, #1355, #1821, #5175, #6105, #6340, #4623, #2465, #3736, #1574, #6943, #1185, #664, #3250, #6684, #5217, #376, #1260, #6109 ) ) ;
#171 = EDGE_CURVE ( 'NONE', #4435, #5618, #5453, .T. ) ;
#172 = CARTESIAN_POINT ( 'NONE',  ( 0.02231656006532032800, 0.04085787398452387500, -0.2094728809635828800 ) ) ;
#173 = ORIENTED_EDGE ( 'NONE', *, *, #1885, .F. ) ;
#174 = ORIENTED_EDGE ( 'NONE', *, *, #3410, .T. ) ;
#175 = CARTESIAN_POINT ( 'NONE',  ( 0.0000000000000000000, 0.0000000000000000000, 0.6098463253555017600 ) ) ;
#176 = ORIENTED_EDGE ( 'NONE', *, *, #2158, .F. ) ;
#177 = CARTESIAN_POINT ( 'NONE',  ( 0.3451460955505735700, 0.2820000000000000300, -0.02866556363492549900 ) ) ;
#178 = ORIENTED_EDGE ( 'NONE', *, *, #3978, .T. ) ;
#179 = CARTESIAN_POINT ( 'NONE',  ( -0.2999999999999999900, 0.2500000000000000600, 0.6300000000000000000 ) ) ;
#180 = CARTESIAN_POINT ( 'NONE',  ( 0.3463701538733174900, 0.09366666643735968600, 0.02499999999999977200 ) ) ;
#181 = CARTESIAN_POINT ( 'NONE',  ( 0.02500000000000000100, 0.1809999999999999900, -0.3491060010942235700 ) ) ;
#182 = CARTESIAN_POINT ( 'NONE',  ( 0.2149999999999999100, 0.2500000000000000600, 0.0000000000000000000 ) ) ;
#183 = ORIENTED_EDGE ( 'NONE', *, *, #3279, .T. ) ;
#184 = ADVANCED_FACE ( 'NONE', ( #1515 ), #2681, .T. ) ;
#185 = DIRECTION ( 'NONE',  ( -1.000000000000000000, 0.0000000000000000000, -2.276539994720218900E-016 ) ) ;
#186 = CARTESIAN_POINT ( 'NONE',  ( -0.2812567646748316300, 0.0000000000000000000, 0.5848501329765920500 ) ) ;
#187 = VERTEX_POINT ( 'NONE', #7220 ) ;
#188 = ORIENTED_EDGE ( 'NONE', *, *, #6221, .F. ) ;
#189 = DIRECTION ( 'NONE',  ( 4.065249990571820300E-017, -1.000000000000000000, -0.0000000000000000000 ) ) ;
#190 = CARTESIAN_POINT ( 'NONE',  ( 0.3406064695021940300, 0.09366663908529517000, -0.06771013201575155900 ) ) ;
#191 = VERTEX_POINT ( 'NONE', #466 ) ;
#192 = CARTESIAN_POINT ( 'NONE',  ( -0.03642678932319250200, 0.2834598252188576500, -0.3797566182659228900 ) ) ;
#193 = EDGE_LOOP ( 'NONE', ( #365, #6319, #6484, #2885 ) ) ;
#194 = DIRECTION ( 'NONE',  ( -0.01744974916068286000, -0.9996954598818874600, 0.01744974916068271800 ) ) ;
#195 = CARTESIAN_POINT ( 'NONE',  ( -0.1716273806595557900, 0.2820000000000000300, 0.0000000000000000000 ) ) ;
#196 = CIRCLE ( 'NONE', #4537, 0.3700000000000000000 ) ;
#197 = LINE ( 'NONE', #5751, #6271 ) ;
#198 = CARTESIAN_POINT ( 'NONE',  ( -0.2149999999999999700, 0.0000000000000000000, 0.3802779494575575500 ) ) ;
#199 = ORIENTED_EDGE ( 'NONE', *, *, #2208, .F. ) ;
#200 = DIRECTION ( 'NONE',  ( 0.0000000000000000000, 0.0000000000000000000, 1.000000000000000000 ) ) ;
#201 = DIRECTION ( 'NONE',  ( 1.000000000000000000, 0.0000000000000000000, -7.114187483500681200E-017 ) ) ;
#202 = VECTOR ( 'NONE', #6636, 39.37007874015748100 ) ;
#203 = EDGE_CURVE ( 'NONE', #7028, #3071, #1137, .T. ) ;
#204 = EDGE_CURVE ( 'NONE', #3752, #3871, #6468, .T. ) ;
#205 = LINE ( 'NONE', #4588, #3944 ) ;
#206 =( NAMED_UNIT ( * ) SI_UNIT ( $, .STERADIAN. ) SOLID_ANGLE_UNIT ( ) );
#207 = VERTEX_POINT ( 'NONE', #2304 ) ;
#208 = LINE ( 'NONE', #2714, #1592 ) ;
#209 = CARTESIAN_POINT ( 'NONE',  ( 0.3963449574072890300, 0.2500000000000000600, -0.05395066948439367800 ) ) ;
#210 = DIMENSIONAL_EXPONENTS ( 1.000000000000000000, 0.0000000000000000000, 0.0000000000000000000, 0.0000000000000000000, 0.0000000000000000000, 0.0000000000000000000, 0.0000000000000000000 ) ;
#211 = DIRECTION ( 'NONE',  ( -0.0000000000000000000, -0.9998476951563912700, 0.01745240643728355000 ) ) ;
#212 = ORIENTED_EDGE ( 'NONE', *, *, #5564, .T. ) ;
#213 = LINE ( 'NONE', #3019, #3950 ) ;
#214 = CARTESIAN_POINT ( 'NONE',  ( 0.02999999999999999900, 0.02999999999999999200, -0.2541060010942235400 ) ) ;
#215 = AXIS2_PLACEMENT_3D ( 'NONE', #6955, #3409, #2806 ) ;
#216 = CIRCLE ( 'NONE', #7166, 0.3463344363650741600 ) ;
#217 = AXIS2_PLACEMENT_3D ( 'NONE', #4956, #6539, #1369 ) ;
#218 = LINE ( 'NONE', #6725, #3777 ) ;
#219 = ORIENTED_EDGE ( 'NONE', *, *, #6300, .F. ) ;
#220 = CARTESIAN_POINT ( 'NONE',  ( 0.002095274959996808900, 0.1809999999999999900, 0.003629122686541198700 ) ) ;
#221 = ORIENTED_EDGE ( 'NONE', *, *, #1426, .F. ) ;
#222 = ADVANCED_FACE ( 'NONE', ( #1778 ), #3864, .T. ) ;
#223 = CYLINDRICAL_SURFACE ( 'NONE', #6276, 0.01500000000000000300 ) ;
#224 = ORIENTED_EDGE ( 'NONE', *, *, #4985, .F. ) ;
#225 = LINE ( 'NONE', #932, #5277 ) ;
#226 = EDGE_CURVE ( 'NONE', #1594, #3413, #6289, .T. ) ;
#227 = ORIENTED_EDGE ( 'NONE', *, *, #603, .F. ) ;
#228 = VECTOR ( 'NONE', #1302, 39.37007874015748900 ) ;
#229 = CARTESIAN_POINT ( 'NONE',  ( -0.2562605722959218600, 0.0000000000000000000, 0.6098463253555017600 ) ) ;
#230 = DIRECTION ( 'NONE',  ( -0.0000000000000000000, 1.000000000000000000, -0.0000000000000000000 ) ) ;
#231 = CYLINDRICAL_SURFACE ( 'NONE', #3525, 0.1449999999999999600 ) ;
#232 = VERTEX_POINT ( 'NONE', #5197 ) ;
#233 = CARTESIAN_POINT ( 'NONE',  ( 0.0000000000000000000, 0.02999999999999999900, -0.2198391138212087100 ) ) ;
#234 = VECTOR ( 'NONE', #3664, 39.37007874015748100 ) ;
#235 = ORIENTED_EDGE ( 'NONE', *, *, #6867, .F. ) ;
#236 = VECTOR ( 'NONE', #364, 39.37007874015748100 ) ;
#237 = CARTESIAN_POINT ( 'NONE',  ( 0.1488163490354234000, 0.2500000000000000600, 0.6300000000000000000 ) ) ;
#238 = DIRECTION ( 'NONE',  ( 0.0000000000000000000, -1.000000000000000000, 0.0000000000000000000 ) ) ;
#239 = VERTEX_POINT ( 'NONE', #5793 ) ;
#240 = CIRCLE ( 'NONE', #6959, 0.3487956005199530600 ) ;
#241 = CARTESIAN_POINT ( 'NONE',  ( -0.3422450265085608100, 0.2025131965688860800, 0.06147650413868112300 ) ) ;
#242 = ORIENTED_EDGE ( 'NONE', *, *, #909, .F. ) ;
#243 = CARTESIAN_POINT ( 'NONE',  ( 0.2356891926197337300, 0.3004918261192811000, -0.2857539111114377800 ) ) ;
#244 = ITEM_DEFINED_TRANSFORMATION ( 'NONE', 'NONE', #5664,  #3669 ) ;
#245 = EDGE_CURVE ( 'NONE', #5331, #6810, #216, .T. ) ;
#246 = CARTESIAN_POINT ( 'NONE',  ( 0.02500000000000000500, 0.0000000000000000000, 0.6550000000000000300 ) ) ;
#247 = LINE ( 'NONE', #5661, #5851 ) ;
#248 = ORIENTED_EDGE ( 'NONE', *, *, #90, .T. ) ;
#249 = CARTESIAN_POINT ( 'NONE',  ( 0.2249999999999999800, 0.2920000000000000400, 0.3775000000000000000 ) ) ;
#250 = CARTESIAN_POINT ( 'NONE',  ( -0.04295899822813264300, 0.2779802939064102100, -0.3784985429838346200 ) ) ;
#251 = CARTESIAN_POINT ( 'NONE',  ( -0.1609829107043072300, 0.1809999999999999900, 0.6049999999999998700 ) ) ;
#252 = EDGE_LOOP ( 'NONE', ( #3411, #7009, #4658, #2551 ) ) ;
#253 = CARTESIAN_POINT ( 'NONE',  ( 0.0000000000000000000, 0.07199999999999993900, 0.0000000000000000000 ) ) ;
#254 = CARTESIAN_POINT ( 'NONE',  ( -0.1499999999999998600, 0.2520000000000000000, -0.4000393700787400200 ) ) ;
#255 = AXIS2_PLACEMENT_3D ( 'NONE', #2086, #5058, #1557 ) ;
#256 = PRODUCT_DEFINITION_SHAPE ( 'NONE', 'NONE',  #3329 ) ;
#257 = CARTESIAN_POINT ( 'NONE',  ( -0.2150000000000001100, 0.1180000000000000100, 0.5449999999999998200 ) ) ;
#258 = EDGE_LOOP ( 'NONE', ( #6373, #5415, #5658, #4252 ) ) ;
#259 = CARTESIAN_POINT ( 'NONE',  ( 0.0000000000000000000, 0.0000000000000000000, 0.0000000000000000000 ) ) ;
#260 = EDGE_CURVE ( 'NONE', #6580, #6548, #2316, .T. ) ;
#261 = CARTESIAN_POINT ( 'NONE',  ( -0.3688890576501989700, 0.1809999999999999900, 0.06036566999562294900 ) ) ;
#262 = ORIENTED_EDGE ( 'NONE', *, *, #5672, .F. ) ;
#263 = PLANE ( 'NONE',  #4831 ) ;
#264 = DIRECTION ( 'NONE',  ( 0.0000000000000000000, 0.0000000000000000000, 1.000000000000000000 ) ) ;
#265 = LINE ( 'NONE', #2906, #1641 ) ;
#266 = VERTEX_POINT ( 'NONE', #2903 ) ;
#267 = ADVANCED_FACE ( 'NONE', ( #2044 ), #1588, .F. ) ;
#268 = CARTESIAN_POINT ( 'NONE',  ( -0.2999999999999999900, 0.07199999999999999500, 0.6298463253555016700 ) ) ;
#269 = B_SPLINE_CURVE_WITH_KNOTS ( 'NONE', 3,
 ( #3195, #2059, #7337, #6258, #922, #2131 ),
 .UNSPECIFIED., .F., .F.,
 ( 4, 2, 4 ),
 ( -8.729548759444351300E-006, 0.0006057362035043043900, 0.001220201955768053000 ),
 .UNSPECIFIED. ) ;
#270 = CARTESIAN_POINT ( 'NONE',  ( 0.2296734907667639100, 0.3202179887254463200, -0.2640582235288633800 ) ) ;
#271 = ORIENTED_EDGE ( 'NONE', *, *, #2121, .F. ) ;
#272 = EDGE_CURVE ( 'NONE', #3755, #4734, #3405, .T. ) ;
#273 = ORIENTED_EDGE ( 'NONE', *, *, #301, .F. ) ;
#274 = CARTESIAN_POINT ( 'NONE',  ( -0.2537454433088401900, 0.07199999999999999500, 0.1465000000000002400 ) ) ;
#275 = EDGE_CURVE ( 'NONE', #4878, #3783, #5354, .T. ) ;
#276 = ORIENTED_EDGE ( 'NONE', *, *, #5173, .F. ) ;
#277 = DIRECTION ( 'NONE',  ( 0.0000000000000000000, 0.0000000000000000000, 1.000000000000000000 ) ) ;
#278 = CARTESIAN_POINT ( 'NONE',  ( -0.03643042890115881500, 0.2940966137584434800, -0.3788213779954109900 ) ) ;
#279 = CARTESIAN_POINT ( 'NONE',  ( 0.2737956005199529400, 0.1809999999999999900, 0.4257531754730548600 ) ) ;
#280 = ORIENTED_EDGE ( 'NONE', *, *, #275, .F. ) ;
#281 = DIRECTION ( 'NONE',  ( 1.000000000000000000, 0.0000000000000000000, -3.414809992080328500E-016 ) ) ;
#282 = CARTESIAN_POINT ( 'NONE',  ( 2.755455298081544200E-017, 0.05000000000000000300, 0.2249999999999999800 ) ) ;
#283 = VERTEX_POINT ( 'NONE', #5817 ) ;
#284 = CARTESIAN_POINT ( 'NONE',  ( 0.2448951290283107900, 0.2500000000000000600, -0.3162694670343741400 ) ) ;
#285 = ORIENTED_EDGE ( 'NONE', *, *, #671, .T. ) ;
#286 = EDGE_CURVE ( 'NONE', #1788, #1382, #7378, .T. ) ;
#287 = ORIENTED_EDGE ( 'NONE', *, *, #3661, .T. ) ;
#288 = DIRECTION ( 'NONE',  ( 0.0000000000000000000, 1.000000000000000000, 0.0000000000000000000 ) ) ;
#289 = CARTESIAN_POINT ( 'NONE',  ( 0.2903627657690551800, 0.0000000000000000000, 0.02374323532516826900 ) ) ;
#290 = FACE_OUTER_BOUND ( 'NONE', #7130, .T. ) ;
#291 = CARTESIAN_POINT ( 'NONE',  ( -0.2999999999999999900, 0.0000000000000000000, 0.6298463253555016700 ) ) ;
#292 = ORIENTED_EDGE ( 'NONE', *, *, #1772, .T. ) ;
#293 = CARTESIAN_POINT ( 'NONE',  ( -0.02500000000000001200, 0.1373607859750170200, -0.3471348139336171100 ) ) ;
#294 = DIRECTION ( 'NONE',  ( 1.000000000000000000, 0.0000000000000000000, 2.276539994720218900E-016 ) ) ;
#295 = PLANE ( 'NONE',  #3881 ) ;
#296 = CONICAL_SURFACE ( 'NONE', #2661, 0.1700000000000000400, 0.01745329251994333400 ) ;
#297 = EDGE_CURVE ( 'NONE', #2877, #4294, #436, .T. ) ;
#298 = VECTOR ( 'NONE', #5049, 39.37007874015748100 ) ;
#299 = ADVANCED_FACE ( 'NONE', ( #4792 ), #6195, .F. ) ;
#300 = ORIENTED_EDGE ( 'NONE', *, *, #1949, .F. ) ;
#301 = EDGE_CURVE ( 'NONE', #3755, #2155, #5251, .T. ) ;
#302 = CARTESIAN_POINT ( 'NONE',  ( 0.2335281094319531000, 0.2570000000000000600, 0.5633744347874545300 ) ) ;
#303 = CARTESIAN_POINT ( 'NONE',  ( 0.0000000000000000000, 0.3520000000000000400, 0.0000000000000000000 ) ) ;
#304 = PRESENTATION_LAYER_ASSIGNMENT (  '', '', ( #1926 ) ) ;
#305 = ORIENTED_EDGE ( 'NONE', *, *, #3164, .T. ) ;
#306 = CARTESIAN_POINT ( 'NONE',  ( -0.2149999999999999700, 0.1050000000000000100, 0.6049999999999998700 ) ) ;
#307 = CARTESIAN_POINT ( 'NONE',  ( 0.3963449574072890300, 0.2500000000000000600, -0.05395066948439367800 ) ) ;
#308 = CIRCLE ( 'NONE', #1040, 0.01500000000000000300 ) ;
#309 = LINE ( 'NONE', #181, #4040 ) ;
#310 = VECTOR ( 'NONE', #4396, 39.37007874015748100 ) ;
#311 = DIRECTION ( 'NONE',  ( 3.858542363932575100E-016, -0.0000000000000000000, 1.000000000000000000 ) ) ;
#312 = EDGE_LOOP ( 'NONE', ( #5094, #4155, #4284, #3216, #5981, #4068, #3731, #935 ) ) ;
#313 = AXIS2_PLACEMENT_3D ( 'NONE', #6269, #5050, #6833 ) ;
#314 = CARTESIAN_POINT ( 'NONE',  ( 0.0000000000000000000, 0.1809999999999999900, 0.0000000000000000000 ) ) ;
#315 = EDGE_CURVE ( 'NONE', #1903, #6091, #4234, .T. ) ;
#316 = VERTEX_POINT ( 'NONE', #4075 ) ;
#317 = EDGE_CURVE ( 'NONE', #4813, #5494, #393, .T. ) ;
#318 = ORIENTED_EDGE ( 'NONE', *, *, #3147, .T. ) ;
#319 = FACE_OUTER_BOUND ( 'NONE', #1499, .T. ) ;
#320 = VERTEX_POINT ( 'NONE', #6457 ) ;
#321 = SURFACE_STYLE_FILL_AREA ( #746 ) ;
#322 = DIRECTION ( 'NONE',  ( 0.0000000000000000000, 0.0000000000000000000, -1.000000000000000000 ) ) ;
#323 = AXIS2_PLACEMENT_3D ( 'NONE', #6337, #5747, #2210 ) ;
#324 = VERTEX_POINT ( 'NONE', #86 ) ;
#325 = AXIS2_PLACEMENT_3D ( 'NONE', #1116, #1044, #3377 ) ;
#326 = FACE_OUTER_BOUND ( 'NONE', #1157, .T. ) ;
#327 = CYLINDRICAL_SURFACE ( 'NONE', #5815, 0.1325000000000000100 ) ;
#328 = CARTESIAN_POINT ( 'NONE',  ( 0.2450000000000000500, 0.1180000000000000100, 0.5426959314294751400 ) ) ;
#329 = DIRECTION ( 'NONE',  ( 0.0000000000000000000, 1.000000000000000000, 0.0000000000000000000 ) ) ;
#330 = ORIENTED_EDGE ( 'NONE', *, *, #7147, .T. ) ;
#331 = CARTESIAN_POINT ( 'NONE',  ( 0.3460350995758387200, 0.0000000000000000000, -0.06034090313683913200 ) ) ;
#332 = DIRECTION ( 'NONE',  ( 0.0000000000000000000, -1.000000000000000000, 0.0000000000000000000 ) ) ;
#333 = FACE_OUTER_BOUND ( 'NONE', #3922, .T. ) ;
#334 =( BOUNDED_CURVE ( )  B_SPLINE_CURVE ( 3, ( #6687, #7183, #4292, #2014 ),
 .UNSPECIFIED., .F., .F. ) 
 B_SPLINE_CURVE_WITH_KNOTS ( ( 4, 4 ),
 ( 4.710859526395125800, 4.996054417688550400 ),
 .UNSPECIFIED. ) 
 CURVE ( )  GEOMETRIC_REPRESENTATION_ITEM ( )  RATIONAL_B_SPLINE_CURVE ( ( 1.000000000000000000, 0.9932334670729737700, 0.9932334670729737700, 1.000000000000000000 ) ) 
 REPRESENTATION_ITEM ( '' )  );
#335 = ORIENTED_EDGE ( 'NONE', *, *, #2882, .F. ) ;
#336 = COLOUR_RGB ( '',0.9372549019607843100, 0.9372549019607843100, 0.9372549019607843100 ) ;
#337 = CARTESIAN_POINT ( 'NONE',  ( -0.3250000000000000100, 0.2500000000000000600, 0.6550000000000000300 ) ) ;
#338 = LINE ( 'NONE', #1089, #5950 ) ;
#339 = CARTESIAN_POINT ( 'NONE',  ( -0.3451460955505734600, 0.2820000000000000300, -0.02866556363492562800 ) ) ;
#340 = DIRECTION ( 'NONE',  ( -0.0000000000000000000, -1.000000000000000000, -0.0000000000000000000 ) ) ;
#341 = LINE ( 'NONE', #1608, #3160 ) ;
#342 = ORIENTED_EDGE ( 'NONE', *, *, #5242, .F. ) ;
#343 = ADVANCED_FACE ( 'NONE', ( #3488 ), #7073, .F. ) ;
#344 = LINE ( 'NONE', #4159, #5479 ) ;
#345 = DIRECTION ( 'NONE',  ( -0.08682659386424765300, 0.9924325091389671900, -0.08682659386424780600 ) ) ;
#346 = CARTESIAN_POINT ( 'NONE',  ( 0.2287286865445905800, 0.05000000000000000300, -0.2602915020381992800 ) ) ;
#347 = ORIENTED_EDGE ( 'NONE', *, *, #6685, .T. ) ;
#348 = CARTESIAN_POINT ( 'NONE',  ( 0.3788322121522763600, 0.2635366807060744400, -0.05797526347565722800 ) ) ;
#349 = EDGE_LOOP ( 'NONE', ( #5949, #6885, #2107, #2581 ) ) ;
#350 = CARTESIAN_POINT ( 'NONE',  ( -0.02500000000000001200, 0.09369411930782842200, -0.3463706310144594700 ) ) ;
#351 = DIRECTION ( 'NONE',  ( 0.0000000000000000000, 0.9998476951563912700, 0.01745240643728355000 ) ) ;
#352 = ORIENTED_EDGE ( 'NONE', *, *, #3251, .T. ) ;
#353 = DIRECTION ( 'NONE',  ( -2.845674993400275900E-016, -0.0000000000000000000, 1.000000000000000000 ) ) ;
#354 = DIRECTION ( 'NONE',  ( 0.0000000000000000000, -1.000000000000000000, 0.0000000000000000000 ) ) ;
#355 = AXIS2_PLACEMENT_3D ( 'NONE', #6245, #2209, #3971 ) ;
#356 = CARTESIAN_POINT ( 'NONE',  ( -0.03594661290672004900, 0.3368904604964279600, -0.3642396173342561900 ) ) ;
#357 = VERTEX_POINT ( 'NONE', #5976 ) ;
#358 = DIRECTION ( 'NONE',  ( 1.000000000000000000, 0.0000000000000000000, 0.0000000000000000000 ) ) ;
#359 = ORIENTED_EDGE ( 'NONE', *, *, #1179, .T. ) ;
#360 = CARTESIAN_POINT ( 'NONE',  ( 0.2499923835978046200, 0.2500000000000000600, 0.6300000000000000000 ) ) ;
#361 = EDGE_CURVE ( 'NONE', #5114, #3752, #7496, .T. ) ;
#362 = EDGE_CURVE ( 'NONE', #3529, #316, #7569, .T. ) ;
#363 = CARTESIAN_POINT ( 'NONE',  ( -0.03866556363492566800, 0.2820000000000000300, 0.1465000000000002400 ) ) ;
#364 = DIRECTION ( 'NONE',  ( 0.1736481776669307200, 0.9848077530122080200, -0.0000000000000000000 ) ) ;
#365 = ORIENTED_EDGE ( 'NONE', *, *, #934, .F. ) ;
#366 = VERTEX_POINT ( 'NONE', #781 ) ;
#367 = CARTESIAN_POINT ( 'NONE',  ( 0.0000000000000000000, 0.2820000000000000300, 0.0000000000000000000 ) ) ;
#368 = ORIENTED_EDGE ( 'NONE', *, *, #315, .T. ) ;
#369 = DIRECTION ( 'NONE',  ( 0.0000000000000000000, 0.0000000000000000000, -1.000000000000000000 ) ) ;
#370 = EDGE_CURVE ( 'NONE', #4642, #4704, #571, .T. ) ;
#371 = EDGE_CURVE ( 'NONE', #1888, #6238, #6695, .T. ) ;
#372 = DIRECTION ( 'NONE',  ( 0.0000000000000000000, 1.000000000000000000, 0.0000000000000000000 ) ) ;
#373 = CARTESIAN_POINT ( 'NONE',  ( -0.03499999999999985100, 0.3520000000000000400, -0.2268626966596885800 ) ) ;
#374 = ORIENTED_EDGE ( 'NONE', *, *, #2171, .T. ) ;
#375 = DIRECTION ( 'NONE',  ( 0.01001028909004716300, -0.9998476951563911600, 0.01429617441086317900 ) ) ;
#376 = ORIENTED_EDGE ( 'NONE', *, *, #3104, .F. ) ;
#377 = ADVANCED_FACE ( 'NONE', ( #2127 ), #1326, .F. ) ;
#378 = DIRECTION ( 'NONE',  ( -0.8191520442889928000, -0.0000000000000000000, -0.5735764363510447200 ) ) ;
#379 = DIRECTION ( 'NONE',  ( 0.5735764363510480500, -0.0000000000000000000, 0.8191520442889902400 ) ) ;
#380 = DIRECTION ( 'NONE',  ( 0.9998476951563912700, 0.01745240643728355000, 8.788534660202170600E-017 ) ) ;
#381 = ORIENTED_EDGE ( 'NONE', *, *, #4771, .T. ) ;
#382 = CARTESIAN_POINT ( 'NONE',  ( -0.2537454433088401900, 0.07199999999999999500, -0.2891060010942235200 ) ) ;
#383 = CARTESIAN_POINT ( 'NONE',  ( 0.03500000000000044000, 0.3370000000000000800, -4.683827218866996400E-017 ) ) ;
#384 = ORIENTED_EDGE ( 'NONE', *, *, #1495, .T. ) ;
#385 = CARTESIAN_POINT ( 'NONE',  ( 0.04000000000000001500, 0.1050000000000000100, 0.6550000000000000300 ) ) ;
#386 = ADVANCED_FACE ( 'NONE', ( #2860 ), #1768, .F. ) ;
#387 = EDGE_CURVE ( 'NONE', #2873, #2938, #496, .T. ) ;
#388 = VECTOR ( 'NONE', #4934, 39.37007874015748100 ) ;
#389 = CARTESIAN_POINT ( 'NONE',  ( 0.1502013932409264900, 0.2258578421741405700, 0.6413855083707034100 ) ) ;
#390 = EDGE_LOOP ( 'NONE', ( #743 ) ) ;
#391 = DIRECTION ( 'NONE',  ( -1.000000000000000000, 1.067128122525103100E-016, 0.0000000000000000000 ) ) ;
#392 = DIRECTION ( 'NONE',  ( -0.0000000000000000000, 1.000000000000000000, -0.0000000000000000000 ) ) ;
#393 = LINE ( 'NONE', #2381, #4420 ) ;
#394 = LINE ( 'NONE', #7490, #4510 ) ;
#395 = AXIS2_PLACEMENT_3D ( 'NONE', #4297, #4197, #1392 ) ;
#396 = VERTEX_POINT ( 'NONE', #4225 ) ;
#397 = LINE ( 'NONE', #4584, #854 ) ;
#398 = CARTESIAN_POINT ( 'NONE',  ( -0.4008831163260881400, 0.0000000000000000000, 0.05294131171453580300 ) ) ;
#399 = DIRECTION ( 'NONE',  ( -1.000000000000000000, -0.0000000000000000000, -0.0000000000000000000 ) ) ;
#400 = CARTESIAN_POINT ( 'NONE',  ( 0.2626959314294751700, 0.1180000000000000100, 0.3957531754730548900 ) ) ;
#401 = EDGE_CURVE ( 'NONE', #5293, #3089, #6650, .T. ) ;
#402 = ORIENTED_EDGE ( 'NONE', *, *, #6601, .F. ) ;
#403 = VECTOR ( 'NONE', #5870, 39.37007874015748100 ) ;
#404 = LINE ( 'NONE', #6074, #7291 ) ;
#405 = EDGE_CURVE ( 'NONE', #4485, #2744, #6458, .T. ) ;
#406 = FACE_OUTER_BOUND ( 'NONE', #4957, .T. ) ;
#407 = DIRECTION ( 'NONE',  ( -0.9998476951563912700, 0.01745240643728355000, 0.0000000000000000000 ) ) ;
#408 = VERTEX_POINT ( 'NONE', #1810 ) ;
#409 = CARTESIAN_POINT ( 'NONE',  ( -0.3491060010942236300, 0.1180000000000000100, 0.02499999999999996300 ) ) ;
#410 = CARTESIAN_POINT ( 'NONE',  ( 0.2637956005199529300, 0.1809999999999999900, 0.3957531754730548900 ) ) ;
#411 = CARTESIAN_POINT ( 'NONE',  ( 0.2200251867739136100, 0.1809999999999999900, -0.2706423620336976800 ) ) ;
#412 = VERTEX_POINT ( 'NONE', #5955 ) ;
#413 = DIRECTION ( 'NONE',  ( 0.0000000000000000000, 0.0000000000000000000, 1.000000000000000000 ) ) ;
#414 = DIRECTION ( 'NONE',  ( 0.0000000000000000000, 1.000000000000000000, 0.0000000000000000000 ) ) ;
#415 = AXIS2_PLACEMENT_3D ( 'NONE', #3369, #1530, #5731 ) ;
#416 = ORIENTED_EDGE ( 'NONE', *, *, #3251, .F. ) ;
#417 = LINE ( 'NONE', #2784, #4709 ) ;
#418 = ORIENTED_EDGE ( 'NONE', *, *, #6754, .F. ) ;
#419 = CARTESIAN_POINT ( 'NONE',  ( 0.03500000000000013500, 0.3520000000000000400, -0.2268626966596886400 ) ) ;
#420 = EDGE_CURVE ( 'NONE', #927, #6099, #4503, .T. ) ;
#421 = ADVANCED_FACE ( 'NONE', ( #3684 ), #2404, .T. ) ;
#422 = VECTOR ( 'NONE', #2132, 39.37007874015748100 ) ;
#423 = LINE ( 'NONE', #6710, #5098 ) ;
#424 = ORIENTED_EDGE ( 'NONE', *, *, #7512, .F. ) ;
#425 = DIRECTION ( 'NONE',  ( 4.065249990571820900E-017, 1.000000000000000000, 0.0000000000000000000 ) ) ;
#426 = LINE ( 'NONE', #461, #1707 ) ;
#427 = LINE ( 'NONE', #799, #2700 ) ;
#428 = VERTEX_POINT ( 'NONE', #7622 ) ;
#429 = DIRECTION ( 'NONE',  ( -1.000000000000000000, 0.0000000000000000000, 0.0000000000000000000 ) ) ;
#430 = FACE_OUTER_BOUND ( 'NONE', #1285, .T. ) ;
#431 = VERTEX_POINT ( 'NONE', #5875 ) ;
#432 = CARTESIAN_POINT ( 'NONE',  ( 2.755455298081544200E-017, 0.1180000000000000100, 0.2249999999999999800 ) ) ;
#433 = CARTESIAN_POINT ( 'NONE',  ( 0.005000000000000005300, 0.2820000000000000300, -0.2667453213192256800 ) ) ;
#434 = CARTESIAN_POINT ( 'NONE',  ( 0.2891060010942235700, 0.1180000000000000100, -0.02499999999999996300 ) ) ;
#435 = DIRECTION ( 'NONE',  ( 0.0000000000000000000, -1.000000000000000000, 0.0000000000000000000 ) ) ;
#436 = B_SPLINE_CURVE_WITH_KNOTS ( 'NONE', 3,
 ( #2359, #6542, #3505, #644 ),
 .UNSPECIFIED., .F., .F.,
 ( 4, 4 ),
 ( 0.02889675694397222900, 0.03529874285437468300 ),
 .UNSPECIFIED. ) ;
#437 = LINE ( 'NONE', #4927, #4181 ) ;
#438 = CARTESIAN_POINT ( 'NONE',  ( -0.01499999999999992800, 0.1180000000000000100, 0.6049999999999998700 ) ) ;
#439 = VERTEX_POINT ( 'NONE', #1735 ) ;
#440 = EDGE_CURVE ( 'NONE', #2098, #6904, #5631, .T. ) ;
#441 = VERTEX_POINT ( 'NONE', #2336 ) ;
#442 = CARTESIAN_POINT ( 'NONE',  ( -0.03592893327070009700, 0.3310889027325693000, -0.3711876698035320200 ) ) ;
#443 = EDGE_LOOP ( 'NONE', ( #549, #359, #3020, #601 ) ) ;
#444 = CARTESIAN_POINT ( 'NONE',  ( 0.03642937695066864700, 0.2910208753488791000, -0.3790918118516011800 ) ) ;
#445 = CARTESIAN_POINT ( 'NONE',  ( 0.0000000000000000000, 0.2570000000000000600, 0.0000000000000000000 ) ) ;
#446 = ORIENTED_EDGE ( 'NONE', *, *, #4287, .T. ) ;
#447 = DIRECTION ( 'NONE',  ( 0.0000000000000000000, 0.0000000000000000000, 1.000000000000000000 ) ) ;
#448 = VERTEX_POINT ( 'NONE', #2309 ) ;
#449 =( BOUNDED_CURVE ( )  B_SPLINE_CURVE ( 3, ( #1881, #3145, #1921, #3735 ),
 .UNSPECIFIED., .F., .F. ) 
 B_SPLINE_CURVE_WITH_KNOTS ( ( 4, 4 ),
 ( 2.356346783439922100, 3.926838523739655300 ),
 .UNSPECIFIED. ) 
 CURVE ( )  GEOMETRIC_REPRESENTATION_ITEM ( )  RATIONAL_B_SPLINE_CURVE ( ( 1.000000000000000000, 0.8048096403827860200, 0.8048096403827860200, 1.000000000000000000 ) ) 
 REPRESENTATION_ITEM ( '' )  );
#450 = EDGE_CURVE ( 'NONE', #1367, #2327, #3124, .T. ) ;
#451 = CARTESIAN_POINT ( 'NONE',  ( 0.2715089870143564400, 0.05000000000000000300, 0.4257531754730548600 ) ) ;
#452 = EDGE_CURVE ( 'NONE', #3113, #7536, #6748, .T. ) ;
#453 = CARTESIAN_POINT ( 'NONE',  ( -0.2749999999999999100, 0.1809999999999999900, 0.4257531754730548600 ) ) ;
#454 = CARTESIAN_POINT ( 'NONE',  ( 0.02500000000000001500, 0.2263499752733202100, -0.2886931883770653700 ) ) ;
#455 = VERTEX_POINT ( 'NONE', #7153 ) ;
#456 = LINE ( 'NONE', #6575, #5315 ) ;
#457 = DIRECTION ( 'NONE',  ( -1.000000000000000000, 0.0000000000000000000, -5.691349986800544900E-016 ) ) ;
#458 = AXIS2_PLACEMENT_3D ( 'NONE', #6544, #7129, #6493 ) ;
#459 = EDGE_LOOP ( 'NONE', ( #7262, #7014, #2829, #1835 ) ) ;
#460 = ADVANCED_FACE ( 'NONE', ( #1942 ), #3775, .T. ) ;
#461 = CARTESIAN_POINT ( 'NONE',  ( -0.2207177771236144000, 0.1180000000000000100, -0.2716314835611117800 ) ) ;
#462 = CARTESIAN_POINT ( 'NONE',  ( -0.2537454433088401900, 0.07199999999999999500, 0.1465000000000002400 ) ) ;
#463 = ORIENTED_EDGE ( 'NONE', *, *, #1459, .F. ) ;
#464 = CARTESIAN_POINT ( 'NONE',  ( -0.3249999999999997900, 0.07199999999999999500, 0.5801317229986207000 ) ) ;
#465 = EDGE_CURVE ( 'NONE', #3089, #6638, #309, .T. ) ;
#466 = CARTESIAN_POINT ( 'NONE',  ( -0.3478985066683595900, 0.1809999999999999900, -0.02500000000000002200 ) ) ;
#467 = ORIENTED_EDGE ( 'NONE', *, *, #2450, .T. ) ;
#468 = EDGE_CURVE ( 'NONE', #4704, #7208, #3306, .T. ) ;
#469 = ADVANCED_FACE ( 'NONE', ( #5444 ), #4845, .F. ) ;
#470 = ORIENTED_EDGE ( 'NONE', *, *, #3870, .T. ) ;
#471 = DIRECTION ( 'NONE',  ( -0.1730072088098830200, 0.9811726379862915100, -0.08584148278562604700 ) ) ;
#472 = AXIS2_PLACEMENT_3D ( 'NONE', #3764, #329, #1509 ) ;
#473 = DIRECTION ( 'NONE',  ( 0.0000000000000000000, 1.000000000000000000, 0.0000000000000000000 ) ) ;
#474 = CARTESIAN_POINT ( 'NONE',  ( -0.2812567646748314600, 0.0000000000000000000, 0.1465000000000002100 ) ) ;
#475 = ORIENTED_EDGE ( 'NONE', *, *, #3889, .T. ) ;
#476 = CARTESIAN_POINT ( 'NONE',  ( -0.3451460955505734600, 0.2820000000000000300, 0.02866556363492573200 ) ) ;
#477 = ORIENTED_EDGE ( 'NONE', *, *, #405, .F. ) ;
#478 = CARTESIAN_POINT ( 'NONE',  ( 0.1433432259405413900, 0.05000000000000000300, -0.2483015122974954200 ) ) ;
#479 = DIRECTION ( 'NONE',  ( 0.0000000000000000000, 0.01745240643728355000, 0.9998476951563912700 ) ) ;
#480 = CARTESIAN_POINT ( 'NONE',  ( 0.04999999999999996100, 0.3257771225460537900, -0.3541920565964292700 ) ) ;
#481 = LINE ( 'NONE', #7289, #5901 ) ;
#482 = AXIS2_PLACEMENT_3D ( 'NONE', #4098, #5872, #5269 ) ;
#483 = ORIENTED_EDGE ( 'NONE', *, *, #468, .F. ) ;
#484 = DIRECTION ( 'NONE',  ( 1.000000000000000000, 0.0000000000000000000, -0.0000000000000000000 ) ) ;
#485 = DIRECTION ( 'NONE',  ( 1.000000000000000000, -0.0000000000000000000, 0.0000000000000000000 ) ) ;
#486 = CARTESIAN_POINT ( 'NONE',  ( 0.1488163490354233200, 0.2500000000000000600, 0.6550000000000000300 ) ) ;
#487 = FACE_OUTER_BOUND ( 'NONE', #1397, .T. ) ;
#488 = TOROIDAL_SURFACE ( 'NONE', #4398, 0.3425420490080857700, 0.01499999999999999900 ) ;
#489 = ORIENTED_EDGE ( 'NONE', *, *, #7494, .F. ) ;
#490 = CARTESIAN_POINT ( 'NONE',  ( 0.2293713832029894700, 0.1809999999999999900, -0.2627682239343677200 ) ) ;
#491 = EDGE_CURVE ( 'NONE', #5895, #3035, #954, .T. ) ;
#492 = CARTESIAN_POINT ( 'NONE',  ( 0.3422496488359760300, 0.1809999999999999900, -0.06725733278777658300 ) ) ;
#493 = ORIENTED_EDGE ( 'NONE', *, *, #6685, .F. ) ;
#494 = ADVANCED_FACE ( 'NONE', ( #6280 ), #6002, .F. ) ;
#495 = LINE ( 'NONE', #6794, #6559 ) ;
#496 = LINE ( 'NONE', #1611, #4602 ) ;
#497 = VECTOR ( 'NONE', #4018, 39.37007874015748100 ) ;
#498 = DIRECTION ( 'NONE',  ( 0.0000000000000000000, 1.000000000000000000, 0.0000000000000000000 ) ) ;
#499 = VERTEX_POINT ( 'NONE', #5469 ) ;
#500 = CARTESIAN_POINT ( 'NONE',  ( 0.3460350995758387200, 0.0000000000000000000, -0.06034090313683913200 ) ) ;
#501 = DIRECTION ( 'NONE',  ( -0.0000000000000000000, -0.0000000000000000000, -1.000000000000000000 ) ) ;
#502 = EDGE_LOOP ( 'NONE', ( #4888, #1243, #2953 ) ) ;
#503 = AXIS2_PLACEMENT_3D ( 'NONE', #1215, #5298, #2357 ) ;
#504 = ORIENTED_EDGE ( 'NONE', *, *, #6153, .T. ) ;
#505 = ADVANCED_FACE ( 'NONE', ( #4981 ), #1503, .F. ) ;
#506 = FACE_OUTER_BOUND ( 'NONE', #5706, .T. ) ;
#507 = VERTEX_POINT ( 'NONE', #5969 ) ;
#508 = CARTESIAN_POINT ( 'NONE',  ( 0.0000000000000000000, 0.1809999999999999900, 0.0000000000000000000 ) ) ;
#509 = TOROIDAL_SURFACE ( 'NONE', #1058, 0.3085281094319529700, 0.07499999999999999700 ) ;
#510 = EDGE_CURVE ( 'NONE', #2385, #7486, #6925, .T. ) ;
#511 = ORIENTED_EDGE ( 'NONE', *, *, #6037, .F. ) ;
#512 = CIRCLE ( 'NONE', #3642, 0.3465089870143565100 ) ;
#513 = ORIENTED_EDGE ( 'NONE', *, *, #5327, .T. ) ;
#514 = VECTOR ( 'NONE', #5339, 39.37007874015748100 ) ;
#515 = CARTESIAN_POINT ( 'NONE',  ( 0.02374323532516837600, 0.0000000000000000000, -0.3504533827859615500 ) ) ;
#516 = DIRECTION ( 'NONE',  ( 1.000000000000000000, 0.0000000000000000000, 0.0000000000000000000 ) ) ;
#517 = VECTOR ( 'NONE', #5572, 39.37007874015748900 ) ;
#518 = ORIENTED_EDGE ( 'NONE', *, *, #1316, .T. ) ;
#519 = LINE ( 'NONE', #5663, #686 ) ;
#520 = CARTESIAN_POINT ( 'NONE',  ( 0.0000000000000000000, 0.0000000000000000000, 0.6098463253555017600 ) ) ;
#521 = LENGTH_MEASURE_WITH_UNIT ( LENGTH_MEASURE( 0.02539999999999999900 ), #7300 );
#522 = DIRECTION ( 'NONE',  ( -0.0000000000000000000, -0.0000000000000000000, 1.000000000000000000 ) ) ;
#523 = CARTESIAN_POINT ( 'NONE',  ( 0.0000000000000000000, 0.0000000000000000000, 0.3187432353251682900 ) ) ;
#524 = EDGE_CURVE ( 'NONE', #2311, #85, #2305, .T. ) ;
#525 = DIRECTION ( 'NONE',  ( -0.01745240643728355000, -0.9998476951563912700, 0.0000000000000000000 ) ) ;
#526 = ORIENTED_EDGE ( 'NONE', *, *, #6121, .F. ) ;
#527 = EDGE_CURVE ( 'NONE', #1864, #187, #5557, .T. ) ;
#528 = DIRECTION ( 'NONE',  ( 1.652531661459115000E-016, -0.0000000000000000000, 1.000000000000000000 ) ) ;
#529 = VECTOR ( 'NONE', #4935, 39.37007874015748100 ) ;
#530 = DIRECTION ( 'NONE',  ( 0.0000000000000000000, -0.0000000000000000000, 1.000000000000000000 ) ) ;
#531 = EDGE_LOOP ( 'NONE', ( #3083, #3348, #6179, #2577 ) ) ;
#532 = DIRECTION ( 'NONE',  ( 0.0000000000000000000, 0.0000000000000000000, 1.000000000000000000 ) ) ;
#533 = PLANE ( 'NONE',  #3965 ) ;
#534 = ORIENTED_EDGE ( 'NONE', *, *, #3633, .F. ) ;
#535 = DIRECTION ( 'NONE',  ( -1.000000000000000000, -1.138269997360109700E-016, 2.201007254388587900E-016 ) ) ;
#536 = EDGE_CURVE ( 'NONE', #2628, #4116, #6364, .T. ) ;
#537 = ORIENTED_EDGE ( 'NONE', *, *, #4016, .F. ) ;
#538 = DIRECTION ( 'NONE',  ( 0.0000000000000000000, 0.0000000000000000000, -1.000000000000000000 ) ) ;
#539 = ADVANCED_FACE ( 'NONE', ( #7005 ), #133, .T. ) ;
#540 = ORIENTED_EDGE ( 'NONE', *, *, #4876, .F. ) ;
#541 = VERTEX_POINT ( 'NONE', #1916 ) ;
#542 = DIRECTION ( 'NONE',  ( -0.9998476951563912700, 0.01745240643728355000, 0.0000000000000000000 ) ) ;
#543 = ORIENTED_EDGE ( 'NONE', *, *, #1192, .F. ) ;
#544 = EDGE_CURVE ( 'NONE', #4015, #4754, #4691, .T. ) ;
#545 = CARTESIAN_POINT ( 'NONE',  ( -0.1863228996680423900, 0.07659781871941737100, -0.2223705871672040600 ) ) ;
#546 = ORIENTED_EDGE ( 'NONE', *, *, #7190, .F. ) ;
#547 = EDGE_CURVE ( 'NONE', #3552, #6119, #756, .T. ) ;
#548 = DIRECTION ( 'NONE',  ( 0.0000000000000000000, 1.000000000000000000, 0.0000000000000000000 ) ) ;
#549 = ORIENTED_EDGE ( 'NONE', *, *, #2543, .F. ) ;
#550 = AXIS2_PLACEMENT_3D ( 'NONE', #4194, #4847, #2448 ) ;
#551 = CARTESIAN_POINT ( 'NONE',  ( -0.02527088884912557000, 0.08751921177260610400, -0.2892268198676449200 ) ) ;
#552 = VERTEX_POINT ( 'NONE', #1366 ) ;
#553 = CARTESIAN_POINT ( 'NONE',  ( 0.3000000000000002100, 0.07199999999999999500, 0.6298463253555017800 ) ) ;
#554 = ORIENTED_EDGE ( 'NONE', *, *, #3493, .F. ) ;
#555 = EDGE_CURVE ( 'NONE', #5331, #833, #3218, .T. ) ;
#556 = CARTESIAN_POINT ( 'NONE',  ( -0.2450000000000000800, 0.2263499752733202100, 0.5445871872828417200 ) ) ;
#557 = ORIENTED_EDGE ( 'NONE', *, *, #143, .T. ) ;
#558 = DIRECTION ( 'NONE',  ( -0.0000000000000000000, -1.000000000000000000, -0.0000000000000000000 ) ) ;
#559 = ADVANCED_FACE ( 'NONE', ( #6830 ), #7562, .T. ) ;
#560 = VERTEX_POINT ( 'NONE', #5366 ) ;
#561 = CARTESIAN_POINT ( 'NONE',  ( 0.02999999999999999900, 0.02999999999999999200, -0.2541060010942235400 ) ) ;
#562 = CARTESIAN_POINT ( 'NONE',  ( -0.2537454433088418000, 0.0000000000000000000, 0.1464999999999987700 ) ) ;
#563 = VECTOR ( 'NONE', #3080, 39.37007874015748900 ) ;
#564 = DIRECTION ( 'NONE',  ( 0.0000000000000000000, 0.0000000000000000000, 1.000000000000000000 ) ) ;
#565 = FACE_OUTER_BOUND ( 'NONE', #5667, .T. ) ;
#566 = SHAPE_REPRESENTATION_RELATIONSHIP ( 'NONE' , 'NONE' ,  #4295, #5723 ) ;
#567 = ORIENTED_EDGE ( 'NONE', *, *, #2616, .T. ) ;
#568 = ADVANCED_FACE ( 'NONE', ( #2765 ), #3768, .T. ) ;
#569 = CARTESIAN_POINT ( 'NONE',  ( -0.2500000000000000600, 0.2500000000000000600, 0.6550000000000000300 ) ) ;
#570 = AXIS2_PLACEMENT_3D ( 'NONE', #1940, #2426, #200 ) ;
#571 = LINE ( 'NONE', #6516, #3856 ) ;
#572 = VECTOR ( 'NONE', #3153, 39.37007874015748100 ) ;
#573 = DIRECTION ( 'NONE',  ( 0.0000000000000000000, 0.0000000000000000000, -1.000000000000000000 ) ) ;
#574 = VERTEX_POINT ( 'NONE', #4944 ) ;
#575 = DIRECTION ( 'NONE',  ( 1.000000000000000000, -0.0000000000000000000, 0.0000000000000000000 ) ) ;
#576 = LINE ( 'NONE', #7587, #2574 ) ;
#577 = DIRECTION ( 'NONE',  ( -2.845241583315444700E-016, -0.01745240643728355000, 0.9998476951563912700 ) ) ;
#578 = ORIENTED_EDGE ( 'NONE', *, *, #2172, .F. ) ;
#579 = DIRECTION ( 'NONE',  ( 1.000000000000000000, 0.0000000000000000000, 0.0000000000000000000 ) ) ;
#580 = LINE ( 'NONE', #3000, #5640 ) ;
#581 = LINE ( 'NONE', #897, #1413 ) ;
#582 = CARTESIAN_POINT ( 'NONE',  ( 0.3659421544613723500, 0.07199999999999999500, -0.05464741154134426100 ) ) ;
#583 = CIRCLE ( 'NONE', #4567, 0.3085281094319529700 ) ;
#584 = ORIENTED_EDGE ( 'NONE', *, *, #2121, .T. ) ;
#585 = ORIENTED_EDGE ( 'NONE', *, *, #3135, .F. ) ;
#586 = LINE ( 'NONE', #434, #2050 ) ;
#587 = DIRECTION ( 'NONE',  ( -0.01745240643728355000, -0.9998476951563912700, 8.939497783182438100E-017 ) ) ;
#588 = LINE ( 'NONE', #3358, #1398 ) ;
#589 =( BOUNDED_CURVE ( )  B_SPLINE_CURVE ( 3, ( #7321, #2090, #4937, #5594 ),
 .UNSPECIFIED., .F., .F. ) 
 B_SPLINE_CURVE_WITH_KNOTS ( ( 4, 4 ),
 ( 4.712388980384688800, 6.283185307179586200 ),
 .UNSPECIFIED. ) 
 CURVE ( )  GEOMETRIC_REPRESENTATION_ITEM ( )  RATIONAL_B_SPLINE_CURVE ( ( 1.000000000000000000, 0.8047378541243648300, 0.8047378541243648300, 1.000000000000000000 ) ) 
 REPRESENTATION_ITEM ( '' )  );
#590 = CONICAL_SURFACE ( 'NONE', #1874, 0.3500000000000000300, 0.01745329251994333400 ) ;
#591 = ORIENTED_EDGE ( 'NONE', *, *, #1849, .F. ) ;
#592 = CARTESIAN_POINT ( 'NONE',  ( 0.02500000000000000100, 0.1809999999999999900, -0.3478985066683595900 ) ) ;
#593 = AXIS2_PLACEMENT_3D ( 'NONE', #4579, #1004, #2263 ) ;
#594 = VECTOR ( 'NONE', #5161, 39.37007874015748100 ) ;
#595 = ORIENTED_EDGE ( 'NONE', *, *, #2931, .F. ) ;
#597 = LINE ( 'NONE', #5820, #1972 ) ;
#596 = CARTESIAN_POINT ( 'NONE',  ( -0.3471343367359273100, 0.1373333331055414100, -0.02500000000000002200 ) ) ;
#598 = CARTESIAN_POINT ( 'NONE',  ( -0.2502853976431189700, 0.07199999999999999500, 0.6548463253555015800 ) ) ;
#599 = FACE_OUTER_BOUND ( 'NONE', #3660, .T. ) ;
#600 = CARTESIAN_POINT ( 'NONE',  ( -0.1899999999999998900, 0.07199999999999999500, 0.1465000000000002400 ) ) ;
#601 = ORIENTED_EDGE ( 'NONE', *, *, #6266, .T. ) ;
#602 = CARTESIAN_POINT ( 'NONE',  ( 0.2737087546562064800, 0.04206426764428967300, 0.6550000000000000300 ) ) ;
#603 = EDGE_CURVE ( 'NONE', #439, #1639, #3396, .T. ) ;
#604 = EDGE_CURVE ( 'NONE', #1297, #4272, #1218, .T. ) ;
#605 = CYLINDRICAL_SURFACE ( 'NONE', #1833, 0.05000000000000001000 ) ;
#606 = CARTESIAN_POINT ( 'NONE',  ( -0.2999999999999999900, -1.073003588511612000, 0.6300000000000000000 ) ) ;
#607 = ORIENTED_EDGE ( 'NONE', *, *, #1772, .F. ) ;
#608 = DIRECTION ( 'NONE',  ( -1.000000000000000000, 0.0000000000000000000, 0.0000000000000000000 ) ) ;
#609 = CARTESIAN_POINT ( 'NONE',  ( 0.3700559642610064500, 0.2269999956131152900, -0.06058941864303560300 ) ) ;
#610 = ADVANCED_FACE ( 'NONE', ( #2569 ), #5319, .T. ) ;
#611 = VECTOR ( 'NONE', #5306, 39.37007874015748900 ) ;
#612 = VERTEX_POINT ( 'NONE', #7348 ) ;
#613 = DIRECTION ( 'NONE',  ( 7.449581485985357300E-018, 0.9998476951563912700, -0.01745240643728355000 ) ) ;
#614 = ORIENTED_EDGE ( 'NONE', *, *, #3164, .F. ) ;
#615 = EDGE_CURVE ( 'NONE', #5902, #5902, #3943, .T. ) ;
#616 = ORIENTED_EDGE ( 'NONE', *, *, #4467, .T. ) ;
#617 = DIRECTION ( 'NONE',  ( 0.0000000000000000000, 0.0000000000000000000, 1.000000000000000000 ) ) ;
#618 = ORIENTED_EDGE ( 'NONE', *, *, #1315, .F. ) ;
#619 = CARTESIAN_POINT ( 'NONE',  ( 0.0000000000000000000, -0.2687005768508880500, 0.2249999999999999800 ) ) ;
#620 = ORIENTED_EDGE ( 'NONE', *, *, #671, .F. ) ;
#621 = CARTESIAN_POINT ( 'NONE',  ( 0.2500000000000002200, 0.07199999999999999500, 0.5798463253555017300 ) ) ;
#622 = CARTESIAN_POINT ( 'NONE',  ( 0.03642641708904169300, 0.2824301782026442700, -0.3798471765490986100 ) ) ;
#623 = DIRECTION ( 'NONE',  ( -8.540306051441714200E-017, -0.0000000000000000000, 1.000000000000000000 ) ) ;
#624 = ORIENTED_EDGE ( 'NONE', *, *, #2719, .T. ) ;
#625 = EDGE_CURVE ( 'NONE', #6986, #7380, #5346, .T. ) ;
#626 = FACE_OUTER_BOUND ( 'NONE', #6017, .T. ) ;
#627 = CARTESIAN_POINT ( 'NONE',  ( 0.2450000000000000500, 0.05000000000000000300, 0.5415089870143563500 ) ) ;
#628 = ORIENTED_EDGE ( 'NONE', *, *, #2097, .F. ) ;
#629 = CARTESIAN_POINT ( 'NONE',  ( 0.3138284188102001800, 0.1996917573039553000, 0.2295705705314504700 ) ) ;
#630 = ORIENTED_EDGE ( 'NONE', *, *, #6518, .T. ) ;
#631 = DIRECTION ( 'NONE',  ( -3.201384367575304700E-016, 0.0000000000000000000, 1.000000000000000000 ) ) ;
#632 = ADVANCED_FACE ( 'NONE', ( #17 ), #7371, .F. ) ;
#633 = AXIS2_PLACEMENT_3D ( 'NONE', #6429, #548, #6454 ) ;
#634 = ORIENTED_EDGE ( 'NONE', *, *, #143, .F. ) ;
#635 = DIRECTION ( 'NONE',  ( -0.0000000000000000000, -1.000000000000000000, -0.0000000000000000000 ) ) ;
#636 = DIRECTION ( 'NONE',  ( 1.000000000000000000, 0.0000000000000000000, 0.0000000000000000000 ) ) ;
#637 = CARTESIAN_POINT ( 'NONE',  ( 0.2249999999999999800, 0.2920000000000000400, 0.5225000000000000800 ) ) ;
#638 = DIRECTION ( 'NONE',  ( -4.614608097405848800E-017, 0.0000000000000000000, -1.000000000000000000 ) ) ;
#639 = EDGE_LOOP ( 'NONE', ( #224, #3866, #2055, #126 ) ) ;
#640 = EDGE_CURVE ( 'NONE', #6949, #4380, #2665, .T. ) ;
#641 = ADVANCED_FACE ( 'NONE', ( #1038, #6187 ), #5491, .F. ) ;
#642 = DIRECTION ( 'NONE',  ( 0.0000000000000000000, 0.0000000000000000000, 1.000000000000000000 ) ) ;
#643 = ORIENTED_EDGE ( 'NONE', *, *, #4894, .T. ) ;
#644 = CARTESIAN_POINT ( 'NONE',  ( 0.02866556363492573200, 0.2820000000000000300, -0.2906892406454049700 ) ) ;
#645 = ORIENTED_EDGE ( 'NONE', *, *, #1358, .T. ) ;
#646 = UNCERTAINTY_MEASURE_WITH_UNIT (LENGTH_MEASURE( 1.000000000000000100E-005 ), #1493, 'distance_accuracy_value', 'NONE');
#647 = CARTESIAN_POINT ( 'NONE',  ( 0.2987956005199529600, 0.1809999999999999900, 0.6092893218813451000 ) ) ;
#648 = AXIS2_PLACEMENT_3D ( 'NONE', #4765, #4716, #4146 ) ;
#649 = DIRECTION ( 'NONE',  ( 0.0000000000000000000, 0.0000000000000000000, -1.000000000000000000 ) ) ;
#650 = LINE ( 'NONE', #1521, #4125 ) ;
#651 = EDGE_CURVE ( 'NONE', #4976, #4911, #944, .T. ) ;
#652 = CARTESIAN_POINT ( 'NONE',  ( -0.1399999999999998700, 0.2999999999999999300, 0.6550000000000000300 ) ) ;
#653 = VERTEX_POINT ( 'NONE', #261 ) ;
#654 = EDGE_CURVE ( 'NONE', #6114, #396, #2564, .T. ) ;
#655 = DIRECTION ( 'NONE',  ( 1.000000000000000000, 0.0000000000000000000, -5.691349986800544900E-016 ) ) ;
#656 = B_SPLINE_CURVE_WITH_KNOTS ( 'NONE', 3,
 ( #4505, #3854, #2737, #6329 ),
 .UNSPECIFIED., .F., .F.,
 ( 4, 4 ),
 ( 0.0000000000000000000, 0.0003772399823476286700 ),
 .UNSPECIFIED. ) ;
#657 = LINE ( 'NONE', #3782, #2568 ) ;
#658 = LINE ( 'NONE', #5709, #1212 ) ;
#659 = DIRECTION ( 'NONE',  ( -1.000000000000000000, -0.0000000000000000000, 8.537024980200827700E-016 ) ) ;
#660 =( REPRESENTATION_RELATIONSHIP ('NONE','NONE', #6186, #4295 ) REPRESENTATION_RELATIONSHIP_WITH_TRANSFORMATION ( #244 )SHAPE_REPRESENTATION_RELATIONSHIP( ) );
#661 = ORIENTED_EDGE ( 'NONE', *, *, #1406, .T. ) ;
#662 = DIRECTION ( 'NONE',  ( -0.01745240643728355000, -0.9998476951563912700, 0.0000000000000000000 ) ) ;
#663 = DIRECTION ( 'NONE',  ( 1.000000000000000000, -0.0000000000000000000, -0.0000000000000000000 ) ) ;
#664 = ORIENTED_EDGE ( 'NONE', *, *, #6850, .F. ) ;
#665 = FACE_OUTER_BOUND ( 'NONE', #6378, .T. ) ;
#666 = LINE ( 'NONE', #4052, #3675 ) ;
#667 = LINE ( 'NONE', #438, #7480 ) ;
#668 = PLANE ( 'NONE',  #4430 ) ;
#669 = ORIENTED_EDGE ( 'NONE', *, *, #1932, .T. ) ;
#670 = CARTESIAN_POINT ( 'NONE',  ( -0.1744862124541296000, 0.2820000000000000300, -0.2991690215843311200 ) ) ;
#671 = EDGE_CURVE ( 'NONE', #439, #3287, #4597, .T. ) ;
#672 = ADVANCED_FACE ( 'NONE', ( #3584 ), #1853, .T. ) ;
#673 = B_SPLINE_CURVE_WITH_KNOTS ( 'NONE', 3,
 ( #3026, #629, #3565, #2437 ),
 .UNSPECIFIED., .F., .F.,
 ( 4, 4 ),
 ( 0.03249640501801303500, 0.03738198316773881000 ),
 .UNSPECIFIED. ) ;
#674 = CARTESIAN_POINT ( 'NONE',  ( -0.2799999999999999700, 0.0000000000000000000, 0.6098463253555017600 ) ) ;
#675 = VERTEX_POINT ( 'NONE', #985 ) ;
#676 = CARTESIAN_POINT ( 'NONE',  ( -0.02500000000000000100, 0.1050000000000000000, 0.6049999999999998700 ) ) ;
#677 = ORIENTED_EDGE ( 'NONE', *, *, #2084, .T. ) ;
#678 = CIRCLE ( 'NONE', #3835, 0.05000000000000001000 ) ;
#679 = EDGE_LOOP ( 'NONE', ( #2791, #4101, #6515, #4376 ) ) ;
#680 = DIRECTION ( 'NONE',  ( -0.02430276263610741200, 0.9996954598818874600, 0.004285232758499364800 ) ) ;
#681 = LINE ( 'NONE', #710, #7585 ) ;
#682 = CARTESIAN_POINT ( 'NONE',  ( -0.04999999999999987100, 0.3129444797875198200, -0.3552791788325433400 ) ) ;
#683 = DIRECTION ( 'NONE',  ( 0.0000000000000000000, 1.000000000000000000, 0.0000000000000000000 ) ) ;
#684 = ORIENTED_EDGE ( 'NONE', *, *, #1005, .F. ) ;
#685 = ADVANCED_FACE ( 'NONE', ( #5807, #5717 ), #1565, .T. ) ;
#686 = VECTOR ( 'NONE', #1457, 39.37007874015748100 ) ;
#687 = LINE ( 'NONE', #2269, #5651 ) ;
#688 = VERTEX_POINT ( 'NONE', #5076 ) ;
#689 = CARTESIAN_POINT ( 'NONE',  ( 2.755455298081544200E-017, 0.1180000000000000100, 0.2249999999999999800 ) ) ;
#690 = EDGE_CURVE ( 'NONE', #4491, #976, #7097, .T. ) ;
#691 = FACE_OUTER_BOUND ( 'NONE', #3155, .T. ) ;
#692 = DIRECTION ( 'NONE',  ( 0.0000000000000000000, 0.0000000000000000000, -1.000000000000000000 ) ) ;
#693 = VECTOR ( 'NONE', #4865, 39.37007874015748100 ) ;
#694 = EDGE_CURVE ( 'NONE', #5626, #4518, #7179, .T. ) ;
#695 = ORIENTED_EDGE ( 'NONE', *, *, #510, .T. ) ;
#696 = CARTESIAN_POINT ( 'NONE',  ( -0.3293637662320543800, 0.0000000000000000000, 0.2331844763272203900 ) ) ;
#697 = VECTOR ( 'NONE', #2614, 39.37007874015748100 ) ;
#698 = DIRECTION ( 'NONE',  ( 0.0000000000000000000, -0.0000000000000000000, 1.000000000000000000 ) ) ;
#699 = MECHANICAL_DESIGN_GEOMETRIC_PRESENTATION_REPRESENTATION (  '', ( #1926 ), #1489 ) ;
#700 = FACE_OUTER_BOUND ( 'NONE', #7638, .T. ) ;
#701 = CARTESIAN_POINT ( 'NONE',  ( 0.0000000000000000000, 0.1809999999999999900, 0.0000000000000000000 ) ) ;
#702 = ORIENTED_EDGE ( 'NONE', *, *, #6722, .T. ) ;
#703 = AXIS2_PLACEMENT_3D ( 'NONE', #6884, #5681, #6862 ) ;
#704 = CARTESIAN_POINT ( 'NONE',  ( 0.005831590369735507200, 0.07199999999999999500, -0.03525779572785414700 ) ) ;
#705 = CARTESIAN_POINT ( 'NONE',  ( -0.2812567646748315200, 0.0000000000000000000, 0.2697229598039777000 ) ) ;
#706 = EDGE_CURVE ( 'NONE', #166, #122, #6915, .T. ) ;
#707 = EDGE_CURVE ( 'NONE', #3666, #1015, #5437, .T. ) ;
#708 = LINE ( 'NONE', #6609, #5112 ) ;
#709 = ORIENTED_EDGE ( 'NONE', *, *, #3722, .T. ) ;
#710 = CARTESIAN_POINT ( 'NONE',  ( 0.02500000000000000500, 0.0000000000000000000, 0.6049999999999998700 ) ) ;
#711 = CARTESIAN_POINT ( 'NONE',  ( -0.2712597563090494700, 0.08408686612402098400, 0.6549999999999998000 ) ) ;
#712 = CARTESIAN_POINT ( 'NONE',  ( -0.04999999999999985000, 0.3272322826300855800, -0.3316654274566675500 ) ) ;
#713 = PRODUCT ( 'Housing', 'Housing', '', ( #7161 ) ) ;
#714 = AXIS2_PLACEMENT_3D ( 'NONE', #520, #7583, #7036 ) ;
#715 = ORIENTED_EDGE ( 'NONE', *, *, #527, .T. ) ;
#716 = CARTESIAN_POINT ( 'NONE',  ( 0.08499999999999993700, 0.1879115048814716500, 0.6065663178370366300 ) ) ;
#717 = EDGE_LOOP ( 'NONE', ( #6652, #2869, #2275, #5844 ) ) ;
#718 = CARTESIAN_POINT ( 'NONE',  ( -0.2146054624722689200, 0.2273969601743952300, 0.3957531754730548900 ) ) ;
#719 = DIRECTION ( 'NONE',  ( 0.0000000000000000000, 0.0000000000000000000, 1.000000000000000000 ) ) ;
#720 = SURFACE_STYLE_USAGE ( .BOTH. , #6555 ) ;
#721 = CARTESIAN_POINT ( 'NONE',  ( 0.2722711914643436400, 0.09366666369456522200, 0.2155591548088931800 ) ) ;
#722 = VERTEX_POINT ( 'NONE', #7425 ) ;
#723 = CARTESIAN_POINT ( 'NONE',  ( 0.0000000000000000000, 0.0000000000000000000, 0.0000000000000000000 ) ) ;
#724 = AXIS2_PLACEMENT_3D ( 'NONE', #1967, #6081, #2538 ) ;
#725 = ORIENTED_EDGE ( 'NONE', *, *, #2866, .F. ) ;
#726 = ADVANCED_FACE ( 'NONE', ( #750 ), #488, .T. ) ;
#727 = DIRECTION ( 'NONE',  ( 1.000000000000000000, -0.0000000000000000000, -0.0000000000000000000 ) ) ;
#728 = ORIENTED_EDGE ( 'NONE', *, *, #6836, .T. ) ;
#729 = VERTEX_POINT ( 'NONE', #1007 ) ;
#730 = CARTESIAN_POINT ( 'NONE',  ( 1.704198014989538900E-018, 0.04391583284401729500, -0.2541060010942235400 ) ) ;
#731 = EDGE_LOOP ( 'NONE', ( #2168, #37, #5016, #105 ) ) ;
#732 = CARTESIAN_POINT ( 'NONE',  ( 0.1788485674067546700, 0.1591803929592583400, -0.2990083949411657700 ) ) ;
#733 = EDGE_LOOP ( 'NONE', ( #6939, #5725, #4676, #4, #6359, #6499, #2496, #3668, #7392, #3888, #352 ) ) ;
#734 = CARTESIAN_POINT ( 'NONE',  ( -0.2450000000000000800, 0.2263427696005390100, 0.5449999999999998200 ) ) ;
#735 = EDGE_LOOP ( 'NONE', ( #6755, #6327, #7059, #2147 ) ) ;
#736 = AXIS2_PLACEMENT_3D ( 'NONE', #6828, #1542, #3280 ) ;
#737 = DIRECTION ( 'NONE',  ( 0.0000000000000000000, 0.0000000000000000000, 1.000000000000000000 ) ) ;
#738 = CARTESIAN_POINT ( 'NONE',  ( 0.005000000000000005300, 0.03000000000000000600, -0.2667453213192256800 ) ) ;
#739 = DIRECTION ( 'NONE',  ( 1.000000000000000000, 0.0000000000000000000, 0.0000000000000000000 ) ) ;
#740 = CARTESIAN_POINT ( 'NONE',  ( -0.2249999999999999800, 0.2920000000000000400, 0.5225000000000000800 ) ) ;
#741 = CARTESIAN_POINT ( 'NONE',  ( 0.2150000000000001100, 0.1180000000000000100, 0.5426959314294751400 ) ) ;
#742 = ORIENTED_EDGE ( 'NONE', *, *, #245, .T. ) ;
#743 = ORIENTED_EDGE ( 'NONE', *, *, #2745, .F. ) ;
#744 = EDGE_CURVE ( 'NONE', #1069, #3435, #1124, .T. ) ;
#745 = EDGE_CURVE ( 'NONE', #455, #6114, #1672, .T. ) ;
#746 = FILL_AREA_STYLE ('',( #1945 ) ) ;
#747 = CARTESIAN_POINT ( 'NONE',  ( -0.2709039263038345300, 0.0000000000000000000, 0.6098463253555017600 ) ) ;
#748 = DIRECTION ( 'NONE',  ( 0.9998476951563912700, -0.01745240643728355000, 2.845241583315444700E-016 ) ) ;
#749 = LINE ( 'NONE', #5446, #2389 ) ;
#750 = FACE_OUTER_BOUND ( 'NONE', #1846, .T. ) ;
#751 = CARTESIAN_POINT ( 'NONE',  ( 0.02231656006532032500, 0.04085787398452387500, -0.2541060010942235400 ) ) ;
#752 = AXIS2_PLACEMENT_3D ( 'NONE', #5316, #7618, #617 ) ;
#753 = ORIENTED_EDGE ( 'NONE', *, *, #1447, .F. ) ;
#754 = AXIS2_PLACEMENT_3D ( 'NONE', #1214, #2376, #3557 ) ;
#755 = CARTESIAN_POINT ( 'NONE',  ( -0.03643966433890004400, 0.3209055722269995000, -0.3764641157718292000 ) ) ;
#756 = CIRCLE ( 'NONE', #7567, 0.01500000000000001200 ) ;
#757 = CARTESIAN_POINT ( 'NONE',  ( -0.3659421544613724600, 0.07199999999999999500, 0.05464741154134431600 ) ) ;
#758 = ADVANCED_FACE ( 'NONE', ( #6356 ), #4453, .T. ) ;
#759 = LINE ( 'NONE', #2102, #2766 ) ;
#760 = ORIENTED_EDGE ( 'NONE', *, *, #5783, .F. ) ;
#761 = EDGE_CURVE ( 'NONE', #1855, #2327, #2213, .T. ) ;
#762 = EDGE_CURVE ( 'NONE', #396, #6537, #1403, .T. ) ;
#763 = LINE ( 'NONE', #4564, #4141 ) ;
#764 = CARTESIAN_POINT ( 'NONE',  ( -0.3279016016141767500, 0.1809999999999999900, -0.02500000000000002900 ) ) ;
#765 = ORIENTED_EDGE ( 'NONE', *, *, #3249, .T. ) ;
#766 = CARTESIAN_POINT ( 'NONE',  ( 0.2854404374592978100, 0.2820000000000000300, 0.02866556363492564500 ) ) ;
#767 = PLANE ( 'NONE',  #1959 ) ;
#768 = FACE_OUTER_BOUND ( 'NONE', #5801, .T. ) ;
#769 = ORIENTED_EDGE ( 'NONE', *, *, #1090, .T. ) ;
#770 = FACE_OUTER_BOUND ( 'NONE', #1106, .T. ) ;
#771 = DIRECTION ( 'NONE',  ( 0.01745240643728355000, 0.9998476951563912700, 0.0000000000000000000 ) ) ;
#772 = VERTEX_POINT ( 'NONE', #127 ) ;
#773 = CARTESIAN_POINT ( 'NONE',  ( 0.2583726193404443600, 0.2820000000000000300, 0.6039140142027947800 ) ) ;
#774 = VERTEX_POINT ( 'NONE', #3085 ) ;
#775 = CARTESIAN_POINT ( 'NONE',  ( -0.3457638769268273100, 0.01451310827524015900, 0.06042160539401652400 ) ) ;
#776 = VERTEX_POINT ( 'NONE', #6686 ) ;
#777 = DIRECTION ( 'NONE',  ( -0.01745240643728355000, 0.9998476951563912700, 0.0000000000000000000 ) ) ;
#778 = EDGE_LOOP ( 'NONE', ( #2841, #3810, #2738, #2138 ) ) ;
#779 = EDGE_CURVE ( 'NONE', #2181, #2018, #7471, .T. ) ;
#780 = CARTESIAN_POINT ( 'NONE',  ( -0.3293637662320544300, 0.0000000000000000000, 0.3036133101074091100 ) ) ;
#781 = CARTESIAN_POINT ( 'NONE',  ( 0.2252743047917210000, -5.959665188788292200E-019, -0.2695047352653321400 ) ) ;
#782 = FACE_OUTER_BOUND ( 'NONE', #502, .T. ) ;
#783 = DIRECTION ( 'NONE',  ( -0.0000000000000000000, -0.0000000000000000000, 1.000000000000000000 ) ) ;
#784 = ORIENTED_EDGE ( 'NONE', *, *, #779, .F. ) ;
#785 = LINE ( 'NONE', #7599, #6030 ) ;
#786 = VECTOR ( 'NONE', #3140, 39.37007874015748900 ) ;
#787 = DIRECTION ( 'NONE',  ( 2.845674993400272500E-016, 0.0000000000000000000, -1.000000000000000000 ) ) ;
#788 = CARTESIAN_POINT ( 'NONE',  ( -0.2335281094319527900, 0.3320000000000000200, 0.5633744347874545300 ) ) ;
#789 = DIRECTION ( 'NONE',  ( 0.0000000000000000000, 1.000000000000000000, 0.0000000000000000000 ) ) ;
#790 = FACE_OUTER_BOUND ( 'NONE', #5809, .T. ) ;
#791 = ORIENTED_EDGE ( 'NONE', *, *, #2219, .T. ) ;
#792 = EDGE_CURVE ( 'NONE', #2826, #357, #5531, .T. ) ;
#793 = CARTESIAN_POINT ( 'NONE',  ( 0.1859945601934938100, 0.0000000000000000000, -0.2242326928598733500 ) ) ;
#794 = DIRECTION ( 'NONE',  ( -1.000000000000000000, 0.0000000000000000000, -0.0000000000000000000 ) ) ;
#795 = EDGE_CURVE ( 'NONE', #6882, #2726, #2390, .T. ) ;
#796 = LINE ( 'NONE', #2925, #6605 ) ;
#797 = DIRECTION ( 'NONE',  ( 0.1736481776669307200, -0.9848077530122080200, -0.0000000000000000000 ) ) ;
#798 = VERTEX_POINT ( 'NONE', #1345 ) ;
#799 = CARTESIAN_POINT ( 'NONE',  ( 0.1962991837738668200, 0.0000000000000000000, 0.1465000000000002400 ) ) ;
#800 = ORIENTED_EDGE ( 'NONE', *, *, #6561, .T. ) ;
#801 = ADVANCED_FACE ( 'NONE', ( #4032 ), #4268, .F. ) ;
#802 = DIRECTION ( 'NONE',  ( 0.0000000000000000000, 0.0000000000000000000, 1.000000000000000000 ) ) ;
#803 = AXIS2_PLACEMENT_3D ( 'NONE', #5021, #354, #3276 ) ;
#804 = CARTESIAN_POINT ( 'NONE',  ( -0.2562605722959218600, 0.0000000000000000000, 0.6098463253555017600 ) ) ;
#805 = DIRECTION ( 'NONE',  ( -0.08682659386424783400, 0.9924325091389670800, -0.08682659386424772300 ) ) ;
#806 = ORIENTED_EDGE ( 'NONE', *, *, #6465, .F. ) ;
#807 = EDGE_CURVE ( 'NONE', #6023, #3230, #7374, .T. ) ;
#808 = VERTEX_POINT ( 'NONE', #793 ) ;
#809 = DIRECTION ( 'NONE',  ( -0.0000000000000000000, -1.000000000000000000, -0.0000000000000000000 ) ) ;
#810 = VERTEX_POINT ( 'NONE', #229 ) ;
#811 = CARTESIAN_POINT ( 'NONE',  ( 0.1683411797564763100, 0.04999999999999998200, -0.2307977565957595500 ) ) ;
#812 = DIRECTION ( 'NONE',  ( -0.01001028909004718500, -0.9998476951563911600, 0.01429617441086315100 ) ) ;
#813 = CARTESIAN_POINT ( 'NONE',  ( 0.2043516383247747100, 0.1179999999999999800, -0.2558629371825560400 ) ) ;
#814 = ORIENTED_EDGE ( 'NONE', *, *, #527, .F. ) ;
#815 = DIRECTION ( 'NONE',  ( 1.000000000000000000, -0.0000000000000000000, -0.0000000000000000000 ) ) ;
#816 = ORIENTED_EDGE ( 'NONE', *, *, #4727, .F. ) ;
#817 = DIRECTION ( 'NONE',  ( 0.0000000000000000000, -1.000000000000000000, 0.0000000000000000000 ) ) ;
#818 = DIRECTION ( 'NONE',  ( 0.0000000000000000000, 0.0000000000000000000, -1.000000000000000000 ) ) ;
#819 = CARTESIAN_POINT ( 'NONE',  ( 0.0000000000000000000, 0.1809999999999999900, 0.0000000000000000000 ) ) ;
#820 = ORIENTED_EDGE ( 'NONE', *, *, #6407, .T. ) ;
#821 = EDGE_CURVE ( 'NONE', #4231, #3150, #112, .T. ) ;
#822 = ORIENTED_EDGE ( 'NONE', *, *, #2533, .T. ) ;
#823 = DIRECTION ( 'NONE',  ( 0.0000000000000000000, 0.0000000000000000000, -1.000000000000000000 ) ) ;
#824 =( BOUNDED_CURVE ( )  B_SPLINE_CURVE ( 3, ( #4012, #1091, #1577, #2161 ),
 .UNSPECIFIED., .F., .F. ) 
 B_SPLINE_CURVE_WITH_KNOTS ( ( 4, 4 ),
 ( 5.248094587762389000, 5.258785554789458400 ),
 .UNSPECIFIED. ) 
 CURVE ( )  GEOMETRIC_REPRESENTATION_ITEM ( )  RATIONAL_B_SPLINE_CURVE ( ( 1.000000000000000000, 0.9999904752913488800, 0.9999904752913488800, 1.000000000000000000 ) ) 
 REPRESENTATION_ITEM ( '' )  );
#825 = ORIENTED_EDGE ( 'NONE', *, *, #3887, .T. ) ;
#826 = ORIENTED_EDGE ( 'NONE', *, *, #5232, .T. ) ;
#827 = CARTESIAN_POINT ( 'NONE',  ( -0.02231656006532032800, 0.04085787398452390300, -0.2987391212248641800 ) ) ;
#828 = DIRECTION ( 'NONE',  ( 1.000000000000000000, -0.0000000000000000000, -0.0000000000000000000 ) ) ;
#829 = CARTESIAN_POINT ( 'NONE',  ( -0.03972480828062278200, 0.2707805945099606700, -0.3805561399972989800 ) ) ;
#830 = ORIENTED_EDGE ( 'NONE', *, *, #272, .T. ) ;
#831 = DIRECTION ( 'NONE',  ( 0.0000000000000000000, -1.000000000000000000, 0.0000000000000000000 ) ) ;
#832 = EDGE_CURVE ( 'NONE', #6050, #5883, #2478, .T. ) ;
#833 = VERTEX_POINT ( 'NONE', #766 ) ;
#834 = CARTESIAN_POINT ( 'NONE',  ( 0.2396241570371524000, 0.2635366807060743900, -0.2990906877578994300 ) ) ;
#835 = ADVANCED_FACE ( 'NONE', ( #7280 ), #847, .T. ) ;
#836 = EDGE_CURVE ( 'NONE', #6621, #2201, #1494, .T. ) ;
#837 = CARTESIAN_POINT ( 'NONE',  ( -0.04999999999999984300, 0.3477824913575907600, -0.3497494871780880700 ) ) ;
#838 = DIRECTION ( 'NONE',  ( -1.000000000000000000, -0.0000000000000000000, -0.0000000000000000000 ) ) ;
#839 = VECTOR ( 'NONE', #3305, 39.37007874015748100 ) ;
#840 = AXIS2_PLACEMENT_3D ( 'NONE', #4624, #4726, #2952 ) ;
#841 = CARTESIAN_POINT ( 'NONE',  ( -0.1773306820098119700, 0.07199999999999999500, 0.6298463253555016700 ) ) ;
#842 = CARTESIAN_POINT ( 'NONE',  ( -0.1859945601934940300, 0.0000000000000000000, -0.2242326928598732400 ) ) ;
#843 = ORIENTED_EDGE ( 'NONE', *, *, #2254, .F. ) ;
#844 = CARTESIAN_POINT ( 'NONE',  ( -0.04999999999999985700, 0.3315776601479832300, -0.3472448635581436000 ) ) ;
#845 = AXIS2_PLACEMENT_3D ( 'NONE', #2274, #5209, #6423 ) ;
#846 = CARTESIAN_POINT ( 'NONE',  ( 0.0000000000000000000, 0.05000000000000001000, -0.2856149881085800500 ) ) ;
#847 = CYLINDRICAL_SURFACE ( 'NONE', #4495, 0.01500000000000001200 ) ;
#848 = EDGE_CURVE ( 'NONE', #3043, #7344, #5909, .T. ) ;
#849 = EDGE_CURVE ( 'NONE', #2527, #1872, #4412, .T. ) ;
#850 = FACE_OUTER_BOUND ( 'NONE', #163, .T. ) ;
#851 = CARTESIAN_POINT ( 'NONE',  ( -0.2537454433088418000, 0.2500000000000000600, 0.1464999999999987700 ) ) ;
#852 = ORIENTED_EDGE ( 'NONE', *, *, #6582, .F. ) ;
#853 = DIRECTION ( 'NONE',  ( -0.9998476951563912700, -0.01745240643728355000, 0.0000000000000000000 ) ) ;
#854 = VECTOR ( 'NONE', #1697, 39.37007874015748100 ) ;
#855 = DIRECTION ( 'NONE',  ( 0.0000000000000000000, -0.0000000000000000000, 1.000000000000000000 ) ) ;
#856 = ORIENTED_EDGE ( 'NONE', *, *, #4528, .T. ) ;
#857 = CIRCLE ( 'NONE', #3908, 0.3700000000000000000 ) ;
#858 = CARTESIAN_POINT ( 'NONE',  ( -0.1454799724234460700, 0.06647211939933908600, -0.2511848781925817800 ) ) ;
#859 = AXIS2_PLACEMENT_3D ( 'NONE', #3360, #4555, #7467 ) ;
#860 = VECTOR ( 'NONE', #797, 39.37007874015748100 ) ;
#861 = AXIS2_PLACEMENT_3D ( 'NONE', #4390, #3252, #6783 ) ;
#862 = FACE_OUTER_BOUND ( 'NONE', #7211, .T. ) ;
#863 = ORIENTED_EDGE ( 'NONE', *, *, #5404, .F. ) ;
#864 = CARTESIAN_POINT ( 'NONE',  ( 0.0000000000000000000, 0.2820000000000000300, 0.0000000000000000000 ) ) ;
#865 = CARTESIAN_POINT ( 'NONE',  ( -0.1328628599279781700, 0.0000000000000000000, 0.2311428961215430100 ) ) ;
#866 = ORIENTED_EDGE ( 'NONE', *, *, #6772, .T. ) ;
#867 = ORIENTED_EDGE ( 'NONE', *, *, #452, .F. ) ;
#868 = PRODUCT_DEFINITION_SHAPE ( 'NONE', 'NONE',  #5117 ) ;
#869 = FACE_OUTER_BOUND ( 'NONE', #5696, .T. ) ;
#870 = CARTESIAN_POINT ( 'NONE',  ( -0.03596529558218181800, 0.3426911111617383400, -0.3572906540167195000 ) ) ;
#871 = VERTEX_POINT ( 'NONE', #2444 ) ;
#872 = CARTESIAN_POINT ( 'NONE',  ( 0.02500000000000001500, 0.1180000000000000100, -0.2868019325236987900 ) ) ;
#873 = AXIS2_PLACEMENT_3D ( 'NONE', #2454, #6000, #7104 ) ;
#874 = VECTOR ( 'NONE', #6563, 39.37007874015748100 ) ;
#875 = CARTESIAN_POINT ( 'NONE',  ( -0.03499999999999985100, 0.3520000000000000400, -0.2268626966596885800 ) ) ;
#876 = DIRECTION ( 'NONE',  ( 0.0000000000000000000, -1.000000000000000000, 0.0000000000000000000 ) ) ;
#877 = ORIENTED_EDGE ( 'NONE', *, *, #4770, .F. ) ;
#878 = DIRECTION ( 'NONE',  ( -0.0000000000000000000, -0.0000000000000000000, 1.000000000000000000 ) ) ;
#879 = SPHERICAL_SURFACE ( 'NONE', #6274, 0.07499999999999999700 ) ;
#880 = CARTESIAN_POINT ( 'NONE',  ( 0.2694287613614167500, 0.2820000000000000300, 0.6006722048499375500 ) ) ;
#881 = EDGE_LOOP ( 'NONE', ( #6021, #3308, #2736, #6094 ) ) ;
#882 = ADVANCED_FACE ( 'NONE', ( #3031 ), #2466, .F. ) ;
#883 = LINE ( 'NONE', #7170, #3616 ) ;
#884 = CARTESIAN_POINT ( 'NONE',  ( -0.02500000000000000100, 0.1050000000000000000, 0.6550000000000000300 ) ) ;
#885 = LINE ( 'NONE', #3654, #1258 ) ;
#886 = ORIENTED_EDGE ( 'NONE', *, *, #1347, .T. ) ;
#887 = PLANE ( 'NONE',  #5715 ) ;
#888 = EDGE_CURVE ( 'NONE', #4465, #3171, #3136, .T. ) ;
#889 = CARTESIAN_POINT ( 'NONE',  ( -0.2626959314294751700, 0.1180000000000000100, 0.0000000000000000000 ) ) ;
#890 = VECTOR ( 'NONE', #6509, 39.37007874015748100 ) ;
#891 = VECTOR ( 'NONE', #6522, 39.37007874015748100 ) ;
#892 = CARTESIAN_POINT ( 'NONE',  ( -0.03499999999999985800, 0.3195982360857846900, -0.3615907086703890000 ) ) ;
#893 = CIRCLE ( 'NONE', #62, 0.09209524616950490200 ) ;
#894 = VERTEX_POINT ( 'NONE', #841 ) ;
#895 = DIRECTION ( 'NONE',  ( 0.0000000000000000000, 0.0000000000000000000, 1.000000000000000000 ) ) ;
#896 = CARTESIAN_POINT ( 'NONE',  ( 0.1402404538561414500, 0.2820000000000000300, -0.2502610097032431100 ) ) ;
#897 = CARTESIAN_POINT ( 'NONE',  ( -2.869314347734657100E-017, 0.2520000000000000000, 0.5654476489935909000 ) ) ;
#898 = EDGE_LOOP ( 'NONE', ( #5342, #4897, #1802, #3853 ) ) ;
#899 = DIRECTION ( 'NONE',  ( -0.0000000000000000000, -0.0000000000000000000, -1.000000000000000000 ) ) ;
#900 = CARTESIAN_POINT ( 'NONE',  ( -0.2150000000000001100, 0.2263427696005390100, 0.6049999999999998700 ) ) ;
#901 = AXIS2_PLACEMENT_3D ( 'NONE', #7255, #4303, #4260 ) ;
#902 = AXIS2_PLACEMENT_3D ( 'NONE', #6815, #853, #3832 ) ;
#903 = B_SPLINE_CURVE_WITH_KNOTS ( 'NONE', 3,
 ( #6872, #7456, #1599, #4486, #7535, #6307, #476 ),
 .UNSPECIFIED., .F., .F.,
 ( 4, 3, 4 ),
 ( 0.01080996487825408800, 0.01439196348578491600, 0.01797512406340657700 ),
 .UNSPECIFIED. ) ;
#904 = LINE ( 'NONE', #5435, #3894 ) ;
#905 = DIRECTION ( 'NONE',  ( 0.0000000000000000000, 1.000000000000000000, 0.0000000000000000000 ) ) ;
#906 = VERTEX_POINT ( 'NONE', #4916 ) ;
#907 = CARTESIAN_POINT ( 'NONE',  ( 0.2118329358674950500, 0.04999999999999998200, -0.2589426152309647900 ) ) ;
#908 = CARTESIAN_POINT ( 'NONE',  ( 0.2792861670642594100, 0.2500000000000000600, 0.6300000000000000000 ) ) ;
#909 = EDGE_CURVE ( 'NONE', #4650, #30, #4226, .T. ) ;
#910 = DIRECTION ( 'NONE',  ( 0.0000000000000000000, 1.000000000000000000, 0.0000000000000000000 ) ) ;
#911 = ORIENTED_EDGE ( 'NONE', *, *, #2616, .F. ) ;
#912 = ORIENTED_EDGE ( 'NONE', *, *, #3648, .T. ) ;
#913 = AXIS2_PLACEMENT_3D ( 'NONE', #6372, #6914, #6967 ) ;
#914 = AXIS2_PLACEMENT_3D ( 'NONE', #7088, #4761, #4679 ) ;
#915 = DIRECTION ( 'NONE',  ( -1.000000000000000000, 0.0000000000000000000, 0.0000000000000000000 ) ) ;
#916 = ORIENTED_EDGE ( 'NONE', *, *, #6666, .T. ) ;
#917 = DIRECTION ( 'NONE',  ( -1.000000000000000000, 0.0000000000000000000, 0.0000000000000000000 ) ) ;
#918 = VERTEX_POINT ( 'NONE', #5537 ) ;
#919 = SHAPE_REPRESENTATION ( 'cover rev_D', ( #3669 ), #2202 ) ;
#920 = EDGE_CURVE ( 'NONE', #6887, #1602, #3760, .T. ) ;
#921 = EDGE_CURVE ( 'NONE', #2999, #2201, #4773, .T. ) ;
#922 = CARTESIAN_POINT ( 'NONE',  ( 0.04999999999999998200, 0.2985705858202180600, -0.3680953541798697200 ) ) ;
#923 = CARTESIAN_POINT ( 'NONE',  ( 0.3478985066683595900, 0.1809999999999999900, -0.02499999999999992200 ) ) ;
#924 = ORIENTED_EDGE ( 'NONE', *, *, #7359, .T. ) ;
#925 = CARTESIAN_POINT ( 'NONE',  ( -0.1609829107043071700, 0.1810000000000000800, 0.6300000000000000000 ) ) ;
#926 = PLANE ( 'NONE',  #6527 ) ;
#927 = VERTEX_POINT ( 'NONE', #1446 ) ;
#928 = ADVANCED_FACE ( 'NONE', ( #3025, #4875 ), #7395, .T. ) ;
#929 = CARTESIAN_POINT ( 'NONE',  ( 0.2737956005199528900, 0.1809999999999999900, -2.406628666183100400E-017 ) ) ;
#930 = VERTEX_POINT ( 'NONE', #2599 ) ;
#931 = CARTESIAN_POINT ( 'NONE',  ( 0.0000000000000000000, 0.2220000000000000000, 0.2249999999999999800 ) ) ;
#932 = CARTESIAN_POINT ( 'NONE',  ( 0.06511197681263260200, 0.0000000000000000000, -0.3088755889814158700 ) ) ;
#933 = ORIENTED_EDGE ( 'NONE', *, *, #3048, .T. ) ;
#934 = EDGE_CURVE ( 'NONE', #4193, #2974, #1935, .T. ) ;
#935 = ORIENTED_EDGE ( 'NONE', *, *, #2085, .F. ) ;
#936 = CARTESIAN_POINT ( 'NONE',  ( -0.01499999999999992800, 0.2263427696005390100, 0.6049999999999998700 ) ) ;
#937 = DIRECTION ( 'NONE',  ( -0.0000000000000000000, -0.0000000000000000000, 1.000000000000000000 ) ) ;
#938 = ORIENTED_EDGE ( 'NONE', *, *, #2850, .T. ) ;
#939 = CARTESIAN_POINT ( 'NONE',  ( -0.1499999999999998600, 0.2269999999999999500, 0.6298463253555016700 ) ) ;
#940 = ORIENTED_EDGE ( 'NONE', *, *, #3393, .T. ) ;
#941 = DIRECTION ( 'NONE',  ( 5.691349986800544900E-016, 0.0000000000000000000, -1.000000000000000000 ) ) ;
#942 = LINE ( 'NONE', #7577, #2852 ) ;
#943 = EDGE_CURVE ( 'NONE', #3707, #232, #2015, .T. ) ;
#944 = LINE ( 'NONE', #2539, #4972 ) ;
#945 = CARTESIAN_POINT ( 'NONE',  ( 0.1716273806595561600, 0.2820000000000000300, 0.5502169413402260300 ) ) ;
#946 = VECTOR ( 'NONE', #2294, 39.37007874015748100 ) ;
#947 = ORIENTED_EDGE ( 'NONE', *, *, #6535, .T. ) ;
#948 = EDGE_CURVE ( 'NONE', #5904, #1602, #3484, .T. ) ;
#949 = CARTESIAN_POINT ( 'NONE',  ( 0.0000000000000000000, 0.0000000000000000000, 0.6098463253555017600 ) ) ;
#950 = AXIS2_PLACEMENT_3D ( 'NONE', #274, #2027, #322 ) ;
#951 = CARTESIAN_POINT ( 'NONE',  ( -0.03594661314943645900, 0.3368905400587972100, -0.3642395220488718900 ) ) ;
#952 = CARTESIAN_POINT ( 'NONE',  ( -0.1874458878495774700, 0.1180000000000000100, -0.2677004711043815500 ) ) ;
#953 = LINE ( 'NONE', #5702, #1766 ) ;
#954 = LINE ( 'NONE', #5398, #3040 ) ;
#955 = FACE_OUTER_BOUND ( 'NONE', #2752, .T. ) ;
#956 = CARTESIAN_POINT ( 'NONE',  ( -0.1609829107043072600, 0.1809999999999999900, 0.6049999999999998700 ) ) ;
#957 = VERTEX_POINT ( 'NONE', #1410 ) ;
#958 = SURFACE_STYLE_USAGE ( .BOTH. , #5005 ) ;
#959 = EDGE_CURVE ( 'NONE', #455, #2522, #4740, .T. ) ;
#960 = ORIENTED_EDGE ( 'NONE', *, *, #4924, .T. ) ;
#961 = ADVANCED_FACE ( 'NONE', ( #2384 ), #4591, .F. ) ;
#962 = VECTOR ( 'NONE', #4958, 39.37007874015748900 ) ;
#963 = FACE_OUTER_BOUND ( 'NONE', #5188, .T. ) ;
#964 = EDGE_LOOP ( 'NONE', ( #1477, #3106, #4494, #1706 ) ) ;
#965 = DIRECTION ( 'NONE',  ( 0.0000000000000000000, 1.000000000000000000, 0.0000000000000000000 ) ) ;
#966 = CARTESIAN_POINT ( 'NONE',  ( 0.03592893327070020200, 0.3310889027325693000, -0.3711876698035319600 ) ) ;
#967 = ORIENTED_EDGE ( 'NONE', *, *, #4439, .T. ) ;
#968 = LINE ( 'NONE', #2709, #5461 ) ;
#969 = DIRECTION ( 'NONE',  ( 0.0000000000000000000, 1.000000000000000000, 0.0000000000000000000 ) ) ;
#970 = CARTESIAN_POINT ( 'NONE',  ( 0.03643966433890015500, 0.3209055722269995000, -0.3764641157718292000 ) ) ;
#971 = ORIENTED_EDGE ( 'NONE', *, *, #1680, .F. ) ;
#972 = DIRECTION ( 'NONE',  ( -0.01745240643728355000, 0.9998476951563912700, 0.0000000000000000000 ) ) ;
#973 = DIRECTION ( 'NONE',  ( 0.0000000000000000000, 0.0000000000000000000, -1.000000000000000000 ) ) ;
#974 = FACE_BOUND ( 'NONE', #2257, .T. ) ;
#975 = LINE ( 'NONE', #6112, #7032 ) ;
#976 = VERTEX_POINT ( 'NONE', #5616 ) ;
#977 = LINE ( 'NONE', #6408, #7310 ) ;
#978 = CARTESIAN_POINT ( 'NONE',  ( -0.1669670867423536700, 0.1180000000000000100, -0.2820398820131569400 ) ) ;
#979 = LINE ( 'NONE', #2497, #150 ) ;
#980 = ORIENTED_EDGE ( 'NONE', *, *, #2946, .F. ) ;
#981 = AXIS2_PLACEMENT_3D ( 'NONE', #4423, #5514, #6712 ) ;
#982 = CARTESIAN_POINT ( 'NONE',  ( 0.2508486603761399000, 0.05902519679530311000, 0.5806949857316412400 ) ) ;
#983 = CARTESIAN_POINT ( 'NONE',  ( 0.02500000000000001500, 0.2263427696005390100, -0.2891060010942235200 ) ) ;
#984 = VECTOR ( 'NONE', #3690, 39.37007874015747400 ) ;
#985 = CARTESIAN_POINT ( 'NONE',  ( 0.3250000000000000100, 0.2500000000000000600, 0.5799999999999999600 ) ) ;
#986 = DIRECTION ( 'NONE',  ( 1.000000000000000000, 0.0000000000000000000, 0.0000000000000000000 ) ) ;
#987 = VERTEX_POINT ( 'NONE', #306 ) ;
#988 = CARTESIAN_POINT ( 'NONE',  ( 0.2204611221601862900, 0.0000000000000000000, -0.2734560446318592400 ) ) ;
#989 = CARTESIAN_POINT ( 'NONE',  ( 0.03499999999999997600, 0.3520000000000000400, -0.3443909339078701800 ) ) ;
#990 = ORIENTED_EDGE ( 'NONE', *, *, #2982, .T. ) ;
#991 = ORIENTED_EDGE ( 'NONE', *, *, #6199, .T. ) ;
#992 = PLANE ( 'NONE',  #1305 ) ;
#993 = CARTESIAN_POINT ( 'NONE',  ( 0.0000000000000000000, 0.0000000000000000000, 0.6098463253555017600 ) ) ;
#994 = CARTESIAN_POINT ( 'NONE',  ( 0.08499999999999995100, 0.2520000000000000600, 0.5654476489935909000 ) ) ;
#995 = ORIENTED_EDGE ( 'NONE', *, *, #4526, .F. ) ;
#996 = DIRECTION ( 'NONE',  ( 0.0000000000000000000, 0.0000000000000000000, -1.000000000000000000 ) ) ;
#997 = PLANE ( 'NONE',  #3044 ) ;
#998 = ADVANCED_FACE ( 'NONE', ( #7552 ), #2072, .T. ) ;
#999 = CARTESIAN_POINT ( 'NONE',  ( -0.2537454433088418000, 0.2500000000000000600, 0.1464999999999987700 ) ) ;
#1000 = ORIENTED_EDGE ( 'NONE', *, *, #6059, .T. ) ;
#1001 = CARTESIAN_POINT ( 'NONE',  ( 0.1962991837738668200, 0.0000000000000000000, 0.5748887444545366400 ) ) ;
#1002 = ORIENTED_EDGE ( 'NONE', *, *, #491, .T. ) ;
#1003 = DIRECTION ( 'NONE',  ( 0.0000000000000000000, 0.0000000000000000000, 1.000000000000000000 ) ) ;
#1004 = DIRECTION ( 'NONE',  ( 0.0000000000000000000, 1.000000000000000000, 0.0000000000000000000 ) ) ;
#1005 = EDGE_CURVE ( 'NONE', #4352, #140, #481, .T. ) ;
#1006 = EDGE_CURVE ( 'NONE', #2996, #5057, #650, .T. ) ;
#1007 = CARTESIAN_POINT ( 'NONE',  ( -0.1843008281549908800, 0.05000000000000000300, -0.2196226904799430900 ) ) ;
#1008 = CARTESIAN_POINT ( 'NONE',  ( 0.03598517392554471900, 0.3484906666467847400, -0.3503406067289228100 ) ) ;
#1009 = VERTEX_POINT ( 'NONE', #907 ) ;
#1010 = CARTESIAN_POINT ( 'NONE',  ( -0.1488163490354231200, 0.2500000000000000600, 0.6049999999999998700 ) ) ;
#1011 = ORIENTED_EDGE ( 'NONE', *, *, #6807, .F. ) ;
#1012 = AXIS2_PLACEMENT_3D ( 'NONE', #175, #5563, #2483 ) ;
#1013 = DIRECTION ( 'NONE',  ( -0.0000000000000000000, -1.000000000000000000, -0.0000000000000000000 ) ) ;
#1014 = CARTESIAN_POINT ( 'NONE',  ( -0.2564647338801477900, 0.2601927694011367300, 0.6049656891773552700 ) ) ;
#1015 = VERTEX_POINT ( 'NONE', #4525 ) ;
#1016 = CARTESIAN_POINT ( 'NONE',  ( -0.2537454433088418000, 0.0000000000000000000, 0.1464999999999987700 ) ) ;
#1017 = EDGE_CURVE ( 'NONE', #871, #1009, #1845, .T. ) ;
#1018 = DIRECTION ( 'NONE',  ( -0.5735764363510479400, 0.0000000000000000000, 0.8191520442889902400 ) ) ;
#1019 = DIRECTION ( 'NONE',  ( -0.01745240643728355000, 0.9998476951563912700, 0.0000000000000000000 ) ) ;
#1020 = ORIENTED_EDGE ( 'NONE', *, *, #7616, .T. ) ;
#1021 = CARTESIAN_POINT ( 'NONE',  ( 0.04999999999999995400, 0.3048033090764977200, -0.3628911249742817200 ) ) ;
#1022 = ORIENTED_EDGE ( 'NONE', *, *, #1104, .F. ) ;
#1023 = DIRECTION ( 'NONE',  ( 2.664535259100376100E-015, 0.0000000000000000000, 1.000000000000000000 ) ) ;
#1024 = CARTESIAN_POINT ( 'NONE',  ( 0.2240101507053132700, 0.2820000000000000300, -0.2641344244760542900 ) ) ;
#1025 = ORIENTED_EDGE ( 'NONE', *, *, #1868, .T. ) ;
#1026 = DIRECTION ( 'NONE',  ( 0.08682659386424786100, -0.9924325091389670800, 0.08682659386424777800 ) ) ;
#1027 = ORIENTED_EDGE ( 'NONE', *, *, #6984, .T. ) ;
#1028 = CARTESIAN_POINT ( 'NONE',  ( -0.2335281094319527900, 0.2570000000000000600, 0.5633744347874545300 ) ) ;
#1029 = EDGE_CURVE ( 'NONE', #6640, #266, #2026, .T. ) ;
#1030 = FACE_OUTER_BOUND ( 'NONE', #2910, .T. ) ;
#1031 = VECTOR ( 'NONE', #2169, 39.37007874015748100 ) ;
#1032 = ADVANCED_FACE ( 'NONE', ( #7092 ), #6451, .T. ) ;
#1033 = EDGE_LOOP ( 'NONE', ( #3797 ) ) ;
#1034 = DIRECTION ( 'NONE',  ( -1.000000000000000000, 0.0000000000000000000, -0.0000000000000000000 ) ) ;
#1035 = DIRECTION ( 'NONE',  ( -1.338236348247696500E-015, 0.0000000000000000000, -1.000000000000000000 ) ) ;
#1036 = CIRCLE ( 'NONE', #5986, 0.07499999999999995600 ) ;
#1037 = PLANE ( 'NONE',  #913 ) ;
#1038 = FACE_BOUND ( 'NONE', #155, .T. ) ;
#1039 = FACE_BOUND ( 'NONE', #4138, .T. ) ;
#1040 = AXIS2_PLACEMENT_3D ( 'NONE', #6176, #6720, #4951 ) ;
#1041 = ORIENTED_EDGE ( 'NONE', *, *, #4924, .F. ) ;
#1042 = VECTOR ( 'NONE', #5863, 39.37007874015748100 ) ;
#1043 = DIRECTION ( 'NONE',  ( 0.0000000000000000000, -0.0000000000000000000, 1.000000000000000000 ) ) ;
#1044 = DIRECTION ( 'NONE',  ( 0.0000000000000000000, -1.000000000000000000, 0.0000000000000000000 ) ) ;
#1045 = ORIENTED_EDGE ( 'NONE', *, *, #1005, .T. ) ;
#1046 = LINE ( 'NONE', #1198, #7290 ) ;
#1047 = ORIENTED_EDGE ( 'NONE', *, *, #2556, .F. ) ;
#1048 = EDGE_CURVE ( 'NONE', #1997, #239, #1228, .T. ) ;
#1049 = LINE ( 'NONE', #3508, #497 ) ;
#1050 = PLANE ( 'NONE',  #4915 ) ;
#1051 = ORIENTED_EDGE ( 'NONE', *, *, #1381, .F. ) ;
#1052 = CARTESIAN_POINT ( 'NONE',  ( -0.2214491225586207600, 0.2820000000000000300, -0.2662852379129015400 ) ) ;
#1053 = DIRECTION ( 'NONE',  ( 0.0000000000000000000, 1.000000000000000000, 0.0000000000000000000 ) ) ;
#1054 = ORIENTED_EDGE ( 'NONE', *, *, #654, .F. ) ;
#1055 = ORIENTED_EDGE ( 'NONE', *, *, #3351, .T. ) ;
#1056 = FACE_OUTER_BOUND ( 'NONE', #3179, .T. ) ;
#1057 = DIRECTION ( 'NONE',  ( -0.0000000000000000000, -1.000000000000000000, -0.0000000000000000000 ) ) ;
#1058 = AXIS2_PLACEMENT_3D ( 'NONE', #1248, #29, #60 ) ;
#1059 = CIRCLE ( 'NONE', #4388, 0.07852810943195293000 ) ;
#1060 = ORIENTED_EDGE ( 'NONE', *, *, #275, .T. ) ;
#1061 = EDGE_CURVE ( 'NONE', #6956, #4640, #6825, .T. ) ;
#1062 = FACE_OUTER_BOUND ( 'NONE', #6259, .T. ) ;
#1063 = VERTEX_POINT ( 'NONE', #3337 ) ;
#1064 = CARTESIAN_POINT ( 'NONE',  ( -0.08500000000000008900, 0.2520000000000000000, 0.5654476489935909000 ) ) ;
#1065 = VECTOR ( 'NONE', #3588, 39.37007874015748100 ) ;
#1066 = EDGE_CURVE ( 'NONE', #4530, #4424, #4311, .T. ) ;
#1067 = CARTESIAN_POINT ( 'NONE',  ( -0.3291060010942237800, 0.2500000000000000600, 0.02499999999999996700 ) ) ;
#1068 = FACE_OUTER_BOUND ( 'NONE', #4019, .T. ) ;
#1069 = VERTEX_POINT ( 'NONE', #410 ) ;
#1070 = CIRCLE ( 'NONE', #4977, 0.1476182597392326500 ) ;
#1071 = VERTEX_POINT ( 'NONE', #3917 ) ;
#1072 = CARTESIAN_POINT ( 'NONE',  ( -0.3293637662320544300, 0.0000000000000000000, 0.5799999999999999600 ) ) ;
#1073 = VECTOR ( 'NONE', #369, 39.37007874015748100 ) ;
#1074 = ADVANCED_FACE ( 'NONE', ( #5521 ), #5698, .T. ) ;
#1075 = LINE ( 'NONE', #6177, #3804 ) ;
#1076 = CARTESIAN_POINT ( 'NONE',  ( 0.2150000000000001400, 0.1180000000000000100, 0.6049999999999998700 ) ) ;
#1077 = ORIENTED_EDGE ( 'NONE', *, *, #3872, .T. ) ;
#1078 = EDGE_CURVE ( 'NONE', #113, #113, #3935, .T. ) ;
#1079 = ORIENTED_EDGE ( 'NONE', *, *, #2796, .T. ) ;
#1080 = CARTESIAN_POINT ( 'NONE',  ( -0.1499999999999998600, 0.2270000000000000100, 0.6058840256167963300 ) ) ;
#1081 = VECTOR ( 'NONE', #812, 39.37007874015748900 ) ;
#1082 = VERTEX_POINT ( 'NONE', #6249 ) ;
#1083 = DIRECTION ( 'NONE',  ( 0.0000000000000000000, 1.000000000000000000, 0.0000000000000000000 ) ) ;
#1084 = DIRECTION ( 'NONE',  ( 0.0000000000000000000, 0.0000000000000000000, -1.000000000000000000 ) ) ;
#1085 = ORIENTED_EDGE ( 'NONE', *, *, #2158, .T. ) ;
#1086 = DIRECTION ( 'NONE',  ( 0.0000000000000000000, 0.0000000000000000000, -1.000000000000000000 ) ) ;
#1087 = VERTEX_POINT ( 'NONE', #6829 ) ;
#1088 = EDGE_CURVE ( 'NONE', #3097, #4650, #6907, .T. ) ;
#1089 = CARTESIAN_POINT ( 'NONE',  ( 0.3279016016141767500, 0.1809999999999999900, 0.0000000000000000000 ) ) ;
#1090 = EDGE_CURVE ( 'NONE', #7466, #2534, #2560, .T. ) ;
#1091 = CARTESIAN_POINT ( 'NONE',  ( 0.2047413720326325400, 0.1390673498627151300, -0.2560389605343201800 ) ) ;
#1092 = CARTESIAN_POINT ( 'NONE',  ( -0.3082427117888338300, 0.2635366807060744400, 0.2855339979331544300 ) ) ;
#1093 = ORIENTED_EDGE ( 'NONE', *, *, #5921, .T. ) ;
#1094 = AXIS2_PLACEMENT_3D ( 'NONE', #3270, #6747, #2126 ) ;
#1095 = EDGE_LOOP ( 'NONE', ( #3258 ) ) ;
#1096 = DIRECTION ( 'NONE',  ( -0.0000000000000000000, -0.9998476951563912700, -0.01745240643728355000 ) ) ;
#1097 = CARTESIAN_POINT ( 'NONE',  ( -0.2249999999999999800, 0.2920000000000000400, 0.3775000000000000000 ) ) ;
#1098 = PLANE ( 'NONE',  #859 ) ;
#1099 = AXIS2_PLACEMENT_3D ( 'NONE', #7341, #4367, #1538 ) ;
#1100 = ORIENTED_EDGE ( 'NONE', *, *, #2352, .F. ) ;
#1101 = CARTESIAN_POINT ( 'NONE',  ( 0.1999999999999999600, 0.1200000000000000000, 0.3802779494575575500 ) ) ;
#1102 = EDGE_CURVE ( 'NONE', #2980, #5556, #1794, .T. ) ;
#1103 = EDGE_LOOP ( 'NONE', ( #248, #543, #3261, #537 ) ) ;
#1104 = EDGE_CURVE ( 'NONE', #3428, #5303, #6732, .T. ) ;
#1105 = CARTESIAN_POINT ( 'NONE',  ( -0.03499999999999985100, 0.3370000000000000800, -0.3407492558152663800 ) ) ;
#1106 = EDGE_LOOP ( 'NONE', ( #3720, #67, #800, #2787 ) ) ;
#1107 = DIRECTION ( 'NONE',  ( -1.000000000000000000, 0.0000000000000000000, 0.0000000000000000000 ) ) ;
#1108 = AXIS2_PLACEMENT_3D ( 'NONE', #2857, #1694, #1107 ) ;
#1109 = DIRECTION ( 'NONE',  ( -0.9998476951563912700, 0.01745240643728380700, 0.0000000000000000000 ) ) ;
#1110 = CARTESIAN_POINT ( 'NONE',  ( -0.2537454433088401900, 0.07199999999999999500, 0.5685895606806701300 ) ) ;
#1111 = CARTESIAN_POINT ( 'NONE',  ( 0.2537454433088416300, 0.1809999999999999900, -0.1464999999999987700 ) ) ;
#1112 = ORIENTED_EDGE ( 'NONE', *, *, #160, .F. ) ;
#1113 = ORIENTED_EDGE ( 'NONE', *, *, #2719, .F. ) ;
#1114 = CARTESIAN_POINT ( 'NONE',  ( 0.02348145505224578600, 0.2820000000000000300, 0.01644189183571486200 ) ) ;
#1115 = DIRECTION ( 'NONE',  ( 7.317449983029280900E-016, 0.0000000000000000000, 1.000000000000000000 ) ) ;
#1116 = CARTESIAN_POINT ( 'NONE',  ( 0.0000000000000000000, 0.02999999999999999900, 0.0000000000000000000 ) ) ;
#1117 = ORIENTED_EDGE ( 'NONE', *, *, #6935, .F. ) ;
#1118 = AXIS2_PLACEMENT_3D ( 'NONE', #931, #2604, #2565 ) ;
#1119 = DIRECTION ( 'NONE',  ( 0.0000000000000000000, -1.000000000000000000, 0.0000000000000000000 ) ) ;
#1120 = ORIENTED_EDGE ( 'NONE', *, *, #4366, .T. ) ;
#1121 = CARTESIAN_POINT ( 'NONE',  ( 0.005000000000000005300, 0.07199999999993737800, -0.2667453213192256800 ) ) ;
#1122 = DIRECTION ( 'NONE',  ( -0.0000000000000000000, -1.000000000000000000, -0.0000000000000000000 ) ) ;
#1123 = CIRCLE ( 'NONE', #6131, 0.3832427117888339000 ) ;
#1124 = LINE ( 'NONE', #1548, #3210 ) ;
#1125 = ORIENTED_EDGE ( 'NONE', *, *, #888, .F. ) ;
#1126 = DIRECTION ( 'NONE',  ( -0.9998476951563912700, 0.01745240643728379300, 0.0000000000000000000 ) ) ;
#1127 = DIRECTION ( 'NONE',  ( -0.0000000000000000000, -0.0000000000000000000, 1.000000000000000000 ) ) ;
#1128 = VECTOR ( 'NONE', #1948, 39.37007874015748100 ) ;
#1129 = VECTOR ( 'NONE', #7021, 39.37007874015748900 ) ;
#1130 = SPHERICAL_SURFACE ( 'NONE', #633, 0.01499999999999999900 ) ;
#1131 = DIRECTION ( 'NONE',  ( 0.0000000000000000000, -1.000000000000000000, 0.0000000000000000000 ) ) ;
#1132 = DIRECTION ( 'NONE',  ( 0.0000000000000000000, -0.08715574274765837400, -0.9961946980917455500 ) ) ;
#1133 = ORIENTED_EDGE ( 'NONE', *, *, #6737, .T. ) ;
#1134 = DIRECTION ( 'NONE',  ( 0.0000000000000000000, 0.0000000000000000000, 1.000000000000000000 ) ) ;
#1135 = LINE ( 'NONE', #4006, #6092 ) ;
#1136 = EDGE_LOOP ( 'NONE', ( #6665 ) ) ;
#1137 = LINE ( 'NONE', #5490, #1953 ) ;
#1138 = VECTOR ( 'NONE', #613, 39.37007874015748100 ) ;
#1139 = PLANE ( 'NONE',  #2993 ) ;
#1140 = DIRECTION ( 'NONE',  ( 0.0000000000000000000, 1.000000000000000000, 0.0000000000000000000 ) ) ;
#1141 = ORIENTED_EDGE ( 'NONE', *, *, #1726, .T. ) ;
#1142 = DIRECTION ( 'NONE',  ( 0.0000000000000000000, 1.000000000000000000, 0.0000000000000000000 ) ) ;
#1143 = ADVANCED_FACE ( 'NONE', ( #290 ), #7426, .T. ) ;
#1144 = DIRECTION ( 'NONE',  ( -0.0000000000000000000, -0.0000000000000000000, 1.000000000000000000 ) ) ;
#1145 = EDGE_CURVE ( 'NONE', #4698, #1152, #3389, .T. ) ;
#1146 = ORIENTED_EDGE ( 'NONE', *, *, #1145, .F. ) ;
#1147 = EDGE_CURVE ( 'NONE', #2744, #3903, #3204, .T. ) ;
#1148 = CARTESIAN_POINT ( 'NONE',  ( -0.2450000000000000800, 0.1180000000000000100, 0.5449999999999998200 ) ) ;
#1149 = DIRECTION ( 'NONE',  ( 0.8191520442889913500, -0.0000000000000000000, -0.5735764363510464900 ) ) ;
#1150 = EDGE_LOOP ( 'NONE', ( #5802, #5924, #6173, #463 ) ) ;
#1151 = COLOUR_RGB ( '',0.9372549019607843100, 0.9372549019607843100, 0.9372549019607843100 ) ;
#1152 = VERTEX_POINT ( 'NONE', #4454 ) ;
#1153 = DIRECTION ( 'NONE',  ( 0.5735764363510443800, -0.0000000000000000000, -0.8191520442889929100 ) ) ;
#1154 = VECTOR ( 'NONE', #5120, 39.37007874015748100 ) ;
#1155 = DIRECTION ( 'NONE',  ( -0.0000000000000000000, -0.9998476951563912700, -0.01745240643728355000 ) ) ;
#1156 = AXIS2_PLACEMENT_3D ( 'NONE', #314, #6835, #7372 ) ;
#1157 = EDGE_LOOP ( 'NONE', ( #2406, #5356, #5055, #1472 ) ) ;
#1158 = ADVANCED_FACE ( 'NONE', ( #6353 ), #2119, .F. ) ;
#1159 = FACE_OUTER_BOUND ( 'NONE', #5487, .T. ) ;
#1160 = VECTOR ( 'NONE', #7402, 39.37007874015748100 ) ;
#1161 = EDGE_LOOP ( 'NONE', ( #1930, #4265, #1693, #3081, #6097, #5786, #6978, #1323, #546, #3535, #374, #6335, #5261, #2237, #3801, #6727, #2881, #2949, #7627, #1312, #933, #4556, #3016, #1786, #5135, #7586, #3898, #1674 ) ) ;
#1162 = CARTESIAN_POINT ( 'NONE',  ( -0.04000000000000000800, 0.1050000000000000000, 0.6049999999999998700 ) ) ;
#1163 = CIRCLE ( 'NONE', #6231, 0.1437956005199531600 ) ;
#1164 = CARTESIAN_POINT ( 'NONE',  ( 0.2737956005199529400, 0.1809999999999999900, 0.3957531754730548900 ) ) ;
#1165 = CARTESIAN_POINT ( 'NONE',  ( 0.0000000000000000000, 0.2820000000000000300, 0.3736655636349257600 ) ) ;
#1166 = CYLINDRICAL_SURFACE ( 'NONE', #3334, 0.01500000000000001200 ) ;
#1167 = EDGE_CURVE ( 'NONE', #2479, #2479, #4683, .T. ) ;
#1168 = DIRECTION ( 'NONE',  ( 0.0000000000000000000, 0.0000000000000000000, 1.000000000000000000 ) ) ;
#1169 = ORIENTED_EDGE ( 'NONE', *, *, #4314, .T. ) ;
#1170 = EDGE_CURVE ( 'NONE', #5362, #7001, #1488, .T. ) ;
#1171 = CARTESIAN_POINT ( 'NONE',  ( -0.3249999999999997900, 0.2269999999999999200, 0.6412855825089833800 ) ) ;
#1172 = VECTOR ( 'NONE', #1818, 39.37007874015748100 ) ;
#1173 = CARTESIAN_POINT ( 'NONE',  ( -0.02784504478149195000, 0.2349925063694673100, -0.3460375863540456900 ) ) ;
#1174 = DIRECTION ( 'NONE',  ( 0.0000000000000000000, 0.0000000000000000000, 1.000000000000000000 ) ) ;
#1175 = VERTEX_POINT ( 'NONE', #6322 ) ;
#1176 = CARTESIAN_POINT ( 'NONE',  ( 0.1900000000000002500, 0.07199999999999999500, 0.1465000000000002400 ) ) ;
#1177 = ORIENTED_EDGE ( 'NONE', *, *, #491, .F. ) ;
#1178 = DIRECTION ( 'NONE',  ( 2.048885995248196900E-015, 0.0000000000000000000, -1.000000000000000000 ) ) ;
#1179 = EDGE_CURVE ( 'NONE', #1152, #3336, #104, .T. ) ;
#1180 = ORIENTED_EDGE ( 'NONE', *, *, #6039, .T. ) ;
#1181 = DIRECTION ( 'NONE',  ( 0.0000000000000000000, -0.9998476951563912700, -0.01745240643728355000 ) ) ;
#1182 = DIRECTION ( 'NONE',  ( 0.0000000000000000000, -1.000000000000000000, 0.0000000000000000000 ) ) ;
#1183 = CARTESIAN_POINT ( 'NONE',  ( 0.1803873095614997600, 0.04698546411330401000, -0.3004447047011763500 ) ) ;
#1184 = ORIENTED_EDGE ( 'NONE', *, *, #2533, .F. ) ;
#1185 = ORIENTED_EDGE ( 'NONE', *, *, #1644, .F. ) ;
#1186 = AXIS2_PLACEMENT_3D ( 'NONE', #6782, #4487, #7416 ) ;
#1187 = AXIS2_PLACEMENT_3D ( 'NONE', #3072, #4873, #4828 ) ;
#1188 = CARTESIAN_POINT ( 'NONE',  ( 0.2500000000000002200, 0.0000000000000000000, 0.5798463253555017300 ) ) ;
#1189 = DIRECTION ( 'NONE',  ( 0.0000000000000000000, 1.000000000000000000, 0.0000000000000000000 ) ) ;
#1190 = DIRECTION ( 'NONE',  ( 0.0000000000000000000, 0.0000000000000000000, -1.000000000000000000 ) ) ;
#1191 = ORIENTED_EDGE ( 'NONE', *, *, #6489, .F. ) ;
#1192 = EDGE_CURVE ( 'NONE', #6918, #366, #6926, .T. ) ;
#1193 = DIRECTION ( 'NONE',  ( 0.0000000000000000000, 1.000000000000000000, 0.0000000000000000000 ) ) ;
#1194 = ORIENTED_EDGE ( 'NONE', *, *, #6953, .T. ) ;
#1195 = EDGE_CURVE ( 'NONE', #6116, #1905, #3300, .T. ) ;
#1196 = ADVANCED_FACE ( 'NONE', ( #6178 ), #1761, .F. ) ;
#1197 = CARTESIAN_POINT ( 'NONE',  ( -0.3249999999999997900, 0.07199999999999999500, 0.5801317229986207000 ) ) ;
#1198 = CARTESIAN_POINT ( 'NONE',  ( 0.2903627657690551800, 0.0000000000000000000, 0.1465000000000002400 ) ) ;
#1199 = ORIENTED_EDGE ( 'NONE', *, *, #1593, .T. ) ;
#1200 = CARTESIAN_POINT ( 'NONE',  ( 0.2500000000000000000, 0.2500000000000000600, 0.6550000000000000300 ) ) ;
#1201 = DIRECTION ( 'NONE',  ( 5.691349986800544900E-016, 0.0000000000000000000, 1.000000000000000000 ) ) ;
#1202 = AXIS2_PLACEMENT_3D ( 'NONE', #4589, #5892, #2301 ) ;
#1203 = ORIENTED_EDGE ( 'NONE', *, *, #2407, .F. ) ;
#1204 = ORIENTED_EDGE ( 'NONE', *, *, #5783, .T. ) ;
#1205 = EDGE_CURVE ( 'NONE', #232, #6275, #6644, .T. ) ;
#1206 = CARTESIAN_POINT ( 'NONE',  ( 0.2335281094319531000, 0.2635366807060744400, 0.6380890371443354000 ) ) ;
#1207 = CARTESIAN_POINT ( 'NONE',  ( -0.02500000000000001200, 0.2500000000000000600, -0.3291060010942235000 ) ) ;
#1208 = ORIENTED_EDGE ( 'NONE', *, *, #2325, .F. ) ;
#1209 = ORIENTED_EDGE ( 'NONE', *, *, #7358, .F. ) ;
#1210 =( CONVERSION_BASED_UNIT ( 'INCH', #4229 ) LENGTH_UNIT ( ) NAMED_UNIT ( #4088 ) );
#1211 = CARTESIAN_POINT ( 'NONE',  ( 0.2499923835978046200, 0.2500000000000000600, 0.6300000000000000000 ) ) ;
#1212 = VECTOR ( 'NONE', #6220, 39.37007874015748100 ) ;
#1213 = ORIENTED_EDGE ( 'NONE', *, *, #1580, .T. ) ;
#1214 = CARTESIAN_POINT ( 'NONE',  ( -0.03499999999999985800, 0.3369999999999995200, -0.3407492558152670500 ) ) ;
#1215 = CARTESIAN_POINT ( 'NONE',  ( 0.0000000000000000000, 0.2500000000000000600, 0.0000000000000000000 ) ) ;
#1216 = EDGE_CURVE ( 'NONE', #3187, #957, #197, .T. ) ;
#1217 = FACE_OUTER_BOUND ( 'NONE', #6189, .T. ) ;
#1218 = CIRCLE ( 'NONE', #3711, 0.01499999999999999800 ) ;
#1219 = FACE_OUTER_BOUND ( 'NONE', #1462, .T. ) ;
#1220 = CARTESIAN_POINT ( 'NONE',  ( 0.04999999999999995400, 0.3003605438758545400, -0.3632816548084829600 ) ) ;
#1221 = VERTEX_POINT ( 'NONE', #5830 ) ;
#1222 = CARTESIAN_POINT ( 'NONE',  ( -0.2450000000000000800, 0.1180000000000000100, 0.6049999999999998700 ) ) ;
#1223 = CIRCLE ( 'NONE', #3771, 0.01500000000000003600 ) ;
#1224 = VERTEX_POINT ( 'NONE', #2908 ) ;
#1225 = CARTESIAN_POINT ( 'NONE',  ( -0.04999999999999985000, 0.3090565305119169500, -0.3593397497087959500 ) ) ;
#1226 = CYLINDRICAL_SURFACE ( 'NONE', #7085, 0.04449999999999999800 ) ;
#1227 = FACE_OUTER_BOUND ( 'NONE', #5496, .T. ) ;
#1228 = B_SPLINE_CURVE_WITH_KNOTS ( 'NONE', 3,
 ( #442, #951, #7423, #3868 ),
 .UNSPECIFIED., .F., .F.,
 ( 4, 4 ),
 ( 0.0000000000000000000, 0.0006897512942731972300 ),
 .UNSPECIFIED. ) ;
#1229 = ADVANCED_FACE ( 'NONE', ( #565 ), #2935, .T. ) ;
#1230 = VECTOR ( 'NONE', #575, 39.37007874015748100 ) ;
#1231 = ORIENTED_EDGE ( 'NONE', *, *, #6711, .T. ) ;
#1232 = CARTESIAN_POINT ( 'NONE',  ( -0.03426688727301482900, 0.03000000000000000600, -0.2667453213192256300 ) ) ;
#1233 = B_SPLINE_CURVE_WITH_KNOTS ( 'NONE', 3,
 ( #3103, #732, #6102, #1338, #2587, #2555, #4858 ),
 .UNSPECIFIED., .F., .F.,
 ( 4, 3, 4 ),
 ( 0.005024747547718266100, 0.006687656180808750100, 0.008352657038549071400 ),
 .UNSPECIFIED. ) ;
#1234 = EDGE_CURVE ( 'NONE', #2527, #3207, #1581, .T. ) ;
#1235 = ORIENTED_EDGE ( 'NONE', *, *, #779, .T. ) ;
#1236 = PLANE ( 'NONE',  #5211 ) ;
#1237 = CARTESIAN_POINT ( 'NONE',  ( 0.0000000000000000000, -0.1052560918879525500, 0.4070573794868424000 ) ) ;
#1238 = EDGE_LOOP ( 'NONE', ( #1720, #3570, #7071, #4746 ) ) ;
#1239 = EDGE_CURVE ( 'NONE', #6781, #2201, #7462, .T. ) ;
#1240 = CARTESIAN_POINT ( 'NONE',  ( 0.1863031909425516600, 0.05000000000000000300, -0.2224823609037722700 ) ) ;
#1241 = EDGE_LOOP ( 'NONE', ( #4289, #2691, #5964, #784 ) ) ;
#1242 = VECTOR ( 'NONE', #7136, 39.37007874015748100 ) ;
#1243 = ORIENTED_EDGE ( 'NONE', *, *, #7526, .T. ) ;
#1244 = VECTOR ( 'NONE', #6377, 39.37007874015747400 ) ;
#1245 = FACE_OUTER_BOUND ( 'NONE', #1467, .T. ) ;
#1246 = EDGE_LOOP ( 'NONE', ( #5535, #6432, #1002, #2442 ) ) ;
#1247 = LINE ( 'NONE', #5, #2152 ) ;
#1248 = CARTESIAN_POINT ( 'NONE',  ( 0.0000000000000000000, 0.2570000000000000600, 0.0000000000000000000 ) ) ;
#1249 = AXIS2_PLACEMENT_3D ( 'NONE', #6295, #2836, #2267 ) ;
#1250 = LINE ( 'NONE', #135, #4630 ) ;
#1251 = ORIENTED_EDGE ( 'NONE', *, *, #3340, .F. ) ;
#1252 = DIRECTION ( 'NONE',  ( -1.000000000000000000, -0.0000000000000000000, -5.193356862955502300E-015 ) ) ;
#1253 = B_SPLINE_CURVE_WITH_KNOTS ( 'NONE', 3,
 ( #2315, #5827, #609, #5305 ),
 .UNSPECIFIED., .F., .F.,
 ( 4, 4 ),
 ( 0.0000000000000000000, 0.001752916003274702500 ),
 .UNSPECIFIED. ) ;
#1254 = EDGE_CURVE ( 'NONE', #3492, #4193, #6080, .T. ) ;
#1255 = EDGE_CURVE ( 'NONE', #4415, #4415, #2757, .T. ) ;
#1256 = VECTOR ( 'NONE', #4060, 39.37007874015748100 ) ;
#1257 = CARTESIAN_POINT ( 'NONE',  ( -0.2645902331477463200, 0.2265244727568327100, 0.3957531754730548900 ) ) ;
#1258 = VECTOR ( 'NONE', #3133, 39.37007874015748100 ) ;
#1259 = ORIENTED_EDGE ( 'NONE', *, *, #2340, .T. ) ;
#1260 = ORIENTED_EDGE ( 'NONE', *, *, #7474, .F. ) ;
#1262 = CARTESIAN_POINT ( 'NONE',  ( -0.1489999999999999100, 0.2270000000000000100, 0.6098463253555016500 ) ) ;
#1261 = LINE ( 'NONE', #858, #7506 ) ;
#1263 = DIRECTION ( 'NONE',  ( 0.0000000000000000000, 0.0000000000000000000, 1.000000000000000000 ) ) ;
#1264 = DIRECTION ( 'NONE',  ( 0.0000000000000000000, 0.0000000000000000000, 1.000000000000000000 ) ) ;
#1265 = AXIS2_PLACEMENT_3D ( 'NONE', #2460, #44, #1263 ) ;
#1266 = VECTOR ( 'NONE', #2576, 39.37007874015748100 ) ;
#1267 = ORIENTED_EDGE ( 'NONE', *, *, #7109, .T. ) ;
#1268 = CARTESIAN_POINT ( 'NONE',  ( -0.3659421544613724600, 0.07199999999999999500, 0.05464741154134431600 ) ) ;
#1269 = ORIENTED_EDGE ( 'NONE', *, *, #1782, .T. ) ;
#1270 = CARTESIAN_POINT ( 'NONE',  ( 0.0000000000000000000, 0.0000000000000000000, 0.0000000000000000000 ) ) ;
#1271 = FACE_OUTER_BOUND ( 'NONE', #1241, .T. ) ;
#1272 = ORIENTED_EDGE ( 'NONE', *, *, #3427, .F. ) ;
#1273 = CARTESIAN_POINT ( 'NONE',  ( 0.2749999999999999700, 0.2500000000000000600, 0.6049999999999998700 ) ) ;
#1274 = AXIS2_PLACEMENT_3D ( 'NONE', #6617, #6557, #3065 ) ;
#1275 = ADVANCED_FACE ( 'NONE', ( #3134 ), #1319, .F. ) ;
#1276 = DIRECTION ( 'NONE',  ( 0.0000000000000000000, 0.9998476951563912700, -0.01745240643728355000 ) ) ;
#1277 = ORIENTED_EDGE ( 'NONE', *, *, #7209, .F. ) ;
#1278 = DIRECTION ( 'NONE',  ( -0.0000000000000000000, -0.0000000000000000000, 1.000000000000000000 ) ) ;
#1279 = VECTOR ( 'NONE', #1153, 39.37007874015748100 ) ;
#1280 = ORIENTED_EDGE ( 'NONE', *, *, #1630, .T. ) ;
#1281 = DIRECTION ( 'NONE',  ( 0.08682659386424786100, -0.9924325091389671900, 0.08682659386424779200 ) ) ;
#1282 = CARTESIAN_POINT ( 'NONE',  ( 0.2487879841177576300, 0.1810000000000000800, 0.6300000000000000000 ) ) ;
#1283 = EDGE_LOOP ( 'NONE', ( #6312, #5927, #5633, #6910 ) ) ;
#1284 = CARTESIAN_POINT ( 'NONE',  ( 0.2995985334942211100, 0.2269999992878932700, 0.2294850280003347700 ) ) ;
#1285 = EDGE_LOOP ( 'NONE', ( #6248, #2052, #5104, #5402, #1208, #3916 ) ) ;
#1286 = CARTESIAN_POINT ( 'NONE',  ( -0.02500000000000001200, 0.05000000000000000300, -0.3456059578214986700 ) ) ;
#1287 = CARTESIAN_POINT ( 'NONE',  ( 0.2450000000000000500, 0.05000000000000000300, 0.5449999999999998200 ) ) ;
#1288 = VERTEX_POINT ( 'NONE', #490 ) ;
#1289 = CARTESIAN_POINT ( 'NONE',  ( -0.03643966433890004400, 0.3209055722269995000, -0.3764641157718292000 ) ) ;
#1290 = AXIS2_PLACEMENT_3D ( 'NONE', #432, #6351, #1043 ) ;
#1291 = ORIENTED_EDGE ( 'NONE', *, *, #6987, .F. ) ;
#1293 = DIRECTION ( 'NONE',  ( -1.000000000000000000, 0.0000000000000000000, -0.0000000000000000000 ) ) ;
#1292 = AXIS2_PLACEMENT_3D ( 'NONE', #2929, #522, #3447 ) ;
#1294 = CARTESIAN_POINT ( 'NONE',  ( -0.2499999999999999700, 0.07199999999999999500, 0.6298463253555016700 ) ) ;
#1295 = PLANE ( 'NONE',  #4581 ) ;
#1296 = DIRECTION ( 'NONE',  ( -1.000000000000000000, 0.0000000000000000000, 0.0000000000000000000 ) ) ;
#1297 = VERTEX_POINT ( 'NONE', #3440 ) ;
#1298 = EDGE_CURVE ( 'NONE', #1175, #927, #666, .T. ) ;
#1299 = CARTESIAN_POINT ( 'NONE',  ( 0.2149999999999999700, 0.0000000000000000000, 0.6550000000000000300 ) ) ;
#1300 = DIRECTION ( 'NONE',  ( 0.9998476951563912700, 0.01745240643728355000, 0.0000000000000000000 ) ) ;
#1301 = ORIENTED_EDGE ( 'NONE', *, *, #5979, .F. ) ;
#1302 = DIRECTION ( 'NONE',  ( 0.5735764363510459400, -0.0000000000000000000, 0.8191520442889916900 ) ) ;
#1303 = ORIENTED_EDGE ( 'NONE', *, *, #203, .T. ) ;
#1304 = CARTESIAN_POINT ( 'NONE',  ( 0.2537454433088401900, 0.07199999999999999500, -0.1465000000000003800 ) ) ;
#1305 = AXIS2_PLACEMENT_3D ( 'NONE', #2764, #5088, #7484 ) ;
#1306 = AXIS2_PLACEMENT_3D ( 'NONE', #3638, #5450, #4223 ) ;
#1307 = DIRECTION ( 'NONE',  ( 0.0000000000000000000, -0.0000000000000000000, -1.000000000000000000 ) ) ;
#1308 = ORIENTED_EDGE ( 'NONE', *, *, #4178, .T. ) ;
#1309 = CARTESIAN_POINT ( 'NONE',  ( -0.2532539232883690400, 0.2460858305162986200, 0.6550000000000001400 ) ) ;
#1310 = CARTESIAN_POINT ( 'NONE',  ( -0.03500000000000008000, 0.2820000000000000300, 0.6049239970457444000 ) ) ;
#1311 = PRODUCT ( 'cover rev_D', 'cover rev_D', '', ( #5311 ) ) ;
#1312 = ORIENTED_EDGE ( 'NONE', *, *, #6037, .T. ) ;
#1313 = CARTESIAN_POINT ( 'NONE',  ( -0.2450000000000000800, 0.1180000000000000100, 0.6049999999999998700 ) ) ;
#1314 = ADVANCED_FACE ( 'NONE', ( #1395 ), #2164, .F. ) ;
#1315 = EDGE_CURVE ( 'NONE', #4598, #4598, #5397, .T. ) ;
#1316 = EDGE_CURVE ( 'NONE', #5191, #4991, #2079, .T. ) ;
#1317 = DIRECTION ( 'NONE',  ( -0.08682659386424777800, -0.9924325091389671900, 0.08682659386424780600 ) ) ;
#1318 = CONICAL_SURFACE ( 'NONE', #4632, 0.1699999999999999300, 0.08726646259971666800 ) ;
#1319 = CYLINDRICAL_SURFACE ( 'NONE', #5576, 0.02500000000000001500 ) ;
#1320 = DIRECTION ( 'NONE',  ( 8.537024980200811000E-016, -0.08755996403021248900, 0.9961592506718129900 ) ) ;
#1321 = DIRECTION ( 'NONE',  ( 0.0000000000000000000, -0.0000000000000000000, 1.000000000000000000 ) ) ;
#1322 = DIRECTION ( 'NONE',  ( 1.000000000000000000, 0.0000000000000000000, 0.0000000000000000000 ) ) ;
#1323 = ORIENTED_EDGE ( 'NONE', *, *, #4366, .F. ) ;
#1324 = CARTESIAN_POINT ( 'NONE',  ( -0.04999999999999985700, 0.3520000000000000400, -0.3968626966596886000 ) ) ;
#1325 = FACE_OUTER_BOUND ( 'NONE', #5758, .T. ) ;
#1326 = CONICAL_SURFACE ( 'NONE', #3753, 0.3499999999999998700, 0.01745329251994333400 ) ;
#1327 = LINE ( 'NONE', #1114, #4236 ) ;
#1328 = ORIENTED_EDGE ( 'NONE', *, *, #4824, .T. ) ;
#1329 = CARTESIAN_POINT ( 'NONE',  ( -0.3397833964265856200, 0.05000000000000000300, 0.06793910210275985700 ) ) ;
#1330 = FACE_OUTER_BOUND ( 'NONE', #6715, .T. ) ;
#1331 = EDGE_CURVE ( 'NONE', #3679, #357, #4179, .T. ) ;
#1332 = ORIENTED_EDGE ( 'NONE', *, *, #3961, .T. ) ;
#1333 = VERTEX_POINT ( 'NONE', #6469 ) ;
#1334 = LINE ( 'NONE', #3568, #7203 ) ;
#1335 = ORIENTED_EDGE ( 'NONE', *, *, #5430, .T. ) ;
#1336 = CONICAL_SURFACE ( 'NONE', #6416, 0.3500000000000000300, 0.01745329251994333400 ) ;
#1337 = DIRECTION ( 'NONE',  ( 0.0000000000000000000, 1.000000000000000000, 0.0000000000000000000 ) ) ;
#1338 = CARTESIAN_POINT ( 'NONE',  ( 0.1784105275273955600, 0.1155411790478392300, -0.2983828091605855700 ) ) ;
#1339 = EDGE_LOOP ( 'NONE', ( #728, #5773, #1267, #1946 ) ) ;
#1340 = VECTOR ( 'NONE', #471, 39.37007874015748900 ) ;
#1341 = VERTEX_POINT ( 'NONE', #2317 ) ;
#1342 = DIRECTION ( 'NONE',  ( 0.0000000000000000000, 0.0000000000000000000, -1.000000000000000000 ) ) ;
#1343 = EDGE_CURVE ( 'NONE', #2155, #3756, #796, .T. ) ;
#1344 = FACE_OUTER_BOUND ( 'NONE', #4213, .T. ) ;
#1345 = CARTESIAN_POINT ( 'NONE',  ( 0.2450000000000000500, 0.05000000000000000300, 0.6049999999999998700 ) ) ;
#1346 = CARTESIAN_POINT ( 'NONE',  ( 0.4008831163260880800, 0.0000000000000000000, -0.05294131171453603900 ) ) ;
#1347 = EDGE_CURVE ( 'NONE', #4073, #239, #5023, .T. ) ;
#1348 = VERTEX_POINT ( 'NONE', #1763 ) ;
#1349 = LINE ( 'NONE', #4801, #5285 ) ;
#1350 = VECTOR ( 'NONE', #3656, 39.37007874015748100 ) ;
#1351 = DIRECTION ( 'NONE',  ( 0.0000000000000000000, 1.000000000000000000, 0.0000000000000000000 ) ) ;
#1352 = ADVANCED_FACE ( 'NONE', ( #5583 ), #3808, .T. ) ;
#1353 = LINE ( 'NONE', #3737, #1266 ) ;
#1354 = CARTESIAN_POINT ( 'NONE',  ( 0.02866556363492574200, 0.2820000000000000300, -0.3451460955505735700 ) ) ;
#1355 = ORIENTED_EDGE ( 'NONE', *, *, #6170, .T. ) ;
#1356 = AXIS2_PLACEMENT_3D ( 'NONE', #4752, #683, #5960 ) ;
#1357 = DIRECTION ( 'NONE',  ( 0.01745240643728355000, 0.9998476951563912700, 0.0000000000000000000 ) ) ;
#1358 = EDGE_CURVE ( 'NONE', #6571, #3726, #344, .T. ) ;
#1359 = CARTESIAN_POINT ( 'NONE',  ( -0.02426688727301482700, 0.02999999999999999900, 0.0000000000000000000 ) ) ;
#1360 = LINE ( 'NONE', #7207, #4833 ) ;
#1361 = ORIENTED_EDGE ( 'NONE', *, *, #6339, .T. ) ;
#1362 = ORIENTED_EDGE ( 'NONE', *, *, #2882, .T. ) ;
#1363 = CARTESIAN_POINT ( 'NONE',  ( 0.0000000000000000000, 0.2500000000000000600, 0.5449999999999998200 ) ) ;
#1364 = EDGE_LOOP ( 'NONE', ( #643, #5010, #6192, #4281 ) ) ;
#1365 = CARTESIAN_POINT ( 'NONE',  ( 0.3478985066683596400, 0.1809999999999999900, 0.02499999999999977200 ) ) ;
#1366 = CARTESIAN_POINT ( 'NONE',  ( -0.1440240292883119000, 0.1180000000000000100, -0.2492738002415974000 ) ) ;
#1367 = VERTEX_POINT ( 'NONE', #6003 ) ;
#1368 = ORIENTED_EDGE ( 'NONE', *, *, #5697, .F. ) ;
#1369 = DIRECTION ( 'NONE',  ( 0.01745240643728368200, 0.9998476951563912700, 0.0000000000000000000 ) ) ;
#1370 = ORIENTED_EDGE ( 'NONE', *, *, #1495, .F. ) ;
#1371 = CARTESIAN_POINT ( 'NONE',  ( 0.2335281094319526500, 0.2570000000000000600, -1.891217152696152900E-016 ) ) ;
#1372 = CARTESIAN_POINT ( 'NONE',  ( -0.2763344363650741000, 0.2820000000000000300, 0.2657131823278592900 ) ) ;
#1373 = VERTEX_POINT ( 'NONE', #1313 ) ;
#1374 = CARTESIAN_POINT ( 'NONE',  ( -0.04999999999999986400, 0.2823128530997542400, -0.3785558396945732400 ) ) ;
#1375 = CARTESIAN_POINT ( 'NONE',  ( 0.05000000000000015500, 0.3320000000000000200, -0.2118626966596886300 ) ) ;
#1376 = ORIENTED_EDGE ( 'NONE', *, *, #2655, .T. ) ;
#1377 = CARTESIAN_POINT ( 'NONE',  ( 0.2737956005199529400, 0.1809999999999999900, 0.6049999999999998700 ) ) ;
#1378 = EDGE_CURVE ( 'NONE', #1409, #2966, #4183, .T. ) ;
#1379 = CARTESIAN_POINT ( 'NONE',  ( -0.2537454433088418000, 0.2500000000000000600, 0.1464999999999987700 ) ) ;
#1380 = ADVANCED_FACE ( 'NONE', ( #6234 ), #2622, .T. ) ;
#1381 = EDGE_CURVE ( 'NONE', #3666, #7380, #6402, .T. ) ;
#1382 = VERTEX_POINT ( 'NONE', #5905 ) ;
#1383 = CARTESIAN_POINT ( 'NONE',  ( 0.3504533827859615500, 0.0000000000000000000, -0.02374323532516810200 ) ) ;
#1384 = ORIENTED_EDGE ( 'NONE', *, *, #3749, .F. ) ;
#1385 = CARTESIAN_POINT ( 'NONE',  ( 0.1500000000000001600, 0.2270000000000000100, 0.6298463253555017800 ) ) ;
#1386 = CARTESIAN_POINT ( 'NONE',  ( -0.3082427117888338300, 0.2635366807060744400, 0.2897249155859941700 ) ) ;
#1387 = ORIENTED_EDGE ( 'NONE', *, *, #1496, .T. ) ;
#1388 = VERTEX_POINT ( 'NONE', #6526 ) ;
#1389 = EDGE_CURVE ( 'NONE', #6871, #5081, #3442, .T. ) ;
#1390 = EDGE_CURVE ( 'NONE', #5303, #2502, #3533, .T. ) ;
#1391 = B_SPLINE_CURVE_WITH_KNOTS ( 'NONE', 3,
 ( #2260, #4666, #6993, #7075, #7600, #1713, #4044 ),
 .UNSPECIFIED., .F., .F.,
 ( 4, 3, 4 ),
 ( 0.005024926956221822100, 0.006687835589312306000, 0.008352836447052628200 ),
 .UNSPECIFIED. ) ;
#1392 = DIRECTION ( 'NONE',  ( 0.0000000000000000000, -0.08755996403020796500, 0.9961592506718133200 ) ) ;
#1393 = CARTESIAN_POINT ( 'NONE',  ( -0.1999999999999999600, 0.1200000000000000000, 0.6550000000000000300 ) ) ;
#1394 = CYLINDRICAL_SURFACE ( 'NONE', #5039, 0.08000000000000000200 ) ;
#1395 = FACE_OUTER_BOUND ( 'NONE', #3344, .T. ) ;
#1396 = CARTESIAN_POINT ( 'NONE',  ( 0.04999999999999996100, 0.3195982360857846900, -0.3615907086703890000 ) ) ;
#1397 = EDGE_LOOP ( 'NONE', ( #6839, #1079, #5432, #6668 ) ) ;
#1398 = VECTOR ( 'NONE', #5145, 39.37007874015748100 ) ;
#1399 = AXIS2_PLACEMENT_3D ( 'NONE', #4599, #5799, #2266 ) ;
#1400 = DIRECTION ( 'NONE',  ( 0.0000000000000000000, 0.0000000000000000000, -1.000000000000000000 ) ) ;
#1401 = CARTESIAN_POINT ( 'NONE',  ( -0.1773306820098119700, 0.07199999999999998100, 0.6548463253555015800 ) ) ;
#1402 = FACE_OUTER_BOUND ( 'NONE', #2224, .T. ) ;
#1403 = CIRCLE ( 'NONE', #2140, 0.01500000000000002000 ) ;
#1404 = LINE ( 'NONE', #453, #2128 ) ;
#1405 = ORIENTED_EDGE ( 'NONE', *, *, #5472, .F. ) ;
#1406 = EDGE_CURVE ( 'NONE', #6099, #675, #4637, .T. ) ;
#1407 = LINE ( 'NONE', #3629, #2768 ) ;
#1408 = DIRECTION ( 'NONE',  ( -0.0000000000000000000, -1.000000000000000000, -0.0000000000000000000 ) ) ;
#1409 = VERTEX_POINT ( 'NONE', #2461 ) ;
#1410 = CARTESIAN_POINT ( 'NONE',  ( -0.2854404374592977600, 0.2820000000000000300, 0.02866556363492574900 ) ) ;
#1411 = DIRECTION ( 'NONE',  ( 0.0000000000000000000, 1.000000000000000000, 0.0000000000000000000 ) ) ;
#1412 = LINE ( 'NONE', #6540, #4143 ) ;
#1413 = VECTOR ( 'NONE', #4442, 39.37007874015748100 ) ;
#1414 = LINE ( 'NONE', #3843, #7570 ) ;
#1415 = ORIENTED_EDGE ( 'NONE', *, *, #6998, .F. ) ;
#1416 = DIRECTION ( 'NONE',  ( 0.0000000000000000000, 1.000000000000000000, 0.0000000000000000000 ) ) ;
#1417 = DIRECTION ( 'NONE',  ( -0.0000000000000000000, -0.0000000000000000000, 1.000000000000000000 ) ) ;
#1418 = ORIENTED_EDGE ( 'NONE', *, *, #4910, .T. ) ;
#1419 = ADVANCED_FACE ( 'NONE', ( #1271 ), #6786, .F. ) ;
#1420 = CIRCLE ( 'NONE', #7058, 0.1213344363650742500 ) ;
#1421 = CARTESIAN_POINT ( 'NONE',  ( 0.03866556363492597300, 0.2820000000000000300, 0.1465000000000000200 ) ) ;
#1422 = VERTEX_POINT ( 'NONE', #4208 ) ;
#1423 = LINE ( 'NONE', #195, #5365 ) ;
#1424 = DIRECTION ( 'NONE',  ( -0.5735764363510447200, -0.0000000000000000000, -0.8191520442889925800 ) ) ;
#1425 = EDGE_LOOP ( 'NONE', ( #3398, #7252, #6819 ) ) ;
#1426 = EDGE_CURVE ( 'NONE', #441, #5114, #3993, .T. ) ;
#1427 = DIRECTION ( 'NONE',  ( -0.0000000000000000000, -1.000000000000000000, -0.0000000000000000000 ) ) ;
#1428 = LINE ( 'NONE', #144, #1966 ) ;
#1429 = CARTESIAN_POINT ( 'NONE',  ( 0.1500000000000001600, 0.2270000000000000100, 0.6548463253555015800 ) ) ;
#1430 = ORIENTED_EDGE ( 'NONE', *, *, #4526, .T. ) ;
#1431 = LINE ( 'NONE', #1712, #1065 ) ;
#1432 = LINE ( 'NONE', #7091, #3521 ) ;
#1433 = CARTESIAN_POINT ( 'NONE',  ( 0.03499999999999996200, 0.3195982360857846400, -0.3615907086703890000 ) ) ;
#1434 = EDGE_LOOP ( 'NONE', ( #7294, #5792, #534, #1450 ) ) ;
#1435 = DIRECTION ( 'NONE',  ( 3.416122420576691100E-016, -0.0000000000000000000, -1.000000000000000000 ) ) ;
#1436 = CARTESIAN_POINT ( 'NONE',  ( 0.0000000000000000000, 0.2500000000000000600, 0.0000000000000000000 ) ) ;
#1437 = AXIS2_PLACEMENT_3D ( 'NONE', #5207, #5886, #5803 ) ;
#1438 = VECTOR ( 'NONE', #4787, 39.37007874015748900 ) ;
#1439 = AXIS2_PLACEMENT_3D ( 'NONE', #936, #5035, #2054 ) ;
#1440 = PRODUCT_RELATED_PRODUCT_CATEGORY ( 'part', '', ( #713 ) ) ;
#1441 = LINE ( 'NONE', #6658, #693 ) ;
#1442 = ORIENTED_EDGE ( 'NONE', *, *, #5022, .T. ) ;
#1443 = ITEM_DEFINED_TRANSFORMATION ( 'NONE', 'NONE', #6444,  #3669 ) ;
#1444 = CARTESIAN_POINT ( 'NONE',  ( -0.04999999999999985700, 0.3253997937518270400, -0.3546443676105894800 ) ) ;
#1445 = CYLINDRICAL_SURFACE ( 'NONE', #4074, 0.05199999999999997000 ) ;
#1446 = CARTESIAN_POINT ( 'NONE',  ( 0.2759539474942860900, 0.0000000000000000000, 0.6550000000000000300 ) ) ;
#1447 = EDGE_CURVE ( 'NONE', #5293, #7144, #5204, .T. ) ;
#1448 = LINE ( 'NONE', #2762, #2804 ) ;
#1449 = DIRECTION ( 'NONE',  ( 0.0000000000000000000, -0.0000000000000000000, 1.000000000000000000 ) ) ;
#1450 = ORIENTED_EDGE ( 'NONE', *, *, #3340, .T. ) ;
#1451 = DIRECTION ( 'NONE',  ( 0.0000000000000000000, 0.0000000000000000000, 1.000000000000000000 ) ) ;
#1452 = ORIENTED_EDGE ( 'NONE', *, *, #1459, .T. ) ;
#1453 = PLANE ( 'NONE',  #2754 ) ;
#1454 = DIRECTION ( 'NONE',  ( 0.0000000000000000000, 0.0000000000000000000, 1.000000000000000000 ) ) ;
#1455 = ORIENTED_EDGE ( 'NONE', *, *, #948, .F. ) ;
#1456 = EDGE_CURVE ( 'NONE', #798, #4856, #1719, .T. ) ;
#1457 = DIRECTION ( 'NONE',  ( -1.000000000000000000, 0.0000000000000000000, -0.0000000000000000000 ) ) ;
#1458 = VERTEX_POINT ( 'NONE', #3623 ) ;
#1459 = EDGE_CURVE ( 'NONE', #5895, #5972, #708, .T. ) ;
#1460 = CARTESIAN_POINT ( 'NONE',  ( 0.08499999999999993700, 0.1879687576256714700, 0.6098463253555017600 ) ) ;
#1461 = LINE ( 'NONE', #2364, #73 ) ;
#1462 = EDGE_LOOP ( 'NONE', ( #3087, #1876, #1442, #1141 ) ) ;
#1463 = DIRECTION ( 'NONE',  ( 1.365923996832132600E-015, -0.0000000000000000000, 1.000000000000000000 ) ) ;
#1464 = ADVANCED_FACE ( 'NONE', ( #5859 ), #4809, .T. ) ;
#1465 =( BOUNDED_SURFACE ( )  B_SPLINE_SURFACE ( 3, 2, ( 
 ( #4151, #2948, #1832 ),
 ( #1220, #4692, #7074 ),
 ( #6519, #5408, #622 ),
 ( #36, #3617, #3538 ) ),
 .UNSPECIFIED., .F., .F., .F. ) 
 B_SPLINE_SURFACE_WITH_KNOTS ( ( 4, 4 ),
 ( 3, 3 ),
 ( 0.01643011199745497000, 0.01790167604915668100 ),
 ( 0.0000000000000000000, 1.000000000000000000 ),
 .UNSPECIFIED. ) 
 GEOMETRIC_REPRESENTATION_ITEM ( )  RATIONAL_B_SPLINE_SURFACE ( (
 ( 1.000000000000000000, 0.7402626637192186700, 1.000000000000000000),
 ( 1.000000000000000000, 0.7401124926076433400, 1.000000000000000000),
 ( 1.000000000000000000, 0.7399643625079533900, 1.000000000000000000),
 ( 1.000000000000000000, 0.7398181923493463200, 1.000000000000000000) ) ) 
 REPRESENTATION_ITEM ( '' )  SURFACE ( )  );
#1466 = DIRECTION ( 'NONE',  ( 0.0000000000000000000, 1.000000000000000000, 0.0000000000000000000 ) ) ;
#1467 = EDGE_LOOP ( 'NONE', ( #6564 ) ) ;
#1468 = CARTESIAN_POINT ( 'NONE',  ( 2.755455298081544200E-017, 0.1180000000000000100, 0.2249999999999999800 ) ) ;
#1469 = ORIENTED_EDGE ( 'NONE', *, *, #1216, .T. ) ;
#1470 = CARTESIAN_POINT ( 'NONE',  ( -0.3486976781392660000, 0.09400024350338612200, -0.02538401567878812600 ) ) ;
#1471 = CARTESIAN_POINT ( 'NONE',  ( -0.01499999999999992800, 0.2273969601743952300, 0.5446054624722688200 ) ) ;
#1472 = ORIENTED_EDGE ( 'NONE', *, *, #4680, .T. ) ;
#1473 = EDGE_CURVE ( 'NONE', #7412, #7430, #4185, .T. ) ;
#1474 = ORIENTED_EDGE ( 'NONE', *, *, #6393, .F. ) ;
#1475 = CARTESIAN_POINT ( 'NONE',  ( -0.3963449574072890300, 0.2500000000000000600, 0.05395066948439343500 ) ) ;
#1476 = CARTESIAN_POINT ( 'NONE',  ( -0.1499999999999998600, 0.2520000000000000000, 0.6054476489935908300 ) ) ;
#1477 = ORIENTED_EDGE ( 'NONE', *, *, #2326, .F. ) ;
#1478 = CARTESIAN_POINT ( 'NONE',  ( 0.3069688193430669100, 0.3320000000000000200, -0.07789039290938365400 ) ) ;
#1479 = DIRECTION ( 'NONE',  ( 1.000000000000000000, -0.0000000000000000000, 0.0000000000000000000 ) ) ;
#1480 = DIRECTION ( 'NONE',  ( 0.0000000000000000000, 0.0000000000000000000, -1.000000000000000000 ) ) ;
#1481 = ORIENTED_EDGE ( 'NONE', *, *, #5619, .T. ) ;
#1482 =( BOUNDED_CURVE ( )  B_SPLINE_CURVE ( 3, ( #186, #7168, #747, #804 ),
 .UNSPECIFIED., .F., .F. ) 
 B_SPLINE_CURVE_WITH_KNOTS ( ( 4, 4 ),
 ( 2.356346783439931400, 3.926838523739664100 ),
 .UNSPECIFIED. ) 
 CURVE ( )  GEOMETRIC_REPRESENTATION_ITEM ( )  RATIONAL_B_SPLINE_CURVE ( ( 1.000000000000000000, 0.8048096403827861300, 0.8048096403827861300, 1.000000000000000000 ) ) 
 REPRESENTATION_ITEM ( '' )  );
#1483 = DIRECTION ( 'NONE',  ( -0.9947662098769779500, 2.547703194953840500E-014, -0.1021772366380716300 ) ) ;
#1484 = EDGE_CURVE ( 'NONE', #3820, #5494, #7330, .T. ) ;
#1485 = ORIENTED_EDGE ( 'NONE', *, *, #1715, .F. ) ;
#1486 = CARTESIAN_POINT ( 'NONE',  ( -0.03426688727301482200, 0.02999999999999999900, -0.2198391138212087100 ) ) ;
#1487 = EDGE_CURVE ( 'NONE', #431, #5046, #2713, .T. ) ;
#1488 = CIRCLE ( 'NONE', #3436, 0.01500000000000000300 ) ;
#1489 =( GEOMETRIC_REPRESENTATION_CONTEXT ( 3 ) GLOBAL_UNCERTAINTY_ASSIGNED_CONTEXT ( ( #646 ) ) GLOBAL_UNIT_ASSIGNED_CONTEXT ( ( #1493, #5602, #2652 ) ) REPRESENTATION_CONTEXT ( 'NONE', 'WORKASPACE' ) );
#1490 = CARTESIAN_POINT ( 'NONE',  ( -0.3469287882371291400, 0.1880002472464296900, -0.02702479184737565200 ) ) ;
#1491 = CARTESIAN_POINT ( 'NONE',  ( 0.06439112620911076300, 0.07199999999999999500, -0.3078461076288373500 ) ) ;
#1492 = VERTEX_POINT ( 'NONE', #120 ) ;
#1493 =( CONVERSION_BASED_UNIT ( 'INCH', #3702 ) LENGTH_UNIT ( ) NAMED_UNIT ( #4005 ) );
#1494 = LINE ( 'NONE', #3653, #5996 ) ;
#1495 = EDGE_CURVE ( 'NONE', #1905, #6928, #2567, .T. ) ;
#1496 = EDGE_CURVE ( 'NONE', #1224, #7171, #3631, .T. ) ;
#1497 = ADVANCED_FACE ( 'NONE', ( #7141 ), #3076, .F. ) ;
#1498 = CIRCLE ( 'NONE', #4414, 0.3512567646748315800 ) ;
#1499 = EDGE_LOOP ( 'NONE', ( #5841, #5001, #1662, #4079 ) ) ;
#1500 = CARTESIAN_POINT ( 'NONE',  ( -0.2126959314294751800, 0.1180000000000000100, 0.3957531754730548900 ) ) ;
#1501 = FACE_OUTER_BOUND ( 'NONE', #1629, .T. ) ;
#1502 = CARTESIAN_POINT ( 'NONE',  ( -0.2649999999999999600, 0.2500000000000000600, 0.0000000000000000000 ) ) ;
#1503 = CONICAL_SURFACE ( 'NONE', #1274, 0.1249999999999999400, 0.01745329251994333400 ) ;
#1504 = AXIS2_PLACEMENT_3D ( 'NONE', #1686, #5856, #5903 ) ;
#1505 = LINE ( 'NONE', #7054, #4145 ) ;
#1506 = ORIENTED_EDGE ( 'NONE', *, *, #6722, .F. ) ;
#1507 = VECTOR ( 'NONE', #5836, 39.37007874015748100 ) ;
#1508 = DIRECTION ( 'NONE',  ( 1.000000000000000000, 0.0000000000000000000, 0.0000000000000000000 ) ) ;
#1509 = DIRECTION ( 'NONE',  ( 0.0000000000000000000, 0.0000000000000000000, 1.000000000000000000 ) ) ;
#1510 = DIRECTION ( 'NONE',  ( 0.0000000000000000000, 1.000000000000000000, 0.0000000000000000000 ) ) ;
#1511 = CARTESIAN_POINT ( 'NONE',  ( 0.2525082565285726700, 0.2149700263379374400, 0.6060940095881524000 ) ) ;
#1512 = PLANE ( 'NONE',  #5822 ) ;
#1513 = ORIENTED_EDGE ( 'NONE', *, *, #3961, .F. ) ;
#1514 = CIRCLE ( 'NONE', #395, 0.01500000000000001500 ) ;
#1515 = FACE_OUTER_BOUND ( 'NONE', #2280, .T. ) ;
#1516 = VECTOR ( 'NONE', #838, 39.37007874015748100 ) ;
#1517 = CARTESIAN_POINT ( 'NONE',  ( -0.04999999999999985000, 0.3312004444099547800, -0.3476972614277192800 ) ) ;
#1518 = VERTEX_POINT ( 'NONE', #4836 ) ;
#1519 = DIRECTION ( 'NONE',  ( 0.0000000000000000000, 1.000000000000000000, 0.0000000000000000000 ) ) ;
#1520 = CIRCLE ( 'NONE', #2361, 0.3737956005199529800 ) ;
#1521 = CARTESIAN_POINT ( 'NONE',  ( 0.3491060010942235700, 0.1809999999999999900, -0.02499999999999991100 ) ) ;
#1522 = DIRECTION ( 'NONE',  ( -0.01745240643728355000, -0.9998476951563912700, -0.0000000000000000000 ) ) ;
#1523 = EDGE_LOOP ( 'NONE', ( #1112, #1213, #3650, #4644 ) ) ;
#1524 = CARTESIAN_POINT ( 'NONE',  ( -0.04999999999999985700, 0.3370000000000000800, -0.3443909339078701800 ) ) ;
#1525 = VECTOR ( 'NONE', #6190, 39.37007874015748100 ) ;
#1526 = CARTESIAN_POINT ( 'NONE',  ( -0.04999999999999985700, 0.3370000000000000800, -0.3407492558152664400 ) ) ;
#1527 = EDGE_LOOP ( 'NONE', ( #2358, #557, #7137, #1231 ) ) ;
#1528 = VERTEX_POINT ( 'NONE', #3156 ) ;
#1529 = DIRECTION ( 'NONE',  ( -0.1730072088098828200, -0.9811726379862917300, 0.08584148278562614400 ) ) ;
#1530 = DIRECTION ( 'NONE',  ( 0.9848077530122080200, -0.1736481776669305800, 0.0000000000000000000 ) ) ;
#1531 = LINE ( 'NONE', #846, #7595 ) ;
#1532 = LINE ( 'NONE', #1582, #2889 ) ;
#1533 = ORIENTED_EDGE ( 'NONE', *, *, #6357, .T. ) ;
#1534 = CARTESIAN_POINT ( 'NONE',  ( -0.3978590911883665400, 0.1666667022781752000, 0.05361176655365965100 ) ) ;
#1535 = CARTESIAN_POINT ( 'NONE',  ( -0.2999999999999999900, 0.07199999999999999500, 0.6298463253555016700 ) ) ;
#1536 = DIRECTION ( 'NONE',  ( -0.5735764363510480500, 0.0000000000000000000, -0.8191520442889902400 ) ) ;
#1537 = CARTESIAN_POINT ( 'NONE',  ( 0.02866556363492564500, 0.2820000000000000300, 8.157287760763222700E-018 ) ) ;
#1538 = DIRECTION ( 'NONE',  ( 0.0000000000000000000, 0.0000000000000000000, 1.000000000000000000 ) ) ;
#1539 = ADVANCED_FACE ( 'NONE', ( #2434 ), #2255, .F. ) ;
#1540 = PRODUCT_DEFINITION_FORMATION_WITH_SPECIFIED_SOURCE ( 'ANY', '', #6383, .NOT_KNOWN. ) ;
#1541 = VECTOR ( 'NONE', #152, 39.37007874015748100 ) ;
#1542 = DIRECTION ( 'NONE',  ( 1.000000000000000000, 0.0000000000000000000, -2.101421533587894600E-016 ) ) ;
#1543 = CARTESIAN_POINT ( 'NONE',  ( 0.3000000000000002100, 0.0000000000000000000, 0.5798463253555017300 ) ) ;
#1544 = EDGE_LOOP ( 'NONE', ( #1361, #5733, #4993, #3520 ) ) ;
#1545 = ORIENTED_EDGE ( 'NONE', *, *, #1456, .F. ) ;
#1546 = EDGE_CURVE ( 'NONE', #574, #3820, #1233, .T. ) ;
#1547 = EDGE_CURVE ( 'NONE', #4698, #6811, #7607, .T. ) ;
#1548 = CARTESIAN_POINT ( 'NONE',  ( 0.2649999999999999600, 0.2500000000000000600, 0.3957531754730548900 ) ) ;
#1549 = EDGE_LOOP ( 'NONE', ( #947, #3700, #3604, #2195, #7301, #1600, #5153, #3906 ) ) ;
#1550 = ORIENTED_EDGE ( 'NONE', *, *, #4771, .F. ) ;
#1551 = DIRECTION ( 'NONE',  ( 1.000000000000000000, -0.0000000000000000000, -0.0000000000000000000 ) ) ;
#1552 = DIRECTION ( 'NONE',  ( 0.0000000000000000000, 0.0000000000000000000, 1.000000000000000000 ) ) ;
#1553 = EDGE_LOOP ( 'NONE', ( #3267 ) ) ;
#1554 = ORIENTED_EDGE ( 'NONE', *, *, #1389, .T. ) ;
#1555 = DIRECTION ( 'NONE',  ( -8.789873400495773900E-017, 0.0000000000000000000, 1.000000000000000000 ) ) ;
#1556 = EDGE_CURVE ( 'NONE', #1639, #7466, #904, .T. ) ;
#1557 = DIRECTION ( 'NONE',  ( 0.0000000000000000000, 0.9998476951563912700, 0.01745240643728355000 ) ) ;
#1558 = ORIENTED_EDGE ( 'NONE', *, *, #2734, .T. ) ;
#1559 = DIRECTION ( 'NONE',  ( 0.8191520442889933500, -0.0000000000000000000, -0.5735764363510438300 ) ) ;
#1560 = ORIENTED_EDGE ( 'NONE', *, *, #3733, .F. ) ;
#1561 = CARTESIAN_POINT ( 'NONE',  ( -0.2737956005199529400, 0.1809999999999999900, 0.2635913570623644700 ) ) ;
#1562 = ORIENTED_EDGE ( 'NONE', *, *, #1298, .F. ) ;
#1563 = DIRECTION ( 'NONE',  ( 0.0000000000000000000, -0.9998476951563912700, -0.01745240643728355000 ) ) ;
#1564 = CARTESIAN_POINT ( 'NONE',  ( 0.2999999999999999900, 0.2500000000000000600, 0.6092893218813451000 ) ) ;
#1565 = PLANE ( 'NONE',  #4095 ) ;
#1566 = DIRECTION ( 'NONE',  ( -0.01744974916068272100, 0.9996954598818874600, -0.01744974916068281100 ) ) ;
#1567 = EDGE_LOOP ( 'NONE', ( #4112, #5781, #3383, #5648 ) ) ;
#1568 = EDGE_CURVE ( 'NONE', #6793, #6287, #7419, .T. ) ;
#1569 = ORIENTED_EDGE ( 'NONE', *, *, #3806, .T. ) ;
#1570 = CARTESIAN_POINT ( 'NONE',  ( 0.03642313523204305400, 0.2726980812858812400, -0.3807028076281865900 ) ) ;
#1571 = ADVANCED_FACE ( 'NONE', ( #1901 ), #7233, .F. ) ;
#1572 = DIRECTION ( 'NONE',  ( 0.0000000000000000000, -0.0000000000000000000, 1.000000000000000000 ) ) ;
#1573 = PLANE ( 'NONE',  #3285 ) ;
#1574 = ORIENTED_EDGE ( 'NONE', *, *, #5654, .T. ) ;
#1575 = EDGE_LOOP ( 'NONE', ( #6854 ) ) ;
#1576 = AXIS2_PLACEMENT_3D ( 'NONE', #5966, #5337, #1321 ) ;
#1577 = CARTESIAN_POINT ( 'NONE',  ( 0.2051320410977840700, 0.1600675498835006100, -0.2562128980660391400 ) ) ;
#1578 = DIRECTION ( 'NONE',  ( 6.829619984160658000E-016, -0.0000000000000000000, -1.000000000000000000 ) ) ;
#1579 = LINE ( 'NONE', #4158, #1760 ) ;
#1580 = EDGE_CURVE ( 'NONE', #6143, #6472, #1360, .T. ) ;
#1581 = LINE ( 'NONE', #4628, #9 ) ;
#1582 = CARTESIAN_POINT ( 'NONE',  ( -0.1399999999999998700, 0.2999999999999999300, 0.6049999999999998700 ) ) ;
#1583 = ORIENTED_EDGE ( 'NONE', *, *, #6316, .F. ) ;
#1584 = EDGE_CURVE ( 'NONE', #6543, #2660, #4269, .T. ) ;
#1585 = CARTESIAN_POINT ( 'NONE',  ( -0.3264545871403662900, 0.1666667585398168800, 0.3017769199237616000 ) ) ;
#1586 = DIRECTION ( 'NONE',  ( -0.5735764363510464900, 0.0000000000000000000, -0.8191520442889914700 ) ) ;
#1587 = PLANE ( 'NONE',  #6763 ) ;
#1588 = CYLINDRICAL_SURFACE ( 'NONE', #6920, 0.01500000000000000300 ) ;
#1589 = VECTOR ( 'NONE', #5296, 39.37007874015748900 ) ;
#1590 = ORIENTED_EDGE ( 'NONE', *, *, #2927, .F. ) ;
#1591 = DIRECTION ( 'NONE',  ( -0.01744974916068272100, 0.9996954598818874600, 0.01744974916068272100 ) ) ;
#1592 = VECTOR ( 'NONE', #5113, 39.37007874015748100 ) ;
#1593 = EDGE_CURVE ( 'NONE', #7536, #1152, #2897, .T. ) ;
#1594 = VERTEX_POINT ( 'NONE', #7259 ) ;
#1595 = ORIENTED_EDGE ( 'NONE', *, *, #6063, .F. ) ;
#1596 = LINE ( 'NONE', #5676, #5166 ) ;
#1597 = DIRECTION ( 'NONE',  ( 0.0000000000000000000, 1.000000000000000000, 0.0000000000000000000 ) ) ;
#1598 = ORIENTED_EDGE ( 'NONE', *, *, #4906, .F. ) ;
#1599 = CARTESIAN_POINT ( 'NONE',  ( -0.3486946667645337000, 0.09398494591035816400, 0.02538374865830868600 ) ) ;
#1600 = ORIENTED_EDGE ( 'NONE', *, *, #5954, .F. ) ;
#1601 = LINE ( 'NONE', #3996, #35 ) ;
#1602 = VERTEX_POINT ( 'NONE', #945 ) ;
#1603 = VERTEX_POINT ( 'NONE', #2724 ) ;
#1604 = SPHERICAL_SURFACE ( 'NONE', #6130, 0.07499999999999999700 ) ;
#1605 = DIRECTION ( 'NONE',  ( 0.0000000000000000000, 0.0000000000000000000, 1.000000000000000000 ) ) ;
#1606 = DIRECTION ( 'NONE',  ( 0.0000000000000000000, 0.0000000000000000000, 1.000000000000000000 ) ) ;
#1607 = ORIENTED_EDGE ( 'NONE', *, *, #1061, .T. ) ;
#1608 = CARTESIAN_POINT ( 'NONE',  ( -3.271721704519628500E-017, 0.2270000000000000400, 0.6058840256167963300 ) ) ;
#1609 = ADVANCED_FACE ( 'NONE', ( #5675 ), #5043, .T. ) ;
#1610 = CYLINDRICAL_SURFACE ( 'NONE', #6029, 0.07499999999999998300 ) ;
#1611 = CARTESIAN_POINT ( 'NONE',  ( 0.1637219089083872800, 0.2820000000000000300, -0.2338191178675281500 ) ) ;
#1612 = EDGE_LOOP ( 'NONE', ( #5375, #7260, #3458, #3370 ) ) ;
#1613 = FACE_OUTER_BOUND ( 'NONE', #1238, .T. ) ;
#1614 = PLANE ( 'NONE',  #3862 ) ;
#1615 = CARTESIAN_POINT ( 'NONE',  ( 0.2115089870143563900, 0.05000000000000000300, 0.3957531754730548900 ) ) ;
#1616 = ORIENTED_EDGE ( 'NONE', *, *, #4436, .T. ) ;
#1617 = FACE_OUTER_BOUND ( 'NONE', #5210, .T. ) ;
#1618 = EDGE_LOOP ( 'NONE', ( #6409, #3876, #4557, #137 ) ) ;
#1619 = EDGE_CURVE ( 'NONE', #6537, #2452, #7227, .T. ) ;
#1620 = CARTESIAN_POINT ( 'NONE',  ( -0.03499999999999985100, 0.3520000000000000400, -0.2118626966596885700 ) ) ;
#1621 = LINE ( 'NONE', #2476, #2883 ) ;
#1622 = ORIENTED_EDGE ( 'NONE', *, *, #6070, .F. ) ;
#1623 = VECTOR ( 'NONE', #189, 39.37007874015748100 ) ;
#1624 = CARTESIAN_POINT ( 'NONE',  ( 0.03643621053065421200, 0.3109440094795904400, -0.3773400471060808800 ) ) ;
#1625 = VECTOR ( 'NONE', #7377, 39.37007874015748100 ) ;
#1626 = CARTESIAN_POINT ( 'NONE',  ( 0.2745871872828418200, 0.2263499752733202100, 0.3957531754730548900 ) ) ;
#1627 = DIRECTION ( 'NONE',  ( -0.0000000000000000000, -0.0000000000000000000, 1.000000000000000000 ) ) ;
#1628 = ORIENTED_EDGE ( 'NONE', *, *, #5718, .T. ) ;
#1629 = EDGE_LOOP ( 'NONE', ( #6172, #3419, #3559, #6863 ) ) ;
#1630 = EDGE_CURVE ( 'NONE', #2660, #3787, #4085, .T. ) ;
#1631 = DIRECTION ( 'NONE',  ( 0.0000000000000000000, 0.0000000000000000000, 1.000000000000000000 ) ) ;
#1632 = EDGE_CURVE ( 'NONE', #7439, #1723, #7500, .T. ) ;
#1633 = B_SPLINE_CURVE_WITH_KNOTS ( 'NONE', 3,
 ( #6058, #1964, #2514, #3107 ),
 .UNSPECIFIED., .F., .F.,
 ( 4, 4 ),
 ( 0.01741488485783603300, 0.02074279434866483800 ),
 .UNSPECIFIED. ) ;
#1634 = CARTESIAN_POINT ( 'NONE',  ( -0.2085554332348851000, 0.1809999999999999900, -0.2542618563791108600 ) ) ;
#1635 = DIRECTION ( 'NONE',  ( -0.0000000000000000000, -0.0000000000000000000, 1.000000000000000000 ) ) ;
#1636 = ORIENTED_EDGE ( 'NONE', *, *, #3478, .T. ) ;
#1637 = CARTESIAN_POINT ( 'NONE',  ( 0.04999999999999996100, 0.3195982360857846900, -0.3615907086703890000 ) ) ;
#1638 = CARTESIAN_POINT ( 'NONE',  ( -0.3082427117888338300, 0.2635366807060744400, 0.2897249155859941700 ) ) ;
#1639 = VERTEX_POINT ( 'NONE', #1486 ) ;
#1640 = AXIS2_PLACEMENT_3D ( 'NONE', #5227, #3516, #5177 ) ;
#1641 = VECTOR ( 'NONE', #608, 39.37007874015748100 ) ;
#1642 = ORIENTED_EDGE ( 'NONE', *, *, #361, .T. ) ;
#1643 = DIRECTION ( 'NONE',  ( -0.0000000000000000000, -0.0000000000000000000, 1.000000000000000000 ) ) ;
#1644 = EDGE_CURVE ( 'NONE', #1864, #316, #2344, .T. ) ;
#1645 = EDGE_CURVE ( 'NONE', #2422, #6143, #6136, .T. ) ;
#1646 = DIRECTION ( 'NONE',  ( 0.0000000000000000000, -1.000000000000000000, 0.0000000000000000000 ) ) ;
#1647 = ORIENTED_EDGE ( 'NONE', *, *, #4108, .F. ) ;
#1648 = CARTESIAN_POINT ( 'NONE',  ( 0.05000000000000015500, 0.3370000000000000800, -0.2118626966596886300 ) ) ;
#1649 = ORIENTED_EDGE ( 'NONE', *, *, #1343, .F. ) ;
#1650 = ADVANCED_FACE ( 'NONE', ( #2517 ), #1512, .T. ) ;
#1651 = AXIS2_PLACEMENT_3D ( 'NONE', #282, #5596, #6762 ) ;
#1652 = AXIS2_PLACEMENT_3D ( 'NONE', #4275, #1920, #7270 ) ;
#1653 = CARTESIAN_POINT ( 'NONE',  ( 0.2749999999999999100, 0.2263427696005390100, 0.4257531754730548600 ) ) ;
#1654 = CARTESIAN_POINT ( 'NONE',  ( -0.3460350995758387800, 0.0000000000000000000, 0.06034090313683880500 ) ) ;
#1655 = ORIENTED_EDGE ( 'NONE', *, *, #5967, .F. ) ;
#1656 = DIRECTION ( 'NONE',  ( -1.000000000000000000, 0.0000000000000000000, 0.0000000000000000000 ) ) ;
#1657 = ORIENTED_EDGE ( 'NONE', *, *, #1255, .F. ) ;
#1658 = CARTESIAN_POINT ( 'NONE',  ( 0.2450000000000000500, 0.2263427696005390100, 0.5449999999999998200 ) ) ;
#1659 = ORIENTED_EDGE ( 'NONE', *, *, #6998, .T. ) ;
#1660 = AXIS2_PLACEMENT_3D ( 'NONE', #3814, #5528, #1536 ) ;
#1661 = DIRECTION ( 'NONE',  ( 1.000000000000000000, -0.0000000000000000000, 0.0000000000000000000 ) ) ;
#1662 = ORIENTED_EDGE ( 'NONE', *, *, #3732, .T. ) ;
#1663 = DIRECTION ( 'NONE',  ( 0.5734890778816104100, 0.01745240643728354600, 0.8190272834649943200 ) ) ;
#1664 = ORIENTED_EDGE ( 'NONE', *, *, #2556, .T. ) ;
#1665 = CARTESIAN_POINT ( 'NONE',  ( 0.1780312529209325000, 0.1409562060052124100, -0.2999396225636529700 ) ) ;
#1666 = VECTOR ( 'NONE', #1566, 39.37007874015748100 ) ;
#1667 = CARTESIAN_POINT ( 'NONE',  ( -0.04999999999999985000, 0.3320000000000000200, -0.2118626966596885700 ) ) ;
#1668 = ORIENTED_EDGE ( 'NONE', *, *, #4560, .F. ) ;
#1669 =( NAMED_UNIT ( * ) SI_UNIT ( $, .STERADIAN. ) SOLID_ANGLE_UNIT ( ) );
#1670 = FACE_OUTER_BOUND ( 'NONE', #4572, .T. ) ;
#1671 = DIRECTION ( 'NONE',  ( -0.0000000000000000000, -0.0000000000000000000, 1.000000000000000000 ) ) ;
#1672 = LINE ( 'NONE', #1524, #2944 ) ;
#1673 = VERTEX_POINT ( 'NONE', #5255 ) ;
#1674 = ORIENTED_EDGE ( 'NONE', *, *, #5124, .F. ) ;
#1675 = CARTESIAN_POINT ( 'NONE',  ( 0.08499999999999993700, 0.2520000000000000600, 0.6054476489935909400 ) ) ;
#1676 = DIRECTION ( 'NONE',  ( -5.691349986800544900E-016, 0.0000000000000000000, 1.000000000000000000 ) ) ;
#1677 = VERTEX_POINT ( 'NONE', #5673 ) ;
#1678 = VECTOR ( 'NONE', #1424, 39.37007874015748900 ) ;
#1679 = VECTOR ( 'NONE', #2446, 39.37007874015748100 ) ;
#1680 = EDGE_CURVE ( 'NONE', #7449, #6871, #4452, .T. ) ;
#1681 = FACE_OUTER_BOUND ( 'NONE', #2797, .T. ) ;
#1682 = DIRECTION ( 'NONE',  ( 0.0000000000000000000, 0.0000000000000000000, 1.000000000000000000 ) ) ;
#1683 = ORIENTED_EDGE ( 'NONE', *, *, #5965, .F. ) ;
#1684 = CARTESIAN_POINT ( 'NONE',  ( 0.2195868769073024700, 0.1373333331055414100, -0.2700163906713616300 ) ) ;
#1685 = ORIENTED_EDGE ( 'NONE', *, *, #6964, .F. ) ;
#1686 = CARTESIAN_POINT ( 'NONE',  ( -0.2999999999999999900, 0.2500000000000000600, 0.2250000000000000300 ) ) ;
#1687 = CIRCLE ( 'NONE', #7453, 0.1450000000000000200 ) ;
#1688 = B_SPLINE_CURVE_WITH_KNOTS ( 'NONE', 3,
 ( #1899, #7112, #3526, #6504 ),
 .UNSPECIFIED., .F., .F.,
 ( 4, 4 ),
 ( 0.01397280789799464200, 0.01730071738882326900 ),
 .UNSPECIFIED. ) ;
#1689 = AXIS2_PLACEMENT_3D ( 'NONE', #2297, #1193, #4711 ) ;
#1690 = VERTEX_POINT ( 'NONE', #279 ) ;
#1691 = DIRECTION ( 'NONE',  ( -0.9947662098769753900, 0.0000000000000000000, 0.1021772366380956900 ) ) ;
#1692 = LINE ( 'NONE', #257, #4154 ) ;
#1693 = ORIENTED_EDGE ( 'NONE', *, *, #1933, .T. ) ;
#1694 = DIRECTION ( 'NONE',  ( -0.0000000000000000000, -0.0000000000000000000, 1.000000000000000000 ) ) ;
#1695 = FACE_OUTER_BOUND ( 'NONE', #193, .T. ) ;
#1696 = ORIENTED_EDGE ( 'NONE', *, *, #6772, .F. ) ;
#1697 = DIRECTION ( 'NONE',  ( 5.587186114489017600E-018, 0.9998476951563912700, -0.01745240643728355000 ) ) ;
#1698 = CARTESIAN_POINT ( 'NONE',  ( -0.2149999999999999700, 0.0000000000000000000, 0.6550000000000000300 ) ) ;
#1699 = LINE ( 'NONE', #4111, #5569 ) ;
#1700 = EDGE_CURVE ( 'NONE', #4878, #1388, #59, .T. ) ;
#1701 = PLANE ( 'NONE',  #2856 ) ;
#1702 = EDGE_CURVE ( 'NONE', #1087, #987, #7510, .T. ) ;
#1703 = ORIENTED_EDGE ( 'NONE', *, *, #6350, .F. ) ;
#1704 = CARTESIAN_POINT ( 'NONE',  ( -0.2749999999999998600, 0.2263427696005390100, 0.4257531754730548600 ) ) ;
#1705 = VECTOR ( 'NONE', #6951, 39.37007874015748100 ) ;
#1706 = ORIENTED_EDGE ( 'NONE', *, *, #4140, .T. ) ;
#1707 = VECTOR ( 'NONE', #379, 39.37007874015748900 ) ;
#1708 = CARTESIAN_POINT ( 'NONE',  ( 0.2987956005199530200, 0.1809999999999999900, 0.5799999999999999600 ) ) ;
#1709 = LINE ( 'NONE', #2428, #6858 ) ;
#1710 = CARTESIAN_POINT ( 'NONE',  ( -0.2928261359595180100, 0.3031906718732172400, 0.2786934986802541100 ) ) ;
#1711 = VECTOR ( 'NONE', #4953, 39.37007874015748100 ) ;
#1712 = CARTESIAN_POINT ( 'NONE',  ( -0.2891060010942236300, 0.2500000000000000600, 0.02499999999999998100 ) ) ;
#1713 = CARTESIAN_POINT ( 'NONE',  ( -0.2189295349855137600, 0.07184705962502437000, -0.2690776091160110800 ) ) ;
#1714 = ORIENTED_EDGE ( 'NONE', *, *, #371, .T. ) ;
#1715 = EDGE_CURVE ( 'NONE', #4976, #4734, #341, .T. ) ;
#1716 = DIRECTION ( 'NONE',  ( 1.652531661459115000E-016, -0.0000000000000000000, 1.000000000000000000 ) ) ;
#1717 = CARTESIAN_POINT ( 'NONE',  ( -0.08500000000000008900, 0.2820000000000000300, 0.6049239970457444000 ) ) ;
#1718 = DIRECTION ( 'NONE',  ( -1.000000000000000000, -0.0000000000000000000, -0.0000000000000000000 ) ) ;
#1719 = LINE ( 'NONE', #1287, #5295 ) ;
#1720 = ORIENTED_EDGE ( 'NONE', *, *, #762, .T. ) ;
#1721 = CARTESIAN_POINT ( 'NONE',  ( -0.2149999999999999100, 0.2500000000000000600, 0.4257531754730548600 ) ) ;
#1722 = DIRECTION ( 'NONE',  ( 9.769962616701377600E-015, 0.0000000000000000000, 1.000000000000000000 ) ) ;
#1723 = VERTEX_POINT ( 'NONE', #7463 ) ;
#1724 = CARTESIAN_POINT ( 'NONE',  ( 0.3286992801068747100, 0.2266989702403452200, 0.02499999999999986300 ) ) ;
#1725 = ORIENTED_EDGE ( 'NONE', *, *, #1700, .F. ) ;
#1726 = EDGE_CURVE ( 'NONE', #2435, #957, #5952, .T. ) ;
#1727 = CARTESIAN_POINT ( 'NONE',  ( -0.2886931883770654200, 0.2263499752733202100, -0.02500000000000002200 ) ) ;
#1728 = EDGE_CURVE ( 'NONE', #5919, #6235, #1532, .T. ) ;
#1729 = ADVANCED_FACE ( 'NONE', ( #7598 ), #997, .T. ) ;
#1730 = CARTESIAN_POINT ( 'NONE',  ( -0.2513458551704119100, 0.2815639555464983800, 0.6049316082299918100 ) ) ;
#1731 = CARTESIAN_POINT ( 'NONE',  ( -0.2999999999999999900, 0.0000000000000000000, 0.6298463253555016700 ) ) ;
#1732 = EDGE_LOOP ( 'NONE', ( #1199, #1146, #2960, #852 ) ) ;
#1733 = ORIENTED_EDGE ( 'NONE', *, *, #4067, .T. ) ;
#1734 = CARTESIAN_POINT ( 'NONE',  ( -0.1501461088943114900, 0.2261713752840061300, 0.6058984893150151100 ) ) ;
#1735 = CARTESIAN_POINT ( 'NONE',  ( 0.03426688727301486400, 0.02999999999999999900, -0.2198391138212087100 ) ) ;
#1736 = CARTESIAN_POINT ( 'NONE',  ( -0.2891060010942236300, 0.2500000000000000600, -1.974484122613882400E-016 ) ) ;
#1737 = PLANE ( 'NONE',  #6055 ) ;
#1738 = AXIS2_PLACEMENT_3D ( 'NONE', #7437, #1057, #3414 ) ;
#1739 = ORIENTED_EDGE ( 'NONE', *, *, #5674, .T. ) ;
#1740 = DIRECTION ( 'NONE',  ( -0.01744974916068285300, 0.9996954598818874600, -0.01744974916068272100 ) ) ;
#1741 = EDGE_CURVE ( 'NONE', #366, #2091, #3432, .T. ) ;
#1742 = ORIENTED_EDGE ( 'NONE', *, *, #1195, .T. ) ;
#1743 = CARTESIAN_POINT ( 'NONE',  ( 0.2737956005199528900, 0.1809999999999999900, -2.406628666183100400E-017 ) ) ;
#1744 = DIRECTION ( 'NONE',  ( 0.01744974916068286000, 0.9996954598818874600, -0.01744974916068272100 ) ) ;
#1745 = ORIENTED_EDGE ( 'NONE', *, *, #54, .F. ) ;
#1746 = DIRECTION ( 'NONE',  ( -1.000000000000000000, 0.0000000000000000000, -0.0000000000000000000 ) ) ;
#1747 = CARTESIAN_POINT ( 'NONE',  ( 0.0000000000000000000, 0.2220000000000000000, 0.1273817402607673500 ) ) ;
#1748 = CARTESIAN_POINT ( 'NONE',  ( -0.2335281094319527600, 0.3320000000000000200, 0.6320992728387613300 ) ) ;
#1749 = EDGE_LOOP ( 'NONE', ( #6299, #3858, #7083, #1783 ) ) ;
#1750 = CARTESIAN_POINT ( 'NONE',  ( 0.0000000000000000000, 0.07199999999999993900, 0.0000000000000000000 ) ) ;
#1751 = EDGE_LOOP ( 'NONE', ( #1819, #5894, #4566, #2900, #5044 ) ) ;
#1752 = DIRECTION ( 'NONE',  ( 0.0000000000000000000, 1.000000000000000000, 0.0000000000000000000 ) ) ;
#1753 = DIRECTION ( 'NONE',  ( 0.0000000000000000000, -0.01745240643728355000, -0.9998476951563912700 ) ) ;
#1754 = DIRECTION ( 'NONE',  ( 0.08715574274765836000, -0.9961946980917454300, 0.0000000000000000000 ) ) ;
#1755 = ORIENTED_EDGE ( 'NONE', *, *, #5390, .F. ) ;
#1756 = AXIS2_PLACEMENT_3D ( 'NONE', #2115, #2705, #3681 ) ;
#1757 = ORIENTED_EDGE ( 'NONE', *, *, #4353, .F. ) ;
#1758 = DIRECTION ( 'NONE',  ( 0.0000000000000000000, 0.0000000000000000000, 1.000000000000000000 ) ) ;
#1759 = CARTESIAN_POINT ( 'NONE',  ( -0.01499999999999992800, 0.05000000000000000300, 0.6049999999999998700 ) ) ;
#1760 = VECTOR ( 'NONE', #4207, 39.37007874015748100 ) ;
#1761 = CYLINDRICAL_SURFACE ( 'NONE', #313, 0.04999999999999999600 ) ;
#1762 = ORIENTED_EDGE ( 'NONE', *, *, #3691, .T. ) ;
#1763 = CARTESIAN_POINT ( 'NONE',  ( 0.2856149881085800500, 0.05000000000000000300, -0.02499999999999996700 ) ) ;
#1764 = ADVANCED_FACE ( 'NONE', ( #4825 ), #2615, .T. ) ;
#1765 = DIRECTION ( 'NONE',  ( -0.0000000000000000000, -0.0000000000000000000, 1.000000000000000000 ) ) ;
#1766 = VECTOR ( 'NONE', #3905, 39.37007874015748100 ) ;
#1767 = EDGE_CURVE ( 'NONE', #6548, #3316, #4745, .T. ) ;
#1768 = CONICAL_SURFACE ( 'NONE', #5741, 0.1450000000000001800, 0.01745329251994333400 ) ;
#1769 = LINE ( 'NONE', #7538, #6916 ) ;
#1770 = DIRECTION ( 'NONE',  ( -0.01745240643728355000, -0.9998476951563912700, 0.0000000000000000000 ) ) ;
#1771 = ORIENTED_EDGE ( 'NONE', *, *, #5299, .F. ) ;
#1772 = EDGE_CURVE ( 'NONE', #675, #448, #1353, .T. ) ;
#1773 = CARTESIAN_POINT ( 'NONE',  ( 0.2537454433088416300, 0.0000000000000000000, -0.1464999999999987700 ) ) ;
#1774 = LINE ( 'NONE', #4169, #4695 ) ;
#1775 = AXIS2_PLACEMENT_3D ( 'NONE', #2457, #91, #4772 ) ;
#1776 = VERTEX_POINT ( 'NONE', #3809 ) ;
#1777 = VECTOR ( 'NONE', #1781, 39.37007874015748100 ) ;
#1778 = FACE_OUTER_BOUND ( 'NONE', #1732, .T. ) ;
#1779 = CONICAL_SURFACE ( 'NONE', #4703, 0.3999999999999999700, 0.08726646259971666800 ) ;
#1780 = ORIENTED_EDGE ( 'NONE', *, *, #123, .T. ) ;
#1781 = DIRECTION ( 'NONE',  ( -8.789873400495773900E-017, 0.0000000000000000000, -1.000000000000000000 ) ) ;
#1782 = EDGE_CURVE ( 'NONE', #3316, #2018, #7413, .T. ) ;
#1783 = ORIENTED_EDGE ( 'NONE', *, *, #1996, .T. ) ;
#1784 = EDGE_CURVE ( 'NONE', #5618, #5919, #6954, .T. ) ;
#1785 = CARTESIAN_POINT ( 'NONE',  ( -0.02500000000000001200, 0.1809999999999999900, -0.3279016016141764700 ) ) ;
#1786 = ORIENTED_EDGE ( 'NONE', *, *, #5259, .F. ) ;
#1787 = FACE_OUTER_BOUND ( 'NONE', #2287, .T. ) ;
#1788 = VERTEX_POINT ( 'NONE', #2657 ) ;
#1789 = DIRECTION ( 'NONE',  ( -0.0000000000000000000, -0.0000000000000000000, 1.000000000000000000 ) ) ;
#1790 = LINE ( 'NONE', #6404, #6483 ) ;
#1791 = AXIS2_PLACEMENT_3D ( 'NONE', #4056, #6360, #6418 ) ;
#1792 = ORIENTED_EDGE ( 'NONE', *, *, #1331, .F. ) ;
#1793 = AXIS2_PLACEMENT_3D ( 'NONE', #6045, #4950, #823 ) ;
#1794 = B_SPLINE_CURVE_WITH_KNOTS ( 'NONE', 3,
 ( #1008, #5722, #2732, #2753 ),
 .UNSPECIFIED., .F., .F.,
 ( 4, 4 ),
 ( 0.0000000000000000000, 0.0006897512942731961500 ),
 .UNSPECIFIED. ) ;
#1795 = LINE ( 'NONE', #1257, #7409 ) ;
#1796 = FACE_OUTER_BOUND ( 'NONE', #7288, .T. ) ;
#1797 = ORIENTED_EDGE ( 'NONE', *, *, #4121, .F. ) ;
#1798 = CARTESIAN_POINT ( 'NONE',  ( 0.2335281094319531500, 0.3320000000000000200, 0.5633744347874544100 ) ) ;
#1799 = VECTOR ( 'NONE', #7615, 39.37007874015748100 ) ;
#1800 =( LENGTH_UNIT ( ) NAMED_UNIT ( * ) SI_UNIT ( $, .METRE. ) );
#1801 = CIRCLE ( 'NONE', #7342, 0.02926688727301594900 ) ;
#1802 = ORIENTED_EDGE ( 'NONE', *, *, #370, .T. ) ;
#1803 = EDGE_CURVE ( 'NONE', #4911, #688, #5198, .T. ) ;
#1804 = CARTESIAN_POINT ( 'NONE',  ( -0.2126959314294751800, 0.1180000000000000100, 0.0000000000000000000 ) ) ;
#1805 = ADVANCED_FACE ( 'NONE', ( #6133 ), #6745, .T. ) ;
#1806 = VECTOR ( 'NONE', #3955, 39.37007874015748100 ) ;
#1807 = CARTESIAN_POINT ( 'NONE',  ( 0.03426688727301483600, 0.03000000000000000600, -0.2667453213192257900 ) ) ;
#1808 = ORIENTED_EDGE ( 'NONE', *, *, #7616, .F. ) ;
#1809 = CARTESIAN_POINT ( 'NONE',  ( -0.1815624826508941700, 0.0000000000000000000, -0.3006931652423675500 ) ) ;
#1810 = CARTESIAN_POINT ( 'NONE',  ( 0.2335281094319531000, 0.3320000000000000200, 0.5633744347874544100 ) ) ;
#1811 = ORIENTED_EDGE ( 'NONE', *, *, #3586, .T. ) ;
#1812 = B_SPLINE_CURVE_WITH_KNOTS ( 'NONE', 3,
 ( #3298, #5638, #2088, #6184, #2621, #6242, #6800, #5060 ),
 .UNSPECIFIED., .F., .F.,
 ( 4, 2, 2, 4 ),
 ( 0.0000000000000000000, 0.0004207726542400405900, 0.0008415453084800811800, 0.001683090616960162400 ),
 .UNSPECIFIED. ) ;
#1813 = CARTESIAN_POINT ( 'NONE',  ( 2.755455298081544200E-017, 0.1180000000000000100, 0.2249999999999999800 ) ) ;
#1814 = EDGE_CURVE ( 'NONE', #4758, #2241, #7325, .T. ) ;
#1815 = ORIENTED_EDGE ( 'NONE', *, *, #5486, .F. ) ;
#1816 = CARTESIAN_POINT ( 'NONE',  ( -0.2207961939425877900, 0.09398494591035810900, -0.2710744290161735100 ) ) ;
#1817 = CARTESIAN_POINT ( 'NONE',  ( -0.04999999999999985000, 0.3196529882949086200, -0.3465286818953157700 ) ) ;
#1818 = DIRECTION ( 'NONE',  ( 1.241596914330893500E-018, -0.9998476951563912700, 0.01745240643728355000 ) ) ;
#1819 = ORIENTED_EDGE ( 'NONE', *, *, #4436, .F. ) ;
#1820 = DIRECTION ( 'NONE',  ( 0.0000000000000000000, 0.0000000000000000000, -1.000000000000000000 ) ) ;
#1821 = ORIENTED_EDGE ( 'NONE', *, *, #4327, .T. ) ;
#1822 = AXIS2_PLACEMENT_3D ( 'NONE', #1110, #1132, #2863 ) ;
#1823 = AXIS2_PLACEMENT_3D ( 'NONE', #5550, #7331, #2025 ) ;
#1824 = DIRECTION ( 'NONE',  ( 0.0000000000000000000, 0.0000000000000000000, 1.000000000000000000 ) ) ;
#1825 =( NAMED_UNIT ( * ) SI_UNIT ( $, .STERADIAN. ) SOLID_ANGLE_UNIT ( ) );
#1826 = ORIENTED_EDGE ( 'NONE', *, *, #2352, .T. ) ;
#1827 = CARTESIAN_POINT ( 'NONE',  ( -0.2749999999999998600, 0.05000000000000000300, 0.3957531754730548900 ) ) ;
#1828 = EDGE_LOOP ( 'NONE', ( #3402, #2110, #5179, #6369, #4034, #2096 ) ) ;
#1829 = EDGE_CURVE ( 'NONE', #6690, #5367, #1163, .T. ) ;
#1830 = ORIENTED_EDGE ( 'NONE', *, *, #7051, .F. ) ;
#1831 = ORIENTED_EDGE ( 'NONE', *, *, #690, .F. ) ;
#1832 = CARTESIAN_POINT ( 'NONE',  ( 0.03643966433890014100, 0.3209055722269995600, -0.3764641157718292600 ) ) ;
#1833 = AXIS2_PLACEMENT_3D ( 'NONE', #6047, #4852, #6625 ) ;
#1834 = CARTESIAN_POINT ( 'NONE',  ( -0.2126959314294751800, 0.1180000000000000100, 0.4257531754730548600 ) ) ;
#1835 = ORIENTED_EDGE ( 'NONE', *, *, #6181, .F. ) ;
#1836 = EDGE_CURVE ( 'NONE', #2335, #2914, #1075, .T. ) ;
#1837 = CARTESIAN_POINT ( 'NONE',  ( -0.04999999999999985700, 0.3225516473242815400, -0.3417459002078354600 ) ) ;
#1838 = ADVANCED_FACE ( 'NONE', ( #4730 ), #3245, .F. ) ;
#1839 = EDGE_CURVE ( 'NONE', #6474, #5308, #4553, .T. ) ;
#1840 = VERTEX_POINT ( 'NONE', #6776 ) ;
#1841 = PLANE ( 'NONE',  #6778 ) ;
#1842 = VERTEX_POINT ( 'NONE', #3759 ) ;
#1843 = CARTESIAN_POINT ( 'NONE',  ( 0.2337008162261337300, 0.0000000000000000000, 0.5748887444545366400 ) ) ;
#1844 = DIRECTION ( 'NONE',  ( 0.0000000000000000000, 0.0000000000000000000, -1.000000000000000000 ) ) ;
#1845 = LINE ( 'NONE', #3159, #7273 ) ;
#1846 = EDGE_LOOP ( 'NONE', ( #117, #4011, #2639, #2589 ) ) ;
#1847 = CARTESIAN_POINT ( 'NONE',  ( 0.3069495049134791700, 0.2730239867886100600, 0.2273051047930525800 ) ) ;
#1848 = DIRECTION ( 'NONE',  ( -1.000000000000000000, -0.0000000000000000000, 2.276539994720220300E-015 ) ) ;
#1849 = EDGE_CURVE ( 'NONE', #1288, #4878, #5561, .T. ) ;
#1850 = DIRECTION ( 'NONE',  ( -1.000000000000000000, 0.0000000000000000000, 2.134256245050228400E-016 ) ) ;
#1851 = LINE ( 'NONE', #3744, #6824 ) ;
#1852 = CARTESIAN_POINT ( 'NONE',  ( -0.2737956005199529400, 0.1809999999999999900, 0.2635913570623644700 ) ) ;
#1853 = CYLINDRICAL_SURFACE ( 'NONE', #5047, 0.07499999999999998300 ) ;
#1854 = CARTESIAN_POINT ( 'NONE',  ( -0.03426688727301482200, 0.02999999999999999900, 0.0000000000000000000 ) ) ;
#1855 = VERTEX_POINT ( 'NONE', #1500 ) ;
#1856 = CARTESIAN_POINT ( 'NONE',  ( 0.2987956005199530200, 0.1809999999999999900, 0.2292145721527622000 ) ) ;
#1857 = ORIENTED_EDGE ( 'NONE', *, *, #2969, .T. ) ;
#1858 = VECTOR ( 'NONE', #2725, 39.37007874015748100 ) ;
#1859 = DIRECTION ( 'NONE',  ( 5.691349986800544900E-016, -0.0000000000000000000, -1.000000000000000000 ) ) ;
#1860 = LINE ( 'NONE', #3539, #5355 ) ;
#1861 = ORIENTED_EDGE ( 'NONE', *, *, #204, .T. ) ;
#1862 = DIRECTION ( 'NONE',  ( -0.0000000000000000000, -0.0000000000000000000, 1.000000000000000000 ) ) ;
#1863 = EDGE_CURVE ( 'NONE', #5358, #2914, #437, .T. ) ;
#1864 = VERTEX_POINT ( 'NONE', #5519 ) ;
#1865 = CARTESIAN_POINT ( 'NONE',  ( -7.746930033837932900E-017, 0.3370000000000000800, -0.2268626966596885800 ) ) ;
#1866 = DIRECTION ( 'NONE',  ( 0.8191520442889902400, -0.0000000000000000000, 0.5735764363510481600 ) ) ;
#1867 = ORIENTED_EDGE ( 'NONE', *, *, #5513, .F. ) ;
#1868 = EDGE_CURVE ( 'NONE', #3150, #3552, #6498, .T. ) ;
#1869 = CARTESIAN_POINT ( 'NONE',  ( 0.3268019325236991000, 0.1180000000000000100, 0.0000000000000000000 ) ) ;
#1870 = LINE ( 'NONE', #7286, #1516 ) ;
#1871 = CARTESIAN_POINT ( 'NONE',  ( 0.2537454433088416300, -0.2894112549695427900, -0.1464999999999987700 ) ) ;
#1872 = VERTEX_POINT ( 'NONE', #6093 ) ;
#1873 = CARTESIAN_POINT ( 'NONE',  ( 0.0000000000000000000, 0.3310889027325693000, 0.0000000000000000000 ) ) ;
#1874 = AXIS2_PLACEMENT_3D ( 'NONE', #5613, #1466, #5568 ) ;
#1875 = CIRCLE ( 'NONE', #3643, 0.04449999999999999800 ) ;
#1876 = ORIENTED_EDGE ( 'NONE', *, *, #3924, .T. ) ;
#1877 = ADVANCED_FACE ( 'NONE', ( #5389 ), #2001, .T. ) ;
#1878 = FACE_OUTER_BOUND ( 'NONE', #4161, .T. ) ;
#1879 = DIRECTION ( 'NONE',  ( 0.0000000000000000000, 0.0000000000000000000, 1.000000000000000000 ) ) ;
#1880 = AXIS2_PLACEMENT_3D ( 'NONE', #2089, #6162, #973 ) ;
#1881 = CARTESIAN_POINT ( 'NONE',  ( 0.2562605722959221400, 0.0000000000000000000, 0.6098463253555017600 ) ) ;
#1882 = EDGE_LOOP ( 'NONE', ( #2123, #6743, #6520, #2687 ) ) ;
#1883 = CARTESIAN_POINT ( 'NONE',  ( -0.3291060010942237800, 0.1809999999999999900, -0.02500000000000002900 ) ) ;
#1884 = EDGE_CURVE ( 'NONE', #6345, #1297, #2430, .T. ) ;
#1885 = EDGE_CURVE ( 'NONE', #1221, #2628, #6780, .T. ) ;
#1886 = LINE ( 'NONE', #7116, #514 ) ;
#1887 = DIRECTION ( 'NONE',  ( 0.0000000000000000000, 0.0000000000000000000, -1.000000000000000000 ) ) ;
#1888 = VERTEX_POINT ( 'NONE', #2180 ) ;
#1889 = SHAPE_DEFINITION_REPRESENTATION ( #7518, #4295 ) ;
#1891 = DIRECTION ( 'NONE',  ( 0.0000000000000000000, -0.0000000000000000000, 1.000000000000000000 ) ) ;
#1890 = FACE_OUTER_BOUND ( 'NONE', #3780, .T. ) ;
#1892 = DIRECTION ( 'NONE',  ( -1.000000000000000000, 0.0000000000000000000, -2.845674993400272500E-016 ) ) ;
#1893 = CARTESIAN_POINT ( 'NONE',  ( -0.03642004483528828900, 0.2635366807060744400, -0.3815082652754127600 ) ) ;
#1894 = AXIS2_PLACEMENT_3D ( 'NONE', #6633, #3129, #3082 ) ;
#1895 = AXIS2_PLACEMENT_3D ( 'NONE', #6742, #4383, #7353 ) ;
#1896 = VECTOR ( 'NONE', #1035, 39.37007874015748100 ) ;
#1897 = VERTEX_POINT ( 'NONE', #5087 ) ;
#1898 = DIRECTION ( 'NONE',  ( 1.000000000000000000, 0.0000000000000000000, 0.0000000000000000000 ) ) ;
#1899 = CARTESIAN_POINT ( 'NONE',  ( -0.1790675845594638400, 0.1809999999999999900, -0.2993211838512501700 ) ) ;
#1900 = APPLICATION_CONTEXT ( 'automotive_design' ) ;
#1901 = FACE_OUTER_BOUND ( 'NONE', #2187, .T. ) ;
#1902 = CARTESIAN_POINT ( 'NONE',  ( 0.2737956005199528900, 0.1809999999999999900, 0.2160887319551693100 ) ) ;
#1903 = VERTEX_POINT ( 'NONE', #3317 ) ;
#1904 = CARTESIAN_POINT ( 'NONE',  ( 0.3456059578214986100, 0.05000000000000000300, 0.02499999999999977600 ) ) ;
#1905 = VERTEX_POINT ( 'NONE', #3347 ) ;
#1906 = ORIENTED_EDGE ( 'NONE', *, *, #4936, .F. ) ;
#1907 = CARTESIAN_POINT ( 'NONE',  ( -0.04999999999999985700, 0.2630794140713870700, -0.3802521721621817700 ) ) ;
#1908 = VERTEX_POINT ( 'NONE', #7483 ) ;
#1909 = ORIENTED_EDGE ( 'NONE', *, *, #2542, .T. ) ;
#1910 = DIRECTION ( 'NONE',  ( 0.0000000000000000000, 0.0000000000000000000, 1.000000000000000000 ) ) ;
#1911 = ADVANCED_FACE ( 'NONE', ( #2250 ), #1573, .F. ) ;
#1912 = VERTEX_POINT ( 'NONE', #6278 ) ;
#1913 = ORIENTED_EDGE ( 'NONE', *, *, #3830, .F. ) ;
#1914 = DIRECTION ( 'NONE',  ( -1.000000000000000000, -1.440848097924189600E-016, 0.0000000000000000000 ) ) ;
#1915 = PRODUCT_RELATED_PRODUCT_CATEGORY ( 'part', '', ( #1311 ) ) ;
#1916 = CARTESIAN_POINT ( 'NONE',  ( -0.2499999999999999700, 0.0000000000000000000, 0.6298463253555016700 ) ) ;
#1917 = VERTEX_POINT ( 'NONE', #6816 ) ;
#1918 = EDGE_CURVE ( 'NONE', #5046, #7001, #247, .T. ) ;
#1919 = EDGE_CURVE ( 'NONE', #396, #4291, #656, .T. ) ;
#1920 = DIRECTION ( 'NONE',  ( 0.0000000000000000000, 1.000000000000000000, 0.0000000000000000000 ) ) ;
#1921 = CARTESIAN_POINT ( 'NONE',  ( 0.2812567646748319100, 0.0000000000000000000, 0.5994934869845046600 ) ) ;
#1922 = EDGE_LOOP ( 'NONE', ( #6756 ) ) ;
#1923 = DIRECTION ( 'NONE',  ( -0.01744974916068272100, 0.9996954598818874600, 0.01744974916068272800 ) ) ;
#1924 = ORIENTED_EDGE ( 'NONE', *, *, #7636, .F. ) ;
#1925 = CARTESIAN_POINT ( 'NONE',  ( 0.02231656006532032500, 0.04085787398452387500, -0.2541060010942235400 ) ) ;
#1926 = STYLED_ITEM ( 'NONE', ( #3059 ), #6132 ) ;
#1927 = AXIS2_PLACEMENT_3D ( 'NONE', #704, #5994, #3096 ) ;
#1928 = EDGE_LOOP ( 'NONE', ( #1745, #1055, #7422, #5595 ) ) ;
#1929 = DIRECTION ( 'NONE',  ( 0.0000000000000000000, 0.0000000000000000000, 1.000000000000000000 ) ) ;
#1930 = ORIENTED_EDGE ( 'NONE', *, *, #4108, .T. ) ;
#1931 = CARTESIAN_POINT ( 'NONE',  ( 0.2431148992308500800, 0.1358484781434022300, -0.3105830578489209800 ) ) ;
#1932 = EDGE_CURVE ( 'NONE', #7181, #7181, #893, .T. ) ;
#1933 = EDGE_CURVE ( 'NONE', #4231, #7119, #2989, .T. ) ;
#1934 = LINE ( 'NONE', #7316, #563 ) ;
#1935 = CIRCLE ( 'NONE', #3356, 0.3700000000000000000 ) ;
#1936 = VERTEX_POINT ( 'NONE', #2324 ) ;
#1937 = DIRECTION ( 'NONE',  ( -0.0000000000000000000, -1.000000000000000000, -0.0000000000000000000 ) ) ;
#1938 = CARTESIAN_POINT ( 'NONE',  ( -0.3504533827859615500, 0.0000000000000000000, -0.02374323532516825500 ) ) ;
#1939 = ORIENTED_EDGE ( 'NONE', *, *, #6987, .T. ) ;
#1940 = CARTESIAN_POINT ( 'NONE',  ( -0.2500000000000000600, 0.2500000000000000600, 0.5799999999999999600 ) ) ;
#1941 = VECTOR ( 'NONE', #4849, 39.37007874015748100 ) ;
#1942 = FACE_OUTER_BOUND ( 'NONE', #5201, .T. ) ;
#1943 = ADVANCED_FACE ( 'NONE', ( #700 ), #6869, .T. ) ;
#1944 = LINE ( 'NONE', #4570, #6741 ) ;
#1945 = FILL_AREA_STYLE_COLOUR ( '', #5182 ) ;
#1946 = ORIENTED_EDGE ( 'NONE', *, *, #1884, .T. ) ;
#1947 = B_SPLINE_CURVE_WITH_KNOTS ( 'NONE', 3,
 ( #1956, #190, #4855, #7205 ),
 .UNSPECIFIED., .F., .F.,
 ( 4, 4 ),
 ( 0.0000000000000000000, 0.003328034669024139600 ),
 .UNSPECIFIED. ) ;
#1948 = DIRECTION ( 'NONE',  ( 0.01745240643728355000, -0.9998476951563912700, 0.0000000000000000000 ) ) ;
#1949 = EDGE_CURVE ( 'NONE', #6472, #6238, #6229, .T. ) ;
#1950 = DIRECTION ( 'NONE',  ( -0.0000000000000000000, -0.9961946980917454300, 0.08715574274765836000 ) ) ;
#1951 = ORIENTED_EDGE ( 'NONE', *, *, #5544, .F. ) ;
#1952 = CARTESIAN_POINT ( 'NONE',  ( 0.1900262246208218300, 0.0000000000000000000, 0.6548463253555015800 ) ) ;
#1953 = VECTOR ( 'NONE', #6680, 39.37007874015748100 ) ;
#1954 = CIRCLE ( 'NONE', #5082, 0.05199999999999997000 ) ;
#1955 = ORIENTED_EDGE ( 'NONE', *, *, #2156, .F. ) ;
#1956 = CARTESIAN_POINT ( 'NONE',  ( 0.3397833964265855600, 0.05000000000000000300, -0.06793910210276001000 ) ) ;
#1957 = CARTESIAN_POINT ( 'NONE',  ( -0.3846946932065132800, 0.1996943323434158800, 0.05659016412386330700 ) ) ;
#1958 = ORIENTED_EDGE ( 'NONE', *, *, #654, .T. ) ;
#1959 = AXIS2_PLACEMENT_3D ( 'NONE', #5489, #2600, #1914 ) ;
#1960 = LINE ( 'NONE', #2723, #6294 ) ;
#1961 = VERTEX_POINT ( 'NONE', #7410 ) ;
#1962 = LINE ( 'NONE', #6224, #6212 ) ;
#1963 = ORIENTED_EDGE ( 'NONE', *, *, #160, .T. ) ;
#1964 = CARTESIAN_POINT ( 'NONE',  ( -0.3471343367359273100, 0.1373333331055414400, 0.02499999999999996300 ) ) ;
#1965 = EDGE_CURVE ( 'NONE', #499, #2087, #6395, .T. ) ;
#1966 = VECTOR ( 'NONE', #1950, 39.37007874015748100 ) ;
#1967 = CARTESIAN_POINT ( 'NONE',  ( -0.1489999999999999100, 0.2270000000000000100, 0.6098463253555016500 ) ) ;
#1968 = CARTESIAN_POINT ( 'NONE',  ( -0.03500000000000008000, 0.2820000000000000300, 0.6098463253555017600 ) ) ;
#1969 = EDGE_CURVE ( 'NONE', #2422, #1071, #3371, .T. ) ;
#1970 = ORIENTED_EDGE ( 'NONE', *, *, #3380, .T. ) ;
#1971 = CARTESIAN_POINT ( 'NONE',  ( 0.03596529557344013700, 0.3426911086123256000, -0.3572906570718744600 ) ) ;
#1972 = VECTOR ( 'NONE', #4017, 39.37007874015748100 ) ;
#1973 = CIRCLE ( 'NONE', #4022, 0.3465089870143565100 ) ;
#1974 = CARTESIAN_POINT ( 'NONE',  ( 0.2763344363650745400, 0.2820000000000000300, 0.5799278046668345800 ) ) ;
#1975 = ORIENTED_EDGE ( 'NONE', *, *, #4696, .F. ) ;
#1976 = LINE ( 'NONE', #3037, #4909 ) ;
#1977 = ORIENTED_EDGE ( 'NONE', *, *, #849, .T. ) ;
#1978 = CARTESIAN_POINT ( 'NONE',  ( -0.2149999999999999100, 0.2500000000000000600, 0.0000000000000000000 ) ) ;
#1979 = DIRECTION ( 'NONE',  ( -1.000000000000000000, 1.067128122525103100E-016, -0.0000000000000000000 ) ) ;
#1980 = EDGE_CURVE ( 'NONE', #3234, #3719, #1448, .T. ) ;
#1981 = CARTESIAN_POINT ( 'NONE',  ( 0.02999999999999999900, 0.02999999999999999200, -0.2541060010942235400 ) ) ;
#1982 = VERTEX_POINT ( 'NONE', #5703 ) ;
#1983 = EDGE_LOOP ( 'NONE', ( #595 ) ) ;
#1984 = DIRECTION ( 'NONE',  ( -0.0000000000000000000, -1.000000000000000000, -0.0000000000000000000 ) ) ;
#1985 = DIRECTION ( 'NONE',  ( -1.000000000000000000, -1.138269997360109700E-016, 0.0000000000000000000 ) ) ;
#1986 = ADVANCED_FACE ( 'NONE', ( #3624, #2074, #5573 ), #4484, .F. ) ;
#1987 = CARTESIAN_POINT ( 'NONE',  ( -0.04999999999999985700, 0.3304187974361677000, -0.3706280004055446700 ) ) ;
#1988 = CARTESIAN_POINT ( 'NONE',  ( 0.3495756727506393300, 0.04699250366565894300, -0.02456349252779168800 ) ) ;
#1989 = ORIENTED_EDGE ( 'NONE', *, *, #3478, .F. ) ;
#1990 = CARTESIAN_POINT ( 'NONE',  ( 0.2458237094702187000, 0.08333336812769193100, -0.3192284269434580400 ) ) ;
#1991 = DIRECTION ( 'NONE',  ( 0.0000000000000000000, 0.0000000000000000000, 1.000000000000000000 ) ) ;
#1992 = CARTESIAN_POINT ( 'NONE',  ( 0.04999999999999998900, 0.3477824913575907100, -0.3497494871780880100 ) ) ;
#1993 = ORIENTED_EDGE ( 'NONE', *, *, #3393, .F. ) ;
#1994 = DIRECTION ( 'NONE',  ( -1.000000000000000000, -0.0000000000000000000, 3.414809992080329000E-016 ) ) ;
#1995 = DIRECTION ( 'NONE',  ( -8.098456144300827400E-016, 0.0000000000000000000, -1.000000000000000000 ) ) ;
#1996 = EDGE_CURVE ( 'NONE', #2579, #4202, #2704, .T. ) ;
#1997 = VERTEX_POINT ( 'NONE', #4606 ) ;
#1998 = CARTESIAN_POINT ( 'NONE',  ( 0.1948085216560867800, 0.01703834597197049000, 0.6095489199202915900 ) ) ;
#1999 = DIRECTION ( 'NONE',  ( 7.449581485985357300E-018, 0.9998476951563912700, -0.01745240643728355000 ) ) ;
#2000 = ORIENTED_EDGE ( 'NONE', *, *, #5564, .F. ) ;
#2001 = PLANE ( 'NONE',  #2499 ) ;
#2002 = LINE ( 'NONE', #1101, #6886 ) ;
#2003 = ORIENTED_EDGE ( 'NONE', *, *, #3914, .F. ) ;
#2004 = ORIENTED_EDGE ( 'NONE', *, *, #5674, .F. ) ;
#2005 = PLANE ( 'NONE',  #81 ) ;
#2006 = EDGE_CURVE ( 'NONE', #6399, #3336, #5015, .T. ) ;
#2007 = DIRECTION ( 'NONE',  ( 0.0000000000000000000, 1.000000000000000000, 0.0000000000000000000 ) ) ;
#2008 = ORIENTED_EDGE ( 'NONE', *, *, #4467, .F. ) ;
#2009 =( BOUNDED_CURVE ( )  B_SPLINE_CURVE ( 3, ( #1974, #6085, #880, #773 ),
 .UNSPECIFIED., .F., .F. ) 
 B_SPLINE_CURVE_WITH_KNOTS ( ( 4, 4 ),
 ( 2.356346783439931000, 3.641643632446246700 ),
 .UNSPECIFIED. ) 
 CURVE ( )  GEOMETRIC_REPRESENTATION_ITEM ( )  RATIONAL_B_SPLINE_CURVE ( ( 1.000000000000000000, 0.8670075464559319200, 0.8670075464559319200, 1.000000000000000000 ) ) 
 REPRESENTATION_ITEM ( '' )  );
#2010 = EDGE_CURVE ( 'NONE', #6999, #6999, #7128, .T. ) ;
#2011 = ORIENTED_EDGE ( 'NONE', *, *, #5873, .F. ) ;
#2012 = AXIS2_PLACEMENT_3D ( 'NONE', #5899, #577, #1181 ) ;
#2013 = CARTESIAN_POINT ( 'NONE',  ( 0.0000000000000000000, 0.2720000000000000200, 0.2249999999999999800 ) ) ;
#2014 = CARTESIAN_POINT ( 'NONE',  ( 0.2583726193404443600, 0.2820000000000000300, 0.6039140142027947800 ) ) ;
#2015 = B_SPLINE_CURVE_WITH_KNOTS ( 'NONE', 3,
 ( #284, #6169, #1990, #2625 ),
 .UNSPECIFIED., .F., .F.,
 ( 4, 4 ),
 ( 0.0000000000000000000, 0.006351097880516787900 ),
 .UNSPECIFIED. ) ;
#2016 = CARTESIAN_POINT ( 'NONE',  ( 0.1682886461821439300, 0.2500000000000000600, -0.2839272644928843000 ) ) ;
#2017 = AXIS2_PLACEMENT_3D ( 'NONE', #7176, #2957, #3647 ) ;
#2018 = VERTEX_POINT ( 'NONE', #3467 ) ;
#2019 = DIRECTION ( 'NONE',  ( 0.8191520442889913500, -0.0000000000000000000, -0.5735764363510464900 ) ) ;
#2020 = B_SPLINE_CURVE_WITH_KNOTS ( 'NONE', 3,
 ( #6714, #6118, #2607, #4351 ),
 .UNSPECIFIED., .F., .F.,
 ( 4, 4 ),
 ( 0.0000000000000000000, 0.003327909490831093200 ),
 .UNSPECIFIED. ) ;
#2021 = ORIENTED_EDGE ( 'NONE', *, *, #1048, .F. ) ;
#2022 = EDGE_CURVE ( 'NONE', #6481, #1288, #6773, .T. ) ;
#2023 = EDGE_CURVE ( 'NONE', #3679, #4372, #5106, .T. ) ;
#2024 = ADVANCED_FACE ( 'NONE', ( #6860 ), #5784, .T. ) ;
#2025 = DIRECTION ( 'NONE',  ( 0.0000000000000000000, 0.0000000000000000000, -1.000000000000000000 ) ) ;
#2026 = LINE ( 'NONE', #5646, #1031 ) ;
#2027 = DIRECTION ( 'NONE',  ( -0.0000000000000000000, -1.000000000000000000, -0.0000000000000000000 ) ) ;
#2028 = AXIS2_PLACEMENT_3D ( 'NONE', #5024, #905, #3202 ) ;
#2029 = ORIENTED_EDGE ( 'NONE', *, *, #2748, .F. ) ;
#2030 = PLANE ( 'NONE',  #255 ) ;
#2031 = DIRECTION ( 'NONE',  ( 0.0000000000000000000, 1.000000000000000000, 0.0000000000000000000 ) ) ;
#2032 = DIRECTION ( 'NONE',  ( -1.000000000000000000, -0.0000000000000000000, -0.0000000000000000000 ) ) ;
#2033 = B_SPLINE_CURVE_WITH_KNOTS ( 'NONE', 3,
 ( #6138, #1957, #7232, #4305 ),
 .UNSPECIFIED., .F., .F.,
 ( 4, 4 ),
 ( 0.001746727203938124200, 0.006633121516756036000 ),
 .UNSPECIFIED. ) ;
#2034 = CARTESIAN_POINT ( 'NONE',  ( 0.002095274959996808900, 0.2500000000000000600, 0.003629122686541198700 ) ) ;
#2035 = VECTOR ( 'NONE', #579, 39.37007874015748100 ) ;
#2036 = VECTOR ( 'NONE', #1898, 39.37007874015748100 ) ;
#2037 = CARTESIAN_POINT ( 'NONE',  ( -0.2694287613614164100, 0.2820000000000000300, 0.6006722048499374400 ) ) ;
#2038 = VERTEX_POINT ( 'NONE', #4090 ) ;
#2039 = EDGE_LOOP ( 'NONE', ( #7175, #4842, #1047, #2498 ) ) ;
#2040 = CARTESIAN_POINT ( 'NONE',  ( -0.2737956005199530000, 0.1809999999999999900, 0.6049999999999998700 ) ) ;
#2041 = CARTESIAN_POINT ( 'NONE',  ( -0.1675978310204353000, 0.1809999999999999900, -0.2829406781966631300 ) ) ;
#2042 = ORIENTED_EDGE ( 'NONE', *, *, #2602, .T. ) ;
#2043 = DIRECTION ( 'NONE',  ( -0.08682659386424780600, 0.9924325091389671900, -0.08682659386424780600 ) ) ;
#2044 = FACE_OUTER_BOUND ( 'NONE', #7473, .T. ) ;
#2045 = LINE ( 'NONE', #3434, #6290 ) ;
#2046 = CARTESIAN_POINT ( 'NONE',  ( -0.04999999999999985700, 0.3342889492366985500, -0.3439971591465119100 ) ) ;
#2047 = ORIENTED_EDGE ( 'NONE', *, *, #362, .F. ) ;
#2048 = DIRECTION ( 'NONE',  ( 0.0000000000000000000, 1.000000000000000000, 0.0000000000000000000 ) ) ;
#2049 = VERTEX_POINT ( 'NONE', #1654 ) ;
#2050 = VECTOR ( 'NONE', #5690, 39.37007874015748100 ) ;
#2051 = DIRECTION ( 'NONE',  ( 0.0000000000000000000, -0.0000000000000000000, 1.000000000000000000 ) ) ;
#2052 = ORIENTED_EDGE ( 'NONE', *, *, #5754, .T. ) ;
#2053 = VECTOR ( 'NONE', #2488, 39.37007874015748100 ) ;
#2054 = DIRECTION ( 'NONE',  ( 0.0000000000000000000, 0.0000000000000000000, -1.000000000000000000 ) ) ;
#2055 = ORIENTED_EDGE ( 'NONE', *, *, #4770, .T. ) ;
#2056 = CARTESIAN_POINT ( 'NONE',  ( 0.3783722209248434100, 0.2685459796554194300, -0.05808394332383991200 ) ) ;
#2057 = ORIENTED_EDGE ( 'NONE', *, *, #1378, .F. ) ;
#2058 = FACE_OUTER_BOUND ( 'NONE', #7602, .T. ) ;
#2059 = CARTESIAN_POINT ( 'NONE',  ( 0.03974335367152334600, 0.2708212452898842700, -0.3805507969415494200 ) ) ;
#2060 = DIRECTION ( 'NONE',  ( 0.0000000000000000000, -1.000000000000000000, 0.0000000000000000000 ) ) ;
#2061 = ORIENTED_EDGE ( 'NONE', *, *, #3674, .F. ) ;
#2062 = CARTESIAN_POINT ( 'NONE',  ( -0.2999999999999999900, 0.2500000000000000600, 0.2250000000000000300 ) ) ;
#2063 = DIRECTION ( 'NONE',  ( -0.0000000000000000000, -1.000000000000000000, -0.0000000000000000000 ) ) ;
#2064 = AXIS2_PLACEMENT_3D ( 'NONE', #4513, #3931, #5160 ) ;
#2065 = ADVANCED_FACE ( 'NONE', ( #5565 ), #1701, .T. ) ;
#2066 = VECTOR ( 'NONE', #1923, 39.37007874015748100 ) ;
#2067 = ORIENTED_EDGE ( 'NONE', *, *, #2927, .T. ) ;
#2068 = LENGTH_MEASURE_WITH_UNIT ( LENGTH_MEASURE( 0.02539999999999999900 ), #5361 );
#2069 = DIRECTION ( 'NONE',  ( -0.5735764363510459400, -0.0000000000000000000, -0.8191520442889916900 ) ) ;
#2070 = DIRECTION ( 'NONE',  ( 0.9961946980917455500, 0.08715574274765837400, -8.067639073681005900E-016 ) ) ;
#2071 = FACE_OUTER_BOUND ( 'NONE', #3052, .T. ) ;
#2072 = PLANE ( 'NONE',  #4941 ) ;
#2073 = EDGE_CURVE ( 'NONE', #3529, #85, #5190, .T. ) ;
#2074 = FACE_BOUND ( 'NONE', #6427, .T. ) ;
#2075 = CARTESIAN_POINT ( 'NONE',  ( 0.04999999999999995400, 0.3195982360857846400, -0.3615907086703890000 ) ) ;
#2076 = VERTEX_POINT ( 'NONE', #2820 ) ;
#2077 = FILL_AREA_STYLE_COLOUR ( '', #1151 ) ;
#2078 = AXIS2_PLACEMENT_3D ( 'NONE', #1111, #7634, #4030 ) ;
#2079 = LINE ( 'NONE', #5857, #3255 ) ;
#2080 = CARTESIAN_POINT ( 'NONE',  ( 0.2149999999999999700, 0.0000000000000000000, 0.3802779494575575500 ) ) ;
#2081 = EDGE_LOOP ( 'NONE', ( #6041, #4543, #4527, #3143, #5516 ) ) ;
#2082 = CARTESIAN_POINT ( 'NONE',  ( 0.3165578380626040700, 0.3306421776730804100, -0.07476645673309058300 ) ) ;
#2083 = ORIENTED_EDGE ( 'NONE', *, *, #3532, .T. ) ;
#2084 = EDGE_CURVE ( 'NONE', #3211, #3211, #1070, .T. ) ;
#2085 = EDGE_CURVE ( 'NONE', #688, #3097, #6492, .T. ) ;
#2086 = CARTESIAN_POINT ( 'NONE',  ( 0.0000000000000000000, 0.2500000000000000600, 0.5449999999999998200 ) ) ;
#2087 = VERTEX_POINT ( 'NONE', #6982 ) ;
#2088 = CARTESIAN_POINT ( 'NONE',  ( 0.05000000000000001000, 0.3313964273618488200, -0.3155488763154625800 ) ) ;
#2089 = CARTESIAN_POINT ( 'NONE',  ( 0.0000000000000000000, 0.0000000000000000000, 0.0000000000000000000 ) ) ;
#2090 = CARTESIAN_POINT ( 'NONE',  ( -0.2792861670642594100, 0.2500000000000000600, 0.6300000000000000000 ) ) ;
#2091 = VERTEX_POINT ( 'NONE', #500 ) ;
#2092 = DIRECTION ( 'NONE',  ( 0.0000000000000000000, 0.9998476951563912700, -0.01745240643728355000 ) ) ;
#2093 = ORIENTED_EDGE ( 'NONE', *, *, #1066, .F. ) ;
#2094 = CARTESIAN_POINT ( 'NONE',  ( 0.1716273806595561600, 0.2820000000000000300, 0.0000000000000000000 ) ) ;
#2095 = CARTESIAN_POINT ( 'NONE',  ( -0.2249999999999999800, 0.2820000000000000300, 0.5225000000000000800 ) ) ;
#2096 = ORIENTED_EDGE ( 'NONE', *, *, #5136, .F. ) ;
#2097 = EDGE_CURVE ( 'NONE', #2385, #6275, #6683, .T. ) ;
#2098 = VERTEX_POINT ( 'NONE', #6344 ) ;
#2099 = ADVANCED_FACE ( 'NONE', ( #6123 ), #3394, .F. ) ;
#2100 = CARTESIAN_POINT ( 'NONE',  ( 0.2394882809328416100, 0.2685459796554194300, -0.2986379837453332400 ) ) ;
#2101 = ORIENTED_EDGE ( 'NONE', *, *, #2264, .F. ) ;
#2102 = CARTESIAN_POINT ( 'NONE',  ( 0.2637956005199529300, 0.1809999999999999900, 0.0000000000000000000 ) ) ;
#2103 = CARTESIAN_POINT ( 'NONE',  ( -0.1868179269911271800, 0.1083712609226199200, 0.5654074876717974900 ) ) ;
#2104 = ORIENTED_EDGE ( 'NONE', *, *, #5020, .F. ) ;
#2105 = DIRECTION ( 'NONE',  ( 0.9998476951563912700, 0.01745240643728355000, 0.0000000000000000000 ) ) ;
#2106 = EDGE_CURVE ( 'NONE', #3726, #6621, #7037, .T. ) ;
#2107 = ORIENTED_EDGE ( 'NONE', *, *, #4381, .T. ) ;
#2108 = EDGE_CURVE ( 'NONE', #5108, #5191, #2979, .T. ) ;
#2109 = CARTESIAN_POINT ( 'NONE',  ( -0.3422496488359760300, 0.1809999999999999900, 0.06725733278777634700 ) ) ;
#2110 = ORIENTED_EDGE ( 'NONE', *, *, #6358, .F. ) ;
#2111 = AXIS2_PLACEMENT_3D ( 'NONE', #1873, #7164, #5971 ) ;
#2112 = DIRECTION ( 'NONE',  ( 0.8191520442889928000, -0.0000000000000000000, -0.5735764363510447200 ) ) ;
#2113 = DIRECTION ( 'NONE',  ( 0.0000000000000000000, 0.0000000000000000000, -1.000000000000000000 ) ) ;
#2114 = ORIENTED_EDGE ( 'NONE', *, *, #943, .T. ) ;
#2115 = CARTESIAN_POINT ( 'NONE',  ( 0.1500000000000001600, 0.2270000000000000100, 0.6548463253555015800 ) ) ;
#2116 = DIRECTION ( 'NONE',  ( 0.0000000000000000000, 0.0000000000000000000, 1.000000000000000000 ) ) ;
#2117 = DIRECTION ( 'NONE',  ( 0.0000000000000000000, -1.000000000000000000, -0.0000000000000000000 ) ) ;
#2118 = FACE_OUTER_BOUND ( 'NONE', #7314, .T. ) ;
#2119 = CONICAL_SURFACE ( 'NONE', #3825, 0.3499999999999998700, 0.01745329251994333400 ) ;
#2120 = CARTESIAN_POINT ( 'NONE',  ( -0.4008831163260881400, 0.0000000000000000000, 0.05294131171453580300 ) ) ;
#2121 = EDGE_CURVE ( 'NONE', #4397, #6679, #2244, .T. ) ;
#2122 = VERTEX_POINT ( 'NONE', #2273 ) ;
#2123 = ORIENTED_EDGE ( 'NONE', *, *, #5486, .T. ) ;
#2124 = DIRECTION ( 'NONE',  ( -0.0000000000000000000, -0.0000000000000000000, 1.000000000000000000 ) ) ;
#2125 = LINE ( 'NONE', #5426, #1941 ) ;
#2126 = DIRECTION ( 'NONE',  ( 0.01745240643728355000, 0.9998476951563912700, 0.0000000000000000000 ) ) ;
#2127 = FACE_OUTER_BOUND ( 'NONE', #1527, .T. ) ;
#2128 = VECTOR ( 'NONE', #4612, 39.37007874015748100 ) ;
#2129 = VERTEX_POINT ( 'NONE', #1211 ) ;
#2130 = FACE_OUTER_BOUND ( 'NONE', #4618, .T. ) ;
#2131 = CARTESIAN_POINT ( 'NONE',  ( 0.04999999999999995400, 0.3048033090764977200, -0.3628911249742817200 ) ) ;
#2132 = DIRECTION ( 'NONE',  ( 1.000000000000000000, -0.0000000000000000000, -8.537024980200827700E-016 ) ) ;
#2133 = ORIENTED_EDGE ( 'NONE', *, *, #7267, .F. ) ;
#2134 = ADVANCED_FACE ( 'NONE', ( #430 ), #4109, .F. ) ;
#2135 = LINE ( 'NONE', #865, #962 ) ;
#2136 = LINE ( 'NONE', #1076, #5085 ) ;
#2137 = DIRECTION ( 'NONE',  ( 1.000000000000000000, -1.824540099087921600E-017, -2.085458876106028700E-016 ) ) ;
#2138 = ORIENTED_EDGE ( 'NONE', *, *, #6101, .F. ) ;
#2139 = DIRECTION ( 'NONE',  ( 1.000000000000000000, -0.0000000000000000000, 2.845674993400272500E-016 ) ) ;
#2140 = AXIS2_PLACEMENT_3D ( 'NONE', #7263, #4817, #1320 ) ;
#2141 = CARTESIAN_POINT ( 'NONE',  ( -0.08500000000000008900, 0.2820000000000000300, 0.6098463253555017600 ) ) ;
#2142 = DIRECTION ( 'NONE',  ( -1.000000000000000000, 0.0000000000000000000, 2.134256245050204700E-016 ) ) ;
#2143 = ORIENTED_EDGE ( 'NONE', *, *, #4851, .T. ) ;
#2144 = DIRECTION ( 'NONE',  ( -0.0000000000000000000, -0.0000000000000000000, 1.000000000000000000 ) ) ;
#2145 = DIRECTION ( 'NONE',  ( 0.01744974916068274500, 0.9996954598818874600, 0.01744974916068272500 ) ) ;
#2146 = CIRCLE ( 'NONE', #2028, 0.09374323532516830300 ) ;
#2147 = ORIENTED_EDGE ( 'NONE', *, *, #6233, .F. ) ;
#2148 = CARTESIAN_POINT ( 'NONE',  ( -0.3249999999999997900, 0.07199999999999999500, 0.6548463253555015800 ) ) ;
#2149 = FACE_OUTER_BOUND ( 'NONE', #5730, .T. ) ;
#2150 = ORIENTED_EDGE ( 'NONE', *, *, #640, .F. ) ;
#2151 = CARTESIAN_POINT ( 'NONE',  ( 0.3486976781392660000, 0.09400024350338612200, 0.02538401567878812200 ) ) ;
#2152 = VECTOR ( 'NONE', #4042, 39.37007874015748100 ) ;
#2153 = DIRECTION ( 'NONE',  ( -0.8191520442889914700, 0.0000000000000000000, 0.5735764363510464900 ) ) ;
#2154 = FACE_OUTER_BOUND ( 'NONE', #5208, .T. ) ;
#2155 = VERTEX_POINT ( 'NONE', #101 ) ;
#2156 = EDGE_CURVE ( 'NONE', #3386, #5225, #1976, .T. ) ;
#2157 = FACE_OUTER_BOUND ( 'NONE', #1103, .T. ) ;
#2158 = EDGE_CURVE ( 'NONE', #3820, #7430, #3341, .T. ) ;
#2159 = ORIENTED_EDGE ( 'NONE', *, *, #3977, .F. ) ;
#2161 = CARTESIAN_POINT ( 'NONE',  ( 0.2055236343572024400, 0.1809999999999999700, -0.2563847448075998700 ) ) ;
#2160 = LENGTH_MEASURE_WITH_UNIT ( LENGTH_MEASURE( 0.02539999999999999900 ), #1800 );
#2162 = PLANE ( 'NONE',  #5185 ) ;
#2163 = AXIS2_PLACEMENT_3D ( 'NONE', #3303, #7523, #1023 ) ;
#2164 = CONICAL_SURFACE ( 'NONE', #1640, 0.1200000000000000000, 0.01745329251994333400 ) ;
#2165 = CARTESIAN_POINT ( 'NONE',  ( -0.3293637662320544300, 0.0000000000000000000, 0.3036133101074091100 ) ) ;
#2166 = PLANE ( 'NONE',  #323 ) ;
#2167 = ORIENTED_EDGE ( 'NONE', *, *, #2907, .F. ) ;
#2168 = ORIENTED_EDGE ( 'NONE', *, *, #286, .F. ) ;
#2169 = DIRECTION ( 'NONE',  ( -0.8191520442889928000, -0.0000000000000000000, 0.5735764363510447200 ) ) ;
#2170 = CARTESIAN_POINT ( 'NONE',  ( 0.2537454433088416300, 0.2500000000000000600, -0.1464999999999987700 ) ) ;
#2171 = EDGE_CURVE ( 'NONE', #166, #6235, #1886, .T. ) ;
#2172 = EDGE_CURVE ( 'NONE', #1009, #3783, #4546, .T. ) ;
#2173 = DIRECTION ( 'NONE',  ( 0.0000000000000000000, 0.0000000000000000000, -1.000000000000000000 ) ) ;
#2174 = ORIENTED_EDGE ( 'NONE', *, *, #6626, .F. ) ;
#2175 = DIRECTION ( 'NONE',  ( 0.0000000000000000000, -0.9961946980917454300, 0.08715574274765836000 ) ) ;
#2176 = ADVANCED_FACE ( 'NONE', ( #4354 ), #1295, .F. ) ;
#2177 =( GEOMETRIC_REPRESENTATION_CONTEXT ( 3 ) GLOBAL_UNCERTAINTY_ASSIGNED_CONTEXT ( ( #3941 ) ) GLOBAL_UNIT_ASSIGNED_CONTEXT ( ( #4251, #2473, #206 ) ) REPRESENTATION_CONTEXT ( 'NONE', 'WORKASPACE' ) );
#2178 = DIRECTION ( 'NONE',  ( 0.0000000000000000000, -1.000000000000000000, 0.0000000000000000000 ) ) ;
#2179 = ORIENTED_EDGE ( 'NONE', *, *, #2325, .T. ) ;
#2180 = CARTESIAN_POINT ( 'NONE',  ( -0.2763344363650741000, 0.2820000000000000300, 0.2657131823278592900 ) ) ;
#2181 = VERTEX_POINT ( 'NONE', #5948 ) ;
#2182 = CARTESIAN_POINT ( 'NONE',  ( 0.02500000000000001500, 0.1180000000000000100, -0.2891060010942235200 ) ) ;
#2183 = UNCERTAINTY_MEASURE_WITH_UNIT (LENGTH_MEASURE( 1.000000000000000100E-005 ), #1210, 'distance_accuracy_value', 'NONE');
#2184 = EDGE_CURVE ( 'NONE', #6811, #5855, #6309, .T. ) ;
#2185 = DIRECTION ( 'NONE',  ( 1.000000000000000000, -0.0000000000000000000, 0.0000000000000000000 ) ) ;
#2186 = CARTESIAN_POINT ( 'NONE',  ( 2.755455298081544200E-017, 0.0000000000000000000, 0.2249999999999999800 ) ) ;
#2187 = EDGE_LOOP ( 'NONE', ( #3875, #7099, #4732, #4521, #7350, #4750, #3812, #3162, #1180, #2167, #7268, #2647 ) ) ;
#2188 = LINE ( 'NONE', #6321, #4940 ) ;
#2189 = DIRECTION ( 'NONE',  ( -1.000000000000000000, 0.0000000000000000000, 0.0000000000000000000 ) ) ;
#2190 = ORIENTED_EDGE ( 'NONE', *, *, #5979, .T. ) ;
#2191 = DIRECTION ( 'NONE',  ( -1.000000000000000000, 0.0000000000000000000, -2.205398119885211100E-015 ) ) ;
#2192 = CARTESIAN_POINT ( 'NONE',  ( 0.2796159883542620500, 0.09400001245011044300, 0.2098726668919480800 ) ) ;
#2193 = VERTEX_POINT ( 'NONE', #4173 ) ;
#2194 = CARTESIAN_POINT ( 'NONE',  ( -0.1658243898353265500, 0.2500000000000000600, -0.2368217718125487100 ) ) ;
#2195 = ORIENTED_EDGE ( 'NONE', *, *, #7347, .F. ) ;
#2196 = EDGE_CURVE ( 'NONE', #5904, #7076, #5945, .T. ) ;
#2197 = ORIENTED_EDGE ( 'NONE', *, *, #4106, .T. ) ;
#2198 = CARTESIAN_POINT ( 'NONE',  ( -0.3033439735392948800, 0.2849372120697760100, 0.2863115227975001100 ) ) ;
#2199 = CARTESIAN_POINT ( 'NONE',  ( 0.2211275915455751800, 0.1880002567987764700, -0.2686866420621680200 ) ) ;
#2200 = ORIENTED_EDGE ( 'NONE', *, *, #4876, .T. ) ;
#2201 = VERTEX_POINT ( 'NONE', #5916 ) ;
#2202 =( GEOMETRIC_REPRESENTATION_CONTEXT ( 3 ) GLOBAL_UNCERTAINTY_ASSIGNED_CONTEXT ( ( #2742 ) ) GLOBAL_UNIT_ASSIGNED_CONTEXT ( ( #2393, #6590, #3063 ) ) REPRESENTATION_CONTEXT ( 'NONE', 'WORKASPACE' ) );
#2203 = CARTESIAN_POINT ( 'NONE',  ( -2.447186328228990400E-017, 0.2820000000000000300, -0.02866556363492592200 ) ) ;
#2204 = CARTESIAN_POINT ( 'NONE',  ( 0.0000000000000000000, 0.3195982360857846400, 0.0000000000000000000 ) ) ;
#2205 = VECTOR ( 'NONE', #2112, 39.37007874015748100 ) ;
#2206 = ADVANCED_FACE ( 'NONE', ( #7318 ), #6533, .T. ) ;
#2207 = ORIENTED_EDGE ( 'NONE', *, *, #3560, .T. ) ;
#2208 = EDGE_CURVE ( 'NONE', #428, #1388, #2794, .T. ) ;
#2209 = DIRECTION ( 'NONE',  ( -8.098456144300827400E-016, 0.0000000000000000000, -1.000000000000000000 ) ) ;
#2210 = DIRECTION ( 'NONE',  ( 0.01745240643728355000, -0.9998476951563912700, 0.0000000000000000000 ) ) ;
#2211 = DIRECTION ( 'NONE',  ( 0.01745240643728355000, -0.9998476951563912700, -0.0000000000000000000 ) ) ;
#2212 = VECTOR ( 'NONE', #3515, 39.37007874015748100 ) ;
#2213 = LINE ( 'NONE', #718, #4509 ) ;
#2214 = FACE_OUTER_BOUND ( 'NONE', #3007, .T. ) ;
#2215 = ORIENTED_EDGE ( 'NONE', *, *, #1568, .T. ) ;
#2216 = CARTESIAN_POINT ( 'NONE',  ( 0.0000000000000000000, 0.0000000000000000000, 0.0000000000000000000 ) ) ;
#2217 = ADVANCED_FACE ( 'NONE', ( #691 ), #78, .T. ) ;
#2218 = CARTESIAN_POINT ( 'NONE',  ( -0.2335281094319527900, 0.2570000000000000600, 0.5633744347874545300 ) ) ;
#2219 = EDGE_CURVE ( 'NONE', #1936, #1936, #5378, .T. ) ;
#2220 = VERTEX_POINT ( 'NONE', #1843 ) ;
#2221 = VECTOR ( 'NONE', #5403, 39.37007874015748100 ) ;
#2222 = VECTOR ( 'NONE', #771, 39.37007874015748100 ) ;
#2223 = VECTOR ( 'NONE', #2139, 39.37007874015748100 ) ;
#2224 = EDGE_LOOP ( 'NONE', ( #3657, #7432, #5270, #3762 ) ) ;
#2225 = EDGE_CURVE ( 'NONE', #7157, #4338, #4720, .T. ) ;
#2226 = ORIENTED_EDGE ( 'NONE', *, *, #4923, .T. ) ;
#2227 = VECTOR ( 'NONE', #5095, 39.37007874015748100 ) ;
#2228 = ORIENTED_EDGE ( 'NONE', *, *, #5522, .F. ) ;
#2229 = FACE_OUTER_BOUND ( 'NONE', #170, .T. ) ;
#2230 = CIRCLE ( 'NONE', #5478, 0.3521838631533839000 ) ;
#2231 = CARTESIAN_POINT ( 'NONE',  ( -0.2187102347761703500, 0.05000000000000000300, -0.2687644159591591800 ) ) ;
#2232 = DIRECTION ( 'NONE',  ( 0.9998476951563912700, 0.01745240643728355000, 8.788534660202170600E-017 ) ) ;
#2233 = ORIENTED_EDGE ( 'NONE', *, *, #2242, .F. ) ;
#2234 = DIRECTION ( 'NONE',  ( 0.0000000000000000000, 1.000000000000000000, 0.0000000000000000000 ) ) ;
#2235 = VECTOR ( 'NONE', #3734, 39.37007874015748900 ) ;
#2236 = DIRECTION ( 'NONE',  ( 0.0000000000000000000, -0.08715574274765841600, -0.9961946980917456600 ) ) ;
#2237 = ORIENTED_EDGE ( 'NONE', *, *, #7474, .T. ) ;
#2238 = VECTOR ( 'NONE', #1555, 39.37007874015748100 ) ;
#2239 = CARTESIAN_POINT ( 'NONE',  ( 0.03866556363492567500, 0.2820000000000000300, -0.2667453213192257900 ) ) ;
#2240 = PLANE ( 'NONE',  #2711 ) ;
#2241 = VERTEX_POINT ( 'NONE', #3528 ) ;
#2242 = EDGE_CURVE ( 'NONE', #283, #85, #3426, .T. ) ;
#2243 = DIRECTION ( 'NONE',  ( 0.0000000000000000000, 1.000000000000000000, 0.0000000000000000000 ) ) ;
#2244 = LINE ( 'NONE', #4008, #7502 ) ;
#2245 = B_SPLINE_CURVE_WITH_KNOTS ( 'NONE', 3,
 ( #1365, #4312, #180, #4241 ),
 .UNSPECIFIED., .F., .F.,
 ( 4, 4 ),
 ( 0.0000000000000000000, 0.003327909490831093200 ),
 .UNSPECIFIED. ) ;
#2246 = ORIENTED_EDGE ( 'NONE', *, *, #3544, .F. ) ;
#2247 = FACE_OUTER_BOUND ( 'NONE', #1922, .T. ) ;
#2248 = DIRECTION ( 'NONE',  ( 1.000000000000000000, -0.0000000000000000000, 2.845674993400275900E-016 ) ) ;
#2249 = ADVANCED_FACE ( 'NONE', ( #790 ), #3979, .T. ) ;
#2250 = FACE_OUTER_BOUND ( 'NONE', #4198, .T. ) ;
#2251 = CARTESIAN_POINT ( 'NONE',  ( 0.04999999999999998900, 0.3370000000000000800, -0.3407492558152663800 ) ) ;
#2252 = EDGE_LOOP ( 'NONE', ( #866, #661, #292, #7169, #235, #1811, #2822, #584, #7521, #7482, #1703, #6038, #6306, #5323, #3462, #4386, #7555, #3199, #7635, #5835, #5560, #1993 ) ) ;
#2253 = EDGE_CURVE ( 'NONE', #2996, #428, #2020, .T. ) ;
#2254 = EDGE_CURVE ( 'NONE', #574, #6638, #240, .T. ) ;
#2255 = CYLINDRICAL_SURFACE ( 'NONE', #5030, 0.01499999999999997700 ) ;
#2256 = CARTESIAN_POINT ( 'NONE',  ( 0.2115089870143563900, 0.05000000000000000300, 0.4257531754730548600 ) ) ;
#2257 = EDGE_LOOP ( 'NONE', ( #5678 ) ) ;
#2258 = CARTESIAN_POINT ( 'NONE',  ( -0.2537454433088402500, 0.07199999999999999500, 0.02500000000000017800 ) ) ;
#2259 = ORIENTED_EDGE ( 'NONE', *, *, #604, .T. ) ;
#2260 = CARTESIAN_POINT ( 'NONE',  ( -0.2200251867739135000, 0.1809999999999999900, -0.2706423620336975700 ) ) ;
#2261 = AXIS2_PLACEMENT_3D ( 'NONE', #1028, #7448, #986 ) ;
#2262 = ORIENTED_EDGE ( 'NONE', *, *, #4731, .T. ) ;
#2263 = DIRECTION ( 'NONE',  ( 0.0000000000000000000, -0.0000000000000000000, 1.000000000000000000 ) ) ;
#2264 = EDGE_CURVE ( 'NONE', #408, #7589, #4167, .T. ) ;
#2265 = EDGE_CURVE ( 'NONE', #3113, #1903, #3157, .T. ) ;
#2266 = DIRECTION ( 'NONE',  ( 1.000000000000000000, 0.0000000000000000000, 8.537024980200821800E-016 ) ) ;
#2267 = DIRECTION ( 'NONE',  ( 0.0000000000000000000, 0.0000000000000000000, -1.000000000000000000 ) ) ;
#2268 = ORIENTED_EDGE ( 'NONE', *, *, #5417, .F. ) ;
#2269 = CARTESIAN_POINT ( 'NONE',  ( 0.3291060010942237800, 0.2500000000000000600, -0.02499999999999992900 ) ) ;
#2270 = ORIENTED_EDGE ( 'NONE', *, *, #547, .F. ) ;
#2271 = AXIS2_PLACEMENT_3D ( 'NONE', #5963, #4779, #5334 ) ;
#2272 = CARTESIAN_POINT ( 'NONE',  ( 0.2502853976431192500, 0.07199999999999999500, 0.6548463253555014700 ) ) ;
#2273 = CARTESIAN_POINT ( 'NONE',  ( 2.755455298081544200E-017, 0.0000000000000000000, 0.2600000000000000100 ) ) ;
#2274 = CARTESIAN_POINT ( 'NONE',  ( -0.2537454433088418000, 0.0000000000000000000, 0.1464999999999987700 ) ) ;
#2275 = ORIENTED_EDGE ( 'NONE', *, *, #5719, .T. ) ;
#2276 = CARTESIAN_POINT ( 'NONE',  ( 0.3082427117888337800, 0.2635366807060743300, 0.2277309965031663900 ) ) ;
#2277 = ORIENTED_EDGE ( 'NONE', *, *, #4369, .F. ) ;
#2278 = CARTESIAN_POINT ( 'NONE',  ( -0.02620400367957546900, 0.1409773246061732100, -0.3478102891524607100 ) ) ;
#2279 = CARTESIAN_POINT ( 'NONE',  ( 0.0000000000000000000, 0.1180000000000000100, -0.2868019325236987900 ) ) ;
#2280 = EDGE_LOOP ( 'NONE', ( #3060, #886, #2029 ) ) ;
#2281 = AXIS2_PLACEMENT_3D ( 'NONE', #2013, #6733, #3232 ) ;
#2282 = ADVANCED_FACE ( 'NONE', ( #2157 ), #2609, .F. ) ;
#2283 = DIRECTION ( 'NONE',  ( 0.9998476951563912700, 0.01745240643728355000, 6.828579799957062200E-016 ) ) ;
#2284 = PLANE ( 'NONE',  #3225 ) ;
#2285 = ORIENTED_EDGE ( 'NONE', *, *, #943, .F. ) ;
#2286 = CARTESIAN_POINT ( 'NONE',  ( 0.2763420475493220100, 0.2815639555464983800, 0.5799354158510821000 ) ) ;
#2287 = EDGE_LOOP ( 'NONE', ( #5692, #3196, #7146 ) ) ;
#2288 = DIRECTION ( 'NONE',  ( 1.000000000000000000, -0.0000000000000000000, -0.0000000000000000000 ) ) ;
#2289 = CARTESIAN_POINT ( 'NONE',  ( 0.1815624826508938600, 0.0000000000000000000, -0.3006931652423677800 ) ) ;
#2290 = ADVANCED_FACE ( 'NONE', ( #5009 ), #605, .T. ) ;
#2291 = ORIENTED_EDGE ( 'NONE', *, *, #6039, .F. ) ;
#2292 = ORIENTED_EDGE ( 'NONE', *, *, #7549, .F. ) ;
#2293 = CARTESIAN_POINT ( 'NONE',  ( 0.2149999999999999100, 0.2500000000000000600, 0.3957531754730548900 ) ) ;
#2294 = DIRECTION ( 'NONE',  ( -0.0000000000000000000, -0.0000000000000000000, -1.000000000000000000 ) ) ;
#2295 = DIRECTION ( 'NONE',  ( 3.858542363932575100E-016, -0.0000000000000000000, 1.000000000000000000 ) ) ;
#2296 = VECTOR ( 'NONE', #7313, 39.37007874015747400 ) ;
#2297 = CARTESIAN_POINT ( 'NONE',  ( 0.0000000000000000000, 0.1809999999999999900, 0.0000000000000000000 ) ) ;
#2298 = VECTOR ( 'NONE', #878, 39.37007874015748100 ) ;
#2299 = VERTEX_POINT ( 'NONE', #2930 ) ;
#2300 = ORIENTED_EDGE ( 'NONE', *, *, #1996, .F. ) ;
#2301 = DIRECTION ( 'NONE',  ( -0.5735764363510464900, 0.0000000000000000000, 0.8191520442889913500 ) ) ;
#2302 = PLANE ( 'NONE',  #4920 ) ;
#2303 = LINE ( 'NONE', #3266, #1678 ) ;
#2304 = CARTESIAN_POINT ( 'NONE',  ( 0.2856149881085800500, 0.05000000000000000300, 0.02500000000000008500 ) ) ;
#2305 = LINE ( 'NONE', #7142, #1679 ) ;
#2306 = EDGE_CURVE ( 'NONE', #2220, #6887, #883, .T. ) ;
#2307 = EDGE_CURVE ( 'NONE', #4002, #833, #6947, .T. ) ;
#2308 = LINE ( 'NONE', #3743, #572 ) ;
#2309 = CARTESIAN_POINT ( 'NONE',  ( 0.3250000000000000100, 0.2500000000000000600, 0.2331844763272203900 ) ) ;
#2310 = DIRECTION ( 'NONE',  ( 0.0000000000000000000, 0.0000000000000000000, -1.000000000000000000 ) ) ;
#2311 = VERTEX_POINT ( 'NONE', #5376 ) ;
#2312 = CARTESIAN_POINT ( 'NONE',  ( 0.3704808878537301800, 0.2500000000000000600, -0.06048932631988333800 ) ) ;
#2313 = FACE_OUTER_BOUND ( 'NONE', #731, .T. ) ;
#2314 = ORIENTED_EDGE ( 'NONE', *, *, #3439, .T. ) ;
#2315 = CARTESIAN_POINT ( 'NONE',  ( 0.3692056067092729900, 0.1809999999999999900, -0.06079045912828694200 ) ) ;
#2316 = CIRCLE ( 'NONE', #2972, 0.02926688727301594900 ) ;
#2317 = CARTESIAN_POINT ( 'NONE',  ( -0.3456059578214986700, 0.05000000000000000300, 0.02499999999999996300 ) ) ;
#2318 = LINE ( 'NONE', #4165, #2968 ) ;
#2319 = ORIENTED_EDGE ( 'NONE', *, *, #4199, .T. ) ;
#2320 = ADVANCED_FACE ( 'NONE', ( #333 ), #4254, .T. ) ;
#2321 = ORIENTED_EDGE ( 'NONE', *, *, #2225, .T. ) ;
#2322 = CARTESIAN_POINT ( 'NONE',  ( 0.2500076152421804600, 0.2508726203218642500, 0.5799999999999999600 ) ) ;
#2323 = FACE_OUTER_BOUND ( 'NONE', #4846, .T. ) ;
#2324 = CARTESIAN_POINT ( 'NONE',  ( 0.2537454433088416300, 0.0000000000000000000, -0.09449999999999882100 ) ) ;
#2325 = EDGE_CURVE ( 'NONE', #6781, #191, #7219, .T. ) ;
#2326 = EDGE_CURVE ( 'NONE', #2220, #4322, #2512, .T. ) ;
#2327 = VERTEX_POINT ( 'NONE', #3022 ) ;
#2328 = PLANE ( 'NONE',  #165 ) ;
#2329 = CIRCLE ( 'NONE', #6572, 0.03366556363492680100 ) ;
#2330 = ORIENTED_EDGE ( 'NONE', *, *, #2702, .T. ) ;
#2331 = ADVANCED_FACE ( 'NONE', ( #4076 ), #7225, .T. ) ;
#2332 = CYLINDRICAL_SURFACE ( 'NONE', #736, 0.07500000000000002500 ) ;
#2333 = VECTOR ( 'NONE', #6232, 39.37007874015748100 ) ;
#2334 = CARTESIAN_POINT ( 'NONE',  ( 0.1400000000000001500, 0.2999999999999999300, 0.6049999999999998700 ) ) ;
#2335 = VERTEX_POINT ( 'NONE', #6602 ) ;
#2336 = CARTESIAN_POINT ( 'NONE',  ( -0.3422496488359760300, 0.1809999999999999900, 0.06725733278777634700 ) ) ;
#2337 = DIRECTION ( 'NONE',  ( -8.789873400495773900E-017, 0.0000000000000000000, 1.000000000000000000 ) ) ;
#2338 = DIRECTION ( 'NONE',  ( 0.1736225275201534500, -0.9846622838011188600, 0.01718734409611557400 ) ) ;
#2339 = ORIENTED_EDGE ( 'NONE', *, *, #1234, .T. ) ;
#2340 = EDGE_CURVE ( 'NONE', #3719, #2087, #1621, .T. ) ;
#2341 = DIRECTION ( 'NONE',  ( 0.0000000000000000000, 1.000000000000000000, 0.0000000000000000000 ) ) ;
#2342 = CARTESIAN_POINT ( 'NONE',  ( -0.2759539474942861400, 0.0000000000000000000, 0.6550000000000000300 ) ) ;
#2343 = CARTESIAN_POINT ( 'NONE',  ( 0.0000000000000000000, 0.2820000000000000300, 0.2249999999999999800 ) ) ;
#2344 = CIRCLE ( 'NONE', #1099, 0.3487956005199530600 ) ;
#2345 = ORIENTED_EDGE ( 'NONE', *, *, #6853, .T. ) ;
#2346 = DIRECTION ( 'NONE',  ( 1.000000000000000000, -0.0000000000000000000, -2.101421533587894900E-016 ) ) ;
#2347 = VERTEX_POINT ( 'NONE', #209 ) ;
#2348 =( GEOMETRIC_REPRESENTATION_CONTEXT ( 3 ) GLOBAL_UNCERTAINTY_ASSIGNED_CONTEXT ( ( #7277 ) ) GLOBAL_UNIT_ASSIGNED_CONTEXT ( ( #4736, #159, #6013 ) ) REPRESENTATION_CONTEXT ( 'NONE', 'WORKASPACE' ) );
#2349 = AXIS2_PLACEMENT_3D ( 'NONE', #3571, #3549, #692 ) ;
#2350 = CARTESIAN_POINT ( 'NONE',  ( -0.2891060010942235700, 0.2263427696005390100, -0.02500000000000002200 ) ) ;
#2351 = ORIENTED_EDGE ( 'NONE', *, *, #1017, .T. ) ;
#2352 = EDGE_CURVE ( 'NONE', #5567, #4530, #4816, .T. ) ;
#2353 = DIRECTION ( 'NONE',  ( -0.0000000000000000000, -0.0000000000000000000, -1.000000000000000000 ) ) ;
#2354 = EDGE_CURVE ( 'NONE', #3035, #2076, #7591, .T. ) ;
#2355 = CARTESIAN_POINT ( 'NONE',  ( 0.0000000000000000000, 0.0000000000000000000, 0.6098463253555017600 ) ) ;
#2356 = ORIENTED_EDGE ( 'NONE', *, *, #848, .F. ) ;
#2357 = DIRECTION ( 'NONE',  ( 0.0000000000000000000, 0.0000000000000000000, 1.000000000000000000 ) ) ;
#2358 = ORIENTED_EDGE ( 'NONE', *, *, #3010, .F. ) ;
#2359 = CARTESIAN_POINT ( 'NONE',  ( 0.02426688727301488900, 0.03000000000000000600, -0.2887757036459208100 ) ) ;
#2360 = CARTESIAN_POINT ( 'NONE',  ( 0.2812567646748319600, 0.0000000000000000000, 0.2104185045438641800 ) ) ;
#2361 = AXIS2_PLACEMENT_3D ( 'NONE', #701, #5401, #1879 ) ;
#2362 = ORIENTED_EDGE ( 'NONE', *, *, #260, .T. ) ;
#2363 = SPHERICAL_SURFACE ( 'NONE', #7590, 0.01499999999999999900 ) ;
#2364 = CARTESIAN_POINT ( 'NONE',  ( -0.2319261325675203200, -0.02028472703880320300, 0.6102003965830152800 ) ) ;
#2365 = EDGE_CURVE ( 'NONE', #1492, #3913, #1428, .T. ) ;
#2366 = ORIENTED_EDGE ( 'NONE', *, *, #3544, .T. ) ;
#2367 = CARTESIAN_POINT ( 'NONE',  ( 0.3963449574072885900, 0.07199999999999999500, -0.05395066948439687000 ) ) ;
#2368 = DIRECTION ( 'NONE',  ( 1.000000000000000000, -0.0000000000000000000, -0.0000000000000000000 ) ) ;
#2369 = ADVANCED_FACE ( 'NONE', ( #6672 ), #5428, .T. ) ;
#2370 = ORIENTED_EDGE ( 'NONE', *, *, #465, .T. ) ;
#2371 = VERTEX_POINT ( 'NONE', #6642 ) ;
#2372 = DIRECTION ( 'NONE',  ( -0.0000000000000000000, -1.000000000000000000, -0.0000000000000000000 ) ) ;
#2373 = DIRECTION ( 'NONE',  ( 0.0000000000000000000, 0.0000000000000000000, 1.000000000000000000 ) ) ;
#2374 = VERTEX_POINT ( 'NONE', #6671 ) ;
#2375 = ORIENTED_EDGE ( 'NONE', *, *, #5007, .T. ) ;
#2376 = DIRECTION ( 'NONE',  ( -5.479984248353506300E-014, -0.6408069913712793900, -0.7677020254041857500 ) ) ;
#2377 = DIRECTION ( 'NONE',  ( 0.0000000000000000000, 0.0000000000000000000, 1.000000000000000000 ) ) ;
#2378 = ORIENTED_EDGE ( 'NONE', *, *, #6170, .F. ) ;
#2379 = EDGE_CURVE ( 'NONE', #808, #2873, #4255, .T. ) ;
#2380 = CARTESIAN_POINT ( 'NONE',  ( 0.2548897422849520400, 0.2411238125079260600, 0.6550000000000001400 ) ) ;
#2381 = CARTESIAN_POINT ( 'NONE',  ( 0.02500000000000001500, 0.05000000000000000300, -0.2891060010942235200 ) ) ;
#2382 = ORIENTED_EDGE ( 'NONE', *, *, #2265, .F. ) ;
#2383 = VECTOR ( 'NONE', #4857, 39.37007874015748900 ) ;
#2384 = FACE_OUTER_BOUND ( 'NONE', #3930, .T. ) ;
#2385 = VERTEX_POINT ( 'NONE', #780 ) ;
#2386 = CARTESIAN_POINT ( 'NONE',  ( -0.3165578380626040100, 0.3306421776730804100, 0.07476645673309033300 ) ) ;
#2387 = FACE_OUTER_BOUND ( 'NONE', #5536, .T. ) ;
#2388 = CARTESIAN_POINT ( 'NONE',  ( -0.2537454433088401900, 0.0000000000000000000, 0.5748887444545366400 ) ) ;
#2389 = VECTOR ( 'NONE', #6622, 39.37007874015748100 ) ;
#2390 = LINE ( 'NONE', #1385, #5623 ) ;
#2391 = CIRCLE ( 'NONE', #5910, 0.03500000000000000300 ) ;
#2392 = CARTESIAN_POINT ( 'NONE',  ( 0.1874458878495788600, 0.1180000000000000100, -0.2677004711043805600 ) ) ;
#2393 =( CONVERSION_BASED_UNIT ( 'INCH', #2160 ) LENGTH_UNIT ( ) NAMED_UNIT ( #3548 ) );
#2394 = ORIENTED_EDGE ( 'NONE', *, *, #4156, .T. ) ;
#2395 = EDGE_CURVE ( 'NONE', #4021, #552, #2695, .T. ) ;
#2396 = CARTESIAN_POINT ( 'NONE',  ( -0.03499999999999985100, 0.3370000000000000800, -0.3407492558152663800 ) ) ;
#2397 = CIRCLE ( 'NONE', #4168, 0.05000000000000001000 ) ;
#2398 = ORIENTED_EDGE ( 'NONE', *, *, #2982, .F. ) ;
#2399 = ORIENTED_EDGE ( 'NONE', *, *, #6506, .T. ) ;
#2400 = ADVANCED_FACE ( 'NONE', ( #1344 ), #1610, .T. ) ;
#2401 = LINE ( 'NONE', #2950, #6471 ) ;
#2402 = ORIENTED_EDGE ( 'NONE', *, *, #420, .F. ) ;
#2403 = CARTESIAN_POINT ( 'NONE',  ( 0.2715089870143563800, 0.05000000000000001000, -2.386529622953043300E-017 ) ) ;
#2404 = PLANE ( 'NONE',  #5443 ) ;
#2405 = EDGE_CURVE ( 'NONE', #3171, #2435, #7406, .T. ) ;
#2406 = ORIENTED_EDGE ( 'NONE', *, *, #1814, .T. ) ;
#2407 = EDGE_CURVE ( 'NONE', #5233, #4294, #2329, .T. ) ;
#2408 = CARTESIAN_POINT ( 'NONE',  ( 0.2149999999999999700, 0.0000000000000000000, 0.6049999999999998700 ) ) ;
#2409 = ORIENTED_EDGE ( 'NONE', *, *, #3691, .F. ) ;
#2410 = VECTOR ( 'NONE', #1789, 39.37007874015748100 ) ;
#2411 = FACE_OUTER_BOUND ( 'NONE', #4511, .T. ) ;
#2412 = ORIENTED_EDGE ( 'NONE', *, *, #2720, .F. ) ;
#2413 = CARTESIAN_POINT ( 'NONE',  ( 0.2991970670008385900, 0.2039999992859724000, 0.2293498609260355400 ) ) ;
#2414 = FACE_OUTER_BOUND ( 'NONE', #312, .T. ) ;
#2415 = CARTESIAN_POINT ( 'NONE',  ( 0.1500000000000001600, 0.2270000000000000100, 0.6412855825089832700 ) ) ;
#2416 = AXIS2_PLACEMENT_3D ( 'NONE', #4562, #2758, #6272 ) ;
#2417 = VECTOR ( 'NONE', #3774, 39.37007874015748100 ) ;
#2418 = ORIENTED_EDGE ( 'NONE', *, *, #5350, .F. ) ;
#2419 = AXIS2_PLACEMENT_3D ( 'NONE', #2583, #2060, #1480 ) ;
#2420 = LINE ( 'NONE', #5260, #3792 ) ;
#2421 = VECTOR ( 'NONE', #6713, 39.37007874015748100 ) ;
#2422 = VERTEX_POINT ( 'NONE', #3272 ) ;
#2423 = CARTESIAN_POINT ( 'NONE',  ( -0.04999999999999985700, 0.3048033090757144600, -0.3628911249749357500 ) ) ;
#2424 =( NAMED_UNIT ( * ) SI_UNIT ( $, .STERADIAN. ) SOLID_ANGLE_UNIT ( ) );
#2425 = ORIENTED_EDGE ( 'NONE', *, *, #7094, .T. ) ;
#2426 = DIRECTION ( 'NONE',  ( -0.0000000000000000000, -1.000000000000000000, -0.0000000000000000000 ) ) ;
#2427 = CYLINDRICAL_SURFACE ( 'NONE', #950, 0.1450000000000000200 ) ;
#2428 = CARTESIAN_POINT ( 'NONE',  ( -0.3250000000000000100, 0.2500000000000000600, 0.5799999999999999600 ) ) ;
#2429 = AXIS2_PLACEMENT_3D ( 'NONE', #3754, #910, #1449 ) ;
#2430 = LINE ( 'NONE', #989, #1896 ) ;
#2431 = ORIENTED_EDGE ( 'NONE', *, *, #1473, .T. ) ;
#2432 = EDGE_LOOP ( 'NONE', ( #2911, #967, #3064, #7455, #2047, #5685 ) ) ;
#2433 = CARTESIAN_POINT ( 'NONE',  ( 0.1645028303955368100, 0.1180000000000000100, -0.2349343893328211800 ) ) ;
#2434 = FACE_OUTER_BOUND ( 'NONE', #6065, .T. ) ;
#2435 = VERTEX_POINT ( 'NONE', #3932 ) ;
#2436 = DIRECTION ( 'NONE',  ( 1.000000000000000000, -0.0000000000000000000, -0.0000000000000000000 ) ) ;
#2437 = CARTESIAN_POINT ( 'NONE',  ( 0.3249999999999999000, 0.07200000000000000800, 0.2331844763272206100 ) ) ;
#2438 = CARTESIAN_POINT ( 'NONE',  ( -0.3783722209248434100, 0.2685459796554194300, 0.05808394332383972500 ) ) ;
#2439 = ADVANCED_FACE ( 'NONE', ( #3148, #5657 ), #4066, .F. ) ;
#2440 = ORIENTED_EDGE ( 'NONE', *, *, #5421, .T. ) ;
#2441 = DIRECTION ( 'NONE',  ( 0.0000000000000000000, -0.0000000000000000000, 1.000000000000000000 ) ) ;
#2442 = ORIENTED_EDGE ( 'NONE', *, *, #6905, .T. ) ;
#2443 = AXIS2_PLACEMENT_3D ( 'NONE', #4879, #2509, #1400 ) ;
#2444 = CARTESIAN_POINT ( 'NONE',  ( 0.2118329358674950500, 0.1809999999999999700, -0.2589426152309647900 ) ) ;
#2445 = DIRECTION ( 'NONE',  ( 0.0000000000000000000, 1.000000000000000000, 0.0000000000000000000 ) ) ;
#2446 = DIRECTION ( 'NONE',  ( 1.000000000000000000, 0.0000000000000000000, -5.122214988120493100E-015 ) ) ;
#2447 = ORIENTED_EDGE ( 'NONE', *, *, #2630, .F. ) ;
#2448 = DIRECTION ( 'NONE',  ( 0.0000000000000000000, 0.0000000000000000000, -1.000000000000000000 ) ) ;
#2449 = ORIENTED_EDGE ( 'NONE', *, *, #5124, .T. ) ;
#2450 = EDGE_CURVE ( 'NONE', #6795, #4813, #3878, .T. ) ;
#2451 = CARTESIAN_POINT ( 'NONE',  ( -0.01499999999999992800, 0.05000000000000000300, 0.5415089870143563500 ) ) ;
#2452 = VERTEX_POINT ( 'NONE', #970 ) ;
#2453 = DIRECTION ( 'NONE',  ( 0.0000000000000000000, 0.0000000000000000000, -1.000000000000000000 ) ) ;
#2454 = CARTESIAN_POINT ( 'NONE',  ( 0.0000000000000000000, 0.2500000000000000600, 0.0000000000000000000 ) ) ;
#2455 = VERTEX_POINT ( 'NONE', #6897 ) ;
#2456 = AXIS2_PLACEMENT_3D ( 'NONE', #723, #103, #698 ) ;
#2457 = CARTESIAN_POINT ( 'NONE',  ( -0.004999999999999989700, 0.07199999999993737800, -0.2667453213192256300 ) ) ;
#2458 = ORIENTED_EDGE ( 'NONE', *, *, #1254, .T. ) ;
#2459 = CARTESIAN_POINT ( 'NONE',  ( -0.03500000000000006600, 0.2820000000000000300, 0.5649239970457443600 ) ) ;
#2460 = CARTESIAN_POINT ( 'NONE',  ( -0.2537454433088401900, 0.2570000000000000600, 0.1465000000000002400 ) ) ;
#2461 = CARTESIAN_POINT ( 'NONE',  ( -0.2976066153464859700, 0.3320000000000000200, 0.08136274830451514800 ) ) ;
#2462 = EDGE_CURVE ( 'NONE', #168, #1009, #4157, .T. ) ;
#2463 = EDGE_CURVE ( 'NONE', #4322, #1897, #145, .T. ) ;
#2464 = VERTEX_POINT ( 'NONE', #5141 ) ;
#2465 = ORIENTED_EDGE ( 'NONE', *, *, #3495, .F. ) ;
#2466 = PLANE ( 'NONE',  #724 ) ;
#2467 = CARTESIAN_POINT ( 'NONE',  ( 0.2749999999999999700, 0.05000000000000000300, 0.6049999999999998700 ) ) ;
#2468 = PRODUCT_CONTEXT ( 'NONE', #1900, 'mechanical' ) ;
#2469 = CARTESIAN_POINT ( 'NONE',  ( -0.2150000000000001100, 0.2263427696005390100, 0.5449999999999998200 ) ) ;
#2470 = ORIENTED_EDGE ( 'NONE', *, *, #2462, .T. ) ;
#2471 = EDGE_LOOP ( 'NONE', ( #5458, #765, #4249, #3625, #1742, #384, #760, #5869 ) ) ;
#2472 = ADVANCED_FACE ( 'NONE', ( #5843 ), #5093, .T. ) ;
#2473 =( NAMED_UNIT ( * ) PLANE_ANGLE_UNIT ( ) SI_UNIT ( $, .RADIAN. ) );
#2474 = CARTESIAN_POINT ( 'NONE',  ( 0.3000000000000002100, 0.07199999999999999500, 0.5798463253555017300 ) ) ;
#2475 = EDGE_CURVE ( 'NONE', #4219, #3666, #2504, .T. ) ;
#2476 = CARTESIAN_POINT ( 'NONE',  ( 0.01499999999999992800, 0.05000000000000000300, 0.6049999999999998700 ) ) ;
#2477 = FACE_OUTER_BOUND ( 'NONE', #6460, .T. ) ;
#2478 = LINE ( 'NONE', #179, #2036 ) ;
#2479 = VERTEX_POINT ( 'NONE', #6981 ) ;
#2480 = CARTESIAN_POINT ( 'NONE',  ( 1.704198014989538900E-018, 0.04391583284401729500, -0.2541060010942235400 ) ) ;
#2481 = ORIENTED_EDGE ( 'NONE', *, *, #1426, .T. ) ;
#2482 = LINE ( 'NONE', #5359, #5524 ) ;
#2483 = DIRECTION ( 'NONE',  ( 0.0000000000000000000, 0.9998476951563912700, -0.01745240643728355000 ) ) ;
#2484 = LINE ( 'NONE', #2474, #2221 ) ;
#2485 = VECTOR ( 'NONE', #6016, 39.37007874015748100 ) ;
#2486 = CIRCLE ( 'NONE', #4057, 0.01500000000000003400 ) ;
#2487 = VERTEX_POINT ( 'NONE', #994 ) ;
#2488 = DIRECTION ( 'NONE',  ( 2.845674993400275900E-016, -0.0000000000000000000, -1.000000000000000000 ) ) ;
#2489 = EDGE_CURVE ( 'NONE', #4911, #1492, #3705, .T. ) ;
#2490 = ORIENTED_EDGE ( 'NONE', *, *, #2642, .T. ) ;
#2491 = CARTESIAN_POINT ( 'NONE',  ( 0.0000000000000000000, 0.2820000000000000300, 0.0000000000000000000 ) ) ;
#2492 = DIRECTION ( 'NONE',  ( 0.0000000000000000000, 0.0000000000000000000, -1.000000000000000000 ) ) ;
#2493 = CIRCLE ( 'NONE', #6346, 0.3512567646748315800 ) ;
#2494 = EDGE_CURVE ( 'NONE', #7018, #2999, #6110, .T. ) ;
#2495 = LINE ( 'NONE', #4733, #7303 ) ;
#2496 = ORIENTED_EDGE ( 'NONE', *, *, #2225, .F. ) ;
#2497 = CARTESIAN_POINT ( 'NONE',  ( 0.1490000000000002200, 0.2270000000000000100, 0.6058840256167963300 ) ) ;
#2498 = ORIENTED_EDGE ( 'NONE', *, *, #2106, .T. ) ;
#2499 = AXIS2_PLACEMENT_3D ( 'NONE', #3168, #7306, #855 ) ;
#2500 = EDGE_LOOP ( 'NONE', ( #3349, #368, #6983, #5939 ) ) ;
#2501 = CARTESIAN_POINT ( 'NONE',  ( -0.2987956005199530200, 0.1809999999999999900, 0.2830564281319182300 ) ) ;
#2502 = VERTEX_POINT ( 'NONE', #3891 ) ;
#2503 = EDGE_CURVE ( 'NONE', #6091, #4174, #6930, .T. ) ;
#2504 = LINE ( 'NONE', #4488, #3240 ) ;
#2505 = CARTESIAN_POINT ( 'NONE',  ( -0.03000000000000001600, 0.03000000000000003000, -0.2541060010942235400 ) ) ;
#2506 = ORIENTED_EDGE ( 'NONE', *, *, #4610, .T. ) ;
#2507 = VECTOR ( 'NONE', #5876, 39.37007874015748900 ) ;
#2508 = VECTOR ( 'NONE', #3554, 39.37007874015748100 ) ;
#2509 = DIRECTION ( 'NONE',  ( -0.0000000000000000000, -1.000000000000000000, -0.0000000000000000000 ) ) ;
#2510 = DIRECTION ( 'NONE',  ( 4.614608097405848800E-017, 0.0000000000000000000, 1.000000000000000000 ) ) ;
#2511 = ADVANCED_FACE ( 'NONE', ( #4899 ), #3963, .T. ) ;
#2512 = LINE ( 'NONE', #3717, #984 ) ;
#2513 = ORIENTED_EDGE ( 'NONE', *, *, #3046, .F. ) ;
#2514 = CARTESIAN_POINT ( 'NONE',  ( -0.3463701538733174900, 0.09366666643735975500, 0.02499999999999996300 ) ) ;
#2515 = CARTESIAN_POINT ( 'NONE',  ( -0.02493622145166302800, 0.06834612941291089100, -0.2890779563936457500 ) ) ;
#2516 = DIRECTION ( 'NONE',  ( -0.0000000000000000000, -1.000000000000000000, -0.0000000000000000000 ) ) ;
#2517 = FACE_OUTER_BOUND ( 'NONE', #4407, .T. ) ;
#2518 = CARTESIAN_POINT ( 'NONE',  ( -0.1999999999999999600, 0.1050000000000000100, 0.6550000000000000300 ) ) ;
#2519 = ORIENTED_EDGE ( 'NONE', *, *, #1784, .T. ) ;
#2520 = CARTESIAN_POINT ( 'NONE',  ( -0.1489999999999999100, 0.2270000000000000100, 0.6412855825089833800 ) ) ;
#2521 = AXIS2_PLACEMENT_3D ( 'NONE', #2491, #3677, #3132 ) ;
#2522 = VERTEX_POINT ( 'NONE', #373 ) ;
#2523 = PLANE ( 'NONE',  #3742 ) ;
#2524 = ORIENTED_EDGE ( 'NONE', *, *, #6616, .F. ) ;
#2525 = DIRECTION ( 'NONE',  ( 0.0000000000000000000, 0.0000000000000000000, -1.000000000000000000 ) ) ;
#2526 = CARTESIAN_POINT ( 'NONE',  ( -1.704198014989536000E-018, 0.04391583284401729500, -0.2541060010942235400 ) ) ;
#2527 = VERTEX_POINT ( 'NONE', #2743 ) ;
#2528 = CARTESIAN_POINT ( 'NONE',  ( 0.0000000000000000000, 0.3320000000000000200, 0.0000000000000000000 ) ) ;
#2529 = VERTEX_POINT ( 'NONE', #3376 ) ;
#2530 = CARTESIAN_POINT ( 'NONE',  ( -0.03643066005256700300, 0.2947718342579173600, -0.3787620090433244700 ) ) ;
#2531 = EDGE_CURVE ( 'NONE', #5609, #5626, #7493, .T. ) ;
#2532 = DIRECTION ( 'NONE',  ( -0.0000000000000000000, -1.000000000000000000, -0.0000000000000000000 ) ) ;
#2533 = EDGE_CURVE ( 'NONE', #7430, #168, #6219, .T. ) ;
#2534 = VERTEX_POINT ( 'NONE', #4571 ) ;
#2535 = CARTESIAN_POINT ( 'NONE',  ( 0.0000000000000000000, 0.3484906666467847400, 0.0000000000000000000 ) ) ;
#2536 = AXIS2_PLACEMENT_3D ( 'NONE', #1736, #2283, #3507 ) ;
#2537 = EDGE_LOOP ( 'NONE', ( #3325, #6137, #4786, #1362 ) ) ;
#2538 = DIRECTION ( 'NONE',  ( -1.000000000000000000, -1.440848097924190100E-016, 0.0000000000000000000 ) ) ;
#2539 = CARTESIAN_POINT ( 'NONE',  ( -0.1489999999999999100, 0.01064166491038835700, 0.6096605744035466000 ) ) ;
#2540 = CARTESIAN_POINT ( 'NONE',  ( -0.02500000000000001200, 0.2263427696005390100, -0.3491060010942235700 ) ) ;
#2541 = ORIENTED_EDGE ( 'NONE', *, *, #4029, .F. ) ;
#2542 = EDGE_CURVE ( 'NONE', #2722, #439, #2598, .T. ) ;
#2543 = EDGE_CURVE ( 'NONE', #1152, #5026, #43, .T. ) ;
#2544 = ADVANCED_FACE ( 'NONE', ( #782 ), #5194, .T. ) ;
#2545 = DIRECTION ( 'NONE',  ( -0.9998476951563912700, -0.01745240643728366400, 0.0000000000000000000 ) ) ;
#2546 = ORIENTED_EDGE ( 'NONE', *, *, #6737, .F. ) ;
#2547 = CARTESIAN_POINT ( 'NONE',  ( -0.2826306001339337600, 0.3138869971653633400, 0.2708565185021168900 ) ) ;
#2548 = EDGE_LOOP ( 'NONE', ( #4922, #4533, #4110, #6291, #1583, #856 ) ) ;
#2549 = AXIS2_PLACEMENT_3D ( 'NONE', #7404, #6812, #3345 ) ;
#2550 = AXIS2_PLACEMENT_3D ( 'NONE', #864, #5559, #6752 ) ;
#2551 = ORIENTED_EDGE ( 'NONE', *, *, #6140, .T. ) ;
#2552 = DIRECTION ( 'NONE',  ( -0.0000000000000000000, -1.000000000000000000, -0.0000000000000000000 ) ) ;
#2553 = CARTESIAN_POINT ( 'NONE',  ( 0.3279091773523599700, 0.08333334110622463200, 0.2341187580656005600 ) ) ;
#2554 = ORIENTED_EDGE ( 'NONE', *, *, #3956, .F. ) ;
#2555 = CARTESIAN_POINT ( 'NONE',  ( 0.1779719327710642700, 0.07184705962502435600, -0.2977564309335634100 ) ) ;
#2556 = EDGE_CURVE ( 'NONE', #3726, #6781, #4344, .T. ) ;
#2557 = CARTESIAN_POINT ( 'NONE',  ( -0.04999999999999985700, 0.3195982360857846400, -0.3615907086703890600 ) ) ;
#2558 = CARTESIAN_POINT ( 'NONE',  ( 0.2367227325577801200, 0.1809999999999999900, -0.2892844601053605700 ) ) ;
#2559 = VECTOR ( 'NONE', #375, 39.37007874015748900 ) ;
#2560 = LINE ( 'NONE', #363, #839 ) ;
#2561 = AXIS2_PLACEMENT_3D ( 'NONE', #740, #5442, #102 ) ;
#2562 = DIRECTION ( 'NONE',  ( -0.0000000000000000000, -0.0000000000000000000, 1.000000000000000000 ) ) ;
#2563 = ORIENTED_EDGE ( 'NONE', *, *, #3585, .F. ) ;
#2564 = B_SPLINE_CURVE_WITH_KNOTS ( 'NONE', 3,
 ( #5002, #2046, #844, #6735, #6791, #3235, #6688 ),
 .UNSPECIFIED., .F., .F.,
 ( 4, 3, 4 ),
 ( 0.0000000000000000000, 0.0003223779873585755900, 0.0006896404271879253800 ),
 .UNSPECIFIED. ) ;
#2565 = DIRECTION ( 'NONE',  ( 0.0000000000000000000, 0.0000000000000000000, -1.000000000000000000 ) ) ;
#2566 = CARTESIAN_POINT ( 'NONE',  ( -0.1499999999999998600, 0.2520000000000000000, 0.6054476489935908300 ) ) ;
#2567 = B_SPLINE_CURVE_WITH_KNOTS ( 'NONE', 3,
 ( #834, #6682, #1931, #4235 ),
 .UNSPECIFIED., .F., .F.,
 ( 4, 4 ),
 ( 0.001746727203938134600, 0.006633121516756045600 ),
 .UNSPECIFIED. ) ;
#2568 = VECTOR ( 'NONE', #3189, 39.37007874015748100 ) ;
#2569 = FACE_OUTER_BOUND ( 'NONE', #3455, .T. ) ;
#2570 = FACE_OUTER_BOUND ( 'NONE', #778, .T. ) ;
#2571 = CARTESIAN_POINT ( 'NONE',  ( -0.3249999999999999600, 0.07199999999999999500, 0.3008463253555016500 ) ) ;
#2572 = ORIENTED_EDGE ( 'NONE', *, *, #694, .F. ) ;
#2573 = CARTESIAN_POINT ( 'NONE',  ( -0.1489999999999999100, 0.2270000000000000100, 0.6412855825089833800 ) ) ;
#2574 = VECTOR ( 'NONE', #2838, 39.37007874015748100 ) ;
#2575 = EDGE_CURVE ( 'NONE', #1690, #5598, #1790, .T. ) ;
#2576 = DIRECTION ( 'NONE',  ( 0.0000000000000000000, 0.0000000000000000000, -1.000000000000000000 ) ) ;
#2577 = ORIENTED_EDGE ( 'NONE', *, *, #948, .T. ) ;
#2578 = VECTOR ( 'NONE', #4896, 39.37007874015748100 ) ;
#2579 = VERTEX_POINT ( 'NONE', #2825 ) ;
#2580 = FACE_OUTER_BOUND ( 'NONE', #5090, .T. ) ;
#2581 = ORIENTED_EDGE ( 'NONE', *, *, #5754, .F. ) ;
#2582 = CARTESIAN_POINT ( 'NONE',  ( 0.3788322121522763600, 0.2635366807060744400, -0.05797526347565722800 ) ) ;
#2583 = CARTESIAN_POINT ( 'NONE',  ( 0.0000000000000000000, 0.07199999999999999500, 0.0000000000000000000 ) ) ;
#2584 = CARTESIAN_POINT ( 'NONE',  ( -0.2500000000000000600, 0.2500000000000000600, 0.5799999999999999600 ) ) ;
#2585 = B_SPLINE_CURVE_WITH_KNOTS ( 'NONE', 3,
 ( #6969, #6430, #7639, #7539, #7565, #3994, #4013, #4741, #3635, #6511, #3018, #1847, #3577, #139 ),
 .UNSPECIFIED., .F., .F.,
 ( 4, 2, 2, 2, 2, 2, 4 ),
 ( -1.079816117011174900E-005, 0.0007214003436220532000, 0.001453598848414218200, 0.001819698100810299600, 0.002185797353206381000, 0.002551896605602462400, 0.002917995857998544200 ),
 .UNSPECIFIED. ) ;
#2586 = CARTESIAN_POINT ( 'NONE',  ( -0.02866556363492566900, 0.2820000000000000300, -0.2906892406454049100 ) ) ;
#2587 = CARTESIAN_POINT ( 'NONE',  ( 0.1781912310867125000, 0.09369411930782840800, -0.2980696213859384000 ) ) ;
#2588 = STYLED_ITEM ( 'NONE', ( #5192 ), #4544 ) ;
#2589 = ORIENTED_EDGE ( 'NONE', *, *, #6836, .F. ) ;
#2590 = ADVANCED_FACE ( 'NONE', ( #2149, #974, #5097, #4712 ), #4639, .T. ) ;
#2591 = AXIS2_PLACEMENT_3D ( 'NONE', #7355, #2178, #5757 ) ;
#2592 = CIRCLE ( 'NONE', #6911, 0.3487956005199530600 ) ;
#2593 = ORIENTED_EDGE ( 'NONE', *, *, #7297, .F. ) ;
#2594 = LINE ( 'NONE', #4003, #7581 ) ;
#2595 = CARTESIAN_POINT ( 'NONE',  ( 0.0000000000000000000, 0.05000000000000001000, 0.5415089870143563500 ) ) ;
#2596 = ORIENTED_EDGE ( 'NONE', *, *, #3438, .T. ) ;
#2597 = DIRECTION ( 'NONE',  ( -8.789873400495773900E-017, 0.0000000000000000000, -1.000000000000000000 ) ) ;
#2598 = LINE ( 'NONE', #3452, #5936 ) ;
#2599 = CARTESIAN_POINT ( 'NONE',  ( -0.2502853976431189700, 0.07199999999999999500, 0.6548463253555015800 ) ) ;
#2600 = DIRECTION ( 'NONE',  ( -1.440848097924189600E-016, 1.000000000000000000, 0.0000000000000000000 ) ) ;
#2601 = CIRCLE ( 'NONE', #6401, 0.1699999999999999300 ) ;
#2602 = EDGE_CURVE ( 'NONE', #2842, #2726, #7029, .T. ) ;
#2603 = EDGE_LOOP ( 'NONE', ( #3834 ) ) ;
#2604 = DIRECTION ( 'NONE',  ( 0.0000000000000000000, -1.000000000000000000, 0.0000000000000000000 ) ) ;
#2605 = FACE_OUTER_BOUND ( 'NONE', #6354, .T. ) ;
#2606 = CIRCLE ( 'NONE', #4218, 0.01499999999999997700 ) ;
#2607 = CARTESIAN_POINT ( 'NONE',  ( 0.3463701538733174900, 0.09366666643735968600, -0.02499999999999991800 ) ) ;
#2608 = ORIENTED_EDGE ( 'NONE', *, *, #3872, .F. ) ;
#2609 = CONICAL_SURFACE ( 'NONE', #5777, 0.3499999999999998700, 0.01745329251994333400 ) ;
#2610 = ORIENTED_EDGE ( 'NONE', *, *, #1829, .F. ) ;
#2611 = STYLED_ITEM ( 'NONE', ( #3610 ), #2817 ) ;
#2612 = CARTESIAN_POINT ( 'NONE',  ( -0.02866556363492566900, 0.2820000000000000300, 0.0000000000000000000 ) ) ;
#2613 = VECTOR ( 'NONE', #3149, 39.37007874015748100 ) ;
#2614 = DIRECTION ( 'NONE',  ( -1.707404996040162400E-015, -0.0000000000000000000, 1.000000000000000000 ) ) ;
#2615 = CONICAL_SURFACE ( 'NONE', #7545, 0.1699999999999999800, 0.08726646259971666800 ) ;
#2616 = EDGE_CURVE ( 'NONE', #7171, #6134, #4535, .T. ) ;
#2617 = ORIENTED_EDGE ( 'NONE', *, *, #744, .T. ) ;
#2618 = CARTESIAN_POINT ( 'NONE',  ( -0.02500000000000001200, 0.1591803929592584000, -0.3475166619152823000 ) ) ;
#2619 = DIRECTION ( 'NONE',  ( -0.1736481776669307200, -0.9848077530122080200, 0.0000000000000000000 ) ) ;
#2620 = ORIENTED_EDGE ( 'NONE', *, *, #6613, .F. ) ;
#2621 = CARTESIAN_POINT ( 'NONE',  ( 0.05000000000000000300, 0.3272166017116682800, -0.3317022633835005600 ) ) ;
#2622 = TOROIDAL_SURFACE ( 'NONE', #1356, 0.07852810943195293000, 0.07499999999999999700 ) ;
#2623 = CARTESIAN_POINT ( 'NONE',  ( -0.2749999999999998600, 0.05000000000000000300, 0.4257531754730548600 ) ) ;
#2624 = ORIENTED_EDGE ( 'NONE', *, *, #10, .T. ) ;
#2625 = CARTESIAN_POINT ( 'NONE',  ( 0.2462900790175065200, 0.0000000000000000000, -0.3207043068293937700 ) ) ;
#2626 = PLANE ( 'NONE',  #7041 ) ;
#2627 = CARTESIAN_POINT ( 'NONE',  ( 0.05000000000000097400, 0.3419927420907543600, -0.3567149347005907900 ) ) ;
#2628 = VERTEX_POINT ( 'NONE', #1708 ) ;
#2629 = CARTESIAN_POINT ( 'NONE',  ( -0.04999999999999985000, 0.3370000000000000800, -0.2118626966596885700 ) ) ;
#2630 = EDGE_CURVE ( 'NONE', #4174, #3113, #2786, .T. ) ;
#2631 = ORIENTED_EDGE ( 'NONE', *, *, #4528, .F. ) ;
#2632 = ADVANCED_FACE ( 'NONE', ( #3514 ), #2845, .F. ) ;
#2633 = DIRECTION ( 'NONE',  ( -1.000000000000000000, -1.138269997360109700E-016, 1.986857670976281800E-018 ) ) ;
#2634 = EDGE_LOOP ( 'NONE', ( #6966, #5041, #5871, #4205, #5890, #4838 ) ) ;
#2635 = DIRECTION ( 'NONE',  ( 9.499066674453612200E-016, 0.0000000000000000000, 1.000000000000000000 ) ) ;
#2636 = EDGE_LOOP ( 'NONE', ( #677 ) ) ;
#2637 = CARTESIAN_POINT ( 'NONE',  ( -0.1499999999999998600, 0.2270000000000000100, 0.6412855825089833800 ) ) ;
#2638 = PLANE ( 'NONE',  #3836 ) ;
#2639 = ORIENTED_EDGE ( 'NONE', *, *, #1347, .F. ) ;
#2640 = CARTESIAN_POINT ( 'NONE',  ( 0.2450000000000000500, 0.1180000000000000100, 0.5449999999999998200 ) ) ;
#2641 = CARTESIAN_POINT ( 'NONE',  ( 0.3250000000000000100, 0.2500000000000000600, 0.6550000000000000300 ) ) ;
#2642 = EDGE_CURVE ( 'NONE', #4397, #2902, #5742, .T. ) ;
#2643 = ORIENTED_EDGE ( 'NONE', *, *, #1700, .T. ) ;
#2644 = EDGE_CURVE ( 'NONE', #930, #4698, #3384, .T. ) ;
#2645 = CARTESIAN_POINT ( 'NONE',  ( -0.1399999999999998700, 0.2999999999999999300, 0.6049999999999998700 ) ) ;
#2646 = CARTESIAN_POINT ( 'NONE',  ( -0.3249999999999999600, 0.07199999999999999500, 0.3008463253555016500 ) ) ;
#2647 = ORIENTED_EDGE ( 'NONE', *, *, #7446, .F. ) ;
#2648 = DIRECTION ( 'NONE',  ( 0.0000000000000000000, 0.01745240643728355000, 0.9998476951563912700 ) ) ;
#2649 = CARTESIAN_POINT ( 'NONE',  ( 0.3978590911883665400, 0.1666667022781752000, -0.05361176655365989400 ) ) ;
#2650 = CARTESIAN_POINT ( 'NONE',  ( 0.03499999999999998300, 0.3370000000000000800, -0.3407492558152663800 ) ) ;
#2651 = AXIS2_PLACEMENT_3D ( 'NONE', #2693, #4990, #7364 ) ;
#2652 =( NAMED_UNIT ( * ) SI_UNIT ( $, .STERADIAN. ) SOLID_ANGLE_UNIT ( ) );
#2653 = ORIENTED_EDGE ( 'NONE', *, *, #7094, .F. ) ;
#2654 = ORIENTED_EDGE ( 'NONE', *, *, #5033, .F. ) ;
#2655 = EDGE_CURVE ( 'NONE', #7589, #5788, #2585, .T. ) ;
#2656 = EDGE_CURVE ( 'NONE', #2374, #6795, #6389, .T. ) ;
#2657 = CARTESIAN_POINT ( 'NONE',  ( 0.2500000000000001700, 0.07199999999999999500, 0.6298463253555017800 ) ) ;
#2658 = VERTEX_POINT ( 'NONE', #7122 ) ;
#2659 = DIRECTION ( 'NONE',  ( -0.01745240643728355000, 0.9998476951563912700, 0.0000000000000000000 ) ) ;
#2660 = VERTEX_POINT ( 'NONE', #2976 ) ;
#2661 = AXIS2_PLACEMENT_3D ( 'NONE', #851, #3757, #802 ) ;
#2662 = DIRECTION ( 'NONE',  ( 1.067128122525101500E-016, 1.214679925209546000E-032, 1.000000000000000000 ) ) ;
#2663 = CARTESIAN_POINT ( 'NONE',  ( 0.0000000000000000000, 0.2500000000000000600, 0.0000000000000000000 ) ) ;
#2664 = LINE ( 'NONE', #2884, #7278 ) ;
#2665 = LINE ( 'NONE', #2016, #5157 ) ;
#2666 = ADVANCED_FACE ( 'NONE', ( #1062 ), #4795, .F. ) ;
#2667 = VECTOR ( 'NONE', #4638, 39.37007874015748100 ) ;
#2668 = ORIENTED_EDGE ( 'NONE', *, *, #625, .F. ) ;
#2669 = CARTESIAN_POINT ( 'NONE',  ( -0.03592893327070009700, 0.3310889027325693000, -0.3711876698035320200 ) ) ;
#2670 = CARTESIAN_POINT ( 'NONE',  ( 0.05000000000000015500, 0.3370000000000000800, -0.2118626966596886300 ) ) ;
#2671 = AXIS2_PLACEMENT_3D ( 'NONE', #4965, #5571, #7345 ) ;
#2672 = CARTESIAN_POINT ( 'NONE',  ( -0.2891060010942235700, 0.1180000000000000100, -0.02500000000000002200 ) ) ;
#2673 = LINE ( 'NONE', #4358, #3039 ) ;
#2674 = VECTOR ( 'NONE', #1281, 39.37007874015747400 ) ;
#2675 = FACE_OUTER_BOUND ( 'NONE', #4804, .T. ) ;
#2676 = ORIENTED_EDGE ( 'NONE', *, *, #3380, .F. ) ;
#2677 = CONICAL_SURFACE ( 'NONE', #6845, 0.3739239699324998800, 0.01745329251994333400 ) ;
#2678 = CARTESIAN_POINT ( 'NONE',  ( 0.0000000000000000000, 0.02500000000000000100, 0.0000000000000000000 ) ) ;
#2679 = PLANE ( 'NONE',  #2549 ) ;
#2680 = EDGE_LOOP ( 'NONE', ( #2807, #7527, #2042, #1755, #4796, #1595, #5447, #1906, #5223, #3517, #5262, #6792, #7111, #2061, #477, #1474, #6693, #6974, #4474, #526, #6849, #5877, #493, #2011, #6832, #2356, #2990, #2093, #1100, #2418, #6817, #7026, #806, #2398, #3964, #300, #1569, #4150, #6107, #5991, #1649, #273, #4996, #4574, #4748, #4093, #4960, #1280, #3226, #5542 ) ) ;
#2681 = SPHERICAL_SURFACE ( 'NONE', #6247, 0.01499999999999999900 ) ;
#2682 = CIRCLE ( 'NONE', #1791, 0.01499999999999997700 ) ;
#2683 = PLANE ( 'NONE',  #1439 ) ;
#2684 = VERTEX_POINT ( 'NONE', #1904 ) ;
#2685 = CARTESIAN_POINT ( 'NONE',  ( 0.2987956005199530200, 0.1809999999999999900, 0.2250000000000000300 ) ) ;
#2686 = DIRECTION ( 'NONE',  ( 0.1736481776669305800, 0.9848077530122080200, 3.953170214690497800E-017 ) ) ;
#2687 = ORIENTED_EDGE ( 'NONE', *, *, #6503, .F. ) ;
#2688 = EDGE_LOOP ( 'NONE', ( #6392, #6721, #971, #6057 ) ) ;
#2689 = CARTESIAN_POINT ( 'NONE',  ( 0.1400000000000001500, 0.2500000000000000600, 0.6300000000000000000 ) ) ;
#2690 = CARTESIAN_POINT ( 'NONE',  ( 0.0000000000000000000, 0.2500000000000000600, -0.2891060010942235200 ) ) ;
#2691 = ORIENTED_EDGE ( 'NONE', *, *, #848, .T. ) ;
#2692 = DIRECTION ( 'NONE',  ( 0.0000000000000000000, -0.0000000000000000000, -1.000000000000000000 ) ) ;
#2693 = CARTESIAN_POINT ( 'NONE',  ( 0.2537454433088416300, 0.05000000000000001000, -0.1464999999999987700 ) ) ;
#2694 = AXIS2_PLACEMENT_3D ( 'NONE', #7424, #3282, #3869 ) ;
#2695 = LINE ( 'NONE', #7249, #4626 ) ;
#2696 = LINE ( 'NONE', #4475, #147 ) ;
#2697 = ORIENTED_EDGE ( 'NONE', *, *, #6582, .T. ) ;
#2698 = CARTESIAN_POINT ( 'NONE',  ( 0.02500000000000001500, 0.1050000000000000100, 0.6049999999999998700 ) ) ;
#2699 = DIRECTION ( 'NONE',  ( 0.0000000000000000000, -0.01745240643728355000, -0.9998476951563912700 ) ) ;
#2700 = VECTOR ( 'NONE', #4945, 39.37007874015748100 ) ;
#2701 = CARTESIAN_POINT ( 'NONE',  ( 0.2537454433088401900, 0.07199999999999999500, -0.1465000000000003800 ) ) ;
#2702 = EDGE_CURVE ( 'NONE', #2374, #2658, #5553, .T. ) ;
#2703 = EDGE_CURVE ( 'NONE', #4693, #2974, #4616, .T. ) ;
#2704 = LINE ( 'NONE', #7010, #6597 ) ;
#2705 = DIRECTION ( 'NONE',  ( -0.9848077530122080200, -0.1736481776669308300, 0.0000000000000000000 ) ) ;
#2706 = CARTESIAN_POINT ( 'NONE',  ( 0.2252743047917210000, -5.959665188788292200E-019, -0.2695047352653321400 ) ) ;
#2707 = VECTOR ( 'NONE', #2516, 39.37007874015748100 ) ;
#2708 = EDGE_LOOP ( 'NONE', ( #6931 ) ) ;
#2709 = CARTESIAN_POINT ( 'NONE',  ( -0.2450000000000000800, 0.2263427696005390100, 0.6049999999999998700 ) ) ;
#2710 = ADVANCED_FACE ( 'NONE', ( #2414 ), #668, .T. ) ;
#2711 = AXIS2_PLACEMENT_3D ( 'NONE', #5772, #6929, #5695 ) ;
#2712 = AXIS2_PLACEMENT_3D ( 'NONE', #7520, #4514, #5670 ) ;
#2713 = CIRCLE ( 'NONE', #4377, 0.01500000000000000300 ) ;
#2714 = CARTESIAN_POINT ( 'NONE',  ( 0.2488032157621334300, 0.1818726203218642100, 0.6300000000000000000 ) ) ;
#2715 = DIRECTION ( 'NONE',  ( 0.0000000000000000000, -0.0000000000000000000, 1.000000000000000000 ) ) ;
#2716 = ORIENTED_EDGE ( 'NONE', *, *, #1547, .T. ) ;
#2717 = EDGE_LOOP ( 'NONE', ( #5006, #1780, #5483, #5115 ) ) ;
#2718 = CARTESIAN_POINT ( 'NONE',  ( -0.2204611221601867100, 0.0000000000000000000, -0.2734560446318590200 ) ) ;
#2719 = EDGE_CURVE ( 'NONE', #1175, #5329, #3053, .T. ) ;
#2720 = EDGE_CURVE ( 'NONE', #455, #6419, #6764, .T. ) ;
#2721 = CARTESIAN_POINT ( 'NONE',  ( 0.2941207701718985800, 0.07199999999999998100, 0.6548463253555014700 ) ) ;
#2722 = VERTEX_POINT ( 'NONE', #1807 ) ;
#2723 = CARTESIAN_POINT ( 'NONE',  ( 0.1488163490354234000, 0.2500000000000000600, 0.6049999999999998700 ) ) ;
#2724 = CARTESIAN_POINT ( 'NONE',  ( 0.2976066153464859700, 0.3320000000000000200, -0.08136274830451534200 ) ) ;
#2725 = DIRECTION ( 'NONE',  ( 1.000000000000000000, -0.0000000000000000000, -0.0000000000000000000 ) ) ;
#2726 = VERTEX_POINT ( 'NONE', #4196 ) ;
#2727 = CARTESIAN_POINT ( 'NONE',  ( 0.2448951290283087100, 0.07199999999999999500, -0.3162694670343755800 ) ) ;
#2728 = ORIENTED_EDGE ( 'NONE', *, *, #4299, .F. ) ;
#2729 = DIRECTION ( 'NONE',  ( 0.0000000000000000000, -0.01745240643728355000, 0.9998476951563912700 ) ) ;
#2730 = CARTESIAN_POINT ( 'NONE',  ( -0.02500000000000000500, 0.0000000000000000000, 0.3802779494575575500 ) ) ;
#2731 = CARTESIAN_POINT ( 'NONE',  ( 0.0000000000000000000, 0.2220000000000000000, 0.2249999999999999800 ) ) ;
#2732 = CARTESIAN_POINT ( 'NONE',  ( 0.03594661314943657000, 0.3368905400587974300, -0.3642395220488716100 ) ) ;
#2733 = ORIENTED_EDGE ( 'NONE', *, *, #5705, .T. ) ;
#2734 = EDGE_CURVE ( 'NONE', #653, #6690, #1520, .T. ) ;
#2735 = CARTESIAN_POINT ( 'NONE',  ( 0.04378679656440371400, 0.3520000000000000400, -0.2180759000952850200 ) ) ;
#2736 = ORIENTED_EDGE ( 'NONE', *, *, #6584, .F. ) ;
#2737 = CARTESIAN_POINT ( 'NONE',  ( -0.04999999999999985700, 0.3097349520389720000, -0.3624576600019805400 ) ) ;
#2738 = ORIENTED_EDGE ( 'NONE', *, *, #5472, .T. ) ;
#2739 = DIRECTION ( 'NONE',  ( 0.0000000000000000000, 0.0000000000000000000, 1.000000000000000000 ) ) ;
#2740 = AXIS2_PLACEMENT_3D ( 'NONE', #1813, #6697, #6628 ) ;
#2741 = AXIS2_PLACEMENT_3D ( 'NONE', #3678, #230, #3086 ) ;
#2742 = UNCERTAINTY_MEASURE_WITH_UNIT (LENGTH_MEASURE( 1.000000000000000100E-005 ), #2393, 'distance_accuracy_value', 'NONE');
#2743 = CARTESIAN_POINT ( 'NONE',  ( -0.2149999999999999700, 0.0000000000000000000, 0.6049999999999998700 ) ) ;
#2744 = VERTEX_POINT ( 'NONE', #5993 ) ;
#2745 = EDGE_CURVE ( 'NONE', #2299, #2299, #1875, .T. ) ;
#2746 = ORIENTED_EDGE ( 'NONE', *, *, #5370, .F. ) ;
#2747 = ADVANCED_FACE ( 'NONE', ( #6019 ), #1336, .F. ) ;
#2748 = EDGE_CURVE ( 'NONE', #6114, #239, #5834, .T. ) ;
#2749 = CARTESIAN_POINT ( 'NONE',  ( 0.02500000000000001500, 0.1050000000000000100, 0.6550000000000000300 ) ) ;
#2750 = ORIENTED_EDGE ( 'NONE', *, *, #5370, .T. ) ;
#2751 = CARTESIAN_POINT ( 'NONE',  ( 0.3000000000000001600, 0.07199999999999999500, 0.2165640782770769400 ) ) ;
#2752 = EDGE_LOOP ( 'NONE', ( #4009, #2233, #5036, #7427 ) ) ;
#2753 = CARTESIAN_POINT ( 'NONE',  ( 0.03592893327070020200, 0.3310889027325693000, -0.3711876698035319600 ) ) ;
#2754 = AXIS2_PLACEMENT_3D ( 'NONE', #7246, #167, #6641 ) ;
#2755 = ADVANCED_FACE ( 'NONE', ( #3418 ), #509, .T. ) ;
#2756 = LINE ( 'NONE', #3123, #6643 ) ;
#2757 = CIRCLE ( 'NONE', #5682, 0.1486655636349257500 ) ;
#2758 = DIRECTION ( 'NONE',  ( -0.0000000000000000000, -1.000000000000000000, -0.0000000000000000000 ) ) ;
#2759 = EDGE_CURVE ( 'NONE', #1788, #6882, #136, .T. ) ;
#2760 = ORIENTED_EDGE ( 'NONE', *, *, #2196, .T. ) ;
#2761 = DIRECTION ( 'NONE',  ( 1.000000000000000000, -0.0000000000000000000, -5.122214988120493100E-015 ) ) ;
#2762 = CARTESIAN_POINT ( 'NONE',  ( 0.01499999999999992800, 0.2263427696005390100, 0.6049999999999998700 ) ) ;
#2763 = FACE_OUTER_BOUND ( 'NONE', #1095, .T. ) ;
#2764 = CARTESIAN_POINT ( 'NONE',  ( -0.3291060010942237800, 0.2500000000000000600, 0.0000000000000000000 ) ) ;
#2765 = FACE_OUTER_BOUND ( 'NONE', #3995, .T. ) ;
#2766 = VECTOR ( 'NONE', #2799, 39.37007874015748100 ) ;
#2767 = ORIENTED_EDGE ( 'NONE', *, *, #2896, .F. ) ;
#2768 = VECTOR ( 'NONE', #659, 39.37007874015748100 ) ;
#2769 = CARTESIAN_POINT ( 'NONE',  ( -0.3697364499217503100, 0.2269999957244407700, 0.06015852079544767300 ) ) ;
#2770 = ORIENTED_EDGE ( 'NONE', *, *, #6106, .T. ) ;
#2771 = VERTEX_POINT ( 'NONE', #2451 ) ;
#2772 = LINE ( 'NONE', #6318, #7292 ) ;
#2773 = CARTESIAN_POINT ( 'NONE',  ( 0.2868019325236988400, 0.1180000000000000100, 0.0000000000000000000 ) ) ;
#2774 = EDGE_LOOP ( 'NONE', ( #5589, #2519, #5728, #7061, #940, #7457 ) ) ;
#2775 = DIRECTION ( 'NONE',  ( 8.034847040189007300E-016, 0.0000000000000000000, 1.000000000000000000 ) ) ;
#2776 = EDGE_CURVE ( 'NONE', #4656, #191, #4807, .T. ) ;
#2777 = CARTESIAN_POINT ( 'NONE',  ( 0.4008831163260880800, 0.0000000000000000000, -0.05294131171453603900 ) ) ;
#2778 = ORIENTED_EDGE ( 'NONE', *, *, #5325, .F. ) ;
#2779 = ORIENTED_EDGE ( 'NONE', *, *, #4548, .F. ) ;
#2780 = CARTESIAN_POINT ( 'NONE',  ( 0.0000000000000000000, 0.07199999999999993900, 0.0000000000000000000 ) ) ;
#2781 = ORIENTED_EDGE ( 'NONE', *, *, #2543, .T. ) ;
#2782 = LINE ( 'NONE', #716, #1138 ) ;
#2783 = ORIENTED_EDGE ( 'NONE', *, *, #6325, .T. ) ;
#2784 = CARTESIAN_POINT ( 'NONE',  ( 0.02491512375585042500, 0.06713744322930437200, -0.2891908773383731800 ) ) ;
#2785 = ADVANCED_FACE ( 'NONE', ( #6937 ), #1453, .T. ) ;
#2786 = LINE ( 'NONE', #5237, #1244 ) ;
#2787 = ORIENTED_EDGE ( 'NONE', *, *, #6267, .F. ) ;
#2788 = FACE_OUTER_BOUND ( 'NONE', #1434, .T. ) ;
#2789 = CARTESIAN_POINT ( 'NONE',  ( 0.01500000000000006000, 0.2500000000000000600, 0.5449999999999998200 ) ) ;
#2790 = CONICAL_SURFACE ( 'NONE', #5380, 0.3499999999999998700, 0.01745329251994333400 ) ;
#2791 = ORIENTED_EDGE ( 'NONE', *, *, #4984, .T. ) ;
#2792 = AXIS2_PLACEMENT_3D ( 'NONE', #2584, #7362, #3197 ) ;
#2793 = PLANE ( 'NONE',  #6414 ) ;
#2794 = CIRCLE ( 'NONE', #3784, 0.3465089870143565100 ) ;
#2795 = FACE_OUTER_BOUND ( 'NONE', #7361, .T. ) ;
#2796 = EDGE_CURVE ( 'NONE', #2842, #1788, #6208, .T. ) ;
#2797 = EDGE_LOOP ( 'NONE', ( #3373, #75, #7533, #446 ) ) ;
#2798 = ADVANCED_FACE ( 'NONE', ( #1695 ), #5369, .T. ) ;
#2799 = DIRECTION ( 'NONE',  ( -0.0000000000000000000, -0.0000000000000000000, 1.000000000000000000 ) ) ;
#2800 = VECTOR ( 'NONE', #501, 39.37007874015748100 ) ;
#2801 = CARTESIAN_POINT ( 'NONE',  ( -0.2149999999999999700, 0.1050000000000000100, 0.3802779494575575500 ) ) ;
#2802 = AXIS2_PLACEMENT_3D ( 'NONE', #2730, #7396, #5679 ) ;
#2803 = DIRECTION ( 'NONE',  ( -0.08682659386424776400, -0.9924325091389670800, 0.08682659386424780600 ) ) ;
#2804 = VECTOR ( 'NONE', #6890, 39.37007874015748100 ) ;
#2805 = CARTESIAN_POINT ( 'NONE',  ( 0.1773306820098123100, 0.07200000000000000800, 0.6548463253555015800 ) ) ;
#2806 = DIRECTION ( 'NONE',  ( -1.707404996040167700E-015, -0.7677020254041885300, 0.6408069913712759500 ) ) ;
#2807 = ORIENTED_EDGE ( 'NONE', *, *, #5738, .T. ) ;
#2808 = AXIS2_PLACEMENT_3D ( 'NONE', #2216, #5649, #2116 ) ;
#2809 = ORIENTED_EDGE ( 'NONE', *, *, #5977, .F. ) ;
#2810 = PLANE ( 'NONE',  #5570 ) ;
#2811 = EDGE_CURVE ( 'NONE', #5233, #3287, #4998, .T. ) ;
#2812 = EDGE_CURVE ( 'NONE', #324, #5904, #3789, .T. ) ;
#2813 =( BOUNDED_SURFACE ( )  B_SPLINE_SURFACE ( 2, 3, ( 
 ( #3718, #730, #6071, #5431, #2526, #6027, #2480 ),
 ( #751, #172, #4256, #7226, #827, #6673, #1925 ),
 ( #214, #6694, #5452, #2505, #6645, #4302, #1981 ) ),
 .UNSPECIFIED., .F., .T., .F. ) 
 B_SPLINE_SURFACE_WITH_KNOTS ( ( 3, 3 ),
 ( 4, 3, 4 ),
 ( 0.0000000000000000000, 0.8512891575847905100 ),
 ( 0.0000000000000000000, 0.5000000000000000000, 1.000000000000000000 ),
 .UNSPECIFIED. ) 
 GEOMETRIC_REPRESENTATION_ITEM ( )  RATIONAL_B_SPLINE_SURFACE ( (
 ( 1.000000000000000000, 0.3333333333333333100, 0.3333333333333333100, 1.000000000000000000, 0.3333333333333333100, 0.3333333333333333100, 1.000000000000000000),
 ( 1.000000000000000000, 0.3333333333333333100, 0.3333333333333333100, 1.000000000000000000, 0.3333333333333333100, 0.3333333333333333100, 1.000000000000000000),
 ( 1.000000000000000000, 0.3333333333333333100, 0.3333333333333333100, 1.000000000000000000, 0.3333333333333333100, 0.3333333333333333100, 1.000000000000000000) ) ) 
 REPRESENTATION_ITEM ( '' )  SURFACE ( )  );
#2814 = DIRECTION ( 'NONE',  ( 0.0000000000000000000, 0.0000000000000000000, -1.000000000000000000 ) ) ;
#2815 = ORIENTED_EDGE ( 'NONE', *, *, #7358, .T. ) ;
#2816 = AXIS2_PLACEMENT_3D ( 'NONE', #6214, #2031, #6726 ) ;
#2817 = MANIFOLD_SOLID_BREP ( 'Fillet18', #6330 ) ;
#2818 = CARTESIAN_POINT ( 'NONE',  ( 0.3469287882371291400, 0.1880002472464296900, 0.02702479184737564800 ) ) ;
#2819 = ORIENTED_EDGE ( 'NONE', *, *, #3680, .F. ) ;
#2820 = CARTESIAN_POINT ( 'NONE',  ( 0.2150000000000001400, 0.1050000000000000100, 0.6049999999999998700 ) ) ;
#2821 = VECTOR ( 'NONE', #3513, 39.37007874015748100 ) ;
#2822 = ORIENTED_EDGE ( 'NONE', *, *, #2642, .F. ) ;
#2823 = CARTESIAN_POINT ( 'NONE',  ( -0.2249999999999999800, 0.2920000000000000400, 0.5225000000000000800 ) ) ;
#2824 = CARTESIAN_POINT ( 'NONE',  ( -0.03500000000000008000, 0.1879115048814716500, 0.6065663178370366300 ) ) ;
#2825 = CARTESIAN_POINT ( 'NONE',  ( -0.2999999999999999900, 0.07199999999999999500, 0.2839245829002378700 ) ) ;
#2826 = VERTEX_POINT ( 'NONE', #1354 ) ;
#2827 = PLANE ( 'NONE',  #325 ) ;
#2828 = AXIS2_PLACEMENT_3D ( 'NONE', #6661, #3038, #7215 ) ;
#2829 = ORIENTED_EDGE ( 'NONE', *, *, #2575, .T. ) ;
#2830 = ADVANCED_FACE ( 'NONE', ( #3673 ), #296, .T. ) ;
#2831 = ORIENTED_EDGE ( 'NONE', *, *, #317, .T. ) ;
#2832 = B_SPLINE_CURVE_WITH_KNOTS ( 'NONE', 3,
 ( #1809, #5893, #2941, #670 ),
 .UNSPECIFIED., .F., .F.,
 ( 4, 4 ),
 ( 0.05331326646498836500, 0.06047842586312780800 ),
 .UNSPECIFIED. ) ;
#2833 = CARTESIAN_POINT ( 'NONE',  ( 0.3993717820782893800, 0.08333336812769194500, -0.05327536378200124800 ) ) ;
#2834 = ORIENTED_EDGE ( 'NONE', *, *, #5898, .F. ) ;
#2835 = CARTESIAN_POINT ( 'NONE',  ( 0.02500000000000000500, 0.0000000000000000000, 0.6049999999999998700 ) ) ;
#2836 = DIRECTION ( 'NONE',  ( 0.0000000000000000000, -1.000000000000000000, 0.0000000000000000000 ) ) ;
#2837 = ORIENTED_EDGE ( 'NONE', *, *, #3816, .F. ) ;
#2838 = DIRECTION ( 'NONE',  ( -3.252199992457456200E-016, 1.000000000000000000, 0.0000000000000000000 ) ) ;
#2839 = DIRECTION ( 'NONE',  ( 0.0000000000000000000, 0.0000000000000000000, 1.000000000000000000 ) ) ;
#2840 = CARTESIAN_POINT ( 'NONE',  ( -0.1717614994372713400, 0.0000000000000000000, 0.2039057755110341700 ) ) ;
#2841 = ORIENTED_EDGE ( 'NONE', *, *, #4469, .F. ) ;
#2842 = VERTEX_POINT ( 'NONE', #6718 ) ;
#2843 = AXIS2_PLACEMENT_3D ( 'NONE', #6397, #542, #1770 ) ;
#2844 = CARTESIAN_POINT ( 'NONE',  ( -0.2987956005199530200, 0.1809999999999999900, 0.5799999999999999600 ) ) ;
#2845 = PLANE ( 'NONE',  #1202 ) ;
#2846 = DIRECTION ( 'NONE',  ( 2.205398119885211100E-015, 0.0000000000000000000, -1.000000000000000000 ) ) ;
#2847 = ORIENTED_EDGE ( 'NONE', *, *, #5310, .F. ) ;
#2848 = CARTESIAN_POINT ( 'NONE',  ( 0.0000000000000000000, 0.2820000000000000300, 0.0000000000000000000 ) ) ;
#2849 = ORIENTED_EDGE ( 'NONE', *, *, #5350, .T. ) ;
#2850 = EDGE_CURVE ( 'NONE', #4015, #5919, #749, .T. ) ;
#2851 = DIRECTION ( 'NONE',  ( 1.000000000000000000, 0.0000000000000000000, -3.414809992080329000E-016 ) ) ;
#2852 = VECTOR ( 'NONE', #538, 39.37007874015748100 ) ;
#2853 = VECTOR ( 'NONE', #158, 39.37007874015748100 ) ;
#2854 = VERTEX_POINT ( 'NONE', #523 ) ;
#2855 = EDGE_LOOP ( 'NONE', ( #3589 ) ) ;
#2856 = AXIS2_PLACEMENT_3D ( 'NONE', #7532, #6398, #525 ) ;
#2857 = CARTESIAN_POINT ( 'NONE',  ( -0.1999999999999999600, 0.1050000000000000100, 0.6049999999999998700 ) ) ;
#2858 = ADVANCED_FACE ( 'NONE', ( #2477 ), #2523, .T. ) ;
#2859 = LINE ( 'NONE', #6151, #4506 ) ;
#2860 = FACE_OUTER_BOUND ( 'NONE', #1283, .T. ) ;
#2861 = LINE ( 'NONE', #1730, #1589 ) ;
#2862 = CARTESIAN_POINT ( 'NONE',  ( -0.03499999999999985800, 0.3195982360857846400, -0.3615907086703890600 ) ) ;
#2863 = DIRECTION ( 'NONE',  ( 0.0000000000000000000, 0.9961946980917454300, -0.08715574274765836000 ) ) ;
#2864 = ORIENTED_EDGE ( 'NONE', *, *, #7210, .F. ) ;
#2865 = EDGE_CURVE ( 'NONE', #2937, #2937, #6913, .T. ) ;
#2866 = EDGE_CURVE ( 'NONE', #776, #2049, #5335, .T. ) ;
#2867 = VECTOR ( 'NONE', #5290, 39.37007874015748100 ) ;
#2868 = DIRECTION ( 'NONE',  ( -0.0000000000000000000, -1.000000000000000000, -0.0000000000000000000 ) ) ;
#2869 = ORIENTED_EDGE ( 'NONE', *, *, #536, .T. ) ;
#2870 = VECTOR ( 'NONE', #1096, 39.37007874015748100 ) ;
#2871 = ADVANCED_FACE ( 'NONE', ( #1670 ), #5474, .T. ) ;
#2872 = CARTESIAN_POINT ( 'NONE',  ( -0.02702452478340185800, 0.1879849471616152900, -0.3469256246570983100 ) ) ;
#2873 = VERTEX_POINT ( 'NONE', #6090 ) ;
#2874 = DIRECTION ( 'NONE',  ( 0.0000000000000000000, 0.0000000000000000000, 1.000000000000000000 ) ) ;
#2875 = VECTOR ( 'NONE', #6124, 39.37007874015748100 ) ;
#2876 = CARTESIAN_POINT ( 'NONE',  ( 0.04000000000000001500, 0.1050000000000000100, 0.3802779494575575500 ) ) ;
#2877 = VERTEX_POINT ( 'NONE', #3212 ) ;
#2878 = CARTESIAN_POINT ( 'NONE',  ( 0.2763344363650746000, 0.2820000000000000300, 0.1465000000000003000 ) ) ;
#2879 = ORIENTED_EDGE ( 'NONE', *, *, #7405, .T. ) ;
#2880 = FACE_OUTER_BOUND ( 'NONE', #4104, .T. ) ;
#2881 = ORIENTED_EDGE ( 'NONE', *, *, #3351, .F. ) ;
#2882 = EDGE_CURVE ( 'NONE', #3903, #4055, #657, .T. ) ;
#2883 = VECTOR ( 'NONE', #5405, 39.37007874015748100 ) ;
#2884 = CARTESIAN_POINT ( 'NONE',  ( 0.0000000000000000000, 0.2820000000000000300, 0.5502169413402260300 ) ) ;
#2885 = ORIENTED_EDGE ( 'NONE', *, *, #2703, .T. ) ;
#2886 = VECTOR ( 'NONE', #3938, 39.37007874015748100 ) ;
#2887 = LINE ( 'NONE', #1471, #1160 ) ;
#2888 = AXIS2_PLACEMENT_3D ( 'NONE', #6919, #6873, #530 ) ;
#2889 = VECTOR ( 'NONE', #4492, 39.37007874015748100 ) ;
#2890 = CARTESIAN_POINT ( 'NONE',  ( 0.2126959314294751800, 0.1180000000000000100, 0.3957531754730548900 ) ) ;
#2891 = CARTESIAN_POINT ( 'NONE',  ( 0.0000000000000000000, 0.02500000000000000100, 0.1325000000000000100 ) ) ;
#2892 = FACE_OUTER_BOUND ( 'NONE', #6282, .T. ) ;
#2893 = CARTESIAN_POINT ( 'NONE',  ( -0.08500000000000008900, 0.0000000000000000000, 0.6098463253555017600 ) ) ;
#2894 = ORIENTED_EDGE ( 'NONE', *, *, #4064, .T. ) ;
#2895 = EDGE_CURVE ( 'NONE', #2464, #653, #4780, .T. ) ;
#2896 = EDGE_CURVE ( 'NONE', #6788, #930, #5344, .T. ) ;
#2897 = CIRCLE ( 'NONE', #5974, 0.07499999999999998300 ) ;
#2898 = CARTESIAN_POINT ( 'NONE',  ( -0.3693128365087002300, 0.2039999956905108900, 0.06026195205605845000 ) ) ;
#2899 = CARTESIAN_POINT ( 'NONE',  ( 0.0000000000000000000, 0.05000000000000000300, 0.0000000000000000000 ) ) ;
#2900 = ORIENTED_EDGE ( 'NONE', *, *, #2326, .T. ) ;
#2901 = DIRECTION ( 'NONE',  ( 0.0000000000000000000, 0.0000000000000000000, 1.000000000000000000 ) ) ;
#2902 = VERTEX_POINT ( 'NONE', #1475 ) ;
#2903 = CARTESIAN_POINT ( 'NONE',  ( -0.1872033639606328300, 0.2820000000000000300, -0.2173772260318134200 ) ) ;
#2904 = DIRECTION ( 'NONE',  ( 0.8191520442889904700, -0.0000000000000000000, 0.5735764363510480500 ) ) ;
#2905 = ORIENTED_EDGE ( 'NONE', *, *, #3186, .F. ) ;
#2906 = CARTESIAN_POINT ( 'NONE',  ( 0.2749999999999999100, 0.1180000000000000100, 0.3957531754730548900 ) ) ;
#2907 = EDGE_CURVE ( 'NONE', #1961, #1224, #4971, .T. ) ;
#2908 = CARTESIAN_POINT ( 'NONE',  ( 0.03499999999999993400, 0.2520000000000000000, 0.6054476489935909400 ) ) ;
#2909 = ADVANCED_FACE ( 'NONE', ( #487 ), #3796, .T. ) ;
#2910 = EDGE_LOOP ( 'NONE', ( #1558, #6700, #1857, #5701 ) ) ;
#2911 = ORIENTED_EDGE ( 'NONE', *, *, #524, .F. ) ;
#2912 = CARTESIAN_POINT ( 'NONE',  ( 2.755455298081544200E-017, 0.1180000000000000100, 0.2600000000000000100 ) ) ;
#2913 = DIRECTION ( 'NONE',  ( -1.067128122525101500E-016, 0.0000000000000000000, -1.000000000000000000 ) ) ;
#2914 = VERTEX_POINT ( 'NONE', #884 ) ;
#2915 = EDGE_LOOP ( 'NONE', ( #5860 ) ) ;
#2916 = PLANE ( 'NONE',  #4166 ) ;
#2917 = DIRECTION ( 'NONE',  ( 0.0000000000000000000, -0.0000000000000000000, 1.000000000000000000 ) ) ;
#2918 = VERTEX_POINT ( 'NONE', #6175 ) ;
#2919 = CARTESIAN_POINT ( 'NONE',  ( 0.0000000000000000000, 0.05000000000000001000, 0.0000000000000000000 ) ) ;
#2920 = DIRECTION ( 'NONE',  ( 1.000000000000000000, 0.0000000000000000000, 0.0000000000000000000 ) ) ;
#2921 = EDGE_LOOP ( 'NONE', ( #7185, #2992, #6708, #2057, #6417 ) ) ;
#2922 = PLANE ( 'NONE',  #2012 ) ;
#2923 = ORIENTED_EDGE ( 'NONE', *, *, #2462, .F. ) ;
#2924 = PLANE ( 'NONE',  #1504 ) ;
#2925 = CARTESIAN_POINT ( 'NONE',  ( -0.1962991837738664300, 0.0000000000000000000, 0.1465000000000002400 ) ) ;
#2926 = ORIENTED_EDGE ( 'NONE', *, *, #4121, .T. ) ;
#2927 = EDGE_CURVE ( 'NONE', #3756, #5889, #111, .T. ) ;
#2928 = EDGE_LOOP ( 'NONE', ( #3897, #5915, #3652, #87 ) ) ;
#2929 = CARTESIAN_POINT ( 'NONE',  ( -0.04000000000000000800, 0.1050000000000000000, 0.3802779494575575500 ) ) ;
#2930 = CARTESIAN_POINT ( 'NONE',  ( 0.0000000000000000000, 0.0000000000000000000, 0.2694999999999999600 ) ) ;
#2931 = EDGE_CURVE ( 'NONE', #1673, #1673, #7178, .T. ) ;
#2932 = DIRECTION ( 'NONE',  ( 0.0000000000000000000, 0.0000000000000000000, 1.000000000000000000 ) ) ;
#2933 = TOROIDAL_SURFACE ( 'NONE', #1265, 0.07852810943195297200, 0.07499999999999999700 ) ;
#2934 = CARTESIAN_POINT ( 'NONE',  ( 0.02500000000000000100, 0.09366666643735979700, -0.3463701538733174900 ) ) ;
#2935 = CONICAL_SURFACE ( 'NONE', #1249, 0.3480016025220789000, 0.8726646259971626600 ) ;
#2936 = AXIS2_PLACEMENT_3D ( 'NONE', #5221, #7024, #573 ) ;
#2937 = VERTEX_POINT ( 'NONE', #2891 ) ;
#2938 = VERTEX_POINT ( 'NONE', #896 ) ;
#2939 = ADVANCED_FACE ( 'NONE', ( #1217 ), #2638, .F. ) ;
#2940 = AXIS2_PLACEMENT_3D ( 'NONE', #4917, #1411, #1991 ) ;
#2941 = CARTESIAN_POINT ( 'NONE',  ( -0.1768527645364368600, 0.1880002472440318300, -0.2996882099081071800 ) ) ;
#2942 = CARTESIAN_POINT ( 'NONE',  ( 0.2648693537401584100, 0.1681238518643816400, 0.6550000000000001400 ) ) ;
#2943 = CIRCLE ( 'NONE', #2816, 0.3750000000000000600 ) ;
#2944 = VECTOR ( 'NONE', #5620, 39.37007874015748100 ) ;
#2945 = EDGE_CURVE ( 'NONE', #2455, #541, #1851, .T. ) ;
#2946 = EDGE_CURVE ( 'NONE', #6441, #6333, #5530, .T. ) ;
#2947 = FACE_OUTER_BOUND ( 'NONE', #61, .T. ) ;
#2948 = CARTESIAN_POINT ( 'NONE',  ( 0.04999999999999996100, 0.3207910853869606100, -0.3751616126695474500 ) ) ;
#2949 = ORIENTED_EDGE ( 'NONE', *, *, #6905, .F. ) ;
#2950 = CARTESIAN_POINT ( 'NONE',  ( -0.1638220270477658800, 0.05000000000000001000, -0.2339621013887194000 ) ) ;
#2951 = CONICAL_SURFACE ( 'NONE', #5317, 0.1450000000000000200, 0.01745329251994333400 ) ;
#2952 = DIRECTION ( 'NONE',  ( 0.0000000000000000000, -0.9998476951563912700, -0.01745240643728355000 ) ) ;
#2953 = ORIENTED_EDGE ( 'NONE', *, *, #4840, .F. ) ;
#2954 = CARTESIAN_POINT ( 'NONE',  ( -0.04999999999999985700, 0.3320000000000000200, -0.3044496580875977200 ) ) ;
#2955 = AXIS2_PLACEMENT_3D ( 'NONE', #7060, #7158, #1820 ) ;
#2956 = EDGE_LOOP ( 'NONE', ( #7135, #4869, #1259, #6411 ) ) ;
#2957 = DIRECTION ( 'NONE',  ( 0.0000000000000000000, 1.000000000000000000, 0.0000000000000000000 ) ) ;
#2958 = AXIS2_PLACEMENT_3D ( 'NONE', #253, #831, #996 ) ;
#2959 = VECTOR ( 'NONE', #623, 39.37007874015748100 ) ;
#2960 = ORIENTED_EDGE ( 'NONE', *, *, #2644, .F. ) ;
#2961 = DIRECTION ( 'NONE',  ( 0.0000000000000000000, 1.000000000000000000, 0.0000000000000000000 ) ) ;
#2962 = ORIENTED_EDGE ( 'NONE', *, *, #465, .F. ) ;
#2963 = CARTESIAN_POINT ( 'NONE',  ( -0.2149999999999999700, 0.0000000000000000000, 0.6049999999999998700 ) ) ;
#2964 = FACE_OUTER_BOUND ( 'NONE', #6612, .T. ) ;
#2965 = APPLICATION_CONTEXT ( 'automotive_design' ) ;
#2966 = VERTEX_POINT ( 'NONE', #6182 ) ;
#2967 = CARTESIAN_POINT ( 'NONE',  ( 0.1797601749091649000, 0.05000000000000000300, -0.3003103053786641000 ) ) ;
#2968 = VECTOR ( 'NONE', #4755, 39.37007874015748100 ) ;
#2969 = EDGE_CURVE ( 'NONE', #4646, #1842, #2943, .T. ) ;
#2970 = ORIENTED_EDGE ( 'NONE', *, *, #2945, .F. ) ;
#2971 = CARTESIAN_POINT ( 'NONE',  ( 0.3250000000000002300, 0.07199999999999999500, 0.6548463253555014700 ) ) ;
#2972 = AXIS2_PLACEMENT_3D ( 'NONE', #4039, #1119, #3379 ) ;
#2973 = VECTOR ( 'NONE', #727, 39.37007874015748100 ) ;
#2974 = VERTEX_POINT ( 'NONE', #5637 ) ;
#2975 = CIRCLE ( 'NONE', #2936, 0.05000000000000001000 ) ;
#2976 = CARTESIAN_POINT ( 'NONE',  ( -0.3659421544613724600, 0.0000000000000000000, 0.05464741154134431600 ) ) ;
#2977 = FACE_OUTER_BOUND ( 'NONE', #4714, .T. ) ;
#2978 = ORIENTED_EDGE ( 'NONE', *, *, #4469, .T. ) ;
#2979 = LINE ( 'NONE', #6965, #53 ) ;
#2980 = VERTEX_POINT ( 'NONE', #7383 ) ;
#2981 = B_SPLINE_CURVE_WITH_KNOTS ( 'NONE', 3,
 ( #3813, #1534, #6157, #398 ),
 .UNSPECIFIED., .F., .F.,
 ( 4, 4 ),
 ( 0.0000000000000000000, 0.006351097880516788800 ),
 .UNSPECIFIED. ) ;
#2982 = EDGE_CURVE ( 'NONE', #2049, #1917, #6552, .T. ) ;
#2984 = DIRECTION ( 'NONE',  ( 7.114187483500681200E-017, 0.0000000000000000000, 1.000000000000000000 ) ) ;
#2983 = LINE ( 'NONE', #2182, #3421 ) ;
#2985 = LINE ( 'NONE', #1262, #891 ) ;
#2986 = DIRECTION ( 'NONE',  ( -0.0000000000000000000, -1.000000000000000000, -0.0000000000000000000 ) ) ;
#2987 = CARTESIAN_POINT ( 'NONE',  ( -0.3744766599845121800, 0.2828706188981611700, 0.05901113771590330700 ) ) ;
#2988 = ADVANCED_FACE ( 'NONE', ( #1402 ), #5040, .T. ) ;
#2989 = LINE ( 'NONE', #3291, #3248 ) ;
#2990 = ORIENTED_EDGE ( 'NONE', *, *, #3724, .F. ) ;
#2991 = CARTESIAN_POINT ( 'NONE',  ( -0.02426688727301482700, 0.02999999999999999900, -0.2887757036459208100 ) ) ;
#2992 = ORIENTED_EDGE ( 'NONE', *, *, #2997, .T. ) ;
#2993 = AXIS2_PLACEMENT_3D ( 'NONE', #3500, #380, #5025 ) ;
#2994 = CARTESIAN_POINT ( 'NONE',  ( 0.0000000000000000000, 0.3320000000000000200, 0.0000000000000000000 ) ) ;
#2995 =( CONVERSION_BASED_UNIT ( 'INCH', #2068 ) LENGTH_UNIT ( ) NAMED_UNIT ( #3739 ) );
#2996 = VERTEX_POINT ( 'NONE', #923 ) ;
#2997 = EDGE_CURVE ( 'NONE', #4291, #507, #7516, .T. ) ;
#2998 = DIRECTION ( 'NONE',  ( 1.241596914330893500E-018, -0.9998476951563912700, 0.01745240643728355000 ) ) ;
#2999 = VERTEX_POINT ( 'NONE', #5527 ) ;
#3000 = CARTESIAN_POINT ( 'NONE',  ( 1.235468992871141000E-015, 0.1180000000000000100, 0.5426959314294745900 ) ) ;
#3002 = ORIENTED_EDGE ( 'NONE', *, *, #821, .T. ) ;
#3001 = CARTESIAN_POINT ( 'NONE',  ( 0.2759539474942860900, 0.0000000000000000000, 0.6550000000000000300 ) ) ;
#3003 = DIRECTION ( 'NONE',  ( 0.0000000000000000000, 0.0000000000000000000, 1.000000000000000000 ) ) ;
#3004 = PLANE ( 'NONE',  #458 ) ;
#3005 = AXIS2_PLACEMENT_3D ( 'NONE', #2899, #1140, #2917 ) ;
#3006 = ORIENTED_EDGE ( 'NONE', *, *, #3364, .T. ) ;
#3007 = EDGE_LOOP ( 'NONE', ( #7421 ) ) ;
#3008 = DIRECTION ( 'NONE',  ( 0.0000000000000000000, 0.0000000000000000000, 1.000000000000000000 ) ) ;
#3009 = DIRECTION ( 'NONE',  ( 0.0000000000000000000, 0.0000000000000000000, -1.000000000000000000 ) ) ;
#3010 = EDGE_CURVE ( 'NONE', #3729, #4055, #5244, .T. ) ;
#3011 = ORIENTED_EDGE ( 'NONE', *, *, #2494, .T. ) ;
#3012 = ORIENTED_EDGE ( 'NONE', *, *, #3263, .F. ) ;
#3013 = DIRECTION ( 'NONE',  ( 0.01744974916068284900, -0.9996954598818874600, 0.01744974916068272100 ) ) ;
#3014 = DIRECTION ( 'NONE',  ( -0.0000000000000000000, -1.000000000000000000, -0.0000000000000000000 ) ) ;
#3015 = DIRECTION ( 'NONE',  ( -1.000000000000000000, 0.0000000000000000000, -0.0000000000000000000 ) ) ;
#3016 = ORIENTED_EDGE ( 'NONE', *, *, #4968, .T. ) ;
#3017 = ADVANCED_FACE ( 'NONE', ( #5805 ), #3221, .T. ) ;
#3018 = CARTESIAN_POINT ( 'NONE',  ( 0.3043478074067189600, 0.2821404026582540700, 0.2264450397755855800 ) ) ;
#3019 = CARTESIAN_POINT ( 'NONE',  ( -0.2749999999999998600, 0.1180000000000000100, 0.4257531754730548600 ) ) ;
#3020 = ORIENTED_EDGE ( 'NONE', *, *, #2006, .F. ) ;
#3021 = EDGE_CURVE ( 'NONE', #3509, #5889, #2664, .T. ) ;
#3022 = CARTESIAN_POINT ( 'NONE',  ( -0.2115089870143563900, 0.05000000000000000300, 0.3957531754730548900 ) ) ;
#3023 = ORIENTED_EDGE ( 'NONE', *, *, #744, .F. ) ;
#3024 = CARTESIAN_POINT ( 'NONE',  ( 0.2400000000000002700, 0.07199999999999999500, 0.1465000000000002400 ) ) ;
#3025 = FACE_BOUND ( 'NONE', #1983, .T. ) ;
#3026 = CARTESIAN_POINT ( 'NONE',  ( 0.3082427117888337800, 0.2635366807060743300, 0.2277309965031663900 ) ) ;
#3027 = ORIENTED_EDGE ( 'NONE', *, *, #3410, .F. ) ;
#3028 = DIRECTION ( 'NONE',  ( 0.0000000000000000000, -1.000000000000000000, 0.0000000000000000000 ) ) ;
#3029 = VECTOR ( 'NONE', #4670, 39.37007874015748100 ) ;
#3030 = EDGE_CURVE ( 'NONE', #798, #6466, #3767, .T. ) ;
#3031 = FACE_OUTER_BOUND ( 'NONE', #6766, .T. ) ;
#3032 = VECTOR ( 'NONE', #4007, 39.37007874015748100 ) ;
#3033 = B_SPLINE_CURVE_WITH_KNOTS ( 'NONE', 3,
 ( #1386, #6064, #5493, #3163 ),
 .UNSPECIFIED., .F., .F.,
 ( 4, 4 ),
 ( 0.001748848934257418100, 0.006640625653845741300 ),
 .UNSPECIFIED. ) ;
#3034 = DIRECTION ( 'NONE',  ( 0.0000000000000000000, 0.0000000000000000000, 1.000000000000000000 ) ) ;
#3035 = VERTEX_POINT ( 'NONE', #6413 ) ;
#3036 = EDGE_CURVE ( 'NONE', #3587, #3587, #3849, .T. ) ;
#3037 = CARTESIAN_POINT ( 'NONE',  ( 0.2562681834801696100, -0.0004360444535016524800, 0.6098539365397491800 ) ) ;
#3038 = DIRECTION ( 'NONE',  ( -0.5734890778816120700, 0.01745240643728355000, 0.8190272834649932100 ) ) ;
#3039 = VECTOR ( 'NONE', #2633, 39.37007874015748100 ) ;
#3040 = VECTOR ( 'NONE', #162, 39.37007874015748100 ) ;
#3041 = CIRCLE ( 'NONE', #7452, 0.3425420490080857700 ) ;
#3042 = CARTESIAN_POINT ( 'NONE',  ( 0.0000000000000000000, 0.2500000000000000600, 0.0000000000000000000 ) ) ;
#3043 = VERTEX_POINT ( 'NONE', #7604 ) ;
#3044 = AXIS2_PLACEMENT_3D ( 'NONE', #6877, #5691, #6286 ) ;
#3045 = CARTESIAN_POINT ( 'NONE',  ( 0.2249999999999999800, 0.2920000000000000400, 0.5225000000000000800 ) ) ;
#3046 = EDGE_CURVE ( 'NONE', #140, #5352, #4224, .T. ) ;
#3047 = EDGE_LOOP ( 'NONE', ( #6662, #7505, #4600, #416 ) ) ;
#3048 = EDGE_CURVE ( 'NONE', #3180, #431, #4596, .T. ) ;
#3049 = VECTOR ( 'NONE', #3094, 39.37007874015748100 ) ;
#3050 = LINE ( 'NONE', #5018, #7579 ) ;
#3051 = VECTOR ( 'NONE', #815, 39.37007874015748100 ) ;
#3052 = EDGE_LOOP ( 'NONE', ( #7298, #2481, #1642, #1861 ) ) ;
#3053 = LINE ( 'NONE', #1299, #7394 ) ;
#3054 = CARTESIAN_POINT ( 'NONE',  ( -0.2335281094319527900, 0.2570000000000000600, 0.5633744347874546400 ) ) ;
#3055 = CARTESIAN_POINT ( 'NONE',  ( -0.2976066153464859700, 0.3320000000000000200, 0.08136274830451514800 ) ) ;
#3056 = ORIENTED_EDGE ( 'NONE', *, *, #2184, .F. ) ;
#3057 = ADVANCED_FACE ( 'NONE', ( #7560 ), #1318, .T. ) ;
#3058 = VECTOR ( 'NONE', #2686, 39.37007874015748100 ) ;
#3059 = PRESENTATION_STYLE_ASSIGNMENT (( #958 ) ) ;
#3060 = ORIENTED_EDGE ( 'NONE', *, *, #6453, .T. ) ;
#3061 = CARTESIAN_POINT ( 'NONE',  ( 0.0000000000000000000, 0.2820000000000000300, 0.0000000000000000000 ) ) ;
#3062 = VECTOR ( 'NONE', #1578, 39.37007874015748100 ) ;
#3063 =( NAMED_UNIT ( * ) SI_UNIT ( $, .STERADIAN. ) SOLID_ANGLE_UNIT ( ) );
#3064 = ORIENTED_EDGE ( 'NONE', *, *, #4046, .T. ) ;
#3065 = DIRECTION ( 'NONE',  ( 0.0000000000000000000, 0.0000000000000000000, -1.000000000000000000 ) ) ;
#3066 = CIRCLE ( 'NONE', #3084, 0.1449999999999999600 ) ;
#3067 = LINE ( 'NONE', #2520, #2421 ) ;
#3068 = AXIS2_PLACEMENT_3D ( 'NONE', #1871, #5422, #4788 ) ;
#3069 = VECTOR ( 'NONE', #2295, 39.37007874015748100 ) ;
#3070 = CARTESIAN_POINT ( 'NONE',  ( -0.3407521969629026000, 0.2820000000000000300, 0.06193126897835079400 ) ) ;
#3071 = VERTEX_POINT ( 'NONE', #12 ) ;
#3072 = CARTESIAN_POINT ( 'NONE',  ( 0.0000000000000000000, 0.2720000000000000200, 0.2249999999999999800 ) ) ;
#3073 = CARTESIAN_POINT ( 'NONE',  ( -0.03409653049213554700, 0.0000000000000000000, -0.007299824513823619000 ) ) ;
#3074 = DIRECTION ( 'NONE',  ( 0.0000000000000000000, 1.000000000000000000, 0.0000000000000000000 ) ) ;
#3075 = CARTESIAN_POINT ( 'NONE',  ( -0.04999999999999985700, 0.2811228420613377000, -0.3649724917125272700 ) ) ;
#3076 = CONICAL_SURFACE ( 'NONE', #6994, 0.1450000000000000200, 0.01745329251994333400 ) ;
#3077 = EDGE_LOOP ( 'NONE', ( #94, #5721, #3292, #6689 ) ) ;
#3078 = DIRECTION ( 'NONE',  ( 0.0000000000000000000, 0.0000000000000000000, 1.000000000000000000 ) ) ;
#3079 = VERTEX_POINT ( 'NONE', #2342 ) ;
#3080 = DIRECTION ( 'NONE',  ( 0.5735764363510480500, 0.0000000000000000000, 0.8191520442889902400 ) ) ;
#3081 = ORIENTED_EDGE ( 'NONE', *, *, #6422, .T. ) ;
#3082 = DIRECTION ( 'NONE',  ( 0.5735764363510433800, 0.0000000000000000000, -0.8191520442889935700 ) ) ;
#3083 = ORIENTED_EDGE ( 'NONE', *, *, #920, .F. ) ;
#3084 = AXIS2_PLACEMENT_3D ( 'NONE', #1304, #3563, #1887 ) ;
#3085 = CARTESIAN_POINT ( 'NONE',  ( 0.2192655146266696300, 0.3320000000000000200, -0.2170535150721015500 ) ) ;
#3086 = DIRECTION ( 'NONE',  ( 0.0000000000000000000, 0.0000000000000000000, -1.000000000000000000 ) ) ;
#3087 = ORIENTED_EDGE ( 'NONE', *, *, #1216, .F. ) ;
#3088 = DIRECTION ( 'NONE',  ( 0.0000000000000000000, -0.0000000000000000000, 1.000000000000000000 ) ) ;
#3089 = VERTEX_POINT ( 'NONE', #3460 ) ;
#3090 = EDGE_CURVE ( 'NONE', #7172, #3468, #6738, .T. ) ;
#3091 = EDGE_CURVE ( 'NONE', #2966, #507, #1123, .T. ) ;
#3092 = ADVANCED_FACE ( 'NONE', ( #5908 ), #2924, .T. ) ;
#3093 = CARTESIAN_POINT ( 'NONE',  ( -0.3454925555846545800, 0.02902621375651429100, 0.06050247866766488000 ) ) ;
#3094 = DIRECTION ( 'NONE',  ( 1.000000000000000000, 0.0000000000000000000, 0.0000000000000000000 ) ) ;
#3095 = ORIENTED_EDGE ( 'NONE', *, *, #3816, .T. ) ;
#3096 = DIRECTION ( 'NONE',  ( -0.5735764363510460500, 0.0000000000000000000, -0.8191520442889916900 ) ) ;
#3097 = VERTEX_POINT ( 'NONE', #1717 ) ;
#3098 = AXIS2_PLACEMENT_3D ( 'NONE', #1162, #1127, #3417 ) ;
#3099 = AXIS2_PLACEMENT_3D ( 'NONE', #3662, #805, #109 ) ;
#3100 = CARTESIAN_POINT ( 'NONE',  ( -0.08500000000000008900, 0.2520000000000000000, 0.6098463253555017600 ) ) ;
#3101 = ORIENTED_EDGE ( 'NONE', *, *, #706, .F. ) ;
#3102 = CARTESIAN_POINT ( 'NONE',  ( -0.2536986175578411800, 0.2448400586219220400, 0.6550000000000000300 ) ) ;
#3103 = CARTESIAN_POINT ( 'NONE',  ( 0.1790675845594640300, 0.1809999999999999900, -0.2993211838512500100 ) ) ;
#3104 = EDGE_CURVE ( 'NONE', #51, #1690, #4317, .T. ) ;
#3105 = EDGE_CURVE ( 'NONE', #871, #1082, #5622, .T. ) ;
#3106 = ORIENTED_EDGE ( 'NONE', *, *, #2306, .T. ) ;
#3107 = CARTESIAN_POINT ( 'NONE',  ( -0.3456059578214986700, 0.05000000000000000300, 0.02499999999999996300 ) ) ;
#3108 = ORIENTED_EDGE ( 'NONE', *, *, #4178, .F. ) ;
#3109 = DIRECTION ( 'NONE',  ( 0.1736481776669308000, -0.9848077530122078000, 3.953170214690503300E-017 ) ) ;
#3110 = DIRECTION ( 'NONE',  ( 0.0000000000000000000, 0.0000000000000000000, 1.000000000000000000 ) ) ;
#3111 = DIRECTION ( 'NONE',  ( 0.0000000000000000000, 0.0000000000000000000, 1.000000000000000000 ) ) ;
#3112 = EDGE_LOOP ( 'NONE', ( #1757, #2728, #2879, #5641 ) ) ;
#3113 = VERTEX_POINT ( 'NONE', #1206 ) ;
#3114 = CARTESIAN_POINT ( 'NONE',  ( -0.2987956005199530200, 0.1809999999999999400, 0.5799999999999999600 ) ) ;
#3115 = EDGE_CURVE ( 'NONE', #5367, #7066, #1253, .T. ) ;
#3116 = DIRECTION ( 'NONE',  ( 0.004285232758499377800, 0.9996954598818874600, 0.02430276263610743300 ) ) ;
#3117 = LINE ( 'NONE', #5504, #8 ) ;
#3118 = VECTOR ( 'NONE', #5203, 39.37007874015748100 ) ;
#3119 = PRESENTATION_STYLE_ASSIGNMENT (( #4215 ) ) ;
#3120 = CARTESIAN_POINT ( 'NONE',  ( -0.03643966433890004400, 0.3209055722269995600, -0.3764641157718292600 ) ) ;
#3121 = ORIENTED_EDGE ( 'NONE', *, *, #5092, .T. ) ;
#3122 = CARTESIAN_POINT ( 'NONE',  ( 0.03499999999999993400, 0.2820000000000000300, 0.6049239970457444000 ) ) ;
#3123 = CARTESIAN_POINT ( 'NONE',  ( -0.02500000000000001200, 0.1180000000000000100, -0.3491060010942235700 ) ) ;
#3124 = LINE ( 'NONE', #7465, #3594 ) ;
#3125 = CARTESIAN_POINT ( 'NONE',  ( 0.1999999999999999600, 0.1050000000000000100, 0.3802779494575575500 ) ) ;
#3126 = ADVANCED_FACE ( 'NONE', ( #4133 ), #6439, .F. ) ;
#3127 = CIRCLE ( 'NONE', #7631, 0.3727195704524528500 ) ;
#3128 = ORIENTED_EDGE ( 'NONE', *, *, #3887, .F. ) ;
#3129 = DIRECTION ( 'NONE',  ( 0.8190272834649965400, -0.01745240643728355000, 0.5734890778816073000 ) ) ;
#3130 = EDGE_CURVE ( 'NONE', #7536, #3336, #1036, .T. ) ;
#3131 = EDGE_LOOP ( 'NONE', ( #6260, #2351, #4187, #1975 ) ) ;
#3132 = DIRECTION ( 'NONE',  ( 0.0000000000000000000, 0.0000000000000000000, 1.000000000000000000 ) ) ;
#3133 = DIRECTION ( 'NONE',  ( -0.01745240643728355000, -0.9998476951563912700, 0.0000000000000000000 ) ) ;
#3134 = FACE_OUTER_BOUND ( 'NONE', #2081, .T. ) ;
#3135 = EDGE_CURVE ( 'NONE', #5308, #2579, #942, .T. ) ;
#3136 = B_SPLINE_CURVE_WITH_KNOTS ( 'NONE', 3,
 ( #4999, #1470, #1490, #339 ),
 .UNSPECIFIED., .F., .F.,
 ( 4, 4 ),
 ( 0.05330275270135541300, 0.06046791209950438300 ),
 .UNSPECIFIED. ) ;
#3137 = LINE ( 'NONE', #929, #28 ) ;
#3138 = DIRECTION ( 'NONE',  ( 0.0000000000000000000, 0.0000000000000000000, 1.000000000000000000 ) ) ;
#3139 = EDGE_LOOP ( 'NONE', ( #6125, #7515, #2382, #2447 ) ) ;
#3140 = DIRECTION ( 'NONE',  ( 0.01001028909004718900, -0.9998476951563911600, 0.01429617441086315300 ) ) ;
#3141 = ORIENTED_EDGE ( 'NONE', *, *, #2395, .F. ) ;
#3142 = SURFACE_SIDE_STYLE ('',( #321 ) ) ;
#3143 = ORIENTED_EDGE ( 'NONE', *, *, #3806, .F. ) ;
#3144 = VECTOR ( 'NONE', #4417, 39.37007874015748100 ) ;
#3145 = CARTESIAN_POINT ( 'NONE',  ( 0.2709039263038348600, 0.0000000000000000000, 0.6098463253555016500 ) ) ;
#3146 = ORIENTED_EDGE ( 'NONE', *, *, #6820, .T. ) ;
#3147 = EDGE_CURVE ( 'NONE', #11, #11, #5436, .T. ) ;
#3148 = FACE_OUTER_BOUND ( 'NONE', #5591, .T. ) ;
#3149 = DIRECTION ( 'NONE',  ( -0.0000000000000000000, -0.0000000000000000000, 1.000000000000000000 ) ) ;
#3150 = VERTEX_POINT ( 'NONE', #3646 ) ;
#3151 = FACE_OUTER_BOUND ( 'NONE', #349, .T. ) ;
#3152 = CIRCLE ( 'NONE', #3683, 0.07936376623205446100 ) ;
#3153 = DIRECTION ( 'NONE',  ( 0.0000000000000000000, 0.0000000000000000000, 1.000000000000000000 ) ) ;
#3154 = CARTESIAN_POINT ( 'NONE',  ( -0.04999999999999985000, 0.2985703355827693500, -0.3680955631236161300 ) ) ;
#3155 = EDGE_LOOP ( 'NONE', ( #6717, #5441, #2608, #3273, #6222 ) ) ;
#3156 = CARTESIAN_POINT ( 'NONE',  ( -0.2337008162261334000, 0.0000000000000000000, 0.5748887444545366400 ) ) ;
#3157 = CIRCLE ( 'NONE', #3099, 0.07500000000000001100 ) ;
#3158 = EDGE_LOOP ( 'NONE', ( #2143, #6425, #227, #285 ) ) ;
#3159 = CARTESIAN_POINT ( 'NONE',  ( 0.2118329358674950500, -0.2894112549695427900, -0.2589426152309647900 ) ) ;
#3160 = VECTOR ( 'NONE', #5123, 39.37007874015748100 ) ;
#3161 = DIRECTION ( 'NONE',  ( -1.000000000000000000, 0.0000000000000000000, 0.0000000000000000000 ) ) ;
#3162 = ORIENTED_EDGE ( 'NONE', *, *, #1568, .F. ) ;
#3163 = CARTESIAN_POINT ( 'NONE',  ( -0.3249999999999999600, 0.07199999999999999500, 0.3008463253555016500 ) ) ;
#3164 = EDGE_CURVE ( 'NONE', #5318, #4015, #3942, .T. ) ;
#3165 = ORIENTED_EDGE ( 'NONE', *, *, #5417, .T. ) ;
#3166 = ADVANCED_FACE ( 'NONE', ( #6996, #2763 ), #1394, .T. ) ;
#3167 = DIRECTION ( 'NONE',  ( -0.0000000000000000000, 1.000000000000000000, -0.0000000000000000000 ) ) ;
#3168 = CARTESIAN_POINT ( 'NONE',  ( 2.755455298081544200E-017, 0.1180000000000000100, 0.2249999999999999800 ) ) ;
#3169 = ORIENTED_EDGE ( 'NONE', *, *, #65, .T. ) ;
#3170 = CARTESIAN_POINT ( 'NONE',  ( -0.04999999999999985700, 0.2618851310487033100, -0.3666632238527986500 ) ) ;
#3171 = VERTEX_POINT ( 'NONE', #5332 ) ;
#3172 = LINE ( 'NONE', #5279, #5962 ) ;
#3173 = ORIENTED_EDGE ( 'NONE', *, *, #7239, .F. ) ;
#3174 = EDGE_CURVE ( 'NONE', #5788, #6333, #673, .T. ) ;
#3175 = CARTESIAN_POINT ( 'NONE',  ( -0.1887674472893674800, 0.2500000000000000600, -0.2695878535841089200 ) ) ;
#3176 = PRODUCT_DEFINITION_CONTEXT ( 'detailed design', #2965, 'design' ) ;
#3177 = EDGE_CURVE ( 'NONE', #3492, #4693, #196, .T. ) ;
#3178 = CARTESIAN_POINT ( 'NONE',  ( -0.05000000000000279200, 0.3419927446373756100, -0.3567149316367757600 ) ) ;
#3179 = EDGE_LOOP ( 'NONE', ( #4330, #2197, #6627, #5879 ) ) ;
#3180 = VERTEX_POINT ( 'NONE', #4751 ) ;
#3181 = CARTESIAN_POINT ( 'NONE',  ( -0.2249999999999999800, 0.2920000000000000400, 0.5225000000000000800 ) ) ;
#3182 = CARTESIAN_POINT ( 'NONE',  ( 0.04999999999999995400, 0.3362051336895962600, -0.3636738770506735000 ) ) ;
#3183 = AXIS2_PLACEMENT_3D ( 'NONE', #4307, #789, #4907 ) ;
#3184 = CARTESIAN_POINT ( 'NONE',  ( -0.2092462483965934800, 0.2500000000000000600, -0.2552484426753320300 ) ) ;
#3185 = ORIENTED_EDGE ( 'NONE', *, *, #7508, .F. ) ;
#3186 = EDGE_CURVE ( 'NONE', #7208, #6629, #1579, .T. ) ;
#3187 = VERTEX_POINT ( 'NONE', #4728 ) ;
#3188 = EDGE_CURVE ( 'NONE', #4291, #772, #6150, .T. ) ;
#3189 = DIRECTION ( 'NONE',  ( 1.000000000000000000, -0.0000000000000000000, 5.193356862955502300E-015 ) ) ;
#3190 = CARTESIAN_POINT ( 'NONE',  ( 0.2273770535571285100, 0.3247834446531607200, -0.2552550757085653700 ) ) ;
#3191 = CARTESIAN_POINT ( 'NONE',  ( -0.2999999999999999900, 0.07199999999999999500, 0.6298463253555016700 ) ) ;
#3192 = ORIENTED_EDGE ( 'NONE', *, *, #3870, .F. ) ;
#3193 = CARTESIAN_POINT ( 'NONE',  ( 0.3587467056315502000, 0.3081199633365339600, -0.06286408791304717900 ) ) ;
#3194 = AXIS2_PLACEMENT_3D ( 'NONE', #949, #2699, #2092 ) ;
#3195 = CARTESIAN_POINT ( 'NONE',  ( 0.03642004483528839300, 0.2635366807060744400, -0.3815082652754128700 ) ) ;
#3196 = ORIENTED_EDGE ( 'NONE', *, *, #1179, .F. ) ;
#3197 = DIRECTION ( 'NONE',  ( 0.0000000000000000000, 0.0000000000000000000, 1.000000000000000000 ) ) ;
#3198 = DIRECTION ( 'NONE',  ( 0.8191520442889928000, 0.0000000000000000000, -0.5735764363510447200 ) ) ;
#3199 = ORIENTED_EDGE ( 'NONE', *, *, #3425, .F. ) ;
#3200 = CARTESIAN_POINT ( 'NONE',  ( -0.1880766321276590700, 0.1809999999999999900, -0.2686012672878878000 ) ) ;
#3201 = ADVANCED_FACE ( 'NONE', ( #2118 ), #7272, .T. ) ;
#3202 = DIRECTION ( 'NONE',  ( 0.0000000000000000000, 0.0000000000000000000, 1.000000000000000000 ) ) ;
#3203 = CARTESIAN_POINT ( 'NONE',  ( -0.3406064695021940900, 0.09366663908529517000, 0.06771013201575139300 ) ) ;
#3204 = LINE ( 'NONE', #3309, #1666 ) ;
#3205 = DIRECTION ( 'NONE',  ( 0.0000000000000000000, 0.0000000000000000000, -1.000000000000000000 ) ) ;
#3206 = DIRECTION ( 'NONE',  ( 1.000000000000000000, 0.0000000000000000000, -1.338236348247696100E-015 ) ) ;
#3207 = VERTEX_POINT ( 'NONE', #3545 ) ;
#3208 = DIRECTION ( 'NONE',  ( -0.01001028909004718900, -0.9998476951563911600, 0.01429617441086316000 ) ) ;
#3209 = DIRECTION ( 'NONE',  ( 0.5735764363510459400, 0.0000000000000000000, 0.8191520442889916900 ) ) ;
#3210 = VECTOR ( 'NONE', #5028, 39.37007874015748100 ) ;
#3211 = VERTEX_POINT ( 'NONE', #6477 ) ;
#3212 = CARTESIAN_POINT ( 'NONE',  ( 0.02426688727301488900, 0.03000000000000000600, -0.2887757036459208100 ) ) ;
#3213 = VERTEX_POINT ( 'NONE', #1310 ) ;
#3214 = CARTESIAN_POINT ( 'NONE',  ( 2.755455298081544200E-017, 0.1180000000000000100, 0.2249999999999999800 ) ) ;
#3215 = DIRECTION ( 'NONE',  ( -3.414809992080329000E-016, 0.0000000000000000000, -1.000000000000000000 ) ) ;
#3216 = ORIENTED_EDGE ( 'NONE', *, *, #272, .F. ) ;
#3217 = LINE ( 'NONE', #1626, #3934 ) ;
#3218 = LINE ( 'NONE', #4293, #2485 ) ;
#3219 = LINE ( 'NONE', #1222, #1230 ) ;
#3220 = ORIENTED_EDGE ( 'NONE', *, *, #5810, .T. ) ;
#3221 = PLANE ( 'NONE',  #217 ) ;
#3222 = CARTESIAN_POINT ( 'NONE',  ( 0.0000000000000000000, 0.0000000000000000000, 0.6098463253555017600 ) ) ;
#3223 = CARTESIAN_POINT ( 'NONE',  ( -0.2150000000000001100, 0.05000000000000000300, 0.5415089870143562400 ) ) ;
#3224 = DIRECTION ( 'NONE',  ( 0.9961946980917456600, -0.08715574274765830500, 0.0000000000000000000 ) ) ;
#3225 = AXIS2_PLACEMENT_3D ( 'NONE', #6410, #2904, #5897 ) ;
#3226 = ORIENTED_EDGE ( 'NONE', *, *, #5874, .T. ) ;
#3227 = VECTOR ( 'NONE', #4014, 39.37007874015748100 ) ;
#3228 = LINE ( 'NONE', #1759, #2410 ) ;
#3229 = LINE ( 'NONE', #1798, #6759 ) ;
#3230 = VERTEX_POINT ( 'NONE', #7155 ) ;
#3231 = PLANE ( 'NONE',  #6363 ) ;
#3232 = DIRECTION ( 'NONE',  ( 0.0000000000000000000, -0.0000000000000000000, 1.000000000000000000 ) ) ;
#3233 = EDGE_CURVE ( 'NONE', #7143, #6441, #4756, .T. ) ;
#3234 = VERTEX_POINT ( 'NONE', #6001 ) ;
#3235 = CARTESIAN_POINT ( 'NONE',  ( -0.04999999999999985700, 0.3226878088055011900, -0.3578914907918608300 ) ) ;
#3236 = LINE ( 'NONE', #2971, #890 ) ;
#3237 = LINE ( 'NONE', #5053, #5840 ) ;
#3238 = ORIENTED_EDGE ( 'NONE', *, *, #1234, .F. ) ;
#3239 = ADVANCED_FACE ( 'NONE', ( #6270 ), #2933, .T. ) ;
#3240 = VECTOR ( 'NONE', #1635, 39.37007874015748100 ) ;
#3241 = AXIS2_PLACEMENT_3D ( 'NONE', #1273, #7187, #3015 ) ;
#3242 = VERTEX_POINT ( 'NONE', #1286 ) ;
#3243 = CARTESIAN_POINT ( 'NONE',  ( 0.2230285699131076800, 0.3306421776730804100, -0.2367639011627510600 ) ) ;
#3244 = VECTOR ( 'NONE', #4122, 39.37007874015748900 ) ;
#3245 = PLANE ( 'NONE',  #169 ) ;
#3246 = FACE_OUTER_BOUND ( 'NONE', #3715, .T. ) ;
#3247 = CARTESIAN_POINT ( 'NONE',  ( 0.3250000000000000100, 0.2500000000000000600, 0.5799999999999999600 ) ) ;
#3248 = VECTOR ( 'NONE', #391, 39.37007874015748100 ) ;
#3249 = EDGE_CURVE ( 'NONE', #507, #6537, #4190, .T. ) ;
#3250 = ORIENTED_EDGE ( 'NONE', *, *, #3479, .T. ) ;
#3251 = EDGE_CURVE ( 'NONE', #1409, #6399, #7090, .T. ) ;
#3252 = DIRECTION ( 'NONE',  ( -0.0000000000000000000, -1.000000000000000000, -0.0000000000000000000 ) ) ;
#3253 = CARTESIAN_POINT ( 'NONE',  ( 0.3457638769268272500, 0.01451310827524027200, -0.06042160539401682900 ) ) ;
#3254 = DIRECTION ( 'NONE',  ( -0.01745240643728355000, -0.9998476951563912700, 0.0000000000000000000 ) ) ;
#3255 = VECTOR ( 'NONE', #1718, 39.37007874015748100 ) ;
#3256 = CARTESIAN_POINT ( 'NONE',  ( -0.04999999999999985000, 0.3370000000000001300, -0.3407492558152663800 ) ) ;
#3257 = DIRECTION ( 'NONE',  ( -0.08715574274765836000, 0.9961946980917454300, 0.0000000000000000000 ) ) ;
#3258 = ORIENTED_EDGE ( 'NONE', *, *, #6771, .T. ) ;
#3259 = DIRECTION ( 'NONE',  ( -1.000000000000000000, 0.0000000000000000000, 0.0000000000000000000 ) ) ;
#3260 = PLANE ( 'NONE',  #2802 ) ;
#3261 = ORIENTED_EDGE ( 'NONE', *, *, #7597, .F. ) ;
#3262 = DIRECTION ( 'NONE',  ( 0.0000000000000000000, 0.0000000000000000000, -1.000000000000000000 ) ) ;
#3263 = EDGE_CURVE ( 'NONE', #894, #6788, #4681, .T. ) ;
#3264 = VERTEX_POINT ( 'NONE', #2415 ) ;
#3265 = CARTESIAN_POINT ( 'NONE',  ( 0.2749999999999999100, 0.1809999999999999900, 0.4257531754730548600 ) ) ;
#3266 = CARTESIAN_POINT ( 'NONE',  ( -0.1797601749091646000, 0.1809999999999999900, -0.3003103053786641600 ) ) ;
#3267 = ORIENTED_EDGE ( 'NONE', *, *, #6820, .F. ) ;
#3268 = DIRECTION ( 'NONE',  ( 0.0000000000000000000, 1.000000000000000000, 0.0000000000000000000 ) ) ;
#3269 = ORIENTED_EDGE ( 'NONE', *, *, #1406, .F. ) ;
#3270 = CARTESIAN_POINT ( 'NONE',  ( 0.03500000000000027400, 0.07199999999999999500, 0.1465000000000000200 ) ) ;
#3271 = AXIS2_PLACEMENT_3D ( 'NONE', #5763, #6968, #1605 ) ;
#3272 = CARTESIAN_POINT ( 'NONE',  ( -0.2583726193404440300, 0.2820000000000000300, 0.6039140142027951100 ) ) ;
#3273 = ORIENTED_EDGE ( 'NONE', *, *, #5473, .T. ) ;
#3274 = DIRECTION ( 'NONE',  ( 0.1021772366380714100, 0.0000000000000000000, -0.9947662098769778400 ) ) ;
#3275 = EDGE_CURVE ( 'NONE', #2966, #5855, #2033, .T. ) ;
#3276 = DIRECTION ( 'NONE',  ( 0.0000000000000000000, 0.0000000000000000000, -1.000000000000000000 ) ) ;
#3277 = ORIENTED_EDGE ( 'NONE', *, *, #2475, .F. ) ;
#3278 = ADVANCED_FACE ( 'NONE', ( #4498 ), #6681, .T. ) ;
#3279 = EDGE_CURVE ( 'NONE', #2181, #6640, #3483, .T. ) ;
#3280 = DIRECTION ( 'NONE',  ( -2.101421533587894600E-016, 0.0000000000000000000, -1.000000000000000000 ) ) ;
#3281 = EDGE_LOOP ( 'NONE', ( #6632, #4102, #6508, #3975, #1685 ) ) ;
#3282 = DIRECTION ( 'NONE',  ( 2.918650941871920800E-015, -0.6410278204294440600, -0.7675176437291045800 ) ) ;
#3283 = DIRECTION ( 'NONE',  ( -1.000000000000000000, -0.0000000000000000000, -0.0000000000000000000 ) ) ;
#3284 = CARTESIAN_POINT ( 'NONE',  ( -0.02513263930295336900, 0.07959890057693074000, -0.2889733617912701400 ) ) ;
#3285 = AXIS2_PLACEMENT_3D ( 'NONE', #5137, #2153, #6256 ) ;
#3286 =( LENGTH_UNIT ( ) NAMED_UNIT ( * ) SI_UNIT ( $, .METRE. ) );
#3287 = VERTEX_POINT ( 'NONE', #5456 ) ;
#3288 = ORIENTED_EDGE ( 'NONE', *, *, #5073, .F. ) ;
#3289 = DIRECTION ( 'NONE',  ( 0.0000000000000000000, 0.9961946980917455500, -0.08715574274765826300 ) ) ;
#3290 = EDGE_CURVE ( 'NONE', #7144, #2374, #2756, .T. ) ;
#3291 = CARTESIAN_POINT ( 'NONE',  ( -0.1999999999999999600, 0.1200000000000000000, 0.6049999999999998700 ) ) ;
#3292 = ORIENTED_EDGE ( 'NONE', *, *, #694, .T. ) ;
#3293 = CARTESIAN_POINT ( 'NONE',  ( 0.3744766599845122400, 0.2828706188981611700, -0.05901113771590357100 ) ) ;
#3294 = ORIENTED_EDGE ( 'NONE', *, *, #3263, .T. ) ;
#3295 = B_SPLINE_CURVE_WITH_KNOTS ( 'NONE', 3,
 ( #5213, #596, #4069, #4035 ),
 .UNSPECIFIED., .F., .F.,
 ( 4, 4 ),
 ( 0.01397280789799464200, 0.01730071738882326900 ),
 .UNSPECIFIED. ) ;
#3296 = CARTESIAN_POINT ( 'NONE',  ( 0.1900262246208218300, 0.0000000000000000000, 0.6098463253555017600 ) ) ;
#3297 = DIRECTION ( 'NONE',  ( 0.0000000000000000000, -0.9998476951563912700, 0.01745240643728355000 ) ) ;
#3298 = CARTESIAN_POINT ( 'NONE',  ( 0.05000000000000003100, 0.3320000000000000200, -0.3044496580875977200 ) ) ;
#3299 = VECTOR ( 'NONE', #353, 39.37007874015748100 ) ;
#3300 = CIRCLE ( 'NONE', #3973, 0.3832427117888339000 ) ;
#3301 = CARTESIAN_POINT ( 'NONE',  ( -0.2487879841177576300, 0.1810000000000000800, 0.6300000000000000000 ) ) ;
#3302 = ORIENTED_EDGE ( 'NONE', *, *, #5310, .T. ) ;
#3303 = CARTESIAN_POINT ( 'NONE',  ( 0.0000000000000000000, 0.0000000000000000000, 0.0000000000000000000 ) ) ;
#3304 = AXIS2_PLACEMENT_3D ( 'NONE', #6010, #7182, #1293 ) ;
#3305 = DIRECTION ( 'NONE',  ( 0.0000000000000000000, 0.0000000000000000000, -1.000000000000000000 ) ) ;
#3306 = LINE ( 'NONE', #7186, #202 ) ;
#3307 = VECTOR ( 'NONE', #7519, 39.37007874015748100 ) ;
#3308 = ORIENTED_EDGE ( 'NONE', *, *, #124, .T. ) ;
#3309 = CARTESIAN_POINT ( 'NONE',  ( 0.2889407062245202300, 0.08146973674306626200, -0.02516529486970344200 ) ) ;
#3310 = CARTESIAN_POINT ( 'NONE',  ( -0.3066511259654530200, 0.2745432936567783200, 0.2886280914238197900 ) ) ;
#3311 = ORIENTED_EDGE ( 'NONE', *, *, #1839, .F. ) ;
#3312 = ADVANCED_FACE ( 'NONE', ( #1030 ), #4310, .F. ) ;
#3313 = ORIENTED_EDGE ( 'NONE', *, *, #2208, .T. ) ;
#3314 = VECTOR ( 'NONE', #2338, 39.37007874015749600 ) ;
#3315 = CARTESIAN_POINT ( 'NONE',  ( 2.755455298081544200E-017, 0.1180000000000000100, 0.2249999999999999800 ) ) ;
#3316 = VERTEX_POINT ( 'NONE', #2586 ) ;
#3317 = CARTESIAN_POINT ( 'NONE',  ( 0.3082427117888340000, 0.2635366807060744400, 0.5633744347874545300 ) ) ;
#3318 = EDGE_CURVE ( 'NONE', #168, #5147, #3627, .T. ) ;
#3319 = DIRECTION ( 'NONE',  ( 1.000000000000000000, 0.0000000000000000000, 0.0000000000000000000 ) ) ;
#3320 = ORIENTED_EDGE ( 'NONE', *, *, #4923, .F. ) ;
#3321 = FACE_OUTER_BOUND ( 'NONE', #4058, .T. ) ;
#3322 = EDGE_CURVE ( 'NONE', #772, #6419, #4874, .T. ) ;
#3323 = VECTOR ( 'NONE', #5133, 39.37007874015748100 ) ;
#3324 = CARTESIAN_POINT ( 'NONE',  ( 0.3250000000000002300, 0.07199999999999998100, 0.6239670955273998200 ) ) ;
#3325 = ORIENTED_EDGE ( 'NONE', *, *, #6711, .F. ) ;
#3326 = CARTESIAN_POINT ( 'NONE',  ( 0.04999999999999998200, 0.3342889492366985500, -0.3439971591465119100 ) ) ;
#3327 = AXIS2_PLACEMENT_3D ( 'NONE', #6901, #6878, #3915 ) ;
#3328 = VECTOR ( 'NONE', #399, 39.37007874015748100 ) ;
#3329 = PRODUCT_DEFINITION ( 'UNKNOWN', '', #100, #3176 ) ;
#3330 = ORIENTED_EDGE ( 'NONE', *, *, #7494, .T. ) ;
#3331 = LINE ( 'NONE', #4665, #2507 ) ;
#3332 = CARTESIAN_POINT ( 'NONE',  ( 0.2749999999999999700, 0.05000000000000000300, 0.6049999999999998700 ) ) ;
#3333 = CARTESIAN_POINT ( 'NONE',  ( -0.2856149881085801000, 0.05000000000000000300, 0.02499999999999998100 ) ) ;
#3334 = AXIS2_PLACEMENT_3D ( 'NONE', #5440, #4345, #4890 ) ;
#3335 = FACE_OUTER_BOUND ( 'NONE', #5427, .T. ) ;
#3336 = VERTEX_POINT ( 'NONE', #788 ) ;
#3337 = CARTESIAN_POINT ( 'NONE',  ( 0.2204611221601862900, 0.0000000000000000000, -0.2734560446318592400 ) ) ;
#3338 = DIRECTION ( 'NONE',  ( -0.0000000000000000000, 0.0000000000000000000, 1.000000000000000000 ) ) ;
#3339 = EDGE_CURVE ( 'NONE', #7442, #729, #1934, .T. ) ;
#3340 = EDGE_CURVE ( 'NONE', #448, #3071, #6944, .T. ) ;
#3341 = LINE ( 'NONE', #2967, #5289 ) ;
#3342 = DIRECTION ( 'NONE',  ( 0.0000000000000000000, -1.000000000000000000, 0.0000000000000000000 ) ) ;
#3343 = VECTOR ( 'NONE', #5512, 39.37007874015748100 ) ;
#3344 = EDGE_LOOP ( 'NONE', ( #3747, #4237, #2643, #330 ) ) ;
#3345 = DIRECTION ( 'NONE',  ( 0.0000000000000000000, 0.9961946980917454300, -0.08715574274765836000 ) ) ;
#3346 = MECHANICAL_DESIGN_GEOMETRIC_PRESENTATION_REPRESENTATION (  '', ( #2611 ), #2177 ) ;
#3347 = CARTESIAN_POINT ( 'NONE',  ( 0.2396241570371524000, 0.2635366807060743900, -0.2990906877578994300 ) ) ;
#3348 = ORIENTED_EDGE ( 'NONE', *, *, #6063, .T. ) ;
#3349 = ORIENTED_EDGE ( 'NONE', *, *, #4862, .T. ) ;
#3350 = CARTESIAN_POINT ( 'NONE',  ( 0.02538401567878825400, 0.09400024350338639900, -0.3486976781392660000 ) ) ;
#3351 = EDGE_CURVE ( 'NONE', #4313, #798, #3117, .T. ) ;
#3352 = PLANE ( 'NONE',  #2064 ) ;
#3353 = CARTESIAN_POINT ( 'NONE',  ( 0.2502853976431192500, 0.07199999999999999500, 0.6548463253555014700 ) ) ;
#3354 = ORIENTED_EDGE ( 'NONE', *, *, #1767, .T. ) ;
#3355 = CARTESIAN_POINT ( 'NONE',  ( 0.2537454433088415800, 0.2820000000000000300, -0.1464999999999987700 ) ) ;
#3356 = AXIS2_PLACEMENT_3D ( 'NONE', #259, #817, #3205 ) ;
#3357 = ADVANCED_FACE ( 'NONE', ( #7461 ), #6079, .F. ) ;
#3358 = CARTESIAN_POINT ( 'NONE',  ( -0.2891582217716232000, 0.06900827939543988100, -0.02494777932260029000 ) ) ;
#3359 = ORIENTED_EDGE ( 'NONE', *, *, #1390, .F. ) ;
#3360 = CARTESIAN_POINT ( 'NONE',  ( -0.1727909807898498900, 0.07199999999999999500, 0.2031849249075123600 ) ) ;
#3361 = ORIENTED_EDGE ( 'NONE', *, *, #5312, .F. ) ;
#3362 = DIRECTION ( 'NONE',  ( 1.000000000000000000, 0.0000000000000000000, 0.0000000000000000000 ) ) ;
#3363 = ORIENTED_EDGE ( 'NONE', *, *, #4680, .F. ) ;
#3364 = EDGE_CURVE ( 'NONE', #2826, #4294, #5900, .T. ) ;
#3365 = DIRECTION ( 'NONE',  ( 2.093424990216085900E-016, 0.08715574274765837400, 0.9961946980917455500 ) ) ;
#3366 = ORIENTED_EDGE ( 'NONE', *, *, #836, .F. ) ;
#3367 = B_SPLINE_CURVE_WITH_KNOTS ( 'NONE', 3,
 ( #4988, #4335, #3765, #5590, #5562, #3253, #331 ),
 .UNSPECIFIED., .F., .F.,
 ( 4, 3, 4 ),
 ( 0.0000000000000000000, 0.006058061633287686200, 0.007164170673462108200 ),
 .UNSPECIFIED. ) ;
#3368 = CARTESIAN_POINT ( 'NONE',  ( 0.3504533827859615500, 0.0000000000000000000, 0.02374323532516824800 ) ) ;
#3369 = CARTESIAN_POINT ( 'NONE',  ( -0.1499999999999998600, 0.2269999999999999500, 0.6548463253555015800 ) ) ;
#3370 = ORIENTED_EDGE ( 'NONE', *, *, #6853, .F. ) ;
#3371 =( BOUNDED_CURVE ( )  B_SPLINE_CURVE ( 3, ( #4540, #1014, #6304, #7431 ),
 .UNSPECIFIED., .F., .F. ) 
 B_SPLINE_CURVE_WITH_KNOTS ( ( 4, 4 ),
 ( 1.287130889491040500, 1.572325780784445500 ),
 .UNSPECIFIED. ) 
 CURVE ( )  GEOMETRIC_REPRESENTATION_ITEM ( )  RATIONAL_B_SPLINE_CURVE ( ( 1.000000000000000000, 0.9932334670729746600, 0.9932334670729746600, 1.000000000000000000 ) ) 
 REPRESENTATION_ITEM ( '' )  );
#3372 = PRESENTATION_LAYER_ASSIGNMENT (  '', '', ( #4464 ) ) ;
#3373 = ORIENTED_EDGE ( 'NONE', *, *, #1630, .F. ) ;
#3374 = AXIS2_PLACEMENT_3D ( 'NONE', #1978, #1300, #777 ) ;
#3375 = DIRECTION ( 'NONE',  ( 0.08714256931580943700, 0.9960441250767055900, -0.01738601487458360900 ) ) ;
#3376 = CARTESIAN_POINT ( 'NONE',  ( 0.2999999999999999900, 0.2500000000000000600, 0.2296200740295565900 ) ) ;
#3377 = DIRECTION ( 'NONE',  ( 0.0000000000000000000, -0.0000000000000000000, -1.000000000000000000 ) ) ;
#3378 = ORIENTED_EDGE ( 'NONE', *, *, #2010, .F. ) ;
#3379 = DIRECTION ( 'NONE',  ( 0.0000000000000000000, 0.0000000000000000000, -1.000000000000000000 ) ) ;
#3380 = EDGE_CURVE ( 'NONE', #552, #4724, #4124, .T. ) ;
#3381 = DIRECTION ( 'NONE',  ( -0.0000000000000000000, -0.0000000000000000000, -1.000000000000000000 ) ) ;
#3382 = CARTESIAN_POINT ( 'NONE',  ( 0.2812567646748319600, 0.0000000000000000000, 0.2104185045438641800 ) ) ;
#3383 = ORIENTED_EDGE ( 'NONE', *, *, #6984, .F. ) ;
#3384 =( BOUNDED_CURVE ( )  B_SPLINE_CURVE ( 3, ( #598, #3501, #4687, #1197 ),
 .UNSPECIFIED., .F., .F. ) 
 B_SPLINE_CURVE_WITH_KNOTS ( ( 4, 4 ),
 ( 5.501585242055419700, 7.064785372303753700 ),
 .UNSPECIFIED. ) 
 CURVE ( )  GEOMETRIC_REPRESENTATION_ITEM ( )  RATIONAL_B_SPLINE_CURVE ( ( 1.000000000000000000, 0.8065248903853481400, 0.8065248903853481400, 1.000000000000000000 ) ) 
 REPRESENTATION_ITEM ( '' )  );
#3385 = CARTESIAN_POINT ( 'NONE',  ( 0.03499999999999997600, 0.07200000000000000800, -0.2667453213192257900 ) ) ;
#3386 = VERTEX_POINT ( 'NONE', #1511 ) ;
#3387 = DIRECTION ( 'NONE',  ( 0.0000000000000000000, 0.0000000000000000000, 1.000000000000000000 ) ) ;
#3388 = AXIS2_PLACEMENT_3D ( 'NONE', #1773, #5887, #2932 ) ;
#3389 = LINE ( 'NONE', #6251, #5152 ) ;
#3390 = ADVANCED_FACE ( 'NONE', ( #6448 ), #295, .T. ) ;
#3391 = ORIENTED_EDGE ( 'NONE', *, *, #5325, .T. ) ;
#3392 = DIRECTION ( 'NONE',  ( 0.0000000000000000000, 0.0000000000000000000, -1.000000000000000000 ) ) ;
#3393 = EDGE_CURVE ( 'NONE', #4754, #5975, #1960, .T. ) ;
#3394 = PLANE ( 'NONE',  #5383 ) ;
#3395 = CARTESIAN_POINT ( 'NONE',  ( 0.02374323532516837600, 0.0000000000000000000, -0.3504533827859615500 ) ) ;
#3396 = LINE ( 'NONE', #233, #6997 ) ;
#3397 = CIRCLE ( 'NONE', #1437, 0.3463344363650741600 ) ;
#3398 = ORIENTED_EDGE ( 'NONE', *, *, #7385, .T. ) ;
#3399 = CARTESIAN_POINT ( 'NONE',  ( 0.1440240292883120100, 0.1180000000000000100, -0.2492738002415973700 ) ) ;
#3400 = CARTESIAN_POINT ( 'NONE',  ( -0.02500000000000000500, 0.2500000000000000600, -0.2891060010942235200 ) ) ;
#3401 = CARTESIAN_POINT ( 'NONE',  ( 0.04999999999999996800, 0.3288661519991631400, -0.3504923850514051200 ) ) ;
#3402 = ORIENTED_EDGE ( 'NONE', *, *, #3530, .F. ) ;
#3403 = LINE ( 'NONE', #7195, #4233 ) ;
#3404 = DIRECTION ( 'NONE',  ( -0.0000000000000000000, -1.000000000000000000, -0.0000000000000000000 ) ) ;
#3405 = LINE ( 'NONE', #1734, #1129 ) ;
#3406 = VECTOR ( 'NONE', #535, 39.37007874015748100 ) ;
#3407 = DIRECTION ( 'NONE',  ( 0.0000000000000000000, -0.9998476951563912700, -0.01745240643728355000 ) ) ;
#3408 = ORIENTED_EDGE ( 'NONE', *, *, #3010, .T. ) ;
#3409 = DIRECTION ( 'NONE',  ( 0.0000000000000000000, -0.6408069913712767200, -0.7677020254041880800 ) ) ;
#3410 = EDGE_CURVE ( 'NONE', #140, #906, #5360, .T. ) ;
#3411 = ORIENTED_EDGE ( 'NONE', *, *, #3532, .F. ) ;
#3412 = CIRCLE ( 'NONE', #7309, 0.01500000000000002000 ) ;
#3413 = VERTEX_POINT ( 'NONE', #3223 ) ;
#3414 = DIRECTION ( 'NONE',  ( 0.0000000000000000000, 0.0000000000000000000, 1.000000000000000000 ) ) ;
#3415 = VECTOR ( 'NONE', #358, 39.37007874015748100 ) ;
#3416 = ORIENTED_EDGE ( 'NONE', *, *, #1863, .F. ) ;
#3417 = DIRECTION ( 'NONE',  ( -1.000000000000000000, 0.0000000000000000000, 0.0000000000000000000 ) ) ;
#3418 = FACE_OUTER_BOUND ( 'NONE', #3281, .T. ) ;
#3419 = ORIENTED_EDGE ( 'NONE', *, *, #4212, .T. ) ;
#3420 = DIRECTION ( 'NONE',  ( 0.01745240643728355000, 0.9998476951563912700, 0.0000000000000000000 ) ) ;
#3421 = VECTOR ( 'NONE', #5189, 39.37007874015748100 ) ;
#3422 = DIRECTION ( 'NONE',  ( 1.000000000000000000, 0.0000000000000000000, -1.067128122525101500E-016 ) ) ;
#3423 = LINE ( 'NONE', #4341, #3144 ) ;
#3424 = ORIENTED_EDGE ( 'NONE', *, *, #2655, .F. ) ;
#3425 = EDGE_CURVE ( 'NONE', #2529, #7066, #5734, .T. ) ;
#3426 = LINE ( 'NONE', #1869, #5750 ) ;
#3427 = EDGE_CURVE ( 'NONE', #1297, #2980, #3412, .T. ) ;
#3428 = VERTEX_POINT ( 'NONE', #5592 ) ;
#3429 = LINE ( 'NONE', #939, #3058 ) ;
#3430 = AXIS2_PLACEMENT_3D ( 'NONE', #7011, #4010, #6450 ) ;
#3431 = DIRECTION ( 'NONE',  ( 1.776356839400250500E-015, 0.0000000000000000000, 1.000000000000000000 ) ) ;
#3432 = CIRCLE ( 'NONE', #1738, 0.1262567646748316300 ) ;
#3433 = CARTESIAN_POINT ( 'NONE',  ( 0.2562605722959221400, 0.0000000000000000000, 0.6098463253555017600 ) ) ;
#3434 = CARTESIAN_POINT ( 'NONE',  ( 1.232766866438613400E-015, 0.05000000000000001000, 0.5415089870143557900 ) ) ;
#3435 = VERTEX_POINT ( 'NONE', #400 ) ;
#3436 = AXIS2_PLACEMENT_3D ( 'NONE', #385, #4477, #3920 ) ;
#3437 = DIRECTION ( 'NONE',  ( 0.0000000000000000000, -0.0000000000000000000, 1.000000000000000000 ) ) ;
#3438 = EDGE_CURVE ( 'NONE', #4338, #7238, #1812, .T. ) ;
#3439 = EDGE_CURVE ( 'NONE', #1341, #3871, #5174, .T. ) ;
#3440 = CARTESIAN_POINT ( 'NONE',  ( 0.03499999999999998300, 0.3520000000000000400, -0.3407492558152663800 ) ) ;
#3441 = ADVANCED_FACE ( 'NONE', ( #7113 ), #926, .T. ) ;
#3442 = LINE ( 'NONE', #4729, #611 ) ;
#3443 = ORIENTED_EDGE ( 'NONE', *, *, #2776, .F. ) ;
#3444 = CARTESIAN_POINT ( 'NONE',  ( -0.2999999999999999900, 0.07199999999999999500, 0.6298463253555016700 ) ) ;
#3445 = AXIS2_PLACEMENT_3D ( 'NONE', #689, #4211, #2441 ) ;
#3446 = AXIS2_PLACEMENT_3D ( 'NONE', #1535, #3838, #294 ) ;
#3447 = DIRECTION ( 'NONE',  ( 1.000000000000000000, 0.0000000000000000000, 0.0000000000000000000 ) ) ;
#3448 = DIRECTION ( 'NONE',  ( -0.0000000000000000000, -1.000000000000000000, -0.0000000000000000000 ) ) ;
#3449 = ORIENTED_EDGE ( 'NONE', *, *, #5697, .T. ) ;
#3450 = ORIENTED_EDGE ( 'NONE', *, *, #5684, .T. ) ;
#3451 = DIRECTION ( 'NONE',  ( -0.0000000000000000000, -0.0000000000000000000, -1.000000000000000000 ) ) ;
#3452 = CARTESIAN_POINT ( 'NONE',  ( 0.03426688727301502300, 0.02999999999999999900, -2.507462336943900300E-017 ) ) ;
#3453 = EDGE_LOOP ( 'NONE', ( #5944, #1368, #483, #49 ) ) ;
#3454 = AXIS2_PLACEMENT_3D ( 'NONE', #4892, #3014, #3138 ) ;
#3455 = EDGE_LOOP ( 'NONE', ( #5615, #554, #6960, #6567 ) ) ;
#3456 = DIRECTION ( 'NONE',  ( 1.000000000000000000, 0.0000000000000000000, 0.0000000000000000000 ) ) ;
#3457 = DIRECTION ( 'NONE',  ( 0.0000000000000000000, -1.000000000000000000, 0.0000000000000000000 ) ) ;
#3458 = ORIENTED_EDGE ( 'NONE', *, *, #6339, .F. ) ;
#3459 = ORIENTED_EDGE ( 'NONE', *, *, #2865, .F. ) ;
#3460 = CARTESIAN_POINT ( 'NONE',  ( 0.02500000000000001500, 0.1809999999999999900, -0.3279016016141764700 ) ) ;
#3461 = CARTESIAN_POINT ( 'NONE',  ( 0.1792102474366669400, 0.09397086682402844300, -0.3001935444691866700 ) ) ;
#3462 = ORIENTED_EDGE ( 'NONE', *, *, #5092, .F. ) ;
#3463 = DIRECTION ( 'NONE',  ( -0.01745240643728355000, -0.9998476951563912700, -1.489916297197073000E-017 ) ) ;
#3464 = ADVANCED_FACE ( 'NONE', ( #6568 ), #223, .T. ) ;
#3465 = CARTESIAN_POINT ( 'NONE',  ( 0.1400000000000001500, 0.1810000000000000800, 0.6300000000000000000 ) ) ;
#3466 = DIRECTION ( 'NONE',  ( 0.0000000000000000000, 0.0000000000000000000, 1.000000000000000000 ) ) ;
#3467 = CARTESIAN_POINT ( 'NONE',  ( -0.02866556363492566900, 0.2820000000000000300, -0.3451460955505735700 ) ) ;
#3468 = VERTEX_POINT ( 'NONE', #5671 ) ;
#3469 = ORIENTED_EDGE ( 'NONE', *, *, #5525, .F. ) ;
#3470 = AXIS2_PLACEMENT_3D ( 'NONE', #892, #5587, #5038 ) ;
#3471 = ADVANCED_FACE ( 'NONE', ( #3601 ), #3892, .T. ) ;
#3472 = CARTESIAN_POINT ( 'NONE',  ( -0.3688890576501989700, 0.1809999999999999900, 0.06036566999562294900 ) ) ;
#3473 = CARTESIAN_POINT ( 'NONE',  ( 0.0000000000000000000, 0.0000000000000000000, 0.6098463253555017600 ) ) ;
#3474 = CARTESIAN_POINT ( 'NONE',  ( -0.2149999999999999100, 0.05000000000000000300, 0.6049999999999998700 ) ) ;
#3475 = ORIENTED_EDGE ( 'NONE', *, *, #7148, .F. ) ;
#3476 = CARTESIAN_POINT ( 'NONE',  ( 0.0000000000000000000, 0.2500000000000000600, 0.0000000000000000000 ) ) ;
#3477 = ORIENTED_EDGE ( 'NONE', *, *, #3977, .T. ) ;
#3478 = EDGE_CURVE ( 'NONE', #987, #6119, #4706, .T. ) ;
#3479 = EDGE_CURVE ( 'NONE', #4147, #1069, #1601, .T. ) ;
#3480 = CARTESIAN_POINT ( 'NONE',  ( -0.2749999999999998600, 0.2263427696005390100, 0.3957531754730548900 ) ) ;
#3481 = DIRECTION ( 'NONE',  ( -0.0000000000000000000, 1.000000000000000000, -0.0000000000000000000 ) ) ;
#3482 = DIRECTION ( 'NONE',  ( -0.08714256931580940900, 0.9960441250767055900, -0.01738601487458360900 ) ) ;
#3483 = LINE ( 'NONE', #7258, #2383 ) ;
#3484 = LINE ( 'NONE', #2094, #5245 ) ;
#3485 = ORIENTED_EDGE ( 'NONE', *, *, #1919, .T. ) ;
#3486 = CARTESIAN_POINT ( 'NONE',  ( -0.2999999999999999900, 0.0000000000000000000, 0.5798463253555016200 ) ) ;
#3487 = VECTOR ( 'NONE', #1529, 39.37007874015748100 ) ;
#3488 = FACE_OUTER_BOUND ( 'NONE', #2432, .T. ) ;
#3489 = LINE ( 'NONE', #2689, #5632 ) ;
#3490 = CARTESIAN_POINT ( 'NONE',  ( -0.1900262246208214700, 0.0000000000000000000, 0.0000000000000000000 ) ) ;
#3491 = CARTESIAN_POINT ( 'NONE',  ( 0.0000000000000000000, 0.3320000000000000200, 0.0000000000000000000 ) ) ;
#3492 = VERTEX_POINT ( 'NONE', #7522 ) ;
#3493 = EDGE_CURVE ( 'NONE', #5399, #4272, #5578, .T. ) ;
#3494 = DIRECTION ( 'NONE',  ( 0.0000000000000000000, -1.000000000000000000, 0.0000000000000000000 ) ) ;
#3495 = EDGE_CURVE ( 'NONE', #2996, #6481, #2592, .T. ) ;
#3496 = CIRCLE ( 'NONE', #4568, 0.1532427117888338900 ) ;
#3497 = ORIENTED_EDGE ( 'NONE', *, *, #2931, .T. ) ;
#3498 = LINE ( 'NONE', #2062, #4609 ) ;
#3499 = FACE_OUTER_BOUND ( 'NONE', #4938, .T. ) ;
#3500 = CARTESIAN_POINT ( 'NONE',  ( -0.2749999999999999100, 0.2500000000000000600, -2.417215185136336800E-017 ) ) ;
#3501 = CARTESIAN_POINT ( 'NONE',  ( -0.2941207701718981900, 0.07199999999999999500, 0.6548463253555018000 ) ) ;
#3502 = ORIENTED_EDGE ( 'NONE', *, *, #510, .F. ) ;
#3503 = CARTESIAN_POINT ( 'NONE',  ( 0.2536828942256343900, 0.2448842418981066200, 0.6550000000000000300 ) ) ;
#3504 = ADVANCED_FACE ( 'NONE', ( #6104 ), #6352, .T. ) ;
#3505 = CARTESIAN_POINT ( 'NONE',  ( 0.02719933419055652100, 0.1979997713901986100, -0.2900768808122661800 ) ) ;
#3506 = ORIENTED_EDGE ( 'NONE', *, *, #1680, .T. ) ;
#3507 = DIRECTION ( 'NONE',  ( -0.01745240643728355000, 0.9998476951563912700, 0.0000000000000000000 ) ) ;
#3508 = CARTESIAN_POINT ( 'NONE',  ( -0.2499999999999999700, 0.07199999999999999500, 0.6298463253555016700 ) ) ;
#3509 = VERTEX_POINT ( 'NONE', #5019 ) ;
#3510 = VECTOR ( 'NONE', #7285, 39.37007874015748900 ) ;
#3511 = ORIENTED_EDGE ( 'NONE', *, *, #6424, .T. ) ;
#3512 = EDGE_CURVE ( 'NONE', #3234, #499, #4529, .T. ) ;
#3513 = DIRECTION ( 'NONE',  ( 8.098456144300827400E-016, 3.731731879187383400E-033, 1.000000000000000000 ) ) ;
#3514 = FACE_OUTER_BOUND ( 'NONE', #3131, .T. ) ;
#3515 = DIRECTION ( 'NONE',  ( -8.789873400495773900E-017, 0.0000000000000000000, -1.000000000000000000 ) ) ;
#3516 = DIRECTION ( 'NONE',  ( 0.0000000000000000000, 1.000000000000000000, 0.0000000000000000000 ) ) ;
#3517 = ORIENTED_EDGE ( 'NONE', *, *, #3828, .T. ) ;
#3518 = ADVANCED_FACE ( 'NONE', ( #4800 ), #2162, .F. ) ;
#3519 = LINE ( 'NONE', #2805, #3708 ) ;
#3520 = ORIENTED_EDGE ( 'NONE', *, *, #6020, .F. ) ;
#3521 = VECTOR ( 'NONE', #4739, 39.37007874015748100 ) ;
#3522 = ORIENTED_EDGE ( 'NONE', *, *, #1029, .F. ) ;
#3523 = CARTESIAN_POINT ( 'NONE',  ( 0.2749999999999999700, 0.05000000000000000300, 0.6049999999999998700 ) ) ;
#3524 = VECTOR ( 'NONE', #6370, 39.37007874015748100 ) ;
#3525 = AXIS2_PLACEMENT_3D ( 'NONE', #7324, #340, #2113 ) ;
#3526 = CARTESIAN_POINT ( 'NONE',  ( -0.1781909574097964300, 0.09366666643735979700, -0.2980692305347966700 ) ) ;
#3527 = FACE_BOUND ( 'NONE', #2855, .T. ) ;
#3528 = CARTESIAN_POINT ( 'NONE',  ( -0.2626959314294751700, 0.1180000000000000100, 0.3957531754730548900 ) ) ;
#3529 = VERTEX_POINT ( 'NONE', #3933 ) ;
#3530 = EDGE_CURVE ( 'NONE', #283, #1908, #586, .T. ) ;
#3531 = CARTESIAN_POINT ( 'NONE',  ( 0.1773306820098123600, 0.07199999999999999500, 0.6548463253555014700 ) ) ;
#3532 = EDGE_CURVE ( 'NONE', #7367, #7157, #6202, .T. ) ;
#3533 = LINE ( 'NONE', #3595, #161 ) ;
#3534 = DIRECTION ( 'NONE',  ( 0.0000000000000000000, 0.0000000000000000000, 1.000000000000000000 ) ) ;
#3535 = ORIENTED_EDGE ( 'NONE', *, *, #7279, .T. ) ;
#3536 = DIRECTION ( 'NONE',  ( 0.0000000000000000000, 0.0000000000000000000, -1.000000000000000000 ) ) ;
#3537 = ORIENTED_EDGE ( 'NONE', *, *, #5898, .T. ) ;
#3538 = CARTESIAN_POINT ( 'NONE',  ( 0.03641992873193158200, 0.2631924671899240600, -0.3815385280382630500 ) ) ;
#3539 = CARTESIAN_POINT ( 'NONE',  ( 0.05000000000000014800, 0.3520000000000000400, -0.2268626966596886400 ) ) ;
#3540 = AXIS2_PLACEMENT_3D ( 'NONE', #3473, #1753, #6988 ) ;
#3541 = B_SPLINE_CURVE_WITH_KNOTS ( 'NONE', 3,
 ( #6403, #5812, #4659, #2278, #2872, #1173, #5236 ),
 .UNSPECIFIED., .F., .F.,
 ( 4, 3, 4 ),
 ( 0.01080996487825408800, 0.01439196348578491600, 0.01797512406340657700 ),
 .UNSPECIFIED. ) ;
#3542 = ORIENTED_EDGE ( 'NONE', *, *, #7332, .F. ) ;
#3543 = PLANE ( 'NONE',  #4267 ) ;
#3544 = EDGE_CURVE ( 'NONE', #7442, #3230, #3873, .T. ) ;
#3545 = CARTESIAN_POINT ( 'NONE',  ( -0.02500000000000000500, 0.0000000000000000000, 0.6049999999999998700 ) ) ;
#3546 = ORIENTED_EDGE ( 'NONE', *, *, #7359, .F. ) ;
#3547 = ORIENTED_EDGE ( 'NONE', *, *, #7147, .F. ) ;
#3548 = DIMENSIONAL_EXPONENTS ( 1.000000000000000000, 0.0000000000000000000, 0.0000000000000000000, 0.0000000000000000000, 0.0000000000000000000, 0.0000000000000000000, 0.0000000000000000000 ) ;
#3549 = DIRECTION ( 'NONE',  ( 0.0000000000000000000, -1.000000000000000000, 0.0000000000000000000 ) ) ;
#3550 = DIRECTION ( 'NONE',  ( 0.0000000000000000000, -1.000000000000000000, 0.0000000000000000000 ) ) ;
#3551 = PRODUCT_DEFINITION_CONTEXT ( 'detailed design', #3572, 'design' ) ;
#3552 = VERTEX_POINT ( 'NONE', #6285 ) ;
#3553 = VECTOR ( 'NONE', #7528, 39.37007874015748100 ) ;
#3554 = DIRECTION ( 'NONE',  ( -2.845674993400275900E-016, -0.0000000000000000000, 1.000000000000000000 ) ) ;
#3555 = EDGE_LOOP ( 'NONE', ( #3477, #1045, #3701, #6859 ) ) ;
#3556 = ADVANCED_FACE ( 'NONE', ( #129, #5460 ), #2827, .T. ) ;
#3557 = DIRECTION ( 'NONE',  ( 0.0000000000000000000, -0.7677020254041861900, 0.6408069913712787200 ) ) ;
#3558 = DIRECTION ( 'NONE',  ( -0.5735764363510460500, -0.0000000000000000000, -0.8191520442889916900 ) ) ;
#3559 = ORIENTED_EDGE ( 'NONE', *, *, #450, .T. ) ;
#3560 = EDGE_CURVE ( 'NONE', #6918, #3729, #1420, .T. ) ;
#3561 = CARTESIAN_POINT ( 'NONE',  ( 0.2523634250405458200, 0.2478994792543947300, 0.6550000000000000300 ) ) ;
#3562 = ORIENTED_EDGE ( 'NONE', *, *, #4731, .F. ) ;
#3563 = DIRECTION ( 'NONE',  ( 0.0000000000000000000, -1.000000000000000000, 0.0000000000000000000 ) ) ;
#3564 = VERTEX_POINT ( 'NONE', #5142 ) ;
#3565 = CARTESIAN_POINT ( 'NONE',  ( 0.3194141828492042000, 0.1358461821872557200, 0.2313878889518166100 ) ) ;
#3566 = CARTESIAN_POINT ( 'NONE',  ( 0.0000000000000000000, 0.07199999999999993900, 0.0000000000000000000 ) ) ;
#3567 = ORIENTED_EDGE ( 'NONE', *, *, #3940, .T. ) ;
#3568 = CARTESIAN_POINT ( 'NONE',  ( -0.2450000000000000800, 0.05000000000000000300, 0.5449999999999998200 ) ) ;
#3569 = AXIS2_PLACEMENT_3D ( 'NONE', #4283, #787, #1892 ) ;
#3570 = ORIENTED_EDGE ( 'NONE', *, *, #3249, .F. ) ;
#3571 = CARTESIAN_POINT ( 'NONE',  ( 0.2500000000000002200, 0.07199999999999999500, 0.5798463253555017300 ) ) ;
#3572 = APPLICATION_CONTEXT ( 'automotive_design' ) ;
#3573 = EDGE_CURVE ( 'NONE', #7238, #5399, #110, .T. ) ;
#3574 = DIRECTION ( 'NONE',  ( -1.000000000000000000, -0.0000000000000000000, -0.0000000000000000000 ) ) ;
#3575 = VECTOR ( 'NONE', #5599, 39.37007874015748100 ) ;
#3576 = ORIENTED_EDGE ( 'NONE', *, *, #1358, .F. ) ;
#3577 = CARTESIAN_POINT ( 'NONE',  ( 0.3078220959220630000, 0.2683443420626345800, 0.2275924725846295800 ) ) ;
#3578 = AXIS2_PLACEMENT_3D ( 'NONE', #7443, #4496, #1003 ) ;
#3579 = CARTESIAN_POINT ( 'NONE',  ( -0.3279016016141767500, 0.1809999999999999900, 0.02499999999999996300 ) ) ;
#3580 = CARTESIAN_POINT ( 'NONE',  ( 0.2603717749765907000, 0.2100143414432925100, 0.6550000000000000300 ) ) ;
#3581 = ADVANCED_FACE ( 'NONE', ( #3321 ), #5271, .T. ) ;
#3582 = VECTOR ( 'NONE', #4126, 39.37007874015748100 ) ;
#3583 = CARTESIAN_POINT ( 'NONE',  ( 0.3255632627330208300, 0.06556187750137748600, 0.5806949857316411300 ) ) ;
#3584 = FACE_OUTER_BOUND ( 'NONE', #443, .T. ) ;
#3585 = EDGE_CURVE ( 'NONE', #4202, #2660, #1687, .T. ) ;
#3586 = EDGE_CURVE ( 'NONE', #3707, #2902, #7487, .T. ) ;
#3587 = VERTEX_POINT ( 'NONE', #561 ) ;
#3588 = DIRECTION ( 'NONE',  ( 0.01745240643728355000, -0.9998476951563912700, 4.966387657323574100E-018 ) ) ;
#3589 = ORIENTED_EDGE ( 'NONE', *, *, #1932, .F. ) ;
#3590 = CARTESIAN_POINT ( 'NONE',  ( -0.1489999999999999100, 0.2270000000000000100, 0.6058840256167963300 ) ) ;
#3591 = VERTEX_POINT ( 'NONE', #3474 ) ;
#3592 = CARTESIAN_POINT ( 'NONE',  ( -0.04999999999999985700, 0.3289945494917684300, -0.3264414662060263800 ) ) ;
#3593 = AXIS2_PLACEMENT_3D ( 'NONE', #6342, #1083, #7609 ) ;
#3594 = VECTOR ( 'NONE', #4768, 39.37007874015748100 ) ;
#3595 = CARTESIAN_POINT ( 'NONE',  ( 0.0000000000000000000, 0.02999999999999999900, -0.2898391138212086400 ) ) ;
#3596 = ADVANCED_FACE ( 'NONE', ( #2323 ), #2302, .F. ) ;
#3597 = LINE ( 'NONE', #3939, #3952 ) ;
#3598 = ORIENTED_EDGE ( 'NONE', *, *, #7614, .T. ) ;
#3599 = VERTEX_POINT ( 'NONE', #4036 ) ;
#3600 = CARTESIAN_POINT ( 'NONE',  ( 0.02866556363492573200, 0.2820000000000000300, -0.2906892406454049700 ) ) ;
#3601 = FACE_OUTER_BOUND ( 'NONE', #4885, .T. ) ;
#3602 = B_SPLINE_CURVE_WITH_KNOTS ( 'NONE', 3,
 ( #5351, #1284, #2413, #1856 ),
 .UNSPECIFIED., .F., .F.,
 ( 4, 4 ),
 ( 0.0000000000000000000, 0.001752897230237397300 ),
 .UNSPECIFIED. ) ;
#3603 = DIRECTION ( 'NONE',  ( 0.0000000000000000000, -1.000000000000000000, 0.0000000000000000000 ) ) ;
#3604 = ORIENTED_EDGE ( 'NONE', *, *, #2812, .F. ) ;
#3605 = DIRECTION ( 'NONE',  ( 0.0000000000000000000, -0.0000000000000000000, 1.000000000000000000 ) ) ;
#3606 = FACE_OUTER_BOUND ( 'NONE', #7495, .T. ) ;
#3607 = CARTESIAN_POINT ( 'NONE',  ( 0.2999999999999999900, 0.2500000000000000600, 0.5799999999999999600 ) ) ;
#3608 = ORIENTED_EDGE ( 'NONE', *, *, #2450, .F. ) ;
#3609 = PLANE ( 'NONE',  #2456 ) ;
#3610 = PRESENTATION_STYLE_ASSIGNMENT (( #6022 ) ) ;
#3611 = ORIENTED_EDGE ( 'NONE', *, *, #5888, .T. ) ;
#3612 = LINE ( 'NONE', #4387, #2238 ) ;
#3613 = LINE ( 'NONE', #6803, #3510 ) ;
#3614 = CARTESIAN_POINT ( 'NONE',  ( 0.2126959314294751800, 0.1180000000000000100, 0.4257531754730548600 ) ) ;
#3615 = VERTEX_POINT ( 'NONE', #515 ) ;
#3616 = VECTOR ( 'NONE', #6024, 39.37007874015748100 ) ;
#3617 = CARTESIAN_POINT ( 'NONE',  ( 0.04999999999999994000, 0.2630794140713929600, -0.3802521721621812700 ) ) ;
#3618 = VECTOR ( 'NONE', #4805, 39.37007874015748100 ) ;
#3619 = ORIENTED_EDGE ( 'NONE', *, *, #1726, .F. ) ;
#3620 = LINE ( 'NONE', #1171, #5755 ) ;
#3621 = CARTESIAN_POINT ( 'NONE',  ( -0.2603796851542855000, 0.2099511822803929700, 0.6550000000000000300 ) ) ;
#3622 = DIRECTION ( 'NONE',  ( 0.0000000000000000000, -1.000000000000000000, 0.0000000000000000000 ) ) ;
#3623 = CARTESIAN_POINT ( 'NONE',  ( -0.2715089870143564400, 0.05000000000000000300, 0.6049999999999998700 ) ) ;
#3624 = FACE_OUTER_BOUND ( 'NONE', #4437, .T. ) ;
#3625 = ORIENTED_EDGE ( 'NONE', *, *, #6300, .T. ) ;
#3626 = CARTESIAN_POINT ( 'NONE',  ( -0.2508486603761396200, 0.06556187750137750000, 0.6554095880885223400 ) ) ;
#3627 =( BOUNDED_CURVE ( )  B_SPLINE_CURVE ( 3, ( #811, #3746, #7206, #6053 ),
 .UNSPECIFIED., .F., .F. ) 
 B_SPLINE_CURVE_WITH_KNOTS ( ( 4, 4 ),
 ( 4.880401704614936200, 4.890442894215547100 ),
 .UNSPECIFIED. ) 
 CURVE ( )  GEOMETRIC_REPRESENTATION_ITEM ( )  RATIONAL_B_SPLINE_CURVE ( ( 1.000000000000000000, 0.9999915978935992600, 0.9999915978935992600, 1.000000000000000000 ) ) 
 REPRESENTATION_ITEM ( '' )  );
#3628 = AXIS2_PLACEMENT_3D ( 'NONE', #7434, #3890, #4550 ) ;
#3629 = CARTESIAN_POINT ( 'NONE',  ( -0.2537454433088403000, 0.0000000000000000000, -0.02374323532516833800 ) ) ;
#3630 = APPLICATION_PROTOCOL_DEFINITION ( 'draft international standard', 'automotive_design', 1998, #1900 ) ;
#3631 = LINE ( 'NONE', #4263, #5762 ) ;
#3632 = ORIENTED_EDGE ( 'NONE', *, *, #5263, .F. ) ;
#3633 = EDGE_CURVE ( 'NONE', #448, #2347, #6288, .T. ) ;
#3634 = ADVANCED_FACE ( 'NONE', ( #2964 ), #4766, .T. ) ;
#3635 = CARTESIAN_POINT ( 'NONE',  ( 0.2983179464044327700, 0.2950749836791470300, 0.2244397443779376200 ) ) ;
#3636 = ORIENTED_EDGE ( 'NONE', *, *, #4952, .F. ) ;
#3637 = CARTESIAN_POINT ( 'NONE',  ( -0.2999999999999999900, 0.2500000000000000600, 0.2839245829002369800 ) ) ;
#3638 = CARTESIAN_POINT ( 'NONE',  ( -0.2537454433088403000, 0.07199999999999999500, -0.02500000000000000500 ) ) ;
#3639 = ORIENTED_EDGE ( 'NONE', *, *, #6953, .F. ) ;
#3640 = DIRECTION ( 'NONE',  ( 1.000000000000000000, 0.0000000000000000000, -1.024442997624109700E-014 ) ) ;
#3641 = CARTESIAN_POINT ( 'NONE',  ( -0.2999999999999999900, 0.07199999999999999500, 0.5798463253555016200 ) ) ;
#3642 = AXIS2_PLACEMENT_3D ( 'NONE', #6237, #4463, #3855 ) ;
#3643 = AXIS2_PLACEMENT_3D ( 'NONE', #5923, #4826, #3534 ) ;
#3644 = ORIENTED_EDGE ( 'NONE', *, *, #2023, .T. ) ;
#3645 = EDGE_LOOP ( 'NONE', ( #1955, #1616, #1622, #1598, #7435 ) ) ;
#3646 = CARTESIAN_POINT ( 'NONE',  ( -0.04000000000000000800, 0.1199999999999999800, 0.6550000000000000300 ) ) ;
#3647 = DIRECTION ( 'NONE',  ( 0.0000000000000000000, 0.0000000000000000000, 1.000000000000000000 ) ) ;
#3648 = EDGE_CURVE ( 'NONE', #1776, #187, #5828, .T. ) ;
#3649 = EDGE_CURVE ( 'NONE', #3043, #2181, #2832, .T. ) ;
#3650 = ORIENTED_EDGE ( 'NONE', *, *, #1949, .T. ) ;
#3651 = CARTESIAN_POINT ( 'NONE',  ( 0.3469256246570983100, 0.1879849471616150700, -0.02702452478340167100 ) ) ;
#3652 = ORIENTED_EDGE ( 'NONE', *, *, #4327, .F. ) ;
#3653 = CARTESIAN_POINT ( 'NONE',  ( -0.3268019325236991000, 0.1180000000000000100, 0.0000000000000000000 ) ) ;
#3654 = CARTESIAN_POINT ( 'NONE',  ( 0.2749999999999999700, 0.2500000000000000600, 0.6049999999999998700 ) ) ;
#3655 = FILL_AREA_STYLE_COLOUR ( '', #336 ) ;
#3656 = DIRECTION ( 'NONE',  ( -1.000000000000000000, -0.0000000000000000000, -0.0000000000000000000 ) ) ;
#3657 = ORIENTED_EDGE ( 'NONE', *, *, #3732, .F. ) ;
#3658 = CARTESIAN_POINT ( 'NONE',  ( -0.3452211340209723800, 0.04353931639230495400, 0.06058352560634171200 ) ) ;
#3659 = DIRECTION ( 'NONE',  ( -0.5735764363510464900, 0.0000000000000000000, -0.8191520442889914700 ) ) ;
#3660 = EDGE_LOOP ( 'NONE', ( #4357, #5314, #1636, #3598, #7540, #4919, #5037, #5539 ) ) ;
#3661 = EDGE_CURVE ( 'NONE', #3089, #4738, #4520, .T. ) ;
#3662 = CARTESIAN_POINT ( 'NONE',  ( 0.2335281094319531200, 0.2570000000000000600, 0.5633744347874545300 ) ) ;
#3663 = ORIENTED_EDGE ( 'NONE', *, *, #7597, .T. ) ;
#3664 = DIRECTION ( 'NONE',  ( -0.0000000000000000000, -0.0000000000000000000, 1.000000000000000000 ) ) ;
#3665 = PLANE ( 'NONE',  #97 ) ;
#3666 = VERTEX_POINT ( 'NONE', #3614 ) ;
#3667 = DIRECTION ( 'NONE',  ( 0.0000000000000000000, 1.000000000000000000, 0.0000000000000000000 ) ) ;
#3668 = ORIENTED_EDGE ( 'NONE', *, *, #6140, .F. ) ;
#3669 = AXIS2_PLACEMENT_3D ( 'NONE', #6368, #2839, #6962 ) ;
#3670 = ADVANCED_FACE ( 'NONE', ( #3693, #768 ), #1226, .F. ) ;
#3671 = PRODUCT_DEFINITION_SHAPE ( 'NONE', 'NONE',  #7640 ) ;
#3672 = CARTESIAN_POINT ( 'NONE',  ( -0.1402404538561416400, 0.2820000000000000300, -0.2502610097032430000 ) ) ;
#3673 = FACE_OUTER_BOUND ( 'NONE', #6265, .T. ) ;
#3674 = EDGE_CURVE ( 'NONE', #2744, #4002, #1046, .T. ) ;
#3675 = VECTOR ( 'NONE', #5776, 39.37007874015748100 ) ;
#3676 = LINE ( 'NONE', #4678, #3032 ) ;
#3677 = DIRECTION ( 'NONE',  ( -0.0000000000000000000, -1.000000000000000000, -0.0000000000000000000 ) ) ;
#3678 = CARTESIAN_POINT ( 'NONE',  ( 0.0000000000000000000, 0.07200000000000000800, 0.2249999999999999800 ) ) ;
#3679 = VERTEX_POINT ( 'NONE', #4148 ) ;
#3680 = EDGE_CURVE ( 'NONE', #6543, #1840, #857, .T. ) ;
#3681 = DIRECTION ( 'NONE',  ( 0.1736481776669308000, -0.9848077530122078000, 0.0000000000000000000 ) ) ;
#3682 = DIRECTION ( 'NONE',  ( -7.114187483500681200E-017, 0.0000000000000000000, -1.000000000000000000 ) ) ;
#3683 = AXIS2_PLACEMENT_3D ( 'NONE', #6400, #2868, #4682 ) ;
#3684 = FACE_OUTER_BOUND ( 'NONE', #459, .T. ) ;
#3685 = FACE_OUTER_BOUND ( 'NONE', #5759, .T. ) ;
#3686 = DIRECTION ( 'NONE',  ( -0.08715574274765836000, -0.9961946980917454300, 0.0000000000000000000 ) ) ;
#3687 = ORIENTED_EDGE ( 'NONE', *, *, #7242, .T. ) ;
#3688 = AXIS2_PLACEMENT_3D ( 'NONE', #367, #965, #2715 ) ;
#3689 = DIRECTION ( 'NONE',  ( -0.01744974916068285300, 0.9996954598818874600, -0.01744974916068272100 ) ) ;
#3690 = DIRECTION ( 'NONE',  ( 0.08682659386424780600, 0.9924325091389671900, -0.08682659386424780600 ) ) ;
#3691 = EDGE_CURVE ( 'NONE', #7119, #3552, #4242, .T. ) ;
#3692 = EDGE_LOOP ( 'NONE', ( #5167, #820, #3359, #1022 ) ) ;
#3693 = FACE_OUTER_BOUND ( 'NONE', #390, .T. ) ;
#3694 = CARTESIAN_POINT ( 'NONE',  ( -0.03641992873193149200, 0.2631924671899182300, -0.3815385280382635500 ) ) ;
#3695 = FACE_OUTER_BOUND ( 'NONE', #2634, .T. ) ;
#3696 = FACE_OUTER_BOUND ( 'NONE', #6599, .T. ) ;
#3697 = ORIENTED_EDGE ( 'NONE', *, *, #4228, .T. ) ;
#3698 = PLANE ( 'NONE',  #2740 ) ;
#3699 = CARTESIAN_POINT ( 'NONE',  ( -0.2648726915137050200, 0.1680834345704694300, 0.6550000000000001400 ) ) ;
#3700 = ORIENTED_EDGE ( 'NONE', *, *, #2196, .F. ) ;
#3701 = ORIENTED_EDGE ( 'NONE', *, *, #3046, .T. ) ;
#3702 = LENGTH_MEASURE_WITH_UNIT ( LENGTH_MEASURE( 0.02539999999999999900 ), #3286 );
#3703 = ORIENTED_EDGE ( 'NONE', *, *, #4663, .F. ) ;
#3704 = PLANE ( 'NONE',  #1894 ) ;
#3705 = LINE ( 'NONE', #6848, #1154 ) ;
#3706 = DIRECTION ( 'NONE',  ( -8.789873400495773900E-017, 0.0000000000000000000, 1.000000000000000000 ) ) ;
#3707 = VERTEX_POINT ( 'NONE', #7095 ) ;
#3708 = VECTOR ( 'NONE', #3381, 39.37007874015748100 ) ;
#3709 = CIRCLE ( 'NONE', #550, 0.1449999999999999600 ) ;
#3710 = ORIENTED_EDGE ( 'NONE', *, *, #5684, .F. ) ;
#3711 = AXIS2_PLACEMENT_3D ( 'NONE', #2650, #818, #7264 ) ;
#3712 = ADVANCED_FACE ( 'NONE', ( #6467 ), #7123, .T. ) ;
#3713 = VECTOR ( 'NONE', #1995, 39.37007874015748100 ) ;
#3714 = DIRECTION ( 'NONE',  ( 0.0000000000000000000, 1.000000000000000000, 0.0000000000000000000 ) ) ;
#3715 = EDGE_LOOP ( 'NONE', ( #3378 ) ) ;
#3716 = SURFACE_STYLE_FILL_AREA ( #5946 ) ;
#3717 = CARTESIAN_POINT ( 'NONE',  ( 0.2431820730088729800, 0.1083712609226199200, 0.5654074876717974900 ) ) ;
#3718 = CARTESIAN_POINT ( 'NONE',  ( 1.704198014989538900E-018, 0.04391583284401729500, -0.2541060010942235400 ) ) ;
#3719 = VERTEX_POINT ( 'NONE', #4115 ) ;
#3720 = ORIENTED_EDGE ( 'NONE', *, *, #5148, .F. ) ;
#3721 = CARTESIAN_POINT ( 'NONE',  ( -0.03643379783740507300, 0.3039332293165273300, -0.3779564887827092700 ) ) ;
#3722 = EDGE_CURVE ( 'NONE', #5318, #4652, #7478, .T. ) ;
#3723 = CARTESIAN_POINT ( 'NONE',  ( -0.02426688727301482700, 0.02999999999999999900, -0.2887757036459208100 ) ) ;
#3724 = EDGE_CURVE ( 'NONE', #4424, #3043, #1412, .T. ) ;
#3725 = DIRECTION ( 'NONE',  ( 0.0000000000000000000, 0.9998476951563912700, 0.01745240643728355000 ) ) ;
#3726 = VERTEX_POINT ( 'NONE', #3579 ) ;
#3727 = DIRECTION ( 'NONE',  ( 0.0000000000000000000, -1.000000000000000000, 0.0000000000000000000 ) ) ;
#3728 = CARTESIAN_POINT ( 'NONE',  ( 0.04999999999999998900, 0.3370000000000000800, -0.3407492558152663800 ) ) ;
#3729 = VERTEX_POINT ( 'NONE', #84 ) ;
#3730 = CARTESIAN_POINT ( 'NONE',  ( -0.2249999999999999800, 0.2820000000000000300, 0.3775000000000000000 ) ) ;
#3731 = ORIENTED_EDGE ( 'NONE', *, *, #6724, .F. ) ;
#3732 = EDGE_CURVE ( 'NONE', #1594, #7172, #580, .T. ) ;
#3733 = EDGE_CURVE ( 'NONE', #4758, #4928, #213, .T. ) ;
#3734 = DIRECTION ( 'NONE',  ( -0.08714256931580943700, 0.9960441250767055900, -0.01738601487458360900 ) ) ;
#3735 = CARTESIAN_POINT ( 'NONE',  ( 0.2812567646748319600, 0.0000000000000000000, 0.5848501329765919400 ) ) ;
#3736 = ORIENTED_EDGE ( 'NONE', *, *, #1006, .T. ) ;
#3737 = CARTESIAN_POINT ( 'NONE',  ( 0.3250000000000000100, 0.2500000000000000600, 0.6550000000000000300 ) ) ;
#3738 = VECTOR ( 'NONE', #4000, 39.37007874015748100 ) ;
#3739 = DIMENSIONAL_EXPONENTS ( 1.000000000000000000, 0.0000000000000000000, 0.0000000000000000000, 0.0000000000000000000, 0.0000000000000000000, 0.0000000000000000000, 0.0000000000000000000 ) ;
#3740 = ORIENTED_EDGE ( 'NONE', *, *, #909, .T. ) ;
#3741 = AXIS2_PLACEMENT_3D ( 'NONE', #4472, #6167, #2775 ) ;
#3742 = AXIS2_PLACEMENT_3D ( 'NONE', #2571, #4355, #3686 ) ;
#3743 = CARTESIAN_POINT ( 'NONE',  ( -0.02500000000000001200, 0.1809999999999999900, -0.3491060010942235700 ) ) ;
#3744 = CARTESIAN_POINT ( 'NONE',  ( -0.2999999999999999900, 0.0000000000000000000, 0.6298463253555016700 ) ) ;
#3745 = ORIENTED_EDGE ( 'NONE', *, *, #1868, .F. ) ;
#3746 = CARTESIAN_POINT ( 'NONE',  ( 0.1686233308607734100, 0.07268646164729093700, -0.2310836112643308600 ) ) ;
#3747 = ORIENTED_EDGE ( 'NONE', *, *, #2022, .T. ) ;
#3748 = ADVANCED_FACE ( 'NONE', ( #5727 ), #7145, .T. ) ;
#3749 = EDGE_CURVE ( 'NONE', #4491, #5191, #6838, .T. ) ;
#3750 = ORIENTED_EDGE ( 'NONE', *, *, #5580, .T. ) ;
#3751 = PLANE ( 'NONE',  #4127 ) ;
#3752 = VERTEX_POINT ( 'NONE', #4276 ) ;
#3753 = AXIS2_PLACEMENT_3D ( 'NONE', #7250, #5407, #2525 ) ;
#3754 = CARTESIAN_POINT ( 'NONE',  ( 0.0000000000000000000, 0.0000000000000000000, 0.0000000000000000000 ) ) ;
#3755 = VERTEX_POINT ( 'NONE', #7247 ) ;
#3756 = VERTEX_POINT ( 'NONE', #5476 ) ;
#3757 = DIRECTION ( 'NONE',  ( -0.0000000000000000000, -1.000000000000000000, -0.0000000000000000000 ) ) ;
#3758 = EDGE_CURVE ( 'NONE', #2335, #906, #5353, .T. ) ;
#3759 = CARTESIAN_POINT ( 'NONE',  ( -0.3701599012385176600, 0.2500000000000000600, 0.06005537041007142500 ) ) ;
#3760 = LINE ( 'NONE', #3846, #5711 ) ;
#3761 = CARTESIAN_POINT ( 'NONE',  ( -0.2337008162261326200, 0.0000000000000000000, 0.1465000000000002700 ) ) ;
#3762 = ORIENTED_EDGE ( 'NONE', *, *, #3090, .F. ) ;
#3763 = DIRECTION ( 'NONE',  ( 0.09634424151944946700, -4.553079989440428000E-015, -0.9953480733522529500 ) ) ;
#3764 = CARTESIAN_POINT ( 'NONE',  ( 0.0000000000000000000, 0.2720000000000000200, 0.2249999999999999800 ) ) ;
#3765 = CARTESIAN_POINT ( 'NONE',  ( 0.3437345820655683400, 0.1230262989648237000, -0.06102741253829784700 ) ) ;
#3766 = CARTESIAN_POINT ( 'NONE',  ( -0.03643019786171578700, 0.2934213932459173700, -0.3788807467994856300 ) ) ;
#3767 = LINE ( 'NONE', #7628, #6185 ) ;
#3768 = CONICAL_SURFACE ( 'NONE', #3454, 0.07500000000000002500, 0.01745329251994333400 ) ;
#3769 = PRESENTATION_LAYER_ASSIGNMENT (  '', '', ( #2588 ) ) ;
#3770 = CIRCLE ( 'NONE', #1186, 0.07936376623205446100 ) ;
#3771 = AXIS2_PLACEMENT_3D ( 'NONE', #2862, #7557, #5782 ) ;
#3772 = ORIENTED_EDGE ( 'NONE', *, *, #6975, .T. ) ;
#3773 = ORIENTED_EDGE ( 'NONE', *, *, #6517, .F. ) ;
#3774 = DIRECTION ( 'NONE',  ( 0.0000000000000000000, 0.0000000000000000000, -1.000000000000000000 ) ) ;
#3775 = CONICAL_SURFACE ( 'NONE', #873, 0.4000000000000000200, 0.01745329251994333400 ) ;
#3776 = EDGE_CURVE ( 'NONE', #5399, #2452, #1514, .T. ) ;
#3777 = VECTOR ( 'NONE', #828, 39.37007874015748100 ) ;
#3778 = ORIENTED_EDGE ( 'NONE', *, *, #387, .F. ) ;
#3779 = CARTESIAN_POINT ( 'NONE',  ( 2.755455298081544200E-017, 0.1180000000000000100, 0.2249999999999999800 ) ) ;
#3780 = EDGE_LOOP ( 'NONE', ( #5032, #620, #4479, #2262 ) ) ;
#3781 = ADVANCED_FACE ( 'NONE', ( #6923 ), #7013, .F. ) ;
#3782 = CARTESIAN_POINT ( 'NONE',  ( 1.488705016339373200E-016, 0.2820000000000000300, -0.02866556363492729300 ) ) ;
#3783 = VERTEX_POINT ( 'NONE', #6691 ) ;
#3784 = AXIS2_PLACEMENT_3D ( 'NONE', #5364, #2445, #2373 ) ;
#3785 = FACE_OUTER_BOUND ( 'NONE', #5150, .T. ) ;
#3786 = CARTESIAN_POINT ( 'NONE',  ( 0.0000000000000000000, 0.05000000000000000300, 0.6049999999999998700 ) ) ;
#3787 = VERTEX_POINT ( 'NONE', #5448 ) ;
#3788 = CARTESIAN_POINT ( 'NONE',  ( 0.1526212516800930500, 0.2284213248058696900, 0.6049999999999998700 ) ) ;
#3789 = LINE ( 'NONE', #1998, #2235 ) ;
#3790 = FACE_OUTER_BOUND ( 'NONE', #6972, .T. ) ;
#3791 = EDGE_LOOP ( 'NONE', ( #5128 ) ) ;
#3792 = VECTOR ( 'NONE', #5866, 39.37007874015748100 ) ;
#3793 = EDGE_CURVE ( 'NONE', #1677, #7439, #4050, .T. ) ;
#3794 = LINE ( 'NONE', #389, #1340 ) ;
#3795 = DIRECTION ( 'NONE',  ( 0.0000000000000000000, -0.0000000000000000000, 1.000000000000000000 ) ) ;
#3796 = PLANE ( 'NONE',  #3446 ) ;
#3797 = ORIENTED_EDGE ( 'NONE', *, *, #3036, .F. ) ;
#3798 = CARTESIAN_POINT ( 'NONE',  ( -0.2780817675842124400, 0.1810000000000000800, 0.6300000000000000000 ) ) ;
#3799 = VECTOR ( 'NONE', #3574, 39.37007874015748100 ) ;
#3800 = LINE ( 'NONE', #4107, #4723 ) ;
#3801 = ORIENTED_EDGE ( 'NONE', *, *, #4457, .T. ) ;
#3802 = CARTESIAN_POINT ( 'NONE',  ( -0.3414285376651450800, 0.1373333062849770000, 0.06748290325896538800 ) ) ;
#3803 = LINE ( 'NONE', #1429, #2613 ) ;
#3804 = VECTOR ( 'NONE', #6127, 39.37007874015748100 ) ;
#3805 = ORIENTED_EDGE ( 'NONE', *, *, #6453, .F. ) ;
#3806 = EDGE_CURVE ( 'NONE', #6472, #810, #1482, .T. ) ;
#3807 = DIRECTION ( 'NONE',  ( -1.000000000000000000, -0.0000000000000000000, 2.101421533587894900E-016 ) ) ;
#3808 = TOROIDAL_SURFACE ( 'NONE', #5425, 0.3085281094319530200, 0.07499999999999999700 ) ;
#3809 = CARTESIAN_POINT ( 'NONE',  ( 0.2715089870143564400, 0.05000000000000000300, 0.3957531754730548900 ) ) ;
#3810 = ORIENTED_EDGE ( 'NONE', *, *, #1965, .T. ) ;
#3811 = CARTESIAN_POINT ( 'NONE',  ( 0.2976066153464859700, 0.3320000000000000200, -0.08136274830451534200 ) ) ;
#3812 = ORIENTED_EDGE ( 'NONE', *, *, #3889, .F. ) ;
#3813 = CARTESIAN_POINT ( 'NONE',  ( -0.3963449574072890300, 0.2500000000000000600, 0.05395066948439343500 ) ) ;
#3814 = CARTESIAN_POINT ( 'NONE',  ( -0.2207177771236144000, 0.2263427696005390100, -0.2716314835611117800 ) ) ;
#3815 = ORIENTED_EDGE ( 'NONE', *, *, #4512, .T. ) ;
#3816 = EDGE_CURVE ( 'NONE', #2464, #4710, #6371, .T. ) ;
#3817 = DIRECTION ( 'NONE',  ( 0.0000000000000000000, -0.01745240643728355000, -0.9998476951563912700 ) ) ;
#3818 = ADVANCED_FACE ( 'NONE', ( #1501 ), #141, .T. ) ;
#3819 = EDGE_CURVE ( 'NONE', #1382, #6827, #2484, .T. ) ;
#3820 = VERTEX_POINT ( 'NONE', #4222 ) ;
#3821 = DIRECTION ( 'NONE',  ( 0.0000000000000000000, 0.0000000000000000000, 1.000000000000000000 ) ) ;
#3822 = ORIENTED_EDGE ( 'NONE', *, *, #2405, .T. ) ;
#3823 = CARTESIAN_POINT ( 'NONE',  ( -0.04999999999999985000, 0.3370000000000000800, -0.2118626966596885700 ) ) ;
#3824 = CARTESIAN_POINT ( 'NONE',  ( -0.08500000000000008900, 0.2820000000000000300, 0.5649239970457443600 ) ) ;
#3825 = AXIS2_PLACEMENT_3D ( 'NONE', #2780, #3342, #2814 ) ;
#3826 = CARTESIAN_POINT ( 'NONE',  ( -0.04999999999999985000, 0.3320000000000000200, -0.2118626966596885700 ) ) ;
#3827 = ORIENTED_EDGE ( 'NONE', *, *, #7445, .T. ) ;
#3828 = EDGE_CURVE ( 'NONE', #5225, #4640, #449, .T. ) ;
#3829 = ORIENTED_EDGE ( 'NONE', *, *, #2106, .F. ) ;
#3830 = EDGE_CURVE ( 'NONE', #894, #4362, #2125, .T. ) ;
#3831 =( BOUNDED_CURVE ( )  B_SPLINE_CURVE ( 3, ( #6228, #1564, #908, #360 ),
 .UNSPECIFIED., .F., .F. ) 
 B_SPLINE_CURVE_WITH_KNOTS ( ( 4, 4 ),
 ( 0.0000000000000000000, 1.570796326794896600 ),
 .UNSPECIFIED. ) 
 CURVE ( )  GEOMETRIC_REPRESENTATION_ITEM ( )  RATIONAL_B_SPLINE_CURVE ( ( 1.000000000000000000, 0.8047378541243649400, 0.8047378541243649400, 1.000000000000000000 ) ) 
 REPRESENTATION_ITEM ( '' )  );
#3832 = DIRECTION ( 'NONE',  ( 0.01745240643728355000, -0.9998476951563912700, 0.0000000000000000000 ) ) ;
#3833 = CARTESIAN_POINT ( 'NONE',  ( 0.2289419291703387900, 0.09366663908529519700, -0.2611187892743513900 ) ) ;
#3834 = ORIENTED_EDGE ( 'NONE', *, *, #2865, .T. ) ;
#3835 = AXIS2_PLACEMENT_3D ( 'NONE', #5780, #558, #5861 ) ;
#3836 = AXIS2_PLACEMENT_3D ( 'NONE', #1460, #5017, #4987 ) ;
#3837 = CARTESIAN_POINT ( 'NONE',  ( -0.02374323532516830300, 0.0000000000000000000, -0.3504533827859615500 ) ) ;
#3838 = DIRECTION ( 'NONE',  ( -2.276539994720218900E-016, 0.0000000000000000000, 1.000000000000000000 ) ) ;
#3839 = ORIENTED_EDGE ( 'NONE', *, *, #3649, .T. ) ;
#3840 = DIRECTION ( 'NONE',  ( -4.614608097405848800E-017, 0.0000000000000000000, -1.000000000000000000 ) ) ;
#3841 = CLOSED_SHELL ( 'NONE', ( #1314, #5767, #6201, #3312, #5151, #421, #7082, #2472, #7593, #4519, #2747, #153, #299, #6420, #7269, #4092, #5973, #7191, #6851, #4747, #1877, #1143, #2590, #2024, #460, #7621, #5343, #3390, #7464, #4992, #3166, #3982, #2439, #27, #5181, #2134, #71, #4715, #1911, #6044, #2511, #4631, #7043, #6502, #2632, #3126, #5034, #343, #5884, #2988, #6740, #6510, #6631, #6596, #3518, #4053, #3925, #5119, #7352, #7387, #5811, #3818, #5144, #6895, #6004, #4037, #998, #4793, #1464, #539, #5693, #1650, #5533, #2065, #7003, #3092, #2206, #4753, #3712, #107, #2871, #7509, #5656, #2249, #2830, #801, #7317, #267, #6667, #1539, #5858, #4592, #4209, #2666, #4483, #494, #1497, #386, #4250, #568, #559, #6122, #7584, #4180, #1196 ) ) ;
#3842 = CARTESIAN_POINT ( 'NONE',  ( -0.2763344363650742100, 0.2820000000000000300, 0.5799278046668346900 ) ) ;
#3843 = CARTESIAN_POINT ( 'NONE',  ( 0.2891060010942235700, 0.05000000000000000300, -0.02499999999999996300 ) ) ;
#3844 = ORIENTED_EDGE ( 'NONE', *, *, #5430, .F. ) ;
#3845 = AXIS2_PLACEMENT_3D ( 'NONE', #2663, #1510, #6728 ) ;
#3846 = CARTESIAN_POINT ( 'NONE',  ( 0.1866546663800779700, 0.1102373382458985100, 0.5652442270607477300 ) ) ;
#3847 = ORIENTED_EDGE ( 'NONE', *, *, #2895, .T. ) ;
#3848 = CARTESIAN_POINT ( 'NONE',  ( -0.2763344363650742100, 0.2820000000000000300, 0.5799278046668346900 ) ) ;
#3849 = CIRCLE ( 'NONE', #70, 0.03000000000000000900 ) ;
#3850 = VECTOR ( 'NONE', #3283, 39.37007874015748100 ) ;
#3851 = CARTESIAN_POINT ( 'NONE',  ( -0.3451460955505734600, 0.2820000000000000300, 0.02866556363492573200 ) ) ;
#3852 = ADVANCED_FACE ( 'NONE', ( #16, #665 ), #6649, .F. ) ;
#3853 = ORIENTED_EDGE ( 'NONE', *, *, #468, .T. ) ;
#3854 = CARTESIAN_POINT ( 'NONE',  ( -0.04999999999999985700, 0.3146665943779256000, -0.3620241879260991400 ) ) ;
#3855 = DIRECTION ( 'NONE',  ( 0.0000000000000000000, 0.0000000000000000000, 1.000000000000000000 ) ) ;
#3856 = VECTOR ( 'NONE', #211, 39.37007874015748100 ) ;
#3857 = VECTOR ( 'NONE', #1479, 39.37007874015748100 ) ;
#3858 = ORIENTED_EDGE ( 'NONE', *, *, #1839, .T. ) ;
#3859 = TOROIDAL_SURFACE ( 'NONE', #6445, 0.3085281094319529700, 0.07499999999999999700 ) ;
#3860 = CARTESIAN_POINT ( 'NONE',  ( -0.2749999999999999100, 0.1809999999999999900, 0.3957531754730548900 ) ) ;
#3861 = CARTESIAN_POINT ( 'NONE',  ( -0.03499999999999983700, 0.3370000000000000800, 1.615112834092039700E-018 ) ) ;
#3862 = AXIS2_PLACEMENT_3D ( 'NONE', #5714, #2191, #4470 ) ;
#3863 = ORIENTED_EDGE ( 'NONE', *, *, #5513, .T. ) ;
#3864 = CYLINDRICAL_SURFACE ( 'NONE', #6789, 0.07499999999999998300 ) ;
#3865 = CIRCLE ( 'NONE', #1651, 0.08000000000000000200 ) ;
#3866 = ORIENTED_EDGE ( 'NONE', *, *, #6101, .T. ) ;
#3867 = DIRECTION ( 'NONE',  ( 1.338236348247696500E-015, -0.0000000000000000000, 1.000000000000000000 ) ) ;
#3868 = CARTESIAN_POINT ( 'NONE',  ( -0.03598517392554451800, 0.3484906666467847400, -0.3503406067289228100 ) ) ;
#3869 = DIRECTION ( 'NONE',  ( 0.0000000000000000000, 0.7675176437291048000, -0.6410278204294435100 ) ) ;
#3870 = EDGE_CURVE ( 'NONE', #4724, #4769, #3403, .T. ) ;
#3871 = VERTEX_POINT ( 'NONE', #1329 ) ;
#3872 = EDGE_CURVE ( 'NONE', #1528, #3509, #2859, .T. ) ;
#3873 = CIRCLE ( 'NONE', #7556, 0.3465089870143565100 ) ;
#3874 = DIRECTION ( 'NONE',  ( 0.0000000000000000000, 1.000000000000000000, 0.0000000000000000000 ) ) ;
#3875 = ORIENTED_EDGE ( 'NONE', *, *, #5231, .T. ) ;
#3876 = ORIENTED_EDGE ( 'NONE', *, *, #1814, .F. ) ;
#3877 = CARTESIAN_POINT ( 'NONE',  ( 0.05000000000000014800, 0.3457867965644036400, -0.2118626966596886300 ) ) ;
#3878 = LINE ( 'NONE', #454, #6026 ) ;
#3879 = LINE ( 'NONE', #952, #517 ) ;
#3880 = EDGE_LOOP ( 'NONE', ( #7619 ) ) ;
#3881 = AXIS2_PLACEMENT_3D ( 'NONE', #2641, #2105, #972 ) ;
#3882 = DIRECTION ( 'NONE',  ( 0.0000000000000000000, 1.000000000000000000, 0.0000000000000000000 ) ) ;
#3883 = FACE_OUTER_BOUND ( 'NONE', #258, .T. ) ;
#3884 = EDGE_LOOP ( 'NONE', ( #863, #6028, #6990, #5650, #5423, #2783 ) ) ;
#3885 = LINE ( 'NONE', #5621, #2333 ) ;
#3886 = VECTOR ( 'NONE', #587, 39.37007874015748100 ) ;
#3887 = EDGE_CURVE ( 'NONE', #2487, #1333, #495, .T. ) ;
#3888 = ORIENTED_EDGE ( 'NONE', *, *, #7138, .T. ) ;
#3889 = EDGE_CURVE ( 'NONE', #6287, #3998, #2673, .T. ) ;
#3890 = DIRECTION ( 'NONE',  ( 0.0000000000000000000, 1.000000000000000000, 0.0000000000000000000 ) ) ;
#3891 = CARTESIAN_POINT ( 'NONE',  ( 0.02426688727301488200, 0.02999999999999999900, -0.2898391138212086400 ) ) ;
#3892 = PLANE ( 'NONE',  #6676 ) ;
#3893 = ADVANCED_FACE ( 'NONE', ( #1325 ), #4926, .T. ) ;
#3894 = VECTOR ( 'NONE', #6034, 39.37007874015748100 ) ;
#3895 = CARTESIAN_POINT ( 'NONE',  ( 0.3279016016141767500, 0.1809999999999999900, -0.02500000000000003300 ) ) ;
#3896 = CARTESIAN_POINT ( 'NONE',  ( 0.2763344363650745400, 0.2820000000000000300, 0.2087745700297576600 ) ) ;
#3897 = ORIENTED_EDGE ( 'NONE', *, *, #4299, .T. ) ;
#3898 = ORIENTED_EDGE ( 'NONE', *, *, #440, .T. ) ;
#3899 = DIRECTION ( 'NONE',  ( 0.0000000000000000000, -1.000000000000000000, 0.0000000000000000000 ) ) ;
#3900 = CARTESIAN_POINT ( 'NONE',  ( -0.1488163490354231200, 0.2500000000000000600, 0.6550000000000000300 ) ) ;
#3901 = CARTESIAN_POINT ( 'NONE',  ( -0.2249999999999999800, 0.2920000000000000400, 0.5225000000000000800 ) ) ;
#3902 = EDGE_CURVE ( 'NONE', #774, #1905, #5008, .T. ) ;
#3903 = VERTEX_POINT ( 'NONE', #4324 ) ;
#3904 = CARTESIAN_POINT ( 'NONE',  ( -0.03500000000000006600, 0.2520000000000000000, 0.5654476489935909000 ) ) ;
#3905 = DIRECTION ( 'NONE',  ( -0.0000000000000000000, 0.9998476951563912700, -0.01745240643728355000 ) ) ;
#3906 = ORIENTED_EDGE ( 'NONE', *, *, #5231, .F. ) ;
#3907 = EDGE_LOOP ( 'NONE', ( #814, #6875, #6846, #1951 ) ) ;
#3908 = AXIS2_PLACEMENT_3D ( 'NONE', #1, #63, #3536 ) ;
#3909 = CARTESIAN_POINT ( 'NONE',  ( 0.08499999999999993700, 0.2520000000000000600, 0.6098463253555017600 ) ) ;
#3910 = ORIENTED_EDGE ( 'NONE', *, *, #297, .T. ) ;
#3911 = CARTESIAN_POINT ( 'NONE',  ( -0.2537454433088401900, 0.07199999999999999500, 0.1465000000000002400 ) ) ;
#3912 = CARTESIAN_POINT ( 'NONE',  ( -0.2537454433088401900, 0.07199999999999999500, 0.1465000000000002400 ) ) ;
#3913 = VERTEX_POINT ( 'NONE', #2573 ) ;
#3914 = EDGE_CURVE ( 'NONE', #2914, #3150, #308, .T. ) ;
#3915 = DIRECTION ( 'NONE',  ( -1.652531661459114700E-016, 0.0000000000000000000, -1.000000000000000000 ) ) ;
#3916 = ORIENTED_EDGE ( 'NONE', *, *, #1239, .T. ) ;
#3917 = CARTESIAN_POINT ( 'NONE',  ( -0.2525082565285725100, 0.2149700263379416300, 0.6060940095881522900 ) ) ;
#3918 = CARTESIAN_POINT ( 'NONE',  ( -0.2626959314294751700, 0.1180000000000000100, 0.4257531754730548600 ) ) ;
#3919 = ORIENTED_EDGE ( 'NONE', *, *, #5566, .T. ) ;
#3920 = DIRECTION ( 'NONE',  ( -1.000000000000000000, 0.0000000000000000000, 0.0000000000000000000 ) ) ;
#3921 = ORIENTED_EDGE ( 'NONE', *, *, #3758, .F. ) ;
#3922 = EDGE_LOOP ( 'NONE', ( #3469, #7546, #3839, #183 ) ) ;
#3923 = CARTESIAN_POINT ( 'NONE',  ( 0.03643966433890015500, 0.3209055722269995000, -0.3764641157718292000 ) ) ;
#3924 = EDGE_CURVE ( 'NONE', #3187, #1982, #7188, .T. ) ;
#3925 = ADVANCED_FACE ( 'NONE', ( #5071 ), #2683, .F. ) ;
#3926 = CARTESIAN_POINT ( 'NONE',  ( -0.1849816315027615100, 0.1180000000000000100, -0.2205949784240450500 ) ) ;
#3927 = CARTESIAN_POINT ( 'NONE',  ( 0.0000000000000000000, 0.3320000000000000200, 0.2249999999999999800 ) ) ;
#3928 = ORIENTED_EDGE ( 'NONE', *, *, #1556, .T. ) ;
#3929 = CARTESIAN_POINT ( 'NONE',  ( -0.2335281094319529300, 0.3320000000000000200, 0.2223809816875564900 ) ) ;
#3930 = EDGE_LOOP ( 'NONE', ( #1714, #5771, #725, #4802 ) ) ;
#3931 = DIRECTION ( 'NONE',  ( -0.9998476951563912700, -0.01745240643728355000, 0.0000000000000000000 ) ) ;
#3932 = CARTESIAN_POINT ( 'NONE',  ( -0.2854404374592978700, 0.2820000000000000300, -0.02866556363492568000 ) ) ;
#3933 = CARTESIAN_POINT ( 'NONE',  ( 0.3279016016141767500, 0.1809999999999999900, 0.02499999999999997700 ) ) ;
#3934 = VECTOR ( 'NONE', #6255, 39.37007874015748100 ) ;
#3935 = CIRCLE ( 'NONE', #3578, 0.05199999999999997000 ) ;
#3936 = ORIENTED_EDGE ( 'NONE', *, *, #6613, .T. ) ;
#3937 = CIRCLE ( 'NONE', #5118, 0.1200000000000000000 ) ;
#3938 = DIRECTION ( 'NONE',  ( 1.000000000000000000, -0.0000000000000000000, -0.0000000000000000000 ) ) ;
#3939 = CARTESIAN_POINT ( 'NONE',  ( -0.1453455887281019100, 0.1180000000000000100, -0.2511611827213247600 ) ) ;
#3940 = EDGE_CURVE ( 'NONE', #5352, #1175, #5816, .T. ) ;
#3941 = UNCERTAINTY_MEASURE_WITH_UNIT (LENGTH_MEASURE( 1.000000000000000100E-005 ), #4251, 'distance_accuracy_value', 'NONE');
#3942 = LINE ( 'NONE', #652, #3582 ) ;
#3943 = CIRCLE ( 'NONE', #1118, 0.09761825973923264600 ) ;
#3944 = VECTOR ( 'NONE', #2185, 39.37007874015748100 ) ;
#3945 = ORIENTED_EDGE ( 'NONE', *, *, #124, .F. ) ;
#3946 = CARTESIAN_POINT ( 'NONE',  ( 0.2248486349003572800, 0.09400012136198647400, -0.2677220505924292100 ) ) ;
#3947 = LINE ( 'NONE', #4677, #7196 ) ;
#3948 = CARTESIAN_POINT ( 'NONE',  ( -0.3082427117888338300, 0.2635366807060744400, 0.2897249155859941700 ) ) ;
#3949 = ORIENTED_EDGE ( 'NONE', *, *, #6935, .T. ) ;
#3950 = VECTOR ( 'NONE', #4717, 39.37007874015748100 ) ;
#3951 = LINE ( 'NONE', #3222, #131 ) ;
#3952 = VECTOR ( 'NONE', #1586, 39.37007874015748100 ) ;
#3953 = CARTESIAN_POINT ( 'NONE',  ( 2.755455298081544200E-017, 0.1180000000000000100, 0.2249999999999999800 ) ) ;
#3954 = ORIENTED_EDGE ( 'NONE', *, *, #5654, .F. ) ;
#3955 = DIRECTION ( 'NONE',  ( 3.416122420576691100E-016, -0.0000000000000000000, -1.000000000000000000 ) ) ;
#3956 = EDGE_CURVE ( 'NONE', #6871, #6870, #2303, .T. ) ;
#3957 = CARTESIAN_POINT ( 'NONE',  ( -0.2249999999999999800, 0.2820000000000000300, 0.3775000000000000000 ) ) ;
#3958 = ORIENTED_EDGE ( 'NONE', *, *, #1546, .F. ) ;
#3959 = ORIENTED_EDGE ( 'NONE', *, *, #2702, .F. ) ;
#3960 = FACE_OUTER_BOUND ( 'NONE', #3112, .T. ) ;
#3961 = EDGE_CURVE ( 'NONE', #5468, #6788, #6456, .T. ) ;
#3962 = LINE ( 'NONE', #4814, #4803 ) ;
#3963 = PLANE ( 'NONE',  #5930 ) ;
#3964 = ORIENTED_EDGE ( 'NONE', *, *, #6328, .F. ) ;
#3965 = AXIS2_PLACEMENT_3D ( 'NONE', #1097, #2310, #6385 ) ;
#3966 = ADVANCED_FACE ( 'NONE', ( #4038 ), #4881, .T. ) ;
#3967 = VECTOR ( 'NONE', #2998, 39.37007874015748100 ) ;
#3968 = FACE_OUTER_BOUND ( 'NONE', #79, .T. ) ;
#3969 = ORIENTED_EDGE ( 'NONE', *, *, #3021, .T. ) ;
#3970 = LINE ( 'NONE', #7571, #7034 ) ;
#3971 = DIRECTION ( 'NONE',  ( -1.000000000000000000, 0.0000000000000000000, 9.106159978880879400E-016 ) ) ;
#3972 = CARTESIAN_POINT ( 'NONE',  ( 0.1675978310204355200, 0.1809999999999999900, -0.2829406781966631900 ) ) ;
#3973 = AXIS2_PLACEMENT_3D ( 'NONE', #3980, #1646, #2173 ) ;
#3974 = FACE_OUTER_BOUND ( 'NONE', #2680, .T. ) ;
#3975 = ORIENTED_EDGE ( 'NONE', *, *, #3438, .F. ) ;
#3976 = CARTESIAN_POINT ( 'NONE',  ( 0.03499999999999998300, 0.3370000000000000800, -0.3407492558152663800 ) ) ;
#3977 = EDGE_CURVE ( 'NONE', #6302, #4352, #6362, .T. ) ;
#3978 = EDGE_CURVE ( 'NONE', #1905, #7143, #5629, .T. ) ;
#3979 = CONICAL_SURFACE ( 'NONE', #5627, 0.1700000000000000400, 0.01745329251994333400 ) ;
#3980 = CARTESIAN_POINT ( 'NONE',  ( 0.0000000000000000000, 0.2635366807060744400, 0.0000000000000000000 ) ) ;
#3981 = ORIENTED_EDGE ( 'NONE', *, *, #5942, .T. ) ;
#3982 = ADVANCED_FACE ( 'NONE', ( #6087, #4791 ), #887, .T. ) ;
#3983 = LINE ( 'NONE', #246, #1623 ) ;
#3984 = DIRECTION ( 'NONE',  ( 1.000000000000000000, 0.0000000000000000000, 2.276539994720218900E-016 ) ) ;
#3985 = AXIS2_PLACEMENT_3D ( 'NONE', #3444, #5249, #3984 ) ;
#3986 = AXIS2_PLACEMENT_3D ( 'NONE', #3911, #6314, #5766 ) ;
#3987 = VECTOR ( 'NONE', #5012, 39.37007874015748100 ) ;
#3988 = CARTESIAN_POINT ( 'NONE',  ( -0.04000000000000000800, 0.1199999999999999800, 0.6049999999999998700 ) ) ;
#3989 = DIRECTION ( 'NONE',  ( -0.0000000000000000000, -1.000000000000000000, -0.0000000000000000000 ) ) ;
#3990 = ORIENTED_EDGE ( 'NONE', *, *, #5921, .F. ) ;
#3991 = VERTEX_POINT ( 'NONE', #5584 ) ;
#3992 = DIRECTION ( 'NONE',  ( 0.0000000000000000000, 0.9998476951563912700, -0.01745240643728355000 ) ) ;
#3993 = CIRCLE ( 'NONE', #6462, 0.1187956005199529800 ) ;
#3994 = CARTESIAN_POINT ( 'NONE',  ( 0.2868771630780932400, 0.3099171825225942000, 0.2205855046250961800 ) ) ;
#3995 = EDGE_LOOP ( 'NONE', ( #3269, #2402, #2593, #1867 ) ) ;
#3996 = CARTESIAN_POINT ( 'NONE',  ( 0.2749999999999999100, 0.1809999999999999900, 0.3957531754730548900 ) ) ;
#3997 = CARTESIAN_POINT ( 'NONE',  ( 0.2369670322238305300, 0.2269999957244407700, -0.2901218979395823200 ) ) ;
#3998 = VERTEX_POINT ( 'NONE', #1064 ) ;
#3999 = ORIENTED_EDGE ( 'NONE', *, *, #7065, .F. ) ;
#4000 = DIRECTION ( 'NONE',  ( 4.614608097405848800E-017, -0.0000000000000000000, 1.000000000000000000 ) ) ;
#4001 = CARTESIAN_POINT ( 'NONE',  ( -8.537024980200816400E-018, 0.03000000000000000900, -0.2541060010942235400 ) ) ;
#4002 = VERTEX_POINT ( 'NONE', #289 ) ;
#4003 = CARTESIAN_POINT ( 'NONE',  ( 0.0000000000000000000, 0.0000000000000000000, 0.6098463253555017600 ) ) ;
#4004 = EDGE_LOOP ( 'NONE', ( #6083, #5933, #1308, #3095 ) ) ;
#4005 = DIMENSIONAL_EXPONENTS ( 1.000000000000000000, 0.0000000000000000000, 0.0000000000000000000, 0.0000000000000000000, 0.0000000000000000000, 0.0000000000000000000, 0.0000000000000000000 ) ;
#4006 = CARTESIAN_POINT ( 'NONE',  ( -0.02500000000000000500, 0.0000000000000000000, 0.3802779494575575500 ) ) ;
#4007 = DIRECTION ( 'NONE',  ( 0.01745240643728355000, -0.9998476951563912700, 0.0000000000000000000 ) ) ;
#4008 = CARTESIAN_POINT ( 'NONE',  ( -0.3250000000000000100, 0.2500000000000000600, 0.2331844763272203900 ) ) ;
#4009 = ORIENTED_EDGE ( 'NONE', *, *, #524, .T. ) ;
#4010 = DIRECTION ( 'NONE',  ( 0.0000000000000000000, -1.000000000000000000, 0.0000000000000000000 ) ) ;
#4011 = ORIENTED_EDGE ( 'NONE', *, *, #6666, .F. ) ;
#4012 = CARTESIAN_POINT ( 'NONE',  ( 0.2043516383247747100, 0.1179999999999999800, -0.2558629371825560400 ) ) ;
#4013 = CARTESIAN_POINT ( 'NONE',  ( 0.2901060628479798500, 0.3064554199015410200, 0.2216795754424991400 ) ) ;
#4014 = DIRECTION ( 'NONE',  ( -0.0000000000000000000, -0.0000000000000000000, 1.000000000000000000 ) ) ;
#4015 = VERTEX_POINT ( 'NONE', #6303 ) ;
#4016 = EDGE_CURVE ( 'NONE', #1063, #3599, #6716, .T. ) ;
#4017 = DIRECTION ( 'NONE',  ( 1.000000000000000000, -0.0000000000000000000, -0.0000000000000000000 ) ) ;
#4018 = DIRECTION ( 'NONE',  ( 0.0000000000000000000, -1.000000000000000000, 0.0000000000000000000 ) ) ;
#4019 = EDGE_LOOP ( 'NONE', ( #7351, #753, #2864, #2815, #2226, #3959 ) ) ;
#4020 = CARTESIAN_POINT ( 'NONE',  ( 0.0000000000000000000, 0.07199999999999999500, 0.2249999999999999800 ) ) ;
#4021 = VERTEX_POINT ( 'NONE', #3926 ) ;
#4022 = AXIS2_PLACEMENT_3D ( 'NONE', #6637, #1351, #6018 ) ;
#4023 = AXIS2_PLACEMENT_3D ( 'NONE', #7197, #748, #1357 ) ;
#4024 = ORIENTED_EDGE ( 'NONE', *, *, #707, .T. ) ;
#4025 = CARTESIAN_POINT ( 'NONE',  ( 0.1658243898353268200, 0.2500000000000000600, -0.2368217718125485400 ) ) ;
#4026 = ORIENTED_EDGE ( 'NONE', *, *, #1584, .T. ) ;
#4027 = DIRECTION ( 'NONE',  ( -0.1736481776669307200, 0.9848077530122080200, -0.0000000000000000000 ) ) ;
#4028 = PLANE ( 'NONE',  #1822 ) ;
#4029 = EDGE_CURVE ( 'NONE', #3998, #4650, #953, .T. ) ;
#4030 = DIRECTION ( 'NONE',  ( 0.0000000000000000000, 0.0000000000000000000, 1.000000000000000000 ) ) ;
#4031 = EDGE_CURVE ( 'NONE', #2076, #5329, #5710, .T. ) ;
#4032 = FACE_OUTER_BOUND ( 'NONE', #3555, .T. ) ;
#4033 = SURFACE_STYLE_FILL_AREA ( #4818 ) ;
#4034 = ORIENTED_EDGE ( 'NONE', *, *, #6821, .T. ) ;
#4035 = CARTESIAN_POINT ( 'NONE',  ( -0.3456059578214985600, 0.05000000000000000300, -0.02500000000000002200 ) ) ;
#4036 = CARTESIAN_POINT ( 'NONE',  ( 0.2214491225586205900, 0.2820000000000000300, -0.2662852379129019800 ) ) ;
#4037 = ADVANCED_FACE ( 'NONE', ( #5155 ), #5054, .F. ) ;
#4038 = FACE_OUTER_BOUND ( 'NONE', #7386, .T. ) ;
#4039 = CARTESIAN_POINT ( 'NONE',  ( -0.004999999999999989700, 0.03000000000000000600, -0.2667453213192256300 ) ) ;
#4040 = VECTOR ( 'NONE', #4246, 39.37007874015748100 ) ;
#4041 = CYLINDRICAL_SURFACE ( 'NONE', #2443, 0.3700000000000000000 ) ;
#4042 = DIRECTION ( 'NONE',  ( -8.789873400495773900E-017, 0.0000000000000000000, 1.000000000000000000 ) ) ;
#4043 = ORIENTED_EDGE ( 'NONE', *, *, #1104, .T. ) ;
#4044 = CARTESIAN_POINT ( 'NONE',  ( -0.2187102347761703500, 0.05000000000000000300, -0.2687644159591591800 ) ) ;
#4045 = VECTOR ( 'NONE', #7062, 39.37007874015748100 ) ;
#4046 = EDGE_CURVE ( 'NONE', #207, #2684, #6012, .T. ) ;
#4047 = CARTESIAN_POINT ( 'NONE',  ( -0.02348145505224575100, 0.2820000000000000300, -0.01644189183571487600 ) ) ;
#4048 = ORIENTED_EDGE ( 'NONE', *, *, #6545, .T. ) ;
#4049 = DIRECTION ( 'NONE',  ( 0.0000000000000000000, -1.000000000000000000, 0.0000000000000000000 ) ) ;
#4050 = LINE ( 'NONE', #3114, #1128 ) ;
#4051 = LINE ( 'NONE', #2286, #5165 ) ;
#4052 = CARTESIAN_POINT ( 'NONE',  ( -0.3250000000000000100, 0.0000000000000000000, 0.6550000000000000300 ) ) ;
#4053 = ADVANCED_FACE ( 'NONE', ( #5928 ), #6912, .T. ) ;
#4054 = CIRCLE ( 'NONE', #5183, 0.3463344363650741600 ) ;
#4055 = VERTEX_POINT ( 'NONE', #6940 ) ;
#4056 = CARTESIAN_POINT ( 'NONE',  ( -0.03499999999999985800, 0.3370000000000000800, -0.3407492558152664400 ) ) ;
#4057 = AXIS2_PLACEMENT_3D ( 'NONE', #1433, #6051, #3763 ) ;
#4058 = EDGE_LOOP ( 'NONE', ( #72, #7214, #1797, #2834 ) ) ;
#4059 = CARTESIAN_POINT ( 'NONE',  ( 0.3659421544613723500, 0.0000000000000000000, -0.05464741154134426100 ) ) ;
#4060 = DIRECTION ( 'NONE',  ( -0.5735764363510443800, -0.0000000000000000000, 0.8191520442889929100 ) ) ;
#4061 = ORIENTED_EDGE ( 'NONE', *, *, #2503, .T. ) ;
#4062 = LINE ( 'NONE', #3826, #6769 ) ;
#4063 = ORIENTED_EDGE ( 'NONE', *, *, #3495, .T. ) ;
#4064 = EDGE_CURVE ( 'NONE', #4147, #1776, #3217, .T. ) ;
#4065 = DIRECTION ( 'NONE',  ( 0.01745240643728355000, -0.9998476951563912700, -0.0000000000000000000 ) ) ;
#4066 = CYLINDRICAL_SURFACE ( 'NONE', #5130, 0.03500000000000000300 ) ;
#4067 = EDGE_CURVE ( 'NONE', #1888, #776, #6463, .T. ) ;
#4068 = ORIENTED_EDGE ( 'NONE', *, *, #5159, .T. ) ;
#4070 = LINE ( 'NONE', #1952, #234 ) ;
#4069 = CARTESIAN_POINT ( 'NONE',  ( -0.3463701538733174900, 0.09366666643735979700, -0.02500000000000002200 ) ) ;
#4071 = CARTESIAN_POINT ( 'NONE',  ( -0.3279016016141767500, 0.1809999999999999900, 0.0000000000000000000 ) ) ;
#4072 = LINE ( 'NONE', #5990, #2508 ) ;
#4073 = VERTEX_POINT ( 'NONE', #7511 ) ;
#4074 = AXIS2_PLACEMENT_3D ( 'NONE', #1016, #392, #2739 ) ;
#4075 = CARTESIAN_POINT ( 'NONE',  ( 0.3478985066683596400, 0.1809999999999999900, 0.02499999999999977200 ) ) ;
#4076 = FACE_OUTER_BOUND ( 'NONE', #4697, .T. ) ;
#4077 = DIRECTION ( 'NONE',  ( 4.267862374973166600E-016, -0.01745240643728355000, 0.9998476951563912700 ) ) ;
#4078 = VECTOR ( 'NONE', #3706, 39.37007874015748100 ) ;
#4079 = ORIENTED_EDGE ( 'NONE', *, *, #5148, .T. ) ;
#4080 = AXIS2_PLACEMENT_3D ( 'NONE', #3175, #4883, #6139 ) ;
#4081 = CARTESIAN_POINT ( 'NONE',  ( 0.2335281094319527900, 0.3320000000000000200, 0.2016289076863559700 ) ) ;
#4082 = DIRECTION ( 'NONE',  ( 0.0000000000000000000, 0.0000000000000000000, 1.000000000000000000 ) ) ;
#4083 = EDGE_CURVE ( 'NONE', #3991, #5331, #5547, .T. ) ;
#4084 = CARTESIAN_POINT ( 'NONE',  ( 0.1756698574962765300, 0.2349854668551404900, -0.2994286966998602200 ) ) ;
#4085 = CIRCLE ( 'NONE', #1880, 0.3700000000000000000 ) ;
#4086 = ORIENTED_EDGE ( 'NONE', *, *, #1473, .F. ) ;
#4087 = EDGE_LOOP ( 'NONE', ( #618 ) ) ;
#4088 = DIMENSIONAL_EXPONENTS ( 1.000000000000000000, 0.0000000000000000000, 0.0000000000000000000, 0.0000000000000000000, 0.0000000000000000000, 0.0000000000000000000, 0.0000000000000000000 ) ;
#4089 = CARTESIAN_POINT ( 'NONE',  ( 0.0000000000000000000, 0.2820000000000000300, 0.5502169413402260300 ) ) ;
#4090 = CARTESIAN_POINT ( 'NONE',  ( 2.755455298081544200E-017, 0.05000000000000000300, 0.3049999999999999900 ) ) ;
#4091 = ORIENTED_EDGE ( 'NONE', *, *, #4595, .F. ) ;
#4092 = ADVANCED_FACE ( 'NONE', ( #2130 ), #7454, .T. ) ;
#4093 = ORIENTED_EDGE ( 'NONE', *, *, #5497, .T. ) ;
#4094 = CARTESIAN_POINT ( 'NONE',  ( -0.1883309504930120200, 0.02590155914413703700, 0.6550000000000000300 ) ) ;
#4095 = AXIS2_PLACEMENT_3D ( 'NONE', #2731, #6250, #5680 ) ;
#4097 = EDGE_LOOP ( 'NONE', ( #2546, #5987, #990, #3450 ) ) ;
#4096 = CARTESIAN_POINT ( 'NONE',  ( 0.2512137837583511800, 0.2495023030728273100, 0.6550000000000000300 ) ) ;
#4098 = CARTESIAN_POINT ( 'NONE',  ( 0.3491060010942235700, 0.2263427696005390100, 0.02499999999999975900 ) ) ;
#4099 = DIRECTION ( 'NONE',  ( 0.9961946980917455500, -0.08715574274765837400, 0.0000000000000000000 ) ) ;
#4100 = UNCERTAINTY_MEASURE_WITH_UNIT (LENGTH_MEASURE( 1.000000000000000100E-005 ), #7139, 'distance_accuracy_value', 'NONE');
#4101 = ORIENTED_EDGE ( 'NONE', *, *, #3661, .F. ) ;
#4102 = ORIENTED_EDGE ( 'NONE', *, *, #1195, .F. ) ;
#4103 = DIRECTION ( 'NONE',  ( 0.5735764363510464900, 0.0000000000000000000, -0.8191520442889913500 ) ) ;
#4104 = EDGE_LOOP ( 'NONE', ( #4947, #2654, #2000 ) ) ;
#4105 = CARTESIAN_POINT ( 'NONE',  ( 0.2537454433088401900, 0.3320000000000000200, -0.1465000000000003800 ) ) ;
#4106 = EDGE_CURVE ( 'NONE', #2129, #612, #208, .T. ) ;
#4107 = CARTESIAN_POINT ( 'NONE',  ( -0.2856149881085801000, 0.05000000000000001000, -1.950641830562166700E-016 ) ) ;
#4108 = EDGE_CURVE ( 'NONE', #412, #5358, #763, .T. ) ;
#4109 = PLANE ( 'NONE',  #7354 ) ;
#4110 = ORIENTED_EDGE ( 'NONE', *, *, #5242, .T. ) ;
#4111 = CARTESIAN_POINT ( 'NONE',  ( 0.3000000000000002100, -0.0000000000000000000, 0.6298463253555017800 ) ) ;
#4112 = ORIENTED_EDGE ( 'NONE', *, *, #4083, .F. ) ;
#4113 = AXIS2_PLACEMENT_3D ( 'NONE', #6412, #2341, #4082 ) ;
#4114 = AXIS2_PLACEMENT_3D ( 'NONE', #4641, #1142, #2901 ) ;
#4115 = CARTESIAN_POINT ( 'NONE',  ( 0.01500000000000014700, 0.05000000000000000300, 0.6049999999999998700 ) ) ;
#4116 = VERTEX_POINT ( 'NONE', #4504 ) ;
#4117 = ADVANCED_FACE ( 'NONE', ( #6834 ), #3859, .T. ) ;
#4118 = DIRECTION ( 'NONE',  ( 0.0000000000000000000, 0.0000000000000000000, 1.000000000000000000 ) ) ;
#4119 = ORIENTED_EDGE ( 'NONE', *, *, #2630, .T. ) ;
#4120 = EDGE_CURVE ( 'NONE', #612, #4435, #6283, .T. ) ;
#4121 = EDGE_CURVE ( 'NONE', #1997, #6537, #1223, .T. ) ;
#4122 = DIRECTION ( 'NONE',  ( 0.5735764363510462700, 0.0000000000000000000, 0.8191520442889915800 ) ) ;
#4123 = CARTESIAN_POINT ( 'NONE',  ( 0.0000000000000000000, 0.07199999999999999500, 0.0000000000000000000 ) ) ;
#4124 = LINE ( 'NONE', #4490, #2559 ) ;
#4125 = VECTOR ( 'NONE', #6227, 39.37007874015748100 ) ;
#4126 = DIRECTION ( 'NONE',  ( 1.000000000000000000, -0.0000000000000000000, 0.0000000000000000000 ) ) ;
#4127 = AXIS2_PLACEMENT_3D ( 'NONE', #4887, #4343, #7212 ) ;
#4128 = ORIENTED_EDGE ( 'NONE', *, *, #6070, .T. ) ;
#4129 = CARTESIAN_POINT ( 'NONE',  ( -0.3069688193430667500, 0.3320000000000000200, 0.07789039290938296100 ) ) ;
#4130 = AXIS2_PLACEMENT_3D ( 'NONE', #7360, #6240, #351 ) ;
#4131 = ADVANCED_FACE ( 'NONE', ( #5079 ), #4325, .F. ) ;
#4132 = CARTESIAN_POINT ( 'NONE',  ( -0.03500000000000008000, 0.1879687576256714700, 0.6098463253555017600 ) ) ;
#4133 = FACE_OUTER_BOUND ( 'NONE', #1828, .T. ) ;
#4134 = VECTOR ( 'NONE', #5394, 39.37007874015748100 ) ;
#4135 = LINE ( 'NONE', #993, #7098 ) ;
#4136 = DIRECTION ( 'NONE',  ( 1.000000000000000000, -0.0000000000000000000, -0.0000000000000000000 ) ) ;
#4137 =( REPRESENTATION_RELATIONSHIP ('NONE','NONE', #6186, #919 ) REPRESENTATION_RELATIONSHIP_WITH_TRANSFORMATION ( #1443 )SHAPE_REPRESENTATION_RELATIONSHIP( ) );
#4138 = EDGE_LOOP ( 'NONE', ( #791 ) ) ;
#4139 = CARTESIAN_POINT ( 'NONE',  ( 0.0000000000000000000, 0.2820000000000000300, 0.6049239970457444000 ) ) ;
#4140 = EDGE_CURVE ( 'NONE', #1602, #4322, #5449, .T. ) ;
#4141 = VECTOR ( 'NONE', #425, 39.37007874015748100 ) ;
#4142 = ORIENTED_EDGE ( 'NONE', *, *, #3573, .T. ) ;
#4143 = VECTOR ( 'NONE', #3558, 39.37007874015748900 ) ;
#4144 = ORIENTED_EDGE ( 'NONE', *, *, #2776, .T. ) ;
#4145 = VECTOR ( 'NONE', #5222, 39.37007874015748900 ) ;
#4146 = DIRECTION ( 'NONE',  ( -1.000000000000000000, 1.067128122525103100E-016, 0.0000000000000000000 ) ) ;
#4147 = VERTEX_POINT ( 'NONE', #1164 ) ;
#4148 = CARTESIAN_POINT ( 'NONE',  ( 0.1815624826508938600, 0.0000000000000000000, -0.3006931652423677800 ) ) ;
#4149 = CARTESIAN_POINT ( 'NONE',  ( -0.2537454433088393000, 0.0000000000000000000, -0.02374323532517124200 ) ) ;
#4150 = ORIENTED_EDGE ( 'NONE', *, *, #106, .F. ) ;
#4151 = CARTESIAN_POINT ( 'NONE',  ( 0.04999999999999995400, 0.3195982360857846900, -0.3615907086703890600 ) ) ;
#4152 = ORIENTED_EDGE ( 'NONE', *, *, #959, .T. ) ;
#4153 = CONICAL_SURFACE ( 'NONE', #1775, 0.02999999999999998800, 0.01745329251994333400 ) ;
#4154 = VECTOR ( 'NONE', #5463, 39.37007874015748100 ) ;
#4155 = ORIENTED_EDGE ( 'NONE', *, *, #651, .F. ) ;
#4156 = EDGE_CURVE ( 'NONE', #3207, #2335, #1135, .T. ) ;
#4157 = CIRCLE ( 'NONE', #2712, 0.1200000000000000000 ) ;
#4158 = CARTESIAN_POINT ( 'NONE',  ( 0.1490000000000002400, 0.07199999999999998100, 0.6548463253555014700 ) ) ;
#4159 = CARTESIAN_POINT ( 'NONE',  ( -0.3291060010942237800, 0.1809999999999999900, 0.02499999999999996300 ) ) ;
#4160 = CYLINDRICAL_SURFACE ( 'NONE', #5464, 0.01500000000000000300 ) ;
#4161 = EDGE_LOOP ( 'NONE', ( #6634, #475, #5229, #3740 ) ) ;
#4162 = VECTOR ( 'NONE', #7420, 39.37007874015748100 ) ;
#4163 = CONICAL_SURFACE ( 'NONE', #752, 0.1200000000000000000, 0.01745329251994333400 ) ;
#4164 = ORIENTED_EDGE ( 'NONE', *, *, #3147, .F. ) ;
#4165 = CARTESIAN_POINT ( 'NONE',  ( 0.2854404374592978100, 0.2820000000000000300, 0.0000000000000000000 ) ) ;
#4166 = AXIS2_PLACEMENT_3D ( 'NONE', #7016, #1752, #5867 ) ;
#4167 = LINE ( 'NONE', #4946, #3713 ) ;
#4168 = AXIS2_PLACEMENT_3D ( 'NONE', #1188, #635, #1824 ) ;
#4169 = CARTESIAN_POINT ( 'NONE',  ( 0.2302971238765523000, 0.07199999999999999500, -0.2895914963084861300 ) ) ;
#4170 =( BOUNDED_SURFACE ( )  B_SPLINE_SURFACE ( 3, 2, ( 
 ( #3120, #6096, #5500 ),
 ( #4830, #6129, #4877 ),
 ( #4929, #1374, #3075 ),
 ( #3694, #1907, #3170 ) ),
 .UNSPECIFIED., .F., .F., .F. ) 
 B_SPLINE_SURFACE_WITH_KNOTS ( ( 4, 4 ),
 ( 3, 3 ),
 ( 0.01643011199739410900, 0.01790167604909596900 ),
 ( 0.0000000000000000000, 1.000000000000000000 ),
 .UNSPECIFIED. ) 
 GEOMETRIC_REPRESENTATION_ITEM ( )  RATIONAL_B_SPLINE_SURFACE ( (
 ( 1.000000000000000000, 0.7402626637192187800, 1.000000000000000000),
 ( 1.000000000000000000, 0.7401124926076442200, 1.000000000000000000),
 ( 1.000000000000000000, 0.7399643625079519400, 1.000000000000000000),
 ( 1.000000000000000000, 0.7398181923493463200, 1.000000000000000000) ) ) 
 REPRESENTATION_ITEM ( '' )  SURFACE ( )  );
#4171 = APPLICATION_PROTOCOL_DEFINITION ( 'draft international standard', 'automotive_design', 1998, #2965 ) ;
#4172 = FACE_BOUND ( 'NONE', #1575, .T. ) ;
#4173 = CARTESIAN_POINT ( 'NONE',  ( -0.2249999999999999800, 0.2920000000000000400, 0.3775000000000000000 ) ) ;
#4174 = VERTEX_POINT ( 'NONE', #2272 ) ;
#4175 = SHAPE_DEFINITION_REPRESENTATION ( #256, #919 ) ;
#4176 = FACE_OUTER_BOUND ( 'NONE', #898, .T. ) ;
#4177 = PLANE ( 'NONE',  #3241 ) ;
#4178 = EDGE_CURVE ( 'NONE', #7439, #2464, #7100, .T. ) ;
#4179 = B_SPLINE_CURVE_WITH_KNOTS ( 'NONE', 3,
 ( #2289, #1183, #3461, #1665, #6958, #4084, #5283 ),
 .UNSPECIFIED., .F., .F.,
 ( 4, 3, 4 ),
 ( 0.01081400605088598400, 0.01439546806922843700, 0.01797916523594481400 ),
 .UNSPECIFIED. ) ;
#4180 = ADVANCED_FACE ( 'NONE', ( #1330 ), #5349, .F. ) ;
#4181 = VECTOR ( 'NONE', #937, 39.37007874015748100 ) ;
#4182 = ORIENTED_EDGE ( 'NONE', *, *, #52, .F. ) ;
#4183 = B_SPLINE_CURVE_WITH_KNOTS ( 'NONE', 3,
 ( #3055, #4129, #2386, #6579, #6549, #6497, #5937, #93, #2987, #5414, #2438, #5387 ),
 .UNSPECIFIED., .F., .F.,
 ( 4, 2, 2, 2, 2, 4 ),
 ( -8.968284105051543200E-006, 0.0007519179034676034100, 0.001512804091040258400, 0.002273690278612913200, 0.002654133372399239800, 0.003034576466185566500 ),
 .UNSPECIFIED. ) ;
#4184 = EDGE_LOOP ( 'NONE', ( #1683 ) ) ;
#4185 = LINE ( 'NONE', #6702, #1081 ) ;
#4186 = ORIENTED_EDGE ( 'NONE', *, *, #5299, .T. ) ;
#4187 = ORIENTED_EDGE ( 'NONE', *, *, #2172, .T. ) ;
#4188 = EDGE_CURVE ( 'NONE', #5352, #6302, #576, .T. ) ;
#4189 = ORIENTED_EDGE ( 'NONE', *, *, #2254, .T. ) ;
#4190 = B_SPLINE_CURVE_WITH_KNOTS ( 'NONE', 3,
 ( #1893, #151, #192, #3766, #278, #2530, #6729, #3721, #6033, #755 ),
 .UNSPECIFIED., .F., .F.,
 ( 4, 3, 3, 4 ),
 ( 0.0000000000000000000, 0.0007620000000060668500, 0.0008136503053743790700, 0.001462791610906729900 ),
 .UNSPECIFIED. ) ;
#4191 = PLANE ( 'NONE',  #4524 ) ;
#4192 = APPLICATION_PROTOCOL_DEFINITION ( 'draft international standard', 'automotive_design', 1998, #3572 ) ;
#4193 = VERTEX_POINT ( 'NONE', #4059 ) ;
#4194 = CARTESIAN_POINT ( 'NONE',  ( 0.2537454433088401900, 0.0000000000000000000, -0.1465000000000003800 ) ) ;
#4195 = ORIENTED_EDGE ( 'NONE', *, *, #761, .T. ) ;
#4196 = CARTESIAN_POINT ( 'NONE',  ( 0.1900262246208217800, 0.0000000000000000000, 0.6298463253555017800 ) ) ;
#4197 = DIRECTION ( 'NONE',  ( -0.0000000000000000000, 0.9961592506718134300, 0.08755996403020738200 ) ) ;
#4198 = EDGE_LOOP ( 'NONE', ( #6750, #1970, #470, #2277, #2554, #1554 ) ) ;
#4199 = EDGE_CURVE ( 'NONE', #6287, #30, #397, .T. ) ;
#4200 = CARTESIAN_POINT ( 'NONE',  ( 0.0000000000000000000, 0.07199999999999993900, 0.0000000000000000000 ) ) ;
#4201 = CARTESIAN_POINT ( 'NONE',  ( -0.2779752067494683500, 0.1880003276331696200, 0.2670722484630911900 ) ) ;
#4202 = VERTEX_POINT ( 'NONE', #6396 ) ;
#4203 = DIRECTION ( 'NONE',  ( -0.0000000000000000000, -1.000000000000000000, -0.0000000000000000000 ) ) ;
#4204 = CARTESIAN_POINT ( 'NONE',  ( 0.1451103725841934000, 0.08167562884418049000, -0.2511197077688561700 ) ) ;
#4205 = ORIENTED_EDGE ( 'NONE', *, *, #3722, .F. ) ;
#4206 = CARTESIAN_POINT ( 'NONE',  ( -0.2665822337628384100, 0.1470892465148755100, 0.6549999999999998000 ) ) ;
#4207 = DIRECTION ( 'NONE',  ( -0.0000000000000000000, 0.9961946980917454300, -0.08715574274765836000 ) ) ;
#4208 = CARTESIAN_POINT ( 'NONE',  ( -0.2337008162261334200, 0.0000000000000000000, 0.6098463253555017600 ) ) ;
#4209 = ADVANCED_FACE ( 'NONE', ( #4238 ), #4425, .F. ) ;
#4210 = EDGE_LOOP ( 'NONE', ( #2506, #1533, #1430, #134 ) ) ;
#4211 = DIRECTION ( 'NONE',  ( 0.0000000000000000000, 1.000000000000000000, 0.0000000000000000000 ) ) ;
#4212 = EDGE_CURVE ( 'NONE', #4928, #1367, #5258, .T. ) ;
#4213 = EDGE_LOOP ( 'NONE', ( #2101, #4298, #6067, #3424 ) ) ;
#4214 = CARTESIAN_POINT ( 'NONE',  ( 0.2537454433088416300, 0.1179999999999999800, -0.1464999999999987700 ) ) ;
#4215 = SURFACE_STYLE_USAGE ( .BOTH. , #4243 ) ;
#4216 = EDGE_CURVE ( 'NONE', #4435, #5975, #7574, .T. ) ;
#4217 = ORIENTED_EDGE ( 'NONE', *, *, #2656, .F. ) ;
#4218 = AXIS2_PLACEMENT_3D ( 'NONE', #7327, #6663, #4271 ) ;
#4219 = VERTEX_POINT ( 'NONE', #2890 ) ;
#4220 = DIRECTION ( 'NONE',  ( -3.252199992457456200E-016, 1.000000000000000000, 0.0000000000000000000 ) ) ;
#4221 = AXIS2_PLACEMENT_3D ( 'NONE', #7002, #6415, #4671 ) ;
#4222 = CARTESIAN_POINT ( 'NONE',  ( 0.1777526325617208000, 0.05000000000000000300, -0.2974432377767115000 ) ) ;
#4223 = DIRECTION ( 'NONE',  ( 0.0000000000000000000, 0.9998476951563912700, -0.01745240643728355000 ) ) ;
#4224 = LINE ( 'NONE', #2835, #2035 ) ;
#4225 = CARTESIAN_POINT ( 'NONE',  ( -0.04999999999999985700, 0.3195982360857846900, -0.3615907086703890000 ) ) ;
#4226 = LINE ( 'NONE', #4399, #3575 ) ;
#4227 = EDGE_CURVE ( 'NONE', #3755, #2455, #4886, .T. ) ;
#4228 = EDGE_CURVE ( 'NONE', #4219, #6986, #6653, .T. ) ;
#4229 = LENGTH_MEASURE_WITH_UNIT ( LENGTH_MEASURE( 0.02539999999999999900 ), #4707 );
#4230 = DIRECTION ( 'NONE',  ( 8.881784197001252300E-016, 0.0000000000000000000, 1.000000000000000000 ) ) ;
#4231 = VERTEX_POINT ( 'NONE', #3988 ) ;
#4232 = CARTESIAN_POINT ( 'NONE',  ( -0.2555183872085376500, 0.2385018924803868600, 0.6550000000000000300 ) ) ;
#4233 = VECTOR ( 'NONE', #3659, 39.37007874015748100 ) ;
#4234 = LINE ( 'NONE', #3583, #2674 ) ;
#4235 = CARTESIAN_POINT ( 'NONE',  ( 0.2448951290283087100, 0.07199999999999999500, -0.3162694670343755800 ) ) ;
#4236 = VECTOR ( 'NONE', #4686, 39.37007874015748900 ) ;
#4237 = ORIENTED_EDGE ( 'NONE', *, *, #1849, .T. ) ;
#4238 = FACE_OUTER_BOUND ( 'NONE', #4531, .T. ) ;
#4239 = PLANE ( 'NONE',  #6909 ) ;
#4240 = ORIENTED_EDGE ( 'NONE', *, *, #4064, .F. ) ;
#4241 = CARTESIAN_POINT ( 'NONE',  ( 0.3456059578214986100, 0.05000000000000000300, 0.02499999999999977600 ) ) ;
#4242 = LINE ( 'NONE', #4688, #6095 ) ;
#4243 = SURFACE_SIDE_STYLE ('',( #4033 ) ) ;
#4244 = VECTOR ( 'NONE', #7276, 39.37007874015748100 ) ;
#4245 = LINE ( 'NONE', #3626, #6933 ) ;
#4246 = DIRECTION ( 'NONE',  ( -6.402768735150597600E-016, -0.0000000000000000000, -1.000000000000000000 ) ) ;
#4247 = ORIENTED_EDGE ( 'NONE', *, *, #6821, .F. ) ;
#4248 = CARTESIAN_POINT ( 'NONE',  ( -0.1716273806595557900, 0.2820000000000000300, 0.5502169413402260300 ) ) ;
#4249 = ORIENTED_EDGE ( 'NONE', *, *, #1619, .T. ) ;
#4250 = ADVANCED_FACE ( 'NONE', ( #5823 ), #2677, .F. ) ;
#4251 =( CONVERSION_BASED_UNIT ( 'INCH', #521 ) LENGTH_UNIT ( ) NAMED_UNIT ( #5850 ) );
#4252 = ORIENTED_EDGE ( 'NONE', *, *, #555, .T. ) ;
#4253 = ORIENTED_EDGE ( 'NONE', *, *, #5392, .F. ) ;
#4254 = PLANE ( 'NONE',  #1927 ) ;
#4255 = LINE ( 'NONE', #4277, #6301 ) ;
#4256 = CARTESIAN_POINT ( 'NONE',  ( -0.02231656006532032800, 0.04085787398452390300, -0.2094728809635828800 ) ) ;
#4257 = ORIENTED_EDGE ( 'NONE', *, *, #4866, .F. ) ;
#4258 = VECTOR ( 'NONE', #7253, 39.37007874015748100 ) ;
#4259 = LINE ( 'NONE', #4316, #5748 ) ;
#4260 = DIRECTION ( 'NONE',  ( 0.0000000000000000000, 0.0000000000000000000, 1.000000000000000000 ) ) ;
#4261 = ORIENTED_EDGE ( 'NONE', *, *, #5263, .T. ) ;
#4262 = PLANE ( 'NONE',  #3569 ) ;
#4263 = CARTESIAN_POINT ( 'NONE',  ( 0.03499999999999993400, 6.517391018811898200E-020, 0.6098463253555017600 ) ) ;
#4264 = VECTOR ( 'NONE', #2063, 39.37007874015748100 ) ;
#4265 = ORIENTED_EDGE ( 'NONE', *, *, #6489, .T. ) ;
#4266 = CARTESIAN_POINT ( 'NONE',  ( 0.02374323532516823800, 0.0000000000000000000, 0.1465000000000003200 ) ) ;
#4267 = AXIS2_PLACEMENT_3D ( 'NONE', #5878, #4647, #3437 ) ;
#4268 = PLANE ( 'NONE',  #3304 ) ;
#4269 = LINE ( 'NONE', #757, #4459 ) ;
#4270 = ORIENTED_EDGE ( 'NONE', *, *, #5579, .F. ) ;
#4271 = DIRECTION ( 'NONE',  ( -1.000000000000000000, 0.0000000000000000000, 0.0000000000000000000 ) ) ;
#4272 = VERTEX_POINT ( 'NONE', #2251 ) ;
#4273 = EDGE_CURVE ( 'NONE', #6827, #2842, #2397, .T. ) ;
#4274 = EDGE_CURVE ( 'NONE', #1333, #7076, #3947, .T. ) ;
#4275 = CARTESIAN_POINT ( 'NONE',  ( 0.0000000000000000000, 0.02500000000000000100, 0.0000000000000000000 ) ) ;
#4276 = CARTESIAN_POINT ( 'NONE',  ( -0.2715089870143563800, 0.05000000000000000300, 0.2616468652206106500 ) ) ;
#4277 = CARTESIAN_POINT ( 'NONE',  ( 0.1862920622082985800, 0.06940379444176489300, -0.2225454750920116400 ) ) ;
#4278 = ORIENTED_EDGE ( 'NONE', *, *, #5020, .T. ) ;
#4279 = AXIS2_PLACEMENT_3D ( 'NONE', #606, #5853, #2920 ) ;
#4280 = AXIS2_PLACEMENT_3D ( 'NONE', #4774, #1337, #6524 ) ;
#4281 = ORIENTED_EDGE ( 'NONE', *, *, #2703, .F. ) ;
#4282 = CARTESIAN_POINT ( 'NONE',  ( 0.04999999999999995400, 0.3048033090764977200, -0.3628911249742817200 ) ) ;
#4283 = CARTESIAN_POINT ( 'NONE',  ( -0.3491060010942236300, 0.2263427696005390100, 0.02499999999999996300 ) ) ;
#4284 = ORIENTED_EDGE ( 'NONE', *, *, #1715, .T. ) ;
#4285 = CARTESIAN_POINT ( 'NONE',  ( 0.3250000000000000100, 0.2500000000000000600, 0.2331844763272203900 ) ) ;
#4286 = ADVANCED_FACE ( 'NONE', ( #5635 ), #6961, .T. ) ;
#4287 = EDGE_CURVE ( 'NONE', #1840, #3787, #1774, .T. ) ;
#4288 = EDGE_CURVE ( 'NONE', #5026, #2966, #3496, .T. ) ;
#4289 = ORIENTED_EDGE ( 'NONE', *, *, #3649, .F. ) ;
#4290 = DIRECTION ( 'NONE',  ( -0.0000000000000000000, -0.0000000000000000000, 1.000000000000000000 ) ) ;
#4291 = VERTEX_POINT ( 'NONE', #2423 ) ;
#4292 = CARTESIAN_POINT ( 'NONE',  ( 0.2564647338801480700, 0.2601927694011356700, 0.6049656891773552700 ) ) ;
#4293 = CARTESIAN_POINT ( 'NONE',  ( 1.223593164114488700E-017, 0.2820000000000000300, 0.02866556363492577000 ) ) ;
#4294 = VERTEX_POINT ( 'NONE', #3600 ) ;
#4295 = SHAPE_REPRESENTATION ( 'top_rev_E', ( #3669 ), #4859 ) ;
#4296 = DIRECTION ( 'NONE',  ( 0.0000000000000000000, 0.0000000000000000000, 1.000000000000000000 ) ) ;
#4297 = CARTESIAN_POINT ( 'NONE',  ( 0.03499999999999996200, 0.3195982360857846900, -0.3615907086703890000 ) ) ;
#4298 = ORIENTED_EDGE ( 'NONE', *, *, #5033, .T. ) ;
#4299 = EDGE_CURVE ( 'NONE', #4380, #6197, #23, .T. ) ;
#4300 = DIRECTION ( 'NONE',  ( -8.098456144300827400E-016, 0.0000000000000000000, -1.000000000000000000 ) ) ;
#4301 = ORIENTED_EDGE ( 'NONE', *, *, #4696, .T. ) ;
#4302 = CARTESIAN_POINT ( 'NONE',  ( 0.03000000000000000200, 0.02999999999999998500, -0.3141060010942235400 ) ) ;
#4303 = DIRECTION ( 'NONE',  ( -0.0000000000000000000, -1.000000000000000000, -0.0000000000000000000 ) ) ;
#4304 = ORIENTED_EDGE ( 'NONE', *, *, #547, .T. ) ;
#4305 = CARTESIAN_POINT ( 'NONE',  ( -0.3963449574072884800, 0.07199999999999999500, 0.05395066948439672400 ) ) ;
#4306 = ORIENTED_EDGE ( 'NONE', *, *, #5566, .F. ) ;
#4307 = CARTESIAN_POINT ( 'NONE',  ( 0.0000000000000000000, 0.05000000000000001000, 0.0000000000000000000 ) ) ;
#4308 = AXIS2_PLACEMENT_3D ( 'NONE', #1176, #5268, #1754 ) ;
#4309 = PLANE ( 'NONE',  #4775 ) ;
#4310 = CONICAL_SURFACE ( 'NONE', #5084, 0.3750000000000000600, 0.01745329251994333400 ) ;
#4311 = LINE ( 'NONE', #5069, #2205 ) ;
#4312 = CARTESIAN_POINT ( 'NONE',  ( 0.3471343367359274200, 0.1373333331055413000, 0.02499999999999977600 ) ) ;
#4313 = VERTEX_POINT ( 'NONE', #128 ) ;
#4314 = EDGE_CURVE ( 'NONE', #1982, #4465, #1407, .T. ) ;
#4315 = CARTESIAN_POINT ( 'NONE',  ( 0.03592893327070020200, 0.3310889027325693000, -0.3711876698035319600 ) ) ;
#4316 = CARTESIAN_POINT ( 'NONE',  ( -0.02500000000000000500, 0.0000000000000000000, 0.6049999999999998700 ) ) ;
#4317 = LINE ( 'NONE', #1743, #2212 ) ;
#4318 = VECTOR ( 'NONE', #5107, 39.37007874015748100 ) ;
#4319 = ADVANCED_FACE ( 'NONE', ( #2313 ), #7004, .T. ) ;
#4320 = LINE ( 'NONE', #3100, #4884 ) ;
#4321 = CARTESIAN_POINT ( 'NONE',  ( 0.2500000000000001700, 0.07199999999999999500, 0.6298463253555017800 ) ) ;
#4322 = VERTEX_POINT ( 'NONE', #6554 ) ;
#4323 = AXIS2_PLACEMENT_3D ( 'NONE', #6478, #238, #1190 ) ;
#4324 = CARTESIAN_POINT ( 'NONE',  ( 0.2854404374592978100, 0.2820000000000000300, -0.02866556363492580800 ) ) ;
#4325 = CONICAL_SURFACE ( 'NONE', #6948, 0.3499999999999998700, 0.01745329251994333400 ) ;
#4326 = DIRECTION ( 'NONE',  ( -0.0000000000000000000, -0.0000000000000000000, -1.000000000000000000 ) ) ;
#4327 = EDGE_CURVE ( 'NONE', #6949, #5406, #2482, .T. ) ;
#4328 = ORIENTED_EDGE ( 'NONE', *, *, #1728, .T. ) ;
#4329 = VECTOR ( 'NONE', #4661, 39.37007874015748100 ) ;
#4330 = ORIENTED_EDGE ( 'NONE', *, *, #7299, .T. ) ;
#4331 = FACE_OUTER_BOUND ( 'NONE', #5956, .T. ) ;
#4332 = ORIENTED_EDGE ( 'NONE', *, *, #7458, .F. ) ;
#4333 = DIRECTION ( 'NONE',  ( 0.0000000000000000000, 1.000000000000000000, 0.0000000000000000000 ) ) ;
#4334 = DIRECTION ( 'NONE',  ( -1.000000000000000000, 0.0000000000000000000, -2.276539994720218900E-016 ) ) ;
#4335 = CARTESIAN_POINT ( 'NONE',  ( 0.3422450265085607600, 0.2025131965688861700, -0.06147650413868142900 ) ) ;
#4336 = DIRECTION ( 'NONE',  ( 1.000000000000000000, 0.0000000000000000000, 0.0000000000000000000 ) ) ;
#4337 = ORIENTED_EDGE ( 'NONE', *, *, #3956, .T. ) ;
#4338 = VERTEX_POINT ( 'NONE', #6530 ) ;
#4339 =( BOUNDED_SURFACE ( )  B_SPLINE_SURFACE ( 3, 2, ( 
 ( #2557, #1987, #2669 ),
 ( #1444, #7365, #356 ),
 ( #1517, #3178, #870 ),
 ( #3256, #837, #7391 ) ),
 .UNSPECIFIED., .F., .F., .F. ) 
 B_SPLINE_SURFACE_WITH_KNOTS ( ( 4, 4 ),
 ( 3, 3 ),
 ( 0.007780042843973916000, 0.008469683075132974900 ),
 ( 0.0000000000000000000, 1.000000000000000000 ),
 .UNSPECIFIED. ) 
 GEOMETRIC_REPRESENTATION_ITEM ( )  RATIONAL_B_SPLINE_SURFACE ( (
 ( 1.000000000000000000, 0.7286730695975218700, 1.000000000000000000),
 ( 1.000000000000000000, 0.7290774664258010700, 1.000000000000000000),
 ( 1.000000000000000000, 0.7295044561300665400, 1.000000000000000000),
 ( 1.000000000000000000, 0.7299583076118053600, 1.000000000000000000) ) ) 
 REPRESENTATION_ITEM ( '' )  SURFACE ( )  );
#4340 = CIRCLE ( 'NONE', #1108, 0.01500000000000001200 ) ;
#4341 = CARTESIAN_POINT ( 'NONE',  ( -0.2500076152421804600, 0.2508726203218641400, 0.6300000000000000000 ) ) ;
#4342 = ORIENTED_EDGE ( 'NONE', *, *, #792, .T. ) ;
#4343 = DIRECTION ( 'NONE',  ( -1.000000000000000000, -4.065249990571820300E-017, 0.0000000000000000000 ) ) ;
#4344 = LINE ( 'NONE', #4071, #5281 ) ;
#4345 = DIRECTION ( 'NONE',  ( -0.0000000000000000000, -0.0000000000000000000, 1.000000000000000000 ) ) ;
#4346 = VECTOR ( 'NONE', #5000, 39.37007874015748100 ) ;
#4347 = ORIENTED_EDGE ( 'NONE', *, *, #203, .F. ) ;
#4348 = LINE ( 'NONE', #1148, #149 ) ;
#4349 = VECTOR ( 'NONE', #4065, 39.37007874015748100 ) ;
#4350 = PLANE ( 'NONE',  #4428 ) ;
#4351 = CARTESIAN_POINT ( 'NONE',  ( 0.3456059578214985600, 0.05000000000000000300, -0.02499999999999991800 ) ) ;
#4352 = VERTEX_POINT ( 'NONE', #6589 ) ;
#4353 = EDGE_CURVE ( 'NONE', #6197, #5147, #3937, .T. ) ;
#4354 = FACE_OUTER_BOUND ( 'NONE', #7328, .T. ) ;
#4355 = DIRECTION ( 'NONE',  ( -0.9961946980917455500, 0.08715574274765837400, 3.843859445312023100E-016 ) ) ;
#4356 = FACE_OUTER_BOUND ( 'NONE', #733, .T. ) ;
#4357 = ORIENTED_EDGE ( 'NONE', *, *, #6664, .F. ) ;
#4358 = CARTESIAN_POINT ( 'NONE',  ( -2.869314347734657100E-017, 0.2520000000000000000, 0.5654476489935909000 ) ) ;
#4359 = CIRCLE ( 'NONE', #1689, 0.3487956005199530600 ) ;
#4360 = DIRECTION ( 'NONE',  ( 0.01745240643728355300, -0.9998476951563912700, -0.0000000000000000000 ) ) ;
#4361 = VECTOR ( 'NONE', #1463, 39.37007874015748100 ) ;
#4362 = VERTEX_POINT ( 'NONE', #1294 ) ;
#4363 = DIRECTION ( 'NONE',  ( -0.0000000000000000000, -1.000000000000000000, -0.0000000000000000000 ) ) ;
#4364 = CARTESIAN_POINT ( 'NONE',  ( -0.2638733804954933600, 0.3281275274289987000, 0.2555873598568156300 ) ) ;
#4365 = ORIENTED_EDGE ( 'NONE', *, *, #5785, .T. ) ;
#4366 = EDGE_CURVE ( 'NONE', #1458, #3564, #7284, .T. ) ;
#4367 = DIRECTION ( 'NONE',  ( 0.0000000000000000000, 1.000000000000000000, 0.0000000000000000000 ) ) ;
#4368 = ADVANCED_FACE ( 'NONE', ( #4356, #3527 ), #4191, .T. ) ;
#4369 = EDGE_CURVE ( 'NONE', #6870, #4769, #1688, .T. ) ;
#4370 = CARTESIAN_POINT ( 'NONE',  ( 0.2715089870143563800, 0.05000000000000001000, -2.386529622953043300E-017 ) ) ;
#4371 = CARTESIAN_POINT ( 'NONE',  ( -0.1790675845594638400, 0.1809999999999999900, -0.2993211838512501700 ) ) ;
#4372 = VERTEX_POINT ( 'NONE', #5420 ) ;
#4373 = AXIS2_PLACEMENT_3D ( 'NONE', #999, #7440, #5101 ) ;
#4374 = CARTESIAN_POINT ( 'NONE',  ( -0.2749999999999998600, 0.1180000000000000100, 0.3957531754730548900 ) ) ;
#4375 = CARTESIAN_POINT ( 'NONE',  ( 0.2115089870143564100, 0.05000000000000001000, 0.0000000000000000000 ) ) ;
#4376 = ORIENTED_EDGE ( 'NONE', *, *, #1447, .T. ) ;
#4377 = AXIS2_PLACEMENT_3D ( 'NONE', #6054, #6077, #6630 ) ;
#4378 = CARTESIAN_POINT ( 'NONE',  ( 0.3250000000000001800, 0.07199999999999999500, 0.5801317229986204800 ) ) ;
#4379 = FACE_OUTER_BOUND ( 'NONE', #7084, .T. ) ;
#4380 = VERTEX_POINT ( 'NONE', #19 ) ;
#4381 = EDGE_CURVE ( 'NONE', #6977, #6023, #3800, .T. ) ;
#4382 = EDGE_CURVE ( 'NONE', #3591, #2527, #7414, .T. ) ;
#4383 = DIRECTION ( 'NONE',  ( -0.0000000000000000000, -1.000000000000000000, -0.0000000000000000000 ) ) ;
#4384 = DIRECTION ( 'NONE',  ( -0.0000000000000000000, -0.0000000000000000000, 1.000000000000000000 ) ) ;
#4385 = ORIENTED_EDGE ( 'NONE', *, *, #3674, .T. ) ;
#4386 = ORIENTED_EDGE ( 'NONE', *, *, #2969, .F. ) ;
#4387 = CARTESIAN_POINT ( 'NONE',  ( -0.2737956005199528900, 0.1809999999999999900, -2.406628666183100400E-017 ) ) ;
#4388 = AXIS2_PLACEMENT_3D ( 'NONE', #4105, #2961, #15 ) ;
#4389 = PLANE ( 'NONE',  #7485 ) ;
#4390 = CARTESIAN_POINT ( 'NONE',  ( 0.0000000000000000000, 0.0000000000000000000, 0.0000000000000000000 ) ) ;
#4391 = ORIENTED_EDGE ( 'NONE', *, *, #2811, .F. ) ;
#4392 = CARTESIAN_POINT ( 'NONE',  ( 0.2537454433088416300, 0.1809999999999999700, -0.1464999999999987700 ) ) ;
#4393 = DIRECTION ( 'NONE',  ( 0.0000000000000000000, 1.000000000000000000, 0.0000000000000000000 ) ) ;
#4394 = CARTESIAN_POINT ( 'NONE',  ( -0.2763344363650742100, 0.2820000000000000300, 0.5914503668032720100 ) ) ;
#4395 = ORIENTED_EDGE ( 'NONE', *, *, #5136, .T. ) ;
#4396 = DIRECTION ( 'NONE',  ( 1.000000000000000000, 0.0000000000000000000, 0.0000000000000000000 ) ) ;
#4397 = VERTEX_POINT ( 'NONE', #76 ) ;
#4398 = AXIS2_PLACEMENT_3D ( 'NONE', #7447, #3874, #413 ) ;
#4399 = CARTESIAN_POINT ( 'NONE',  ( 0.0000000000000000000, 0.2820000000000000300, 0.5649239970457443600 ) ) ;
#4400 = DIRECTION ( 'NONE',  ( 0.8191520442889928000, -0.0000000000000000000, 0.5735764363510447200 ) ) ;
#4401 = ORIENTED_EDGE ( 'NONE', *, *, #6046, .T. ) ;
#4402 = ORIENTED_EDGE ( 'NONE', *, *, #2340, .F. ) ;
#4403 = ADVANCED_FACE ( 'NONE', ( #5666 ), #767, .F. ) ;
#4404 = B_SPLINE_CURVE_WITH_KNOTS ( 'NONE', 3,
 ( #411, #1684, #4558, #5797 ),
 .UNSPECIFIED., .F., .F.,
 ( 4, 4 ),
 ( 0.01397280789799464200, 0.01730071738882326900 ),
 .UNSPECIFIED. ) ;
#4405 = CARTESIAN_POINT ( 'NONE',  ( -0.2999999999999999900, 0.07199999999999999500, 0.5798463253555016200 ) ) ;
#4406 = ORIENTED_EDGE ( 'NONE', *, *, #6357, .F. ) ;
#4407 = EDGE_LOOP ( 'NONE', ( #6512, #5333, #3954, #5382 ) ) ;
#4408 = CARTESIAN_POINT ( 'NONE',  ( -0.02500000000000001200, 0.1155411790478392400, -0.3467529626912594900 ) ) ;
#4409 = PLANE ( 'NONE',  #1660 ) ;
#4410 = DIRECTION ( 'NONE',  ( 0.0000000000000000000, 0.0000000000000000000, 1.000000000000000000 ) ) ;
#4411 = VECTOR ( 'NONE', #2662, 39.37007874015748100 ) ;
#4412 = LINE ( 'NONE', #198, #2853 ) ;
#4413 = CARTESIAN_POINT ( 'NONE',  ( 0.0000000000000000000, 0.0000000000000000000, 0.5698463253555017300 ) ) ;
#4414 = AXIS2_PLACEMENT_3D ( 'NONE', #7558, #7063, #1722 ) ;
#4415 = VERTEX_POINT ( 'NONE', #1165 ) ;
#4416 = EDGE_LOOP ( 'NONE', ( #6730 ) ) ;
#4417 = DIRECTION ( 'NONE',  ( -0.01745240643728355000, 0.9998476951563912700, -0.0000000000000000000 ) ) ;
#4418 = DIRECTION ( 'NONE',  ( -0.0000000000000000000, -0.0000000000000000000, -1.000000000000000000 ) ) ;
#4419 = VECTOR ( 'NONE', #915, 39.37007874015748100 ) ;
#4420 = VECTOR ( 'NONE', #6491, 39.37007874015748100 ) ;
#4421 = EDGE_CURVE ( 'NONE', #30, #3213, #5947, .T. ) ;
#4422 = CONICAL_SURFACE ( 'NONE', #4962, 0.3500000000000000300, 0.01745329251994333400 ) ;
#4423 = CARTESIAN_POINT ( 'NONE',  ( 0.04999999999999991300, 0.3520000000000000400, -0.3968626966596886000 ) ) ;
#4424 = VERTEX_POINT ( 'NONE', #7086 ) ;
#4425 = CYLINDRICAL_SURFACE ( 'NONE', #1292, 0.01500000000000000300 ) ;
#4426 = CARTESIAN_POINT ( 'NONE',  ( 0.2500000000000000000, 0.2500000000000000600, 0.6550000000000000300 ) ) ;
#4427 = ORIENTED_EDGE ( 'NONE', *, *, #544, .F. ) ;
#4428 = AXIS2_PLACEMENT_3D ( 'NONE', #182, #6171, #4867 ) ;
#4429 = CIRCLE ( 'NONE', #2792, 0.07500000000000002500 ) ;
#4430 = AXIS2_PLACEMENT_3D ( 'NONE', #2355, #7167, #1276 ) ;
#4431 = CIRCLE ( 'NONE', #3098, 0.01500000000000000300 ) ;
#4432 = CARTESIAN_POINT ( 'NONE',  ( -0.2903627657690549500, 0.0000000000000000000, 0.1465000000000003000 ) ) ;
#4433 = ORIENTED_EDGE ( 'NONE', *, *, #5525, .T. ) ;
#4434 = VECTOR ( 'NONE', #3167, 39.37007874015748100 ) ;
#4435 = VERTEX_POINT ( 'NONE', #5467 ) ;
#4436 = EDGE_CURVE ( 'NONE', #3386, #1897, #334, .T. ) ;
#4437 = EDGE_LOOP ( 'NONE', ( #7613, #6893, #4391, #7407, #5606, #4342, #4257, #3778, #5126, #3663, #2207, #3408, #335, #3773, #6770, #742, #5689, #4128, #4541, #6902, #1455, #2760, #4933, #3475, #911, #3220, #7047, #242, #5139, #5284, #1506, #4742, #262, #6146, #1963, #1733, #1133, #4270, #3619, #5545, #5687, #4461, #3522, #5604, #1235, #6348, #924 ) ) ;
#4438 = FACE_OUTER_BOUND ( 'NONE', #5749, .T. ) ;
#4439 = EDGE_CURVE ( 'NONE', #2311, #207, #1441, .T. ) ;
#4440 = CARTESIAN_POINT ( 'NONE',  ( -0.02500000000000001200, 0.07184705962502437000, -0.3459882960687574200 ) ) ;
#4441 = EDGE_LOOP ( 'NONE', ( #6670, #5577, #2716, #6152, #1204, #7450, #7305, #2733, #4061, #1194, #7282, #5839, #5639, #5172, #5077, #2847, #2819, #6254, #585, #826, #1913, #3294 ) ) ;
#4442 = DIRECTION ( 'NONE',  ( -1.000000000000000000, -1.138269997360109700E-016, 1.986857670976281800E-018 ) ) ;
#4443 = CARTESIAN_POINT ( 'NONE',  ( 0.03499999999999960800, 0.3370000000000000800, -0.3407492558152663800 ) ) ;
#4444 = CARTESIAN_POINT ( 'NONE',  ( -0.2583726193404440300, 0.2820000000000000300, 0.6039140142027951100 ) ) ;
#4445 = ADVANCED_FACE ( 'NONE', ( #2795, #4172 ), #6036, .T. ) ;
#4446 = VECTOR ( 'NONE', #7017, 39.37007874015748900 ) ;
#4447 = CONICAL_SURFACE ( 'NONE', #2940, 0.3500000000000000300, 0.01745329251994333400 ) ;
#4448 = ORIENTED_EDGE ( 'NONE', *, *, #5634, .F. ) ;
#4449 = FACE_OUTER_BOUND ( 'NONE', #1364, .T. ) ;
#4450 = PLANE ( 'NONE',  #3194 ) ;
#4451 = LINE ( 'NONE', #7349, #236 ) ;
#4452 = LINE ( 'NONE', #3200, #5756 ) ;
#4453 = PLANE ( 'NONE',  #1756 ) ;
#4454 = CARTESIAN_POINT ( 'NONE',  ( -0.3082427117888337200, 0.2635366807060744400, 0.5633744347874545300 ) ) ;
#4455 = ORIENTED_EDGE ( 'NONE', *, *, #7445, .F. ) ;
#4456 = CARTESIAN_POINT ( 'NONE',  ( -0.2149999999999999700, 0.1050000000000000100, 0.6550000000000000300 ) ) ;
#4457 = EDGE_CURVE ( 'NONE', #51, #6466, #885, .T. ) ;
#4458 = DIRECTION ( 'NONE',  ( 1.000000000000000000, 0.0000000000000000000, 0.0000000000000000000 ) ) ;
#4459 = VECTOR ( 'NONE', #2532, 39.37007874015748100 ) ;
#4460 = DIRECTION ( 'NONE',  ( 0.0000000000000000000, 0.0000000000000000000, 1.000000000000000000 ) ) ;
#4461 = ORIENTED_EDGE ( 'NONE', *, *, #6199, .F. ) ;
#4462 = EDGE_LOOP ( 'NONE', ( #3547, #199, #7524, #4063 ) ) ;
#4463 = DIRECTION ( 'NONE',  ( 0.0000000000000000000, 1.000000000000000000, 0.0000000000000000000 ) ) ;
#4464 = STYLED_ITEM ( 'NONE', ( #3119 ), #5723 ) ;
#4465 = VERTEX_POINT ( 'NONE', #1938 ) ;
#4466 = CARTESIAN_POINT ( 'NONE',  ( 0.02500000000000000500, 0.0000000000000000000, 0.3802779494575575500 ) ) ;
#4467 = EDGE_CURVE ( 'NONE', #2877, #2722, #1801, .T. ) ;
#4468 = CARTESIAN_POINT ( 'NONE',  ( -0.2335281094319527900, 0.2570000000000000600, 0.5633744347874546400 ) ) ;
#4469 = EDGE_CURVE ( 'NONE', #499, #6230, #5752, .T. ) ;
#4470 = DIRECTION ( 'NONE',  ( -2.205398119885211100E-015, 0.0000000000000000000, 1.000000000000000000 ) ) ;
#4471 = ORIENTED_EDGE ( 'NONE', *, *, #2656, .T. ) ;
#4472 = CARTESIAN_POINT ( 'NONE',  ( 0.2537454433088416300, 0.2500000000000000600, -0.1464999999999987700 ) ) ;
#4473 = AXIS2_PLACEMENT_3D ( 'NONE', #1502, #5607, #2659 ) ;
#4474 = ORIENTED_EDGE ( 'NONE', *, *, #123, .F. ) ;
#4475 = CARTESIAN_POINT ( 'NONE',  ( -0.3491060010942236300, 0.05000000000000000300, 0.02499999999999996300 ) ) ;
#4476 = DIRECTION ( 'NONE',  ( 0.01744974916068273500, 0.9996954598818874600, 0.01744974916068272100 ) ) ;
#4477 = DIRECTION ( 'NONE',  ( 0.0000000000000000000, 0.0000000000000000000, 1.000000000000000000 ) ) ;
#4478 = AXIS2_PLACEMENT_3D ( 'NONE', #3566, #3028, #3009 ) ;
#4479 = ORIENTED_EDGE ( 'NONE', *, *, #2542, .F. ) ;
#4480 = DIRECTION ( 'NONE',  ( -0.0000000000000000000, -1.000000000000000000, -0.0000000000000000000 ) ) ;
#4481 = EDGE_CURVE ( 'NONE', #316, #2684, #2245, .T. ) ;
#4482 = VERTEX_POINT ( 'NONE', #1346 ) ;
#4483 = ADVANCED_FACE ( 'NONE', ( #2892 ), #1166, .F. ) ;
#4484 = PLANE ( 'NONE',  #3688 ) ;
#4485 = VERTEX_POINT ( 'NONE', #6062 ) ;
#4486 = CARTESIAN_POINT ( 'NONE',  ( -0.3478102891524607100, 0.1409773246061732100, 0.02620400367957552800 ) ) ;
#4487 = DIRECTION ( 'NONE',  ( -0.0000000000000000000, -1.000000000000000000, -0.0000000000000000000 ) ) ;
#4488 = CARTESIAN_POINT ( 'NONE',  ( 0.2126959314294751800, 0.1180000000000000100, 0.0000000000000000000 ) ) ;
#4489 = ORIENTED_EDGE ( 'NONE', *, *, #2085, .T. ) ;
#4490 = CARTESIAN_POINT ( 'NONE',  ( -0.1451088090809139500, 0.2263499752733202100, -0.2508230263401561900 ) ) ;
#4491 = VERTEX_POINT ( 'NONE', #7241 ) ;
#4492 = DIRECTION ( 'NONE',  ( -1.000000000000000000, 0.0000000000000000000, 0.0000000000000000000 ) ) ;
#4493 = CARTESIAN_POINT ( 'NONE',  ( -0.01499999999999987500, 0.05000000000000000300, 0.6049999999999998700 ) ) ;
#4494 = ORIENTED_EDGE ( 'NONE', *, *, #920, .T. ) ;
#4495 = AXIS2_PLACEMENT_3D ( 'NONE', #1865, #4864, #4889 ) ;
#4496 = DIRECTION ( 'NONE',  ( 0.0000000000000000000, 1.000000000000000000, 0.0000000000000000000 ) ) ;
#4497 = ORIENTED_EDGE ( 'NONE', *, *, #6465, .T. ) ;
#4498 = FACE_OUTER_BOUND ( 'NONE', #1549, .T. ) ;
#4499 = VECTOR ( 'NONE', #7605, 39.37007874015748100 ) ;
#4500 = FACE_OUTER_BOUND ( 'NONE', #4668, .T. ) ;
#4501 = EDGE_LOOP ( 'NONE', ( #4942, #3311, #7050, #1415 ) ) ;
#4502 = LINE ( 'NONE', #553, #5906 ) ;
#4503 = B_SPLINE_CURVE_WITH_KNOTS ( 'NONE', 3,
 ( #3001, #602, #5324, #7126, #2942, #33, #3580, #5925, #7072, #7049, #2380, #3503, #4689, #3561, #3, #4096, #6490, #1200 ),
 .UNSPECIFIED., .F., .F.,
 ( 4, 2, 2, 2, 2, 2, 2, 2, 4 ),
 ( 0.0000000000000000000, 0.003209636230679310400, 0.004814454346018965300, 0.005616863403688791300, 0.006018067932523705200, 0.006218670196941161200, 0.006318971329149889300, 0.006369121895254252800, 0.006419272461358616400 ),
 .UNSPECIFIED. ) ;
#4504 = CARTESIAN_POINT ( 'NONE',  ( 0.2999999999999999900, 0.2500000000000000600, 0.5799999999999999600 ) ) ;
#4505 = CARTESIAN_POINT ( 'NONE',  ( -0.04999999999999985700, 0.3195982360857846900, -0.3615907086703890000 ) ) ;
#4506 = VECTOR ( 'NONE', #345, 39.37007874015747400 ) ;
#4507 = EDGE_CURVE ( 'NONE', #2193, #6069, #5854, .T. ) ;
#4508 = PLANE ( 'NONE',  #4975 ) ;
#4509 = VECTOR ( 'NONE', #6588, 39.37007874015748100 ) ;
#4510 = VECTOR ( 'NONE', #1018, 39.37007874015748900 ) ;
#4511 = EDGE_LOOP ( 'NONE', ( #5575, #2291, #3827, #6006 ) ) ;
#4512 = EDGE_CURVE ( 'NONE', #3752, #4518, #7221, .T. ) ;
#4513 = CARTESIAN_POINT ( 'NONE',  ( -0.03499999999999996900, 0.07199999999999999500, 0.1465000000000002400 ) ) ;
#4514 = DIRECTION ( 'NONE',  ( -0.0000000000000000000, -1.000000000000000000, -0.0000000000000000000 ) ) ;
#4515 = CARTESIAN_POINT ( 'NONE',  ( 0.1683411797564763100, 0.04999999999999998200, -0.2307977565957595500 ) ) ;
#4516 = CARTESIAN_POINT ( 'NONE',  ( 0.01499999999999992800, 0.1180000000000000100, 0.6049999999999998700 ) ) ;
#4517 = DIRECTION ( 'NONE',  ( 0.0000000000000000000, 0.0000000000000000000, -1.000000000000000000 ) ) ;
#4518 = VERTEX_POINT ( 'NONE', #6635 ) ;
#4519 = ADVANCED_FACE ( 'NONE', ( #7504 ), #4447, .F. ) ;
#4520 = LINE ( 'NONE', #6513, #403 ) ;
#4521 = ORIENTED_EDGE ( 'NONE', *, *, #2489, .F. ) ;
#4522 = VECTOR ( 'NONE', #6647, 39.37007874015748100 ) ;
#4523 = ORIENTED_EDGE ( 'NONE', *, *, #5134, .T. ) ;
#4524 = AXIS2_PLACEMENT_3D ( 'NONE', #2994, #5989, #5395 ) ;
#4525 = CARTESIAN_POINT ( 'NONE',  ( 0.2626959314294751700, 0.1180000000000000100, 0.4257531754730548600 ) ) ;
#4526 = EDGE_CURVE ( 'NONE', #2371, #4491, #975, .T. ) ;
#4527 = ORIENTED_EDGE ( 'NONE', *, *, #7526, .F. ) ;
#4528 = EDGE_CURVE ( 'NONE', #722, #1015, #423, .T. ) ;
#4529 = LINE ( 'NONE', #4516, #5546 ) ;
#4530 = VERTEX_POINT ( 'NONE', #842 ) ;
#4531 = EDGE_LOOP ( 'NONE', ( #7022, #6802, #6529, #1191 ) ) ;
#4532 = FACE_OUTER_BOUND ( 'NONE', #2717, .T. ) ;
#4533 = ORIENTED_EDGE ( 'NONE', *, *, #1381, .T. ) ;
#4534 = CARTESIAN_POINT ( 'NONE',  ( -0.3011178769454740400, 0.2899244318057775400, 0.2847384564678270800 ) ) ;
#4535 = LINE ( 'NONE', #5214, #1705 ) ;
#4536 = EDGE_LOOP ( 'NONE', ( #5499, #3023, #5158, #2894, #6879, #6646 ) ) ;
#4537 = AXIS2_PLACEMENT_3D ( 'NONE', #6496, #3622, #7080 ) ;
#4538 = CARTESIAN_POINT ( 'NONE',  ( -0.2537454433088414100, 0.2820000000000000300, 0.1464999999999985200 ) ) ;
#4539 = CIRCLE ( 'NONE', #2163, 0.3512567646748315800 ) ;
#4540 = CARTESIAN_POINT ( 'NONE',  ( -0.2583726193404440300, 0.2820000000000000300, 0.6039140142027951100 ) ) ;
#4541 = ORIENTED_EDGE ( 'NONE', *, *, #2463, .F. ) ;
#4542 = LINE ( 'NONE', #1827, #1350 ) ;
#4543 = ORIENTED_EDGE ( 'NONE', *, *, #1969, .T. ) ;
#4544 = ADVANCED_BREP_SHAPE_REPRESENTATION ( '', ( #2817, #3669 ), #2202 ) ;
#4545 = DIRECTION ( 'NONE',  ( 0.0000000000000000000, -0.01745240643728355000, -0.9998476951563912700 ) ) ;
#4546 = LINE ( 'NONE', #1240, #1438 ) ;
#4547 = EDGE_LOOP ( 'NONE', ( #6705, #219, #4827, #56 ) ) ;
#4548 = EDGE_CURVE ( 'NONE', #4991, #6069, #46, .T. ) ;
#4550 = DIRECTION ( 'NONE',  ( 0.0000000000000000000, 0.0000000000000000000, 1.000000000000000000 ) ) ;
#4549 = LENGTH_MEASURE_WITH_UNIT ( LENGTH_MEASURE( 0.02539999999999999900 ), #7114 );
#4551 = DIRECTION ( 'NONE',  ( 0.0000000000000000000, 1.000000000000000000, 0.0000000000000000000 ) ) ;
#4552 = VECTOR ( 'NONE', #783, 39.37007874015748100 ) ;
#4553 = LINE ( 'NONE', #4405, #3987 ) ;
#4554 = CARTESIAN_POINT ( 'NONE',  ( 0.2891060010942235700, 0.2500000000000000600, 0.0000000000000000000 ) ) ;
#4555 = DIRECTION ( 'NONE',  ( -0.8190272834649957600, -0.01745240643728354300, -0.5734890778816083000 ) ) ;
#4556 = ORIENTED_EDGE ( 'NONE', *, *, #1487, .T. ) ;
#4557 = ORIENTED_EDGE ( 'NONE', *, *, #3733, .T. ) ;
#4558 = CARTESIAN_POINT ( 'NONE',  ( 0.2191485596242461800, 0.09366666643735979700, -0.2693904087172441200 ) ) ;
#4559 = CARTESIAN_POINT ( 'NONE',  ( 0.2244271026986893500, 0.1880001263308398200, -0.2659322023510267700 ) ) ;
#4560 = EDGE_CURVE ( 'NONE', #1341, #6977, #2696, .T. ) ;
#4561 = ORIENTED_EDGE ( 'NONE', *, *, #2734, .F. ) ;
#4562 = CARTESIAN_POINT ( 'NONE',  ( -0.2537454433088414100, 0.0000000000000000000, 0.1464999999999985200 ) ) ;
#4563 = ADVANCED_FACE ( 'NONE', ( #6391 ), #231, .T. ) ;
#4564 = CARTESIAN_POINT ( 'NONE',  ( -0.02500000000000000500, 0.0000000000000000000, 0.6049999999999998700 ) ) ;
#4565 = ORIENTED_EDGE ( 'NONE', *, *, #5825, .T. ) ;
#4566 = ORIENTED_EDGE ( 'NONE', *, *, #4936, .T. ) ;
#4567 = AXIS2_PLACEMENT_3D ( 'NONE', #2528, #4333, #3078 ) ;
#4568 = AXIS2_PLACEMENT_3D ( 'NONE', #7160, #4735, #4784 ) ;
#4569 = ADVANCED_FACE ( 'NONE', ( #4819 ), #7346, .T. ) ;
#4570 = CARTESIAN_POINT ( 'NONE',  ( 0.2407000943369111700, 0.08000211488775854600, 0.6084498832457412300 ) ) ;
#4571 = CARTESIAN_POINT ( 'NONE',  ( -0.03866556363492566800, 0.2820000000000000300, -0.2667453213192256300 ) ) ;
#4572 = EDGE_LOOP ( 'NONE', ( #4328, #3687, #305, #938 ) ) ;
#4573 = DIRECTION ( 'NONE',  ( 0.0000000000000000000, 1.000000000000000000, 0.0000000000000000000 ) ) ;
#4574 = ORIENTED_EDGE ( 'NONE', *, *, #2945, .T. ) ;
#4575 = DIRECTION ( 'NONE',  ( 0.0000000000000000000, 0.0000000000000000000, 1.000000000000000000 ) ) ;
#4576 = EDGE_CURVE ( 'NONE', #2918, #5081, #3879, .T. ) ;
#4577 = CARTESIAN_POINT ( 'NONE',  ( 0.1691919207166059900, 0.1179999999999999800, -0.2316510529426623600 ) ) ;
#4578 = EDGE_LOOP ( 'NONE', ( #188 ) ) ;
#4579 = CARTESIAN_POINT ( 'NONE',  ( 2.755455298081544200E-017, 0.1180000000000000100, 0.2249999999999999800 ) ) ;
#4580 = ORIENTED_EDGE ( 'NONE', *, *, #1167, .F. ) ;
#4581 = AXIS2_PLACEMENT_3D ( 'NONE', #637, #5968, #21 ) ;
#4582 = ORIENTED_EDGE ( 'NONE', *, *, #1147, .F. ) ;
#4583 = CARTESIAN_POINT ( 'NONE',  ( 0.3963449574072885900, 0.07199999999999999500, -0.05395066948439687000 ) ) ;
#4584 = CARTESIAN_POINT ( 'NONE',  ( -0.03500000000000006600, 0.1872135149474216100, 0.5665785012966546600 ) ) ;
#4585 = EDGE_CURVE ( 'NONE', #4116, #2129, #3831, .T. ) ;
#4586 = ORIENTED_EDGE ( 'NONE', *, *, #6906, .T. ) ;
#4587 = ORIENTED_EDGE ( 'NONE', *, *, #5579, .T. ) ;
#4588 = CARTESIAN_POINT ( 'NONE',  ( 0.2749999999999999700, 0.1809999999999999900, 0.6049999999999998700 ) ) ;
#4589 = CARTESIAN_POINT ( 'NONE',  ( 0.1863031909425516600, 0.2263427696005390100, -0.2224823609037722700 ) ) ;
#4590 = CARTESIAN_POINT ( 'NONE',  ( 0.04999999999999998900, 0.3370000000000000800, -0.3407492558152663800 ) ) ;
#4591 = CONICAL_SURFACE ( 'NONE', #2671, 0.1250000000000001400, 0.01745329251994333400 ) ;
#4592 = ADVANCED_FACE ( 'NONE', ( #3968 ), #3260, .F. ) ;
#4593 = ORIENTED_EDGE ( 'NONE', *, *, #4381, .F. ) ;
#4594 = CARTESIAN_POINT ( 'NONE',  ( 0.2370894270280681500, 0.2500000000000000600, -0.2905401927298568200 ) ) ;
#4595 = EDGE_CURVE ( 'NONE', #6928, #6441, #2601, .T. ) ;
#4596 = LINE ( 'NONE', #5880, #3029 ) ;
#4597 = LINE ( 'NONE', #7398, #6739 ) ;
#4598 = VERTEX_POINT ( 'NONE', #4653 ) ;
#4599 = CARTESIAN_POINT ( 'NONE',  ( 0.2891060010942235700, 0.2263427696005390100, -0.02499999999999996300 ) ) ;
#4600 = ORIENTED_EDGE ( 'NONE', *, *, #6266, .F. ) ;
#4601 = PLANE ( 'NONE',  #6674 ) ;
#4602 = VECTOR ( 'NONE', #378, 39.37007874015748100 ) ;
#4603 = LINE ( 'NONE', #2878, #2959 ) ;
#4604 =( NAMED_UNIT ( * ) PLANE_ANGLE_UNIT ( ) SI_UNIT ( $, .RADIAN. ) );
#4605 = ORIENTED_EDGE ( 'NONE', *, *, #536, .F. ) ;
#4606 = CARTESIAN_POINT ( 'NONE',  ( -0.03592893327070009700, 0.3310889027325693000, -0.3711876698035320200 ) ) ;
#4607 = EDGE_CURVE ( 'NONE', #5556, #5399, #5555, .T. ) ;
#4608 = ORIENTED_EDGE ( 'NONE', *, *, #7251, .T. ) ;
#4609 = VECTOR ( 'NONE', #5610, 39.37007874015748100 ) ;
#4610 = EDGE_CURVE ( 'NONE', #976, #2193, #5743, .T. ) ;
#4611 = FACE_OUTER_BOUND ( 'NONE', #64, .T. ) ;
#4612 = DIRECTION ( 'NONE',  ( 1.000000000000000000, 0.0000000000000000000, 0.0000000000000000000 ) ) ;
#4613 = ORIENTED_EDGE ( 'NONE', *, *, #625, .T. ) ;
#4614 = CARTESIAN_POINT ( 'NONE',  ( 0.05000000000000015500, 0.3520000000000000400, -0.2118626966596886300 ) ) ;
#4615 = AXIS2_PLACEMENT_3D ( 'NONE', #4921, #2048, #3111 ) ;
#4616 = LINE ( 'NONE', #5320, #6380 ) ;
#4617 = CARTESIAN_POINT ( 'NONE',  ( -0.2150000000000001100, 0.2500000000000000600, 0.5449999999999998200 ) ) ;
#4618 = EDGE_LOOP ( 'NONE', ( #4024, #7228, #4820, #7108 ) ) ;
#4619 = LINE ( 'NONE', #291, #1073 ) ;
#4620 = PLANE ( 'NONE',  #2536 ) ;
#4621 = CARTESIAN_POINT ( 'NONE',  ( 0.2749999999999999100, 0.2500000000000000600, -2.417215185136336800E-017 ) ) ;
#4622 = AXIS2_PLACEMENT_3D ( 'NONE', #1105, #1691, #5800 ) ;
#4623 = ORIENTED_EDGE ( 'NONE', *, *, #2022, .F. ) ;
#4624 = CARTESIAN_POINT ( 'NONE',  ( -0.2537454433088401900, 0.07199999999999999500, -0.2191060010942235700 ) ) ;
#4625 = EDGE_CURVE ( 'NONE', #1855, #2241, #5938, .T. ) ;
#4626 = VECTOR ( 'NONE', #2019, 39.37007874015748900 ) ;
#4627 = DIRECTION ( 'NONE',  ( 1.000000000000000000, -0.0000000000000000000, -0.0000000000000000000 ) ) ;
#4628 = CARTESIAN_POINT ( 'NONE',  ( -0.2149999999999999700, 0.0000000000000000000, 0.6049999999999998700 ) ) ;
#4629 = ORIENTED_EDGE ( 'NONE', *, *, #651, .T. ) ;
#4630 = VECTOR ( 'NONE', #663, 39.37007874015748100 ) ;
#4631 = ADVANCED_FACE ( 'NONE', ( #3790 ), #2626, .F. ) ;
#4632 = AXIS2_PLACEMENT_3D ( 'NONE', #5226, #1182, #4648 ) ;
#4633 = VECTOR ( 'NONE', #7513, 39.37007874015748100 ) ;
#4634 = CARTESIAN_POINT ( 'NONE',  ( -0.2737956005199529400, 0.1809999999999999900, 0.4257531754730548600 ) ) ;
#4635 = EDGE_LOOP ( 'NONE', ( #418, #6591, #5239, #1328 ) ) ;
#4636 = ADVANCED_FACE ( 'NONE', ( #6938 ), #4160, .T. ) ;
#4637 = CIRCLE ( 'NONE', #2017, 0.07500000000000002500 ) ;
#4638 = DIRECTION ( 'NONE',  ( -0.0000000000000000000, -0.0000000000000000000, 1.000000000000000000 ) ) ;
#4639 = PLANE ( 'NONE',  #3005 ) ;
#4640 = VERTEX_POINT ( 'NONE', #6194 ) ;
#4641 = CARTESIAN_POINT ( 'NONE',  ( 0.0000000000000000000, 0.2500000000000000600, 0.0000000000000000000 ) ) ;
#4642 = VERTEX_POINT ( 'NONE', #5027 ) ;
#4643 = CARTESIAN_POINT ( 'NONE',  ( -0.2335281094319527600, 0.2635366807060744400, 0.6380890371443355100 ) ) ;
#4644 = ORIENTED_EDGE ( 'NONE', *, *, #371, .F. ) ;
#4645 = DIRECTION ( 'NONE',  ( 0.0000000000000000000, 0.0000000000000000000, -1.000000000000000000 ) ) ;
#4646 = VERTEX_POINT ( 'NONE', #6790 ) ;
#4647 = DIRECTION ( 'NONE',  ( 0.0000000000000000000, 1.000000000000000000, 0.0000000000000000000 ) ) ;
#4648 = DIRECTION ( 'NONE',  ( 0.0000000000000000000, 0.0000000000000000000, -1.000000000000000000 ) ) ;
#4649 = CARTESIAN_POINT ( 'NONE',  ( -0.3286810049174475600, 0.2256519853392701700, -0.02500000000000002200 ) ) ;
#4650 = VERTEX_POINT ( 'NONE', #3824 ) ;
#4651 = DIRECTION ( 'NONE',  ( -1.000000000000000000, -0.0000000000000000000, -0.0000000000000000000 ) ) ;
#4652 = VERTEX_POINT ( 'NONE', #3900 ) ;
#4653 = CARTESIAN_POINT ( 'NONE',  ( 0.0000000000000000000, 0.2720000000000000200, 0.3150000000000000000 ) ) ;
#4654 = PRODUCT_DEFINITION_SHAPE ( 'NONE', 'NONE',  #7641 ) ;
#4655 = DIRECTION ( 'NONE',  ( -0.0000000000000000000, -1.000000000000000000, -0.0000000000000000000 ) ) ;
#4656 = VERTEX_POINT ( 'NONE', #6765 ) ;
#4657 = AXIS2_PLACEMENT_3D ( 'NONE', #6569, #4203, #4230 ) ;
#4658 = ORIENTED_EDGE ( 'NONE', *, *, #2720, .T. ) ;
#4659 = CARTESIAN_POINT ( 'NONE',  ( -0.02538374865830862400, 0.09398494591035816400, -0.3486946667645337000 ) ) ;
#4660 = DIRECTION ( 'NONE',  ( -0.0000000000000000000, -1.000000000000000000, -0.0000000000000000000 ) ) ;
#4661 = DIRECTION ( 'NONE',  ( -0.1736481776669307200, -0.9848077530122080200, -0.0000000000000000000 ) ) ;
#4662 = ORIENTED_EDGE ( 'NONE', *, *, #5544, .T. ) ;
#4663 = EDGE_CURVE ( 'NONE', #4073, #2522, #7067, .T. ) ;
#4664 = EDGE_CURVE ( 'NONE', #2347, #4482, #5212, .T. ) ;
#4665 = CARTESIAN_POINT ( 'NONE',  ( -0.1892999056630889900, 0.08000211488775854600, 0.6084498832457412300 ) ) ;
#4666 = CARTESIAN_POINT ( 'NONE',  ( -0.2198061696212041700, 0.1591803929592584000, -0.2703295731236134400 ) ) ;
#4667 = B_SPLINE_CURVE_WITH_KNOTS ( 'NONE', 3,
 ( #7459, #2769, #2898, #3472 ),
 .UNSPECIFIED., .F., .F.,
 ( 4, 4 ),
 ( 0.0000000000000000000, 0.001752914955491163400 ),
 .UNSPECIFIED. ) ;
#4668 = EDGE_LOOP ( 'NONE', ( #1590, #4048, #1077, #3969 ) ) ;
#4669 = VERTEX_POINT ( 'NONE', #5774 ) ;
#4670 = DIRECTION ( 'NONE',  ( -1.000000000000000000, 0.0000000000000000000, 0.0000000000000000000 ) ) ;
#4671 = DIRECTION ( 'NONE',  ( 0.0000000000000000000, 0.0000000000000000000, 1.000000000000000000 ) ) ;
#4672 = AXIS2_PLACEMENT_3D ( 'NONE', #6217, #7417, #4410 ) ;
#4673 = ADVANCED_FACE ( 'NONE', ( #626 ), #2363, .T. ) ;
#4674 = ORIENTED_EDGE ( 'NONE', *, *, #7102, .F. ) ;
#4675 = CARTESIAN_POINT ( 'NONE',  ( -0.2335281094319529300, 0.3320000000000000200, 0.2223809816875564900 ) ) ;
#4676 = ORIENTED_EDGE ( 'NONE', *, *, #2264, .T. ) ;
#4677 = CARTESIAN_POINT ( 'NONE',  ( 0.08499999999999993700, 0.2820000000000000300, 0.6098463253555017600 ) ) ;
#4678 = CARTESIAN_POINT ( 'NONE',  ( -0.2745871872828418200, 0.2263499752733202100, 0.4257531754730548600 ) ) ;
#4679 = DIRECTION ( 'NONE',  ( 0.08715574274765836000, -0.9961946980917454300, 0.0000000000000000000 ) ) ;
#4680 = EDGE_CURVE ( 'NONE', #6438, #4758, #2188, .T. ) ;
#4681 = LINE ( 'NONE', #1401, #388 ) ;
#4682 = DIRECTION ( 'NONE',  ( 0.0000000000000000000, 0.0000000000000000000, 1.000000000000000000 ) ) ;
#4683 = CIRCLE ( 'NONE', #5275, 0.08000000000000000200 ) ;
#4684 = LENGTH_MEASURE_WITH_UNIT ( LENGTH_MEASURE( 0.02539999999999999900 ), #4759 );
#4685 = ORIENTED_EDGE ( 'NONE', *, *, #1343, .T. ) ;
#4686 = DIRECTION ( 'NONE',  ( -0.5735764363510433800, -0.0000000000000000000, 0.8191520442889935700 ) ) ;
#4687 = CARTESIAN_POINT ( 'NONE',  ( -0.3249999999999997900, 0.07199999999999999500, 0.6239670955273999300 ) ) ;
#4688 = CARTESIAN_POINT ( 'NONE',  ( -0.1999999999999999600, 0.1200000000000000000, 0.3802779494575575500 ) ) ;
#4689 = CARTESIAN_POINT ( 'NONE',  ( 0.2532371972183312700, 0.2461287336552696600, 0.6550000000000001400 ) ) ;
#4690 = CARTESIAN_POINT ( 'NONE',  ( 0.3291060010942237800, 0.1809999999999999900, 0.02499999999999996300 ) ) ;
#4691 = LINE ( 'NONE', #4821, #860 ) ;
#4692 = CARTESIAN_POINT ( 'NONE',  ( 0.04999999999999367500, 0.3015499738557740900, -0.3768589982629387300 ) ) ;
#4693 = VERTEX_POINT ( 'NONE', #2751 ) ;
#4694 = CARTESIAN_POINT ( 'NONE',  ( -0.1499999999999996300, 0.2520000000000000000, 0.6390983659208352400 ) ) ;
#4695 = VECTOR ( 'NONE', #2372, 39.37007874015748100 ) ;
#4696 = EDGE_CURVE ( 'NONE', #1082, #3783, #4404, .T. ) ;
#4697 = EDGE_LOOP ( 'NONE', ( #6060, #347, #7256, #3006, #6528, #6206 ) ) ;
#4698 = VERTEX_POINT ( 'NONE', #464 ) ;
#4699 = DIRECTION ( 'NONE',  ( 0.0000000000000000000, 1.000000000000000000, 0.0000000000000000000 ) ) ;
#4700 = LINE ( 'NONE', #4931, #4522 ) ;
#4701 = ORIENTED_EDGE ( 'NONE', *, *, #2907, .T. ) ;
#4702 = DIRECTION ( 'NONE',  ( -0.0000000000000000000, -0.0000000000000000000, -1.000000000000000000 ) ) ;
#4703 = AXIS2_PLACEMENT_3D ( 'NONE', #4123, #3457, #4645 ) ;
#4704 = VERTEX_POINT ( 'NONE', #5170 ) ;
#4705 = DIRECTION ( 'NONE',  ( 0.0000000000000000000, -1.000000000000000000, 0.0000000000000000000 ) ) ;
#4706 = LINE ( 'NONE', #2801, #3227 ) ;
#4707 =( LENGTH_UNIT ( ) NAMED_UNIT ( * ) SI_UNIT ( $, .METRE. ) );
#4708 = ORIENTED_EDGE ( 'NONE', *, *, #2365, .T. ) ;
#4709 = VECTOR ( 'NONE', #6442, 39.37007874015748100 ) ;
#4710 = VERTEX_POINT ( 'NONE', #6388 ) ;
#4711 = DIRECTION ( 'NONE',  ( 0.0000000000000000000, 0.0000000000000000000, 1.000000000000000000 ) ) ;
#4712 = FACE_BOUND ( 'NONE', #7375, .T. ) ;
#4713 = EDGE_CURVE ( 'NONE', #3071, #4482, #6707, .T. ) ;
#4714 = EDGE_LOOP ( 'NONE', ( #1958, #3485, #4799, #26, #2412, #7274 ) ) ;
#4715 = ADVANCED_FACE ( 'NONE', ( #5498 ), #2810, .T. ) ;
#4716 = DIRECTION ( 'NONE',  ( 1.067128122525103100E-016, 1.000000000000000000, 0.0000000000000000000 ) ) ;
#4717 = DIRECTION ( 'NONE',  ( 1.000000000000000000, -0.0000000000000000000, 0.0000000000000000000 ) ) ;
#4718 = ORIENTED_EDGE ( 'NONE', *, *, #7210, .T. ) ;
#4719 = CARTESIAN_POINT ( 'NONE',  ( 0.2749999999999999100, 0.2500000000000000600, -2.417215185136336800E-017 ) ) ;
#4720 = LINE ( 'NONE', #55, #6587 ) ;
#4721 = PLANE ( 'NONE',  #7180 ) ;
#4722 = DIRECTION ( 'NONE',  ( -0.9998476951563912700, 0.01745240643728355000, 8.788534660202170600E-017 ) ) ;
#4723 = VECTOR ( 'NONE', #5913, 39.37007874015748100 ) ;
#4724 = VERTEX_POINT ( 'NONE', #5129 ) ;
#4725 = AXIS2_PLACEMENT_3D ( 'NONE', #5396, #6507, #662 ) ;
#4726 = DIRECTION ( 'NONE',  ( 0.0000000000000000000, -0.01745240643728355000, 0.9998476951563912700 ) ) ;
#4727 = EDGE_CURVE ( 'NONE', #3180, #1518, #2002, .T. ) ;
#4728 = CARTESIAN_POINT ( 'NONE',  ( -0.2903627657690551200, 0.0000000000000000000, 0.02374323532516837300 ) ) ;
#4729 = CARTESIAN_POINT ( 'NONE',  ( -0.1680448783896055500, 0.2256519853392701700, -0.2835791280058630500 ) ) ;
#4730 = FACE_OUTER_BOUND ( 'NONE', #252, .T. ) ;
#4731 = EDGE_CURVE ( 'NONE', #2722, #5233, #5132, .T. ) ;
#4732 = ORIENTED_EDGE ( 'NONE', *, *, #7077, .T. ) ;
#4733 = CARTESIAN_POINT ( 'NONE',  ( -0.2150000000000001100, 0.05000000000000000300, 0.5449999999999998200 ) ) ;
#4734 = VERTEX_POINT ( 'NONE', #1080 ) ;
#4735 = DIRECTION ( 'NONE',  ( 0.0000000000000000000, -1.000000000000000000, 0.0000000000000000000 ) ) ;
#4736 =( CONVERSION_BASED_UNIT ( 'INCH', #4549 ) LENGTH_UNIT ( ) NAMED_UNIT ( #210 ) );
#4737 = DIRECTION ( 'NONE',  ( 1.000000000000000000, 0.0000000000000000000, -0.0000000000000000000 ) ) ;
#4738 = VERTEX_POINT ( 'NONE', #6957 ) ;
#4739 = DIRECTION ( 'NONE',  ( 0.01745240643728355300, -0.9998476951563912700, 0.0000000000000000000 ) ) ;
#4740 =( BOUNDED_CURVE ( )  B_SPLINE_CURVE ( 3, ( #3823, #6111, #6144, #875 ),
 .UNSPECIFIED., .F., .F. ) 
 B_SPLINE_CURVE_WITH_KNOTS ( ( 4, 4 ),
 ( 0.0000000000000000000, 1.570796326794896600 ),
 .UNSPECIFIED. ) 
 CURVE ( )  GEOMETRIC_REPRESENTATION_ITEM ( )  RATIONAL_B_SPLINE_CURVE ( ( 1.000000000000000000, 0.8047378541243649400, 0.8047378541243649400, 1.000000000000000000 ) ) 
 REPRESENTATION_ITEM ( '' )  );
#4741 = CARTESIAN_POINT ( 'NONE',  ( 0.2958153828047136400, 0.2990380654427727300, 0.2236028447088198900 ) ) ;
#4742 = ORIENTED_EDGE ( 'NONE', *, *, #3021, .F. ) ;
#4743 = LINE ( 'NONE', #7056, #2821 ) ;
#4744 = EDGE_CURVE ( 'NONE', #7066, #4646, #6375, .T. ) ;
#4745 = B_SPLINE_CURVE_WITH_KNOTS ( 'NONE', 3,
 ( #3723, #7551, #2515, #551, #6154, #7333, #4978 ),
 .UNSPECIFIED., .F., .F.,
 ( 4, 3, 4 ),
 ( 0.0000000000000000000, 0.001461255454165653500, 0.006401959716112799700 ),
 .UNSPECIFIED. ) ;
#4746 = ORIENTED_EDGE ( 'NONE', *, *, #1919, .F. ) ;
#4747 = ADVANCED_FACE ( 'NONE', ( #3960 ), #6292, .T. ) ;
#4748 = ORIENTED_EDGE ( 'NONE', *, *, #6449, .T. ) ;
#4749 = CARTESIAN_POINT ( 'NONE',  ( -0.02500000000000001200, 0.05000000000000000300, -0.3491060010942235700 ) ) ;
#4750 = ORIENTED_EDGE ( 'NONE', *, *, #7251, .F. ) ;
#4751 = CARTESIAN_POINT ( 'NONE',  ( 0.1999999999999999600, 0.1200000000000000000, 0.6049999999999998700 ) ) ;
#4752 = CARTESIAN_POINT ( 'NONE',  ( 0.2537454433088401900, 0.2570000000000000600, -0.1465000000000003800 ) ) ;
#4753 = ADVANCED_FACE ( 'NONE', ( #1056 ), #1587, .F. ) ;
#4754 = VERTEX_POINT ( 'NONE', #486 ) ;
#4755 = DIRECTION ( 'NONE',  ( -0.0000000000000000000, -0.0000000000000000000, -1.000000000000000000 ) ) ;
#4756 = B_SPLINE_CURVE_WITH_KNOTS ( 'NONE', 3,
 ( #5386, #6578, #5413, #2367 ),
 .UNSPECIFIED., .F., .F.,
 ( 4, 4 ),
 ( 0.001746727203938124200, 0.006633121516756036000 ),
 .UNSPECIFIED. ) ;
#4757 = AXIS2_PLACEMENT_3D ( 'NONE', #4392, #7315, #277 ) ;
#4758 = VERTEX_POINT ( 'NONE', #3918 ) ;
#4759 =( LENGTH_UNIT ( ) NAMED_UNIT ( * ) SI_UNIT ( $, .METRE. ) );
#4760 = EDGE_CURVE ( 'NONE', #3615, #3679, #7302, .T. ) ;
#4761 = DIRECTION ( 'NONE',  ( -0.9961946980917455500, -0.08715574274765837400, -1.700907804550567900E-015 ) ) ;
#4762 = DIRECTION ( 'NONE',  ( 1.000000000000000000, 0.0000000000000000000, 0.0000000000000000000 ) ) ;
#4763 = CARTESIAN_POINT ( 'NONE',  ( -0.3963449574072884800, 0.07199999999999999500, 0.05395066948439672400 ) ) ;
#4764 = VERTEX_POINT ( 'NONE', #5105 ) ;
#4765 = CARTESIAN_POINT ( 'NONE',  ( -0.1999999999999999600, 0.1200000000000000000, 0.3802779494575575500 ) ) ;
#4766 = PLANE ( 'NONE',  #6310 ) ;
#4767 = ORIENTED_EDGE ( 'NONE', *, *, #3030, .T. ) ;
#4768 = DIRECTION ( 'NONE',  ( -0.0000000000000000000, -0.0000000000000000000, -1.000000000000000000 ) ) ;
#4769 = VERTEX_POINT ( 'NONE', #7575 ) ;
#4770 = EDGE_CURVE ( 'NONE', #2771, #6904, #3228, .T. ) ;
#4771 = EDGE_CURVE ( 'NONE', #1348, #207, #6757, .T. ) ;
#4772 = DIRECTION ( 'NONE',  ( 0.0000000000000000000, 0.0000000000000000000, -1.000000000000000000 ) ) ;
#4773 = LINE ( 'NONE', #2672, #5062 ) ;
#4774 = CARTESIAN_POINT ( 'NONE',  ( -0.03499999999999985800, 0.3195982360857846400, -0.3615907086703890000 ) ) ;
#4775 = AXIS2_PLACEMENT_3D ( 'NONE', #1363, #4861, #3725 ) ;
#4776 = ORIENTED_EDGE ( 'NONE', *, *, #2108, .T. ) ;
#4777 = CARTESIAN_POINT ( 'NONE',  ( 0.2146054624722689200, 0.2273969601743952300, 0.4257531754730548600 ) ) ;
#4778 = AXIS2_PLACEMENT_3D ( 'NONE', #5517, #288, #2051 ) ;
#4779 = DIRECTION ( 'NONE',  ( 0.0000000000000000000, 0.0000000000000000000, 1.000000000000000000 ) ) ;
#4780 = CIRCLE ( 'NONE', #1895, 0.1437956005199530200 ) ;
#4781 = VECTOR ( 'NONE', #7240, 39.37007874015748100 ) ;
#4782 = CIRCLE ( 'NONE', #4815, 0.3085281094319530200 ) ;
#4783 = CARTESIAN_POINT ( 'NONE',  ( -0.04000000000000000800, 0.1199999999999999800, 0.3802779494575575500 ) ) ;
#4784 = DIRECTION ( 'NONE',  ( 0.0000000000000000000, 0.0000000000000000000, -1.000000000000000000 ) ) ;
#4785 = APPLICATION_CONTEXT ( 'automotive_design' ) ;
#4786 = ORIENTED_EDGE ( 'NONE', *, *, #1147, .T. ) ;
#4787 = DIRECTION ( 'NONE',  ( 0.5735764363510464900, 0.0000000000000000000, -0.8191520442889913500 ) ) ;
#4788 = DIRECTION ( 'NONE',  ( 0.0000000000000000000, 0.0000000000000000000, 1.000000000000000000 ) ) ;
#4789 = CARTESIAN_POINT ( 'NONE',  ( 0.1400000000000001500, 0.2999999999999999300, 0.6049999999999998700 ) ) ;
#4790 = ORIENTED_EDGE ( 'NONE', *, *, #4507, .T. ) ;
#4791 = FACE_OUTER_BOUND ( 'NONE', #1136, .T. ) ;
#4792 = FACE_OUTER_BOUND ( 'NONE', #6452, .T. ) ;
#4793 = ADVANCED_FACE ( 'NONE', ( #2229 ), #3543, .T. ) ;
#4794 = CIRCLE ( 'NONE', #7554, 0.3085281094319529700 ) ;
#4795 = PLANE ( 'NONE',  #648 ) ;
#4796 = ORIENTED_EDGE ( 'NONE', *, *, #7347, .T. ) ;
#4797 = CARTESIAN_POINT ( 'NONE',  ( -0.2991970668110518500, 0.2039999884130981600, 0.2833467327878793600 ) ) ;
#4798 = DIRECTION ( 'NONE',  ( 0.0000000000000000000, 0.0000000000000000000, 1.000000000000000000 ) ) ;
#4799 = ORIENTED_EDGE ( 'NONE', *, *, #3188, .T. ) ;
#4800 = FACE_OUTER_BOUND ( 'NONE', #1928, .T. ) ;
#4801 = CARTESIAN_POINT ( 'NONE',  ( 0.2150000000000001100, 0.05000000000000000300, 0.5449999999999998200 ) ) ;
#4802 = ORIENTED_EDGE ( 'NONE', *, *, #4067, .F. ) ;
#4803 = VECTOR ( 'NONE', #1862, 39.37007874015748100 ) ;
#4804 = EDGE_LOOP ( 'NONE', ( #4983, #7093, #7165 ) ) ;
#4805 = DIRECTION ( 'NONE',  ( -0.0000000000000000000, 0.0000000000000000000, 1.000000000000000000 ) ) ;
#4806 = CARTESIAN_POINT ( 'NONE',  ( -0.2520605216024740000, 0.2484446528058517600, 0.6549999999999998000 ) ) ;
#4807 = CIRCLE ( 'NONE', #6814, 0.3487956005199530600 ) ;
#4808 = CARTESIAN_POINT ( 'NONE',  ( -0.04999999999999985700, 0.3320000000000007900, -0.3100393143934760400 ) ) ;
#4809 = PLANE ( 'NONE',  #4080 ) ;
#4810 = ORIENTED_EDGE ( 'NONE', *, *, #387, .T. ) ;
#4811 = LINE ( 'NONE', #1727, #4349 ) ;
#4812 = LINE ( 'NONE', #1010, #3323 ) ;
#4813 = VERTEX_POINT ( 'NONE', #42 ) ;
#4814 = CARTESIAN_POINT ( 'NONE',  ( 0.04000000000000001500, 0.1200000000000000000, 0.3802779494575575500 ) ) ;
#4815 = AXIS2_PLACEMENT_3D ( 'NONE', #3491, #1189, #3466 ) ;
#4816 = LINE ( 'NONE', #3073, #228 ) ;
#4817 = DIRECTION ( 'NONE',  ( -4.535592750529813500E-015, -0.9961592506718131000, -0.08755996403021147600 ) ) ;
#4818 = FILL_AREA_STYLE ('',( #6615 ) ) ;
#4819 = FACE_OUTER_BOUND ( 'NONE', #6479, .T. ) ;
#4820 = ORIENTED_EDGE ( 'NONE', *, *, #4839, .T. ) ;
#4821 = CARTESIAN_POINT ( 'NONE',  ( 0.1400000000000001500, 0.2999999999999999300, 0.6550000000000000300 ) ) ;
#4822 = CONTEXT_DEPENDENT_SHAPE_REPRESENTATION ( #660, #3671 ) ;
#4823 = VECTOR ( 'NONE', #4360, 39.37007874015748100 ) ;
#4824 = EDGE_CURVE ( 'NONE', #6571, #441, #5363, .T. ) ;
#4825 = FACE_OUTER_BOUND ( 'NONE', #6338, .T. ) ;
#4826 = DIRECTION ( 'NONE',  ( 0.0000000000000000000, 1.000000000000000000, 0.0000000000000000000 ) ) ;
#4827 = ORIENTED_EDGE ( 'NONE', *, *, #3776, .F. ) ;
#4828 = DIRECTION ( 'NONE',  ( 0.0000000000000000000, 0.0000000000000000000, 1.000000000000000000 ) ) ;
#4829 = DIRECTION ( 'NONE',  ( -0.0000000000000000000, -1.000000000000000000, -0.0000000000000000000 ) ) ;
#4830 = CARTESIAN_POINT ( 'NONE',  ( -0.03643299437138693800, 0.3016678800171546700, -0.3781557075263124500 ) ) ;
#4831 = AXIS2_PLACEMENT_3D ( 'NONE', #2540, #201, #3682 ) ;
#4832 = AXIS2_PLACEMENT_3D ( 'NONE', #5257, #1086, #5804 ) ;
#4833 = VECTOR ( 'NONE', #194, 39.37007874015748900 ) ;
#4834 = ORIENTED_EDGE ( 'NONE', *, *, #4866, .T. ) ;
#4835 = CARTESIAN_POINT ( 'NONE',  ( -0.04999999999999985700, 0.3048033090757144600, -0.3628911249749357500 ) ) ;
#4836 = CARTESIAN_POINT ( 'NONE',  ( 0.1999999999999999600, 0.1200000000000000000, 0.6550000000000000300 ) ) ;
#4837 = ADVANCED_FACE ( 'NONE', ( #5176 ), #2922, .T. ) ;
#4838 = ORIENTED_EDGE ( 'NONE', *, *, #2171, .F. ) ;
#4839 = EDGE_CURVE ( 'NONE', #3435, #4219, #265, .T. ) ;
#4840 = EDGE_CURVE ( 'NONE', #1422, #1071, #1461, .T. ) ;
#4841 = DIRECTION ( 'NONE',  ( 1.000000000000000000, 0.0000000000000000000, 0.0000000000000000000 ) ) ;
#4842 = ORIENTED_EDGE ( 'NONE', *, *, #1239, .F. ) ;
#4843 = CARTESIAN_POINT ( 'NONE',  ( 0.0000000000000000000, 0.2820000000000000300, 0.0000000000000000000 ) ) ;
#4844 =( NAMED_UNIT ( * ) PLANE_ANGLE_UNIT ( ) SI_UNIT ( $, .RADIAN. ) );
#4845 = PLANE ( 'NONE',  #2561 ) ;
#4846 = EDGE_LOOP ( 'NONE', ( #4629, #5765, #4708, #1418 ) ) ;
#4847 = DIRECTION ( 'NONE',  ( 0.0000000000000000000, -1.000000000000000000, 0.0000000000000000000 ) ) ;
#4848 = ORIENTED_EDGE ( 'NONE', *, *, #3425, .T. ) ;
#4849 = DIRECTION ( 'NONE',  ( -1.000000000000000000, 0.0000000000000000000, -2.276539994720218900E-016 ) ) ;
#4850 = ORIENTED_EDGE ( 'NONE', *, *, #6325, .F. ) ;
#4851 = EDGE_CURVE ( 'NONE', #3287, #7466, #3172, .T. ) ;
#4852 = DIRECTION ( 'NONE',  ( 0.0000000000000000000, -1.000000000000000000, 0.0000000000000000000 ) ) ;
#4853 = CARTESIAN_POINT ( 'NONE',  ( -0.2796159831758611700, 0.09400030912047144200, 0.2684081099030622400 ) ) ;
#4854 = ORIENTED_EDGE ( 'NONE', *, *, #4507, .F. ) ;
#4855 = CARTESIAN_POINT ( 'NONE',  ( 0.3414285376651450800, 0.1373333062849770300, -0.06748290325896556800 ) ) ;
#4856 = VERTEX_POINT ( 'NONE', #627 ) ;
#4857 = DIRECTION ( 'NONE',  ( 0.5735764363510460500, -0.0000000000000000000, 0.8191520442889916900 ) ) ;
#4858 = CARTESIAN_POINT ( 'NONE',  ( 0.1777526325617208000, 0.05000000000000000300, -0.2974432377767115000 ) ) ;
#4859 =( GEOMETRIC_REPRESENTATION_CONTEXT ( 3 ) GLOBAL_UNCERTAINTY_ASSIGNED_CONTEXT ( ( #2183 ) ) GLOBAL_UNIT_ASSIGNED_CONTEXT ( ( #1210, #4604, #1669 ) ) REPRESENTATION_CONTEXT ( 'NONE', 'WORKASPACE' ) );
#4860 = ORIENTED_EDGE ( 'NONE', *, *, #2365, .F. ) ;
#4861 = DIRECTION ( 'NONE',  ( 0.0000000000000000000, 0.01745240643728355000, -0.9998476951563912700 ) ) ;
#4862 = EDGE_CURVE ( 'NONE', #5788, #1903, #4743, .T. ) ;
#4863 = ORIENTED_EDGE ( 'NONE', *, *, #10, .F. ) ;
#4864 = DIRECTION ( 'NONE',  ( -1.000000000000000000, 0.0000000000000000000, 3.414809992080329000E-016 ) ) ;
#4865 = DIRECTION ( 'NONE',  ( -0.01745240643728355000, -0.9998476951563912700, 8.939497783182438100E-017 ) ) ;
#4866 = EDGE_CURVE ( 'NONE', #2938, #357, #6148, .T. ) ;
#4867 = DIRECTION ( 'NONE',  ( -0.01745240643728355000, -0.9998476951563912700, 0.0000000000000000000 ) ) ;
#4868 = ORIENTED_EDGE ( 'NONE', *, *, #5421, .F. ) ;
#4869 = ORIENTED_EDGE ( 'NONE', *, *, #1980, .T. ) ;
#4870 = ADVANCED_FACE ( 'NONE', ( #6084 ), #6495, .T. ) ;
#4871 = CARTESIAN_POINT ( 'NONE',  ( -0.3460350995758387800, 0.0000000000000000000, 0.06034090313683880500 ) ) ;
#4872 = AXIS2_PLACEMENT_3D ( 'NONE', #4413, #3817, #7418 ) ;
#4873 = DIRECTION ( 'NONE',  ( 0.0000000000000000000, 1.000000000000000000, 0.0000000000000000000 ) ) ;
#4874 = LINE ( 'NONE', #4905, #5061 ) ;
#4875 = FACE_OUTER_BOUND ( 'NONE', #2708, .T. ) ;
#4876 = EDGE_CURVE ( 'NONE', #5567, #6921, #6603, .T. ) ;
#4877 = CARTESIAN_POINT ( 'NONE',  ( -0.04999999999999985700, 0.3003605438758522600, -0.3632816548084786800 ) ) ;
#4878 = VERTEX_POINT ( 'NONE', #5224 ) ;
#4879 = CARTESIAN_POINT ( 'NONE',  ( 0.0000000000000000000, 0.07199999999999999500, 0.0000000000000000000 ) ) ;
#4880 = CARTESIAN_POINT ( 'NONE',  ( 0.3264545886071187300, 0.1666666745096281900, 0.2336523211308376700 ) ) ;
#4881 = CONICAL_SURFACE ( 'NONE', #1823, 0.4000000000000000200, 0.08726646259971666800 ) ;
#4882 = VECTOR ( 'NONE', #7023, 39.37007874015748100 ) ;
#4883 = DIRECTION ( 'NONE',  ( 0.5734890778816077500, 0.01745240643728355000, 0.8190272834649962000 ) ) ;
#4884 = VECTOR ( 'NONE', #5481, 39.37007874015748100 ) ;
#4885 = EDGE_LOOP ( 'NONE', ( #5586, #5121, #4433, #6296 ) ) ;
#4886 = LINE ( 'NONE', #3490, #2867 ) ;
#4887 = CARTESIAN_POINT ( 'NONE',  ( 0.02500000000000000500, 0.0000000000000000000, 0.3802779494575575500 ) ) ;
#4888 = ORIENTED_EDGE ( 'NONE', *, *, #106, .T. ) ;
#4889 = DIRECTION ( 'NONE',  ( 3.414809992080324100E-016, 0.0000000000000000000, 1.000000000000000000 ) ) ;
#4890 = DIRECTION ( 'NONE',  ( 1.000000000000000000, 0.0000000000000000000, 0.0000000000000000000 ) ) ;
#4891 = ORIENTED_EDGE ( 'NONE', *, *, #5007, .F. ) ;
#4892 = CARTESIAN_POINT ( 'NONE',  ( 0.2500000000000000600, 0.2500000000000000600, 0.5799999999999999600 ) ) ;
#4893 = ORIENTED_EDGE ( 'NONE', *, *, #420, .T. ) ;
#4894 = EDGE_CURVE ( 'NONE', #4693, #1382, #4502, .T. ) ;
#4895 = ORIENTED_EDGE ( 'NONE', *, *, #2108, .F. ) ;
#4896 = DIRECTION ( 'NONE',  ( -0.0000000000000000000, -1.000000000000000000, -0.0000000000000000000 ) ) ;
#4897 = ORIENTED_EDGE ( 'NONE', *, *, #6120, .T. ) ;
#4898 = CARTESIAN_POINT ( 'NONE',  ( 0.2890690051041123800, 0.07411949885395949200, 0.02503699599011106900 ) ) ;
#4899 = FACE_OUTER_BOUND ( 'NONE', #6610, .T. ) ;
#4900 = FACE_BOUND ( 'NONE', #4416, .T. ) ;
#4901 = ORIENTED_EDGE ( 'NONE', *, *, #2354, .F. ) ;
#4902 = VECTOR ( 'NONE', #7307, 39.37007874015748900 ) ;
#4903 = CIRCLE ( 'NONE', #4615, 0.1325000000000000100 ) ;
#4904 = ORIENTED_EDGE ( 'NONE', *, *, #450, .F. ) ;
#4905 = CARTESIAN_POINT ( 'NONE',  ( -0.04999999999999985700, 0.3320000000000000200, -0.3968626966596886000 ) ) ;
#4906 = EDGE_CURVE ( 'NONE', #4640, #4669, #4051, .T. ) ;
#4907 = DIRECTION ( 'NONE',  ( 0.0000000000000000000, 0.0000000000000000000, 1.000000000000000000 ) ) ;
#4908 = ADVANCED_FACE ( 'NONE', ( #4900, #1245 ), #2951, .T. ) ;
#4909 = VECTOR ( 'NONE', #3013, 39.37007874015748900 ) ;
#4910 = EDGE_CURVE ( 'NONE', #3913, #4976, #2985, .T. ) ;
#4911 = VERTEX_POINT ( 'NONE', #7101 ) ;
#4912 = B_SPLINE_CURVE_WITH_KNOTS ( 'NONE', 3,
 ( #1383, #1988, #6706, #7261, #3651, #4939, #177 ),
 .UNSPECIFIED., .F., .F.,
 ( 4, 3, 4 ),
 ( 0.01080996487825409600, 0.01439196348578491600, 0.01797512406340658400 ),
 .UNSPECIFIED. ) ;
#4913 = CARTESIAN_POINT ( 'NONE',  ( -0.2812567646748315200, 0.0000000000000000000, 0.2697229598039777000 ) ) ;
#4914 = DIRECTION ( 'NONE',  ( -0.0000000000000000000, -1.000000000000000000, -0.0000000000000000000 ) ) ;
#4915 = AXIS2_PLACEMENT_3D ( 'NONE', #3480, #5199, #484 ) ;
#4916 = CARTESIAN_POINT ( 'NONE',  ( 0.02500000000000000500, 0.0000000000000000000, 0.6550000000000000300 ) ) ;
#4917 = CARTESIAN_POINT ( 'NONE',  ( 0.0000000000000000000, 0.2500000000000000600, 0.0000000000000000000 ) ) ;
#4918 = VECTOR ( 'NONE', #1979, 39.37007874015748100 ) ;
#4919 = ORIENTED_EDGE ( 'NONE', *, *, #4382, .F. ) ;
#4920 = AXIS2_PLACEMENT_3D ( 'NONE', #5814, #5848, #7019 ) ;
#4921 = CARTESIAN_POINT ( 'NONE',  ( 0.0000000000000000000, 0.0000000000000000000, 0.0000000000000000000 ) ) ;
#4922 = ORIENTED_EDGE ( 'NONE', *, *, #707, .F. ) ;
#4923 = EDGE_CURVE ( 'NONE', #3242, #2658, #6521, .T. ) ;
#4924 = EDGE_CURVE ( 'NONE', #4372, #2938, #5250, .T. ) ;
#4925 = CARTESIAN_POINT ( 'NONE',  ( 0.0000000000000000000, 0.1809999999999999900, 0.0000000000000000000 ) ) ;
#4926 = PLANE ( 'NONE',  #902 ) ;
#4927 = CARTESIAN_POINT ( 'NONE',  ( -0.02500000000000000100, 0.1050000000000000000, 0.3802779494575575500 ) ) ;
#4928 = VERTEX_POINT ( 'NONE', #1834 ) ;
#4929 = CARTESIAN_POINT ( 'NONE',  ( -0.03642641708903301300, 0.2824301782026415500, -0.3798471765490996100 ) ) ;
#4930 = ORIENTED_EDGE ( 'NONE', *, *, #762, .F. ) ;
#4931 = CARTESIAN_POINT ( 'NONE',  ( -0.2748324774302513500, 0.2404026384068122500, 0.6049999999999998700 ) ) ;
#4932 = CARTESIAN_POINT ( 'NONE',  ( 0.3268019325236991000, 0.1180000000000000100, 0.02499999999999987300 ) ) ;
#4933 = ORIENTED_EDGE ( 'NONE', *, *, #4274, .F. ) ;
#4934 = DIRECTION ( 'NONE',  ( -0.0000000000000000000, -0.0000000000000000000, 1.000000000000000000 ) ) ;
#4935 = DIRECTION ( 'NONE',  ( -3.858542363932575600E-016, -0.0000000000000000000, -1.000000000000000000 ) ) ;
#4936 = EDGE_CURVE ( 'NONE', #4948, #2220, #456, .T. ) ;
#4937 = CARTESIAN_POINT ( 'NONE',  ( -0.3000000000000000400, 0.2500000000000000600, 0.6092893218813451000 ) ) ;
#4938 = EDGE_LOOP ( 'NONE', ( #1792, #3644, #960, #4834 ) ) ;
#4939 = CARTESIAN_POINT ( 'NONE',  ( 0.3460375863540456900, 0.2349925063694672000, -0.02784504478149177000 ) ) ;
#4940 = VECTOR ( 'NONE', #2211, 39.37007874015748100 ) ;
#4941 = AXIS2_PLACEMENT_3D ( 'NONE', #6193, #2648, #6709 ) ;
#4942 = ORIENTED_EDGE ( 'NONE', *, *, #5232, .F. ) ;
#4943 = CARTESIAN_POINT ( 'NONE',  ( -0.2715089870143563800, 0.05000000000000001000, -2.386529622953043300E-017 ) ) ;
#4944 = CARTESIAN_POINT ( 'NONE',  ( 0.1790675845594640300, 0.1809999999999999900, -0.2993211838512500100 ) ) ;
#4945 = DIRECTION ( 'NONE',  ( -0.0000000000000000000, -0.0000000000000000000, 1.000000000000000000 ) ) ;
#4946 = CARTESIAN_POINT ( 'NONE',  ( 0.2335281094319528200, 0.3320000000000000200, 0.2257497333829855700 ) ) ;
#4947 = ORIENTED_EDGE ( 'NONE', *, *, #2265, .T. ) ;
#4948 = VERTEX_POINT ( 'NONE', #5959 ) ;
#4949 = ADVANCED_FACE ( 'NONE', ( #2387 ), #4153, .T. ) ;
#4950 = DIRECTION ( 'NONE',  ( -0.0000000000000000000, -1.000000000000000000, -0.0000000000000000000 ) ) ;
#4951 = DIRECTION ( 'NONE',  ( -1.000000000000000000, 0.0000000000000000000, 0.0000000000000000000 ) ) ;
#4952 = EDGE_CURVE ( 'NONE', #2529, #1221, #3602, .T. ) ;
#4953 = DIRECTION ( 'NONE',  ( 1.000000000000000000, 1.138269997360109700E-016, -1.986857670976281800E-018 ) ) ;
#4954 = ORIENTED_EDGE ( 'NONE', *, *, #921, .T. ) ;
#4955 = CARTESIAN_POINT ( 'NONE',  ( -0.2450000000000000800, 0.1180000000000000100, 0.5426959314294751400 ) ) ;
#4956 = CARTESIAN_POINT ( 'NONE',  ( -0.2799999999999998000, 0.07199999999999999500, 0.1465000000000002100 ) ) ;
#4957 = EDGE_LOOP ( 'NONE', ( #5603, #2150, #2378, #7244, #1085, #4086 ) ) ;
#4958 = DIRECTION ( 'NONE',  ( 0.5735764363510433800, -0.0000000000000000000, -0.8191520442889935700 ) ) ;
#4959 = CARTESIAN_POINT ( 'NONE',  ( -0.2537454433088401900, 0.3320000000000000200, 0.1465000000000002400 ) ) ;
#4960 = ORIENTED_EDGE ( 'NONE', *, *, #3585, .T. ) ;
#4961 = CARTESIAN_POINT ( 'NONE',  ( -0.2854404374592978100, 0.2820000000000000300, 3.898899431919164800E-016 ) ) ;
#4962 = AXIS2_PLACEMENT_3D ( 'NONE', #6213, #372, #6751 ) ;
#4963 = DIRECTION ( 'NONE',  ( -8.789873400495773900E-017, 0.0000000000000000000, -1.000000000000000000 ) ) ;
#4964 = VECTOR ( 'NONE', #5488, 39.37007874015748100 ) ;
#4965 = CARTESIAN_POINT ( 'NONE',  ( -0.2537454433088414100, 0.07200000000000000800, 0.1464999999999985200 ) ) ;
#4966 = DIRECTION ( 'NONE',  ( 0.0000000000000000000, 0.0000000000000000000, -1.000000000000000000 ) ) ;
#4967 = ORIENTED_EDGE ( 'NONE', *, *, #6086, .F. ) ;
#4968 = EDGE_CURVE ( 'NONE', #5046, #4352, #681, .T. ) ;
#4969 = DIRECTION ( 'NONE',  ( -0.0000000000000000000, 0.9998476951563912700, -0.01745240643728355000 ) ) ;
#4970 = CARTESIAN_POINT ( 'NONE',  ( -0.2499923835978046200, 0.2500000000000000600, 0.6300000000000000000 ) ) ;
#4971 = LINE ( 'NONE', #5582, #4411 ) ;
#4972 = VECTOR ( 'NONE', #4969, 39.37007874015748100 ) ;
#4973 = LINE ( 'NONE', #5291, #946 ) ;
#4974 =( BOUNDED_CURVE ( )  B_SPLINE_CURVE ( 3, ( #1282, #114, #647, #5379 ),
 .UNSPECIFIED., .F., .F. ) 
 B_SPLINE_CURVE_WITH_KNOTS ( ( 4, 4 ),
 ( 4.712388980384689700, 6.283185307179586200 ),
 .UNSPECIFIED. ) 
 CURVE ( )  GEOMETRIC_REPRESENTATION_ITEM ( )  RATIONAL_B_SPLINE_CURVE ( ( 1.000000000000000000, 0.8047378541243649400, 0.8047378541243649400, 1.000000000000000000 ) ) 
 REPRESENTATION_ITEM ( '' )  );
#4975 = AXIS2_PLACEMENT_3D ( 'NONE', #6331, #4545, #3992 ) ;
#4976 = VERTEX_POINT ( 'NONE', #3590 ) ;
#4977 = AXIS2_PLACEMENT_3D ( 'NONE', #6942, #3494, #5838 ) ;
#4978 = CARTESIAN_POINT ( 'NONE',  ( -0.02866556363492566900, 0.2820000000000000300, -0.2906892406454049100 ) ) ;
#4979 = EDGE_LOOP ( 'NONE', ( #1739, #3173, #4406, #4790 ) ) ;
#4980 = PLANE ( 'NONE',  #4473 ) ;
#4981 = FACE_OUTER_BOUND ( 'NONE', #6558, .T. ) ;
#4982 = LINE ( 'NONE', #2623, #310 ) ;
#4983 = ORIENTED_EDGE ( 'NONE', *, *, #4607, .T. ) ;
#4984 = EDGE_CURVE ( 'NONE', #7144, #4738, #6595, .T. ) ;
#4985 = EDGE_CURVE ( 'NONE', #6230, #2098, #7319, .T. ) ;
#4986 = CARTESIAN_POINT ( 'NONE',  ( -0.02500000000000001200, 0.05000000000000000300, -0.3456059578214986700 ) ) ;
#4987 = DIRECTION ( 'NONE',  ( -4.268512490100406000E-016, 0.0000000000000000000, 1.000000000000000000 ) ) ;
#4988 = CARTESIAN_POINT ( 'NONE',  ( 0.3407521969629025400, 0.2820000000000000300, -0.06193126897835110600 ) ) ;
#4989 = DIRECTION ( 'NONE',  ( 0.0000000000000000000, 0.0000000000000000000, 1.000000000000000000 ) ) ;
#4990 = DIRECTION ( 'NONE',  ( -0.0000000000000000000, -1.000000000000000000, -0.0000000000000000000 ) ) ;
#4991 = VERTEX_POINT ( 'NONE', #5999 ) ;
#4992 = ADVANCED_FACE ( 'NONE', ( #5736 ), #1236, .T. ) ;
#4993 = ORIENTED_EDGE ( 'NONE', *, *, #959, .F. ) ;
#4994 = CONICAL_SURFACE ( 'NONE', #3593, 0.3500000000000000300, 0.01745329251994333400 ) ;
#4995 = CARTESIAN_POINT ( 'NONE',  ( 0.2537454433088416300, 0.0000000000000000000, -0.1464999999999987700 ) ) ;
#4996 = ORIENTED_EDGE ( 'NONE', *, *, #4227, .T. ) ;
#4997 = CARTESIAN_POINT ( 'NONE',  ( -0.1773306820098119700, 0.07199999999999998100, 0.6548463253555015800 ) ) ;
#4998 = LINE ( 'NONE', #1421, #2875 ) ;
#4999 = CARTESIAN_POINT ( 'NONE',  ( -0.3504533827859615500, 0.0000000000000000000, -0.02374323532516825500 ) ) ;
#5000 = DIRECTION ( 'NONE',  ( -1.000000000000000000, 0.0000000000000000000, 0.0000000000000000000 ) ) ;
#5001 = ORIENTED_EDGE ( 'NONE', *, *, #6664, .T. ) ;
#5002 = CARTESIAN_POINT ( 'NONE',  ( -0.04999999999999985700, 0.3370000000000000800, -0.3407492558152664400 ) ) ;
#5003 = VECTOR ( 'NONE', #5688, 39.37007874015748100 ) ;
#5004 = VECTOR ( 'NONE', #4963, 39.37007874015748100 ) ;
#5005 = SURFACE_SIDE_STYLE ('',( #7588 ) ) ;
#5006 = ORIENTED_EDGE ( 'NONE', *, *, #2379, .F. ) ;
#5007 = EDGE_CURVE ( 'NONE', #976, #4991, #658, .T. ) ;
#5008 = B_SPLINE_CURVE_WITH_KNOTS ( 'NONE', 3,
 ( #7304, #7408, #3243, #3190, #270, #6126, #243, #7376, #6775, #5605, #2100, #6205 ),
 .UNSPECIFIED., .F., .F.,
 ( 4, 2, 2, 2, 2, 4 ),
 ( -8.968284105050992700E-006, 0.0007519179034676028700, 0.001512804091040256700, 0.002273690278612910200, 0.002654133372399239000, 0.003034576466185568200 ),
 .UNSPECIFIED. ) ;
#5009 = FACE_OUTER_BOUND ( 'NONE', #4501, .T. ) ;
#5010 = ORIENTED_EDGE ( 'NONE', *, *, #3819, .T. ) ;
#5011 = SHAPE_DEFINITION_REPRESENTATION ( #868, #6186 ) ;
#5012 = DIRECTION ( 'NONE',  ( -0.0000000000000000000, 1.000000000000000000, -0.0000000000000000000 ) ) ;
#5013 = CIRCLE ( 'NONE', #115, 0.07499999999999995600 ) ;
#5014 = CARTESIAN_POINT ( 'NONE',  ( 0.02500000000000000100, 0.05000000000000000300, -0.3456059578214985600 ) ) ;
#5015 = LINE ( 'NONE', #1748, #3069 ) ;
#5016 = ORIENTED_EDGE ( 'NONE', *, *, #4273, .F. ) ;
#5017 = DIRECTION ( 'NONE',  ( -1.000000000000000000, 0.0000000000000000000, -4.268512490100406000E-016 ) ) ;
#5018 = CARTESIAN_POINT ( 'NONE',  ( -0.2763344363650741000, 0.2820000000000000300, 0.1465000000000002100 ) ) ;
#5019 = CARTESIAN_POINT ( 'NONE',  ( -0.2583726193404439800, 0.2820000000000000300, 0.5502169413402260300 ) ) ;
#5020 = EDGE_CURVE ( 'NONE', #4397, #2385, #6917, .T. ) ;
#5021 = CARTESIAN_POINT ( 'NONE',  ( 0.0000000000000000000, 0.3209055722269995000, 0.0000000000000000000 ) ) ;
#5022 = EDGE_CURVE ( 'NONE', #1982, #2435, #588, .T. ) ;
#5023 = CIRCLE ( 'NONE', #4622, 0.01499999999999998900 ) ;
#5024 = CARTESIAN_POINT ( 'NONE',  ( 0.0000000000000000000, 0.0000000000000000000, 0.2249999999999999800 ) ) ;
#5025 = DIRECTION ( 'NONE',  ( -0.01745240643728355000, 0.9998476951563912700, 0.0000000000000000000 ) ) ;
#5026 = VERTEX_POINT ( 'NONE', #1638 ) ;
#5027 = CARTESIAN_POINT ( 'NONE',  ( 0.1490000000000002200, 0.2520000000000000000, 0.6054476489935909400 ) ) ;
#5028 = DIRECTION ( 'NONE',  ( -0.01745240643728355000, -0.9998476951563912700, -0.0000000000000000000 ) ) ;
#5029 = ORIENTED_EDGE ( 'NONE', *, *, #4664, .T. ) ;
#5030 = AXIS2_PLACEMENT_3D ( 'NONE', #3125, #5484, #4336 ) ;
#5031 = CARTESIAN_POINT ( 'NONE',  ( 0.03642004483528839300, 0.2635366807060744400, -0.3815082652754128700 ) ) ;
#5032 = ORIENTED_EDGE ( 'NONE', *, *, #2811, .T. ) ;
#5033 = EDGE_CURVE ( 'NONE', #408, #1903, #5931, .T. ) ;
#5034 = ADVANCED_FACE ( 'NONE', ( #4379 ), #6262, .T. ) ;
#5035 = DIRECTION ( 'NONE',  ( 1.000000000000000000, -0.0000000000000000000, 0.0000000000000000000 ) ) ;
#5036 = ORIENTED_EDGE ( 'NONE', *, *, #3530, .T. ) ;
#5037 = ORIENTED_EDGE ( 'NONE', *, *, #6601, .T. ) ;
#5038 = DIRECTION ( 'NONE',  ( 0.0000000000000000000, 0.7675176437291007000, -0.6410278204294485000 ) ) ;
#5039 = AXIS2_PLACEMENT_3D ( 'NONE', #7133, #2986, #6608 ) ;
#5040 = PLANE ( 'NONE',  #4130 ) ;
#5041 = ORIENTED_EDGE ( 'NONE', *, *, #6086, .T. ) ;
#5042 = DIRECTION ( 'NONE',  ( -1.000000000000000000, 0.0000000000000000000, 4.614608097405848100E-017 ) ) ;
#5043 = PLANE ( 'NONE',  #4872 ) ;
#5044 = ORIENTED_EDGE ( 'NONE', *, *, #2463, .T. ) ;
#5045 = DIRECTION ( 'NONE',  ( 0.0000000000000000000, 1.000000000000000000, 0.0000000000000000000 ) ) ;
#5046 = VERTEX_POINT ( 'NONE', #2698 ) ;
#5047 = AXIS2_PLACEMENT_3D ( 'NONE', #6145, #311, #6808 ) ;
#5048 = CARTESIAN_POINT ( 'NONE',  ( 0.2812567646748320200, 0.0000000000000000000, 0.1465000000000003000 ) ) ;
#5049 = DIRECTION ( 'NONE',  ( 1.000000000000000000, -0.0000000000000000000, 0.0000000000000000000 ) ) ;
#5050 = DIRECTION ( 'NONE',  ( -0.01745240643728355000, 0.9998476951563912700, -0.0000000000000000000 ) ) ;
#5051 = ORIENTED_EDGE ( 'NONE', *, *, #3512, .T. ) ;
#5052 = ORIENTED_EDGE ( 'NONE', *, *, #3130, .F. ) ;
#5053 = CARTESIAN_POINT ( 'NONE',  ( -0.2249999999999999800, 0.2920000000000000400, 0.3775000000000000000 ) ) ;
#5054 = PLANE ( 'NONE',  #6056 ) ;
#5055 = ORIENTED_EDGE ( 'NONE', *, *, #5580, .F. ) ;
#5056 = CARTESIAN_POINT ( 'NONE',  ( 0.2335281094319531000, 0.2570000000000000600, 0.5633744347874545300 ) ) ;
#5057 = VERTEX_POINT ( 'NONE', #3895 ) ;
#5058 = DIRECTION ( 'NONE',  ( 0.0000000000000000000, 0.01745240643728355000, -0.9998476951563912700 ) ) ;
#5059 = CARTESIAN_POINT ( 'NONE',  ( 0.2583726193404443600, 0.2820000000000000300, 0.0000000000000000000 ) ) ;
#5060 = CARTESIAN_POINT ( 'NONE',  ( 0.04999999999999995400, 0.3048033090764977200, -0.3628911249742817200 ) ) ;
#5061 = VECTOR ( 'NONE', #2510, 39.37007874015748100 ) ;
#5062 = VECTOR ( 'NONE', #3259, 39.37007874015748100 ) ;
#5063 = ADVANCED_FACE ( 'NONE', ( #4449 ), #6856, .T. ) ;
#5064 = VERTEX_POINT ( 'NONE', #5864 ) ;
#5065 = PRODUCT_RELATED_PRODUCT_CATEGORY ( 'part', '', ( #6383 ) ) ;
#5066 = ORIENTED_EDGE ( 'NONE', *, *, #888, .T. ) ;
#5067 = CARTESIAN_POINT ( 'NONE',  ( 0.2891060010942235700, 0.2500000000000000600, -0.02499999999999996300 ) ) ;
#5068 = PLANE ( 'NONE',  #5984 ) ;
#5069 = CARTESIAN_POINT ( 'NONE',  ( -0.4056434730101984900, 0.0000000000000000000, -0.07043286834605000400 ) ) ;
#5070 = DIRECTION ( 'NONE',  ( 1.338236348247696500E-015, -0.0000000000000000000, 1.000000000000000000 ) ) ;
#5071 = FACE_OUTER_BOUND ( 'NONE', #639, .T. ) ;
#5072 = VECTOR ( 'NONE', #3640, 39.37007874015748100 ) ;
#5073 = EDGE_CURVE ( 'NONE', #1908, #2311, #5558, .T. ) ;
#5074 = EDGE_CURVE ( 'NONE', #6252, #6882, #3519, .T. ) ;
#5075 = VECTOR ( 'NONE', #5501, 39.37007874015748100 ) ;
#5076 = CARTESIAN_POINT ( 'NONE',  ( -0.08500000000000008900, 0.2520000000000000000, 0.6054476489935909400 ) ) ;
#5077 = ORIENTED_EDGE ( 'NONE', *, *, #3177, .F. ) ;
#5078 = CARTESIAN_POINT ( 'NONE',  ( 0.2240101507053132700, 0.2820000000000000300, -0.2641344244760542900 ) ) ;
#5079 = FACE_OUTER_BOUND ( 'NONE', #1567, .T. ) ;
#5080 = CARTESIAN_POINT ( 'NONE',  ( -0.3077518077162633100, 0.2691477399311940100, 0.2893864651140929400 ) ) ;
#5081 = VERTEX_POINT ( 'NONE', #978 ) ;
#5082 = AXIS2_PLACEMENT_3D ( 'NONE', #6804, #5045, #3821 ) ;
#5083 = CONICAL_SURFACE ( 'NONE', #3845, 0.3500000000000000300, 0.01745329251994333400 ) ;
#5084 = AXIS2_PLACEMENT_3D ( 'NONE', #1436, #3667, #1929 ) ;
#5085 = VECTOR ( 'NONE', #1661, 39.37007874015748100 ) ;
#5086 = EDGE_LOOP ( 'NONE', ( #3710, #4497, #1469, #4587 ) ) ;
#5087 = CARTESIAN_POINT ( 'NONE',  ( 0.2583726193404443600, 0.2820000000000000300, 0.6039140142027947800 ) ) ;
#5088 = DIRECTION ( 'NONE',  ( 0.9998476951563912700, 0.01745240643728355000, 0.0000000000000000000 ) ) ;
#5089 = EDGE_LOOP ( 'NONE', ( #4954, #3366, #3949, #3011 ) ) ;
#5090 = EDGE_LOOP ( 'NONE', ( #1203, #3562, #2008, #3910 ) ) ;
#5091 = CIRCLE ( 'NONE', #2416, 0.1262567646748318000 ) ;
#5092 = EDGE_CURVE ( 'NONE', #1842, #4710, #7594, .T. ) ;
#5093 = PLANE ( 'NONE',  #5518 ) ;
#5094 = ORIENTED_EDGE ( 'NONE', *, *, #1803, .F. ) ;
#5095 = DIRECTION ( 'NONE',  ( -0.0000000000000000000, -0.0000000000000000000, 1.000000000000000000 ) ) ;
#5096 = DIRECTION ( 'NONE',  ( -1.000000000000000000, 0.0000000000000000000, 8.098456144300828400E-016 ) ) ;
#5097 = FACE_BOUND ( 'NONE', #1553, .T. ) ;
#5098 = VECTOR ( 'NONE', #1522, 39.37007874015748100 ) ;
#5099 = ORIENTED_EDGE ( 'NONE', *, *, #6233, .T. ) ;
#5100 = VECTOR ( 'NONE', #7543, 39.37007874015748100 ) ;
#5101 = DIRECTION ( 'NONE',  ( 0.0000000000000000000, 0.0000000000000000000, 1.000000000000000000 ) ) ;
#5102 = DIRECTION ( 'NONE',  ( 1.000000000000000000, 0.0000000000000000000, 0.0000000000000000000 ) ) ;
#5103 = VECTOR ( 'NONE', #24, 39.37007874015748100 ) ;
#5104 = ORIENTED_EDGE ( 'NONE', *, *, #807, .T. ) ;
#5105 = CARTESIAN_POINT ( 'NONE',  ( 0.02374323532516837300, 0.0000000000000000000, -0.2903627657690551800 ) ) ;
#5106 = LINE ( 'NONE', #2840, #1256 ) ;
#5107 = DIRECTION ( 'NONE',  ( 0.01745240643728355000, -0.9998476951563912700, 0.0000000000000000000 ) ) ;
#5108 = VERTEX_POINT ( 'NONE', #5125 ) ;
#5109 = EDGE_CURVE ( 'NONE', #3991, #6956, #4539, .T. ) ;
#5110 = DIRECTION ( 'NONE',  ( 1.000000000000000000, -1.824540099087921600E-017, -2.085458876106028700E-016 ) ) ;
#5111 = ADVANCED_FACE ( 'NONE', ( #5941 ), #2332, .T. ) ;
#5112 = VECTOR ( 'NONE', #5985, 39.37007874015748100 ) ;
#5113 = DIRECTION ( 'NONE',  ( -0.01745240643728355000, -0.9998476951563912700, 0.0000000000000000000 ) ) ;
#5114 = VERTEX_POINT ( 'NONE', #1561 ) ;
#5115 = ORIENTED_EDGE ( 'NONE', *, *, #7534, .T. ) ;
#5116 = CARTESIAN_POINT ( 'NONE',  ( 0.02702479184737577700, 0.1880002472464299700, -0.3469287882371291400 ) ) ;
#5117 = PRODUCT_DEFINITION ( 'UNKNOWN', '', #5507, #6532 ) ;
#5118 = AXIS2_PLACEMENT_3D ( 'NONE', #4214, #6011, #719 ) ;
#5119 = ADVANCED_FACE ( 'NONE', ( #48 ), #1614, .F. ) ;
#5120 = DIRECTION ( 'NONE',  ( 0.0000000000000000000, 0.0000000000000000000, 1.000000000000000000 ) ) ;
#5121 = ORIENTED_EDGE ( 'NONE', *, *, #1066, .T. ) ;
#5122 = CARTESIAN_POINT ( 'NONE',  ( 0.04999999999999995400, 0.3097349520395281700, -0.3624576600019316400 ) ) ;
#5123 = DIRECTION ( 'NONE',  ( -1.000000000000000000, -1.440848097924190300E-016, 2.515009710096560400E-018 ) ) ;
#5124 = EDGE_CURVE ( 'NONE', #412, #6904, #6677, .T. ) ;
#5125 = CARTESIAN_POINT ( 'NONE',  ( 0.2249999999999999800, 0.2820000000000000300, 0.3775000000000000000 ) ) ;
#5126 = ORIENTED_EDGE ( 'NONE', *, *, #7534, .F. ) ;
#5127 = CARTESIAN_POINT ( 'NONE',  ( 0.2779752122484378500, 0.1880000125974468900, 0.2093247055746386400 ) ) ;
#5128 = ORIENTED_EDGE ( 'NONE', *, *, #615, .F. ) ;
#5129 = CARTESIAN_POINT ( 'NONE',  ( -0.1433432259405412700, 0.05000000000000000300, -0.2483015122974954700 ) ) ;
#5130 = AXIS2_PLACEMENT_3D ( 'NONE', #2186, #5764, #7460 ) ;
#5131 = EDGE_LOOP ( 'NONE', ( #7620, #1655, #3361, #5548, #5429, #1291 ) ) ;
#5132 = LINE ( 'NONE', #3385, #3553 ) ;
#5133 = DIRECTION ( 'NONE',  ( -0.0000000000000000000, -0.0000000000000000000, 1.000000000000000000 ) ) ;
#5134 = EDGE_CURVE ( 'NONE', #2918, #4021, #426, .T. ) ;
#5135 = ORIENTED_EDGE ( 'NONE', *, *, #1980, .F. ) ;
#5136 = EDGE_CURVE ( 'NONE', #1908, #1348, #5660, .T. ) ;
#5137 = CARTESIAN_POINT ( 'NONE',  ( -0.1453455887281019100, 0.2263427696005390100, -0.2511611827213247600 ) ) ;
#5138 = EDGE_LOOP ( 'NONE', ( #2470, #5753, #3169, #3185, #5336, #5978 ) ) ;
#5139 = ORIENTED_EDGE ( 'NONE', *, *, #1088, .F. ) ;
#5140 = DIRECTION ( 'NONE',  ( 4.268512490100406000E-016, 4.858719700838184100E-032, -1.000000000000000000 ) ) ;
#5141 = CARTESIAN_POINT ( 'NONE',  ( -0.2987956005199530200, 0.1809999999999999900, 0.2830564281319182300 ) ) ;
#5142 = CARTESIAN_POINT ( 'NONE',  ( -0.2449999999999999400, 0.05000000000000000300, 0.6049999999999998700 ) ) ;
#5143 = ORIENTED_EDGE ( 'NONE', *, *, #792, .F. ) ;
#5144 = ADVANCED_FACE ( 'NONE', ( #1159 ), #1050, .F. ) ;
#5145 = DIRECTION ( 'NONE',  ( 0.01744974916068269700, 0.9996954598818874600, -0.01744974916068273500 ) ) ;
#5146 = CARTESIAN_POINT ( 'NONE',  ( 0.0000000000000000000, 0.3320000000000000200, 0.0000000000000000000 ) ) ;
#5147 = VERTEX_POINT ( 'NONE', #4577 ) ;
#5148 = EDGE_CURVE ( 'NONE', #7172, #1373, #4348, .T. ) ;
#5149 = DIRECTION ( 'NONE',  ( 0.8191520442889913500, 0.0000000000000000000, -0.5735764363510464900 ) ) ;
#5150 = EDGE_LOOP ( 'NONE', ( #4455, #2215, #2319, #6009 ) ) ;
#5151 = ADVANCED_FACE ( 'NONE', ( #2788 ), #5470, .T. ) ;
#5152 = VECTOR ( 'NONE', #7503, 39.37007874015747400 ) ;
#5153 = ORIENTED_EDGE ( 'NONE', *, *, #370, .F. ) ;
#5154 = CARTESIAN_POINT ( 'NONE',  ( 0.2149999999999999100, 0.1050000000000000100, 0.3802779494575575500 ) ) ;
#5155 = FACE_OUTER_BOUND ( 'NONE', #2548, .T. ) ;
#5156 = CARTESIAN_POINT ( 'NONE',  ( -0.2637956005199529300, 0.1809999999999999900, 0.3957531754730548900 ) ) ;
#5157 = VECTOR ( 'NONE', #3208, 39.37007874015748900 ) ;
#5158 = ORIENTED_EDGE ( 'NONE', *, *, #3479, .F. ) ;
#5159 = EDGE_CURVE ( 'NONE', #2155, #1912, #3331, .T. ) ;
#5160 = DIRECTION ( 'NONE',  ( 0.01745240643728355000, -0.9998476951563912700, 0.0000000000000000000 ) ) ;
#5161 = DIRECTION ( 'NONE',  ( -0.0000000000000000000, -0.0000000000000000000, 1.000000000000000000 ) ) ;
#5162 = DIRECTION ( 'NONE',  ( -0.0000000000000000000, -1.000000000000000000, -0.0000000000000000000 ) ) ;
#5163 = ORIENTED_EDGE ( 'NONE', *, *, #1767, .F. ) ;
#5164 = VECTOR ( 'NONE', #5628, 39.37007874015748100 ) ;
#5165 = VECTOR ( 'NONE', #1740, 39.37007874015748900 ) ;
#5166 = VECTOR ( 'NONE', #6857, 39.37007874015748100 ) ;
#5167 = ORIENTED_EDGE ( 'NONE', *, *, #5873, .T. ) ;
#5168 = DIRECTION ( 'NONE',  ( 0.0000000000000000000, 0.0000000000000000000, 1.000000000000000000 ) ) ;
#5169 = AXIS2_PLACEMENT_3D ( 'NONE', #382, #2729, #1563 ) ;
#5170 = CARTESIAN_POINT ( 'NONE',  ( 0.1490000000000002200, 0.2270000000000000100, 0.6058840256167963300 ) ) ;
#5171 = EDGE_CURVE ( 'NONE', #6690, #4646, #6349, .T. ) ;
#5172 = ORIENTED_EDGE ( 'NONE', *, *, #4894, .F. ) ;
#5173 = EDGE_CURVE ( 'NONE', #7630, #6211, #785, .T. ) ;
#5174 = CIRCLE ( 'NONE', #4672, 0.3465089870143565100 ) ;
#5175 = ORIENTED_EDGE ( 'NONE', *, *, #65, .F. ) ;
#5176 = FACE_OUTER_BOUND ( 'NONE', #5086, .T. ) ;
#5177 = DIRECTION ( 'NONE',  ( 0.0000000000000000000, 0.0000000000000000000, 1.000000000000000000 ) ) ;
#5178 = LINE ( 'NONE', #4266, #2053 ) ;
#5179 = ORIENTED_EDGE ( 'NONE', *, *, #1006, .F. ) ;
#5180 = CARTESIAN_POINT ( 'NONE',  ( -0.2537454433088401400, 0.0000000000000000000, 0.02374323532516839000 ) ) ;
#5181 = ADVANCED_FACE ( 'NONE', ( #3151 ), #4620, .T. ) ;
#5182 = COLOUR_RGB ( '',0.9372549019607843100, 0.9372549019607843100, 0.9372549019607843100 ) ;
#5183 = AXIS2_PLACEMENT_3D ( 'NONE', #3061, #7177, #156 ) ;
#5184 = ORIENTED_EDGE ( 'NONE', *, *, #6218, .F. ) ;
#5185 = AXIS2_PLACEMENT_3D ( 'NONE', #1658, #457, #1676 ) ;
#5186 = DIRECTION ( 'NONE',  ( 0.0000000000000000000, 0.0000000000000000000, 1.000000000000000000 ) ) ;
#5187 = FACE_OUTER_BOUND ( 'NONE', #6618, .T. ) ;
#5188 = EDGE_LOOP ( 'NONE', ( #6436, #3165, #3027, #684, #6241 ) ) ;
#5189 = DIRECTION ( 'NONE',  ( -2.134256245050204700E-016, 0.0000000000000000000, -1.000000000000000000 ) ) ;
#5190 = LINE ( 'NONE', #1724, #3886 ) ;
#5191 = VERTEX_POINT ( 'NONE', #6355 ) ;
#5193 = CARTESIAN_POINT ( 'NONE',  ( 0.2749999999999999100, 0.05000000000000000300, 0.3957531754730548900 ) ) ;
#5192 = PRESENTATION_STYLE_ASSIGNMENT (( #720 ) ) ;
#5194 = PLANE ( 'NONE',  #3540 ) ;
#5195 = LINE ( 'NONE', #3957, #7322 ) ;
#5196 = CARTESIAN_POINT ( 'NONE',  ( 0.04999999999999996800, 0.3226878088055011900, -0.3578914907918608300 ) ) ;
#5197 = CARTESIAN_POINT ( 'NONE',  ( 0.2462900790175065200, 0.0000000000000000000, -0.3207043068293937700 ) ) ;
#5198 = LINE ( 'NONE', #1476, #1711 ) ;
#5199 = DIRECTION ( 'NONE',  ( 0.0000000000000000000, 0.0000000000000000000, 1.000000000000000000 ) ) ;
#5200 = CARTESIAN_POINT ( 'NONE',  ( 0.1773306820098122500, 0.07199999999999999500, 0.6298463253555017800 ) ) ;
#5201 = EDGE_LOOP ( 'NONE', ( #5256, #2133, #7326, #2114 ) ) ;
#5202 = CARTESIAN_POINT ( 'NONE',  ( 0.0000000000000000000, 0.2635366807060744400, 0.0000000000000000000 ) ) ;
#5203 = DIRECTION ( 'NONE',  ( 0.01745240643728355000, -0.9998476951563912700, -0.0000000000000000000 ) ) ;
#5204 = LINE ( 'NONE', #1207, #1172 ) ;
#5205 = ORIENTED_EDGE ( 'NONE', *, *, #1741, .T. ) ;
#5206 = CARTESIAN_POINT ( 'NONE',  ( -0.2637956005199529300, 0.1809999999999999900, 0.4257531754730548600 ) ) ;
#5207 = CARTESIAN_POINT ( 'NONE',  ( 0.0000000000000000000, 0.2820000000000000300, 0.0000000000000000000 ) ) ;
#5208 = EDGE_LOOP ( 'NONE', ( #1125, #2849, #2200, #20 ) ) ;
#5209 = DIRECTION ( 'NONE',  ( 0.0000000000000000000, 1.000000000000000000, 0.0000000000000000000 ) ) ;
#5210 = EDGE_LOOP ( 'NONE', ( #2174, #7610, #2339, #4401 ) ) ;
#5211 = AXIS2_PLACEMENT_3D ( 'NONE', #7501, #7152, #1891 ) ;
#5212 = B_SPLINE_CURVE_WITH_KNOTS ( 'NONE', 3,
 ( #307, #2649, #2833, #2777 ),
 .UNSPECIFIED., .F., .F.,
 ( 4, 4 ),
 ( 0.0000000000000000000, 0.006351097880516788800 ),
 .UNSPECIFIED. ) ;
#5213 = CARTESIAN_POINT ( 'NONE',  ( -0.3478985066683595900, 0.1809999999999999900, -0.02500000000000002200 ) ) ;
#5214 = CARTESIAN_POINT ( 'NONE',  ( 0.03499999999999993400, 0.2820000000000000300, 0.6098463253555017600 ) ) ;
#5215 = ORIENTED_EDGE ( 'NONE', *, *, #4985, .T. ) ;
#5216 = CARTESIAN_POINT ( 'NONE',  ( 0.04999999999999996100, 0.3195982360857846900, -0.3615907086703890000 ) ) ;
#5217 = ORIENTED_EDGE ( 'NONE', *, *, #6316, .T. ) ;
#5218 = ADVANCED_FACE ( 'NONE', ( #3883 ), #5241, .T. ) ;
#5219 = DIRECTION ( 'NONE',  ( 0.0000000000000000000, 1.000000000000000000, 0.0000000000000000000 ) ) ;
#5220 = EDGE_CURVE ( 'NONE', #918, #1458, #1247, .T. ) ;
#5221 = CARTESIAN_POINT ( 'NONE',  ( -0.2499999999999999700, 0.07199999999999999500, 0.5798463253555016200 ) ) ;
#5222 = DIRECTION ( 'NONE',  ( 0.01001028909004719100, -0.9998476951563911600, 0.01429617441086315300 ) ) ;
#5223 = ORIENTED_EDGE ( 'NONE', *, *, #6437, .F. ) ;
#5224 = CARTESIAN_POINT ( 'NONE',  ( 0.2287286865445905800, 0.05000000000000000300, -0.2602915020381992800 ) ) ;
#5225 = VERTEX_POINT ( 'NONE', #3433 ) ;
#5226 = CARTESIAN_POINT ( 'NONE',  ( 0.2537454433088401900, 0.07199999999999999500, -0.1465000000000003800 ) ) ;
#5227 = CARTESIAN_POINT ( 'NONE',  ( 0.2537454433088416300, 0.2500000000000000600, -0.1464999999999987700 ) ) ;
#5228 = ADVANCED_FACE ( 'NONE', ( #6223 ), #533, .F. ) ;
#5229 = ORIENTED_EDGE ( 'NONE', *, *, #4029, .T. ) ;
#5230 = DIRECTION ( 'NONE',  ( -0.5734890778816113000, 0.01745240643728355000, 0.8190272834649937600 ) ) ;
#5231 = EDGE_CURVE ( 'NONE', #7488, #4642, #3970, .T. ) ;
#5232 = EDGE_CURVE ( 'NONE', #5308, #4362, #2975, .T. ) ;
#5233 = VERTEX_POINT ( 'NONE', #2239 ) ;
#5234 = CARTESIAN_POINT ( 'NONE',  ( 0.1490000000000002200, -1.440848097924189600E-019, 0.0000000000000000000 ) ) ;
#5235 = ORIENTED_EDGE ( 'NONE', *, *, #1192, .T. ) ;
#5236 = CARTESIAN_POINT ( 'NONE',  ( -0.02866556363492566900, 0.2820000000000000300, -0.3451460955505735700 ) ) ;
#5237 = CARTESIAN_POINT ( 'NONE',  ( 0.2459484030647964000, 0.1215720748670230800, 0.6505093307771785400 ) ) ;
#5238 = ORIENTED_EDGE ( 'NONE', *, *, #1078, .F. ) ;
#5239 = ORIENTED_EDGE ( 'NONE', *, *, #6692, .F. ) ;
#5240 = DIRECTION ( 'NONE',  ( -1.000000000000000000, 9.212069779687800100E-034, 2.101421533587894900E-016 ) ) ;
#5241 = PLANE ( 'NONE',  #5712 ) ;
#5242 = EDGE_CURVE ( 'NONE', #7380, #5598, #6855, .T. ) ;
#5243 = CARTESIAN_POINT ( 'NONE',  ( -0.2212883309805481200, 0.2349925063694673100, -0.2674861347069419900 ) ) ;
#5244 = CIRCLE ( 'NONE', #2550, 0.3463344363650741600 ) ;
#5245 = VECTOR ( 'NONE', #4418, 39.37007874015748100 ) ;
#5246 = VECTOR ( 'NONE', #3448, 39.37007874015748100 ) ;
#5247 = DIRECTION ( 'NONE',  ( 0.0000000000000000000, 0.0000000000000000000, -1.000000000000000000 ) ) ;
#5248 = ORIENTED_EDGE ( 'NONE', *, *, #5312, .T. ) ;
#5249 = DIRECTION ( 'NONE',  ( -2.276539994720218900E-016, 0.0000000000000000000, 1.000000000000000000 ) ) ;
#5250 = LINE ( 'NONE', #4204, #7578 ) ;
#5251 = LINE ( 'NONE', #674, #119 ) ;
#5252 = MECHANICAL_DESIGN_GEOMETRIC_PRESENTATION_REPRESENTATION (  '', ( #4464 ), #5761 ) ;
#5253 = LINE ( 'NONE', #2824, #5819 ) ;
#5254 = DIRECTION ( 'NONE',  ( -4.268512490100406000E-016, -0.0000000000000000000, 1.000000000000000000 ) ) ;
#5255 = CARTESIAN_POINT ( 'NONE',  ( 0.0000000000000000000, 0.2720000000000000200, 0.2694999999999999600 ) ) ;
#5256 = ORIENTED_EDGE ( 'NONE', *, *, #1205, .T. ) ;
#5257 = CARTESIAN_POINT ( 'NONE',  ( 0.2749999999999999700, 0.2500000000000000600, 0.6049999999999998700 ) ) ;
#5258 = LINE ( 'NONE', #1721, #1507 ) ;
#5259 = EDGE_CURVE ( 'NONE', #3719, #4352, #597, .T. ) ;
#5260 = CARTESIAN_POINT ( 'NONE',  ( 0.2450000000000000500, 0.2500000000000000600, 0.5449999999999998200 ) ) ;
#5261 = ORIENTED_EDGE ( 'NONE', *, *, #1784, .F. ) ;
#5262 = ORIENTED_EDGE ( 'NONE', *, *, #1061, .F. ) ;
#5263 = EDGE_CURVE ( 'NONE', #122, #1723, #977, .T. ) ;
#5264 = ADVANCED_FACE ( 'NONE', ( #5745 ), #4721, .T. ) ;
#5265 = FACE_OUTER_BOUND ( 'NONE', #2471, .T. ) ;
#5266 = CARTESIAN_POINT ( 'NONE',  ( 0.1638220270477661600, 0.05000000000000001000, -0.2339621013887192300 ) ) ;
#5267 = EDGE_LOOP ( 'NONE', ( #4848, #7592, #5821, #3636 ) ) ;
#5268 = DIRECTION ( 'NONE',  ( -0.9961946980917455500, -0.08715574274765837400, 0.0000000000000000000 ) ) ;
#5269 = DIRECTION ( 'NONE',  ( -1.000000000000000000, 0.0000000000000000000, 5.122214988120493100E-015 ) ) ;
#5270 = ORIENTED_EDGE ( 'NONE', *, *, #7051, .T. ) ;
#5271 = TOROIDAL_SURFACE ( 'NONE', #6165, 0.3632806636703282400, 0.01499999999999999900 ) ;
#5272 = CARTESIAN_POINT ( 'NONE',  ( -0.01499999999999992800, 0.2263427696005390100, 0.6049999999999998700 ) ) ;
#5273 = DIRECTION ( 'NONE',  ( 1.000000000000000000, 1.138269997360109700E-016, -1.986857670976281800E-018 ) ) ;
#5274 = CARTESIAN_POINT ( 'NONE',  ( 0.3293637662320544300, 0.0000000000000000000, 0.5799999999999999600 ) ) ;
#5275 = AXIS2_PLACEMENT_3D ( 'NONE', #6932, #414, #3387 ) ;
#5276 = ORIENTED_EDGE ( 'NONE', *, *, #3290, .T. ) ;
#5277 = VECTOR ( 'NONE', #4400, 39.37007874015748100 ) ;
#5278 = ORIENTED_EDGE ( 'NONE', *, *, #7239, .T. ) ;
#5279 = CARTESIAN_POINT ( 'NONE',  ( -0.2537454433088401900, 0.2820000000000000300, -0.2154404374592978900 ) ) ;
#5280 = EDGE_CURVE ( 'NONE', #7018, #6977, #1431, .T. ) ;
#5281 = VECTOR ( 'NONE', #5868, 39.37007874015748100 ) ;
#5282 = DIRECTION ( 'NONE',  ( -6.134756773735657600E-016, -1.000000000000000000, -0.0000000000000000000 ) ) ;
#5283 = CARTESIAN_POINT ( 'NONE',  ( 0.1744862124541292400, 0.2820000000000000300, -0.2991690215843312900 ) ) ;
#5284 = ORIENTED_EDGE ( 'NONE', *, *, #6724, .T. ) ;
#5285 = VECTOR ( 'NONE', #1201, 39.37007874015748100 ) ;
#5286 = LINE ( 'NONE', #2566, #7411 ) ;
#5287 = ORIENTED_EDGE ( 'NONE', *, *, #4625, .F. ) ;
#5288 = CARTESIAN_POINT ( 'NONE',  ( 0.2626959314294751700, 0.1180000000000000100, 0.0000000000000000000 ) ) ;
#5289 = VECTOR ( 'NONE', #5313, 39.37007874015748900 ) ;
#5290 = DIRECTION ( 'NONE',  ( -0.0000000000000000000, -0.0000000000000000000, 1.000000000000000000 ) ) ;
#5291 = CARTESIAN_POINT ( 'NONE',  ( -0.1499999999999998600, 0.2270000000000000100, 0.6548463253555015800 ) ) ;
#5292 = DIRECTION ( 'NONE',  ( -0.0000000000000000000, -1.000000000000000000, -0.0000000000000000000 ) ) ;
#5293 = VERTEX_POINT ( 'NONE', #1785 ) ;
#5294 = CARTESIAN_POINT ( 'NONE',  ( 0.02500000000000000100, 0.1373333331055414100, -0.3471343367359273100 ) ) ;
#5295 = VECTOR ( 'NONE', #1859, 39.37007874015748100 ) ;
#5296 = DIRECTION ( 'NONE',  ( 0.01744974916068285600, 0.9996954598818874600, -0.01744974916068272100 ) ) ;
#5297 = EDGE_LOOP ( 'NONE', ( #4586, #6991, #4523, #6257 ) ) ;
#5298 = DIRECTION ( 'NONE',  ( 0.0000000000000000000, 1.000000000000000000, 0.0000000000000000000 ) ) ;
#5299 = EDGE_CURVE ( 'NONE', #5972, #6302, #1349, .T. ) ;
#5300 = ORIENTED_EDGE ( 'NONE', *, *, #6153, .F. ) ;
#5301 = DIMENSIONAL_EXPONENTS ( 1.000000000000000000, 0.0000000000000000000, 0.0000000000000000000, 0.0000000000000000000, 0.0000000000000000000, 0.0000000000000000000, 0.0000000000000000000 ) ;
#5302 = CARTESIAN_POINT ( 'NONE',  ( -0.2207177771236144000, 0.1809999999999999900, -0.2716314835611117800 ) ) ;
#5303 = VERTEX_POINT ( 'NONE', #5896 ) ;
#5304 = DIRECTION ( 'NONE',  ( -1.000000000000000000, 0.0000000000000000000, 0.0000000000000000000 ) ) ;
#5305 = CARTESIAN_POINT ( 'NONE',  ( 0.3704808878537301800, 0.2500000000000000600, -0.06048932631988333800 ) ) ;
#5306 = DIRECTION ( 'NONE',  ( 0.01001028909004715800, -0.9998476951563911600, 0.01429617441086317000 ) ) ;
#5307 = ADVANCED_FACE ( 'NONE', ( #7121 ), #1465, .T. ) ;
#5308 = VERTEX_POINT ( 'NONE', #3641 ) ;
#5309 = ORIENTED_EDGE ( 'NONE', *, *, #5874, .F. ) ;
#5310 = EDGE_CURVE ( 'NONE', #1840, #3492, #3066, .T. ) ;
#5311 = PRODUCT_CONTEXT ( 'NONE', #4785, 'mechanical' ) ;
#5312 = EDGE_CURVE ( 'NONE', #4656, #7449, #6485, .T. ) ;
#5313 = DIRECTION ( 'NONE',  ( -0.5735764363510480500, 0.0000000000000000000, 0.8191520442889904700 ) ) ;
#5314 = ORIENTED_EDGE ( 'NONE', *, *, #1702, .T. ) ;
#5315 = VECTOR ( 'NONE', #1307, 39.37007874015748100 ) ;
#5316 = CARTESIAN_POINT ( 'NONE',  ( -0.2537454433088418000, 0.2500000000000000600, 0.1464999999999987700 ) ) ;
#5317 = AXIS2_PLACEMENT_3D ( 'NONE', #4020, #5824, #649 ) ;
#5318 = VERTEX_POINT ( 'NONE', #89 ) ;
#5319 =( BOUNDED_SURFACE ( )  B_SPLINE_SURFACE ( 3, 2, ( 
 ( #3728, #1992, #6767 ),
 ( #5541, #2627, #1971 ),
 ( #5574, #3182, #5601 ),
 ( #2075, #7293, #4315 ) ),
 .UNSPECIFIED., .F., .F., .T. ) 
 B_SPLINE_SURFACE_WITH_KNOTS ( ( 4, 4 ),
 ( 3, 3 ),
 ( 0.007829228429534464100, 0.008518856000432404100 ),
 ( 0.0000000000000000000, 1.000000000000000000 ),
 .UNSPECIFIED. ) 
 GEOMETRIC_REPRESENTATION_ITEM ( )  RATIONAL_B_SPLINE_SURFACE ( (
 ( 1.000000000000000000, 0.7299583076118054700, 1.000000000000000000),
 ( 1.000000000000000000, 0.7295044559347364500, 1.000000000000000000),
 ( 1.000000000000000000, 0.7290774664024268800, 1.000000000000000000),
 ( 1.000000000000000000, 0.7286730695975217600, 1.000000000000000000) ) ) 
 REPRESENTATION_ITEM ( '' )  SURFACE ( )  );
#5320 = CARTESIAN_POINT ( 'NONE',  ( 0.3000000000000001600, 0.07199999999999999500, 0.2165640782770769400 ) ) ;
#5321 = AXIS2_PLACEMENT_3D ( 'NONE', #2334, #7070, #31 ) ;
#5322 = DIRECTION ( 'NONE',  ( 0.9961946980917455500, -0.08715574274765837400, 0.0000000000000000000 ) ) ;
#5323 = ORIENTED_EDGE ( 'NONE', *, *, #157, .F. ) ;
#5324 = CARTESIAN_POINT ( 'NONE',  ( 0.2712580669220848200, 0.08411513316068276700, 0.6550000000000000300 ) ) ;
#5325 = EDGE_CURVE ( 'NONE', #612, #2628, #4974, .T. ) ;
#5326 = ORIENTED_EDGE ( 'NONE', *, *, #6517, .T. ) ;
#5327 = EDGE_CURVE ( 'NONE', #5609, #2241, #1795, .T. ) ;
#5328 = CARTESIAN_POINT ( 'NONE',  ( -0.2891060010942233000, 0.07199999999999999500, 0.1465000000000003000 ) ) ;
#5329 = VERTEX_POINT ( 'NONE', #6604 ) ;
#5330 = CARTESIAN_POINT ( 'NONE',  ( -0.2204611221601867100, 0.0000000000000000000, -0.2734560446318590200 ) ) ;
#5331 = VERTEX_POINT ( 'NONE', #5957 ) ;
#5332 = CARTESIAN_POINT ( 'NONE',  ( -0.3451460955505734600, 0.2820000000000000300, -0.02866556363492562800 ) ) ;
#5333 = ORIENTED_EDGE ( 'NONE', *, *, #2073, .F. ) ;
#5334 = DIRECTION ( 'NONE',  ( -1.000000000000000000, 0.0000000000000000000, 0.0000000000000000000 ) ) ;
#5335 = B_SPLINE_CURVE_WITH_KNOTS ( 'NONE', 3,
 ( #3070, #241, #7193, #3658, #3093, #775, #4871 ),
 .UNSPECIFIED., .F., .F.,
 ( 4, 3, 4 ),
 ( 0.0000000000000000000, 0.006058061633287694900, 0.007164170673462107300 ),
 .UNSPECIFIED. ) ;
#5336 = ORIENTED_EDGE ( 'NONE', *, *, #4353, .T. ) ;
#5337 = DIRECTION ( 'NONE',  ( 0.0000000000000000000, 1.000000000000000000, 0.0000000000000000000 ) ) ;
#5338 = DIRECTION ( 'NONE',  ( 1.000000000000000000, 0.0000000000000000000, 0.0000000000000000000 ) ) ;
#5339 = DIRECTION ( 'NONE',  ( 0.1736481776669307200, 0.9848077530122080200, -0.0000000000000000000 ) ) ;
#5340 = VECTOR ( 'NONE', #1591, 39.37007874015748100 ) ;
#5341 = AXIS2_PLACEMENT_3D ( 'NONE', #5466, #1937, #6061 ) ;
#5342 = ORIENTED_EDGE ( 'NONE', *, *, #3186, .T. ) ;
#5343 = ADVANCED_FACE ( 'NONE', ( #2605 ), #3004, .F. ) ;
#5344 = LINE ( 'NONE', #7329, #5995 ) ;
#5345 = DIRECTION ( 'NONE',  ( -0.0000000000000000000, 1.000000000000000000, -0.0000000000000000000 ) ) ;
#5346 = LINE ( 'NONE', #4375, #2298 ) ;
#5347 = DIRECTION ( 'NONE',  ( 0.01745240643728355000, -0.9998476951563912700, -0.0000000000000000000 ) ) ;
#5348 = ORIENTED_EDGE ( 'NONE', *, *, #807, .F. ) ;
#5349 = CYLINDRICAL_SURFACE ( 'NONE', #98, 0.04999999999999999600 ) ;
#5350 = EDGE_CURVE ( 'NONE', #4465, #5567, #5846, .T. ) ;
#5351 = CARTESIAN_POINT ( 'NONE',  ( 0.2999999999999999900, 0.2500000000000000600, 0.2296200740295565900 ) ) ;
#5352 = VERTEX_POINT ( 'NONE', #2408 ) ;
#5353 = LINE ( 'NONE', #7223, #3049 ) ;
#5354 = CIRCLE ( 'NONE', #6538, 0.3465089870143565100 ) ;
#5355 = VECTOR ( 'NONE', #2851, 39.37007874015748100 ) ;
#5356 = ORIENTED_EDGE ( 'NONE', *, *, #5327, .F. ) ;
#5357 = CARTESIAN_POINT ( 'NONE',  ( -0.3478985066683595900, 0.1809999999999999900, 0.02499999999999996300 ) ) ;
#5358 = VERTEX_POINT ( 'NONE', #676 ) ;
#5359 = CARTESIAN_POINT ( 'NONE',  ( 0.1880766321276604900, 0.1809999999999999900, -0.2686012672878868000 ) ) ;
#5360 = LINE ( 'NONE', #4466, #2227 ) ;
#5361 =( LENGTH_UNIT ( ) NAMED_UNIT ( * ) SI_UNIT ( $, .METRE. ) );
#5362 = VERTEX_POINT ( 'NONE', #6723 ) ;
#5363 = CIRCLE ( 'NONE', #4113, 0.3487956005199530600 ) ;
#5364 = CARTESIAN_POINT ( 'NONE',  ( 0.0000000000000000000, 0.05000000000000001000, 0.0000000000000000000 ) ) ;
#5365 = VECTOR ( 'NONE', #4290, 39.37007874015748100 ) ;
#5366 = CARTESIAN_POINT ( 'NONE',  ( -0.02500000000000001200, 0.1809999999999999900, -0.3478985066683595900 ) ) ;
#5367 = VERTEX_POINT ( 'NONE', #5477 ) ;
#5368 = DIRECTION ( 'NONE',  ( 0.0000000000000000000, 0.0000000000000000000, 1.000000000000000000 ) ) ;
#5369 = CYLINDRICAL_SURFACE ( 'NONE', #1793, 0.3700000000000000000 ) ;
#5370 = EDGE_CURVE ( 'NONE', #1639, #6580, #7497, .T. ) ;
#5371 = EDGE_LOOP ( 'NONE', ( #4182, #6963, #6215, #4863 ) ) ;
#5372 = LINE ( 'NONE', #6945, #5003 ) ;
#5373 = CARTESIAN_POINT ( 'NONE',  ( -0.04999999999999985000, 0.3520000000000000400, -0.2118626966596885700 ) ) ;
#5374 = FACE_OUTER_BOUND ( 'NONE', #2603, .T. ) ;
#5375 = ORIENTED_EDGE ( 'NONE', *, *, #604, .F. ) ;
#5376 = CARTESIAN_POINT ( 'NONE',  ( 0.2868019325236988400, 0.1180000000000000100, 0.02500000000000007800 ) ) ;
#5377 = DIRECTION ( 'NONE',  ( -1.000000000000000000, -0.0000000000000000000, -0.0000000000000000000 ) ) ;
#5378 = CIRCLE ( 'NONE', #3388, 0.05199999999999997000 ) ;
#5379 = CARTESIAN_POINT ( 'NONE',  ( 0.2987956005199530200, 0.1809999999999999900, 0.5799999999999999600 ) ) ;
#5380 = AXIS2_PLACEMENT_3D ( 'NONE', #1750, #7637, #6482 ) ;
#5381 = VECTOR ( 'NONE', #4136, 39.37007874015748100 ) ;
#5382 = ORIENTED_EDGE ( 'NONE', *, *, #6358, .T. ) ;
#5383 = AXIS2_PLACEMENT_3D ( 'NONE', #6447, #3422, #2913 ) ;
#5385 = CARTESIAN_POINT ( 'NONE',  ( -0.01499999999999992800, 0.1180000000000000100, 0.6049999999999998700 ) ) ;
#5384 = VECTOR ( 'NONE', #7517, 39.37007874015748100 ) ;
#5386 = CARTESIAN_POINT ( 'NONE',  ( 0.3788322121522763600, 0.2635366807060744400, -0.05797526347565722800 ) ) ;
#5387 = CARTESIAN_POINT ( 'NONE',  ( -0.3788322121522763600, 0.2635366807060744400, 0.05797526347565703400 ) ) ;
#5388 = ADVANCED_FACE ( 'NONE', ( #1613 ), #4170, .T. ) ;
#5389 = FACE_OUTER_BOUND ( 'NONE', #5297, .T. ) ;
#5390 = EDGE_CURVE ( 'NONE', #7266, #2726, #4070, .T. ) ;
#5391 = ORIENTED_EDGE ( 'NONE', *, *, #3339, .F. ) ;
#5392 = EDGE_CURVE ( 'NONE', #7412, #5147, #7216, .T. ) ;
#5393 = CARTESIAN_POINT ( 'NONE',  ( 0.2150000000000001100, 0.2263427696005390100, 0.5449999999999998200 ) ) ;
#5394 = DIRECTION ( 'NONE',  ( -1.000000000000000000, 0.0000000000000000000, 0.0000000000000000000 ) ) ;
#5395 = DIRECTION ( 'NONE',  ( 0.0000000000000000000, -0.0000000000000000000, 1.000000000000000000 ) ) ;
#5396 = CARTESIAN_POINT ( 'NONE',  ( 0.2999999999999999900, 0.2500000000000000600, 0.2250000000000000300 ) ) ;
#5397 = CIRCLE ( 'NONE', #4221, 0.08999999999999999700 ) ;
#5398 = CARTESIAN_POINT ( 'NONE',  ( 0.2150000000000001100, 0.1180000000000000100, 0.5449999999999998200 ) ) ;
#5399 = VERTEX_POINT ( 'NONE', #1396 ) ;
#5400 = PLANE ( 'NONE',  #6174 ) ;
#5401 = DIRECTION ( 'NONE',  ( -0.0000000000000000000, -1.000000000000000000, -0.0000000000000000000 ) ) ;
#5402 = ORIENTED_EDGE ( 'NONE', *, *, #7537, .F. ) ;
#5403 = DIRECTION ( 'NONE',  ( 0.0000000000000000000, -1.000000000000000000, 0.0000000000000000000 ) ) ;
#5404 = EDGE_CURVE ( 'NONE', #320, #3264, #3803, .T. ) ;
#5405 = DIRECTION ( 'NONE',  ( 2.205398119885211100E-015, 0.0000000000000000000, -1.000000000000000000 ) ) ;
#5406 = VERTEX_POINT ( 'NONE', #6049 ) ;
#5407 = DIRECTION ( 'NONE',  ( 0.0000000000000000000, -1.000000000000000000, 0.0000000000000000000 ) ) ;
#5408 = CARTESIAN_POINT ( 'NONE',  ( 0.04999999999999993300, 0.2823128530997490200, -0.3785558396944801500 ) ) ;
#5409 = ORIENTED_EDGE ( 'NONE', *, *, #4031, .T. ) ;
#5410 = DIRECTION ( 'NONE',  ( 4.065249990571820300E-017, -1.000000000000000000, 0.0000000000000000000 ) ) ;
#5411 = CARTESIAN_POINT ( 'NONE',  ( -0.2759539474942861400, 0.0000000000000000000, 0.6550000000000000300 ) ) ;
#5412 = ORIENTED_EDGE ( 'NONE', *, *, #1145, .T. ) ;
#5413 = CARTESIAN_POINT ( 'NONE',  ( 0.3905302676976424300, 0.1358484781434022000, -0.05525214984795096000 ) ) ;
#5414 = CARTESIAN_POINT ( 'NONE',  ( -0.3773980728279396900, 0.2734116321766933400, 0.05831404680164371100 ) ) ;
#5415 = ORIENTED_EDGE ( 'NONE', *, *, #32, .T. ) ;
#5416 = CARTESIAN_POINT ( 'NONE',  ( 0.02500000000000000100, 0.1809999999999999900, -0.3478985066683595900 ) ) ;
#5417 = EDGE_CURVE ( 'NONE', #7001, #906, #3983, .T. ) ;
#5418 = ORIENTED_EDGE ( 'NONE', *, *, #4906, .T. ) ;
#5419 = DIRECTION ( 'NONE',  ( -0.0000000000000000000, -1.000000000000000000, -0.0000000000000000000 ) ) ;
#5420 = CARTESIAN_POINT ( 'NONE',  ( 0.1470959206842012400, 0.0000000000000000000, -0.2514698134703819400 ) ) ;
#5421 = EDGE_CURVE ( 'NONE', #5303, #6548, #6941, .T. ) ;
#5422 = DIRECTION ( 'NONE',  ( -0.0000000000000000000, 1.000000000000000000, -0.0000000000000000000 ) ) ;
#5423 = ORIENTED_EDGE ( 'NONE', *, *, #5074, .F. ) ;
#5424 = ADVANCED_FACE ( 'NONE', ( #2247 ), #2813, .T. ) ;
#5425 = AXIS2_PLACEMENT_3D ( 'NONE', #7031, #5882, #1264 ) ;
#5426 = CARTESIAN_POINT ( 'NONE',  ( -0.2999999999999999900, 0.07199999999999999500, 0.6298463253555016700 ) ) ;
#5427 = EDGE_LOOP ( 'NONE', ( #3277, #3697, #4613, #1051 ) ) ;
#5428 = PLANE ( 'NONE',  #1306 ) ;
#5429 = ORIENTED_EDGE ( 'NONE', *, *, #3339, .T. ) ;
#5430 = EDGE_CURVE ( 'NONE', #396, #1997, #6210, .T. ) ;
#5431 = CARTESIAN_POINT ( 'NONE',  ( -1.704198014989536000E-018, 0.04391583284401729500, -0.2541060010942235400 ) ) ;
#5432 = ORIENTED_EDGE ( 'NONE', *, *, #2759, .T. ) ;
#5433 = CARTESIAN_POINT ( 'NONE',  ( 2.755455298081544200E-017, 0.1180000000000000100, 0.2249999999999999800 ) ) ;
#5434 = ORIENTED_EDGE ( 'NONE', *, *, #4369, .T. ) ;
#5435 = CARTESIAN_POINT ( 'NONE',  ( -0.03511132474074941300, 0.07837779012608987700, -0.2189946763534741400 ) ) ;
#5436 = CIRCLE ( 'NONE', #6365, 0.03500000000000000300 ) ;
#5437 = LINE ( 'NONE', #6268, #298 ) ;
#5438 = SHAPE_REPRESENTATION_RELATIONSHIP ( 'NONE' , 'NONE' ,  #919, #4544 ) ;
#5439 = CARTESIAN_POINT ( 'NONE',  ( -0.2891060010942235700, 0.05000000000000000300, -0.02500000000000002200 ) ) ;
#5440 = CARTESIAN_POINT ( 'NONE',  ( -0.1999999999999999600, 0.1050000000000000100, 0.3802779494575575500 ) ) ;
#5441 = ORIENTED_EDGE ( 'NONE', *, *, #5672, .T. ) ;
#5442 = DIRECTION ( 'NONE',  ( 0.0000000000000000000, 0.0000000000000000000, 1.000000000000000000 ) ) ;
#5443 = AXIS2_PLACEMENT_3D ( 'NONE', #4719, #6514, #6433 ) ;
#5444 = FACE_OUTER_BOUND ( 'NONE', #7069, .T. ) ;
#5445 = VECTOR ( 'NONE', #809, 39.37007874015748100 ) ;
#5446 = CARTESIAN_POINT ( 'NONE',  ( 0.1400000000000001500, 0.2999999999999999300, 0.6049999999999998700 ) ) ;
#5447 = ORIENTED_EDGE ( 'NONE', *, *, #2306, .F. ) ;
#5448 = CARTESIAN_POINT ( 'NONE',  ( 0.2302971238765523000, 0.0000000000000000000, -0.2895914963084861300 ) ) ;
#5449 = LINE ( 'NONE', #4089, #1042 ) ;
#5450 = DIRECTION ( 'NONE',  ( -8.535724749946333100E-016, -0.01745240643728355000, -0.9998476951563912700 ) ) ;
#5451 = EDGE_LOOP ( 'NONE', ( #3146 ) ) ;
#5452 = CARTESIAN_POINT ( 'NONE',  ( -0.03000000000000001300, 0.03000000000000002700, -0.1941060010942235500 ) ) ;
#5453 = LINE ( 'NONE', #7384, #4244 ) ;
#5454 = LINE ( 'NONE', #5180, #5932 ) ;
#5455 = EDGE_LOOP ( 'NONE', ( #5309, #5462, #3302, #2458 ) ) ;
#5456 = CARTESIAN_POINT ( 'NONE',  ( 0.03866556363492569500, 0.2820000000000000300, -0.2154404374592978900 ) ) ;
#5457 = DIRECTION ( 'NONE',  ( -1.138269997360109700E-016, 1.000000000000000000, 0.0000000000000000000 ) ) ;
#5458 = ORIENTED_EDGE ( 'NONE', *, *, #3091, .T. ) ;
#5459 = ADVANCED_FACE ( 'NONE', ( #1890 ), #7200, .T. ) ;
#5460 = FACE_OUTER_BOUND ( 'NONE', #6488, .T. ) ;
#5461 = VECTOR ( 'NONE', #4480, 39.37007874015748100 ) ;
#5462 = ORIENTED_EDGE ( 'NONE', *, *, #4287, .F. ) ;
#5463 = DIRECTION ( 'NONE',  ( 0.0000000000000000000, 0.0000000000000000000, -1.000000000000000000 ) ) ;
#5464 = AXIS2_PLACEMENT_3D ( 'NONE', #383, #5070, #3206 ) ;
#5465 = VECTOR ( 'NONE', #7046, 39.37007874015748100 ) ;
#5466 = CARTESIAN_POINT ( 'NONE',  ( 0.0000000000000000000, 0.0000000000000000000, 0.0000000000000000000 ) ) ;
#5467 = CARTESIAN_POINT ( 'NONE',  ( 0.1609829107043074800, 0.1810000000000000800, 0.6300000000000000000 ) ) ;
#5468 = VERTEX_POINT ( 'NONE', #2637 ) ;
#5469 = CARTESIAN_POINT ( 'NONE',  ( 0.01500000000000006400, 0.1180000000000000100, 0.5426959314294751400 ) ) ;
#5470 = CONICAL_SURFACE ( 'NONE', #58, 0.4000000000000000200, 0.01745329251994333400 ) ;
#5471 = CIRCLE ( 'NONE', #1156, 0.3487956005199530600 ) ;
#5472 = EDGE_CURVE ( 'NONE', #2087, #2771, #519, .T. ) ;
#5473 = EDGE_CURVE ( 'NONE', #1528, #1422, #6593, .T. ) ;
#5474 = PLANE ( 'NONE',  #4778 ) ;
#5475 = ORIENTED_EDGE ( 'NONE', *, *, #1170, .T. ) ;
#5476 = CARTESIAN_POINT ( 'NONE',  ( -0.1962991837738664300, 0.0000000000000000000, 0.5748887444545366400 ) ) ;
#5477 = CARTESIAN_POINT ( 'NONE',  ( 0.3692056067092729900, 0.1809999999999999900, -0.06079045912828694200 ) ) ;
#5478 = AXIS2_PLACEMENT_3D ( 'NONE', #2535, #4914, #5510 ) ;
#5479 = VECTOR ( 'NONE', #7081, 39.37007874015748100 ) ;
#5480 = ORIENTED_EDGE ( 'NONE', *, *, #2307, .T. ) ;
#5481 = DIRECTION ( 'NONE',  ( 0.0000000000000000000, -0.0000000000000000000, 1.000000000000000000 ) ) ;
#5482 = DIRECTION ( 'NONE',  ( 1.000000000000000000, -0.0000000000000000000, -4.268512490100413900E-016 ) ) ;
#5483 = ORIENTED_EDGE ( 'NONE', *, *, #4016, .T. ) ;
#5484 = DIRECTION ( 'NONE',  ( -0.0000000000000000000, -0.0000000000000000000, 1.000000000000000000 ) ) ;
#5485 =( BOUNDED_CURVE ( )  B_SPLINE_CURVE ( 3, ( #1648, #3877, #2735, #419 ),
 .UNSPECIFIED., .F., .F. ) 
 B_SPLINE_CURVE_WITH_KNOTS ( ( 4, 4 ),
 ( 0.0000000000000000000, 1.570796326794897700 ),
 .UNSPECIFIED. ) 
 CURVE ( )  GEOMETRIC_REPRESENTATION_ITEM ( )  RATIONAL_B_SPLINE_CURVE ( ( 1.000000000000000000, 0.8047378541243646000, 0.8047378541243646000, 1.000000000000000000 ) ) 
 REPRESENTATION_ITEM ( '' )  );
#5486 = EDGE_CURVE ( 'NONE', #1603, #7143, #88, .T. ) ;
#5487 = EDGE_LOOP ( 'NONE', ( #5287, #4195, #3611, #2572, #6970, #513 ) ) ;
#5488 = DIRECTION ( 'NONE',  ( 0.0000000000000000000, 0.0000000000000000000, -1.000000000000000000 ) ) ;
#5489 = CARTESIAN_POINT ( 'NONE',  ( 0.1490000000000002200, 0.2270000000000000100, 0.6548463253555015800 ) ) ;
#5490 = CARTESIAN_POINT ( 'NONE',  ( 0.3293637662320543800, 0.0000000000000000000, 0.6550000000000000300 ) ) ;
#5491 = PLANE ( 'NONE',  #2429 ) ;
#5492 = ORIENTED_EDGE ( 'NONE', *, *, #5280, .F. ) ;
#5493 = CARTESIAN_POINT ( 'NONE',  ( -0.3194135565534354000, 0.1358533407806506400, 0.2972723119581615600 ) ) ;
#5494 = VERTEX_POINT ( 'NONE', #5014 ) ;
#5495 = ADVANCED_FACE ( 'NONE', ( #2058 ), #2427, .T. ) ;
#5496 = EDGE_LOOP ( 'NONE', ( #1117, #3829, #3576, #7608, #96, #5492 ) ) ;
#5497 = EDGE_CURVE ( 'NONE', #6474, #4202, #4619, .T. ) ;
#5498 = FACE_OUTER_BOUND ( 'NONE', #116, .T. ) ;
#5499 = ORIENTED_EDGE ( 'NONE', *, *, #4839, .F. ) ;
#5500 = CARTESIAN_POINT ( 'NONE',  ( -0.04999999999999985700, 0.3195982360857846900, -0.3615907086703890600 ) ) ;
#5501 = DIRECTION ( 'NONE',  ( 0.0000000000000000000, 0.0000000000000000000, 1.000000000000000000 ) ) ;
#5502 = EDGE_LOOP ( 'NONE', ( #1607, #5418, #3999, #1027 ) ) ;
#5503 = CARTESIAN_POINT ( 'NONE',  ( -0.2512291556106760500, 0.2494889603042223800, 0.6550000000000000300 ) ) ;
#5504 = CARTESIAN_POINT ( 'NONE',  ( 0.2450000000000000200, 0.2263427696005390100, 0.6049999999999998700 ) ) ;
#5505 = DIRECTION ( 'NONE',  ( -1.862395371496339300E-018, 0.9998476951563912700, -0.01745240643728355000 ) ) ;
#5506 = AXIS2_PLACEMENT_3D ( 'NONE', #1121, #3481, #7623 ) ;
#5507 = PRODUCT_DEFINITION_FORMATION_WITH_SPECIFIED_SOURCE ( 'ANY', '', #713, .NOT_KNOWN. ) ;
#5508 = CARTESIAN_POINT ( 'NONE',  ( -0.2471190751861299100, 0.3320000000000000200, 0.2400349524265050800 ) ) ;
#5509 = EDGE_LOOP ( 'NONE', ( #212, #2524, #5052, #867 ) ) ;
#5510 = DIRECTION ( 'NONE',  ( 7.105427357601001900E-015, 0.0000000000000000000, 1.000000000000000000 ) ) ;
#5511 = EDGE_LOOP ( 'NONE', ( #5735 ) ) ;
#5512 = DIRECTION ( 'NONE',  ( -3.201384367575304200E-016, -0.0000000000000000000, 1.000000000000000000 ) ) ;
#5513 = EDGE_CURVE ( 'NONE', #675, #7028, #6768, .T. ) ;
#5514 = DIRECTION ( 'NONE',  ( -1.000000000000000000, 0.0000000000000000000, 1.338236348247696500E-015 ) ) ;
#5515 = ORIENTED_EDGE ( 'NONE', *, *, #4106, .F. ) ;
#5516 = ORIENTED_EDGE ( 'NONE', *, *, #1580, .F. ) ;
#5517 = CARTESIAN_POINT ( 'NONE',  ( 0.0000000000000000000, 0.2999999999999999900, 0.0000000000000000000 ) ) ;
#5518 = AXIS2_PLACEMENT_3D ( 'NONE', #6313, #2232, #1019 ) ;
#5519 = CARTESIAN_POINT ( 'NONE',  ( 0.2737956005199528900, 0.1809999999999999900, 0.2160887319551693100 ) ) ;
#5520 = VECTOR ( 'NONE', #2124, 39.37007874015748100 ) ;
#5521 = FACE_OUTER_BOUND ( 'NONE', #3692, .T. ) ;
#5522 = EDGE_CURVE ( 'NONE', #5114, #5626, #3612, .T. ) ;
#5523 = ORIENTED_EDGE ( 'NONE', *, *, #4585, .F. ) ;
#5524 = VECTOR ( 'NONE', #1866, 39.37007874015748900 ) ;
#5525 = EDGE_CURVE ( 'NONE', #4424, #6640, #1261, .T. ) ;
#5526 = CARTESIAN_POINT ( 'NONE',  ( -0.02500000000000001200, 0.1180000000000000100, -0.3268019325236988200 ) ) ;
#5527 = CARTESIAN_POINT ( 'NONE',  ( -0.2868019325236988400, 0.1180000000000000100, -0.02500000000000002200 ) ) ;
#5528 = DIRECTION ( 'NONE',  ( 0.8191520442889903600, 0.0000000000000000000, -0.5735764363510481600 ) ) ;
#5529 = DIRECTION ( 'NONE',  ( 0.0000000000000000000, 1.000000000000000000, 0.0000000000000000000 ) ) ;
#5530 = CIRCLE ( 'NONE', #2419, 0.4000000000000000200 ) ;
#5531 = CIRCLE ( 'NONE', #2521, 0.3463344363650741600 ) ;
#5532 = CARTESIAN_POINT ( 'NONE',  ( -0.03500000000000008000, 0.2520000000000000000, 0.6098463253555017600 ) ) ;
#5533 = ADVANCED_FACE ( 'NONE', ( #326 ), #4980, .T. ) ;
#5534 = FACE_BOUND ( 'NONE', #3880, .T. ) ;
#5535 = ORIENTED_EDGE ( 'NONE', *, *, #54, .T. ) ;
#5536 = EDGE_LOOP ( 'NONE', ( #3546, #5163, #6158, #7124 ) ) ;
#5537 = CARTESIAN_POINT ( 'NONE',  ( -0.2715089870143564400, 0.05000000000000000300, 0.4257531754730548600 ) ) ;
#5538 = CARTESIAN_POINT ( 'NONE',  ( 0.0000000000000000000, 0.1180000000000000100, 0.5426959314294751400 ) ) ;
#5539 = ORIENTED_EDGE ( 'NONE', *, *, #226, .F. ) ;
#5540 = CIRCLE ( 'NONE', #3741, 0.1700000000000000400 ) ;
#5541 = CARTESIAN_POINT ( 'NONE',  ( 0.04999999999999998200, 0.3312004418605514200, -0.3476972644820136000 ) ) ;
#5542 = ORIENTED_EDGE ( 'NONE', *, *, #934, .T. ) ;
#5543 = CARTESIAN_POINT ( 'NONE',  ( -0.2856149881085800500, 0.05000000000000000300, -0.02500000000000002200 ) ) ;
#5544 = EDGE_CURVE ( 'NONE', #187, #2684, #512, .T. ) ;
#5545 = ORIENTED_EDGE ( 'NONE', *, *, #2405, .F. ) ;
#5546 = VECTOR ( 'NONE', #2846, 39.37007874015748100 ) ;
#5547 = B_SPLINE_CURVE_WITH_KNOTS ( 'NONE', 3,
 ( #3368, #2151, #2818, #6277 ),
 .UNSPECIFIED., .F., .F.,
 ( 4, 4 ),
 ( 0.05330275270135541300, 0.06046791209950438300 ),
 .UNSPECIFIED. ) ;
#5548 = ORIENTED_EDGE ( 'NONE', *, *, #7102, .T. ) ;
#5549 = CIRCLE ( 'NONE', #2271, 0.01499999999999997700 ) ;
#5550 = CARTESIAN_POINT ( 'NONE',  ( 0.0000000000000000000, 0.07199999999999999500, 0.0000000000000000000 ) ) ;
#5551 = ORIENTED_EDGE ( 'NONE', *, *, #4227, .F. ) ;
#5552 = CARTESIAN_POINT ( 'NONE',  ( 0.2537454433088416300, 0.1809999999999999900, -0.1464999999999987700 ) ) ;
#5553 = LINE ( 'NONE', #3400, #3967 ) ;
#5554 = CARTESIAN_POINT ( 'NONE',  ( 0.3653147425631321800, 0.3004918261192811000, -0.06123587265041571100 ) ) ;
#5555 = CIRCLE ( 'NONE', #2694, 0.01500000000000001000 ) ;
#5556 = VERTEX_POINT ( 'NONE', #966 ) ;
#5557 = B_SPLINE_CURVE_WITH_KNOTS ( 'NONE', 3,
 ( #1902, #6592, #721, #7163 ),
 .UNSPECIFIED., .F., .F.,
 ( 4, 4 ),
 ( 0.0000000000000000000, 0.003327968134469974800 ),
 .UNSPECIFIED. ) ;
#5558 = LINE ( 'NONE', #2773, #4162 ) ;
#5559 = DIRECTION ( 'NONE',  ( -0.0000000000000000000, -1.000000000000000000, -0.0000000000000000000 ) ) ;
#5560 = ORIENTED_EDGE ( 'NONE', *, *, #7299, .F. ) ;
#5561 = B_SPLINE_CURVE_WITH_KNOTS ( 'NONE', 3,
 ( #7356, #6796, #3833, #346 ),
 .UNSPECIFIED., .F., .F.,
 ( 4, 4 ),
 ( 0.0000000000000000000, 0.003328034669024139600 ),
 .UNSPECIFIED. ) ;
#5562 = CARTESIAN_POINT ( 'NONE',  ( 0.3454925555846545300, 0.02902621375651452000, -0.06050247866766517200 ) ) ;
#5563 = DIRECTION ( 'NONE',  ( 0.0000000000000000000, -0.01745240643728355000, -0.9998476951563912700 ) ) ;
#5564 = EDGE_CURVE ( 'NONE', #3113, #408, #5013, .T. ) ;
#5565 = FACE_OUTER_BOUND ( 'NONE', #6837, .T. ) ;
#5566 = EDGE_CURVE ( 'NONE', #2455, #894, #3429, .T. ) ;
#5567 = VERTEX_POINT ( 'NONE', #2718 ) ;
#5568 = DIRECTION ( 'NONE',  ( 0.0000000000000000000, 0.0000000000000000000, 1.000000000000000000 ) ) ;
#5569 = VECTOR ( 'NONE', #528, 39.37007874015748100 ) ;
#5570 = AXIS2_PLACEMENT_3D ( 'NONE', #2194, #1663, #5149 ) ;
#5571 = DIRECTION ( 'NONE',  ( 0.0000000000000000000, -1.000000000000000000, 0.0000000000000000000 ) ) ;
#5572 = DIRECTION ( 'NONE',  ( 0.8191520442889933500, -0.0000000000000000000, -0.5735764363510438300 ) ) ;
#5573 = FACE_BOUND ( 'NONE', #5865, .T. ) ;
#5574 = CARTESIAN_POINT ( 'NONE',  ( 0.04999999999999996100, 0.3253997933567484600, -0.3546443680836481900 ) ) ;
#5575 = ORIENTED_EDGE ( 'NONE', *, *, #1496, .F. ) ;
#5576 = AXIS2_PLACEMENT_3D ( 'NONE', #6440, #1744, #1126 ) ;
#5577 = ORIENTED_EDGE ( 'NONE', *, *, #2644, .T. ) ;
#5578 = B_SPLINE_CURVE_WITH_KNOTS ( 'NONE', 3,
 ( #5216, #5196, #480, #3401, #7566, #3326, #4590 ),
 .UNSPECIFIED., .F., .F.,
 ( 4, 3, 4 ),
 ( 0.0000000000000000000, 0.0003672624396936146200, 0.0006896404269330449500 ),
 .UNSPECIFIED. ) ;
#5579 = EDGE_CURVE ( 'NONE', #957, #6382, #6581, .T. ) ;
#5580 = EDGE_CURVE ( 'NONE', #6438, #5609, #6394, .T. ) ;
#5581 = ADVANCED_FACE ( 'NONE', ( #1878 ), #4508, .T. ) ;
#5582 = CARTESIAN_POINT ( 'NONE',  ( 0.03499999999999993400, 0.2520000000000000000, 0.6098463253555017600 ) ) ;
#5583 = FACE_OUTER_BOUND ( 'NONE', #6541, .T. ) ;
#5584 = CARTESIAN_POINT ( 'NONE',  ( 0.3504533827859615500, 0.0000000000000000000, 0.02374323532516824800 ) ) ;
#5585 = DIRECTION ( 'NONE',  ( -0.0000000000000000000, -0.0000000000000000000, -1.000000000000000000 ) ) ;
#5586 = ORIENTED_EDGE ( 'NONE', *, *, #5785, .F. ) ;
#5587 = DIRECTION ( 'NONE',  ( -0.0000000000000000000, -0.6410278204294488400, -0.7675176437291003600 ) ) ;
#5588 = AXIS2_PLACEMENT_3D ( 'NONE', #4959, #5529, #6075 ) ;
#5589 = ORIENTED_EDGE ( 'NONE', *, *, #171, .T. ) ;
#5590 = CARTESIAN_POINT ( 'NONE',  ( 0.3452211340209723200, 0.04353931639230529400, -0.06058352560634200400 ) ) ;
#5591 = EDGE_LOOP ( 'NONE', ( #3542 ) ) ;
#5592 = CARTESIAN_POINT ( 'NONE',  ( -0.02374323532516826900, 0.0000000000000000000, -0.2903627657690551800 ) ) ;
#5593 = DIRECTION ( 'NONE',  ( -0.08682659386424776400, -0.9924325091389671900, 0.08682659386424772300 ) ) ;
#5594 = CARTESIAN_POINT ( 'NONE',  ( -0.2999999999999999900, 0.2500000000000000600, 0.5799999999999999600 ) ) ;
#5595 = ORIENTED_EDGE ( 'NONE', *, *, #5707, .F. ) ;
#5596 = DIRECTION ( 'NONE',  ( 0.0000000000000000000, 1.000000000000000000, 0.0000000000000000000 ) ) ;
#5597 = AXIS2_PLACEMENT_3D ( 'NONE', #982, #1026, #6264 ) ;
#5598 = VERTEX_POINT ( 'NONE', #451 ) ;
#5599 = DIRECTION ( 'NONE',  ( 1.000000000000000000, -0.0000000000000000000, -0.0000000000000000000 ) ) ;
#5600 = DIRECTION ( 'NONE',  ( 1.000000000000000000, 0.0000000000000000000, 2.845674993400272500E-016 ) ) ;
#5601 = CARTESIAN_POINT ( 'NONE',  ( 0.03594661290551684500, 0.3368904601013527600, -0.3642396178074053800 ) ) ;
#5602 =( NAMED_UNIT ( * ) PLANE_ANGLE_UNIT ( ) SI_UNIT ( $, .RADIAN. ) );
#5603 = ORIENTED_EDGE ( 'NONE', *, *, #7405, .F. ) ;
#5604 = ORIENTED_EDGE ( 'NONE', *, *, #3279, .F. ) ;
#5605 = CARTESIAN_POINT ( 'NONE',  ( 0.2392004823416671300, 0.2734116321766931800, -0.2976792950074641500 ) ) ;
#5606 = ORIENTED_EDGE ( 'NONE', *, *, #3364, .F. ) ;
#5607 = DIRECTION ( 'NONE',  ( 0.9998476951563912700, 0.01745240643728355000, 0.0000000000000000000 ) ) ;
#5608 = DIRECTION ( 'NONE',  ( -0.0000000000000000000, 1.000000000000000000, 0.0000000000000000000 ) ) ;
#5609 = VERTEX_POINT ( 'NONE', #5156 ) ;
#5610 = DIRECTION ( 'NONE',  ( 0.0000000000000000000, 0.0000000000000000000, 1.000000000000000000 ) ) ;
#5611 = EDGE_LOOP ( 'NONE', ( #4152, #3703, #3805, #7039 ) ) ;
#5612 = ADVANCED_FACE ( 'NONE', ( #6952 ), #2793, .F. ) ;
#5613 = CARTESIAN_POINT ( 'NONE',  ( 0.0000000000000000000, 0.2500000000000000600, 0.0000000000000000000 ) ) ;
#5614 = CARTESIAN_POINT ( 'NONE',  ( -0.3397833964265856200, 0.05000000000000000300, 0.06793910210275985700 ) ) ;
#5615 = ORIENTED_EDGE ( 'NONE', *, *, #6894, .T. ) ;
#5616 = CARTESIAN_POINT ( 'NONE',  ( -0.2249999999999999800, 0.2920000000000000400, 0.5225000000000000800 ) ) ;
#5617 = DIRECTION ( 'NONE',  ( 0.8191520442889928000, 0.0000000000000000000, 0.5735764363510447200 ) ) ;
#5618 = VERTEX_POINT ( 'NONE', #7433 ) ;
#5619 = EDGE_CURVE ( 'NONE', #6795, #4738, #2983, .T. ) ;
#5620 = DIRECTION ( 'NONE',  ( -4.614608097405848800E-017, -0.0000000000000000000, -1.000000000000000000 ) ) ;
#5621 = CARTESIAN_POINT ( 'NONE',  ( 0.1490000000000002200, 0.2520000000000000000, 0.6548463253555015800 ) ) ;
#5622 = LINE ( 'NONE', #7030, #5716 ) ;
#5623 = VECTOR ( 'NONE', #3109, 39.37007874015748900 ) ;
#5624 = COLOUR_RGB ( '',0.9372549019607843100, 0.9372549019607843100, 0.9372549019607843100 ) ;
#5625 = AXIS2_PLACEMENT_3D ( 'NONE', #1704, #1844, #6594 ) ;
#5626 = VERTEX_POINT ( 'NONE', #5787 ) ;
#5627 = AXIS2_PLACEMENT_3D ( 'NONE', #7162, #5292, #1451 ) ;
#5628 = DIRECTION ( 'NONE',  ( -1.365923996832132600E-015, -0.0000000000000000000, -1.000000000000000000 ) ) ;
#5629 = CIRCLE ( 'NONE', #2591, 0.1532427117888338400 ) ;
#5630 = DIRECTION ( 'NONE',  ( 0.02430276263610744300, 0.9996954598818874600, 0.004285232758499344000 ) ) ;
#5631 = LINE ( 'NONE', #5272, #4882 ) ;
#5632 = VECTOR ( 'NONE', #1508, 39.37007874015748100 ) ;
#5633 = ORIENTED_EDGE ( 'NONE', *, *, #4744, .T. ) ;
#5634 = EDGE_CURVE ( 'NONE', #3615, #2826, #5789, .T. ) ;
#5635 = FACE_OUTER_BOUND ( 'NONE', #1339, .T. ) ;
#5636 = CARTESIAN_POINT ( 'NONE',  ( -0.02500000000000001200, 0.1809999999999999900, -0.3478985066683595900 ) ) ;
#5637 = CARTESIAN_POINT ( 'NONE',  ( 0.3000000000000001600, 0.0000000000000000000, 0.2165640782770769400 ) ) ;
#5638 = CARTESIAN_POINT ( 'NONE',  ( 0.05000000000000002400, 0.3320000000000000200, -0.3100504439044973200 ) ) ;
#5639 = ORIENTED_EDGE ( 'NONE', *, *, #286, .T. ) ;
#5640 = VECTOR ( 'NONE', #1848, 39.37007874015748100 ) ;
#5641 = ORIENTED_EDGE ( 'NONE', *, *, #5392, .T. ) ;
#5642 = LINE ( 'NONE', #6473, #7390 ) ;
#5643 = CARTESIAN_POINT ( 'NONE',  ( -0.3249999999999999600, 0.2500000000000000600, 0.3008463253555009900 ) ) ;
#5644 = ORIENTED_EDGE ( 'NONE', *, *, #1048, .T. ) ;
#5645 = DIRECTION ( 'NONE',  ( -1.000000000000000000, -0.0000000000000000000, -8.537024980200821800E-016 ) ) ;
#5646 = CARTESIAN_POINT ( 'NONE',  ( -0.1637219089083872800, 0.2820000000000000300, -0.2338191178675281500 ) ) ;
#5647 = DIRECTION ( 'NONE',  ( -0.5734890778816085200, -0.01745240643728355000, 0.8190272834649955400 ) ) ;
#5648 = ORIENTED_EDGE ( 'NONE', *, *, #245, .F. ) ;
#5649 = DIRECTION ( 'NONE',  ( 0.0000000000000000000, 1.000000000000000000, 0.0000000000000000000 ) ) ;
#5650 = ORIENTED_EDGE ( 'NONE', *, *, #795, .F. ) ;
#5651 = VECTOR ( 'NONE', #3463, 39.37007874015748100 ) ;
#5652 = DIRECTION ( 'NONE',  ( -0.8190272834649946500, -0.01745240643728354600, 0.5734890778816098500 ) ) ;
#5653 = ORIENTED_EDGE ( 'NONE', *, *, #5619, .F. ) ;
#5654 = EDGE_CURVE ( 'NONE', #5057, #3529, #338, .T. ) ;
#5655 = CARTESIAN_POINT ( 'NONE',  ( -0.2958896048514083600, 0.2989933181746137200, 0.2809519793653920100 ) ) ;
#5656 = ADVANCED_FACE ( 'NONE', ( #3246, #6384 ), #1445, .F. ) ;
#5657 = FACE_OUTER_BOUND ( 'NONE', #6656, .T. ) ;
#5658 = ORIENTED_EDGE ( 'NONE', *, *, #4083, .T. ) ;
#5659 = DIRECTION ( 'NONE',  ( 0.0000000000000000000, -0.0000000000000000000, 1.000000000000000000 ) ) ;
#5660 = LINE ( 'NONE', #5067, #6115 ) ;
#5661 = CARTESIAN_POINT ( 'NONE',  ( 0.02500000000000001500, 0.1050000000000000100, 0.3802779494575575500 ) ) ;
#5662 = VECTOR ( 'NONE', #2353, 39.37007874015748100 ) ;
#5663 = CARTESIAN_POINT ( 'NONE',  ( 0.0000000000000000000, 0.05000000000000001000, 0.5415089870143563500 ) ) ;
#5664 = AXIS2_PLACEMENT_3D ( 'NONE', #6531, #3603, #739 ) ;
#5665 = VECTOR ( 'NONE', #1850, 39.37007874015748100 ) ;
#5666 = FACE_OUTER_BOUND ( 'NONE', #3453, .T. ) ;
#5667 = EDGE_LOOP ( 'NONE', ( #3537, #5644, #916, #5958 ) ) ;
#5668 = ADVANCED_FACE ( 'NONE', ( #6777 ), #1037, .F. ) ;
#5669 = CARTESIAN_POINT ( 'NONE',  ( 0.05000000000000015500, 0.3370000000000000800, -0.2118626966596886300 ) ) ;
#5670 = DIRECTION ( 'NONE',  ( -2.561107494060246900E-015, 0.0000000000000000000, 1.000000000000000000 ) ) ;
#5671 = CARTESIAN_POINT ( 'NONE',  ( -0.2450000000000000800, 0.05000000000000000300, 0.5415089870143563500 ) ) ;
#5672 = EDGE_CURVE ( 'NONE', #2422, #3509, #5372, .T. ) ;
#5673 = CARTESIAN_POINT ( 'NONE',  ( -0.2999999999999999900, 0.2500000000000000600, 0.5799999999999999600 ) ) ;
#5674 = EDGE_CURVE ( 'NONE', #6069, #5108, #5195, .T. ) ;
#5675 = FACE_OUTER_BOUND ( 'NONE', #5992, .T. ) ;
#5676 = CARTESIAN_POINT ( 'NONE',  ( -0.3249999999999997900, 0.07199999999999999500, 0.6548463253555015800 ) ) ;
#5677 = ORIENTED_EDGE ( 'NONE', *, *, #7267, .T. ) ;
#5678 = ORIENTED_EDGE ( 'NONE', *, *, #6771, .F. ) ;
#5679 = DIRECTION ( 'NONE',  ( 4.065249990571820900E-017, 1.000000000000000000, 0.0000000000000000000 ) ) ;
#5680 = DIRECTION ( 'NONE',  ( 0.0000000000000000000, -0.0000000000000000000, -1.000000000000000000 ) ) ;
#5681 = DIRECTION ( 'NONE',  ( 0.0000000000000000000, 1.000000000000000000, 0.0000000000000000000 ) ) ;
#5682 = AXIS2_PLACEMENT_3D ( 'NONE', #2343, #7580, #7057 ) ;
#5683 = ORIENTED_EDGE ( 'NONE', *, *, #2379, .T. ) ;
#5684 = EDGE_CURVE ( 'NONE', #1917, #6382, #903, .T. ) ;
#5685 = ORIENTED_EDGE ( 'NONE', *, *, #2073, .T. ) ;
#5686 = DIRECTION ( 'NONE',  ( -0.0000000000000000000, -0.0000000000000000000, 1.000000000000000000 ) ) ;
#5687 = ORIENTED_EDGE ( 'NONE', *, *, #7125, .T. ) ;
#5688 = DIRECTION ( 'NONE',  ( 1.707404996040162400E-015, -0.0000000000000000000, -1.000000000000000000 ) ) ;
#5689 = ORIENTED_EDGE ( 'NONE', *, *, #7065, .T. ) ;
#5690 = DIRECTION ( 'NONE',  ( -1.000000000000000000, 0.0000000000000000000, -8.537024980200821800E-016 ) ) ;
#5691 = DIRECTION ( 'NONE',  ( -0.9998476951563912700, -0.01745240643728368200, -8.539005321464178600E-017 ) ) ;
#5692 = ORIENTED_EDGE ( 'NONE', *, *, #3130, .T. ) ;
#5693 = ADVANCED_FACE ( 'NONE', ( #6128 ), #992, .T. ) ;
#5694 = CARTESIAN_POINT ( 'NONE',  ( -0.3279091759265563800, 0.08333342279045551100, 0.3026991026195078300 ) ) ;
#5695 = DIRECTION ( 'NONE',  ( 1.000000000000000000, 0.0000000000000000000, -0.0000000000000000000 ) ) ;
#5696 = EDGE_LOOP ( 'NONE', ( #6675, #1659, #2970, #3919 ) ) ;
#5697 = EDGE_CURVE ( 'NONE', #7208, #3264, #3620, .T. ) ;
#5698 = PLANE ( 'NONE',  #5169 ) ;
#5699 = CARTESIAN_POINT ( 'NONE',  ( 0.0000000000000000000, 0.0000000000000000000, 0.0000000000000000000 ) ) ;
#5700 = EDGE_LOOP ( 'NONE', ( #148, #6163, #7340, #7336 ) ) ;
#5701 = ORIENTED_EDGE ( 'NONE', *, *, #7512, .T. ) ;
#5702 = CARTESIAN_POINT ( 'NONE',  ( -0.08500000000000008900, 0.0000000000000000000, 0.5698463253555017300 ) ) ;
#5703 = CARTESIAN_POINT ( 'NONE',  ( -0.2903627657690552300, 0.0000000000000000000, -0.02374323532516828600 ) ) ;
#5704 = ORIENTED_EDGE ( 'NONE', *, *, #7537, .T. ) ;
#5705 = EDGE_CURVE ( 'NONE', #6333, #6091, #3236, .T. ) ;
#5706 = EDGE_LOOP ( 'NONE', ( #1177, #1452, #4186, #5988, #3567, #624, #6200, #4901 ) ) ;
#5707 = EDGE_CURVE ( 'NONE', #7363, #4856, #2420, .T. ) ;
#5708 = DIRECTION ( 'NONE',  ( 5.587186114489017600E-018, 0.9998476951563912700, -0.01745240643728355000 ) ) ;
#5709 = CARTESIAN_POINT ( 'NONE',  ( -0.2249999999999999800, 0.2920000000000000400, 0.5225000000000000800 ) ) ;
#5710 = LINE ( 'NONE', #5154, #5520 ) ;
#5711 = VECTOR ( 'NONE', #2043, 39.37007874015747400 ) ;
#5712 = AXIS2_PLACEMENT_3D ( 'NONE', #2258, #4077, #3407 ) ;
#5713 = ORIENTED_EDGE ( 'NONE', *, *, #2748, .T. ) ;
#5714 = CARTESIAN_POINT ( 'NONE',  ( 0.01499999999999992800, 0.2263427696005390100, 0.6049999999999998700 ) ) ;
#5715 = AXIS2_PLACEMENT_3D ( 'NONE', #3214, #1597, #6889 ) ;
#5716 = VECTOR ( 'NONE', #4103, 39.37007874015748900 ) ;
#5717 = FACE_OUTER_BOUND ( 'NONE', #2636, .T. ) ;
#5718 = EDGE_CURVE ( 'NONE', #1288, #1082, #4359, .T. ) ;
#5719 = EDGE_CURVE ( 'NONE', #4116, #2529, #138, .T. ) ;
#5720 = LINE ( 'NONE', #3909, #6005 ) ;
#5721 = ORIENTED_EDGE ( 'NONE', *, *, #5522, .T. ) ;
#5722 = CARTESIAN_POINT ( 'NONE',  ( 0.03596529586458266400, 0.3426911936491320300, -0.3572905551658520600 ) ) ;
#5723 = ADVANCED_BREP_SHAPE_REPRESENTATION ( '', ( #6132, #3669 ), #4859 ) ;
#5724 = VECTOR ( 'NONE', #1746, 39.37007874015748100 ) ;
#5725 = ORIENTED_EDGE ( 'NONE', *, *, #6616, .T. ) ;
#5726 = ADVANCED_FACE ( 'NONE', ( #4176 ), #2328, .T. ) ;
#5727 = FACE_OUTER_BOUND ( 'NONE', #531, .T. ) ;
#5728 = ORIENTED_EDGE ( 'NONE', *, *, #2850, .F. ) ;
#5729 = VECTOR ( 'NONE', #3867, 39.37007874015748100 ) ;
#5730 = EDGE_LOOP ( 'NONE', ( #7012, #3815, #7151, #4904, #1011, #5862, #1120, #6209, #1830, #402, #5832, #2449, #877, #1405, #4402, #7320, #2159, #1771, #5184, #1545, #4767, #6501, #342, #2668, #4332, #912, #4662, #6320, #1550, #4247, #3313, #1725, #1060, #578, #2923, #1184, #176, #6048, #39, #7308, #3320, #1093, #3192, #2653, #5391, #2366, #5348, #4593, #1668, #2314 ) ) ;
#5731 = DIRECTION ( 'NONE',  ( 0.1736481776669305800, 0.9848077530122080200, 0.0000000000000000000 ) ) ;
#5732 = CARTESIAN_POINT ( 'NONE',  ( 0.02866556363492574200, 0.2820000000000000300, -0.3451460955505735700 ) ) ;
#5733 = ORIENTED_EDGE ( 'NONE', *, *, #7109, .F. ) ;
#5734 = CIRCLE ( 'NONE', #6779, 0.3739239699324998800 ) ;
#5735 = ORIENTED_EDGE ( 'NONE', *, *, #5965, .T. ) ;
#5736 = FACE_OUTER_BOUND ( 'NONE', #2252, .T. ) ;
#5737 = FACE_OUTER_BOUND ( 'NONE', #1150, .T. ) ;
#5738 = EDGE_CURVE ( 'NONE', #2974, #6827, #1699, .T. ) ;
#5739 = ORIENTED_EDGE ( 'NONE', *, *, #7550, .T. ) ;
#5740 = DIRECTION ( 'NONE',  ( 0.0000000000000000000, 0.0000000000000000000, 1.000000000000000000 ) ) ;
#5741 = AXIS2_PLACEMENT_3D ( 'NONE', #6025, #3074, #4798 ) ;
#5742 = CIRCLE ( 'NONE', #6719, 0.1700000000000000400 ) ;
#5743 = LINE ( 'NONE', #3181, #2417 ) ;
#5744 = ORIENTED_EDGE ( 'NONE', *, *, #6506, .F. ) ;
#5745 = FACE_OUTER_BOUND ( 'NONE', #1751, .T. ) ;
#5746 = DIRECTION ( 'NONE',  ( -0.01745240643728355000, -0.9998476951563912700, -1.489916297197073000E-017 ) ) ;
#5747 = DIRECTION ( 'NONE',  ( -0.9998476951563912700, -0.01745240643728355000, 0.0000000000000000000 ) ) ;
#5748 = VECTOR ( 'NONE', #6147, 39.37007874015748100 ) ;
#5749 = EDGE_LOOP ( 'NONE', ( #7514, #2697, #2767, #1513, #2809, #4860, #7199, #2905, #3449, #4850, #3639, #4119 ) ) ;
#5750 = VECTOR ( 'NONE', #1417, 39.37007874015748100 ) ;
#5751 = CARTESIAN_POINT ( 'NONE',  ( -0.2890952340255308900, 0.07261684495227561900, 0.02501076706869266200 ) ) ;
#5752 = LINE ( 'NONE', #5538, #7601 ) ;
#5753 = ORIENTED_EDGE ( 'NONE', *, *, #1017, .F. ) ;
#5754 = EDGE_CURVE ( 'NONE', #2999, #6023, #4811, .T. ) ;
#5755 = VECTOR ( 'NONE', #6985, 39.37007874015748100 ) ;
#5756 = VECTOR ( 'NONE', #1559, 39.37007874015748900 ) ;
#5757 = DIRECTION ( 'NONE',  ( 0.0000000000000000000, 0.0000000000000000000, -1.000000000000000000 ) ) ;
#5758 = EDGE_LOOP ( 'NONE', ( #4582, #4385, #5480, #5326 ) ) ;
#5759 = EDGE_LOOP ( 'NONE', ( #4347, #7476, #1562, #6585, #2513, #174, #3921, #5970, #3238, #1977, #2620, #47, #3502, #6246, #6323, #504, #6898 ) ) ;
#5760 = CARTESIAN_POINT ( 'NONE',  ( -8.157287760763275100E-018, 0.2820000000000000300, 0.02866556363492582900 ) ) ;
#5761 =( GEOMETRIC_REPRESENTATION_CONTEXT ( 3 ) GLOBAL_UNCERTAINTY_ASSIGNED_CONTEXT ( ( #4100 ) ) GLOBAL_UNIT_ASSIGNED_CONTEXT ( ( #7139, #7087, #1825 ) ) REPRESENTATION_CONTEXT ( 'NONE', 'WORKASPACE' ) );
#5762 = VECTOR ( 'NONE', #5505, 39.37007874015748100 ) ;
#5763 = CARTESIAN_POINT ( 'NONE',  ( 0.2537454433088416300, 0.0000000000000000000, -0.1464999999999987700 ) ) ;
#5764 = DIRECTION ( 'NONE',  ( -0.0000000000000000000, 1.000000000000000000, -0.0000000000000000000 ) ) ;
#5765 = ORIENTED_EDGE ( 'NONE', *, *, #2489, .T. ) ;
#5766 = DIRECTION ( 'NONE',  ( 0.0000000000000000000, -0.0000000000000000000, -1.000000000000000000 ) ) ;
#5767 = ADVANCED_FACE ( 'NONE', ( #2071 ), #4163, .F. ) ;
#5768 = CARTESIAN_POINT ( 'NONE',  ( -0.2537454433088418000, 0.05000000000000001000, 0.1464999999999987700 ) ) ;
#5769 = EDGE_CURVE ( 'NONE', #4928, #1855, #7217, .T. ) ;
#5770 = CARTESIAN_POINT ( 'NONE',  ( 0.2749999999999999100, 0.05000000000000000300, 0.4257531754730548600 ) ) ;
#5771 = ORIENTED_EDGE ( 'NONE', *, *, #6328, .T. ) ;
#5772 = CARTESIAN_POINT ( 'NONE',  ( 0.2749999999999999100, 0.2263427696005390100, 0.3957531754730548900 ) ) ;
#5773 = ORIENTED_EDGE ( 'NONE', *, *, #4663, .T. ) ;
#5774 = CARTESIAN_POINT ( 'NONE',  ( 0.2763344363650745400, 0.2820000000000000300, 0.5799278046668345800 ) ) ;
#5775 = AXIS2_PLACEMENT_3D ( 'NONE', #2469, #1296, #5368 ) ;
#5776 = DIRECTION ( 'NONE',  ( 1.000000000000000000, 0.0000000000000000000, 0.0000000000000000000 ) ) ;
#5777 = AXIS2_PLACEMENT_3D ( 'NONE', #4200, #6068, #2453 ) ;
#5778 = ADVANCED_FACE ( 'NONE', ( #2154 ), #2790, .F. ) ;
#5779 = ORIENTED_EDGE ( 'NONE', *, *, #3275, .T. ) ;
#5780 = CARTESIAN_POINT ( 'NONE',  ( -0.2499999999999999700, 0.0000000000000000000, 0.5798463253555016200 ) ) ;
#5781 = ORIENTED_EDGE ( 'NONE', *, *, #5109, .T. ) ;
#5782 = DIRECTION ( 'NONE',  ( 0.09634424151944974400, 0.0000000000000000000, 0.9953480733522528400 ) ) ;
#5783 = EDGE_CURVE ( 'NONE', #5855, #6928, #7311, .T. ) ;
#5784 = PLANE ( 'NONE',  #4832 ) ;
#5785 = EDGE_CURVE ( 'NONE', #4530, #266, #6226, .T. ) ;
#5786 = ORIENTED_EDGE ( 'NONE', *, *, #7052, .F. ) ;
#5787 = CARTESIAN_POINT ( 'NONE',  ( -0.2737956005199529400, 0.1809999999999999900, 0.3957531754730548900 ) ) ;
#5788 = VERTEX_POINT ( 'NONE', #2276 ) ;
#5789 = B_SPLINE_CURVE_WITH_KNOTS ( 'NONE', 3,
 ( #3395, #3350, #5116, #5732 ),
 .UNSPECIFIED., .F., .F.,
 ( 4, 4 ),
 ( 0.05330275270135541300, 0.06046791209950438300 ),
 .UNSPECIFIED. ) ;
#5790 = DIRECTION ( 'NONE',  ( -1.862395371496339300E-018, 0.9998476951563912700, -0.01745240643728355000 ) ) ;
#5791 = DIRECTION ( 'NONE',  ( -0.01745240643728355000, -0.9998476951563912700, 0.0000000000000000000 ) ) ;
#5792 = ORIENTED_EDGE ( 'NONE', *, *, #4664, .F. ) ;
#5793 = CARTESIAN_POINT ( 'NONE',  ( -0.03598517392554451800, 0.3484906666467847400, -0.3503406067289228100 ) ) ;
#5794 = DIRECTION ( 'NONE',  ( -0.01745240643728355000, -0.9998476951563912700, 0.0000000000000000000 ) ) ;
#5795 = ORIENTED_EDGE ( 'NONE', *, *, #6892, .F. ) ;
#5796 = EDGE_CURVE ( 'NONE', #6638, #5494, #7149, .T. ) ;
#5797 = CARTESIAN_POINT ( 'NONE',  ( 0.2187102347761703500, 0.05000000000000000300, -0.2687644159591591200 ) ) ;
#5798 = EDGE_LOOP ( 'NONE', ( #591, #1628, #4301, #280 ) ) ;
#5799 = DIRECTION ( 'NONE',  ( -8.537024980200821800E-016, 0.0000000000000000000, 1.000000000000000000 ) ) ;
#5800 = DIRECTION ( 'NONE',  ( 0.1021772366380958200, 0.0000000000000000000, 0.9947662098769753900 ) ) ;
#5801 = EDGE_LOOP ( 'NONE', ( #3497 ) ) ;
#5802 = ORIENTED_EDGE ( 'NONE', *, *, #6758, .F. ) ;
#5803 = DIRECTION ( 'NONE',  ( 0.0000000000000000000, 0.0000000000000000000, 1.000000000000000000 ) ) ;
#5804 = DIRECTION ( 'NONE',  ( -1.000000000000000000, 0.0000000000000000000, -0.0000000000000000000 ) ) ;
#5805 = FACE_OUTER_BOUND ( 'NONE', #1523, .T. ) ;
#5806 = EDGE_CURVE ( 'NONE', #3079, #7486, #3152, .T. ) ;
#5807 = FACE_BOUND ( 'NONE', #3791, .T. ) ;
#5808 = FACE_OUTER_BOUND ( 'NONE', #5700, .T. ) ;
#5809 = EDGE_LOOP ( 'NONE', ( #2285, #6774, #5029, #5300 ) ) ;
#5810 = EDGE_CURVE ( 'NONE', #7171, #3213, #5847, .T. ) ;
#5811 = ADVANCED_FACE ( 'NONE', ( #6117 ), #7040, .F. ) ;
#5812 = CARTESIAN_POINT ( 'NONE',  ( -0.02456349252779188600, 0.04699250366565894300, -0.3495756727506392800 ) ) ;
#5813 = CARTESIAN_POINT ( 'NONE',  ( -0.2537454433088418000, 0.2500000000000000600, 0.1464999999999987700 ) ) ;
#5814 = CARTESIAN_POINT ( 'NONE',  ( -0.1489999999999999100, 1.440848097924190300E-019, 0.0000000000000000000 ) ) ;
#5815 = AXIS2_PLACEMENT_3D ( 'NONE', #2678, #2117, #3262 ) ;
#5816 = LINE ( 'NONE', #2080, #7568 ) ;
#5817 = CARTESIAN_POINT ( 'NONE',  ( 0.3268019325236991000, 0.1180000000000000100, -0.02499999999999992900 ) ) ;
#5818 = VECTOR ( 'NONE', #1252, 39.37007874015748100 ) ;
#5819 = VECTOR ( 'NONE', #5708, 39.37007874015748100 ) ;
#5820 = CARTESIAN_POINT ( 'NONE',  ( 0.2749999999999999700, 0.05000000000000000300, 0.6049999999999998700 ) ) ;
#5821 = ORIENTED_EDGE ( 'NONE', *, *, #7209, .T. ) ;
#5822 = AXIS2_PLACEMENT_3D ( 'NONE', #6801, #6243, #3254 ) ;
#5823 = FACE_OUTER_BOUND ( 'NONE', #5267, .T. ) ;
#5824 = DIRECTION ( 'NONE',  ( -0.0000000000000000000, 1.000000000000000000, -0.0000000000000000000 ) ) ;
#5825 = EDGE_CURVE ( 'NONE', #2502, #2877, #4072, .T. ) ;
#5826 = ORIENTED_EDGE ( 'NONE', *, *, #4212, .F. ) ;
#5827 = CARTESIAN_POINT ( 'NONE',  ( 0.3696308717146619700, 0.2039999955781364700, -0.06068979428627976200 ) ) ;
#5828 = LINE ( 'NONE', #2403, #1777 ) ;
#5829 = CIRCLE ( 'NONE', #4757, 0.1200000000000000000 ) ;
#5830 = CARTESIAN_POINT ( 'NONE',  ( 0.2987956005199530200, 0.1809999999999999900, 0.2292145721527622000 ) ) ;
#5831 = LINE ( 'NONE', #5288, #7117 ) ;
#5832 = ORIENTED_EDGE ( 'NONE', *, *, #6626, .T. ) ;
#5833 = DIRECTION ( 'NONE',  ( 0.8191520442889908000, 0.0000000000000000000, 0.5735764363510473800 ) ) ;
#5834 = CIRCLE ( 'NONE', #754, 0.01500000000000001700 ) ;
#5835 = ORIENTED_EDGE ( 'NONE', *, *, #4585, .T. ) ;
#5836 = DIRECTION ( 'NONE',  ( 0.01745240643728355000, -0.9998476951563912700, -0.0000000000000000000 ) ) ;
#5837 = CARTESIAN_POINT ( 'NONE',  ( -0.2537454433088418000, 0.05000000000000000300, 0.1984999999999987600 ) ) ;
#5838 = DIRECTION ( 'NONE',  ( 0.0000000000000000000, 0.0000000000000000000, -1.000000000000000000 ) ) ;
#5839 = ORIENTED_EDGE ( 'NONE', *, *, #2759, .F. ) ;
#5840 = VECTOR ( 'NONE', #4458, 39.37007874015748100 ) ;
#5841 = ORIENTED_EDGE ( 'NONE', *, *, #7052, .T. ) ;
#5842 = CARTESIAN_POINT ( 'NONE',  ( 0.2999999999999999900, 0.2500000000000000600, 0.2250000000000000300 ) ) ;
#5843 = FACE_OUTER_BOUND ( 'NONE', #3077, .T. ) ;
#5844 = ORIENTED_EDGE ( 'NONE', *, *, #4952, .T. ) ;
#5846 = CIRCLE ( 'NONE', #4657, 0.3512567646748315800 ) ;
#5845 = CARTESIAN_POINT ( 'NONE',  ( -0.02374323532516830300, 0.0000000000000000000, 0.1465000000000002400 ) ) ;
#5847 = LINE ( 'NONE', #7068, #5103 ) ;
#5848 = DIRECTION ( 'NONE',  ( -1.000000000000000000, 0.0000000000000000000, 0.0000000000000000000 ) ) ;
#5849 = ORIENTED_EDGE ( 'NONE', *, *, #1298, .T. ) ;
#5850 = DIMENSIONAL_EXPONENTS ( 1.000000000000000000, 0.0000000000000000000, 0.0000000000000000000, 0.0000000000000000000, 0.0000000000000000000, 0.0000000000000000000, 0.0000000000000000000 ) ;
#5851 = VECTOR ( 'NONE', #5686, 39.37007874015748100 ) ;
#5852 = DIRECTION ( 'NONE',  ( -0.0000000000000000000, -1.000000000000000000, -0.0000000000000000000 ) ) ;
#5853 = DIRECTION ( 'NONE',  ( -0.0000000000000000000, 0.0000000000000000000, 1.000000000000000000 ) ) ;
#5854 = LINE ( 'NONE', #6082, #2707 ) ;
#5855 = VERTEX_POINT ( 'NONE', #4763 ) ;
#5856 = DIRECTION ( 'NONE',  ( 0.9998476951563912700, 0.01745240643728355000, 0.0000000000000000000 ) ) ;
#5857 = CARTESIAN_POINT ( 'NONE',  ( -0.2249999999999999800, 0.2820000000000000300, 0.5225000000000000800 ) ) ;
#5858 = ADVANCED_FACE ( 'NONE', ( #1617 ), #4177, .F. ) ;
#5859 = FACE_OUTER_BOUND ( 'NONE', #2688, .T. ) ;
#5860 = ORIENTED_EDGE ( 'NONE', *, *, #1078, .T. ) ;
#5861 = DIRECTION ( 'NONE',  ( 0.0000000000000000000, 0.0000000000000000000, 1.000000000000000000 ) ) ;
#5862 = ORIENTED_EDGE ( 'NONE', *, *, #5220, .T. ) ;
#5863 = DIRECTION ( 'NONE',  ( 1.000000000000000000, -0.0000000000000000000, -0.0000000000000000000 ) ) ;
#5864 = CARTESIAN_POINT ( 'NONE',  ( 0.0000000000000000000, 0.0000000000000000000, 0.1325000000000000100 ) ) ;
#5865 = EDGE_LOOP ( 'NONE', ( #1657 ) ) ;
#5866 = DIRECTION ( 'NONE',  ( 9.932775314647148300E-018, -0.9998476951563912700, -0.01745240643728355000 ) ) ;
#5867 = DIRECTION ( 'NONE',  ( 0.0000000000000000000, -0.0000000000000000000, 1.000000000000000000 ) ) ;
#5868 = DIRECTION ( 'NONE',  ( -0.0000000000000000000, -0.0000000000000000000, -1.000000000000000000 ) ) ;
#5869 = ORIENTED_EDGE ( 'NONE', *, *, #3275, .F. ) ;
#5870 = DIRECTION ( 'NONE',  ( 3.724790742992680200E-018, -0.9998476951563912700, 0.01745240643728355000 ) ) ;
#5871 = ORIENTED_EDGE ( 'NONE', *, *, #6350, .T. ) ;
#5872 = DIRECTION ( 'NONE',  ( -5.122214988120493100E-015, 0.0000000000000000000, -1.000000000000000000 ) ) ;
#5873 = EDGE_CURVE ( 'NONE', #3428, #4764, #1250, .T. ) ;
#5874 = EDGE_CURVE ( 'NONE', #3787, #4193, #3709, .T. ) ;
#5875 = CARTESIAN_POINT ( 'NONE',  ( 0.04000000000000001500, 0.1200000000000000000, 0.6049999999999998700 ) ) ;
#5876 = DIRECTION ( 'NONE',  ( 0.08714256931580943700, 0.9960441250767055900, -0.01738601487458360900 ) ) ;
#5877 = ORIENTED_EDGE ( 'NONE', *, *, #4760, .F. ) ;
#5878 = CARTESIAN_POINT ( 'NONE',  ( 0.0000000000000000000, 0.1809999999999999900, 0.0000000000000000000 ) ) ;
#5879 = ORIENTED_EDGE ( 'NONE', *, *, #4216, .T. ) ;
#5880 = CARTESIAN_POINT ( 'NONE',  ( 0.04000000000000001500, 0.1200000000000000000, 0.6049999999999998700 ) ) ;
#5881 = AXIS2_PLACEMENT_3D ( 'NONE', #2148, #3365, #2175 ) ;
#5882 = DIRECTION ( 'NONE',  ( 0.0000000000000000000, 1.000000000000000000, 0.0000000000000000000 ) ) ;
#5883 = VERTEX_POINT ( 'NONE', #57 ) ;
#5884 = ADVANCED_FACE ( 'NONE', ( #599 ), #6536, .F. ) ;
#5885 = CARTESIAN_POINT ( 'NONE',  ( -0.2987956005199530200, 0.1809999999999999900, 0.2250000000000000300 ) ) ;
#5886 = DIRECTION ( 'NONE',  ( -0.0000000000000000000, -1.000000000000000000, -0.0000000000000000000 ) ) ;
#5887 = DIRECTION ( 'NONE',  ( 0.0000000000000000000, 1.000000000000000000, 0.0000000000000000000 ) ) ;
#5888 = EDGE_CURVE ( 'NONE', #2327, #4518, #4542, .T. ) ;
#5889 = VERTEX_POINT ( 'NONE', #4248 ) ;
#5890 = ORIENTED_EDGE ( 'NONE', *, *, #7242, .F. ) ;
#5891 = ADVANCED_FACE ( 'NONE', ( #3974 ), #3609, .F. ) ;
#5892 = DIRECTION ( 'NONE',  ( -0.8191520442889914700, 0.0000000000000000000, -0.5735764363510466000 ) ) ;
#5893 = CARTESIAN_POINT ( 'NONE',  ( -0.1792114032555196800, 0.09400024350102445500, -0.3001960891399359000 ) ) ;
#5894 = ORIENTED_EDGE ( 'NONE', *, *, #7385, .F. ) ;
#5895 = VERTEX_POINT ( 'NONE', #741 ) ;
#5896 = CARTESIAN_POINT ( 'NONE',  ( -0.02426688727301482700, 0.02999999999999999900, -0.2898391138212086400 ) ) ;
#5897 = DIRECTION ( 'NONE',  ( 0.5735764363510480500, 0.0000000000000000000, -0.8191520442889904700 ) ) ;
#5898 = EDGE_CURVE ( 'NONE', #5556, #1997, #6678, .T. ) ;
#5899 = CARTESIAN_POINT ( 'NONE',  ( -0.2537454433088401400, 0.07199999999999999500, 0.02500000000000005700 ) ) ;
#5900 = LINE ( 'NONE', #1537, #3299 ) ;
#5901 = VECTOR ( 'NONE', #7368, 39.37007874015748100 ) ;
#5902 = VERTEX_POINT ( 'NONE', #1747 ) ;
#5903 = DIRECTION ( 'NONE',  ( -0.01745240643728355000, 0.9998476951563912700, 0.0000000000000000000 ) ) ;
#5904 = VERTEX_POINT ( 'NONE', #164 ) ;
#5905 = CARTESIAN_POINT ( 'NONE',  ( 0.3000000000000002100, 0.07199999999999999500, 0.5798463253555017300 ) ) ;
#5906 = VECTOR ( 'NONE', #1716, 39.37007874015748100 ) ;
#5907 = PLANE ( 'NONE',  #6525 ) ;
#5908 = FACE_OUTER_BOUND ( 'NONE', #4004, .T. ) ;
#5909 = CIRCLE ( 'NONE', #5341, 0.3512567646748315800 ) ;
#5910 = AXIS2_PLACEMENT_3D ( 'NONE', #6847, #969, #895 ) ;
#5911 = LINE ( 'NONE', #249, #5445 ) ;
#5912 = AXIS2_PLACEMENT_3D ( 'NONE', #1491, #5647, #5617 ) ;
#5913 = DIRECTION ( 'NONE',  ( 6.829619984160658000E-016, -0.0000000000000000000, -1.000000000000000000 ) ) ;
#5914 = APPLICATION_PROTOCOL_DEFINITION ( 'draft international standard', 'automotive_design', 1998, #130 ) ;
#5915 = ORIENTED_EDGE ( 'NONE', *, *, #7508, .T. ) ;
#5916 = CARTESIAN_POINT ( 'NONE',  ( -0.3268019325236991000, 0.1180000000000000100, -0.02500000000000002200 ) ) ;
#5917 = VECTOR ( 'NONE', #6614, 39.37007874015748900 ) ;
#5918 = DIRECTION ( 'NONE',  ( -0.004285232758499334500, 0.9996954598818874600, 0.02430276263610739800 ) ) ;
#5919 = VERTEX_POINT ( 'NONE', #4789 ) ;
#5920 = FACE_OUTER_BOUND ( 'NONE', #7204, .T. ) ;
#5921 = EDGE_CURVE ( 'NONE', #3242, #4769, #1973, .T. ) ;
#5922 = LINE ( 'NONE', #409, #2223 ) ;
#5923 = CARTESIAN_POINT ( 'NONE',  ( 0.0000000000000000000, 0.0000000000000000000, 0.2249999999999999800 ) ) ;
#5924 = ORIENTED_EDGE ( 'NONE', *, *, #5707, .T. ) ;
#5925 = CARTESIAN_POINT ( 'NONE',  ( 0.2580350472955616500, 0.2256392619112839200, 0.6549999999999998000 ) ) ;
#5926 = CARTESIAN_POINT ( 'NONE',  ( -0.2715089870143563800, 0.05000000000000000300, 0.2616468652206106500 ) ) ;
#5927 = ORIENTED_EDGE ( 'NONE', *, *, #3115, .T. ) ;
#5928 = FACE_OUTER_BOUND ( 'NONE', #1246, .T. ) ;
#5929 = ORIENTED_EDGE ( 'NONE', *, *, #5796, .F. ) ;
#5930 = AXIS2_PLACEMENT_3D ( 'NONE', #2690, #479, #3297 ) ;
#5931 = CIRCLE ( 'NONE', #355, 0.07499999999999998300 ) ;
#5932 = VECTOR ( 'NONE', #2248, 39.37007874015748100 ) ;
#5933 = ORIENTED_EDGE ( 'NONE', *, *, #3793, .T. ) ;
#5934 = CARTESIAN_POINT ( 'NONE',  ( -0.2214491225586207600, 0.2820000000000000300, -0.2662852379129015400 ) ) ;
#5935 = EDGE_CURVE ( 'NONE', #7486, #6679, #1709, .T. ) ;
#5936 = VECTOR ( 'NONE', #1115, 39.37007874015748100 ) ;
#5937 = CARTESIAN_POINT ( 'NONE',  ( -0.3653147425631321800, 0.3004918261192811000, 0.06123587265041552400 ) ) ;
#5938 = LINE ( 'NONE', #4374, #4346 ) ;
#5939 = ORIENTED_EDGE ( 'NONE', *, *, #3174, .F. ) ;
#5940 = ADVANCED_FACE ( 'NONE', ( #2977 ), #5400, .F. ) ;
#5941 = FACE_OUTER_BOUND ( 'NONE', #5509, .T. ) ;
#5942 = EDGE_CURVE ( 'NONE', #2534, #6580, #1432, .T. ) ;
#5943 = VECTOR ( 'NONE', #1994, 39.37007874015748100 ) ;
#5944 = ORIENTED_EDGE ( 'NONE', *, *, #5404, .T. ) ;
#5945 = LINE ( 'NONE', #4139, #3799 ) ;
#5946 = FILL_AREA_STYLE ('',( #3655 ) ) ;
#5947 = LINE ( 'NONE', #1968, #3343 ) ;
#5948 = CARTESIAN_POINT ( 'NONE',  ( -0.1744862124541296000, 0.2820000000000000300, -0.2991690215843311200 ) ) ;
#5949 = ORIENTED_EDGE ( 'NONE', *, *, #2494, .F. ) ;
#5950 = VECTOR ( 'NONE', #1671, 39.37007874015748100 ) ;
#5951 = CARTESIAN_POINT ( 'NONE',  ( 0.2150000000000001100, 0.05000000000000000300, 0.5415089870143563500 ) ) ;
#5952 = LINE ( 'NONE', #4961, #4361 ) ;
#5953 = ORIENTED_EDGE ( 'NONE', *, *, #3749, .T. ) ;
#5954 = EDGE_CURVE ( 'NONE', #4704, #320, #979, .T. ) ;
#5955 = CARTESIAN_POINT ( 'NONE',  ( -0.02500000000000000500, 0.04999999999999998200, 0.6049999999999998700 ) ) ;
#5956 = EDGE_LOOP ( 'NONE', ( #2292, #5739, #4043, #2440, #3354, #1269 ) ) ;
#5957 = CARTESIAN_POINT ( 'NONE',  ( 0.3451460955505734600, 0.2820000000000000300, 0.02866556363492562100 ) ) ;
#5958 = ORIENTED_EDGE ( 'NONE', *, *, #1102, .T. ) ;
#5959 = CARTESIAN_POINT ( 'NONE',  ( 0.2337008162261337300, 0.0000000000000000000, 0.6098463253555017600 ) ) ;
#5960 = DIRECTION ( 'NONE',  ( 0.0000000000000000000, 0.0000000000000000000, 1.000000000000000000 ) ) ;
#5961 = ORIENTED_EDGE ( 'NONE', *, *, #832, .T. ) ;
#5962 = VECTOR ( 'NONE', #5304, 39.37007874015748100 ) ;
#5963 = CARTESIAN_POINT ( 'NONE',  ( 0.1999999999999999600, 0.1050000000000000100, 0.6550000000000000300 ) ) ;
#5964 = ORIENTED_EDGE ( 'NONE', *, *, #7549, .T. ) ;
#5965 = EDGE_CURVE ( 'NONE', #5064, #5064, #4903, .T. ) ;
#5966 = CARTESIAN_POINT ( 'NONE',  ( 0.0000000000000000000, 0.3520000000000000400, 0.0000000000000000000 ) ) ;
#5967 = EDGE_CURVE ( 'NONE', #7449, #2918, #50, .T. ) ;
#5968 = DIRECTION ( 'NONE',  ( 1.000000000000000000, -0.0000000000000000000, 0.0000000000000000000 ) ) ;
#5969 = CARTESIAN_POINT ( 'NONE',  ( -0.03642004483528828900, 0.2635366807060744400, -0.3815082652754127600 ) ) ;
#5970 = ORIENTED_EDGE ( 'NONE', *, *, #4156, .F. ) ;
#5971 = DIRECTION ( 'NONE',  ( 0.0000000000000000000, 0.0000000000000000000, -1.000000000000000000 ) ) ;
#5972 = VERTEX_POINT ( 'NONE', #5951 ) ;
#5973 = ADVANCED_FACE ( 'NONE', ( #7498 ), #7265, .T. ) ;
#5974 = AXIS2_PLACEMENT_3D ( 'NONE', #4468, #5593, #3224 ) ;
#5975 = VERTEX_POINT ( 'NONE', #237 ) ;
#5976 = CARTESIAN_POINT ( 'NONE',  ( 0.1744862124541292400, 0.2820000000000000300, -0.2991690215843312900 ) ) ;
#5977 = EDGE_CURVE ( 'NONE', #3913, #5468, #3067, .T. ) ;
#5978 = ORIENTED_EDGE ( 'NONE', *, *, #3318, .F. ) ;
#5979 = EDGE_CURVE ( 'NONE', #5026, #6811, #3033, .T. ) ;
#5980 = CARTESIAN_POINT ( 'NONE',  ( 0.0000000000000000000, 0.1180000000000000100, -0.3268019325236988200 ) ) ;
#5981 = ORIENTED_EDGE ( 'NONE', *, *, #301, .T. ) ;
#5982 = CARTESIAN_POINT ( 'NONE',  ( -0.2523851362811828100, 0.2478597538496361300, 0.6550000000000000300 ) ) ;
#5983 = DIRECTION ( 'NONE',  ( 0.0000000000000000000, 0.0000000000000000000, 1.000000000000000000 ) ) ;
#5984 = AXIS2_PLACEMENT_3D ( 'NONE', #6142, #2070, #3257 ) ;
#5985 = DIRECTION ( 'NONE',  ( -9.932775314647148300E-018, -0.9998476951563912700, -0.01745240643728355000 ) ) ;
#5986 = AXIS2_PLACEMENT_3D ( 'NONE', #3054, #7105, #5983 ) ;
#5987 = ORIENTED_EDGE ( 'NONE', *, *, #2866, .T. ) ;
#5988 = ORIENTED_EDGE ( 'NONE', *, *, #4188, .F. ) ;
#5989 = DIRECTION ( 'NONE',  ( 0.0000000000000000000, 1.000000000000000000, 0.0000000000000000000 ) ) ;
#5990 = CARTESIAN_POINT ( 'NONE',  ( 0.02426688727301476400, 0.03000000000000000600, 0.1465000000000003200 ) ) ;
#5991 = ORIENTED_EDGE ( 'NONE', *, *, #6545, .F. ) ;
#5992 = EDGE_LOOP ( 'NONE', ( #3128, #7222, #3330, #6443 ) ) ;
#5993 = CARTESIAN_POINT ( 'NONE',  ( 0.2903627657690551800, 0.0000000000000000000, -0.02374323532516840800 ) ) ;
#5994 = DIRECTION ( 'NONE',  ( 0.8190272834649946500, -0.01745240643728354600, -0.5734890778816099700 ) ) ;
#5995 = VECTOR ( 'NONE', #3807, 39.37007874015748100 ) ;
#5996 = VECTOR ( 'NONE', #6657, 39.37007874015748100 ) ;
#5997 = VERTEX_POINT ( 'NONE', #6446 ) ;
#5998 = ORIENTED_EDGE ( 'NONE', *, *, #1918, .F. ) ;
#5999 = CARTESIAN_POINT ( 'NONE',  ( -0.2249999999999999800, 0.2820000000000000300, 0.5225000000000000800 ) ) ;
#6000 = DIRECTION ( 'NONE',  ( -0.0000000000000000000, -1.000000000000000000, -0.0000000000000000000 ) ) ;
#6001 = CARTESIAN_POINT ( 'NONE',  ( 0.01499999999999992800, 0.1180000000000000100, 0.6049999999999998700 ) ) ;
#6002 = CYLINDRICAL_SURFACE ( 'NONE', #3068, 0.1200000000000000000 ) ;
#6003 = CARTESIAN_POINT ( 'NONE',  ( -0.2115089870143563900, 0.05000000000000000300, 0.4257531754730548600 ) ) ;
#6004 = ADVANCED_FACE ( 'NONE', ( #3335 ), #4350, .T. ) ;
#6005 = VECTOR ( 'NONE', #5140, 39.37007874015748100 ) ;
#6006 = ORIENTED_EDGE ( 'NONE', *, *, #5810, .F. ) ;
#6007 = VECTOR ( 'NONE', #4027, 39.37007874015748100 ) ;
#6008 = CARTESIAN_POINT ( 'NONE',  ( 0.0000000000000000000, 0.1180000000000000100, 0.5426959314294751400 ) ) ;
#6009 = ORIENTED_EDGE ( 'NONE', *, *, #4421, .T. ) ;
#6010 = CARTESIAN_POINT ( 'NONE',  ( 0.2749999999999999700, 0.2500000000000000600, 0.6049999999999998700 ) ) ;
#6011 = DIRECTION ( 'NONE',  ( 0.0000000000000000000, 1.000000000000000000, 0.0000000000000000000 ) ) ;
#6012 = LINE ( 'NONE', #7429, #6659 ) ;
#6013 =( NAMED_UNIT ( * ) SI_UNIT ( $, .STERADIAN. ) SOLID_ANGLE_UNIT ( ) );
#6014 = VECTOR ( 'NONE', #941, 39.37007874015748100 ) ;
#6015 = FACE_OUTER_BOUND ( 'NONE', #1425, .T. ) ;
#6016 = DIRECTION ( 'NONE',  ( -1.000000000000000000, -0.0000000000000000000, 4.268512490100413900E-016 ) ) ;
#6017 = EDGE_LOOP ( 'NONE', ( #1272, #2259, #6374 ) ) ;
#6018 = DIRECTION ( 'NONE',  ( 0.0000000000000000000, 0.0000000000000000000, 1.000000000000000000 ) ) ;
#6019 = FACE_OUTER_BOUND ( 'NONE', #5798, .T. ) ;
#6020 = EDGE_CURVE ( 'NONE', #7367, #455, #7035, .T. ) ;
#6021 = ORIENTED_EDGE ( 'NONE', *, *, #4727, .T. ) ;
#6022 = SURFACE_STYLE_USAGE ( .BOTH. , #3142 ) ;
#6023 = VERTEX_POINT ( 'NONE', #5543 ) ;
#6024 = DIRECTION ( 'NONE',  ( -1.000000000000000000, -0.0000000000000000000, -0.0000000000000000000 ) ) ;
#6025 = CARTESIAN_POINT ( 'NONE',  ( 0.2537454433088416300, 0.2500000000000000600, -0.1464999999999987700 ) ) ;
#6026 = VECTOR ( 'NONE', #6284, 39.37007874015748100 ) ;
#6027 = CARTESIAN_POINT ( 'NONE',  ( 1.704198014989536000E-018, 0.04391583284401729500, -0.2541060010942235400 ) ) ;
#6028 = ORIENTED_EDGE ( 'NONE', *, *, #7140, .T. ) ;
#6029 = AXIS2_PLACEMENT_3D ( 'NONE', #1371, #4300, #5096 ) ;
#6030 = VECTOR ( 'NONE', #2337, 39.37007874015748100 ) ;
#6031 = FACE_OUTER_BOUND ( 'NONE', #4184, .T. ) ;
#6032 = CARTESIAN_POINT ( 'NONE',  ( 0.1490000000000002200, 0.2270000000000000100, 0.6412855825089832700 ) ) ;
#6033 = CARTESIAN_POINT ( 'NONE',  ( -0.03643672206909146600, 0.3124194018241727700, -0.3772103142099826300 ) ) ;
#6034 = DIRECTION ( 'NONE',  ( -0.01744974916068272100, 0.9996954598818874600, 0.01744974916068272100 ) ) ;
#6035 = VECTOR ( 'NONE', #4326, 39.37007874015748100 ) ;
#6036 = CONICAL_SURFACE ( 'NONE', #2741, 0.09499999999999998700, 0.01745329251994333400 ) ;
#6037 = EDGE_CURVE ( 'NONE', #2076, #3180, #2606, .T. ) ;
#6038 = ORIENTED_EDGE ( 'NONE', *, *, #832, .F. ) ;
#6039 = EDGE_CURVE ( 'NONE', #6793, #1224, #5286, .T. ) ;
#6040 = DIRECTION ( 'NONE',  ( -0.0000000000000000000, -0.0000000000000000000, 1.000000000000000000 ) ) ;
#6041 = ORIENTED_EDGE ( 'NONE', *, *, #1645, .F. ) ;
#6042 = DIRECTION ( 'NONE',  ( 0.01745240643728355300, 0.9998476951563912700, 0.0000000000000000000 ) ) ;
#6043 = EDGE_LOOP ( 'NONE', ( #3121, #2837, #3847, #424 ) ) ;
#6044 = ADVANCED_FACE ( 'NONE', ( #1068 ), #263, .F. ) ;
#6045 = CARTESIAN_POINT ( 'NONE',  ( 0.0000000000000000000, 0.07199999999999999500, 0.0000000000000000000 ) ) ;
#6046 = EDGE_CURVE ( 'NONE', #3207, #412, #4259, .T. ) ;
#6047 = CARTESIAN_POINT ( 'NONE',  ( -0.2499999999999999700, 0.07199999999999999500, 0.5798463253555016200 ) ) ;
#6048 = ORIENTED_EDGE ( 'NONE', *, *, #1484, .T. ) ;
#6049 = CARTESIAN_POINT ( 'NONE',  ( 0.2055236343572024400, 0.1809999999999999700, -0.2563847448075998700 ) ) ;
#6050 = VERTEX_POINT ( 'NONE', #4970 ) ;
#6051 = DIRECTION ( 'NONE',  ( -0.9953480733522530600, -2.417612252887303700E-016, -0.09634424151944966100 ) ) ;
#6052 = CARTESIAN_POINT ( 'NONE',  ( -0.2506793118322171400, 0.2499999999999986400, 0.6550000000000001400 ) ) ;
#6053 = CARTESIAN_POINT ( 'NONE',  ( 0.1691919207166059900, 0.1179999999999999800, -0.2316510529426623600 ) ) ;
#6054 = CARTESIAN_POINT ( 'NONE',  ( 0.04000000000000001500, 0.1050000000000000100, 0.6049999999999998700 ) ) ;
#6055 = AXIS2_PLACEMENT_3D ( 'NONE', #4621, #4722, #5794 ) ;
#6056 = AXIS2_PLACEMENT_3D ( 'NONE', #1653, #3392, #1034 ) ;
#6057 = ORIENTED_EDGE ( 'NONE', *, *, #5967, .T. ) ;
#6058 = CARTESIAN_POINT ( 'NONE',  ( -0.3478985066683595900, 0.1809999999999999900, 0.02499999999999996300 ) ) ;
#6059 = EDGE_CURVE ( 'NONE', #2658, #4813, #1531, .T. ) ;
#6060 = ORIENTED_EDGE ( 'NONE', *, *, #6407, .F. ) ;
#6061 = DIRECTION ( 'NONE',  ( -2.664535259100376100E-015, 0.0000000000000000000, 1.000000000000000000 ) ) ;
#6062 = CARTESIAN_POINT ( 'NONE',  ( 0.3504533827859615500, 0.0000000000000000000, -0.02374323532516810200 ) ) ;
#6063 = EDGE_CURVE ( 'NONE', #6887, #324, #427, .T. ) ;
#6064 = CARTESIAN_POINT ( 'NONE',  ( -0.3138277411449970100, 0.1996995030526720100, 0.2935754760657181000 ) ) ;
#6065 = EDGE_LOOP ( 'NONE', ( #5409, #630, #816, #511 ) ) ;
#6066 = CARTESIAN_POINT ( 'NONE',  ( 0.2561825425543704000, 0.004034010738625236700, 0.5847721032350402500 ) ) ;
#6067 = ORIENTED_EDGE ( 'NONE', *, *, #4862, .F. ) ;
#6068 = DIRECTION ( 'NONE',  ( 0.0000000000000000000, -1.000000000000000000, 0.0000000000000000000 ) ) ;
#6069 = VERTEX_POINT ( 'NONE', #3730 ) ;
#6070 = EDGE_CURVE ( 'NONE', #4669, #1897, #2009, .T. ) ;
#6071 = CARTESIAN_POINT ( 'NONE',  ( -1.704198014989536000E-018, 0.04391583284401729500, -0.2541060010942235400 ) ) ;
#6072 = DIRECTION ( 'NONE',  ( 0.9998476951563912700, -0.01745240643728355000, -1.365715959991413400E-015 ) ) ;
#6073 = ORIENTED_EDGE ( 'NONE', *, *, #6881, .T. ) ;
#6074 = CARTESIAN_POINT ( 'NONE',  ( -0.2537454433088402500, 0.0000000000000000000, 0.02374323532516850800 ) ) ;
#6075 = DIRECTION ( 'NONE',  ( 0.0000000000000000000, 0.0000000000000000000, 1.000000000000000000 ) ) ;
#6076 = ORIENTED_EDGE ( 'NONE', *, *, #3174, .T. ) ;
#6077 = DIRECTION ( 'NONE',  ( -0.0000000000000000000, -0.0000000000000000000, 1.000000000000000000 ) ) ;
#6078 = ADVANCED_FACE ( 'NONE', ( #1796 ), #7218, .T. ) ;
#6079 = CONICAL_SURFACE ( 'NONE', #2958, 0.3499999999999998700, 0.01745329251994333400 ) ;
#6080 = LINE ( 'NONE', #582, #4499 ) ;
#6081 = DIRECTION ( 'NONE',  ( -1.440848097924190100E-016, 1.000000000000000000, 0.0000000000000000000 ) ) ;
#6082 = CARTESIAN_POINT ( 'NONE',  ( -0.2249999999999999800, 0.2920000000000000400, 0.3775000000000000000 ) ) ;
#6083 = ORIENTED_EDGE ( 'NONE', *, *, #157, .T. ) ;
#6084 = FACE_OUTER_BOUND ( 'NONE', #3158, .T. ) ;
#6085 = CARTESIAN_POINT ( 'NONE',  ( 0.2763344363650745400, 0.2820000000000000300, 0.5914503668032719000 ) ) ;
#6086 = EDGE_CURVE ( 'NONE', #122, #5883, #4451, .T. ) ;
#6087 = FACE_BOUND ( 'NONE', #7357, .T. ) ;
#6088 = VECTOR ( 'NONE', #2144, 39.37007874015748100 ) ;
#6089 = FACE_OUTER_BOUND ( 'NONE', #881, .T. ) ;
#6090 = CARTESIAN_POINT ( 'NONE',  ( 0.1872033639606327000, 0.2820000000000000300, -0.2173772260318135300 ) ) ;
#6091 = VERTEX_POINT ( 'NONE', #4378 ) ;
#6092 = VECTOR ( 'NONE', #7611, 39.37007874015748100 ) ;
#6093 = CARTESIAN_POINT ( 'NONE',  ( -0.2149999999999999700, 0.0000000000000000000, 0.6550000000000000300 ) ) ;
#6094 = ORIENTED_EDGE ( 'NONE', *, *, #3048, .F. ) ;
#6095 = VECTOR ( 'NONE', #108, 39.37007874015748100 ) ;
#6096 = CARTESIAN_POINT ( 'NONE',  ( -0.04999999999999985700, 0.3207910853869606100, -0.3751616126695475100 ) ) ;
#6097 = ORIENTED_EDGE ( 'NONE', *, *, #1702, .F. ) ;
#6098 = FACE_OUTER_BOUND ( 'NONE', #4536, .T. ) ;
#6099 = VERTEX_POINT ( 'NONE', #4426 ) ;
#6100 = CARTESIAN_POINT ( 'NONE',  ( -0.1399999999999998700, 0.2999999999999999300, 0.6049999999999998700 ) ) ;
#6101 = EDGE_CURVE ( 'NONE', #6230, #2771, #2887, .T. ) ;
#6102 = CARTESIAN_POINT ( 'NONE',  ( 0.1786295484022033000, 0.1373607859750170000, -0.2986956033863770700 ) ) ;
#6103 = ORIENTED_EDGE ( 'NONE', *, *, #615, .T. ) ;
#6104 = FACE_OUTER_BOUND ( 'NONE', #4441, .T. ) ;
#6105 = ORIENTED_EDGE ( 'NONE', *, *, #3105, .T. ) ;
#6106 = EDGE_CURVE ( 'NONE', #560, #6870, #5471, .T. ) ;
#6107 = ORIENTED_EDGE ( 'NONE', *, *, #5473, .F. ) ;
#6108 = LINE ( 'NONE', #2388, #1242 ) ;
#6109 = ORIENTED_EDGE ( 'NONE', *, *, #171, .F. ) ;
#6110 = LINE ( 'NONE', #6874, #3062 ) ;
#6111 = CARTESIAN_POINT ( 'NONE',  ( -0.04999999999999984300, 0.3457867965644036400, -0.2118626966596885700 ) ) ;
#6112 = CARTESIAN_POINT ( 'NONE',  ( 0.2249999999999999800, 0.2920000000000000400, 0.5225000000000000800 ) ) ;
#6113 = VECTOR ( 'NONE', #6806, 39.37007874015748100 ) ;
#6114 = VERTEX_POINT ( 'NONE', #1526 ) ;
#6115 = VECTOR ( 'NONE', #5746, 39.37007874015748100 ) ;
#6116 = VERTEX_POINT ( 'NONE', #5031 ) ;
#6117 = FACE_OUTER_BOUND ( 'NONE', #6798, .T. ) ;
#6118 = CARTESIAN_POINT ( 'NONE',  ( 0.3471343367359273100, 0.1373333331055413000, -0.02499999999999992200 ) ) ;
#6119 = VERTEX_POINT ( 'NONE', #4456 ) ;
#6120 = EDGE_CURVE ( 'NONE', #6629, #4642, #3885, .T. ) ;
#6121 = EDGE_CURVE ( 'NONE', #4372, #808, #225, .T. ) ;
#6122 = ADVANCED_FACE ( 'NONE', ( #5374, #6031 ), #327, .F. ) ;
#6123 = FACE_OUTER_BOUND ( 'NONE', #7103, .T. ) ;
#6124 = DIRECTION ( 'NONE',  ( 7.317449983029280900E-016, 0.0000000000000000000, 1.000000000000000000 ) ) ;
#6125 = ORIENTED_EDGE ( 'NONE', *, *, #2503, .F. ) ;
#6126 = CARTESIAN_POINT ( 'NONE',  ( 0.2338152499342111300, 0.3081199633365339600, -0.2792517166443775900 ) ) ;
#6127 = DIRECTION ( 'NONE',  ( 4.065249990571820900E-017, 1.000000000000000000, 0.0000000000000000000 ) ) ;
#6128 = FACE_OUTER_BOUND ( 'NONE', #2039, .T. ) ;
#6129 = CARTESIAN_POINT ( 'NONE',  ( -0.04999999999999986400, 0.3015499738557715400, -0.3768589982629345100 ) ) ;
#6130 = AXIS2_PLACEMENT_3D ( 'NONE', #302, #2137, #146 ) ;
#6131 = AXIS2_PLACEMENT_3D ( 'NONE', #5202, #4049, #5247 ) ;
#6132 = MANIFOLD_SOLID_BREP ( 'Fillet3', #3841 ) ;
#6133 = FACE_OUTER_BOUND ( 'NONE', #1749, .T. ) ;
#6134 = VERTEX_POINT ( 'NONE', #6166 ) ;
#6135 = CARTESIAN_POINT ( 'NONE',  ( -0.1399999999999998700, 0.2999999999999999300, 0.6049999999999998700 ) ) ;
#6136 =( BOUNDED_CURVE ( )  B_SPLINE_CURVE ( 3, ( #4444, #2037, #4394, #3842 ),
 .UNSPECIFIED., .F., .F. ) 
 B_SPLINE_CURVE_WITH_KNOTS ( ( 4, 4 ),
 ( 2.641541674733335100, 3.926838523739654800 ),
 .UNSPECIFIED. ) 
 CURVE ( )  GEOMETRIC_REPRESENTATION_ITEM ( )  RATIONAL_B_SPLINE_CURVE ( ( 1.000000000000000000, 0.8670075464559312600, 0.8670075464559312600, 1.000000000000000000 ) ) 
 REPRESENTATION_ITEM ( '' )  );
#6137 = ORIENTED_EDGE ( 'NONE', *, *, #405, .T. ) ;
#6138 = CARTESIAN_POINT ( 'NONE',  ( -0.3788322121522763600, 0.2635366807060744400, 0.05797526347565703400 ) ) ;
#6139 = DIRECTION ( 'NONE',  ( 0.8191520442889933500, 0.0000000000000000000, -0.5735764363510438300 ) ) ;
#6140 = EDGE_CURVE ( 'NONE', #6419, #7157, #4062, .T. ) ;
#6141 = DIRECTION ( 'NONE',  ( 1.762596128361963700E-015, 0.0000000000000000000, 1.000000000000000000 ) ) ;
#6142 = CARTESIAN_POINT ( 'NONE',  ( 0.3250000000000002300, 0.07199999999999999500, 0.6548463253555014700 ) ) ;
#6143 = VERTEX_POINT ( 'NONE', #3848 ) ;
#6144 = CARTESIAN_POINT ( 'NONE',  ( -0.04378679656440341600, 0.3520000000000000400, -0.2180759000952850200 ) ) ;
#6145 = CARTESIAN_POINT ( 'NONE',  ( -0.2335281094319529800, 0.2570000000000000600, 9.010781034122729300E-017 ) ) ;
#6146 = ORIENTED_EDGE ( 'NONE', *, *, #1645, .T. ) ;
#6147 = DIRECTION ( 'NONE',  ( 4.065249990571820900E-017, 1.000000000000000000, 0.0000000000000000000 ) ) ;
#6148 = LINE ( 'NONE', #4047, #1279 ) ;
#6149 = ORIENTED_EDGE ( 'NONE', *, *, #2895, .F. ) ;
#6150 = B_SPLINE_CURVE_WITH_KNOTS ( 'NONE', 3,
 ( #4835, #1225, #682, #1817, #1837, #712, #3592, #6547, #4808, #2954 ),
 .UNSPECIFIED., .F., .F.,
 ( 4, 2, 2, 2, 4 ),
 ( 0.001147090286051943100, 0.001567081347852257500, 0.001987072409652571700, 0.002407063471452886400, 0.002827054533253200600 ),
 .UNSPECIFIED. ) ;
#6151 = CARTESIAN_POINT ( 'NONE',  ( -0.2401036249370334400, 0.07318443845016374400, 0.5684859357436364800 ) ) ;
#6152 = ORIENTED_EDGE ( 'NONE', *, *, #2184, .T. ) ;
#6153 = EDGE_CURVE ( 'NONE', #232, #4482, #7027, .T. ) ;
#6154 = CARTESIAN_POINT ( 'NONE',  ( -0.02640244499692191000, 0.1523460200629081800, -0.2897301475908211600 ) ) ;
#6155 = ORIENTED_EDGE ( 'NONE', *, *, #6807, .T. ) ;
#6156 = CARTESIAN_POINT ( 'NONE',  ( 0.3435178750375672000, 0.3202179887254463200, -0.06687396581543783600 ) ) ;
#6157 = CARTESIAN_POINT ( 'NONE',  ( -0.3993717820782894900, 0.08333336812769194500, 0.05327536378200103300 ) ) ;
#6158 = ORIENTED_EDGE ( 'NONE', *, *, #260, .F. ) ;
#6159 = CARTESIAN_POINT ( 'NONE',  ( 0.02500000000000000500, 0.0000000000000000000, 0.6049999999999998700 ) ) ;
#6160 = UNCERTAINTY_MEASURE_WITH_UNIT (LENGTH_MEASURE( 1.000000000000000100E-005 ), #2995, 'distance_accuracy_value', 'NONE');
#6161 = CARTESIAN_POINT ( 'NONE',  ( -0.4049226224066767000, 0.07199999999999999500, -0.06940338699347144100 ) ) ;
#6162 = DIRECTION ( 'NONE',  ( 0.0000000000000000000, -1.000000000000000000, 0.0000000000000000000 ) ) ;
#6163 = ORIENTED_EDGE ( 'NONE', *, *, #5173, .T. ) ;
#6164 = ADVANCED_FACE ( 'NONE', ( #5187 ), #4339, .T. ) ;
#6165 = AXIS2_PLACEMENT_3D ( 'NONE', #2204, #6406, #2874 ) ;
#6166 = CARTESIAN_POINT ( 'NONE',  ( 0.03499999999999992700, 0.2820000000000000300, 0.5649239970457443600 ) ) ;
#6167 = DIRECTION ( 'NONE',  ( -0.0000000000000000000, -1.000000000000000000, -0.0000000000000000000 ) ) ;
#6168 = ORIENTED_EDGE ( 'NONE', *, *, #4760, .T. ) ;
#6169 = CARTESIAN_POINT ( 'NONE',  ( 0.2453586973714170800, 0.1666667022781751800, -0.3177501968188823400 ) ) ;
#6170 = EDGE_CURVE ( 'NONE', #574, #6949, #3613, .T. ) ;
#6171 = DIRECTION ( 'NONE',  ( -0.9998476951563912700, 0.01745240643728355000, 0.0000000000000000000 ) ) ;
#6172 = ORIENTED_EDGE ( 'NONE', *, *, #5769, .F. ) ;
#6173 = ORIENTED_EDGE ( 'NONE', *, *, #6218, .T. ) ;
#6175 = CARTESIAN_POINT ( 'NONE',  ( -0.2079246889568034400, 0.1180000000000000100, -0.2533610601956046700 ) ) ;
#6174 = AXIS2_PLACEMENT_3D ( 'NONE', #1324, #6619, #638 ) ;
#6176 = CARTESIAN_POINT ( 'NONE',  ( -0.04000000000000000800, 0.1050000000000000000, 0.6550000000000000300 ) ) ;
#6177 = CARTESIAN_POINT ( 'NONE',  ( -0.02500000000000000500, 0.0000000000000000000, 0.6550000000000000300 ) ) ;
#6178 = FACE_OUTER_BOUND ( 'NONE', #735, .T. ) ;
#6179 = ORIENTED_EDGE ( 'NONE', *, *, #2812, .T. ) ;
#6180 = EDGE_CURVE ( 'NONE', #6050, #1677, #589, .T. ) ;
#6181 = EDGE_CURVE ( 'NONE', #6466, #5598, #6583, .T. ) ;
#6182 = CARTESIAN_POINT ( 'NONE',  ( -0.3788322121522763600, 0.2635366807060744400, 0.05797526347565703400 ) ) ;
#6183 = DIRECTION ( 'NONE',  ( -0.9848077530122080200, 0.1736481776669307200, 0.0000000000000000000 ) ) ;
#6184 = CARTESIAN_POINT ( 'NONE',  ( 0.05000000000000000300, 0.3290219379523634000, -0.3263477837742245800 ) ) ;
#6185 = VECTOR ( 'NONE', #2288, 39.37007874015748100 ) ;
#6186 = SHAPE_REPRESENTATION ( 'Housing', ( #7234, #5664, #6444 ), #6843 ) ;
#6187 = FACE_OUTER_BOUND ( 'NONE', #4578, .T. ) ;
#6188 = FACE_OUTER_BOUND ( 'NONE', #6574, .T. ) ;
#6189 = EDGE_LOOP ( 'NONE', ( #7115, #25, #825, #7397 ) ) ;
#6190 = DIRECTION ( 'NONE',  ( -1.000000000000000000, 0.0000000000000000000, -0.0000000000000000000 ) ) ;
#6191 = CARTESIAN_POINT ( 'NONE',  ( -0.03500000000000008000, 0.2520000000000000000, 0.6054476489935909400 ) ) ;
#6192 = ORIENTED_EDGE ( 'NONE', *, *, #5738, .F. ) ;
#6193 = CARTESIAN_POINT ( 'NONE',  ( 0.0000000000000000000, 0.2500000000000000600, -0.3291060010942235000 ) ) ;
#6194 = CARTESIAN_POINT ( 'NONE',  ( 0.2812567646748319600, 0.0000000000000000000, 0.5848501329765919400 ) ) ;
#6195 = CONICAL_SURFACE ( 'NONE', #7323, 0.3500000000000000300, 0.01745329251994333400 ) ;
#6196 = LINE ( 'NONE', #2670, #5729 ) ;
#6197 = VERTEX_POINT ( 'NONE', #813 ) ;
#6198 = CARTESIAN_POINT ( 'NONE',  ( -0.03512601184471410300, 0.07199999999999999500, -0.006578973910301789800 ) ) ;
#6199 = EDGE_CURVE ( 'NONE', #266, #6921, #1962, .T. ) ;
#6200 = ORIENTED_EDGE ( 'NONE', *, *, #4031, .F. ) ;
#6201 = ADVANCED_FACE ( 'NONE', ( #6386 ), #590, .F. ) ;
#6202 = LINE ( 'NONE', #4614, #6476 ) ;
#6203 = LINE ( 'NONE', #7339, #6660 ) ;
#6204 = LINE ( 'NONE', #3523, #3051 ) ;
#6205 = CARTESIAN_POINT ( 'NONE',  ( 0.2396241570371524000, 0.2635366807060743900, -0.2990906877578994300 ) ) ;
#6206 = ORIENTED_EDGE ( 'NONE', *, *, #5825, .F. ) ;
#6207 = DIRECTION ( 'NONE',  ( -1.000000000000000000, 0.0000000000000000000, 3.414809992080329000E-016 ) ) ;
#6208 = LINE ( 'NONE', #4321, #4434 ) ;
#6209 = ORIENTED_EDGE ( 'NONE', *, *, #6561, .F. ) ;
#6210 = CIRCLE ( 'NONE', #3470, 0.01499999999999999900 ) ;
#6211 = VERTEX_POINT ( 'NONE', #2040 ) ;
#6212 = VECTOR ( 'NONE', #2069, 39.37007874015748900 ) ;
#6213 = CARTESIAN_POINT ( 'NONE',  ( 0.0000000000000000000, 0.2500000000000000600, 0.0000000000000000000 ) ) ;
#6214 = CARTESIAN_POINT ( 'NONE',  ( 0.0000000000000000000, 0.2500000000000000600, 0.0000000000000000000 ) ) ;
#6215 = ORIENTED_EDGE ( 'NONE', *, *, #5806, .F. ) ;
#6216 = DIRECTION ( 'NONE',  ( -1.000000000000000000, -0.0000000000000000000, -0.0000000000000000000 ) ) ;
#6217 = CARTESIAN_POINT ( 'NONE',  ( 0.0000000000000000000, 0.05000000000000001000, 0.0000000000000000000 ) ) ;
#6218 = EDGE_CURVE ( 'NONE', #4856, #5972, #6480, .T. ) ;
#6219 = LINE ( 'NONE', #5266, #4446 ) ;
#6220 = DIRECTION ( 'NONE',  ( -0.0000000000000000000, -1.000000000000000000, -0.0000000000000000000 ) ) ;
#6221 = EDGE_CURVE ( 'NONE', #2854, #2854, #2146, .T. ) ;
#6222 = ORIENTED_EDGE ( 'NONE', *, *, #4840, .T. ) ;
#6223 = FACE_OUTER_BOUND ( 'NONE', #4979, .T. ) ;
#6224 = CARTESIAN_POINT ( 'NONE',  ( -0.02348145505224515400, 0.2820000000000000300, 0.01644189183571452600 ) ) ;
#6225 = DIRECTION ( 'NONE',  ( 0.0000000000000000000, -0.0000000000000000000, 1.000000000000000000 ) ) ;
#6226 = LINE ( 'NONE', #545, #6486 ) ;
#6227 = DIRECTION ( 'NONE',  ( -1.000000000000000000, 0.0000000000000000000, -5.549066237130594100E-015 ) ) ;
#6228 = CARTESIAN_POINT ( 'NONE',  ( 0.2999999999999999900, 0.2500000000000000600, 0.5799999999999999600 ) ) ;
#6229 = LINE ( 'NONE', #474, #1806 ) ;
#6230 = VERTEX_POINT ( 'NONE', #6760 ) ;
#6231 = AXIS2_PLACEMENT_3D ( 'NONE', #5552, #1427, #2635 ) ;
#6232 = DIRECTION ( 'NONE',  ( 0.0000000000000000000, 0.0000000000000000000, -1.000000000000000000 ) ) ;
#6233 = EDGE_CURVE ( 'NONE', #1723, #6050, #3423, .T. ) ;
#6234 = FACE_OUTER_BOUND ( 'NONE', #1882, .T. ) ;
#6235 = VERTEX_POINT ( 'NONE', #2645 ) ;
#6236 = EDGE_LOOP ( 'NONE', ( #2596, #4142, #92, #2345, #2083, #2321 ) ) ;
#6237 = CARTESIAN_POINT ( 'NONE',  ( 0.0000000000000000000, 0.05000000000000001000, 0.0000000000000000000 ) ) ;
#6238 = VERTEX_POINT ( 'NONE', #4913 ) ;
#6239 = CARTESIAN_POINT ( 'NONE',  ( 0.2749999999999999700, 0.1809999999999999900, 0.6049999999999998700 ) ) ;
#6240 = DIRECTION ( 'NONE',  ( -2.276193266652355400E-015, 0.01745240643728355000, -0.9998476951563912700 ) ) ;
#6241 = ORIENTED_EDGE ( 'NONE', *, *, #4968, .F. ) ;
#6242 = CARTESIAN_POINT ( 'NONE',  ( 0.04999999999999996800, 0.3202202363389456400, -0.3467608106315214200 ) ) ;
#6243 = DIRECTION ( 'NONE',  ( -0.9998476951563912700, 0.01745240643728355000, 0.0000000000000000000 ) ) ;
#6244 = ADVANCED_FACE ( 'NONE', ( #2880 ), #1604, .T. ) ;
#6245 = CARTESIAN_POINT ( 'NONE',  ( 0.2335281094319531000, 0.2570000000000000600, 0.5633744347874545300 ) ) ;
#6246 = ORIENTED_EDGE ( 'NONE', *, *, #2097, .T. ) ;
#6247 = AXIS2_PLACEMENT_3D ( 'NONE', #2396, #7477, #4762 ) ;
#6248 = ORIENTED_EDGE ( 'NONE', *, *, #921, .F. ) ;
#6249 = CARTESIAN_POINT ( 'NONE',  ( 0.2200251867739136100, 0.1809999999999999900, -0.2706423620336976800 ) ) ;
#6250 = DIRECTION ( 'NONE',  ( 0.0000000000000000000, -1.000000000000000000, 0.0000000000000000000 ) ) ;
#6251 = CARTESIAN_POINT ( 'NONE',  ( -0.3228945072126887500, 0.09606589268205215100, 0.5780262302113096100 ) ) ;
#6252 = VERTEX_POINT ( 'NONE', #3531 ) ;
#6253 = CARTESIAN_POINT ( 'NONE',  ( 0.03642004483528839300, 0.2635366807060744400, -0.3815082652754128700 ) ) ;
#6254 = ORIENTED_EDGE ( 'NONE', *, *, #6881, .F. ) ;
#6255 = DIRECTION ( 'NONE',  ( -0.01745240643728355000, -0.9998476951563912700, 0.0000000000000000000 ) ) ;
#6256 = DIRECTION ( 'NONE',  ( 0.5735764363510464900, 0.0000000000000000000, 0.8191520442889914700 ) ) ;
#6257 = ORIENTED_EDGE ( 'NONE', *, *, #2395, .T. ) ;
#6258 = CARTESIAN_POINT ( 'NONE',  ( 0.04802468573568191600, 0.2918024949220854900, -0.3723067062321226400 ) ) ;
#6259 = EDGE_LOOP ( 'NONE', ( #3002, #1025, #2409, #7201 ) ) ;
#6260 = ORIENTED_EDGE ( 'NONE', *, *, #3105, .F. ) ;
#6261 = CARTESIAN_POINT ( 'NONE',  ( -0.2987956005199529600, 0.1810000000000000800, 0.6092893218813451000 ) ) ;
#6262 = PLANE ( 'NONE',  #7287 ) ;
#6263 = ORIENTED_EDGE ( 'NONE', *, *, #1547, .F. ) ;
#6264 = DIRECTION ( 'NONE',  ( 0.9961946980917456600, 0.08715574274765854100, 0.0000000000000000000 ) ) ;
#6265 = EDGE_LOOP ( 'NONE', ( #2104, #2490, #5677, #628 ) ) ;
#6266 = EDGE_CURVE ( 'NONE', #6399, #5026, #7089, .T. ) ;
#6267 = EDGE_CURVE ( 'NONE', #1373, #3564, #968, .T. ) ;
#6268 = CARTESIAN_POINT ( 'NONE',  ( 0.2749999999999999100, 0.1180000000000000100, 0.4257531754730548600 ) ) ;
#6269 = CARTESIAN_POINT ( 'NONE',  ( -0.2269215355548514500, -1.071727999169867400, 0.5799999999999999600 ) ) ;
#6270 = FACE_OUTER_BOUND ( 'NONE', #3047, .T. ) ;
#6271 = VECTOR ( 'NONE', #2145, 39.37007874015748100 ) ;
#6272 = DIRECTION ( 'NONE',  ( 0.0000000000000000000, 0.0000000000000000000, 1.000000000000000000 ) ) ;
#6273 = ADVANCED_FACE ( 'NONE', ( #1787 ), #879, .T. ) ;
#6274 = AXIS2_PLACEMENT_3D ( 'NONE', #2218, #5110, #3289 ) ;
#6275 = VERTEX_POINT ( 'NONE', #2120 ) ;
#6276 = AXIS2_PLACEMENT_3D ( 'NONE', #3861, #3840, #5042 ) ;
#6277 = CARTESIAN_POINT ( 'NONE',  ( 0.3451460955505734600, 0.2820000000000000300, 0.02866556363492562100 ) ) ;
#6278 = CARTESIAN_POINT ( 'NONE',  ( -0.1716273806595557900, 0.2820000000000000300, 0.6049239970457444000 ) ) ;
#6279 = CARTESIAN_POINT ( 'NONE',  ( -0.2637956005199529300, 0.1809999999999999900, 0.0000000000000000000 ) ) ;
#6280 = FACE_OUTER_BOUND ( 'NONE', #5138, .T. ) ;
#6281 = FACE_OUTER_BOUND ( 'NONE', #5451, .T. ) ;
#6282 = EDGE_LOOP ( 'NONE', ( #1762, #4304, #1989, #7033 ) ) ;
#6283 = LINE ( 'NONE', #3465, #5724 ) ;
#6284 = DIRECTION ( 'NONE',  ( 3.724790742992680200E-018, -0.9998476951563912700, 0.01745240643728355000 ) ) ;
#6285 = CARTESIAN_POINT ( 'NONE',  ( -0.1999999999999999600, 0.1200000000000000000, 0.6550000000000000300 ) ) ;
#6286 = DIRECTION ( 'NONE',  ( 0.01745240643728368200, -0.9998476951563912700, 0.0000000000000000000 ) ) ;
#6287 = VERTEX_POINT ( 'NONE', #3904 ) ;
#6288 = CIRCLE ( 'NONE', #503, 0.4000000000000000200 ) ;
#6289 = LINE ( 'NONE', #4617, #2870 ) ;
#6290 = VECTOR ( 'NONE', #38, 39.37007874015748100 ) ;
#6291 = ORIENTED_EDGE ( 'NONE', *, *, #2575, .F. ) ;
#6292 = PLANE ( 'NONE',  #593 ) ;
#6293 = ORIENTED_EDGE ( 'NONE', *, *, #7373, .F. ) ;
#6294 = VECTOR ( 'NONE', #899, 39.37007874015748100 ) ;
#6295 = CARTESIAN_POINT ( 'NONE',  ( 0.0000000000000000000, 0.3520000000000000400, 0.0000000000000000000 ) ) ;
#6296 = ORIENTED_EDGE ( 'NONE', *, *, #1029, .T. ) ;
#6297 = B_SPLINE_CURVE_WITH_KNOTS ( 'NONE', 3,
 ( #3923, #1624, #6866, #444, #7451, #1570, #6253 ),
 .UNSPECIFIED., .F., .F.,
 ( 4, 3, 4 ),
 ( 0.0000000000000000000, 0.0007620000000064107600, 0.001462791610907085100 ),
 .UNSPECIFIED. ) ;
#6298 = LINE ( 'NONE', #3265, #6669 ) ;
#6299 = ORIENTED_EDGE ( 'NONE', *, *, #5497, .F. ) ;
#6300 = EDGE_CURVE ( 'NONE', #2452, #6116, #6297, .T. ) ;
#6301 = VECTOR ( 'NONE', #3116, 39.37007874015748900 ) ;
#6302 = VERTEX_POINT ( 'NONE', #6908 ) ;
#6303 = CARTESIAN_POINT ( 'NONE',  ( 0.1400000000000001500, 0.2999999999999999300, 0.6550000000000000300 ) ) ;
#6304 = CARTESIAN_POINT ( 'NONE',  ( -0.2544966290299177100, 0.2376972280256889600, 0.6056973048070561900 ) ) ;
#6305 = ORIENTED_EDGE ( 'NONE', *, *, #6106, .F. ) ;
#6306 = ORIENTED_EDGE ( 'NONE', *, *, #6180, .T. ) ;
#6307 = CARTESIAN_POINT ( 'NONE',  ( -0.3460375863540456900, 0.2349925063694673100, 0.02784504478149200600 ) ) ;
#6308 = AXIS2_PLACEMENT_3D ( 'NONE', #1270, #3034, #636 ) ;
#6309 = CIRCLE ( 'NONE', #4323, 0.1699999999999999800 ) ;
#6310 = AXIS2_PLACEMENT_3D ( 'NONE', #600, #5322, #6487 ) ;
#6311 = VECTOR ( 'NONE', #4705, 39.37007874015748100 ) ;
#6312 = ORIENTED_EDGE ( 'NONE', *, *, #1829, .T. ) ;
#6313 = CARTESIAN_POINT ( 'NONE',  ( -0.2749999999999999100, 0.2500000000000000600, -2.417215185136336800E-017 ) ) ;
#6314 = DIRECTION ( 'NONE',  ( 0.0000000000000000000, -1.000000000000000000, 0.0000000000000000000 ) ) ;
#6315 = ADVANCED_FACE ( 'NONE', ( #4438 ), #7507, .T. ) ;
#6316 = EDGE_CURVE ( 'NONE', #722, #1690, #6298, .T. ) ;
#6317 = VECTOR ( 'NONE', #5585, 39.37007874015748100 ) ;
#6318 = CARTESIAN_POINT ( 'NONE',  ( -0.3250000000000000100, 0.2500000000000000600, 0.6550000000000000300 ) ) ;
#6319 = ORIENTED_EDGE ( 'NONE', *, *, #1254, .F. ) ;
#6320 = ORIENTED_EDGE ( 'NONE', *, *, #4046, .F. ) ;
#6321 = CARTESIAN_POINT ( 'NONE',  ( -0.2649999999999999600, 0.2500000000000000600, 0.4257531754730548600 ) ) ;
#6322 = CARTESIAN_POINT ( 'NONE',  ( 0.2149999999999999700, 0.0000000000000000000, 0.6550000000000000300 ) ) ;
#6323 = ORIENTED_EDGE ( 'NONE', *, *, #1205, .F. ) ;
#6324 = CARTESIAN_POINT ( 'NONE',  ( 0.03500000000000013500, 0.3520000000000000400, -0.2268626966596886400 ) ) ;
#6325 = EDGE_CURVE ( 'NONE', #6252, #3264, #3794, .T. ) ;
#6326 = DIRECTION ( 'NONE',  ( 0.0000000000000000000, 1.000000000000000000, 0.0000000000000000000 ) ) ;
#6327 = ORIENTED_EDGE ( 'NONE', *, *, #3793, .F. ) ;
#6328 = EDGE_CURVE ( 'NONE', #6238, #2049, #5091, .T. ) ;
#6329 = CARTESIAN_POINT ( 'NONE',  ( -0.04999999999999985700, 0.3048033090757144600, -0.3628911249749357500 ) ) ;
#6330 = CLOSED_SHELL ( 'NONE', ( #3781, #5264, #1275, #2217, #377, #4870, #5459, #7428, #758, #1571, #1943, #3670, #1986, #3278, #6470, #2710, #1158, #5778, #3357, #2282, #1419, #4131, #6813, #2544, #2909, #3966, #3057, #7110, #1764, #2858, #6315, #6785, #4368, #3504, #5495, #1805, #6428, #5063, #2798, #4563, #7156, #5891, #1729, #3017, #7629, #3634, #6343, #3748, #2785, #3893, #5218, #6922, #2331, #6078, #3471, #2320, #6888, #4569, #6703, #4837, #7235, #2369, #6550, #5581, #5668, #2939, #1609, #2099, #4908, #685, #4445, #641, #3852, #928, #882, #3596, #4403, #5726, #1074, #3556, #5424, #4949, #7120, #961, #505, #5940, #1838, #632, #4286, #5612, #469, #2176, #5228, #3441, #2400, #1352, #1380, #2755, #4117, #3239, #672, #4319, #2290, #1032, #6244, #5111, #6273, #222, #1229, #4636, #4673, #835, #5307, #610, #726, #3464, #7542, #184, #3581, #6164, #3201, #5388 ) ) ;
#6331 = CARTESIAN_POINT ( 'NONE',  ( 0.0000000000000000000, 0.0000000000000000000, 0.5698463253555017300 ) ) ;
#6332 = PLANE ( 'NONE',  #1290 ) ;
#6333 = VERTEX_POINT ( 'NONE', #7475 ) ;
#6334 = CARTESIAN_POINT ( 'NONE',  ( 0.04999999999999996100, 0.3146665943782037100, -0.3620241879260747100 ) ) ;
#6335 = ORIENTED_EDGE ( 'NONE', *, *, #1728, .F. ) ;
#6336 = DIRECTION ( 'NONE',  ( -0.01745240643728355000, -0.9998476951563912700, 0.0000000000000000000 ) ) ;
#6337 = CARTESIAN_POINT ( 'NONE',  ( -0.02499999999999997400, 0.07199999999999999500, 0.1465000000000002400 ) ) ;
#6338 = EDGE_LOOP ( 'NONE', ( #1301, #7055, #5779, #3056 ) ) ;
#6339 = EDGE_CURVE ( 'NONE', #7367, #6345, #5485, .T. ) ;
#6340 = ORIENTED_EDGE ( 'NONE', *, *, #5718, .F. ) ;
#6341 = ORIENTED_EDGE ( 'NONE', *, *, #1331, .T. ) ;
#6342 = CARTESIAN_POINT ( 'NONE',  ( 0.0000000000000000000, 0.2500000000000000600, 0.0000000000000000000 ) ) ;
#6343 = ADVANCED_FACE ( 'NONE', ( #7401 ), #2679, .T. ) ;
#6344 = CARTESIAN_POINT ( 'NONE',  ( -0.01499999999999994200, 0.1180000000000000100, 0.6049999999999998700 ) ) ;
#6345 = VERTEX_POINT ( 'NONE', #6324 ) ;
#6346 = AXIS2_PLACEMENT_3D ( 'NONE', #6699, #2552, #6799 ) ;
#6347 = DIRECTION ( 'NONE',  ( 0.0000000000000000000, 0.0000000000000000000, 1.000000000000000000 ) ) ;
#6348 = ORIENTED_EDGE ( 'NONE', *, *, #1782, .F. ) ;
#6349 = B_SPLINE_CURVE_WITH_KNOTS ( 'NONE', 3,
 ( #7053, #6434, #3997, #4594 ),
 .UNSPECIFIED., .F., .F.,
 ( 4, 4 ),
 ( 0.0000000000000000000, 0.001752914955491163400 ),
 .UNSPECIFIED. ) ;
#6350 = EDGE_CURVE ( 'NONE', #5883, #4652, #4812, .T. ) ;
#6351 = DIRECTION ( 'NONE',  ( 0.0000000000000000000, 1.000000000000000000, 0.0000000000000000000 ) ) ;
#6352 = PLANE ( 'NONE',  #3986 ) ;
#6353 = FACE_OUTER_BOUND ( 'NONE', #4097, .T. ) ;
#6354 = EDGE_LOOP ( 'NONE', ( #5849, #4893, #1696, #4427, #614, #709, #5795, #2624, #3936, #6891, #2270, #3745, #2003, #13, #7231, #2268, #7548, #3945, #7154, #1113 ) ) ;
#6355 = CARTESIAN_POINT ( 'NONE',  ( 0.2249999999999999800, 0.2820000000000000300, 0.5225000000000000800 ) ) ;
#6356 = FACE_OUTER_BOUND ( 'NONE', #3884, .T. ) ;
#6357 = EDGE_CURVE ( 'NONE', #2193, #2371, #3237, .T. ) ;
#6358 = EDGE_CURVE ( 'NONE', #5057, #283, #687, .T. ) ;
#6359 = ORIENTED_EDGE ( 'NONE', *, *, #6503, .T. ) ;
#6360 = DIRECTION ( 'NONE',  ( 0.0000000000000000000, 4.553079989440446200E-015, -1.000000000000000000 ) ) ;
#6361 = EDGE_LOOP ( 'NONE', ( #6341, #5143, #4448, #6168 ) ) ;
#6362 = LINE ( 'NONE', #3786, #4419 ) ;
#6363 = AXIS2_PLACEMENT_3D ( 'NONE', #1468, #1519, #6225 ) ;
#6364 = LINE ( 'NONE', #3607, #2222 ) ;
#6365 = AXIS2_PLACEMENT_3D ( 'NONE', #5433, #7174, #3008 ) ;
#6366 = CIRCLE ( 'NONE', #68, 0.1450000000000000200 ) ;
#6367 = CARTESIAN_POINT ( 'NONE',  ( -0.2861935327139884000, 0.3106300970415595300, 0.2736426065399921700 ) ) ;
#6368 = CARTESIAN_POINT ( 'NONE',  ( 0.0000000000000000000, 0.0000000000000000000, 0.0000000000000000000 ) ) ;
#6369 = ORIENTED_EDGE ( 'NONE', *, *, #2253, .T. ) ;
#6370 = DIRECTION ( 'NONE',  ( 0.01745240643728355000, -0.9998476951563912700, 4.966387657323574100E-018 ) ) ;
#6371 = B_SPLINE_CURVE_WITH_KNOTS ( 'NONE', 3,
 ( #2501, #4797, #6600, #3637 ),
 .UNSPECIFIED., .F., .F.,
 ( 4, 4 ),
 ( 0.0000000000000000000, 0.001753005666663780600 ),
 .UNSPECIFIED. ) ;
#6372 = CARTESIAN_POINT ( 'NONE',  ( -0.08500000000000008900, 0.1879687576256714700, 0.6098463253555017600 ) ) ;
#6373 = ORIENTED_EDGE ( 'NONE', *, *, #2307, .F. ) ;
#6374 = ORIENTED_EDGE ( 'NONE', *, *, #6894, .F. ) ;
#6375 = CIRCLE ( 'NONE', #7438, 0.1450000000000001800 ) ;
#6376 = FACE_OUTER_BOUND ( 'NONE', #2500, .T. ) ;
#6377 = DIRECTION ( 'NONE',  ( -0.08682659386424787500, 0.9924325091389671900, -0.08682659386424777800 ) ) ;
#6378 = EDGE_LOOP ( 'NONE', ( #669 ) ) ;
#6379 = AXIS2_PLACEMENT_3D ( 'NONE', #4843, #5419, #737 ) ;
#6380 = VECTOR ( 'NONE', #83, 39.37007874015748100 ) ;
#6381 = CARTESIAN_POINT ( 'NONE',  ( -0.2508486603761396200, 0.05902519679530311000, 0.5806949857316413600 ) ) ;
#6382 = VERTEX_POINT ( 'NONE', #3851 ) ;
#6383 = PRODUCT ( 'top_rev_E', 'top_rev_E', '', ( #2468 ) ) ;
#6384 = FACE_OUTER_BOUND ( 'NONE', #2915, .T. ) ;
#6385 = DIRECTION ( 'NONE',  ( -1.000000000000000000, 0.0000000000000000000, -0.0000000000000000000 ) ) ;
#6386 = FACE_OUTER_BOUND ( 'NONE', #4462, .T. ) ;
#6387 = ORIENTED_EDGE ( 'NONE', *, *, #603, .T. ) ;
#6388 = CARTESIAN_POINT ( 'NONE',  ( -0.2999999999999999900, 0.2500000000000000600, 0.2839245829002369800 ) ) ;
#6389 = LINE ( 'NONE', #2279, #2973 ) ;
#6390 = DIRECTION ( 'NONE',  ( 0.0000000000000000000, -0.0000000000000000000, -1.000000000000000000 ) ) ;
#6391 = FACE_OUTER_BOUND ( 'NONE', #5455, .T. ) ;
#6392 = ORIENTED_EDGE ( 'NONE', *, *, #4576, .T. ) ;
#6393 = EDGE_CURVE ( 'NONE', #2091, #4485, #1498, .T. ) ;
#6394 = LINE ( 'NONE', #6279, #2800 ) ;
#6395 = LINE ( 'NONE', #2789, #4633 ) ;
#6396 = CARTESIAN_POINT ( 'NONE',  ( -0.2999999999999999900, 0.0000000000000000000, 0.2839245829002378700 ) ) ;
#6397 = CARTESIAN_POINT ( 'NONE',  ( -0.3250000000000000100, 0.2500000000000000600, 0.2331844763272203900 ) ) ;
#6398 = DIRECTION ( 'NONE',  ( -0.9998476951563912700, 0.01745240643728355000, 0.0000000000000000000 ) ) ;
#6399 = VERTEX_POINT ( 'NONE', #4675 ) ;
#6400 = CARTESIAN_POINT ( 'NONE',  ( -0.2500000000000000600, 0.0000000000000000000, 0.5799999999999999600 ) ) ;
#6401 = AXIS2_PLACEMENT_3D ( 'NONE', #2701, #876, #4966 ) ;
#6402 = LINE ( 'NONE', #4777, #7044 ) ;
#6403 = CARTESIAN_POINT ( 'NONE',  ( -0.02374323532516830300, 0.0000000000000000000, -0.3504533827859615500 ) ) ;
#6404 = CARTESIAN_POINT ( 'NONE',  ( 0.2749999999999999100, 0.2500000000000000600, 0.4257531754730548600 ) ) ;
#6405 = ORIENTED_EDGE ( 'NONE', *, *, #2745, .T. ) ;
#6406 = DIRECTION ( 'NONE',  ( -0.0000000000000000000, 1.000000000000000000, -0.0000000000000000000 ) ) ;
#6407 = EDGE_CURVE ( 'NONE', #4764, #2502, #417, .T. ) ;
#6408 = CARTESIAN_POINT ( 'NONE',  ( -0.2999999999999999900, 0.1810000000000000800, 0.6300000000000000000 ) ) ;
#6409 = ORIENTED_EDGE ( 'NONE', *, *, #4625, .T. ) ;
#6410 = CARTESIAN_POINT ( 'NONE',  ( 0.1797601749091649000, 0.2263427696005390100, -0.3003103053786641000 ) ) ;
#6411 = ORIENTED_EDGE ( 'NONE', *, *, #1965, .F. ) ;
#6412 = CARTESIAN_POINT ( 'NONE',  ( 0.0000000000000000000, 0.1809999999999999900, 0.0000000000000000000 ) ) ;
#6413 = CARTESIAN_POINT ( 'NONE',  ( 0.2150000000000001100, 0.1180000000000000100, 0.6049999999999998700 ) ) ;
#6414 = AXIS2_PLACEMENT_3D ( 'NONE', #2823, #1656, #1631 ) ;
#6415 = DIRECTION ( 'NONE',  ( 0.0000000000000000000, 1.000000000000000000, 0.0000000000000000000 ) ) ;
#6416 = AXIS2_PLACEMENT_3D ( 'NONE', #3042, #6598, #642 ) ;
#6417 = ORIENTED_EDGE ( 'NONE', *, *, #7138, .F. ) ;
#6418 = DIRECTION ( 'NONE',  ( 0.0000000000000000000, 1.000000000000000000, 4.553079989440445400E-015 ) ) ;
#6419 = VERTEX_POINT ( 'NONE', #1667 ) ;
#6420 = ADVANCED_FACE ( 'NONE', ( #4611 ), #4994, .F. ) ;
#6421 = CARTESIAN_POINT ( 'NONE',  ( 0.1400000000000001500, 0.2999999999999999300, 0.6300000000000000000 ) ) ;
#6422 = EDGE_CURVE ( 'NONE', #7119, #987, #4340, .T. ) ;
#6423 = DIRECTION ( 'NONE',  ( 0.0000000000000000000, 0.0000000000000000000, 1.000000000000000000 ) ) ;
#6424 = EDGE_CURVE ( 'NONE', #3435, #1015, #5831, .T. ) ;
#6425 = ORIENTED_EDGE ( 'NONE', *, *, #1556, .F. ) ;
#6426 = CARTESIAN_POINT ( 'NONE',  ( 0.02500000000000000100, 0.05000000000000000300, -0.3456059578214985600 ) ) ;
#6427 = EDGE_LOOP ( 'NONE', ( #2004, #2779, #6899, #4895 ) ) ;
#6428 = ADVANCED_FACE ( 'NONE', ( #869 ), #6936, .T. ) ;
#6429 = CARTESIAN_POINT ( 'NONE',  ( 0.03499999999999995500, 0.3195982360857846400, -0.3615907086703890000 ) ) ;
#6430 = CARTESIAN_POINT ( 'NONE',  ( 0.2425345750661304400, 0.3319999999999999600, 0.2049778165127208500 ) ) ;
#6431 = DIRECTION ( 'NONE',  ( 0.0000000000000000000, -1.000000000000000000, 0.0000000000000000000 ) ) ;
#6432 = ORIENTED_EDGE ( 'NONE', *, *, #6758, .T. ) ;
#6433 = DIRECTION ( 'NONE',  ( -0.01745240643728355000, -0.9998476951563912700, 0.0000000000000000000 ) ) ;
#6434 = CARTESIAN_POINT ( 'NONE',  ( 0.2368447996165397300, 0.2039999956905108300, -0.2897033223321916500 ) ) ;
#6435 = CARTESIAN_POINT ( 'NONE',  ( -0.1999999999999999600, 0.1200000000000000000, 0.6049999999999998700 ) ) ;
#6436 = ORIENTED_EDGE ( 'NONE', *, *, #1918, .T. ) ;
#6437 = EDGE_CURVE ( 'NONE', #5225, #4948, #2594, .T. ) ;
#6438 = VERTEX_POINT ( 'NONE', #5206 ) ;
#6439 = PLANE ( 'NONE',  #1399 ) ;
#6440 = CARTESIAN_POINT ( 'NONE',  ( -0.2548707154241244300, 0.07918853669658951200, 0.5834602761047945600 ) ) ;
#6441 = VERTEX_POINT ( 'NONE', #4583 ) ;
#6442 = DIRECTION ( 'NONE',  ( 0.01744974916068271800, 0.9996954598818874600, 0.01744974916068272100 ) ) ;
#6443 = ORIENTED_EDGE ( 'NONE', *, *, #7148, .T. ) ;
#6444 = AXIS2_PLACEMENT_3D ( 'NONE', #1237, #3550, #5338 ) ;
#6445 = AXIS2_PLACEMENT_3D ( 'NONE', #445, #6326, #1552 ) ;
#6446 = CARTESIAN_POINT ( 'NONE',  ( 0.2537454433088416300, 0.05000000000000000300, -0.09449999999999882100 ) ) ;
#6447 = CARTESIAN_POINT ( 'NONE',  ( 0.03499999999999993400, 0.1879687576256714700, 0.6098463253555017600 ) ) ;
#6448 = FACE_OUTER_BOUND ( 'NONE', #7400, .T. ) ;
#6449 = EDGE_CURVE ( 'NONE', #541, #6474, #678, .T. ) ;
#6450 = DIRECTION ( 'NONE',  ( 0.0000000000000000000, 0.0000000000000000000, -1.000000000000000000 ) ) ;
#6451 = CYLINDRICAL_SURFACE ( 'NONE', #5597, 0.07499999999999998300 ) ;
#6452 = EDGE_LOOP ( 'NONE', ( #1209, #2770, #5434, #3990 ) ) ;
#6453 = EDGE_CURVE ( 'NONE', #6114, #4073, #2682, .T. ) ;
#6454 = DIRECTION ( 'NONE',  ( 1.000000000000000000, 0.0000000000000000000, 0.0000000000000000000 ) ) ;
#6455 = DIRECTION ( 'NONE',  ( -3.858542363932575600E-016, 6.162975822039154700E-033, -1.000000000000000000 ) ) ;
#6456 = LINE ( 'NONE', #6744, #3487 ) ;
#6457 = CARTESIAN_POINT ( 'NONE',  ( 0.1500000000000001600, 0.2270000000000000100, 0.6058840256167963300 ) ) ;
#6458 = LINE ( 'NONE', #4149, #5818 ) ;
#6459 = FACE_BOUND ( 'NONE', #41, .T. ) ;
#6460 = EDGE_LOOP ( 'NONE', ( #6263, #5412, #2781, #2190 ) ) ;
#6461 = PLANE ( 'NONE',  #4279 ) ;
#6462 = AXIS2_PLACEMENT_3D ( 'NONE', #45, #4699, #7134 ) ;
#6463 = CIRCLE ( 'NONE', #6553, 0.1213344363650744300 ) ;
#6464 = DIRECTION ( 'NONE',  ( 0.0000000000000000000, 0.0000000000000000000, 1.000000000000000000 ) ) ;
#6465 = EDGE_CURVE ( 'NONE', #1917, #3187, #5454, .T. ) ;
#6466 = VERTEX_POINT ( 'NONE', #7553 ) ;
#6467 = FACE_OUTER_BOUND ( 'NONE', #2774, .T. ) ;
#6468 = CIRCLE ( 'NONE', #6639, 0.1165089870143565000 ) ;
#6469 = CARTESIAN_POINT ( 'NONE',  ( 0.08499999999999995100, 0.2820000000000000300, 0.5649239970457443600 ) ) ;
#6470 = ADVANCED_FACE ( 'NONE', ( #2411 ), #6979, .T. ) ;
#6471 = VECTOR ( 'NONE', #1149, 39.37007874015748900 ) ;
#6472 = VERTEX_POINT ( 'NONE', #7530 ) ;
#6473 = CARTESIAN_POINT ( 'NONE',  ( -0.3250000000000000100, 0.0000000000000000000, 0.6550000000000000300 ) ) ;
#6474 = VERTEX_POINT ( 'NONE', #3486 ) ;
#6475 = DIRECTION ( 'NONE',  ( -0.0000000000000000000, -0.0000000000000000000, -1.000000000000000000 ) ) ;
#6476 = VECTOR ( 'NONE', #6971, 39.37007874015748100 ) ;
#6477 = CARTESIAN_POINT ( 'NONE',  ( 0.0000000000000000000, 0.2220000000000000000, 0.07738174026076732900 ) ) ;
#6478 = CARTESIAN_POINT ( 'NONE',  ( -0.2537454433088401900, 0.07199999999999999500, 0.1465000000000002400 ) ) ;
#6479 = EDGE_LOOP ( 'NONE', ( #1041, #142, #5683, #4810 ) ) ;
#6480 = LINE ( 'NONE', #2595, #1525 ) ;
#6481 = VERTEX_POINT ( 'NONE', #492 ) ;
#6482 = DIRECTION ( 'NONE',  ( 0.0000000000000000000, 0.0000000000000000000, -1.000000000000000000 ) ) ;
#6483 = VECTOR ( 'NONE', #5791, 39.37007874015748100 ) ;
#6484 = ORIENTED_EDGE ( 'NONE', *, *, #3177, .T. ) ;
#6485 = LINE ( 'NONE', #5302, #3244 ) ;
#6486 = VECTOR ( 'NONE', #5918, 39.37007874015748900 ) ;
#6487 = DIRECTION ( 'NONE',  ( 0.08715574274765836000, 0.9961946980917454300, 0.0000000000000000000 ) ) ;
#6488 = EDGE_LOOP ( 'NONE', ( #2750, #2362, #4868, #7245, #4565, #616, #1909, #6387 ) ) ;
#6489 = EDGE_CURVE ( 'NONE', #5358, #4231, #4431, .T. ) ;
#6490 = CARTESIAN_POINT ( 'NONE',  ( 0.2506668489669968100, 0.2499999999999987800, 0.6550000000000001400 ) ) ;
#6491 = DIRECTION ( 'NONE',  ( -2.134256245050204700E-016, 0.0000000000000000000, -1.000000000000000000 ) ) ;
#6492 = LINE ( 'NONE', #2893, #1799 ) ;
#6493 = DIRECTION ( 'NONE',  ( -1.000000000000000000, 0.0000000000000000000, -0.0000000000000000000 ) ) ;
#6494 = ORIENTED_EDGE ( 'NONE', *, *, #4824, .F. ) ;
#6495 = PLANE ( 'NONE',  #840 ) ;
#6496 = CARTESIAN_POINT ( 'NONE',  ( 0.0000000000000000000, 0.07199999999999999500, 0.0000000000000000000 ) ) ;
#6497 = CARTESIAN_POINT ( 'NONE',  ( -0.3587467056315502000, 0.3081199633365339600, 0.06286408791304691500 ) ) ;
#6498 = LINE ( 'NONE', #1393, #4918 ) ;
#6499 = ORIENTED_EDGE ( 'NONE', *, *, #6964, .T. ) ;
#6500 = DIRECTION ( 'NONE',  ( 1.000000000000000000, 0.0000000000000000000, 0.0000000000000000000 ) ) ;
#6501 = ORIENTED_EDGE ( 'NONE', *, *, #6181, .T. ) ;
#6502 = ADVANCED_FACE ( 'NONE', ( #3606 ), #4601, .T. ) ;
#6503 = EDGE_CURVE ( 'NONE', #1603, #774, #1059, .T. ) ;
#6504 = CARTESIAN_POINT ( 'NONE',  ( -0.1777526325617206100, 0.05000000000000000300, -0.2974432377767115000 ) ) ;
#6505 = APPLICATION_CONTEXT ( 'automotive_design' ) ;
#6506 = EDGE_CURVE ( 'NONE', #7143, #5788, #40, .T. ) ;
#6507 = DIRECTION ( 'NONE',  ( -0.9998476951563912700, 0.01745240643728355000, 0.0000000000000000000 ) ) ;
#6508 = ORIENTED_EDGE ( 'NONE', *, *, #7283, .T. ) ;
#6509 = DIRECTION ( 'NONE',  ( 8.098456144300827400E-016, -0.0000000000000000000, 1.000000000000000000 ) ) ;
#6510 = ADVANCED_FACE ( 'NONE', ( #319 ), #95, .T. ) ;
#6511 = CARTESIAN_POINT ( 'NONE',  ( 0.3025926235185364400, 0.2866229683028543300, 0.2258636766360396800 ) ) ;
#6512 = ORIENTED_EDGE ( 'NONE', *, *, #2242, .T. ) ;
#6513 = CARTESIAN_POINT ( 'NONE',  ( 0.02500000000000000500, 0.2256519853392701700, -0.3286810049174472800 ) ) ;
#6515 = ORIENTED_EDGE ( 'NONE', *, *, #401, .F. ) ;
#6514 = DIRECTION ( 'NONE',  ( -0.9998476951563912700, 0.01745240643728355000, 8.788534660202170600E-017 ) ) ;
#6516 = CARTESIAN_POINT ( 'NONE',  ( 0.1490000000000002200, 0.0000000000000000000, 0.6098463253555017600 ) ) ;
#6517 = EDGE_CURVE ( 'NONE', #833, #3903, #2318, .T. ) ;
#6518 = EDGE_CURVE ( 'NONE', #5329, #1518, #5549, .T. ) ;
#6519 = CARTESIAN_POINT ( 'NONE',  ( 0.04999999999999994700, 0.2811228420613331400, -0.3649724917124371200 ) ) ;
#6520 = ORIENTED_EDGE ( 'NONE', *, *, #3902, .F. ) ;
#6521 = LINE ( 'NONE', #4749, #14 ) ;
#6522 = DIRECTION ( 'NONE',  ( -0.0000000000000000000, -0.0000000000000000000, -1.000000000000000000 ) ) ;
#6523 = EDGE_LOOP ( 'NONE', ( #1370, #178, #7118, #4091 ) ) ;
#6524 = DIRECTION ( 'NONE',  ( 1.000000000000000000, 0.0000000000000000000, 0.0000000000000000000 ) ) ;
#6525 = AXIS2_PLACEMENT_3D ( 'NONE', #5393, #655, #6551 ) ;
#6526 = CARTESIAN_POINT ( 'NONE',  ( 0.3397833964265855600, 0.05000000000000000300, -0.06793910210276001000 ) ) ;
#6527 = AXIS2_PLACEMENT_3D ( 'NONE', #7436, #332, #2692 ) ;
#6528 = ORIENTED_EDGE ( 'NONE', *, *, #297, .F. ) ;
#6529 = ORIENTED_EDGE ( 'NONE', *, *, #821, .F. ) ;
#6530 = CARTESIAN_POINT ( 'NONE',  ( 0.05000000000000003100, 0.3320000000000000200, -0.3044496580875977200 ) ) ;
#6531 = CARTESIAN_POINT ( 'NONE',  ( -2.755455298081544200E-017, -0.1052560918879525500, 0.2260573794868424300 ) ) ;
#6532 = PRODUCT_DEFINITION_CONTEXT ( 'detailed design', #6505, 'design' ) ;
#6533 = PLANE ( 'NONE',  #4725 ) ;
#6534 = B_SPLINE_CURVE_WITH_KNOTS ( 'NONE', 3,
 ( #3896, #5127, #2192, #2360 ),
 .UNSPECIFIED., .F., .F.,
 ( 4, 4 ),
 ( 0.06051943798954377600, 0.06768345077880233400 ),
 .UNSPECIFIED. ) ;
#6535 = EDGE_CURVE ( 'NONE', #7488, #7076, #2782, .T. ) ;
#6536 = PLANE ( 'NONE',  #5775 ) ;
#6537 = VERTEX_POINT ( 'NONE', #1289 ) ;
#6538 = AXIS2_PLACEMENT_3D ( 'NONE', #2919, #7127, #4118 ) ;
#6539 = DIRECTION ( 'NONE',  ( 0.9998476951563912700, -0.01745240643728368200, 3.415602128585676900E-016 ) ) ;
#6540 = CARTESIAN_POINT ( 'NONE',  ( 0.004802109017156956100, 0.0000000000000000000, -0.03453694512433231500 ) ) ;
#6541 = EDGE_LOOP ( 'NONE', ( #1376, #5744, #1815, #1924 ) ) ;
#6542 = CARTESIAN_POINT ( 'NONE',  ( 0.02573310839000880100, 0.1139997515347904000, -0.2894412486624908200 ) ) ;
#6543 = VERTEX_POINT ( 'NONE', #1268 ) ;
#6544 = CARTESIAN_POINT ( 'NONE',  ( -0.3250000000000000100, 0.05000000000000000300, 0.6550000000000000300 ) ) ;
#6545 = EDGE_CURVE ( 'NONE', #3756, #1528, #6108, .T. ) ;
#6546 = VECTOR ( 'NONE', #7468, 39.37007874015748100 ) ;
#6547 = CARTESIAN_POINT ( 'NONE',  ( -0.04999999999999985700, 0.3313846152692517800, -0.3156329698853143600 ) ) ;
#6548 = VERTEX_POINT ( 'NONE', #2991 ) ;
#6549 = CARTESIAN_POINT ( 'NONE',  ( -0.3435178750375672000, 0.3202179887254463200, 0.06687396581543755800 ) ) ;
#6550 = ADVANCED_FACE ( 'NONE', ( #3785 ), #1841, .F. ) ;
#6551 = DIRECTION ( 'NONE',  ( -5.691349986800544900E-016, 0.0000000000000000000, -1.000000000000000000 ) ) ;
#6552 = CIRCLE ( 'NONE', #861, 0.3512567646748315800 ) ;
#6553 = AXIS2_PLACEMENT_3D ( 'NONE', #4538, #1013, #4460 ) ;
#6554 = CARTESIAN_POINT ( 'NONE',  ( 0.2583726193404443600, 0.2820000000000000300, 0.5502169413402260300 ) ) ;
#6555 = SURFACE_SIDE_STYLE ('',( #3716 ) ) ;
#6556 = ORIENTED_EDGE ( 'NONE', *, *, #1484, .F. ) ;
#6557 = DIRECTION ( 'NONE',  ( 0.0000000000000000000, -1.000000000000000000, 0.0000000000000000000 ) ) ;
#6558 = EDGE_LOOP ( 'NONE', ( #5235, #5205, #634, #6805 ) ) ;
#6559 = VECTOR ( 'NONE', #1999, 39.37007874015748100 ) ;
#6560 = VECTOR ( 'NONE', #5240, 39.37007874015748100 ) ;
#6561 = EDGE_CURVE ( 'NONE', #3468, #3564, #1334, .T. ) ;
#6562 = CIRCLE ( 'NONE', #901, 0.3463344363650741600 ) ;
#6563 = DIRECTION ( 'NONE',  ( -0.0000000000000000000, -1.000000000000000000, -0.0000000000000000000 ) ) ;
#6564 = ORIENTED_EDGE ( 'NONE', *, *, #1255, .T. ) ;
#6565 = CARTESIAN_POINT ( 'NONE',  ( 0.2150000000000001400, 0.2263427696005390100, 0.6049999999999998700 ) ) ;
#6566 = CARTESIAN_POINT ( 'NONE',  ( -0.2722711900930228100, 0.09366658513164778700, 0.2623005007386083300 ) ) ;
#6567 = ORIENTED_EDGE ( 'NONE', *, *, #1102, .F. ) ;
#6568 = FACE_OUTER_BOUND ( 'NONE', #5611, .T. ) ;
#6569 = CARTESIAN_POINT ( 'NONE',  ( 0.0000000000000000000, 0.0000000000000000000, 0.0000000000000000000 ) ) ;
#6570 = AXIS2_PLACEMENT_3D ( 'NONE', #3779, #1416, #3088 ) ;
#6571 = VERTEX_POINT ( 'NONE', #5357 ) ;
#6572 = AXIS2_PLACEMENT_3D ( 'NONE', #433, #4551, #1606 ) ;
#6573 = VECTOR ( 'NONE', #6611, 39.37007874015748100 ) ;
#6574 = EDGE_LOOP ( 'NONE', ( #3459 ) ) ;
#6575 = CARTESIAN_POINT ( 'NONE',  ( 0.2337008162261337300, 0.0000000000000000000, 0.1465000000000002400 ) ) ;
#6576 = CARTESIAN_POINT ( 'NONE',  ( -0.2571868312098045100, 0.2307853611581090500, 0.6550000000000000300 ) ) ;
#6577 = VECTOR ( 'NONE', #185, 39.37007874015748100 ) ;
#6578 = CARTESIAN_POINT ( 'NONE',  ( 0.3846946932065132800, 0.1996943323434158800, -0.05659016412386350800 ) ) ;
#6579 = CARTESIAN_POINT ( 'NONE',  ( -0.3347459067871018100, 0.3247834446531607200, 0.06928676676384644400 ) ) ;
#6580 = VERTEX_POINT ( 'NONE', #1232 ) ;
#6581 = LINE ( 'NONE', #5760, #5384 ) ;
#6582 = EDGE_CURVE ( 'NONE', #7536, #930, #4245, .T. ) ;
#6583 = LINE ( 'NONE', #4370, #5004 ) ;
#6584 = EDGE_CURVE ( 'NONE', #431, #5362, #3962, .T. ) ;
#6585 = ORIENTED_EDGE ( 'NONE', *, *, #3940, .F. ) ;
#6586 = DIRECTION ( 'NONE',  ( -1.000000000000000000, 0.0000000000000000000, -3.201384367575304700E-016 ) ) ;
#6587 = VECTOR ( 'NONE', #7064, 39.37007874015748100 ) ;
#6588 = DIRECTION ( 'NONE',  ( 0.01745240643728355000, -0.9998476951563912700, -0.0000000000000000000 ) ) ;
#6589 = CARTESIAN_POINT ( 'NONE',  ( 0.02500000000000000500, 0.04999999999999998200, 0.6049999999999998700 ) ) ;
#6590 =( NAMED_UNIT ( * ) PLANE_ANGLE_UNIT ( ) SI_UNIT ( $, .RADIAN. ) );
#6591 = ORIENTED_EDGE ( 'NONE', *, *, #3439, .F. ) ;
#6592 = CARTESIAN_POINT ( 'NONE',  ( 0.2730333959664952300, 0.1373333303776199900, 0.2158241862706623500 ) ) ;
#6593 = LINE ( 'NONE', #3761, #697 ) ;
#6594 = DIRECTION ( 'NONE',  ( -1.000000000000000000, 0.0000000000000000000, -0.0000000000000000000 ) ) ;
#6595 = LINE ( 'NONE', #5980, #7525 ) ;
#6596 = ADVANCED_FACE ( 'NONE', ( #506 ), #5907, .F. ) ;
#6597 = VECTOR ( 'NONE', #3989, 39.37007874015748100 ) ;
#6598 = DIRECTION ( 'NONE',  ( 0.0000000000000000000, 1.000000000000000000, 0.0000000000000000000 ) ) ;
#6599 = EDGE_LOOP ( 'NONE', ( #4240, #7491, #715, #7624 ) ) ;
#6600 = CARTESIAN_POINT ( 'NONE',  ( -0.2995985333063140900, 0.2269999885227046200, 0.2836361119017801200 ) ) ;
#6601 = EDGE_CURVE ( 'NONE', #3591, #3413, #2495, .T. ) ;
#6602 = CARTESIAN_POINT ( 'NONE',  ( -0.02500000000000000500, 0.0000000000000000000, 0.6550000000000000300 ) ) ;
#6603 = B_SPLINE_CURVE_WITH_KNOTS ( 'NONE', 3,
 ( #5330, #6995, #1816, #7078, #7603, #5243, #5934 ),
 .UNSPECIFIED., .F., .F.,
 ( 4, 3, 4 ),
 ( 0.01081054089826517100, 0.01439253950578787400, 0.01797570008340183100 ),
 .UNSPECIFIED. ) ;
#6604 = CARTESIAN_POINT ( 'NONE',  ( 0.2149999999999999100, 0.1050000000000000100, 0.6550000000000000300 ) ) ;
#6605 = VECTOR ( 'NONE', #6390, 39.37007874015748100 ) ;
#6606 = ORIENTED_EDGE ( 'NONE', *, *, #2531, .T. ) ;
#6607 = CARTESIAN_POINT ( 'NONE',  ( -0.2737095692388178400, 0.04204900623295087400, 0.6549999999999998000 ) ) ;
#6608 = DIRECTION ( 'NONE',  ( 0.0000000000000000000, 0.0000000000000000000, -1.000000000000000000 ) ) ;
#6609 = CARTESIAN_POINT ( 'NONE',  ( 0.2150000000000001100, 0.2263499752733202100, 0.5445871872828417200 ) ) ;
#6610 = EDGE_LOOP ( 'NONE', ( #4217, #2330, #1000, #3608 ) ) ;
#6611 = DIRECTION ( 'NONE',  ( -1.000000000000000000, 0.0000000000000000000, -0.0000000000000000000 ) ) ;
#6612 = EDGE_LOOP ( 'NONE', ( #7388, #4685, #2067, #702 ) ) ;
#6613 = EDGE_CURVE ( 'NONE', #3079, #1872, #5642, .T. ) ;
#6614 = DIRECTION ( 'NONE',  ( 0.8191520442889902400, -0.0000000000000000000, 0.5735764363510481600 ) ) ;
#6615 = FILL_AREA_STYLE_COLOUR ( '', #5624 ) ;
#6616 = EDGE_CURVE ( 'NONE', #3336, #408, #3229, .T. ) ;
#6617 = CARTESIAN_POINT ( 'NONE',  ( 0.2537454433088415800, 0.07200000000000000800, -0.1464999999999987700 ) ) ;
#6618 = EDGE_LOOP ( 'NONE', ( #5713, #2021, #3844, #1054 ) ) ;
#6619 = DIRECTION ( 'NONE',  ( 1.000000000000000000, 0.0000000000000000000, -4.614608097405848800E-017 ) ) ;
#6620 = AXIS2_PLACEMENT_3D ( 'NONE', #6198, #5652, #3209 ) ;
#6621 = VERTEX_POINT ( 'NONE', #74 ) ;
#6622 = DIRECTION ( 'NONE',  ( 0.0000000000000000000, 0.0000000000000000000, -1.000000000000000000 ) ) ;
#6623 = AXIS2_PLACEMENT_3D ( 'NONE', #3191, #917, #1454 ) ;
#6624 = ORIENTED_EDGE ( 'NONE', *, *, #3233, .F. ) ;
#6625 = DIRECTION ( 'NONE',  ( 0.0000000000000000000, 0.0000000000000000000, -1.000000000000000000 ) ) ;
#6626 = EDGE_CURVE ( 'NONE', #3591, #412, #6204, .T. ) ;
#6627 = ORIENTED_EDGE ( 'NONE', *, *, #4120, .T. ) ;
#6628 = DIRECTION ( 'NONE',  ( 0.0000000000000000000, -0.0000000000000000000, 1.000000000000000000 ) ) ;
#6629 = VERTEX_POINT ( 'NONE', #7237 ) ;
#6630 = DIRECTION ( 'NONE',  ( -1.000000000000000000, 0.0000000000000000000, 0.0000000000000000000 ) ) ;
#6631 = ADVANCED_FACE ( 'NONE', ( #5737 ), #4309, .T. ) ;
#6632 = ORIENTED_EDGE ( 'NONE', *, *, #3902, .T. ) ;
#6633 = CARTESIAN_POINT ( 'NONE',  ( -0.1318333785753996200, 0.07199999999999999500, 0.2318637467250648500 ) ) ;
#6634 = ORIENTED_EDGE ( 'NONE', *, *, #4199, .F. ) ;
#6635 = CARTESIAN_POINT ( 'NONE',  ( -0.2715089870143564400, 0.05000000000000000300, 0.3957531754730548900 ) ) ;
#6636 = DIRECTION ( 'NONE',  ( -0.0000000000000000000, -0.0000000000000000000, 1.000000000000000000 ) ) ;
#6637 = CARTESIAN_POINT ( 'NONE',  ( 0.0000000000000000000, 0.05000000000000001000, 0.0000000000000000000 ) ) ;
#6638 = VERTEX_POINT ( 'NONE', #5416 ) ;
#6639 = AXIS2_PLACEMENT_3D ( 'NONE', #5768, #3404, #4575 ) ;
#6640 = VERTEX_POINT ( 'NONE', #3672 ) ;
#6641 = DIRECTION ( 'NONE',  ( 0.0000000000000000000, 0.9998476951563912700, -0.01745240643728355000 ) ) ;
#6642 = CARTESIAN_POINT ( 'NONE',  ( 0.2249999999999999800, 0.2920000000000000400, 0.3775000000000000000 ) ) ;
#6643 = VECTOR ( 'NONE', #6648, 39.37007874015748100 ) ;
#6644 = CIRCLE ( 'NONE', #2808, 0.4043637662320543900 ) ;
#6645 = CARTESIAN_POINT ( 'NONE',  ( -0.03000000000000001300, 0.03000000000000002700, -0.3141060010942235400 ) ) ;
#6646 = ORIENTED_EDGE ( 'NONE', *, *, #4228, .F. ) ;
#6647 = DIRECTION ( 'NONE',  ( 0.01745240643728355000, -0.9998476951563912700, 0.0000000000000000000 ) ) ;
#6648 = DIRECTION ( 'NONE',  ( 7.114187483500681200E-017, -0.0000000000000000000, 1.000000000000000000 ) ) ;
#6649 = CONICAL_SURFACE ( 'NONE', #1187, 0.08999999999999999700, 0.03490658503988666700 ) ;
#6650 = LINE ( 'NONE', #7198, #1858 ) ;
#6651 = LINE ( 'NONE', #6239, #3857 ) ;
#6652 = ORIENTED_EDGE ( 'NONE', *, *, #1885, .T. ) ;
#6653 = LINE ( 'NONE', #2293, #4045 ) ;
#6654 = CARTESIAN_POINT ( 'NONE',  ( -0.3250000000000000100, 0.2500000000000000600, 0.5799999999999999600 ) ) ;
#6655 = AXIS2_PLACEMENT_3D ( 'NONE', #7, #1122, #6464 ) ;
#6656 = EDGE_LOOP ( 'NONE', ( #318 ) ) ;
#6657 = DIRECTION ( 'NONE',  ( -0.0000000000000000000, -0.0000000000000000000, -1.000000000000000000 ) ) ;
#6658 = CARTESIAN_POINT ( 'NONE',  ( 0.2887114635664925800, 0.2273969601743952300, 0.02500000000000006700 ) ) ;
#6659 = VECTOR ( 'NONE', #2761, 39.37007874015748100 ) ;
#6660 = VECTOR ( 'NONE', #2032, 39.37007874015748100 ) ;
#6661 = CARTESIAN_POINT ( 'NONE',  ( 0.1887674472893689200, 0.2500000000000000600, -0.2695878535841079200 ) ) ;
#6662 = ORIENTED_EDGE ( 'NONE', *, *, #1378, .T. ) ;
#6663 = DIRECTION ( 'NONE',  ( -0.0000000000000000000, -0.0000000000000000000, 1.000000000000000000 ) ) ;
#6664 = EDGE_CURVE ( 'NONE', #1087, #1594, #1692, .T. ) ;
#6665 = ORIENTED_EDGE ( 'NONE', *, *, #1167, .T. ) ;
#6666 = EDGE_CURVE ( 'NONE', #239, #2980, #2230, .T. ) ;
#6667 = ADVANCED_FACE ( 'NONE', ( #963 ), #3751, .F. ) ;
#6668 = ORIENTED_EDGE ( 'NONE', *, *, #795, .T. ) ;
#6669 = VECTOR ( 'NONE', #1551, 39.37007874015748100 ) ;
#6670 = ORIENTED_EDGE ( 'NONE', *, *, #2896, .T. ) ;
#6671 = CARTESIAN_POINT ( 'NONE',  ( -0.02500000000000000500, 0.1180000000000000100, -0.2868019325236987900 ) ) ;
#6672 = FACE_OUTER_BOUND ( 'NONE', #82, .T. ) ;
#6673 = CARTESIAN_POINT ( 'NONE',  ( 0.02231656006532032800, 0.04085787398452387500, -0.2987391212248641800 ) ) ;
#6674 = AXIS2_PLACEMENT_3D ( 'NONE', #4025, #5230, #5833 ) ;
#6675 = ORIENTED_EDGE ( 'NONE', *, *, #3830, .T. ) ;
#6676 = AXIS2_PLACEMENT_3D ( 'NONE', #6161, #6753, #3198 ) ;
#6677 = LINE ( 'NONE', #3332, #2886 ) ;
#6678 = CIRCLE ( 'NONE', #2111, 0.3729224778156263700 ) ;
#6679 = VERTEX_POINT ( 'NONE', #6654 ) ;
#6680 = DIRECTION ( 'NONE',  ( -0.0000000000000000000, -0.0000000000000000000, -1.000000000000000000 ) ) ;
#6681 = PLANE ( 'NONE',  #1012 ) ;
#6682 = CARTESIAN_POINT ( 'NONE',  ( 0.2413558663388521400, 0.1996943323434158500, -0.3048602949559705000 ) ) ;
#6683 = CIRCLE ( 'NONE', #7606, 0.1743637662320544600 ) ;
#6684 = ORIENTED_EDGE ( 'NONE', *, *, #7373, .T. ) ;
#6685 = EDGE_CURVE ( 'NONE', #4764, #3615, #5178, .T. ) ;
#6686 = CARTESIAN_POINT ( 'NONE',  ( -0.3407521969629026000, 0.2820000000000000300, 0.06193126897835079400 ) ) ;
#6687 = CARTESIAN_POINT ( 'NONE',  ( 0.2525082565285726700, 0.2149700263379374400, 0.6060940095881524000 ) ) ;
#6688 = CARTESIAN_POINT ( 'NONE',  ( -0.04999999999999985700, 0.3195982360857846900, -0.3615907086703890000 ) ) ;
#6689 = ORIENTED_EDGE ( 'NONE', *, *, #4512, .F. ) ;
#6690 = VERTEX_POINT ( 'NONE', #2558 ) ;
#6691 = CARTESIAN_POINT ( 'NONE',  ( 0.2187102347761703500, 0.05000000000000000300, -0.2687644159591591200 ) ) ;
#6692 = EDGE_CURVE ( 'NONE', #6571, #1341, #1633, .T. ) ;
#6693 = ORIENTED_EDGE ( 'NONE', *, *, #1741, .F. ) ;
#6694 = CARTESIAN_POINT ( 'NONE',  ( 0.03000000000000000200, 0.02999999999999998500, -0.1941060010942235500 ) ) ;
#6695 = B_SPLINE_CURVE_WITH_KNOTS ( 'NONE', 3,
 ( #1372, #4201, #4853, #705 ),
 .UNSPECIFIED., .F., .F.,
 ( 4, 4 ),
 ( 0.02435453999412216400, 0.03151915554541989000 ),
 .UNSPECIFIED. ) ;
#6696 = ORIENTED_EDGE ( 'NONE', *, *, #4610, .F. ) ;
#6697 = DIRECTION ( 'NONE',  ( 0.0000000000000000000, 1.000000000000000000, 0.0000000000000000000 ) ) ;
#6698 = CARTESIAN_POINT ( 'NONE',  ( -0.04999999999999985700, 0.3048033090757144600, -0.3628911249749357500 ) ) ;
#6699 = CARTESIAN_POINT ( 'NONE',  ( 0.0000000000000000000, 0.0000000000000000000, 0.0000000000000000000 ) ) ;
#6700 = ORIENTED_EDGE ( 'NONE', *, *, #5171, .T. ) ;
#6701 = CARTESIAN_POINT ( 'NONE',  ( 0.3293637662320544300, 0.0000000000000000000, 0.2345838121755381100 ) ) ;
#6702 = CARTESIAN_POINT ( 'NONE',  ( 0.1453455887281020500, 0.2500000000000000600, -0.2511611827213247600 ) ) ;
#6703 = ADVANCED_FACE ( 'NONE', ( #4532 ), #3704, .T. ) ;
#6704 = AXIS2_PLACEMENT_3D ( 'NONE', #3315, #3882, #5659 ) ;
#6705 = ORIENTED_EDGE ( 'NONE', *, *, #7283, .F. ) ;
#6706 = CARTESIAN_POINT ( 'NONE',  ( 0.3486946667645337000, 0.09398494591035803900, -0.02538374865830843300 ) ) ;
#6707 = CIRCLE ( 'NONE', #6900, 0.4043637662320543900 ) ;
#6708 = ORIENTED_EDGE ( 'NONE', *, *, #3091, .F. ) ;
#6709 = DIRECTION ( 'NONE',  ( 0.0000000000000000000, -0.9998476951563912700, 0.01745240643728355000 ) ) ;
#6710 = CARTESIAN_POINT ( 'NONE',  ( 0.2645902331477463200, 0.2265244727568327100, 0.4257531754730548600 ) ) ;
#6711 = EDGE_CURVE ( 'NONE', #4485, #4055, #4912, .T. ) ;
#6712 = DIRECTION ( 'NONE',  ( 1.338236348247696500E-015, 0.0000000000000000000, 1.000000000000000000 ) ) ;
#6713 = DIRECTION ( 'NONE',  ( -1.000000000000000000, -1.440848097924190100E-016, 2.227479408019152200E-016 ) ) ;
#6714 = CARTESIAN_POINT ( 'NONE',  ( 0.3478985066683595900, 0.1809999999999999900, -0.02499999999999992200 ) ) ;
#6715 = EDGE_LOOP ( 'NONE', ( #2778, #5515, #5523, #4605 ) ) ;
#6716 = B_SPLINE_CURVE_WITH_KNOTS ( 'NONE', 3,
 ( #988, #7481, #2199, #6868 ),
 .UNSPECIFIED., .F., .F.,
 ( 4, 4 ),
 ( 0.0000000000000000000, 0.007165159317094870300 ),
 .UNSPECIFIED. ) ;
#6717 = ORIENTED_EDGE ( 'NONE', *, *, #1969, .F. ) ;
#6718 = CARTESIAN_POINT ( 'NONE',  ( 0.2500000000000001700, 0.0000000000000000000, 0.6298463253555017800 ) ) ;
#6719 = AXIS2_PLACEMENT_3D ( 'NONE', #5813, #4660, #1174 ) ;
#6720 = DIRECTION ( 'NONE',  ( 0.0000000000000000000, 0.0000000000000000000, 1.000000000000000000 ) ) ;
#6721 = ORIENTED_EDGE ( 'NONE', *, *, #1389, .F. ) ;
#6722 = EDGE_CURVE ( 'NONE', #5889, #1912, #1423, .T. ) ;
#6723 = CARTESIAN_POINT ( 'NONE',  ( 0.04000000000000001500, 0.1200000000000000000, 0.6550000000000000300 ) ) ;
#6724 = EDGE_CURVE ( 'NONE', #3097, #1912, #1870, .T. ) ;
#6725 = CARTESIAN_POINT ( 'NONE',  ( 0.0000000000000000000, 0.2820000000000000300, 0.5649239970457443600 ) ) ;
#6726 = DIRECTION ( 'NONE',  ( 0.0000000000000000000, 0.0000000000000000000, 1.000000000000000000 ) ) ;
#6727 = ORIENTED_EDGE ( 'NONE', *, *, #3030, .F. ) ;
#6728 = DIRECTION ( 'NONE',  ( 0.0000000000000000000, 0.0000000000000000000, 1.000000000000000000 ) ) ;
#6729 = CARTESIAN_POINT ( 'NONE',  ( -0.03643089131610176300, 0.2954470547443204800, -0.3787026399430181700 ) ) ;
#6730 = ORIENTED_EDGE ( 'NONE', *, *, #2084, .F. ) ;
#6731 = CARTESIAN_POINT ( 'NONE',  ( -0.3249999999999999600, 0.07199999999999999500, 0.3008463253555016500 ) ) ;
#6732 = LINE ( 'NONE', #3284, #5340 ) ;
#6733 = DIRECTION ( 'NONE',  ( 0.0000000000000000000, 1.000000000000000000, 0.0000000000000000000 ) ) ;
#6734 = ORIENTED_EDGE ( 'NONE', *, *, #3318, .T. ) ;
#6735 = CARTESIAN_POINT ( 'NONE',  ( -0.04999999999999985700, 0.3288661519991631400, -0.3504923850514051200 ) ) ;
#6736 = DIRECTION ( 'NONE',  ( 1.000000000000000000, -0.0000000000000000000, -0.0000000000000000000 ) ) ;
#6737 = EDGE_CURVE ( 'NONE', #776, #6382, #4054, .T. ) ;
#6738 = LINE ( 'NONE', #556, #7470 ) ;
#6739 = VECTOR ( 'NONE', #4476, 39.37007874015748100 ) ;
#6740 = ADVANCED_FACE ( 'NONE', ( #770 ), #4239, .F. ) ;
#6741 = VECTOR ( 'NONE', #3375, 39.37007874015748900 ) ;
#6742 = CARTESIAN_POINT ( 'NONE',  ( -0.2537454433088418000, 0.1809999999999999900, 0.1464999999999987700 ) ) ;
#6743 = ORIENTED_EDGE ( 'NONE', *, *, #3978, .F. ) ;
#6744 = CARTESIAN_POINT ( 'NONE',  ( -0.1502013932409262100, 0.2258578421741405400, 0.6413855083707035200 ) ) ;
#6745 = PLANE ( 'NONE',  #6623 ) ;
#6746 = ORIENTED_EDGE ( 'NONE', *, *, #6046, .F. ) ;
#6747 = DIRECTION ( 'NONE',  ( 0.9998476951563912700, -0.01745240643728355000, -7.316335499954000200E-016 ) ) ;
#6748 = LINE ( 'NONE', #4643, #6560 ) ;
#6749 = CIRCLE ( 'NONE', #215, 0.01499999999999997200 ) ;
#6750 = ORIENTED_EDGE ( 'NONE', *, *, #6906, .F. ) ;
#6751 = DIRECTION ( 'NONE',  ( 0.0000000000000000000, 0.0000000000000000000, 1.000000000000000000 ) ) ;
#6752 = DIRECTION ( 'NONE',  ( 0.0000000000000000000, 0.0000000000000000000, 1.000000000000000000 ) ) ;
#6753 = DIRECTION ( 'NONE',  ( 0.5734890778816085200, -0.01745240643728355000, 0.8190272834649955400 ) ) ;
#6754 = EDGE_CURVE ( 'NONE', #3871, #441, #6864, .T. ) ;
#6755 = ORIENTED_EDGE ( 'NONE', *, *, #1632, .F. ) ;
#6756 = ORIENTED_EDGE ( 'NONE', *, *, #3036, .T. ) ;
#6757 = LINE ( 'NONE', #6976, #132 ) ;
#6758 = EDGE_CURVE ( 'NONE', #7363, #5895, #7015, .T. ) ;
#6759 = VECTOR ( 'NONE', #2346, 39.37007874015748100 ) ;
#6760 = CARTESIAN_POINT ( 'NONE',  ( -0.01499999999999992800, 0.1180000000000000100, 0.5426959314294751400 ) ) ;
#6761 = ORIENTED_EDGE ( 'NONE', *, *, #6584, .T. ) ;
#6762 = DIRECTION ( 'NONE',  ( 0.0000000000000000000, 0.0000000000000000000, 1.000000000000000000 ) ) ;
#6763 = AXIS2_PLACEMENT_3D ( 'NONE', #6883, #3338, #7469 ) ;
#6764 = LINE ( 'NONE', #5373, #874 ) ;
#6765 = CARTESIAN_POINT ( 'NONE',  ( -0.2200251867739135000, 0.1809999999999999900, -0.2706423620336975700 ) ) ;
#6766 = EDGE_LOOP ( 'NONE', ( #1020, #1485, #7572, #7131 ) ) ;
#6767 = CARTESIAN_POINT ( 'NONE',  ( 0.03598517392554472600, 0.3484906666467847400, -0.3503406067289228100 ) ) ;
#6768 = LINE ( 'NONE', #3247, #4823 ) ;
#6769 = VECTOR ( 'NONE', #281, 39.37007874015748100 ) ;
#6770 = ORIENTED_EDGE ( 'NONE', *, *, #555, .F. ) ;
#6771 = EDGE_CURVE ( 'NONE', #2038, #2038, #3865, .T. ) ;
#6772 = EDGE_CURVE ( 'NONE', #4754, #6099, #7489, .T. ) ;
#6773 = CIRCLE ( 'NONE', #2078, 0.1187956005199529800 ) ;
#6774 = ORIENTED_EDGE ( 'NONE', *, *, #6867, .T. ) ;
#6775 = CARTESIAN_POINT ( 'NONE',  ( 0.2383434743604495000, 0.2828706188981611700, -0.2948007318129840000 ) ) ;
#6776 = CARTESIAN_POINT ( 'NONE',  ( 0.2302971238765523000, 0.07199999999999999500, -0.2895914963084861300 ) ) ;
#6777 = FACE_OUTER_BOUND ( 'NONE', #7403, .T. ) ;
#6778 = AXIS2_PLACEMENT_3D ( 'NONE', #4132, #6586, #631 ) ;
#6779 = AXIS2_PLACEMENT_3D ( 'NONE', #2034, #4393, #4989 ) ;
#6780 = LINE ( 'NONE', #2685, #154 ) ;
#6781 = VERTEX_POINT ( 'NONE', #764 ) ;
#6782 = CARTESIAN_POINT ( 'NONE',  ( 0.2500000000000000600, 0.0000000000000000000, 0.5799999999999999600 ) ) ;
#6783 = DIRECTION ( 'NONE',  ( 0.0000000000000000000, 0.0000000000000000000, 1.000000000000000000 ) ) ;
#6784 = CARTESIAN_POINT ( 'NONE',  ( -0.2987956005199530200, 0.1809999999999999900, 0.5799999999999999600 ) ) ;
#6785 = ADVANCED_FACE ( 'NONE', ( #6376 ), #5068, .T. ) ;
#6786 = CONICAL_SURFACE ( 'NONE', #4478, 0.3499999999999998700, 0.01745329251994333400 ) ;
#6787 = DIRECTION ( 'NONE',  ( 0.0000000000000000000, 1.000000000000000000, 0.0000000000000000000 ) ) ;
#6788 = VERTEX_POINT ( 'NONE', #4997 ) ;
#6789 = AXIS2_PLACEMENT_3D ( 'NONE', #6381, #2803, #2236 ) ;
#6790 = CARTESIAN_POINT ( 'NONE',  ( 0.2370894270280681500, 0.2500000000000000600, -0.2905401927298568200 ) ) ;
#6791 = CARTESIAN_POINT ( 'NONE',  ( -0.04999999999999985700, 0.3257771225460537900, -0.3541920565964292700 ) ) ;
#6792 = ORIENTED_EDGE ( 'NONE', *, *, #5109, .F. ) ;
#6793 = VERTEX_POINT ( 'NONE', #6191 ) ;
#6794 = CARTESIAN_POINT ( 'NONE',  ( 0.08499999999999995100, 0.1872135149474216100, 0.5665785012966546600 ) ) ;
#6795 = VERTEX_POINT ( 'NONE', #872 ) ;
#6796 = CARTESIAN_POINT ( 'NONE',  ( 0.2291561773759673300, 0.1373333062849770300, -0.2619443355655024000 ) ) ;
#6797 = ORIENTED_EDGE ( 'NONE', *, *, #5022, .F. ) ;
#6798 = EDGE_LOOP ( 'NONE', ( #1560, #3363, #7499, #7576, #6155, #5826 ) ) ;
#6799 = DIRECTION ( 'NONE',  ( 0.0000000000000000000, 0.0000000000000000000, 1.000000000000000000 ) ) ;
#6800 = CARTESIAN_POINT ( 'NONE',  ( 0.04999999999999995400, 0.3132823692076316400, -0.3558112386146506900 ) ) ;
#6801 = CARTESIAN_POINT ( 'NONE',  ( 0.3291060010942237800, 0.2500000000000000600, 0.0000000000000000000 ) ) ;
#6802 = ORIENTED_EDGE ( 'NONE', *, *, #3914, .T. ) ;
#6803 = CARTESIAN_POINT ( 'NONE',  ( 0.1797601749091649000, 0.1809999999999999900, -0.3003103053786641000 ) ) ;
#6804 = CARTESIAN_POINT ( 'NONE',  ( 0.2537454433088416300, 0.05000000000000000300, -0.1464999999999987700 ) ) ;
#6805 = ORIENTED_EDGE ( 'NONE', *, *, #3560, .F. ) ;
#6806 = DIRECTION ( 'NONE',  ( 0.0000000000000000000, 0.0000000000000000000, -1.000000000000000000 ) ) ;
#6807 = EDGE_CURVE ( 'NONE', #918, #1367, #4982, .T. ) ;
#6808 = DIRECTION ( 'NONE',  ( 1.000000000000000000, 0.0000000000000000000, -3.858542363932576100E-016 ) ) ;
#6809 = FILL_AREA_STYLE ('',( #2077 ) ) ;
#6810 = VERTEX_POINT ( 'NONE', #7393 ) ;
#6811 = VERTEX_POINT ( 'NONE', #2646 ) ;
#6812 = DIRECTION ( 'NONE',  ( 0.0000000000000000000, -0.08715574274765837400, -0.9961946980917455500 ) ) ;
#6813 = ADVANCED_FACE ( 'NONE', ( #6015 ), #4450, .T. ) ;
#6814 = AXIS2_PLACEMENT_3D ( 'NONE', #4925, #3714, #4296 ) ;
#6815 = CARTESIAN_POINT ( 'NONE',  ( 0.2891060010942235200, 0.07199999999999999500, 0.1465000000000002400 ) ) ;
#6816 = CARTESIAN_POINT ( 'NONE',  ( -0.3504533827859615500, 0.0000000000000000000, 0.02374323532516836200 ) ) ;
#6817 = ORIENTED_EDGE ( 'NONE', *, *, #4314, .F. ) ;
#6818 = CARTESIAN_POINT ( 'NONE',  ( 0.3773980728279395800, 0.2734116321766933400, -0.05831404680164401600 ) ) ;
#6819 = ORIENTED_EDGE ( 'NONE', *, *, #6437, .T. ) ;
#6820 = EDGE_CURVE ( 'NONE', #5997, #5997, #1954, .T. ) ;
#6821 = EDGE_CURVE ( 'NONE', #428, #1348, #1414, .T. ) ;
#6822 = CARTESIAN_POINT ( 'NONE',  ( 0.04000000000000001500, 0.1200000000000000000, 0.3802779494575575500 ) ) ;
#6823 = CARTESIAN_POINT ( 'NONE',  ( 0.3250000000000001800, 0.07199999999999999500, 0.5801317229986204800 ) ) ;
#6824 = VECTOR ( 'NONE', #4334, 39.37007874015748100 ) ;
#6825 = LINE ( 'NONE', #5048, #6546 ) ;
#6826 = LINE ( 'NONE', #1698, #5246 ) ;
#6827 = VERTEX_POINT ( 'NONE', #1543 ) ;
#6828 = CARTESIAN_POINT ( 'NONE',  ( 1.183887168735266000E-016, 0.2570000000000000600, 0.5633744347874545300 ) ) ;
#6829 = CARTESIAN_POINT ( 'NONE',  ( -0.2150000000000001100, 0.1180000000000000100, 0.6049999999999998700 ) ) ;
#6830 = FACE_OUTER_BOUND ( 'NONE', #5371, .T. ) ;
#6831 = CIRCLE ( 'NONE', #3628, 0.03366556363492680100 ) ;
#6832 = ORIENTED_EDGE ( 'NONE', *, *, #7550, .F. ) ;
#6833 = DIRECTION ( 'NONE',  ( -0.9998476951563912700, -0.01745240643728380700, 0.0000000000000000000 ) ) ;
#6834 = FACE_OUTER_BOUND ( 'NONE', #2921, .T. ) ;
#6835 = DIRECTION ( 'NONE',  ( 0.0000000000000000000, 1.000000000000000000, 0.0000000000000000000 ) ) ;
#6836 = EDGE_CURVE ( 'NONE', #1297, #4073, #3041, .T. ) ;
#6837 = EDGE_LOOP ( 'NONE', ( #3511, #2631, #6293, #2617 ) ) ;
#6838 = LINE ( 'NONE', #3045, #2578 ) ;
#6839 = ORIENTED_EDGE ( 'NONE', *, *, #2602, .F. ) ;
#6840 = CONICAL_SURFACE ( 'NONE', #5506, 0.02999999999999998800, 0.01745329251994333400 ) ;
#6841 = ORIENTED_EDGE ( 'NONE', *, *, #2010, .T. ) ;
#6842 = CARTESIAN_POINT ( 'NONE',  ( 0.3347459067871019200, 0.3247834446531607200, -0.06928676676384670800 ) ) ;
#6843 =( GEOMETRIC_REPRESENTATION_CONTEXT ( 3 ) GLOBAL_UNCERTAINTY_ASSIGNED_CONTEXT ( ( #6160 ) ) GLOBAL_UNIT_ASSIGNED_CONTEXT ( ( #2995, #4844, #2424 ) ) REPRESENTATION_CONTEXT ( 'NONE', 'WORKASPACE' ) );
#6844 = ORIENTED_EDGE ( 'NONE', *, *, #4439, .F. ) ;
#6845 = AXIS2_PLACEMENT_3D ( 'NONE', #7007, #498, #5186 ) ;
#6846 = ORIENTED_EDGE ( 'NONE', *, *, #4481, .T. ) ;
#6847 = CARTESIAN_POINT ( 'NONE',  ( 2.755455298081544200E-017, 0.0000000000000000000, 0.2249999999999999800 ) ) ;
#6848 = CARTESIAN_POINT ( 'NONE',  ( -0.1489999999999999100, 0.2520000000000000000, 0.6098463253555016500 ) ) ;
#6849 = ORIENTED_EDGE ( 'NONE', *, *, #2023, .F. ) ;
#6850 = EDGE_CURVE ( 'NONE', #4147, #1864, #3137, .T. ) ;
#6851 = ADVANCED_FACE ( 'NONE', ( #6927 ), #3231, .T. ) ;
#6852 = VECTOR ( 'NONE', #4829, 39.37007874015748100 ) ;
#6853 = EDGE_CURVE ( 'NONE', #4272, #7367, #6196, .T. ) ;
#6854 = ORIENTED_EDGE ( 'NONE', *, *, #6221, .T. ) ;
#6855 = LINE ( 'NONE', #5770, #5100 ) ;
#6856 = PLANE ( 'NONE',  #3327 ) ;
#6857 = DIRECTION ( 'NONE',  ( -1.000000000000000000, 0.0000000000000000000, 2.101421533587894900E-016 ) ) ;
#6858 = VECTOR ( 'NONE', #6042, 39.37007874015748100 ) ;
#6859 = ORIENTED_EDGE ( 'NONE', *, *, #4188, .T. ) ;
#6860 = FACE_OUTER_BOUND ( 'NONE', #1161, .T. ) ;
#6861 = CARTESIAN_POINT ( 'NONE',  ( -0.2749999999999999100, 0.2500000000000000600, 0.3957531754730548900 ) ) ;
#6862 = DIRECTION ( 'NONE',  ( 0.0000000000000000000, -0.0000000000000000000, 1.000000000000000000 ) ) ;
#6863 = ORIENTED_EDGE ( 'NONE', *, *, #761, .F. ) ;
#6864 = B_SPLINE_CURVE_WITH_KNOTS ( 'NONE', 3,
 ( #5614, #3203, #3802, #2109 ),
 .UNSPECIFIED., .F., .F.,
 ( 4, 4 ),
 ( 0.0000000000000000000, 0.003328034669024139600 ),
 .UNSPECIFIED. ) ;
#6865 = CONTEXT_DEPENDENT_SHAPE_REPRESENTATION ( #4137, #4654 ) ;
#6866 = CARTESIAN_POINT ( 'NONE',  ( 0.03643278157757588000, 0.3009824438318943800, -0.3782159455556432000 ) ) ;
#6867 = EDGE_CURVE ( 'NONE', #3707, #2347, #5540, .T. ) ;
#6868 = CARTESIAN_POINT ( 'NONE',  ( 0.2214491225586205900, 0.2820000000000000300, -0.2662852379129019800 ) ) ;
#6869 = PLANE ( 'NONE',  #415 ) ;
#6870 = VERTEX_POINT ( 'NONE', #4371 ) ;
#6871 = VERTEX_POINT ( 'NONE', #2041 ) ;
#6872 = CARTESIAN_POINT ( 'NONE',  ( -0.3504533827859615500, 0.0000000000000000000, 0.02374323532516836200 ) ) ;
#6873 = DIRECTION ( 'NONE',  ( 0.0000000000000000000, 1.000000000000000000, 0.0000000000000000000 ) ) ;
#6874 = CARTESIAN_POINT ( 'NONE',  ( -0.2868019325236988400, 0.1180000000000000100, -1.958748209859750200E-016 ) ) ;
#6875 = ORIENTED_EDGE ( 'NONE', *, *, #1644, .T. ) ;
#6876 = CARTESIAN_POINT ( 'NONE',  ( 0.0000000000000000000, 0.05000000000000001000, 0.0000000000000000000 ) ) ;
#6877 = CARTESIAN_POINT ( 'NONE',  ( 0.2800000000000003000, 0.07199999999999999500, 0.1465000000000003000 ) ) ;
#6878 = DIRECTION ( 'NONE',  ( 1.000000000000000000, 0.0000000000000000000, -1.652531661459114700E-016 ) ) ;
#6879 = ORIENTED_EDGE ( 'NONE', *, *, #7458, .T. ) ;
#6880 = DIRECTION ( 'NONE',  ( 0.0000000000000000000, 1.000000000000000000, 0.0000000000000000000 ) ) ;
#6881 = EDGE_CURVE ( 'NONE', #2579, #6543, #6366, .T. ) ;
#6882 = VERTEX_POINT ( 'NONE', #5200 ) ;
#6883 = CARTESIAN_POINT ( 'NONE',  ( 0.1400000000000001500, -1.073003588511612000, 0.6300000000000000000 ) ) ;
#6884 = CARTESIAN_POINT ( 'NONE',  ( 2.755455298081544200E-017, 0.1180000000000000100, 0.2249999999999999800 ) ) ;
#6885 = ORIENTED_EDGE ( 'NONE', *, *, #5280, .T. ) ;
#6886 = VECTOR ( 'NONE', #1643, 39.37007874015748100 ) ;
#6887 = VERTEX_POINT ( 'NONE', #1001 ) ;
#6888 = ADVANCED_FACE ( 'NONE', ( #3499 ), #1098, .T. ) ;
#6889 = DIRECTION ( 'NONE',  ( 0.0000000000000000000, -0.0000000000000000000, 1.000000000000000000 ) ) ;
#6890 = DIRECTION ( 'NONE',  ( -0.0000000000000000000, -1.000000000000000000, -0.0000000000000000000 ) ) ;
#6891 = ORIENTED_EDGE ( 'NONE', *, *, #7614, .F. ) ;
#6892 = EDGE_CURVE ( 'NONE', #7564, #4652, #2772, .T. ) ;
#6893 = ORIENTED_EDGE ( 'NONE', *, *, #4851, .F. ) ;
#6894 = EDGE_CURVE ( 'NONE', #2980, #4272, #6749, .T. ) ;
#6895 = ADVANCED_FACE ( 'NONE', ( #6098 ), #2240, .F. ) ;
#6896 = CARTESIAN_POINT ( 'NONE',  ( -0.03866556363492569500, 0.2820000000000000300, -0.2154404374592978900 ) ) ;
#6897 = CARTESIAN_POINT ( 'NONE',  ( -0.1900262246208214700, 0.0000000000000000000, 0.6298463253555016700 ) ) ;
#6898 = ORIENTED_EDGE ( 'NONE', *, *, #4713, .F. ) ;
#6899 = ORIENTED_EDGE ( 'NONE', *, *, #1316, .F. ) ;
#6900 = AXIS2_PLACEMENT_3D ( 'NONE', #5699, #1053, #6903 ) ;
#6901 = CARTESIAN_POINT ( 'NONE',  ( 0.3000000000000002100, 0.07199999999999999500, 0.6298463253555017800 ) ) ;
#6902 = ORIENTED_EDGE ( 'NONE', *, *, #4140, .F. ) ;
#6903 = DIRECTION ( 'NONE',  ( 0.0000000000000000000, 0.0000000000000000000, 1.000000000000000000 ) ) ;
#6904 = VERTEX_POINT ( 'NONE', #4493 ) ;
#6905 = EDGE_CURVE ( 'NONE', #3035, #4313, #2136, .T. ) ;
#6906 = EDGE_CURVE ( 'NONE', #552, #5081, #3597, .T. ) ;
#6907 = LINE ( 'NONE', #2141, #4964 ) ;
#6908 = CARTESIAN_POINT ( 'NONE',  ( 0.2149999999999999700, 0.05000000000000001000, 0.6049999999999998700 ) ) ;
#6909 = AXIS2_PLACEMENT_3D ( 'NONE', #734, #4841, #1342 ) ;
#6910 = ORIENTED_EDGE ( 'NONE', *, *, #5171, .F. ) ;
#6911 = AXIS2_PLACEMENT_3D ( 'NONE', #508, #4573, #532 ) ;
#6912 = PLANE ( 'NONE',  #6704 ) ;
#6913 = CIRCLE ( 'NONE', #1652, 0.1325000000000000100 ) ;
#6914 = DIRECTION ( 'NONE',  ( 1.000000000000000000, 0.0000000000000000000, 0.0000000000000000000 ) ) ;
#6915 = LINE ( 'NONE', #956, #6088 ) ;
#6916 = VECTOR ( 'NONE', #5790, 39.37007874015748100 ) ;
#6917 = B_SPLINE_CURVE_WITH_KNOTS ( 'NONE', 3,
 ( #5643, #1585, #5694, #2165 ),
 .UNSPECIFIED., .F., .F.,
 ( 4, 4 ),
 ( 0.0000000000000000000, 0.006351356147131761500 ),
 .UNSPECIFIED. ) ;
#6918 = VERTEX_POINT ( 'NONE', #1024 ) ;
#6919 = CARTESIAN_POINT ( 'NONE',  ( 0.0000000000000000000, 0.0000000000000000000, 0.0000000000000000000 ) ) ;
#6920 = AXIS2_PLACEMENT_3D ( 'NONE', #2876, #1144, #3456 ) ;
#6921 = VERTEX_POINT ( 'NONE', #1052 ) ;
#6922 = ADVANCED_FACE ( 'NONE', ( #4331 ), #2166, .T. ) ;
#6923 = FACE_OUTER_BOUND ( 'NONE', #3645, .T. ) ;
#6924 = DIRECTION ( 'NONE',  ( -0.0000000000000000000, -1.000000000000000000, -0.0000000000000000000 ) ) ;
#6925 = LINE ( 'NONE', #696, #7189 ) ;
#6926 = B_SPLINE_CURVE_WITH_KNOTS ( 'NONE', 3,
 ( #5078, #4559, #3946, #2706 ),
 .UNSPECIFIED., .F., .F.,
 ( 4, 4 ),
 ( 0.08226006196464845400, 0.08942423874005739300 ),
 .UNSPECIFIED. ) ;
#6927 = FACE_OUTER_BOUND ( 'NONE', #5089, .T. ) ;
#6928 = VERTEX_POINT ( 'NONE', #2727 ) ;
#6929 = DIRECTION ( 'NONE',  ( 0.0000000000000000000, -0.0000000000000000000, 1.000000000000000000 ) ) ;
#6930 =( BOUNDED_CURVE ( )  B_SPLINE_CURVE ( 3, ( #6823, #3324, #2721, #3353 ),
 .UNSPECIFIED., .F., .F. ) 
 B_SPLINE_CURVE_WITH_KNOTS ( ( 4, 4 ),
 ( 5.501585242055418800, 7.064785372303753700 ),
 .UNSPECIFIED. ) 
 CURVE ( )  GEOMETRIC_REPRESENTATION_ITEM ( )  RATIONAL_B_SPLINE_CURVE ( ( 1.000000000000000000, 0.8065248903853478000, 0.8065248903853478000, 1.000000000000000000 ) ) 
 REPRESENTATION_ITEM ( '' )  );
#6931 = ORIENTED_EDGE ( 'NONE', *, *, #1315, .T. ) ;
#6932 = CARTESIAN_POINT ( 'NONE',  ( 2.755455298081544200E-017, 0.1180000000000000100, 0.2249999999999999800 ) ) ;
#6933 = VECTOR ( 'NONE', #1317, 39.37007874015747400 ) ;
#6934 = ORIENTED_EDGE ( 'NONE', *, *, #5935, .T. ) ;
#6935 = EDGE_CURVE ( 'NONE', #6621, #7018, #5922, .T. ) ;
#6936 = PLANE ( 'NONE',  #3985 ) ;
#6937 = FACE_OUTER_BOUND ( 'NONE', #2537, .T. ) ;
#6938 = FACE_OUTER_BOUND ( 'NONE', #1612, .T. ) ;
#6939 = ORIENTED_EDGE ( 'NONE', *, *, #2006, .T. ) ;
#6940 = CARTESIAN_POINT ( 'NONE',  ( 0.3451460955505735700, 0.2820000000000000300, -0.02866556363492549900 ) ) ;
#6941 = LINE ( 'NONE', #1359, #4552 ) ;
#6942 = CARTESIAN_POINT ( 'NONE',  ( 0.0000000000000000000, 0.2220000000000000000, 0.2249999999999999800 ) ) ;
#6943 = ORIENTED_EDGE ( 'NONE', *, *, #362, .T. ) ;
#6944 = B_SPLINE_CURVE_WITH_KNOTS ( 'NONE', 3,
 ( #4285, #4880, #2553, #6701 ),
 .UNSPECIFIED., .F., .F.,
 ( 4, 4 ),
 ( 0.0000000000000000000, 0.006351066740703218200 ),
 .UNSPECIFIED. ) ;
#6945 = CARTESIAN_POINT ( 'NONE',  ( -0.2583726193404429800, 0.2820000000000000300, -4.411467011018555000E-016 ) ) ;
#6946 = MECHANICAL_DESIGN_GEOMETRIC_PRESENTATION_REPRESENTATION (  '', ( #2588 ), #2348 ) ;
#6947 = LINE ( 'NONE', #4898, #2066 ) ;
#6948 = AXIS2_PLACEMENT_3D ( 'NONE', #6980, #1131, #1084 ) ;
#6949 = VERTEX_POINT ( 'NONE', #3972 ) ;
#6950 = PLANE ( 'NONE',  #2888 ) ;
#6951 = DIRECTION ( 'NONE',  ( -1.067128122525101500E-016, 0.0000000000000000000, -1.000000000000000000 ) ) ;
#6952 = FACE_OUTER_BOUND ( 'NONE', #7343, .T. ) ;
#6953 = EDGE_CURVE ( 'NONE', #4174, #6252, #1596, .T. ) ;
#6954 = LINE ( 'NONE', #3788, #1625 ) ;
#6955 = CARTESIAN_POINT ( 'NONE',  ( 0.03499999999999998300, 0.3370000000000000800, -0.3407492558152663800 ) ) ;
#6956 = VERTEX_POINT ( 'NONE', #3382 ) ;
#6957 = CARTESIAN_POINT ( 'NONE',  ( 0.02500000000000000500, 0.1180000000000000100, -0.3268019325236988200 ) ) ;
#6958 = CARTESIAN_POINT ( 'NONE',  ( 0.1768515226103605500, 0.1879708681133034100, -0.2996855421888263700 ) ) ;
#6959 = AXIS2_PLACEMENT_3D ( 'NONE', #819, #7296, #264 ) ;
#6960 = ORIENTED_EDGE ( 'NONE', *, *, #4607, .F. ) ;
#6961 = PLANE ( 'NONE',  #1576 ) ;
#6962 = DIRECTION ( 'NONE',  ( 1.000000000000000000, 0.0000000000000000000, 0.0000000000000000000 ) ) ;
#6963 = ORIENTED_EDGE ( 'NONE', *, *, #5935, .F. ) ;
#6964 = EDGE_CURVE ( 'NONE', #774, #4338, #4794, .T. ) ;
#6965 = CARTESIAN_POINT ( 'NONE',  ( 0.2249999999999999800, 0.2820000000000000300, 0.5225000000000000800 ) ) ;
#6966 = ORIENTED_EDGE ( 'NONE', *, *, #706, .T. ) ;
#6967 = DIRECTION ( 'NONE',  ( 0.0000000000000000000, 0.0000000000000000000, -1.000000000000000000 ) ) ;
#6968 = DIRECTION ( 'NONE',  ( -0.0000000000000000000, 1.000000000000000000, -0.0000000000000000000 ) ) ;
#6969 = CARTESIAN_POINT ( 'NONE',  ( 0.2335281094319527900, 0.3320000000000000200, 0.2016289076863559700 ) ) ;
#6970 = ORIENTED_EDGE ( 'NONE', *, *, #2531, .F. ) ;
#6971 = DIRECTION ( 'NONE',  ( -0.0000000000000000000, -1.000000000000000000, -0.0000000000000000000 ) ) ;
#6972 = EDGE_LOOP ( 'NONE', ( #5653, #467, #2831, #5929, #2962, #287 ) ) ;
#6973 = CARTESIAN_POINT ( 'NONE',  ( 0.0000000000000000000, 0.2500000000000000600, 0.0000000000000000000 ) ) ;
#6974 = ORIENTED_EDGE ( 'NONE', *, *, #90, .F. ) ;
#6975 = EDGE_CURVE ( 'NONE', #2098, #3234, #667, .T. ) ;
#6976 = CARTESIAN_POINT ( 'NONE',  ( 0.2856149881085800500, 0.05000000000000001000, 0.0000000000000000000 ) ) ;
#6977 = VERTEX_POINT ( 'NONE', #3333 ) ;
#6978 = ORIENTED_EDGE ( 'NONE', *, *, #6267, .T. ) ;
#6979 = PLANE ( 'NONE',  #714 ) ;
#6980 = CARTESIAN_POINT ( 'NONE',  ( 0.0000000000000000000, 0.07199999999999993900, 0.0000000000000000000 ) ) ;
#6981 = CARTESIAN_POINT ( 'NONE',  ( 2.755455298081544200E-017, 0.1180000000000000100, 0.3049999999999999900 ) ) ;
#6982 = CARTESIAN_POINT ( 'NONE',  ( 0.01500000000000006900, 0.05000000000000000300, 0.5415089870143563500 ) ) ;
#6983 = ORIENTED_EDGE ( 'NONE', *, *, #5705, .F. ) ;
#6984 = EDGE_CURVE ( 'NONE', #6810, #6956, #6534, .T. ) ;
#6985 = DIRECTION ( 'NONE',  ( 1.000000000000000000, 1.440848097924189600E-016, -2.227479408019151700E-016 ) ) ;
#6986 = VERTEX_POINT ( 'NONE', #1615 ) ;
#6987 = EDGE_CURVE ( 'NONE', #4021, #729, #1505, .T. ) ;
#6988 = DIRECTION ( 'NONE',  ( 0.0000000000000000000, 0.9998476951563912700, -0.01745240643728355000 ) ) ;
#6989 = DIRECTION ( 'NONE',  ( 0.0000000000000000000, 0.0000000000000000000, -1.000000000000000000 ) ) ;
#6990 = ORIENTED_EDGE ( 'NONE', *, *, #5390, .T. ) ;
#6991 = ORIENTED_EDGE ( 'NONE', *, *, #4576, .F. ) ;
#6992 = DIRECTION ( 'NONE',  ( -1.000000000000000000, 0.0000000000000000000, -0.0000000000000000000 ) ) ;
#6993 = CARTESIAN_POINT ( 'NONE',  ( -0.2195871506166527900, 0.1373607859750170500, -0.2700167815688247500 ) ) ;
#6994 = AXIS2_PLACEMENT_3D ( 'NONE', #1379, #2007, #1910 ) ;
#6995 = CARTESIAN_POINT ( 'NONE',  ( -0.2206296037303489300, 0.04699250366565897700, -0.2722665864589597900 ) ) ;
#6996 = FACE_OUTER_BOUND ( 'NONE', #7617, .T. ) ;
#6997 = VECTOR ( 'NONE', #3161, 39.37007874015748100 ) ;
#6998 = EDGE_CURVE ( 'NONE', #4362, #541, #1049, .T. ) ;
#6999 = VERTEX_POINT ( 'NONE', #7038 ) ;
#7000 = DIRECTION ( 'NONE',  ( 1.000000000000000000, -5.691349986800546900E-016, 0.0000000000000000000 ) ) ;
#7001 = VERTEX_POINT ( 'NONE', #2749 ) ;
#7002 = CARTESIAN_POINT ( 'NONE',  ( 0.0000000000000000000, 0.2720000000000000200, 0.2249999999999999800 ) ) ;
#7003 = ADVANCED_FACE ( 'NONE', ( #862 ), #6461, .F. ) ;
#7004 = CYLINDRICAL_SURFACE ( 'NONE', #2349, 0.05000000000000001000 ) ;
#7005 = FACE_OUTER_BOUND ( 'NONE', #2928, .T. ) ;
#7006 = FACE_OUTER_BOUND ( 'NONE', #4635, .T. ) ;
#7007 = CARTESIAN_POINT ( 'NONE',  ( 0.002095274959996808900, 0.2500000000000000600, 0.003629122686541198700 ) ) ;
#7008 = CARTESIAN_POINT ( 'NONE',  ( 0.0000000000000000000, 0.3320000000000000200, 0.3170952461695049100 ) ) ;
#7009 = ORIENTED_EDGE ( 'NONE', *, *, #6020, .T. ) ;
#7010 = CARTESIAN_POINT ( 'NONE',  ( -0.2999999999999999900, 0.07199999999999999500, 0.2839245829002378700 ) ) ;
#7011 = CARTESIAN_POINT ( 'NONE',  ( 0.0000000000000000000, 0.07199999999999999500, 0.0000000000000000000 ) ) ;
#7012 = ORIENTED_EDGE ( 'NONE', *, *, #204, .F. ) ;
#7013 = CYLINDRICAL_SURFACE ( 'NONE', #7236, 0.02500000000000001500 ) ;
#7014 = ORIENTED_EDGE ( 'NONE', *, *, #3104, .T. ) ;
#7015 = LINE ( 'NONE', #6008, #6573 ) ;
#7016 = CARTESIAN_POINT ( 'NONE',  ( 0.0000000000000000000, 0.02500000000000000100, 0.0000000000000000000 ) ) ;
#7017 = DIRECTION ( 'NONE',  ( 0.8191520442889908000, -0.0000000000000000000, 0.5735764363510473800 ) ) ;
#7018 = VERTEX_POINT ( 'NONE', #7573 ) ;
#7019 = DIRECTION ( 'NONE',  ( 0.0000000000000000000, 0.0000000000000000000, 1.000000000000000000 ) ) ;
#7020 = AXIS2_PLACEMENT_3D ( 'NONE', #621, #5345, #1178 ) ;
#7021 = DIRECTION ( 'NONE',  ( 0.1736225275201532000, 0.9846622838011189800, -0.01718734409611557800 ) ) ;
#7022 = ORIENTED_EDGE ( 'NONE', *, *, #1863, .T. ) ;
#7023 = DIRECTION ( 'NONE',  ( -0.0000000000000000000, -1.000000000000000000, -0.0000000000000000000 ) ) ;
#7024 = DIRECTION ( 'NONE',  ( -0.0000000000000000000, 1.000000000000000000, -0.0000000000000000000 ) ) ;
#7025 = CARTESIAN_POINT ( 'NONE',  ( 0.1501461088943117600, 0.2261713752840061600, 0.6058984893150151100 ) ) ;
#7026 = ORIENTED_EDGE ( 'NONE', *, *, #3924, .F. ) ;
#7027 = CIRCLE ( 'NONE', #7541, 0.1743637662320544300 ) ;
#7028 = VERTEX_POINT ( 'NONE', #5274 ) ;
#7029 = LINE ( 'NONE', #1731, #5465 ) ;
#7030 = CARTESIAN_POINT ( 'NONE',  ( 0.2092462483965934800, 0.1809999999999999900, -0.2552484426753318700 ) ) ;
#7031 = CARTESIAN_POINT ( 'NONE',  ( 0.0000000000000000000, 0.2570000000000000600, 0.0000000000000000000 ) ) ;
#7032 = VECTOR ( 'NONE', #2562, 39.37007874015748100 ) ;
#7033 = ORIENTED_EDGE ( 'NONE', *, *, #6422, .F. ) ;
#7034 = VECTOR ( 'NONE', #5273, 39.37007874015748100 ) ;
#7035 = LINE ( 'NONE', #2629, #5943 ) ;
#7036 = DIRECTION ( 'NONE',  ( 0.0000000000000000000, 0.9998476951563912700, -0.01745240643728355000 ) ) ;
#7037 = LINE ( 'NONE', #1067, #3524 ) ;
#7038 = CARTESIAN_POINT ( 'NONE',  ( -0.2537454433088418000, 0.0000000000000000000, 0.1984999999999987600 ) ) ;
#7039 = ORIENTED_EDGE ( 'NONE', *, *, #745, .F. ) ;
#7040 = PLANE ( 'NONE',  #5625 ) ;
#7041 = AXIS2_PLACEMENT_3D ( 'NONE', #983, #2142, #7369 ) ;
#7042 = PRODUCT_DEFINITION ( 'UNKNOWN', '', #1540, #3551 ) ;
#7043 = ADVANCED_FACE ( 'NONE', ( #406 ), #2284, .F. ) ;
#7044 = VECTOR ( 'NONE', #69, 39.37007874015748100 ) ;
#7045 = CARTESIAN_POINT ( 'NONE',  ( -0.2335281094319527900, 0.2635366807060744400, 0.6380890371443355100 ) ) ;
#7046 = DIRECTION ( 'NONE',  ( -1.000000000000000000, 0.0000000000000000000, -2.276539994720218900E-016 ) ) ;
#7047 = ORIENTED_EDGE ( 'NONE', *, *, #4421, .F. ) ;
#7048 = DIRECTION ( 'NONE',  ( -0.0000000000000000000, 1.000000000000000000, -0.0000000000000000000 ) ) ;
#7049 = CARTESIAN_POINT ( 'NONE',  ( 0.2555049745212257300, 0.2385587814009220700, 0.6550000000000001400 ) ) ;
#7050 = ORIENTED_EDGE ( 'NONE', *, *, #6449, .F. ) ;
#7051 = EDGE_CURVE ( 'NONE', #3413, #3468, #2045, .T. ) ;
#7052 = EDGE_CURVE ( 'NONE', #1373, #1087, #3219, .T. ) ;
#7053 = CARTESIAN_POINT ( 'NONE',  ( 0.2367227325577801200, 0.1809999999999999900, -0.2892844601053605700 ) ) ;
#7054 = CARTESIAN_POINT ( 'NONE',  ( -0.1863031909425515400, 0.2500000000000000600, -0.2224823609037724100 ) ) ;
#7055 = ORIENTED_EDGE ( 'NONE', *, *, #4288, .T. ) ;
#7056 = CARTESIAN_POINT ( 'NONE',  ( 0.3082427117888340600, 0.2635366807060744400, 0.6320992728387612200 ) ) ;
#7057 = DIRECTION ( 'NONE',  ( 0.0000000000000000000, 0.0000000000000000000, 1.000000000000000000 ) ) ;
#7058 = AXIS2_PLACEMENT_3D ( 'NONE', #3355, #5162, #7492 ) ;
#7059 = ORIENTED_EDGE ( 'NONE', *, *, #6180, .F. ) ;
#7060 = CARTESIAN_POINT ( 'NONE',  ( 0.0000000000000000000, 0.2635366807060744400, 0.0000000000000000000 ) ) ;
#7061 = ORIENTED_EDGE ( 'NONE', *, *, #544, .T. ) ;
#7062 = DIRECTION ( 'NONE',  ( -0.01745240643728355000, -0.9998476951563912700, -0.0000000000000000000 ) ) ;
#7063 = DIRECTION ( 'NONE',  ( -0.0000000000000000000, -1.000000000000000000, -0.0000000000000000000 ) ) ;
#7064 = DIRECTION ( 'NONE',  ( -1.338236348247696500E-015, -0.0000000000000000000, -1.000000000000000000 ) ) ;
#7065 = EDGE_CURVE ( 'NONE', #6810, #4669, #4603, .T. ) ;
#7066 = VERTEX_POINT ( 'NONE', #2312 ) ;
#7067 = LINE ( 'NONE', #1620, #3738 ) ;
#7068 = CARTESIAN_POINT ( 'NONE',  ( 0.0000000000000000000, 0.2820000000000000300, 0.6049239970457444000 ) ) ;
#7069 = EDGE_LOOP ( 'NONE', ( #518, #4891, #1831, #5953 ) ) ;
#7070 = DIRECTION ( 'NONE',  ( 0.9848077530122080200, 0.1736481776669307200, 0.0000000000000000000 ) ) ;
#7071 = ORIENTED_EDGE ( 'NONE', *, *, #2997, .F. ) ;
#7072 = CARTESIAN_POINT ( 'NONE',  ( 0.2571774497213469300, 0.2308388743078943200, 0.6550000000000000300 ) ) ;
#7073 = PLANE ( 'NONE',  #482 ) ;
#7074 = CARTESIAN_POINT ( 'NONE',  ( 0.03643299437138970700, 0.3016678800171572200, -0.3781557075263120000 ) ) ;
#7075 = CARTESIAN_POINT ( 'NONE',  ( -0.2193681297418450800, 0.1155411790478393000, -0.2697039873430332500 ) ) ;
#7076 = VERTEX_POINT ( 'NONE', #6 ) ;
#7077 = EDGE_CURVE ( 'NONE', #6629, #1492, #7107, .T. ) ;
#7078 = CARTESIAN_POINT ( 'NONE',  ( -0.2209608493609753800, 0.1409773246061730200, -0.2698795103353232600 ) ) ;
#7079 = ORIENTED_EDGE ( 'NONE', *, *, #1836, .T. ) ;
#7080 = DIRECTION ( 'NONE',  ( 0.0000000000000000000, 0.0000000000000000000, -1.000000000000000000 ) ) ;
#7081 = DIRECTION ( 'NONE',  ( 1.000000000000000000, -0.0000000000000000000, -0.0000000000000000000 ) ) ;
#7082 = ADVANCED_FACE ( 'NONE', ( #3696 ), #1737, .T. ) ;
#7083 = ORIENTED_EDGE ( 'NONE', *, *, #3135, .T. ) ;
#7084 = EDGE_LOOP ( 'NONE', ( #3288, #4395, #381, #6844 ) ) ;
#7085 = AXIS2_PLACEMENT_3D ( 'NONE', #619, #7048, #2377 ) ;
#7086 = CARTESIAN_POINT ( 'NONE',  ( -0.1470959206842014900, 0.0000000000000000000, -0.2514698134703818300 ) ) ;
#7087 =( NAMED_UNIT ( * ) PLANE_ANGLE_UNIT ( ) SI_UNIT ( $, .RADIAN. ) );
#7088 = CARTESIAN_POINT ( 'NONE',  ( -0.2399999999999991900, 0.07199999999999999500, 0.1465000000000002400 ) ) ;
#7089 = B_SPLINE_CURVE_WITH_KNOTS ( 'NONE', 3,
 ( #3929, #5508, #4364, #2547, #6367, #1710, #5655, #4534, #2198, #3310, #5080, #3948 ),
 .UNSPECIFIED., .F., .F.,
 ( 4, 2, 2, 2, 2, 4 ),
 ( -8.880223960724069000E-006, 0.001688818598327123900, 0.002113243303899086300, 0.002537668009471051000, 0.002962092715043015600, 0.003386517420614979800 ),
 .UNSPECIFIED. ) ;
#7090 = CIRCLE ( 'NONE', #5588, 0.07852810943195297200 ) ;
#7091 = CARTESIAN_POINT ( 'NONE',  ( -0.03499999999999996900, 0.07199999999999999500, -0.2667453213192256300 ) ) ;
#7092 = FACE_OUTER_BOUND ( 'NONE', #3139, .T. ) ;
#7093 = ORIENTED_EDGE ( 'NONE', *, *, #3776, .T. ) ;
#7094 = EDGE_CURVE ( 'NONE', #729, #4724, #2401, .T. ) ;
#7095 = CARTESIAN_POINT ( 'NONE',  ( 0.2448951290283107900, 0.2500000000000000600, -0.3162694670343741400 ) ) ;
#7096 = CARTESIAN_POINT ( 'NONE',  ( -0.2730333946301851100, 0.1373332538204623800, 0.2629485738513230900 ) ) ;
#7097 = LINE ( 'NONE', #3901, #3850 ) ;
#7098 = VECTOR ( 'NONE', #7382, 39.37007874015748100 ) ;
#7099 = ORIENTED_EDGE ( 'NONE', *, *, #6120, .F. ) ;
#7100 = LINE ( 'NONE', #5885, #7381 ) ;
#7101 = CARTESIAN_POINT ( 'NONE',  ( -0.1489999999999999100, 0.2520000000000000000, 0.6054476489935909400 ) ) ;
#7102 = EDGE_CURVE ( 'NONE', #4656, #7442, #1391, .T. ) ;
#7103 = EDGE_LOOP ( 'NONE', ( #489, #4701, #1387, #567 ) ) ;
#7104 = DIRECTION ( 'NONE',  ( 0.0000000000000000000, 0.0000000000000000000, 1.000000000000000000 ) ) ;
#7105 = DIRECTION ( 'NONE',  ( -1.000000000000000000, 0.0000000000000000000, 0.0000000000000000000 ) ) ;
#7106 = LINE ( 'NONE', #2640, #6014 ) ;
#7107 = LINE ( 'NONE', #4694, #3406 ) ;
#7108 = ORIENTED_EDGE ( 'NONE', *, *, #2475, .T. ) ;
#7109 = EDGE_CURVE ( 'NONE', #2522, #6345, #1860, .T. ) ;
#7110 = ADVANCED_FACE ( 'NONE', ( #5265 ), #1779, .T. ) ;
#7111 = ORIENTED_EDGE ( 'NONE', *, *, #32, .F. ) ;
#7112 = CARTESIAN_POINT ( 'NONE',  ( -0.1786292746928527200, 0.1373333331055414100, -0.2986952124889141200 ) ) ;
#7113 = FACE_OUTER_BOUND ( 'NONE', #4210, .T. ) ;
#7114 =( LENGTH_UNIT ( ) NAMED_UNIT ( * ) SI_UNIT ( $, .METRE. ) );
#7115 = ORIENTED_EDGE ( 'NONE', *, *, #6535, .F. ) ;
#7116 = CARTESIAN_POINT ( 'NONE',  ( -0.1399999999999998700, 0.2999999999999999300, 0.6049999999999998700 ) ) ;
#7117 = VECTOR ( 'NONE', #1765, 39.37007874015748100 ) ;
#7118 = ORIENTED_EDGE ( 'NONE', *, *, #3233, .T. ) ;
#7119 = VERTEX_POINT ( 'NONE', #6435 ) ;
#7120 = ADVANCED_FACE ( 'NONE', ( #2580 ), #6840, .T. ) ;
#7121 = FACE_OUTER_BOUND ( 'NONE', #4547, .T. ) ;
#7122 = CARTESIAN_POINT ( 'NONE',  ( -0.02500000000000000500, 0.05000000000000000300, -0.2856149881085800500 ) ) ;
#7123 = PLANE ( 'NONE',  #5321 ) ;
#7124 = ORIENTED_EDGE ( 'NONE', *, *, #5942, .F. ) ;
#7125 = EDGE_CURVE ( 'NONE', #3171, #6921, #6562, .T. ) ;
#7126 = CARTESIAN_POINT ( 'NONE',  ( 0.2665792976428131800, 0.1471260341000232000, 0.6550000000000000300 ) ) ;
#7127 = DIRECTION ( 'NONE',  ( 0.0000000000000000000, 1.000000000000000000, 0.0000000000000000000 ) ) ;
#7128 = CIRCLE ( 'NONE', #845, 0.05199999999999997000 ) ;
#7129 = DIRECTION ( 'NONE',  ( 0.0000000000000000000, 0.0000000000000000000, -1.000000000000000000 ) ) ;
#7130 = EDGE_LOOP ( 'NONE', ( #1481, #7529, #5276, #4471 ) ) ;
#7131 = ORIENTED_EDGE ( 'NONE', *, *, #5977, .T. ) ;
#7132 = VECTOR ( 'NONE', #3451, 39.37007874015748100 ) ;
#7133 = CARTESIAN_POINT ( 'NONE',  ( 2.755455298081544200E-017, 0.1180000000000000100, 0.2249999999999999800 ) ) ;
#7134 = DIRECTION ( 'NONE',  ( 0.0000000000000000000, 0.0000000000000000000, 1.000000000000000000 ) ) ;
#7135 = ORIENTED_EDGE ( 'NONE', *, *, #3512, .F. ) ;
#7136 = DIRECTION ( 'NONE',  ( -1.000000000000000000, -0.0000000000000000000, -0.0000000000000000000 ) ) ;
#7137 = ORIENTED_EDGE ( 'NONE', *, *, #6393, .T. ) ;
#7138 = EDGE_CURVE ( 'NONE', #772, #1409, #583, .T. ) ;
#7139 =( CONVERSION_BASED_UNIT ( 'INCH', #4684 ) LENGTH_UNIT ( ) NAMED_UNIT ( #5301 ) );
#7140 = EDGE_CURVE ( 'NONE', #320, #7266, #121, .T. ) ;
#7141 = FACE_OUTER_BOUND ( 'NONE', #6043, .T. ) ;
#7142 = CARTESIAN_POINT ( 'NONE',  ( 0.3491060010942235700, 0.1180000000000000100, 0.02499999999999975900 ) ) ;
#7143 = VERTEX_POINT ( 'NONE', #2582 ) ;
#7144 = VERTEX_POINT ( 'NONE', #5526 ) ;
#7145 = PLANE ( 'NONE',  #4308 ) ;
#7146 = ORIENTED_EDGE ( 'NONE', *, *, #1593, .F. ) ;
#7147 = EDGE_CURVE ( 'NONE', #1388, #6481, #1947, .T. ) ;
#7148 = EDGE_CURVE ( 'NONE', #6134, #1333, #218, .T. ) ;
#7149 = B_SPLINE_CURVE_WITH_KNOTS ( 'NONE', 3,
 ( #592, #5294, #2934, #6426 ),
 .UNSPECIFIED., .F., .F.,
 ( 4, 4 ),
 ( 0.01397280789799464200, 0.01730071738882326900 ),
 .UNSPECIFIED. ) ;
#7150 = DIRECTION ( 'NONE',  ( 0.08715574274765836000, 0.9961946980917454300, 0.0000000000000000000 ) ) ;
#7151 = ORIENTED_EDGE ( 'NONE', *, *, #5888, .F. ) ;
#7152 = DIRECTION ( 'NONE',  ( 0.0000000000000000000, 1.000000000000000000, 0.0000000000000000000 ) ) ;
#7153 = CARTESIAN_POINT ( 'NONE',  ( -0.04999999999999985000, 0.3370000000000000800, -0.2118626966596885700 ) ) ;
#7154 = ORIENTED_EDGE ( 'NONE', *, *, #6518, .F. ) ;
#7155 = CARTESIAN_POINT ( 'NONE',  ( -0.3456059578214985600, 0.05000000000000000300, -0.02500000000000002200 ) ) ;
#7156 = ADVANCED_FACE ( 'NONE', ( #1681 ), #4041, .T. ) ;
#7157 = VERTEX_POINT ( 'NONE', #1375 ) ;
#7158 = DIRECTION ( 'NONE',  ( 0.0000000000000000000, -1.000000000000000000, 0.0000000000000000000 ) ) ;
#7159 = ORIENTED_EDGE ( 'NONE', *, *, #7389, .T. ) ;
#7160 = CARTESIAN_POINT ( 'NONE',  ( -0.2537454433088401900, 0.2635366807060744400, 0.1465000000000002400 ) ) ;
#7161 = PRODUCT_CONTEXT ( 'NONE', #130, 'mechanical' ) ;
#7162 = CARTESIAN_POINT ( 'NONE',  ( 0.2537454433088416300, 0.2500000000000000600, -0.1464999999999987700 ) ) ;
#7163 = CARTESIAN_POINT ( 'NONE',  ( 0.2715089870143563800, 0.05000000000000000300, 0.2152936321681473100 ) ) ;
#7164 = DIRECTION ( 'NONE',  ( -0.0000000000000000000, 1.000000000000000000, -0.0000000000000000000 ) ) ;
#7165 = ORIENTED_EDGE ( 'NONE', *, *, #7224, .F. ) ;
#7166 = AXIS2_PLACEMENT_3D ( 'NONE', #2848, #6924, #3431 ) ;
#7167 = DIRECTION ( 'NONE',  ( 0.0000000000000000000, -0.01745240643728355000, -0.9998476951563912700 ) ) ;
#7168 = CARTESIAN_POINT ( 'NONE',  ( -0.2812567646748316300, 0.0000000000000000000, 0.5994934869845046600 ) ) ;
#7169 = ORIENTED_EDGE ( 'NONE', *, *, #3633, .T. ) ;
#7170 = CARTESIAN_POINT ( 'NONE',  ( -0.2537454433088401900, 0.0000000000000000000, 0.5748887444545366400 ) ) ;
#7171 = VERTEX_POINT ( 'NONE', #3122 ) ;
#7172 = VERTEX_POINT ( 'NONE', #4955 ) ;
#7173 = CARTESIAN_POINT ( 'NONE',  ( -0.2549063781494400000, 0.2410620652229250900, 0.6550000000000001400 ) ) ;
#7174 = DIRECTION ( 'NONE',  ( 0.0000000000000000000, 1.000000000000000000, 0.0000000000000000000 ) ) ;
#7175 = ORIENTED_EDGE ( 'NONE', *, *, #836, .T. ) ;
#7176 = CARTESIAN_POINT ( 'NONE',  ( 0.2500000000000000600, 0.2500000000000000600, 0.5799999999999999600 ) ) ;
#7177 = DIRECTION ( 'NONE',  ( -0.0000000000000000000, -1.000000000000000000, -0.0000000000000000000 ) ) ;
#7178 = CIRCLE ( 'NONE', #472, 0.04449999999999999800 ) ;
#7179 = LINE ( 'NONE', #6861, #4318 ) ;
#7180 = AXIS2_PLACEMENT_3D ( 'NONE', #3024, #4099, #7150 ) ;
#7181 = VERTEX_POINT ( 'NONE', #7008 ) ;
#7182 = DIRECTION ( 'NONE',  ( 0.0000000000000000000, 0.0000000000000000000, -1.000000000000000000 ) ) ;
#7183 = CARTESIAN_POINT ( 'NONE',  ( 0.2544966290299178800, 0.2376972280256863500, 0.6056973048070559700 ) ) ;
#7184 = APPLICATION_PROTOCOL_DEFINITION ( 'draft international standard', 'automotive_design', 1998, #6505 ) ;
#7185 = ORIENTED_EDGE ( 'NONE', *, *, #3188, .F. ) ;
#7186 = CARTESIAN_POINT ( 'NONE',  ( 0.1490000000000002200, 0.2270000000000000100, 0.6548463253555015800 ) ) ;
#7187 = DIRECTION ( 'NONE',  ( 0.0000000000000000000, 0.0000000000000000000, -1.000000000000000000 ) ) ;
#7188 = LINE ( 'NONE', #4432, #5164 ) ;
#7189 = VECTOR ( 'NONE', #6040, 39.37007874015748100 ) ;
#7190 = EDGE_CURVE ( 'NONE', #6211, #1458, #4700, .T. ) ;
#7191 = ADVANCED_FACE ( 'NONE', ( #955 ), #3698, .T. ) ;
#7192 = LINE ( 'NONE', #5845, #2667 ) ;
#7193 = CARTESIAN_POINT ( 'NONE',  ( -0.3437345820655684500, 0.1230262989648234600, 0.06102741253829755500 ) ) ;
#7194 = ORIENTED_EDGE ( 'NONE', *, *, #4120, .F. ) ;
#7195 = CARTESIAN_POINT ( 'NONE',  ( -0.1453455887281019100, 0.05000000000000000300, -0.2511611827213247600 ) ) ;
#7196 = VECTOR ( 'NONE', #5254, 39.37007874015748100 ) ;
#7197 = CARTESIAN_POINT ( 'NONE',  ( 0.02499999999999990400, 0.07199999999999999500, 0.1465000000000003200 ) ) ;
#7198 = CARTESIAN_POINT ( 'NONE',  ( 0.0000000000000000000, 0.1809999999999999900, -0.3279016016141764700 ) ) ;
#7199 = ORIENTED_EDGE ( 'NONE', *, *, #7077, .F. ) ;
#7200 = PLANE ( 'NONE',  #1094 ) ;
#7201 = ORIENTED_EDGE ( 'NONE', *, *, #1933, .F. ) ;
#7202 = PRESENTATION_LAYER_ASSIGNMENT (  '', '', ( #2611 ) ) ;
#7203 = VECTOR ( 'NONE', #125, 39.37007874015748100 ) ;
#7204 = EDGE_LOOP ( 'NONE', ( #3958, #4189, #7531, #6556 ) ) ;
#7205 = CARTESIAN_POINT ( 'NONE',  ( 0.3422496488359760300, 0.1809999999999999900, -0.06725733278777658300 ) ) ;
#7206 = CARTESIAN_POINT ( 'NONE',  ( 0.1689069135635087000, 0.09535331876330312200, -0.2313680457698141500 ) ) ;
#7207 = CARTESIAN_POINT ( 'NONE',  ( -0.2812643758590791000, -0.0004360444535016544300, 0.5848577441608394700 ) ) ;
#7208 = VERTEX_POINT ( 'NONE', #6032 ) ;
#7209 = EDGE_CURVE ( 'NONE', #5367, #1221, #3127, .T. ) ;
#7210 = EDGE_CURVE ( 'NONE', #560, #5293, #2308, .T. ) ;
#7211 = EDGE_LOOP ( 'NONE', ( #4261, #5099, #5961, #4967 ) ) ;
#7212 = DIRECTION ( 'NONE',  ( 4.065249990571820300E-017, -1.000000000000000000, 0.0000000000000000000 ) ) ;
#7213 = VECTOR ( 'NONE', #6455, 39.37007874015748100 ) ;
#7214 = ORIENTED_EDGE ( 'NONE', *, *, #1619, .F. ) ;
#7215 = DIRECTION ( 'NONE',  ( 0.8191520442889902400, 0.0000000000000000000, 0.5735764363510481600 ) ) ;
#7216 = LINE ( 'NONE', #2433, #4902 ) ;
#7217 = LINE ( 'NONE', #1804, #5662 ) ;
#7218 = PLANE ( 'NONE',  #6620 ) ;
#7219 = LINE ( 'NONE', #1883, #5665 ) ;
#7220 = CARTESIAN_POINT ( 'NONE',  ( 0.2715089870143563800, 0.05000000000000000300, 0.2152936321681473100 ) ) ;
#7221 = LINE ( 'NONE', #4943, #4078 ) ;
#7222 = ORIENTED_EDGE ( 'NONE', *, *, #66, .T. ) ;
#7223 = CARTESIAN_POINT ( 'NONE',  ( -0.3250000000000000100, 0.0000000000000000000, 0.6550000000000000300 ) ) ;
#7224 = EDGE_CURVE ( 'NONE', #5556, #2452, #2486, .T. ) ;
#7225 = PLANE ( 'NONE',  #4023 ) ;
#7226 = CARTESIAN_POINT ( 'NONE',  ( -0.02231656006532032800, 0.04085787398452389600, -0.2541060010942235400 ) ) ;
#7227 = CIRCLE ( 'NONE', #803, 0.3782235841417043700 ) ;
#7228 = ORIENTED_EDGE ( 'NONE', *, *, #6424, .F. ) ;
#7229 = DIRECTION ( 'NONE',  ( 0.0000000000000000000, 0.0000000000000000000, 1.000000000000000000 ) ) ;
#7230 = CARTESIAN_POINT ( 'NONE',  ( -0.2580442730090483100, 0.2255826625185509100, 0.6549999999999998000 ) ) ;
#7231 = ORIENTED_EDGE ( 'NONE', *, *, #3758, .T. ) ;
#7232 = CARTESIAN_POINT ( 'NONE',  ( -0.3905302676976424300, 0.1358484781434022300, 0.05525214984795077200 ) ) ;
#7233 = PLANE ( 'NONE',  #7399 ) ;
#7234 = AXIS2_PLACEMENT_3D ( 'NONE', #7633, #99, #1322 ) ;
#7235 = ADVANCED_FACE ( 'NONE', ( #1219 ), #3665, .T. ) ;
#7236 = AXIS2_PLACEMENT_3D ( 'NONE', #6066, #3689, #2545 ) ;
#7237 = CARTESIAN_POINT ( 'NONE',  ( 0.1490000000000002200, 0.2520000000000000000, 0.6390983659208351300 ) ) ;
#7238 = VERTEX_POINT ( 'NONE', #4282 ) ;
#7239 = EDGE_CURVE ( 'NONE', #2371, #5108, #5911, .T. ) ;
#7240 = DIRECTION ( 'NONE',  ( -0.0000000000000000000, -0.0000000000000000000, 1.000000000000000000 ) ) ;
#7241 = CARTESIAN_POINT ( 'NONE',  ( 0.2249999999999999800, 0.2920000000000000400, 0.5225000000000000800 ) ) ;
#7242 = EDGE_CURVE ( 'NONE', #6235, #5318, #7472, .T. ) ;
#7243 = DIRECTION ( 'NONE',  ( -1.000000000000000000, 0.0000000000000000000, 0.0000000000000000000 ) ) ;
#7244 = ORIENTED_EDGE ( 'NONE', *, *, #1546, .T. ) ;
#7245 = ORIENTED_EDGE ( 'NONE', *, *, #1390, .T. ) ;
#7246 = CARTESIAN_POINT ( 'NONE',  ( -0.2537454433088393000, 0.07199999999999999500, -0.02500000000000290900 ) ) ;
#7247 = CARTESIAN_POINT ( 'NONE',  ( -0.1900262246208216900, -1.331775896911328400E-015, 0.6098463253555017600 ) ) ;
#7248 = ORIENTED_EDGE ( 'NONE', *, *, #4548, .T. ) ;
#7249 = CARTESIAN_POINT ( 'NONE',  ( -0.1645028303955365400, 0.1180000000000000100, -0.2349343893328213500 ) ) ;
#7250 = CARTESIAN_POINT ( 'NONE',  ( 0.0000000000000000000, 0.07199999999999993900, 0.0000000000000000000 ) ) ;
#7251 = EDGE_CURVE ( 'NONE', #3998, #688, #4320, .T. ) ;
#7252 = ORIENTED_EDGE ( 'NONE', *, *, #2156, .T. ) ;
#7253 = DIRECTION ( 'NONE',  ( 0.0000000000000000000, 0.0000000000000000000, -1.000000000000000000 ) ) ;
#7254 = B_SPLINE_CURVE_WITH_KNOTS ( 'NONE', 3,
 ( #7257, #6052, #5503, #4806, #5982, #1309, #3102, #7173, #4232, #6576, #7230, #3621, #118, #3699, #4206, #711, #6607, #5411 ),
 .UNSPECIFIED., .F., .F.,
 ( 4, 2, 2, 2, 2, 2, 2, 2, 4 ),
 ( 0.04405779294156747500, 0.04410888042464716800, 0.04415996790772686000, 0.04426214287388624500, 0.04446649280620501600, 0.04487519267084254900, 0.04569259240011762400, 0.04732739185866776500, 0.05059699077576805500 ),
 .UNSPECIFIED. ) ;
#7255 = CARTESIAN_POINT ( 'NONE',  ( 0.0000000000000000000, 0.2820000000000000300, 0.0000000000000000000 ) ) ;
#7256 = ORIENTED_EDGE ( 'NONE', *, *, #5634, .T. ) ;
#7257 = CARTESIAN_POINT ( 'NONE',  ( -0.2500000000000000600, 0.2500000000000000600, 0.6550000000000000300 ) ) ;
#7258 = CARTESIAN_POINT ( 'NONE',  ( 0.02348145505224601800, 0.2820000000000000300, -0.01644189183571514000 ) ) ;
#7259 = CARTESIAN_POINT ( 'NONE',  ( -0.2150000000000001100, 0.1180000000000000100, 0.5426959314294750300 ) ) ;
#7260 = ORIENTED_EDGE ( 'NONE', *, *, #1884, .F. ) ;
#7261 = CARTESIAN_POINT ( 'NONE',  ( 0.3478102891524607100, 0.1409773246061729300, -0.02620400367957527800 ) ) ;
#7262 = ORIENTED_EDGE ( 'NONE', *, *, #4457, .F. ) ;
#7263 = CARTESIAN_POINT ( 'NONE',  ( -0.03499999999999985800, 0.3195982360857846400, -0.3615907086703890000 ) ) ;
#7264 = DIRECTION ( 'NONE',  ( -1.000000000000000000, 0.0000000000000000000, 0.0000000000000000000 ) ) ;
#7265 = PLANE ( 'NONE',  #6570 ) ;
#7266 = VERTEX_POINT ( 'NONE', #3296 ) ;
#7267 = EDGE_CURVE ( 'NONE', #2902, #6275, #2981, .T. ) ;
#7268 = ORIENTED_EDGE ( 'NONE', *, *, #66, .F. ) ;
#7269 = ADVANCED_FACE ( 'NONE', ( #7006 ), #4422, .F. ) ;
#7270 = DIRECTION ( 'NONE',  ( 0.0000000000000000000, 0.0000000000000000000, 1.000000000000000000 ) ) ;
#7271 = CARTESIAN_POINT ( 'NONE',  ( -0.04999999999999985000, 0.3520000000000000400, -0.2118626966596885700 ) ) ;
#7272 = SPHERICAL_SURFACE ( 'NONE', #4280, 0.01499999999999999900 ) ;
#7273 = VECTOR ( 'NONE', #3899, 39.37007874015748100 ) ;
#7274 = ORIENTED_EDGE ( 'NONE', *, *, #745, .T. ) ;
#7275 = CARTESIAN_POINT ( 'NONE',  ( -0.04802453675039131800, 0.2918019541000196300, -0.3723070417919546200 ) ) ;
#7276 = DIRECTION ( 'NONE',  ( -0.0000000000000000000, -0.0000000000000000000, -1.000000000000000000 ) ) ;
#7277 = UNCERTAINTY_MEASURE_WITH_UNIT (LENGTH_MEASURE( 1.000000000000000100E-005 ), #4736, 'distance_accuracy_value', 'NONE');
#7278 = VECTOR ( 'NONE', #4627, 39.37007874015748100 ) ;
#7279 = EDGE_CURVE ( 'NONE', #6211, #166, #6651, .T. ) ;
#7280 = FACE_OUTER_BOUND ( 'NONE', #1544, .T. ) ;
#7281 = LINE ( 'NONE', #5193, #3307 ) ;
#7282 = ORIENTED_EDGE ( 'NONE', *, *, #5074, .T. ) ;
#7283 = EDGE_CURVE ( 'NONE', #6116, #7238, #269, .T. ) ;
#7284 = LINE ( 'NONE', #2467, #5381 ) ;
#7285 = DIRECTION ( 'NONE',  ( -0.5735764363510482700, 0.0000000000000000000, 0.8191520442889902400 ) ) ;
#7286 = CARTESIAN_POINT ( 'NONE',  ( 0.0000000000000000000, 0.2820000000000000300, 0.6049239970457444000 ) ) ;
#7287 = AXIS2_PLACEMENT_3D ( 'NONE', #4554, #407, #6336 ) ;
#7288 = EDGE_LOOP ( 'NONE', ( #540, #1826, #4365, #991 ) ) ;
#7289 = CARTESIAN_POINT ( 'NONE',  ( 0.02500000000000000500, 0.0000000000000000000, 0.6049999999999998700 ) ) ;
#7290 = VECTOR ( 'NONE', #1278, 39.37007874015748100 ) ;
#7291 = VECTOR ( 'NONE', #5482, 39.37007874015748100 ) ;
#7292 = VECTOR ( 'NONE', #5102, 39.37007874015748100 ) ;
#7293 = CARTESIAN_POINT ( 'NONE',  ( 0.04999999999999994700, 0.3304187974361676400, -0.3706280004055445600 ) ) ;
#7294 = ORIENTED_EDGE ( 'NONE', *, *, #4713, .T. ) ;
#7295 = DIRECTION ( 'NONE',  ( 1.000000000000000000, 1.138269997360109700E-016, -1.986857670976281800E-018 ) ) ;
#7296 = DIRECTION ( 'NONE',  ( 0.0000000000000000000, 1.000000000000000000, 0.0000000000000000000 ) ) ;
#7297 = EDGE_CURVE ( 'NONE', #7028, #927, #3770, .T. ) ;
#7298 = ORIENTED_EDGE ( 'NONE', *, *, #6754, .T. ) ;
#7299 = EDGE_CURVE ( 'NONE', #5975, #2129, #3489, .T. ) ;
#7300 =( LENGTH_UNIT ( ) NAMED_UNIT ( * ) SI_UNIT ( $, .METRE. ) );
#7301 = ORIENTED_EDGE ( 'NONE', *, *, #7140, .F. ) ;
#7302 = CIRCLE ( 'NONE', #6655, 0.3512567646748315800 ) ;
#7303 = VECTOR ( 'NONE', #4702, 39.37007874015748100 ) ;
#7304 = CARTESIAN_POINT ( 'NONE',  ( 0.2192655146266696300, 0.3320000000000000200, -0.2170535150721015500 ) ) ;
#7305 = ORIENTED_EDGE ( 'NONE', *, *, #2946, .T. ) ;
#7306 = DIRECTION ( 'NONE',  ( 0.0000000000000000000, 1.000000000000000000, 0.0000000000000000000 ) ) ;
#7307 = DIRECTION ( 'NONE',  ( 0.8191520442889908000, -0.0000000000000000000, 0.5735764363510473800 ) ) ;
#7308 = ORIENTED_EDGE ( 'NONE', *, *, #6059, .F. ) ;
#7309 = AXIS2_PLACEMENT_3D ( 'NONE', #4443, #1483, #3274 ) ;
#7310 = VECTOR ( 'NONE', #6992, 39.37007874015748100 ) ;
#7311 = CIRCLE ( 'NONE', #3430, 0.3999999999999999700 ) ;
#7312 = DIRECTION ( 'NONE',  ( 0.01745240643728355000, 0.9998476951563912700, 0.0000000000000000000 ) ) ;
#7313 = DIRECTION ( 'NONE',  ( 0.08682659386424780600, 0.9924325091389671900, -0.08682659386424780600 ) ) ;
#7314 = EDGE_LOOP ( 'NONE', ( #1335, #2926, #4930 ) ) ;
#7315 = DIRECTION ( 'NONE',  ( 0.0000000000000000000, 1.000000000000000000, 0.0000000000000000000 ) ) ;
#7316 = CARTESIAN_POINT ( 'NONE',  ( -0.2207177771236144000, 0.05000000000000000300, -0.2716314835611117800 ) ) ;
#7317 = ADVANCED_FACE ( 'NONE', ( #6089 ), #4389, .F. ) ;
#7318 = FACE_OUTER_BOUND ( 'NONE', #717, .T. ) ;
#7319 = LINE ( 'NONE', #5385, #3618 ) ;
#7320 = ORIENTED_EDGE ( 'NONE', *, *, #5259, .T. ) ;
#7321 = CARTESIAN_POINT ( 'NONE',  ( -0.2499923835978046200, 0.2500000000000000600, 0.6300000000000000000 ) ) ;
#7322 = VECTOR ( 'NONE', #3319, 39.37007874015748100 ) ;
#7323 = AXIS2_PLACEMENT_3D ( 'NONE', #3476, #5219, #3003 ) ;
#7324 = CARTESIAN_POINT ( 'NONE',  ( 0.2537454433088401900, 0.07199999999999999500, -0.1465000000000003800 ) ) ;
#7325 = LINE ( 'NONE', #889, #6317 ) ;
#7326 = ORIENTED_EDGE ( 'NONE', *, *, #3586, .F. ) ;
#7327 = CARTESIAN_POINT ( 'NONE',  ( 0.1999999999999999600, 0.1050000000000000100, 0.6049999999999998700 ) ) ;
#7328 = EDGE_LOOP ( 'NONE', ( #4776, #1384, #995, #5278 ) ) ;
#7329 = CARTESIAN_POINT ( 'NONE',  ( -0.3249999999999997900, 0.07199999999999999500, 0.6548463253555015800 ) ) ;
#7330 = CIRCLE ( 'NONE', #3183, 0.3465089870143565100 ) ;
#7331 = DIRECTION ( 'NONE',  ( 0.0000000000000000000, -1.000000000000000000, 0.0000000000000000000 ) ) ;
#7332 = EDGE_CURVE ( 'NONE', #2122, #2122, #2391, .T. ) ;
#7333 = CARTESIAN_POINT ( 'NONE',  ( -0.02753400344955920700, 0.2171729603974602600, -0.2902166529416384000 ) ) ;
#7334 = ORIENTED_EDGE ( 'NONE', *, *, #7279, .F. ) ;
#7335 = CARTESIAN_POINT ( 'NONE',  ( 0.3724962741966278400, 0.2875119944108011100, -0.05948612090839012400 ) ) ;
#7336 = ORIENTED_EDGE ( 'NONE', *, *, #5220, .F. ) ;
#7337 = CARTESIAN_POINT ( 'NONE',  ( 0.04295945933867524600, 0.2779814177877488200, -0.3784981328178797500 ) ) ;
#7338 = CARTESIAN_POINT ( 'NONE',  ( -0.03642004483528828900, 0.2635366807060744400, -0.3815082652754127600 ) ) ;
#7339 = CARTESIAN_POINT ( 'NONE',  ( 0.04000000000000001500, 0.1200000000000000000, 0.6550000000000000300 ) ) ;
#7340 = ORIENTED_EDGE ( 'NONE', *, *, #7190, .T. ) ;
#7341 = CARTESIAN_POINT ( 'NONE',  ( 0.0000000000000000000, 0.1809999999999999900, 0.0000000000000000000 ) ) ;
#7342 = AXIS2_PLACEMENT_3D ( 'NONE', #738, #3727, #2492 ) ;
#7343 = EDGE_LOOP ( 'NONE', ( #7248, #4854, #6696, #2375 ) ) ;
#7344 = VERTEX_POINT ( 'NONE', #3837 ) ;
#7345 = DIRECTION ( 'NONE',  ( 0.0000000000000000000, 0.0000000000000000000, -1.000000000000000000 ) ) ;
#7346 = PLANE ( 'NONE',  #5912 ) ;
#7347 = EDGE_CURVE ( 'NONE', #7266, #324, #4135, .T. ) ;
#7348 = CARTESIAN_POINT ( 'NONE',  ( 0.2487879841177576300, 0.1810000000000000800, 0.6300000000000000000 ) ) ;
#7349 = CARTESIAN_POINT ( 'NONE',  ( -0.3796220324018272400, -1.058964075940326300, 0.6300000000000000000 ) ) ;
#7350 = ORIENTED_EDGE ( 'NONE', *, *, #1803, .T. ) ;
#7351 = ORIENTED_EDGE ( 'NONE', *, *, #3290, .F. ) ;
#7352 = ADVANCED_FACE ( 'NONE', ( #2570 ), #2030, .T. ) ;
#7353 = DIRECTION ( 'NONE',  ( 0.0000000000000000000, 0.0000000000000000000, 1.000000000000000000 ) ) ;
#7354 = AXIS2_PLACEMENT_3D ( 'NONE', #2350, #3605, #4737 ) ;
#7355 = CARTESIAN_POINT ( 'NONE',  ( 0.2537454433088401900, 0.2635366807060744400, -0.1465000000000003800 ) ) ;
#7356 = CARTESIAN_POINT ( 'NONE',  ( 0.2293713832029894700, 0.1809999999999999900, -0.2627682239343677200 ) ) ;
#7357 = EDGE_LOOP ( 'NONE', ( #4164 ) ) ;
#7358 = EDGE_CURVE ( 'NONE', #560, #3242, #22, .T. ) ;
#7359 = EDGE_CURVE ( 'NONE', #3316, #2534, #6831, .T. ) ;
#7360 = CARTESIAN_POINT ( 'NONE',  ( 1.240714297122518400E-015, 0.2500000000000000600, 0.5449999999999992600 ) ) ;
#7361 = EDGE_LOOP ( 'NONE', ( #6103 ) ) ;
#7362 = DIRECTION ( 'NONE',  ( 0.0000000000000000000, 1.000000000000000000, 0.0000000000000000000 ) ) ;
#7363 = VERTEX_POINT ( 'NONE', #328 ) ;
#7364 = DIRECTION ( 'NONE',  ( 0.0000000000000000000, 0.0000000000000000000, 1.000000000000000000 ) ) ;
#7365 = CARTESIAN_POINT ( 'NONE',  ( -0.04999999999999985700, 0.3362051340834399900, -0.3636738765773231400 ) ) ;
#7366 = DIRECTION ( 'NONE',  ( 0.0000000000000000000, 0.0000000000000000000, 1.000000000000000000 ) ) ;
#7367 = VERTEX_POINT ( 'NONE', #5669 ) ;
#7368 = DIRECTION ( 'NONE',  ( 4.065249990571820300E-017, -1.000000000000000000, 0.0000000000000000000 ) ) ;
#7369 = DIRECTION ( 'NONE',  ( 2.134256245050204700E-016, 0.0000000000000000000, 1.000000000000000000 ) ) ;
#7370 = ORIENTED_EDGE ( 'NONE', *, *, #1487, .F. ) ;
#7371 = PLANE ( 'NONE',  #981 ) ;
#7372 = DIRECTION ( 'NONE',  ( 0.0000000000000000000, 0.0000000000000000000, 1.000000000000000000 ) ) ;
#7373 = EDGE_CURVE ( 'NONE', #1069, #722, #759, .T. ) ;
#7374 = LINE ( 'NONE', #5439, #4134 ) ;
#7375 = EDGE_LOOP ( 'NONE', ( #5238 ) ) ;
#7376 = CARTESIAN_POINT ( 'NONE',  ( 0.2377646289775711700, 0.2875119944108011100, -0.2928481758151392200 ) ) ;
#7377 = DIRECTION ( 'NONE',  ( -0.1736481776669307200, 0.9848077530122080200, -0.0000000000000000000 ) ) ;
#7378 = CIRCLE ( 'NONE', #7020, 0.05000000000000001000 ) ;
#7379 = CYLINDRICAL_SURFACE ( 'NONE', #3271, 0.05199999999999997000 ) ;
#7380 = VERTEX_POINT ( 'NONE', #2256 ) ;
#7381 = VECTOR ( 'NONE', #6475, 39.37007874015748100 ) ;
#7382 = DIRECTION ( 'NONE',  ( 1.000000000000000000, -0.0000000000000000000, -0.0000000000000000000 ) ) ;
#7383 = CARTESIAN_POINT ( 'NONE',  ( 0.03598517392554471900, 0.3484906666467847400, -0.3503406067289228100 ) ) ;
#7384 = CARTESIAN_POINT ( 'NONE',  ( 0.1609829107043075400, 0.1809999999999999900, 0.6049999999999998700 ) ) ;
#7385 = EDGE_CURVE ( 'NONE', #4948, #3386, #1944, .T. ) ;
#7386 = EDGE_LOOP ( 'NONE', ( #6624, #2399, #6076, #980 ) ) ;
#7387 = ADVANCED_FACE ( 'NONE', ( #2947 ), #6332, .T. ) ;
#7388 = ORIENTED_EDGE ( 'NONE', *, *, #5159, .F. ) ;
#7389 = EDGE_CURVE ( 'NONE', #7630, #6438, #1404, .T. ) ;
#7390 = VECTOR ( 'NONE', #6500, 39.37007874015748100 ) ;
#7391 = CARTESIAN_POINT ( 'NONE',  ( -0.03598517392554458800, 0.3484906666467848000, -0.3503406067289228100 ) ) ;
#7392 = ORIENTED_EDGE ( 'NONE', *, *, #3322, .F. ) ;
#7393 = CARTESIAN_POINT ( 'NONE',  ( 0.2763344363650745400, 0.2820000000000000300, 0.2087745700297576600 ) ) ;
#7394 = VECTOR ( 'NONE', #4220, 39.37007874015748100 ) ;
#7395 = PLANE ( 'NONE',  #2281 ) ;
#7396 = DIRECTION ( 'NONE',  ( 1.000000000000000000, -4.065249990571820900E-017, 0.0000000000000000000 ) ) ;
#7397 = ORIENTED_EDGE ( 'NONE', *, *, #4274, .T. ) ;
#7398 = CARTESIAN_POINT ( 'NONE',  ( 0.03491207881839265800, 0.06696299887918424900, -0.2191939222758309300 ) ) ;
#7399 = AXIS2_PLACEMENT_3D ( 'NONE', #254, #5457, #1985 ) ;
#7400 = EDGE_LOOP ( 'NONE', ( #607, #3863, #1303, #1251 ) ) ;
#7401 = FACE_OUTER_BOUND ( 'NONE', #964, .T. ) ;
#7402 = DIRECTION ( 'NONE',  ( -0.0000000000000000000, -0.9998476951563912700, -0.01745240643728355000 ) ) ;
#7403 = EDGE_LOOP ( 'NONE', ( #2541, #4608, #4489, #7415 ) ) ;
#7404 = CARTESIAN_POINT ( 'NONE',  ( -0.2537454433088401900, 0.07199999999999999500, 0.5685895606806701300 ) ) ;
#7405 = EDGE_CURVE ( 'NONE', #4380, #7412, #394, .T. ) ;
#7406 = LINE ( 'NONE', #2203, #422 ) ;
#7407 = ORIENTED_EDGE ( 'NONE', *, *, #2407, .T. ) ;
#7408 = CARTESIAN_POINT ( 'NONE',  ( 0.2209394686418124100, 0.3319999999999999600, -0.2268975992661204600 ) ) ;
#7409 = VECTOR ( 'NONE', #5347, 39.37007874015748100 ) ;
#7410 = CARTESIAN_POINT ( 'NONE',  ( 0.03499999999999992700, 0.2520000000000000000, 0.5654476489935909000 ) ) ;
#7411 = VECTOR ( 'NONE', #7295, 39.37007874015748100 ) ;
#7412 = VERTEX_POINT ( 'NONE', #3399 ) ;
#7413 = LINE ( 'NONE', #2612, #6035 ) ;
#7414 = LINE ( 'NONE', #2963, #6311 ) ;
#7415 = ORIENTED_EDGE ( 'NONE', *, *, #1088, .T. ) ;
#7416 = DIRECTION ( 'NONE',  ( 1.721092712306846800E-015, 0.0000000000000000000, 1.000000000000000000 ) ) ;
#7417 = DIRECTION ( 'NONE',  ( 0.0000000000000000000, 1.000000000000000000, 0.0000000000000000000 ) ) ;
#7418 = DIRECTION ( 'NONE',  ( 0.0000000000000000000, 0.9998476951563912700, -0.01745240643728355000 ) ) ;
#7419 = LINE ( 'NONE', #5532, #1541 ) ;
#7420 = DIRECTION ( 'NONE',  ( -0.0000000000000000000, -0.0000000000000000000, 1.000000000000000000 ) ) ;
#7421 = ORIENTED_EDGE ( 'NONE', *, *, #2219, .F. ) ;
#7422 = ORIENTED_EDGE ( 'NONE', *, *, #1456, .T. ) ;
#7423 = CARTESIAN_POINT ( 'NONE',  ( -0.03596529586458254600, 0.3426911936491315900, -0.3572905551658525600 ) ) ;
#7424 = CARTESIAN_POINT ( 'NONE',  ( 0.03499999999999996200, 0.3195982360857846400, -0.3615907086703890000 ) ) ;
#7425 = CARTESIAN_POINT ( 'NONE',  ( 0.2637956005199529300, 0.1809999999999999900, 0.4257531754730548600 ) ) ;
#7426 = PLANE ( 'NONE',  #703 ) ;
#7427 = ORIENTED_EDGE ( 'NONE', *, *, #5073, .T. ) ;
#7428 = ADVANCED_FACE ( 'NONE', ( #850 ), #3352, .T. ) ;
#7429 = CARTESIAN_POINT ( 'NONE',  ( 0.3491060010942235700, 0.05000000000000000300, 0.02499999999999975900 ) ) ;
#7430 = VERTEX_POINT ( 'NONE', #478 ) ;
#7431 = CARTESIAN_POINT ( 'NONE',  ( -0.2525082565285725100, 0.2149700263379416300, 0.6060940095881522900 ) ) ;
#7432 = ORIENTED_EDGE ( 'NONE', *, *, #226, .T. ) ;
#7433 = CARTESIAN_POINT ( 'NONE',  ( 0.1609829107043075400, 0.1809999999999999900, 0.6049999999999998700 ) ) ;
#7434 = CARTESIAN_POINT ( 'NONE',  ( -0.004999999999999989700, 0.2820000000000000300, -0.2667453213192256300 ) ) ;
#7435 = ORIENTED_EDGE ( 'NONE', *, *, #3828, .F. ) ;
#7436 = CARTESIAN_POINT ( 'NONE',  ( 0.0000000000000000000, 0.2920000000000000400, 0.0000000000000000000 ) ) ;
#7437 = CARTESIAN_POINT ( 'NONE',  ( 0.2537454433088415800, 0.0000000000000000000, -0.1464999999999987700 ) ) ;
#7438 = AXIS2_PLACEMENT_3D ( 'NONE', #2170, #7547, #7444 ) ;
#7439 = VERTEX_POINT ( 'NONE', #2844 ) ;
#7440 = DIRECTION ( 'NONE',  ( 0.0000000000000000000, 1.000000000000000000, 0.0000000000000000000 ) ) ;
#7441 = DIRECTION ( 'NONE',  ( 0.0000000000000000000, -1.000000000000000000, 0.0000000000000000000 ) ) ;
#7442 = VERTEX_POINT ( 'NONE', #2231 ) ;
#7443 = CARTESIAN_POINT ( 'NONE',  ( -0.2537454433088418000, 0.05000000000000000300, 0.1464999999999987700 ) ) ;
#7444 = DIRECTION ( 'NONE',  ( 0.0000000000000000000, 0.0000000000000000000, 1.000000000000000000 ) ) ;
#7445 = EDGE_CURVE ( 'NONE', #6793, #3213, #5253, .T. ) ;
#7446 = EDGE_CURVE ( 'NONE', #7488, #2487, #5720, .T. ) ;
#7447 = CARTESIAN_POINT ( 'NONE',  ( 0.0000000000000000000, 0.3370000000000000800, 0.0000000000000000000 ) ) ;
#7448 = DIRECTION ( 'NONE',  ( -3.858542363932575100E-016, 0.0000000000000000000, -1.000000000000000000 ) ) ;
#7449 = VERTEX_POINT ( 'NONE', #1634 ) ;
#7450 = ORIENTED_EDGE ( 'NONE', *, *, #4595, .T. ) ;
#7451 = CARTESIAN_POINT ( 'NONE',  ( 0.03642624580372006600, 0.2818594795165153500, -0.3798973233377872500 ) ) ;
#7452 = AXIS2_PLACEMENT_3D ( 'NONE', #303, #6787, #7366 ) ;
#7453 = AXIS2_PLACEMENT_3D ( 'NONE', #7596, #6431, #6989 ) ;
#7454 = PLANE ( 'NONE',  #7632 ) ;
#7455 = ORIENTED_EDGE ( 'NONE', *, *, #4481, .F. ) ;
#7456 = CARTESIAN_POINT ( 'NONE',  ( -0.3495756727506392800, 0.04699250366565894300, 0.02456349252779194500 ) ) ;
#7457 = ORIENTED_EDGE ( 'NONE', *, *, #4216, .F. ) ;
#7458 = EDGE_CURVE ( 'NONE', #1776, #6986, #7281, .T. ) ;
#7459 = CARTESIAN_POINT ( 'NONE',  ( -0.3701599012385176600, 0.2500000000000000600, 0.06005537041007142500 ) ) ;
#7460 = DIRECTION ( 'NONE',  ( 0.0000000000000000000, 0.0000000000000000000, 1.000000000000000000 ) ) ;
#7461 = FACE_OUTER_BOUND ( 'NONE', #6361, .T. ) ;
#7462 = LINE ( 'NONE', #4649, #3118 ) ;
#7463 = CARTESIAN_POINT ( 'NONE',  ( -0.2487879841177576300, 0.1810000000000000800, 0.6300000000000000000 ) ) ;
#7464 = ADVANCED_FACE ( 'NONE', ( #18, #3685, #6459, #1039, #5534 ), #6950, .F. ) ;
#7465 = CARTESIAN_POINT ( 'NONE',  ( -0.2115089870143564100, 0.05000000000000001000, 0.0000000000000000000 ) ) ;
#7466 = VERTEX_POINT ( 'NONE', #6896 ) ;
#7467 = DIRECTION ( 'NONE',  ( -0.5735764363510443800, 0.0000000000000000000, 0.8191520442889929100 ) ) ;
#7468 = DIRECTION ( 'NONE',  ( -8.540306051441714200E-017, -0.0000000000000000000, 1.000000000000000000 ) ) ;
#7469 = DIRECTION ( 'NONE',  ( 1.000000000000000000, 0.0000000000000000000, 0.0000000000000000000 ) ) ;
#7470 = VECTOR ( 'NONE', #1155, 39.37007874015748100 ) ;
#7471 = CIRCLE ( 'NONE', #6379, 0.3463344363650741600 ) ;
#7472 = LINE ( 'NONE', #6135, #5075 ) ;
#7473 = EDGE_LOOP ( 'NONE', ( #6761, #5475, #5998, #7370 ) ) ;
#7474 = EDGE_CURVE ( 'NONE', #5618, #51, #205, .T. ) ;
#7475 = CARTESIAN_POINT ( 'NONE',  ( 0.3249999999999999000, 0.07200000000000000800, 0.2331844763272206100 ) ) ;
#7476 = ORIENTED_EDGE ( 'NONE', *, *, #7297, .T. ) ;
#7477 = DIRECTION ( 'NONE',  ( 0.0000000000000000000, 1.000000000000000000, 0.0000000000000000000 ) ) ;
#7478 = LINE ( 'NONE', #4094, #4329 ) ;
#7479 = FACE_OUTER_BOUND ( 'NONE', #5131, .T. ) ;
#7480 = VECTOR ( 'NONE', #485, 39.37007874015748100 ) ;
#7481 = CARTESIAN_POINT ( 'NONE',  ( 0.2207981399533864000, 0.09400025098945967400, -0.2710767424438019200 ) ) ;
#7482 = ORIENTED_EDGE ( 'NONE', *, *, #6892, .T. ) ;
#7483 = CARTESIAN_POINT ( 'NONE',  ( 0.2868019325236988400, 0.1180000000000000100, -0.02499999999999996300 ) ) ;
#7484 = DIRECTION ( 'NONE',  ( -0.01745240643728355000, 0.9998476951563912700, 0.0000000000000000000 ) ) ;
#7485 = AXIS2_PLACEMENT_3D ( 'NONE', #6822, #5608, #3795 ) ;
#7486 = VERTEX_POINT ( 'NONE', #1072 ) ;
#7487 = CIRCLE ( 'NONE', #4114, 0.4000000000000000200 ) ;
#7488 = VERTEX_POINT ( 'NONE', #1675 ) ;
#7489 = LINE ( 'NONE', #337, #3415 ) ;
#7490 = CARTESIAN_POINT ( 'NONE',  ( 0.1797601749091649000, 0.1180000000000000100, -0.3003103053786641000 ) ) ;
#7491 = ORIENTED_EDGE ( 'NONE', *, *, #6850, .T. ) ;
#7492 = DIRECTION ( 'NONE',  ( 0.0000000000000000000, 0.0000000000000000000, 1.000000000000000000 ) ) ;
#7493 = LINE ( 'NONE', #3860, #3328 ) ;
#7494 = EDGE_CURVE ( 'NONE', #1961, #6134, #1769, .T. ) ;
#7495 = EDGE_LOOP ( 'NONE', ( #822, #6734, #4253, #2431 ) ) ;
#7496 = B_SPLINE_CURVE_WITH_KNOTS ( 'NONE', 3,
 ( #1852, #7096, #6566, #5926 ),
 .UNSPECIFIED., .F., .F.,
 ( 4, 4 ),
 ( 0.0000000000000000000, 0.003328273339991030200 ),
 .UNSPECIFIED. ) ;
#7497 = LINE ( 'NONE', #1854, #4258 ) ;
#7498 = FACE_OUTER_BOUND ( 'NONE', #1618, .T. ) ;
#7499 = ORIENTED_EDGE ( 'NONE', *, *, #7389, .F. ) ;
#7500 =( BOUNDED_CURVE ( )  B_SPLINE_CURVE ( 3, ( #6784, #6261, #3798, #3301 ),
 .UNSPECIFIED., .F., .F. ) 
 B_SPLINE_CURVE_WITH_KNOTS ( ( 4, 4 ),
 ( 0.0000000000000000000, 1.570796326794896600 ),
 .UNSPECIFIED. ) 
 CURVE ( )  GEOMETRIC_REPRESENTATION_ITEM ( )  RATIONAL_B_SPLINE_CURVE ( ( 1.000000000000000000, 0.8047378541243649400, 0.8047378541243649400, 1.000000000000000000 ) ) 
 REPRESENTATION_ITEM ( '' )  );
#7501 = CARTESIAN_POINT ( 'NONE',  ( 0.0000000000000000000, 0.2500000000000000600, 0.0000000000000000000 ) ) ;
#7502 = VECTOR ( 'NONE', #1134, 39.37007874015748100 ) ;
#7503 = DIRECTION ( 'NONE',  ( 0.08682659386424776400, 0.9924325091389671900, -0.08682659386424783400 ) ) ;
#7504 = FACE_OUTER_BOUND ( 'NONE', #3907, .T. ) ;
#7505 = ORIENTED_EDGE ( 'NONE', *, *, #4288, .F. ) ;
#7506 = VECTOR ( 'NONE', #5630, 39.37007874015748900 ) ;
#7507 = PLANE ( 'NONE',  #5881 ) ;
#7508 = EDGE_CURVE ( 'NONE', #6197, #5406, #824, .T. ) ;
#7509 = ADVANCED_FACE ( 'NONE', ( #2214, #6281 ), #7379, .F. ) ;
#7510 = LINE ( 'NONE', #900, #4264 ) ;
#7511 = CARTESIAN_POINT ( 'NONE',  ( -0.03499999999999985100, 0.3520000000000000400, -0.3407492558152663800 ) ) ;
#7512 = EDGE_CURVE ( 'NONE', #1842, #653, #4667, .T. ) ;
#7513 = DIRECTION ( 'NONE',  ( 3.848950434425769700E-017, -0.9998476951563912700, -0.01745240643728355000 ) ) ;
#7514 = ORIENTED_EDGE ( 'NONE', *, *, #452, .T. ) ;
#7515 = ORIENTED_EDGE ( 'NONE', *, *, #315, .F. ) ;
#7516 = B_SPLINE_CURVE_WITH_KNOTS ( 'NONE', 3,
 ( #6698, #3154, #7275, #250, #829, #7338 ),
 .UNSPECIFIED., .F., .F.,
 ( 4, 2, 4 ),
 ( 3.157244383156457100E-018, 0.0006110367879336172500, 0.001222073575867231500 ),
 .UNSPECIFIED. ) ;
#7517 = DIRECTION ( 'NONE',  ( -1.000000000000000000, -0.0000000000000000000, -2.845674993400275900E-016 ) ) ;
#7518 = PRODUCT_DEFINITION_SHAPE ( 'NONE', 'NONE',  #7042 ) ;
#7519 = DIRECTION ( 'NONE',  ( -1.000000000000000000, 0.0000000000000000000, 0.0000000000000000000 ) ) ;
#7520 = CARTESIAN_POINT ( 'NONE',  ( 0.2537454433088416300, 0.04999999999999998200, -0.1464999999999987700 ) ) ;
#7521 = ORIENTED_EDGE ( 'NONE', *, *, #52, .T. ) ;
#7522 = CARTESIAN_POINT ( 'NONE',  ( 0.3659421544613723500, 0.07199999999999999500, -0.05464741154134426100 ) ) ;
#7523 = DIRECTION ( 'NONE',  ( -0.0000000000000000000, -1.000000000000000000, -0.0000000000000000000 ) ) ;
#7524 = ORIENTED_EDGE ( 'NONE', *, *, #2253, .F. ) ;
#7525 = VECTOR ( 'NONE', #2436, 39.37007874015748100 ) ;
#7526 = EDGE_CURVE ( 'NONE', #810, #1071, #2861, .T. ) ;
#7527 = ORIENTED_EDGE ( 'NONE', *, *, #4273, .T. ) ;
#7528 = DIRECTION ( 'NONE',  ( 0.01745240643728355300, 0.9998476951563912700, -1.277071111883206100E-017 ) ) ;
#7529 = ORIENTED_EDGE ( 'NONE', *, *, #4984, .F. ) ;
#7530 = CARTESIAN_POINT ( 'NONE',  ( -0.2812567646748316300, 0.0000000000000000000, 0.5848501329765920500 ) ) ;
#7531 = ORIENTED_EDGE ( 'NONE', *, *, #5796, .T. ) ;
#7532 = CARTESIAN_POINT ( 'NONE',  ( 0.2649999999999999600, 0.2500000000000000600, 0.0000000000000000000 ) ) ;
#7533 = ORIENTED_EDGE ( 'NONE', *, *, #3680, .T. ) ;
#7534 = EDGE_CURVE ( 'NONE', #3599, #2873, #1327, .T. ) ;
#7535 = CARTESIAN_POINT ( 'NONE',  ( -0.3469256246570983100, 0.1879849471616152900, 0.02702452478340191700 ) ) ;
#7536 = VERTEX_POINT ( 'NONE', #7045 ) ;
#7537 = EDGE_CURVE ( 'NONE', #191, #3230, #3295, .T. ) ;
#7538 = CARTESIAN_POINT ( 'NONE',  ( 0.03499999999999992700, 6.517391018811897000E-020, 0.5698463253555017300 ) ) ;
#7539 = CARTESIAN_POINT ( 'NONE',  ( 0.2684970349712026400, 0.3239613626895471200, 0.2142628278416331100 ) ) ;
#7540 = ORIENTED_EDGE ( 'NONE', *, *, #849, .F. ) ;
#7541 = AXIS2_PLACEMENT_3D ( 'NONE', #4995, #1408, #6141 ) ;
#7542 = ADVANCED_FACE ( 'NONE', ( #2675 ), #1130, .T. ) ;
#7543 = DIRECTION ( 'NONE',  ( 1.000000000000000000, -0.0000000000000000000, -0.0000000000000000000 ) ) ;
#7544 = DIRECTION ( 'NONE',  ( 0.0000000000000000000, 0.0000000000000000000, -1.000000000000000000 ) ) ;
#7545 = AXIS2_PLACEMENT_3D ( 'NONE', #3912, #435, #4517 ) ;
#7546 = ORIENTED_EDGE ( 'NONE', *, *, #3724, .T. ) ;
#7547 = DIRECTION ( 'NONE',  ( 0.0000000000000000000, 1.000000000000000000, 0.0000000000000000000 ) ) ;
#7548 = ORIENTED_EDGE ( 'NONE', *, *, #1170, .F. ) ;
#7549 = EDGE_CURVE ( 'NONE', #7344, #2018, #3541, .T. ) ;
#7550 = EDGE_CURVE ( 'NONE', #7344, #3428, #7192, .T. ) ;
#7551 = CARTESIAN_POINT ( 'NONE',  ( -0.02460155425328450900, 0.04917305845873198900, -0.2889276152084651100 ) ) ;
#7552 = FACE_OUTER_BOUND ( 'NONE', #679, .T. ) ;
#7553 = CARTESIAN_POINT ( 'NONE',  ( 0.2715089870143564400, 0.05000000000000000300, 0.6049999999999998700 ) ) ;
#7554 = AXIS2_PLACEMENT_3D ( 'NONE', #5146, #6880, #5168 ) ;
#7555 = ORIENTED_EDGE ( 'NONE', *, *, #4744, .F. ) ;
#7556 = AXIS2_PLACEMENT_3D ( 'NONE', #6876, #2234, #5740 ) ;
#7557 = DIRECTION ( 'NONE',  ( -0.9953480733522530600, 3.868179604619704700E-016, 0.09634424151944982800 ) ) ;
#7558 = CARTESIAN_POINT ( 'NONE',  ( 0.0000000000000000000, 0.0000000000000000000, 0.0000000000000000000 ) ) ;
#7559 = DIRECTION ( 'NONE',  ( -0.0000000000000000000, -0.0000000000000000000, 1.000000000000000000 ) ) ;
#7560 = FACE_OUTER_BOUND ( 'NONE', #6523, .T. ) ;
#7561 = DIRECTION ( 'NONE',  ( -1.000000000000000000, 0.0000000000000000000, 0.0000000000000000000 ) ) ;
#7562 = CONICAL_SURFACE ( 'NONE', #570, 0.07500000000000002500, 0.01745329251994333400 ) ;
#7563 = FACE_OUTER_BOUND ( 'NONE', #7582, .T. ) ;
#7564 = VERTEX_POINT ( 'NONE', #569 ) ;
#7565 = CARTESIAN_POINT ( 'NONE',  ( 0.2765286641587166900, 0.3191397716238471000, 0.2170480619120671300 ) ) ;
#7566 = CARTESIAN_POINT ( 'NONE',  ( 0.04999999999999998200, 0.3315776601479832300, -0.3472448635581436000 ) ) ;
#7567 = AXIS2_PLACEMENT_3D ( 'NONE', #2518, #3110, #7243 ) ;
#7568 = VECTOR ( 'NONE', #4384, 39.37007874015748100 ) ;
#7569 = LINE ( 'NONE', #4690, #5072 ) ;
#7570 = VECTOR ( 'NONE', #5645, 39.37007874015748100 ) ;
#7571 = CARTESIAN_POINT ( 'NONE',  ( -0.1499999999999998600, 0.2520000000000000000, 0.6054476489935908300 ) ) ;
#7572 = ORIENTED_EDGE ( 'NONE', *, *, #4910, .F. ) ;
#7573 = CARTESIAN_POINT ( 'NONE',  ( -0.2868019325236989000, 0.1180000000000000100, 0.02499999999999998100 ) ) ;
#7574 = LINE ( 'NONE', #6421, #6007 ) ;
#7575 = CARTESIAN_POINT ( 'NONE',  ( -0.1777526325617206100, 0.05000000000000000300, -0.2974432377767115000 ) ) ;
#7576 = ORIENTED_EDGE ( 'NONE', *, *, #7625, .T. ) ;
#7577 = CARTESIAN_POINT ( 'NONE',  ( -0.2999999999999999900, 0.07199999999999999500, 0.6298463253555016700 ) ) ;
#7578 = VECTOR ( 'NONE', #680, 39.37007874015748900 ) ;
#7579 = VECTOR ( 'NONE', #1435, 39.37007874015748100 ) ;
#7580 = DIRECTION ( 'NONE',  ( -0.0000000000000000000, -1.000000000000000000, -0.0000000000000000000 ) ) ;
#7581 = VECTOR ( 'NONE', #4651, 39.37007874015748100 ) ;
#7582 = EDGE_LOOP ( 'NONE', ( #695, #6934, #271, #4278 ) ) ;
#7583 = DIRECTION ( 'NONE',  ( 0.0000000000000000000, -0.01745240643728355000, -0.9998476951563912700 ) ) ;
#7584 = ADVANCED_FACE ( 'NONE', ( #6188 ), #2916, .F. ) ;
#7585 = VECTOR ( 'NONE', #5410, 39.37007874015748100 ) ;
#7586 = ORIENTED_EDGE ( 'NONE', *, *, #6975, .F. ) ;
#7587 = CARTESIAN_POINT ( 'NONE',  ( 0.2149999999999999700, 0.0000000000000000000, 0.6049999999999998700 ) ) ;
#7588 = SURFACE_STYLE_FILL_AREA ( #6809 ) ;
#7589 = VERTEX_POINT ( 'NONE', #4081 ) ;
#7590 = AXIS2_PLACEMENT_3D ( 'NONE', #3976, #2243, #3362 ) ;
#7591 = LINE ( 'NONE', #6565, #6852 ) ;
#7592 = ORIENTED_EDGE ( 'NONE', *, *, #3115, .F. ) ;
#7593 = ADVANCED_FACE ( 'NONE', ( #5808 ), #1139, .T. ) ;
#7594 = CIRCLE ( 'NONE', #4373, 0.1450000000000000200 ) ;
#7595 = VECTOR ( 'NONE', #6736, 39.37007874015748100 ) ;
#7596 = CARTESIAN_POINT ( 'NONE',  ( -0.2537454433088401900, 0.0000000000000000000, 0.1465000000000002400 ) ) ;
#7597 = EDGE_CURVE ( 'NONE', #3599, #6918, #3397, .T. ) ;
#7598 = FACE_OUTER_BOUND ( 'NONE', #5502, .T. ) ;
#7599 = CARTESIAN_POINT ( 'NONE',  ( -0.2737956005199528900, 0.1809999999999999900, -2.406628666183100400E-017 ) ) ;
#7600 = CARTESIAN_POINT ( 'NONE',  ( -0.2191488333011620000, 0.09369411930782846300, -0.2693907995683860700 ) ) ;
#7601 = VECTOR ( 'NONE', #794, 39.37007874015748100 ) ;
#7602 = EDGE_LOOP ( 'NONE', ( #2563, #2300, #6073, #4026 ) ) ;
#7603 = CARTESIAN_POINT ( 'NONE',  ( -0.2211255581919408000, 0.1879849471616151500, -0.2686842040347536800 ) ) ;
#7604 = CARTESIAN_POINT ( 'NONE',  ( -0.1815624826508941700, 0.0000000000000000000, -0.3006931652423675500 ) ) ;
#7605 = DIRECTION ( 'NONE',  ( -0.0000000000000000000, -1.000000000000000000, -0.0000000000000000000 ) ) ;
#7606 = AXIS2_PLACEMENT_3D ( 'NONE', #562, #4655, #1168 ) ;
#7607 = LINE ( 'NONE', #6731, #529 ) ;
#7608 = ORIENTED_EDGE ( 'NONE', *, *, #6692, .T. ) ;
#7609 = DIRECTION ( 'NONE',  ( 0.0000000000000000000, 0.0000000000000000000, 1.000000000000000000 ) ) ;
#7610 = ORIENTED_EDGE ( 'NONE', *, *, #4382, .T. ) ;
#7611 = DIRECTION ( 'NONE',  ( -0.0000000000000000000, -0.0000000000000000000, 1.000000000000000000 ) ) ;
#7612 = PLANE ( 'NONE',  #2843 ) ;
#7613 = ORIENTED_EDGE ( 'NONE', *, *, #1090, .F. ) ;
#7614 = EDGE_CURVE ( 'NONE', #6119, #1872, #6826, .T. ) ;
#7615 = DIRECTION ( 'NONE',  ( -0.0000000000000000000, 0.9998476951563912700, -0.01745240643728355000 ) ) ;
#7616 = EDGE_CURVE ( 'NONE', #5468, #4734, #4973, .T. ) ;
#7617 = EDGE_LOOP ( 'NONE', ( #4580 ) ) ;
#7618 = DIRECTION ( 'NONE',  ( 0.0000000000000000000, 1.000000000000000000, 0.0000000000000000000 ) ) ;
#7619 = ORIENTED_EDGE ( 'NONE', *, *, #7332, .T. ) ;
#7620 = ORIENTED_EDGE ( 'NONE', *, *, #5134, .F. ) ;
#7621 = ADVANCED_FACE ( 'NONE', ( #7563 ), #7612, .T. ) ;
#7622 = CARTESIAN_POINT ( 'NONE',  ( 0.3456059578214985600, 0.05000000000000000300, -0.02499999999999991800 ) ) ;
#7623 = DIRECTION ( 'NONE',  ( 0.0000000000000000000, 0.0000000000000000000, -1.000000000000000000 ) ) ;
#7624 = ORIENTED_EDGE ( 'NONE', *, *, #3648, .F. ) ;
#7625 = EDGE_CURVE ( 'NONE', #7630, #918, #3676, .T. ) ;
#7626 = DIRECTION ( 'NONE',  ( -0.0000000000000000000, -0.0000000000000000000, 1.000000000000000000 ) ) ;
#7627 = ORIENTED_EDGE ( 'NONE', *, *, #2354, .T. ) ;
#7628 = CARTESIAN_POINT ( 'NONE',  ( 0.2749999999999999700, 0.05000000000000000300, 0.6049999999999998700 ) ) ;
#7629 = ADVANCED_FACE ( 'NONE', ( #4500 ), #4028, .T. ) ;
#7630 = VERTEX_POINT ( 'NONE', #4634 ) ;
#7631 = AXIS2_PLACEMENT_3D ( 'NONE', #220, #4363, #7229 ) ;
#7632 = AXIS2_PLACEMENT_3D ( 'NONE', #3953, #473, #1572 ) ;
#7633 = CARTESIAN_POINT ( 'NONE',  ( 0.0000000000000000000, 0.0000000000000000000, 0.0000000000000000000 ) ) ;
#7634 = DIRECTION ( 'NONE',  ( 0.0000000000000000000, 1.000000000000000000, 0.0000000000000000000 ) ) ;
#7635 = ORIENTED_EDGE ( 'NONE', *, *, #5719, .F. ) ;
#7636 = EDGE_CURVE ( 'NONE', #7589, #1603, #4782, .T. ) ;
#7637 = DIRECTION ( 'NONE',  ( 0.0000000000000000000, -1.000000000000000000, 0.0000000000000000000 ) ) ;
#7638 = EDGE_LOOP ( 'NONE', ( #1808, #1332, #3012, #4306, #5551, #830 ) ) ;
#7639 = CARTESIAN_POINT ( 'NONE',  ( 0.2515921688207171100, 0.3303507982574821500, 0.2082614449967167500 ) ) ;
#7640 = NEXT_ASSEMBLY_USAGE_OCCURRENCE ( 'NAUO1', ' ', ' ', #5117, #7042, $ ) ;
#7641 = NEXT_ASSEMBLY_USAGE_OCCURRENCE ( 'NAUO2', ' ', ' ', #5117, #3329, $ ) ;
ENDSEC;
END-ISO-10303-21;
