ISO-10303-21;
HEADER;
FILE_DESCRIPTION (( 'STEP AP203' ),
    '1' );
FILE_NAME ('am-5687_long Kraken Spline 500in Hex Adapter Long.STEP',
    '2025-08-18T20:58:26',
    ( '' ),
    ( '' ),
    'SwSTEP 2.0',
    'SolidWorks 2024',
    '' );
FILE_SCHEMA (( 'CONFIG_CONTROL_DESIGN' ));
ENDSEC;

DATA;
#1 = CARTESIAN_POINT ( 'NONE',  ( 0.008537059671348356735, -0.1603641653951718982, 0.9972730080735123792 ) ) ;
#2 = CARTESIAN_POINT ( 'NONE',  ( -0.01056307814160921919, 0.1402864555280760872, 0.03431642517885518523 ) ) ;
#3 = ORIENTED_EDGE ( 'NONE', *, *, #841, .T. ) ;
#4 = CARTESIAN_POINT ( 'NONE',  ( 0.1443769995133795947, 0.08265265395736229315, 0.9913590817808437539 ) ) ;
#5 = CARTESIAN_POINT ( 'NONE',  ( 0.03949944370824776119, -0.1350246724535762444, 0.9656835748211446413 ) ) ;
#6 = LINE ( 'NONE', #887, #2848 ) ;
#7 = LINE ( 'NONE', #24, #587 ) ;
#8 = CARTESIAN_POINT ( 'NONE',  ( 0.01081417969964798206, 0.1407444911747750549, 0.002726991926490095371 ) ) ;
#9 = CARTESIAN_POINT ( 'NONE',  ( -0.1202668967032224090, -0.1136950311293392357, 0.009500085179902429885 ) ) ;
#10 = APPROVAL_DATE_TIME ( #1584, #1929 ) ;
#11 = EDGE_CURVE ( 'NONE', #2551, #59, #1990, .T. ) ;
#12 = CARTESIAN_POINT ( 'NONE',  ( -0.06670949404548279227, 0.1238616632725893785, 0.002726991926488593100 ) ) ;
#13 = B_SPLINE_CURVE_WITH_KNOTS ( 'NONE', 3,
 ( #976, #718, #74, #1198, #1918, #2105, #564, #1901, #1883, #1182, #2755, #1628, #958, #1232, #1471, #1436, #1008, #2309, #1866, #2800, #737, #135 ),
 .UNSPECIFIED., .F., .F.,
 ( 4, 2, 2, 2, 2, 2, 2, 2, 2, 2, 4 ),
 ( 0.000000000000000000, 0.0004704992538472321708, 0.0007057488807708477141, 0.0008233736942326563531, 0.0009409985076944649921, 0.001058623321156273740, 0.001176248134618082053, 0.001293872948079890584, 0.001411497761541699114, 0.001646747388465314224, 0.001881997015388929551 ),
 .UNSPECIFIED. ) ;
#14 = LOCAL_TIME ( 16, 58, 26.00000000000000000, #2295 ) ;
#15 = CARTESIAN_POINT ( 'NONE',  ( -0.003844550425969771139, -0.1655174767958203508, 0.9972730080735123792 ) ) ;
#16 = DIRECTION ( 'NONE',  ( 0.000000000000000000, 0.000000000000000000, -1.000000000000000000 ) ) ;
#17 = PRODUCT_DEFINITION_FORMATION_WITH_SPECIFIED_SOURCE ( 'ANY', '', #443, .NOT_KNOWN. ) ;
#18 = VERTEX_POINT ( 'NONE', #2634 ) ;
#19 = CARTESIAN_POINT ( 'NONE',  ( 0.07459690071727859140, -0.1250686537741166338, 0.02939140651048159636 ) ) ;
#20 = CARTESIAN_POINT ( 'NONE',  ( -0.1443375672974065160, -0.2500000000000001110, 1.000000000000000000 ) ) ;
#21 = CARTESIAN_POINT ( 'NONE',  ( -0.1336896282677138004, 0.05743834878965826257, 0.002726991926488593100 ) ) ;
#22 = CARTESIAN_POINT ( 'NONE',  ( -0.1267731733649888615, -0.06099533375125573698, 0.9656835748211447523 ) ) ;
#23 = VERTEX_POINT ( 'NONE', #1302 ) ;
#24 = CARTESIAN_POINT ( 'NONE',  ( -0.1113212323921652647, 0.08602006418938624999, 1.000000000000000000 ) ) ;
#25 = AXIS2_PLACEMENT_3D ( 'NONE', #1161, #542, #312 ) ;
#26 = ORIENTED_EDGE ( 'NONE', *, *, #411, .T. ) ;
#27 = CARTESIAN_POINT ( 'NONE',  ( 0.03817355623556709099, 0.1611011958278482925, 0.002726991926490095371 ) ) ;
#28 = CARTESIAN_POINT ( 'NONE',  ( -0.1245105233957409518, -0.09945339482097199924, 0.01565402426856389237 ) ) ;
#29 = PERSON_AND_ORGANIZATION ( #1517, #2334 ) ;
#30 = CARTESIAN_POINT ( 'NONE',  ( -0.1528241028111821664, 0.002481511079251135215, 0.9778384560093105193 ) ) ;
#31 = CARTESIAN_POINT ( 'NONE',  ( -0.1007732690192763014, 0.1307956198040013951, 0.9972730080735126013 ) ) ;
#32 = CARTESIAN_POINT ( 'NONE',  ( -0.004647550830058903848, -0.1650489205660748693, 0.9972730080735123792 ) ) ;
#33 = CARTESIAN_POINT ( 'NONE',  ( 0.1429856269015649106, 0.08501493448150748700, 0.9913402782565399196 ) ) ;
#34 = CARTESIAN_POINT ( 'NONE',  ( -0.1338048270549974939, 0.05727319469692458004, 0.9705304259484004437 ) ) ;
#35 = CARTESIAN_POINT ( 'NONE',  ( 0.1531195140957291312, -0.05683670045663156978, 0.9972730080735112690 ) ) ;
#36 = CARTESIAN_POINT ( 'NONE',  ( 0.01056307814159814819, 0.1402864555280769476, 0.9656835748211447523 ) ) ;
#37 = ORIENTED_EDGE ( 'NONE', *, *, #1557, .T. ) ;
#38 = CARTESIAN_POINT ( 'NONE',  ( 0.09791084605444769218, 0.1038673567307064061, 0.9972730080735109359 ) ) ;
#39 = CARTESIAN_POINT ( 'NONE',  ( 0.000000000000000000, 0.000000000000000000, 0.9656835748211447523 ) ) ;
#40 = EDGE_CURVE ( 'NONE', #2121, #128, #1492, .T. ) ;
#41 = FACE_OUTER_BOUND ( 'NONE', #1023, .T. ) ;
#42 = CARTESIAN_POINT ( 'NONE',  ( 0.01868456120631438455, -0.1399172807452679357, 0.002726991926487773443 ) ) ;
#43 = CARTESIAN_POINT ( 'NONE',  ( 0.000000000000000000, 0.000000000000000000, 0.000000000000000000 ) ) ;
#44 = ORIENTED_EDGE ( 'NONE', *, *, #101, .T. ) ;
#45 = DIRECTION ( 'NONE',  ( -0.000000000000000000, -0.000000000000000000, -1.000000000000000000 ) ) ;
#46 = CARTESIAN_POINT ( 'NONE',  ( 0.1434236834138742644, -0.002984936147542296189, 0.03155075788662033837 ) ) ;
#47 = FACE_OUTER_BOUND ( 'NONE', #968, .T. ) ;
#48 = DIRECTION ( 'NONE',  ( 1.000000000000000000, 0.000000000000000000, 0.000000000000000000 ) ) ;
#49 = VERTEX_POINT ( 'NONE', #2004 ) ;
#50 = CARTESIAN_POINT ( 'NONE',  ( 0.02785800258847985836, 0.1614919784227912825, 0.9888723077807227702 ) ) ;
#51 = ORIENTED_EDGE ( 'NONE', *, *, #105, .F. ) ;
#52 = CARTESIAN_POINT ( 'NONE',  ( 0.03541405722580181353, 0.1625432671382135985, 0.9972730080735127123 ) ) ;
#53 = DIRECTION ( 'NONE',  ( -1.000000000000000000, 0.000000000000000000, 0.000000000000000000 ) ) ;
#54 = VERTEX_POINT ( 'NONE', #1372 ) ;
#55 = CARTESIAN_POINT ( 'NONE',  ( -0.1248862076198299642, -0.1009602995095540690, 0.9972730080735111580 ) ) ;
#56 = UNCERTAINTY_MEASURE_WITH_UNIT (LENGTH_MEASURE( 1.000000000000000082E-05 ), #2842, 'distance_accuracy_value', 'NONE');
#57 = CARTESIAN_POINT ( 'NONE',  ( 0.04581537303990747961, 0.1431066379096197771, 0.02477044651415520257 ) ) ;
#58 = CYLINDRICAL_SURFACE ( 'NONE', #1737, 0.1406835748211446580 ) ;
#59 = VERTEX_POINT ( 'NONE', #2909 ) ;
#60 = ORIENTED_EDGE ( 'NONE', *, *, #827, .T. ) ;
#61 = CARTESIAN_POINT ( 'NONE',  ( 0.1568210212292419914, 0.005309183204327177011, 0.002726991926489275714 ) ) ;
#62 = CARTESIAN_POINT ( 'NONE',  ( -0.1584070236005543642, -0.04658283785642246266, 0.002726991926487910053 ) ) ;
#63 = EDGE_CURVE ( 'NONE', #808, #2333, #1592, .T. ) ;
#64 = CARTESIAN_POINT ( 'NONE',  ( -0.1371977307718328376, 0.03320754356591739537, 0.9972730080735126013 ) ) ;
#65 = CIRCLE ( 'NONE', #296, 0.1406835748211446024 ) ;
#66 = CARTESIAN_POINT ( 'NONE',  ( 0.006025122757599226352, -0.1640981384825643263, 0.01079694827736899995 ) ) ;
#67 = ORIENTED_EDGE ( 'NONE', *, *, #274, .F. ) ;
#68 = CARTESIAN_POINT ( 'NONE',  ( 0.03518417712828672550, 0.1625984405659751664, 0.9913590817808430877 ) ) ;
#69 = EDGE_LOOP ( 'NONE', ( #1763, #934, #1916, #1515 ) ) ;
#70 = CARTESIAN_POINT ( 'NONE',  ( 0.02892624357681170336, 0.1620170028337904744, 0.002726991926490095371 ) ) ;
#71 = CARTESIAN_POINT ( 'NONE',  ( -0.1250389960849712379, -0.1097163526708354875, 0.008659721743459440277 ) ) ;
#72 = VECTOR ( 'NONE', #1381, 39.37007874015748143 ) ;
#73 = VERTEX_POINT ( 'NONE', #1095 ) ;
#74 = CARTESIAN_POINT ( 'NONE',  ( -0.1456475312511481546, 0.03106214130396407064, 0.02609929206051679260 ) ) ;
#75 = CARTESIAN_POINT ( 'NONE',  ( -0.1248862076198299642, -0.1009602995095540690, 0.002726991926488729710 ) ) ;
#76 = CARTESIAN_POINT ( 'NONE',  ( 0.03130262407502158728, 0.1628760511212221096, 0.009145487210581273660 ) ) ;
#77 = EDGE_LOOP ( 'NONE', ( #44, #798, #1041, #2380 ) ) ;
#78 = CARTESIAN_POINT ( 'NONE',  ( 0.07391259992632139009, -0.1197029481532854711, 0.03431642517885524074 ) ) ;
#79 = CARTESIAN_POINT ( 'NONE',  ( -0.1461664995321131366, -0.001582301894438638105, 0.02883350046788646370 ) ) ;
#80 = CARTESIAN_POINT ( 'NONE',  ( 0.1567061099765778287, -0.05432915790652850102, 0.9908545127894148319 ) ) ;
#81 = CARTESIAN_POINT ( 'NONE',  ( 0.09718507462834390098, 0.1017198579134862002, 0.9656835748211447523 ) ) ;
#82 = CARTESIAN_POINT ( 'NONE',  ( 0.1582111077173613267, -0.05140590506019391409, 0.002726991926486270739 ) ) ;
#83 = DIRECTION ( 'NONE',  ( 1.000000000000000000, 0.000000000000000000, -0.000000000000000000 ) ) ;
#84 = ORIENTED_EDGE ( 'NONE', *, *, #2235, .F. ) ;
#85 = CARTESIAN_POINT ( 'NONE',  ( 0.09992678105258659405, 0.1324477378502941505, 0.9972730080735109359 ) ) ;
#86 = CARTESIAN_POINT ( 'NONE',  ( 0.1113212323921585478, 0.08602006418939496524, 0.9656835748211447523 ) ) ;
#87 = VERTEX_POINT ( 'NONE', #199 ) ;
#88 = EDGE_CURVE ( 'NONE', #128, #1046, #1683, .T. ) ;
#89 = CARTESIAN_POINT ( 'NONE',  ( -0.1255759627645934573, -0.1078957518560306056, 0.9972730080735111580 ) ) ;
#90 = CARTESIAN_POINT ( 'NONE',  ( 0.02713434117131665463, 0.1607737066916275492, 0.01195477211224076249 ) ) ;
#91 = DIRECTION ( 'NONE',  ( -0.000000000000000000, -0.000000000000000000, -1.000000000000000000 ) ) ;
#92 = DIRECTION ( 'NONE',  ( 1.000000000000000000, 8.881784197001252323E-16, 0.000000000000000000 ) ) ;
#93 = FACE_OUTER_BOUND ( 'NONE', #1933, .T. ) ;
#94 = CARTESIAN_POINT ( 'NONE',  ( -0.1636589639636357174, 0.02187440109108845787, 0.9972730080735126013 ) ) ;
#95 = CARTESIAN_POINT ( 'NONE',  ( 0.1361982711706997695, -0.06055244392171262036, 0.9972730080735112690 ) ) ;
#96 = EDGE_CURVE ( 'NONE', #1387, #2493, #1202, .T. ) ;
#97 = DIRECTION ( 'NONE',  ( -1.000000000000000000, 0.000000000000000000, 0.000000000000000000 ) ) ;
#98 = B_SPLINE_CURVE_WITH_KNOTS ( 'NONE', 3,
 ( #544, #527, #1430, #1670, #2564, #2345, #2245, #1094, #2620, #2663, #173, #603, #2189, #821, #212, #158, #1315, #2017, #1540, #1513 ),
 .UNSPECIFIED., .F., .F.,
 ( 4, 2, 2, 2, 2, 2, 2, 2, 2, 4 ),
 ( 0.000000000000000000, 0.0005475201370055803995, 0.0008212802055083740687, 0.0009581602397597747522, 0.001095040274011175544, 0.001163480291136876265, 0.001231920308262576987, 0.001368800342513976911, 0.001642560411016776543, 0.002190080548022368869 ),
 .UNSPECIFIED. ) ;
#99 = ORIENTED_EDGE ( 'NONE', *, *, #333, .T. ) ;
#100 = CARTESIAN_POINT ( 'NONE',  ( -0.1411036922528504933, 0.06863503593859555940, 0.9972730080735117131 ) ) ;
#101 = EDGE_CURVE ( 'NONE', #2573, #1297, #6, .T. ) ;
#102 = VERTEX_POINT ( 'NONE', #2679 ) ;
#103 = CARTESIAN_POINT ( 'NONE',  ( 0.04227389063948613912, 0.1536449359656761049, 0.01565402426856871837 ) ) ;
#104 = CARTESIAN_POINT ( 'NONE',  ( 0.09147639141118645012, -0.1075082698819491700, 0.002726991926489139538 ) ) ;
#105 = EDGE_CURVE ( 'NONE', #819, #2353, #663, .T. ) ;
#106 = DIRECTION ( 'NONE',  ( 1.000000000000000000, 0.000000000000000000, 0.000000000000000000 ) ) ;
#107 = CARTESIAN_POINT ( 'NONE',  ( 0.1321810139991022870, -0.06111501690798010894, 0.9706085934895192224 ) ) ;
#108 = CARTESIAN_POINT ( 'NONE',  ( -0.1013288924327942209, 0.1292167044775259510, 0.01079694827736282434 ) ) ;
#109 = VERTEX_POINT ( 'NONE', #1806 ) ;
#110 = CARTESIAN_POINT ( 'NONE',  ( 0.1586045062847546427, -0.04749132846112095324, 0.002726991926486270739 ) ) ;
#111 = CARTESIAN_POINT ( 'NONE',  ( -0.06082530868053714207, -0.1521709868110268093, 0.9888723077807146655 ) ) ;
#112 = AXIS2_PLACEMENT_3D ( 'NONE', #2218, #630, #2647 ) ;
#113 = ORIENTED_EDGE ( 'NONE', *, *, #2680, .T. ) ;
#114 = LOCAL_TIME ( 16, 58, 26.00000000000000000, #2510 ) ;
#115 = CARTESIAN_POINT ( 'NONE',  ( -0.1452603334924539302, 0.07849956319881866429, 0.9972730080735117131 ) ) ;
#116 = CARTESIAN_POINT ( 'NONE',  ( -0.1000611394360412520, 0.1120996279893169134, 0.9752295534858487214 ) ) ;
#117 = ORIENTED_EDGE ( 'NONE', *, *, #532, .T. ) ;
#118 = LINE ( 'NONE', #2233, #232 ) ;
#119 = AXIS2_PLACEMENT_3D ( 'NONE', #342, #1777, #644 ) ;
#120 = EDGE_CURVE ( 'NONE', #2373, #2573, #2692, .T. ) ;
#121 = CARTESIAN_POINT ( 'NONE',  ( 0.09581801051495168753, -0.1095575621989009762, 0.02946957405160046534 ) ) ;
#122 = CARTESIAN_POINT ( 'NONE',  ( 0.1241911094187242992, -0.1106844048748674564, 0.002726991926489139538 ) ) ;
#123 = CIRCLE ( 'NONE', #882, 0.1749999999999999889 ) ;
#124 = VERTEX_POINT ( 'NONE', #1816 ) ;
#125 = CARTESIAN_POINT ( 'NONE',  ( 0.1655222832668020450, 0.01557199743559411868, 0.9972730080735131564 ) ) ;
#126 = CARTESIAN_POINT ( 'NONE',  ( 0.1427886372984197572, -0.02820205014657786030, 0.9705304259484006657 ) ) ;
#127 = CARTESIAN_POINT ( 'NONE',  ( -0.1490522097375208133, 7.941751485541745684E-05, 0.9972730080735126013 ) ) ;
#128 = VERTEX_POINT ( 'NONE', #435 ) ;
#129 = APPROVAL ( #2711, 'UNSPECIFIED' ) ;
#130 = CARTESIAN_POINT ( 'NONE',  ( -0.07459690071727365090, -0.1250686537741214632, 0.9706085934895202216 ) ) ;
#131 = CARTESIAN_POINT ( 'NONE',  ( 0.06670949404547348027, 0.1238616632725943051, 0.9972730080735109359 ) ) ;
#132 = ORIENTED_EDGE ( 'NONE', *, *, #893, .T. ) ;
#133 = CARTESIAN_POINT ( 'NONE',  ( 0.1013714463600073334, 0.1280618053073947771, 0.9972730080735109359 ) ) ;
#134 = CARTESIAN_POINT ( 'NONE',  ( -0.1430633305519653231, 0.08469354646824368837, 0.002726991926488593100 ) ) ;
#135 = CARTESIAN_POINT ( 'NONE',  ( -0.1488382472457260575, -1.006476895248773688E-17, 0.02616175275427372673 ) ) ;
#136 = CARTESIAN_POINT ( 'NONE',  ( 0.07391259992632139009, -0.1197029481532854295, 0.9972730080735126013 ) ) ;
#137 = ORIENTED_EDGE ( 'NONE', *, *, #2323, .F. ) ;
#138 = CARTESIAN_POINT ( 'NONE',  ( 0.1641530725293375848, 0.01183239425845967856, 0.002726991926489275714 ) ) ;
#139 = CARTESIAN_POINT ( 'NONE',  ( 0.1440659267840880553, 0.08317650160985323726, 0.9972730080735109359 ) ) ;
#140 = CARTESIAN_POINT ( 'NONE',  ( -0.1568443576895039993, -0.05410741441021575671, 0.002726991926487910053 ) ) ;
#141 = CARTESIAN_POINT ( 'NONE',  ( -0.1654417040622563895, 0.01738862378651266985, 0.9972730080735126013 ) ) ;
#142 = ORIENTED_EDGE ( 'NONE', *, *, #1248, .T. ) ;
#143 = FACE_OUTER_BOUND ( 'NONE', #1424, .T. ) ;
#144 = CARTESIAN_POINT ( 'NONE',  ( -0.1443375672974065160, -0.2500000000000001110, 1.000000000000000000 ) ) ;
#145 = CARTESIAN_POINT ( 'NONE',  ( 0.000000000000000000, 0.000000000000000000, 0.000000000000000000 ) ) ;
#146 = ORIENTED_EDGE ( 'NONE', *, *, #348, .F. ) ;
#147 = CARTESIAN_POINT ( 'NONE',  ( -0.1235289671442608428, -0.1114175097577707468, 0.9972730080735111580 ) ) ;
#148 = CARTESIAN_POINT ( 'NONE',  ( 0.07417602139532865346, -0.1219544153332764724, 0.002726991926488456491 ) ) ;
#149 = CARTESIAN_POINT ( 'NONE',  ( 0.1237194460861406609, -0.1112059614611085323, 0.9972730080735126013 ) ) ;
#150 = CYLINDRICAL_SURFACE ( 'NONE', #215, 0.1406835748211446857 ) ;
#151 = CARTESIAN_POINT ( 'NONE',  ( 0.1585933079896869324, 0.02525291253718188120, 0.9972730080735131564 ) ) ;
#152 = CARTESIAN_POINT ( 'NONE',  ( 0.1397575321995236930, 0.08691414711201286836, 0.002726991926486953786 ) ) ;
#153 = CARTESIAN_POINT ( 'NONE',  ( -0.1582111077173581071, -0.05140590506020376732, 0.002726991926487910053 ) ) ;
#154 = CARTESIAN_POINT ( 'NONE',  ( 0.09589564810680006879, -0.1095942080023855347, 0.9706085934895181122 ) ) ;
#155 = ORIENTED_EDGE ( 'NONE', *, *, #333, .F. ) ;
#156 = CYLINDRICAL_SURFACE ( 'NONE', #2062, 0.1406835748211446024 ) ;
#157 = EDGE_CURVE ( 'NONE', #1203, #1297, #1342, .T. ) ;
#158 = CARTESIAN_POINT ( 'NONE',  ( 0.1011466818255951500, 0.1234809090969840178, 0.9846099701364636747 ) ) ;
#159 = ORIENTED_EDGE ( 'NONE', *, *, #676, .T. ) ;
#160 = AXIS2_PLACEMENT_3D ( 'NONE', #920, #1803, #2037 ) ;
#161 = CARTESIAN_POINT ( 'NONE',  ( -0.1221854491203784726, -0.1128855376413660239, 0.9913402782565405857 ) ) ;
#162 = AXIS2_PLACEMENT_3D ( 'NONE', #2579, #1003, #83 ) ;
#163 = CARTESIAN_POINT ( 'NONE',  ( 0.07445732728339145290, -0.1291227088803262590, 0.9972730080735126013 ) ) ;
#164 = CARTESIAN_POINT ( 'NONE',  ( 0.1186330275234056958, -0.1140720892915546847, 0.9972730080735126013 ) ) ;
#165 = CARTESIAN_POINT ( 'NONE',  ( -0.07391259992631646347, -0.1197029481532885797, 0.9656835748211447523 ) ) ;
#166 = CARTESIAN_POINT ( 'NONE',  ( 0.1544979469168792363, 0.02741175886638123893, 0.002726991926489275714 ) ) ;
#167 = CARTESIAN_POINT ( 'NONE',  ( 0.1446948531538017613, 0.07575879873987387270, 0.9972730080735109359 ) ) ;
#168 = CARTESIAN_POINT ( 'NONE',  ( -0.01350799410038588076, -0.1522537882057015679, 0.9972730080735123792 ) ) ;
#169 = VECTOR ( 'NONE', #921, 39.37007874015748143 ) ;
#170 = CARTESIAN_POINT ( 'NONE',  ( -0.1629992053258305651, 0.01035640762314158844, 0.002726991926488729710 ) ) ;
#171 = ORIENTED_EDGE ( 'NONE', *, *, #2056, .T. ) ;
#172 = CARTESIAN_POINT ( 'NONE',  ( 0.1333771749727655498, 0.08768532004861126494, 0.01539002986354478034 ) ) ;
#173 = CARTESIAN_POINT ( 'NONE',  ( 0.09898660191912964090, 0.1336435832962637182, 0.9913075819845621472 ) ) ;
#174 = CARTESIAN_POINT ( 'NONE',  ( -0.1468416703998682293, -0.03187604201839340512, 0.02477044651415175394 ) ) ;
#175 = CARTESIAN_POINT ( 'NONE',  ( -0.1256435117470564578, -0.1077236951742403109, 0.9904999148200985815 ) ) ;
#176 = CARTESIAN_POINT ( 'NONE',  ( -0.02499108033904671664, 0.1586347781358471987, 0.9972730080735122682 ) ) ;
#177 = CARTESIAN_POINT ( 'NONE',  ( 0.07417602139532865346, -0.1219544153332764724, 0.9972730080735126013 ) ) ;
#178 = CARTESIAN_POINT ( 'NONE',  ( -0.03984028906054919855, -0.1354204919729450896, 0.002726991926487636834 ) ) ;
#179 = CARTESIAN_POINT ( 'NONE',  ( 0.1389071925799540697, 0.03285960162383574912, 0.002726991926489275714 ) ) ;
#180 = CARTESIAN_POINT ( 'NONE',  ( -0.1013712859570286007, 0.1287617559158968639, 0.9888723077807215489 ) ) ;
#181 = CARTESIAN_POINT ( 'NONE',  ( 0.1316926686687887593, 0.05506362309378319553, 0.002726991926486953786 ) ) ;
#182 = CARTESIAN_POINT ( 'NONE',  ( -0.1498772879588702589, -0.05767447862630448174, 0.002726991926487910053 ) ) ;
#183 = CARTESIAN_POINT ( 'NONE',  ( -0.1646305666560847480, 0.01263021897042281710, 0.9972730080735126013 ) ) ;
#184 = CARTESIAN_POINT ( 'NONE',  ( -0.03949944370824225170, -0.1350246724535778819, 0.9656835748211447523 ) ) ;
#185 = CARTESIAN_POINT ( 'NONE',  ( 0.09484402830651307570, 0.1360627524248191889, 0.009145487210583808091 ) ) ;
#186 = CARTESIAN_POINT ( 'NONE',  ( -0.1376718081061769905, -0.06051194027808188408, 0.02464975840400004600 ) ) ;
#187 = CARTESIAN_POINT ( 'NONE',  ( 0.1173664969126315544, -0.08124079622811929136, 0.002726991926489139538 ) ) ;
#188 = CARTESIAN_POINT ( 'NONE',  ( -0.1010262973599535541, -0.1112305958912378767, 0.9752295534858472781 ) ) ;
#189 = EDGE_CURVE ( 'NONE', #2733, #2353, #1065, .T. ) ;
#190 = CARTESIAN_POINT ( 'NONE',  ( 0.04677081033965434925, 0.1377845126210272553, 0.9972730080735127123 ) ) ;
#191 = EDGE_CURVE ( 'NONE', #824, #736, #1928, .T. ) ;
#192 = CARTESIAN_POINT ( 'NONE',  ( -0.06595904811002951951, -0.1526090342489864193, 0.9972730080735108249 ) ) ;
#193 = CARTESIAN_POINT ( 'NONE',  ( 0.1452646148884646493, 0.07942926006289335872, 0.002726991926486953786 ) ) ;
#194 = CARTESIAN_POINT ( 'NONE',  ( -0.1321408337136658340, -0.06091699831327338638, 0.9972730080735119351 ) ) ;
#195 = DIRECTION ( 'NONE',  ( 0.000000000000000000, 0.000000000000000000, 1.000000000000000000 ) ) ;
#196 = CARTESIAN_POINT ( 'NONE',  ( 0.1301561770192594669, 0.05339698313751256586, 0.03431642517885519911 ) ) ;
#197 = CARTESIAN_POINT ( 'NONE',  ( 0.01730237196406590391, -0.1445149767270740293, 0.9705304259484005547 ) ) ;
#198 = CARTESIAN_POINT ( 'NONE',  ( -0.07302497438686307574, -0.1430276198729465709, 0.002726991926487636834 ) ) ;
#199 = CARTESIAN_POINT ( 'NONE',  ( 0.03949944370824776119, -0.1350246724535762444, 0.9656835748211446413 ) ) ;
#200 = DIRECTION ( 'NONE',  ( -0.000000000000000000, -0.000000000000000000, -1.000000000000000000 ) ) ;
#201 = LINE ( 'NONE', #1110, #944 ) ;
#202 = ORIENTED_EDGE ( 'NONE', *, *, #191, .F. ) ;
#203 = CARTESIAN_POINT ( 'NONE',  ( -0.02976960944883228974, 0.1624084858066486836, 0.002726991926487090396 ) ) ;
#204 = PERSON_AND_ORGANIZATION ( #1517, #2334 ) ;
#205 = VECTOR ( 'NONE', #222, 39.37007874015748143 ) ;
#206 = LINE ( 'NONE', #1116, #1899 ) ;
#207 = FACE_OUTER_BOUND ( 'NONE', #77, .T. ) ;
#208 = CARTESIAN_POINT ( 'NONE',  ( -0.1010466623910521305, 0.1299069235812253809, 0.002726991926488593100 ) ) ;
#209 = CARTESIAN_POINT ( 'NONE',  ( -0.005391093247490742757, -0.1644906468110159947, 0.9972730080735123792 ) ) ;
#210 = CARTESIAN_POINT ( 'NONE',  ( -0.01883494462709792844, -0.1394170473268988575, 0.9656835748211447523 ) ) ;
#211 = AXIS2_PLACEMENT_3D ( 'NONE', #2776, #1694, #756 ) ;
#212 = CARTESIAN_POINT ( 'NONE',  ( 0.1013217300395827802, 0.1277433530793350980, 0.9880452278877559502 ) ) ;
#213 = CARTESIAN_POINT ( 'NONE',  ( 0.09766455999284051614, 0.1346658862732347806, 0.002726991926488593100 ) ) ;
#214 = CARTESIAN_POINT ( 'NONE',  ( -0.1384138093207604447, -0.02516914010793324524, 0.9656835748211447523 ) ) ;
#215 = AXIS2_PLACEMENT_3D ( 'NONE', #2196, #2844, #1740 ) ;
#216 = CC_DESIGN_PERSON_AND_ORGANIZATION_ASSIGNMENT ( #204, #1597, ( #17 ) ) ;
#217 = DIRECTION ( 'NONE',  ( -1.000000000000000000, 0.000000000000000000, 0.000000000000000000 ) ) ;
#218 = CARTESIAN_POINT ( 'NONE',  ( -0.03633934884434467799, 0.1622330579369031245, 0.9972730080735122682 ) ) ;
#219 = APPROVAL_ROLE ( '' ) ;
#220 = CARTESIAN_POINT ( 'NONE',  ( -0.1649026425230497306, 0.02012423651408783501, 0.9911189395097561583 ) ) ;
#221 = CARTESIAN_POINT ( 'NONE',  ( -0.09918377645161853551, 0.1334267283972175033, 0.9972730080735126013 ) ) ;
#222 = DIRECTION ( 'NONE',  ( -0.000000000000000000, -0.000000000000000000, -1.000000000000000000 ) ) ;
#223 = CARTESIAN_POINT ( 'NONE',  ( 0.000000000000000000, 0.000000000000000000, 1.000000000000000000 ) ) ;
#224 = VERTEX_POINT ( 'NONE', #2095 ) ;
#225 = CARTESIAN_POINT ( 'NONE',  ( 0.04302905347221835236, -0.1391235649010554853, 0.9706085934895181122 ) ) ;
#226 = CARTESIAN_POINT ( 'NONE',  ( -0.1305142001569999377, 0.05377733570939672442, 0.9972730080735117131 ) ) ;
#227 = CARTESIAN_POINT ( 'NONE',  ( -0.1541973630288565045, -0.04021220477224523443, 0.01565402426856233806 ) ) ;
#228 = CARTESIAN_POINT ( 'NONE',  ( -0.1256669436698713838, -0.1038858821151294881, 0.9880452278877537298 ) ) ;
#229 = CARTESIAN_POINT ( 'NONE',  ( 0.03375995171503176628, 0.1628948581182222688, 0.9972730080735127123 ) ) ;
#230 = CARTESIAN_POINT ( 'NONE',  ( 0.1528816565809993921, 0.002518339750951136859, 0.9778963713266571878 ) ) ;
#231 = APPROVAL_STATUS ( 'not_yet_approved' ) ;
#232 = VECTOR ( 'NONE', #200, 39.37007874015748143 ) ;
#233 = CARTESIAN_POINT ( 'NONE',  ( -0.1613478440252808233, 0.009039309736598239581, 0.9865992994862643473 ) ) ;
#234 = CARTESIAN_POINT ( 'NONE',  ( -0.09508621061264133090, 0.1359646181347201332, 0.002726991926488593100 ) ) ;
#235 = CARTESIAN_POINT ( 'NONE',  ( -0.004647550830058903848, -0.1650489205660748693, 0.002726991926487773443 ) ) ;
#236 = CARTESIAN_POINT ( 'NONE',  ( -0.03832933689046619241, 0.1610017033439749001, 0.009500085179905040644 ) ) ;
#237 = CARTESIAN_POINT ( 'NONE',  ( 0.1267731733649928583, -0.06099533375124753520, 0.03431642517885519911 ) ) ;
#238 = CARTESIAN_POINT ( 'NONE',  ( 0.06448242181797728123, -0.1528086371227467821, 0.9908545127894120563 ) ) ;
#239 = CARTESIAN_POINT ( 'NONE',  ( -0.1301561770192636580, 0.05339698313750229630, 0.002726991926488593100 ) ) ;
#240 = CARTESIAN_POINT ( 'NONE',  ( -0.1587450415582984664, -0.04752142446584793622, 0.009299427107622283348 ) ) ;
#241 = EDGE_CURVE ( 'NONE', #1180, #109, #1069, .T. ) ;
#242 = PLANE ( 'NONE',  #2473 ) ;
#243 = B_SPLINE_CURVE_WITH_KNOTS ( 'NONE', 3,
 ( #309, #79, #1907, #2141 ),
 .UNSPECIFIED., .F., .F.,
 ( 4, 4 ),
 ( 0.001881997015388929551, 0.002190080548023246206 ),
 .UNSPECIFIED. ) ;
#244 = ADVANCED_FACE ( 'NONE', ( #1859 ), #2454, .T. ) ;
#245 = EDGE_LOOP ( 'NONE', ( #1197, #1458, #1331, #2764 ) ) ;
#246 = CARTESIAN_POINT ( 'NONE',  ( 0.09718507462834390098, 0.1017198579134862002, 0.9972730080735109359 ) ) ;
#247 = CARTESIAN_POINT ( 'NONE',  ( 0.1618990565041610874, 0.02354778330360900868, 0.9885995836242228441 ) ) ;
#248 = CARTESIAN_POINT ( 'NONE',  ( 0.1563598288623813670, -0.05486235431274590069, 0.009299427107618463487 ) ) ;
#249 = CARTESIAN_POINT ( 'NONE',  ( -0.07459488245413635477, 0.1290432913654681046, 0.9972730080735126013 ) ) ;
#250 = AXIS2_PLACEMENT_3D ( 'NONE', #854, #2002, #2029 ) ;
#251 = CARTESIAN_POINT ( 'NONE',  ( 0.004647550830063442752, -0.1650489205660747305, 0.9972730080735123792 ) ) ;
#252 = CARTESIAN_POINT ( 'NONE',  ( -0.1113212323921652647, 0.08602006418938624999, 0.03431642517885524074 ) ) ;
#253 = CARTESIAN_POINT ( 'NONE',  ( 0.006885342483083992104, -0.1629019622136385625, 0.01195477211225249962 ) ) ;
#254 = LINE ( 'NONE', #1511, #1950 ) ;
#255 = ADVANCED_FACE ( 'NONE', ( #2592 ), #2371, .F. ) ;
#256 = CARTESIAN_POINT ( 'NONE',  ( -0.1238892695040853947, -0.09698724393257428245, 0.9823294948667476989 ) ) ;
#257 = APPROVAL ( #666, 'UNSPECIFIED' ) ;
#258 = CIRCLE ( 'NONE', #2435, 0.1406835748211446302 ) ;
#259 = CARTESIAN_POINT ( 'NONE',  ( 0.03065248068543751508, 0.1626998497868439308, 0.002726991926490095371 ) ) ;
#260 = APPLICATION_CONTEXT ( 'configuration controlled 3d designs of mechanical parts and assemblies' ) ;
#261 = DIRECTION ( 'NONE',  ( 0.000000000000000000, 0.000000000000000000, -1.000000000000000000 ) ) ;
#262 = CALENDAR_DATE ( 2025, 18, 8 ) ;
#263 = CARTESIAN_POINT ( 'NONE',  ( -0.09789485987688324731, 0.1344985636132831064, 0.002726991926488593100 ) ) ;
#264 = CARTESIAN_POINT ( 'NONE',  ( 0.005391093247495278191, -0.1644906468110158559, 0.002726991926487773443 ) ) ;
#265 = CARTESIAN_POINT ( 'NONE',  ( 0.1427036324799604294, -0.003261111213366975695, 0.002726991926489275714 ) ) ;
#266 = CARTESIAN_POINT ( 'NONE',  ( -0.1386525702849813191, 0.08735669497235915015, 0.01112769221928180431 ) ) ;
#267 = CARTESIAN_POINT ( 'NONE',  ( -0.07391259992631646347, -0.1197029481532885797, 0.03431642517885518523 ) ) ;
#268 = CARTESIAN_POINT ( 'NONE',  ( -0.1005008839583481223, 0.1314924289444684424, 0.009500085179901111496 ) ) ;
#269 = CARTESIAN_POINT ( 'NONE',  ( 0.1290398418135444703, -0.06102196976546302859, 0.002726991926486270739 ) ) ;
#270 = CARTESIAN_POINT ( 'NONE',  ( -0.04075381669151904168, 0.1575569987224682000, 0.9877402973217891402 ) ) ;
#271 = ORIENTED_EDGE ( 'NONE', *, *, #2707, .F. ) ;
#272 = CARTESIAN_POINT ( 'NONE',  ( 0.04598413531301549090, 0.1417816167008042749, 0.002726991926490095371 ) ) ;
#273 = CARTESIAN_POINT ( 'NONE',  ( 0.1587100773801545517, 0.006895105441746808735, 0.9838532807009571224 ) ) ;
#274 = EDGE_CURVE ( 'NONE', #1180, #1828, #1761, .T. ) ;
#275 = ORIENTED_EDGE ( 'NONE', *, *, #2803, .F. ) ;
#276 = B_SPLINE_SURFACE_WITH_KNOTS ( 'NONE', 3, 1, ( 
 ( #1237, #507 ),
 ( #64, #2792 ),
 ( #2330, #775 ),
 ( #2343, #295 ),
 ( #1652, #2778 ),
 ( #2302, #985 ),
 ( #1173, #2079 ),
 ( #2731, #1206 ),
 ( #758, #1412 ),
 ( #711, #311 ),
 ( #94, #2315 ),
 ( #1681, #2576 ),
 ( #282, #951 ),
 ( #1619, #2516 ),
 ( #1190, #966 ),
 ( #1872, #2762 ),
 ( #141, #1712 ),
 ( #851, #2399 ),
 ( #1045, #2602 ),
 ( #2385, #2217 ),
 ( #1759, #585 ),
 ( #1955, #2865 ),
 ( #183, #803 ),
 ( #1726, #1296 ),
 ( #373, #170 ),
 ( #2590, #2369 ),
 ( #1525, #1031 ),
 ( #1940, #1477 ),
 ( #127, #1927 ),
 ( #2645, #627 ),
 ( #2821, #2629 ),
 ( #1537, #2849 ),
 ( #2429, #404 ) ),
 .UNSPECIFIED., .F., .F., .F.,
 ( 4, 1, 1, 1, 1, 1, 1, 1, 1, 1, 1, 1, 1, 1, 1, 1, 1, 1, 1, 1, 1, 1, 1, 1, 1, 1, 1, 1, 1, 1, 4 ),
 ( 2, 2 ),
 ( 0.08439613193519934775, 0.1032991138633100048, 0.1475214462701280038, 0.1966384262090120072, 0.2506500537876020229, 0.3095563290867019979, 0.3733572521685220025, 0.4185890921436339895, 0.4297803624489259788, 0.4409716327542180236, 0.4521629030595090137, 0.4633541733648000038, 0.4745454436700919931, 0.4965657833278410149, 0.4982828922924040227, 0.5000000000000000000, 0.5017171077075960328, 0.5034342166721590406, 0.5254545563299080069, 0.5366458266351999962, 0.5478370969404909863, 0.5590283672457819764, 0.5702196375510739657, 0.5814109078563659549, 0.6266427478314779975, 0.6904436709132979466, 0.7493499462123980326, 0.8033615737909880483, 0.8524785537298720239, 0.8967008861366899675, 0.9156038680647978767 ),
 ( 0.000000000000000000, 1.000000000000000000 ),
 .UNSPECIFIED. ) ;
#277 = CARTESIAN_POINT ( 'NONE',  ( -0.1134613917910101411, -0.1136488429486592344, 0.9972730080735111580 ) ) ;
#278 = CARTESIAN_POINT ( 'NONE',  ( 0.1749999999999999889, 2.143131898507867989E-17, 0.000000000000000000 ) ) ;
#279 = ORIENTED_EDGE ( 'NONE', *, *, #475, .F. ) ;
#280 = CARTESIAN_POINT ( 'NONE',  ( 0.1568210212292419914, 0.005309183204327177011, 0.9972730080735131564 ) ) ;
#281 = DIRECTION ( 'NONE',  ( 1.000000000000000000, -1.182924880895401018E-16, 0.000000000000000000 ) ) ;
#282 = CARTESIAN_POINT ( 'NONE',  ( -0.1646664961784294057, 0.02031526198480304926, 0.9972730080735126013 ) ) ;
#283 = CARTESIAN_POINT ( 'NONE',  ( -0.003859355212399282267, -0.1656604339604197673, 0.009299427107619615343 ) ) ;
#284 = ORIENTED_EDGE ( 'NONE', *, *, #2449, .F. ) ;
#285 = CARTESIAN_POINT ( 'NONE',  ( 0.02185960360628269594, 0.1555847431732895192, 0.9821052026767927989 ) ) ;
#286 = ORIENTED_EDGE ( 'NONE', *, *, #606, .T. ) ;
#287 = CARTESIAN_POINT ( 'NONE',  ( 0.03886159083624550481, 0.1604759255041717791, 0.9972730080735127123 ) ) ;
#288 = CARTESIAN_POINT ( 'NONE',  ( 0.1366845183365922589, 0.03330481454009888431, 0.03431642517885519217 ) ) ;
#289 = EDGE_LOOP ( 'NONE', ( #733, #2817, #275, #747 ) ) ;
#290 = CARTESIAN_POINT ( 'NONE',  ( -0.09735744171128386804, 0.1022129484070220945, 0.002726991926488593100 ) ) ;
#291 = CARTESIAN_POINT ( 'NONE',  ( 0.04697062678346236586, 0.1377596123454833954, 0.02946957405160144372 ) ) ;
#292 = DIRECTION ( 'NONE',  ( -0.000000000000000000, -0.000000000000000000, -1.000000000000000000 ) ) ;
#293 = ORIENTED_EDGE ( 'NONE', *, *, #2071, .F. ) ;
#294 = CARTESIAN_POINT ( 'NONE',  ( -0.1384138093207604447, -0.02516914010793324524, 0.9972730080735119351 ) ) ;
#295 = CARTESIAN_POINT ( 'NONE',  ( -0.1419185955748439865, 0.03211219158054922501, 0.002726991926488729710 ) ) ;
#296 = AXIS2_PLACEMENT_3D ( 'NONE', #1604, #2301, #724 ) ;
#297 = CARTESIAN_POINT ( 'NONE',  ( 0.1562284434500409713, -0.05480409793081279790, 0.002726991926486270739 ) ) ;
#298 = CARTESIAN_POINT ( 'NONE',  ( 0.1522902644031372543, -0.03779808849270058918, 0.9972730080735112690 ) ) ;
#299 = CARTESIAN_POINT ( 'NONE',  ( -0.05610993150434561566, -0.1491493337708018896, 0.9843459757314328984 ) ) ;
#300 = ADVANCED_FACE ( 'NONE', ( #143 ), #156, .F. ) ;
#301 = ORIENTED_EDGE ( 'NONE', *, *, #2056, .F. ) ;
#302 = CARTESIAN_POINT ( 'NONE',  ( -0.1452603334924539302, 0.07849956319881866429, 0.002726991926488593100 ) ) ;
#303 = VERTEX_POINT ( 'NONE', #2016 ) ;
#304 = VECTOR ( 'NONE', #753, 39.37007874015748143 ) ;
#305 = CARTESIAN_POINT ( 'NONE',  ( -0.1241911094187194281, -0.1106844048748724385, 0.002726991926488729710 ) ) ;
#306 = CARTESIAN_POINT ( 'NONE',  ( 0.000000000000000000, 0.000000000000000000, 1.000000000000000000 ) ) ;
#307 = CARTESIAN_POINT ( 'NONE',  ( 0.1301561770192594669, 0.05339698313751256586, 1.000000000000000000 ) ) ;
#308 = ORIENTED_EDGE ( 'NONE', *, *, #105, .T. ) ;
#309 = CARTESIAN_POINT ( 'NONE',  ( -0.1488382472457260575, -1.006476895248773688E-17, 0.02616175275427372673 ) ) ;
#310 = CARTESIAN_POINT ( 'NONE',  ( 0.1542047385904613821, -0.05643934579649182576, 0.9892030517226358954 ) ) ;
#311 = CARTESIAN_POINT ( 'NONE',  ( -0.1630260271443517150, 0.02255551480766061073, 0.002726991926488729710 ) ) ;
#312 = DIRECTION ( 'NONE',  ( 1.000000000000000000, 0.000000000000000000, 0.000000000000000000 ) ) ;
#313 = ADVANCED_FACE ( 'NONE', ( #2852 ), #2020, .F. ) ;
#314 = CARTESIAN_POINT ( 'NONE',  ( 0.1427102933476961655, -0.02838754640078126543, 0.9972730080735112690 ) ) ;
#315 = CARTESIAN_POINT ( 'NONE',  ( 0.04217788128734076963, 0.1539454854351192670, 0.9846099701364566803 ) ) ;
#316 = ORIENTED_EDGE ( 'NONE', *, *, #2521, .F. ) ;
#317 = CARTESIAN_POINT ( 'NONE',  ( -0.1251016513583622369, 0.08782516014795158088, 0.9972730080735117131 ) ) ;
#318 = ADVANCED_FACE ( 'NONE', ( #2414 ), #602, .F. ) ;
#319 = VERTEX_POINT ( 'NONE', #2387 ) ;
#320 = CARTESIAN_POINT ( 'NONE',  ( -0.01844253051924163445, 0.1517351475290064922, 0.9972730080735122682 ) ) ;
#321 = CARTESIAN_POINT ( 'NONE',  ( 0.1221854491203788751, -0.1128855376413633732, 0.008659721743460609480 ) ) ;
#322 = DIRECTION ( 'NONE',  ( -1.000000000000000000, 0.000000000000000000, 0.000000000000000000 ) ) ;
#323 = CARTESIAN_POINT ( 'NONE',  ( 0.000000000000000000, 0.000000000000000000, 1.000000000000000000 ) ) ;
#324 = CARTESIAN_POINT ( 'NONE',  ( -0.1165860152060917421, 0.08726148527190231985, 0.9706085934895186673 ) ) ;
#325 = CARTESIAN_POINT ( 'NONE',  ( -0.1301561770192636580, 0.05339698313750229630, 0.9656835748211447523 ) ) ;
#326 = EDGE_LOOP ( 'NONE', ( #792, #632, #1028, #37 ) ) ;
#327 = DIRECTION ( 'NONE',  ( 0.000000000000000000, 0.000000000000000000, 1.000000000000000000 ) ) ;
#328 = CARTESIAN_POINT ( 'NONE',  ( -0.03949944370824225170, -0.1350246724535778819, 0.9656835748211447523 ) ) ;
#329 = ORIENTED_EDGE ( 'NONE', *, *, #1699, .F. ) ;
#330 = CC_DESIGN_PERSON_AND_ORGANIZATION_ASSIGNMENT ( #2237, #1334, ( #443 ) ) ;
#331 = CARTESIAN_POINT ( 'NONE',  ( -0.1113212323921652647, 0.08602006418938624999, 0.002726991926488593100 ) ) ;
#332 = CARTESIAN_POINT ( 'NONE',  ( 0.1526267454244219501, -0.03821195055266014134, 0.01767050513325989225 ) ) ;
#333 = EDGE_CURVE ( 'NONE', #2353, #73, #258, .T. ) ;
#334 = ORIENTED_EDGE ( 'NONE', *, *, #11, .F. ) ;
#335 = CARTESIAN_POINT ( 'NONE',  ( 0.04958702805809069719, -0.1445849527992754679, 0.9972730080735126013 ) ) ;
#336 = CARTESIAN_POINT ( 'NONE',  ( -0.2886751345948129766, -1.024238109024573811E-16, 1.000000000000000000 ) ) ;
#337 = CC_DESIGN_DATE_AND_TIME_ASSIGNMENT ( #2253, #2045, ( #347 ) ) ;
#338 = EDGE_LOOP ( 'NONE', ( #1015, #1713, #764, #1935 ) ) ;
#339 = CARTESIAN_POINT ( 'NONE',  ( 0.1488382472457157601, -4.039246682526659048E-18, 0.02616175275428412467 ) ) ;
#340 = CARTESIAN_POINT ( 'NONE',  ( -0.1522902644031348673, -0.03779808849271030363, 0.002726991926487910053 ) ) ;
#341 = CARTESIAN_POINT ( 'NONE',  ( 0.1202668967032240466, -0.1136950311293354887, 0.9904999148200959169 ) ) ;
#342 = CARTESIAN_POINT ( 'NONE',  ( 0.000000000000000000, 0.000000000000000000, 1.000000000000000000 ) ) ;
#343 = FACE_BOUND ( 'NONE', #2154, .T. ) ;
#344 = CARTESIAN_POINT ( 'NONE',  ( 0.06712518661458405367, 0.1241779674522814070, 0.9972730080735109359 ) ) ;
#345 = CARTESIAN_POINT ( 'NONE',  ( -0.03949944370824225170, -0.1350246724535778819, 0.03431642517885524074 ) ) ;
#346 = CARTESIAN_POINT ( 'NONE',  ( 0.1011663177715806800, 0.1247193773206945466, 0.002726991926488593100 ) ) ;
#347 = SECURITY_CLASSIFICATION ( '', '', #469 ) ;
#348 = EDGE_CURVE ( 'NONE', #54, #2812, #2916, .T. ) ;
#349 = CARTESIAN_POINT ( 'NONE',  ( -0.1135328307580225071, 0.08651738501244600477, 0.9972730080735117131 ) ) ;
#350 = CARTESIAN_POINT ( 'NONE',  ( 0.1586355704930741684, -0.04993706529320164622, 0.008692418015440560655 ) ) ;
#351 = AXIS2_PLACEMENT_3D ( 'NONE', #686, #2260, #2884 ) ;
#352 = CARTESIAN_POINT ( 'NONE',  ( 0.06766186209515935579, -0.1519710304565569381, 0.002726991926488456491 ) ) ;
#353 = VECTOR ( 'NONE', #1922, 39.37007874015748143 ) ;
#354 = VERTEX_POINT ( 'NONE', #184 ) ;
#355 = CARTESIAN_POINT ( 'NONE',  ( 0.1654266028000624944, 0.01753015374665669104, 0.002726991926489275714 ) ) ;
#356 = CARTESIAN_POINT ( 'NONE',  ( 0.1436442878691564229, 0.08390940175999389572, 0.9972730080735109359 ) ) ;
#357 = CARTESIAN_POINT ( 'NONE',  ( -0.1584070236005543642, -0.04658283785642246266, 0.9972730080735119351 ) ) ;
#358 = CARTESIAN_POINT ( 'NONE',  ( 0.1259271545273030479, -0.1048717271517120020, 0.9888723077807209938 ) ) ;
#359 = ORIENTED_EDGE ( 'NONE', *, *, #2809, .F. ) ;
#360 = CARTESIAN_POINT ( 'NONE',  ( 0.000000000000000000, 0.000000000000000000, 0.03431642517885522686 ) ) ;
#361 = CARTESIAN_POINT ( 'NONE',  ( -0.07096588528389403960, -0.1495143125991600652, 0.9904999148201005799 ) ) ;
#362 = CARTESIAN_POINT ( 'NONE',  ( 0.09508621061263107521, 0.1359646181347270721, 0.002726991926488593100 ) ) ;
#363 = CARTESIAN_POINT ( 'NONE',  ( -0.07458603982235825769, -0.1249834918604352668, 0.02946957405159888327 ) ) ;
#364 = CARTESIAN_POINT ( 'NONE',  ( 0.1007732690192667535, 0.1307956198040090279, 0.9972730080735109359 ) ) ;
#365 = CARTESIAN_POINT ( 'NONE',  ( -0.1346109112532385965, 0.08757539324658998592, 0.002726991926488593100 ) ) ;
#366 = CARTESIAN_POINT ( 'NONE',  ( -0.1195454327643023645, -0.1138930876477586424, 0.9972730080735111580 ) ) ;
#367 = CARTESIAN_POINT ( 'NONE',  ( 0.06380985130398623972, -0.1527714586216808168, 0.002726991926488456491 ) ) ;
#368 = FACE_OUTER_BOUND ( 'NONE', #1019, .T. ) ;
#369 = ADVANCED_FACE ( 'NONE', ( #2896, #1539 ), #2430, .F. ) ;
#370 = CARTESIAN_POINT ( 'NONE',  ( 0.1544979469168792363, 0.02741175886638123893, 0.9972730080735131564 ) ) ;
#371 = CARTESIAN_POINT ( 'NONE',  ( 0.1305142001569957744, 0.05377733570940698010, 0.002726991926486953786 ) ) ;
#372 = CARTESIAN_POINT ( 'NONE',  ( -0.1498772879588702589, -0.05767447862630448174, 0.9972730080735119351 ) ) ;
#373 = CARTESIAN_POINT ( 'NONE',  ( -0.1629992053258305651, 0.01035640762314158844, 0.9972730080735126013 ) ) ;
#374 = EDGE_LOOP ( 'NONE', ( #1138, #957, #1818, #142, #601, #2554 ) ) ;
#375 = CARTESIAN_POINT ( 'NONE',  ( 0.1391005952608342366, 0.08726697861028620551, 0.01079694827737029232 ) ) ;
#376 = CARTESIAN_POINT ( 'NONE',  ( 0.01883494462710164769, -0.1394170473268983579, 0.9656835748211447523 ) ) ;
#377 = CARTESIAN_POINT ( 'NONE',  ( 0.07109806690276357366, 0.1269533201642720210, 0.9972730080735109359 ) ) ;
#378 = CARTESIAN_POINT ( 'NONE',  ( -0.06710836818054492781, -0.1522256421067950949, 0.008640918219156201036 ) ) ;
#379 = CARTESIAN_POINT ( 'NONE',  ( -0.1041080025813105742, -0.1119160655407992061, 0.9972730080735111580 ) ) ;
#380 = B_SPLINE_CURVE_WITH_KNOTS ( 'NONE', 3,
 ( #2, #1092, #2050, #1131, #1146, #904, #2460, #459, #671, #2000, #2472, #474, #236, #2229, #2675, #1812, #2907, #1366, #1339, #643 ),
 .UNSPECIFIED., .F., .F.,
 ( 4, 2, 2, 2, 2, 2, 2, 2, 2, 4 ),
 ( 0.000000000000000000, 0.0005475201370057742548, 0.0008212802055086602980, 0.0009581602397601030486, 0.001095040274011545908, 0.001163480291137267662, 0.001231920308262989200, 0.001368800342514432276, 0.001642560411017318645, 0.002190080548023092249 ),
 .UNSPECIFIED. ) ;
#381 = CARTESIAN_POINT ( 'NONE',  ( 0.06473971512584017485, -0.1527629998350940599, 0.002726991926488456491 ) ) ;
#382 = CARTESIAN_POINT ( 'NONE',  ( 0.1258477185106699203, -0.1060593631904733630, 0.9972730080735126013 ) ) ;
#383 = CARTESIAN_POINT ( 'NONE',  ( -0.06288569494435995721, -0.1526700208950966808, 0.002726991926487636834 ) ) ;
#384 = CARTESIAN_POINT ( 'NONE',  ( 0.1641530725293375848, 0.01183239425845967856, 0.9972730080735131564 ) ) ;
#385 = EDGE_CURVE ( 'NONE', #736, #18, #1454, .T. ) ;
#386 = LINE ( 'NONE', #2011, #1386 ) ;
#387 = CARTESIAN_POINT ( 'NONE',  ( 0.1346109112532318242, 0.08757539324660011670, 0.9972730080735109359 ) ) ;
#388 = CARTESIAN_POINT ( 'NONE',  ( -0.1586932910726292223, -0.04841698257563870761, 0.9972730080735119351 ) ) ;
#389 = DIRECTION ( 'NONE',  ( 1.000000000000000000, -1.182924880895400771E-16, 0.000000000000000000 ) ) ;
#390 = CARTESIAN_POINT ( 'NONE',  ( 0.1437677977739540702, 0.08370782232210428886, 0.008640918219156787372 ) ) ;
#391 = CARTESIAN_POINT ( 'NONE',  ( 0.1013146688736015488, 0.1273594099090793741, 0.01225970267821492772 ) ) ;
#392 = ORIENTED_EDGE ( 'NONE', *, *, #1905, .F. ) ;
#393 = CC_DESIGN_APPROVAL ( #1929, ( #432 ) ) ;
#394 = DIRECTION ( 'NONE',  ( -1.000000000000000000, 0.000000000000000000, 0.000000000000000000 ) ) ;
#395 = APPROVAL_PERSON_ORGANIZATION ( #2723, #257, #1561 ) ;
#396 = CARTESIAN_POINT ( 'NONE',  ( -0.03458673417202561690, 0.1627177909742071604, 0.002726991926487090396 ) ) ;
#397 = CARTESIAN_POINT ( 'NONE',  ( 0.07445732728339145290, -0.1291227088803262590, 0.002726991926488456491 ) ) ;
#398 = CARTESIAN_POINT ( 'NONE',  ( 0.1212769824214027098, -0.1132239301912395385, 0.002726991926489139538 ) ) ;
#399 = CARTESIAN_POINT ( 'NONE',  ( -0.05742699021809848092, -0.1499722898578686459, 0.002726991926487636834 ) ) ;
#400 = CARTESIAN_POINT ( 'NONE',  ( 0.1654563585321865982, 0.01724704686662334452, 0.002726991926489275714 ) ) ;
#401 = CARTESIAN_POINT ( 'NONE',  ( 0.1135328307580157209, 0.08651738501245490043, 0.9972730080735109359 ) ) ;
#402 = CARTESIAN_POINT ( 'NONE',  ( -0.1586676239291588963, -0.04964572971227828452, 0.9972730080735119351 ) ) ;
#403 = AXIS2_PLACEMENT_3D ( 'NONE', #1047, #1553, #2619 ) ;
#404 = CARTESIAN_POINT ( 'NONE',  ( -0.1406220939717975627, -0.004158715119306004640, 0.002726991926488729710 ) ) ;
#405 = DIRECTION ( 'NONE',  ( 0.000000000000000000, -0.000000000000000000, 1.000000000000000000 ) ) ;
#406 = CARTESIAN_POINT ( 'NONE',  ( -0.006885342483075499766, -0.1629019622136444745, 0.9880452278877529526 ) ) ;
#407 = CARTESIAN_POINT ( 'NONE',  ( 0.09846465394569672847, 0.1340864686107860748, 0.002726991926488593100 ) ) ;
#408 = VERTEX_POINT ( 'NONE', #237 ) ;
#409 = DIRECTION ( 'NONE',  ( -0.5000000000000001110, -0.8660254037844385966, 0.000000000000000000 ) ) ;
#410 = CARTESIAN_POINT ( 'NONE',  ( -0.04736669712909578195, 0.1329750137495879780, 0.002726991926487090396 ) ) ;
#411 = EDGE_CURVE ( 'NONE', #2591, #2333, #531, .T. ) ;
#412 = CARTESIAN_POINT ( 'NONE',  ( 0.07381262308633466940, -0.1384655798341021815, 0.002726991926488456491 ) ) ;
#413 = CARTESIAN_POINT ( 'NONE',  ( 0.2886751345948128100, -6.257501111549675945E-17, 1.000000000000000000 ) ) ;
#414 = CARTESIAN_POINT ( 'NONE',  ( -0.1122317605410678709, -0.1134998593902092623, 0.01539002986353923096 ) ) ;
#415 = CARTESIAN_POINT ( 'NONE',  ( 0.1441368988296629350, 0.08305312516768088849, 0.002726991926486953786 ) ) ;
#416 = CARTESIAN_POINT ( 'NONE',  ( -0.1547739620874833411, -0.05595763964332145513, 0.9972730080735119351 ) ) ;
#417 = DIRECTION ( 'NONE',  ( -1.000000000000000000, 1.182924880895400771E-16, 0.000000000000000000 ) ) ;
#418 = CARTESIAN_POINT ( 'NONE',  ( 0.1376345663617982440, 0.08741386261092951027, 0.01195477211225377291 ) ) ;
#419 = CARTESIAN_POINT ( 'NONE',  ( 0.006326831894229257257, -0.1637549956529809059, 0.9888723077807187734 ) ) ;
#420 = CARTESIAN_POINT ( 'NONE',  ( -0.07445732728338591566, -0.1291227088803292844, 0.9972730080735108249 ) ) ;
#421 = CARTESIAN_POINT ( 'NONE',  ( -0.1588544678774718444, -0.04937293409039285319, 0.008659721743458456689 ) ) ;
#422 = CARTESIAN_POINT ( 'NONE',  ( -0.09593948300803299689, -0.1093969662202444876, 0.9972730080735111580 ) ) ;
#423 = VERTEX_POINT ( 'NONE', #1888 ) ;
#424 = CARTESIAN_POINT ( 'NONE',  ( -0.03472591030450194322, 0.1626879785290683833, 0.9972730080735122682 ) ) ;
#425 = EDGE_CURVE ( 'NONE', #762, #2789, #243, .T. ) ;
#426 = COORDINATED_UNIVERSAL_TIME_OFFSET ( 5, 0, .BEHIND. ) ;
#427 = CARTESIAN_POINT ( 'NONE',  ( -0.06843482060941792622, -0.1516283102501439495, 0.002726991926487636834 ) ) ;
#428 = CARTESIAN_POINT ( 'NONE',  ( -0.07581080632117540019, 0.1298766465088128652, 0.9753502415959992566 ) ) ;
#429 = CARTESIAN_POINT ( 'NONE',  ( -0.09967637676558141480, 0.1108205190822772052, 0.9972730080735126013 ) ) ;
#430 = CARTESIAN_POINT ( 'NONE',  ( -0.0008455296059228288672, -0.1663543032832111856, 0.002726991926487773443 ) ) ;
#431 = DIRECTION ( 'NONE',  ( 1.182924880895401018E-16, 1.000000000000000000, -0.000000000000000000 ) ) ;
#432 = PRODUCT_DEFINITION ( 'UNKNOWN', '', #17, #1868 ) ;
#433 = CARTESIAN_POINT ( 'NONE',  ( 0.09651405854649626470, 0.1354399912088193325, 0.008692418015437771220 ) ) ;
#434 = CARTESIAN_POINT ( 'NONE',  ( -0.07381262308632899338, -0.1384655798341052069, 0.002726991926487636834 ) ) ;
#435 = CARTESIAN_POINT ( 'NONE',  ( -0.1267731733649888615, -0.06099533375125573698, 0.03431642517885524074 ) ) ;
#436 = CARTESIAN_POINT ( 'NONE',  ( 0.1188260849184186729, -0.08397881971665689671, 0.002726991926489139538 ) ) ;
#437 = CARTESIAN_POINT ( 'NONE',  ( -0.09593948300803299689, -0.1093969662202444876, 0.002726991926488729710 ) ) ;
#438 = CARTESIAN_POINT ( 'NONE',  ( -0.03741630865123705268, 0.1616409127668710366, 0.002726991926487090396 ) ) ;
#439 = DATE_TIME_ROLE ( 'creation_date' ) ;
#440 = VECTOR ( 'NONE', #2274, 39.37007874015748143 ) ;
#441 = DIRECTION ( 'NONE',  ( 1.000000000000000000, 0.000000000000000000, 0.000000000000000000 ) ) ;
#442 = CARTESIAN_POINT ( 'NONE',  ( -0.1640986471054811102, 0.02145772410667777172, 0.9904921861858669851 ) ) ;
#443 = PRODUCT ( 'am-5687_long Kraken Spline 500in Hex Adapter Long', 'am-5687_long Kraken Spline 500in Hex Adapter Long', '', ( #1142 ) ) ;
#444 = CARTESIAN_POINT ( 'NONE',  ( -0.09624688700029196409, 0.1355605034836567246, 0.9972730080735126013 ) ) ;
#445 = CARTESIAN_POINT ( 'NONE',  ( 0.0008455296059273727585, -0.1663543032832116020, 0.002726991926487773443 ) ) ;
#446 = CARTESIAN_POINT ( 'NONE',  ( -0.1406220939717975627, -0.004158715119306009844, 0.9656835748211447523 ) ) ;
#447 = CIRCLE ( 'NONE', #729, 0.1406835748211446024 ) ;
#448 = CARTESIAN_POINT ( 'NONE',  ( 0.07329468312491280169, -0.1414981893994315953, 0.9843459757314401148 ) ) ;
#449 = CARTESIAN_POINT ( 'NONE',  ( -0.07439576690564927985, -0.1250493921798995212, 0.002726991926487636834 ) ) ;
#450 = CARTESIAN_POINT ( 'NONE',  ( -0.1459380518406829530, -0.05879763268055891723, 0.01767050513325495523 ) ) ;
#451 = AXIS2_PLACEMENT_3D ( 'NONE', #1575, #16, #2257 ) ;
#452 = CARTESIAN_POINT ( 'NONE',  ( -0.1384138093207604447, -0.02516914010793324524, 0.03431642517885520605 ) ) ;
#453 = CARTESIAN_POINT ( 'NONE',  ( 0.04740978993550177406, 0.1324544451603199002, 0.9972730080735127123 ) ) ;
#454 = PERSON_AND_ORGANIZATION_ROLE ( 'classification_officer' ) ;
#455 = LINE ( 'NONE', #307, #353 ) ;
#456 = CARTESIAN_POINT ( 'NONE',  ( 0.000000000000000000, 0.000000000000000000, 1.000000000000000000 ) ) ;
#457 = CARTESIAN_POINT ( 'NONE',  ( -0.09417842522690715590, 0.1361662216359568467, 0.002726991926488593100 ) ) ;
#458 = CARTESIAN_POINT ( 'NONE',  ( 0.1113212323921585478, 0.08602006418939496524, 0.03431642517885521299 ) ) ;
#459 = CARTESIAN_POINT ( 'NONE',  ( -0.03066772188492954826, 0.1628427610825806948, 0.009299427107620134025 ) ) ;
#460 = EDGE_CURVE ( 'NONE', #1133, #728, #447, .T. ) ;
#461 = CARTESIAN_POINT ( 'NONE',  ( 0.07096588528390675166, -0.1495143125991482413, 0.009500085179904291244 ) ) ;
#462 = CARTESIAN_POINT ( 'NONE',  ( 0.1338636706204762439, 0.05733570825852274400, 0.9706085934895199996 ) ) ;
#463 = EDGE_CURVE ( 'NONE', #2188, #2354, #2804, .T. ) ;
#464 = CARTESIAN_POINT ( 'NONE',  ( 0.06362534189205314161, -0.1527825330829515604, 0.9904999148200942516 ) ) ;
#465 = CARTESIAN_POINT ( 'NONE',  ( -0.1321810139990980126, -0.06111501690798832459, 0.02939140651048150268 ) ) ;
#466 = CARTESIAN_POINT ( 'NONE',  ( 0.06670949404547348027, 0.1238616632725943051, 1.000000000000000000 ) ) ;
#467 = CARTESIAN_POINT ( 'NONE',  ( 0.1267731733649928583, -0.06099533375124753520, 0.9656835748211447523 ) ) ;
#468 = CARTESIAN_POINT ( 'NONE',  ( -0.1210604956459035292, -0.1133702725444016568, 0.009145487210585355464 ) ) ;
#469 = SECURITY_CLASSIFICATION_LEVEL ( 'unclassified' ) ;
#470 = CARTESIAN_POINT ( 'NONE',  ( 0.1579284692410390101, -0.04497888127631007038, 0.01079694827737148061 ) ) ;
#471 = DIRECTION ( 'NONE',  ( 1.000000000000000000, -1.243449787580175325E-14, 0.000000000000000000 ) ) ;
#472 = CARTESIAN_POINT ( 'NONE',  ( -0.09918377645161853551, 0.1334267283972175033, 0.002726991926488593100 ) ) ;
#473 = DIRECTION ( 'NONE',  ( 0.5000000000000000000, -0.8660254037844385966, 0.000000000000000000 ) ) ;
#474 = CARTESIAN_POINT ( 'NONE',  ( -0.03765128823447246031, 0.1615266008962847888, 0.009145487210587615809 ) ) ;
#475 = EDGE_CURVE ( 'NONE', #2333, #1623, #1544, .T. ) ;
#476 = CARTESIAN_POINT ( 'NONE',  ( -0.1449794021792085996, 0.07639830068061020940, 0.9888723077807187734 ) ) ;
#477 = CARTESIAN_POINT ( 'NONE',  ( -0.1528012848411854363, -0.05688782457650459062, 0.01195477211224879599 ) ) ;
#478 = DIRECTION ( 'NONE',  ( -0.000000000000000000, -0.000000000000000000, -1.000000000000000000 ) ) ;
#479 = ORIENTED_EDGE ( 'NONE', *, *, #1058, .T. ) ;
#480 = CARTESIAN_POINT ( 'NONE',  ( 0.03741630865122466676, 0.1616409127668737566, 0.9972730080735127123 ) ) ;
#481 = B_SPLINE_CURVE_WITH_KNOTS ( 'NONE', 3,
 ( #1317, #2464, #188, #2693, #1559, #2452, #618, #1304, #161, #1529, #674, #1289, #175, #2492, #228, #700, #256, #2304, #1162, #2520 ),
 .UNSPECIFIED., .F., .F.,
 ( 4, 2, 2, 2, 2, 2, 2, 2, 2, 4 ),
 ( 4.336808689942017736E-19, 0.0005475201370056647504, 0.0008212802055084968003, 0.0009581602397599129880, 0.001095040274011329284, 0.001163480291137036727, 0.001231920308262744171, 0.001368800342514160575, 0.001642560411016999889, 0.002190080548022679385 ),
 .UNSPECIFIED. ) ;
#482 = CARTESIAN_POINT ( 'NONE',  ( 0.000000000000000000, 0.000000000000000000, 0.000000000000000000 ) ) ;
#483 = APPROVAL_ROLE ( '' ) ;
#484 = CARTESIAN_POINT ( 'NONE',  ( -0.1011121462508680763, 0.1231672929727748583, 0.9843459757314388936 ) ) ;
#485 = CARTESIAN_POINT ( 'NONE',  ( 0.1443375672974063773, -0.2500000000000001665, 1.000000000000000000 ) ) ;
#486 = CARTESIAN_POINT ( 'NONE',  ( -0.1009882529991398270, 0.1200932674293660740, 0.002726991926488593100 ) ) ;
#487 = CIRCLE ( 'NONE', #2421, 0.1406835748211446580 ) ;
#488 = CARTESIAN_POINT ( 'NONE',  ( 0.01710174493057777315, -0.1444977886971680892, 0.002726991926487773443 ) ) ;
#489 = CARTESIAN_POINT ( 'NONE',  ( 0.1406220939717977569, -0.004158715119300120458, 0.002726991926489275714 ) ) ;
#490 = CARTESIAN_POINT ( 'NONE',  ( -0.1165024550909347645, 0.08724178203013918664, 0.02946957405159996574 ) ) ;
#491 = CARTESIAN_POINT ( 'NONE',  ( -0.1376345663618127324, 0.08741386261091796395, 0.9880452278877523975 ) ) ;
#492 = LINE ( 'NONE', #2143, #2340 ) ;
#493 = CARTESIAN_POINT ( 'NONE',  ( 0.1267731733649928583, -0.06099533375124753520, 0.002726991926486270739 ) ) ;
#494 = AXIS2_PLACEMENT_3D ( 'NONE', #2357, #2094, #1446 ) ;
#495 = CARTESIAN_POINT ( 'NONE',  ( -0.2886751345948129766, -1.024238109024573811E-16, 1.000000000000000000 ) ) ;
#496 = CIRCLE ( 'NONE', #1211, 0.1406835748211446580 ) ;
#497 = VERTEX_POINT ( 'NONE', #2544 ) ;
#498 = ADVANCED_FACE ( 'NONE', ( #773 ), #522, .F. ) ;
#499 = CARTESIAN_POINT ( 'NONE',  ( 0.03458673417201323097, 0.1627177909742094919, 0.002726991926490095371 ) ) ;
#500 = CARTESIAN_POINT ( 'NONE',  ( 0.1649660759753449890, 0.01304479514291443515, 0.9904749281086300261 ) ) ;
#501 = ORIENTED_EDGE ( 'NONE', *, *, #385, .F. ) ;
#502 = CARTESIAN_POINT ( 'NONE',  ( -0.1188260849184151202, -0.08397881971666175394, 0.9972730080735111580 ) ) ;
#503 = CARTESIAN_POINT ( 'NONE',  ( 0.1162100952233895840, -0.07929112177682519358, 0.03431642517885524074 ) ) ;
#504 = CARTESIAN_POINT ( 'NONE',  ( -0.09718507462835146438, 0.1017198579134789838, 0.9656835748211447523 ) ) ;
#505 = ORIENTED_EDGE ( 'NONE', *, *, #385, .T. ) ;
#506 = CARTESIAN_POINT ( 'NONE',  ( -0.04740978993551204362, 0.1324544451603161532, 0.9656835748211446413 ) ) ;
#507 = CARTESIAN_POINT ( 'NONE',  ( -0.1366845183365936467, 0.03330481454009328462, 0.002726991926488729710 ) ) ;
#508 = CARTESIAN_POINT ( 'NONE',  ( 0.1454225709608492900, -0.05893467553839785988, 0.002726991926486270739 ) ) ;
#509 = EDGE_LOOP ( 'NONE', ( #528, #533, #2805, #1510 ) ) ;
#510 = CARTESIAN_POINT ( 'NONE',  ( -0.01643102653999681598, 0.1494832533439253985, 0.9753502415960004779 ) ) ;
#511 = ORIENTED_EDGE ( 'NONE', *, *, #2323, .T. ) ;
#512 = CARTESIAN_POINT ( 'NONE',  ( 0.02167235930037052227, 0.1554069785049405350, 0.9972730080735127123 ) ) ;
#513 = CARTESIAN_POINT ( 'NONE',  ( -0.1011570314861347519, -0.1112765772494619387, 0.02464975840399954293 ) ) ;
#514 = VERTEX_POINT ( 'NONE', #1426 ) ;
#515 = ADVANCED_FACE ( 'NONE', ( #2091 ), #2574, .F. ) ;
#516 = CARTESIAN_POINT ( 'NONE',  ( 0.1456701418324932717, -0.05886139954693785092, 0.01789479732320502225 ) ) ;
#517 = CARTESIAN_POINT ( 'NONE',  ( -0.1237502116604695390, -0.09647230296654266124, 0.9972730080735111580 ) ) ;
#518 = CARTESIAN_POINT ( 'NONE',  ( 0.1119234723893662992, -0.1134327311934413274, 0.01565402426856619955 ) ) ;
#519 = CARTESIAN_POINT ( 'NONE',  ( 0.1041080025813154175, -0.1119160655407949456, 0.9972730080735126013 ) ) ;
#520 = VERTEX_POINT ( 'NONE', #2355 ) ;
#521 = ORIENTED_EDGE ( 'NONE', *, *, #120, .F. ) ;
#522 = CYLINDRICAL_SURFACE ( 'NONE', #1208, 0.1406835748211446580 ) ;
#523 = CARTESIAN_POINT ( 'NONE',  ( 0.000000000000000000, 0.000000000000000000, 1.000000000000000000 ) ) ;
#524 = CARTESIAN_POINT ( 'NONE',  ( -0.1000932034662671694, 0.1122344523009892736, 0.02464975840399860618 ) ) ;
#525 = CARTESIAN_POINT ( 'NONE',  ( 0.01500734676399270197, -0.1496328881180435666, 0.02464975840400183971 ) ) ;
#526 = B_SPLINE_CURVE_WITH_KNOTS ( 'NONE', 3,
 ( #446, #2488, #696, #883 ),
 .UNSPECIFIED., .F., .F.,
 ( 4, 4 ),
 ( 1.355252715606880543E-20, 0.0003124210946450149250 ),
 .UNSPECIFIED. ) ;
#527 = CARTESIAN_POINT ( 'NONE',  ( 0.07094585909363519682, 0.1270851511840597470, 0.9705304259483987783 ) ) ;
#528 = ORIENTED_EDGE ( 'NONE', *, *, #1993, .F. ) ;
#529 = CARTESIAN_POINT ( 'NONE',  ( 0.01167334490090729711, 0.1422627659935867539, 0.9972730080735127123 ) ) ;
#530 = CARTESIAN_POINT ( 'NONE',  ( -0.1379564708458244915, 0.08743001925811348662, 0.002726991926488593100 ) ) ;
#531 = B_SPLINE_CURVE_WITH_KNOTS ( 'NONE', 3,
 ( #1830, #490, #894, #1802, #1395, #2300, #266, #2689, #1171, #539, #2760, #2127, #741, #1444, #2111, #1650, #1188, #1235, #2806, #1221 ),
 .UNSPECIFIED., .F., .F.,
 ( 4, 2, 2, 2, 2, 2, 2, 2, 2, 4 ),
 ( 1.084202172485504434E-19, 0.0005475201370056863260, 0.0008212802055085290012, 0.0009581602397599503929, 0.001095040274011371568, 0.001163480291137082481, 0.001231920308262792960, 0.001368800342514213918, 0.001642560411017055834, 0.002190080548022739233 ),
 .UNSPECIFIED. ) ;
#532 = EDGE_CURVE ( 'NONE', #2110, #808, #642, .T. ) ;
#533 = ORIENTED_EDGE ( 'NONE', *, *, #1679, .F. ) ;
#534 = CARTESIAN_POINT ( 'NONE',  ( -0.1221852271474799939, -0.09183927370423483616, 0.002726991926488729710 ) ) ;
#535 = LINE ( 'NONE', #550, #2745 ) ;
#536 = FACE_OUTER_BOUND ( 'NONE', #559, .T. ) ;
#537 = ORIENTED_EDGE ( 'NONE', *, *, #460, .T. ) ;
#538 = AXIS2_PLACEMENT_3D ( 'NONE', #2904, #1785, #1391 ) ;
#539 = CARTESIAN_POINT ( 'NONE',  ( -0.1443769995133885875, 0.08265265395734612552, 0.008640918219156242669 ) ) ;
#540 = CARTESIAN_POINT ( 'NONE',  ( -0.1402632388725875978, -0.02647990540566529799, 0.9972730080735119351 ) ) ;
#541 = CARTESIAN_POINT ( 'NONE',  ( -0.08325175773250712008, 0.1332426336146542434, 0.01789479732321113195 ) ) ;
#542 = DIRECTION ( 'NONE',  ( 0.000000000000000000, 0.000000000000000000, -1.000000000000000000 ) ) ;
#543 = CARTESIAN_POINT ( 'NONE',  ( 0.1457785495090340444, -0.03106737899826197274, 0.9972730080735112690 ) ) ;
#544 = CARTESIAN_POINT ( 'NONE',  ( 0.06670949404547348027, 0.1238616632725943051, 0.9656835748211447523 ) ) ;
#545 = CARTESIAN_POINT ( 'NONE',  ( 0.09046851475649891894, 0.1359832487972769122, 0.9972730080735109359 ) ) ;
#546 = ORIENTED_EDGE ( 'NONE', *, *, #1877, .F. ) ;
#547 = CARTESIAN_POINT ( 'NONE',  ( -0.1431479709245841725, 0.07278877214857056022, 0.9972730080735117131 ) ) ;
#548 = CLOSED_SHELL ( 'NONE', ( #1152, #1370, #2224, #369, #1638, #1581, #860, #805, #2201, #1024, #766, #1751, #832, #498, #2729, #2290, #1838, #1303, #1244, #300, #2768, #318, #2910, #1114, #1521, #1697, #244, #2656, #572, #2534, #1775, #1464, #1141, #2823, #1132, #255, #1121, #1892, #1780, #515, #1438, #313 ) ) ;
#549 = ORIENTED_EDGE ( 'NONE', *, *, #2555, .F. ) ;
#550 = CARTESIAN_POINT ( 'NONE',  ( -0.1443375672974065160, -0.2500000000000001110, 0.000000000000000000 ) ) ;
#551 = CARTESIAN_POINT ( 'NONE',  ( 0.09306389020740556128, -0.1082315753779162643, 0.9972730080735126013 ) ) ;
#552 = EDGE_LOOP ( 'NONE', ( #1254, #2558, #972, #556, #1882, #1474, #785, #1441, #1644, #1941, #2749, #923, #1455, #99, #699, #2871, #2648, #132, #1192, #1943 ) ) ;
#553 = CARTESIAN_POINT ( 'NONE',  ( 0.000000000000000000, 0.000000000000000000, 1.000000000000000000 ) ) ;
#554 = CARTESIAN_POINT ( 'NONE',  ( -0.1457785495090317684, -0.03106737899827127780, 0.9972730080735119351 ) ) ;
#555 = CARTESIAN_POINT ( 'NONE',  ( -0.06670949404548279227, 0.1238616632725893785, 0.03431642517885516441 ) ) ;
#556 = ORIENTED_EDGE ( 'NONE', *, *, #1552, .F. ) ;
#557 = DIRECTION ( 'NONE',  ( -0.000000000000000000, -0.000000000000000000, -1.000000000000000000 ) ) ;
#558 = CARTESIAN_POINT ( 'NONE',  ( 0.09624688700028179167, 0.1355605034836638023, 0.002726991926488593100 ) ) ;
#559 = EDGE_LOOP ( 'NONE', ( #1010, #359, #202, #2827 ) ) ;
#560 = CARTESIAN_POINT ( 'NONE',  ( 0.1011663177715806800, 0.1247193773206945466, 0.9972730080735109359 ) ) ;
#561 = CARTESIAN_POINT ( 'NONE',  ( -0.1135328307580225071, 0.08651738501244600477, 0.002726991926488593100 ) ) ;
#562 = ORIENTED_EDGE ( 'NONE', *, *, #1552, .T. ) ;
#563 = CARTESIAN_POINT ( 'NONE',  ( 0.2886751345948128100, -6.257501111549675945E-17, 1.000000000000000000 ) ) ;
#564 = CARTESIAN_POINT ( 'NONE',  ( -0.1586983616240081885, 0.02522356526499905383, 0.01431117974844599468 ) ) ;
#565 = CARTESIAN_POINT ( 'NONE',  ( 0.1010262973599571207, -0.1112305958912334775, 0.02477044651415370030 ) ) ;
#566 = DIRECTION ( 'NONE',  ( -0.000000000000000000, -0.000000000000000000, -1.000000000000000000 ) ) ;
#567 = ORIENTED_EDGE ( 'NONE', *, *, #2782, .T. ) ;
#568 = ORIENTED_EDGE ( 'NONE', *, *, #2039, .F. ) ;
#569 = CARTESIAN_POINT ( 'NONE',  ( 0.1419185955748427375, 0.03211219158055524797, 0.9972730080735131564 ) ) ;
#570 = DIRECTION ( 'NONE',  ( -1.000000000000000000, 7.105427357601001859E-15, 0.000000000000000000 ) ) ;
#571 = CARTESIAN_POINT ( 'NONE',  ( 0.1232222915817261649, -0.1117696114873352881, 0.9913590817808441980 ) ) ;
#572 = ADVANCED_FACE ( 'NONE', ( #2559 ), #2683, .T. ) ;
#573 = ORIENTED_EDGE ( 'NONE', *, *, #1958, .F. ) ;
#574 = CARTESIAN_POINT ( 'NONE',  ( -0.07041178595545946606, -0.1501687141231063671, 0.9908545127894173854 ) ) ;
#575 = CARTESIAN_POINT ( 'NONE',  ( 0.09417842522689698348, 0.1361662216359642019, 0.002726991926488593100 ) ) ;
#576 = CARTESIAN_POINT ( 'NONE',  ( -0.06124050245444274260, -0.1523617472229003844, 0.01079694827736720972 ) ) ;
#577 = CARTESIAN_POINT ( 'NONE',  ( -0.1386096454587491533, 0.06442862805773844070, 0.002726991926488593100 ) ) ;
#578 = CARTESIAN_POINT ( 'NONE',  ( 0.1483844281054425840, -0.05810257888872222970, 0.01565402426855765430 ) ) ;
#579 = CARTESIAN_POINT ( 'NONE',  ( 0.07302497438686902931, -0.1430276198729435733, 0.9972730080735126013 ) ) ;
#580 = CARTESIAN_POINT ( 'NONE',  ( 0.1252805742570877734, -0.1087774909942595680, 0.9972730080735126013 ) ) ;
#581 = ORIENTED_EDGE ( 'NONE', *, *, #463, .F. ) ;
#582 = CARTESIAN_POINT ( 'NONE',  ( 0.1458115731686215333, 0.03091201489504321470, 0.9972730080735131564 ) ) ;
#583 = CARTESIAN_POINT ( 'NONE',  ( 0.1441368988296629350, 0.08305312516768088849, 0.9972730080735109359 ) ) ;
#584 = CARTESIAN_POINT ( 'NONE',  ( -0.1581058409509542295, -0.04570317091735567189, 0.9972730080735119351 ) ) ;
#585 = CARTESIAN_POINT ( 'NONE',  ( -0.1652919186268395069, 0.01436476487277727268, 0.002726991926488729710 ) ) ;
#586 = FACE_OUTER_BOUND ( 'NONE', #2150, .T. ) ;
#587 = VECTOR ( 'NONE', #1608, 39.37007874015748143 ) ;
#588 = EDGE_CURVE ( 'NONE', #1656, #224, #1854, .T. ) ;
#589 = CARTESIAN_POINT ( 'NONE',  ( 0.06712518661458405367, 0.1241779674522814070, 0.002726991926488593100 ) ) ;
#590 = ORIENTED_EDGE ( 'NONE', *, *, #588, .F. ) ;
#591 = CARTESIAN_POINT ( 'NONE',  ( -0.1421673681468255679, 0.08553481318969978486, 0.002726991926488593100 ) ) ;
#592 = CARTESIAN_POINT ( 'NONE',  ( -0.1221852271474799939, -0.09183927370423483616, 0.9972730080735111580 ) ) ;
#593 = B_SPLINE_CURVE_WITH_KNOTS ( 'NONE', 3,
 ( #2089, #291, #57, #1456, #103, #2107, #2123, #1246, #2528, #1903, #2364, #76, #739, #961, #90, #1869, #2801, #2541, #2311, #1647 ),
 .UNSPECIFIED., .F., .F.,
 ( 4, 2, 2, 2, 2, 2, 2, 2, 2, 4 ),
 ( 0.000000000000000000, 0.0005475201370055428861, 0.0008212802055083141123, 0.0009581602397597003759, 0.001095040274011086423, 0.001163480291136779554, 0.001231920308262472469, 0.001368800342513858733, 0.001642560411016629959, 0.002190080548022173279 ),
 .UNSPECIFIED. ) ;
#594 = CARTESIAN_POINT ( 'NONE',  ( 0.1255759627645982313, -0.1078957518560251932, 0.002726991926489139538 ) ) ;
#595 = VECTOR ( 'NONE', #1451, 39.37007874015748143 ) ;
#596 = CARTESIAN_POINT ( 'NONE',  ( -0.06473971512583380494, -0.1527629998350966689, 0.9972730080735108249 ) ) ;
#597 = CARTESIAN_POINT ( 'NONE',  ( 0.1646305666560844705, 0.01263021897042966059, 0.9972730080735131564 ) ) ;
#598 = CARTESIAN_POINT ( 'NONE',  ( 0.1251016513583554923, 0.08782516014796155901, 0.9972730080735109359 ) ) ;
#599 = CARTESIAN_POINT ( 'NONE',  ( -0.1586932910726292223, -0.04841698257563870761, 0.002726991926487910053 ) ) ;
#600 = CARTESIAN_POINT ( 'NONE',  ( 0.1122317605410705077, -0.1134998593902042940, 0.9846099701364589007 ) ) ;
#601 = ORIENTED_EDGE ( 'NONE', *, *, #2803, .T. ) ;
#602 = CYLINDRICAL_SURFACE ( 'NONE', #403, 0.1406835748211446302 ) ;
#603 = CARTESIAN_POINT ( 'NONE',  ( 0.1000949507569777464, 0.1322477339532991680, 0.9908545127894161642 ) ) ;
#604 = CARTESIAN_POINT ( 'NONE',  ( -0.07262119002210469521, -0.1456408053435975791, 0.01225970267820938701 ) ) ;
#605 = CARTESIAN_POINT ( 'NONE',  ( -0.1230595699429055667, -0.1119411067777349306, 0.002726991926488729710 ) ) ;
#606 = EDGE_CURVE ( 'NONE', #689, #1442, #683, .T. ) ;
#607 = CARTESIAN_POINT ( 'NONE',  ( 0.06779179853934411137, -0.1519129331398480220, 0.002726991926488456491 ) ) ;
#608 = CARTESIAN_POINT ( 'NONE',  ( 0.1257650697743118440, -0.1069854809467473411, 0.9972730080735126013 ) ) ;
#609 = CARTESIAN_POINT ( 'NONE',  ( -0.06688996114782772007, -0.1523161259972143078, 0.9972730080735108249 ) ) ;
#610 = CARTESIAN_POINT ( 'NONE',  ( 0.1615904998307029494, 0.02375934511245195516, 0.9972730080735131564 ) ) ;
#611 = CARTESIAN_POINT ( 'NONE',  ( 0.1431479709245787046, 0.07278877214858178735, 0.9972730080735109359 ) ) ;
#612 = CARTESIAN_POINT ( 'NONE',  ( -0.1267731733649888615, -0.06099533375125574391, 0.9972730080735119351 ) ) ;
#613 = CARTESIAN_POINT ( 'NONE',  ( 0.1443375672974064605, 0.2499999999999998612, 1.000000000000000000 ) ) ;
#614 = ORIENTED_EDGE ( 'NONE', *, *, #1333, .F. ) ;
#615 = EDGE_CURVE ( 'NONE', #1046, #1813, #1324, .T. ) ;
#616 = CARTESIAN_POINT ( 'NONE',  ( 0.1000611394360323841, 0.1120996279893215347, 0.02477044651415344356 ) ) ;
#617 = ORIENTED_EDGE ( 'NONE', *, *, #2640, .T. ) ;
#618 = CARTESIAN_POINT ( 'NONE',  ( -0.1174602008038673207, -0.1142752319194343530, 0.9888723077807179962 ) ) ;
#619 = CARTESIAN_POINT ( 'NONE',  ( -0.02733773058513848039, 0.1610237392503459097, 0.9972730080735122682 ) ) ;
#620 = CARTESIAN_POINT ( 'NONE',  ( 0.06288569494436632712, -0.1526700208950940718, 0.9972730080735126013 ) ) ;
#621 = CARTESIAN_POINT ( 'NONE',  ( 0.1205390902827882388, -0.08767494082448730464, 0.9972730080735126013 ) ) ;
#622 = CARTESIAN_POINT ( 'NONE',  ( -0.06927539626651149640, -0.1511325009192507063, 0.002726991926487636834 ) ) ;
#623 = CARTESIAN_POINT ( 'NONE',  ( 0.1646664961784285730, 0.02031526198480989101, 0.9972730080735131564 ) ) ;
#624 = CARTESIAN_POINT ( 'NONE',  ( 0.04297303319393644405, -0.1390585092402570888, 0.02946957405159911919 ) ) ;
#625 = CARTESIAN_POINT ( 'NONE',  ( 0.1299915308389073820, 0.08788186408945188044, 0.9972730080735109359 ) ) ;
#626 = CARTESIAN_POINT ( 'NONE',  ( -0.008537059671343976558, -0.1603641653951722312, 0.9972730080735123792 ) ) ;
#627 = CARTESIAN_POINT ( 'NONE',  ( -0.1454938338084204030, -0.001903927984372742526, 0.002726991926488729710 ) ) ;
#628 = B_SPLINE_CURVE_WITH_KNOTS ( 'NONE', 3,
 ( #328, #1240, #2388, #2145, #299, #1701, #111, #1016, #2593, #2838, #1496, #574, #361, #1256, #2811, #2160, #791, #1959, #130, #1655 ),
 .UNSPECIFIED., .F., .F.,
 ( 4, 2, 2, 2, 2, 2, 2, 2, 2, 4 ),
 ( 1.226634733346699349E-18, 0.0005475201370055877721, 0.0008212802055083839349, 0.0009581602397597790890, 0.001095040274011174243, 0.001163480291136872145, 0.001231920308262569831, 0.001368800342513970189, 0.001642560411016764400, 0.002190080548022351522 ),
 .UNSPECIFIED. ) ;
#629 = DIRECTION ( 'NONE',  ( -0.000000000000000000, -0.000000000000000000, -1.000000000000000000 ) ) ;
#630 = DIRECTION ( 'NONE',  ( 0.000000000000000000, 0.000000000000000000, -1.000000000000000000 ) ) ;
#631 = CARTESIAN_POINT ( 'NONE',  ( -0.07456774027074541955, -0.1304538628462064143, 0.02477044651415095597 ) ) ;
#632 = ORIENTED_EDGE ( 'NONE', *, *, #2222, .F. ) ;
#633 = VECTOR ( 'NONE', #2041, 39.37007874015748143 ) ;
#634 = CARTESIAN_POINT ( 'NONE',  ( -0.09718507462835146438, 0.1017198579134789838, 0.03431642517885519217 ) ) ;
#635 = CARTESIAN_POINT ( 'NONE',  ( -0.04740978993551204362, 0.1324544451603162087, 0.9972730080735122682 ) ) ;
#636 = CARTESIAN_POINT ( 'NONE',  ( 0.06927539626651786631, -0.1511325009192478197, 0.9972730080735126013 ) ) ;
#637 = CARTESIAN_POINT ( 'NONE',  ( 0.1236243735453430304, -0.1113118859140101863, 0.9972730080735126013 ) ) ;
#638 = CARTESIAN_POINT ( 'NONE',  ( 0.2886751345948128100, -6.257501111549675945E-17, 0.000000000000000000 ) ) ;
#639 = CARTESIAN_POINT ( 'NONE',  ( 0.1638211679976618318, 0.02181767008418646417, 0.9902646573789699591 ) ) ;
#640 = CARTESIAN_POINT ( 'NONE',  ( 0.1430633305519586895, 0.08469354646825490163, 0.9972730080735109359 ) ) ;
#641 = CARTESIAN_POINT ( 'NONE',  ( -0.1584736271687139653, -0.05060216036048851423, 0.9972730080735119351 ) ) ;
#642 = CIRCLE ( 'NONE', #2296, 0.1406835748211446580 ) ;
#643 = CARTESIAN_POINT ( 'NONE',  ( -0.04740978993551204362, 0.1324544451603161532, 0.03431642517885527544 ) ) ;
#644 = DIRECTION ( 'NONE',  ( -1.000000000000000000, 0.000000000000000000, 0.000000000000000000 ) ) ;
#645 = CARTESIAN_POINT ( 'NONE',  ( -0.01727765541438744737, -0.1445971935304251887, 0.9706085934895186673 ) ) ;
#646 = CARTESIAN_POINT ( 'NONE',  ( -0.07426736136262961085, -0.1335965604491194669, 0.002726991926487636834 ) ) ;
#647 = CARTESIAN_POINT ( 'NONE',  ( -0.1587117838803654701, -0.04815632835189818245, 0.9908545127894144988 ) ) ;
#648 = EDGE_CURVE ( 'NONE', #514, #224, #2322, .T. ) ;
#649 = CARTESIAN_POINT ( 'NONE',  ( 0.1173664969126315544, -0.08124079622811929136, 0.9972730080735126013 ) ) ;
#650 = DIRECTION ( 'NONE',  ( 1.000000000000000000, 6.217248937900876626E-15, 0.000000000000000000 ) ) ;
#651 = CARTESIAN_POINT ( 'NONE',  ( 0.04736669712908530422, 0.1329750137495915585, 0.9972730080735127123 ) ) ;
#652 = CC_DESIGN_PERSON_AND_ORGANIZATION_ASSIGNMENT ( #1822, #901, ( #432 ) ) ;
#653 = SHAPE_DEFINITION_REPRESENTATION ( #2293, #2696 ) ;
#654 = CARTESIAN_POINT ( 'NONE',  ( -0.05742699021809848092, -0.1499722898578686459, 0.9972730080735108249 ) ) ;
#655 = CARTESIAN_POINT ( 'NONE',  ( -0.09400025029828269763, 0.1362154157574845814, 0.9904999148200950287 ) ) ;
#656 = CARTESIAN_POINT ( 'NONE',  ( 0.06570727740190020205, -0.1528233695537396519, 0.008659721743458170459 ) ) ;
#657 = CARTESIAN_POINT ( 'NONE',  ( 0.06670949404547348027, 0.1238616632725943051, 0.03431642517885522686 ) ) ;
#658 = CARTESIAN_POINT ( 'NONE',  ( -0.08300839814291437191, 0.1331563966297784340, 0.9972730080735126013 ) ) ;
#659 = CARTESIAN_POINT ( 'NONE',  ( -0.1555346792231332154, -0.05542300485990783038, 0.9972730080735119351 ) ) ;
#660 = CARTESIAN_POINT ( 'NONE',  ( -0.1384138093207604447, -0.02516914010793324524, 1.000000000000000000 ) ) ;
#661 = CARTESIAN_POINT ( 'NONE',  ( 0.08618127962598179370, 0.1343539102437070198, 0.01539002986353631142 ) ) ;
#662 = CARTESIAN_POINT ( 'NONE',  ( -0.07182938224925072834, -0.1480769280489046824, 0.002726991926487636834 ) ) ;
#663 = LINE ( 'NONE', #1569, #1306 ) ;
#664 = CARTESIAN_POINT ( 'NONE',  ( 0.000000000000000000, 0.000000000000000000, 0.9656835748211446413 ) ) ;
#665 = CARTESIAN_POINT ( 'NONE',  ( -0.03156378343242714074, 0.1628849054044686773, 0.002726991926487090396 ) ) ;
#666 = APPROVAL_STATUS ( 'not_yet_approved' ) ;
#667 = CARTESIAN_POINT ( 'NONE',  ( -0.09949528162453211144, 0.1333158562204218855, 0.9913402782565419180 ) ) ;
#668 = CARTESIAN_POINT ( 'NONE',  ( 0.05610993150435775179, -0.1491493337708036104, 0.01565402426856099885 ) ) ;
#669 = CARTESIAN_POINT ( 'NONE',  ( -0.09232369028008829970, 0.1362445337904454323, 0.9972730080735126013 ) ) ;
#670 = CARTESIAN_POINT ( 'NONE',  ( 0.006738382307985724823, -0.1631888179979880393, 0.9972730080735123792 ) ) ;
#671 = CARTESIAN_POINT ( 'NONE',  ( -0.03249765058104044785, 0.1631451234087056834, 0.008659721743458406382 ) ) ;
#672 = CARTESIAN_POINT ( 'NONE',  ( 0.1406220939717977569, -0.004158715119300120458, 0.03431642517885517135 ) ) ;
#673 = CARTESIAN_POINT ( 'NONE',  ( 0.1443375672974063773, -0.2500000000000001665, 1.000000000000000000 ) ) ;
#674 = CARTESIAN_POINT ( 'NONE',  ( -0.1246095705420622313, -0.1101426785813936632, 0.9913075819845615921 ) ) ;
#675 = CARTESIAN_POINT ( 'NONE',  ( -0.04341102735240121718, 0.1507862819685150402, 0.002726991926487090396 ) ) ;
#676 = EDGE_CURVE ( 'NONE', #514, #1906, #2758, .T. ) ;
#677 = PERSON_AND_ORGANIZATION ( #1517, #2334 ) ;
#678 = VECTOR ( 'NONE', #1465, 39.37007874015748854 ) ;
#679 = FACE_OUTER_BOUND ( 'NONE', #2603, .T. ) ;
#680 = CARTESIAN_POINT ( 'NONE',  ( -0.09232369028008829970, 0.1362445337904454323, 0.002726991926488593100 ) ) ;
#681 = CARTESIAN_POINT ( 'NONE',  ( 0.006738382307985724823, -0.1631888179979880393, 0.002726991926487773443 ) ) ;
#682 = CARTESIAN_POINT ( 'NONE',  ( 0.000000000000000000, 0.000000000000000000, 0.03431642517885519217 ) ) ;
#683 = CIRCLE ( 'NONE', #1020, 0.1749999999999999889 ) ;
#684 = CARTESIAN_POINT ( 'NONE',  ( 0.07376562671118594428, -0.1387194539133872750, 0.9821052026767930210 ) ) ;
#685 = B_SPLINE_CURVE_WITH_KNOTS ( 'NONE', 3,
 ( #1645, #940, #717, #516, #578, #1850, #2738, #248, #1627, #2375, #350, #693, #1405, #470, #1598, #1181, #332, #2496, #1613, #2279 ),
 .UNSPECIFIED., .F., .F.,
 ( 4, 2, 2, 2, 2, 2, 2, 2, 2, 4 ),
 ( 0.000000000000000000, 0.0005475201370058720499, 0.0008212802055088080748, 0.0009581602397602765209, 0.001095040274011744967, 0.001163480291137479082, 0.001231920308263212980, 0.001368800342514680992, 0.001642560411017617234, 0.002190080548023489067 ),
 .UNSPECIFIED. ) ;
#686 = CARTESIAN_POINT ( 'NONE',  ( 0.000000000000000000, 0.000000000000000000, 0.03431642517885524074 ) ) ;
#687 = VECTOR ( 'NONE', #2409, 39.37007874015748143 ) ;
#688 = CARTESIAN_POINT ( 'NONE',  ( -0.01316334980452927260, 0.1450296244751984043, 0.9706085934895187783 ) ) ;
#689 = VERTEX_POINT ( 'NONE', #2722 ) ;
#690 = CARTESIAN_POINT ( 'NONE',  ( 0.03444746463451956592, 0.1627471639832917261, 0.002726991926490095371 ) ) ;
#691 = CARTESIAN_POINT ( 'NONE',  ( 0.1646859825824778245, 0.02056506247975727758, 0.9909582370900961168 ) ) ;
#692 = PERSON_AND_ORGANIZATION_ROLE ( 'creator' ) ;
#693 = CARTESIAN_POINT ( 'NONE',  ( 0.1587117838803675796, -0.04815632835187685923, 0.009145487210589718294 ) ) ;
#694 = FACE_OUTER_BOUND ( 'NONE', #326, .T. ) ;
#695 = CARTESIAN_POINT ( 'NONE',  ( -0.002991637056828120884, -0.1658879589991753001, 0.002726991926487773443 ) ) ;
#696 = CARTESIAN_POINT ( 'NONE',  ( -0.1461614445838691767, -0.001585295610552639499, 0.9711614445838694376 ) ) ;
#697 = CARTESIAN_POINT ( 'NONE',  ( 0.1461614445838621268, -0.001585295610550285263, 0.02883855541613749088 ) ) ;
#698 = CARTESIAN_POINT ( 'NONE',  ( -0.1456701418324843345, -0.05886139954694834253, 0.9821052026767903564 ) ) ;
#699 = ORIENTED_EDGE ( 'NONE', *, *, #1738, .T. ) ;
#700 = CARTESIAN_POINT ( 'NONE',  ( -0.1246095087439598875, -0.09975297733067588213, 0.9846099701364624535 ) ) ;
#701 = ORIENTED_EDGE ( 'NONE', *, *, #1374, .T. ) ;
#702 = CARTESIAN_POINT ( 'NONE',  ( 0.04051999555988871488, 0.1582217623322897393, 0.9972730080735127123 ) ) ;
#703 = CARTESIAN_POINT ( 'NONE',  ( 0.1366845183365922589, 0.03330481454009888431, 0.9656835748211447523 ) ) ;
#704 = APPROVAL_DATE_TIME ( #2278, #257 ) ;
#705 = DIRECTION ( 'NONE',  ( 0.000000000000000000, 0.000000000000000000, -1.000000000000000000 ) ) ;
#706 = CARTESIAN_POINT ( 'NONE',  ( -0.1013714463600170618, 0.1280618053073876716, 0.002726991926488593100 ) ) ;
#707 = CARTESIAN_POINT ( 'NONE',  ( 0.1113212323921585756, 0.08602006418939499299, 1.000000000000000000 ) ) ;
#708 = CARTESIAN_POINT ( 'NONE',  ( 0.1415364666054627352, 0.08617251663638977877, 0.9907005728923744536 ) ) ;
#709 = CARTESIAN_POINT ( 'NONE',  ( -0.1391005952608488638, 0.08726697861027360448, 0.9892030517226355624 ) ) ;
#710 = EDGE_CURVE ( 'NONE', #497, #2832, #2666, .T. ) ;
#711 = CARTESIAN_POINT ( 'NONE',  ( -0.1630260271443517150, 0.02255551480766061073, 0.9972730080735126013 ) ) ;
#712 = CARTESIAN_POINT ( 'NONE',  ( 0.1575458319799564189, -0.05309825032647449289, 0.9972730080735112690 ) ) ;
#713 = CARTESIAN_POINT ( 'NONE',  ( -0.03308157242131776893, 0.1629863929347920848, 0.9913075819845614811 ) ) ;
#714 = ORIENTED_EDGE ( 'NONE', *, *, #2680, .F. ) ;
#715 = CARTESIAN_POINT ( 'NONE',  ( 0.03541405722580181353, 0.1625432671382135985, 0.002726991926490095371 ) ) ;
#716 = CARTESIAN_POINT ( 'NONE',  ( 0.1411789742885463661, 0.03245296435327821999, 0.9698486085518754907 ) ) ;
#717 = CARTESIAN_POINT ( 'NONE',  ( 0.1375336742357658182, -0.06052310857674905037, 0.02477044651414923512 ) ) ;
#718 = CARTESIAN_POINT ( 'NONE',  ( -0.1411789742885463106, 0.03245296435327289786, 0.03015139144812558486 ) ) ;
#719 = LINE ( 'NONE', #1516, #1585 ) ;
#720 = VECTOR ( 'NONE', #2462, 39.37007874015748143 ) ;
#721 = CARTESIAN_POINT ( 'NONE',  ( 0.01350799410038995216, -0.1522537882057010683, 0.9972730080735123792 ) ) ;
#722 = ORIENTED_EDGE ( 'NONE', *, *, #2092, .T. ) ;
#723 = CARTESIAN_POINT ( 'NONE',  ( 0.1490522097375208133, 7.941751486157530506E-05, 0.9972730080735131564 ) ) ;
#724 = DIRECTION ( 'NONE',  ( 1.000000000000000000, 0.000000000000000000, 0.000000000000000000 ) ) ;
#725 = FACE_OUTER_BOUND ( 'NONE', #1005, .T. ) ;
#726 = B_SPLINE_CURVE_WITH_KNOTS ( 'NONE', 3,
 ( #36, #1400, #1358, #285, #2082, #1193, #50, #1860, #2098, #68, #2766, #970, #1048, #806, #1893, #315, #2372, #1685, #1942, #1226 ),
 .UNSPECIFIED., .F., .F.,
 ( 4, 2, 2, 2, 2, 2, 2, 2, 2, 4 ),
 ( 5.114171419281513821E-19, 0.0005475201370058153461, 0.0008212802055087190618, 0.0009581602397601713533, 0.001095040274011623536, 0.001163480291137349628, 0.001231920308263075503, 0.001368800342514520964, 0.001642560411017410151, 0.002190080548023194598 ),
 .UNSPECIFIED. ) ;
#727 = CARTESIAN_POINT ( 'NONE',  ( 0.1454225709608492900, -0.05893467553839785988, 0.9972730080735112690 ) ) ;
#728 = VERTEX_POINT ( 'NONE', #1390 ) ;
#729 = AXIS2_PLACEMENT_3D ( 'NONE', #983, #2790, #92 ) ;
#730 = CARTESIAN_POINT ( 'NONE',  ( -0.03821775996771676481, 0.1612379509472222083, 0.9907005728923768961 ) ) ;
#731 = CONICAL_SURFACE ( 'NONE', #2481, 0.1749999999999999889, 0.7853981633974500554 ) ;
#732 = EDGE_CURVE ( 'NONE', #2493, #124, #969, .T. ) ;
#733 = ORIENTED_EDGE ( 'NONE', *, *, #2712, .T. ) ;
#734 = CARTESIAN_POINT ( 'NONE',  ( 0.02499108033903460480, 0.1586347781358492526, 0.9972730080735127123 ) ) ;
#735 = CARTESIAN_POINT ( 'NONE',  ( 0.1522331283327982288, 0.02840997836861559184, 0.9798560378016620831 ) ) ;
#736 = VERTEX_POINT ( 'NONE', #86 ) ;
#737 = CARTESIAN_POINT ( 'NONE',  ( -0.1508783681424424594, 0.001208230531389832985, 0.02412163185755723457 ) ) ;
#738 = CARTESIAN_POINT ( 'NONE',  ( -0.09876927146737510266, 0.1068490132469454429, 0.002726991926488593100 ) ) ;
#739 = CARTESIAN_POINT ( 'NONE',  ( 0.03046970073689310096, 0.1626723205807640016, 0.009500085179897647253 ) ) ;
#740 = VERTEX_POINT ( 'NONE', #1688 ) ;
#741 = CARTESIAN_POINT ( 'NONE',  ( -0.1452949151679714113, 0.07924691900924041299, 0.009500085179902121105 ) ) ;
#742 = CARTESIAN_POINT ( 'NONE',  ( 0.1561132124839491320, -0.05494862540652281635, 0.9904999148200980263 ) ) ;
#743 = CARTESIAN_POINT ( 'NONE',  ( -0.1013217300395925224, 0.1277433530793257443, 0.01195477211224559543 ) ) ;
#744 = CARTESIAN_POINT ( 'NONE',  ( -0.01730237196406179609, -0.1445149767270756114, 0.02946957405159869245 ) ) ;
#745 = CARTESIAN_POINT ( 'NONE',  ( 0.1586932910726323032, -0.04841698257562844498, 0.002726991926486270739 ) ) ;
#746 = CARTESIAN_POINT ( 'NONE',  ( 0.04740978993550177406, 0.1324544451603199002, 0.9656835748211447523 ) ) ;
#747 = ORIENTED_EDGE ( 'NONE', *, *, #1418, .T. ) ;
#748 = CARTESIAN_POINT ( 'NONE',  ( 0.04341102735238971944, 0.1507862819685180378, 0.002726991926490095371 ) ) ;
#749 = CARTESIAN_POINT ( 'NONE',  ( -0.1397575321995304654, 0.08691414711200190490, 0.002726991926488593100 ) ) ;
#750 = EDGE_LOOP ( 'NONE', ( #84, #2167, #117, #617, #1687, #1865, #2866, #1238, #2753, #2771, #2051, #2703, #993, #505, #975, #159, #3, #286 ) ) ;
#751 = CARTESIAN_POINT ( 'NONE',  ( 0.09100401938525666534, -0.1072853050523902285, 0.03431642517885523380 ) ) ;
#752 = CARTESIAN_POINT ( 'NONE',  ( 0.1256669436698768239, -0.1038858821151274897, 0.01195477211224302110 ) ) ;
#753 = DIRECTION ( 'NONE',  ( -0.000000000000000000, -0.000000000000000000, -1.000000000000000000 ) ) ;
#754 = AXIS2_PLACEMENT_3D ( 'NONE', #2497, #705, #471 ) ;
#755 = ORIENTED_EDGE ( 'NONE', *, *, #1058, .F. ) ;
#756 = DIRECTION ( 'NONE',  ( 1.000000000000000000, 7.993605777301128669E-15, 0.000000000000000000 ) ) ;
#757 = CARTESIAN_POINT ( 'NONE',  ( 0.1384138093207621378, -0.02516914010792402692, 0.9656835748211447523 ) ) ;
#758 = CARTESIAN_POINT ( 'NONE',  ( -0.1615904998307039209, 0.02375934511244524872, 0.9972730080735126013 ) ) ;
#759 = CARTESIAN_POINT ( 'NONE',  ( 0.01082253355882792714, -0.1569648029058072769, 0.01767050513325798405 ) ) ;
#760 = CARTESIAN_POINT ( 'NONE',  ( 0.1586045062847546427, -0.04749132846112095324, 0.9972730080735112690 ) ) ;
#761 = DIRECTION ( 'NONE',  ( -0.000000000000000000, -0.000000000000000000, -1.000000000000000000 ) ) ;
#762 = VERTEX_POINT ( 'NONE', #2553 ) ;
#763 = CARTESIAN_POINT ( 'NONE',  ( -0.1206324511708031233, 0.08754644058614440005, 0.002726991926488593100 ) ) ;
#764 = ORIENTED_EDGE ( 'NONE', *, *, #1769, .F. ) ;
#765 = CARTESIAN_POINT ( 'NONE',  ( -0.01565918088791736981, 0.1482273847462032834, 0.9972730080735122682 ) ) ;
#766 = ADVANCED_FACE ( 'NONE', ( #1934 ), #1798, .T. ) ;
#767 = CARTESIAN_POINT ( 'NONE',  ( 0.1246095087439650223, -0.09975297733067337025, 0.01539002986353505895 ) ) ;
#768 = DIRECTION ( 'NONE',  ( -1.000000000000000000, 0.000000000000000000, 0.000000000000000000 ) ) ;
#769 = EDGE_CURVE ( 'NONE', #824, #1288, #1149, .T. ) ;
#770 = ORIENTED_EDGE ( 'NONE', *, *, #1699, .T. ) ;
#771 = VECTOR ( 'NONE', #473, 39.37007874015748854 ) ;
#772 = ORIENTED_EDGE ( 'NONE', *, *, #2467, .F. ) ;
#773 = FACE_OUTER_BOUND ( 'NONE', #509, .T. ) ;
#774 = CARTESIAN_POINT ( 'NONE',  ( 0.1459380518406883098, -0.05879763268054925135, 0.9823294948667465887 ) ) ;
#775 = CARTESIAN_POINT ( 'NONE',  ( -0.1389071925799553742, 0.03285960162382987187, 0.002726991926488729710 ) ) ;
#776 = CC_DESIGN_APPROVAL ( #129, ( #17 ) ) ;
#777 = CARTESIAN_POINT ( 'NONE',  ( 0.1568443576895077740, -0.05410741441020591042, 0.9972730080735112690 ) ) ;
#778 = LINE ( 'NONE', #1931, #1389 ) ;
#779 = ORIENTED_EDGE ( 'NONE', *, *, #1263, .F. ) ;
#780 = CARTESIAN_POINT ( 'NONE',  ( -0.1440659267840945501, 0.08317650160984202401, 0.9972730080735117131 ) ) ;
#781 = ORIENTED_EDGE ( 'NONE', *, *, #949, .F. ) ;
#782 = CARTESIAN_POINT ( 'NONE',  ( 0.1174602008038690970, -0.1142752319194297733, 0.01112769221928415833 ) ) ;
#783 = CARTESIAN_POINT ( 'NONE',  ( 0.000000000000000000, 0.000000000000000000, 1.000000000000000000 ) ) ;
#784 = ORIENTED_EDGE ( 'NONE', *, *, #2915, .F. ) ;
#785 = ORIENTED_EDGE ( 'NONE', *, *, #40, .T. ) ;
#786 = CARTESIAN_POINT ( 'NONE',  ( 0.1427036324799604294, -0.003261111213366975695, 0.9972730080735131564 ) ) ;
#787 = CARTESIAN_POINT ( 'NONE',  ( -0.1388430885402737736, -0.02546674386764609388, 0.002726991926487910053 ) ) ;
#788 = CARTESIAN_POINT ( 'NONE',  ( 0.1256921069774563915, -0.1079804067698258291, 0.9907005728923783394 ) ) ;
#789 = ORIENTED_EDGE ( 'NONE', *, *, #274, .T. ) ;
#790 = CARTESIAN_POINT ( 'NONE',  ( 0.1384138093207621656, -0.02516914010792407896, 0.9972730080735112690 ) ) ;
#791 = CARTESIAN_POINT ( 'NONE',  ( -0.07373021338780755274, -0.1389925617350858955, 0.9823294948667500304 ) ) ;
#792 = ORIENTED_EDGE ( 'NONE', *, *, #801, .F. ) ;
#793 = CARTESIAN_POINT ( 'NONE',  ( -0.1452646148884708110, 0.07942926006288214547, 0.9972730080735117131 ) ) ;
#794 = ORIENTED_EDGE ( 'NONE', *, *, #1958, .T. ) ;
#795 = DIRECTION ( 'NONE',  ( 0.4999999999999998335, -0.8660254037844388186, 0.000000000000000000 ) ) ;
#796 = CARTESIAN_POINT ( 'NONE',  ( 0.04958702805809069719, -0.1445849527992754679, 0.002726991926488456491 ) ) ;
#797 = CARTESIAN_POINT ( 'NONE',  ( 0.1223282750848246614, -0.1125873282246319246, 0.002726991926489139538 ) ) ;
#798 = ORIENTED_EDGE ( 'NONE', *, *, #157, .F. ) ;
#799 = CARTESIAN_POINT ( 'NONE',  ( 0.1585548070225105688, 0.006766097972069519059, 0.01630722221526255053 ) ) ;
#800 = CARTESIAN_POINT ( 'NONE',  ( 0.1452603334924479628, 0.07849956319882989142, 0.9972730080735109359 ) ) ;
#801 = EDGE_CURVE ( 'NONE', #423, #1861, #2518, .T. ) ;
#802 = DIRECTION ( 'NONE',  ( -1.000000000000000000, 0.000000000000000000, 0.000000000000000000 ) ) ;
#803 = CARTESIAN_POINT ( 'NONE',  ( -0.1646305666560847480, 0.01263021897042281710, 0.002726991926488729710 ) ) ;
#804 = CARTESIAN_POINT ( 'NONE',  ( 0.1581058409509574492, -0.04570317091734567988, 0.002726991926486270739 ) ) ;
#805 = ADVANCED_FACE ( 'NONE', ( #47 ), #1636, .F. ) ;
#806 = CARTESIAN_POINT ( 'NONE',  ( 0.04001138080141986020, 0.1592595069816891973, 0.9892030517226306774 ) ) ;
#807 = CARTESIAN_POINT ( 'NONE',  ( 0.07856433452583788668, 0.1311157018366408133, 0.9972730080735109359 ) ) ;
#808 = VERTEX_POINT ( 'NONE', #325 ) ;
#809 = CARTESIAN_POINT ( 'NONE',  ( -0.1431479709245841725, 0.07278877214857056022, 0.002726991926488593100 ) ) ;
#810 = CARTESIAN_POINT ( 'NONE',  ( -0.1237194460861358036, -0.1112059614611135144, 0.002726991926488729710 ) ) ;
#811 = CARTESIAN_POINT ( 'NONE',  ( 0.06688996114783400671, -0.1523161259972113102, 0.9972730080735126013 ) ) ;
#812 = CARTESIAN_POINT ( 'NONE',  ( 0.1237194460861406609, -0.1112059614611085323, 0.002726991926489139538 ) ) ;
#813 = CARTESIAN_POINT ( 'NONE',  ( -0.06753174292318060712, -0.1520287173599393915, 0.9972730080735108249 ) ) ;
#814 = ORIENTED_EDGE ( 'NONE', *, *, #2483, .F. ) ;
#815 = CARTESIAN_POINT ( 'NONE',  ( 0.1649026425230566695, 0.02012423651407694788, 0.008881060490238252420 ) ) ;
#816 = CARTESIAN_POINT ( 'NONE',  ( 0.1336896282677092762, 0.05743834878966880275, 0.9972730080735109359 ) ) ;
#817 = CARTESIAN_POINT ( 'NONE',  ( -0.1454225709608454042, -0.05893467553840716494, 0.9972730080735119351 ) ) ;
#818 = CARTESIAN_POINT ( 'NONE',  ( 0.1238105382262024157, -0.09672334362634449345, 0.9821052026767912446 ) ) ;
#819 = VERTEX_POINT ( 'NONE', #2532 ) ;
#820 = DIRECTION ( 'NONE',  ( -0.000000000000000000, -0.000000000000000000, -1.000000000000000000 ) ) ;
#821 = CARTESIAN_POINT ( 'NONE',  ( 0.1013288924327842982, 0.1292167044775356100, 0.9892030517226382269 ) ) ;
#822 = AXIS2_PLACEMENT_3D ( 'NONE', #2855, #1570, #394 ) ;
#823 = CARTESIAN_POINT ( 'NONE',  ( 0.09325337381178457064, 0.1362591434783878563, 0.9972730080735109359 ) ) ;
#824 = VERTEX_POINT ( 'NONE', #81 ) ;
#825 = CARTESIAN_POINT ( 'NONE',  ( 0.1003990384875828867, 0.1316466815518018973, 0.002726991926488593100 ) ) ;
#826 = CARTESIAN_POINT ( 'NONE',  ( -0.1173664969126283902, -0.08124079622812399593, 0.9972730080735111580 ) ) ;
#827 = EDGE_CURVE ( 'NONE', #1133, #408, #492, .T. ) ;
#828 = CARTESIAN_POINT ( 'NONE',  ( 0.06197936475330698136, -0.1524624383888895374, 0.002726991926488456491 ) ) ;
#829 = CARTESIAN_POINT ( 'NONE',  ( 0.1252805742570877734, -0.1087774909942595680, 0.002726991926489139538 ) ) ;
#830 = CIRCLE ( 'NONE', #1119, 0.1406835748211446302 ) ;
#831 = CARTESIAN_POINT ( 'NONE',  ( -0.05350969391774132444, -0.1475050262957470493, 0.002726991926487636834 ) ) ;
#832 = ADVANCED_FACE ( 'NONE', ( #725 ), #276, .T. ) ;
#833 = CARTESIAN_POINT ( 'NONE',  ( 0.1629992053258303708, 0.01035640762314843193, 0.9972730080735131564 ) ) ;
#834 = CARTESIAN_POINT ( 'NONE',  ( 0.1406127826623866373, 0.08654935736725495599, 0.9972730080735109359 ) ) ;
#835 = CARTESIAN_POINT ( 'NONE',  ( -0.1582548774487573251, -0.05127046877130937708, 0.002726991926487910053 ) ) ;
#836 = PLANE ( 'NONE',  #2384 ) ;
#837 = ORIENTED_EDGE ( 'NONE', *, *, #1052, .F. ) ;
#838 = CARTESIAN_POINT ( 'NONE',  ( 0.1370054257967555922, 0.06170957399652234748, 0.02477044651414956125 ) ) ;
#839 = CARTESIAN_POINT ( 'NONE',  ( 0.01506065416068259194, -0.1495049661945517805, 0.9752295534858476111 ) ) ;
#840 = CARTESIAN_POINT ( 'NONE',  ( -0.04302905347221359228, -0.1391235649010572339, 0.02939140651048201963 ) ) ;
#841 = EDGE_CURVE ( 'NONE', #1906, #689, #1744, .T. ) ;
#842 = DIRECTION ( 'NONE',  ( 0.000000000000000000, 0.000000000000000000, 1.000000000000000000 ) ) ;
#843 = CARTESIAN_POINT ( 'NONE',  ( -0.03541405722581426191, 0.1625432671382112393, 0.002726991926487090396 ) ) ;
#844 = EDGE_CURVE ( 'NONE', #728, #1180, #1735, .T. ) ;
#845 = CARTESIAN_POINT ( 'NONE',  ( 0.06288569494436632712, -0.1526700208950940718, 0.002726991926488456491 ) ) ;
#846 = CARTESIAN_POINT ( 'NONE',  ( 0.1221852271474838519, -0.09183927370422945158, 0.9972730080735126013 ) ) ;
#847 = CARTESIAN_POINT ( 'NONE',  ( -0.04099634652550022962, -0.1367269583545345224, 0.9972730080735108249 ) ) ;
#848 = CARTESIAN_POINT ( 'NONE',  ( 0.1646664961784285730, 0.02031526198480989101, 0.002726991926489275714 ) ) ;
#849 = CARTESIAN_POINT ( 'NONE',  ( 0.1411036922528453863, 0.06863503593860664775, 0.002726991926486953786 ) ) ;
#850 = CARTESIAN_POINT ( 'NONE',  ( -0.1321408337136658340, -0.06091699831327338638, 0.002726991926487910053 ) ) ;
#851 = CARTESIAN_POINT ( 'NONE',  ( -0.1654563585321873476, 0.01724704686661650277, 0.9972730080735126013 ) ) ;
#852 = ORIENTED_EDGE ( 'NONE', *, *, #1384, .F. ) ;
#853 = CARTESIAN_POINT ( 'NONE',  ( 0.1220822089698613555, 0.08781318760004454271, 0.02464975840400223869 ) ) ;
#854 = CARTESIAN_POINT ( 'NONE',  ( 0.000000000000000000, 0.000000000000000000, 0.03431642517885524074 ) ) ;
#855 = VERTEX_POINT ( 'NONE', #1967 ) ;
#856 = CARTESIAN_POINT ( 'NONE',  ( -0.09306389020740092610, -0.1082315753779202194, 0.9972730080735111580 ) ) ;
#857 = CARTESIAN_POINT ( 'NONE',  ( -0.03541405722581426191, 0.1625432671382112393, 0.9972730080735122682 ) ) ;
#858 = CARTESIAN_POINT ( 'NONE',  ( 0.07397868109669848702, -0.1202211005681430162, 0.9972730080735126013 ) ) ;
#859 = CARTESIAN_POINT ( 'NONE',  ( -0.04314932410746907115, -0.1389612048275005451, 0.9972730080735108249 ) ) ;
#860 = ADVANCED_FACE ( 'NONE', ( #1984 ), #836, .F. ) ;
#861 = CARTESIAN_POINT ( 'NONE',  ( 0.1652919186268388962, 0.01436476487278411443, 0.9972730080735131564 ) ) ;
#862 = CARTESIAN_POINT ( 'NONE',  ( 0.1444898174750813558, 0.08244490152322783705, 0.002726991926486953786 ) ) ;
#863 = CARTESIAN_POINT ( 'NONE',  ( -0.01350799410038588076, -0.1522537882057015679, 0.002726991926487773443 ) ) ;
#864 = DIRECTION ( 'NONE',  ( -0.000000000000000000, -0.000000000000000000, -1.000000000000000000 ) ) ;
#865 = CARTESIAN_POINT ( 'NONE',  ( 0.1302489266282891023, 0.08786166223273478293, 0.9821052026767879140 ) ) ;
#866 = CARTESIAN_POINT ( 'NONE',  ( -0.004017612550327185998, -0.1654525470807887977, 0.9904999148200978043 ) ) ;
#867 = CARTESIAN_POINT ( 'NONE',  ( 0.09789485987687313040, 0.1344985636132903506, 0.002726991926488593100 ) ) ;
#868 = CARTESIAN_POINT ( 'NONE',  ( -0.07397868109669354653, -0.1202211005681462913, 0.9972730080735108249 ) ) ;
#869 = CARTESIAN_POINT ( 'NONE',  ( -0.1563598288623705423, -0.05486235431276272057, 0.9907005728923767851 ) ) ;
#870 = CC_DESIGN_PERSON_AND_ORGANIZATION_ASSIGNMENT ( #677, #692, ( #17 ) ) ;
#871 = VECTOR ( 'NONE', #2487, 39.37007874015748143 ) ;
#872 = CARTESIAN_POINT ( 'NONE',  ( -0.1443375672974064883, 0.2499999999999998890, 0.000000000000000000 ) ) ;
#873 = APPROVAL_PERSON_ORGANIZATION ( #29, #129, #219 ) ;
#874 = CARTESIAN_POINT ( 'NONE',  ( -0.03817355623557933814, 0.1611011958278456835, 0.9972730080735122682 ) ) ;
#875 = B_SPLINE_CURVE_WITH_KNOTS ( 'NONE', 3,
 ( #1747, #2632, #616, #1527, #2415, #391, #2677, #1987, #2231, #2868, #433, #185, #2882, #2898, #1554, #661, #2448, #1326, #1107, #1340 ),
 .UNSPECIFIED., .F., .F.,
 ( 4, 2, 2, 2, 2, 2, 2, 2, 2, 4 ),
 ( 0.000000000000000000, 0.0005475201370056261528, 0.0008212802055084396629, 0.0009581602397598464179, 0.001095040274011253173, 0.001163480291136957364, 0.001231920308262661554, 0.001368800342514070369, 0.001642560411016886265, 0.002190080548022518055 ),
 .UNSPECIFIED. ) ;
#876 = CARTESIAN_POINT ( 'NONE',  ( -0.06380985130397986982, -0.1527714586216834258, 0.002726991926487636834 ) ) ;
#877 = VECTOR ( 'NONE', #417, 39.37007874015748143 ) ;
#878 = CARTESIAN_POINT ( 'NONE',  ( -0.09018101187778505834, 0.1358375586163947935, 0.9880452278877492889 ) ) ;
#879 = CARTESIAN_POINT ( 'NONE',  ( 0.06082530868055245621, -0.1521709868110280028, 0.01112769221927851181 ) ) ;
#880 = CARTESIAN_POINT ( 'NONE',  ( -0.06852761108463827078, 0.1252155265466472767, 0.9972730080735126013 ) ) ;
#881 = CARTESIAN_POINT ( 'NONE',  ( -0.1272953946498932842, -0.06100689124640382155, 0.002726991926487910053 ) ) ;
#882 = AXIS2_PLACEMENT_3D ( 'NONE', #43, #2365, #768 ) ;
#883 = CARTESIAN_POINT ( 'NONE',  ( -0.1488382472457261407, 2.736183201662021310E-17, 0.9738382472457262073 ) ) ;
#884 = CARTESIAN_POINT ( 'NONE',  ( 0.1412773026176265267, 0.08620562807155358886, 0.009500085179906980065 ) ) ;
#885 = CARTESIAN_POINT ( 'NONE',  ( -0.01883494462709792844, -0.1394170473268988575, 0.9656835748211447523 ) ) ;
#886 = CARTESIAN_POINT ( 'NONE',  ( -0.07253069056932304193, -0.1463396564204185457, 0.002726991926487636834 ) ) ;
#887 = CARTESIAN_POINT ( 'NONE',  ( 0.1443375672974063773, -0.2500000000000001665, 0.000000000000000000 ) ) ;
#888 = DIRECTION ( 'NONE',  ( -0.000000000000000000, -0.000000000000000000, -1.000000000000000000 ) ) ;
#889 = CARTESIAN_POINT ( 'NONE',  ( -0.04169208920874373919, 0.1550848691140831181, 0.002726991926487090396 ) ) ;
#890 = CARTESIAN_POINT ( 'NONE',  ( -0.07856433452584749011, 0.1311157018366347349, 0.002726991926488593100 ) ) ;
#891 = CARTESIAN_POINT ( 'NONE',  ( 0.004647550830063442752, -0.1650489205660747305, 0.002726991926487773443 ) ) ;
#892 = FACE_OUTER_BOUND ( 'NONE', #2735, .T. ) ;
#893 = EDGE_CURVE ( 'NONE', #2587, #408, #1258, .T. ) ;
#894 = CARTESIAN_POINT ( 'NONE',  ( -0.1219447716360789052, 0.08779539219803181305, 0.02477044651415259702 ) ) ;
#895 = CARTESIAN_POINT ( 'NONE',  ( 0.07456774027075097067, -0.1304538628462039995, 0.9752295534858496096 ) ) ;
#896 = B_SPLINE_SURFACE_WITH_KNOTS ( 'NONE', 3, 1, ( 
 ( #246, #2059 ),
 ( #2721, #1611 ),
 ( #38, #2163 ),
 ( #1213, #1228 ),
 ( #1733, #2134 ),
 ( #1499, #1483 ),
 ( #1914, #990 ),
 ( #560, #346 ),
 ( #133, #2119 ),
 ( #1036, #1944 ),
 ( #364, #1274 ),
 ( #2178, #825 ),
 ( #85, #1827 ),
 ( #2869, #1730 ),
 ( #1079, #407 ),
 ( #2899, #867 ),
 ( #1341, #1568 ),
 ( #1748, #213 ),
 ( #2416, #2633 ),
 ( #2566, #558 ),
 ( #1004, #362 ),
 ( #1241, #575 ),
 ( #823, #1686 ),
 ( #1018, #2346 ),
 ( #545, #2580 ),
 ( #1514, #1466 ),
 ( #2161, #2176 ),
 ( #807, #1481 ),
 ( #2360, #2404 ),
 ( #377, #2146 ),
 ( #1287, #1932 ),
 ( #344, #589 ),
 ( #131, #1034 ) ),
 .UNSPECIFIED., .F., .F., .F.,
 ( 4, 1, 1, 1, 1, 1, 1, 1, 1, 1, 1, 1, 1, 1, 1, 1, 1, 1, 1, 1, 1, 1, 1, 1, 1, 1, 1, 1, 1, 1, 4 ),
 ( 2, 2 ),
 ( 0.08439613193520174861, 0.1032991138633100048, 0.1475214462701280038, 0.1966384262090120072, 0.2506500537876020229, 0.3095563290867019979, 0.3733572521685220025, 0.4185890921436339895, 0.4297803624489259788, 0.4409716327542180236, 0.4521629030595090137, 0.4633541733648000038, 0.4745454436700919931, 0.4965657833278410149, 0.4982828922924040227, 0.5000000000000000000, 0.5017171077075960328, 0.5034342166721590406, 0.5254545563299080069, 0.5366458266351999962, 0.5478370969404909863, 0.5590283672457819764, 0.5702196375510739657, 0.5814109078563659549, 0.6266427478314779975, 0.6904436709132979466, 0.7493499462123980326, 0.8033615737909880483, 0.8524785537298720239, 0.8967008861366899675, 0.9156038680647974326 ),
 ( 0.000000000000000000, 1.000000000000000000 ),
 .UNSPECIFIED. ) ;
#897 = CARTESIAN_POINT ( 'NONE',  ( -0.1537851571157813901, -0.05662025127108208378, 0.9888723077807199946 ) ) ;
#898 = EDGE_CURVE ( 'NONE', #2493, #2121, #2244, .T. ) ;
#899 = CARTESIAN_POINT ( 'NONE',  ( 0.000000000000000000, 0.000000000000000000, 0.03431642517885524074 ) ) ;
#900 = CARTESIAN_POINT ( 'NONE',  ( -0.03278848231074973918, 0.1629878179182333853, 0.002726991926487090396 ) ) ;
#901 = PERSON_AND_ORGANIZATION_ROLE ( 'creator' ) ;
#902 = CARTESIAN_POINT ( 'NONE',  ( -0.07109806690277288566, 0.1269533201642667752, 0.002726991926488593100 ) ) ;
#903 = CARTESIAN_POINT ( 'NONE',  ( -0.2886751345948129766, -1.024238109024573811E-16, 1.000000000000000000 ) ) ;
#904 = CARTESIAN_POINT ( 'NONE',  ( -0.02685374063335255884, 0.1605115510963461833, 0.01225970267820935405 ) ) ;
#905 = ORIENTED_EDGE ( 'NONE', *, *, #460, .F. ) ;
#906 = CYLINDRICAL_SURFACE ( 'NONE', #2652, 0.1406835748211446580 ) ;
#907 = CARTESIAN_POINT ( 'NONE',  ( -0.1305142001569999377, 0.05377733570939672442, 0.002726991926488593100 ) ) ;
#908 = DIRECTION ( 'NONE',  ( -0.000000000000000000, -0.000000000000000000, -1.000000000000000000 ) ) ;
#909 = EDGE_CURVE ( 'NONE', #124, #1212, #526, .T. ) ;
#910 = CARTESIAN_POINT ( 'NONE',  ( -0.03399239868873283471, 0.1628517608933596206, 0.9913590817808436428 ) ) ;
#911 = ORIENTED_EDGE ( 'NONE', *, *, #2432, .T. ) ;
#912 = CARTESIAN_POINT ( 'NONE',  ( 0.02499108033903460480, 0.1586347781358492526, 0.002726991926490095371 ) ) ;
#913 = CIRCLE ( 'NONE', #1435, 0.1406835748211446024 ) ;
#914 = CARTESIAN_POINT ( 'NONE',  ( 0.1622090563210169256, 0.02335012498680694160, 0.01112239301129520214 ) ) ;
#915 = CARTESIAN_POINT ( 'NONE',  ( -0.1655990646184825610, 0.01710795478298021005, 0.9914733251210512410 ) ) ;
#916 = CARTESIAN_POINT ( 'NONE',  ( -0.09046851475650875829, 0.1359832487972702508, 0.002726991926488593100 ) ) ;
#917 = CARTESIAN_POINT ( 'NONE',  ( -0.0001423331559350772904, -0.1663527785930360714, 0.002726991926487773443 ) ) ;
#918 = FACE_OUTER_BOUND ( 'NONE', #1176, .T. ) ;
#919 = CIRCLE ( 'NONE', #451, 0.1406835748211446580 ) ;
#920 = CARTESIAN_POINT ( 'NONE',  ( 0.000000000000000000, 0.000000000000000000, 0.9656835748211447523 ) ) ;
#921 = DIRECTION ( 'NONE',  ( -0.000000000000000000, -0.000000000000000000, -1.000000000000000000 ) ) ;
#922 = CARTESIAN_POINT ( 'NONE',  ( -0.1483844281054330083, -0.05810257888873285315, 0.9843459757314371172 ) ) ;
#923 = ORIENTED_EDGE ( 'NONE', *, *, #1923, .T. ) ;
#924 = CARTESIAN_POINT ( 'NONE',  ( -0.03666901875709586284, 0.1622584717317428205, 0.9913402782565416960 ) ) ;
#925 = CARTESIAN_POINT ( 'NONE',  ( 0.01844253051922979669, 0.1517351475290082685, 0.002726991926490095371 ) ) ;
#926 = CARTESIAN_POINT ( 'NONE',  ( 0.1568114444672082386, 0.005333689040008233670, 0.9818962547847300826 ) ) ;
#927 = APPROVAL_DATE_TIME ( #2695, #129 ) ;
#928 = DIRECTION ( 'NONE',  ( 0.000000000000000000, 0.000000000000000000, 1.000000000000000000 ) ) ;
#929 = CARTESIAN_POINT ( 'NONE',  ( -0.1113212323921652647, 0.08602006418938624999, 0.9656835748211447523 ) ) ;
#930 = CARTESIAN_POINT ( 'NONE',  ( -0.07109806690277288566, 0.1269533201642667752, 0.9972730080735126013 ) ) ;
#931 = CARTESIAN_POINT ( 'NONE',  ( 0.0001423331559396897033, -0.1663527785930360714, 0.002726991926487773443 ) ) ;
#932 = CARTESIAN_POINT ( 'NONE',  ( -0.1419860384128682762, 0.08572296774285881327, 0.9908545127894146098 ) ) ;
#933 = CARTESIAN_POINT ( 'NONE',  ( 0.1555346792231370179, -0.05542300485989810899, 0.9972730080735112690 ) ) ;
#934 = ORIENTED_EDGE ( 'NONE', *, *, #2092, .F. ) ;
#935 = CARTESIAN_POINT ( 'NONE',  ( -0.04740978993551204362, 0.1324544451603161532, 0.9656835748211446413 ) ) ;
#936 = ORIENTED_EDGE ( 'NONE', *, *, #1855, .F. ) ;
#937 = CARTESIAN_POINT ( 'NONE',  ( 0.03947281342754670880, 0.1597752602089054785, 0.9972730080735127123 ) ) ;
#938 = B_SPLINE_SURFACE_WITH_KNOTS ( 'NONE', 3, 1, ( 
 ( #2880, #2175 ),
 ( #2377, #1946 ),
 ( #1260, #1718 ),
 ( #1739, #2609 ),
 ( #765, #2350 ),
 ( #320, #1231 ),
 ( #1530, #2636 ),
 ( #176, #2021 ),
 ( #619, #2032 ),
 ( #1360, #1582 ),
 ( #1809, #203 ),
 ( #2438, #2419 ),
 ( #2903, #665 ),
 ( #2914, #900 ),
 ( #2874, #1766 ),
 ( #1560, #2694 ),
 ( #2007, #396 ),
 ( #424, #2466 ),
 ( #857, #843 ),
 ( #218, #1112 ),
 ( #1083, #438 ),
 ( #874, #2886 ),
 ( #1752, #1305 ),
 ( #1332, #2210 ),
 ( #1098, #2263 ),
 ( #1543, #889 ),
 ( #1068, #675 ),
 ( #1796, #2682 ),
 ( #1784, #1992 ),
 ( #1345, #2650 ),
 ( #2480, #2669 ),
 ( #1571, #410 ),
 ( #635, #1976 ) ),
 .UNSPECIFIED., .F., .F., .F.,
 ( 4, 1, 1, 1, 1, 1, 1, 1, 1, 1, 1, 1, 1, 1, 1, 1, 1, 1, 1, 1, 1, 1, 1, 1, 1, 1, 1, 1, 1, 1, 4 ),
 ( 2, 2 ),
 ( 0.08439613193520240086, 0.1032991138633100048, 0.1475214462701280038, 0.1966384262090120072, 0.2506500537876020229, 0.3095563290867019979, 0.3733572521685220025, 0.4185890921436339895, 0.4297803624489259788, 0.4409716327542180236, 0.4521629030595090137, 0.4633541733648000038, 0.4745454436700919931, 0.4965657833278410149, 0.4982828922924040227, 0.5000000000000000000, 0.5017171077075960328, 0.5034342166721590406, 0.5254545563299080069, 0.5366458266351999962, 0.5478370969404909863, 0.5590283672457819764, 0.5702196375510739657, 0.5814109078563659549, 0.6266427478314779975, 0.6904436709132979466, 0.7493499462123980326, 0.8033615737909880483, 0.8524785537298720239, 0.8967008861366899675, 0.9156038680647969885 ),
 ( 0.000000000000000000, 1.000000000000000000 ),
 .UNSPECIFIED. ) ;
#939 = CARTESIAN_POINT ( 'NONE',  ( 0.1546095559518179952, 0.02731129402326050795, 0.01800346821466891276 ) ) ;
#940 = CARTESIAN_POINT ( 'NONE',  ( 0.1320951833386367069, -0.06111311735415003721, 0.02946957405159800897 ) ) ;
#941 = CARTESIAN_POINT ( 'NONE',  ( -0.1622090563210059344, 0.02335012498680763202, 0.9888776069886939801 ) ) ;
#942 = CARTESIAN_POINT ( 'NONE',  ( -0.1167640678313553171, -0.1142022266822482618, 0.9972730080735111580 ) ) ;
#943 = CARTESIAN_POINT ( 'NONE',  ( 0.002991637056832663257, -0.1658879589991753001, 0.9972730080735123792 ) ) ;
#944 = VECTOR ( 'NONE', #888, 39.37007874015748143 ) ;
#945 = EDGE_CURVE ( 'NONE', #2305, #520, #1105, .T. ) ;
#946 = EDGE_LOOP ( 'NONE', ( #1874, #1494, #1693, #2349 ) ) ;
#947 = DIRECTION ( 'NONE',  ( 0.000000000000000000, 0.000000000000000000, -1.000000000000000000 ) ) ;
#948 = CARTESIAN_POINT ( 'NONE',  ( 0.1452949151679653050, 0.07924691900925667776, 0.9904999148201006909 ) ) ;
#949 = EDGE_CURVE ( 'NONE', #989, #1242, #1632, .T. ) ;
#950 = CARTESIAN_POINT ( 'NONE',  ( 0.07238500575702587481, -0.1470242780791067849, 0.9888723077807234363 ) ) ;
#951 = CARTESIAN_POINT ( 'NONE',  ( -0.1646664961784294057, 0.02031526198480304926, 0.002726991926488729710 ) ) ;
#952 = CARTESIAN_POINT ( 'NONE',  ( 0.1361982711706997695, -0.06055244392171262036, 0.002726991926486270739 ) ) ;
#953 = CARTESIAN_POINT ( 'NONE',  ( 0.04740978993550177406, 0.1324544451603199002, 1.000000000000000000 ) ) ;
#954 = VERTEX_POINT ( 'NONE', #210 ) ;
#955 = CARTESIAN_POINT ( 'NONE',  ( 0.03156378343241476175, 0.1628849054044710365, 0.002726991926490095371 ) ) ;
#956 = CARTESIAN_POINT ( 'NONE',  ( -0.1164525568884900164, -0.1141194953910052573, 0.01195477211224773954 ) ) ;
#957 = ORIENTED_EDGE ( 'NONE', *, *, #1330, .T. ) ;
#958 = CARTESIAN_POINT ( 'NONE',  ( -0.1656471733208904340, 0.01595875251383624405, 0.008591927057214458069 ) ) ;
#959 = CARTESIAN_POINT ( 'NONE',  ( -0.1257817835105930482, -0.1041870387937159914, 0.002726991926488729710 ) ) ;
#960 = CIRCLE ( 'NONE', #112, 0.1406835748211446302 ) ;
#961 = CARTESIAN_POINT ( 'NONE',  ( 0.02822446206249318648, 0.1617648939015307041, 0.01079694827735843202 ) ) ;
#962 = CARTESIAN_POINT ( 'NONE',  ( 0.09979441419601470242, -0.1107142377025372298, 0.002726991926489139538 ) ) ;
#963 = ORIENTED_EDGE ( 'NONE', *, *, #2432, .F. ) ;
#964 = DIRECTION ( 'NONE',  ( -1.000000000000000000, 0.000000000000000000, 0.000000000000000000 ) ) ;
#965 = CYLINDRICAL_SURFACE ( 'NONE', #1815, 0.1406835748211446580 ) ;
#966 = CARTESIAN_POINT ( 'NONE',  ( -0.1653546150935331083, 0.01822965738642876726, 0.002726991926488729710 ) ) ;
#967 = CARTESIAN_POINT ( 'NONE',  ( 0.000000000000000000, 0.000000000000000000, 0.9656835748211447523 ) ) ;
#968 = EDGE_LOOP ( 'NONE', ( #1924, #1674, #1270, #1367 ) ) ;
#969 = CIRCLE ( 'NONE', #1783, 0.1406835748211446580 ) ;
#970 = CARTESIAN_POINT ( 'NONE',  ( 0.03765128823446100420, 0.1615266008962868149, 0.9908545127894118343 ) ) ;
#971 = VECTOR ( 'NONE', #1558, 39.37007874015748854 ) ;
#972 = ORIENTED_EDGE ( 'NONE', *, *, #1485, .T. ) ;
#973 = CARTESIAN_POINT ( 'NONE',  ( 0.02167235930037052227, 0.1554069785049405350, 0.002726991926490095371 ) ) ;
#974 = CARTESIAN_POINT ( 'NONE',  ( -0.1421673681468255679, 0.08553481318969978486, 0.9972730080735117131 ) ) ;
#975 = ORIENTED_EDGE ( 'NONE', *, *, #1603, .T. ) ;
#976 = CARTESIAN_POINT ( 'NONE',  ( -0.1366845183365936467, 0.03330481454009328462, 0.03431642517885518523 ) ) ;
#977 = CARTESIAN_POINT ( 'NONE',  ( -0.1204309500491774210, -0.1136098673667266523, 0.002726991926488729710 ) ) ;
#978 = CARTESIAN_POINT ( 'NONE',  ( 0.1254034859015595860, -0.1085468932146928939, 0.009145487210582701337 ) ) ;
#979 = DIRECTION ( 'NONE',  ( 1.000000000000000000, 0.000000000000000000, 0.000000000000000000 ) ) ;
#980 = EDGE_LOOP ( 'NONE', ( #155, #51, #963, #2519 ) ) ;
#981 = FACE_OUTER_BOUND ( 'NONE', #1760, .T. ) ;
#982 = VERTEX_POINT ( 'NONE', #1774 ) ;
#983 = CARTESIAN_POINT ( 'NONE',  ( 0.000000000000000000, 0.000000000000000000, 0.9656835748211447523 ) ) ;
#984 = CARTESIAN_POINT ( 'NONE',  ( 0.1576911429633804929, -0.05284371435340307066, 0.9913075819845615921 ) ) ;
#985 = CARTESIAN_POINT ( 'NONE',  ( -0.1500077561581920349, 0.02934885040316102464, 0.002726991926488729710 ) ) ;
#986 = CARTESIAN_POINT ( 'NONE',  ( 0.1582548774487605447, -0.05127046877129939201, 0.9972730080735112690 ) ) ;
#987 = CARTESIAN_POINT ( 'NONE',  ( 0.01883494462710164769, -0.1394170473268983579, 0.03431642517885522686 ) ) ;
#988 = CARTESIAN_POINT ( 'NONE',  ( 0.2886751345948128100, -6.257501111549675945E-17, 1.000000000000000000 ) ) ;
#989 = VERTEX_POINT ( 'NONE', #1566 ) ;
#990 = CARTESIAN_POINT ( 'NONE',  ( 0.1009882529991305289, 0.1200932674293733182, 0.002726991926488593100 ) ) ;
#991 = CARTESIAN_POINT ( 'NONE',  ( -0.1299915308389141544, 0.08788186408944159700, 0.002726991926488593100 ) ) ;
#992 = EDGE_CURVE ( 'NONE', #1656, #2832, #2027, .T. ) ;
#993 = ORIENTED_EDGE ( 'NONE', *, *, #191, .T. ) ;
#994 = CARTESIAN_POINT ( 'NONE',  ( -0.1252805742570829439, -0.1087774909942649804, 0.9972730080735111580 ) ) ;
#995 = FACE_OUTER_BOUND ( 'NONE', #2262, .T. ) ;
#996 = LINE ( 'NONE', #336, #2341 ) ;
#997 = ORIENTED_EDGE ( 'NONE', *, *, #2856, .T. ) ;
#998 = CARTESIAN_POINT ( 'NONE',  ( 0.000000000000000000, 0.000000000000000000, 0.03431642517885521299 ) ) ;
#999 = CARTESIAN_POINT ( 'NONE',  ( -0.1427102933476941393, -0.02838754640079029640, 0.9972730080735119351 ) ) ;
#1000 = CARTESIAN_POINT ( 'NONE',  ( -0.1000949507569895425, 0.1322477339532892315, 0.009145487210584229629 ) ) ;
#1001 = CARTESIAN_POINT ( 'NONE',  ( 0.1498772879588740614, -0.05767447862629503791, 0.002726991926486270739 ) ) ;
#1002 = CARTESIAN_POINT ( 'NONE',  ( 0.1402632388725895962, -0.02647990540565640580, 0.9972730080735112690 ) ) ;
#1003 = DIRECTION ( 'NONE',  ( 0.000000000000000000, -0.000000000000000000, 1.000000000000000000 ) ) ;
#1004 = CARTESIAN_POINT ( 'NONE',  ( 0.09508621061263107521, 0.1359646181347270721, 0.9972730080735109359 ) ) ;
#1005 = EDGE_LOOP ( 'NONE', ( #1844, #755, #2583, #1671, #1900, #1434 ) ) ;
#1006 = CARTESIAN_POINT ( 'NONE',  ( -0.1436442878691626401, 0.08390940175998240491, 0.9972730080735117131 ) ) ;
#1007 = ORIENTED_EDGE ( 'NONE', *, *, #844, .T. ) ;
#1008 = CARTESIAN_POINT ( 'NONE',  ( -0.1615514550648082248, 0.009203511354258358049, 0.01318819367270650418 ) ) ;
#1009 = CARTESIAN_POINT ( 'NONE',  ( 0.04314932410747440716, -0.1389612048274986300, 0.9972730080735126013 ) ) ;
#1010 = ORIENTED_EDGE ( 'NONE', *, *, #1205, .F. ) ;
#1011 = CIRCLE ( 'NONE', #1776, 0.1406835748211446580 ) ;
#1012 = CARTESIAN_POINT ( 'NONE',  ( 0.1406220939717977569, -0.004158715119300120458, 0.9972730080735131564 ) ) ;
#1013 = FACE_OUTER_BOUND ( 'NONE', #1401, .T. ) ;
#1014 = CARTESIAN_POINT ( 'NONE',  ( -0.09827708908160585899, 0.1342303727042730432, 0.008640918219156011951 ) ) ;
#1015 = ORIENTED_EDGE ( 'NONE', *, *, #945, .T. ) ;
#1016 = CARTESIAN_POINT ( 'NONE',  ( -0.06385447237580361979, -0.1529080781391733979, 0.9907005728923733434 ) ) ;
#1017 = B_SPLINE_CURVE_WITH_KNOTS ( 'NONE', 3,
 ( #2690, #1814, #2908, #2314 ),
 .UNSPECIFIED., .F., .F.,
 ( 4, 4 ),
 ( 0.001881997015389506563, 0.002190080548023503812 ),
 .UNSPECIFIED. ) ;
#1018 = CARTESIAN_POINT ( 'NONE',  ( 0.09232369028007818279, 0.1362445337904522324, 0.9972730080735109359 ) ) ;
#1019 = EDGE_LOOP ( 'NONE', ( #2618, #852, #1704, #2118 ) ) ;
#1020 = AXIS2_PLACEMENT_3D ( 'NONE', #1179, #1626, #2307 ) ;
#1021 = CARTESIAN_POINT ( 'NONE',  ( -0.1165878833371392365, 0.08705943990749971662, 0.002726991926488593100 ) ) ;
#1022 = VECTOR ( 'NONE', #908, 39.37007874015748143 ) ;
#1023 = EDGE_LOOP ( 'NONE', ( #1194, #1186, #568, #1285 ) ) ;
#1024 = ADVANCED_FACE ( 'NONE', ( #892 ), #2894, .F. ) ;
#1025 = CARTESIAN_POINT ( 'NONE',  ( 0.03949944370824776119, -0.1350246724535762444, 0.002726991926488456491 ) ) ;
#1026 = CARTESIAN_POINT ( 'NONE',  ( 0.1258477185106699203, -0.1060593631904733630, 0.002726991926489139538 ) ) ;
#1027 = EDGE_CURVE ( 'NONE', #2159, #1046, #2660, .T. ) ;
#1028 = ORIENTED_EDGE ( 'NONE', *, *, #1673, .F. ) ;
#1029 = CARTESIAN_POINT ( 'NONE',  ( 0.1528241028111714528, 0.002481511079250420509, 0.02216154399070008676 ) ) ;
#1030 = CARTESIAN_POINT ( 'NONE',  ( 0.000000000000000000, 0.000000000000000000, 0.03431642517885527544 ) ) ;
#1031 = CARTESIAN_POINT ( 'NONE',  ( -0.1568210212292420469, 0.005309183204320744656, 0.002726991926488729710 ) ) ;
#1032 = ORIENTED_EDGE ( 'NONE', *, *, #1166, .T. ) ;
#1033 = CARTESIAN_POINT ( 'NONE',  ( 0.06670949404547348027, 0.1238616632725943051, 0.9656835748211447523 ) ) ;
#1034 = CARTESIAN_POINT ( 'NONE',  ( 0.06670949404547348027, 0.1238616632725943051, 0.002726991926488593100 ) ) ;
#1035 = CARTESIAN_POINT ( 'NONE',  ( -0.06624543722775941279, -0.1525467035444030561, 0.008692418015439481657 ) ) ;
#1036 = CARTESIAN_POINT ( 'NONE',  ( 0.1010466623910422357, 0.1299069235812325973, 0.9972730080735109359 ) ) ;
#1037 = CARTESIAN_POINT ( 'NONE',  ( -0.1440659267840945501, 0.08317650160984202401, 0.002726991926488593100 ) ) ;
#1038 = CARTESIAN_POINT ( 'NONE',  ( 0.1162100952233895701, -0.07929112177682522133, 0.002726991926489139538 ) ) ;
#1039 = CARTESIAN_POINT ( 'NONE',  ( 0.07391259992632139009, -0.1197029481532854295, 0.002726991926488456491 ) ) ;
#1040 = DIRECTION ( 'NONE',  ( -0.5000000000000001110, -0.8660254037844385966, 0.000000000000000000 ) ) ;
#1041 = ORIENTED_EDGE ( 'NONE', *, *, #2269, .F. ) ;
#1042 = CARTESIAN_POINT ( 'NONE',  ( 0.1458115731686215333, 0.03091201489504321470, 0.002726991926489275714 ) ) ;
#1043 = CARTESIAN_POINT ( 'NONE',  ( 0.1361336671439079826, 0.06069754694162863423, 0.9972730080735109359 ) ) ;
#1044 = CARTESIAN_POINT ( 'NONE',  ( -0.1562284434500371966, -0.05480409793082306052, 0.9972730080735119351 ) ) ;
#1045 = CARTESIAN_POINT ( 'NONE',  ( -0.1655313789142426328, 0.01654786197387953656, 0.9972730080735126013 ) ) ;
#1046 = VERTEX_POINT ( 'NONE', #1590 ) ;
#1047 = CARTESIAN_POINT ( 'NONE',  ( 0.000000000000000000, 0.000000000000000000, 1.000000000000000000 ) ) ;
#1048 = CARTESIAN_POINT ( 'NONE',  ( 0.03832933689045473630, 0.1610017033439767875, 0.9904999148200942516 ) ) ;
#1049 = DIRECTION ( 'NONE',  ( -1.000000000000000000, 0.000000000000000000, 0.000000000000000000 ) ) ;
#1050 = CARTESIAN_POINT ( 'NONE',  ( -0.07090586522325835472, -0.1497685957721131278, 0.009299427107621337923 ) ) ;
#1051 = CARTESIAN_POINT ( 'NONE',  ( -0.1173664969126283902, -0.08124079622812399593, 0.002726991926488729710 ) ) ;
#1052 = EDGE_CURVE ( 'NONE', #1242, #982, #380, .T. ) ;
#1053 = LENGTH_MEASURE_WITH_UNIT ( LENGTH_MEASURE( 0.02539999999999999897 ), #1099 );
#1054 = CARTESIAN_POINT ( 'NONE',  ( -0.03984028906054919855, -0.1354204919729450896, 0.9972730080735108249 ) ) ;
#1055 = CARTESIAN_POINT ( 'NONE',  ( 0.1655990646184830883, 0.01710795478296791780, 0.008526674878949520517 ) ) ;
#1056 = CARTESIAN_POINT ( 'NONE',  ( 0.1430633305519586895, 0.08469354646825490163, 0.002726991926486953786 ) ) ;
#1057 = CARTESIAN_POINT ( 'NONE',  ( -0.1361982711706956617, -0.06055244392172165480, 0.002726991926487910053 ) ) ;
#1058 = EDGE_CURVE ( 'NONE', #2110, #1623, #1801, .T. ) ;
#1059 = CARTESIAN_POINT ( 'NONE',  ( 0.09100401938525666534, -0.1072853050523902285, 0.9656835748211447523 ) ) ;
#1060 = ORIENTED_EDGE ( 'NONE', *, *, #1905, .T. ) ;
#1061 = DIRECTION ( 'NONE',  ( 0.000000000000000000, 0.000000000000000000, 1.000000000000000000 ) ) ;
#1062 = LINE ( 'NONE', #1301, #720 ) ;
#1063 = AXIS2_PLACEMENT_3D ( 'NONE', #306, #2351, #1217 ) ;
#1064 = ORIENTED_EDGE ( 'NONE', *, *, #2193, .T. ) ;
#1065 = B_SPLINE_CURVE_WITH_KNOTS ( 'NONE', 3,
 ( #2577, #744, #2547, #2289, #2562, #1448, #1383, #283, #1653, #2080, #1843, #1682, #2317, #66, #253, #2303, #759, #525, #2344, #1429 ),
 .UNSPECIFIED., .F., .F.,
 ( 4, 2, 2, 2, 2, 2, 2, 2, 2, 4 ),
 ( 0.000000000000000000, 0.0005475201370058179482, 0.0008212802055087269765, 0.0009581602397601814364, 0.001095040274011635896, 0.001163480291137363072, 0.001231920308263090465, 0.001368800342514544816, 0.001642560411017453953, 0.002190080548023271793 ),
 .UNSPECIFIED. ) ;
#1066 = MANIFOLD_SOLID_BREP ( 'Cut-Extrude2', #548 ) ;
#1067 = CARTESIAN_POINT ( 'NONE',  ( -0.09147639141118196759, -0.1075082698819529864, 0.002726991926488729710 ) ) ;
#1068 = CARTESIAN_POINT ( 'NONE',  ( -0.04341102735240121718, 0.1507862819685150402, 0.9972730080735122682 ) ) ;
#1069 = CIRCLE ( 'NONE', #2708, 0.1406835748211446024 ) ;
#1070 = CARTESIAN_POINT ( 'NONE',  ( 0.05350969391774747924, -0.1475050262957448566, 0.002726991926488456491 ) ) ;
#1071 = CARTESIAN_POINT ( 'NONE',  ( 0.1248862076198343773, -0.1009602995095490868, 0.9972730080735126013 ) ) ;
#1072 = CARTESIAN_POINT ( 'NONE',  ( -0.06766186209515259731, -0.1519710304565596859, 0.9972730080735108249 ) ) ;
#1073 = CARTESIAN_POINT ( 'NONE',  ( 0.1654563585321865982, 0.01724704686662334452, 0.9972730080735131564 ) ) ;
#1074 = CARTESIAN_POINT ( 'NONE',  ( 0.1421673681468189343, 0.08553481318971088709, 0.9972730080735109359 ) ) ;
#1075 = CARTESIAN_POINT ( 'NONE',  ( -0.1581669107206618019, -0.05154120252218750281, 0.9972730080735119351 ) ) ;
#1076 = CARTESIAN_POINT ( 'NONE',  ( 0.1179170884396189140, -0.1142806257053704810, 0.9892030517226340081 ) ) ;
#1077 = CARTESIAN_POINT ( 'NONE',  ( 0.1449794021792051857, 0.07639830068062952728, 0.01112769221927537543 ) ) ;
#1078 = CARTESIAN_POINT ( 'NONE',  ( -0.001528115842948857880, -0.1663027948584504812, 0.9913075819845619252 ) ) ;
#1079 = CARTESIAN_POINT ( 'NONE',  ( 0.09846465394569672847, 0.1340864686107860748, 0.9972730080735109359 ) ) ;
#1080 = CARTESIAN_POINT ( 'NONE',  ( -0.01056307814160921919, 0.1402864555280760872, 0.03431642517885518523 ) ) ;
#1081 = VERTEX_POINT ( 'NONE', #2688 ) ;
#1082 = CARTESIAN_POINT ( 'NONE',  ( 0.000000000000000000, 0.000000000000000000, 0.03431642517885524074 ) ) ;
#1083 = CARTESIAN_POINT ( 'NONE',  ( -0.03741630865123705268, 0.1616409127668710366, 0.9972730080735122682 ) ) ;
#1084 = CARTESIAN_POINT ( 'NONE',  ( 0.06595904811003580615, -0.1526090342489838103, 0.9972730080735126013 ) ) ;
#1085 = CARTESIAN_POINT ( 'NONE',  ( 0.1204309500491823615, -0.1136098673667216841, 0.002726991926489139538 ) ) ;
#1086 = CARTESIAN_POINT ( 'NONE',  ( -0.04099634652550022962, -0.1367269583545345224, 0.002726991926487636834 ) ) ;
#1087 = B_SPLINE_CURVE_WITH_KNOTS ( 'NONE', 3,
 ( #935, #1876, #1640, #2706, #1151, #270, #2505, #730, #924, #910, #713, #2734, #1834, #1175, #2719, #2535, #1817, #510, #688, #1414 ),
 .UNSPECIFIED., .F., .F.,
 ( 4, 2, 2, 2, 2, 2, 2, 2, 2, 4 ),
 ( 4.336808689942017736E-19, 0.0005475201370057395604, 0.0008212802055086091237, 0.0009581602397600429838, 0.001095040274011476952, 0.001163480291137193937, 0.001231920308262910704, 0.001368800342514343805, 0.001642560411017209574, 0.002190080548022947833 ),
 .UNSPECIFIED. ) ;
#1088 = CARTESIAN_POINT ( 'NONE',  ( 0.1371977307718314776, 0.03320754356592300199, 0.9972730080735131564 ) ) ;
#1089 = CARTESIAN_POINT ( 'NONE',  ( -0.1004950439244745863, 0.1317536342922930037, 0.9907005728923782284 ) ) ;
#1090 = CARTESIAN_POINT ( 'NONE',  ( 0.1386096454587443239, 0.06442862805774925150, 0.002726991926486953786 ) ) ;
#1091 = CARTESIAN_POINT ( 'NONE',  ( -0.01815983791077003390, -0.1415810081062293946, 0.002726991926487773443 ) ) ;
#1092 = CARTESIAN_POINT ( 'NONE',  ( -0.01312207953616875700, 0.1449543431658958104, 0.02946957405159918511 ) ) ;
#1093 = CARTESIAN_POINT ( 'NONE',  ( 0.1113212323921585478, 0.08602006418939496524, 0.9656835748211447523 ) ) ;
#1094 = CARTESIAN_POINT ( 'NONE',  ( 0.09425047601612623893, 0.1362905784467208781, 0.9907005728923745647 ) ) ;
#1095 = CARTESIAN_POINT ( 'NONE',  ( 0.03949944370824776119, -0.1350246724535762444, 0.03431642517885529625 ) ) ;
#1096 = CARTESIAN_POINT ( 'NONE',  ( -0.09147639141118196759, -0.1075082698819529864, 0.9972730080735111580 ) ) ;
#1097 = EDGE_CURVE ( 'NONE', #2363, #740, #919, .T. ) ;
#1098 = CARTESIAN_POINT ( 'NONE',  ( -0.04051999555990068447, 0.1582217623322865752, 0.9972730080735122682 ) ) ;
#1099 =( LENGTH_UNIT ( ) NAMED_UNIT ( * ) SI_UNIT ( $, .METRE. ) );
#1100 = CARTESIAN_POINT ( 'NONE',  ( -0.07020570801419927232, -0.1503293830075042581, 0.9972730080735108249 ) ) ;
#1101 = CARTESIAN_POINT ( 'NONE',  ( -0.1013146688736114021, 0.1273594099090783749, 0.9877402973217901394 ) ) ;
#1102 = DIRECTION ( 'NONE',  ( -1.000000000000000000, 0.000000000000000000, 0.000000000000000000 ) ) ;
#1103 = CARTESIAN_POINT ( 'NONE',  ( 0.1451590052036494938, 0.08035314580947508500, 0.9972730080735109359 ) ) ;
#1104 = CARTESIAN_POINT ( 'NONE',  ( -0.1290398418135403347, -0.06102196976547165364, 0.002726991926487910053 ) ) ;
#1105 = LINE ( 'NONE', #1789, #877 ) ;
#1106 = CARTESIAN_POINT ( 'NONE',  ( 0.1372519883795841611, 0.08744697311632207426, 0.9877402973217844773 ) ) ;
#1107 = CARTESIAN_POINT ( 'NONE',  ( 0.07101418102686588019, 0.1271371379518083100, 0.02939140651048093716 ) ) ;
#1108 = CARTESIAN_POINT ( 'NONE',  ( -0.1469468584872803962, -0.03196627041369497213, 0.9753502415960003669 ) ) ;
#1109 = AXIS2_PLACEMENT_3D ( 'NONE', #2117, #761, #97 ) ;
#1110 = CARTESIAN_POINT ( 'NONE',  ( -0.01883494462709792844, -0.1394170473268988575, 1.000000000000000000 ) ) ;
#1111 = ORIENTED_EDGE ( 'NONE', *, *, #945, .F. ) ;
#1112 = CARTESIAN_POINT ( 'NONE',  ( -0.03633934884434467799, 0.1622330579369031245, 0.002726991926487090396 ) ) ;
#1113 =( NAMED_UNIT ( * ) PLANE_ANGLE_UNIT ( ) SI_UNIT ( $, .RADIAN. ) );
#1114 = ADVANCED_FACE ( 'NONE', ( #918 ), #1551, .F. ) ;
#1115 = AXIS2_PLACEMENT_3D ( 'NONE', #682, #195, #2035 ) ;
#1116 = CARTESIAN_POINT ( 'NONE',  ( -0.1406220939717975627, -0.004158715119306009844, 1.000000000000000000 ) ) ;
#1117 = CARTESIAN_POINT ( 'NONE',  ( -0.09876927146737510266, 0.1068490132469454429, 0.9972730080735126013 ) ) ;
#1118 = CARTESIAN_POINT ( 'NONE',  ( 2.306206165504616530E-15, -0.1663530032196957886, 0.002726991926487773443 ) ) ;
#1119 = AXIS2_PLACEMENT_3D ( 'NONE', #1505, #2226, #2183 ) ;
#1120 = DIRECTION ( 'NONE',  ( 0.000000000000000000, 0.000000000000000000, 1.000000000000000000 ) ) ;
#1121 = ADVANCED_FACE ( 'NONE', ( #2500 ), #938, .T. ) ;
#1122 = CARTESIAN_POINT ( 'NONE',  ( 0.07391259992632139009, -0.1197029481532854711, 0.9656835748211447523 ) ) ;
#1123 = CARTESIAN_POINT ( 'NONE',  ( -0.07137719284429121236, -0.1488893624488105694, 0.002726991926487636834 ) ) ;
#1124 = CARTESIAN_POINT ( 'NONE',  ( -0.1570566605199132937, -0.04379112490559348980, 0.9880452278877521755 ) ) ;
#1125 = PLANE ( 'NONE',  #2083 ) ;
#1126 = DIRECTION ( 'NONE',  ( -0.000000000000000000, -0.000000000000000000, -1.000000000000000000 ) ) ;
#1127 = CARTESIAN_POINT ( 'NONE',  ( 0.04677081033965434925, 0.1377845126210272553, 0.002726991926490095371 ) ) ;
#1128 = CALENDAR_DATE ( 2025, 18, 8 ) ;
#1129 = CARTESIAN_POINT ( 'NONE',  ( -0.08300839814291437191, 0.1331563966297784340, 0.002726991926488593100 ) ) ;
#1130 = LINE ( 'NONE', #903, #771 ) ;
#1131 = CARTESIAN_POINT ( 'NONE',  ( -0.02185960360629421798, 0.1555847431732871600, 0.01789479732320799904 ) ) ;
#1132 = ADVANCED_FACE ( 'NONE', ( #2223 ), #2316, .T. ) ;
#1133 = VERTEX_POINT ( 'NONE', #467 ) ;
#1134 = CARTESIAN_POINT ( 'NONE',  ( -0.1384138093207604447, -0.02516914010793324524, 0.9656835748211447523 ) ) ;
#1135 = B_SPLINE_SURFACE_WITH_KNOTS ( 'NONE', 3, 1, ( 
 ( #2152, #1025 ),
 ( #1233, #1677 ),
 ( #2570, #2138 ),
 ( #1009, #1936 ),
 ( #2584, #1472 ),
 ( #335, #796 ),
 ( #1407, #1070 ),
 ( #2637, #2008 ),
 ( #1753, #1767 ),
 ( #1545, #828 ),
 ( #620, #845 ),
 ( #2439, #367 ),
 ( #2378, #381 ),
 ( #1084, #1719 ),
 ( #811, #1707 ),
 ( #1518, #2623 ),
 ( #1962, #352 ),
 ( #2181, #607 ),
 ( #2887, #2651 ),
 ( #636, #1531 ),
 ( #2194, #2875 ),
 ( #2596, #1977 ),
 ( #1277, #2829 ),
 ( #1290, #1261 ),
 ( #2610, #1486 ),
 ( #579, #1307 ),
 ( #2407, #412 ),
 ( #2165, #2420 ),
 ( #163, #397 ),
 ( #1319, #2211 ),
 ( #177, #148 ),
 ( #858, #2859 ),
 ( #136, #1039 ) ),
 .UNSPECIFIED., .F., .F., .F.,
 ( 4, 1, 1, 1, 1, 1, 1, 1, 1, 1, 1, 1, 1, 1, 1, 1, 1, 1, 1, 1, 1, 1, 1, 1, 1, 1, 1, 1, 1, 1, 4 ),
 ( 2, 2 ),
 ( 0.08439613193520144330, 0.1032991138633100048, 0.1475214462701280038, 0.1966384262090120072, 0.2506500537876020229, 0.3095563290867019979, 0.3733572521685220025, 0.4185890921436339895, 0.4297803624489259788, 0.4409716327542180236, 0.4521629030595090137, 0.4633541733648000038, 0.4745454436700919931, 0.4965657833278410149, 0.4982828922924040227, 0.5000000000000000000, 0.5017171077075960328, 0.5034342166721590406, 0.5254545563299080069, 0.5366458266351999962, 0.5478370969404909863, 0.5590283672457819764, 0.5702196375510739657, 0.5814109078563659549, 0.6266427478314779975, 0.6904436709132979466, 0.7493499462123980326, 0.8033615737909880483, 0.8524785537298720239, 0.8967008861366899675, 0.9156038680647965444 ),
 ( 0.000000000000000000, 1.000000000000000000 ),
 .UNSPECIFIED. ) ;
#1136 = CARTESIAN_POINT ( 'NONE',  ( -0.1584064687100098512, -0.05082882907864844785, 0.9913590817808433098 ) ) ;
#1137 = LINE ( 'NONE', #466, #633 ) ;
#1138 = ORIENTED_EDGE ( 'NONE', *, *, #2269, .T. ) ;
#1139 = CARTESIAN_POINT ( 'NONE',  ( 0.01167334490090729711, 0.1422627659935867539, 0.002726991926490095371 ) ) ;
#1140 = CARTESIAN_POINT ( 'NONE',  ( 0.1508783681424322176, 0.001208230531389611591, 0.9758783681424325618 ) ) ;
#1141 = ADVANCED_FACE ( 'NONE', ( #1375 ), #896, .T. ) ;
#1142 = MECHANICAL_CONTEXT ( 'NONE', #1480, 'mechanical' ) ;
#1143 = CARTESIAN_POINT ( 'NONE',  ( -0.1488382472457261407, 2.736183201662021310E-17, 0.9738382472457262073 ) ) ;
#1144 = CARTESIAN_POINT ( 'NONE',  ( 0.1118296389506821392, 0.08613994503586999696, 0.002726991926486953786 ) ) ;
#1145 = CARTESIAN_POINT ( 'NONE',  ( -0.003844550425969771139, -0.1655174767958203508, 0.002726991926487773443 ) ) ;
#1146 = CARTESIAN_POINT ( 'NONE',  ( -0.02387390470969974823, 0.1575559737096965396, 0.01565402426856095722 ) ) ;
#1147 = CARTESIAN_POINT ( 'NONE',  ( 0.1451257180184359896, 0.07683115987230000610, 0.9892030517226387820 ) ) ;
#1148 = CARTESIAN_POINT ( 'NONE',  ( 0.06710836818054838337, -0.1522256421067934018, 0.9913590817808433098 ) ) ;
#1149 = LINE ( 'NONE', #2053, #169 ) ;
#1150 = CARTESIAN_POINT ( 'NONE',  ( -0.1567061099765729437, -0.05432915790653964488, 0.009145487210586195070 ) ) ;
#1151 = CARTESIAN_POINT ( 'NONE',  ( -0.04227389063949527764, 0.1536449359656801850, 0.9843459757314377834 ) ) ;
#1152 = ADVANCED_FACE ( 'NONE', ( #2826 ), #2386, .F. ) ;
#1153 = CARTESIAN_POINT ( 'NONE',  ( 0.03065248068543751508, 0.1626998497868439308, 0.9972730080735127123 ) ) ;
#1154 = CARTESIAN_POINT ( 'NONE',  ( 0.1656471733208892128, 0.01595875251382808044, 0.9914080729427834360 ) ) ;
#1155 = CALENDAR_DATE ( 2025, 18, 8 ) ;
#1156 = CARTESIAN_POINT ( 'NONE',  ( 0.000000000000000000, 0.000000000000000000, 1.000000000000000000 ) ) ;
#1157 = CARTESIAN_POINT ( 'NONE',  ( -0.1578699519016813491, 0.02564677459828198711, 0.9849379602085730490 ) ) ;
#1158 = CARTESIAN_POINT ( 'NONE',  ( -0.1003990384875928510, 0.1316466815517946531, 0.002726991926488593100 ) ) ;
#1159 = CARTESIAN_POINT ( 'NONE',  ( 0.01815983791077378090, -0.1415810081062289227, 0.002726991926487773443 ) ) ;
#1160 = CARTESIAN_POINT ( 'NONE',  ( -0.1437677977739667545, 0.08370782232208417994, 0.9913590817808438649 ) ) ;
#1161 = CARTESIAN_POINT ( 'NONE',  ( 0.000000000000000000, 0.000000000000000000, 0.9656835748211447523 ) ) ;
#1162 = CARTESIAN_POINT ( 'NONE',  ( -0.1190176641945756841, -0.08391460756722124437, 0.9706085934895187783 ) ) ;
#1163 = CARTESIAN_POINT ( 'NONE',  ( 0.01056307814159813604, 0.1402864555280769199, 0.9972730080735127123 ) ) ;
#1164 = CARTESIAN_POINT ( 'NONE',  ( -0.1189731038024690879, -0.08384122581174761890, 0.02946957405160016003 ) ) ;
#1165 = COORDINATED_UNIVERSAL_TIME_OFFSET ( 5, 0, .BEHIND. ) ;
#1166 = EDGE_CURVE ( 'NONE', #109, #855, #2839, .T. ) ;
#1167 = CARTESIAN_POINT ( 'NONE',  ( -0.1257650697743074863, -0.1069854809467523232, 0.9972730080735111580 ) ) ;
#1168 = CARTESIAN_POINT ( 'NONE',  ( 0.01111216141393937124, -0.1565169000280482448, 0.9972730080735123792 ) ) ;
#1169 = ORIENTED_EDGE ( 'NONE', *, *, #2039, .T. ) ;
#1170 = DIRECTION ( 'NONE',  ( 0.000000000000000000, 0.000000000000000000, 1.000000000000000000 ) ) ;
#1171 = CARTESIAN_POINT ( 'NONE',  ( -0.1429856269015748471, 0.08501493448149122223, 0.008659721743459837529 ) ) ;
#1172 = CARTESIAN_POINT ( 'NONE',  ( -0.1333771749727787059, 0.08768532004860121742, 0.9846099701364605661 ) ) ;
#1173 = CARTESIAN_POINT ( 'NONE',  ( -0.1544979469168803188, 0.02741175886637494535, 0.9972730080735126013 ) ) ;
#1174 = CARTESIAN_POINT ( 'NONE',  ( 0.1582111077173613267, -0.05140590506019391409, 0.9972730080735112690 ) ) ;
#1175 = CARTESIAN_POINT ( 'NONE',  ( -0.02822446206249817902, 0.1617648939015229048, 0.9892030517226346742 ) ) ;
#1176 = EDGE_LOOP ( 'NONE', ( #1621, #1808, #1702, #789 ) ) ;
#1177 = CARTESIAN_POINT ( 'NONE',  ( 0.03472591030448963362, 0.1626879785290706870, 0.002726991926490095371 ) ) ;
#1178 = B_SPLINE_SURFACE_WITH_KNOTS ( 'NONE', 3, 1, ( 
 ( #1312, #2412 ),
 ( #2674, #2458 ),
 ( #2170, #1091 ),
 ( #2879, #1999 ),
 ( #1295, #2200 ),
 ( #168, #863 ),
 ( #1758, #2644 ),
 ( #626, #2428 ),
 ( #1773, #2659 ),
 ( #209, #2471 ),
 ( #32, #235 ),
 ( #15, #1145 ),
 ( #1853, #695 ),
 ( #2282, #2699 ),
 ( #1800, #430 ),
 ( #2687, #917 ),
 ( #2049, #1118 ),
 ( #2026, #931 ),
 ( #1380, #445 ),
 ( #1394, #1574 ),
 ( #943, #2298 ),
 ( #2513, #2906 ),
 ( #251, #891 ),
 ( #1825, #264 ),
 ( #670, #681 ),
 ( #1, #2074 ),
 ( #1168, #1365 ),
 ( #721, #1600 ),
 ( #2715, #1630 ),
 ( #2740, #488 ),
 ( #2034, #1159 ),
 ( #1349, #42 ),
 ( #1338, #2243 ) ),
 .UNSPECIFIED., .F., .F., .F.,
 ( 4, 1, 1, 1, 1, 1, 1, 1, 1, 1, 1, 1, 1, 1, 1, 1, 1, 1, 1, 1, 1, 1, 1, 1, 1, 1, 1, 1, 1, 1, 4 ),
 ( 2, 2 ),
 ( 0.08439613193519901468, 0.1032991138633100048, 0.1475214462701280038, 0.1966384262090120072, 0.2506500537876020229, 0.3095563290867019979, 0.3733572521685220025, 0.4185890921436339895, 0.4297803624489259788, 0.4409716327542180236, 0.4521629030595090137, 0.4633541733648000038, 0.4745454436700919931, 0.4965657833278410149, 0.4982828922924040227, 0.5000000000000000000, 0.5017171077075960328, 0.5034342166721590406, 0.5254545563299080069, 0.5366458266351999962, 0.5478370969404909863, 0.5590283672457819764, 0.5702196375510739657, 0.5814109078563659549, 0.6266427478314779975, 0.6904436709132979466, 0.7493499462123980326, 0.8033615737909880483, 0.8524785537298720239, 0.8967008861366899675, 0.9156038680648010963 ),
 ( 0.000000000000000000, 1.000000000000000000 ),
 .UNSPECIFIED. ) ;
#1179 = CARTESIAN_POINT ( 'NONE',  ( 0.000000000000000000, 0.000000000000000000, 1.000000000000000000 ) ) ;
#1180 = VERTEX_POINT ( 'NONE', #2190 ) ;
#1181 = CARTESIAN_POINT ( 'NONE',  ( 0.1544096418284111871, -0.04044562604490786056, 0.01539002986354592005 ) ) ;
#1182 = CARTESIAN_POINT ( 'NONE',  ( -0.1638211679976551427, 0.02181767008418811216, 0.009735342621036148850 ) ) ;
#1183 = CARTESIAN_POINT ( 'NONE',  ( -0.1236243735453381731, -0.1113118859140150435, 0.002726991926488729710 ) ) ;
#1184 = DIRECTION ( 'NONE',  ( -0.000000000000000000, -0.000000000000000000, -1.000000000000000000 ) ) ;
#1185 = DIRECTION ( 'NONE',  ( 1.000000000000000000, 0.000000000000000000, 0.000000000000000000 ) ) ;
#1186 = ORIENTED_EDGE ( 'NONE', *, *, #1027, .F. ) ;
#1187 = ORIENTED_EDGE ( 'NONE', *, *, #1357, .T. ) ;
#1188 = CARTESIAN_POINT ( 'NONE',  ( -0.1413467735958650051, 0.06910981245765025760, 0.01767050513325332459 ) ) ;
#1189 = CARTESIAN_POINT ( 'NONE',  ( -0.1370054257967584510, 0.06170957399650930930, 0.9752295534858476111 ) ) ;
#1190 = CARTESIAN_POINT ( 'NONE',  ( -0.1653546150935331083, 0.01822965738642876726, 0.9972730080735126013 ) ) ;
#1191 = CARTESIAN_POINT ( 'NONE',  ( 0.1321408337136698863, -0.06091699831326490011, 0.002726991926486270739 ) ) ;
#1192 = ORIENTED_EDGE ( 'NONE', *, *, #1666, .T. ) ;
#1193 = CARTESIAN_POINT ( 'NONE',  ( 0.02685374063334114436, 0.1605115510963489311, 0.9877402973217915827 ) ) ;
#1194 = ORIENTED_EDGE ( 'NONE', *, *, #615, .F. ) ;
#1195 = CARTESIAN_POINT ( 'NONE',  ( 0.04486815455927161550, 0.1461182077430730197, 0.002726991926490095371 ) ) ;
#1196 = CARTESIAN_POINT ( 'NONE',  ( 0.1576269983036636957, 0.02577247486528733839, 0.9847184303226805824 ) ) ;
#1197 = ORIENTED_EDGE ( 'NONE', *, *, #2701, .F. ) ;
#1198 = CARTESIAN_POINT ( 'NONE',  ( -0.1522331283327948981, 0.02840997836861134870, 0.02014396219834200044 ) ) ;
#1199 = CARTESIAN_POINT ( 'NONE',  ( -0.1162100952233864198, -0.07929112177682978713, 0.002726991926488729710 ) ) ;
#1200 = VECTOR ( 'NONE', #2225, 39.37007874015748143 ) ;
#1201 = LINE ( 'NONE', #1921, #2015 ) ;
#1202 = B_SPLINE_CURVE_WITH_KNOTS ( 'NONE', 3,
 ( #22, #1328, #2220, #698, #922, #1832, #897, #869, #1356, #1136, #2665, #647, #1556, #2451, #1124, #2038, #2900, #1108, #2018, #214 ),
 .UNSPECIFIED., .F., .F.,
 ( 4, 2, 2, 2, 2, 2, 2, 2, 2, 4 ),
 ( 4.336808689942017255E-19, 0.0005475201370057367414, 0.0008212802055086008838, 0.0009581602397600331176, 0.001095040274011465893, 0.001163480291137182444, 0.001231920308262898561, 0.001368800342514326024, 0.001642560411017181818, 0.002190080548022894490 ),
 .UNSPECIFIED. ) ;
#1203 = VERTEX_POINT ( 'NONE', #988 ) ;
#1204 = LINE ( 'NONE', #2807, #2151 ) ;
#1205 = EDGE_CURVE ( 'NONE', #2812, #1288, #2754, .T. ) ;
#1206 = CARTESIAN_POINT ( 'NONE',  ( -0.1585933079896878761, 0.02525291253717531353, 0.002726991926488729710 ) ) ;
#1207 = CARTESIAN_POINT ( 'NONE',  ( 0.1575458319799564189, -0.05309825032647449289, 0.002726991926486270739 ) ) ;
#1208 = AXIS2_PLACEMENT_3D ( 'NONE', #323, #45, #1410 ) ;
#1209 = CARTESIAN_POINT ( 'NONE',  ( 0.1457785495090340444, -0.03106737899826197274, 0.002726991926486270739 ) ) ;
#1210 = CARTESIAN_POINT ( 'NONE',  ( 0.1443375672974063773, -0.2500000000000001665, 1.000000000000000000 ) ) ;
#1211 = AXIS2_PLACEMENT_3D ( 'NONE', #1949, #1995, #2442 ) ;
#1212 = VERTEX_POINT ( 'NONE', #2205 ) ;
#1213 = CARTESIAN_POINT ( 'NONE',  ( 0.09876927146736716456, 0.1068490132469530896, 0.9972730080735109359 ) ) ;
#1214 = CARTESIAN_POINT ( 'NONE',  ( -0.1406127826623933819, 0.08654935736724399253, 0.9972730080735117131 ) ) ;
#1215 = VERTEX_POINT ( 'NONE', #2219 ) ;
#1216 = CARTESIAN_POINT ( 'NONE',  ( -0.1188260849184151202, -0.08397881971666175394, 0.002726991926488729710 ) ) ;
#1217 = DIRECTION ( 'NONE',  ( -1.000000000000000000, 0.000000000000000000, 0.000000000000000000 ) ) ;
#1218 = LINE ( 'NONE', #1691, #304 ) ;
#1219 = ORIENTED_EDGE ( 'NONE', *, *, #1351, .T. ) ;
#1220 = B_SPLINE_CURVE_WITH_KNOTS ( 'NONE', 3,
 ( #2240, #624, #2642, #2426, #668, #2891, #879, #2672, #656, #2396, #1609, #2748, #461, #2075, #1425, #1368, #2328, #1829, #19, #78 ),
 .UNSPECIFIED., .F., .F.,
 ( 4, 2, 2, 2, 2, 2, 2, 2, 2, 4 ),
 ( 0.000000000000000000, 0.0005475201370057691591, 0.0008212802055086537928, 0.0009581602397600958929, 0.001095040274011537884, 0.001163480291137259422, 0.001231920308262980743, 0.001368800342514422085, 0.001642560411017304984, 0.002190080548023070998 ),
 .UNSPECIFIED. ) ;
#1221 = CARTESIAN_POINT ( 'NONE',  ( -0.1301561770192636580, 0.05339698313750229630, 0.03431642517885521299 ) ) ;
#1222 = CARTESIAN_POINT ( 'NONE',  ( 0.1524474828984785924, -0.03800288852231693132, 0.9821052026767904675 ) ) ;
#1223 = CARTESIAN_POINT ( 'NONE',  ( -0.09897001473326418053, 0.1068260358582641262, 0.02939140651048077063 ) ) ;
#1224 = CARTESIAN_POINT ( 'NONE',  ( 0.1321408337136698863, -0.06091699831326490011, 0.9972730080735112690 ) ) ;
#1225 = CARTESIAN_POINT ( 'NONE',  ( 0.1427102933476961655, -0.02838754640078126543, 0.002726991926486270739 ) ) ;
#1226 = CARTESIAN_POINT ( 'NONE',  ( 0.04740978993550177406, 0.1324544451603199002, 0.9656835748211447523 ) ) ;
#1227 = ORIENTED_EDGE ( 'NONE', *, *, #2393, .F. ) ;
#1228 = CARTESIAN_POINT ( 'NONE',  ( 0.09876927146736716456, 0.1068490132469530896, 0.002726991926488593100 ) ) ;
#1229 = CARTESIAN_POINT ( 'NONE',  ( -0.1346109112532385965, 0.08757539324658998592, 0.9972730080735117131 ) ) ;
#1230 = VERTEX_POINT ( 'NONE', #2691 ) ;
#1231 = CARTESIAN_POINT ( 'NONE',  ( -0.01844253051924163445, 0.1517351475290064922, 0.002726991926487090396 ) ) ;
#1232 = CARTESIAN_POINT ( 'NONE',  ( -0.1649660759753509565, 0.01304479514291923513, 0.009525071891363425317 ) ) ;
#1233 = CARTESIAN_POINT ( 'NONE',  ( 0.03984028906055453456, -0.1354204919729434520, 0.9972730080735126013 ) ) ;
#1234 = ORIENTED_EDGE ( 'NONE', *, *, #2483, .T. ) ;
#1235 = CARTESIAN_POINT ( 'NONE',  ( -0.1370895557338601689, 0.06181970051800041166, 0.02464975840399924803 ) ) ;
#1236 = CARTESIAN_POINT ( 'NONE',  ( 0.1588544678774757857, -0.04937293409038063380, 0.9913402782565415849 ) ) ;
#1237 = CARTESIAN_POINT ( 'NONE',  ( -0.1366845183365936467, 0.03330481454009328462, 0.9972730080735126013 ) ) ;
#1238 = ORIENTED_EDGE ( 'NONE', *, *, #2108, .T. ) ;
#1239 = CARTESIAN_POINT ( 'NONE',  ( 0.1584070236005577226, -0.04658283785641247760, 0.9972730080735112690 ) ) ;
#1240 = CARTESIAN_POINT ( 'NONE',  ( -0.04297303319393023374, -0.1390585092402571998, 0.9705304259483988893 ) ) ;
#1241 = CARTESIAN_POINT ( 'NONE',  ( 0.09417842522689698348, 0.1361662216359642019, 0.9972730080735109359 ) ) ;
#1242 = VERTEX_POINT ( 'NONE', #1080 ) ;
#1243 = CARTESIAN_POINT ( 'NONE',  ( -0.1444898174750877118, 0.08244490152321660992, 0.9972730080735117131 ) ) ;
#1244 = ADVANCED_FACE ( 'NONE', ( #1972 ), #1583, .T. ) ;
#1245 = ORIENTED_EDGE ( 'NONE', *, *, #1557, .F. ) ;
#1246 = CARTESIAN_POINT ( 'NONE',  ( 0.03821775996771153289, 0.1612379509472194050, 0.009299427107627282821 ) ) ;
#1247 = CARTESIAN_POINT ( 'NONE',  ( 0.000000000000000000, 0.000000000000000000, 1.000000000000000000 ) ) ;
#1248 = EDGE_CURVE ( 'NONE', #2140, #303, #1755, .T. ) ;
#1249 =( GEOMETRIC_REPRESENTATION_CONTEXT ( 3 ) GLOBAL_UNCERTAINTY_ASSIGNED_CONTEXT ( ( #56 ) ) GLOBAL_UNIT_ASSIGNED_CONTEXT ( ( #2842, #1113, #2061 ) ) REPRESENTATION_CONTEXT ( 'NONE', 'WORKASPACE' ) );
#1250 = ORIENTED_EDGE ( 'NONE', *, *, #2858, .T. ) ;
#1251 = CARTESIAN_POINT ( 'NONE',  ( 0.1650126196875349172, 0.01347779791693561220, 0.9972730080735131564 ) ) ;
#1252 = CARTESIAN_POINT ( 'NONE',  ( -0.1551534809997489328, -0.04143602616543594352, 0.9972730080735119351 ) ) ;
#1253 = CARTESIAN_POINT ( 'NONE',  ( 0.1164525568884922646, -0.1141194953910003168, 0.9880452278877502881 ) ) ;
#1254 = ORIENTED_EDGE ( 'NONE', *, *, #2467, .T. ) ;
#1255 = CARTESIAN_POINT ( 'NONE',  ( 0.1586932910726323032, -0.04841698257562844498, 0.9972730080735112690 ) ) ;
#1256 = CARTESIAN_POINT ( 'NONE',  ( -0.07224894950831983742, -0.1474604708138222697, 0.9892030517226393371 ) ) ;
#1257 = CARTESIAN_POINT ( 'NONE',  ( -0.1384138093207604447, -0.02516914010793324524, 0.03431642517885520605 ) ) ;
#1258 = CIRCLE ( 'NONE', #2897, 0.1406835748211446024 ) ;
#1259 = CARTESIAN_POINT ( 'NONE',  ( -0.1397575321995304654, 0.08691414711200190490, 0.9972730080735117131 ) ) ;
#1260 = CARTESIAN_POINT ( 'NONE',  ( -0.01167334490091844791, 0.1422627659935858102, 0.9972730080735122682 ) ) ;
#1261 = CARTESIAN_POINT ( 'NONE',  ( 0.07182938224925689008, -0.1480769280489018236, 0.002726991926488456491 ) ) ;
#1262 = CARTESIAN_POINT ( 'NONE',  ( 0.1134613917910151232, -0.1136488429486546825, 0.002726991926489139538 ) ) ;
#1263 = EDGE_CURVE ( 'NONE', #224, #54, #496, .T. ) ;
#1264 = B_SPLINE_CURVE_WITH_KNOTS ( 'NONE', 3,
 ( #2816, #121, #565, #2757, #518, #1885, #782, #2338, #321, #1422, #1690, #978, #2326, #2773, #752, #767, #1662, #2557, #2786, #503 ),
 .UNSPECIFIED., .F., .F.,
 ( 4, 2, 2, 2, 2, 2, 2, 2, 2, 4 ),
 ( 0.000000000000000000, 0.0005475201370056220328, 0.0008212802055084332661, 0.0009581602397598388285, 0.001095040274011244283, 0.001163480291136946088, 0.001231920308262647893, 0.001368800342514051287, 0.001642560411016858292, 0.002190080548022472085 ),
 .UNSPECIFIED. ) ;
#1265 = VERTEX_POINT ( 'NONE', #165 ) ;
#1266 = CARTESIAN_POINT ( 'NONE',  ( 0.1622965975194895216, 0.009765637555742643500, 0.01241196681386515406 ) ) ;
#1267 = CARTESIAN_POINT ( 'NONE',  ( 0.1406127826623866373, 0.08654935736725495599, 0.002726991926486953786 ) ) ;
#1268 = CARTESIAN_POINT ( 'NONE',  ( -0.1575458319799526163, -0.05309825032648433918, 0.002726991926487910053 ) ) ;
#1269 = CARTESIAN_POINT ( 'NONE',  ( 0.1225645523809034410, -0.1124139013442280594, 0.9913075819845604819 ) ) ;
#1270 = ORIENTED_EDGE ( 'NONE', *, *, #1248, .F. ) ;
#1271 = DIRECTION ( 'NONE',  ( -0.000000000000000000, -0.000000000000000000, -1.000000000000000000 ) ) ;
#1272 = CARTESIAN_POINT ( 'NONE',  ( -0.1301561770192636580, 0.05339698313750229630, 0.03431642517885521299 ) ) ;
#1273 = CARTESIAN_POINT ( 'NONE',  ( -0.07329468312490709792, -0.1414981893994332884, 0.01565402426856091905 ) ) ;
#1274 = CARTESIAN_POINT ( 'NONE',  ( 0.1007732690192667535, 0.1307956198040090279, 0.002726991926488593100 ) ) ;
#1275 = CARTESIAN_POINT ( 'NONE',  ( -0.1439945656737318946, 0.08329965342535450290, 0.9972730080735117131 ) ) ;
#1276 = CARTESIAN_POINT ( 'NONE',  ( -0.09718507462835147825, 0.1017198579134789838, 0.9972730080735126013 ) ) ;
#1277 = CARTESIAN_POINT ( 'NONE',  ( 0.07137719284429737410, -0.1488893624488071554, 0.9972730080735126013 ) ) ;
#1278 = CARTESIAN_POINT ( 'NONE',  ( 0.1235289671442656861, -0.1114175097577657647, 0.9972730080735126013 ) ) ;
#1279 = CARTESIAN_POINT ( 'NONE',  ( -0.06779179853933775535, -0.1519129331398509086, 0.9972730080735108249 ) ) ;
#1280 = CARTESIAN_POINT ( 'NONE',  ( 0.1655313789142418557, 0.01654786197388637831, 0.9972730080735131564 ) ) ;
#1281 = CARTESIAN_POINT ( 'NONE',  ( 0.1421673681468189343, 0.08553481318971088709, 0.002726991926486953786 ) ) ;
#1282 = CARTESIAN_POINT ( 'NONE',  ( -0.1361982711706956617, -0.06055244392172165480, 0.9972730080735119351 ) ) ;
#1283 = CIRCLE ( 'NONE', #754, 0.1406835748211446580 ) ;
#1284 = CARTESIAN_POINT ( 'NONE',  ( 0.1189731038024731541, -0.08384122581174313638, 0.9705304259484003326 ) ) ;
#1285 = ORIENTED_EDGE ( 'NONE', *, *, #1384, .T. ) ;
#1286 = CARTESIAN_POINT ( 'NONE',  ( -0.003245248546679119998, -0.1658250001196866774, 0.9908545127894150539 ) ) ;
#1287 = CARTESIAN_POINT ( 'NONE',  ( 0.06852761108462902817, 0.1252155265466521894, 0.9972730080735109359 ) ) ;
#1288 = VERTEX_POINT ( 'NONE', #1721 ) ;
#1289 = CARTESIAN_POINT ( 'NONE',  ( -0.1254034859015562553, -0.1085468932146941429, 0.9908545127894151650 ) ) ;
#1290 = CARTESIAN_POINT ( 'NONE',  ( 0.07182938224925689008, -0.1480769280489018236, 0.9972730080735126013 ) ) ;
#1291 = CARTESIAN_POINT ( 'NONE',  ( 0.1134613917910151232, -0.1136488429486546825, 0.9972730080735126013 ) ) ;
#1292 = CARTESIAN_POINT ( 'NONE',  ( -0.04958702805808461178, -0.1445849527992776329, 0.9972730080735108249 ) ) ;
#1293 = CARTESIAN_POINT ( 'NONE',  ( 0.1642088897915708057, 0.02112477706988890452, 0.9972730080735131564 ) ) ;
#1294 = CARTESIAN_POINT ( 'NONE',  ( 0.1206324511707964064, 0.08754644058615371205, 0.9972730080735109359 ) ) ;
#1295 = CARTESIAN_POINT ( 'NONE',  ( -0.01550121597310861327, -0.1482439875277733465, 0.9972730080735123792 ) ) ;
#1296 = CARTESIAN_POINT ( 'NONE',  ( -0.1641530725293378901, 0.01183239425845283507, 0.002726991926488729710 ) ) ;
#1297 = VERTEX_POINT ( 'NONE', #638 ) ;
#1298 = CIRCLE ( 'NONE', #822, 0.1406835748211446580 ) ;
#1299 = CARTESIAN_POINT ( 'NONE',  ( 0.1419860384128537600, 0.08572296774287593846, 0.009145487210589116345 ) ) ;
#1300 = EDGE_CURVE ( 'NONE', #1641, #1215, #830, .T. ) ;
#1301 = CARTESIAN_POINT ( 'NONE',  ( 0.03949944370824776119, -0.1350246724535762444, 1.000000000000000000 ) ) ;
#1302 = CARTESIAN_POINT ( 'NONE',  ( -0.09100401938525227996, -0.1072853050523940310, 0.9656835748211447523 ) ) ;
#1303 = ADVANCED_FACE ( 'NONE', ( #368 ), #150, .F. ) ;
#1304 = CARTESIAN_POINT ( 'NONE',  ( -0.1205272815905843731, -0.1137165264813891213, 0.9907005728923758969 ) ) ;
#1305 = CARTESIAN_POINT ( 'NONE',  ( -0.03886159083625775890, 0.1604759255041693367, 0.002726991926487090396 ) ) ;
#1306 = VECTOR ( 'NONE', #2463, 39.37007874015748143 ) ;
#1307 = CARTESIAN_POINT ( 'NONE',  ( 0.07302497438686902931, -0.1430276198729435733, 0.002726991926488456491 ) ) ;
#1308 = CARTESIAN_POINT ( 'NONE',  ( 0.1188260849184186729, -0.08397881971665689671, 0.9972730080735126013 ) ) ;
#1309 = CARTESIAN_POINT ( 'NONE',  ( -0.04314932410746907115, -0.1389612048275005451, 0.002726991926487636834 ) ) ;
#1310 = CARTESIAN_POINT ( 'NONE',  ( 0.1615904998307029494, 0.02375934511245195516, 0.002726991926489275714 ) ) ;
#1311 = CARTESIAN_POINT ( 'NONE',  ( 0.1135328307580157209, 0.08651738501245490043, 0.002726991926486953786 ) ) ;
#1312 = CARTESIAN_POINT ( 'NONE',  ( -0.01883494462709792844, -0.1394170473268988575, 0.9972730080735123792 ) ) ;
#1313 = CARTESIAN_POINT ( 'NONE',  ( 0.1162100952233895840, -0.07929112177682519358, 0.9656835748211447523 ) ) ;
#1314 = DIRECTION ( 'NONE',  ( 1.000000000000000000, 0.000000000000000000, -0.000000000000000000 ) ) ;
#1315 = CARTESIAN_POINT ( 'NONE',  ( 0.1010172098483077263, 0.1206258674512058343, 0.9823294948667484761 ) ) ;
#1316 = ORIENTED_EDGE ( 'NONE', *, *, #2707, .T. ) ;
#1317 = CARTESIAN_POINT ( 'NONE',  ( -0.09100401938525227996, -0.1072853050523940310, 0.9656835748211447523 ) ) ;
#1318 = CARTESIAN_POINT ( 'NONE',  ( 0.04719934866518019079, 0.1347114807835779748, 0.9972730080735127123 ) ) ;
#1319 = CARTESIAN_POINT ( 'NONE',  ( 0.07439576690565434525, -0.1250493921798960795, 0.9972730080735126013 ) ) ;
#1320 = CARTESIAN_POINT ( 'NONE',  ( -0.06766186209515259731, -0.1519710304565596859, 0.002726991926487636834 ) ) ;
#1321 = CARTESIAN_POINT ( 'NONE',  ( 0.1379564708458178024, 0.08743001925812443620, 0.9972730080735109359 ) ) ;
#1322 = CARTESIAN_POINT ( 'NONE',  ( -0.1586045062847512288, -0.04749132846113094525, 0.9972730080735119351 ) ) ;
#1323 = CARTESIAN_POINT ( 'NONE',  ( -0.1162100952233864198, -0.07929112177682978713, 1.000000000000000000 ) ) ;
#1324 = B_SPLINE_CURVE_WITH_KNOTS ( 'NONE', 3,
 ( #1864, #1164, #2294, #1771, #28, #2495, #1548, #2277, #71, #2044, #1643, #468, #9, #2443, #956, #414, #2538, #513, #1361, #1820 ),
 .UNSPECIFIED., .F., .F.,
 ( 4, 2, 2, 2, 2, 2, 2, 2, 2, 4 ),
 ( 0.000000000000000000, 0.0005475201370056880608, 0.0008212802055085320369, 0.0009581602397599540792, 0.001095040274011376122, 0.001163480291137087468, 0.001231920308262799031, 0.001368800342514221941, 0.001642560411017066242, 0.002190080548022756580 ),
 .UNSPECIFIED. ) ;
#1325 = CARTESIAN_POINT ( 'NONE',  ( 0.1330616669199550794, 0.08768375547488592436, 0.9843459757314335645 ) ) ;
#1326 = CARTESIAN_POINT ( 'NONE',  ( 0.07581080632116818374, 0.1298766465088203315, 0.02464975840399815168 ) ) ;
#1327 = CARTESIAN_POINT ( 'NONE',  ( -0.07302497438686307574, -0.1430276198729465709, 0.9972730080735108249 ) ) ;
#1328 = CARTESIAN_POINT ( 'NONE',  ( -0.1320951833386313223, -0.06111311735415823204, 0.9705304259484004437 ) ) ;
#1329 = CARTESIAN_POINT ( 'NONE',  ( -0.1088792370507384311, -0.1129881934758166367, 0.9972730080735111580 ) ) ;
#1330 = EDGE_CURVE ( 'NONE', #1203, #102, #1547, .T. ) ;
#1331 = ORIENTED_EDGE ( 'NONE', *, *, #1971, .F. ) ;
#1332 = CARTESIAN_POINT ( 'NONE',  ( -0.03947281342755921962, 0.1597752602089028695, 0.9972730080735122682 ) ) ;
#1333 = EDGE_CURVE ( 'NONE', #1442, #689, #2112, .T. ) ;
#1334 = PERSON_AND_ORGANIZATION_ROLE ( 'design_owner' ) ;
#1335 = CARTESIAN_POINT ( 'NONE',  ( -0.04613519640304119401, -0.1417325339773206905, 0.002726991926487636834 ) ) ;
#1336 = DIRECTION ( 'NONE',  ( -0.000000000000000000, -0.000000000000000000, -1.000000000000000000 ) ) ;
#1337 = CARTESIAN_POINT ( 'NONE',  ( -0.09967637676558141480, 0.1108205190822772052, 0.002726991926488593100 ) ) ;
#1338 = CARTESIAN_POINT ( 'NONE',  ( 0.01883494462710159564, -0.1394170473268983579, 0.9972730080735123792 ) ) ;
#1339 = CARTESIAN_POINT ( 'NONE',  ( -0.04696354418431037542, 0.1378451713740516671, 0.02939140651048177330 ) ) ;
#1340 = CARTESIAN_POINT ( 'NONE',  ( 0.06670949404547348027, 0.1238616632725943051, 0.03431642517885522686 ) ) ;
#1341 = CARTESIAN_POINT ( 'NONE',  ( 0.09777984196709470222, 0.1345824066700476718, 0.9972730080735109359 ) ) ;
#1342 = LINE ( 'NONE', #2705, #2479 ) ;
#1343 = CIRCLE ( 'NONE', #160, 0.1406835748211446857 ) ;
#1344 = CARTESIAN_POINT ( 'NONE',  ( 0.000000000000000000, 0.000000000000000000, 1.000000000000000000 ) ) ;
#1345 = CARTESIAN_POINT ( 'NONE',  ( -0.04677081033966536128, 0.1377845126210237026, 0.9972730080735122682 ) ) ;
#1346 = APPLICATION_PROTOCOL_DEFINITION ( 'international standard', 'config_control_design', 1994, #260 ) ;
#1347 = AXIS2_PLACEMENT_3D ( 'NONE', #1601, #431, #2700 ) ;
#1348 = CARTESIAN_POINT ( 'NONE',  ( -0.09777984196710440279, 0.1345824066700404553, 0.002726991926488593100 ) ) ;
#1349 = CARTESIAN_POINT ( 'NONE',  ( 0.01868456120631438455, -0.1399172807452679357, 0.9972730080735123792 ) ) ;
#1350 = VECTOR ( 'NONE', #1040, 39.37007874015748143 ) ;
#1351 = EDGE_CURVE ( 'NONE', #18, #54, #455, .T. ) ;
#1352 = DIRECTION ( 'NONE',  ( -0.000000000000000000, -0.000000000000000000, -1.000000000000000000 ) ) ;
#1353 = CARTESIAN_POINT ( 'NONE',  ( 0.000000000000000000, 0.000000000000000000, 1.000000000000000000 ) ) ;
#1354 = CARTESIAN_POINT ( 'NONE',  ( 0.07458603982236343410, -0.1249834918604323941, 0.9705304259484012208 ) ) ;
#1355 = CARTESIAN_POINT ( 'NONE',  ( -0.1316926686687930892, 0.05506362309377280106, 0.002726991926488593100 ) ) ;
#1356 = CARTESIAN_POINT ( 'NONE',  ( -0.1575366466659993692, -0.05342877073788086795, 0.9913402782565411409 ) ) ;
#1357 = EDGE_CURVE ( 'NONE', #954, #354, #1634, .T. ) ;
#1358 = CARTESIAN_POINT ( 'NONE',  ( 0.01635228757440552322, 0.1493692100523607014, 0.9752295534858494985 ) ) ;
#1359 = ORIENTED_EDGE ( 'NONE', *, *, #40, .F. ) ;
#1360 = CARTESIAN_POINT ( 'NONE',  ( -0.02892624357682408581, 0.1620170028337884482, 0.9972730080735122682 ) ) ;
#1361 = CARTESIAN_POINT ( 'NONE',  ( -0.09589564810679593321, -0.1095942080023898368, 0.02939140651048109329 ) ) ;
#1362 = COORDINATED_UNIVERSAL_TIME_OFFSET ( 5, 0, .BEHIND. ) ;
#1363 = DIRECTION ( 'NONE',  ( -0.000000000000000000, -0.000000000000000000, -1.000000000000000000 ) ) ;
#1364 = CARTESIAN_POINT ( 'NONE',  ( -0.09325337381179474305, 0.1362591434783809174, 0.002726991926488593100 ) ) ;
#1365 = CARTESIAN_POINT ( 'NONE',  ( 0.01111216141393937124, -0.1565169000280482448, 0.002726991926487773443 ) ) ;
#1366 = CARTESIAN_POINT ( 'NONE',  ( -0.04578982700115043908, 0.1432428476631433800, 0.02464975840400124296 ) ) ;
#1367 = ORIENTED_EDGE ( 'NONE', *, *, #2799, .T. ) ;
#1368 = CARTESIAN_POINT ( 'NONE',  ( 0.07326325955583119776, -0.1418121326086001777, 0.01539002986354099170 ) ) ;
#1369 = CARTESIAN_POINT ( 'NONE',  ( 0.1301561770192594669, 0.05339698313751256586, 0.9656835748211447523 ) ) ;
#1370 = ADVANCED_FACE ( 'NONE', ( #1886 ), #731, .F. ) ;
#1371 = CARTESIAN_POINT ( 'NONE',  ( 0.05996812391150587590, -0.1516188687093312504, 0.9880452278877479566 ) ) ;
#1372 = CARTESIAN_POINT ( 'NONE',  ( 0.1301561770192594669, 0.05339698313751256586, 0.03431642517885519911 ) ) ;
#1373 = LINE ( 'NONE', #953, #1625 ) ;
#1374 = EDGE_CURVE ( 'NONE', #2361, #1956, #1218, .T. ) ;
#1375 = FACE_OUTER_BOUND ( 'NONE', #2784, .T. ) ;
#1376 = CARTESIAN_POINT ( 'NONE',  ( 0.1366845183365922589, 0.03330481454009888431, 1.000000000000000000 ) ) ;
#1377 = PERSON_AND_ORGANIZATION ( #1517, #2334 ) ;
#1378 = CARTESIAN_POINT ( 'NONE',  ( -0.1585548070225212824, 0.006766097972071876548, 0.9836927777847481735 ) ) ;
#1379 = CARTESIAN_POINT ( 'NONE',  ( -0.09417842522690715590, 0.1361662216359568467, 0.9972730080735126013 ) ) ;
#1380 = CARTESIAN_POINT ( 'NONE',  ( 0.0008455296059273727585, -0.1663543032832116020, 0.9972730080735123792 ) ) ;
#1381 = DIRECTION ( 'NONE',  ( -0.000000000000000000, -0.000000000000000000, -1.000000000000000000 ) ) ;
#1382 = CARTESIAN_POINT ( 'NONE',  ( -0.1453958218178816042, 0.07948791732402853139, 0.9907005728923764520 ) ) ;
#1383 = CARTESIAN_POINT ( 'NONE',  ( -0.006326831894220779663, -0.1637549956529860962, 0.01112769221927642493 ) ) ;
#1384 = EDGE_CURVE ( 'NONE', #23, #1813, #2585, .T. ) ;
#1385 = DIRECTION ( 'NONE',  ( 0.8660254037844387076, 0.5000000000000001110, -0.000000000000000000 ) ) ;
#1386 = VECTOR ( 'NONE', #1336, 39.37007874015748143 ) ;
#1387 = VERTEX_POINT ( 'NONE', #2774 ) ;
#1388 = CARTESIAN_POINT ( 'NONE',  ( 0.01844253051922979669, 0.1517351475290082685, 0.9972730080735127123 ) ) ;
#1389 = VECTOR ( 'NONE', #1714, 39.37007874015748143 ) ;
#1390 = CARTESIAN_POINT ( 'NONE',  ( 0.1162100952233895840, -0.07929112177682519358, 0.9656835748211447523 ) ) ;
#1391 = DIRECTION ( 'NONE',  ( 1.000000000000000000, 0.000000000000000000, 0.000000000000000000 ) ) ;
#1392 = DIRECTION ( 'NONE',  ( -0.8660254037844388186, 0.4999999999999997224, 0.000000000000000000 ) ) ;
#1393 = CARTESIAN_POINT ( 'NONE',  ( -0.1004207281001076452, 0.1152361023961107483, 0.9972730080735126013 ) ) ;
#1394 = CARTESIAN_POINT ( 'NONE',  ( 0.001815097502123190357, -0.1662432518421343153, 0.9972730080735123792 ) ) ;
#1395 = CARTESIAN_POINT ( 'NONE',  ( -0.1330616669199646829, 0.08768375547487584909, 0.01565402426856381951 ) ) ;
#1396 = CONICAL_SURFACE ( 'NONE', #2851, 0.1749999999999999889, 0.7853981633974500554 ) ;
#1397 = CARTESIAN_POINT ( 'NONE',  ( 0.06960314592575851667, -0.1510888171327281204, 0.9913402782565428062 ) ) ;
#1398 = CARTESIAN_POINT ( 'NONE',  ( -0.09113425691106065429, 0.1361993928782138930, 0.01112769221928254330 ) ) ;
#1399 = CARTESIAN_POINT ( 'NONE',  ( 0.1581669107206654379, -0.05154120252217765652, 0.002726991926486270739 ) ) ;
#1400 = CARTESIAN_POINT ( 'NONE',  ( 0.01312207953615719333, 0.1449543431658971981, 0.9705304259484013318 ) ) ;
#1401 = EDGE_LOOP ( 'NONE', ( #293, #784, #2126, #1064 ) ) ;
#1402 = CARTESIAN_POINT ( 'NONE',  ( 0.04169208920873196389, 0.1550848691140864488, 0.002726991926490095371 ) ) ;
#1403 = CARTESIAN_POINT ( 'NONE',  ( 0.1625106561808968841, 0.009940858226422310054, 0.9878119929942754673 ) ) ;
#1404 = ORIENTED_EDGE ( 'NONE', *, *, #2449, .T. ) ;
#1405 = CARTESIAN_POINT ( 'NONE',  ( 0.1585962335936792755, -0.04730667221462941247, 0.009500085179907632321 ) ) ;
#1406 = CARTESIAN_POINT ( 'NONE',  ( -0.1164812149502408578, -0.07973759992837997634, 0.002726991926488729710 ) ) ;
#1407 = CARTESIAN_POINT ( 'NONE',  ( 0.05350969391774747924, -0.1475050262957448566, 0.9972730080735126013 ) ) ;
#1408 = CARTESIAN_POINT ( 'NONE',  ( 0.09593948300803786799, -0.1093969662202405047, 0.002726991926489139538 ) ) ;
#1409 = ORIENTED_EDGE ( 'NONE', *, *, #101, .F. ) ;
#1410 = DIRECTION ( 'NONE',  ( -1.000000000000000000, 0.000000000000000000, 0.000000000000000000 ) ) ;
#1411 = CARTESIAN_POINT ( 'NONE',  ( -0.1301561770192636580, 0.05339698313750229630, 0.9656835748211447523 ) ) ;
#1412 = CARTESIAN_POINT ( 'NONE',  ( -0.1615904998307039209, 0.02375934511244524872, 0.002726991926488729710 ) ) ;
#1413 = CARTESIAN_POINT ( 'NONE',  ( 0.1555346792231370179, -0.05542300485989810899, 0.002726991926486270739 ) ) ;
#1414 = CARTESIAN_POINT ( 'NONE',  ( -0.01056307814160921919, 0.1402864555280760872, 0.9656835748211447523 ) ) ;
#1415 = ORIENTED_EDGE ( 'NONE', *, *, #2465, .T. ) ;
#1416 = CARTESIAN_POINT ( 'NONE',  ( 0.02733773058512623325, 0.1610237392503478249, 0.002726991926490095371 ) ) ;
#1417 = CARTESIAN_POINT ( 'NONE',  ( 0.1589557235662869827, 0.02509848790478104788, 0.01407662263328741427 ) ) ;
#1418 = EDGE_CURVE ( 'NONE', #303, #1230, #996, .T. ) ;
#1419 = ORIENTED_EDGE ( 'NONE', *, *, #1919, .F. ) ;
#1420 = EDGE_CURVE ( 'NONE', #1265, #2551, #1457, .T. ) ;
#1421 = CARTESIAN_POINT ( 'NONE',  ( -0.1247573496692090528, -0.1098895675917606896, 0.9972730080735111580 ) ) ;
#1422 = CARTESIAN_POINT ( 'NONE',  ( 0.1240375626403134868, -0.1108641612466910731, 0.008640918219155654598 ) ) ;
#1423 = CARTESIAN_POINT ( 'NONE',  ( 0.1041080025813154175, -0.1119160655407949456, 0.002726991926489139538 ) ) ;
#1424 = EDGE_LOOP ( 'NONE', ( #2100, #329, #2598, #1469 ) ) ;
#1425 = CARTESIAN_POINT ( 'NONE',  ( 0.07254827061097056384, -0.1460178265333428038, 0.01195477211224970325 ) ) ;
#1426 = CARTESIAN_POINT ( 'NONE',  ( 0.1366845183365922589, 0.03330481454009888431, 0.9656835748211447523 ) ) ;
#1427 = CARTESIAN_POINT ( 'NONE',  ( 0.1541973630288588915, -0.04021220477223502732, 0.9843459757314375613 ) ) ;
#1428 = CARTESIAN_POINT ( 'NONE',  ( -0.1011466818256041983, 0.1234809090969751638, 0.01539002986353735052 ) ) ;
#1429 = CARTESIAN_POINT ( 'NONE',  ( 0.01883494462710164769, -0.1394170473268983579, 0.03431642517885522686 ) ) ;
#1430 = CARTESIAN_POINT ( 'NONE',  ( 0.07569248911124148993, 0.1298044888003716257, 0.9752295534858458348 ) ) ;
#1431 = ORIENTED_EDGE ( 'NONE', *, *, #827, .F. ) ;
#1432 = CARTESIAN_POINT ( 'NONE',  ( 0.04169208920873196389, 0.1550848691140864488, 0.9972730080735127123 ) ) ;
#1433 = CARTESIAN_POINT ( 'NONE',  ( -0.1451590052036557943, 0.08035314580946371910, 0.002726991926488593100 ) ) ;
#1434 = ORIENTED_EDGE ( 'NONE', *, *, #425, .F. ) ;
#1435 = AXIS2_PLACEMENT_3D ( 'NONE', #2681, #1765, #2221 ) ;
#1436 = CARTESIAN_POINT ( 'NONE',  ( -0.1625106561809061545, 0.009940858226423309255, 0.01218800700571603772 ) ) ;
#1437 = CARTESIAN_POINT ( 'NONE',  ( -0.1237502116604695390, -0.09647230296654266124, 0.002726991926488729710 ) ) ;
#1438 = ADVANCED_FACE ( 'NONE', ( #1904 ), #1396, .F. ) ;
#1439 = DIRECTION ( 'NONE',  ( 1.000000000000000000, -1.182924880895401018E-16, 0.000000000000000000 ) ) ;
#1440 = FACE_OUTER_BOUND ( 'NONE', #2775, .T. ) ;
#1441 = ORIENTED_EDGE ( 'NONE', *, *, #88, .T. ) ;
#1442 = VERTEX_POINT ( 'NONE', #2542 ) ;
#1443 = B_SPLINE_CURVE_WITH_KNOTS ( 'NONE', 3,
 ( #1122, #1354, #895, #684, #448, #2490, #950, #2259, #1397, #1148, #2531, #238, #464, #2078, #1371, #1857, #2503, #2052, #225, #5 ),
 .UNSPECIFIED., .F., .F.,
 ( 4, 2, 2, 2, 2, 2, 2, 2, 2, 4 ),
 ( 4.342226316901215473E-18, 0.0005475201370058227187, 0.0008212802055087318554, 0.0009581602397601869658, 0.001095040274011641968, 0.001163480291137369577, 0.001231920308263097187, 0.001368800342514546551, 0.001642560411017445496, 0.002190080548023242736 ),
 .UNSPECIFIED. ) ;
#1444 = CARTESIAN_POINT ( 'NONE',  ( -0.1451257180184410134, 0.07683115987228489319, 0.01079694827736411150 ) ) ;
#1445 = DIRECTION ( 'NONE',  ( -0.000000000000000000, -0.000000000000000000, -1.000000000000000000 ) ) ;
#1446 = DIRECTION ( 'NONE',  ( 0.5000000000000001110, 0.8660254037844385966, 0.000000000000000000 ) ) ;
#1447 = B_SPLINE_SURFACE_WITH_KNOTS ( 'NONE', 3, 1, ( 
 ( #1678, #2139 ),
 ( #2571, #104 ),
 ( #551, #2352 ),
 ( #2741, #1408 ),
 ( #2312, #962 ),
 ( #519, #1423 ),
 ( #2153, #2843 ),
 ( #1291, #1262 ),
 ( #1768, #2408 ),
 ( #164, #1948 ),
 ( #2182, #2212 ),
 ( #2653, #1085 ),
 ( #1504, #398 ),
 ( #1754, #797 ),
 ( #1519, #2597 ),
 ( #1278, #2830 ),
 ( #637, #2624 ),
 ( #149, #812 ),
 ( #1546, #122 ),
 ( #2441, #1720 ),
 ( #580, #829 ),
 ( #2611, #594 ),
 ( #608, #1532 ),
 ( #382, #1026 ),
 ( #2379, #2195 ),
 ( #1071, #1979 ),
 ( #2392, #2860 ),
 ( #846, #2638 ),
 ( #621, #2422 ),
 ( #1308, #436 ),
 ( #649, #187 ),
 ( #2248, #1764 ),
 ( #2005, #1038 ) ),
 .UNSPECIFIED., .F., .F., .F.,
 ( 4, 1, 1, 1, 1, 1, 1, 1, 1, 1, 1, 1, 1, 1, 1, 1, 1, 1, 1, 1, 1, 1, 1, 1, 1, 1, 1, 1, 1, 1, 4 ),
 ( 2, 2 ),
 ( 0.08439613193519990286, 0.1032991138633100048, 0.1475214462701280038, 0.1966384262090120072, 0.2506500537876020229, 0.3095563290867019979, 0.3733572521685220025, 0.4185890921436339895, 0.4297803624489259788, 0.4409716327542180236, 0.4521629030595090137, 0.4633541733648000038, 0.4745454436700919931, 0.4965657833278410149, 0.4982828922924040227, 0.5000000000000000000, 0.5017171077075960328, 0.5034342166721590406, 0.5254545563299080069, 0.5366458266351999962, 0.5478370969404909863, 0.5590283672457819764, 0.5702196375510739657, 0.5814109078563659549, 0.6266427478314779975, 0.6904436709132979466, 0.7493499462123980326, 0.8033615737909880483, 0.8524785537298720239, 0.8967008861366899675, 0.9156038680647964334 ),
 ( 0.000000000000000000, 1.000000000000000000 ),
 .UNSPECIFIED. ) ;
#1448 = CARTESIAN_POINT ( 'NONE',  ( -0.007105306012984073487, -0.1625871952148160438, 0.01225970267820779280 ) ) ;
#1449 = AXIS2_PLACEMENT_3D ( 'NONE', #1790, #405, #1314 ) ;
#1450 = CARTESIAN_POINT ( 'NONE',  ( 0.1443375672974064605, 0.2499999999999998612, 1.000000000000000000 ) ) ;
#1451 = DIRECTION ( 'NONE',  ( -0.000000000000000000, -0.000000000000000000, -1.000000000000000000 ) ) ;
#1452 = ORIENTED_EDGE ( 'NONE', *, *, #588, .T. ) ;
#1453 = CARTESIAN_POINT ( 'NONE',  ( -0.1452646148884708110, 0.07942926006288214547, 0.002726991926488593100 ) ) ;
#1454 = B_SPLINE_CURVE_WITH_KNOTS ( 'NONE', 3,
 ( #1093, #2001, #2881, #865, #1325, #1106, #2285, #708, #33, #4, #1617, #2270, #948, #1147, #2077, #2028, #2514, #2489, #462, #1369 ),
 .UNSPECIFIED., .F., .F.,
 ( 4, 2, 2, 2, 2, 2, 2, 2, 2, 4 ),
 ( 8.673617379884035472E-19, 0.0005475201370056282128, 0.0008212802055084384703, 0.0009581602397598437074, 0.001095040274011248619, 0.001163480291136951292, 0.001231920308262653531, 0.001368800342514054540, 0.001642560411016855473, 0.002190080548022451268 ),
 .UNSPECIFIED. ) ;
#1455 = ORIENTED_EDGE ( 'NONE', *, *, #189, .T. ) ;
#1456 = CARTESIAN_POINT ( 'NONE',  ( 0.04331227457171883677, 0.1510248371942309042, 0.01789479732321474365 ) ) ;
#1457 = LINE ( 'NONE', #2787, #2252 ) ;
#1458 = ORIENTED_EDGE ( 'NONE', *, *, #2856, .F. ) ;
#1459 = ORIENTED_EDGE ( 'NONE', *, *, #475, .T. ) ;
#1460 = DIRECTION ( 'NONE',  ( -0.000000000000000000, -0.000000000000000000, -1.000000000000000000 ) ) ;
#1461 = DIRECTION ( 'NONE',  ( -0.000000000000000000, -0.000000000000000000, -1.000000000000000000 ) ) ;
#1462 = CARTESIAN_POINT ( 'NONE',  ( -0.09718507462835146438, 0.1017198579134789838, 0.03431642517885519217 ) ) ;
#1463 = ORIENTED_EDGE ( 'NONE', *, *, #1052, .T. ) ;
#1464 = ADVANCED_FACE ( 'NONE', ( #536 ), #58, .F. ) ;
#1465 = DIRECTION ( 'NONE',  ( -0.7071067811865486830, 8.659560562354947649E-17, 0.7071067811865462405 ) ) ;
#1466 = CARTESIAN_POINT ( 'NONE',  ( 0.08735306505935623578, 0.1347552928662103244, 0.002726991926488593100 ) ) ;
#1467 = ORIENTED_EDGE ( 'NONE', *, *, #2555, .T. ) ;
#1468 = CARTESIAN_POINT ( 'NONE',  ( -0.1118296389506887589, 0.08613994503586124007, 0.002726991926488593100 ) ) ;
#1469 = ORIENTED_EDGE ( 'NONE', *, *, #1877, .T. ) ;
#1470 = DIRECTION ( 'NONE',  ( -0.8660254037844388186, -0.4999999999999998335, 0.000000000000000000 ) ) ;
#1471 = CARTESIAN_POINT ( 'NONE',  ( -0.1642374247012051147, 0.01183636747931016663, 0.01033900797173135586 ) ) ;
#1472 = CARTESIAN_POINT ( 'NONE',  ( 0.04613519640304701575, -0.1417325339773186366, 0.002726991926488456491 ) ) ;
#1473 = DIRECTION ( 'NONE',  ( -0.000000000000000000, -0.000000000000000000, 1.000000000000000000 ) ) ;
#1474 = ORIENTED_EDGE ( 'NONE', *, *, #1993, .T. ) ;
#1475 = CARTESIAN_POINT ( 'NONE',  ( 0.1630260271443511599, 0.02255551480766744901, 0.002726991926489275714 ) ) ;
#1476 = CARTESIAN_POINT ( 'NONE',  ( -0.2886751345948129766, -1.024238109024573811E-16, 0.000000000000000000 ) ) ;
#1477 = CARTESIAN_POINT ( 'NONE',  ( -0.1528316958884758103, 0.002480858612478443678, 0.002726991926488729710 ) ) ;
#1478 = CARTESIAN_POINT ( 'NONE',  ( 0.1402632388725895962, -0.02647990540565640580, 0.002726991926486270739 ) ) ;
#1479 = LINE ( 'NONE', #2794, #678 ) ;
#1480 = APPLICATION_CONTEXT ( 'configuration controlled 3d designs of mechanical parts and assemblies' ) ;
#1481 = CARTESIAN_POINT ( 'NONE',  ( 0.07856433452583788668, 0.1311157018366408133, 0.002726991926488593100 ) ) ;
#1482 = CARTESIAN_POINT ( 'NONE',  ( -0.04715128513935575721, -0.1428004830984443141, 0.02464975840400091336 ) ) ;
#1483 = CARTESIAN_POINT ( 'NONE',  ( 0.1004207281000989854, 0.1152361023961178399, 0.002726991926488593100 ) ) ;
#1484 = CARTESIAN_POINT ( 'NONE',  ( -0.1441368988296694298, 0.08305312516766927278, 0.9972730080735117131 ) ) ;
#1485 = EDGE_CURVE ( 'NONE', #2832, #497, #123, .T. ) ;
#1486 = CARTESIAN_POINT ( 'NONE',  ( 0.07253069056932907877, -0.1463396564204151318, 0.002726991926488456491 ) ) ;
#1487 = AXIS2_PLACEMENT_3D ( 'NONE', #1082, #842, #1795 ) ;
#1488 = EDGE_LOOP ( 'NONE', ( #837, #714, #2621, #997 ) ) ;
#1489 = CARTESIAN_POINT ( 'NONE',  ( 0.1366845183365922589, 0.03330481454009889819, 0.9972730080735131564 ) ) ;
#1490 = FACE_OUTER_BOUND ( 'NONE', #2104, .T. ) ;
#1491 = CARTESIAN_POINT ( 'NONE',  ( -0.1267731733649888615, -0.06099533375125573698, 1.000000000000000000 ) ) ;
#1492 = B_SPLINE_CURVE_WITH_KNOTS ( 'NONE', 3,
 ( #1257, #2206, #174, #2247, #227, #2232, #1781, #240, #421, #2504, #2718, #1150, #2055, #2030, #477, #1578, #450, #186, #465, #2273 ),
 .UNSPECIFIED., .F., .F.,
 ( 4, 2, 2, 2, 2, 2, 2, 2, 2, 4 ),
 ( 0.000000000000000000, 0.0005475201370057314288, 0.0008212802055085969806, 0.0009581602397600296481, 0.001095040274011462641, 0.001163480291137178975, 0.001231920308262895525, 0.001368800342514327759, 0.001642560411017192443, 0.002190080548022922246 ),
 .UNSPECIFIED. ) ;
#1493 = CARTESIAN_POINT ( 'NONE',  ( 0.1245105233957458229, -0.09945339482096923756, 0.9843459757314382275 ) ) ;
#1494 = ORIENTED_EDGE ( 'NONE', *, *, #2166, .F. ) ;
#1495 = DIRECTION ( 'NONE',  ( -1.000000000000000000, 0.000000000000000000, 0.000000000000000000 ) ) ;
#1496 = CARTESIAN_POINT ( 'NONE',  ( -0.06903744380191853547, -0.1513036221280199545, 0.9913075819845628134 ) ) ;
#1497 = DIRECTION ( 'NONE',  ( -0.000000000000000000, -0.000000000000000000, -1.000000000000000000 ) ) ;
#1498 = VERTEX_POINT ( 'NONE', #504 ) ;
#1499 = CARTESIAN_POINT ( 'NONE',  ( 0.1004207281000989854, 0.1152361023961178399, 0.9972730080735109359 ) ) ;
#1500 = VECTOR ( 'NONE', #2014, 39.37007874015748854 ) ;
#1501 = CARTESIAN_POINT ( 'NONE',  ( -0.1411036922528504933, 0.06863503593859555940, 0.002726991926488593100 ) ) ;
#1502 = CARTESIAN_POINT ( 'NONE',  ( -0.1164812149502408578, -0.07973759992837997634, 0.9972730080735111580 ) ) ;
#1503 = VECTOR ( 'NONE', #91, 39.37007874015748143 ) ;
#1504 = CARTESIAN_POINT ( 'NONE',  ( 0.1212769824214027098, -0.1132239301912395385, 0.9972730080735126013 ) ) ;
#1505 = CARTESIAN_POINT ( 'NONE',  ( 0.000000000000000000, 0.000000000000000000, 0.03431642517885522686 ) ) ;
#1506 = CARTESIAN_POINT ( 'NONE',  ( 0.1366845183365922589, 0.03330481454009889819, 0.002726991926489275714 ) ) ;
#1507 = CARTESIAN_POINT ( 'NONE',  ( 0.1411036922528453863, 0.06863503593860664775, 0.9972730080735109359 ) ) ;
#1508 = CARTESIAN_POINT ( 'NONE',  ( -0.1555346792231332154, -0.05542300485990783038, 0.002726991926487910053 ) ) ;
#1509 = CARTESIAN_POINT ( 'NONE',  ( 0.1094058926189782482, -0.1130726635581572465, 0.9823294948667442572 ) ) ;
#1510 = ORIENTED_EDGE ( 'NONE', *, *, #898, .T. ) ;
#1511 = CARTESIAN_POINT ( 'NONE',  ( 0.1443375672974064605, 0.2499999999999998612, 1.000000000000000000 ) ) ;
#1512 = CARTESIAN_POINT ( 'NONE',  ( 0.1443572943925811869, 0.07514022209850625134, 0.01225970267820635125 ) ) ;
#1513 = CARTESIAN_POINT ( 'NONE',  ( 0.09718507462834390098, 0.1017198579134862002, 0.9656835748211447523 ) ) ;
#1514 = CARTESIAN_POINT ( 'NONE',  ( 0.08735306505935623578, 0.1347552928662103244, 0.9972730080735109359 ) ) ;
#1515 = ORIENTED_EDGE ( 'NONE', *, *, #63, .T. ) ;
#1516 = CARTESIAN_POINT ( 'NONE',  ( 0.2886751345948128100, -6.257501111549675945E-17, 0.000000000000000000 ) ) ;
#1517 = PERSON ( 'UNSPECIFIED', 'UNSPECIFIED', 'UNSPECIFIED', ('UNSPECIFIED'), ('UNSPECIFIED'), ('UNSPECIFIED') ) ;
#1518 = CARTESIAN_POINT ( 'NONE',  ( 0.06753174292318696315, -0.1520287173599366715, 0.9972730080735126013 ) ) ;
#1519 = CARTESIAN_POINT ( 'NONE',  ( 0.1230595699429104239, -0.1119411067777295321, 0.9972730080735126013 ) ) ;
#1520 = CARTESIAN_POINT ( 'NONE',  ( -0.06197936475330055595, -0.1524624383888925627, 0.9972730080735108249 ) ) ;
#1521 = ADVANCED_FACE ( 'NONE', ( #1440 ), #1447, .T. ) ;
#1522 = CARTESIAN_POINT ( 'NONE',  ( 0.1655313789142418557, 0.01654786197388637831, 0.002726991926489275714 ) ) ;
#1523 = CARTESIAN_POINT ( 'NONE',  ( 0.1439945656737254276, 0.08329965342536571615, 0.002726991926486953786 ) ) ;
#1524 = CARTESIAN_POINT ( 'NONE',  ( -0.01883494462709792844, -0.1394170473268988575, 0.03431642517885521992 ) ) ;
#1525 = CARTESIAN_POINT ( 'NONE',  ( -0.1568210212292420469, 0.005309183204320744656, 0.9972730080735126013 ) ) ;
#1526 = ORIENTED_EDGE ( 'NONE', *, *, #96, .T. ) ;
#1527 = CARTESIAN_POINT ( 'NONE',  ( 0.1009950669966138831, 0.1203513648467277042, 0.01789479732321209646 ) ) ;
#1528 = ORIENTED_EDGE ( 'NONE', *, *, #1097, .F. ) ;
#1529 = CARTESIAN_POINT ( 'NONE',  ( -0.1240375626403108639, -0.1108641612466925025, 0.9913590817808429767 ) ) ;
#1530 = CARTESIAN_POINT ( 'NONE',  ( -0.02167235930038249533, 0.1554069785049387586, 0.9972730080735122682 ) ) ;
#1531 = CARTESIAN_POINT ( 'NONE',  ( 0.06927539626651786631, -0.1511325009192478197, 0.002726991926488456491 ) ) ;
#1532 = CARTESIAN_POINT ( 'NONE',  ( 0.1257650697743118440, -0.1069854809467473411, 0.002726991926489139538 ) ) ;
#1533 = CARTESIAN_POINT ( 'NONE',  ( -0.04613519640304119401, -0.1417325339773206905, 0.9972730080735108249 ) ) ;
#1534 = CARTESIAN_POINT ( 'NONE',  ( 0.1389071925799540697, 0.03285960162383574912, 0.9972730080735131564 ) ) ;
#1535 = CARTESIAN_POINT ( 'NONE',  ( 0.1165878833371326168, 0.08705943990750875106, 0.9972730080735109359 ) ) ;
#1536 = CARTESIAN_POINT ( 'NONE',  ( -0.1568443576895039993, -0.05410741441021575671, 0.9972730080735119351 ) ) ;
#1537 = CARTESIAN_POINT ( 'NONE',  ( -0.1411038677112850526, -0.003956866884135520727, 0.9972730080735126013 ) ) ;
#1538 = VECTOR ( 'NONE', #1126, 39.37007874015748143 ) ;
#1539 = FACE_OUTER_BOUND ( 'NONE', #1607, .T. ) ;
#1540 = CARTESIAN_POINT ( 'NONE',  ( 0.09897001473325593712, 0.1068260358582720365, 0.9706085934895196665 ) ) ;
#1541 = CARTESIAN_POINT ( 'NONE',  ( -0.06960314592575503334, -0.1510888171327289808, 0.008659721743457599735 ) ) ;
#1542 = DIRECTION ( 'NONE',  ( -0.000000000000000000, -0.000000000000000000, -1.000000000000000000 ) ) ;
#1543 = CARTESIAN_POINT ( 'NONE',  ( -0.04169208920874373919, 0.1550848691140831181, 0.9972730080735122682 ) ) ;
#1544 = CIRCLE ( 'NONE', #2109, 0.1406835748211446580 ) ;
#1545 = CARTESIAN_POINT ( 'NONE',  ( 0.06197936475330698136, -0.1524624383888895374, 0.9972730080735126013 ) ) ;
#1546 = CARTESIAN_POINT ( 'NONE',  ( 0.1241911094187242992, -0.1106844048748674564, 0.9972730080735126013 ) ) ;
#1547 = LINE ( 'NONE', #413, #687 ) ;
#1548 = CARTESIAN_POINT ( 'NONE',  ( -0.1259271545272979964, -0.1048717271517138339, 0.01112769221928176788 ) ) ;
#1549 = CARTESIAN_POINT ( 'NONE',  ( 0.1414200644624924452, 0.08608821673293738652, 0.9972730080735109359 ) ) ;
#1550 = CARTESIAN_POINT ( 'NONE',  ( -0.1584736271687139653, -0.05060216036048851423, 0.002726991926487910053 ) ) ;
#1551 = CYLINDRICAL_SURFACE ( 'NONE', #1975, 0.1406835748211446024 ) ;
#1552 = EDGE_CURVE ( 'NONE', #762, #497, #2912, .T. ) ;
#1553 = DIRECTION ( 'NONE',  ( -0.000000000000000000, -0.000000000000000000, -1.000000000000000000 ) ) ;
#1554 = CARTESIAN_POINT ( 'NONE',  ( 0.09018101187778246319, 0.1358375586164038695, 0.01195477211224442796 ) ) ;
#1555 = CARTESIAN_POINT ( 'NONE',  ( -0.07381262308632899338, -0.1384655798341052069, 0.9972730080735108249 ) ) ;
#1556 = CARTESIAN_POINT ( 'NONE',  ( -0.1585962335936781376, -0.04730667221465101324, 0.9904999148200975823 ) ) ;
#1557 = EDGE_CURVE ( 'NONE', #1498, #1861, #118, .T. ) ;
#1558 = DIRECTION ( 'NONE',  ( -0.7071067811865486830, 0.000000000000000000, -0.7071067811865462405 ) ) ;
#1559 = CARTESIAN_POINT ( 'NONE',  ( -0.1119234723893637040, -0.1134327311934462956, 0.9843459757314357850 ) ) ;
#1560 = CARTESIAN_POINT ( 'NONE',  ( -0.03444746463453195184, 0.1627471639832893946, 0.9972730080735122682 ) ) ;
#1561 = APPROVAL_ROLE ( '' ) ;
#1562 = CARTESIAN_POINT ( 'NONE',  ( -0.05350969391774132444, -0.1475050262957470493, 0.9972730080735108249 ) ) ;
#1563 = CARTESIAN_POINT ( 'NONE',  ( 0.1488382472457157601, -4.039246682526659048E-18, 0.02616175275428412467 ) ) ;
#1564 = CARTESIAN_POINT ( 'NONE',  ( -0.1003990384875928510, 0.1316466815517946531, 0.9972730080735126013 ) ) ;
#1565 = CARTESIAN_POINT ( 'NONE',  ( -0.1406277576667152029, -0.05989587382478300803, 0.9972730080735119351 ) ) ;
#1566 = CARTESIAN_POINT ( 'NONE',  ( 0.01056307814159814819, 0.1402864555280769476, 0.03431642517885519217 ) ) ;
#1567 = CARTESIAN_POINT ( 'NONE',  ( -0.0006092017394191137983, -0.1663604762794412550, 0.9913590817808434208 ) ) ;
#1568 = CARTESIAN_POINT ( 'NONE',  ( 0.09777984196709470222, 0.1345824066700476718, 0.002726991926488593100 ) ) ;
#1569 = CARTESIAN_POINT ( 'NONE',  ( 0.01883494462710164769, -0.1394170473268983579, 1.000000000000000000 ) ) ;
#1570 = DIRECTION ( 'NONE',  ( 0.000000000000000000, 0.000000000000000000, 1.000000000000000000 ) ) ;
#1571 = CARTESIAN_POINT ( 'NONE',  ( -0.04736669712909578195, 0.1329750137495879780, 0.9972730080735122682 ) ) ;
#1572 = CARTESIAN_POINT ( 'NONE',  ( -0.09729137996121280108, 0.1349465323004806205, 0.9913590817808433098 ) ) ;
#1573 = CARTESIAN_POINT ( 'NONE',  ( -0.09508621061264133090, 0.1359646181347201332, 0.9972730080735126013 ) ) ;
#1574 = CARTESIAN_POINT ( 'NONE',  ( 0.001815097502123190357, -0.1662432518421343153, 0.002726991926487773443 ) ) ;
#1575 = CARTESIAN_POINT ( 'NONE',  ( 0.000000000000000000, 0.000000000000000000, 0.9656835748211447523 ) ) ;
#1576 = DIRECTION ( 'NONE',  ( -0.000000000000000000, -0.000000000000000000, -1.000000000000000000 ) ) ;
#1577 = CARTESIAN_POINT ( 'NONE',  ( -0.07397868109669354653, -0.1202211005681462913, 0.002726991926487636834 ) ) ;
#1578 = CARTESIAN_POINT ( 'NONE',  ( -0.1486933668434710087, -0.05803851146004197770, 0.01539002986354028567 ) ) ;
#1579 = AXIS2_PLACEMENT_3D ( 'NONE', #664, #2649, #650 ) ;
#1580 = DIRECTION ( 'NONE',  ( -1.000000000000000000, 0.000000000000000000, 0.000000000000000000 ) ) ;
#1581 = ADVANCED_FACE ( 'NONE', ( #2815 ), #1125, .F. ) ;
#1582 = CARTESIAN_POINT ( 'NONE',  ( -0.02892624357682408581, 0.1620170028337884482, 0.002726991926487090396 ) ) ;
#1583 = B_SPLINE_SURFACE_WITH_KNOTS ( 'NONE', 3, 1, ( 
 ( #2003, #2883 ),
 ( #868, #1577 ),
 ( #1988, #1779 ),
 ( #2664, #449 ),
 ( #420, #2870 ),
 ( #2433, #646 ),
 ( #1555, #434 ),
 ( #1327, #198 ),
 ( #2678, #886 ),
 ( #1793, #662 ),
 ( #2246, #1123 ),
 ( #2238, #2009 ),
 ( #1100, #2876 ),
 ( #2654, #622 ),
 ( #2423, #427 ),
 ( #1279, #2625 ),
 ( #1072, #1320 ),
 ( #813, #2213 ),
 ( #609, #1770 ),
 ( #192, #2612 ),
 ( #596, #2889 ),
 ( #2639, #876 ),
 ( #1980, #383 ),
 ( #1520, #2671 ),
 ( #1786, #2861 ),
 ( #654, #399 ),
 ( #1562, #831 ),
 ( #1292, #2455 ),
 ( #1533, #1335 ),
 ( #859, #1309 ),
 ( #847, #1086 ),
 ( #1054, #178 ),
 ( #2394, #1963 ) ),
 .UNSPECIFIED., .F., .F., .F.,
 ( 4, 1, 1, 1, 1, 1, 1, 1, 1, 1, 1, 1, 1, 1, 1, 1, 1, 1, 1, 1, 1, 1, 1, 1, 1, 1, 1, 1, 1, 1, 4 ),
 ( 2, 2 ),
 ( 0.08439613193519909795, 0.1032991138633100048, 0.1475214462701280038, 0.1966384262090120072, 0.2506500537876020229, 0.3095563290867019979, 0.3733572521685220025, 0.4185890921436339895, 0.4297803624489259788, 0.4409716327542180236, 0.4521629030595090137, 0.4633541733648000038, 0.4745454436700919931, 0.4965657833278410149, 0.4982828922924040227, 0.5000000000000000000, 0.5017171077075960328, 0.5034342166721590406, 0.5254545563299080069, 0.5366458266351999962, 0.5478370969404909863, 0.5590283672457819764, 0.5702196375510739657, 0.5814109078563659549, 0.6266427478314779975, 0.6904436709132979466, 0.7493499462123980326, 0.8033615737909880483, 0.8524785537298720239, 0.8967008861366899675, 0.9156038680647977657 ),
 ( 0.000000000000000000, 1.000000000000000000 ),
 .UNSPECIFIED. ) ;
#1584 = DATE_AND_TIME ( #262, #14 ) ;
#1585 = VECTOR ( 'NONE', #1661, 39.37007874015748143 ) ;
#1586 = CARTESIAN_POINT ( 'NONE',  ( -0.07101418102687334644, 0.1271371379518030642, 0.9706085934895180012 ) ) ;
#1587 = CARTESIAN_POINT ( 'NONE',  ( -0.09709655830482538663, 0.1350804482762573977, 0.002726991926488593100 ) ) ;
#1588 = LINE ( 'NONE', #2256, #205 ) ;
#1589 = AXIS2_PLACEMENT_3D ( 'NONE', #1894, #1805, #2450 ) ;
#1590 = CARTESIAN_POINT ( 'NONE',  ( -0.1162100952233864198, -0.07929112177682978713, 0.03431642517885525462 ) ) ;
#1591 = CARTESIAN_POINT ( 'NONE',  ( 0.1488382472457157601, -4.039246682526659048E-18, 0.02616175275428412467 ) ) ;
#1592 = LINE ( 'NONE', #2476, #2662 ) ;
#1593 = CARTESIAN_POINT ( 'NONE',  ( -0.1443375672974064883, 0.2499999999999998890, 1.000000000000000000 ) ) ;
#1594 = ORIENTED_EDGE ( 'NONE', *, *, #348, .T. ) ;
#1595 = CARTESIAN_POINT ( 'NONE',  ( 0.03444746463451956592, 0.1627471639832917261, 0.9972730080735127123 ) ) ;
#1596 = CARTESIAN_POINT ( 'NONE',  ( 0.1615514550647986769, 0.009203511354257560076, 0.9868118063272840468 ) ) ;
#1597 = PERSON_AND_ORGANIZATION_ROLE ( 'design_supplier' ) ;
#1598 = CARTESIAN_POINT ( 'NONE',  ( 0.1570566605199109622, -0.04379112490557603155, 0.01195477211225508610 ) ) ;
#1599 = CARTESIAN_POINT ( 'NONE',  ( -0.09709655830482538663, 0.1350804482762573977, 0.9972730080735126013 ) ) ;
#1600 = CARTESIAN_POINT ( 'NONE',  ( 0.01350799410038995216, -0.1522537882057010683, 0.002726991926487773443 ) ) ;
#1601 = CARTESIAN_POINT ( 'NONE',  ( -0.1443375672974065160, -0.2500000000000001110, 1.000000000000000000 ) ) ;
#1602 = EDGE_CURVE ( 'NONE', #1813, #2551, #2459, .T. ) ;
#1603 = EDGE_CURVE ( 'NONE', #18, #514, #1283, .T. ) ;
#1604 = CARTESIAN_POINT ( 'NONE',  ( 0.000000000000000000, 0.000000000000000000, 0.9656835748211447523 ) ) ;
#1605 = B_SPLINE_SURFACE_WITH_KNOTS ( 'NONE', 3, 1, ( 
 ( #1965, #2169 ),
 ( #1982, #371 ),
 ( #2215, #181 ),
 ( #816, #2397 ),
 ( #1043, #1724 ),
 ( #2627, #1090 ),
 ( #1507, #849 ),
 ( #611, #2819 ),
 ( #167, #1710 ),
 ( #2185, #2600 ),
 ( #800, #2227 ),
 ( #2411, #193 ),
 ( #1103, #1998 ),
 ( #1953, #1757 ),
 ( #2382, #862 ),
 ( #583, #415 ),
 ( #139, #2614 ),
 ( #1772, #1523 ),
 ( #356, #2657 ),
 ( #640, #1056 ),
 ( #1074, #1281 ),
 ( #1549, #2444 ),
 ( #834, #1267 ),
 ( #2863, #152 ),
 ( #1321, #2834 ),
 ( #387, #2643 ),
 ( #625, #2846 ),
 ( #598, #1742 ),
 ( #1294, #2199 ),
 ( #1535, #2427 ),
 ( #401, #1311 ),
 ( #2470, #1144 ),
 ( #2297, #1614 ) ),
 .UNSPECIFIED., .F., .F., .F.,
 ( 4, 1, 1, 1, 1, 1, 1, 1, 1, 1, 1, 1, 1, 1, 1, 1, 1, 1, 1, 1, 1, 1, 1, 1, 1, 1, 1, 1, 1, 1, 4 ),
 ( 2, 2 ),
 ( 0.08439613193520176249, 0.1032991138633100048, 0.1475214462701280038, 0.1966384262090120072, 0.2506500537876020229, 0.3095563290867019979, 0.3733572521685220025, 0.4185890921436339895, 0.4297803624489259788, 0.4409716327542180236, 0.4521629030595090137, 0.4633541733648000038, 0.4745454436700919931, 0.4965657833278410149, 0.4982828922924040227, 0.5000000000000000000, 0.5017171077075960328, 0.5034342166721590406, 0.5254545563299080069, 0.5366458266351999962, 0.5478370969404909863, 0.5590283672457819764, 0.5702196375510739657, 0.5814109078563659549, 0.6266427478314779975, 0.6904436709132979466, 0.7493499462123980326, 0.8033615737909880483, 0.8524785537298720239, 0.8967008861366899675, 0.9156038680647974326 ),
 ( 0.000000000000000000, 1.000000000000000000 ),
 .UNSPECIFIED. ) ;
#1606 = DIRECTION ( 'NONE',  ( -0.000000000000000000, -0.000000000000000000, -1.000000000000000000 ) ) ;
#1607 = EDGE_LOOP ( 'NONE', ( #1409, #1715, #2096, #1960, #1111, #2837 ) ) ;
#1609 = CARTESIAN_POINT ( 'NONE',  ( 0.06903744380193589658, -0.1513036221280099347, 0.008692418015439082671 ) ) ;
#1608 = DIRECTION ( 'NONE',  ( -0.000000000000000000, -0.000000000000000000, -1.000000000000000000 ) ) ;
#1610 = EDGE_LOOP ( 'NONE', ( #334, #1887, #137, #770 ) ) ;
#1611 = CARTESIAN_POINT ( 'NONE',  ( 0.09735744171127619362, 0.1022129484070293109, 0.002726991926488593100 ) ) ;
#1612 = CARTESIAN_POINT ( 'NONE',  ( 0.1488382472457157046, -1.805780869835447321E-17, 0.9738382472457158823 ) ) ;
#1613 = CARTESIAN_POINT ( 'NONE',  ( 0.1428591922911017775, -0.02825096337166361354, 0.02939140651048264760 ) ) ;
#1614 = CARTESIAN_POINT ( 'NONE',  ( 0.1113212323921586172, 0.08602006418939500687, 0.002726991926486953786 ) ) ;
#1615 = CYLINDRICAL_SURFACE ( 'NONE', #1063, 0.1406835748211446302 ) ;
#1616 = EDGE_CURVE ( 'NONE', #1212, #2110, #1880, .T. ) ;
#1617 = CARTESIAN_POINT ( 'NONE',  ( 0.1447865029892402566, 0.08182801028931514786, 0.9913075819845624803 ) ) ;
#1618 = CARTESIAN_POINT ( 'NONE',  ( -0.1443572943925837404, 0.07514022209848841838, 0.9877402973217876969 ) ) ;
#1619 = CARTESIAN_POINT ( 'NONE',  ( -0.1651428245616473889, 0.01918230585176221303, 0.9972730080735126013 ) ) ;
#1620 = CARTESIAN_POINT ( 'NONE',  ( 0.1579510611337612558, -0.05221045324334926824, 0.9972730080735112690 ) ) ;
#1621 = ORIENTED_EDGE ( 'NONE', *, *, #2436, .F. ) ;
#1622 = CARTESIAN_POINT ( 'NONE',  ( -0.1366845183365936467, 0.03330481454009328462, 0.9656835748211447523 ) ) ;
#1623 = VERTEX_POINT ( 'NONE', #2725 ) ;
#1624 = CARTESIAN_POINT ( 'NONE',  ( 0.01565918088790587553, 0.1482273847462043659, 0.002726991926490095371 ) ) ;
#1625 = VECTOR ( 'NONE', #478, 39.37007874015748143 ) ;
#1626 = DIRECTION ( 'NONE',  ( 0.000000000000000000, 0.000000000000000000, 1.000000000000000000 ) ) ;
#1627 = CARTESIAN_POINT ( 'NONE',  ( 0.1575366466660089171, -0.05342877073785915615, 0.008659721743456302162 ) ) ;
#1628 = CARTESIAN_POINT ( 'NONE',  ( -0.1655585824443642218, 0.01764050796725235778, 0.008511040767172600718 ) ) ;
#1629 = CARTESIAN_POINT ( 'NONE',  ( -0.1237194460861358036, -0.1112059614611135144, 0.9972730080735111580 ) ) ;
#1630 = CARTESIAN_POINT ( 'NONE',  ( 0.01550121597311259446, -0.1482439875277728747, 0.002726991926487773443 ) ) ;
#1631 = DIRECTION ( 'NONE',  ( 0.000000000000000000, 0.000000000000000000, -1.000000000000000000 ) ) ;
#1632 = CIRCLE ( 'NONE', #1115, 0.1406835748211446580 ) ;
#1633 = CARTESIAN_POINT ( 'NONE',  ( 0.1490522097375208133, 7.941751486157530506E-05, 0.002726991926489275714 ) ) ;
#1634 = CIRCLE ( 'NONE', #2022, 0.1406835748211446024 ) ;
#1635 = CARTESIAN_POINT ( 'NONE',  ( 0.1443375672974063773, -0.2500000000000001665, 0.000000000000000000 ) ) ;
#1636 = PLANE ( 'NONE',  #494 ) ;
#1637 = DIRECTION ( 'NONE',  ( 0.000000000000000000, 0.000000000000000000, -1.000000000000000000 ) ) ;
#1638 = ADVANCED_FACE ( 'NONE', ( #207 ), #2024, .F. ) ;
#1639 = DIRECTION ( 'NONE',  ( -1.000000000000000000, 0.000000000000000000, 0.000000000000000000 ) ) ;
#1640 = CARTESIAN_POINT ( 'NONE',  ( -0.04581537303991809612, 0.1431066379096201102, 0.9752295534858484993 ) ) ;
#1641 = VERTEX_POINT ( 'NONE', #657 ) ;
#1642 = CARTESIAN_POINT ( 'NONE',  ( 0.03947281342754670880, 0.1597752602089054785, 0.002726991926490095371 ) ) ;
#1643 = CARTESIAN_POINT ( 'NONE',  ( -0.1225645523809018173, -0.1124139013442305018, 0.008692418015438628173 ) ) ;
#1644 = ORIENTED_EDGE ( 'NONE', *, *, #615, .T. ) ;
#1645 = CARTESIAN_POINT ( 'NONE',  ( 0.1267731733649928583, -0.06099533375124753520, 0.03431642517885519911 ) ) ;
#1646 = CARTESIAN_POINT ( 'NONE',  ( -0.1205390902827846028, -0.08767494082449214798, 0.9972730080735111580 ) ) ;
#1647 = CARTESIAN_POINT ( 'NONE',  ( 0.01056307814159814819, 0.1402864555280769476, 0.03431642517885519217 ) ) ;
#1648 = DIRECTION ( 'NONE',  ( -0.000000000000000000, -0.000000000000000000, -1.000000000000000000 ) ) ;
#1649 = ORIENTED_EDGE ( 'NONE', *, *, #1330, .F. ) ;
#1650 = CARTESIAN_POINT ( 'NONE',  ( -0.1426263021874531467, 0.07166536178711686855, 0.01539002986353845033 ) ) ;
#1651 = CARTESIAN_POINT ( 'NONE',  ( -0.1489761571405890106, -0.03420214220228231378, 0.002726991926487910053 ) ) ;
#1652 = CARTESIAN_POINT ( 'NONE',  ( -0.1458115731686226990, 0.03091201489503733052, 0.9972730080735126013 ) ) ;
#1653 = CARTESIAN_POINT ( 'NONE',  ( -0.002132279511247568531, -0.1663366525135555885, 0.008659721743457348200 ) ) ;
#1654 = CARTESIAN_POINT ( 'NONE',  ( 0.1572840633912535313, -0.04401953565004023544, 0.002726991926486270739 ) ) ;
#1655 = CARTESIAN_POINT ( 'NONE',  ( -0.07391259992631646347, -0.1197029481532885797, 0.9656835748211447523 ) ) ;
#1656 = VERTEX_POINT ( 'NONE', #1563 ) ;
#1657 = CARTESIAN_POINT ( 'NONE',  ( 0.03156378343241476175, 0.1628849054044710365, 0.9972730080735127123 ) ) ;
#1658 = EDGE_CURVE ( 'NONE', #1623, #762, #13, .T. ) ;
#1659 = CARTESIAN_POINT ( 'NONE',  ( -0.1448784280540861280, 0.08154970537387883078, 0.002726991926488593100 ) ) ;
#1660 = VERTEX_POINT ( 'NONE', #929 ) ;
#1661 = DIRECTION ( 'NONE',  ( -0.4999999999999998335, 0.8660254037844388186, 0.000000000000000000 ) ) ;
#1662 = CARTESIAN_POINT ( 'NONE',  ( 0.1238892695040902103, -0.09698724393257183995, 0.01767050513325026107 ) ) ;
#1663 = DIRECTION ( 'NONE',  ( 1.000000000000000000, 0.000000000000000000, 0.000000000000000000 ) ) ;
#1664 = CARTESIAN_POINT ( 'NONE',  ( 0.000000000000000000, 0.000000000000000000, 0.9656835748211447523 ) ) ;
#1665 = CARTESIAN_POINT ( 'NONE',  ( -0.1305242400370422440, 0.08785499044815080205, 0.9823294948667460336 ) ) ;
#1666 = EDGE_CURVE ( 'NONE', #408, #319, #685, .T. ) ;
#1667 = CARTESIAN_POINT ( 'NONE',  ( -0.08981804224412401338, 0.1357121980839955944, 0.01225970267821367699 ) ) ;
#1668 = CARTESIAN_POINT ( 'NONE',  ( 0.1547739620874870881, -0.05595763964331174067, 0.9972730080735112690 ) ) ;
#1669 = CARTESIAN_POINT ( 'NONE',  ( 0.1489761571405912866, -0.03420214220227286994, 0.002726991926486270739 ) ) ;
#1670 = CARTESIAN_POINT ( 'NONE',  ( 0.08325175773249506028, 0.1332426336146590173, 0.9821052026767866927 ) ) ;
#1671 = ORIENTED_EDGE ( 'NONE', *, *, #909, .F. ) ;
#1672 = CARTESIAN_POINT ( 'NONE',  ( -0.1439945656737318946, 0.08329965342535450290, 0.002726991926488593100 ) ) ;
#1673 = EDGE_CURVE ( 'NONE', #1498, #49, #2276, .T. ) ;
#1674 = ORIENTED_EDGE ( 'NONE', *, *, #1418, .F. ) ;
#1675 = VECTOR ( 'NONE', #1445, 39.37007874015748143 ) ;
#1676 = CC_DESIGN_APPROVAL ( #257, ( #347 ) ) ;
#1677 = CARTESIAN_POINT ( 'NONE',  ( 0.03984028906055453456, -0.1354204919729434520, 0.002726991926488456491 ) ) ;
#1678 = CARTESIAN_POINT ( 'NONE',  ( 0.09100401938525666534, -0.1072853050523902285, 0.9972730080735126013 ) ) ;
#1679 = EDGE_CURVE ( 'NONE', #124, #2789, #206, .T. ) ;
#1680 = CARTESIAN_POINT ( 'NONE',  ( 0.1468416703998702832, -0.03187604201838369761, 0.9752295534858483883 ) ) ;
#1681 = CARTESIAN_POINT ( 'NONE',  ( -0.1642088897915717494, 0.02112477706988206277, 0.9972730080735126013 ) ) ;
#1682 = CARTESIAN_POINT ( 'NONE',  ( 0.003245248546691755290, -0.1658250001196833467, 0.009145487210588325311 ) ) ;
#1683 = CIRCLE ( 'NONE', #351, 0.1406835748211446024 ) ;
#1684 = CARTESIAN_POINT ( 'NONE',  ( 0.1584736271687174347, -0.05060216036047810589, 0.002726991926486270739 ) ) ;
#1685 = CARTESIAN_POINT ( 'NONE',  ( 0.04578982700113914950, 0.1432428476631465442, 0.9753502415959983685 ) ) ;
#1686 = CARTESIAN_POINT ( 'NONE',  ( 0.09325337381178457064, 0.1362591434783878563, 0.002726991926488593100 ) ) ;
#1687 = ORIENTED_EDGE ( 'NONE', *, *, #2521, .T. ) ;
#1688 = CARTESIAN_POINT ( 'NONE',  ( 0.01056307814159814819, 0.1402864555280769476, 0.9656835748211447523 ) ) ;
#1689 = ORIENTED_EDGE ( 'NONE', *, *, #63, .F. ) ;
#1690 = CARTESIAN_POINT ( 'NONE',  ( 0.1246095705420644517, -0.1101426785813925946, 0.008692418015437179679 ) ) ;
#1691 = CARTESIAN_POINT ( 'NONE',  ( -0.1443375672974065160, -0.2500000000000001110, 1.000000000000000000 ) ) ;
#1692 = ORIENTED_EDGE ( 'NONE', *, *, #2915, .T. ) ;
#1693 = ORIENTED_EDGE ( 'NONE', *, *, #2207, .F. ) ;
#1694 = DIRECTION ( 'NONE',  ( 0.000000000000000000, 0.000000000000000000, -1.000000000000000000 ) ) ;
#1695 = CARTESIAN_POINT ( 'NONE',  ( -0.1457785495090317684, -0.03106737899827127780, 0.002726991926487910053 ) ) ;
#1696 = CARTESIAN_POINT ( 'NONE',  ( 0.1255802105336091545, -0.1035117971232866196, 0.9877402973217901394 ) ) ;
#1697 = ADVANCED_FACE ( 'NONE', ( #679 ), #2484, .F. ) ;
#1698 = EDGE_LOOP ( 'NONE', ( #779, #2822, #2434, #1219 ) ) ;
#1699 = EDGE_CURVE ( 'NONE', #354, #59, #386, .T. ) ;
#1700 = CARTESIAN_POINT ( 'NONE',  ( 0.1384138093207621656, -0.02516914010792407896, 0.002726991926486270739 ) ) ;
#1701 = CARTESIAN_POINT ( 'NONE',  ( -0.05963914995544649517, -0.1514207819750899298, 0.9877402973217832560 ) ) ;
#1702 = ORIENTED_EDGE ( 'NONE', *, *, #241, .F. ) ;
#1703 = CARTESIAN_POINT ( 'NONE',  ( -0.1379564708458244915, 0.08743001925811348662, 0.9972730080735117131 ) ) ;
#1704 = ORIENTED_EDGE ( 'NONE', *, *, #2506, .F. ) ;
#1705 = AXIS2_PLACEMENT_3D ( 'NONE', #1344, #1542, #1580 ) ;
#1706 = CARTESIAN_POINT ( 'NONE',  ( 0.000000000000000000, 0.000000000000000000, 0.03431642517885517829 ) ) ;
#1707 = CARTESIAN_POINT ( 'NONE',  ( 0.06688996114783400671, -0.1523161259972113102, 0.002726991926488456491 ) ) ;
#1708 = ORIENTED_EDGE ( 'NONE', *, *, #1666, .F. ) ;
#1709 = CARTESIAN_POINT ( 'NONE',  ( 0.1652919186268388962, 0.01436476487278411443, 0.002726991926489275714 ) ) ;
#1710 = CARTESIAN_POINT ( 'NONE',  ( 0.1446948531538017613, 0.07575879873987387270, 0.002726991926486953786 ) ) ;
#1711 = CARTESIAN_POINT ( 'NONE',  ( 0.1580299613290443161, -0.05198759964667173938, 0.9913590817808438649 ) ) ;
#1712 = CARTESIAN_POINT ( 'NONE',  ( -0.1654417040622563895, 0.01738862378651266985, 0.002726991926488729710 ) ) ;
#1713 = ORIENTED_EDGE ( 'NONE', *, *, #2799, .F. ) ;
#1714 = DIRECTION ( 'NONE',  ( -0.000000000000000000, -0.000000000000000000, -1.000000000000000000 ) ) ;
#1715 = ORIENTED_EDGE ( 'NONE', *, *, #2895, .F. ) ;
#1716 = CARTESIAN_POINT ( 'NONE',  ( -0.1386096454587491533, 0.06442862805773844070, 0.9972730080735117131 ) ) ;
#1717 = CARTESIAN_POINT ( 'NONE',  ( -0.1195454327643023645, -0.1138930876477586424, 0.002726991926488729710 ) ) ;
#1718 = CARTESIAN_POINT ( 'NONE',  ( -0.01167334490091844791, 0.1422627659935858102, 0.002726991926487090396 ) ) ;
#1719 = CARTESIAN_POINT ( 'NONE',  ( 0.06595904811003580615, -0.1526090342489838103, 0.002726991926488456491 ) ) ;
#1720 = CARTESIAN_POINT ( 'NONE',  ( 0.1247573496692138545, -0.1098895675917556936, 0.002726991926489139538 ) ) ;
#1721 = CARTESIAN_POINT ( 'NONE',  ( 0.09718507462834390098, 0.1017198579134862002, 0.03431642517885524074 ) ) ;
#1722 = VECTOR ( 'NONE', #2780, 39.37007874015748143 ) ;
#1723 = CARTESIAN_POINT ( 'NONE',  ( 0.1636589639636347737, 0.02187440109109529962, 0.002726991926489275714 ) ) ;
#1724 = CARTESIAN_POINT ( 'NONE',  ( 0.1361336671439079826, 0.06069754694162863423, 0.002726991926486953786 ) ) ;
#1725 = CARTESIAN_POINT ( 'NONE',  ( -0.1531195140957253009, -0.05683670045664169362, 0.9972730080735119351 ) ) ;
#1726 = CARTESIAN_POINT ( 'NONE',  ( -0.1641530725293378901, 0.01183239425845283507, 0.9972730080735126013 ) ) ;
#1727 = ORIENTED_EDGE ( 'NONE', *, *, #2193, .F. ) ;
#1728 = CARTESIAN_POINT ( 'NONE',  ( 0.000000000000000000, 0.000000000000000000, 1.000000000000000000 ) ) ;
#1729 = CARTESIAN_POINT ( 'NONE',  ( 0.007105306012991758312, -0.1625871952148110755, 0.9877402973217873638 ) ) ;
#1730 = CARTESIAN_POINT ( 'NONE',  ( 0.09918377645160844636, 0.1334267283972250251, 0.002726991926488593100 ) ) ;
#1731 = CARTESIAN_POINT ( 'NONE',  ( 0.07391259992632139009, -0.1197029481532854711, 1.000000000000000000 ) ) ;
#1732 = ORIENTED_EDGE ( 'NONE', *, *, #1300, .T. ) ;
#1733 = CARTESIAN_POINT ( 'NONE',  ( 0.09967637676557293547, 0.1108205190822847130, 0.9972730080735109359 ) ) ;
#1734 = VECTOR ( 'NONE', #1352, 39.37007874015748143 ) ;
#1735 = B_SPLINE_CURVE_WITH_KNOTS ( 'NONE', 3,
 ( #1313, #1284, #2808, #818, #1493, #1696, #358, #788, #2158, #571, #1269, #2171, #341, #1076, #1253, #600, #1509, #2187, #154, #1059 ),
 .UNSPECIFIED., .F., .F.,
 ( 4, 2, 2, 2, 2, 2, 2, 2, 2, 4 ),
 ( 4.336808689942017255E-19, 0.0005475201370057333804, 0.0008212802055086035943, 0.0009581602397600417912, 0.001095040274011480205, 0.001163480291137199574, 0.001231920308262919161, 0.001368800342514361803, 0.001642560411017241449, 0.002190080548023000742 ),
 .UNSPECIFIED. ) ;
#1736 = CARTESIAN_POINT ( 'NONE',  ( -0.1230595699429055667, -0.1119411067777349306, 0.9972730080735111580 ) ) ;
#1737 = AXIS2_PLACEMENT_3D ( 'NONE', #1247, #292, #322 ) ;
#1738 = EDGE_CURVE ( 'NONE', #73, #855, #1220, .T. ) ;
#1739 = CARTESIAN_POINT ( 'NONE',  ( -0.01331474879525716172, 0.1448958180299250165, 0.9972730080735122682 ) ) ;
#1740 = DIRECTION ( 'NONE',  ( -1.000000000000000000, 0.000000000000000000, 0.000000000000000000 ) ) ;
#1741 = CARTESIAN_POINT ( 'NONE',  ( 0.1654417040622560287, 0.01738862378651964691, 0.9972730080735131564 ) ) ;
#1742 = CARTESIAN_POINT ( 'NONE',  ( 0.1251016513583554923, 0.08782516014796155901, 0.002726991926486953786 ) ) ;
#1743 = CARTESIAN_POINT ( 'NONE',  ( -0.1586676239291588963, -0.04964572971227828452, 0.002726991926487910053 ) ) ;
#1744 = LINE ( 'NONE', #2836, #2157 ) ;
#1745 = ORIENTED_EDGE ( 'NONE', *, *, #909, .T. ) ;
#1746 = CARTESIAN_POINT ( 'NONE',  ( 0.1412148948264194959, 0.06886804815940414382, 0.01789479732320564676 ) ) ;
#1747 = CARTESIAN_POINT ( 'NONE',  ( 0.09718507462834390098, 0.1017198579134862002, 0.03431642517885524074 ) ) ;
#1748 = CARTESIAN_POINT ( 'NONE',  ( 0.09766455999284051614, 0.1346658862732347806, 0.9972730080735109359 ) ) ;
#1749 = CARTESIAN_POINT ( 'NONE',  ( -0.06362534189204986645, -0.1527825330829543082, 0.009500085179904657270 ) ) ;
#1750 = CARTESIAN_POINT ( 'NONE',  ( 0.01056307814159814645, 0.1402864555280769199, 1.000000000000000000 ) ) ;
#1751 = ADVANCED_FACE ( 'NONE', ( #981 ), #2501, .F. ) ;
#1752 = CARTESIAN_POINT ( 'NONE',  ( -0.03886159083625775890, 0.1604759255041693367, 0.9972730080735122682 ) ) ;
#1753 = CARTESIAN_POINT ( 'NONE',  ( 0.06021905347069409636, -0.1518211504198367368, 0.9972730080735126013 ) ) ;
#1754 = CARTESIAN_POINT ( 'NONE',  ( 0.1223282750848246614, -0.1125873282246319246, 0.9972730080735126013 ) ) ;
#1755 = LINE ( 'NONE', #2831, #1350 ) ;
#1756 = CARTESIAN_POINT ( 'NONE',  ( 0.1653546150935327197, 0.01822965738643560901, 0.9972730080735131564 ) ) ;
#1757 = CARTESIAN_POINT ( 'NONE',  ( 0.1448784280540797720, 0.08154970537389005791, 0.002726991926486953786 ) ) ;
#1758 = CARTESIAN_POINT ( 'NONE',  ( -0.01111216141393514545, -0.1565169000280485778, 0.9972730080735123792 ) ) ;
#1759 = CARTESIAN_POINT ( 'NONE',  ( -0.1652919186268395069, 0.01436476487277727268, 0.9972730080735126013 ) ) ;
#1760 = EDGE_LOOP ( 'NONE', ( #279, #1689, #1895, #479 ) ) ;
#1761 = LINE ( 'NONE', #2867, #2572 ) ;
#1762 = CARTESIAN_POINT ( 'NONE',  ( 0.002132279511262263807, -0.1663366525135543672, 0.9913402782565411409 ) ) ;
#1763 = ORIENTED_EDGE ( 'NONE', *, *, #411, .F. ) ;
#1764 = CARTESIAN_POINT ( 'NONE',  ( 0.1164812149502440081, -0.07973759992837529953, 0.002726991926489139538 ) ) ;
#1765 = DIRECTION ( 'NONE',  ( 0.000000000000000000, 0.000000000000000000, -1.000000000000000000 ) ) ;
#1766 = CARTESIAN_POINT ( 'NONE',  ( -0.03375995171504421466, 0.1628948581182199096, 0.002726991926487090396 ) ) ;
#1767 = CARTESIAN_POINT ( 'NONE',  ( 0.06021905347069409636, -0.1518211504198367368, 0.002726991926488456491 ) ) ;
#1768 = CARTESIAN_POINT ( 'NONE',  ( 0.1167640678313602992, -0.1142022266822435572, 0.9972730080735126013 ) ) ;
#1769 = EDGE_CURVE ( 'NONE', #102, #2140, #254, .T. ) ;
#1770 = CARTESIAN_POINT ( 'NONE',  ( -0.06688996114782772007, -0.1523161259972143078, 0.002726991926487636834 ) ) ;
#1771 = CARTESIAN_POINT ( 'NONE',  ( -0.1238105382261978221, -0.09672334362634735228, 0.01789479732321048316 ) ) ;
#1772 = CARTESIAN_POINT ( 'NONE',  ( 0.1439945656737254276, 0.08329965342536571615, 0.9972730080735109359 ) ) ;
#1773 = CARTESIAN_POINT ( 'NONE',  ( -0.006738382307981262247, -0.1631888179979883169, 0.9972730080735123792 ) ) ;
#1774 = CARTESIAN_POINT ( 'NONE',  ( -0.04740978993551204362, 0.1324544451603161532, 0.03431642517885527544 ) ) ;
#1775 = ADVANCED_FACE ( 'NONE', ( #1490 ), #1605, .T. ) ;
#1776 = AXIS2_PLACEMENT_3D ( 'NONE', #1841, #2065, #2728 ) ;
#1777 = DIRECTION ( 'NONE',  ( -0.000000000000000000, -0.000000000000000000, -1.000000000000000000 ) ) ;
#1778 = CARTESIAN_POINT ( 'NONE',  ( -0.009249127214672274097, -0.1593506818357293686, 0.9846099701364613432 ) ) ;
#1779 = CARTESIAN_POINT ( 'NONE',  ( -0.07417602139532372685, -0.1219544153332797476, 0.002726991926487636834 ) ) ;
#1780 = ADVANCED_FACE ( 'NONE', ( #694 ), #2135, .T. ) ;
#1781 = CARTESIAN_POINT ( 'NONE',  ( -0.1576953542675203213, -0.04458590187006768873, 0.01112769221928008867 ) ) ;
#1782 = LINE ( 'NONE', #2872, #1538 ) ;
#1783 = AXIS2_PLACEMENT_3D ( 'NONE', #39, #2086, #2582 ) ;
#1784 = CARTESIAN_POINT ( 'NONE',  ( -0.04598413531302664864, 0.1417816167008005557, 0.9972730080735122682 ) ) ;
#1785 = DIRECTION ( 'NONE',  ( 0.000000000000000000, 0.000000000000000000, 1.000000000000000000 ) ) ;
#1786 = CARTESIAN_POINT ( 'NONE',  ( -0.06021905347068773340, -0.1518211504198392070, 0.9972730080735108249 ) ) ;
#1787 = CARTESIAN_POINT ( 'NONE',  ( -0.1004207281001076452, 0.1152361023961107483, 0.002726991926488593100 ) ) ;
#1788 = CARTESIAN_POINT ( 'NONE',  ( -0.1406277576667152029, -0.05989587382478300803, 0.002726991926487910053 ) ) ;
#1789 = CARTESIAN_POINT ( 'NONE',  ( 0.1443375672974064605, 0.2499999999999998612, 0.000000000000000000 ) ) ;
#1790 = CARTESIAN_POINT ( 'NONE',  ( 0.000000000000000000, 0.000000000000000000, 0.000000000000000000 ) ) ;
#1791 = CIRCLE ( 'NONE', #1487, 0.1406835748211446024 ) ;
#1792 = CARTESIAN_POINT ( 'NONE',  ( -0.01500734676398763484, -0.1496328881180465920, 0.9753502415960008110 ) ) ;
#1793 = CARTESIAN_POINT ( 'NONE',  ( -0.07182938224925072834, -0.1480769280489046824, 0.9972730080735108249 ) ) ;
#1794 = DIRECTION ( 'NONE',  ( 0.4999999999999998335, 0.8660254037844388186, 0.000000000000000000 ) ) ;
#1795 = DIRECTION ( 'NONE',  ( -1.000000000000000000, 1.687538997430237941E-14, 0.000000000000000000 ) ) ;
#1796 = CARTESIAN_POINT ( 'NONE',  ( -0.04486815455928297447, 0.1461182077430698834, 0.9972730080735122682 ) ) ;
#1797 = CALENDAR_DATE ( 2025, 18, 8 ) ;
#1798 = B_SPLINE_SURFACE_WITH_KNOTS ( 'NONE', 3, 1, ( 
 ( #2335, #331 ),
 ( #2783, #1468 ),
 ( #349, #561 ),
 ( #2362, #1021 ),
 ( #2390, #763 ),
 ( #317, #2595 ),
 ( #2813, #991 ),
 ( #1229, #365 ),
 ( #1703, #530 ),
 ( #1259, #749 ),
 ( #1214, #2770 ),
 ( #1897, #2348 ),
 ( #974, #591 ),
 ( #2164, #134 ),
 ( #1006, #1945 ),
 ( #1275, #1672 ),
 ( #780, #1037 ),
 ( #1484, #2179 ),
 ( #1243, #1881 ),
 ( #2148, #1659 ),
 ( #2136, #1433 ),
 ( #793, #1453 ),
 ( #115, #302 ),
 ( #2120, #2797 ),
 ( #2568, #2828 ),
 ( #547, #809 ),
 ( #100, #1501 ),
 ( #1716, #577 ),
 ( #2374, #2606 ),
 ( #1915, #21 ),
 ( #1804, #1355 ),
 ( #226, #907 ),
 ( #2272, #239 ) ),
 .UNSPECIFIED., .F., .F., .F.,
 ( 4, 1, 1, 1, 1, 1, 1, 1, 1, 1, 1, 1, 1, 1, 1, 1, 1, 1, 1, 1, 1, 1, 1, 1, 1, 1, 1, 1, 1, 1, 4 ),
 ( 2, 2 ),
 ( 0.08439613193520283108, 0.1032991138633100048, 0.1475214462701280038, 0.1966384262090120072, 0.2506500537876020229, 0.3095563290867019979, 0.3733572521685220025, 0.4185890921436339895, 0.4297803624489259788, 0.4409716327542180236, 0.4521629030595090137, 0.4633541733648000038, 0.4745454436700919931, 0.4965657833278410149, 0.4982828922924040227, 0.5000000000000000000, 0.5017171077075960328, 0.5034342166721590406, 0.5254545563299080069, 0.5366458266351999962, 0.5478370969404909863, 0.5590283672457819764, 0.5702196375510739657, 0.5814109078563659549, 0.6266427478314779975, 0.6904436709132979466, 0.7493499462123980326, 0.8033615737909880483, 0.8524785537298720239, 0.8967008861366899675, 0.9156038680647970995 ),
 ( 0.000000000000000000, 1.000000000000000000 ),
 .UNSPECIFIED. ) ;
#1799 = CARTESIAN_POINT ( 'NONE',  ( -0.06712518661459321301, 0.1241779674522764804, 0.002726991926488593100 ) ) ;
#1800 = CARTESIAN_POINT ( 'NONE',  ( -0.0008455296059228288672, -0.1663543032832111856, 0.9972730080735123792 ) ) ;
#1801 = LINE ( 'NONE', #2268, #1734 ) ;
#1802 = CARTESIAN_POINT ( 'NONE',  ( -0.1302489266282984282, 0.08786166223272448561, 0.01789479732321049357 ) ) ;
#1803 = DIRECTION ( 'NONE',  ( 0.000000000000000000, 0.000000000000000000, -1.000000000000000000 ) ) ;
#1804 = CARTESIAN_POINT ( 'NONE',  ( -0.1316926686687930892, 0.05506362309377280106, 0.9972730080735117131 ) ) ;
#1805 = DIRECTION ( 'NONE',  ( 0.000000000000000000, 0.000000000000000000, 1.000000000000000000 ) ) ;
#1806 = CARTESIAN_POINT ( 'NONE',  ( 0.07391259992632139009, -0.1197029481532854711, 0.9656835748211447523 ) ) ;
#1807 = CARTESIAN_POINT ( 'NONE',  ( -0.1041080025813105742, -0.1119160655407992061, 0.002726991926488729710 ) ) ;
#1808 = ORIENTED_EDGE ( 'NONE', *, *, #1166, .F. ) ;
#1809 = CARTESIAN_POINT ( 'NONE',  ( -0.02976960944883228974, 0.1624084858066486836, 0.9972730080735122682 ) ) ;
#1810 = CARTESIAN_POINT ( 'NONE',  ( -0.08735306505936592247, 0.1347552928662038296, 0.002726991926488593100 ) ) ;
#1811 = LINE ( 'NONE', #707, #871 ) ;
#1812 = CARTESIAN_POINT ( 'NONE',  ( -0.04217788128735214942, 0.1539454854351169633, 0.01539002986354260152 ) ) ;
#1813 = VERTEX_POINT ( 'NONE', #2739 ) ;
#1814 = CARTESIAN_POINT ( 'NONE',  ( 0.1461664995321062255, -0.001582301894436255463, 0.9711664995321063198 ) ) ;
#1815 = AXIS2_PLACEMENT_3D ( 'NONE', #523, #1461, #802 ) ;
#1816 = CARTESIAN_POINT ( 'NONE',  ( -0.1406220939717975627, -0.004158715119306009844, 0.9656835748211447523 ) ) ;
#1817 = CARTESIAN_POINT ( 'NONE',  ( -0.02204878233660592310, 0.1557848766131197937, 0.9823294948667455895 ) ) ;
#1818 = ORIENTED_EDGE ( 'NONE', *, *, #1769, .T. ) ;
#1819 = CARTESIAN_POINT ( 'NONE',  ( 0.04486815455927161550, 0.1461182077430730197, 0.9972730080735127123 ) ) ;
#1820 = CARTESIAN_POINT ( 'NONE',  ( -0.09100401938525227996, -0.1072853050523940310, 0.03431642517885517829 ) ) ;
#1821 = EDGE_CURVE ( 'NONE', #1297, #2305, #719, .T. ) ;
#1822 = PERSON_AND_ORGANIZATION ( #1517, #2334 ) ;
#1823 = VECTOR ( 'NONE', #2751, 39.37007874015748143 ) ;
#1824 = CARTESIAN_POINT ( 'NONE',  ( -0.09777984196710440279, 0.1345824066700404553, 0.9972730080735126013 ) ) ;
#1825 = CARTESIAN_POINT ( 'NONE',  ( 0.005391093247495278191, -0.1644906468110158559, 0.9972730080735123792 ) ) ;
#1826 = DIRECTION ( 'NONE',  ( -0.000000000000000000, -0.000000000000000000, -1.000000000000000000 ) ) ;
#1827 = CARTESIAN_POINT ( 'NONE',  ( 0.09992678105258659405, 0.1324477378502941505, 0.002726991926488593100 ) ) ;
#1828 = VERTEX_POINT ( 'NONE', #751 ) ;
#1829 = CARTESIAN_POINT ( 'NONE',  ( 0.07457107207438314067, -0.1305924074099225896, 0.02464975840400048315 ) ) ;
#1830 = CARTESIAN_POINT ( 'NONE',  ( -0.1113212323921652647, 0.08602006418938624999, 0.03431642517885524074 ) ) ;
#1831 = CARTESIAN_POINT ( 'NONE',  ( 0.1406220939717977569, -0.004158715119300120458, 0.9656835748211447523 ) ) ;
#1832 = CARTESIAN_POINT ( 'NONE',  ( -0.1524339511669485503, -0.05699975397306554503, 0.9877402973217886961 ) ) ;
#1833 = ORIENTED_EDGE ( 'NONE', *, *, #1821, .T. ) ;
#1834 = CARTESIAN_POINT ( 'NONE',  ( -0.03046970073689395445, 0.1626723205807585615, 0.9904999148200970271 ) ) ;
#1835 = CARTESIAN_POINT ( 'NONE',  ( 0.01331474879524593979, 0.1448958180299260989, 0.002726991926490095371 ) ) ;
#1836 = CARTESIAN_POINT ( 'NONE',  ( 0.1412409328532957253, 0.03244122112661829149, 0.03009397415115792895 ) ) ;
#1837 = APPLICATION_PROTOCOL_DEFINITION ( 'international standard', 'config_control_design', 1994, #1480 ) ;
#1838 = ADVANCED_FACE ( 'NONE', ( #41 ), #2475, .T. ) ;
#1839 = CARTESIAN_POINT ( 'NONE',  ( -0.09894168501749324440, 0.1067449930437442546, 0.9705304259484011098 ) ) ;
#1840 = CARTESIAN_POINT ( 'NONE',  ( -0.1010466623910521305, 0.1299069235812253809, 0.9972730080735126013 ) ) ;
#1841 = CARTESIAN_POINT ( 'NONE',  ( 0.000000000000000000, 0.000000000000000000, 0.9656835748211447523 ) ) ;
#1842 = CARTESIAN_POINT ( 'NONE',  ( -0.1412148948264221326, 0.06886804815938842028, 0.9821052026767896903 ) ) ;
#1843 = CARTESIAN_POINT ( 'NONE',  ( 0.001528115842963598042, -0.1663027948584487048, 0.008692418015440074933 ) ) ;
#1844 = ORIENTED_EDGE ( 'NONE', *, *, #1658, .F. ) ;
#1845 = CARTESIAN_POINT ( 'NONE',  ( -0.1162100952233864198, -0.07929112177682978713, 0.9656835748211447523 ) ) ;
#1846 = EDGE_LOOP ( 'NONE', ( #2539, #546, #284, #308 ) ) ;
#1847 = CARTESIAN_POINT ( 'NONE',  ( 0.03633934884433222962, 0.1622330579369054560, 0.9972730080735127123 ) ) ;
#1848 = CARTESIAN_POINT ( 'NONE',  ( 0.1544047966488817092, 0.02741191807290114038, 0.9818126213031387328 ) ) ;
#1849 = AXIS2_PLACEMENT_3D ( 'NONE', #1353, #1896, #1639 ) ;
#1850 = CARTESIAN_POINT ( 'NONE',  ( 0.1524339511669591529, -0.05699975397305359626, 0.01225970267820567124 ) ) ;
#1851 = CARTESIAN_POINT ( 'NONE',  ( -0.1524065284542574505, 0.02833542542282244808, 0.9800127078557910876 ) ) ;
#1852 = CARTESIAN_POINT ( 'NONE',  ( -0.09735744171128386804, 0.1022129484070220945, 0.9972730080735126013 ) ) ;
#1853 = CARTESIAN_POINT ( 'NONE',  ( -0.002991637056828120884, -0.1658879589991753001, 0.9972730080735123792 ) ) ;
#1854 = B_SPLINE_CURVE_WITH_KNOTS ( 'NONE', 3,
 ( #339, #2155, #1029, #1938, #799, #2381, #1266, #1952, #2613, #2833, #1055, #815, #2395, #914, #2103, #1417, #2070, #939, #2737, #2710, #1836, #288 ),
 .UNSPECIFIED., .F., .F.,
 ( 4, 2, 2, 2, 2, 2, 2, 2, 2, 2, 4 ),
 ( 0.0003124210946446096503, 0.0005471285263168383347, 0.0007818359579890678864, 0.0008991896738251834754, 0.001016543389661299064, 0.001133897105497414654, 0.001251250821333530026, 0.001368604537169645615, 0.001485958253005760770, 0.001720665684677989997, 0.002190080548022446932 ),
 .UNSPECIFIED. ) ;
#1855 = EDGE_CURVE ( 'NONE', #740, #989, #1991, .T. ) ;
#1856 = CARTESIAN_POINT ( 'NONE',  ( 0.1454938338084205418, -0.001903927984366858128, 0.9972730080735131564 ) ) ;
#1857 = CARTESIAN_POINT ( 'NONE',  ( 0.05636426324757785183, -0.1493360505179551490, 0.9846099701364566803 ) ) ;
#1858 = CARTESIAN_POINT ( 'NONE',  ( -0.07569248911125271706, 0.1298044888003664632, 0.02477044651415299947 ) ) ;
#1859 = FACE_OUTER_BOUND ( 'NONE', #2788, .T. ) ;
#1860 = CARTESIAN_POINT ( 'NONE',  ( 0.03066772188491794296, 0.1628427610825829430, 0.9907005728923794496 ) ) ;
#1861 = VERTEX_POINT ( 'NONE', #634 ) ;
#1862 = CARTESIAN_POINT ( 'NONE',  ( 0.02976960944881983442, 0.1624084858066508763, 0.9972730080735127123 ) ) ;
#1863 = CIRCLE ( 'NONE', #1579, 0.1406835748211445747 ) ;
#1864 = CARTESIAN_POINT ( 'NONE',  ( -0.1162100952233864198, -0.07929112177682978713, 0.03431642517885525462 ) ) ;
#1865 = ORIENTED_EDGE ( 'NONE', *, *, #1673, .T. ) ;
#1866 = CARTESIAN_POINT ( 'NONE',  ( -0.1568114444672181196, 0.005333689040009268433, 0.01810374521526017522 ) ) ;
#1867 = CARTESIAN_POINT ( 'NONE',  ( -0.1212769824213976999, -0.1132239301912447982, 0.9972730080735111580 ) ) ;
#1868 = DESIGN_CONTEXT ( 'detailed design', #260, 'design' ) ;
#1869 = CARTESIAN_POINT ( 'NONE',  ( 0.02408385809951232165, 0.1577914887907118924, 0.01539002986353302412 ) ) ;
#1870 = CARTESIAN_POINT ( 'NONE',  ( 0.1603780394462276382, 0.008272327006743436864, 0.9972730080735131564 ) ) ;
#1871 = CARTESIAN_POINT ( 'NONE',  ( -0.1220822089698713614, 0.08781318760003510582, 0.9753502415960003669 ) ) ;
#1872 = CARTESIAN_POINT ( 'NONE',  ( -0.1654266028000628275, 0.01753015374664971399, 0.9972730080735126013 ) ) ;
#1873 = CARTESIAN_POINT ( 'NONE',  ( 0.1267731733649928583, -0.06099533375124753520, 0.9972730080735112690 ) ) ;
#1874 = ORIENTED_EDGE ( 'NONE', *, *, #2858, .F. ) ;
#1875 = CARTESIAN_POINT ( 'NONE',  ( 0.1586676239291619495, -0.04964572971226802189, 0.9972730080735112690 ) ) ;
#1876 = CARTESIAN_POINT ( 'NONE',  ( -0.04697062678347468240, 0.1377596123454816190, 0.9705304259484009988 ) ) ;
#1877 = EDGE_CURVE ( 'NONE', #954, #2733, #201, .T. ) ;
#1878 = ORIENTED_EDGE ( 'NONE', *, *, #2676, .T. ) ;
#1879 = CARTESIAN_POINT ( 'NONE',  ( 0.01565918088790587553, 0.1482273847462043659, 0.9972730080735127123 ) ) ;
#1880 = B_SPLINE_CURVE_WITH_KNOTS ( 'NONE', 3,
 ( #1143, #2713, #30, #2265, #1378, #233, #2280, #2254, #2047, #2511, #915, #220, #442, #941, #2685, #2469, #1157, #2917, #1851, #2456, #2063, #2241 ),
 .UNSPECIFIED., .F., .F.,
 ( 4, 2, 2, 2, 2, 2, 2, 2, 2, 2, 4 ),
 ( 0.0003124210946450149250, 0.0005471285263172664861, 0.0007818359579895180472, 0.0008991896738256439361, 0.001016543389661769608, 0.001133897105497895606, 0.001251250821334020952, 0.001368604537170146733, 0.001485958253006272730, 0.001720665684678529062, 0.002190080548023039773 ),
 .UNSPECIFIED. ) ;
#1881 = CARTESIAN_POINT ( 'NONE',  ( -0.1444898174750877118, 0.08244490152321660992, 0.002726991926488593100 ) ) ;
#1882 = ORIENTED_EDGE ( 'NONE', *, *, #425, .T. ) ;
#1883 = CARTESIAN_POINT ( 'NONE',  ( -0.1618990565041547314, 0.02354778330360648639, 0.01140041637578371667 ) ) ;
#1884 = CARTESIAN_POINT ( 'NONE',  ( -0.1186330275234006998, -0.1140720892915593893, 0.9972730080735111580 ) ) ;
#1885 = CARTESIAN_POINT ( 'NONE',  ( 0.1160714550919309390, -0.1140723399172568070, 0.01225970267821556089 ) ) ;
#1886 = FACE_OUTER_BOUND ( 'NONE', #2058, .T. ) ;
#1887 = ORIENTED_EDGE ( 'NONE', *, *, #1420, .F. ) ;
#1888 = CARTESIAN_POINT ( 'NONE',  ( -0.06670949404548279227, 0.1238616632725893785, 0.03431642517885516441 ) ) ;
#1889 = DIRECTION ( 'NONE',  ( -0.000000000000000000, -0.000000000000000000, -1.000000000000000000 ) ) ;
#1890 = CARTESIAN_POINT ( 'NONE',  ( -0.07094585909364442555, 0.1270851511840557779, 0.02946957405160003166 ) ) ;
#1891 = CARTESIAN_POINT ( 'NONE',  ( 0.1582548774487605447, -0.05127046877129939201, 0.002726991926486270739 ) ) ;
#1892 = ADVANCED_FACE ( 'NONE', ( #2635 ), #2006, .F. ) ;
#1893 = CARTESIAN_POINT ( 'NONE',  ( 0.04060410363141934292, 0.1579106202965846750, 0.9880452278877478456 ) ) ;
#1894 = CARTESIAN_POINT ( 'NONE',  ( 0.000000000000000000, 0.000000000000000000, 0.03431642517885521299 ) ) ;
#1895 = ORIENTED_EDGE ( 'NONE', *, *, #532, .F. ) ;
#1896 = DIRECTION ( 'NONE',  ( -0.000000000000000000, -0.000000000000000000, -1.000000000000000000 ) ) ;
#1897 = CARTESIAN_POINT ( 'NONE',  ( -0.1414200644624990788, 0.08608821673292643695, 0.9972730080735117131 ) ) ;
#1898 = EDGE_CURVE ( 'NONE', #520, #1230, #2437, .T. ) ;
#1899 = VECTOR ( 'NONE', #2023, 39.37007874015748143 ) ;
#1900 = ORIENTED_EDGE ( 'NONE', *, *, #1679, .T. ) ;
#1901 = CARTESIAN_POINT ( 'NONE',  ( -0.1608355807937615345, 0.02412081031765778844, 0.01236729644176388747 ) ) ;
#1902 = CARTESIAN_POINT ( 'NONE',  ( -0.1236243735453381731, -0.1113118859140150435, 0.9972730080735111580 ) ) ;
#1903 = CARTESIAN_POINT ( 'NONE',  ( 0.03399239868873325798, 0.1628517608933604810, 0.008640918219155335409 ) ) ;
#1904 = FACE_OUTER_BOUND ( 'NONE', #750, .T. ) ;
#1905 = EDGE_CURVE ( 'NONE', #1861, #2591, #1791, .T. ) ;
#1906 = VERTEX_POINT ( 'NONE', #2418 ) ;
#1907 = CARTESIAN_POINT ( 'NONE',  ( -0.1434293422779137073, -0.002982565259254171472, 0.03154517158087683654 ) ) ;
#1908 = DIRECTION ( 'NONE',  ( 0.5000000000000000000, -0.8660254037844385966, 0.000000000000000000 ) ) ;
#1909 = CARTESIAN_POINT ( 'NONE',  ( -0.09604518090180040601, 0.1358225011213860800, 0.008659721743460359680 ) ) ;
#1910 = CARTESIAN_POINT ( 'NONE',  ( 0.1531195140957291312, -0.05683670045663156978, 0.002726991926486270739 ) ) ;
#1911 = CARTESIAN_POINT ( 'NONE',  ( 0.1522902644031372543, -0.03779808849270058918, 0.002726991926486270739 ) ) ;
#1912 = CARTESIAN_POINT ( 'NONE',  ( 0.1443375672974064605, 0.2499999999999998612, 0.000000000000000000 ) ) ;
#1913 = EDGE_LOOP ( 'NONE', ( #2507, #2336 ) ) ;
#1914 = CARTESIAN_POINT ( 'NONE',  ( 0.1009882529991305289, 0.1200932674293733182, 0.9972730080735109359 ) ) ;
#1915 = CARTESIAN_POINT ( 'NONE',  ( -0.1336896282677138004, 0.05743834878965826257, 0.9972730080735117131 ) ) ;
#1916 = ORIENTED_EDGE ( 'NONE', *, *, #2640, .F. ) ;
#1917 = CIRCLE ( 'NONE', #250, 0.1406835748211446024 ) ;
#1918 = CARTESIAN_POINT ( 'NONE',  ( -0.1544047966488774903, 0.02741191807289741073, 0.01818737869686616604 ) ) ;
#1919 = EDGE_CURVE ( 'NONE', #2159, #1387, #913, .T. ) ;
#1920 = CC_DESIGN_SECURITY_CLASSIFICATION ( #347, ( #17 ) ) ;
#1921 = CARTESIAN_POINT ( 'NONE',  ( -0.04740978993551204362, 0.1324544451603161532, 1.000000000000000000 ) ) ;
#1922 = DIRECTION ( 'NONE',  ( -0.000000000000000000, -0.000000000000000000, -1.000000000000000000 ) ) ;
#1923 = EDGE_CURVE ( 'NONE', #59, #2733, #2608, .T. ) ;
#1924 = ORIENTED_EDGE ( 'NONE', *, *, #1898, .T. ) ;
#1925 = CARTESIAN_POINT ( 'NONE',  ( 0.1411038677112851358, -0.003956866884129636545, 0.9972730080735131564 ) ) ;
#1926 = CARTESIAN_POINT ( 'NONE',  ( 0.1486933668434763378, -0.05803851146003236039, 0.9846099701364613432 ) ) ;
#1927 = CARTESIAN_POINT ( 'NONE',  ( -0.1490522097375208133, 7.941751485541745684E-05, 0.002726991926488729710 ) ) ;
#1928 = CIRCLE ( 'NONE', #25, 0.1406835748211446580 ) ;
#1929 = APPROVAL ( #231, 'UNSPECIFIED' ) ;
#1930 = CARTESIAN_POINT ( 'NONE',  ( 0.1388430885402756332, -0.02546674386763692413, 0.9972730080735112690 ) ) ;
#1931 = CARTESIAN_POINT ( 'NONE',  ( -0.06670949404548279227, 0.1238616632725893785, 1.000000000000000000 ) ) ;
#1932 = CARTESIAN_POINT ( 'NONE',  ( 0.06852761108462902817, 0.1252155265466521894, 0.002726991926488593100 ) ) ;
#1933 = EDGE_LOOP ( 'NONE', ( #1359, #2347, #2569, #1316 ) ) ;
#1934 = FACE_OUTER_BOUND ( 'NONE', #69, .T. ) ;
#1935 = ORIENTED_EDGE ( 'NONE', *, *, #2258, .T. ) ;
#1936 = CARTESIAN_POINT ( 'NONE',  ( 0.04314932410747440716, -0.1389612048274986300, 0.002726991926488456491 ) ) ;
#1937 = ORIENTED_EDGE ( 'NONE', *, *, #841, .F. ) ;
#1938 = CARTESIAN_POINT ( 'NONE',  ( 0.1566865631951145643, 0.005240022521045139756, 0.01823148830218342120 ) ) ;
#1939 = LINE ( 'NONE', #1491, #1675 ) ;
#1940 = CARTESIAN_POINT ( 'NONE',  ( -0.1528316958884758103, 0.002480858612478443678, 0.9972730080735126013 ) ) ;
#1941 = ORIENTED_EDGE ( 'NONE', *, *, #1602, .T. ) ;
#1942 = CARTESIAN_POINT ( 'NONE',  ( 0.04696354418429787847, 0.1378451713740551643, 0.9706085934895174461 ) ) ;
#1943 = ORIENTED_EDGE ( 'NONE', *, *, #2071, .T. ) ;
#1944 = CARTESIAN_POINT ( 'NONE',  ( 0.1010466623910422357, 0.1299069235812325973, 0.002726991926488593100 ) ) ;
#1945 = CARTESIAN_POINT ( 'NONE',  ( -0.1436442878691626401, 0.08390940175998240491, 0.002726991926488593100 ) ) ;
#1946 = CARTESIAN_POINT ( 'NONE',  ( -0.01081417969965906695, 0.1407444911747740834, 0.002726991926487090396 ) ) ;
#1947 = CARTESIAN_POINT ( 'NONE',  ( 0.1384138093207621378, -0.02516914010792403039, 1.000000000000000000 ) ) ;
#1948 = CARTESIAN_POINT ( 'NONE',  ( 0.1186330275234056958, -0.1140720892915546847, 0.002726991926489139538 ) ) ;
#1949 = CARTESIAN_POINT ( 'NONE',  ( 0.000000000000000000, 0.000000000000000000, 0.03431642517885519217 ) ) ;
#1950 = VECTOR ( 'NONE', #2878, 39.37007874015748143 ) ;
#1951 = ORIENTED_EDGE ( 'NONE', *, *, #732, .T. ) ;
#1952 = CARTESIAN_POINT ( 'NONE',  ( 0.1640049421510042515, 0.01153562407788288717, 0.01059194981728234577 ) ) ;
#1953 = CARTESIAN_POINT ( 'NONE',  ( 0.1448784280540797720, 0.08154970537389005791, 0.9972730080735109359 ) ) ;
#1954 = FACE_OUTER_BOUND ( 'NONE', #1846, .T. ) ;
#1955 = CARTESIAN_POINT ( 'NONE',  ( -0.1650126196875351670, 0.01347779791692890750, 0.9972730080735126013 ) ) ;
#1956 = VERTEX_POINT ( 'NONE', #2031 ) ;
#1957 = CARTESIAN_POINT ( 'NONE',  ( 0.1453958218178751927, 0.07948791732404918153, 0.009299427107619330848 ) ) ;
#1958 = EDGE_CURVE ( 'NONE', #728, #2587, #1782, .T. ) ;
#1959 = CARTESIAN_POINT ( 'NONE',  ( -0.07457107207437763119, -0.1305924074099291954, 0.9753502415960024763 ) ) ;
#1960 = ORIENTED_EDGE ( 'NONE', *, *, #1898, .F. ) ;
#1961 = CARTESIAN_POINT ( 'NONE',  ( -0.09791084605445542211, 0.1038673567306991757, 0.9972730080735126013 ) ) ;
#1962 = CARTESIAN_POINT ( 'NONE',  ( 0.06766186209515935579, -0.1519710304565569381, 0.9972730080735126013 ) ) ;
#1963 = CARTESIAN_POINT ( 'NONE',  ( -0.03949944370824236273, -0.1350246724535778819, 0.002726991926487636834 ) ) ;
#1964 = CARTESIAN_POINT ( 'NONE',  ( 0.1654266028000624944, 0.01753015374665669104, 0.9972730080735131564 ) ) ;
#1965 = CARTESIAN_POINT ( 'NONE',  ( 0.1301561770192594669, 0.05339698313751256586, 0.9972730080735109359 ) ) ;
#1966 = CARTESIAN_POINT ( 'NONE',  ( -0.1290398418135403347, -0.06102196976547165364, 0.9972730080735119351 ) ) ;
#1967 = CARTESIAN_POINT ( 'NONE',  ( 0.07391259992632139009, -0.1197029481532854711, 0.03431642517885524074 ) ) ;
#1968 = ORIENTED_EDGE ( 'NONE', *, *, #2401, .F. ) ;
#1969 = CARTESIAN_POINT ( 'NONE',  ( 0.000000000000000000, 0.000000000000000000, 0.000000000000000000 ) ) ;
#1970 = CARTESIAN_POINT ( 'NONE',  ( -0.01082253355882077488, -0.1569648029058123007, 0.9823294948667465887 ) ) ;
#1971 = EDGE_CURVE ( 'NONE', #49, #2581, #1863, .T. ) ;
#1972 = FACE_OUTER_BOUND ( 'NONE', #1610, .T. ) ;
#1973 = CARTESIAN_POINT ( 'NONE',  ( -0.05636426324757312645, -0.1493360505179585906, 0.01539002986354182784 ) ) ;
#1974 = CARTESIAN_POINT ( 'NONE',  ( -0.09100401938525225221, -0.1072853050523940310, 0.9972730080735111580 ) ) ;
#1975 = AXIS2_PLACEMENT_3D ( 'NONE', #223, #1826, #2716 ) ;
#1976 = CARTESIAN_POINT ( 'NONE',  ( -0.04740978993551204362, 0.1324544451603162087, 0.002726991926487090396 ) ) ;
#1977 = CARTESIAN_POINT ( 'NONE',  ( 0.07083419446063540792, -0.1496440195528894457, 0.002726991926488456491 ) ) ;
#1978 = B_SPLINE_CURVE_WITH_KNOTS ( 'NONE', 3,
 ( #672, #46, #697, #1591 ),
 .UNSPECIFIED., .F., .F.,
 ( 4, 4 ),
 ( 0.000000000000000000, 0.0003124210946446096503 ),
 .UNSPECIFIED. ) ;
#1979 = CARTESIAN_POINT ( 'NONE',  ( 0.1248862076198343773, -0.1009602995095490868, 0.002726991926489139538 ) ) ;
#1980 = CARTESIAN_POINT ( 'NONE',  ( -0.06288569494435995721, -0.1526700208950966808, 0.9972730080735108249 ) ) ;
#1981 = CARTESIAN_POINT ( 'NONE',  ( 0.1650126196875349172, 0.01347779791693561220, 0.002726991926489275714 ) ) ;
#1982 = CARTESIAN_POINT ( 'NONE',  ( 0.1305142001569957744, 0.05377733570940698010, 0.9972730080735109359 ) ) ;
#1983 = CARTESIAN_POINT ( 'NONE',  ( -0.1575458319799526163, -0.05309825032648433918, 0.9972730080735119351 ) ) ;
#1984 = FACE_OUTER_BOUND ( 'NONE', #338, .T. ) ;
#1985 = VERTEX_POINT ( 'NONE', #2913 ) ;
#1986 = CARTESIAN_POINT ( 'NONE',  ( 0.1305242400370294487, 0.08785499044816126590, 0.01767050513325878203 ) ) ;
#1987 = CARTESIAN_POINT ( 'NONE',  ( 0.1004950439244689936, 0.1317536342922929482, 0.009299427107625282685 ) ) ;
#1988 = CARTESIAN_POINT ( 'NONE',  ( -0.07417602139532372685, -0.1219544153332797476, 0.9972730080735108249 ) ) ;
#1989 = EDGE_LOOP ( 'NONE', ( #781, #936, #1528, #113 ) ) ;
#1990 = B_SPLINE_CURVE_WITH_KNOTS ( 'NONE', 3,
 ( #2389, #363, #631, #2594, #1273, #604, #2162, #1050, #1541, #378, #1035, #2840, #1749, #576, #2191, #1973, #2854, #1482, #840, #345 ),
 .UNSPECIFIED., .F., .F.,
 ( 4, 2, 2, 2, 2, 2, 2, 2, 2, 4 ),
 ( 0.000000000000000000, 0.0005475201370057787001, 0.0008212802055086679959, 0.0009581602397601126980, 0.001095040274011557400, 0.001163480291137279372, 0.001231920308263001126, 0.001368800342514444202, 0.001642560411017329920, 0.002190080548023101790 ),
 .UNSPECIFIED. ) ;
#1991 = LINE ( 'NONE', #1750, #2208 ) ;
#1992 = CARTESIAN_POINT ( 'NONE',  ( -0.04598413531302664864, 0.1417816167008005557, 0.002726991926487090396 ) ) ;
#1993 = EDGE_CURVE ( 'NONE', #2789, #2121, #1298, .T. ) ;
#1994 = LINE ( 'NONE', #1947, #1200 ) ;
#1995 = DIRECTION ( 'NONE',  ( 0.000000000000000000, 0.000000000000000000, 1.000000000000000000 ) ) ;
#1996 = CARTESIAN_POINT ( 'NONE',  ( 0.1371977307718314776, 0.03320754356592300199, 0.002726991926489275714 ) ) ;
#1997 = CARTESIAN_POINT ( 'NONE',  ( -0.08618127962598584602, 0.1343539102436979160, 0.9846099701364581236 ) ) ;
#1998 = CARTESIAN_POINT ( 'NONE',  ( 0.1451590052036494938, 0.08035314580947508500, 0.002726991926486953786 ) ) ;
#1999 = CARTESIAN_POINT ( 'NONE',  ( -0.01710174493057380757, -0.1444977886971685610, 0.002726991926487773443 ) ) ;
#2000 = CARTESIAN_POINT ( 'NONE',  ( -0.03518417712829800120, 0.1625984405659733623, 0.008640918219156631247 ) ) ;
#2001 = CARTESIAN_POINT ( 'NONE',  ( 0.1165024550909275758, 0.08724178203014774924, 0.9705304259483993334 ) ) ;
#2002 = DIRECTION ( 'NONE',  ( 0.000000000000000000, 0.000000000000000000, 1.000000000000000000 ) ) ;
#2003 = CARTESIAN_POINT ( 'NONE',  ( -0.07391259992631646347, -0.1197029481532885797, 0.9972730080735108249 ) ) ;
#2004 = CARTESIAN_POINT ( 'NONE',  ( -0.06670949404548279227, 0.1238616632725893785, 0.9656835748211447523 ) ) ;
#2005 = CARTESIAN_POINT ( 'NONE',  ( 0.1162100952233895701, -0.07929112177682522133, 0.9972730080735126013 ) ) ;
#2006 = CYLINDRICAL_SURFACE ( 'NONE', #1705, 0.1406835748211445747 ) ;
#2007 = CARTESIAN_POINT ( 'NONE',  ( -0.03458673417202561690, 0.1627177909742071604, 0.9972730080735122682 ) ) ;
#2008 = CARTESIAN_POINT ( 'NONE',  ( 0.05742699021810470511, -0.1499722898578661756, 0.002726991926488456491 ) ) ;
#2009 = CARTESIAN_POINT ( 'NONE',  ( -0.07083419446062926006, -0.1496440195528923045, 0.002726991926487636834 ) ) ;
#2010 = CARTESIAN_POINT ( 'NONE',  ( -0.09484402830651338101, 0.1360627524248146647, 0.9908545127894128335 ) ) ;
#2011 = CARTESIAN_POINT ( 'NONE',  ( -0.03949944370824225864, -0.1350246724535779097, 1.000000000000000000 ) ) ;
#2012 = CARTESIAN_POINT ( 'NONE',  ( -0.09325337381179474305, 0.1362591434783809174, 0.9972730080735126013 ) ) ;
#2013 = CARTESIAN_POINT ( 'NONE',  ( -0.1272953946498932842, -0.06100689124640382155, 0.9972730080735119351 ) ) ;
#2014 = DIRECTION ( 'NONE',  ( 0.7071067811865486830, 8.659560562354947649E-17, -0.7071067811865462405 ) ) ;
#2015 = VECTOR ( 'NONE', #1184, 39.37007874015748143 ) ;
#2016 = CARTESIAN_POINT ( 'NONE',  ( -0.2886751345948129766, -1.024238109024573811E-16, 1.000000000000000000 ) ) ;
#2017 = CARTESIAN_POINT ( 'NONE',  ( 0.1000932034662589537, 0.1122344523009974199, 0.9753502415960020322 ) ) ;
#2018 = CARTESIAN_POINT ( 'NONE',  ( -0.1428591922911010004, -0.02825096337167438618, 0.9706085934895181122 ) ) ;
#2019 = CARTESIAN_POINT ( 'NONE',  ( -0.09306389020740092610, -0.1082315753779202194, 0.002726991926488729710 ) ) ;
#2020 = CONICAL_SURFACE ( 'NONE', #2752, 0.1749999999999999889, 0.7853981633974500554 ) ;
#2021 = CARTESIAN_POINT ( 'NONE',  ( -0.02499108033904671664, 0.1586347781358471987, 0.002726991926487090396 ) ) ;
#2022 = AXIS2_PLACEMENT_3D ( 'NONE', #2339, #1631, #979 ) ;
#2023 = DIRECTION ( 'NONE',  ( -0.000000000000000000, -0.000000000000000000, -1.000000000000000000 ) ) ;
#2024 = PLANE ( 'NONE',  #2036 ) ;
#2025 = CARTESIAN_POINT ( 'NONE',  ( -0.1007732690192763014, 0.1307956198040013951, 0.002726991926488593100 ) ) ;
#2026 = CARTESIAN_POINT ( 'NONE',  ( 0.0001423331559396897033, -0.1663527785930360714, 0.9972730080735123792 ) ) ;
#2027 = LINE ( 'NONE', #2446, #1500 ) ;
#2028 = CARTESIAN_POINT ( 'NONE',  ( 0.1426263021874494830, 0.07166536178713076022, 0.9846099701364642298 ) ) ;
#2029 = DIRECTION ( 'NONE',  ( -1.000000000000000000, 0.000000000000000000, 0.000000000000000000 ) ) ;
#2030 = CARTESIAN_POINT ( 'NONE',  ( -0.1542047385904561085, -0.05643934579650174838, 0.01079694827736593643 ) ) ;
#2031 = CARTESIAN_POINT ( 'NONE',  ( -0.1443375672974065160, -0.2500000000000001110, 0.000000000000000000 ) ) ;
#2032 = CARTESIAN_POINT ( 'NONE',  ( -0.02733773058513848039, 0.1610237392503459097, 0.002726991926487090396 ) ) ;
#2033 = CARTESIAN_POINT ( 'NONE',  ( -0.06712518661459321301, 0.1241779674522764804, 0.9972730080735126013 ) ) ;
#2034 = CARTESIAN_POINT ( 'NONE',  ( 0.01815983791077378090, -0.1415810081062289227, 0.9972730080735123792 ) ) ;
#2035 = DIRECTION ( 'NONE',  ( -1.000000000000000000, -6.217248937900876626E-15, 0.000000000000000000 ) ) ;
#2036 = AXIS2_PLACEMENT_3D ( 'NONE', #485, #1392, #2072 ) ;
#2037 = DIRECTION ( 'NONE',  ( 1.000000000000000000, 7.105427357601001859E-15, 0.000000000000000000 ) ) ;
#2038 = CARTESIAN_POINT ( 'NONE',  ( -0.1544096418284137406, -0.04044562604492330654, 0.9846099701364611212 ) ) ;
#2039 = EDGE_CURVE ( 'NONE', #23, #2159, #481, .T. ) ;
#2040 = B_SPLINE_CURVE_WITH_KNOTS ( 'NONE', 3,
 ( #376, #197, #839, #2403, #2853, #1729, #419, #2431, #1762, #1567, #1078, #1286, #866, #2204, #406, #1778, #1970, #1792, #645, #885 ),
 .UNSPECIFIED., .F., .F.,
 ( 4, 2, 2, 2, 2, 2, 2, 2, 2, 4 ),
 ( 4.631713711198776482E-19, 0.0005475201370056871934, 0.0008212802055085314948, 0.0009581602397599505013, 0.001095040274011369399, 0.001163480291137078577, 0.001231920308262788189, 0.001368800342514213050, 0.001642560411017069061, 0.002190080548022775662 ),
 .UNSPECIFIED. ) ;
#2041 = DIRECTION ( 'NONE',  ( -0.000000000000000000, -0.000000000000000000, -1.000000000000000000 ) ) ;
#2042 = ORIENTED_EDGE ( 'NONE', *, *, #648, .T. ) ;
#2043 = CARTESIAN_POINT ( 'NONE',  ( 0.01081417969964798206, 0.1407444911747750549, 0.9972730080735127123 ) ) ;
#2044 = CARTESIAN_POINT ( 'NONE',  ( -0.1232222915817242220, -0.1117696114873376612, 0.008640918219155725721 ) ) ;
#2045 = DATE_TIME_ROLE ( 'classification_date' ) ;
#2046 = CC_DESIGN_DATE_AND_TIME_ASSIGNMENT ( #2482, #439, ( #432 ) ) ;
#2047 = CARTESIAN_POINT ( 'NONE',  ( -0.1647748571257344197, 0.01265532806201648264, 0.9902545047176424253 ) ) ;
#2048 = CARTESIAN_POINT ( 'NONE',  ( -0.06670949404548279227, 0.1238616632725893785, 0.9972730080735126013 ) ) ;
#2049 = CARTESIAN_POINT ( 'NONE',  ( 2.306206165504616530E-15, -0.1663530032196957886, 0.9972730080735123792 ) ) ;
#2050 = CARTESIAN_POINT ( 'NONE',  ( -0.01635228757441716668, 0.1493692100523588695, 0.02477044651415107740 ) ) ;
#2051 = ORIENTED_EDGE ( 'NONE', *, *, #463, .T. ) ;
#2052 = CARTESIAN_POINT ( 'NONE',  ( 0.04715128513936118343, -0.1428004830984415663, 0.9753502415959983685 ) ) ;
#2053 = CARTESIAN_POINT ( 'NONE',  ( 0.09718507462834390098, 0.1017198579134862002, 1.000000000000000000 ) ) ;
#2054 = LOCAL_TIME ( 16, 58, 26.00000000000000000, #426 ) ;
#2055 = CARTESIAN_POINT ( 'NONE',  ( -0.1561132124839438584, -0.05494862540653413369, 0.009500085179903432556 ) ) ;
#2056 = EDGE_CURVE ( 'NONE', #2354, #1641, #1137, .T. ) ;
#2057 = DIRECTION ( 'NONE',  ( 0.000000000000000000, 0.000000000000000000, 1.000000000000000000 ) ) ;
#2058 = EDGE_LOOP ( 'NONE', ( #1745, #2358, #2087, #1937, #1467, #567, #1878, #537, #1007, #2536, #1234, #911, #1404, #1187, #511, #2405, #1169, #2522, #1526, #1951 ) ) ;
#2059 = CARTESIAN_POINT ( 'NONE',  ( 0.09718507462834390098, 0.1017198579134862002, 0.002726991926488593100 ) ) ;
#2060 = CARTESIAN_POINT ( 'NONE',  ( 0.1642374247011970934, 0.01183636747930644391, 0.9896609920282605222 ) ) ;
#2061 =( NAMED_UNIT ( * ) SI_UNIT ( $, .STERADIAN. ) SOLID_ANGLE_UNIT ( ) );
#2062 = AXIS2_PLACEMENT_3D ( 'NONE', #1728, #1271, #2661 ) ;
#2063 = CARTESIAN_POINT ( 'NONE',  ( -0.1412409328532948372, 0.03244122112661310814, 0.9699060258488403363 ) ) ;
#2064 = CARTESIAN_POINT ( 'NONE',  ( -0.09846465394570649843, 0.1340864686107788306, 0.002726991926488593100 ) ) ;
#2065 = DIRECTION ( 'NONE',  ( 0.000000000000000000, 0.000000000000000000, -1.000000000000000000 ) ) ;
#2066 = CARTESIAN_POINT ( 'NONE',  ( -0.1432583871462972669, 0.08447478456914117584, 0.9913075819845613701 ) ) ;
#2067 = CARTESIAN_POINT ( 'NONE',  ( 0.1406277576667192275, -0.05989587382477384175, 0.9972730080735112690 ) ) ;
#2068 = DIRECTION ( 'NONE',  ( -0.5000000000000000000, 0.8660254037844385966, 0.000000000000000000 ) ) ;
#2069 = CARTESIAN_POINT ( 'NONE',  ( 0.03472591030448963362, 0.1626879785290706870, 0.9972730080735127123 ) ) ;
#2070 = CARTESIAN_POINT ( 'NONE',  ( 0.1578699519016903141, 0.02564677459828328815, 0.01506203979141793221 ) ) ;
#2071 = EDGE_CURVE ( 'NONE', #319, #1985, #487, .T. ) ;
#2072 = DIRECTION ( 'NONE',  ( -0.4999999999999997224, -0.8660254037844388186, 0.000000000000000000 ) ) ;
#2073 = CARTESIAN_POINT ( 'NONE',  ( -0.1241911094187194281, -0.1106844048748724385, 0.9972730080735111580 ) ) ;
#2074 = CARTESIAN_POINT ( 'NONE',  ( 0.008537059671348356735, -0.1603641653951718982, 0.002726991926487773443 ) ) ;
#2075 = CARTESIAN_POINT ( 'NONE',  ( 0.07224894950832877472, -0.1474604708138107789, 0.01079694827736676736 ) ) ;
#2076 = DIRECTION ( 'NONE',  ( -1.000000000000000000, -1.776356839400250465E-15, 0.000000000000000000 ) ) ;
#2077 = CARTESIAN_POINT ( 'NONE',  ( 0.1445199088448864688, 0.07548809960272981345, 0.9880452278877562833 ) ) ;
#2078 = CARTESIAN_POINT ( 'NONE',  ( 0.06124050245444721818, -0.1523617472228962211, 0.9892030517226304553 ) ) ;
#2079 = CARTESIAN_POINT ( 'NONE',  ( -0.1544979469168803188, 0.02741175886637494535, 0.002726991926488729710 ) ) ;
#2080 = CARTESIAN_POINT ( 'NONE',  ( 0.0006092017394331351345, -0.1663604762794404224, 0.008640918219156863700 ) ) ;
#2081 = ORIENTED_EDGE ( 'NONE', *, *, #949, .T. ) ;
#2082 = CARTESIAN_POINT ( 'NONE',  ( 0.02387390470968826436, 0.1575559737096990098, 0.9843459757314400038 ) ) ;
#2083 = AXIS2_PLACEMENT_3D ( 'NONE', #563, #1470, #795 ) ;
#2084 = ORIENTED_EDGE ( 'NONE', *, *, #2502, .F. ) ;
#2085 = CARTESIAN_POINT ( 'NONE',  ( 0.03278848231073721448, 0.1629878179182355780, 0.9972730080735127123 ) ) ;
#2086 = DIRECTION ( 'NONE',  ( 0.000000000000000000, 0.000000000000000000, -1.000000000000000000 ) ) ;
#2087 = ORIENTED_EDGE ( 'NONE', *, *, #1333, .T. ) ;
#2088 = CARTESIAN_POINT ( 'NONE',  ( -0.1223282750848196654, -0.1125873282246369067, 0.9972730080735111580 ) ) ;
#2089 = CARTESIAN_POINT ( 'NONE',  ( 0.04740978993550177406, 0.1324544451603199002, 0.03431642517885523380 ) ) ;
#2090 = EDGE_LOOP ( 'NONE', ( #392, #1245, #316, #722 ) ) ;
#2091 = FACE_OUTER_BOUND ( 'NONE', #2090, .T. ) ;
#2092 = EDGE_CURVE ( 'NONE', #1660, #2591, #7, .T. ) ;
#2093 = LINE ( 'NONE', #1476, #2795 ) ;
#2094 = DIRECTION ( 'NONE',  ( 0.8660254037844385966, -0.5000000000000001110, 0.000000000000000000 ) ) ;
#2095 = CARTESIAN_POINT ( 'NONE',  ( 0.1366845183365922589, 0.03330481454009888431, 0.03431642517885519217 ) ) ;
#2096 = ORIENTED_EDGE ( 'NONE', *, *, #2712, .F. ) ;
#2097 = VECTOR ( 'NONE', #409, 39.37007874015748143 ) ;
#2098 = CARTESIAN_POINT ( 'NONE',  ( 0.03249765058102968562, 0.1631451234087079871, 0.9913402782565418070 ) ) ;
#2099 = CC_DESIGN_PERSON_AND_ORGANIZATION_ASSIGNMENT ( #1377, #454, ( #347 ) ) ;
#2100 = ORIENTED_EDGE ( 'NONE', *, *, #1923, .F. ) ;
#2101 = CARTESIAN_POINT ( 'NONE',  ( 0.03633934884433222962, 0.1622330579369054560, 0.002726991926490095371 ) ) ;
#2102 = AXIS2_PLACEMENT_3D ( 'NONE', #1030, #2545, #570 ) ;
#2103 = CARTESIAN_POINT ( 'NONE',  ( 0.1611155228936193007, 0.02396662928244433499, 0.01211326551874275688 ) ) ;
#2104 = EDGE_LOOP ( 'NONE', ( #146, #2586, #501, #2767 ) ) ;
#2105 = CARTESIAN_POINT ( 'NONE',  ( -0.1576269983036584499, 0.02577247486528405629, 0.01528156967732499823 ) ) ;
#2106 = CARTESIAN_POINT ( 'NONE',  ( -0.1204309500491774210, -0.1136098673667266523, 0.9972730080735111580 ) ) ;
#2107 = CARTESIAN_POINT ( 'NONE',  ( 0.04075381669151063868, 0.1575569987224627877, 0.01225970267821839543 ) ) ;
#2108 = EDGE_CURVE ( 'NONE', #2581, #2363, #1087, .T. ) ;
#2109 = AXIS2_PLACEMENT_3D ( 'NONE', #998, #1170, #2076 ) ;
#2110 = VERTEX_POINT ( 'NONE', #1622 ) ;
#2111 = CARTESIAN_POINT ( 'NONE',  ( -0.1445199088448905211, 0.07548809960271504749, 0.01195477211224684443 ) ) ;
#2112 = CIRCLE ( 'NONE', #2901, 0.1749999999999999889 ) ;
#2113 = CARTESIAN_POINT ( 'NONE',  ( 0.1568252717834481003, -0.04348465880520731991, 0.9877402973217886961 ) ) ;
#2114 = DIRECTION ( 'NONE',  ( -0.000000000000000000, -0.000000000000000000, -1.000000000000000000 ) ) ;
#2115 = CARTESIAN_POINT ( 'NONE',  ( 0.1579510611337612558, -0.05221045324334926824, 0.002726991926486270739 ) ) ;
#2116 = CARTESIAN_POINT ( 'NONE',  ( 0.1581058409509574492, -0.04570317091734567988, 0.9972730080735112690 ) ) ;
#2117 = CARTESIAN_POINT ( 'NONE',  ( 0.000000000000000000, 0.000000000000000000, 1.000000000000000000 ) ) ;
#2118 = ORIENTED_EDGE ( 'NONE', *, *, #1420, .T. ) ;
#2119 = CARTESIAN_POINT ( 'NONE',  ( 0.1013714463600073334, 0.1280618053073947771, 0.002726991926488593100 ) ) ;
#2120 = CARTESIAN_POINT ( 'NONE',  ( -0.1451486254470230330, 0.07757649969900229370, 0.9972730080735117131 ) ) ;
#2121 = VERTEX_POINT ( 'NONE', #452 ) ;
#2122 = CARTESIAN_POINT ( 'NONE',  ( -0.1258477185106652574, -0.1060593631904783452, 0.9972730080735111580 ) ) ;
#2123 = CARTESIAN_POINT ( 'NONE',  ( 0.04023515346364821971, 0.1588611337894837994, 0.01112769221928766074 ) ) ;
#2124 = CARTESIAN_POINT ( 'NONE',  ( -0.09100401938525226608, -0.1072853050523940172, 1.000000000000000000 ) ) ;
#2125 = ORIENTED_EDGE ( 'NONE', *, *, #1300, .F. ) ;
#2126 = ORIENTED_EDGE ( 'NONE', *, *, #2782, .F. ) ;
#2127 = CARTESIAN_POINT ( 'NONE',  ( -0.1452312869595503431, 0.08010203237681694233, 0.009145487210584979029 ) ) ;
#2128 = CARTESIAN_POINT ( 'NONE',  ( 0.1267731733649928583, -0.06099533375124753520, 0.9656835748211447523 ) ) ;
#2129 = CARTESIAN_POINT ( 'NONE',  ( -0.09425047601613881221, 0.1362905784467133841, 0.009299427107624474304 ) ) ;
#2130 = CARTESIAN_POINT ( 'NONE',  ( 0.1498772879588740614, -0.05767447862629503791, 0.9972730080735112690 ) ) ;
#2131 = CARTESIAN_POINT ( 'NONE',  ( 0.1584070236005577226, -0.04658283785641247760, 0.002726991926486270739 ) ) ;
#2132 = LINE ( 'NONE', #1210, #1722 ) ;
#2133 = ORIENTED_EDGE ( 'NONE', *, *, #2676, .F. ) ;
#2134 = CARTESIAN_POINT ( 'NONE',  ( 0.09967637676557293547, 0.1108205190822847130, 0.002726991926488593100 ) ) ;
#2135 = B_SPLINE_SURFACE_WITH_KNOTS ( 'NONE', 3, 1, ( 
 ( #2048, #12 ),
 ( #2033, #1799 ),
 ( #880, #2266 ),
 ( #930, #902 ),
 ( #249, #2242 ),
 ( #2673, #890 ),
 ( #658, #1129 ),
 ( #2686, #1810 ),
 ( #2457, #916 ),
 ( #669, #680 ),
 ( #2012, #1364 ),
 ( #1379, #457 ),
 ( #1573, #234 ),
 ( #444, #2698 ),
 ( #1599, #1587 ),
 ( #2727, #2255 ),
 ( #1824, #1348 ),
 ( #2714, #263 ),
 ( #2498, #2064 ),
 ( #221, #472 ),
 ( #2892, #2281 ),
 ( #1564, #1158 ),
 ( #31, #2025 ),
 ( #1840, #208 ),
 ( #2512, #706 ),
 ( #2905, #2918 ),
 ( #2486, #486 ),
 ( #1393, #1787 ),
 ( #429, #1337 ),
 ( #1117, #738 ),
 ( #1961, #2841 ),
 ( #1852, #290 ),
 ( #1276, #2556 ) ),
 .UNSPECIFIED., .F., .F., .F.,
 ( 4, 1, 1, 1, 1, 1, 1, 1, 1, 1, 1, 1, 1, 1, 1, 1, 1, 1, 1, 1, 1, 1, 1, 1, 1, 1, 1, 1, 1, 1, 4 ),
 ( 2, 2 ),
 ( 0.08439613193520116574, 0.1032991138633100048, 0.1475214462701280038, 0.1966384262090120072, 0.2506500537876020229, 0.3095563290867019979, 0.3733572521685220025, 0.4185890921436339895, 0.4297803624489259788, 0.4409716327542180236, 0.4521629030595090137, 0.4633541733648000038, 0.4745454436700919931, 0.4965657833278410149, 0.4982828922924040227, 0.5000000000000000000, 0.5017171077075960328, 0.5034342166721590406, 0.5254545563299080069, 0.5366458266351999962, 0.5478370969404909863, 0.5590283672457819764, 0.5702196375510739657, 0.5814109078563659549, 0.6266427478314779975, 0.6904436709132979466, 0.7493499462123980326, 0.8033615737909880483, 0.8524785537298720239, 0.8967008861366899675, 0.9156038680647966554 ),
 ( 0.000000000000000000, 1.000000000000000000 ),
 .UNSPECIFIED. ) ;
#2136 = CARTESIAN_POINT ( 'NONE',  ( -0.1451590052036557943, 0.08035314580946371910, 0.9972730080735117131 ) ) ;
#2137 = ORIENTED_EDGE ( 'NONE', *, *, #893, .F. ) ;
#2138 = CARTESIAN_POINT ( 'NONE',  ( 0.04099634652550549624, -0.1367269583545331624, 0.002726991926488456491 ) ) ;
#2139 = CARTESIAN_POINT ( 'NONE',  ( 0.09100401938525666534, -0.1072853050523902285, 0.002726991926489139538 ) ) ;
#2140 = VERTEX_POINT ( 'NONE', #1593 ) ;
#2141 = CARTESIAN_POINT ( 'NONE',  ( -0.1406220939717975627, -0.004158715119306009844, 0.03431642517885521299 ) ) ;
#2142 = CARTESIAN_POINT ( 'NONE',  ( 0.1376718081061817922, -0.06051194027807275250, 0.9753502415960008110 ) ) ;
#2143 = CARTESIAN_POINT ( 'NONE',  ( 0.1267731733649928583, -0.06099533375124753520, 1.000000000000000000 ) ) ;
#2144 = CARTESIAN_POINT ( 'NONE',  ( 0.1572840633912535313, -0.04401953565004023544, 0.9972730080735112690 ) ) ;
#2145 = CARTESIAN_POINT ( 'NONE',  ( -0.05372980583907838864, -0.1476399760993453436, 0.9821052026767862486 ) ) ;
#2146 = CARTESIAN_POINT ( 'NONE',  ( 0.07109806690276357366, 0.1269533201642720210, 0.002726991926488593100 ) ) ;
#2147 = ORIENTED_EDGE ( 'NONE', *, *, #2465, .F. ) ;
#2148 = CARTESIAN_POINT ( 'NONE',  ( -0.1448784280540861280, 0.08154970537387883078, 0.9972730080735117131 ) ) ;
#2149 = CARTESIAN_POINT ( 'NONE',  ( -0.09718507462835146438, 0.1017198579134789838, 0.9656835748211447523 ) ) ;
#2150 = EDGE_LOOP ( 'NONE', ( #2318, #271, #1419, #2327 ) ) ;
#2151 = VECTOR ( 'NONE', #1889, 39.37007874015748143 ) ;
#2152 = CARTESIAN_POINT ( 'NONE',  ( 0.03949944370824776119, -0.1350246724535762444, 0.9972730080735126013 ) ) ;
#2153 = CARTESIAN_POINT ( 'NONE',  ( 0.1088792370507434409, -0.1129881934758122375, 0.9972730080735126013 ) ) ;
#2154 = EDGE_LOOP ( 'NONE', ( #2796, #614 ) ) ;
#2155 = CARTESIAN_POINT ( 'NONE',  ( 0.1508492045358171274, 0.001190958829514274318, 0.02415079546418256659 ) ) ;
#2156 = CARTESIAN_POINT ( 'NONE',  ( -0.1551534809997489328, -0.04143602616543594352, 0.002726991926487910053 ) ) ;
#2157 = VECTOR ( 'NONE', #2617, 39.37007874015748854 ) ;
#2158 = CARTESIAN_POINT ( 'NONE',  ( 0.1250389960849737359, -0.1097163526708346271, 0.9913402782565416960 ) ) ;
#2159 = VERTEX_POINT ( 'NONE', #1845 ) ;
#2160 = CARTESIAN_POINT ( 'NONE',  ( -0.07326325955582470295, -0.1418121326086101142, 0.9846099701364650070 ) ) ;
#2161 = CARTESIAN_POINT ( 'NONE',  ( 0.08300839814290468521, 0.1331563966297842350, 0.9972730080735109359 ) ) ;
#2162 = CARTESIAN_POINT ( 'NONE',  ( -0.07238500575701986572, -0.1470242780791081727, 0.01112769221927799659 ) ) ;
#2163 = CARTESIAN_POINT ( 'NONE',  ( 0.09791084605444769218, 0.1038673567307064061, 0.002726991926488593100 ) ) ;
#2164 = CARTESIAN_POINT ( 'NONE',  ( -0.1430633305519653231, 0.08469354646824368837, 0.9972730080735117131 ) ) ;
#2165 = CARTESIAN_POINT ( 'NONE',  ( 0.07426736136263528687, -0.1335965604491159142, 0.9972730080735126013 ) ) ;
#2166 = EDGE_CURVE ( 'NONE', #2188, #1215, #1373, .T. ) ;
#2167 = ORIENTED_EDGE ( 'NONE', *, *, #1616, .T. ) ;
#2168 = CARTESIAN_POINT ( 'NONE',  ( 0.1603780394462276382, 0.008272327006743436864, 0.002726991926489275714 ) ) ;
#2169 = CARTESIAN_POINT ( 'NONE',  ( 0.1301561770192594669, 0.05339698313751256586, 0.002726991926486953786 ) ) ;
#2170 = CARTESIAN_POINT ( 'NONE',  ( -0.01815983791077003390, -0.1415810081062293946, 0.9972730080735123792 ) ) ;
#2171 = CARTESIAN_POINT ( 'NONE',  ( 0.1210604956459053611, -0.1133702725443980486, 0.9908545127894132776 ) ) ;
#2172 = ORIENTED_EDGE ( 'NONE', *, *, #2701, .T. ) ;
#2173 = CARTESIAN_POINT ( 'NONE',  ( 0.1424671932004512587, 0.07139290608516009329, 0.01565402426855823717 ) ) ;
#2174 = LINE ( 'NONE', #1450, #2702 ) ;
#2175 = CARTESIAN_POINT ( 'NONE',  ( -0.01056307814160921919, 0.1402864555280760872, 0.002726991926487090396 ) ) ;
#2176 = CARTESIAN_POINT ( 'NONE',  ( 0.08300839814290468521, 0.1331563966297842350, 0.002726991926488593100 ) ) ;
#2177 = EDGE_LOOP ( 'NONE', ( #2814, #1452, #2720, #1594, #2417, #1415, #1732, #1250, #2081, #1463, #2172, #2850, #1060, #26, #1459, #2324, #562, #2477 ) ) ;
#2178 = CARTESIAN_POINT ( 'NONE',  ( 0.1003990384875828867, 0.1316466815518018973, 0.9972730080735109359 ) ) ;
#2179 = CARTESIAN_POINT ( 'NONE',  ( -0.1441368988296694298, 0.08305312516766927278, 0.002726991926488593100 ) ) ;
#2180 = CARTESIAN_POINT ( 'NONE',  ( -0.1252805742570829439, -0.1087774909942649804, 0.002726991926488729710 ) ) ;
#2181 = CARTESIAN_POINT ( 'NONE',  ( 0.06779179853934411137, -0.1519129331398480220, 0.9972730080735126013 ) ) ;
#2182 = CARTESIAN_POINT ( 'NONE',  ( 0.1195454327643072773, -0.1138930876477538129, 0.9972730080735126013 ) ) ;
#2183 = DIRECTION ( 'NONE',  ( -1.000000000000000000, -1.953992523340275511E-14, 0.000000000000000000 ) ) ;
#2184 = CARTESIAN_POINT ( 'NONE',  ( 0.1636589639636347737, 0.02187440109109529962, 0.9972730080735131564 ) ) ;
#2185 = CARTESIAN_POINT ( 'NONE',  ( 0.1451486254470167880, 0.07757649969901353471, 0.9972730080735109359 ) ) ;
#2186 = CARTESIAN_POINT ( 'NONE',  ( -0.1582548774487573251, -0.05127046877130937708, 0.9972730080735119351 ) ) ;
#2187 = CARTESIAN_POINT ( 'NONE',  ( 0.1011570314861384573, -0.1112765772494573452, 0.9753502415959995897 ) ) ;
#2188 = VERTEX_POINT ( 'NONE', #746 ) ;
#2189 = CARTESIAN_POINT ( 'NONE',  ( 0.1005008839583372976, 0.1314924289444783512, 0.9904999148201001358 ) ) ;
#2190 = CARTESIAN_POINT ( 'NONE',  ( 0.09100401938525666534, -0.1072853050523902285, 0.9656835748211447523 ) ) ;
#2191 = CARTESIAN_POINT ( 'NONE',  ( -0.05996812391150153909, -0.1516188687093349974, 0.01195477211225052551 ) ) ;
#2192 = CARTESIAN_POINT ( 'NONE',  ( -0.09979441419600991459, -0.1107142377025409213, 0.9972730080735111580 ) ) ;
#2193 = EDGE_CURVE ( 'NONE', #2605, #1985, #2319, .T. ) ;
#2194 = CARTESIAN_POINT ( 'NONE',  ( 0.07020570801420555895, -0.1503293830075010939, 0.9972730080735126013 ) ) ;
#2195 = CARTESIAN_POINT ( 'NONE',  ( 0.1257817835105976834, -0.1041870387937104403, 0.002726991926489139538 ) ) ;
#2196 = CARTESIAN_POINT ( 'NONE',  ( 0.000000000000000000, 0.000000000000000000, 1.000000000000000000 ) ) ;
#2197 = LOCAL_TIME ( 16, 58, 26.00000000000000000, #1165 ) ;
#2198 = CARTESIAN_POINT ( 'NONE',  ( 0.1646305666560844705, 0.01263021897042966059, 0.002726991926489275714 ) ) ;
#2199 = CARTESIAN_POINT ( 'NONE',  ( 0.1206324511707964064, 0.08754644058615371205, 0.002726991926486953786 ) ) ;
#2200 = CARTESIAN_POINT ( 'NONE',  ( -0.01550121597310861327, -0.1482439875277733465, 0.002726991926487773443 ) ) ;
#2201 = ADVANCED_FACE ( 'NONE', ( #2478 ), #242, .F. ) ;
#2202 = CARTESIAN_POINT ( 'NONE',  ( 0.000000000000000000, 0.000000000000000000, 0.03431642517885524074 ) ) ;
#2203 = DIRECTION ( 'NONE',  ( -1.000000000000000000, 0.000000000000000000, 0.000000000000000000 ) ) ;
#2204 = CARTESIAN_POINT ( 'NONE',  ( -0.006025122757589643739, -0.1640981384825696832, 0.9892030517226361175 ) ) ;
#2205 = CARTESIAN_POINT ( 'NONE',  ( -0.1488382472457261407, 2.736183201662021310E-17, 0.9738382472457262073 ) ) ;
#2206 = CARTESIAN_POINT ( 'NONE',  ( -0.1427886372984176477, -0.02820205014658775169, 0.02946957405159951818 ) ) ;
#2207 = EDGE_CURVE ( 'NONE', #740, #2188, #726, .T. ) ;
#2208 = VECTOR ( 'NONE', #2668, 39.37007874015748143 ) ;
#2209 = CARTESIAN_POINT ( 'NONE',  ( -0.1134613917910101411, -0.1136488429486592344, 0.002726991926488729710 ) ) ;
#2210 = CARTESIAN_POINT ( 'NONE',  ( -0.03947281342755921962, 0.1597752602089028695, 0.002726991926487090396 ) ) ;
#2211 = CARTESIAN_POINT ( 'NONE',  ( 0.07439576690565434525, -0.1250493921798960795, 0.002726991926488456491 ) ) ;
#2212 = CARTESIAN_POINT ( 'NONE',  ( 0.1195454327643072773, -0.1138930876477538129, 0.002726991926489139538 ) ) ;
#2213 = CARTESIAN_POINT ( 'NONE',  ( -0.06753174292318060712, -0.1520287173599393915, 0.002726991926487636834 ) ) ;
#2214 = CARTESIAN_POINT ( 'NONE',  ( 0.1419185955748427375, 0.03211219158055524797, 0.002726991926489275714 ) ) ;
#2215 = CARTESIAN_POINT ( 'NONE',  ( 0.1316926686687887593, 0.05506362309378319553, 0.9972730080735109359 ) ) ;
#2216 = CARTESIAN_POINT ( 'NONE',  ( -0.1579510611337579251, -0.05221045324335952392, 0.002726991926487910053 ) ) ;
#2217 = CARTESIAN_POINT ( 'NONE',  ( -0.1655222832668023780, 0.01557199743558713989, 0.002726991926488729710 ) ) ;
#2218 = CARTESIAN_POINT ( 'NONE',  ( 0.000000000000000000, 0.000000000000000000, 0.9656835748211447523 ) ) ;
#2219 = CARTESIAN_POINT ( 'NONE',  ( 0.04740978993550177406, 0.1324544451603199002, 0.03431642517885523380 ) ) ;
#2220 = CARTESIAN_POINT ( 'NONE',  ( -0.1375336742357589070, -0.06052310857675839706, 0.9752295534858480552 ) ) ;
#2221 = DIRECTION ( 'NONE',  ( 1.000000000000000000, 7.993605777301127091E-15, 0.000000000000000000 ) ) ;
#2222 = EDGE_CURVE ( 'NONE', #49, #423, #778, .T. ) ;
#2223 = FACE_OUTER_BOUND ( 'NONE', #946, .T. ) ;
#2224 = ADVANCED_FACE ( 'NONE', ( #343, #2332 ), #2604, .T. ) ;
#2225 = DIRECTION ( 'NONE',  ( -0.000000000000000000, -0.000000000000000000, -1.000000000000000000 ) ) ;
#2226 = DIRECTION ( 'NONE',  ( 0.000000000000000000, 0.000000000000000000, 1.000000000000000000 ) ) ;
#2227 = CARTESIAN_POINT ( 'NONE',  ( 0.1452603334924479628, 0.07849956319882989142, 0.002726991926486953786 ) ) ;
#2228 = CARTESIAN_POINT ( 'NONE',  ( -0.1454225709608454042, -0.05893467553840716494, 0.002726991926487910053 ) ) ;
#2229 = CARTESIAN_POINT ( 'NONE',  ( -0.04001138080143191306, 0.1592595069816873377, 0.01079694827736808228 ) ) ;
#2230 = CARTESIAN_POINT ( 'NONE',  ( 0.1338048270549944685, 0.05727319469693577247, 0.02946957405159825877 ) ) ;
#2231 = CARTESIAN_POINT ( 'NONE',  ( 0.09949528162453021018, 0.1333158562204207198, 0.008659721743460203555 ) ) ;
#2232 = CARTESIAN_POINT ( 'NONE',  ( -0.1568252717834453802, -0.04348465880521797805, 0.01225970267821111480 ) ) ;
#2233 = CARTESIAN_POINT ( 'NONE',  ( -0.09718507462835146438, 0.1017198579134789838, 1.000000000000000000 ) ) ;
#2234 = CARTESIAN_POINT ( 'NONE',  ( -0.09979441419600991459, -0.1107142377025409213, 0.002726991926488729710 ) ) ;
#2235 = EDGE_CURVE ( 'NONE', #1212, #1442, #1479, .T. ) ;
#2236 = CARTESIAN_POINT ( 'NONE',  ( 0.04719934866518019079, 0.1347114807835779748, 0.002726991926490095371 ) ) ;
#2237 = PERSON_AND_ORGANIZATION ( #1517, #2334 ) ;
#2238 = CARTESIAN_POINT ( 'NONE',  ( -0.07083419446062926006, -0.1496440195528923045, 0.9972730080735108249 ) ) ;
#2239 = CARTESIAN_POINT ( 'NONE',  ( -0.06670949404548279227, 0.1238616632725893785, 0.9656835748211447523 ) ) ;
#2240 = CARTESIAN_POINT ( 'NONE',  ( 0.03949944370824776119, -0.1350246724535762444, 0.03431642517885529625 ) ) ;
#2241 = CARTESIAN_POINT ( 'NONE',  ( -0.1366845183365936467, 0.03330481454009328462, 0.9656835748211447523 ) ) ;
#2242 = CARTESIAN_POINT ( 'NONE',  ( -0.07459488245413635477, 0.1290432913654681046, 0.002726991926488593100 ) ) ;
#2243 = CARTESIAN_POINT ( 'NONE',  ( 0.01883494462710159564, -0.1394170473268983579, 0.002726991926487773443 ) ) ;
#2244 = LINE ( 'NONE', #660, #2616 ) ;
#2245 = CARTESIAN_POINT ( 'NONE',  ( 0.09113425691104624915, 0.1361993928782198604, 0.9888723077807144435 ) ) ;
#2246 = CARTESIAN_POINT ( 'NONE',  ( -0.07137719284429121236, -0.1488893624488105694, 0.9972730080735108249 ) ) ;
#2247 = CARTESIAN_POINT ( 'NONE',  ( -0.1524474828984764552, -0.03800288852232681924, 0.01789479732320907457 ) ) ;
#2248 = CARTESIAN_POINT ( 'NONE',  ( 0.1164812149502440081, -0.07973759992837529953, 0.9972730080735126013 ) ) ;
#2249 = DIRECTION ( 'NONE',  ( 0.000000000000000000, 0.000000000000000000, 1.000000000000000000 ) ) ;
#2250 = AXIS2_PLACEMENT_3D ( 'NONE', #482, #261, #53 ) ;
#2251 = CARTESIAN_POINT ( 'NONE',  ( 0.04736669712908530422, 0.1329750137495915585, 0.002726991926490095371 ) ) ;
#2252 = VECTOR ( 'NONE', #566, 39.37007874015748143 ) ;
#2253 = DATE_AND_TIME ( #2670, #114 ) ;
#2254 = CARTESIAN_POINT ( 'NONE',  ( -0.1640049421510138827, 0.01153562407788804971, 0.9894080501827277052 ) ) ;
#2255 = CARTESIAN_POINT ( 'NONE',  ( -0.09766455999285021672, 0.1346658862732275641, 0.002726991926488593100 ) ) ;
#2256 = CARTESIAN_POINT ( 'NONE',  ( -0.1443375672974064883, 0.2499999999999998890, 1.000000000000000000 ) ) ;
#2257 = DIRECTION ( 'NONE',  ( 1.000000000000000000, -1.332267629550187849E-14, 0.000000000000000000 ) ) ;
#2258 = EDGE_CURVE ( 'NONE', #102, #2305, #2174, .T. ) ;
#2259 = CARTESIAN_POINT ( 'NONE',  ( 0.07090586522326250418, -0.1497685957721121841, 0.9907005728923794496 ) ) ;
#2260 = DIRECTION ( 'NONE',  ( 0.000000000000000000, 0.000000000000000000, 1.000000000000000000 ) ) ;
#2261 = DIRECTION ( 'NONE',  ( -1.000000000000000000, 0.000000000000000000, 0.000000000000000000 ) ) ;
#2262 = EDGE_LOOP ( 'NONE', ( #2543, #1968, #814, #1032 ) ) ;
#2263 = CARTESIAN_POINT ( 'NONE',  ( -0.04051999555990068447, 0.1582217623322865752, 0.002726991926487090396 ) ) ;
#2264 = CARTESIAN_POINT ( 'NONE',  ( 0.1655585824443653320, 0.01764050796724542236, 0.9914889592328282042 ) ) ;
#2265 = CARTESIAN_POINT ( 'NONE',  ( -0.1566865631951253057, 0.005240022521046910041, 0.9817685116978270843 ) ) ;
#2266 = CARTESIAN_POINT ( 'NONE',  ( -0.06852761108463827078, 0.1252155265466472767, 0.002726991926488593100 ) ) ;
#2267 = FACE_OUTER_BOUND ( 'NONE', #2630, .T. ) ;
#2268 = CARTESIAN_POINT ( 'NONE',  ( -0.1366845183365936467, 0.03330481454009328462, 1.000000000000000000 ) ) ;
#2269 = EDGE_CURVE ( 'NONE', #2373, #1203, #2132, .T. ) ;
#2270 = CARTESIAN_POINT ( 'NONE',  ( 0.1452312869595434597, 0.08010203237683299893, 0.9908545127894173854 ) ) ;
#2271 = LINE ( 'NONE', #20, #2376 ) ;
#2272 = CARTESIAN_POINT ( 'NONE',  ( -0.1301561770192636580, 0.05339698313750229630, 0.9972730080735117131 ) ) ;
#2273 = CARTESIAN_POINT ( 'NONE',  ( -0.1267731733649888615, -0.06099533375125573698, 0.03431642517885524074 ) ) ;
#2274 = DIRECTION ( 'NONE',  ( -0.000000000000000000, -0.000000000000000000, -1.000000000000000000 ) ) ;
#2275 = CARTESIAN_POINT ( 'NONE',  ( 0.03278848231073721448, 0.1629878179182355780, 0.002726991926490095371 ) ) ;
#2276 = B_SPLINE_CURVE_WITH_KNOTS ( 'NONE', 3,
 ( #2149, #1839, #116, #2724, #484, #1101, #180, #1089, #667, #1572, #2468, #2010, #655, #2890, #878, #1997, #2697, #428, #1586, #2239 ),
 .UNSPECIFIED., .F., .F.,
 ( 4, 2, 2, 2, 2, 2, 2, 2, 2, 4 ),
 ( 0.000000000000000000, 0.0005475201370057698096, 0.0008212802055086552023, 0.0009581602397600944834, 0.001095040274011533981, 0.001163480291137253351, 0.001231920308262972504, 0.001368800342514411459, 0.001642560411017295009, 0.002190080548023056253 ),
 .UNSPECIFIED. ) ;
#2277 = CARTESIAN_POINT ( 'NONE',  ( -0.1256921069774529220, -0.1079804067698278691, 0.009299427107623043157 ) ) ;
#2278 = DATE_AND_TIME ( #1128, #2424 ) ;
#2279 = CARTESIAN_POINT ( 'NONE',  ( 0.1384138093207621378, -0.02516914010792402692, 0.03431642517885519217 ) ) ;
#2280 = CARTESIAN_POINT ( 'NONE',  ( -0.1622965975195007071, 0.009765637555745148440, 0.9875880331861464079 ) ) ;
#2281 = CARTESIAN_POINT ( 'NONE',  ( -0.09992678105259662769, 0.1324477378502869063, 0.002726991926488593100 ) ) ;
#2282 = CARTESIAN_POINT ( 'NONE',  ( -0.001815097502118646683, -0.1662432518421344541, 0.9972730080735123792 ) ) ;
#2283 = DIRECTION ( 'NONE',  ( -1.000000000000000000, 0.000000000000000000, 0.000000000000000000 ) ) ;
#2284 = B_SPLINE_CURVE_WITH_KNOTS ( 'NONE', 3,
 ( #1411, #34, #1189, #1842, #2717, #1618, #476, #1382, #2287, #1160, #2066, #932, #2730, #709, #491, #1172, #1665, #1871, #324, #2356 ),
 .UNSPECIFIED., .F., .F.,
 ( 4, 2, 2, 2, 2, 2, 2, 2, 2, 4 ),
 ( 2.168404344971008868E-19, 0.0005475201370056862176, 0.0008212802055085294348, 0.0009581602397599482245, 0.001095040274011367014, 0.001163480291137077276, 0.001231920308262787755, 0.001368800342514214351, 0.001642560411017069061, 0.002190080548022776963 ),
 .UNSPECIFIED. ) ;
#2285 = CARTESIAN_POINT ( 'NONE',  ( 0.1386525702849709107, 0.08735669497237068259, 0.9888723077807155537 ) ) ;
#2286 = AXIS2_PLACEMENT_3D ( 'NONE', #456, #1363, #1102 ) ;
#2287 = CARTESIAN_POINT ( 'NONE',  ( -0.1451179064128348406, 0.08132171803205122396, 0.9913402782565405857 ) ) ;
#2288 = CIRCLE ( 'NONE', #2102, 0.1406835748211445747 ) ;
#2289 = CARTESIAN_POINT ( 'NONE',  ( -0.01096596819811993494, -0.1567297103921278245, 0.01789479732320658004 ) ) ;
#2290 = ADVANCED_FACE ( 'NONE', ( #586 ), #2359, .F. ) ;
#2291 = CARTESIAN_POINT ( 'NONE',  ( 0.1406220939717977569, -0.004158715119300120458, 1.000000000000000000 ) ) ;
#2292 = CARTESIAN_POINT ( 'NONE',  ( 0.01331474879524593979, 0.1448958180299260989, 0.9972730080735127123 ) ) ;
#2293 = PRODUCT_DEFINITION_SHAPE ( 'NONE', 'NONE',  #432 ) ;
#2294 = CARTESIAN_POINT ( 'NONE',  ( -0.1211813866613486584, -0.08884610147560986770, 0.02477044651415265947 ) ) ;
#2295 = COORDINATED_UNIVERSAL_TIME_OFFSET ( 5, 0, .BEHIND. ) ;
#2296 = AXIS2_PLACEMENT_3D ( 'NONE', #1664, #947, #106 ) ;
#2297 = CARTESIAN_POINT ( 'NONE',  ( 0.1113212323921586172, 0.08602006418939500687, 0.9972730080735109359 ) ) ;
#2298 = CARTESIAN_POINT ( 'NONE',  ( 0.002991637056832663257, -0.1658879589991753001, 0.002726991926487773443 ) ) ;
#2299 = CARTESIAN_POINT ( 'NONE',  ( 0.1411038677112851358, -0.003956866884129636545, 0.002726991926489275714 ) ) ;
#2300 = CARTESIAN_POINT ( 'NONE',  ( -0.1372519883795944029, 0.08744697311631102754, 0.01225970267821280095 ) ) ;
#2301 = DIRECTION ( 'NONE',  ( 0.000000000000000000, 0.000000000000000000, -1.000000000000000000 ) ) ;
#2302 = CARTESIAN_POINT ( 'NONE',  ( -0.1500077561581920349, 0.02934885040316102464, 0.9972730080735126013 ) ) ;
#2303 = CARTESIAN_POINT ( 'NONE',  ( 0.009249127214679487077, -0.1593506818357239840, 0.01539002986354359725 ) ) ;
#2304 = CARTESIAN_POINT ( 'NONE',  ( -0.1212407815661878385, -0.08897131306585544241, 0.9753502415960012550 ) ) ;
#2305 = VERTEX_POINT ( 'NONE', #1912 ) ;
#2306 = CARTESIAN_POINT ( 'NONE',  ( 0.03886159083624550481, 0.1604759255041717791, 0.002726991926490095371 ) ) ;
#2307 = DIRECTION ( 'NONE',  ( 1.000000000000000000, 0.000000000000000000, 0.000000000000000000 ) ) ;
#2308 = ORIENTED_EDGE ( 'NONE', *, *, #844, .F. ) ;
#2309 = CARTESIAN_POINT ( 'NONE',  ( -0.1587100773801639886, 0.006895105441748213861, 0.01614671929903373562 ) ) ;
#2310 = CARTESIAN_POINT ( 'NONE',  ( -0.1235289671442608428, -0.1114175097577707468, 0.002726991926488729710 ) ) ;
#2311 = CARTESIAN_POINT ( 'NONE',  ( 0.01316334980451839415, 0.1450296244752010411, 0.02939140651047982000 ) ) ;
#2312 = CARTESIAN_POINT ( 'NONE',  ( 0.09979441419601470242, -0.1107142377025372298, 0.9972730080735126013 ) ) ;
#2313 = CARTESIAN_POINT ( 'NONE',  ( 0.1528316958884758103, 0.002480858612484875166, 0.002726991926489275714 ) ) ;
#2314 = CARTESIAN_POINT ( 'NONE',  ( 0.1406220939717977569, -0.004158715119300120458, 0.9656835748211447523 ) ) ;
#2315 = CARTESIAN_POINT ( 'NONE',  ( -0.1636589639636357174, 0.02187440109108845787, 0.002726991926488729710 ) ) ;
#2316 = B_SPLINE_SURFACE_WITH_KNOTS ( 'NONE', 3, 1, ( 
 ( #453, #2857 ),
 ( #651, #2251 ),
 ( #1318, #2236 ),
 ( #190, #1127 ),
 ( #2453, #272 ),
 ( #1819, #1195 ),
 ( #2750, #748 ),
 ( #1432, #1402 ),
 ( #702, #2523 ),
 ( #937, #1642 ),
 ( #287, #2306 ),
 ( #2769, #27 ),
 ( #480, #2321 ),
 ( #1847, #2101 ),
 ( #52, #715 ),
 ( #2069, #1177 ),
 ( #2709, #499 ),
 ( #1595, #690 ),
 ( #229, #2736 ),
 ( #2085, #2275 ),
 ( #1657, #955 ),
 ( #1153, #259 ),
 ( #1862, #2537 ),
 ( #2552, #70 ),
 ( #2508, #1416 ),
 ( #734, #912 ),
 ( #512, #973 ),
 ( #1388, #925 ),
 ( #1879, #1624 ),
 ( #2292, #1835 ),
 ( #529, #1139 ),
 ( #2043, #8 ),
 ( #1163, #2494 ) ),
 .UNSPECIFIED., .F., .F., .F.,
 ( 4, 1, 1, 1, 1, 1, 1, 1, 1, 1, 1, 1, 1, 1, 1, 1, 1, 1, 1, 1, 1, 1, 1, 1, 1, 1, 1, 1, 1, 1, 4 ),
 ( 2, 2 ),
 ( 0.08439613193520317802, 0.1032991138633100048, 0.1475214462701280038, 0.1966384262090120072, 0.2506500537876020229, 0.3095563290867019979, 0.3733572521685220025, 0.4185890921436339895, 0.4297803624489259788, 0.4409716327542180236, 0.4521629030595090137, 0.4633541733648000038, 0.4745454436700919931, 0.4965657833278410149, 0.4982828922924040227, 0.5000000000000000000, 0.5017171077075960328, 0.5034342166721590406, 0.5254545563299080069, 0.5366458266351999962, 0.5478370969404909863, 0.5590283672457819764, 0.5702196375510739657, 0.5814109078563659549, 0.6266427478314779975, 0.6904436709132979466, 0.7493499462123980326, 0.8033615737909880483, 0.8524785537298720239, 0.8967008861366899675, 0.9156038680647990979 ),
 ( 0.000000000000000000, 1.000000000000000000 ),
 .UNSPECIFIED. ) ;
#2317 = CARTESIAN_POINT ( 'NONE',  ( 0.004017612550339466973, -0.1654525470807842458, 0.009500085179905989538 ) ) ;
#2318 = ORIENTED_EDGE ( 'NONE', *, *, #88, .F. ) ;
#2319 = LINE ( 'NONE', #2291, #440 ) ;
#2320 = ORIENTED_EDGE ( 'NONE', *, *, #2873, .F. ) ;
#2321 = CARTESIAN_POINT ( 'NONE',  ( 0.03741630865122466676, 0.1616409127668737566, 0.002726991926490095371 ) ) ;
#2322 = LINE ( 'NONE', #1376, #1823 ) ;
#2323 = EDGE_CURVE ( 'NONE', #354, #1265, #628, .T. ) ;
#2324 = ORIENTED_EDGE ( 'NONE', *, *, #1658, .T. ) ;
#2325 = CARTESIAN_POINT ( 'NONE',  ( -0.1223282750848196654, -0.1125873282246369067, 0.002726991926488729710 ) ) ;
#2326 = CARTESIAN_POINT ( 'NONE',  ( 0.1256435117470600105, -0.1077236951742394228, 0.009500085179899140850 ) ) ;
#2327 = ORIENTED_EDGE ( 'NONE', *, *, #1027, .T. ) ;
#2328 = CARTESIAN_POINT ( 'NONE',  ( 0.07373021338781414469, -0.1389925617350763476, 0.01767050513325557973 ) ) ;
#2329 = CARTESIAN_POINT ( 'NONE',  ( 0.1587450415583017416, -0.04752142446583652174, 0.9907005728923775623 ) ) ;
#2330 = CARTESIAN_POINT ( 'NONE',  ( -0.1389071925799553742, 0.03285960162382987187, 0.9972730080735126013 ) ) ;
#2331 = CARTESIAN_POINT ( 'NONE',  ( 0.1272953946498973088, -0.06100689124639561284, 0.002726991926486270739 ) ) ;
#2332 = FACE_OUTER_BOUND ( 'NONE', #374, .T. ) ;
#2333 = VERTEX_POINT ( 'NONE', #1272 ) ;
#2334 = ORGANIZATION ( 'UNSPECIFIED', 'UNSPECIFIED', '' ) ;
#2335 = CARTESIAN_POINT ( 'NONE',  ( -0.1113212323921652647, 0.08602006418938624999, 0.9972730080735117131 ) ) ;
#2336 = ORIENTED_EDGE ( 'NONE', *, *, #1485, .F. ) ;
#2337 = CARTESIAN_POINT ( 'NONE',  ( -0.1258477185106652574, -0.1060593631904783452, 0.002726991926488729710 ) ) ;
#2338 = CARTESIAN_POINT ( 'NONE',  ( 0.1205272815905860107, -0.1137165264813853605, 0.009299427107625846470 ) ) ;
#2339 = CARTESIAN_POINT ( 'NONE',  ( 0.000000000000000000, 0.000000000000000000, 0.9656835748211447523 ) ) ;
#2340 = VECTOR ( 'NONE', #2114, 39.37007874015748143 ) ;
#2341 = VECTOR ( 'NONE', #1648, 39.37007874015748143 ) ;
#2342 = CARTESIAN_POINT ( 'NONE',  ( -0.1402632388725875978, -0.02647990540566529799, 0.002726991926487910053 ) ) ;
#2343 = CARTESIAN_POINT ( 'NONE',  ( -0.1419185955748439865, 0.03211219158054922501, 0.9972730080735126013 ) ) ;
#2344 = CARTESIAN_POINT ( 'NONE',  ( 0.01727765541439159336, -0.1445971935304234679, 0.02939140651048234923 ) ) ;
#2345 = CARTESIAN_POINT ( 'NONE',  ( 0.08981804224411082949, 0.1357121980840010067, 0.9877402973217832560 ) ) ;
#2346 = CARTESIAN_POINT ( 'NONE',  ( 0.09232369028007818279, 0.1362445337904522324, 0.002726991926488593100 ) ) ;
#2347 = ORIENTED_EDGE ( 'NONE', *, *, #898, .F. ) ;
#2348 = CARTESIAN_POINT ( 'NONE',  ( -0.1414200644624990788, 0.08608821673292643695, 0.002726991926488593100 ) ) ;
#2349 = ORIENTED_EDGE ( 'NONE', *, *, #1855, .T. ) ;
#2350 = CARTESIAN_POINT ( 'NONE',  ( -0.01565918088791736981, 0.1482273847462032834, 0.002726991926487090396 ) ) ;
#2351 = DIRECTION ( 'NONE',  ( -0.000000000000000000, -0.000000000000000000, -1.000000000000000000 ) ) ;
#2352 = CARTESIAN_POINT ( 'NONE',  ( 0.09306389020740556128, -0.1082315753779162643, 0.002726991926489139538 ) ) ;
#2353 = VERTEX_POINT ( 'NONE', #987 ) ;
#2354 = VERTEX_POINT ( 'NONE', #1033 ) ;
#2355 = CARTESIAN_POINT ( 'NONE',  ( -0.1443375672974064883, 0.2499999999999998890, 0.000000000000000000 ) ) ;
#2356 = CARTESIAN_POINT ( 'NONE',  ( -0.1113212323921652647, 0.08602006418938624999, 0.9656835748211447523 ) ) ;
#2357 = CARTESIAN_POINT ( 'NONE',  ( -0.1443375672974064883, 0.2499999999999998890, 1.000000000000000000 ) ) ;
#2358 = ORIENTED_EDGE ( 'NONE', *, *, #2235, .T. ) ;
#2359 = CYLINDRICAL_SURFACE ( 'NONE', #1109, 0.1406835748211446024 ) ;
#2360 = CARTESIAN_POINT ( 'NONE',  ( 0.07459488245412690399, 0.1290432913654738778, 0.9972730080735109359 ) ) ;
#2361 = VERTEX_POINT ( 'NONE', #144 ) ;
#2362 = CARTESIAN_POINT ( 'NONE',  ( -0.1165878833371392365, 0.08705943990749971662, 0.9972730080735117131 ) ) ;
#2363 = VERTEX_POINT ( 'NONE', #2825 ) ;
#2364 = CARTESIAN_POINT ( 'NONE',  ( 0.03308157242131984366, 0.1629863929347932228, 0.008692418015436687018 ) ) ;
#2365 = DIRECTION ( 'NONE',  ( 0.000000000000000000, 0.000000000000000000, -1.000000000000000000 ) ) ;
#2366 = ORIENTED_EDGE ( 'NONE', *, *, #769, .F. ) ;
#2367 = CARTESIAN_POINT ( 'NONE',  ( 0.1500077561581908969, 0.02934885040316717944, 0.9972730080735131564 ) ) ;
#2368 = CARTESIAN_POINT ( 'NONE',  ( -0.1522902644031348673, -0.03779808849271030363, 0.9972730080735119351 ) ) ;
#2369 = CARTESIAN_POINT ( 'NONE',  ( -0.1603780394462277215, 0.008272327006736867466, 0.002726991926488729710 ) ) ;
#2370 = ORIENTED_EDGE ( 'NONE', *, *, #2258, .F. ) ;
#2371 = CYLINDRICAL_SURFACE ( 'NONE', #119, 0.1406835748211446580 ) ;
#2372 = CARTESIAN_POINT ( 'NONE',  ( 0.04322085280544346597, 0.1512846141108246945, 0.9823294948667423698 ) ) ;
#2373 = VERTEX_POINT ( 'NONE', #2550 ) ;
#2374 = CARTESIAN_POINT ( 'NONE',  ( -0.1361336671439126456, 0.06069754694161796221, 0.9972730080735117131 ) ) ;
#2375 = CARTESIAN_POINT ( 'NONE',  ( 0.1584064687100162627, -0.05082882907862662503, 0.008640918219156476857 ) ) ;
#2376 = VECTOR ( 'NONE', #281, 39.37007874015748143 ) ;
#2377 = CARTESIAN_POINT ( 'NONE',  ( -0.01081417969965906695, 0.1407444911747740834, 0.9972730080735122682 ) ) ;
#2378 = CARTESIAN_POINT ( 'NONE',  ( 0.06473971512584017485, -0.1527629998350940599, 0.9972730080735126013 ) ) ;
#2379 = CARTESIAN_POINT ( 'NONE',  ( 0.1257817835105976834, -0.1041870387937104403, 0.9972730080735126013 ) ) ;
#2380 = ORIENTED_EDGE ( 'NONE', *, *, #120, .T. ) ;
#2381 = CARTESIAN_POINT ( 'NONE',  ( 0.1613478440252696378, 0.009039309736596050360, 0.01340070051374712620 ) ) ;
#2382 = CARTESIAN_POINT ( 'NONE',  ( 0.1444898174750813558, 0.08244490152322783705, 0.9972730080735109359 ) ) ;
#2383 = CARTESIAN_POINT ( 'NONE',  ( -0.1581058409509542295, -0.04570317091735567189, 0.002726991926487910053 ) ) ;
#2384 = AXIS2_PLACEMENT_3D ( 'NONE', #613, #2413, #389 ) ;
#2385 = CARTESIAN_POINT ( 'NONE',  ( -0.1655222832668023780, 0.01557199743558713989, 0.9972730080735126013 ) ) ;
#2386 = CONICAL_SURFACE ( 'NONE', #2526, 0.1749999999999999889, 0.7853981633974500554 ) ;
#2387 = CARTESIAN_POINT ( 'NONE',  ( 0.1384138093207621378, -0.02516914010792402692, 0.03431642517885519217 ) ) ;
#2388 = CARTESIAN_POINT ( 'NONE',  ( -0.04705055587551200402, -0.1427053026778841160, 0.9752295534858458348 ) ) ;
#2389 = CARTESIAN_POINT ( 'NONE',  ( -0.07391259992631646347, -0.1197029481532885797, 0.03431642517885518523 ) ) ;
#2390 = CARTESIAN_POINT ( 'NONE',  ( -0.1206324511708031233, 0.08754644058614440005, 0.9972730080735117131 ) ) ;
#2391 = CARTESIAN_POINT ( 'NONE',  ( -0.1257817835105930482, -0.1041870387937159914, 0.9972730080735111580 ) ) ;
#2392 = CARTESIAN_POINT ( 'NONE',  ( 0.1237502116604735358, -0.09647230296653767911, 0.9972730080735126013 ) ) ;
#2393 = EDGE_CURVE ( 'NONE', #2354, #824, #98, .T. ) ;
#2394 = CARTESIAN_POINT ( 'NONE',  ( -0.03949944370824236273, -0.1350246724535778819, 0.9972730080735108249 ) ) ;
#2395 = CARTESIAN_POINT ( 'NONE',  ( 0.1640986471054901030, 0.02145772410667083976, 0.009507813814125357782 ) ) ;
#2396 = CARTESIAN_POINT ( 'NONE',  ( 0.06822143514423431587, -0.1517300727658914272, 0.008640918219156643390 ) ) ;
#2397 = CARTESIAN_POINT ( 'NONE',  ( 0.1336896282677092762, 0.05743834878966880275, 0.002726991926486953786 ) ) ;
#2398 = CARTESIAN_POINT ( 'NONE',  ( -0.1582111077173581071, -0.05140590506020376732, 0.9972730080735119351 ) ) ;
#2399 = CARTESIAN_POINT ( 'NONE',  ( -0.1654563585321873476, 0.01724704686661650277, 0.002726991926488729710 ) ) ;
#2400 = EDGE_LOOP ( 'NONE', ( #772, #1727, #549, #2798, #2042, #590 ) ) ;
#2401 = EDGE_CURVE ( 'NONE', #87, #73, #1062, .T. ) ;
#2402 = CARTESIAN_POINT ( 'NONE',  ( 0.1432583871462832503, 0.08447478456916138190, 0.008692418015440671678 ) ) ;
#2403 = CARTESIAN_POINT ( 'NONE',  ( 0.01096596819812638637, -0.1567297103921238000, 0.9821052026767900234 ) ) ;
#2404 = CARTESIAN_POINT ( 'NONE',  ( 0.07459488245412690399, 0.1290432913654738778, 0.002726991926488593100 ) ) ;
#2405 = ORIENTED_EDGE ( 'NONE', *, *, #2506, .T. ) ;
#2406 = CARTESIAN_POINT ( 'NONE',  ( -0.1255759627645934573, -0.1078957518560306056, 0.002726991926488729710 ) ) ;
#2407 = CARTESIAN_POINT ( 'NONE',  ( 0.07381262308633466940, -0.1384655798341021815, 0.9972730080735126013 ) ) ;
#2408 = CARTESIAN_POINT ( 'NONE',  ( 0.1167640678313602992, -0.1142022266822435572, 0.002726991926489139538 ) ) ;
#2409 = DIRECTION ( 'NONE',  ( -0.4999999999999998335, 0.8660254037844388186, 0.000000000000000000 ) ) ;
#2410 = CARTESIAN_POINT ( 'NONE',  ( 0.1585933079896869324, 0.02525291253718188120, 0.002726991926489275714 ) ) ;
#2411 = CARTESIAN_POINT ( 'NONE',  ( 0.1452646148884646493, 0.07942926006289335872, 0.9972730080735109359 ) ) ;
#2412 = CARTESIAN_POINT ( 'NONE',  ( -0.01883494462709792844, -0.1394170473268988575, 0.002726991926487773443 ) ) ;
#2413 = DIRECTION ( 'NONE',  ( -1.182924880895400771E-16, -1.000000000000000000, 0.000000000000000000 ) ) ;
#2414 = FACE_OUTER_BOUND ( 'NONE', #980, .T. ) ;
#2415 = CARTESIAN_POINT ( 'NONE',  ( 0.1011121462508583480, 0.1231672929727769122, 0.01565402426856567913 ) ) ;
#2416 = CARTESIAN_POINT ( 'NONE',  ( 0.09709655830481561667, 0.1350804482762650305, 0.9972730080735109359 ) ) ;
#2417 = ORIENTED_EDGE ( 'NONE', *, *, #1205, .T. ) ;
#2418 = CARTESIAN_POINT ( 'NONE',  ( 0.1488382472457157046, -1.805780869835447321E-17, 0.9738382472457158823 ) ) ;
#2419 = CARTESIAN_POINT ( 'NONE',  ( -0.03065248068544996693, 0.1626998497868417659, 0.002726991926487090396 ) ) ;
#2420 = CARTESIAN_POINT ( 'NONE',  ( 0.07426736136263528687, -0.1335965604491159142, 0.002726991926488456491 ) ) ;
#2421 = AXIS2_PLACEMENT_3D ( 'NONE', #2747, #2057, #2261 ) ;
#2422 = CARTESIAN_POINT ( 'NONE',  ( 0.1205390902827882388, -0.08767494082448730464, 0.002726991926489139538 ) ) ;
#2423 = CARTESIAN_POINT ( 'NONE',  ( -0.06843482060941792622, -0.1516283102501439495, 0.9972730080735108249 ) ) ;
#2424 = LOCAL_TIME ( 16, 58, 26.00000000000000000, #1362 ) ;
#2425 = CARTESIAN_POINT ( 'NONE',  ( 0.1642088897915708057, 0.02112477706988890452, 0.002726991926489275714 ) ) ;
#2426 = CARTESIAN_POINT ( 'NONE',  ( 0.05372980583908979618, -0.1476399760993467314, 0.01789479732320813088 ) ) ;
#2427 = CARTESIAN_POINT ( 'NONE',  ( 0.1165878833371326168, 0.08705943990750875106, 0.002726991926486953786 ) ) ;
#2428 = CARTESIAN_POINT ( 'NONE',  ( -0.008537059671343976558, -0.1603641653951722312, 0.002726991926487773443 ) ) ;
#2429 = CARTESIAN_POINT ( 'NONE',  ( -0.1406220939717975627, -0.004158715119306004640, 0.9972730080735126013 ) ) ;
#2430 = PLANE ( 'NONE',  #1449 ) ;
#2431 = CARTESIAN_POINT ( 'NONE',  ( 0.003859355212411055835, -0.1656604339604161868, 0.9907005728923768961 ) ) ;
#2432 = EDGE_CURVE ( 'NONE', #87, #819, #960, .T. ) ;
#2433 = CARTESIAN_POINT ( 'NONE',  ( -0.07426736136262961085, -0.1335965604491194669, 0.9972730080735108249 ) ) ;
#2434 = ORIENTED_EDGE ( 'NONE', *, *, #1603, .F. ) ;
#2435 = AXIS2_PLACEMENT_3D ( 'NONE', #360, #1061, #2203 ) ;
#2436 = EDGE_CURVE ( 'NONE', #855, #1828, #1917, .T. ) ;
#2437 = LINE ( 'NONE', #872, #2097 ) ;
#2438 = CARTESIAN_POINT ( 'NONE',  ( -0.03065248068544996693, 0.1626998497868417659, 0.9972730080735122682 ) ) ;
#2439 = CARTESIAN_POINT ( 'NONE',  ( 0.06380985130398623972, -0.1527714586216808168, 0.9972730080735126013 ) ) ;
#2440 = DIMENSIONAL_EXPONENTS ( 1.000000000000000000, 0.000000000000000000, 0.000000000000000000, 0.000000000000000000, 0.000000000000000000, 0.000000000000000000, 0.000000000000000000 ) ;
#2441 = CARTESIAN_POINT ( 'NONE',  ( 0.1247573496692138545, -0.1098895675917556936, 0.9972730080735126013 ) ) ;
#2442 = DIRECTION ( 'NONE',  ( -1.000000000000000000, 0.000000000000000000, 0.000000000000000000 ) ) ;
#2443 = CARTESIAN_POINT ( 'NONE',  ( -0.1179170884396167213, -0.1142806257053750468, 0.01079694827736467702 ) ) ;
#2444 = CARTESIAN_POINT ( 'NONE',  ( 0.1414200644624924452, 0.08608821673293738652, 0.002726991926486953786 ) ) ;
#2445 = CARTESIAN_POINT ( 'NONE',  ( -0.1581669107206618019, -0.05154120252218750281, 0.002726991926487910053 ) ) ;
#2446 = CARTESIAN_POINT ( 'NONE',  ( 0.1749999999999999889, 2.143131898507867989E-17, 0.000000000000000000 ) ) ;
#2447 = CARTESIAN_POINT ( 'NONE',  ( 0.1165860152060837346, 0.08726148527191072979, 0.02939140651048266495 ) ) ;
#2448 = CARTESIAN_POINT ( 'NONE',  ( 0.08350598270574774440, 0.1333485186878362316, 0.01767050513325162109 ) ) ;
#2449 = EDGE_CURVE ( 'NONE', #819, #954, #2040, .T. ) ;
#2450 = DIRECTION ( 'NONE',  ( -1.000000000000000000, 0.000000000000000000, 0.000000000000000000 ) ) ;
#2451 = CARTESIAN_POINT ( 'NONE',  ( -0.1579284692410403979, -0.04497888127632833355, 0.9892030517226344521 ) ) ;
#2452 = CARTESIAN_POINT ( 'NONE',  ( -0.1160714550919287880, -0.1140723399172618724, 0.9877402973217866977 ) ) ;
#2453 = CARTESIAN_POINT ( 'NONE',  ( 0.04598413531301549090, 0.1417816167008042749, 0.9972730080735127123 ) ) ;
#2454 = B_SPLINE_SURFACE_WITH_KNOTS ( 'NONE', 3, 1, ( 
 ( #1873, #493 ),
 ( #2533, #2331 ),
 ( #2779, #269 ),
 ( #1224, #1191 ),
 ( #95, #952 ),
 ( #2067, #2746 ),
 ( #727, #508 ),
 ( #2130, #1001 ),
 ( #35, #1910 ),
 ( #1668, #2793 ),
 ( #933, #1413 ),
 ( #2763, #297 ),
 ( #777, #2732 ),
 ( #712, #1207 ),
 ( #1620, #2115 ),
 ( #2517, #1399 ),
 ( #1174, #82 ),
 ( #986, #1891 ),
 ( #2824, #1684 ),
 ( #1875, #2765 ),
 ( #1255, #745 ),
 ( #760, #110 ),
 ( #1239, #2131 ),
 ( #2116, #804 ),
 ( #2144, #1654 ),
 ( #2549, #2578 ),
 ( #298, #1911 ),
 ( #2563, #1669 ),
 ( #543, #1209 ),
 ( #314, #1225 ),
 ( #1002, #1478 ),
 ( #1930, #2810 ),
 ( #790, #1700 ) ),
 .UNSPECIFIED., .F., .F., .F.,
 ( 4, 1, 1, 1, 1, 1, 1, 1, 1, 1, 1, 1, 1, 1, 1, 1, 1, 1, 1, 1, 1, 1, 1, 1, 1, 1, 1, 1, 1, 1, 4 ),
 ( 2, 2 ),
 ( 0.08439613193519870937, 0.1032991138633100048, 0.1475214462701280038, 0.1966384262090120072, 0.2506500537876020229, 0.3095563290867019979, 0.3733572521685220025, 0.4185890921436339895, 0.4297803624489259788, 0.4409716327542180236, 0.4521629030595090137, 0.4633541733648000038, 0.4745454436700919931, 0.4965657833278410149, 0.4982828922924040227, 0.5000000000000000000, 0.5017171077075960328, 0.5034342166721590406, 0.5254545563299080069, 0.5366458266351999962, 0.5478370969404909863, 0.5590283672457819764, 0.5702196375510739657, 0.5814109078563659549, 0.6266427478314779975, 0.6904436709132979466, 0.7493499462123980326, 0.8033615737909880483, 0.8524785537298720239, 0.8967008861366899675, 0.9156038680648009853 ),
 ( 0.000000000000000000, 1.000000000000000000 ),
 .UNSPECIFIED. ) ;
#2455 = CARTESIAN_POINT ( 'NONE',  ( -0.04958702805808461178, -0.1445849527992776329, 0.002726991926487636834 ) ) ;
#2456 = CARTESIAN_POINT ( 'NONE',  ( -0.1457456819979486840, 0.03103159912162602174, 0.9739897223124760473 ) ) ;
#2457 = CARTESIAN_POINT ( 'NONE',  ( -0.09046851475650875829, 0.1359832487972702508, 0.9972730080735126013 ) ) ;
#2458 = CARTESIAN_POINT ( 'NONE',  ( -0.01868456120631071388, -0.1399172807452684353, 0.002726991926487773443 ) ) ;
#2459 = CIRCLE ( 'NONE', #2548, 0.1406835748211446857 ) ;
#2460 = CARTESIAN_POINT ( 'NONE',  ( -0.02785800258849105079, 0.1614919784227882016, 0.01112769221927805904 ) ) ;
#2461 = B_SPLINE_CURVE_WITH_KNOTS ( 'NONE', 3,
 ( #757, #126, #1680, #1222, #1427, #2113, #2761, #2329, #1236, #1711, #984, #80, #742, #310, #2791, #1926, #774, #2142, #107, #2128 ),
 .UNSPECIFIED., .F., .F.,
 ( 4, 2, 2, 2, 2, 2, 2, 2, 2, 4 ),
 ( 6.942281208919283290E-19, 0.0005475201370057170090, 0.0008212802055085716103, 0.0009581602397599988568, 0.001095040274011426212, 0.001163480291137139726, 0.001231920308262853241, 0.001368800342514286993, 0.001642560411017155364, 0.002190080548022885817 ),
 .UNSPECIFIED. ) ;
#2462 = DIRECTION ( 'NONE',  ( -0.000000000000000000, -0.000000000000000000, -1.000000000000000000 ) ) ;
#2463 = DIRECTION ( 'NONE',  ( -0.000000000000000000, -0.000000000000000000, -1.000000000000000000 ) ) ;
#2464 = CARTESIAN_POINT ( 'NONE',  ( -0.09581801051494756583, -0.1095575621989052506, 0.9705304259483999996 ) ) ;
#2465 = EDGE_CURVE ( 'NONE', #1288, #1641, #875, .T. ) ;
#2466 = CARTESIAN_POINT ( 'NONE',  ( -0.03472591030450194322, 0.1626879785290683833, 0.002726991926487090396 ) ) ;
#2467 = EDGE_CURVE ( 'NONE', #1985, #1656, #1978, .T. ) ;
#2468 = CARTESIAN_POINT ( 'NONE',  ( -0.09651405854649577898, 0.1354399912088173619, 0.9913075819845602599 ) ) ;
#2469 = CARTESIAN_POINT ( 'NONE',  ( -0.1589557235662772683, 0.02509848790477959071, 0.9859233773667029910 ) ) ;
#2470 = CARTESIAN_POINT ( 'NONE',  ( 0.1118296389506821392, 0.08613994503586999696, 0.9972730080735109359 ) ) ;
#2471 = CARTESIAN_POINT ( 'NONE',  ( -0.005391093247490742757, -0.1644906468110159947, 0.002726991926487773443 ) ) ;
#2472 = CARTESIAN_POINT ( 'NONE',  ( -0.03607101811217959531, 0.1623509666374416960, 0.008692418015439667273 ) ) ;
#2473 = AXIS2_PLACEMENT_3D ( 'NONE', #495, #1385, #2068 ) ;
#2474 = FACE_OUTER_BOUND ( 'NONE', #1698, .T. ) ;
#2475 = B_SPLINE_SURFACE_WITH_KNOTS ( 'NONE', 3, 1, ( 
 ( #2756, #1199 ),
 ( #1502, #1406 ),
 ( #826, #1051 ),
 ( #502, #1216 ),
 ( #1646, #2540 ),
 ( #592, #534 ),
 ( #517, #1437 ),
 ( #55, #75 ),
 ( #2391, #959 ),
 ( #2122, #2337 ),
 ( #1167, #2622 ),
 ( #89, #2406 ),
 ( #994, #2180 ),
 ( #1421, #2785 ),
 ( #2073, #305 ),
 ( #1629, #810 ),
 ( #1902, #1183 ),
 ( #147, #2310 ),
 ( #1736, #605 ),
 ( #2088, #2325 ),
 ( #1867, #2772 ),
 ( #2106, #977 ),
 ( #366, #1717 ),
 ( #1884, #2607 ),
 ( #942, #2527 ),
 ( #277, #2209 ),
 ( #1329, #2885 ),
 ( #379, #1807 ),
 ( #2192, #2234 ),
 ( #422, #437 ),
 ( #856, #2019 ),
 ( #1096, #1067 ),
 ( #1974, #2902 ) ),
 .UNSPECIFIED., .F., .F., .F.,
 ( 4, 1, 1, 1, 1, 1, 1, 1, 1, 1, 1, 1, 1, 1, 1, 1, 1, 1, 1, 1, 1, 1, 1, 1, 1, 1, 1, 1, 1, 1, 4 ),
 ( 2, 2 ),
 ( 0.08439613193520256740, 0.1032991138633100048, 0.1475214462701280038, 0.1966384262090120072, 0.2506500537876020229, 0.3095563290867019979, 0.3733572521685220025, 0.4185890921436339895, 0.4297803624489259788, 0.4409716327542180236, 0.4521629030595090137, 0.4633541733648000038, 0.4745454436700919931, 0.4965657833278410149, 0.4982828922924040227, 0.5000000000000000000, 0.5017171077075960328, 0.5034342166721590406, 0.5254545563299080069, 0.5366458266351999962, 0.5478370969404909863, 0.5590283672457819764, 0.5702196375510739657, 0.5814109078563659549, 0.6266427478314779975, 0.6904436709132979466, 0.7493499462123980326, 0.8033615737909880483, 0.8524785537298720239, 0.8967008861366899675, 0.9156038680647969885 ),
 ( 0.000000000000000000, 1.000000000000000000 ),
 .UNSPECIFIED. ) ;
#2476 = CARTESIAN_POINT ( 'NONE',  ( -0.1301561770192636580, 0.05339698313750229630, 1.000000000000000000 ) ) ;
#2477 = ORIENTED_EDGE ( 'NONE', *, *, #710, .T. ) ;
#2478 = FACE_OUTER_BOUND ( 'NONE', #289, .T. ) ;
#2479 = VECTOR ( 'NONE', #2491, 39.37007874015748143 ) ;
#2480 = CARTESIAN_POINT ( 'NONE',  ( -0.04719934866519079342, 0.1347114807835744221, 0.9972730080735122682 ) ) ;
#2481 = AXIS2_PLACEMENT_3D ( 'NONE', #2529, #2802, #1185 ) ;
#2482 = DATE_AND_TIME ( #1797, #2054 ) ;
#2483 = EDGE_CURVE ( 'NONE', #109, #87, #1443, .T. ) ;
#2484 = CYLINDRICAL_SURFACE ( 'NONE', #2286, 0.1406835748211446024 ) ;
#2485 = DIRECTION ( 'NONE',  ( -1.000000000000000000, 0.000000000000000000, 0.000000000000000000 ) ) ;
#2486 = CARTESIAN_POINT ( 'NONE',  ( -0.1009882529991398270, 0.1200932674293660740, 0.9972730080735126013 ) ) ;
#2487 = DIRECTION ( 'NONE',  ( -0.000000000000000000, -0.000000000000000000, -1.000000000000000000 ) ) ;
#2488 = CARTESIAN_POINT ( 'NONE',  ( -0.1434236834138777894, -0.002984936147546941778, 0.9684492421133833462 ) ) ;
#2489 = CARTESIAN_POINT ( 'NONE',  ( 0.1370895557338564497, 0.06181970051801229799, 0.9753502415960024763 ) ) ;
#2490 = CARTESIAN_POINT ( 'NONE',  ( 0.07262119002211038510, -0.1456408053435962191, 0.9877402973217919158 ) ) ;
#2491 = DIRECTION ( 'NONE',  ( -0.000000000000000000, -0.000000000000000000, -1.000000000000000000 ) ) ;
#2492 = CARTESIAN_POINT ( 'NONE',  ( -0.1259802765279657288, -0.1053255481050356657, 0.9892030517226366726 ) ) ;
#2493 = VERTEX_POINT ( 'NONE', #1134 ) ;
#2494 = CARTESIAN_POINT ( 'NONE',  ( 0.01056307814159813604, 0.1402864555280769199, 0.002726991926490095371 ) ) ;
#2495 = CARTESIAN_POINT ( 'NONE',  ( -0.1255802105336038255, -0.1035117971232889927, 0.01225970267821281830 ) ) ;
#2496 = CARTESIAN_POINT ( 'NONE',  ( 0.1469468584872797023, -0.03196627041368314132, 0.02464975840400293258 ) ) ;
#2497 = CARTESIAN_POINT ( 'NONE',  ( 0.000000000000000000, 0.000000000000000000, 0.9656835748211447523 ) ) ;
#2498 = CARTESIAN_POINT ( 'NONE',  ( -0.09846465394570649843, 0.1340864686107788306, 0.9972730080735126013 ) ) ;
#2499 = CARTESIAN_POINT ( 'NONE',  ( -0.1406220939717975627, -0.004158715119306009844, 0.03431642517885521299 ) ) ;
#2500 = FACE_OUTER_BOUND ( 'NONE', #1488, .T. ) ;
#2501 = CYLINDRICAL_SURFACE ( 'NONE', #1849, 0.1406835748211446580 ) ;
#2502 = EDGE_CURVE ( 'NONE', #2361, #2373, #2271, .T. ) ;
#2503 = CARTESIAN_POINT ( 'NONE',  ( 0.05395646064211546966, -0.1477964036736576225, 0.9823294948667421478 ) ) ;
#2504 = CARTESIAN_POINT ( 'NONE',  ( -0.1580299613290402916, -0.05198759964668357020, 0.008640918219156081340 ) ) ;
#2505 = CARTESIAN_POINT ( 'NONE',  ( -0.04023515346365539452, 0.1588611337894905162, 0.9888723077807206607 ) ) ;
#2506 = EDGE_CURVE ( 'NONE', #1265, #23, #1343, .T. ) ;
#2507 = ORIENTED_EDGE ( 'NONE', *, *, #710, .F. ) ;
#2508 = CARTESIAN_POINT ( 'NONE',  ( 0.02733773058512623325, 0.1610237392503478249, 0.9972730080735127123 ) ) ;
#2509 = CARTESIAN_POINT ( 'NONE',  ( 0.1586983616240137396, 0.02522356526500239837, 0.9856888202515604602 ) ) ;
#2510 = COORDINATED_UNIVERSAL_TIME_OFFSET ( 5, 0, .BEHIND. ) ;
#2511 = CARTESIAN_POINT ( 'NONE',  ( -0.1656044010139021416, 0.01546308888609744005, 0.9913191667048105726 ) ) ;
#2512 = CARTESIAN_POINT ( 'NONE',  ( -0.1013714463600170618, 0.1280618053073876716, 0.9972730080735126013 ) ) ;
#2513 = CARTESIAN_POINT ( 'NONE',  ( 0.003844550425974311778, -0.1655174767958202120, 0.9972730080735123792 ) ) ;
#2514 = CARTESIAN_POINT ( 'NONE',  ( 0.1413467735958612581, 0.06910981245766403824, 0.9823294948667498083 ) ) ;
#2515 = CARTESIAN_POINT ( 'NONE',  ( 0.000000000000000000, 0.000000000000000000, 1.000000000000000000 ) ) ;
#2516 = CARTESIAN_POINT ( 'NONE',  ( -0.1651428245616473889, 0.01918230585176221303, 0.002726991926488729710 ) ) ;
#2517 = CARTESIAN_POINT ( 'NONE',  ( 0.1581669107206654379, -0.05154120252217765652, 0.9972730080735112690 ) ) ;
#2518 = B_SPLINE_CURVE_WITH_KNOTS ( 'NONE', 3,
 ( #555, #1890, #1858, #541, #2546, #1667, #1398, #2129, #1909, #1014, #2744, #1000, #268, #108, #743, #1428, #2561, #524, #1223, #1462 ),
 .UNSPECIFIED., .F., .F.,
 ( 4, 2, 2, 2, 2, 2, 2, 2, 2, 4 ),
 ( 0.000000000000000000, 0.0005475201370056620399, 0.0008212802055084924635, 0.0009581602397599082175, 0.001095040274011324080, 0.001163480291137031306, 0.001231920308262738533, 0.001368800342514153419, 0.001642560411016982759, 0.002190080548022640787 ),
 .UNSPECIFIED. ) ;
#2519 = ORIENTED_EDGE ( 'NONE', *, *, #2401, .T. ) ;
#2520 = CARTESIAN_POINT ( 'NONE',  ( -0.1162100952233864198, -0.07929112177682978713, 0.9656835748211447523 ) ) ;
#2521 = EDGE_CURVE ( 'NONE', #1660, #1498, #65, .T. ) ;
#2522 = ORIENTED_EDGE ( 'NONE', *, *, #1919, .T. ) ;
#2523 = CARTESIAN_POINT ( 'NONE',  ( 0.04051999555988871488, 0.1582217623322897393, 0.002726991926490095371 ) ) ;
#2524 = CARTESIAN_POINT ( 'NONE',  ( 0.1608355807937676962, 0.02412081031766059869, 0.9876327035582429525 ) ) ;
#2525 = AXIS2_PLACEMENT_3D ( 'NONE', #553, #1460, #964 ) ;
#2526 = AXIS2_PLACEMENT_3D ( 'NONE', #145, #1497, #1049 ) ;
#2527 = CARTESIAN_POINT ( 'NONE',  ( -0.1167640678313553171, -0.1142022266822482618, 0.002726991926488729710 ) ) ;
#2528 = CARTESIAN_POINT ( 'NONE',  ( 0.03666901875709759062, 0.1622584717317391567, 0.008659721743461561844 ) ) ;
#2529 = CARTESIAN_POINT ( 'NONE',  ( 0.000000000000000000, 0.000000000000000000, 1.000000000000000000 ) ) ;
#2530 = CARTESIAN_POINT ( 'NONE',  ( 0.1528316958884758103, 0.002480858612484875166, 0.9972730080735131564 ) ) ;
#2531 = CARTESIAN_POINT ( 'NONE',  ( 0.06624543722776246590, -0.1525467035444010022, 0.9913075819845599268 ) ) ;
#2532 = CARTESIAN_POINT ( 'NONE',  ( 0.01883494462710164769, -0.1394170473268983579, 0.9656835748211447523 ) ) ;
#2533 = CARTESIAN_POINT ( 'NONE',  ( 0.1272953946498973088, -0.06100689124639561284, 0.9972730080735112690 ) ) ;
#2534 = ADVANCED_FACE ( 'NONE', ( #2474 ), #906, .F. ) ;
#2535 = CARTESIAN_POINT ( 'NONE',  ( -0.02408385809951945483, 0.1577914887907042596, 0.9846099701364605661 ) ) ;
#2536 = ORIENTED_EDGE ( 'NONE', *, *, #241, .T. ) ;
#2537 = CARTESIAN_POINT ( 'NONE',  ( 0.02976960944881983442, 0.1624084858066508763, 0.002726991926490095371 ) ) ;
#2538 = CARTESIAN_POINT ( 'NONE',  ( -0.1094058926189754727, -0.1130726635581620482, 0.01767050513325399419 ) ) ;
#2539 = ORIENTED_EDGE ( 'NONE', *, *, #189, .F. ) ;
#2540 = CARTESIAN_POINT ( 'NONE',  ( -0.1205390902827846028, -0.08767494082449214798, 0.002726991926488729710 ) ) ;
#2541 = CARTESIAN_POINT ( 'NONE',  ( 0.01643102653998723336, 0.1494832533439297839, 0.02464975840399644472 ) ) ;
#2542 = CARTESIAN_POINT ( 'NONE',  ( -0.1749999999999999889, 2.143131898507867989E-17, 1.000000000000000000 ) ) ;
#2543 = ORIENTED_EDGE ( 'NONE', *, *, #1738, .F. ) ;
#2544 = CARTESIAN_POINT ( 'NONE',  ( -0.1749999999999999889, 0.000000000000000000, 0.000000000000000000 ) ) ;
#2545 = DIRECTION ( 'NONE',  ( 0.000000000000000000, 0.000000000000000000, 1.000000000000000000 ) ) ;
#2546 = CARTESIAN_POINT ( 'NONE',  ( -0.08589368504695496509, 0.1342241522482140181, 0.01565402426856458279 ) ) ;
#2547 = CARTESIAN_POINT ( 'NONE',  ( -0.01506065416067766186, -0.1495049661945543340, 0.02477044651415014759 ) ) ;
#2548 = AXIS2_PLACEMENT_3D ( 'NONE', #1706, #327, #2485 ) ;
#2549 = CARTESIAN_POINT ( 'NONE',  ( 0.1551534809997518749, -0.04143602616542622907, 0.9972730080735112690 ) ) ;
#2550 = CARTESIAN_POINT ( 'NONE',  ( 0.1443375672974063773, -0.2500000000000001665, 1.000000000000000000 ) ) ;
#2551 = VERTEX_POINT ( 'NONE', #267 ) ;
#2552 = CARTESIAN_POINT ( 'NONE',  ( 0.02892624357681170336, 0.1620170028337904744, 0.9972730080735127123 ) ) ;
#2553 = CARTESIAN_POINT ( 'NONE',  ( -0.1488382472457260575, -1.006476895248773688E-17, 0.02616175275427372673 ) ) ;
#2554 = ORIENTED_EDGE ( 'NONE', *, *, #2502, .T. ) ;
#2555 = EDGE_CURVE ( 'NONE', #1906, #2605, #1017, .T. ) ;
#2556 = CARTESIAN_POINT ( 'NONE',  ( -0.09718507462835147825, 0.1017198579134789838, 0.002726991926488593100 ) ) ;
#2557 = CARTESIAN_POINT ( 'NONE',  ( 0.1212407815661923211, -0.08897131306585159827, 0.02464975840399760004 ) ) ;
#2558 = ORIENTED_EDGE ( 'NONE', *, *, #992, .T. ) ;
#2559 = FACE_OUTER_BOUND ( 'NONE', #2400, .T. ) ;
#2560 = CARTESIAN_POINT ( 'NONE',  ( -0.1388430885402737736, -0.02546674386764609388, 0.9972730080735119351 ) ) ;
#2561 = CARTESIAN_POINT ( 'NONE',  ( -0.1010172098483168440, 0.1206258674511970774, 0.01767050513325218314 ) ) ;
#2562 = CARTESIAN_POINT ( 'NONE',  ( -0.009405526280484624232, -0.1590766615600351375, 0.01565402426855959372 ) ) ;
#2563 = CARTESIAN_POINT ( 'NONE',  ( 0.1489761571405912866, -0.03420214220227286994, 0.9972730080735112690 ) ) ;
#2564 = CARTESIAN_POINT ( 'NONE',  ( 0.08589368504694244733, 0.1342241522482192639, 0.9843459757314330094 ) ) ;
#2565 = APPROVAL_PERSON_ORGANIZATION ( #2684, #1929, #483 ) ;
#2566 = CARTESIAN_POINT ( 'NONE',  ( 0.09624688700028179167, 0.1355605034836638023, 0.9972730080735109359 ) ) ;
#2567 = ORIENTED_EDGE ( 'NONE', *, *, #2895, .T. ) ;
#2568 = CARTESIAN_POINT ( 'NONE',  ( -0.1446948531538074512, 0.07575879873986265944, 0.9972730080735117131 ) ) ;
#2569 = ORIENTED_EDGE ( 'NONE', *, *, #96, .F. ) ;
#2570 = CARTESIAN_POINT ( 'NONE',  ( 0.04099634652550549624, -0.1367269583545331624, 0.9972730080735126013 ) ) ;
#2571 = CARTESIAN_POINT ( 'NONE',  ( 0.09147639141118645012, -0.1075082698819491700, 0.9972730080735126013 ) ) ;
#2572 = VECTOR ( 'NONE', #629, 39.37007874015748143 ) ;
#2573 = VERTEX_POINT ( 'NONE', #1635 ) ;
#2574 = CYLINDRICAL_SURFACE ( 'NONE', #2525, 0.1406835748211446024 ) ;
#2575 = CARTESIAN_POINT ( 'NONE',  ( -0.1427102933476941393, -0.02838754640079029640, 0.002726991926487910053 ) ) ;
#2576 = CARTESIAN_POINT ( 'NONE',  ( -0.1642088897915717494, 0.02112477706988206277, 0.002726991926488729710 ) ) ;
#2577 = CARTESIAN_POINT ( 'NONE',  ( -0.01883494462709792844, -0.1394170473268988575, 0.03431642517885521992 ) ) ;
#2578 = CARTESIAN_POINT ( 'NONE',  ( 0.1551534809997518749, -0.04143602616542622907, 0.002726991926486270739 ) ) ;
#2579 = CARTESIAN_POINT ( 'NONE',  ( 0.000000000000000000, 0.000000000000000000, 1.000000000000000000 ) ) ;
#2580 = CARTESIAN_POINT ( 'NONE',  ( 0.09046851475649891894, 0.1359832487972769122, 0.002726991926488593100 ) ) ;
#2581 = VERTEX_POINT ( 'NONE', #506 ) ;
#2582 = DIRECTION ( 'NONE',  ( 1.000000000000000000, 0.000000000000000000, 0.000000000000000000 ) ) ;
#2583 = ORIENTED_EDGE ( 'NONE', *, *, #1616, .F. ) ;
#2584 = CARTESIAN_POINT ( 'NONE',  ( 0.04613519640304701575, -0.1417325339773186366, 0.9972730080735126013 ) ) ;
#2585 = LINE ( 'NONE', #2124, #1503 ) ;
#2586 = ORIENTED_EDGE ( 'NONE', *, *, #1351, .F. ) ;
#2587 = VERTEX_POINT ( 'NONE', #2704 ) ;
#2588 = CARTESIAN_POINT ( 'NONE',  ( 0.1651428245616466395, 0.01918230585176905478, 0.002726991926489275714 ) ) ;
#2589 = CARTESIAN_POINT ( 'NONE',  ( -0.1489761571405890106, -0.03420214220228231378, 0.9972730080735119351 ) ) ;
#2590 = CARTESIAN_POINT ( 'NONE',  ( -0.1603780394462277215, 0.008272327006736867466, 0.9972730080735126013 ) ) ;
#2591 = VERTEX_POINT ( 'NONE', #252 ) ;
#2592 = FACE_OUTER_BOUND ( 'NONE', #1989, .T. ) ;
#2593 = CARTESIAN_POINT ( 'NONE',  ( -0.06570727740188028743, -0.1528233695537458414, 0.9913402782565398086 ) ) ;
#2594 = CARTESIAN_POINT ( 'NONE',  ( -0.07376562671118037928, -0.1387194539133891347, 0.01789479732320786373 ) ) ;
#2595 = CARTESIAN_POINT ( 'NONE',  ( -0.1251016513583622369, 0.08782516014795158088, 0.002726991926488593100 ) ) ;
#2596 = CARTESIAN_POINT ( 'NONE',  ( 0.07083419446063540792, -0.1496440195528894457, 0.9972730080735126013 ) ) ;
#2597 = CARTESIAN_POINT ( 'NONE',  ( 0.1230595699429104239, -0.1119411067777295321, 0.002726991926489139538 ) ) ;
#2598 = ORIENTED_EDGE ( 'NONE', *, *, #1357, .F. ) ;
#2599 = CARTESIAN_POINT ( 'NONE',  ( 0.1630260271443511599, 0.02255551480766744901, 0.9972730080735131564 ) ) ;
#2600 = CARTESIAN_POINT ( 'NONE',  ( 0.1451486254470167880, 0.07757649969901353471, 0.002726991926486953786 ) ) ;
#2601 = CARTESIAN_POINT ( 'NONE',  ( -0.1572840633912504504, -0.04401953565005049807, 0.002726991926487910053 ) ) ;
#2602 = CARTESIAN_POINT ( 'NONE',  ( -0.1655313789142426328, 0.01654786197387953656, 0.002726991926488729710 ) ) ;
#2603 = EDGE_LOOP ( 'NONE', ( #2137, #573, #905, #60 ) ) ;
#2604 = PLANE ( 'NONE',  #162 ) ;
#2605 = VERTEX_POINT ( 'NONE', #1831 ) ;
#2606 = CARTESIAN_POINT ( 'NONE',  ( -0.1361336671439126456, 0.06069754694161796221, 0.002726991926488593100 ) ) ;
#2607 = CARTESIAN_POINT ( 'NONE',  ( -0.1186330275234006998, -0.1140720892915593893, 0.002726991926488729710 ) ) ;
#2608 = CIRCLE ( 'NONE', #2888, 0.1406835748211446024 ) ;
#2609 = CARTESIAN_POINT ( 'NONE',  ( -0.01331474879525716172, 0.1448958180299250165, 0.002726991926487090396 ) ) ;
#2610 = CARTESIAN_POINT ( 'NONE',  ( 0.07253069056932907877, -0.1463396564204151318, 0.9972730080735126013 ) ) ;
#2611 = CARTESIAN_POINT ( 'NONE',  ( 0.1255759627645982313, -0.1078957518560251932, 0.9972730080735126013 ) ) ;
#2612 = CARTESIAN_POINT ( 'NONE',  ( -0.06595904811002951951, -0.1526090342489864193, 0.002726991926487636834 ) ) ;
#2613 = CARTESIAN_POINT ( 'NONE',  ( 0.1647748571257268979, 0.01265532806200857750, 0.009745495282365778181 ) ) ;
#2614 = CARTESIAN_POINT ( 'NONE',  ( 0.1440659267840880553, 0.08317650160985323726, 0.002726991926486953786 ) ) ;
#2615 = CARTESIAN_POINT ( 'NONE',  ( -0.1562284434500371966, -0.05480409793082306052, 0.002726991926487910053 ) ) ;
#2616 = VECTOR ( 'NONE', #864, 39.37007874015748143 ) ;
#2617 = DIRECTION ( 'NONE',  ( 0.7071067811865486830, 0.000000000000000000, 0.7071067811865462405 ) ) ;
#2618 = ORIENTED_EDGE ( 'NONE', *, *, #1602, .F. ) ;
#2619 = DIRECTION ( 'NONE',  ( -1.000000000000000000, 0.000000000000000000, 0.000000000000000000 ) ) ;
#2620 = CARTESIAN_POINT ( 'NONE',  ( 0.09604518090178659762, 0.1358225011213957945, 0.9913402782565393645 ) ) ;
#2621 = ORIENTED_EDGE ( 'NONE', *, *, #2108, .F. ) ;
#2622 = CARTESIAN_POINT ( 'NONE',  ( -0.1257650697743074863, -0.1069854809467523232, 0.002726991926488729710 ) ) ;
#2623 = CARTESIAN_POINT ( 'NONE',  ( 0.06753174292318696315, -0.1520287173599366715, 0.002726991926488456491 ) ) ;
#2624 = CARTESIAN_POINT ( 'NONE',  ( 0.1236243735453430304, -0.1113118859140101863, 0.002726991926489139538 ) ) ;
#2625 = CARTESIAN_POINT ( 'NONE',  ( -0.06779179853933775535, -0.1519129331398509086, 0.002726991926487636834 ) ) ;
#2626 = CARTESIAN_POINT ( 'NONE',  ( 0.1653546150935327197, 0.01822965738643560901, 0.002726991926489275714 ) ) ;
#2627 = CARTESIAN_POINT ( 'NONE',  ( 0.1386096454587443239, 0.06442862805774925150, 0.9972730080735109359 ) ) ;
#2628 = CARTESIAN_POINT ( 'NONE',  ( -0.1267731733649888615, -0.06099533375125574391, 0.002726991926487910053 ) ) ;
#2629 = CARTESIAN_POINT ( 'NONE',  ( -0.1427036324799602907, -0.003261111213372996920, 0.002726991926488729710 ) ) ;
#2630 = EDGE_LOOP ( 'NONE', ( #2125, #301, #581, #2911 ) ) ;
#2631 = CARTESIAN_POINT ( 'NONE',  ( 0.1451179064128247098, 0.08132171803207381700, 0.008659721743456944010 ) ) ;
#2632 = CARTESIAN_POINT ( 'NONE',  ( 0.09894168501748447364, 0.1067449930437505273, 0.02946957405160045493 ) ) ;
#2633 = CARTESIAN_POINT ( 'NONE',  ( 0.09709655830481561667, 0.1350804482762650305, 0.002726991926488593100 ) ) ;
#2634 = CARTESIAN_POINT ( 'NONE',  ( 0.1301561770192594669, 0.05339698313751256586, 0.9656835748211447523 ) ) ;
#2635 = FACE_OUTER_BOUND ( 'NONE', #245, .T. ) ;
#2636 = CARTESIAN_POINT ( 'NONE',  ( -0.02167235930038249533, 0.1554069785049387586, 0.002726991926487090396 ) ) ;
#2637 = CARTESIAN_POINT ( 'NONE',  ( 0.05742699021810470511, -0.1499722898578661756, 0.9972730080735126013 ) ) ;
#2638 = CARTESIAN_POINT ( 'NONE',  ( 0.1221852271474838519, -0.09183927370422945158, 0.002726991926489139538 ) ) ;
#2639 = CARTESIAN_POINT ( 'NONE',  ( -0.06380985130397986982, -0.1527714586216834258, 0.9972730080735108249 ) ) ;
#2640 = EDGE_CURVE ( 'NONE', #808, #1660, #2284, .T. ) ;
#2641 = CARTESIAN_POINT ( 'NONE',  ( 0.1651428245616466395, 0.01918230585176905478, 0.9972730080735131564 ) ) ;
#2642 = CARTESIAN_POINT ( 'NONE',  ( 0.04705055587552057356, -0.1427053026778843381, 0.02477044651415116414 ) ) ;
#2643 = CARTESIAN_POINT ( 'NONE',  ( 0.1346109112532318242, 0.08757539324660011670, 0.002726991926486953786 ) ) ;
#2644 = CARTESIAN_POINT ( 'NONE',  ( -0.01111216141393514545, -0.1565169000280485778, 0.002726991926487773443 ) ) ;
#2645 = CARTESIAN_POINT ( 'NONE',  ( -0.1454938338084204030, -0.001903927984372742526, 0.9972730080735126013 ) ) ;
#2646 = CARTESIAN_POINT ( 'NONE',  ( 0.1113212323921585478, 0.08602006418939496524, 0.03431642517885521299 ) ) ;
#2647 = DIRECTION ( 'NONE',  ( 1.000000000000000000, 0.000000000000000000, 0.000000000000000000 ) ) ;
#2648 = ORIENTED_EDGE ( 'NONE', *, *, #2873, .T. ) ;
#2649 = DIRECTION ( 'NONE',  ( 0.000000000000000000, 0.000000000000000000, -1.000000000000000000 ) ) ;
#2650 = CARTESIAN_POINT ( 'NONE',  ( -0.04677081033966536128, 0.1377845126210237026, 0.002726991926487090396 ) ) ;
#2651 = CARTESIAN_POINT ( 'NONE',  ( 0.06843482060942428225, -0.1516283102501410629, 0.002726991926488456491 ) ) ;
#2652 = AXIS2_PLACEMENT_3D ( 'NONE', #2515, #1576, #2743 ) ;
#2653 = CARTESIAN_POINT ( 'NONE',  ( 0.1204309500491823615, -0.1136098673667216841, 0.9972730080735126013 ) ) ;
#2654 = CARTESIAN_POINT ( 'NONE',  ( -0.06927539626651149640, -0.1511325009192507063, 0.9972730080735108249 ) ) ;
#2655 = CARTESIAN_POINT ( 'NONE',  ( 0.1456475312511495146, 0.03106214130396913950, 0.9739007079394857991 ) ) ;
#2656 = ADVANCED_FACE ( 'NONE', ( #1013 ), #965, .F. ) ;
#2657 = CARTESIAN_POINT ( 'NONE',  ( 0.1436442878691564229, 0.08390940175999389572, 0.002726991926486953786 ) ) ;
#2658 = PRODUCT_RELATED_PRODUCT_CATEGORY ( 'detail', '', ( #443 ) ) ;
#2659 = CARTESIAN_POINT ( 'NONE',  ( -0.006738382307981262247, -0.1631888179979883169, 0.002726991926487773443 ) ) ;
#2660 = LINE ( 'NONE', #1323, #72 ) ;
#2661 = DIRECTION ( 'NONE',  ( -1.000000000000000000, 0.000000000000000000, 0.000000000000000000 ) ) ;
#2662 = VECTOR ( 'NONE', #1606, 39.37007874015748143 ) ;
#2663 = CARTESIAN_POINT ( 'NONE',  ( 0.09827708908159286938, 0.1342303727042828132, 0.9913590817808444200 ) ) ;
#2664 = CARTESIAN_POINT ( 'NONE',  ( -0.07439576690564927985, -0.1250493921798995212, 0.9972730080735108249 ) ) ;
#2665 = CARTESIAN_POINT ( 'NONE',  ( -0.1586355704930690613, -0.04993706529322512050, 0.9913075819845613701 ) ) ;
#2666 = CIRCLE ( 'NONE', #2250, 0.1749999999999999889 ) ;
#2667 = CARTESIAN_POINT ( 'NONE',  ( -0.1749999999999999889, 0.000000000000000000, 0.000000000000000000 ) ) ;
#2668 = DIRECTION ( 'NONE',  ( -0.000000000000000000, -0.000000000000000000, -1.000000000000000000 ) ) ;
#2669 = CARTESIAN_POINT ( 'NONE',  ( -0.04719934866519079342, 0.1347114807835744221, 0.002726991926487090396 ) ) ;
#2670 = CALENDAR_DATE ( 2025, 18, 8 ) ;
#2671 = CARTESIAN_POINT ( 'NONE',  ( -0.06197936475330055595, -0.1524624383888925627, 0.002726991926487636834 ) ) ;
#2672 = CARTESIAN_POINT ( 'NONE',  ( 0.06385447237582145275, -0.1529080781391713717, 0.009299427107621367414 ) ) ;
#2673 = CARTESIAN_POINT ( 'NONE',  ( -0.07856433452584749011, 0.1311157018366347349, 0.9972730080735126013 ) ) ;
#2674 = CARTESIAN_POINT ( 'NONE',  ( -0.01868456120631071388, -0.1399172807452684353, 0.9972730080735123792 ) ) ;
#2675 = CARTESIAN_POINT ( 'NONE',  ( -0.04060410363143086149, 0.1579106202965826489, 0.01195477211225136338 ) ) ;
#2676 = EDGE_CURVE ( 'NONE', #1081, #1133, #2461, .T. ) ;
#2677 = CARTESIAN_POINT ( 'NONE',  ( 0.1013712859570190528, 0.1287617559158971969, 0.01112769221928391894 ) ) ;
#2678 = CARTESIAN_POINT ( 'NONE',  ( -0.07253069056932304193, -0.1463396564204185457, 0.9972730080735108249 ) ) ;
#2679 = CARTESIAN_POINT ( 'NONE',  ( 0.1443375672974064605, 0.2499999999999998612, 1.000000000000000000 ) ) ;
#2680 = EDGE_CURVE ( 'NONE', #2363, #1242, #1204, .T. ) ;
#2681 = CARTESIAN_POINT ( 'NONE',  ( 0.000000000000000000, 0.000000000000000000, 0.9656835748211447523 ) ) ;
#2682 = CARTESIAN_POINT ( 'NONE',  ( -0.04486815455928297447, 0.1461182077430698834, 0.002726991926487090396 ) ) ;
#2683 = B_SPLINE_SURFACE_WITH_KNOTS ( 'NONE', 3, 1, ( 
 ( #1012, #489 ),
 ( #1925, #2299 ),
 ( #786, #265 ),
 ( #1856, #2742 ),
 ( #723, #1633 ),
 ( #2530, #2313 ),
 ( #280, #61 ),
 ( #1870, #2168 ),
 ( #833, #2845 ),
 ( #384, #138 ),
 ( #597, #2198 ),
 ( #1251, #1981 ),
 ( #861, #1709 ),
 ( #125, #2877 ),
 ( #1280, #1522 ),
 ( #1073, #400 ),
 ( #1741, #2818 ),
 ( #1964, #355 ),
 ( #1756, #2626 ),
 ( #2641, #2588 ),
 ( #623, #848 ),
 ( #1293, #2425 ),
 ( #2184, #1723 ),
 ( #2599, #1475 ),
 ( #610, #1310 ),
 ( #151, #2410 ),
 ( #370, #166 ),
 ( #2367, #2862 ),
 ( #582, #1042 ),
 ( #569, #2214 ),
 ( #1534, #179 ),
 ( #1088, #1996 ),
 ( #1489, #1506 ) ),
 .UNSPECIFIED., .F., .F., .F.,
 ( 4, 1, 1, 1, 1, 1, 1, 1, 1, 1, 1, 1, 1, 1, 1, 1, 1, 1, 1, 1, 1, 1, 1, 1, 1, 1, 1, 1, 1, 1, 4 ),
 ( 2, 2 ),
 ( 0.08439613193520204004, 0.1032991138633100048, 0.1475214462701280038, 0.1966384262090120072, 0.2506500537876020229, 0.3095563290867019979, 0.3733572521685220025, 0.4185890921436339895, 0.4297803624489259788, 0.4409716327542180236, 0.4521629030595090137, 0.4633541733648000038, 0.4745454436700919931, 0.4965657833278410149, 0.4982828922924040227, 0.5000000000000000000, 0.5017171077075960328, 0.5034342166721590406, 0.5254545563299080069, 0.5366458266351999962, 0.5478370969404909863, 0.5590283672457819764, 0.5702196375510739657, 0.5814109078563659549, 0.6266427478314779975, 0.6904436709132979466, 0.7493499462123980326, 0.8033615737909880483, 0.8524785537298720239, 0.8967008861366899675, 0.9156038680647987649 ),
 ( 0.000000000000000000, 1.000000000000000000 ),
 .UNSPECIFIED. ) ;
#2684 = PERSON_AND_ORGANIZATION ( #1517, #2334 ) ;
#2685 = CARTESIAN_POINT ( 'NONE',  ( -0.1611155228936087536, 0.02396662928244407131, 0.9878867344812468643 ) ) ;
#2686 = CARTESIAN_POINT ( 'NONE',  ( -0.08735306505936592247, 0.1347552928662038296, 0.9972730080735126013 ) ) ;
#2687 = CARTESIAN_POINT ( 'NONE',  ( -0.0001423331559350772904, -0.1663527785930360714, 0.9972730080735123792 ) ) ;
#2688 = CARTESIAN_POINT ( 'NONE',  ( 0.1384138093207621378, -0.02516914010792402692, 0.9656835748211447523 ) ) ;
#2689 = CARTESIAN_POINT ( 'NONE',  ( -0.1415364666054736986, 0.08617251663637605363, 0.009299427107623279079 ) ) ;
#2690 = CARTESIAN_POINT ( 'NONE',  ( 0.1488382472457157046, -1.805780869835447321E-17, 0.9738382472457158823 ) ) ;
#2691 = CARTESIAN_POINT ( 'NONE',  ( -0.2886751345948129766, -1.024238109024573811E-16, 0.000000000000000000 ) ) ;
#2692 = LINE ( 'NONE', #673, #1022 ) ;
#2693 = CARTESIAN_POINT ( 'NONE',  ( -0.1091352083267508738, -0.1130219486719185873, 0.9821052026767892462 ) ) ;
#2694 = CARTESIAN_POINT ( 'NONE',  ( -0.03444746463453195184, 0.1627471639832893946, 0.002726991926487090396 ) ) ;
#2695 = DATE_AND_TIME ( #1155, #2197 ) ;
#2696 = ADVANCED_BREP_SHAPE_REPRESENTATION ( 'am-5687_long Kraken Spline 500in Hex Adapter Long', ( #1066, #538 ), #1249 ) ;
#2697 = CARTESIAN_POINT ( 'NONE',  ( -0.08350598270575192161, 0.1333485186878279882, 0.9823294948667434801 ) ) ;
#2698 = CARTESIAN_POINT ( 'NONE',  ( -0.09624688700029196409, 0.1355605034836567246, 0.002726991926488593100 ) ) ;
#2699 = CARTESIAN_POINT ( 'NONE',  ( -0.001815097502118646683, -0.1662432518421344541, 0.002726991926487773443 ) ) ;
#2700 = DIRECTION ( 'NONE',  ( -1.000000000000000000, 1.182924880895401018E-16, 0.000000000000000000 ) ) ;
#2701 = EDGE_CURVE ( 'NONE', #982, #423, #2288, .T. ) ;
#2702 = VECTOR ( 'NONE', #557, 39.37007874015748143 ) ;
#2703 = ORIENTED_EDGE ( 'NONE', *, *, #2393, .T. ) ;
#2704 = CARTESIAN_POINT ( 'NONE',  ( 0.1162100952233895840, -0.07929112177682519358, 0.03431642517885524074 ) ) ;
#2705 = CARTESIAN_POINT ( 'NONE',  ( 0.2886751345948128100, -6.257501111549675945E-17, 1.000000000000000000 ) ) ;
#2706 = CARTESIAN_POINT ( 'NONE',  ( -0.04331227457172810713, 0.1510248371942342072, 0.9821052026767909116 ) ) ;
#2707 = EDGE_CURVE ( 'NONE', #1387, #128, #1939, .T. ) ;
#2708 = AXIS2_PLACEMENT_3D ( 'NONE', #967, #1637, #48 ) ;
#2709 = CARTESIAN_POINT ( 'NONE',  ( 0.03458673417201323097, 0.1627177909742094919, 0.9972730080735127123 ) ) ;
#2710 = CARTESIAN_POINT ( 'NONE',  ( 0.1457456819979518203, 0.03103159912163067427, 0.02601027768752018493 ) ) ;
#2711 = APPROVAL_STATUS ( 'not_yet_approved' ) ;
#2712 = EDGE_CURVE ( 'NONE', #1230, #1956, #2093, .T. ) ;
#2713 = CARTESIAN_POINT ( 'NONE',  ( -0.1508492045358276190, 0.001190958829514652921, 0.9758492045358279077 ) ) ;
#2714 = CARTESIAN_POINT ( 'NONE',  ( -0.09789485987688324731, 0.1344985636132831064, 0.9972730080735126013 ) ) ;
#2715 = CARTESIAN_POINT ( 'NONE',  ( 0.01550121597311259446, -0.1482439875277728747, 0.9972730080735123792 ) ) ;
#2716 = DIRECTION ( 'NONE',  ( -1.000000000000000000, 0.000000000000000000, 0.000000000000000000 ) ) ;
#2717 = CARTESIAN_POINT ( 'NONE',  ( -0.1424671932004536457, 0.07139290608514367587, 0.9843459757314364511 ) ) ;
#2718 = CARTESIAN_POINT ( 'NONE',  ( -0.1576911429633755801, -0.05284371435341504025, 0.008692418015439188489 ) ) ;
#2719 = CARTESIAN_POINT ( 'NONE',  ( -0.02713434117132208431, 0.1607737066916193891, 0.9880452278877522865 ) ) ;
#2720 = ORIENTED_EDGE ( 'NONE', *, *, #1263, .T. ) ;
#2721 = CARTESIAN_POINT ( 'NONE',  ( 0.09735744171127619362, 0.1022129484070293109, 0.9972730080735109359 ) ) ;
#2722 = CARTESIAN_POINT ( 'NONE',  ( 0.1749999999999999889, 0.000000000000000000, 1.000000000000000000 ) ) ;
#2723 = PERSON_AND_ORGANIZATION ( #1517, #2334 ) ;
#2724 = CARTESIAN_POINT ( 'NONE',  ( -0.1009950669966236531, 0.1203513648467250535, 0.9821052026767917997 ) ) ;
#2725 = CARTESIAN_POINT ( 'NONE',  ( -0.1366845183365936467, 0.03330481454009328462, 0.03431642517885518523 ) ) ;
#2726 = B_SPLINE_SURFACE_WITH_KNOTS ( 'NONE', 3, 1, ( 
 ( #294, #2777 ),
 ( #2560, #787 ),
 ( #540, #2342 ),
 ( #999, #2575 ),
 ( #554, #1695 ),
 ( #2589, #1651 ),
 ( #2368, #340 ),
 ( #1252, #2156 ),
 ( #2820, #2601 ),
 ( #584, #2383 ),
 ( #357, #62 ),
 ( #1322, #2893 ),
 ( #388, #599 ),
 ( #402, #1743 ),
 ( #641, #1550 ),
 ( #2186, #835 ),
 ( #2398, #153 ),
 ( #1075, #2445 ),
 ( #2847, #2216 ),
 ( #1983, #1268 ),
 ( #1536, #140 ),
 ( #1044, #2615 ),
 ( #659, #1508 ),
 ( #416, #2864 ),
 ( #1725, #2835 ),
 ( #372, #182 ),
 ( #817, #2228 ),
 ( #1565, #1788 ),
 ( #1282, #1057 ),
 ( #194, #850 ),
 ( #1966, #1104 ),
 ( #2013, #881 ),
 ( #612, #2628 ) ),
 .UNSPECIFIED., .F., .F., .F.,
 ( 4, 1, 1, 1, 1, 1, 1, 1, 1, 1, 1, 1, 1, 1, 1, 1, 1, 1, 1, 1, 1, 1, 1, 1, 1, 1, 1, 1, 1, 1, 4 ),
 ( 2, 2 ),
 ( 0.08439613193520324741, 0.1032991138633100048, 0.1475214462701280038, 0.1966384262090120072, 0.2506500537876020229, 0.3095563290867019979, 0.3733572521685220025, 0.4185890921436339895, 0.4297803624489259788, 0.4409716327542180236, 0.4521629030595090137, 0.4633541733648000038, 0.4745454436700919931, 0.4965657833278410149, 0.4982828922924040227, 0.5000000000000000000, 0.5017171077075960328, 0.5034342166721590406, 0.5254545563299080069, 0.5366458266351999962, 0.5478370969404909863, 0.5590283672457819764, 0.5702196375510739657, 0.5814109078563659549, 0.6266427478314779975, 0.6904436709132979466, 0.7493499462123980326, 0.8033615737909880483, 0.8524785537298720239, 0.8967008861366899675, 0.9156038680648010963 ),
 ( 0.000000000000000000, 1.000000000000000000 ),
 .UNSPECIFIED. ) ;
#2727 = CARTESIAN_POINT ( 'NONE',  ( -0.09766455999285021672, 0.1346658862732275641, 0.9972730080735126013 ) ) ;
#2728 = DIRECTION ( 'NONE',  ( 1.000000000000000000, 0.000000000000000000, 0.000000000000000000 ) ) ;
#2729 = ADVANCED_FACE ( 'NONE', ( #93 ), #2726, .T. ) ;
#2730 = CARTESIAN_POINT ( 'NONE',  ( -0.1412773026176418201, 0.08620562807153732410, 0.9904999148200976933 ) ) ;
#2731 = CARTESIAN_POINT ( 'NONE',  ( -0.1585933079896878761, 0.02525291253717531353, 0.9972730080735126013 ) ) ;
#2732 = CARTESIAN_POINT ( 'NONE',  ( 0.1568443576895077740, -0.05410741441020591042, 0.002726991926486270739 ) ) ;
#2733 = VERTEX_POINT ( 'NONE', #1524 ) ;
#2734 = CARTESIAN_POINT ( 'NONE',  ( -0.03130262407502289873, 0.1628760511212173911, 0.9908545127894139437 ) ) ;
#2735 = EDGE_LOOP ( 'NONE', ( #2567, #521, #2084, #701 ) ) ;
#2736 = CARTESIAN_POINT ( 'NONE',  ( 0.03375995171503176628, 0.1628948581182222688, 0.002726991926490095371 ) ) ;
#2737 = CARTESIAN_POINT ( 'NONE',  ( 0.1524065284542640009, 0.02833542542282536936, 0.01998729214420216088 ) ) ;
#2738 = CARTESIAN_POINT ( 'NONE',  ( 0.1537851571157924646, -0.05662025127106957989, 0.01112769221927405530 ) ) ;
#2739 = CARTESIAN_POINT ( 'NONE',  ( -0.09100401938525227996, -0.1072853050523940310, 0.03431642517885517829 ) ) ;
#2740 = CARTESIAN_POINT ( 'NONE',  ( 0.01710174493057777315, -0.1444977886971680892, 0.9972730080735123792 ) ) ;
#2741 = CARTESIAN_POINT ( 'NONE',  ( 0.09593948300803786799, -0.1093969662202405047, 0.9972730080735126013 ) ) ;
#2742 = CARTESIAN_POINT ( 'NONE',  ( 0.1454938338084205418, -0.001903927984366858128, 0.002726991926489275714 ) ) ;
#2743 = DIRECTION ( 'NONE',  ( -1.000000000000000000, 0.000000000000000000, 0.000000000000000000 ) ) ;
#2744 = CARTESIAN_POINT ( 'NONE',  ( -0.09898660191914231132, 0.1336435832962535597, 0.008692418015438132042 ) ) ;
#2745 = VECTOR ( 'NONE', #1439, 39.37007874015748143 ) ;
#2746 = CARTESIAN_POINT ( 'NONE',  ( 0.1406277576667192275, -0.05989587382477384175, 0.002726991926486270739 ) ) ;
#2748 = CARTESIAN_POINT ( 'NONE',  ( 0.07041178595547301078, -0.1501687141230952927, 0.009145487210586826510 ) ) ;
#2747 = CARTESIAN_POINT ( 'NONE',  ( 0.000000000000000000, 0.000000000000000000, 0.03431642517885519217 ) ) ;
#2749 = ORIENTED_EDGE ( 'NONE', *, *, #11, .T. ) ;
#2750 = CARTESIAN_POINT ( 'NONE',  ( 0.04341102735238971944, 0.1507862819685180378, 0.9972730080735127123 ) ) ;
#2751 = DIRECTION ( 'NONE',  ( -0.000000000000000000, -0.000000000000000000, -1.000000000000000000 ) ) ;
#2752 = AXIS2_PLACEMENT_3D ( 'NONE', #1969, #820, #1495 ) ;
#2753 = ORIENTED_EDGE ( 'NONE', *, *, #1097, .T. ) ;
#2754 = CIRCLE ( 'NONE', #1589, 0.1406835748211446580 ) ;
#2755 = CARTESIAN_POINT ( 'NONE',  ( -0.1646859825824727730, 0.02056506247976170459, 0.009041762909908396956 ) ) ;
#2756 = CARTESIAN_POINT ( 'NONE',  ( -0.1162100952233864198, -0.07929112177682978713, 0.9972730080735111580 ) ) ;
#2757 = CARTESIAN_POINT ( 'NONE',  ( 0.1091352083267537465, -0.1130219486719137578, 0.01789479732321242605 ) ) ;
#2758 = B_SPLINE_CURVE_WITH_KNOTS ( 'NONE', 3,
 ( #703, #716, #2655, #735, #1848, #1196, #2509, #2524, #247, #639, #691, #2264, #1154, #500, #2060, #1403, #1596, #273, #926, #230, #1140, #1612 ),
 .UNSPECIFIED., .F., .F.,
 ( 4, 2, 2, 2, 2, 2, 2, 2, 2, 2, 4 ),
 ( 0.000000000000000000, 0.0004704992538473818449, 0.0007057488807710694334, 0.0008233736942329132006, 0.0009409985076947570762, 0.001058623321156600735, 0.001176248134618444611, 0.001293872948080288486, 0.001411497761542132145, 0.001646747388465819679, 0.001881997015389506563 ),
 .UNSPECIFIED. ) ;
#2759 = ORIENTED_EDGE ( 'NONE', *, *, #157, .T. ) ;
#2760 = CARTESIAN_POINT ( 'NONE',  ( -0.1447865029892489996, 0.08182801028929816145, 0.008692418015438472048 ) ) ;
#2761 = CARTESIAN_POINT ( 'NONE',  ( 0.1576953542675230135, -0.04458590187005714162, 0.9888723077807198836 ) ) ;
#2762 = CARTESIAN_POINT ( 'NONE',  ( -0.1654266028000628275, 0.01753015374664971399, 0.002726991926488729710 ) ) ;
#2763 = CARTESIAN_POINT ( 'NONE',  ( 0.1562284434500409713, -0.05480409793081279790, 0.9972730080735112690 ) ) ;
#2764 = ORIENTED_EDGE ( 'NONE', *, *, #2222, .T. ) ;
#2765 = CARTESIAN_POINT ( 'NONE',  ( 0.1586676239291619495, -0.04964572971226802189, 0.002726991926486270739 ) ) ;
#2766 = CARTESIAN_POINT ( 'NONE',  ( 0.03607101811216846532, 0.1623509666374438054, 0.9913075819845597048 ) ) ;
#2767 = ORIENTED_EDGE ( 'NONE', *, *, #2809, .T. ) ;
#2768 = ADVANCED_FACE ( 'NONE', ( #1954 ), #1178, .T. ) ;
#2769 = CARTESIAN_POINT ( 'NONE',  ( 0.03817355623556709099, 0.1611011958278482925, 0.9972730080735127123 ) ) ;
#2770 = CARTESIAN_POINT ( 'NONE',  ( -0.1406127826623933819, 0.08654935736724399253, 0.002726991926488593100 ) ) ;
#2771 = ORIENTED_EDGE ( 'NONE', *, *, #2207, .T. ) ;
#2772 = CARTESIAN_POINT ( 'NONE',  ( -0.1212769824213976999, -0.1132239301912447982, 0.002726991926488729710 ) ) ;
#2773 = CARTESIAN_POINT ( 'NONE',  ( 0.1259802765279704750, -0.1053255481050340975, 0.01079694827736059175 ) ) ;
#2774 = CARTESIAN_POINT ( 'NONE',  ( -0.1267731733649888615, -0.06099533375125573698, 0.9656835748211447523 ) ) ;
#2775 = EDGE_LOOP ( 'NONE', ( #2320, #67, #2308, #794 ) ) ;
#2776 = CARTESIAN_POINT ( 'NONE',  ( 0.000000000000000000, 0.000000000000000000, 0.9656835748211447523 ) ) ;
#2777 = CARTESIAN_POINT ( 'NONE',  ( -0.1384138093207604447, -0.02516914010793324524, 0.002726991926487910053 ) ) ;
#2778 = CARTESIAN_POINT ( 'NONE',  ( -0.1458115731686226990, 0.03091201489503733052, 0.002726991926488729710 ) ) ;
#2779 = CARTESIAN_POINT ( 'NONE',  ( 0.1290398418135444703, -0.06102196976546302859, 0.9972730080735112690 ) ) ;
#2780 = DIRECTION ( 'NONE',  ( 0.4999999999999998335, 0.8660254037844388186, 0.000000000000000000 ) ) ;
#2781 = EDGE_LOOP ( 'NONE', ( #1833, #2370, #1649, #2759 ) ) ;
#2782 = EDGE_CURVE ( 'NONE', #2605, #1081, #1011, .T. ) ;
#2783 = CARTESIAN_POINT ( 'NONE',  ( -0.1118296389506887589, 0.08613994503586124007, 0.9972730080735117131 ) ) ;
#2784 = EDGE_LOOP ( 'NONE', ( #2147, #2366, #1227, #171 ) ) ;
#2785 = CARTESIAN_POINT ( 'NONE',  ( -0.1247573496692090528, -0.1098895675917606896, 0.002726991926488729710 ) ) ;
#2786 = CARTESIAN_POINT ( 'NONE',  ( 0.1190176641945798336, -0.08391460756721680347, 0.02939140651048042716 ) ) ;
#2787 = CARTESIAN_POINT ( 'NONE',  ( -0.07391259992631646347, -0.1197029481532885797, 1.000000000000000000 ) ) ;
#2788 = EDGE_LOOP ( 'NONE', ( #1708, #1431, #2133, #1692 ) ) ;
#2789 = VERTEX_POINT ( 'NONE', #2499 ) ;
#2790 = DIRECTION ( 'NONE',  ( 0.000000000000000000, 0.000000000000000000, -1.000000000000000000 ) ) ;
#2791 = CARTESIAN_POINT ( 'NONE',  ( 0.1528012848411908764, -0.05688782457649410595, 0.9880452278877526195 ) ) ;
#2792 = CARTESIAN_POINT ( 'NONE',  ( -0.1371977307718328376, 0.03320754356591739537, 0.002726991926488729710 ) ) ;
#2793 = CARTESIAN_POINT ( 'NONE',  ( 0.1547739620874870881, -0.05595763964331174067, 0.002726991926486270739 ) ) ;
#2794 = CARTESIAN_POINT ( 'NONE',  ( -0.1749999999999999889, 2.143131898507867989E-17, 1.000000000000000000 ) ) ;
#2795 = VECTOR ( 'NONE', #1908, 39.37007874015748854 ) ;
#2796 = ORIENTED_EDGE ( 'NONE', *, *, #606, .F. ) ;
#2797 = CARTESIAN_POINT ( 'NONE',  ( -0.1451486254470230330, 0.07757649969900229370, 0.002726991926488593100 ) ) ;
#2798 = ORIENTED_EDGE ( 'NONE', *, *, #676, .F. ) ;
#2799 = EDGE_CURVE ( 'NONE', #2140, #520, #1588, .T. ) ;
#2800 = CARTESIAN_POINT ( 'NONE',  ( -0.1528816565810096340, 0.002518339750951563601, 0.02210362867333305267 ) ) ;
#2801 = CARTESIAN_POINT ( 'NONE',  ( 0.02204878233659865114, 0.1557848766131267881, 0.01767050513324835634 ) ) ;
#2802 = DIRECTION ( 'NONE',  ( -0.000000000000000000, -0.000000000000000000, 1.000000000000000000 ) ) ;
#2803 = EDGE_CURVE ( 'NONE', #303, #2361, #1130, .T. ) ;
#2804 = CIRCLE ( 'NONE', #211, 0.1406835748211446302 ) ;
#2805 = ORIENTED_EDGE ( 'NONE', *, *, #732, .F. ) ;
#2806 = CARTESIAN_POINT ( 'NONE',  ( -0.1338636706204798521, 0.05733570825851214137, 0.02939140651048118003 ) ) ;
#2807 = CARTESIAN_POINT ( 'NONE',  ( -0.01056307814160921919, 0.1402864555280760872, 1.000000000000000000 ) ) ;
#2808 = CARTESIAN_POINT ( 'NONE',  ( 0.1211813866613531548, -0.08884610147560599580, 0.9752295534858484993 ) ) ;
#2809 = EDGE_CURVE ( 'NONE', #736, #2812, #1811, .T. ) ;
#2810 = CARTESIAN_POINT ( 'NONE',  ( 0.1388430885402756332, -0.02546674386763692413, 0.002726991926486270739 ) ) ;
#2811 = CARTESIAN_POINT ( 'NONE',  ( -0.07254827061096286167, -0.1460178265333540726, 0.9880452278877569494 ) ) ;
#2812 = VERTEX_POINT ( 'NONE', #458 ) ;
#2813 = CARTESIAN_POINT ( 'NONE',  ( -0.1299915308389141544, 0.08788186408944159700, 0.9972730080735117131 ) ) ;
#2814 = ORIENTED_EDGE ( 'NONE', *, *, #992, .F. ) ;
#2815 = FACE_OUTER_BOUND ( 'NONE', #2781, .T. ) ;
#2816 = CARTESIAN_POINT ( 'NONE',  ( 0.09100401938525666534, -0.1072853050523902285, 0.03431642517885523380 ) ) ;
#2817 = ORIENTED_EDGE ( 'NONE', *, *, #1374, .F. ) ;
#2818 = CARTESIAN_POINT ( 'NONE',  ( 0.1654417040622560287, 0.01738862378651964691, 0.002726991926489275714 ) ) ;
#2819 = CARTESIAN_POINT ( 'NONE',  ( 0.1431479709245787046, 0.07278877214858178735, 0.002726991926486953786 ) ) ;
#2820 = CARTESIAN_POINT ( 'NONE',  ( -0.1572840633912504504, -0.04401953565005049807, 0.9972730080735119351 ) ) ;
#2821 = CARTESIAN_POINT ( 'NONE',  ( -0.1427036324799602907, -0.003261111213372996920, 0.9972730080735126013 ) ) ;
#2822 = ORIENTED_EDGE ( 'NONE', *, *, #648, .F. ) ;
#2823 = ADVANCED_FACE ( 'NONE', ( #2267 ), #1615, .F. ) ;
#2824 = CARTESIAN_POINT ( 'NONE',  ( 0.1584736271687174347, -0.05060216036047810589, 0.9972730080735112690 ) ) ;
#2825 = CARTESIAN_POINT ( 'NONE',  ( -0.01056307814160921919, 0.1402864555280760872, 0.9656835748211447523 ) ) ;
#2826 = FACE_OUTER_BOUND ( 'NONE', #552, .T. ) ;
#2827 = ORIENTED_EDGE ( 'NONE', *, *, #769, .T. ) ;
#2828 = CARTESIAN_POINT ( 'NONE',  ( -0.1446948531538074512, 0.07575879873986265944, 0.002726991926488593100 ) ) ;
#2829 = CARTESIAN_POINT ( 'NONE',  ( 0.07137719284429737410, -0.1488893624488071554, 0.002726991926488456491 ) ) ;
#2830 = CARTESIAN_POINT ( 'NONE',  ( 0.1235289671442656861, -0.1114175097577657647, 0.002726991926489139538 ) ) ;
#2831 = CARTESIAN_POINT ( 'NONE',  ( -0.1443375672974064883, 0.2499999999999998890, 1.000000000000000000 ) ) ;
#2832 = VERTEX_POINT ( 'NONE', #278 ) ;
#2833 = CARTESIAN_POINT ( 'NONE',  ( 0.1656044010138988110, 0.01546308888608568036, 0.008680833295194130203 ) ) ;
#2834 = CARTESIAN_POINT ( 'NONE',  ( 0.1379564708458178024, 0.08743001925812443620, 0.002726991926486953786 ) ) ;
#2835 = CARTESIAN_POINT ( 'NONE',  ( -0.1531195140957253009, -0.05683670045664169362, 0.002726991926487910053 ) ) ;
#2836 = CARTESIAN_POINT ( 'NONE',  ( 0.1749999999999999889, 0.000000000000000000, 1.000000000000000000 ) ) ;
#2837 = ORIENTED_EDGE ( 'NONE', *, *, #1821, .F. ) ;
#2838 = CARTESIAN_POINT ( 'NONE',  ( -0.06822143514421706578, -0.1517300727659000315, 0.9913590817808444200 ) ) ;
#2839 = LINE ( 'NONE', #1731, #595 ) ;
#2840 = CARTESIAN_POINT ( 'NONE',  ( -0.06448242181797390893, -0.1528086371227490858, 0.009145487210587305293 ) ) ;
#2841 = CARTESIAN_POINT ( 'NONE',  ( -0.09791084605445542211, 0.1038673567306991757, 0.002726991926488593100 ) ) ;
#2842 =( CONVERSION_BASED_UNIT ( 'INCH', #1053 ) LENGTH_UNIT ( ) NAMED_UNIT ( #2440 ) );
#2843 = CARTESIAN_POINT ( 'NONE',  ( 0.1088792370507434409, -0.1129881934758122375, 0.002726991926489139538 ) ) ;
#2844 = DIRECTION ( 'NONE',  ( -0.000000000000000000, -0.000000000000000000, -1.000000000000000000 ) ) ;
#2845 = CARTESIAN_POINT ( 'NONE',  ( 0.1629992053258303708, 0.01035640762314843193, 0.002726991926489275714 ) ) ;
#2846 = CARTESIAN_POINT ( 'NONE',  ( 0.1299915308389073820, 0.08788186408945188044, 0.002726991926486953786 ) ) ;
#2847 = CARTESIAN_POINT ( 'NONE',  ( -0.1579510611337579251, -0.05221045324335952392, 0.9972730080735119351 ) ) ;
#2848 = VECTOR ( 'NONE', #1794, 39.37007874015748143 ) ;
#2849 = CARTESIAN_POINT ( 'NONE',  ( -0.1411038677112850526, -0.003956866884135520727, 0.002726991926488729710 ) ) ;
#2850 = ORIENTED_EDGE ( 'NONE', *, *, #801, .T. ) ;
#2851 = AXIS2_PLACEMENT_3D ( 'NONE', #783, #1473, #1663 ) ;
#2852 = FACE_OUTER_BOUND ( 'NONE', #2177, .T. ) ;
#2853 = CARTESIAN_POINT ( 'NONE',  ( 0.009405526280491471186, -0.1590766615600307521, 0.9843459757314361180 ) ) ;
#2854 = CARTESIAN_POINT ( 'NONE',  ( -0.05395646064211073040, -0.1477964036736607589, 0.01767050513325638464 ) ) ;
#2855 = CARTESIAN_POINT ( 'NONE',  ( 0.000000000000000000, 0.000000000000000000, 0.03431642517885521299 ) ) ;
#2856 = EDGE_CURVE ( 'NONE', #2581, #982, #1201, .T. ) ;
#2857 = CARTESIAN_POINT ( 'NONE',  ( 0.04740978993550177406, 0.1324544451603199002, 0.002726991926490095371 ) ) ;
#2858 = EDGE_CURVE ( 'NONE', #1215, #989, #593, .T. ) ;
#2859 = CARTESIAN_POINT ( 'NONE',  ( 0.07397868109669848702, -0.1202211005681430162, 0.002726991926488456491 ) ) ;
#2860 = CARTESIAN_POINT ( 'NONE',  ( 0.1237502116604735358, -0.09647230296653767911, 0.002726991926489139538 ) ) ;
#2861 = CARTESIAN_POINT ( 'NONE',  ( -0.06021905347068773340, -0.1518211504198392070, 0.002726991926487636834 ) ) ;
#2862 = CARTESIAN_POINT ( 'NONE',  ( 0.1500077561581908969, 0.02934885040316717944, 0.002726991926489275714 ) ) ;
#2863 = CARTESIAN_POINT ( 'NONE',  ( 0.1397575321995236930, 0.08691414711201286836, 0.9972730080735109359 ) ) ;
#2864 = CARTESIAN_POINT ( 'NONE',  ( -0.1547739620874833411, -0.05595763964332145513, 0.002726991926487910053 ) ) ;
#2865 = CARTESIAN_POINT ( 'NONE',  ( -0.1650126196875351670, 0.01347779791692890750, 0.002726991926488729710 ) ) ;
#2866 = ORIENTED_EDGE ( 'NONE', *, *, #1971, .T. ) ;
#2867 = CARTESIAN_POINT ( 'NONE',  ( 0.09100401938525666534, -0.1072853050523902285, 1.000000000000000000 ) ) ;
#2868 = CARTESIAN_POINT ( 'NONE',  ( 0.09729137996121192677, 0.1349465323004822581, 0.008640918219155632046 ) ) ;
#2869 = CARTESIAN_POINT ( 'NONE',  ( 0.09918377645160844636, 0.1334267283972250251, 0.9972730080735109359 ) ) ;
#2870 = CARTESIAN_POINT ( 'NONE',  ( -0.07445732728338591566, -0.1291227088803292844, 0.002726991926487636834 ) ) ;
#2871 = ORIENTED_EDGE ( 'NONE', *, *, #2436, .T. ) ;
#2872 = CARTESIAN_POINT ( 'NONE',  ( 0.1162100952233895840, -0.07929112177682519358, 1.000000000000000000 ) ) ;
#2873 = EDGE_CURVE ( 'NONE', #1828, #2587, #1264, .T. ) ;
#2874 = CARTESIAN_POINT ( 'NONE',  ( -0.03375995171504421466, 0.1628948581182199096, 0.9972730080735122682 ) ) ;
#2875 = CARTESIAN_POINT ( 'NONE',  ( 0.07020570801420555895, -0.1503293830075010939, 0.002726991926488456491 ) ) ;
#2876 = CARTESIAN_POINT ( 'NONE',  ( -0.07020570801419927232, -0.1503293830075042581, 0.002726991926487636834 ) ) ;
#2877 = CARTESIAN_POINT ( 'NONE',  ( 0.1655222832668020450, 0.01557199743559411868, 0.002726991926489275714 ) ) ;
#2878 = DIRECTION ( 'NONE',  ( -1.000000000000000000, 1.182924880895400771E-16, 0.000000000000000000 ) ) ;
#2879 = CARTESIAN_POINT ( 'NONE',  ( -0.01710174493057380757, -0.1444977886971685610, 0.9972730080735123792 ) ) ;
#2880 = CARTESIAN_POINT ( 'NONE',  ( -0.01056307814160921919, 0.1402864555280760872, 0.9972730080735122682 ) ) ;
#2881 = CARTESIAN_POINT ( 'NONE',  ( 0.1219447716360706202, 0.08779539219804154138, 0.9752295534858463899 ) ) ;
#2882 = CARTESIAN_POINT ( 'NONE',  ( 0.09400025029828262824, 0.1362154157574905489, 0.009500085179900042906 ) ) ;
#2883 = CARTESIAN_POINT ( 'NONE',  ( -0.07391259992631646347, -0.1197029481532885797, 0.002726991926487636834 ) ) ;
#2884 = DIRECTION ( 'NONE',  ( -1.000000000000000000, 0.000000000000000000, 0.000000000000000000 ) ) ;
#2885 = CARTESIAN_POINT ( 'NONE',  ( -0.1088792370507384311, -0.1129881934758166367, 0.002726991926488729710 ) ) ;
#2886 = CARTESIAN_POINT ( 'NONE',  ( -0.03817355623557933814, 0.1611011958278456835, 0.002726991926487090396 ) ) ;
#2887 = CARTESIAN_POINT ( 'NONE',  ( 0.06843482060942428225, -0.1516283102501410629, 0.9972730080735126013 ) ) ;
#2888 = AXIS2_PLACEMENT_3D ( 'NONE', #899, #2249, #217 ) ;
#2889 = CARTESIAN_POINT ( 'NONE',  ( -0.06473971512583380494, -0.1527629998350966689, 0.002726991926487636834 ) ) ;
#2890 = CARTESIAN_POINT ( 'NONE',  ( -0.09158003902461595014, 0.1362996610778522133, 0.9892030517226323427 ) ) ;
#2891 = CARTESIAN_POINT ( 'NONE',  ( 0.05963914995546010928, -0.1514207819750919282, 0.01225970267820946161 ) ) ;
#2892 = CARTESIAN_POINT ( 'NONE',  ( -0.09992678105259662769, 0.1324477378502869063, 0.9972730080735126013 ) ) ;
#2893 = CARTESIAN_POINT ( 'NONE',  ( -0.1586045062847512288, -0.04749132846113094525, 0.002726991926487910053 ) ) ;
#2894 = PLANE ( 'NONE',  #1347 ) ;
#2895 = EDGE_CURVE ( 'NONE', #1956, #2573, #535, .T. ) ;
#2896 = FACE_BOUND ( 'NONE', #1913, .T. ) ;
#2897 = AXIS2_PLACEMENT_3D ( 'NONE', #2202, #1120, #2283 ) ;
#2898 = CARTESIAN_POINT ( 'NONE',  ( 0.09158003902461403500, 0.1362996610778603179, 0.01079694827736168462 ) ) ;
#2899 = CARTESIAN_POINT ( 'NONE',  ( 0.09789485987687313040, 0.1344985636132903506, 0.9972730080735109359 ) ) ;
#2900 = CARTESIAN_POINT ( 'NONE',  ( -0.1526267454244240596, -0.03821195055267522650, 0.9823294948667459225 ) ) ;
#2901 = AXIS2_PLACEMENT_3D ( 'NONE', #1156, #928, #441 ) ;
#2902 = CARTESIAN_POINT ( 'NONE',  ( -0.09100401938525225221, -0.1072853050523940310, 0.002726991926488729710 ) ) ;
#2903 = CARTESIAN_POINT ( 'NONE',  ( -0.03156378343242714074, 0.1628849054044686773, 0.9972730080735122682 ) ) ;
#2904 = CARTESIAN_POINT ( 'NONE',  ( 0.000000000000000000, 0.000000000000000000, 0.000000000000000000 ) ) ;
#2905 = CARTESIAN_POINT ( 'NONE',  ( -0.1011663177715899364, 0.1247193773206869138, 0.9972730080735126013 ) ) ;
#2906 = CARTESIAN_POINT ( 'NONE',  ( 0.003844550425974311778, -0.1655174767958202120, 0.002726991926487773443 ) ) ;
#2907 = CARTESIAN_POINT ( 'NONE',  ( -0.04322085280545484576, 0.1512846141108220022, 0.01767050513325701608 ) ) ;
#2908 = CARTESIAN_POINT ( 'NONE',  ( 0.1434293422779101823, -0.002982565259249511137, 0.9684548284191190071 ) ) ;
#2909 = CARTESIAN_POINT ( 'NONE',  ( -0.03949944370824225170, -0.1350246724535778819, 0.03431642517885524074 ) ) ;
#2910 = ADVANCED_FACE ( 'NONE', ( #995 ), #1135, .T. ) ;
#2911 = ORIENTED_EDGE ( 'NONE', *, *, #2166, .T. ) ;
#2912 = LINE ( 'NONE', #2667, #971 ) ;
#2913 = CARTESIAN_POINT ( 'NONE',  ( 0.1406220939717977569, -0.004158715119300120458, 0.03431642517885517135 ) ) ;
#2914 = CARTESIAN_POINT ( 'NONE',  ( -0.03278848231074973918, 0.1629878179182333853, 0.9972730080735122682 ) ) ;
#2915 = EDGE_CURVE ( 'NONE', #1081, #319, #1994, .T. ) ;
#2916 = B_SPLINE_CURVE_WITH_KNOTS ( 'NONE', 3,
 ( #196, #2230, #838, #1746, #2173, #1512, #1077, #1957, #2631, #390, #2402, #1299, #884, #375, #418, #172, #1986, #853, #2447, #2646 ),
 .UNSPECIFIED., .F., .F.,
 ( 4, 2, 2, 2, 2, 2, 2, 2, 2, 4 ),
 ( 0.000000000000000000, 0.0005475201370058441859, 0.0008212802055087666583, 0.0009581602397602278403, 0.001095040274011689239, 0.001163480291137420318, 0.001231920308263151397, 0.001368800342514613338, 0.001642560411017538521, 0.002190080548023389754 ),
 .UNSPECIFIED. ) ;
#2917 = CARTESIAN_POINT ( 'NONE',  ( -0.1546095559518104179, 0.02731129402325847139, 0.9819965317853233122 ) ) ;
#2918 = CARTESIAN_POINT ( 'NONE',  ( -0.1011663177715899364, 0.1247193773206869138, 0.002726991926488593100 ) ) ;
ENDSEC;
END-ISO-10303-21;
