ISO-10303-21;
HEADER;
/* Generated by software containing ST-Developer
 * from STEP Tools, Inc. (www.steptools.com) 
 */

FILE_DESCRIPTION(
/* description */ (''),
/* implementation_level */ '2;1');

FILE_NAME(
/* name */ 'LIMELIGHT4CAD_STEP.stp',
/* time_stamp */ '2025-01-17T09:39:50-08:00',
/* author */ ('brand'),
/* organization */ (''),
/* preprocessor_version */ 'ST-DEVELOPER v20',
/* originating_system */ 'Autodesk Inventor 2025',
/* authorisation */ '');

FILE_SCHEMA (('AUTOMOTIVE_DESIGN { 1 0 10303 214 3 1 1 }'));
ENDSEC;

DATA;
#10=MECHANICAL_DESIGN_GEOMETRIC_PRESENTATION_REPRESENTATION('',(#6382,#6383,
#6384,#6385,#6386,#6387,#6388,#6389,#6390,#6391,#6392,#6393,#6394,#6395,
#6396,#6397,#6398,#6399,#6400,#6401,#6402,#6403,#6404,#6405,#6406,#6407,
#6408,#6409,#6410,#6411,#6412,#6413,#6414,#6415,#6416,#6417,#6418,#6419,
#6420,#6421,#6422,#6423,#6424,#6425,#6426,#6427,#6428,#6429,#6430,#6431,
#6432,#6433,#6434,#6435,#6436,#6437,#6438,#6439,#6440,#6441,#6442,#6443,
#6444,#6445,#6446,#6447,#6448,#6449,#6450,#6451,#6452,#6453,#6454,#6455,
#6456,#6457,#6458,#6459,#6460,#6461,#6462,#6463,#6464,#6465,#6466,#6467,
#6468,#6469,#6470,#6471,#6472,#6473,#6474,#6475,#6476,#6477,#6478,#6479,
#6480,#6481,#6482,#6483,#6484,#6485,#6486,#6487,#6488,#6489,#6490,#6491,
#6492,#6493,#6494,#6495,#6496,#6497,#6498,#6499,#6500,#6501,#6502,#6503,
#6504,#6505,#6506,#6507,#6508,#6509,#6510,#6511,#6512,#6513,#6514,#6515,
#6516,#6517,#6518,#6519,#6520,#6521,#6522,#6523,#6524,#6525,#6526,#6527,
#6528,#6529,#6530,#6531,#6532,#6533,#6534,#6535,#6536,#6537,#6538,#6539,
#6540,#6541,#6542,#6543,#6544,#6545,#6546,#6547,#6548,#6549,#6550,#6551,
#6552,#6553,#6554,#6555,#6556,#6557,#6558,#6559,#6560,#6561,#6562,#6563,
#6564,#6565,#6566,#6567,#6568,#6569,#6570,#6571,#6572,#6573,#6574,#6575,
#6576,#6577,#6578,#6579,#6580,#6581,#6582,#6583,#6584,#6585,#6586,#6587,
#6588,#6589,#6590,#6591,#6592,#6593,#6594,#6595,#6596,#6597,#6598,#6599,
#6600,#6601,#6602,#6603,#6604,#6605,#6606,#6607,#6608,#6609,#6610,#6611,
#6612,#6613,#6614,#6615,#6616,#6617,#6618,#6619,#6620,#6621,#6622,#6623,
#6624,#6625,#6626,#6627,#6628,#6629,#6630,#6631,#6632,#6633,#6634,#6635,
#6636,#6637,#6638,#6639,#6640,#6641,#6642,#6643,#6644,#6645,#6646,#6647,
#6648,#6649,#6650,#6651,#6652,#6653,#6654,#6655,#6656,#6657,#6658,#6659,
#6660,#6661,#6662,#6663,#6664,#6665,#6666,#6667,#6668,#6669,#6670,#6671,
#6672,#6673,#6674,#6675,#6676,#6677,#6678,#6679,#6680,#6681,#6682,#6683,
#6684,#6685,#6686,#6687,#6688,#6689,#6690,#6691,#6692,#6693,#6694,#6695,
#6696,#6697,#6698,#6699,#6700,#6701,#6702,#6703,#6704,#6705,#6706,#6707,
#6708,#6709,#6710,#6711,#6712,#6713,#6714,#6715,#6716,#6717,#6718,#6719,
#6720,#6721,#6722,#6723,#6724,#6725,#6726,#6727,#6728,#6729,#6730,#6731,
#6732,#6733,#6734,#6735,#6736),#11585);
#11=SHAPE_REPRESENTATION_RELATIONSHIP('SRR','None',#11596,#12);
#12=ADVANCED_BREP_SHAPE_REPRESENTATION('',(#7097),#11584);
#13=SPHERICAL_SURFACE('',#7656,0.348867304415896);
#14=B_SPLINE_SURFACE_WITH_KNOTS('',3,1,((#10964,#10965),(#10966,#10967),
(#10968,#10969),(#10970,#10971),(#10972,#10973),(#10974,#10975)),
 .UNSPECIFIED.,.F.,.F.,.F.,(4,1,1,4),(2,2),(0.,0.0696748658741208,0.140021581398678,
0.214711730618973),(0.,0.005),.UNSPECIFIED.);
#15=B_SPLINE_SURFACE_WITH_KNOTS('',3,1,((#10984,#10985),(#10986,#10987),
(#10988,#10989),(#10990,#10991),(#10992,#10993),(#10994,#10995),(#10996,
#10997),(#10998,#10999),(#11000,#11001),(#11002,#11003),(#11004,#11005),
(#11006,#11007)),.UNSPECIFIED.,.F.,.F.,.F.,(4,1,1,1,1,1,1,1,1,4),(2,2),
(0.,0.06064938730422,0.126216971652191,0.195486375675734,0.307674297700607,
0.416642444963178,0.53311881979531,0.647207640945154,0.754167653331562,
0.867770706772547),(0.,0.005),.UNSPECIFIED.);
#16=B_SPLINE_SURFACE_WITH_KNOTS('',3,1,((#11026,#11027),(#11028,#11029),
(#11030,#11031),(#11032,#11033),(#11034,#11035),(#11036,#11037),(#11038,
#11039),(#11040,#11041),(#11042,#11043),(#11044,#11045),(#11046,#11047),
(#11048,#11049),(#11050,#11051),(#11052,#11053),(#11054,#11055)),
 .UNSPECIFIED.,.F.,.F.,.F.,(4,1,1,1,1,1,1,1,1,1,1,1,4),(2,2),(0.,0.0494260520834753,
0.099385867458055,0.149680389441013,0.232498417067337,0.312348481733101,
0.397677054456318,0.484560748267825,0.565135413419293,0.649128585521336,
0.700484950604041,0.749864970243423,0.798723697665188),(0.,0.005),
 .UNSPECIFIED.);
#17=B_SPLINE_CURVE_WITH_KNOTS('',3,(#10115,#10116,#10117,#10118,#10119,
#10120),.UNSPECIFIED.,.F.,.F.,(4,1,1,4),(-0.214711730618973,-0.140021581398678,
-0.0696748658741208,0.),.UNSPECIFIED.);
#18=B_SPLINE_CURVE_WITH_KNOTS('',3,(#10122,#10123,#10124,#10125,#10126,
#10127,#10128,#10129,#10130,#10131,#10132,#10133),.UNSPECIFIED.,.F.,.F.,
(4,1,1,1,1,1,1,1,1,4),(-0.867770706772547,-0.754167653331562,-0.647207640945154,
-0.53311881979531,-0.416642444963178,-0.307674297700607,-0.195486375675734,
-0.126216971652191,-0.06064938730422,0.),.UNSPECIFIED.);
#19=B_SPLINE_CURVE_WITH_KNOTS('',3,(#10137,#10138,#10139,#10140,#10141,
#10142,#10143,#10144,#10145,#10146,#10147,#10148,#10149,#10150,#10151),
 .UNSPECIFIED.,.F.,.F.,(4,1,1,1,1,1,1,1,1,1,1,1,4),(-0.798723697665188,
-0.749864970243423,-0.700484950604041,-0.649128585521336,-0.565135413419293,
-0.484560748267825,-0.397677054456318,-0.312348481733101,-0.232498417067337,
-0.149680389441013,-0.099385867458055,-0.0494260520834753,0.),
 .UNSPECIFIED.);
#20=B_SPLINE_CURVE_WITH_KNOTS('',3,(#10977,#10978,#10979,#10980,#10981,
#10982),.UNSPECIFIED.,.F.,.F.,(4,1,1,4),(0.,0.0696748658741208,0.140021581398678,
0.214711730618973),.UNSPECIFIED.);
#21=B_SPLINE_CURVE_WITH_KNOTS('',3,(#11009,#11010,#11011,#11012,#11013,
#11014,#11015,#11016,#11017,#11018,#11019,#11020),.UNSPECIFIED.,.F.,.F.,
(4,1,1,1,1,1,1,1,1,4),(0.,0.06064938730422,0.126216971652191,0.195486375675734,
0.307674297700607,0.416642444963178,0.53311881979531,0.647207640945154,
0.754167653331562,0.867770706772547),.UNSPECIFIED.);
#22=B_SPLINE_CURVE_WITH_KNOTS('',3,(#11057,#11058,#11059,#11060,#11061,
#11062,#11063,#11064,#11065,#11066,#11067,#11068,#11069,#11070,#11071),
 .UNSPECIFIED.,.F.,.F.,(4,1,1,1,1,1,1,1,1,1,1,1,4),(0.,0.0494260520834753,
0.099385867458055,0.149680389441013,0.232498417067337,0.312348481733101,
0.397677054456318,0.484560748267825,0.565135413419293,0.649128585521336,
0.700484950604041,0.749864970243423,0.798723697665188),.UNSPECIFIED.);
#23=CONICAL_SURFACE('',#7153,0.093503937007874,0.0349065850398866);
#24=CONICAL_SURFACE('',#7186,0.093503937007874,0.0349065850398866);
#25=CONICAL_SURFACE('',#7380,0.151742618110236,0.785398163397448);
#26=CONICAL_SURFACE('',#7383,0.151742618110236,0.785398163397448);
#27=CONICAL_SURFACE('',#7387,0.151742618110236,0.785398163397451);
#28=CONICAL_SURFACE('',#7391,0.151742618110236,0.785398163397446);
#29=CONICAL_SURFACE('',#7573,0.285433070866142,0.174532925199433);
#30=CONICAL_SURFACE('',#7608,0.151742618110236,0.785398163397451);
#31=CONICAL_SURFACE('',#7612,0.151742618110236,0.785398163397446);
#32=CONICAL_SURFACE('',#7616,0.151742618110236,0.785398163397448);
#33=CONICAL_SURFACE('',#7620,0.151742618110236,0.785398163397448);
#34=CONICAL_SURFACE('',#7657,0.240157480314961,0.463647609000806);
#35=FACE_BOUND('',#705,.T.);
#36=FACE_BOUND('',#708,.T.);
#37=FACE_BOUND('',#714,.T.);
#38=FACE_BOUND('',#737,.T.);
#39=FACE_BOUND('',#738,.T.);
#40=FACE_BOUND('',#739,.T.);
#41=FACE_BOUND('',#740,.T.);
#42=FACE_BOUND('',#742,.T.);
#43=FACE_BOUND('',#743,.T.);
#44=FACE_BOUND('',#744,.T.);
#45=FACE_BOUND('',#745,.T.);
#46=FACE_BOUND('',#746,.T.);
#47=FACE_BOUND('',#747,.T.);
#48=FACE_BOUND('',#748,.T.);
#49=FACE_BOUND('',#749,.T.);
#50=FACE_BOUND('',#750,.T.);
#51=FACE_BOUND('',#751,.T.);
#52=FACE_BOUND('',#752,.T.);
#53=FACE_BOUND('',#753,.T.);
#54=FACE_BOUND('',#754,.T.);
#55=FACE_BOUND('',#755,.T.);
#56=FACE_BOUND('',#756,.T.);
#57=FACE_BOUND('',#757,.T.);
#58=FACE_BOUND('',#758,.T.);
#59=FACE_BOUND('',#759,.T.);
#60=FACE_BOUND('',#1001,.T.);
#61=FACE_BOUND('',#1002,.T.);
#62=FACE_BOUND('',#1051,.T.);
#63=FACE_BOUND('',#1052,.T.);
#64=FACE_BOUND('',#1053,.T.);
#65=FACE_BOUND('',#1054,.T.);
#66=FACE_BOUND('',#1059,.T.);
#67=FACE_BOUND('',#1062,.T.);
#68=FACE_BOUND('',#1063,.T.);
#69=FACE_BOUND('',#1074,.T.);
#70=FACE_BOUND('',#1077,.T.);
#71=FACE_BOUND('',#1080,.T.);
#72=FACE_BOUND('',#1085,.T.);
#73=ORIENTED_CLOSED_SHELL('',*,#7095,.F.);
#74=PLANE('',#7125);
#75=PLANE('',#7127);
#76=PLANE('',#7129);
#77=PLANE('',#7131);
#78=PLANE('',#7132);
#79=PLANE('',#7134);
#80=PLANE('',#7137);
#81=PLANE('',#7138);
#82=PLANE('',#7139);
#83=PLANE('',#7140);
#84=PLANE('',#7141);
#85=PLANE('',#7142);
#86=PLANE('',#7147);
#87=PLANE('',#7149);
#88=PLANE('',#7152);
#89=PLANE('',#7157);
#90=PLANE('',#7158);
#91=PLANE('',#7163);
#92=PLANE('',#7168);
#93=PLANE('',#7169);
#94=PLANE('',#7170);
#95=PLANE('',#7174);
#96=PLANE('',#7175);
#97=PLANE('',#7177);
#98=PLANE('',#7178);
#99=PLANE('',#7179);
#100=PLANE('',#7180);
#101=PLANE('',#7181);
#102=PLANE('',#7182);
#103=PLANE('',#7183);
#104=PLANE('',#7184);
#105=PLANE('',#7185);
#106=PLANE('',#7190);
#107=PLANE('',#7191);
#108=PLANE('',#7192);
#109=PLANE('',#7197);
#110=PLANE('',#7260);
#111=PLANE('',#7265);
#112=PLANE('',#7274);
#113=PLANE('',#7283);
#114=PLANE('',#7292);
#115=PLANE('',#7301);
#116=PLANE('',#7308);
#117=PLANE('',#7315);
#118=PLANE('',#7322);
#119=PLANE('',#7329);
#120=PLANE('',#7336);
#121=PLANE('',#7343);
#122=PLANE('',#7352);
#123=PLANE('',#7359);
#124=PLANE('',#7360);
#125=PLANE('',#7361);
#126=PLANE('',#7362);
#127=PLANE('',#7363);
#128=PLANE('',#7364);
#129=PLANE('',#7365);
#130=PLANE('',#7366);
#131=PLANE('',#7367);
#132=PLANE('',#7368);
#133=PLANE('',#7369);
#134=PLANE('',#7370);
#135=PLANE('',#7371);
#136=PLANE('',#7372);
#137=PLANE('',#7373);
#138=PLANE('',#7374);
#139=PLANE('',#7375);
#140=PLANE('',#7376);
#141=PLANE('',#7377);
#142=PLANE('',#7378);
#143=PLANE('',#7379);
#144=PLANE('',#7382);
#145=PLANE('',#7385);
#146=PLANE('',#7386);
#147=PLANE('',#7390);
#148=PLANE('',#7394);
#149=PLANE('',#7397);
#150=PLANE('',#7400);
#151=PLANE('',#7403);
#152=PLANE('',#7406);
#153=PLANE('',#7409);
#154=PLANE('',#7412);
#155=PLANE('',#7415);
#156=PLANE('',#7418);
#157=PLANE('',#7420);
#158=PLANE('',#7423);
#159=PLANE('',#7426);
#160=PLANE('',#7429);
#161=PLANE('',#7432);
#162=PLANE('',#7434);
#163=PLANE('',#7436);
#164=PLANE('',#7439);
#165=PLANE('',#7443);
#166=PLANE('',#7446);
#167=PLANE('',#7448);
#168=PLANE('',#7449);
#169=PLANE('',#7450);
#170=PLANE('',#7451);
#171=PLANE('',#7452);
#172=PLANE('',#7453);
#173=PLANE('',#7454);
#174=PLANE('',#7455);
#175=PLANE('',#7456);
#176=PLANE('',#7457);
#177=PLANE('',#7458);
#178=PLANE('',#7459);
#179=PLANE('',#7460);
#180=PLANE('',#7461);
#181=PLANE('',#7462);
#182=PLANE('',#7463);
#183=PLANE('',#7464);
#184=PLANE('',#7465);
#185=PLANE('',#7466);
#186=PLANE('',#7467);
#187=PLANE('',#7468);
#188=PLANE('',#7469);
#189=PLANE('',#7470);
#190=PLANE('',#7471);
#191=PLANE('',#7472);
#192=PLANE('',#7473);
#193=PLANE('',#7474);
#194=PLANE('',#7475);
#195=PLANE('',#7476);
#196=PLANE('',#7477);
#197=PLANE('',#7478);
#198=PLANE('',#7479);
#199=PLANE('',#7480);
#200=PLANE('',#7481);
#201=PLANE('',#7482);
#202=PLANE('',#7483);
#203=PLANE('',#7484);
#204=PLANE('',#7485);
#205=PLANE('',#7486);
#206=PLANE('',#7487);
#207=PLANE('',#7488);
#208=PLANE('',#7489);
#209=PLANE('',#7490);
#210=PLANE('',#7491);
#211=PLANE('',#7492);
#212=PLANE('',#7493);
#213=PLANE('',#7494);
#214=PLANE('',#7495);
#215=PLANE('',#7496);
#216=PLANE('',#7497);
#217=PLANE('',#7498);
#218=PLANE('',#7499);
#219=PLANE('',#7500);
#220=PLANE('',#7501);
#221=PLANE('',#7502);
#222=PLANE('',#7503);
#223=PLANE('',#7504);
#224=PLANE('',#7505);
#225=PLANE('',#7506);
#226=PLANE('',#7507);
#227=PLANE('',#7508);
#228=PLANE('',#7509);
#229=PLANE('',#7510);
#230=PLANE('',#7511);
#231=PLANE('',#7512);
#232=PLANE('',#7513);
#233=PLANE('',#7514);
#234=PLANE('',#7515);
#235=PLANE('',#7516);
#236=PLANE('',#7517);
#237=PLANE('',#7518);
#238=PLANE('',#7519);
#239=PLANE('',#7520);
#240=PLANE('',#7521);
#241=PLANE('',#7522);
#242=PLANE('',#7523);
#243=PLANE('',#7524);
#244=PLANE('',#7525);
#245=PLANE('',#7526);
#246=PLANE('',#7527);
#247=PLANE('',#7528);
#248=PLANE('',#7529);
#249=PLANE('',#7530);
#250=PLANE('',#7531);
#251=PLANE('',#7532);
#252=PLANE('',#7533);
#253=PLANE('',#7534);
#254=PLANE('',#7535);
#255=PLANE('',#7536);
#256=PLANE('',#7537);
#257=PLANE('',#7538);
#258=PLANE('',#7539);
#259=PLANE('',#7540);
#260=PLANE('',#7541);
#261=PLANE('',#7542);
#262=PLANE('',#7543);
#263=PLANE('',#7544);
#264=PLANE('',#7545);
#265=PLANE('',#7546);
#266=PLANE('',#7547);
#267=PLANE('',#7548);
#268=PLANE('',#7549);
#269=PLANE('',#7550);
#270=PLANE('',#7551);
#271=PLANE('',#7552);
#272=PLANE('',#7553);
#273=PLANE('',#7554);
#274=PLANE('',#7555);
#275=PLANE('',#7556);
#276=PLANE('',#7557);
#277=PLANE('',#7558);
#278=PLANE('',#7559);
#279=PLANE('',#7560);
#280=PLANE('',#7561);
#281=PLANE('',#7562);
#282=PLANE('',#7563);
#283=PLANE('',#7566);
#284=PLANE('',#7567);
#285=PLANE('',#7568);
#286=PLANE('',#7569);
#287=PLANE('',#7570);
#288=PLANE('',#7571);
#289=PLANE('',#7572);
#290=PLANE('',#7574);
#291=PLANE('',#7575);
#292=PLANE('',#7576);
#293=PLANE('',#7577);
#294=PLANE('',#7578);
#295=PLANE('',#7581);
#296=PLANE('',#7584);
#297=PLANE('',#7585);
#298=PLANE('',#7586);
#299=PLANE('',#7587);
#300=PLANE('',#7588);
#301=PLANE('',#7589);
#302=PLANE('',#7590);
#303=PLANE('',#7591);
#304=PLANE('',#7592);
#305=PLANE('',#7593);
#306=PLANE('',#7594);
#307=PLANE('',#7595);
#308=PLANE('',#7596);
#309=PLANE('',#7597);
#310=PLANE('',#7598);
#311=PLANE('',#7599);
#312=PLANE('',#7600);
#313=PLANE('',#7601);
#314=PLANE('',#7602);
#315=PLANE('',#7604);
#316=PLANE('',#7605);
#317=PLANE('',#7606);
#318=PLANE('',#7607);
#319=PLANE('',#7611);
#320=PLANE('',#7615);
#321=PLANE('',#7619);
#322=PLANE('',#7623);
#323=PLANE('',#7629);
#324=PLANE('',#7630);
#325=PLANE('',#7631);
#326=PLANE('',#7632);
#327=PLANE('',#7633);
#328=PLANE('',#7641);
#329=PLANE('',#7643);
#330=PLANE('',#7648);
#331=PLANE('',#7652);
#332=PLANE('',#7659);
#333=FACE_OUTER_BOUND('',#691,.T.);
#334=FACE_OUTER_BOUND('',#692,.T.);
#335=FACE_OUTER_BOUND('',#693,.T.);
#336=FACE_OUTER_BOUND('',#694,.T.);
#337=FACE_OUTER_BOUND('',#695,.T.);
#338=FACE_OUTER_BOUND('',#696,.T.);
#339=FACE_OUTER_BOUND('',#697,.T.);
#340=FACE_OUTER_BOUND('',#698,.T.);
#341=FACE_OUTER_BOUND('',#699,.T.);
#342=FACE_OUTER_BOUND('',#700,.T.);
#343=FACE_OUTER_BOUND('',#701,.T.);
#344=FACE_OUTER_BOUND('',#702,.T.);
#345=FACE_OUTER_BOUND('',#703,.T.);
#346=FACE_OUTER_BOUND('',#704,.T.);
#347=FACE_OUTER_BOUND('',#706,.T.);
#348=FACE_OUTER_BOUND('',#707,.T.);
#349=FACE_OUTER_BOUND('',#709,.T.);
#350=FACE_OUTER_BOUND('',#710,.T.);
#351=FACE_OUTER_BOUND('',#711,.T.);
#352=FACE_OUTER_BOUND('',#712,.T.);
#353=FACE_OUTER_BOUND('',#713,.T.);
#354=FACE_OUTER_BOUND('',#715,.T.);
#355=FACE_OUTER_BOUND('',#716,.T.);
#356=FACE_OUTER_BOUND('',#717,.T.);
#357=FACE_OUTER_BOUND('',#718,.T.);
#358=FACE_OUTER_BOUND('',#719,.T.);
#359=FACE_OUTER_BOUND('',#720,.T.);
#360=FACE_OUTER_BOUND('',#721,.T.);
#361=FACE_OUTER_BOUND('',#722,.T.);
#362=FACE_OUTER_BOUND('',#723,.T.);
#363=FACE_OUTER_BOUND('',#724,.T.);
#364=FACE_OUTER_BOUND('',#725,.T.);
#365=FACE_OUTER_BOUND('',#726,.T.);
#366=FACE_OUTER_BOUND('',#727,.T.);
#367=FACE_OUTER_BOUND('',#728,.T.);
#368=FACE_OUTER_BOUND('',#729,.T.);
#369=FACE_OUTER_BOUND('',#730,.T.);
#370=FACE_OUTER_BOUND('',#731,.T.);
#371=FACE_OUTER_BOUND('',#732,.T.);
#372=FACE_OUTER_BOUND('',#733,.T.);
#373=FACE_OUTER_BOUND('',#734,.T.);
#374=FACE_OUTER_BOUND('',#735,.T.);
#375=FACE_OUTER_BOUND('',#736,.T.);
#376=FACE_OUTER_BOUND('',#741,.T.);
#377=FACE_OUTER_BOUND('',#760,.T.);
#378=FACE_OUTER_BOUND('',#761,.T.);
#379=FACE_OUTER_BOUND('',#762,.T.);
#380=FACE_OUTER_BOUND('',#763,.T.);
#381=FACE_OUTER_BOUND('',#764,.T.);
#382=FACE_OUTER_BOUND('',#765,.T.);
#383=FACE_OUTER_BOUND('',#766,.T.);
#384=FACE_OUTER_BOUND('',#767,.T.);
#385=FACE_OUTER_BOUND('',#768,.T.);
#386=FACE_OUTER_BOUND('',#769,.T.);
#387=FACE_OUTER_BOUND('',#770,.T.);
#388=FACE_OUTER_BOUND('',#771,.T.);
#389=FACE_OUTER_BOUND('',#772,.T.);
#390=FACE_OUTER_BOUND('',#773,.T.);
#391=FACE_OUTER_BOUND('',#774,.T.);
#392=FACE_OUTER_BOUND('',#775,.T.);
#393=FACE_OUTER_BOUND('',#776,.T.);
#394=FACE_OUTER_BOUND('',#777,.T.);
#395=FACE_OUTER_BOUND('',#778,.T.);
#396=FACE_OUTER_BOUND('',#779,.T.);
#397=FACE_OUTER_BOUND('',#780,.T.);
#398=FACE_OUTER_BOUND('',#781,.T.);
#399=FACE_OUTER_BOUND('',#782,.T.);
#400=FACE_OUTER_BOUND('',#783,.T.);
#401=FACE_OUTER_BOUND('',#784,.T.);
#402=FACE_OUTER_BOUND('',#785,.T.);
#403=FACE_OUTER_BOUND('',#786,.T.);
#404=FACE_OUTER_BOUND('',#787,.T.);
#405=FACE_OUTER_BOUND('',#788,.T.);
#406=FACE_OUTER_BOUND('',#789,.T.);
#407=FACE_OUTER_BOUND('',#790,.T.);
#408=FACE_OUTER_BOUND('',#791,.T.);
#409=FACE_OUTER_BOUND('',#792,.T.);
#410=FACE_OUTER_BOUND('',#793,.T.);
#411=FACE_OUTER_BOUND('',#794,.T.);
#412=FACE_OUTER_BOUND('',#795,.T.);
#413=FACE_OUTER_BOUND('',#796,.T.);
#414=FACE_OUTER_BOUND('',#797,.T.);
#415=FACE_OUTER_BOUND('',#798,.T.);
#416=FACE_OUTER_BOUND('',#799,.T.);
#417=FACE_OUTER_BOUND('',#800,.T.);
#418=FACE_OUTER_BOUND('',#801,.T.);
#419=FACE_OUTER_BOUND('',#802,.T.);
#420=FACE_OUTER_BOUND('',#803,.T.);
#421=FACE_OUTER_BOUND('',#804,.T.);
#422=FACE_OUTER_BOUND('',#805,.T.);
#423=FACE_OUTER_BOUND('',#806,.T.);
#424=FACE_OUTER_BOUND('',#807,.T.);
#425=FACE_OUTER_BOUND('',#808,.T.);
#426=FACE_OUTER_BOUND('',#809,.T.);
#427=FACE_OUTER_BOUND('',#810,.T.);
#428=FACE_OUTER_BOUND('',#811,.T.);
#429=FACE_OUTER_BOUND('',#812,.T.);
#430=FACE_OUTER_BOUND('',#813,.T.);
#431=FACE_OUTER_BOUND('',#814,.T.);
#432=FACE_OUTER_BOUND('',#815,.T.);
#433=FACE_OUTER_BOUND('',#816,.T.);
#434=FACE_OUTER_BOUND('',#817,.T.);
#435=FACE_OUTER_BOUND('',#818,.T.);
#436=FACE_OUTER_BOUND('',#819,.T.);
#437=FACE_OUTER_BOUND('',#820,.T.);
#438=FACE_OUTER_BOUND('',#821,.T.);
#439=FACE_OUTER_BOUND('',#822,.T.);
#440=FACE_OUTER_BOUND('',#823,.T.);
#441=FACE_OUTER_BOUND('',#824,.T.);
#442=FACE_OUTER_BOUND('',#825,.T.);
#443=FACE_OUTER_BOUND('',#826,.T.);
#444=FACE_OUTER_BOUND('',#827,.T.);
#445=FACE_OUTER_BOUND('',#828,.T.);
#446=FACE_OUTER_BOUND('',#829,.T.);
#447=FACE_OUTER_BOUND('',#830,.T.);
#448=FACE_OUTER_BOUND('',#831,.T.);
#449=FACE_OUTER_BOUND('',#832,.T.);
#450=FACE_OUTER_BOUND('',#833,.T.);
#451=FACE_OUTER_BOUND('',#834,.T.);
#452=FACE_OUTER_BOUND('',#835,.T.);
#453=FACE_OUTER_BOUND('',#836,.T.);
#454=FACE_OUTER_BOUND('',#837,.T.);
#455=FACE_OUTER_BOUND('',#838,.T.);
#456=FACE_OUTER_BOUND('',#839,.T.);
#457=FACE_OUTER_BOUND('',#840,.T.);
#458=FACE_OUTER_BOUND('',#841,.T.);
#459=FACE_OUTER_BOUND('',#842,.T.);
#460=FACE_OUTER_BOUND('',#843,.T.);
#461=FACE_OUTER_BOUND('',#844,.T.);
#462=FACE_OUTER_BOUND('',#845,.T.);
#463=FACE_OUTER_BOUND('',#846,.T.);
#464=FACE_OUTER_BOUND('',#847,.T.);
#465=FACE_OUTER_BOUND('',#848,.T.);
#466=FACE_OUTER_BOUND('',#849,.T.);
#467=FACE_OUTER_BOUND('',#850,.T.);
#468=FACE_OUTER_BOUND('',#851,.T.);
#469=FACE_OUTER_BOUND('',#852,.T.);
#470=FACE_OUTER_BOUND('',#853,.T.);
#471=FACE_OUTER_BOUND('',#854,.T.);
#472=FACE_OUTER_BOUND('',#855,.T.);
#473=FACE_OUTER_BOUND('',#856,.T.);
#474=FACE_OUTER_BOUND('',#857,.T.);
#475=FACE_OUTER_BOUND('',#858,.T.);
#476=FACE_OUTER_BOUND('',#859,.T.);
#477=FACE_OUTER_BOUND('',#860,.T.);
#478=FACE_OUTER_BOUND('',#861,.T.);
#479=FACE_OUTER_BOUND('',#862,.T.);
#480=FACE_OUTER_BOUND('',#863,.T.);
#481=FACE_OUTER_BOUND('',#864,.T.);
#482=FACE_OUTER_BOUND('',#865,.T.);
#483=FACE_OUTER_BOUND('',#866,.T.);
#484=FACE_OUTER_BOUND('',#867,.T.);
#485=FACE_OUTER_BOUND('',#868,.T.);
#486=FACE_OUTER_BOUND('',#869,.T.);
#487=FACE_OUTER_BOUND('',#870,.T.);
#488=FACE_OUTER_BOUND('',#871,.T.);
#489=FACE_OUTER_BOUND('',#872,.T.);
#490=FACE_OUTER_BOUND('',#873,.T.);
#491=FACE_OUTER_BOUND('',#874,.T.);
#492=FACE_OUTER_BOUND('',#875,.T.);
#493=FACE_OUTER_BOUND('',#876,.T.);
#494=FACE_OUTER_BOUND('',#877,.T.);
#495=FACE_OUTER_BOUND('',#878,.T.);
#496=FACE_OUTER_BOUND('',#879,.T.);
#497=FACE_OUTER_BOUND('',#880,.T.);
#498=FACE_OUTER_BOUND('',#881,.T.);
#499=FACE_OUTER_BOUND('',#882,.T.);
#500=FACE_OUTER_BOUND('',#883,.T.);
#501=FACE_OUTER_BOUND('',#884,.T.);
#502=FACE_OUTER_BOUND('',#885,.T.);
#503=FACE_OUTER_BOUND('',#886,.T.);
#504=FACE_OUTER_BOUND('',#887,.T.);
#505=FACE_OUTER_BOUND('',#888,.T.);
#506=FACE_OUTER_BOUND('',#889,.T.);
#507=FACE_OUTER_BOUND('',#890,.T.);
#508=FACE_OUTER_BOUND('',#891,.T.);
#509=FACE_OUTER_BOUND('',#892,.T.);
#510=FACE_OUTER_BOUND('',#893,.T.);
#511=FACE_OUTER_BOUND('',#894,.T.);
#512=FACE_OUTER_BOUND('',#895,.T.);
#513=FACE_OUTER_BOUND('',#896,.T.);
#514=FACE_OUTER_BOUND('',#897,.T.);
#515=FACE_OUTER_BOUND('',#898,.T.);
#516=FACE_OUTER_BOUND('',#899,.T.);
#517=FACE_OUTER_BOUND('',#900,.T.);
#518=FACE_OUTER_BOUND('',#901,.T.);
#519=FACE_OUTER_BOUND('',#902,.T.);
#520=FACE_OUTER_BOUND('',#903,.T.);
#521=FACE_OUTER_BOUND('',#904,.T.);
#522=FACE_OUTER_BOUND('',#905,.T.);
#523=FACE_OUTER_BOUND('',#906,.T.);
#524=FACE_OUTER_BOUND('',#907,.T.);
#525=FACE_OUTER_BOUND('',#908,.T.);
#526=FACE_OUTER_BOUND('',#909,.T.);
#527=FACE_OUTER_BOUND('',#910,.T.);
#528=FACE_OUTER_BOUND('',#911,.T.);
#529=FACE_OUTER_BOUND('',#912,.T.);
#530=FACE_OUTER_BOUND('',#913,.T.);
#531=FACE_OUTER_BOUND('',#914,.T.);
#532=FACE_OUTER_BOUND('',#915,.T.);
#533=FACE_OUTER_BOUND('',#916,.T.);
#534=FACE_OUTER_BOUND('',#917,.T.);
#535=FACE_OUTER_BOUND('',#918,.T.);
#536=FACE_OUTER_BOUND('',#919,.T.);
#537=FACE_OUTER_BOUND('',#920,.T.);
#538=FACE_OUTER_BOUND('',#921,.T.);
#539=FACE_OUTER_BOUND('',#922,.T.);
#540=FACE_OUTER_BOUND('',#923,.T.);
#541=FACE_OUTER_BOUND('',#924,.T.);
#542=FACE_OUTER_BOUND('',#925,.T.);
#543=FACE_OUTER_BOUND('',#926,.T.);
#544=FACE_OUTER_BOUND('',#927,.T.);
#545=FACE_OUTER_BOUND('',#928,.T.);
#546=FACE_OUTER_BOUND('',#929,.T.);
#547=FACE_OUTER_BOUND('',#930,.T.);
#548=FACE_OUTER_BOUND('',#931,.T.);
#549=FACE_OUTER_BOUND('',#932,.T.);
#550=FACE_OUTER_BOUND('',#933,.T.);
#551=FACE_OUTER_BOUND('',#934,.T.);
#552=FACE_OUTER_BOUND('',#935,.T.);
#553=FACE_OUTER_BOUND('',#936,.T.);
#554=FACE_OUTER_BOUND('',#937,.T.);
#555=FACE_OUTER_BOUND('',#938,.T.);
#556=FACE_OUTER_BOUND('',#939,.T.);
#557=FACE_OUTER_BOUND('',#940,.T.);
#558=FACE_OUTER_BOUND('',#941,.T.);
#559=FACE_OUTER_BOUND('',#942,.T.);
#560=FACE_OUTER_BOUND('',#943,.T.);
#561=FACE_OUTER_BOUND('',#944,.T.);
#562=FACE_OUTER_BOUND('',#945,.T.);
#563=FACE_OUTER_BOUND('',#946,.T.);
#564=FACE_OUTER_BOUND('',#947,.T.);
#565=FACE_OUTER_BOUND('',#948,.T.);
#566=FACE_OUTER_BOUND('',#949,.T.);
#567=FACE_OUTER_BOUND('',#950,.T.);
#568=FACE_OUTER_BOUND('',#951,.T.);
#569=FACE_OUTER_BOUND('',#952,.T.);
#570=FACE_OUTER_BOUND('',#953,.T.);
#571=FACE_OUTER_BOUND('',#954,.T.);
#572=FACE_OUTER_BOUND('',#955,.T.);
#573=FACE_OUTER_BOUND('',#956,.T.);
#574=FACE_OUTER_BOUND('',#957,.T.);
#575=FACE_OUTER_BOUND('',#958,.T.);
#576=FACE_OUTER_BOUND('',#959,.T.);
#577=FACE_OUTER_BOUND('',#960,.T.);
#578=FACE_OUTER_BOUND('',#961,.T.);
#579=FACE_OUTER_BOUND('',#962,.T.);
#580=FACE_OUTER_BOUND('',#963,.T.);
#581=FACE_OUTER_BOUND('',#964,.T.);
#582=FACE_OUTER_BOUND('',#965,.T.);
#583=FACE_OUTER_BOUND('',#966,.T.);
#584=FACE_OUTER_BOUND('',#967,.T.);
#585=FACE_OUTER_BOUND('',#968,.T.);
#586=FACE_OUTER_BOUND('',#969,.T.);
#587=FACE_OUTER_BOUND('',#970,.T.);
#588=FACE_OUTER_BOUND('',#971,.T.);
#589=FACE_OUTER_BOUND('',#972,.T.);
#590=FACE_OUTER_BOUND('',#973,.T.);
#591=FACE_OUTER_BOUND('',#974,.T.);
#592=FACE_OUTER_BOUND('',#975,.T.);
#593=FACE_OUTER_BOUND('',#976,.T.);
#594=FACE_OUTER_BOUND('',#977,.T.);
#595=FACE_OUTER_BOUND('',#978,.T.);
#596=FACE_OUTER_BOUND('',#979,.T.);
#597=FACE_OUTER_BOUND('',#980,.T.);
#598=FACE_OUTER_BOUND('',#981,.T.);
#599=FACE_OUTER_BOUND('',#982,.T.);
#600=FACE_OUTER_BOUND('',#983,.T.);
#601=FACE_OUTER_BOUND('',#984,.T.);
#602=FACE_OUTER_BOUND('',#985,.T.);
#603=FACE_OUTER_BOUND('',#986,.T.);
#604=FACE_OUTER_BOUND('',#987,.T.);
#605=FACE_OUTER_BOUND('',#988,.T.);
#606=FACE_OUTER_BOUND('',#989,.T.);
#607=FACE_OUTER_BOUND('',#990,.T.);
#608=FACE_OUTER_BOUND('',#991,.T.);
#609=FACE_OUTER_BOUND('',#992,.T.);
#610=FACE_OUTER_BOUND('',#993,.T.);
#611=FACE_OUTER_BOUND('',#994,.T.);
#612=FACE_OUTER_BOUND('',#995,.T.);
#613=FACE_OUTER_BOUND('',#996,.T.);
#614=FACE_OUTER_BOUND('',#997,.T.);
#615=FACE_OUTER_BOUND('',#998,.T.);
#616=FACE_OUTER_BOUND('',#999,.T.);
#617=FACE_OUTER_BOUND('',#1000,.T.);
#618=FACE_OUTER_BOUND('',#1003,.T.);
#619=FACE_OUTER_BOUND('',#1004,.T.);
#620=FACE_OUTER_BOUND('',#1005,.T.);
#621=FACE_OUTER_BOUND('',#1006,.T.);
#622=FACE_OUTER_BOUND('',#1007,.T.);
#623=FACE_OUTER_BOUND('',#1008,.T.);
#624=FACE_OUTER_BOUND('',#1009,.T.);
#625=FACE_OUTER_BOUND('',#1010,.T.);
#626=FACE_OUTER_BOUND('',#1011,.T.);
#627=FACE_OUTER_BOUND('',#1012,.T.);
#628=FACE_OUTER_BOUND('',#1013,.T.);
#629=FACE_OUTER_BOUND('',#1014,.T.);
#630=FACE_OUTER_BOUND('',#1015,.T.);
#631=FACE_OUTER_BOUND('',#1016,.T.);
#632=FACE_OUTER_BOUND('',#1017,.T.);
#633=FACE_OUTER_BOUND('',#1018,.T.);
#634=FACE_OUTER_BOUND('',#1019,.T.);
#635=FACE_OUTER_BOUND('',#1020,.T.);
#636=FACE_OUTER_BOUND('',#1021,.T.);
#637=FACE_OUTER_BOUND('',#1022,.T.);
#638=FACE_OUTER_BOUND('',#1023,.T.);
#639=FACE_OUTER_BOUND('',#1024,.T.);
#640=FACE_OUTER_BOUND('',#1025,.T.);
#641=FACE_OUTER_BOUND('',#1026,.T.);
#642=FACE_OUTER_BOUND('',#1027,.T.);
#643=FACE_OUTER_BOUND('',#1028,.T.);
#644=FACE_OUTER_BOUND('',#1029,.T.);
#645=FACE_OUTER_BOUND('',#1030,.T.);
#646=FACE_OUTER_BOUND('',#1031,.T.);
#647=FACE_OUTER_BOUND('',#1032,.T.);
#648=FACE_OUTER_BOUND('',#1033,.T.);
#649=FACE_OUTER_BOUND('',#1034,.T.);
#650=FACE_OUTER_BOUND('',#1035,.T.);
#651=FACE_OUTER_BOUND('',#1036,.T.);
#652=FACE_OUTER_BOUND('',#1037,.T.);
#653=FACE_OUTER_BOUND('',#1038,.T.);
#654=FACE_OUTER_BOUND('',#1039,.T.);
#655=FACE_OUTER_BOUND('',#1040,.T.);
#656=FACE_OUTER_BOUND('',#1041,.T.);
#657=FACE_OUTER_BOUND('',#1042,.T.);
#658=FACE_OUTER_BOUND('',#1043,.T.);
#659=FACE_OUTER_BOUND('',#1044,.T.);
#660=FACE_OUTER_BOUND('',#1045,.T.);
#661=FACE_OUTER_BOUND('',#1046,.T.);
#662=FACE_OUTER_BOUND('',#1047,.T.);
#663=FACE_OUTER_BOUND('',#1048,.T.);
#664=FACE_OUTER_BOUND('',#1049,.T.);
#665=FACE_OUTER_BOUND('',#1050,.T.);
#666=FACE_OUTER_BOUND('',#1055,.T.);
#667=FACE_OUTER_BOUND('',#1056,.T.);
#668=FACE_OUTER_BOUND('',#1057,.T.);
#669=FACE_OUTER_BOUND('',#1058,.T.);
#670=FACE_OUTER_BOUND('',#1060,.T.);
#671=FACE_OUTER_BOUND('',#1061,.T.);
#672=FACE_OUTER_BOUND('',#1064,.T.);
#673=FACE_OUTER_BOUND('',#1065,.T.);
#674=FACE_OUTER_BOUND('',#1066,.T.);
#675=FACE_OUTER_BOUND('',#1067,.T.);
#676=FACE_OUTER_BOUND('',#1068,.T.);
#677=FACE_OUTER_BOUND('',#1069,.T.);
#678=FACE_OUTER_BOUND('',#1070,.T.);
#679=FACE_OUTER_BOUND('',#1071,.T.);
#680=FACE_OUTER_BOUND('',#1072,.T.);
#681=FACE_OUTER_BOUND('',#1073,.T.);
#682=FACE_OUTER_BOUND('',#1075,.T.);
#683=FACE_OUTER_BOUND('',#1076,.T.);
#684=FACE_OUTER_BOUND('',#1078,.T.);
#685=FACE_OUTER_BOUND('',#1079,.T.);
#686=FACE_OUTER_BOUND('',#1081,.T.);
#687=FACE_OUTER_BOUND('',#1082,.T.);
#688=FACE_OUTER_BOUND('',#1083,.T.);
#689=FACE_OUTER_BOUND('',#1084,.T.);
#690=FACE_OUTER_BOUND('',#1086,.T.);
#691=EDGE_LOOP('',(#4387,#4388,#4389,#4390,#4391,#4392,#4393,#4394));
#692=EDGE_LOOP('',(#4395,#4396,#4397,#4398));
#693=EDGE_LOOP('',(#4399,#4400,#4401,#4402));
#694=EDGE_LOOP('',(#4403,#4404,#4405,#4406));
#695=EDGE_LOOP('',(#4407,#4408,#4409,#4410));
#696=EDGE_LOOP('',(#4411,#4412,#4413,#4414));
#697=EDGE_LOOP('',(#4415,#4416,#4417,#4418));
#698=EDGE_LOOP('',(#4419,#4420,#4421,#4422,#4423,#4424,#4425,#4426));
#699=EDGE_LOOP('',(#4427,#4428,#4429,#4430));
#700=EDGE_LOOP('',(#4431,#4432,#4433,#4434));
#701=EDGE_LOOP('',(#4435,#4436,#4437,#4438));
#702=EDGE_LOOP('',(#4439,#4440,#4441,#4442));
#703=EDGE_LOOP('',(#4443,#4444,#4445,#4446));
#704=EDGE_LOOP('',(#4447,#4448,#4449,#4450));
#705=EDGE_LOOP('',(#4451,#4452,#4453,#4454));
#706=EDGE_LOOP('',(#4455));
#707=EDGE_LOOP('',(#4456));
#708=EDGE_LOOP('',(#4457));
#709=EDGE_LOOP('',(#4458,#4459,#4460,#4461));
#710=EDGE_LOOP('',(#4462,#4463,#4464,#4465));
#711=EDGE_LOOP('',(#4466,#4467,#4468,#4469));
#712=EDGE_LOOP('',(#4470,#4471,#4472,#4473));
#713=EDGE_LOOP('',(#4474,#4475,#4476,#4477,#4478,#4479,#4480,#4481,#4482,
#4483,#4484,#4485,#4486,#4487,#4488,#4489,#4490,#4491,#4492,#4493,#4494,
#4495,#4496,#4497,#4498,#4499,#4500,#4501,#4502,#4503,#4504,#4505,#4506,
#4507,#4508,#4509,#4510,#4511,#4512,#4513,#4514,#4515,#4516,#4517,#4518,
#4519,#4520,#4521,#4522,#4523,#4524,#4525,#4526,#4527,#4528,#4529));
#714=EDGE_LOOP('',(#4530,#4531,#4532,#4533,#4534,#4535,#4536,#4537,#4538,
#4539));
#715=EDGE_LOOP('',(#4540,#4541,#4542,#4543,#4544,#4545,#4546,#4547,#4548,
#4549));
#716=EDGE_LOOP('',(#4550,#4551,#4552,#4553,#4554,#4555,#4556));
#717=EDGE_LOOP('',(#4557,#4558,#4559,#4560));
#718=EDGE_LOOP('',(#4561,#4562,#4563,#4564,#4565,#4566));
#719=EDGE_LOOP('',(#4567,#4568,#4569,#4570));
#720=EDGE_LOOP('',(#4571,#4572,#4573,#4574));
#721=EDGE_LOOP('',(#4575,#4576,#4577,#4578));
#722=EDGE_LOOP('',(#4579,#4580,#4581,#4582));
#723=EDGE_LOOP('',(#4583,#4584,#4585,#4586));
#724=EDGE_LOOP('',(#4587,#4588,#4589,#4590));
#725=EDGE_LOOP('',(#4591,#4592,#4593,#4594));
#726=EDGE_LOOP('',(#4595,#4596,#4597,#4598));
#727=EDGE_LOOP('',(#4599,#4600,#4601,#4602));
#728=EDGE_LOOP('',(#4603,#4604,#4605,#4606));
#729=EDGE_LOOP('',(#4607,#4608,#4609,#4610));
#730=EDGE_LOOP('',(#4611,#4612,#4613,#4614));
#731=EDGE_LOOP('',(#4615,#4616,#4617,#4618));
#732=EDGE_LOOP('',(#4619,#4620,#4621,#4622));
#733=EDGE_LOOP('',(#4623,#4624,#4625,#4626));
#734=EDGE_LOOP('',(#4627,#4628,#4629,#4630));
#735=EDGE_LOOP('',(#4631,#4632,#4633,#4634));
#736=EDGE_LOOP('',(#4635,#4636,#4637,#4638,#4639,#4640,#4641,#4642));
#737=EDGE_LOOP('',(#4643));
#738=EDGE_LOOP('',(#4644));
#739=EDGE_LOOP('',(#4645,#4646,#4647,#4648,#4649,#4650,#4651,#4652,#4653,
#4654,#4655,#4656));
#740=EDGE_LOOP('',(#4657,#4658,#4659,#4660));
#741=EDGE_LOOP('',(#4661,#4662,#4663,#4664,#4665,#4666,#4667,#4668,#4669,
#4670,#4671,#4672,#4673,#4674,#4675,#4676,#4677,#4678,#4679,#4680,#4681,
#4682,#4683,#4684,#4685,#4686,#4687,#4688,#4689,#4690,#4691,#4692,#4693,
#4694,#4695,#4696,#4697,#4698,#4699,#4700,#4701,#4702,#4703,#4704,#4705,
#4706,#4707,#4708,#4709,#4710,#4711,#4712,#4713,#4714,#4715,#4716,#4717,
#4718,#4719,#4720,#4721,#4722,#4723,#4724,#4725,#4726,#4727,#4728,#4729,
#4730,#4731,#4732,#4733,#4734,#4735,#4736,#4737,#4738,#4739,#4740));
#742=EDGE_LOOP('',(#4741,#4742,#4743,#4744,#4745,#4746,#4747,#4748,#4749,
#4750,#4751,#4752,#4753));
#743=EDGE_LOOP('',(#4754,#4755,#4756,#4757,#4758,#4759,#4760,#4761,#4762));
#744=EDGE_LOOP('',(#4763,#4764,#4765,#4766,#4767,#4768,#4769,#4770,#4771,
#4772,#4773,#4774));
#745=EDGE_LOOP('',(#4775,#4776,#4777,#4778,#4779,#4780,#4781,#4782,#4783,
#4784,#4785,#4786));
#746=EDGE_LOOP('',(#4787,#4788,#4789,#4790));
#747=EDGE_LOOP('',(#4791,#4792,#4793,#4794));
#748=EDGE_LOOP('',(#4795,#4796,#4797,#4798,#4799,#4800,#4801,#4802));
#749=EDGE_LOOP('',(#4803,#4804,#4805,#4806,#4807,#4808));
#750=EDGE_LOOP('',(#4809,#4810,#4811,#4812,#4813,#4814));
#751=EDGE_LOOP('',(#4815,#4816,#4817,#4818,#4819,#4820,#4821,#4822));
#752=EDGE_LOOP('',(#4823,#4824,#4825,#4826));
#753=EDGE_LOOP('',(#4827,#4828,#4829,#4830,#4831,#4832,#4833,#4834));
#754=EDGE_LOOP('',(#4835));
#755=EDGE_LOOP('',(#4836,#4837,#4838,#4839,#4840,#4841,#4842,#4843));
#756=EDGE_LOOP('',(#4844,#4845,#4846,#4847,#4848,#4849,#4850,#4851));
#757=EDGE_LOOP('',(#4852,#4853,#4854,#4855,#4856,#4857,#4858,#4859));
#758=EDGE_LOOP('',(#4860,#4861,#4862,#4863,#4864,#4865,#4866,#4867));
#759=EDGE_LOOP('',(#4868));
#760=EDGE_LOOP('',(#4869,#4870,#4871,#4872,#4873,#4874));
#761=EDGE_LOOP('',(#4875,#4876,#4877,#4878));
#762=EDGE_LOOP('',(#4879,#4880,#4881,#4882,#4883,#4884,#4885,#4886));
#763=EDGE_LOOP('',(#4887,#4888,#4889,#4890));
#764=EDGE_LOOP('',(#4891,#4892,#4893,#4894));
#765=EDGE_LOOP('',(#4895,#4896,#4897,#4898));
#766=EDGE_LOOP('',(#4899,#4900,#4901,#4902,#4903,#4904,#4905,#4906));
#767=EDGE_LOOP('',(#4907,#4908,#4909,#4910));
#768=EDGE_LOOP('',(#4911,#4912,#4913,#4914));
#769=EDGE_LOOP('',(#4915,#4916,#4917,#4918));
#770=EDGE_LOOP('',(#4919,#4920,#4921,#4922,#4923,#4924,#4925,#4926));
#771=EDGE_LOOP('',(#4927,#4928,#4929,#4930));
#772=EDGE_LOOP('',(#4931,#4932,#4933,#4934));
#773=EDGE_LOOP('',(#4935,#4936,#4937,#4938));
#774=EDGE_LOOP('',(#4939,#4940,#4941,#4942,#4943,#4944,#4945,#4946));
#775=EDGE_LOOP('',(#4947,#4948,#4949,#4950));
#776=EDGE_LOOP('',(#4951,#4952,#4953,#4954));
#777=EDGE_LOOP('',(#4955,#4956,#4957,#4958));
#778=EDGE_LOOP('',(#4959,#4960,#4961,#4962,#4963,#4964));
#779=EDGE_LOOP('',(#4965,#4966,#4967,#4968));
#780=EDGE_LOOP('',(#4969,#4970,#4971,#4972));
#781=EDGE_LOOP('',(#4973,#4974,#4975,#4976));
#782=EDGE_LOOP('',(#4977,#4978,#4979,#4980,#4981,#4982));
#783=EDGE_LOOP('',(#4983,#4984,#4985,#4986));
#784=EDGE_LOOP('',(#4987,#4988,#4989,#4990));
#785=EDGE_LOOP('',(#4991,#4992,#4993,#4994));
#786=EDGE_LOOP('',(#4995,#4996,#4997,#4998,#4999,#5000));
#787=EDGE_LOOP('',(#5001,#5002,#5003,#5004));
#788=EDGE_LOOP('',(#5005,#5006,#5007,#5008));
#789=EDGE_LOOP('',(#5009,#5010,#5011,#5012));
#790=EDGE_LOOP('',(#5013,#5014,#5015,#5016,#5017,#5018));
#791=EDGE_LOOP('',(#5019,#5020,#5021,#5022));
#792=EDGE_LOOP('',(#5023,#5024,#5025,#5026));
#793=EDGE_LOOP('',(#5027,#5028,#5029,#5030));
#794=EDGE_LOOP('',(#5031,#5032,#5033,#5034,#5035,#5036));
#795=EDGE_LOOP('',(#5037,#5038,#5039,#5040));
#796=EDGE_LOOP('',(#5041,#5042,#5043,#5044));
#797=EDGE_LOOP('',(#5045,#5046,#5047,#5048));
#798=EDGE_LOOP('',(#5049,#5050,#5051,#5052,#5053,#5054));
#799=EDGE_LOOP('',(#5055,#5056,#5057,#5058));
#800=EDGE_LOOP('',(#5059,#5060,#5061,#5062));
#801=EDGE_LOOP('',(#5063,#5064,#5065,#5066));
#802=EDGE_LOOP('',(#5067,#5068,#5069,#5070,#5071,#5072,#5073,#5074));
#803=EDGE_LOOP('',(#5075,#5076,#5077,#5078));
#804=EDGE_LOOP('',(#5079,#5080,#5081,#5082));
#805=EDGE_LOOP('',(#5083,#5084,#5085,#5086));
#806=EDGE_LOOP('',(#5087,#5088,#5089,#5090,#5091,#5092,#5093,#5094));
#807=EDGE_LOOP('',(#5095,#5096,#5097,#5098));
#808=EDGE_LOOP('',(#5099,#5100,#5101,#5102));
#809=EDGE_LOOP('',(#5103,#5104,#5105,#5106,#5107,#5108));
#810=EDGE_LOOP('',(#5109,#5110,#5111,#5112));
#811=EDGE_LOOP('',(#5113,#5114,#5115,#5116,#5117,#5118));
#812=EDGE_LOOP('',(#5119,#5120,#5121,#5122));
#813=EDGE_LOOP('',(#5123,#5124,#5125,#5126));
#814=EDGE_LOOP('',(#5127,#5128,#5129,#5130,#5131,#5132));
#815=EDGE_LOOP('',(#5133,#5134,#5135,#5136));
#816=EDGE_LOOP('',(#5137,#5138,#5139,#5140,#5141,#5142));
#817=EDGE_LOOP('',(#5143,#5144,#5145,#5146));
#818=EDGE_LOOP('',(#5147,#5148,#5149,#5150));
#819=EDGE_LOOP('',(#5151,#5152,#5153,#5154));
#820=EDGE_LOOP('',(#5155,#5156,#5157,#5158));
#821=EDGE_LOOP('',(#5159,#5160,#5161,#5162));
#822=EDGE_LOOP('',(#5163,#5164,#5165,#5166));
#823=EDGE_LOOP('',(#5167,#5168,#5169,#5170));
#824=EDGE_LOOP('',(#5171,#5172,#5173,#5174));
#825=EDGE_LOOP('',(#5175,#5176,#5177,#5178));
#826=EDGE_LOOP('',(#5179,#5180,#5181,#5182));
#827=EDGE_LOOP('',(#5183,#5184,#5185,#5186));
#828=EDGE_LOOP('',(#5187,#5188,#5189,#5190));
#829=EDGE_LOOP('',(#5191,#5192,#5193,#5194));
#830=EDGE_LOOP('',(#5195,#5196,#5197,#5198));
#831=EDGE_LOOP('',(#5199,#5200,#5201,#5202));
#832=EDGE_LOOP('',(#5203,#5204,#5205,#5206));
#833=EDGE_LOOP('',(#5207,#5208,#5209,#5210));
#834=EDGE_LOOP('',(#5211,#5212,#5213,#5214));
#835=EDGE_LOOP('',(#5215,#5216,#5217,#5218));
#836=EDGE_LOOP('',(#5219,#5220,#5221,#5222));
#837=EDGE_LOOP('',(#5223,#5224,#5225,#5226));
#838=EDGE_LOOP('',(#5227,#5228,#5229,#5230));
#839=EDGE_LOOP('',(#5231,#5232,#5233,#5234));
#840=EDGE_LOOP('',(#5235,#5236,#5237,#5238,#5239,#5240));
#841=EDGE_LOOP('',(#5241,#5242,#5243,#5244));
#842=EDGE_LOOP('',(#5245,#5246,#5247,#5248));
#843=EDGE_LOOP('',(#5249,#5250,#5251,#5252));
#844=EDGE_LOOP('',(#5253,#5254,#5255,#5256,#5257,#5258));
#845=EDGE_LOOP('',(#5259,#5260,#5261,#5262));
#846=EDGE_LOOP('',(#5263,#5264,#5265,#5266));
#847=EDGE_LOOP('',(#5267,#5268,#5269,#5270));
#848=EDGE_LOOP('',(#5271,#5272,#5273,#5274,#5275,#5276));
#849=EDGE_LOOP('',(#5277,#5278,#5279,#5280));
#850=EDGE_LOOP('',(#5281,#5282,#5283,#5284));
#851=EDGE_LOOP('',(#5285,#5286,#5287,#5288));
#852=EDGE_LOOP('',(#5289,#5290,#5291,#5292));
#853=EDGE_LOOP('',(#5293,#5294,#5295,#5296));
#854=EDGE_LOOP('',(#5297,#5298,#5299,#5300,#5301,#5302));
#855=EDGE_LOOP('',(#5303,#5304,#5305,#5306));
#856=EDGE_LOOP('',(#5307,#5308,#5309,#5310));
#857=EDGE_LOOP('',(#5311,#5312,#5313,#5314));
#858=EDGE_LOOP('',(#5315,#5316,#5317,#5318));
#859=EDGE_LOOP('',(#5319,#5320,#5321,#5322));
#860=EDGE_LOOP('',(#5323,#5324,#5325,#5326));
#861=EDGE_LOOP('',(#5327,#5328,#5329,#5330));
#862=EDGE_LOOP('',(#5331,#5332,#5333,#5334));
#863=EDGE_LOOP('',(#5335,#5336,#5337,#5338));
#864=EDGE_LOOP('',(#5339,#5340,#5341,#5342));
#865=EDGE_LOOP('',(#5343,#5344,#5345,#5346));
#866=EDGE_LOOP('',(#5347,#5348,#5349,#5350));
#867=EDGE_LOOP('',(#5351,#5352,#5353,#5354));
#868=EDGE_LOOP('',(#5355,#5356,#5357,#5358,#5359,#5360));
#869=EDGE_LOOP('',(#5361,#5362,#5363,#5364));
#870=EDGE_LOOP('',(#5365,#5366,#5367,#5368));
#871=EDGE_LOOP('',(#5369,#5370,#5371,#5372));
#872=EDGE_LOOP('',(#5373,#5374,#5375,#5376));
#873=EDGE_LOOP('',(#5377,#5378,#5379,#5380));
#874=EDGE_LOOP('',(#5381,#5382,#5383,#5384));
#875=EDGE_LOOP('',(#5385,#5386,#5387,#5388));
#876=EDGE_LOOP('',(#5389,#5390,#5391,#5392));
#877=EDGE_LOOP('',(#5393,#5394,#5395,#5396));
#878=EDGE_LOOP('',(#5397,#5398,#5399,#5400));
#879=EDGE_LOOP('',(#5401,#5402,#5403,#5404));
#880=EDGE_LOOP('',(#5405,#5406,#5407,#5408,#5409,#5410));
#881=EDGE_LOOP('',(#5411,#5412,#5413,#5414));
#882=EDGE_LOOP('',(#5415,#5416,#5417,#5418));
#883=EDGE_LOOP('',(#5419,#5420,#5421,#5422));
#884=EDGE_LOOP('',(#5423,#5424,#5425,#5426));
#885=EDGE_LOOP('',(#5427,#5428,#5429,#5430));
#886=EDGE_LOOP('',(#5431,#5432,#5433,#5434));
#887=EDGE_LOOP('',(#5435,#5436,#5437,#5438));
#888=EDGE_LOOP('',(#5439,#5440,#5441,#5442));
#889=EDGE_LOOP('',(#5443,#5444,#5445,#5446));
#890=EDGE_LOOP('',(#5447,#5448,#5449,#5450));
#891=EDGE_LOOP('',(#5451,#5452,#5453,#5454));
#892=EDGE_LOOP('',(#5455,#5456,#5457,#5458));
#893=EDGE_LOOP('',(#5459,#5460,#5461,#5462));
#894=EDGE_LOOP('',(#5463,#5464,#5465,#5466));
#895=EDGE_LOOP('',(#5467,#5468,#5469,#5470,#5471,#5472,#5473,#5474,#5475,
#5476,#5477,#5478,#5479));
#896=EDGE_LOOP('',(#5480,#5481,#5482,#5483));
#897=EDGE_LOOP('',(#5484,#5485,#5486,#5487));
#898=EDGE_LOOP('',(#5488,#5489,#5490,#5491));
#899=EDGE_LOOP('',(#5492,#5493,#5494,#5495));
#900=EDGE_LOOP('',(#5496,#5497,#5498,#5499));
#901=EDGE_LOOP('',(#5500,#5501,#5502,#5503));
#902=EDGE_LOOP('',(#5504,#5505,#5506,#5507));
#903=EDGE_LOOP('',(#5508,#5509,#5510,#5511));
#904=EDGE_LOOP('',(#5512,#5513,#5514,#5515));
#905=EDGE_LOOP('',(#5516,#5517,#5518,#5519,#5520,#5521,#5522,#5523,#5524));
#906=EDGE_LOOP('',(#5525,#5526,#5527,#5528));
#907=EDGE_LOOP('',(#5529,#5530,#5531,#5532));
#908=EDGE_LOOP('',(#5533,#5534,#5535,#5536));
#909=EDGE_LOOP('',(#5537,#5538,#5539,#5540));
#910=EDGE_LOOP('',(#5541,#5542,#5543,#5544));
#911=EDGE_LOOP('',(#5545,#5546,#5547,#5548));
#912=EDGE_LOOP('',(#5549,#5550,#5551,#5552));
#913=EDGE_LOOP('',(#5553,#5554,#5555,#5556));
#914=EDGE_LOOP('',(#5557,#5558,#5559,#5560));
#915=EDGE_LOOP('',(#5561,#5562,#5563,#5564));
#916=EDGE_LOOP('',(#5565,#5566,#5567,#5568));
#917=EDGE_LOOP('',(#5569,#5570,#5571,#5572));
#918=EDGE_LOOP('',(#5573,#5574,#5575,#5576,#5577,#5578,#5579,#5580,#5581,
#5582,#5583,#5584));
#919=EDGE_LOOP('',(#5585,#5586,#5587,#5588));
#920=EDGE_LOOP('',(#5589,#5590,#5591,#5592));
#921=EDGE_LOOP('',(#5593,#5594,#5595,#5596));
#922=EDGE_LOOP('',(#5597,#5598,#5599,#5600));
#923=EDGE_LOOP('',(#5601,#5602,#5603,#5604));
#924=EDGE_LOOP('',(#5605,#5606,#5607,#5608));
#925=EDGE_LOOP('',(#5609,#5610,#5611,#5612));
#926=EDGE_LOOP('',(#5613,#5614,#5615,#5616));
#927=EDGE_LOOP('',(#5617,#5618,#5619,#5620));
#928=EDGE_LOOP('',(#5621,#5622,#5623,#5624));
#929=EDGE_LOOP('',(#5625,#5626,#5627,#5628));
#930=EDGE_LOOP('',(#5629,#5630,#5631,#5632));
#931=EDGE_LOOP('',(#5633,#5634,#5635,#5636,#5637,#5638,#5639,#5640,#5641,
#5642,#5643,#5644));
#932=EDGE_LOOP('',(#5645,#5646,#5647,#5648));
#933=EDGE_LOOP('',(#5649,#5650,#5651,#5652));
#934=EDGE_LOOP('',(#5653,#5654,#5655,#5656));
#935=EDGE_LOOP('',(#5657,#5658,#5659,#5660));
#936=EDGE_LOOP('',(#5661,#5662,#5663,#5664));
#937=EDGE_LOOP('',(#5665,#5666,#5667,#5668));
#938=EDGE_LOOP('',(#5669,#5670,#5671,#5672));
#939=EDGE_LOOP('',(#5673,#5674,#5675,#5676));
#940=EDGE_LOOP('',(#5677,#5678,#5679,#5680));
#941=EDGE_LOOP('',(#5681,#5682,#5683,#5684));
#942=EDGE_LOOP('',(#5685,#5686,#5687,#5688));
#943=EDGE_LOOP('',(#5689,#5690,#5691,#5692));
#944=EDGE_LOOP('',(#5693,#5694,#5695,#5696));
#945=EDGE_LOOP('',(#5697,#5698,#5699,#5700));
#946=EDGE_LOOP('',(#5701,#5702,#5703,#5704));
#947=EDGE_LOOP('',(#5705,#5706,#5707,#5708));
#948=EDGE_LOOP('',(#5709,#5710,#5711,#5712));
#949=EDGE_LOOP('',(#5713,#5714,#5715,#5716));
#950=EDGE_LOOP('',(#5717,#5718,#5719,#5720,#5721,#5722,#5723,#5724));
#951=EDGE_LOOP('',(#5725,#5726,#5727,#5728));
#952=EDGE_LOOP('',(#5729,#5730,#5731,#5732));
#953=EDGE_LOOP('',(#5733,#5734,#5735,#5736));
#954=EDGE_LOOP('',(#5737,#5738,#5739,#5740));
#955=EDGE_LOOP('',(#5741,#5742,#5743,#5744));
#956=EDGE_LOOP('',(#5745,#5746,#5747,#5748));
#957=EDGE_LOOP('',(#5749,#5750,#5751,#5752,#5753,#5754));
#958=EDGE_LOOP('',(#5755,#5756,#5757,#5758));
#959=EDGE_LOOP('',(#5759,#5760,#5761,#5762));
#960=EDGE_LOOP('',(#5763,#5764,#5765,#5766));
#961=EDGE_LOOP('',(#5767,#5768,#5769,#5770));
#962=EDGE_LOOP('',(#5771,#5772,#5773,#5774));
#963=EDGE_LOOP('',(#5775,#5776,#5777,#5778));
#964=EDGE_LOOP('',(#5779,#5780,#5781,#5782,#5783,#5784));
#965=EDGE_LOOP('',(#5785,#5786,#5787,#5788));
#966=EDGE_LOOP('',(#5789,#5790,#5791,#5792));
#967=EDGE_LOOP('',(#5793,#5794,#5795,#5796,#5797,#5798));
#968=EDGE_LOOP('',(#5799,#5800,#5801,#5802));
#969=EDGE_LOOP('',(#5803,#5804,#5805,#5806,#5807,#5808));
#970=EDGE_LOOP('',(#5809,#5810,#5811,#5812));
#971=EDGE_LOOP('',(#5813,#5814,#5815,#5816,#5817,#5818));
#972=EDGE_LOOP('',(#5819,#5820,#5821,#5822));
#973=EDGE_LOOP('',(#5823,#5824,#5825,#5826,#5827,#5828));
#974=EDGE_LOOP('',(#5829,#5830,#5831,#5832));
#975=EDGE_LOOP('',(#5833,#5834,#5835,#5836));
#976=EDGE_LOOP('',(#5837,#5838,#5839,#5840,#5841,#5842));
#977=EDGE_LOOP('',(#5843,#5844,#5845,#5846));
#978=EDGE_LOOP('',(#5847,#5848,#5849,#5850,#5851,#5852));
#979=EDGE_LOOP('',(#5853,#5854,#5855,#5856));
#980=EDGE_LOOP('',(#5857,#5858,#5859,#5860,#5861,#5862));
#981=EDGE_LOOP('',(#5863,#5864,#5865,#5866));
#982=EDGE_LOOP('',(#5867,#5868,#5869,#5870,#5871,#5872));
#983=EDGE_LOOP('',(#5873,#5874,#5875,#5876));
#984=EDGE_LOOP('',(#5877,#5878,#5879,#5880,#5881,#5882));
#985=EDGE_LOOP('',(#5883,#5884,#5885,#5886));
#986=EDGE_LOOP('',(#5887,#5888,#5889,#5890,#5891,#5892));
#987=EDGE_LOOP('',(#5893,#5894,#5895,#5896,#5897,#5898));
#988=EDGE_LOOP('',(#5899,#5900,#5901,#5902,#5903,#5904));
#989=EDGE_LOOP('',(#5905,#5906,#5907,#5908));
#990=EDGE_LOOP('',(#5909,#5910,#5911,#5912));
#991=EDGE_LOOP('',(#5913,#5914,#5915,#5916));
#992=EDGE_LOOP('',(#5917,#5918,#5919,#5920));
#993=EDGE_LOOP('',(#5921,#5922,#5923,#5924));
#994=EDGE_LOOP('',(#5925,#5926,#5927,#5928));
#995=EDGE_LOOP('',(#5929,#5930,#5931,#5932));
#996=EDGE_LOOP('',(#5933,#5934,#5935,#5936));
#997=EDGE_LOOP('',(#5937,#5938,#5939,#5940));
#998=EDGE_LOOP('',(#5941,#5942,#5943,#5944,#5945,#5946));
#999=EDGE_LOOP('',(#5947,#5948,#5949,#5950,#5951,#5952));
#1000=EDGE_LOOP('',(#5953,#5954,#5955,#5956,#5957,#5958,#5959,#5960));
#1001=EDGE_LOOP('',(#5961));
#1002=EDGE_LOOP('',(#5962));
#1003=EDGE_LOOP('',(#5963,#5964,#5965,#5966,#5967,#5968));
#1004=EDGE_LOOP('',(#5969,#5970,#5971,#5972,#5973,#5974));
#1005=EDGE_LOOP('',(#5975,#5976,#5977,#5978,#5979,#5980));
#1006=EDGE_LOOP('',(#5981,#5982,#5983,#5984,#5985,#5986));
#1007=EDGE_LOOP('',(#5987,#5988,#5989,#5990,#5991,#5992));
#1008=EDGE_LOOP('',(#5993,#5994,#5995,#5996,#5997,#5998));
#1009=EDGE_LOOP('',(#5999,#6000,#6001,#6002,#6003,#6004));
#1010=EDGE_LOOP('',(#6005,#6006,#6007,#6008));
#1011=EDGE_LOOP('',(#6009,#6010,#6011,#6012,#6013,#6014));
#1012=EDGE_LOOP('',(#6015,#6016,#6017,#6018));
#1013=EDGE_LOOP('',(#6019,#6020,#6021,#6022,#6023,#6024));
#1014=EDGE_LOOP('',(#6025,#6026,#6027,#6028));
#1015=EDGE_LOOP('',(#6029,#6030,#6031,#6032));
#1016=EDGE_LOOP('',(#6033,#6034,#6035,#6036));
#1017=EDGE_LOOP('',(#6037,#6038,#6039,#6040));
#1018=EDGE_LOOP('',(#6041,#6042,#6043,#6044));
#1019=EDGE_LOOP('',(#6045,#6046,#6047,#6048));
#1020=EDGE_LOOP('',(#6049,#6050,#6051,#6052));
#1021=EDGE_LOOP('',(#6053,#6054,#6055,#6056));
#1022=EDGE_LOOP('',(#6057,#6058,#6059,#6060));
#1023=EDGE_LOOP('',(#6061,#6062,#6063,#6064));
#1024=EDGE_LOOP('',(#6065,#6066,#6067,#6068));
#1025=EDGE_LOOP('',(#6069,#6070,#6071,#6072));
#1026=EDGE_LOOP('',(#6073,#6074,#6075,#6076));
#1027=EDGE_LOOP('',(#6077,#6078,#6079,#6080));
#1028=EDGE_LOOP('',(#6081,#6082,#6083,#6084));
#1029=EDGE_LOOP('',(#6085,#6086,#6087,#6088));
#1030=EDGE_LOOP('',(#6089,#6090,#6091,#6092));
#1031=EDGE_LOOP('',(#6093,#6094,#6095,#6096));
#1032=EDGE_LOOP('',(#6097,#6098,#6099,#6100));
#1033=EDGE_LOOP('',(#6101,#6102,#6103,#6104));
#1034=EDGE_LOOP('',(#6105,#6106,#6107,#6108));
#1035=EDGE_LOOP('',(#6109,#6110,#6111,#6112));
#1036=EDGE_LOOP('',(#6113,#6114,#6115,#6116,#6117,#6118,#6119,#6120,#6121,
#6122,#6123,#6124));
#1037=EDGE_LOOP('',(#6125,#6126,#6127,#6128));
#1038=EDGE_LOOP('',(#6129,#6130,#6131,#6132));
#1039=EDGE_LOOP('',(#6133,#6134,#6135,#6136));
#1040=EDGE_LOOP('',(#6137,#6138,#6139,#6140));
#1041=EDGE_LOOP('',(#6141,#6142,#6143,#6144));
#1042=EDGE_LOOP('',(#6145,#6146,#6147,#6148));
#1043=EDGE_LOOP('',(#6149,#6150,#6151,#6152));
#1044=EDGE_LOOP('',(#6153,#6154,#6155,#6156));
#1045=EDGE_LOOP('',(#6157,#6158,#6159,#6160));
#1046=EDGE_LOOP('',(#6161,#6162,#6163,#6164));
#1047=EDGE_LOOP('',(#6165,#6166,#6167,#6168));
#1048=EDGE_LOOP('',(#6169,#6170,#6171,#6172));
#1049=EDGE_LOOP('',(#6173,#6174,#6175,#6176));
#1050=EDGE_LOOP('',(#6177,#6178,#6179,#6180,#6181,#6182,#6183,#6184));
#1051=EDGE_LOOP('',(#6185));
#1052=EDGE_LOOP('',(#6186));
#1053=EDGE_LOOP('',(#6187));
#1054=EDGE_LOOP('',(#6188));
#1055=EDGE_LOOP('',(#6189,#6190,#6191,#6192));
#1056=EDGE_LOOP('',(#6193,#6194,#6195,#6196));
#1057=EDGE_LOOP('',(#6197,#6198,#6199,#6200));
#1058=EDGE_LOOP('',(#6201,#6202,#6203,#6204));
#1059=EDGE_LOOP('',(#6205,#6206,#6207,#6208,#6209,#6210,#6211));
#1060=EDGE_LOOP('',(#6212,#6213,#6214,#6215));
#1061=EDGE_LOOP('',(#6216,#6217,#6218,#6219,#6220,#6221,#6222,#6223));
#1062=EDGE_LOOP('',(#6224,#6225,#6226,#6227,#6228,#6229));
#1063=EDGE_LOOP('',(#6230,#6231,#6232,#6233));
#1064=EDGE_LOOP('',(#6234,#6235,#6236,#6237));
#1065=EDGE_LOOP('',(#6238,#6239,#6240,#6241));
#1066=EDGE_LOOP('',(#6242,#6243,#6244,#6245));
#1067=EDGE_LOOP('',(#6246,#6247,#6248,#6249));
#1068=EDGE_LOOP('',(#6250,#6251,#6252,#6253));
#1069=EDGE_LOOP('',(#6254,#6255,#6256,#6257));
#1070=EDGE_LOOP('',(#6258,#6259,#6260,#6261));
#1071=EDGE_LOOP('',(#6262,#6263,#6264,#6265));
#1072=EDGE_LOOP('',(#6266,#6267,#6268,#6269));
#1073=EDGE_LOOP('',(#6270));
#1074=EDGE_LOOP('',(#6271));
#1075=EDGE_LOOP('',(#6272,#6273,#6274,#6275));
#1076=EDGE_LOOP('',(#6276));
#1077=EDGE_LOOP('',(#6277));
#1078=EDGE_LOOP('',(#6278,#6279,#6280,#6281));
#1079=EDGE_LOOP('',(#6282));
#1080=EDGE_LOOP('',(#6283));
#1081=EDGE_LOOP('',(#6284,#6285,#6286,#6287));
#1082=EDGE_LOOP('',(#6288));
#1083=EDGE_LOOP('',(#6289,#6290,#6291,#6292));
#1084=EDGE_LOOP('',(#6293));
#1085=EDGE_LOOP('',(#6294));
#1086=EDGE_LOOP('',(#6295,#6296,#6297,#6298));
#1087=ELLIPSE('',#7122,0.376128397820808,0.0196850393700787);
#1088=ELLIPSE('',#7126,0.376128397820808,0.0196850393700787);
#1089=LINE('',#9518,#1851);
#1090=LINE('',#9526,#1852);
#1091=LINE('',#9529,#1853);
#1092=LINE('',#9532,#1854);
#1093=LINE('',#9535,#1855);
#1094=LINE('',#9539,#1856);
#1095=LINE('',#9542,#1857);
#1096=LINE('',#9546,#1858);
#1097=LINE('',#9548,#1859);
#1098=LINE('',#9549,#1860);
#1099=LINE('',#9552,#1861);
#1100=LINE('',#9555,#1862);
#1101=LINE('',#9559,#1863);
#1102=LINE('',#9561,#1864);
#1103=LINE('',#9566,#1865);
#1104=LINE('',#9568,#1866);
#1105=LINE('',#9570,#1867);
#1106=LINE('',#9571,#1868);
#1107=LINE('',#9575,#1869);
#1108=LINE('',#9577,#1870);
#1109=LINE('',#9579,#1871);
#1110=LINE('',#9580,#1872);
#1111=LINE('',#9583,#1873);
#1112=LINE('',#9585,#1874);
#1113=LINE('',#9586,#1875);
#1114=LINE('',#9592,#1876);
#1115=LINE('',#9595,#1877);
#1116=LINE('',#9598,#1878);
#1117=LINE('',#9602,#1879);
#1118=LINE('',#9614,#1880);
#1119=LINE('',#9616,#1881);
#1120=LINE('',#9617,#1882);
#1121=LINE('',#9620,#1883);
#1122=LINE('',#9624,#1884);
#1123=LINE('',#9627,#1885);
#1124=LINE('',#9630,#1886);
#1125=LINE('',#9631,#1887);
#1126=LINE('',#9635,#1888);
#1127=LINE('',#9637,#1889);
#1128=LINE('',#9639,#1890);
#1129=LINE('',#9641,#1891);
#1130=LINE('',#9643,#1892);
#1131=LINE('',#9645,#1893);
#1132=LINE('',#9647,#1894);
#1133=LINE('',#9649,#1895);
#1134=LINE('',#9651,#1896);
#1135=LINE('',#9653,#1897);
#1136=LINE('',#9655,#1898);
#1137=LINE('',#9657,#1899);
#1138=LINE('',#9659,#1900);
#1139=LINE('',#9661,#1901);
#1140=LINE('',#9663,#1902);
#1141=LINE('',#9665,#1903);
#1142=LINE('',#9667,#1904);
#1143=LINE('',#9669,#1905);
#1144=LINE('',#9671,#1906);
#1145=LINE('',#9673,#1907);
#1146=LINE('',#9675,#1908);
#1147=LINE('',#9677,#1909);
#1148=LINE('',#9679,#1910);
#1149=LINE('',#9681,#1911);
#1150=LINE('',#9683,#1912);
#1151=LINE('',#9685,#1913);
#1152=LINE('',#9687,#1914);
#1153=LINE('',#9689,#1915);
#1154=LINE('',#9691,#1916);
#1155=LINE('',#9693,#1917);
#1156=LINE('',#9695,#1918);
#1157=LINE('',#9697,#1919);
#1158=LINE('',#9699,#1920);
#1159=LINE('',#9701,#1921);
#1160=LINE('',#9703,#1922);
#1161=LINE('',#9705,#1923);
#1162=LINE('',#9707,#1924);
#1163=LINE('',#9709,#1925);
#1164=LINE('',#9711,#1926);
#1165=LINE('',#9713,#1927);
#1166=LINE('',#9715,#1928);
#1167=LINE('',#9717,#1929);
#1168=LINE('',#9719,#1930);
#1169=LINE('',#9721,#1931);
#1170=LINE('',#9723,#1932);
#1171=LINE('',#9725,#1933);
#1172=LINE('',#9727,#1934);
#1173=LINE('',#9729,#1935);
#1174=LINE('',#9731,#1936);
#1175=LINE('',#9733,#1937);
#1176=LINE('',#9735,#1938);
#1177=LINE('',#9737,#1939);
#1178=LINE('',#9739,#1940);
#1179=LINE('',#9741,#1941);
#1180=LINE('',#9743,#1942);
#1181=LINE('',#9744,#1943);
#1182=LINE('',#9747,#1944);
#1183=LINE('',#9751,#1945);
#1184=LINE('',#9755,#1946);
#1185=LINE('',#9757,#1947);
#1186=LINE('',#9761,#1948);
#1187=LINE('',#9764,#1949);
#1188=LINE('',#9768,#1950);
#1189=LINE('',#9772,#1951);
#1190=LINE('',#9776,#1952);
#1191=LINE('',#9778,#1953);
#1192=LINE('',#9782,#1954);
#1193=LINE('',#9785,#1955);
#1194=LINE('',#9788,#1956);
#1195=LINE('',#9790,#1957);
#1196=LINE('',#9791,#1958);
#1197=LINE('',#9792,#1959);
#1198=LINE('',#9796,#1960);
#1199=LINE('',#9798,#1961);
#1200=LINE('',#9800,#1962);
#1201=LINE('',#9801,#1963);
#1202=LINE('',#9807,#1964);
#1203=LINE('',#9809,#1965);
#1204=LINE('',#9811,#1966);
#1205=LINE('',#9814,#1967);
#1206=LINE('',#9816,#1968);
#1207=LINE('',#9817,#1969);
#1208=LINE('',#9819,#1970);
#1209=LINE('',#9821,#1971);
#1210=LINE('',#9823,#1972);
#1211=LINE('',#9825,#1973);
#1212=LINE('',#9828,#1974);
#1213=LINE('',#9829,#1975);
#1214=LINE('',#9832,#1976);
#1215=LINE('',#9833,#1977);
#1216=LINE('',#9836,#1978);
#1217=LINE('',#9838,#1979);
#1218=LINE('',#9839,#1980);
#1219=LINE('',#9842,#1981);
#1220=LINE('',#9843,#1982);
#1221=LINE('',#9846,#1983);
#1222=LINE('',#9847,#1984);
#1223=LINE('',#9850,#1985);
#1224=LINE('',#9852,#1986);
#1225=LINE('',#9853,#1987);
#1226=LINE('',#9856,#1988);
#1227=LINE('',#9857,#1989);
#1228=LINE('',#9860,#1990);
#1229=LINE('',#9861,#1991);
#1230=LINE('',#9866,#1992);
#1231=LINE('',#9869,#1993);
#1232=LINE('',#9874,#1994);
#1233=LINE('',#9876,#1995);
#1234=LINE('',#9878,#1996);
#1235=LINE('',#9880,#1997);
#1236=LINE('',#9882,#1998);
#1237=LINE('',#9886,#1999);
#1238=LINE('',#9894,#2000);
#1239=LINE('',#9896,#2001);
#1240=LINE('',#9898,#2002);
#1241=LINE('',#9900,#2003);
#1242=LINE('',#9902,#2004);
#1243=LINE('',#9904,#2005);
#1244=LINE('',#9906,#2006);
#1245=LINE('',#9908,#2007);
#1246=LINE('',#9910,#2008);
#1247=LINE('',#9912,#2009);
#1248=LINE('',#9914,#2010);
#1249=LINE('',#9915,#2011);
#1250=LINE('',#9918,#2012);
#1251=LINE('',#9920,#2013);
#1252=LINE('',#9922,#2014);
#1253=LINE('',#9923,#2015);
#1254=LINE('',#9927,#2016);
#1255=LINE('',#9929,#2017);
#1256=LINE('',#9931,#2018);
#1257=LINE('',#9939,#2019);
#1258=LINE('',#9941,#2020);
#1259=LINE('',#9943,#2021);
#1260=LINE('',#9951,#2022);
#1261=LINE('',#9953,#2023);
#1262=LINE('',#9955,#2024);
#1263=LINE('',#9963,#2025);
#1264=LINE('',#9965,#2026);
#1265=LINE('',#9967,#2027);
#1266=LINE('',#9975,#2028);
#1267=LINE('',#9977,#2029);
#1268=LINE('',#9979,#2030);
#1269=LINE('',#9983,#2031);
#1270=LINE('',#9987,#2032);
#1271=LINE('',#9989,#2033);
#1272=LINE('',#9991,#2034);
#1273=LINE('',#9999,#2035);
#1274=LINE('',#10001,#2036);
#1275=LINE('',#10003,#2037);
#1276=LINE('',#10011,#2038);
#1277=LINE('',#10013,#2039);
#1278=LINE('',#10015,#2040);
#1279=LINE('',#10019,#2041);
#1280=LINE('',#10023,#2042);
#1281=LINE('',#10025,#2043);
#1282=LINE('',#10027,#2044);
#1283=LINE('',#10029,#2045);
#1284=LINE('',#10031,#2046);
#1285=LINE('',#10033,#2047);
#1286=LINE('',#10035,#2048);
#1287=LINE('',#10037,#2049);
#1288=LINE('',#10039,#2050);
#1289=LINE('',#10041,#2051);
#1290=LINE('',#10043,#2052);
#1291=LINE('',#10047,#2053);
#1292=LINE('',#10051,#2054);
#1293=LINE('',#10053,#2055);
#1294=LINE('',#10055,#2056);
#1295=LINE('',#10059,#2057);
#1296=LINE('',#10063,#2058);
#1297=LINE('',#10065,#2059);
#1298=LINE('',#10067,#2060);
#1299=LINE('',#10071,#2061);
#1300=LINE('',#10075,#2062);
#1301=LINE('',#10077,#2063);
#1302=LINE('',#10079,#2064);
#1303=LINE('',#10083,#2065);
#1304=LINE('',#10087,#2066);
#1305=LINE('',#10089,#2067);
#1306=LINE('',#10091,#2068);
#1307=LINE('',#10093,#2069);
#1308=LINE('',#10095,#2070);
#1309=LINE('',#10097,#2071);
#1310=LINE('',#10099,#2072);
#1311=LINE('',#10101,#2073);
#1312=LINE('',#10103,#2074);
#1313=LINE('',#10105,#2075);
#1314=LINE('',#10107,#2076);
#1315=LINE('',#10109,#2077);
#1316=LINE('',#10110,#2078);
#1317=LINE('',#10113,#2079);
#1318=LINE('',#10135,#2080);
#1319=LINE('',#10153,#2081);
#1320=LINE('',#10155,#2082);
#1321=LINE('',#10157,#2083);
#1322=LINE('',#10158,#2084);
#1323=LINE('',#10161,#2085);
#1324=LINE('',#10163,#2086);
#1325=LINE('',#10165,#2087);
#1326=LINE('',#10167,#2088);
#1327=LINE('',#10169,#2089);
#1328=LINE('',#10171,#2090);
#1329=LINE('',#10173,#2091);
#1330=LINE('',#10175,#2092);
#1331=LINE('',#10177,#2093);
#1332=LINE('',#10179,#2094);
#1333=LINE('',#10181,#2095);
#1334=LINE('',#10182,#2096);
#1335=LINE('',#10185,#2097);
#1336=LINE('',#10187,#2098);
#1337=LINE('',#10189,#2099);
#1338=LINE('',#10191,#2100);
#1339=LINE('',#10193,#2101);
#1340=LINE('',#10195,#2102);
#1341=LINE('',#10197,#2103);
#1342=LINE('',#10199,#2104);
#1343=LINE('',#10201,#2105);
#1344=LINE('',#10203,#2106);
#1345=LINE('',#10205,#2107);
#1346=LINE('',#10206,#2108);
#1347=LINE('',#10209,#2109);
#1348=LINE('',#10211,#2110);
#1349=LINE('',#10213,#2111);
#1350=LINE('',#10214,#2112);
#1351=LINE('',#10217,#2113);
#1352=LINE('',#10219,#2114);
#1353=LINE('',#10221,#2115);
#1354=LINE('',#10222,#2116);
#1355=LINE('',#10225,#2117);
#1356=LINE('',#10227,#2118);
#1357=LINE('',#10229,#2119);
#1358=LINE('',#10231,#2120);
#1359=LINE('',#10233,#2121);
#1360=LINE('',#10235,#2122);
#1361=LINE('',#10237,#2123);
#1362=LINE('',#10238,#2124);
#1363=LINE('',#10241,#2125);
#1364=LINE('',#10243,#2126);
#1365=LINE('',#10245,#2127);
#1366=LINE('',#10247,#2128);
#1367=LINE('',#10249,#2129);
#1368=LINE('',#10250,#2130);
#1369=LINE('',#10253,#2131);
#1370=LINE('',#10255,#2132);
#1371=LINE('',#10257,#2133);
#1372=LINE('',#10259,#2134);
#1373=LINE('',#10261,#2135);
#1374=LINE('',#10262,#2136);
#1375=LINE('',#10265,#2137);
#1376=LINE('',#10273,#2138);
#1377=LINE('',#10277,#2139);
#1378=LINE('',#10281,#2140);
#1379=LINE('',#10285,#2141);
#1380=LINE('',#10293,#2142);
#1381=LINE('',#10299,#2143);
#1382=LINE('',#10303,#2144);
#1383=LINE('',#10311,#2145);
#1384=LINE('',#10315,#2146);
#1385=LINE('',#10323,#2147);
#1386=LINE('',#10327,#2148);
#1387=LINE('',#10331,#2149);
#1388=LINE('',#10339,#2150);
#1389=LINE('',#10343,#2151);
#1390=LINE('',#10347,#2152);
#1391=LINE('',#10355,#2153);
#1392=LINE('',#10359,#2154);
#1393=LINE('',#10368,#2155);
#1394=LINE('',#10372,#2156);
#1395=LINE('',#10374,#2157);
#1396=LINE('',#10375,#2158);
#1397=LINE('',#10380,#2159);
#1398=LINE('',#10381,#2160);
#1399=LINE('',#10388,#2161);
#1400=LINE('',#10392,#2162);
#1401=LINE('',#10395,#2163);
#1402=LINE('',#10397,#2164);
#1403=LINE('',#10399,#2165);
#1404=LINE('',#10404,#2166);
#1405=LINE('',#10405,#2167);
#1406=LINE('',#10412,#2168);
#1407=LINE('',#10416,#2169);
#1408=LINE('',#10419,#2170);
#1409=LINE('',#10421,#2171);
#1410=LINE('',#10423,#2172);
#1411=LINE('',#10428,#2173);
#1412=LINE('',#10429,#2174);
#1413=LINE('',#10436,#2175);
#1414=LINE('',#10440,#2176);
#1415=LINE('',#10443,#2177);
#1416=LINE('',#10445,#2178);
#1417=LINE('',#10447,#2179);
#1418=LINE('',#10452,#2180);
#1419=LINE('',#10453,#2181);
#1420=LINE('',#10460,#2182);
#1421=LINE('',#10464,#2183);
#1422=LINE('',#10467,#2184);
#1423=LINE('',#10469,#2185);
#1424=LINE('',#10471,#2186);
#1425=LINE('',#10476,#2187);
#1426=LINE('',#10477,#2188);
#1427=LINE('',#10479,#2189);
#1428=LINE('',#10481,#2190);
#1429=LINE('',#10482,#2191);
#1430=LINE('',#10487,#2192);
#1431=LINE('',#10488,#2193);
#1432=LINE('',#10495,#2194);
#1433=LINE('',#10496,#2195);
#1434=LINE('',#10498,#2196);
#1435=LINE('',#10500,#2197);
#1436=LINE('',#10501,#2198);
#1437=LINE('',#10506,#2199);
#1438=LINE('',#10507,#2200);
#1439=LINE('',#10514,#2201);
#1440=LINE('',#10515,#2202);
#1441=LINE('',#10517,#2203);
#1442=LINE('',#10519,#2204);
#1443=LINE('',#10520,#2205);
#1444=LINE('',#10525,#2206);
#1445=LINE('',#10526,#2207);
#1446=LINE('',#10533,#2208);
#1447=LINE('',#10534,#2209);
#1448=LINE('',#10536,#2210);
#1449=LINE('',#10538,#2211);
#1450=LINE('',#10539,#2212);
#1451=LINE('',#10544,#2213);
#1452=LINE('',#10545,#2214);
#1453=LINE('',#10552,#2215);
#1454=LINE('',#10553,#2216);
#1455=LINE('',#10555,#2217);
#1456=LINE('',#10557,#2218);
#1457=LINE('',#10558,#2219);
#1458=LINE('',#10563,#2220);
#1459=LINE('',#10564,#2221);
#1460=LINE('',#10571,#2222);
#1461=LINE('',#10572,#2223);
#1462=LINE('',#10574,#2224);
#1463=LINE('',#10576,#2225);
#1464=LINE('',#10577,#2226);
#1465=LINE('',#10582,#2227);
#1466=LINE('',#10583,#2228);
#1467=LINE('',#10590,#2229);
#1468=LINE('',#10591,#2230);
#1469=LINE('',#10598,#2231);
#1470=LINE('',#10602,#2232);
#1471=LINE('',#10605,#2233);
#1472=LINE('',#10607,#2234);
#1473=LINE('',#10609,#2235);
#1474=LINE('',#10614,#2236);
#1475=LINE('',#10615,#2237);
#1476=LINE('',#10622,#2238);
#1477=LINE('',#10626,#2239);
#1478=LINE('',#10629,#2240);
#1479=LINE('',#10631,#2241);
#1480=LINE('',#10633,#2242);
#1481=LINE('',#10635,#2243);
#1482=LINE('',#10636,#2244);
#1483=LINE('',#10637,#2245);
#1484=LINE('',#10639,#2246);
#1485=LINE('',#10642,#2247);
#1486=LINE('',#10644,#2248);
#1487=LINE('',#10645,#2249);
#1488=LINE('',#10646,#2250);
#1489=LINE('',#10648,#2251);
#1490=LINE('',#10651,#2252);
#1491=LINE('',#10652,#2253);
#1492=LINE('',#10655,#2254);
#1493=LINE('',#10657,#2255);
#1494=LINE('',#10658,#2256);
#1495=LINE('',#10661,#2257);
#1496=LINE('',#10662,#2258);
#1497=LINE('',#10665,#2259);
#1498=LINE('',#10667,#2260);
#1499=LINE('',#10668,#2261);
#1500=LINE('',#10671,#2262);
#1501=LINE('',#10673,#2263);
#1502=LINE('',#10674,#2264);
#1503=LINE('',#10677,#2265);
#1504=LINE('',#10679,#2266);
#1505=LINE('',#10680,#2267);
#1506=LINE('',#10683,#2268);
#1507=LINE('',#10685,#2269);
#1508=LINE('',#10686,#2270);
#1509=LINE('',#10689,#2271);
#1510=LINE('',#10691,#2272);
#1511=LINE('',#10692,#2273);
#1512=LINE('',#10695,#2274);
#1513=LINE('',#10696,#2275);
#1514=LINE('',#10699,#2276);
#1515=LINE('',#10700,#2277);
#1516=LINE('',#10703,#2278);
#1517=LINE('',#10704,#2279);
#1518=LINE('',#10707,#2280);
#1519=LINE('',#10708,#2281);
#1520=LINE('',#10710,#2282);
#1521=LINE('',#10711,#2283);
#1522=LINE('',#10714,#2284);
#1523=LINE('',#10715,#2285);
#1524=LINE('',#10718,#2286);
#1525=LINE('',#10720,#2287);
#1526=LINE('',#10721,#2288);
#1527=LINE('',#10724,#2289);
#1528=LINE('',#10725,#2290);
#1529=LINE('',#10728,#2291);
#1530=LINE('',#10729,#2292);
#1531=LINE('',#10732,#2293);
#1532=LINE('',#10736,#2294);
#1533=LINE('',#10737,#2295);
#1534=LINE('',#10739,#2296);
#1535=LINE('',#10744,#2297);
#1536=LINE('',#10745,#2298);
#1537=LINE('',#10749,#2299);
#1538=LINE('',#10755,#2300);
#1539=LINE('',#10756,#2301);
#1540=LINE('',#10757,#2302);
#1541=LINE('',#10761,#2303);
#1542=LINE('',#10765,#2304);
#1543=LINE('',#10766,#2305);
#1544=LINE('',#10771,#2306);
#1545=LINE('',#10772,#2307);
#1546=LINE('',#10774,#2308);
#1547=LINE('',#10775,#2309);
#1548=LINE('',#10780,#2310);
#1549=LINE('',#10781,#2311);
#1550=LINE('',#10783,#2312);
#1551=LINE('',#10788,#2313);
#1552=LINE('',#10789,#2314);
#1553=LINE('',#10791,#2315);
#1554=LINE('',#10792,#2316);
#1555=LINE('',#10797,#2317);
#1556=LINE('',#10798,#2318);
#1557=LINE('',#10800,#2319);
#1558=LINE('',#10805,#2320);
#1559=LINE('',#10806,#2321);
#1560=LINE('',#10808,#2322);
#1561=LINE('',#10809,#2323);
#1562=LINE('',#10814,#2324);
#1563=LINE('',#10815,#2325);
#1564=LINE('',#10817,#2326);
#1565=LINE('',#10822,#2327);
#1566=LINE('',#10823,#2328);
#1567=LINE('',#10826,#2329);
#1568=LINE('',#10827,#2330);
#1569=LINE('',#10831,#2331);
#1570=LINE('',#10833,#2332);
#1571=LINE('',#10834,#2333);
#1572=LINE('',#10836,#2334);
#1573=LINE('',#10837,#2335);
#1574=LINE('',#10839,#2336);
#1575=LINE('',#10841,#2337);
#1576=LINE('',#10843,#2338);
#1577=LINE('',#10844,#2339);
#1578=LINE('',#10846,#2340);
#1579=LINE('',#10848,#2341);
#1580=LINE('',#10850,#2342);
#1581=LINE('',#10851,#2343);
#1582=LINE('',#10853,#2344);
#1583=LINE('',#10855,#2345);
#1584=LINE('',#10857,#2346);
#1585=LINE('',#10858,#2347);
#1586=LINE('',#10860,#2348);
#1587=LINE('',#10862,#2349);
#1588=LINE('',#10864,#2350);
#1589=LINE('',#10865,#2351);
#1590=LINE('',#10867,#2352);
#1591=LINE('',#10869,#2353);
#1592=LINE('',#10870,#2354);
#1593=LINE('',#10873,#2355);
#1594=LINE('',#10874,#2356);
#1595=LINE('',#10876,#2357);
#1596=LINE('',#10878,#2358);
#1597=LINE('',#10880,#2359);
#1598=LINE('',#10881,#2360);
#1599=LINE('',#10883,#2361);
#1600=LINE('',#10885,#2362);
#1601=LINE('',#10890,#2363);
#1602=LINE('',#10891,#2364);
#1603=LINE('',#10894,#2365);
#1604=LINE('',#10895,#2366);
#1605=LINE('',#10899,#2367);
#1606=LINE('',#10901,#2368);
#1607=LINE('',#10902,#2369);
#1608=LINE('',#10904,#2370);
#1609=LINE('',#10907,#2371);
#1610=LINE('',#10909,#2372);
#1611=LINE('',#10910,#2373);
#1612=LINE('',#10913,#2374);
#1613=LINE('',#10914,#2375);
#1614=LINE('',#10917,#2376);
#1615=LINE('',#10918,#2377);
#1616=LINE('',#10921,#2378);
#1617=LINE('',#10922,#2379);
#1618=LINE('',#10925,#2380);
#1619=LINE('',#10926,#2381);
#1620=LINE('',#10929,#2382);
#1621=LINE('',#10930,#2383);
#1622=LINE('',#10933,#2384);
#1623=LINE('',#10934,#2385);
#1624=LINE('',#10937,#2386);
#1625=LINE('',#10938,#2387);
#1626=LINE('',#10941,#2388);
#1627=LINE('',#10942,#2389);
#1628=LINE('',#10945,#2390);
#1629=LINE('',#10946,#2391);
#1630=LINE('',#10949,#2392);
#1631=LINE('',#10950,#2393);
#1632=LINE('',#10953,#2394);
#1633=LINE('',#10954,#2395);
#1634=LINE('',#10956,#2396);
#1635=LINE('',#10960,#2397);
#1636=LINE('',#10962,#2398);
#1637=LINE('',#10963,#2399);
#1638=LINE('',#10983,#2400);
#1639=LINE('',#11021,#2401);
#1640=LINE('',#11024,#2402);
#1641=LINE('',#11025,#2403);
#1642=LINE('',#11072,#2404);
#1643=LINE('',#11075,#2405);
#1644=LINE('',#11076,#2406);
#1645=LINE('',#11079,#2407);
#1646=LINE('',#11080,#2408);
#1647=LINE('',#11083,#2409);
#1648=LINE('',#11084,#2410);
#1649=LINE('',#11086,#2411);
#1650=LINE('',#11090,#2412);
#1651=LINE('',#11092,#2413);
#1652=LINE('',#11093,#2414);
#1653=LINE('',#11096,#2415);
#1654=LINE('',#11097,#2416);
#1655=LINE('',#11100,#2417);
#1656=LINE('',#11101,#2418);
#1657=LINE('',#11104,#2419);
#1658=LINE('',#11105,#2420);
#1659=LINE('',#11108,#2421);
#1660=LINE('',#11109,#2422);
#1661=LINE('',#11112,#2423);
#1662=LINE('',#11113,#2424);
#1663=LINE('',#11116,#2425);
#1664=LINE('',#11117,#2426);
#1665=LINE('',#11120,#2427);
#1666=LINE('',#11121,#2428);
#1667=LINE('',#11124,#2429);
#1668=LINE('',#11125,#2430);
#1669=LINE('',#11128,#2431);
#1670=LINE('',#11129,#2432);
#1671=LINE('',#11132,#2433);
#1672=LINE('',#11133,#2434);
#1673=LINE('',#11135,#2435);
#1674=LINE('',#11139,#2436);
#1675=LINE('',#11141,#2437);
#1676=LINE('',#11142,#2438);
#1677=LINE('',#11145,#2439);
#1678=LINE('',#11146,#2440);
#1679=LINE('',#11149,#2441);
#1680=LINE('',#11150,#2442);
#1681=LINE('',#11153,#2443);
#1682=LINE('',#11154,#2444);
#1683=LINE('',#11157,#2445);
#1684=LINE('',#11158,#2446);
#1685=LINE('',#11161,#2447);
#1686=LINE('',#11162,#2448);
#1687=LINE('',#11165,#2449);
#1688=LINE('',#11166,#2450);
#1689=LINE('',#11169,#2451);
#1690=LINE('',#11170,#2452);
#1691=LINE('',#11173,#2453);
#1692=LINE('',#11174,#2454);
#1693=LINE('',#11177,#2455);
#1694=LINE('',#11178,#2456);
#1695=LINE('',#11181,#2457);
#1696=LINE('',#11182,#2458);
#1697=LINE('',#11184,#2459);
#1698=LINE('',#11188,#2460);
#1699=LINE('',#11190,#2461);
#1700=LINE('',#11191,#2462);
#1701=LINE('',#11194,#2463);
#1702=LINE('',#11195,#2464);
#1703=LINE('',#11198,#2465);
#1704=LINE('',#11199,#2466);
#1705=LINE('',#11201,#2467);
#1706=LINE('',#11205,#2468);
#1707=LINE('',#11207,#2469);
#1708=LINE('',#11208,#2470);
#1709=LINE('',#11211,#2471);
#1710=LINE('',#11212,#2472);
#1711=LINE('',#11215,#2473);
#1712=LINE('',#11216,#2474);
#1713=LINE('',#11218,#2475);
#1714=LINE('',#11222,#2476);
#1715=LINE('',#11224,#2477);
#1716=LINE('',#11225,#2478);
#1717=LINE('',#11228,#2479);
#1718=LINE('',#11229,#2480);
#1719=LINE('',#11232,#2481);
#1720=LINE('',#11233,#2482);
#1721=LINE('',#11236,#2483);
#1722=LINE('',#11237,#2484);
#1723=LINE('',#11240,#2485);
#1724=LINE('',#11241,#2486);
#1725=LINE('',#11244,#2487);
#1726=LINE('',#11245,#2488);
#1727=LINE('',#11248,#2489);
#1728=LINE('',#11249,#2490);
#1729=LINE('',#11251,#2491);
#1730=LINE('',#11255,#2492);
#1731=LINE('',#11257,#2493);
#1732=LINE('',#11258,#2494);
#1733=LINE('',#11261,#2495);
#1734=LINE('',#11262,#2496);
#1735=LINE('',#11265,#2497);
#1736=LINE('',#11266,#2498);
#1737=LINE('',#11269,#2499);
#1738=LINE('',#11270,#2500);
#1739=LINE('',#11273,#2501);
#1740=LINE('',#11274,#2502);
#1741=LINE('',#11276,#2503);
#1742=LINE('',#11280,#2504);
#1743=LINE('',#11282,#2505);
#1744=LINE('',#11283,#2506);
#1745=LINE('',#11286,#2507);
#1746=LINE('',#11287,#2508);
#1747=LINE('',#11290,#2509);
#1748=LINE('',#11291,#2510);
#1749=LINE('',#11294,#2511);
#1750=LINE('',#11295,#2512);
#1751=LINE('',#11298,#2513);
#1752=LINE('',#11299,#2514);
#1753=LINE('',#11301,#2515);
#1754=LINE('',#11304,#2516);
#1755=LINE('',#11306,#2517);
#1756=LINE('',#11308,#2518);
#1757=LINE('',#11310,#2519);
#1758=LINE('',#11312,#2520);
#1759=LINE('',#11314,#2521);
#1760=LINE('',#11316,#2522);
#1761=LINE('',#11318,#2523);
#1762=LINE('',#11320,#2524);
#1763=LINE('',#11323,#2525);
#1764=LINE('',#11325,#2526);
#1765=LINE('',#11327,#2527);
#1766=LINE('',#11329,#2528);
#1767=LINE('',#11331,#2529);
#1768=LINE('',#11332,#2530);
#1769=LINE('',#11334,#2531);
#1770=LINE('',#11336,#2532);
#1771=LINE('',#11339,#2533);
#1772=LINE('',#11341,#2534);
#1773=LINE('',#11343,#2535);
#1774=LINE('',#11344,#2536);
#1775=LINE('',#11346,#2537);
#1776=LINE('',#11373,#2538);
#1777=LINE('',#11381,#2539);
#1778=LINE('',#11385,#2540);
#1779=LINE('',#11386,#2541);
#1780=LINE('',#11391,#2542);
#1781=LINE('',#11393,#2543);
#1782=LINE('',#11394,#2544);
#1783=LINE('',#11397,#2545);
#1784=LINE('',#11398,#2546);
#1785=LINE('',#11401,#2547);
#1786=LINE('',#11402,#2548);
#1787=LINE('',#11404,#2549);
#1788=LINE('',#11408,#2550);
#1789=LINE('',#11410,#2551);
#1790=LINE('',#11411,#2552);
#1791=LINE('',#11414,#2553);
#1792=LINE('',#11415,#2554);
#1793=LINE('',#11418,#2555);
#1794=LINE('',#11419,#2556);
#1795=LINE('',#11422,#2557);
#1796=LINE('',#11423,#2558);
#1797=LINE('',#11426,#2559);
#1798=LINE('',#11427,#2560);
#1799=LINE('',#11430,#2561);
#1800=LINE('',#11431,#2562);
#1801=LINE('',#11434,#2563);
#1802=LINE('',#11435,#2564);
#1803=LINE('',#11438,#2565);
#1804=LINE('',#11439,#2566);
#1805=LINE('',#11442,#2567);
#1806=LINE('',#11443,#2568);
#1807=LINE('',#11446,#2569);
#1808=LINE('',#11447,#2570);
#1809=LINE('',#11450,#2571);
#1810=LINE('',#11451,#2572);
#1811=LINE('',#11453,#2573);
#1812=LINE('',#11456,#2574);
#1813=LINE('',#11458,#2575);
#1814=LINE('',#11460,#2576);
#1815=LINE('',#11462,#2577);
#1816=LINE('',#11465,#2578);
#1817=LINE('',#11466,#2579);
#1818=LINE('',#11469,#2580);
#1819=LINE('',#11471,#2581);
#1820=LINE('',#11472,#2582);
#1821=LINE('',#11476,#2583);
#1822=LINE('',#11482,#2584);
#1823=LINE('',#11483,#2585);
#1824=LINE('',#11484,#2586);
#1825=LINE('',#11488,#2587);
#1826=LINE('',#11494,#2588);
#1827=LINE('',#11495,#2589);
#1828=LINE('',#11496,#2590);
#1829=LINE('',#11500,#2591);
#1830=LINE('',#11506,#2592);
#1831=LINE('',#11507,#2593);
#1832=LINE('',#11508,#2594);
#1833=LINE('',#11522,#2595);
#1834=LINE('',#11525,#2596);
#1835=LINE('',#11527,#2597);
#1836=LINE('',#11528,#2598);
#1837=LINE('',#11530,#2599);
#1838=LINE('',#11532,#2600);
#1839=LINE('',#11533,#2601);
#1840=LINE('',#11535,#2602);
#1841=LINE('',#11537,#2603);
#1842=LINE('',#11539,#2604);
#1843=LINE('',#11541,#2605);
#1844=LINE('',#11545,#2606);
#1845=LINE('',#11547,#2607);
#1846=LINE('',#11556,#2608);
#1847=LINE('',#11563,#2609);
#1848=LINE('',#11570,#2610);
#1849=LINE('',#11576,#2611);
#1850=LINE('',#11581,#2612);
#1851=VECTOR('',#7668,0.393700787401575);
#1852=VECTOR('',#7675,0.393700787401575);
#1853=VECTOR('',#7678,0.393700787401575);
#1854=VECTOR('',#7681,0.393700787401575);
#1855=VECTOR('',#7684,0.393700787401575);
#1856=VECTOR('',#7689,0.393700787401575);
#1857=VECTOR('',#7692,0.393700787401575);
#1858=VECTOR('',#7697,0.393700787401575);
#1859=VECTOR('',#7698,0.393700787401575);
#1860=VECTOR('',#7699,0.393700787401575);
#1861=VECTOR('',#7702,0.393700787401575);
#1862=VECTOR('',#7707,0.393700787401575);
#1863=VECTOR('',#7712,0.393700787401575);
#1864=VECTOR('',#7715,0.393700787401575);
#1865=VECTOR('',#7720,0.393700787401575);
#1866=VECTOR('',#7721,0.393700787401575);
#1867=VECTOR('',#7722,0.393700787401575);
#1868=VECTOR('',#7723,0.393700787401575);
#1869=VECTOR('',#7726,0.393700787401575);
#1870=VECTOR('',#7727,0.393700787401575);
#1871=VECTOR('',#7728,0.393700787401575);
#1872=VECTOR('',#7729,0.393700787401575);
#1873=VECTOR('',#7732,0.393700787401575);
#1874=VECTOR('',#7733,0.393700787401575);
#1875=VECTOR('',#7734,0.393700787401575);
#1876=VECTOR('',#7739,0.393700787401575);
#1877=VECTOR('',#7742,0.393700787401575);
#1878=VECTOR('',#7743,0.393700787401575);
#1879=VECTOR('',#7746,0.393700787401575);
#1880=VECTOR('',#7761,0.393700787401575);
#1881=VECTOR('',#7762,0.393700787401575);
#1882=VECTOR('',#7763,0.393700787401575);
#1883=VECTOR('',#7766,0.393700787401575);
#1884=VECTOR('',#7771,0.393700787401575);
#1885=VECTOR('',#7774,0.393700787401575);
#1886=VECTOR('',#7777,0.393700787401575);
#1887=VECTOR('',#7778,0.393700787401575);
#1888=VECTOR('',#7781,0.393700787401575);
#1889=VECTOR('',#7782,0.393700787401575);
#1890=VECTOR('',#7783,0.393700787401575);
#1891=VECTOR('',#7784,0.393700787401575);
#1892=VECTOR('',#7785,0.393700787401575);
#1893=VECTOR('',#7786,0.393700787401575);
#1894=VECTOR('',#7787,0.393700787401575);
#1895=VECTOR('',#7788,0.393700787401575);
#1896=VECTOR('',#7789,0.393700787401575);
#1897=VECTOR('',#7790,0.393700787401575);
#1898=VECTOR('',#7791,0.393700787401575);
#1899=VECTOR('',#7792,0.393700787401575);
#1900=VECTOR('',#7793,0.393700787401575);
#1901=VECTOR('',#7794,0.393700787401575);
#1902=VECTOR('',#7795,0.393700787401575);
#1903=VECTOR('',#7796,0.393700787401575);
#1904=VECTOR('',#7797,0.393700787401575);
#1905=VECTOR('',#7798,0.393700787401575);
#1906=VECTOR('',#7799,0.393700787401575);
#1907=VECTOR('',#7800,0.393700787401575);
#1908=VECTOR('',#7801,0.393700787401575);
#1909=VECTOR('',#7802,0.393700787401575);
#1910=VECTOR('',#7803,0.393700787401575);
#1911=VECTOR('',#7804,0.393700787401575);
#1912=VECTOR('',#7805,0.393700787401575);
#1913=VECTOR('',#7806,0.393700787401575);
#1914=VECTOR('',#7807,0.393700787401575);
#1915=VECTOR('',#7808,0.393700787401575);
#1916=VECTOR('',#7809,0.393700787401575);
#1917=VECTOR('',#7810,0.393700787401575);
#1918=VECTOR('',#7811,0.393700787401575);
#1919=VECTOR('',#7812,0.393700787401575);
#1920=VECTOR('',#7813,0.393700787401575);
#1921=VECTOR('',#7814,0.393700787401575);
#1922=VECTOR('',#7815,0.393700787401575);
#1923=VECTOR('',#7816,0.393700787401575);
#1924=VECTOR('',#7817,0.393700787401575);
#1925=VECTOR('',#7818,0.393700787401575);
#1926=VECTOR('',#7819,0.393700787401575);
#1927=VECTOR('',#7820,0.393700787401575);
#1928=VECTOR('',#7821,0.393700787401575);
#1929=VECTOR('',#7822,0.393700787401575);
#1930=VECTOR('',#7823,0.393700787401575);
#1931=VECTOR('',#7824,0.393700787401575);
#1932=VECTOR('',#7825,0.393700787401575);
#1933=VECTOR('',#7826,0.393700787401575);
#1934=VECTOR('',#7827,0.393700787401575);
#1935=VECTOR('',#7828,0.393700787401575);
#1936=VECTOR('',#7829,0.393700787401575);
#1937=VECTOR('',#7830,0.393700787401575);
#1938=VECTOR('',#7831,0.393700787401575);
#1939=VECTOR('',#7832,0.393700787401575);
#1940=VECTOR('',#7833,0.393700787401575);
#1941=VECTOR('',#7834,0.393700787401575);
#1942=VECTOR('',#7835,0.393700787401575);
#1943=VECTOR('',#7836,0.393700787401575);
#1944=VECTOR('',#7837,0.393700787401575);
#1945=VECTOR('',#7840,0.393700787401575);
#1946=VECTOR('',#7843,0.393700787401575);
#1947=VECTOR('',#7844,0.393700787401575);
#1948=VECTOR('',#7847,0.393700787401575);
#1949=VECTOR('',#7850,0.393700787401575);
#1950=VECTOR('',#7853,0.393700787401575);
#1951=VECTOR('',#7856,0.393700787401575);
#1952=VECTOR('',#7859,0.393700787401575);
#1953=VECTOR('',#7860,0.393700787401575);
#1954=VECTOR('',#7863,0.393700787401575);
#1955=VECTOR('',#7866,0.393700787401575);
#1956=VECTOR('',#7869,0.393700787401575);
#1957=VECTOR('',#7870,0.393700787401575);
#1958=VECTOR('',#7871,0.393700787401575);
#1959=VECTOR('',#7872,0.393700787401575);
#1960=VECTOR('',#7875,0.393700787401575);
#1961=VECTOR('',#7876,0.393700787401575);
#1962=VECTOR('',#7877,0.393700787401575);
#1963=VECTOR('',#7878,0.393700787401575);
#1964=VECTOR('',#7883,0.393700787401575);
#1965=VECTOR('',#7884,0.393700787401575);
#1966=VECTOR('',#7885,0.393700787401575);
#1967=VECTOR('',#7888,0.393700787401575);
#1968=VECTOR('',#7891,0.393700787401575);
#1969=VECTOR('',#7892,0.393700787401575);
#1970=VECTOR('',#7895,0.393700787401575);
#1971=VECTOR('',#7898,0.393700787401575);
#1972=VECTOR('',#7901,0.393700787401575);
#1973=VECTOR('',#7904,0.393700787401575);
#1974=VECTOR('',#7907,0.393700787401575);
#1975=VECTOR('',#7908,0.393700787401575);
#1976=VECTOR('',#7911,0.393700787401575);
#1977=VECTOR('',#7912,0.393700787401575);
#1978=VECTOR('',#7915,0.393700787401575);
#1979=VECTOR('',#7916,0.393700787401575);
#1980=VECTOR('',#7917,0.393700787401575);
#1981=VECTOR('',#7920,0.393700787401575);
#1982=VECTOR('',#7921,0.393700787401575);
#1983=VECTOR('',#7924,0.393700787401575);
#1984=VECTOR('',#7925,0.393700787401575);
#1985=VECTOR('',#7928,0.393700787401575);
#1986=VECTOR('',#7929,0.393700787401575);
#1987=VECTOR('',#7930,0.393700787401575);
#1988=VECTOR('',#7933,0.393700787401575);
#1989=VECTOR('',#7934,0.393700787401575);
#1990=VECTOR('',#7937,0.393700787401575);
#1991=VECTOR('',#7938,0.393700787401575);
#1992=VECTOR('',#7945,0.393700787401575);
#1993=VECTOR('',#7950,0.393700787401575);
#1994=VECTOR('',#7955,0.393700787401575);
#1995=VECTOR('',#7956,0.393700787401575);
#1996=VECTOR('',#7957,0.393700787401575);
#1997=VECTOR('',#7958,0.393700787401575);
#1998=VECTOR('',#7959,0.393700787401575);
#1999=VECTOR('',#7962,0.393700787401575);
#2000=VECTOR('',#7969,0.393700787401575);
#2001=VECTOR('',#7970,0.393700787401575);
#2002=VECTOR('',#7971,0.393700787401575);
#2003=VECTOR('',#7972,0.393700787401575);
#2004=VECTOR('',#7973,0.393700787401575);
#2005=VECTOR('',#7974,0.393700787401575);
#2006=VECTOR('',#7975,0.393700787401575);
#2007=VECTOR('',#7976,0.393700787401575);
#2008=VECTOR('',#7977,0.393700787401575);
#2009=VECTOR('',#7978,0.393700787401575);
#2010=VECTOR('',#7979,0.393700787401575);
#2011=VECTOR('',#7980,0.393700787401575);
#2012=VECTOR('',#7981,0.393700787401575);
#2013=VECTOR('',#7982,0.393700787401575);
#2014=VECTOR('',#7983,0.393700787401575);
#2015=VECTOR('',#7984,0.393700787401575);
#2016=VECTOR('',#7987,0.393700787401575);
#2017=VECTOR('',#7988,0.393700787401575);
#2018=VECTOR('',#7989,0.393700787401575);
#2019=VECTOR('',#7996,0.393700787401575);
#2020=VECTOR('',#7997,0.393700787401575);
#2021=VECTOR('',#7998,0.393700787401575);
#2022=VECTOR('',#8005,0.393700787401575);
#2023=VECTOR('',#8006,0.393700787401575);
#2024=VECTOR('',#8007,0.393700787401575);
#2025=VECTOR('',#8014,0.393700787401575);
#2026=VECTOR('',#8015,0.393700787401575);
#2027=VECTOR('',#8016,0.393700787401575);
#2028=VECTOR('',#8023,0.393700787401575);
#2029=VECTOR('',#8024,0.393700787401575);
#2030=VECTOR('',#8025,0.393700787401575);
#2031=VECTOR('',#8028,0.393700787401575);
#2032=VECTOR('',#8031,0.393700787401575);
#2033=VECTOR('',#8032,0.393700787401575);
#2034=VECTOR('',#8033,0.393700787401575);
#2035=VECTOR('',#8040,0.393700787401575);
#2036=VECTOR('',#8041,0.393700787401575);
#2037=VECTOR('',#8042,0.393700787401575);
#2038=VECTOR('',#8049,0.393700787401575);
#2039=VECTOR('',#8050,0.393700787401575);
#2040=VECTOR('',#8051,0.393700787401575);
#2041=VECTOR('',#8054,0.393700787401575);
#2042=VECTOR('',#8057,0.393700787401575);
#2043=VECTOR('',#8058,0.393700787401575);
#2044=VECTOR('',#8059,0.393700787401575);
#2045=VECTOR('',#8060,0.393700787401575);
#2046=VECTOR('',#8061,0.393700787401575);
#2047=VECTOR('',#8062,0.393700787401575);
#2048=VECTOR('',#8063,0.393700787401575);
#2049=VECTOR('',#8064,0.393700787401575);
#2050=VECTOR('',#8065,0.393700787401575);
#2051=VECTOR('',#8066,0.393700787401575);
#2052=VECTOR('',#8067,0.393700787401575);
#2053=VECTOR('',#8070,0.393700787401575);
#2054=VECTOR('',#8073,0.393700787401575);
#2055=VECTOR('',#8074,0.393700787401575);
#2056=VECTOR('',#8075,0.393700787401575);
#2057=VECTOR('',#8078,0.393700787401575);
#2058=VECTOR('',#8081,0.393700787401575);
#2059=VECTOR('',#8082,0.393700787401575);
#2060=VECTOR('',#8083,0.393700787401575);
#2061=VECTOR('',#8086,0.393700787401575);
#2062=VECTOR('',#8089,0.393700787401575);
#2063=VECTOR('',#8090,0.393700787401575);
#2064=VECTOR('',#8091,0.393700787401575);
#2065=VECTOR('',#8094,0.393700787401575);
#2066=VECTOR('',#8097,0.393700787401575);
#2067=VECTOR('',#8098,0.393700787401575);
#2068=VECTOR('',#8099,0.393700787401575);
#2069=VECTOR('',#8100,0.393700787401575);
#2070=VECTOR('',#8101,0.393700787401575);
#2071=VECTOR('',#8102,0.393700787401575);
#2072=VECTOR('',#8103,0.393700787401575);
#2073=VECTOR('',#8104,0.393700787401575);
#2074=VECTOR('',#8105,0.393700787401575);
#2075=VECTOR('',#8106,0.393700787401575);
#2076=VECTOR('',#8107,0.393700787401575);
#2077=VECTOR('',#8108,0.393700787401575);
#2078=VECTOR('',#8109,0.393700787401575);
#2079=VECTOR('',#8110,0.393700787401575);
#2080=VECTOR('',#8111,0.393700787401575);
#2081=VECTOR('',#8112,0.393700787401575);
#2082=VECTOR('',#8113,0.393700787401575);
#2083=VECTOR('',#8114,0.393700787401575);
#2084=VECTOR('',#8115,0.393700787401575);
#2085=VECTOR('',#8116,0.393700787401575);
#2086=VECTOR('',#8117,0.393700787401575);
#2087=VECTOR('',#8118,0.393700787401575);
#2088=VECTOR('',#8119,0.393700787401575);
#2089=VECTOR('',#8120,0.393700787401575);
#2090=VECTOR('',#8121,0.393700787401575);
#2091=VECTOR('',#8122,0.393700787401575);
#2092=VECTOR('',#8123,0.393700787401575);
#2093=VECTOR('',#8124,0.393700787401575);
#2094=VECTOR('',#8125,0.393700787401575);
#2095=VECTOR('',#8126,0.393700787401575);
#2096=VECTOR('',#8127,0.393700787401575);
#2097=VECTOR('',#8128,0.393700787401575);
#2098=VECTOR('',#8129,0.393700787401575);
#2099=VECTOR('',#8130,0.393700787401575);
#2100=VECTOR('',#8131,0.393700787401575);
#2101=VECTOR('',#8132,0.393700787401575);
#2102=VECTOR('',#8133,0.393700787401575);
#2103=VECTOR('',#8134,0.393700787401575);
#2104=VECTOR('',#8135,0.393700787401575);
#2105=VECTOR('',#8136,0.393700787401575);
#2106=VECTOR('',#8137,0.393700787401575);
#2107=VECTOR('',#8138,0.393700787401575);
#2108=VECTOR('',#8139,0.393700787401575);
#2109=VECTOR('',#8140,0.393700787401575);
#2110=VECTOR('',#8141,0.393700787401575);
#2111=VECTOR('',#8142,0.393700787401575);
#2112=VECTOR('',#8143,0.393700787401575);
#2113=VECTOR('',#8144,0.393700787401575);
#2114=VECTOR('',#8145,0.393700787401575);
#2115=VECTOR('',#8146,0.393700787401575);
#2116=VECTOR('',#8147,0.393700787401575);
#2117=VECTOR('',#8148,0.393700787401575);
#2118=VECTOR('',#8149,0.393700787401575);
#2119=VECTOR('',#8150,0.393700787401575);
#2120=VECTOR('',#8151,0.393700787401575);
#2121=VECTOR('',#8152,0.393700787401575);
#2122=VECTOR('',#8153,0.393700787401575);
#2123=VECTOR('',#8154,0.393700787401575);
#2124=VECTOR('',#8155,0.393700787401575);
#2125=VECTOR('',#8156,0.393700787401575);
#2126=VECTOR('',#8157,0.393700787401575);
#2127=VECTOR('',#8158,0.393700787401575);
#2128=VECTOR('',#8159,0.393700787401575);
#2129=VECTOR('',#8160,0.393700787401575);
#2130=VECTOR('',#8161,0.393700787401575);
#2131=VECTOR('',#8162,0.393700787401575);
#2132=VECTOR('',#8163,0.393700787401575);
#2133=VECTOR('',#8164,0.393700787401575);
#2134=VECTOR('',#8165,0.393700787401575);
#2135=VECTOR('',#8166,0.393700787401575);
#2136=VECTOR('',#8167,0.393700787401575);
#2137=VECTOR('',#8168,0.393700787401575);
#2138=VECTOR('',#8175,0.393700787401575);
#2139=VECTOR('',#8178,0.393700787401575);
#2140=VECTOR('',#8181,0.393700787401575);
#2141=VECTOR('',#8184,0.393700787401575);
#2142=VECTOR('',#8191,0.393700787401575);
#2143=VECTOR('',#8196,0.393700787401575);
#2144=VECTOR('',#8199,0.393700787401575);
#2145=VECTOR('',#8206,0.393700787401575);
#2146=VECTOR('',#8209,0.393700787401575);
#2147=VECTOR('',#8216,0.393700787401575);
#2148=VECTOR('',#8219,0.393700787401575);
#2149=VECTOR('',#8222,0.393700787401575);
#2150=VECTOR('',#8229,0.393700787401575);
#2151=VECTOR('',#8232,0.393700787401575);
#2152=VECTOR('',#8235,0.393700787401575);
#2153=VECTOR('',#8242,0.393700787401575);
#2154=VECTOR('',#8245,0.393700787401575);
#2155=VECTOR('',#8254,0.393700787401575);
#2156=VECTOR('',#8257,0.393700787401575);
#2157=VECTOR('',#8258,0.393700787401575);
#2158=VECTOR('',#8259,0.393700787401575);
#2159=VECTOR('',#8264,0.393700787401575);
#2160=VECTOR('',#8265,0.393700787401575);
#2161=VECTOR('',#8272,0.393700787401575);
#2162=VECTOR('',#8275,0.393700787401575);
#2163=VECTOR('',#8278,0.393700787401575);
#2164=VECTOR('',#8281,0.393700787401575);
#2165=VECTOR('',#8284,0.393700787401575);
#2166=VECTOR('',#8289,0.393700787401575);
#2167=VECTOR('',#8290,0.393700787401575);
#2168=VECTOR('',#8297,0.393700787401575);
#2169=VECTOR('',#8300,0.393700787401575);
#2170=VECTOR('',#8303,0.393700787401575);
#2171=VECTOR('',#8306,0.393700787401575);
#2172=VECTOR('',#8309,0.393700787401575);
#2173=VECTOR('',#8314,0.393700787401575);
#2174=VECTOR('',#8315,0.393700787401575);
#2175=VECTOR('',#8322,0.393700787401575);
#2176=VECTOR('',#8325,0.393700787401575);
#2177=VECTOR('',#8328,0.393700787401575);
#2178=VECTOR('',#8331,0.393700787401575);
#2179=VECTOR('',#8334,0.393700787401575);
#2180=VECTOR('',#8339,0.393700787401575);
#2181=VECTOR('',#8340,0.393700787401575);
#2182=VECTOR('',#8347,0.393700787401575);
#2183=VECTOR('',#8350,0.393700787401575);
#2184=VECTOR('',#8353,0.393700787401575);
#2185=VECTOR('',#8356,0.393700787401575);
#2186=VECTOR('',#8359,0.393700787401575);
#2187=VECTOR('',#8364,0.393700787401575);
#2188=VECTOR('',#8365,0.393700787401575);
#2189=VECTOR('',#8368,0.393700787401575);
#2190=VECTOR('',#8369,0.393700787401575);
#2191=VECTOR('',#8370,0.393700787401575);
#2192=VECTOR('',#8375,0.393700787401575);
#2193=VECTOR('',#8376,0.393700787401575);
#2194=VECTOR('',#8385,0.393700787401575);
#2195=VECTOR('',#8386,0.393700787401575);
#2196=VECTOR('',#8389,0.393700787401575);
#2197=VECTOR('',#8390,0.393700787401575);
#2198=VECTOR('',#8391,0.393700787401575);
#2199=VECTOR('',#8396,0.393700787401575);
#2200=VECTOR('',#8397,0.393700787401575);
#2201=VECTOR('',#8406,0.393700787401575);
#2202=VECTOR('',#8407,0.393700787401575);
#2203=VECTOR('',#8410,0.393700787401575);
#2204=VECTOR('',#8411,0.393700787401575);
#2205=VECTOR('',#8412,0.393700787401575);
#2206=VECTOR('',#8417,0.393700787401575);
#2207=VECTOR('',#8418,0.393700787401575);
#2208=VECTOR('',#8427,0.393700787401575);
#2209=VECTOR('',#8428,0.393700787401575);
#2210=VECTOR('',#8431,0.393700787401575);
#2211=VECTOR('',#8432,0.393700787401575);
#2212=VECTOR('',#8433,0.393700787401575);
#2213=VECTOR('',#8438,0.393700787401575);
#2214=VECTOR('',#8439,0.393700787401575);
#2215=VECTOR('',#8448,0.393700787401575);
#2216=VECTOR('',#8449,0.393700787401575);
#2217=VECTOR('',#8452,0.393700787401575);
#2218=VECTOR('',#8453,0.393700787401575);
#2219=VECTOR('',#8454,0.393700787401575);
#2220=VECTOR('',#8459,0.393700787401575);
#2221=VECTOR('',#8460,0.393700787401575);
#2222=VECTOR('',#8469,0.393700787401575);
#2223=VECTOR('',#8470,0.393700787401575);
#2224=VECTOR('',#8473,0.393700787401575);
#2225=VECTOR('',#8474,0.393700787401575);
#2226=VECTOR('',#8475,0.393700787401575);
#2227=VECTOR('',#8480,0.393700787401575);
#2228=VECTOR('',#8481,0.393700787401575);
#2229=VECTOR('',#8490,0.393700787401575);
#2230=VECTOR('',#8491,0.393700787401575);
#2231=VECTOR('',#8498,0.393700787401575);
#2232=VECTOR('',#8501,0.393700787401575);
#2233=VECTOR('',#8504,0.393700787401575);
#2234=VECTOR('',#8507,0.393700787401575);
#2235=VECTOR('',#8510,0.393700787401575);
#2236=VECTOR('',#8515,0.393700787401575);
#2237=VECTOR('',#8516,0.393700787401575);
#2238=VECTOR('',#8523,0.393700787401575);
#2239=VECTOR('',#8526,0.393700787401575);
#2240=VECTOR('',#8529,0.393700787401575);
#2241=VECTOR('',#8532,0.393700787401575);
#2242=VECTOR('',#8535,0.393700787401575);
#2243=VECTOR('',#8538,0.393700787401575);
#2244=VECTOR('',#8539,0.393700787401575);
#2245=VECTOR('',#8540,0.393700787401575);
#2246=VECTOR('',#8543,0.393700787401575);
#2247=VECTOR('',#8546,0.393700787401575);
#2248=VECTOR('',#8547,0.393700787401575);
#2249=VECTOR('',#8548,0.393700787401575);
#2250=VECTOR('',#8549,0.393700787401575);
#2251=VECTOR('',#8552,0.393700787401575);
#2252=VECTOR('',#8555,0.393700787401575);
#2253=VECTOR('',#8556,0.393700787401575);
#2254=VECTOR('',#8559,0.393700787401575);
#2255=VECTOR('',#8560,0.393700787401575);
#2256=VECTOR('',#8561,0.393700787401575);
#2257=VECTOR('',#8564,0.393700787401575);
#2258=VECTOR('',#8565,0.393700787401575);
#2259=VECTOR('',#8568,0.393700787401575);
#2260=VECTOR('',#8569,0.393700787401575);
#2261=VECTOR('',#8570,0.393700787401575);
#2262=VECTOR('',#8573,0.393700787401575);
#2263=VECTOR('',#8574,0.393700787401575);
#2264=VECTOR('',#8575,0.393700787401575);
#2265=VECTOR('',#8578,0.393700787401575);
#2266=VECTOR('',#8579,0.393700787401575);
#2267=VECTOR('',#8580,0.393700787401575);
#2268=VECTOR('',#8583,0.393700787401575);
#2269=VECTOR('',#8584,0.393700787401575);
#2270=VECTOR('',#8585,0.393700787401575);
#2271=VECTOR('',#8588,0.393700787401575);
#2272=VECTOR('',#8589,0.393700787401575);
#2273=VECTOR('',#8590,0.393700787401575);
#2274=VECTOR('',#8593,0.393700787401575);
#2275=VECTOR('',#8594,0.393700787401575);
#2276=VECTOR('',#8597,0.393700787401575);
#2277=VECTOR('',#8598,0.393700787401575);
#2278=VECTOR('',#8601,0.393700787401575);
#2279=VECTOR('',#8602,0.393700787401575);
#2280=VECTOR('',#8605,0.393700787401575);
#2281=VECTOR('',#8606,0.393700787401575);
#2282=VECTOR('',#8609,0.393700787401575);
#2283=VECTOR('',#8610,0.393700787401575);
#2284=VECTOR('',#8613,0.393700787401575);
#2285=VECTOR('',#8614,0.393700787401575);
#2286=VECTOR('',#8617,0.393700787401575);
#2287=VECTOR('',#8618,0.393700787401575);
#2288=VECTOR('',#8619,0.393700787401575);
#2289=VECTOR('',#8622,0.393700787401575);
#2290=VECTOR('',#8623,0.393700787401575);
#2291=VECTOR('',#8626,0.393700787401575);
#2292=VECTOR('',#8627,0.393700787401575);
#2293=VECTOR('',#8630,0.393700787401575);
#2294=VECTOR('',#8635,0.393700787401575);
#2295=VECTOR('',#8636,0.393700787401575);
#2296=VECTOR('',#8639,0.393700787401575);
#2297=VECTOR('',#8646,0.393700787401575);
#2298=VECTOR('',#8647,0.393700787401575);
#2299=VECTOR('',#8650,0.393700787401575);
#2300=VECTOR('',#8657,0.393700787401575);
#2301=VECTOR('',#8658,0.393700787401575);
#2302=VECTOR('',#8659,0.393700787401575);
#2303=VECTOR('',#8662,0.393700787401575);
#2304=VECTOR('',#8669,0.393700787401575);
#2305=VECTOR('',#8670,0.393700787401575);
#2306=VECTOR('',#8675,0.393700787401575);
#2307=VECTOR('',#8676,0.393700787401575);
#2308=VECTOR('',#8679,0.393700787401575);
#2309=VECTOR('',#8680,0.393700787401575);
#2310=VECTOR('',#8685,0.393700787401575);
#2311=VECTOR('',#8686,0.393700787401575);
#2312=VECTOR('',#8689,0.393700787401575);
#2313=VECTOR('',#8694,0.393700787401575);
#2314=VECTOR('',#8695,0.393700787401575);
#2315=VECTOR('',#8698,0.393700787401575);
#2316=VECTOR('',#8699,0.393700787401575);
#2317=VECTOR('',#8704,0.393700787401575);
#2318=VECTOR('',#8705,0.393700787401575);
#2319=VECTOR('',#8708,0.393700787401575);
#2320=VECTOR('',#8713,0.393700787401575);
#2321=VECTOR('',#8714,0.393700787401575);
#2322=VECTOR('',#8717,0.393700787401575);
#2323=VECTOR('',#8718,0.393700787401575);
#2324=VECTOR('',#8723,0.393700787401575);
#2325=VECTOR('',#8724,0.393700787401575);
#2326=VECTOR('',#8727,0.393700787401575);
#2327=VECTOR('',#8732,0.393700787401575);
#2328=VECTOR('',#8733,0.393700787401575);
#2329=VECTOR('',#8736,0.393700787401575);
#2330=VECTOR('',#8737,0.393700787401575);
#2331=VECTOR('',#8742,0.393700787401575);
#2332=VECTOR('',#8745,0.393700787401575);
#2333=VECTOR('',#8746,0.393700787401575);
#2334=VECTOR('',#8749,0.393700787401575);
#2335=VECTOR('',#8750,0.393700787401575);
#2336=VECTOR('',#8753,0.393700787401575);
#2337=VECTOR('',#8756,0.393700787401575);
#2338=VECTOR('',#8759,0.393700787401575);
#2339=VECTOR('',#8760,0.393700787401575);
#2340=VECTOR('',#8763,0.393700787401575);
#2341=VECTOR('',#8766,0.393700787401575);
#2342=VECTOR('',#8769,0.393700787401575);
#2343=VECTOR('',#8770,0.393700787401575);
#2344=VECTOR('',#8773,0.393700787401575);
#2345=VECTOR('',#8776,0.393700787401575);
#2346=VECTOR('',#8779,0.393700787401575);
#2347=VECTOR('',#8780,0.393700787401575);
#2348=VECTOR('',#8783,0.393700787401575);
#2349=VECTOR('',#8786,0.393700787401575);
#2350=VECTOR('',#8789,0.393700787401575);
#2351=VECTOR('',#8790,0.393700787401575);
#2352=VECTOR('',#8793,0.393700787401575);
#2353=VECTOR('',#8796,0.393700787401575);
#2354=VECTOR('',#8797,0.393700787401575);
#2355=VECTOR('',#8802,0.393700787401575);
#2356=VECTOR('',#8803,0.393700787401575);
#2357=VECTOR('',#8806,0.393700787401575);
#2358=VECTOR('',#8809,0.393700787401575);
#2359=VECTOR('',#8812,0.393700787401575);
#2360=VECTOR('',#8813,0.393700787401575);
#2361=VECTOR('',#8816,0.393700787401575);
#2362=VECTOR('',#8819,0.393700787401575);
#2363=VECTOR('',#8824,0.393700787401575);
#2364=VECTOR('',#8825,0.393700787401575);
#2365=VECTOR('',#8828,0.393700787401575);
#2366=VECTOR('',#8829,0.393700787401575);
#2367=VECTOR('',#8834,0.393700787401575);
#2368=VECTOR('',#8837,0.393700787401575);
#2369=VECTOR('',#8838,0.393700787401575);
#2370=VECTOR('',#8841,0.0590551181102362);
#2371=VECTOR('',#8844,0.393700787401575);
#2372=VECTOR('',#8845,0.393700787401575);
#2373=VECTOR('',#8846,0.393700787401575);
#2374=VECTOR('',#8849,0.393700787401575);
#2375=VECTOR('',#8850,0.393700787401575);
#2376=VECTOR('',#8853,0.393700787401575);
#2377=VECTOR('',#8854,0.393700787401575);
#2378=VECTOR('',#8857,0.393700787401575);
#2379=VECTOR('',#8858,0.393700787401575);
#2380=VECTOR('',#8861,0.393700787401575);
#2381=VECTOR('',#8862,0.393700787401575);
#2382=VECTOR('',#8865,0.393700787401575);
#2383=VECTOR('',#8866,0.393700787401575);
#2384=VECTOR('',#8869,0.393700787401575);
#2385=VECTOR('',#8870,0.393700787401575);
#2386=VECTOR('',#8873,0.393700787401575);
#2387=VECTOR('',#8874,0.393700787401575);
#2388=VECTOR('',#8877,0.393700787401575);
#2389=VECTOR('',#8878,0.393700787401575);
#2390=VECTOR('',#8881,0.393700787401575);
#2391=VECTOR('',#8882,0.393700787401575);
#2392=VECTOR('',#8885,0.393700787401575);
#2393=VECTOR('',#8886,0.393700787401575);
#2394=VECTOR('',#8889,0.393700787401575);
#2395=VECTOR('',#8890,0.393700787401575);
#2396=VECTOR('',#8893,0.393700787401575);
#2397=VECTOR('',#8898,0.393700787401575);
#2398=VECTOR('',#8899,0.393700787401575);
#2399=VECTOR('',#8900,0.393700787401575);
#2400=VECTOR('',#8901,0.393700787401575);
#2401=VECTOR('',#8902,0.393700787401575);
#2402=VECTOR('',#8905,0.393700787401575);
#2403=VECTOR('',#8906,0.393700787401575);
#2404=VECTOR('',#8907,0.393700787401575);
#2405=VECTOR('',#8910,0.393700787401575);
#2406=VECTOR('',#8911,0.393700787401575);
#2407=VECTOR('',#8914,0.393700787401575);
#2408=VECTOR('',#8915,0.393700787401575);
#2409=VECTOR('',#8918,0.393700787401575);
#2410=VECTOR('',#8919,0.393700787401575);
#2411=VECTOR('',#8922,0.393700787401575);
#2412=VECTOR('',#8927,0.393700787401575);
#2413=VECTOR('',#8928,0.393700787401575);
#2414=VECTOR('',#8929,0.393700787401575);
#2415=VECTOR('',#8932,0.393700787401575);
#2416=VECTOR('',#8933,0.393700787401575);
#2417=VECTOR('',#8936,0.393700787401575);
#2418=VECTOR('',#8937,0.393700787401575);
#2419=VECTOR('',#8940,0.393700787401575);
#2420=VECTOR('',#8941,0.393700787401575);
#2421=VECTOR('',#8944,0.393700787401575);
#2422=VECTOR('',#8945,0.393700787401575);
#2423=VECTOR('',#8948,0.393700787401575);
#2424=VECTOR('',#8949,0.393700787401575);
#2425=VECTOR('',#8952,0.393700787401575);
#2426=VECTOR('',#8953,0.393700787401575);
#2427=VECTOR('',#8956,0.393700787401575);
#2428=VECTOR('',#8957,0.393700787401575);
#2429=VECTOR('',#8960,0.393700787401575);
#2430=VECTOR('',#8961,0.393700787401575);
#2431=VECTOR('',#8964,0.393700787401575);
#2432=VECTOR('',#8965,0.393700787401575);
#2433=VECTOR('',#8968,0.393700787401575);
#2434=VECTOR('',#8969,0.393700787401575);
#2435=VECTOR('',#8972,0.393700787401575);
#2436=VECTOR('',#8977,0.393700787401575);
#2437=VECTOR('',#8978,0.393700787401575);
#2438=VECTOR('',#8979,0.393700787401575);
#2439=VECTOR('',#8982,0.393700787401575);
#2440=VECTOR('',#8983,0.393700787401575);
#2441=VECTOR('',#8986,0.393700787401575);
#2442=VECTOR('',#8987,0.393700787401575);
#2443=VECTOR('',#8990,0.393700787401575);
#2444=VECTOR('',#8991,0.393700787401575);
#2445=VECTOR('',#8994,0.393700787401575);
#2446=VECTOR('',#8995,0.393700787401575);
#2447=VECTOR('',#8998,0.393700787401575);
#2448=VECTOR('',#8999,0.393700787401575);
#2449=VECTOR('',#9002,0.393700787401575);
#2450=VECTOR('',#9003,0.393700787401575);
#2451=VECTOR('',#9006,0.393700787401575);
#2452=VECTOR('',#9007,0.393700787401575);
#2453=VECTOR('',#9010,0.393700787401575);
#2454=VECTOR('',#9011,0.393700787401575);
#2455=VECTOR('',#9014,0.393700787401575);
#2456=VECTOR('',#9015,0.393700787401575);
#2457=VECTOR('',#9018,0.393700787401575);
#2458=VECTOR('',#9019,0.393700787401575);
#2459=VECTOR('',#9022,0.393700787401575);
#2460=VECTOR('',#9027,0.393700787401575);
#2461=VECTOR('',#9028,0.393700787401575);
#2462=VECTOR('',#9029,0.393700787401575);
#2463=VECTOR('',#9032,0.393700787401575);
#2464=VECTOR('',#9033,0.393700787401575);
#2465=VECTOR('',#9036,0.393700787401575);
#2466=VECTOR('',#9037,0.393700787401575);
#2467=VECTOR('',#9040,0.393700787401575);
#2468=VECTOR('',#9045,0.393700787401575);
#2469=VECTOR('',#9046,0.393700787401575);
#2470=VECTOR('',#9047,0.393700787401575);
#2471=VECTOR('',#9050,0.393700787401575);
#2472=VECTOR('',#9051,0.393700787401575);
#2473=VECTOR('',#9054,0.393700787401575);
#2474=VECTOR('',#9055,0.393700787401575);
#2475=VECTOR('',#9058,0.393700787401575);
#2476=VECTOR('',#9063,0.393700787401575);
#2477=VECTOR('',#9064,0.393700787401575);
#2478=VECTOR('',#9065,0.393700787401575);
#2479=VECTOR('',#9068,0.393700787401575);
#2480=VECTOR('',#9069,0.393700787401575);
#2481=VECTOR('',#9072,0.393700787401575);
#2482=VECTOR('',#9073,0.393700787401575);
#2483=VECTOR('',#9076,0.393700787401575);
#2484=VECTOR('',#9077,0.393700787401575);
#2485=VECTOR('',#9080,0.393700787401575);
#2486=VECTOR('',#9081,0.393700787401575);
#2487=VECTOR('',#9084,0.393700787401575);
#2488=VECTOR('',#9085,0.393700787401575);
#2489=VECTOR('',#9088,0.393700787401575);
#2490=VECTOR('',#9089,0.393700787401575);
#2491=VECTOR('',#9092,0.393700787401575);
#2492=VECTOR('',#9097,0.393700787401575);
#2493=VECTOR('',#9098,0.393700787401575);
#2494=VECTOR('',#9099,0.393700787401575);
#2495=VECTOR('',#9102,0.393700787401575);
#2496=VECTOR('',#9103,0.393700787401575);
#2497=VECTOR('',#9106,0.393700787401575);
#2498=VECTOR('',#9107,0.393700787401575);
#2499=VECTOR('',#9110,0.393700787401575);
#2500=VECTOR('',#9111,0.393700787401575);
#2501=VECTOR('',#9114,0.393700787401575);
#2502=VECTOR('',#9115,0.393700787401575);
#2503=VECTOR('',#9118,0.393700787401575);
#2504=VECTOR('',#9123,0.393700787401575);
#2505=VECTOR('',#9124,0.393700787401575);
#2506=VECTOR('',#9125,0.393700787401575);
#2507=VECTOR('',#9128,0.393700787401575);
#2508=VECTOR('',#9129,0.393700787401575);
#2509=VECTOR('',#9132,0.393700787401575);
#2510=VECTOR('',#9133,0.393700787401575);
#2511=VECTOR('',#9136,0.393700787401575);
#2512=VECTOR('',#9137,0.393700787401575);
#2513=VECTOR('',#9140,0.393700787401575);
#2514=VECTOR('',#9141,0.393700787401575);
#2515=VECTOR('',#9144,0.393700787401575);
#2516=VECTOR('',#9149,0.393700787401575);
#2517=VECTOR('',#9152,0.393700787401575);
#2518=VECTOR('',#9155,0.393700787401575);
#2519=VECTOR('',#9158,0.393700787401575);
#2520=VECTOR('',#9161,0.393700787401575);
#2521=VECTOR('',#9164,0.393700787401575);
#2522=VECTOR('',#9167,0.393700787401575);
#2523=VECTOR('',#9170,0.393700787401575);
#2524=VECTOR('',#9173,0.393700787401575);
#2525=VECTOR('',#9178,0.393700787401575);
#2526=VECTOR('',#9181,0.393700787401575);
#2527=VECTOR('',#9184,0.393700787401575);
#2528=VECTOR('',#9187,0.393700787401575);
#2529=VECTOR('',#9190,0.393700787401575);
#2530=VECTOR('',#9191,0.393700787401575);
#2531=VECTOR('',#9194,0.393700787401575);
#2532=VECTOR('',#9197,0.393700787401575);
#2533=VECTOR('',#9202,0.393700787401575);
#2534=VECTOR('',#9205,0.393700787401575);
#2535=VECTOR('',#9208,0.393700787401575);
#2536=VECTOR('',#9209,0.393700787401575);
#2537=VECTOR('',#9212,0.393700787401575);
#2538=VECTOR('',#9261,0.285433070866142);
#2539=VECTOR('',#9274,0.393700787401575);
#2540=VECTOR('',#9279,0.393700787401575);
#2541=VECTOR('',#9280,0.393700787401575);
#2542=VECTOR('',#9287,0.393700787401575);
#2543=VECTOR('',#9288,0.393700787401575);
#2544=VECTOR('',#9289,0.393700787401575);
#2545=VECTOR('',#9292,0.393700787401575);
#2546=VECTOR('',#9293,0.393700787401575);
#2547=VECTOR('',#9296,0.393700787401575);
#2548=VECTOR('',#9297,0.393700787401575);
#2549=VECTOR('',#9300,0.393700787401575);
#2550=VECTOR('',#9305,0.393700787401575);
#2551=VECTOR('',#9306,0.393700787401575);
#2552=VECTOR('',#9307,0.393700787401575);
#2553=VECTOR('',#9310,0.393700787401575);
#2554=VECTOR('',#9311,0.393700787401575);
#2555=VECTOR('',#9314,0.393700787401575);
#2556=VECTOR('',#9315,0.393700787401575);
#2557=VECTOR('',#9318,0.393700787401575);
#2558=VECTOR('',#9319,0.393700787401575);
#2559=VECTOR('',#9322,0.393700787401575);
#2560=VECTOR('',#9323,0.393700787401575);
#2561=VECTOR('',#9326,0.393700787401575);
#2562=VECTOR('',#9327,0.393700787401575);
#2563=VECTOR('',#9330,0.393700787401575);
#2564=VECTOR('',#9331,0.393700787401575);
#2565=VECTOR('',#9334,0.393700787401575);
#2566=VECTOR('',#9335,0.393700787401575);
#2567=VECTOR('',#9338,0.393700787401575);
#2568=VECTOR('',#9339,0.393700787401575);
#2569=VECTOR('',#9342,0.393700787401575);
#2570=VECTOR('',#9343,0.393700787401575);
#2571=VECTOR('',#9346,0.393700787401575);
#2572=VECTOR('',#9347,0.393700787401575);
#2573=VECTOR('',#9350,0.393700787401575);
#2574=VECTOR('',#9355,0.393700787401575);
#2575=VECTOR('',#9358,0.393700787401575);
#2576=VECTOR('',#9361,0.393700787401575);
#2577=VECTOR('',#9364,0.393700787401575);
#2578=VECTOR('',#9367,0.393700787401575);
#2579=VECTOR('',#9368,0.393700787401575);
#2580=VECTOR('',#9371,0.393700787401575);
#2581=VECTOR('',#9372,0.393700787401575);
#2582=VECTOR('',#9373,0.393700787401575);
#2583=VECTOR('',#9376,0.393700787401575);
#2584=VECTOR('',#9383,0.393700787401575);
#2585=VECTOR('',#9384,0.393700787401575);
#2586=VECTOR('',#9385,0.393700787401575);
#2587=VECTOR('',#9388,0.393700787401575);
#2588=VECTOR('',#9395,0.393700787401575);
#2589=VECTOR('',#9396,0.393700787401575);
#2590=VECTOR('',#9397,0.393700787401575);
#2591=VECTOR('',#9400,0.393700787401575);
#2592=VECTOR('',#9407,0.393700787401575);
#2593=VECTOR('',#9408,0.393700787401575);
#2594=VECTOR('',#9409,0.393700787401575);
#2595=VECTOR('',#9428,0.393700787401575);
#2596=VECTOR('',#9433,0.393700787401575);
#2597=VECTOR('',#9436,0.393700787401575);
#2598=VECTOR('',#9437,0.393700787401575);
#2599=VECTOR('',#9440,0.393700787401575);
#2600=VECTOR('',#9443,0.393700787401575);
#2601=VECTOR('',#9444,0.393700787401575);
#2602=VECTOR('',#9447,0.1005);
#2603=VECTOR('',#9450,0.1005);
#2604=VECTOR('',#9453,0.1005);
#2605=VECTOR('',#9456,0.1005);
#2606=VECTOR('',#9463,0.393700787401575);
#2607=VECTOR('',#9466,0.393700787401575);
#2608=VECTOR('',#9477,0.219553805774278);
#2609=VECTOR('',#9486,0.202887139107612);
#2610=VECTOR('',#9495,0.186220472440945);
#2611=VECTOR('',#9504,0.240157480314961);
#2612=VECTOR('',#9511,0.275590551181102);
#2613=CIRCLE('',#7120,0.0196850393700787);
#2614=CIRCLE('',#7121,0.0196850393700787);
#2615=CIRCLE('',#7123,0.0196850393700787);
#2616=CIRCLE('',#7124,0.0196850393700787);
#2617=CIRCLE('',#7128,0.0196850393700787);
#2618=CIRCLE('',#7130,0.0196850393700787);
#2619=CIRCLE('',#7133,0.0196850393700787);
#2620=CIRCLE('',#7136,0.0196850393700787);
#2621=CIRCLE('',#7143,0.0984251968503936);
#2622=CIRCLE('',#7144,0.0984251968503936);
#2623=CIRCLE('',#7145,0.08571894262807);
#2624=CIRCLE('',#7146,0.08571894262807);
#2625=CIRCLE('',#7148,0.0590551181102362);
#2626=CIRCLE('',#7150,0.291247001824541);
#2627=CIRCLE('',#7151,0.275590551181102);
#2628=CIRCLE('',#7154,0.0845778336187546);
#2629=CIRCLE('',#7156,0.0984251968503936);
#2630=CIRCLE('',#7159,0.0625);
#2631=CIRCLE('',#7160,0.0625);
#2632=CIRCLE('',#7161,0.0625);
#2633=CIRCLE('',#7162,0.0625);
#2634=CIRCLE('',#7164,0.0625);
#2635=CIRCLE('',#7165,0.0625);
#2636=CIRCLE('',#7166,0.0625);
#2637=CIRCLE('',#7167,0.0625);
#2638=CIRCLE('',#7171,0.0393700787401575);
#2639=CIRCLE('',#7172,0.0393700787401575);
#2640=CIRCLE('',#7187,0.0845778336187546);
#2641=CIRCLE('',#7189,0.0984251968503936);
#2642=CIRCLE('',#7193,0.143930118110236);
#2643=CIRCLE('',#7194,0.143930118110236);
#2644=CIRCLE('',#7195,0.1005);
#2645=CIRCLE('',#7196,0.1005);
#2646=CIRCLE('',#7198,0.047244094488189);
#2647=CIRCLE('',#7199,0.385433070866142);
#2648=CIRCLE('',#7200,0.047244094488189);
#2649=CIRCLE('',#7201,0.047244094488189);
#2650=CIRCLE('',#7202,0.385433070866142);
#2651=CIRCLE('',#7203,0.047244094488189);
#2652=CIRCLE('',#7204,0.047244094488189);
#2653=CIRCLE('',#7205,0.385433070866142);
#2654=CIRCLE('',#7206,0.047244094488189);
#2655=CIRCLE('',#7207,0.047244094488189);
#2656=CIRCLE('',#7208,0.385433070866142);
#2657=CIRCLE('',#7209,0.047244094488189);
#2658=CIRCLE('',#7210,0.047244094488189);
#2659=CIRCLE('',#7211,0.047244094488189);
#2660=CIRCLE('',#7212,0.047244094488189);
#2661=CIRCLE('',#7213,0.15748031496063);
#2662=CIRCLE('',#7214,0.047244094488189);
#2663=CIRCLE('',#7215,0.047244094488189);
#2664=CIRCLE('',#7216,0.15748031496063);
#2665=CIRCLE('',#7217,0.047244094488189);
#2666=CIRCLE('',#7218,0.047244094488189);
#2667=CIRCLE('',#7219,0.047244094488189);
#2668=CIRCLE('',#7220,0.047244094488189);
#2669=CIRCLE('',#7221,0.047244094488189);
#2670=CIRCLE('',#7222,0.047244094488189);
#2671=CIRCLE('',#7223,0.047244094488189);
#2672=CIRCLE('',#7224,0.047244094488189);
#2673=CIRCLE('',#7225,0.047244094488189);
#2674=CIRCLE('',#7226,0.047244094488189);
#2675=CIRCLE('',#7227,0.047244094488189);
#2676=CIRCLE('',#7228,0.047244094488189);
#2677=CIRCLE('',#7229,0.15748031496063);
#2678=CIRCLE('',#7230,0.047244094488189);
#2679=CIRCLE('',#7231,0.047244094488189);
#2680=CIRCLE('',#7232,0.047244094488189);
#2681=CIRCLE('',#7233,0.047244094488189);
#2682=CIRCLE('',#7234,0.047244094488189);
#2683=CIRCLE('',#7235,0.385433070866142);
#2684=CIRCLE('',#7236,0.047244094488189);
#2685=CIRCLE('',#7237,0.047244094488189);
#2686=CIRCLE('',#7238,0.285433070866142);
#2687=CIRCLE('',#7239,0.047244094488189);
#2688=CIRCLE('',#7240,0.047244094488189);
#2689=CIRCLE('',#7241,0.385433070866142);
#2690=CIRCLE('',#7242,0.047244094488189);
#2691=CIRCLE('',#7243,0.047244094488189);
#2692=CIRCLE('',#7244,0.047244094488189);
#2693=CIRCLE('',#7245,0.385433070866142);
#2694=CIRCLE('',#7246,0.047244094488189);
#2695=CIRCLE('',#7247,0.047244094488189);
#2696=CIRCLE('',#7248,0.047244094488189);
#2697=CIRCLE('',#7249,0.047244094488189);
#2698=CIRCLE('',#7250,0.385433070866142);
#2699=CIRCLE('',#7251,0.047244094488189);
#2700=CIRCLE('',#7252,0.047244094488189);
#2701=CIRCLE('',#7253,0.047244094488189);
#2702=CIRCLE('',#7254,0.047244094488189);
#2703=CIRCLE('',#7255,0.15748031496063);
#2704=CIRCLE('',#7256,0.047244094488189);
#2705=CIRCLE('',#7257,0.047244094488189);
#2706=CIRCLE('',#7258,0.047244094488189);
#2707=CIRCLE('',#7259,0.0590551181102362);
#2708=CIRCLE('',#7261,0.047244094488189);
#2709=CIRCLE('',#7262,0.047244094488189);
#2710=CIRCLE('',#7264,0.047244094488189);
#2711=CIRCLE('',#7266,0.385433070866142);
#2712=CIRCLE('',#7267,0.047244094488189);
#2713=CIRCLE('',#7268,0.047244094488189);
#2714=CIRCLE('',#7269,0.047244094488189);
#2715=CIRCLE('',#7273,0.047244094488189);
#2716=CIRCLE('',#7275,0.385433070866142);
#2717=CIRCLE('',#7276,0.047244094488189);
#2718=CIRCLE('',#7277,0.047244094488189);
#2719=CIRCLE('',#7278,0.047244094488189);
#2720=CIRCLE('',#7282,0.047244094488189);
#2721=CIRCLE('',#7284,0.385433070866142);
#2722=CIRCLE('',#7285,0.047244094488189);
#2723=CIRCLE('',#7286,0.047244094488189);
#2724=CIRCLE('',#7287,0.047244094488189);
#2725=CIRCLE('',#7291,0.047244094488189);
#2726=CIRCLE('',#7293,0.385433070866142);
#2727=CIRCLE('',#7294,0.047244094488189);
#2728=CIRCLE('',#7295,0.047244094488189);
#2729=CIRCLE('',#7296,0.047244094488189);
#2730=CIRCLE('',#7300,0.047244094488189);
#2731=CIRCLE('',#7303,0.047244094488189);
#2732=CIRCLE('',#7305,0.385433070866142);
#2733=CIRCLE('',#7307,0.047244094488189);
#2734=CIRCLE('',#7310,0.047244094488189);
#2735=CIRCLE('',#7312,0.385433070866142);
#2736=CIRCLE('',#7314,0.047244094488189);
#2737=CIRCLE('',#7317,0.047244094488189);
#2738=CIRCLE('',#7319,0.385433070866142);
#2739=CIRCLE('',#7321,0.047244094488189);
#2740=CIRCLE('',#7324,0.047244094488189);
#2741=CIRCLE('',#7326,0.385433070866142);
#2742=CIRCLE('',#7328,0.047244094488189);
#2743=CIRCLE('',#7331,0.047244094488189);
#2744=CIRCLE('',#7333,0.15748031496063);
#2745=CIRCLE('',#7335,0.047244094488189);
#2746=CIRCLE('',#7338,0.047244094488189);
#2747=CIRCLE('',#7340,0.15748031496063);
#2748=CIRCLE('',#7342,0.047244094488189);
#2749=CIRCLE('',#7344,0.15748031496063);
#2750=CIRCLE('',#7345,0.047244094488189);
#2751=CIRCLE('',#7346,0.047244094488189);
#2752=CIRCLE('',#7347,0.047244094488189);
#2753=CIRCLE('',#7351,0.047244094488189);
#2754=CIRCLE('',#7353,0.15748031496063);
#2755=CIRCLE('',#7354,0.047244094488189);
#2756=CIRCLE('',#7355,0.047244094488189);
#2757=CIRCLE('',#7356,0.047244094488189);
#2758=CIRCLE('',#7381,0.159555118110236);
#2759=CIRCLE('',#7384,0.159555118110236);
#2760=CIRCLE('',#7388,0.143930118110236);
#2761=CIRCLE('',#7389,0.159555118110236);
#2762=CIRCLE('',#7392,0.143930118110236);
#2763=CIRCLE('',#7393,0.159555118110236);
#2764=CIRCLE('',#7396,0.047244094488189);
#2765=CIRCLE('',#7399,0.047244094488189);
#2766=CIRCLE('',#7402,0.047244094488189);
#2767=CIRCLE('',#7405,0.047244094488189);
#2768=CIRCLE('',#7408,0.047244094488189);
#2769=CIRCLE('',#7411,0.047244094488189);
#2770=CIRCLE('',#7414,0.047244094488189);
#2771=CIRCLE('',#7417,0.047244094488189);
#2772=CIRCLE('',#7442,0.047244094488189);
#2773=CIRCLE('',#7445,0.047244094488189);
#2774=CIRCLE('',#7564,0.1005);
#2775=CIRCLE('',#7565,0.1005);
#2776=CIRCLE('',#7580,0.0393700787401575);
#2777=CIRCLE('',#7583,0.0393700787401575);
#2778=CIRCLE('',#7609,0.143930118110236);
#2779=CIRCLE('',#7610,0.159555118110236);
#2780=CIRCLE('',#7613,0.143930118110236);
#2781=CIRCLE('',#7614,0.159555118110236);
#2782=CIRCLE('',#7617,0.143930118110236);
#2783=CIRCLE('',#7618,0.159555118110236);
#2784=CIRCLE('',#7621,0.143930118110236);
#2785=CIRCLE('',#7622,0.159555118110236);
#2786=CIRCLE('',#7624,0.1005);
#2787=CIRCLE('',#7625,0.1005);
#2788=CIRCLE('',#7626,0.1005);
#2789=CIRCLE('',#7627,0.1005);
#2790=CIRCLE('',#7644,0.236220472440945);
#2791=CIRCLE('',#7645,0.219553805774278);
#2792=CIRCLE('',#7647,0.219553805774278);
#2793=CIRCLE('',#7649,0.202887139107612);
#2794=CIRCLE('',#7651,0.202887139107612);
#2795=CIRCLE('',#7653,0.186220472440945);
#2796=CIRCLE('',#7655,0.186220472440945);
#2797=CIRCLE('',#7658,0.244094488188976);
#2798=CIRCLE('',#7660,0.275590551181102);
#2799=VERTEX_POINT('',#9514);
#2800=VERTEX_POINT('',#9515);
#2801=VERTEX_POINT('',#9517);
#2802=VERTEX_POINT('',#9519);
#2803=VERTEX_POINT('',#9521);
#2804=VERTEX_POINT('',#9523);
#2805=VERTEX_POINT('',#9525);
#2806=VERTEX_POINT('',#9527);
#2807=VERTEX_POINT('',#9531);
#2808=VERTEX_POINT('',#9533);
#2809=VERTEX_POINT('',#9537);
#2810=VERTEX_POINT('',#9541);
#2811=VERTEX_POINT('',#9545);
#2812=VERTEX_POINT('',#9547);
#2813=VERTEX_POINT('',#9551);
#2814=VERTEX_POINT('',#9557);
#2815=VERTEX_POINT('',#9564);
#2816=VERTEX_POINT('',#9565);
#2817=VERTEX_POINT('',#9567);
#2818=VERTEX_POINT('',#9569);
#2819=VERTEX_POINT('',#9573);
#2820=VERTEX_POINT('',#9574);
#2821=VERTEX_POINT('',#9576);
#2822=VERTEX_POINT('',#9578);
#2823=VERTEX_POINT('',#9582);
#2824=VERTEX_POINT('',#9584);
#2825=VERTEX_POINT('',#9588);
#2826=VERTEX_POINT('',#9589);
#2827=VERTEX_POINT('',#9591);
#2828=VERTEX_POINT('',#9593);
#2829=VERTEX_POINT('',#9596);
#2830=VERTEX_POINT('',#9597);
#2831=VERTEX_POINT('',#9599);
#2832=VERTEX_POINT('',#9601);
#2833=VERTEX_POINT('',#9605);
#2834=VERTEX_POINT('',#9608);
#2835=VERTEX_POINT('',#9610);
#2836=VERTEX_POINT('',#9613);
#2837=VERTEX_POINT('',#9615);
#2838=VERTEX_POINT('',#9619);
#2839=VERTEX_POINT('',#9623);
#2840=VERTEX_POINT('',#9625);
#2841=VERTEX_POINT('',#9629);
#2842=VERTEX_POINT('',#9633);
#2843=VERTEX_POINT('',#9634);
#2844=VERTEX_POINT('',#9636);
#2845=VERTEX_POINT('',#9638);
#2846=VERTEX_POINT('',#9640);
#2847=VERTEX_POINT('',#9642);
#2848=VERTEX_POINT('',#9644);
#2849=VERTEX_POINT('',#9646);
#2850=VERTEX_POINT('',#9648);
#2851=VERTEX_POINT('',#9650);
#2852=VERTEX_POINT('',#9652);
#2853=VERTEX_POINT('',#9654);
#2854=VERTEX_POINT('',#9656);
#2855=VERTEX_POINT('',#9658);
#2856=VERTEX_POINT('',#9660);
#2857=VERTEX_POINT('',#9662);
#2858=VERTEX_POINT('',#9664);
#2859=VERTEX_POINT('',#9666);
#2860=VERTEX_POINT('',#9668);
#2861=VERTEX_POINT('',#9670);
#2862=VERTEX_POINT('',#9672);
#2863=VERTEX_POINT('',#9674);
#2864=VERTEX_POINT('',#9676);
#2865=VERTEX_POINT('',#9678);
#2866=VERTEX_POINT('',#9680);
#2867=VERTEX_POINT('',#9682);
#2868=VERTEX_POINT('',#9684);
#2869=VERTEX_POINT('',#9686);
#2870=VERTEX_POINT('',#9688);
#2871=VERTEX_POINT('',#9690);
#2872=VERTEX_POINT('',#9692);
#2873=VERTEX_POINT('',#9694);
#2874=VERTEX_POINT('',#9696);
#2875=VERTEX_POINT('',#9698);
#2876=VERTEX_POINT('',#9700);
#2877=VERTEX_POINT('',#9702);
#2878=VERTEX_POINT('',#9704);
#2879=VERTEX_POINT('',#9706);
#2880=VERTEX_POINT('',#9708);
#2881=VERTEX_POINT('',#9710);
#2882=VERTEX_POINT('',#9712);
#2883=VERTEX_POINT('',#9714);
#2884=VERTEX_POINT('',#9716);
#2885=VERTEX_POINT('',#9718);
#2886=VERTEX_POINT('',#9720);
#2887=VERTEX_POINT('',#9722);
#2888=VERTEX_POINT('',#9724);
#2889=VERTEX_POINT('',#9726);
#2890=VERTEX_POINT('',#9728);
#2891=VERTEX_POINT('',#9730);
#2892=VERTEX_POINT('',#9732);
#2893=VERTEX_POINT('',#9734);
#2894=VERTEX_POINT('',#9736);
#2895=VERTEX_POINT('',#9738);
#2896=VERTEX_POINT('',#9740);
#2897=VERTEX_POINT('',#9742);
#2898=VERTEX_POINT('',#9745);
#2899=VERTEX_POINT('',#9746);
#2900=VERTEX_POINT('',#9748);
#2901=VERTEX_POINT('',#9750);
#2902=VERTEX_POINT('',#9752);
#2903=VERTEX_POINT('',#9754);
#2904=VERTEX_POINT('',#9756);
#2905=VERTEX_POINT('',#9758);
#2906=VERTEX_POINT('',#9760);
#2907=VERTEX_POINT('',#9762);
#2908=VERTEX_POINT('',#9766);
#2909=VERTEX_POINT('',#9767);
#2910=VERTEX_POINT('',#9769);
#2911=VERTEX_POINT('',#9771);
#2912=VERTEX_POINT('',#9773);
#2913=VERTEX_POINT('',#9775);
#2914=VERTEX_POINT('',#9777);
#2915=VERTEX_POINT('',#9779);
#2916=VERTEX_POINT('',#9781);
#2917=VERTEX_POINT('',#9783);
#2918=VERTEX_POINT('',#9787);
#2919=VERTEX_POINT('',#9789);
#2920=VERTEX_POINT('',#9794);
#2921=VERTEX_POINT('',#9795);
#2922=VERTEX_POINT('',#9797);
#2923=VERTEX_POINT('',#9799);
#2924=VERTEX_POINT('',#9803);
#2925=VERTEX_POINT('',#9804);
#2926=VERTEX_POINT('',#9806);
#2927=VERTEX_POINT('',#9808);
#2928=VERTEX_POINT('',#9810);
#2929=VERTEX_POINT('',#9812);
#2930=VERTEX_POINT('',#9827);
#2931=VERTEX_POINT('',#9831);
#2932=VERTEX_POINT('',#9835);
#2933=VERTEX_POINT('',#9837);
#2934=VERTEX_POINT('',#9841);
#2935=VERTEX_POINT('',#9845);
#2936=VERTEX_POINT('',#9849);
#2937=VERTEX_POINT('',#9851);
#2938=VERTEX_POINT('',#9855);
#2939=VERTEX_POINT('',#9859);
#2940=VERTEX_POINT('',#9865);
#2941=VERTEX_POINT('',#9872);
#2942=VERTEX_POINT('',#9873);
#2943=VERTEX_POINT('',#9875);
#2944=VERTEX_POINT('',#9877);
#2945=VERTEX_POINT('',#9879);
#2946=VERTEX_POINT('',#9881);
#2947=VERTEX_POINT('',#9883);
#2948=VERTEX_POINT('',#9885);
#2949=VERTEX_POINT('',#9888);
#2950=VERTEX_POINT('',#9890);
#2951=VERTEX_POINT('',#9892);
#2952=VERTEX_POINT('',#9893);
#2953=VERTEX_POINT('',#9895);
#2954=VERTEX_POINT('',#9897);
#2955=VERTEX_POINT('',#9899);
#2956=VERTEX_POINT('',#9901);
#2957=VERTEX_POINT('',#9903);
#2958=VERTEX_POINT('',#9905);
#2959=VERTEX_POINT('',#9907);
#2960=VERTEX_POINT('',#9909);
#2961=VERTEX_POINT('',#9911);
#2962=VERTEX_POINT('',#9913);
#2963=VERTEX_POINT('',#9916);
#2964=VERTEX_POINT('',#9917);
#2965=VERTEX_POINT('',#9919);
#2966=VERTEX_POINT('',#9921);
#2967=VERTEX_POINT('',#9925);
#2968=VERTEX_POINT('',#9926);
#2969=VERTEX_POINT('',#9928);
#2970=VERTEX_POINT('',#9930);
#2971=VERTEX_POINT('',#9932);
#2972=VERTEX_POINT('',#9934);
#2973=VERTEX_POINT('',#9936);
#2974=VERTEX_POINT('',#9938);
#2975=VERTEX_POINT('',#9940);
#2976=VERTEX_POINT('',#9942);
#2977=VERTEX_POINT('',#9944);
#2978=VERTEX_POINT('',#9946);
#2979=VERTEX_POINT('',#9948);
#2980=VERTEX_POINT('',#9950);
#2981=VERTEX_POINT('',#9952);
#2982=VERTEX_POINT('',#9954);
#2983=VERTEX_POINT('',#9956);
#2984=VERTEX_POINT('',#9958);
#2985=VERTEX_POINT('',#9960);
#2986=VERTEX_POINT('',#9962);
#2987=VERTEX_POINT('',#9964);
#2988=VERTEX_POINT('',#9966);
#2989=VERTEX_POINT('',#9968);
#2990=VERTEX_POINT('',#9970);
#2991=VERTEX_POINT('',#9972);
#2992=VERTEX_POINT('',#9974);
#2993=VERTEX_POINT('',#9976);
#2994=VERTEX_POINT('',#9978);
#2995=VERTEX_POINT('',#9980);
#2996=VERTEX_POINT('',#9982);
#2997=VERTEX_POINT('',#9984);
#2998=VERTEX_POINT('',#9986);
#2999=VERTEX_POINT('',#9988);
#3000=VERTEX_POINT('',#9990);
#3001=VERTEX_POINT('',#9992);
#3002=VERTEX_POINT('',#9994);
#3003=VERTEX_POINT('',#9996);
#3004=VERTEX_POINT('',#9998);
#3005=VERTEX_POINT('',#10000);
#3006=VERTEX_POINT('',#10002);
#3007=VERTEX_POINT('',#10004);
#3008=VERTEX_POINT('',#10006);
#3009=VERTEX_POINT('',#10008);
#3010=VERTEX_POINT('',#10010);
#3011=VERTEX_POINT('',#10012);
#3012=VERTEX_POINT('',#10014);
#3013=VERTEX_POINT('',#10016);
#3014=VERTEX_POINT('',#10018);
#3015=VERTEX_POINT('',#10020);
#3016=VERTEX_POINT('',#10022);
#3017=VERTEX_POINT('',#10024);
#3018=VERTEX_POINT('',#10026);
#3019=VERTEX_POINT('',#10028);
#3020=VERTEX_POINT('',#10030);
#3021=VERTEX_POINT('',#10032);
#3022=VERTEX_POINT('',#10034);
#3023=VERTEX_POINT('',#10036);
#3024=VERTEX_POINT('',#10038);
#3025=VERTEX_POINT('',#10040);
#3026=VERTEX_POINT('',#10042);
#3027=VERTEX_POINT('',#10044);
#3028=VERTEX_POINT('',#10046);
#3029=VERTEX_POINT('',#10048);
#3030=VERTEX_POINT('',#10050);
#3031=VERTEX_POINT('',#10052);
#3032=VERTEX_POINT('',#10054);
#3033=VERTEX_POINT('',#10056);
#3034=VERTEX_POINT('',#10058);
#3035=VERTEX_POINT('',#10060);
#3036=VERTEX_POINT('',#10062);
#3037=VERTEX_POINT('',#10064);
#3038=VERTEX_POINT('',#10066);
#3039=VERTEX_POINT('',#10068);
#3040=VERTEX_POINT('',#10070);
#3041=VERTEX_POINT('',#10072);
#3042=VERTEX_POINT('',#10074);
#3043=VERTEX_POINT('',#10076);
#3044=VERTEX_POINT('',#10078);
#3045=VERTEX_POINT('',#10080);
#3046=VERTEX_POINT('',#10082);
#3047=VERTEX_POINT('',#10085);
#3048=VERTEX_POINT('',#10086);
#3049=VERTEX_POINT('',#10088);
#3050=VERTEX_POINT('',#10090);
#3051=VERTEX_POINT('',#10092);
#3052=VERTEX_POINT('',#10094);
#3053=VERTEX_POINT('',#10096);
#3054=VERTEX_POINT('',#10098);
#3055=VERTEX_POINT('',#10100);
#3056=VERTEX_POINT('',#10102);
#3057=VERTEX_POINT('',#10104);
#3058=VERTEX_POINT('',#10106);
#3059=VERTEX_POINT('',#10108);
#3060=VERTEX_POINT('',#10111);
#3061=VERTEX_POINT('',#10112);
#3062=VERTEX_POINT('',#10114);
#3063=VERTEX_POINT('',#10121);
#3064=VERTEX_POINT('',#10134);
#3065=VERTEX_POINT('',#10136);
#3066=VERTEX_POINT('',#10152);
#3067=VERTEX_POINT('',#10154);
#3068=VERTEX_POINT('',#10156);
#3069=VERTEX_POINT('',#10159);
#3070=VERTEX_POINT('',#10160);
#3071=VERTEX_POINT('',#10162);
#3072=VERTEX_POINT('',#10164);
#3073=VERTEX_POINT('',#10166);
#3074=VERTEX_POINT('',#10168);
#3075=VERTEX_POINT('',#10170);
#3076=VERTEX_POINT('',#10172);
#3077=VERTEX_POINT('',#10174);
#3078=VERTEX_POINT('',#10176);
#3079=VERTEX_POINT('',#10178);
#3080=VERTEX_POINT('',#10180);
#3081=VERTEX_POINT('',#10183);
#3082=VERTEX_POINT('',#10184);
#3083=VERTEX_POINT('',#10186);
#3084=VERTEX_POINT('',#10188);
#3085=VERTEX_POINT('',#10190);
#3086=VERTEX_POINT('',#10192);
#3087=VERTEX_POINT('',#10194);
#3088=VERTEX_POINT('',#10196);
#3089=VERTEX_POINT('',#10198);
#3090=VERTEX_POINT('',#10200);
#3091=VERTEX_POINT('',#10202);
#3092=VERTEX_POINT('',#10204);
#3093=VERTEX_POINT('',#10207);
#3094=VERTEX_POINT('',#10208);
#3095=VERTEX_POINT('',#10210);
#3096=VERTEX_POINT('',#10212);
#3097=VERTEX_POINT('',#10215);
#3098=VERTEX_POINT('',#10216);
#3099=VERTEX_POINT('',#10218);
#3100=VERTEX_POINT('',#10220);
#3101=VERTEX_POINT('',#10223);
#3102=VERTEX_POINT('',#10224);
#3103=VERTEX_POINT('',#10226);
#3104=VERTEX_POINT('',#10228);
#3105=VERTEX_POINT('',#10230);
#3106=VERTEX_POINT('',#10232);
#3107=VERTEX_POINT('',#10234);
#3108=VERTEX_POINT('',#10236);
#3109=VERTEX_POINT('',#10239);
#3110=VERTEX_POINT('',#10240);
#3111=VERTEX_POINT('',#10242);
#3112=VERTEX_POINT('',#10244);
#3113=VERTEX_POINT('',#10246);
#3114=VERTEX_POINT('',#10248);
#3115=VERTEX_POINT('',#10251);
#3116=VERTEX_POINT('',#10252);
#3117=VERTEX_POINT('',#10254);
#3118=VERTEX_POINT('',#10256);
#3119=VERTEX_POINT('',#10258);
#3120=VERTEX_POINT('',#10260);
#3121=VERTEX_POINT('',#10263);
#3122=VERTEX_POINT('',#10264);
#3123=VERTEX_POINT('',#10266);
#3124=VERTEX_POINT('',#10268);
#3125=VERTEX_POINT('',#10270);
#3126=VERTEX_POINT('',#10272);
#3127=VERTEX_POINT('',#10274);
#3128=VERTEX_POINT('',#10276);
#3129=VERTEX_POINT('',#10279);
#3130=VERTEX_POINT('',#10280);
#3131=VERTEX_POINT('',#10282);
#3132=VERTEX_POINT('',#10284);
#3133=VERTEX_POINT('',#10286);
#3134=VERTEX_POINT('',#10288);
#3135=VERTEX_POINT('',#10290);
#3136=VERTEX_POINT('',#10292);
#3137=VERTEX_POINT('',#10295);
#3138=VERTEX_POINT('',#10297);
#3139=VERTEX_POINT('',#10298);
#3140=VERTEX_POINT('',#10300);
#3141=VERTEX_POINT('',#10302);
#3142=VERTEX_POINT('',#10304);
#3143=VERTEX_POINT('',#10306);
#3144=VERTEX_POINT('',#10308);
#3145=VERTEX_POINT('',#10310);
#3146=VERTEX_POINT('',#10313);
#3147=VERTEX_POINT('',#10314);
#3148=VERTEX_POINT('',#10316);
#3149=VERTEX_POINT('',#10318);
#3150=VERTEX_POINT('',#10320);
#3151=VERTEX_POINT('',#10322);
#3152=VERTEX_POINT('',#10324);
#3153=VERTEX_POINT('',#10326);
#3154=VERTEX_POINT('',#10329);
#3155=VERTEX_POINT('',#10330);
#3156=VERTEX_POINT('',#10332);
#3157=VERTEX_POINT('',#10334);
#3158=VERTEX_POINT('',#10336);
#3159=VERTEX_POINT('',#10338);
#3160=VERTEX_POINT('',#10340);
#3161=VERTEX_POINT('',#10342);
#3162=VERTEX_POINT('',#10345);
#3163=VERTEX_POINT('',#10346);
#3164=VERTEX_POINT('',#10348);
#3165=VERTEX_POINT('',#10350);
#3166=VERTEX_POINT('',#10352);
#3167=VERTEX_POINT('',#10354);
#3168=VERTEX_POINT('',#10356);
#3169=VERTEX_POINT('',#10358);
#3170=VERTEX_POINT('',#10361);
#3171=VERTEX_POINT('',#10364);
#3172=VERTEX_POINT('',#10365);
#3173=VERTEX_POINT('',#10367);
#3174=VERTEX_POINT('',#10369);
#3175=VERTEX_POINT('',#10371);
#3176=VERTEX_POINT('',#10373);
#3177=VERTEX_POINT('',#10377);
#3178=VERTEX_POINT('',#10378);
#3179=VERTEX_POINT('',#10383);
#3180=VERTEX_POINT('',#10385);
#3181=VERTEX_POINT('',#10387);
#3182=VERTEX_POINT('',#10389);
#3183=VERTEX_POINT('',#10391);
#3184=VERTEX_POINT('',#10393);
#3185=VERTEX_POINT('',#10401);
#3186=VERTEX_POINT('',#10402);
#3187=VERTEX_POINT('',#10407);
#3188=VERTEX_POINT('',#10409);
#3189=VERTEX_POINT('',#10411);
#3190=VERTEX_POINT('',#10413);
#3191=VERTEX_POINT('',#10415);
#3192=VERTEX_POINT('',#10417);
#3193=VERTEX_POINT('',#10425);
#3194=VERTEX_POINT('',#10426);
#3195=VERTEX_POINT('',#10431);
#3196=VERTEX_POINT('',#10433);
#3197=VERTEX_POINT('',#10435);
#3198=VERTEX_POINT('',#10437);
#3199=VERTEX_POINT('',#10439);
#3200=VERTEX_POINT('',#10441);
#3201=VERTEX_POINT('',#10449);
#3202=VERTEX_POINT('',#10450);
#3203=VERTEX_POINT('',#10455);
#3204=VERTEX_POINT('',#10457);
#3205=VERTEX_POINT('',#10459);
#3206=VERTEX_POINT('',#10461);
#3207=VERTEX_POINT('',#10463);
#3208=VERTEX_POINT('',#10465);
#3209=VERTEX_POINT('',#10473);
#3210=VERTEX_POINT('',#10474);
#3211=VERTEX_POINT('',#10480);
#3212=VERTEX_POINT('',#10484);
#3213=VERTEX_POINT('',#10485);
#3214=VERTEX_POINT('',#10492);
#3215=VERTEX_POINT('',#10493);
#3216=VERTEX_POINT('',#10499);
#3217=VERTEX_POINT('',#10503);
#3218=VERTEX_POINT('',#10504);
#3219=VERTEX_POINT('',#10511);
#3220=VERTEX_POINT('',#10512);
#3221=VERTEX_POINT('',#10518);
#3222=VERTEX_POINT('',#10522);
#3223=VERTEX_POINT('',#10523);
#3224=VERTEX_POINT('',#10530);
#3225=VERTEX_POINT('',#10531);
#3226=VERTEX_POINT('',#10537);
#3227=VERTEX_POINT('',#10541);
#3228=VERTEX_POINT('',#10542);
#3229=VERTEX_POINT('',#10549);
#3230=VERTEX_POINT('',#10550);
#3231=VERTEX_POINT('',#10556);
#3232=VERTEX_POINT('',#10560);
#3233=VERTEX_POINT('',#10561);
#3234=VERTEX_POINT('',#10568);
#3235=VERTEX_POINT('',#10569);
#3236=VERTEX_POINT('',#10575);
#3237=VERTEX_POINT('',#10579);
#3238=VERTEX_POINT('',#10580);
#3239=VERTEX_POINT('',#10587);
#3240=VERTEX_POINT('',#10588);
#3241=VERTEX_POINT('',#10593);
#3242=VERTEX_POINT('',#10595);
#3243=VERTEX_POINT('',#10597);
#3244=VERTEX_POINT('',#10599);
#3245=VERTEX_POINT('',#10601);
#3246=VERTEX_POINT('',#10603);
#3247=VERTEX_POINT('',#10611);
#3248=VERTEX_POINT('',#10612);
#3249=VERTEX_POINT('',#10617);
#3250=VERTEX_POINT('',#10619);
#3251=VERTEX_POINT('',#10621);
#3252=VERTEX_POINT('',#10623);
#3253=VERTEX_POINT('',#10625);
#3254=VERTEX_POINT('',#10627);
#3255=VERTEX_POINT('',#10641);
#3256=VERTEX_POINT('',#10643);
#3257=VERTEX_POINT('',#10650);
#3258=VERTEX_POINT('',#10654);
#3259=VERTEX_POINT('',#10656);
#3260=VERTEX_POINT('',#10660);
#3261=VERTEX_POINT('',#10664);
#3262=VERTEX_POINT('',#10666);
#3263=VERTEX_POINT('',#10670);
#3264=VERTEX_POINT('',#10672);
#3265=VERTEX_POINT('',#10676);
#3266=VERTEX_POINT('',#10678);
#3267=VERTEX_POINT('',#10682);
#3268=VERTEX_POINT('',#10684);
#3269=VERTEX_POINT('',#10688);
#3270=VERTEX_POINT('',#10690);
#3271=VERTEX_POINT('',#10694);
#3272=VERTEX_POINT('',#10698);
#3273=VERTEX_POINT('',#10702);
#3274=VERTEX_POINT('',#10706);
#3275=VERTEX_POINT('',#10713);
#3276=VERTEX_POINT('',#10717);
#3277=VERTEX_POINT('',#10719);
#3278=VERTEX_POINT('',#10723);
#3279=VERTEX_POINT('',#10727);
#3280=VERTEX_POINT('',#10731);
#3281=VERTEX_POINT('',#10735);
#3282=VERTEX_POINT('',#10743);
#3283=VERTEX_POINT('',#10747);
#3284=VERTEX_POINT('',#10748);
#3285=VERTEX_POINT('',#10753);
#3286=VERTEX_POINT('',#10754);
#3287=VERTEX_POINT('',#10759);
#3288=VERTEX_POINT('',#10760);
#3289=VERTEX_POINT('',#10768);
#3290=VERTEX_POINT('',#10769);
#3291=VERTEX_POINT('',#10777);
#3292=VERTEX_POINT('',#10778);
#3293=VERTEX_POINT('',#10785);
#3294=VERTEX_POINT('',#10786);
#3295=VERTEX_POINT('',#10794);
#3296=VERTEX_POINT('',#10795);
#3297=VERTEX_POINT('',#10802);
#3298=VERTEX_POINT('',#10803);
#3299=VERTEX_POINT('',#10811);
#3300=VERTEX_POINT('',#10812);
#3301=VERTEX_POINT('',#10819);
#3302=VERTEX_POINT('',#10820);
#3303=VERTEX_POINT('',#10825);
#3304=VERTEX_POINT('',#10829);
#3305=VERTEX_POINT('',#10887);
#3306=VERTEX_POINT('',#10888);
#3307=VERTEX_POINT('',#10893);
#3308=VERTEX_POINT('',#10897);
#3309=VERTEX_POINT('',#10906);
#3310=VERTEX_POINT('',#10908);
#3311=VERTEX_POINT('',#10912);
#3312=VERTEX_POINT('',#10916);
#3313=VERTEX_POINT('',#10920);
#3314=VERTEX_POINT('',#10924);
#3315=VERTEX_POINT('',#10928);
#3316=VERTEX_POINT('',#10932);
#3317=VERTEX_POINT('',#10936);
#3318=VERTEX_POINT('',#10940);
#3319=VERTEX_POINT('',#10944);
#3320=VERTEX_POINT('',#10948);
#3321=VERTEX_POINT('',#10952);
#3322=VERTEX_POINT('',#10959);
#3323=VERTEX_POINT('',#10961);
#3324=VERTEX_POINT('',#10976);
#3325=VERTEX_POINT('',#11008);
#3326=VERTEX_POINT('',#11023);
#3327=VERTEX_POINT('',#11056);
#3328=VERTEX_POINT('',#11074);
#3329=VERTEX_POINT('',#11078);
#3330=VERTEX_POINT('',#11082);
#3331=VERTEX_POINT('',#11089);
#3332=VERTEX_POINT('',#11091);
#3333=VERTEX_POINT('',#11095);
#3334=VERTEX_POINT('',#11099);
#3335=VERTEX_POINT('',#11103);
#3336=VERTEX_POINT('',#11107);
#3337=VERTEX_POINT('',#11111);
#3338=VERTEX_POINT('',#11115);
#3339=VERTEX_POINT('',#11119);
#3340=VERTEX_POINT('',#11123);
#3341=VERTEX_POINT('',#11127);
#3342=VERTEX_POINT('',#11131);
#3343=VERTEX_POINT('',#11138);
#3344=VERTEX_POINT('',#11140);
#3345=VERTEX_POINT('',#11144);
#3346=VERTEX_POINT('',#11148);
#3347=VERTEX_POINT('',#11152);
#3348=VERTEX_POINT('',#11156);
#3349=VERTEX_POINT('',#11160);
#3350=VERTEX_POINT('',#11164);
#3351=VERTEX_POINT('',#11168);
#3352=VERTEX_POINT('',#11172);
#3353=VERTEX_POINT('',#11176);
#3354=VERTEX_POINT('',#11180);
#3355=VERTEX_POINT('',#11187);
#3356=VERTEX_POINT('',#11189);
#3357=VERTEX_POINT('',#11193);
#3358=VERTEX_POINT('',#11197);
#3359=VERTEX_POINT('',#11204);
#3360=VERTEX_POINT('',#11206);
#3361=VERTEX_POINT('',#11210);
#3362=VERTEX_POINT('',#11214);
#3363=VERTEX_POINT('',#11221);
#3364=VERTEX_POINT('',#11223);
#3365=VERTEX_POINT('',#11227);
#3366=VERTEX_POINT('',#11231);
#3367=VERTEX_POINT('',#11235);
#3368=VERTEX_POINT('',#11239);
#3369=VERTEX_POINT('',#11243);
#3370=VERTEX_POINT('',#11247);
#3371=VERTEX_POINT('',#11254);
#3372=VERTEX_POINT('',#11256);
#3373=VERTEX_POINT('',#11260);
#3374=VERTEX_POINT('',#11264);
#3375=VERTEX_POINT('',#11268);
#3376=VERTEX_POINT('',#11272);
#3377=VERTEX_POINT('',#11279);
#3378=VERTEX_POINT('',#11281);
#3379=VERTEX_POINT('',#11285);
#3380=VERTEX_POINT('',#11289);
#3381=VERTEX_POINT('',#11293);
#3382=VERTEX_POINT('',#11297);
#3383=VERTEX_POINT('',#11361);
#3384=VERTEX_POINT('',#11363);
#3385=VERTEX_POINT('',#11380);
#3386=VERTEX_POINT('',#11384);
#3387=VERTEX_POINT('',#11390);
#3388=VERTEX_POINT('',#11392);
#3389=VERTEX_POINT('',#11396);
#3390=VERTEX_POINT('',#11400);
#3391=VERTEX_POINT('',#11407);
#3392=VERTEX_POINT('',#11409);
#3393=VERTEX_POINT('',#11413);
#3394=VERTEX_POINT('',#11417);
#3395=VERTEX_POINT('',#11421);
#3396=VERTEX_POINT('',#11425);
#3397=VERTEX_POINT('',#11429);
#3398=VERTEX_POINT('',#11433);
#3399=VERTEX_POINT('',#11437);
#3400=VERTEX_POINT('',#11441);
#3401=VERTEX_POINT('',#11445);
#3402=VERTEX_POINT('',#11449);
#3403=VERTEX_POINT('',#11464);
#3404=VERTEX_POINT('',#11468);
#3405=VERTEX_POINT('',#11470);
#3406=VERTEX_POINT('',#11474);
#3407=VERTEX_POINT('',#11475);
#3408=VERTEX_POINT('',#11480);
#3409=VERTEX_POINT('',#11481);
#3410=VERTEX_POINT('',#11486);
#3411=VERTEX_POINT('',#11487);
#3412=VERTEX_POINT('',#11492);
#3413=VERTEX_POINT('',#11493);
#3414=VERTEX_POINT('',#11498);
#3415=VERTEX_POINT('',#11499);
#3416=VERTEX_POINT('',#11504);
#3417=VERTEX_POINT('',#11505);
#3418=VERTEX_POINT('',#11513);
#3419=VERTEX_POINT('',#11515);
#3420=VERTEX_POINT('',#11517);
#3421=VERTEX_POINT('',#11519);
#3422=VERTEX_POINT('',#11550);
#3423=VERTEX_POINT('',#11552);
#3424=VERTEX_POINT('',#11555);
#3425=VERTEX_POINT('',#11559);
#3426=VERTEX_POINT('',#11562);
#3427=VERTEX_POINT('',#11566);
#3428=VERTEX_POINT('',#11569);
#3429=VERTEX_POINT('',#11574);
#3430=VERTEX_POINT('',#11578);
#3431=EDGE_CURVE('',#2799,#2800,#2613,.T.);
#3432=EDGE_CURVE('',#2800,#2801,#1089,.T.);
#3433=EDGE_CURVE('',#2802,#2801,#2614,.T.);
#3434=EDGE_CURVE('',#2803,#2802,#1087,.T.);
#3435=EDGE_CURVE('',#2804,#2803,#2615,.T.);
#3436=EDGE_CURVE('',#2804,#2805,#1090,.T.);
#3437=EDGE_CURVE('',#2806,#2805,#2616,.T.);
#3438=EDGE_CURVE('',#2799,#2806,#1091,.T.);
#3439=EDGE_CURVE('',#2807,#2802,#1092,.T.);
#3440=EDGE_CURVE('',#2807,#2808,#1088,.T.);
#3441=EDGE_CURVE('',#2808,#2803,#1093,.F.);
#3442=EDGE_CURVE('',#2808,#2809,#2617,.T.);
#3443=EDGE_CURVE('',#2809,#2804,#1094,.T.);
#3444=EDGE_CURVE('',#2801,#2810,#1095,.T.);
#3445=EDGE_CURVE('',#2810,#2807,#2618,.T.);
#3446=EDGE_CURVE('',#2811,#2799,#1096,.T.);
#3447=EDGE_CURVE('',#2812,#2806,#1097,.T.);
#3448=EDGE_CURVE('',#2812,#2811,#1098,.T.);
#3449=EDGE_CURVE('',#2805,#2813,#1099,.T.);
#3450=EDGE_CURVE('',#2813,#2812,#2619,.T.);
#3451=EDGE_CURVE('',#2809,#2813,#1100,.T.);
#3452=EDGE_CURVE('',#2814,#2811,#2620,.T.);
#3453=EDGE_CURVE('',#2810,#2814,#1101,.T.);
#3454=EDGE_CURVE('',#2800,#2814,#1102,.T.);
#3455=EDGE_CURVE('',#2815,#2816,#1103,.T.);
#3456=EDGE_CURVE('',#2817,#2816,#1104,.T.);
#3457=EDGE_CURVE('',#2818,#2817,#1105,.T.);
#3458=EDGE_CURVE('',#2818,#2815,#1106,.T.);
#3459=EDGE_CURVE('',#2819,#2820,#1107,.T.);
#3460=EDGE_CURVE('',#2821,#2820,#1108,.T.);
#3461=EDGE_CURVE('',#2822,#2821,#1109,.T.);
#3462=EDGE_CURVE('',#2819,#2822,#1110,.F.);
#3463=EDGE_CURVE('',#2816,#2823,#1111,.T.);
#3464=EDGE_CURVE('',#2824,#2823,#1112,.F.);
#3465=EDGE_CURVE('',#2817,#2824,#1113,.T.);
#3466=EDGE_CURVE('',#2825,#2826,#2621,.T.);
#3467=EDGE_CURVE('',#2827,#2825,#1114,.T.);
#3468=EDGE_CURVE('',#2828,#2827,#2622,.T.);
#3469=EDGE_CURVE('',#2826,#2828,#1115,.T.);
#3470=EDGE_CURVE('',#2829,#2830,#1116,.T.);
#3471=EDGE_CURVE('',#2831,#2829,#2623,.T.);
#3472=EDGE_CURVE('',#2832,#2831,#1117,.T.);
#3473=EDGE_CURVE('',#2830,#2832,#2624,.T.);
#3474=EDGE_CURVE('',#2833,#2833,#2625,.T.);
#3475=EDGE_CURVE('',#2834,#2834,#2626,.T.);
#3476=EDGE_CURVE('',#2835,#2835,#2627,.T.);
#3477=EDGE_CURVE('',#2831,#2836,#1118,.T.);
#3478=EDGE_CURVE('',#2837,#2836,#1119,.F.);
#3479=EDGE_CURVE('',#2832,#2837,#1120,.T.);
#3480=EDGE_CURVE('',#2829,#2838,#1121,.T.);
#3481=EDGE_CURVE('',#2836,#2838,#2628,.F.);
#3482=EDGE_CURVE('',#2839,#2827,#1122,.T.);
#3483=EDGE_CURVE('',#2839,#2840,#2629,.T.);
#3484=EDGE_CURVE('',#2840,#2828,#1123,.T.);
#3485=EDGE_CURVE('',#2841,#2825,#1124,.T.);
#3486=EDGE_CURVE('',#2841,#2839,#1125,.T.);
#3487=EDGE_CURVE('',#2842,#2843,#1126,.T.);
#3488=EDGE_CURVE('',#2843,#2844,#1127,.T.);
#3489=EDGE_CURVE('',#2845,#2844,#1128,.T.);
#3490=EDGE_CURVE('',#2846,#2845,#1129,.T.);
#3491=EDGE_CURVE('',#2847,#2846,#1130,.T.);
#3492=EDGE_CURVE('',#2847,#2848,#1131,.T.);
#3493=EDGE_CURVE('',#2849,#2848,#1132,.T.);
#3494=EDGE_CURVE('',#2849,#2850,#1133,.T.);
#3495=EDGE_CURVE('',#2851,#2850,#1134,.T.);
#3496=EDGE_CURVE('',#2851,#2852,#1135,.T.);
#3497=EDGE_CURVE('',#2853,#2852,#1136,.T.);
#3498=EDGE_CURVE('',#2853,#2854,#1137,.T.);
#3499=EDGE_CURVE('',#2855,#2854,#1138,.T.);
#3500=EDGE_CURVE('',#2855,#2856,#1139,.T.);
#3501=EDGE_CURVE('',#2857,#2856,#1140,.T.);
#3502=EDGE_CURVE('',#2857,#2858,#1141,.T.);
#3503=EDGE_CURVE('',#2859,#2858,#1142,.T.);
#3504=EDGE_CURVE('',#2859,#2860,#1143,.T.);
#3505=EDGE_CURVE('',#2861,#2860,#1144,.T.);
#3506=EDGE_CURVE('',#2862,#2861,#1145,.T.);
#3507=EDGE_CURVE('',#2863,#2862,#1146,.T.);
#3508=EDGE_CURVE('',#2864,#2863,#1147,.T.);
#3509=EDGE_CURVE('',#2865,#2864,#1148,.T.);
#3510=EDGE_CURVE('',#2866,#2865,#1149,.T.);
#3511=EDGE_CURVE('',#2867,#2866,#1150,.T.);
#3512=EDGE_CURVE('',#2868,#2867,#1151,.T.);
#3513=EDGE_CURVE('',#2869,#2868,#1152,.T.);
#3514=EDGE_CURVE('',#2870,#2869,#1153,.T.);
#3515=EDGE_CURVE('',#2871,#2870,#1154,.T.);
#3516=EDGE_CURVE('',#2872,#2871,#1155,.T.);
#3517=EDGE_CURVE('',#2873,#2872,#1156,.T.);
#3518=EDGE_CURVE('',#2874,#2873,#1157,.T.);
#3519=EDGE_CURVE('',#2875,#2874,#1158,.T.);
#3520=EDGE_CURVE('',#2876,#2875,#1159,.T.);
#3521=EDGE_CURVE('',#2877,#2876,#1160,.T.);
#3522=EDGE_CURVE('',#2878,#2877,#1161,.T.);
#3523=EDGE_CURVE('',#2879,#2878,#1162,.T.);
#3524=EDGE_CURVE('',#2880,#2879,#1163,.T.);
#3525=EDGE_CURVE('',#2881,#2880,#1164,.T.);
#3526=EDGE_CURVE('',#2882,#2881,#1165,.T.);
#3527=EDGE_CURVE('',#2883,#2882,#1166,.T.);
#3528=EDGE_CURVE('',#2884,#2883,#1167,.T.);
#3529=EDGE_CURVE('',#2885,#2884,#1168,.T.);
#3530=EDGE_CURVE('',#2886,#2885,#1169,.T.);
#3531=EDGE_CURVE('',#2887,#2886,#1170,.T.);
#3532=EDGE_CURVE('',#2888,#2887,#1171,.T.);
#3533=EDGE_CURVE('',#2889,#2888,#1172,.T.);
#3534=EDGE_CURVE('',#2890,#2889,#1173,.T.);
#3535=EDGE_CURVE('',#2891,#2890,#1174,.T.);
#3536=EDGE_CURVE('',#2892,#2891,#1175,.T.);
#3537=EDGE_CURVE('',#2893,#2892,#1176,.T.);
#3538=EDGE_CURVE('',#2894,#2893,#1177,.T.);
#3539=EDGE_CURVE('',#2895,#2894,#1178,.T.);
#3540=EDGE_CURVE('',#2896,#2895,#1179,.T.);
#3541=EDGE_CURVE('',#2897,#2896,#1180,.T.);
#3542=EDGE_CURVE('',#2842,#2897,#1181,.T.);
#3543=EDGE_CURVE('',#2898,#2899,#1182,.T.);
#3544=EDGE_CURVE('',#2900,#2899,#2630,.T.);
#3545=EDGE_CURVE('',#2900,#2901,#1183,.T.);
#3546=EDGE_CURVE('',#2902,#2901,#2631,.T.);
#3547=EDGE_CURVE('',#2902,#2903,#1184,.T.);
#3548=EDGE_CURVE('',#2903,#2904,#1185,.T.);
#3549=EDGE_CURVE('',#2905,#2904,#2632,.T.);
#3550=EDGE_CURVE('',#2905,#2906,#1186,.T.);
#3551=EDGE_CURVE('',#2907,#2906,#2633,.T.);
#3552=EDGE_CURVE('',#2907,#2898,#1187,.T.);
#3553=EDGE_CURVE('',#2908,#2909,#1188,.T.);
#3554=EDGE_CURVE('',#2910,#2908,#2634,.T.);
#3555=EDGE_CURVE('',#2911,#2910,#1189,.T.);
#3556=EDGE_CURVE('',#2912,#2911,#2635,.T.);
#3557=EDGE_CURVE('',#2913,#2912,#1190,.T.);
#3558=EDGE_CURVE('',#2914,#2913,#1191,.T.);
#3559=EDGE_CURVE('',#2915,#2914,#2636,.T.);
#3560=EDGE_CURVE('',#2916,#2915,#1192,.T.);
#3561=EDGE_CURVE('',#2917,#2916,#2637,.T.);
#3562=EDGE_CURVE('',#2909,#2917,#1193,.T.);
#3563=EDGE_CURVE('',#2918,#2815,#1194,.T.);
#3564=EDGE_CURVE('',#2919,#2918,#1195,.T.);
#3565=EDGE_CURVE('',#2820,#2919,#1196,.T.);
#3566=EDGE_CURVE('',#2823,#2819,#1197,.T.);
#3567=EDGE_CURVE('',#2920,#2921,#1198,.T.);
#3568=EDGE_CURVE('',#2922,#2920,#1199,.T.);
#3569=EDGE_CURVE('',#2923,#2922,#1200,.T.);
#3570=EDGE_CURVE('',#2921,#2923,#1201,.T.);
#3571=EDGE_CURVE('',#2924,#2925,#2638,.T.);
#3572=EDGE_CURVE('',#2926,#2924,#1202,.T.);
#3573=EDGE_CURVE('',#2927,#2926,#1203,.T.);
#3574=EDGE_CURVE('',#2928,#2927,#1204,.T.);
#3575=EDGE_CURVE('',#2929,#2928,#2639,.T.);
#3576=EDGE_CURVE('',#2925,#2929,#1205,.T.);
#3577=EDGE_CURVE('',#2914,#2902,#1206,.T.);
#3578=EDGE_CURVE('',#2901,#2915,#1207,.T.);
#3579=EDGE_CURVE('',#2903,#2913,#1208,.T.);
#3580=EDGE_CURVE('',#2904,#2912,#1209,.T.);
#3581=EDGE_CURVE('',#2911,#2905,#1210,.T.);
#3582=EDGE_CURVE('',#2906,#2910,#1211,.T.);
#3583=EDGE_CURVE('',#2930,#2919,#1212,.T.);
#3584=EDGE_CURVE('',#2821,#2930,#1213,.T.);
#3585=EDGE_CURVE('',#2931,#2918,#1214,.T.);
#3586=EDGE_CURVE('',#2930,#2931,#1215,.T.);
#3587=EDGE_CURVE('',#2932,#2927,#1216,.T.);
#3588=EDGE_CURVE('',#2933,#2932,#1217,.T.);
#3589=EDGE_CURVE('',#2928,#2933,#1218,.T.);
#3590=EDGE_CURVE('',#2926,#2934,#1219,.T.);
#3591=EDGE_CURVE('',#2934,#2932,#1220,.T.);
#3592=EDGE_CURVE('',#2935,#2924,#1221,.T.);
#3593=EDGE_CURVE('',#2934,#2935,#1222,.T.);
#3594=EDGE_CURVE('',#2936,#2922,#1223,.T.);
#3595=EDGE_CURVE('',#2937,#2936,#1224,.T.);
#3596=EDGE_CURVE('',#2937,#2923,#1225,.T.);
#3597=EDGE_CURVE('',#2938,#2920,#1226,.T.);
#3598=EDGE_CURVE('',#2936,#2938,#1227,.T.);
#3599=EDGE_CURVE('',#2830,#2939,#1228,.T.);
#3600=EDGE_CURVE('',#2838,#2939,#1229,.F.);
#3601=EDGE_CURVE('',#2939,#2837,#2640,.F.);
#3602=EDGE_CURVE('',#2826,#2940,#1230,.T.);
#3603=EDGE_CURVE('',#2940,#2841,#2641,.T.);
#3604=EDGE_CURVE('',#2840,#2940,#1231,.T.);
#3605=EDGE_CURVE('',#2941,#2942,#1232,.T.);
#3606=EDGE_CURVE('',#2943,#2941,#1233,.F.);
#3607=EDGE_CURVE('',#2943,#2944,#1234,.T.);
#3608=EDGE_CURVE('',#2945,#2944,#1235,.F.);
#3609=EDGE_CURVE('',#2946,#2945,#1236,.T.);
#3610=EDGE_CURVE('',#2947,#2946,#2642,.T.);
#3611=EDGE_CURVE('',#2948,#2947,#1237,.T.);
#3612=EDGE_CURVE('',#2942,#2948,#2643,.T.);
#3613=EDGE_CURVE('',#2949,#2949,#2644,.T.);
#3614=EDGE_CURVE('',#2950,#2950,#2645,.T.);
#3615=EDGE_CURVE('',#2951,#2952,#1238,.T.);
#3616=EDGE_CURVE('',#2952,#2953,#1239,.T.);
#3617=EDGE_CURVE('',#2953,#2954,#1240,.T.);
#3618=EDGE_CURVE('',#2954,#2955,#1241,.T.);
#3619=EDGE_CURVE('',#2955,#2956,#1242,.T.);
#3620=EDGE_CURVE('',#2956,#2957,#1243,.T.);
#3621=EDGE_CURVE('',#2957,#2958,#1244,.T.);
#3622=EDGE_CURVE('',#2958,#2959,#1245,.T.);
#3623=EDGE_CURVE('',#2959,#2960,#1246,.T.);
#3624=EDGE_CURVE('',#2960,#2961,#1247,.T.);
#3625=EDGE_CURVE('',#2961,#2962,#1248,.T.);
#3626=EDGE_CURVE('',#2962,#2951,#1249,.T.);
#3627=EDGE_CURVE('',#2963,#2964,#1250,.T.);
#3628=EDGE_CURVE('',#2964,#2965,#1251,.T.);
#3629=EDGE_CURVE('',#2965,#2966,#1252,.T.);
#3630=EDGE_CURVE('',#2966,#2963,#1253,.T.);
#3631=EDGE_CURVE('',#2967,#2968,#1254,.T.);
#3632=EDGE_CURVE('',#2969,#2968,#1255,.T.);
#3633=EDGE_CURVE('',#2969,#2970,#1256,.T.);
#3634=EDGE_CURVE('',#2971,#2970,#2646,.T.);
#3635=EDGE_CURVE('',#2972,#2971,#2647,.T.);
#3636=EDGE_CURVE('',#2973,#2972,#2648,.T.);
#3637=EDGE_CURVE('',#2974,#2973,#1257,.T.);
#3638=EDGE_CURVE('',#2975,#2974,#1258,.T.);
#3639=EDGE_CURVE('',#2975,#2976,#1259,.T.);
#3640=EDGE_CURVE('',#2977,#2976,#2649,.T.);
#3641=EDGE_CURVE('',#2978,#2977,#2650,.T.);
#3642=EDGE_CURVE('',#2979,#2978,#2651,.T.);
#3643=EDGE_CURVE('',#2980,#2979,#1260,.T.);
#3644=EDGE_CURVE('',#2981,#2980,#1261,.T.);
#3645=EDGE_CURVE('',#2981,#2982,#1262,.T.);
#3646=EDGE_CURVE('',#2983,#2982,#2652,.T.);
#3647=EDGE_CURVE('',#2984,#2983,#2653,.T.);
#3648=EDGE_CURVE('',#2985,#2984,#2654,.T.);
#3649=EDGE_CURVE('',#2986,#2985,#1263,.T.);
#3650=EDGE_CURVE('',#2987,#2986,#1264,.T.);
#3651=EDGE_CURVE('',#2987,#2988,#1265,.T.);
#3652=EDGE_CURVE('',#2989,#2988,#2655,.T.);
#3653=EDGE_CURVE('',#2990,#2989,#2656,.T.);
#3654=EDGE_CURVE('',#2991,#2990,#2657,.T.);
#3655=EDGE_CURVE('',#2992,#2991,#1266,.T.);
#3656=EDGE_CURVE('',#2993,#2992,#1267,.T.);
#3657=EDGE_CURVE('',#2993,#2994,#1268,.T.);
#3658=EDGE_CURVE('',#2995,#2994,#2658,.T.);
#3659=EDGE_CURVE('',#2995,#2996,#1269,.T.);
#3660=EDGE_CURVE('',#2997,#2996,#2659,.T.);
#3661=EDGE_CURVE('',#2997,#2998,#1270,.T.);
#3662=EDGE_CURVE('',#2999,#2998,#1271,.T.);
#3663=EDGE_CURVE('',#3000,#2999,#1272,.T.);
#3664=EDGE_CURVE('',#3001,#3000,#2660,.T.);
#3665=EDGE_CURVE('',#3002,#3001,#2661,.T.);
#3666=EDGE_CURVE('',#3003,#3002,#2662,.T.);
#3667=EDGE_CURVE('',#3003,#3004,#1273,.T.);
#3668=EDGE_CURVE('',#3005,#3004,#1274,.T.);
#3669=EDGE_CURVE('',#3006,#3005,#1275,.T.);
#3670=EDGE_CURVE('',#3007,#3006,#2663,.T.);
#3671=EDGE_CURVE('',#3008,#3007,#2664,.T.);
#3672=EDGE_CURVE('',#3009,#3008,#2665,.T.);
#3673=EDGE_CURVE('',#3009,#3010,#1276,.T.);
#3674=EDGE_CURVE('',#3011,#3010,#1277,.T.);
#3675=EDGE_CURVE('',#3012,#3011,#1278,.T.);
#3676=EDGE_CURVE('',#3013,#3012,#2666,.T.);
#3677=EDGE_CURVE('',#3013,#3014,#1279,.T.);
#3678=EDGE_CURVE('',#3015,#3014,#2667,.T.);
#3679=EDGE_CURVE('',#3015,#3016,#1280,.T.);
#3680=EDGE_CURVE('',#3017,#3016,#1281,.T.);
#3681=EDGE_CURVE('',#3018,#3017,#1282,.T.);
#3682=EDGE_CURVE('',#3019,#3018,#1283,.T.);
#3683=EDGE_CURVE('',#3020,#3019,#1284,.T.);
#3684=EDGE_CURVE('',#3020,#3021,#1285,.T.);
#3685=EDGE_CURVE('',#3022,#3021,#1286,.T.);
#3686=EDGE_CURVE('',#3022,#3023,#1287,.T.);
#3687=EDGE_CURVE('',#3024,#3023,#1288,.T.);
#3688=EDGE_CURVE('',#3025,#3024,#1289,.T.);
#3689=EDGE_CURVE('',#3026,#3025,#1290,.T.);
#3690=EDGE_CURVE('',#3027,#3026,#2668,.T.);
#3691=EDGE_CURVE('',#3027,#3028,#1291,.T.);
#3692=EDGE_CURVE('',#3029,#3028,#2669,.T.);
#3693=EDGE_CURVE('',#3029,#3030,#1292,.T.);
#3694=EDGE_CURVE('',#3031,#3030,#1293,.T.);
#3695=EDGE_CURVE('',#3032,#3031,#1294,.T.);
#3696=EDGE_CURVE('',#3033,#3032,#2670,.T.);
#3697=EDGE_CURVE('',#3033,#3034,#1295,.T.);
#3698=EDGE_CURVE('',#3035,#3034,#2671,.T.);
#3699=EDGE_CURVE('',#3035,#3036,#1296,.T.);
#3700=EDGE_CURVE('',#3037,#3036,#1297,.T.);
#3701=EDGE_CURVE('',#3038,#3037,#1298,.T.);
#3702=EDGE_CURVE('',#3039,#3038,#2672,.T.);
#3703=EDGE_CURVE('',#3039,#3040,#1299,.T.);
#3704=EDGE_CURVE('',#3041,#3040,#2673,.T.);
#3705=EDGE_CURVE('',#3041,#3042,#1300,.T.);
#3706=EDGE_CURVE('',#3043,#3042,#1301,.T.);
#3707=EDGE_CURVE('',#3044,#3043,#1302,.T.);
#3708=EDGE_CURVE('',#3045,#3044,#2674,.T.);
#3709=EDGE_CURVE('',#3045,#3046,#1303,.T.);
#3710=EDGE_CURVE('',#2967,#3046,#2675,.T.);
#3711=EDGE_CURVE('',#3047,#3048,#1304,.T.);
#3712=EDGE_CURVE('',#3048,#3049,#1305,.T.);
#3713=EDGE_CURVE('',#3049,#3050,#1306,.T.);
#3714=EDGE_CURVE('',#3050,#3051,#1307,.T.);
#3715=EDGE_CURVE('',#3051,#3052,#1308,.T.);
#3716=EDGE_CURVE('',#3052,#3053,#1309,.T.);
#3717=EDGE_CURVE('',#3053,#3054,#1310,.T.);
#3718=EDGE_CURVE('',#3054,#3055,#1311,.T.);
#3719=EDGE_CURVE('',#3055,#3056,#1312,.T.);
#3720=EDGE_CURVE('',#3056,#3057,#1313,.T.);
#3721=EDGE_CURVE('',#3057,#3058,#1314,.T.);
#3722=EDGE_CURVE('',#3058,#3059,#1315,.T.);
#3723=EDGE_CURVE('',#3059,#3047,#1316,.T.);
#3724=EDGE_CURVE('',#3060,#3061,#1317,.T.);
#3725=EDGE_CURVE('',#3061,#3062,#17,.T.);
#3726=EDGE_CURVE('',#3062,#3063,#18,.T.);
#3727=EDGE_CURVE('',#3063,#3064,#1318,.T.);
#3728=EDGE_CURVE('',#3064,#3065,#19,.T.);
#3729=EDGE_CURVE('',#3065,#3066,#1319,.T.);
#3730=EDGE_CURVE('',#3066,#3067,#1320,.T.);
#3731=EDGE_CURVE('',#3067,#3068,#1321,.T.);
#3732=EDGE_CURVE('',#3068,#3060,#1322,.T.);
#3733=EDGE_CURVE('',#3069,#3070,#1323,.T.);
#3734=EDGE_CURVE('',#3070,#3071,#1324,.T.);
#3735=EDGE_CURVE('',#3071,#3072,#1325,.T.);
#3736=EDGE_CURVE('',#3072,#3073,#1326,.T.);
#3737=EDGE_CURVE('',#3073,#3074,#1327,.T.);
#3738=EDGE_CURVE('',#3074,#3075,#1328,.T.);
#3739=EDGE_CURVE('',#3075,#3076,#1329,.T.);
#3740=EDGE_CURVE('',#3076,#3077,#1330,.T.);
#3741=EDGE_CURVE('',#3077,#3078,#1331,.T.);
#3742=EDGE_CURVE('',#3078,#3079,#1332,.T.);
#3743=EDGE_CURVE('',#3079,#3080,#1333,.T.);
#3744=EDGE_CURVE('',#3080,#3069,#1334,.T.);
#3745=EDGE_CURVE('',#3081,#3082,#1335,.T.);
#3746=EDGE_CURVE('',#3082,#3083,#1336,.T.);
#3747=EDGE_CURVE('',#3083,#3084,#1337,.T.);
#3748=EDGE_CURVE('',#3084,#3085,#1338,.T.);
#3749=EDGE_CURVE('',#3085,#3086,#1339,.T.);
#3750=EDGE_CURVE('',#3086,#3087,#1340,.T.);
#3751=EDGE_CURVE('',#3087,#3088,#1341,.T.);
#3752=EDGE_CURVE('',#3088,#3089,#1342,.T.);
#3753=EDGE_CURVE('',#3089,#3090,#1343,.T.);
#3754=EDGE_CURVE('',#3090,#3091,#1344,.T.);
#3755=EDGE_CURVE('',#3091,#3092,#1345,.T.);
#3756=EDGE_CURVE('',#3092,#3081,#1346,.T.);
#3757=EDGE_CURVE('',#3093,#3094,#1347,.T.);
#3758=EDGE_CURVE('',#3094,#3095,#1348,.T.);
#3759=EDGE_CURVE('',#3095,#3096,#1349,.T.);
#3760=EDGE_CURVE('',#3096,#3093,#1350,.T.);
#3761=EDGE_CURVE('',#3097,#3098,#1351,.T.);
#3762=EDGE_CURVE('',#3098,#3099,#1352,.T.);
#3763=EDGE_CURVE('',#3099,#3100,#1353,.T.);
#3764=EDGE_CURVE('',#3100,#3097,#1354,.T.);
#3765=EDGE_CURVE('',#3101,#3102,#1355,.T.);
#3766=EDGE_CURVE('',#3102,#3103,#1356,.T.);
#3767=EDGE_CURVE('',#3103,#3104,#1357,.T.);
#3768=EDGE_CURVE('',#3104,#3105,#1358,.T.);
#3769=EDGE_CURVE('',#3105,#3106,#1359,.T.);
#3770=EDGE_CURVE('',#3106,#3107,#1360,.T.);
#3771=EDGE_CURVE('',#3107,#3108,#1361,.T.);
#3772=EDGE_CURVE('',#3108,#3101,#1362,.T.);
#3773=EDGE_CURVE('',#3109,#3110,#1363,.T.);
#3774=EDGE_CURVE('',#3110,#3111,#1364,.T.);
#3775=EDGE_CURVE('',#3111,#3112,#1365,.T.);
#3776=EDGE_CURVE('',#3112,#3113,#1366,.T.);
#3777=EDGE_CURVE('',#3113,#3114,#1367,.T.);
#3778=EDGE_CURVE('',#3114,#3109,#1368,.T.);
#3779=EDGE_CURVE('',#3115,#3116,#1369,.T.);
#3780=EDGE_CURVE('',#3116,#3117,#1370,.T.);
#3781=EDGE_CURVE('',#3117,#3118,#1371,.T.);
#3782=EDGE_CURVE('',#3118,#3119,#1372,.T.);
#3783=EDGE_CURVE('',#3119,#3120,#1373,.T.);
#3784=EDGE_CURVE('',#3120,#3115,#1374,.T.);
#3785=EDGE_CURVE('',#3121,#3122,#1375,.T.);
#3786=EDGE_CURVE('',#3123,#3122,#2676,.T.);
#3787=EDGE_CURVE('',#3124,#3123,#2677,.T.);
#3788=EDGE_CURVE('',#3125,#3124,#2678,.T.);
#3789=EDGE_CURVE('',#3126,#3125,#1376,.T.);
#3790=EDGE_CURVE('',#3127,#3126,#2679,.T.);
#3791=EDGE_CURVE('',#3127,#3128,#1377,.T.);
#3792=EDGE_CURVE('',#3121,#3128,#2680,.T.);
#3793=EDGE_CURVE('',#3129,#3130,#1378,.T.);
#3794=EDGE_CURVE('',#3131,#3130,#2681,.T.);
#3795=EDGE_CURVE('',#3131,#3132,#1379,.T.);
#3796=EDGE_CURVE('',#3133,#3132,#2682,.T.);
#3797=EDGE_CURVE('',#3134,#3133,#2683,.T.);
#3798=EDGE_CURVE('',#3135,#3134,#2684,.T.);
#3799=EDGE_CURVE('',#3136,#3135,#1380,.T.);
#3800=EDGE_CURVE('',#3129,#3136,#2685,.T.);
#3801=EDGE_CURVE('',#3137,#3137,#2686,.T.);
#3802=EDGE_CURVE('',#3138,#3139,#1381,.T.);
#3803=EDGE_CURVE('',#3140,#3139,#2687,.T.);
#3804=EDGE_CURVE('',#3140,#3141,#1382,.T.);
#3805=EDGE_CURVE('',#3142,#3141,#2688,.T.);
#3806=EDGE_CURVE('',#3143,#3142,#2689,.T.);
#3807=EDGE_CURVE('',#3144,#3143,#2690,.T.);
#3808=EDGE_CURVE('',#3145,#3144,#1383,.T.);
#3809=EDGE_CURVE('',#3138,#3145,#2691,.T.);
#3810=EDGE_CURVE('',#3146,#3147,#1384,.T.);
#3811=EDGE_CURVE('',#3148,#3147,#2692,.T.);
#3812=EDGE_CURVE('',#3149,#3148,#2693,.T.);
#3813=EDGE_CURVE('',#3150,#3149,#2694,.T.);
#3814=EDGE_CURVE('',#3151,#3150,#1385,.T.);
#3815=EDGE_CURVE('',#3152,#3151,#2695,.T.);
#3816=EDGE_CURVE('',#3152,#3153,#1386,.T.);
#3817=EDGE_CURVE('',#3146,#3153,#2696,.T.);
#3818=EDGE_CURVE('',#3154,#3155,#1387,.T.);
#3819=EDGE_CURVE('',#3156,#3155,#2697,.T.);
#3820=EDGE_CURVE('',#3157,#3156,#2698,.T.);
#3821=EDGE_CURVE('',#3158,#3157,#2699,.T.);
#3822=EDGE_CURVE('',#3159,#3158,#1388,.T.);
#3823=EDGE_CURVE('',#3160,#3159,#2700,.T.);
#3824=EDGE_CURVE('',#3160,#3161,#1389,.T.);
#3825=EDGE_CURVE('',#3154,#3161,#2701,.T.);
#3826=EDGE_CURVE('',#3162,#3163,#1390,.T.);
#3827=EDGE_CURVE('',#3164,#3163,#2702,.T.);
#3828=EDGE_CURVE('',#3165,#3164,#2703,.T.);
#3829=EDGE_CURVE('',#3166,#3165,#2704,.T.);
#3830=EDGE_CURVE('',#3167,#3166,#1391,.T.);
#3831=EDGE_CURVE('',#3168,#3167,#2705,.T.);
#3832=EDGE_CURVE('',#3168,#3169,#1392,.T.);
#3833=EDGE_CURVE('',#3162,#3169,#2706,.T.);
#3834=EDGE_CURVE('',#3170,#3170,#2707,.T.);
#3835=EDGE_CURVE('',#3171,#3172,#2708,.T.);
#3836=EDGE_CURVE('',#3172,#3173,#1393,.T.);
#3837=EDGE_CURVE('',#3173,#3174,#2709,.T.);
#3838=EDGE_CURVE('',#3175,#3174,#1394,.T.);
#3839=EDGE_CURVE('',#3176,#3175,#1395,.T.);
#3840=EDGE_CURVE('',#3176,#3171,#1396,.T.);
#3841=EDGE_CURVE('',#3177,#3178,#2710,.T.);
#3842=EDGE_CURVE('',#3177,#3144,#1397,.T.);
#3843=EDGE_CURVE('',#3143,#3178,#1398,.T.);
#3844=EDGE_CURVE('',#3178,#3179,#2711,.T.);
#3845=EDGE_CURVE('',#3179,#3180,#2712,.T.);
#3846=EDGE_CURVE('',#3180,#3181,#1399,.T.);
#3847=EDGE_CURVE('',#3181,#3182,#2713,.T.);
#3848=EDGE_CURVE('',#3182,#3183,#1400,.T.);
#3849=EDGE_CURVE('',#3183,#3184,#2714,.T.);
#3850=EDGE_CURVE('',#3184,#3177,#1401,.T.);
#3851=EDGE_CURVE('',#3179,#3142,#1402,.T.);
#3852=EDGE_CURVE('',#3141,#3180,#1403,.T.);
#3853=EDGE_CURVE('',#3185,#3186,#2715,.T.);
#3854=EDGE_CURVE('',#3185,#3135,#1404,.T.);
#3855=EDGE_CURVE('',#3134,#3186,#1405,.T.);
#3856=EDGE_CURVE('',#3186,#3187,#2716,.T.);
#3857=EDGE_CURVE('',#3187,#3188,#2717,.T.);
#3858=EDGE_CURVE('',#3188,#3189,#1406,.T.);
#3859=EDGE_CURVE('',#3189,#3190,#2718,.T.);
#3860=EDGE_CURVE('',#3190,#3191,#1407,.T.);
#3861=EDGE_CURVE('',#3191,#3192,#2719,.T.);
#3862=EDGE_CURVE('',#3192,#3185,#1408,.T.);
#3863=EDGE_CURVE('',#3187,#3133,#1409,.T.);
#3864=EDGE_CURVE('',#3132,#3188,#1410,.T.);
#3865=EDGE_CURVE('',#3193,#3194,#2720,.T.);
#3866=EDGE_CURVE('',#3193,#3150,#1411,.T.);
#3867=EDGE_CURVE('',#3149,#3194,#1412,.T.);
#3868=EDGE_CURVE('',#3194,#3195,#2721,.T.);
#3869=EDGE_CURVE('',#3195,#3196,#2722,.T.);
#3870=EDGE_CURVE('',#3196,#3197,#1413,.T.);
#3871=EDGE_CURVE('',#3197,#3198,#2723,.T.);
#3872=EDGE_CURVE('',#3198,#3199,#1414,.T.);
#3873=EDGE_CURVE('',#3199,#3200,#2724,.T.);
#3874=EDGE_CURVE('',#3200,#3193,#1415,.T.);
#3875=EDGE_CURVE('',#3195,#3148,#1416,.T.);
#3876=EDGE_CURVE('',#3147,#3196,#1417,.T.);
#3877=EDGE_CURVE('',#3201,#3202,#2725,.T.);
#3878=EDGE_CURVE('',#3201,#3158,#1418,.T.);
#3879=EDGE_CURVE('',#3157,#3202,#1419,.T.);
#3880=EDGE_CURVE('',#3202,#3203,#2726,.T.);
#3881=EDGE_CURVE('',#3203,#3204,#2727,.T.);
#3882=EDGE_CURVE('',#3204,#3205,#1420,.T.);
#3883=EDGE_CURVE('',#3205,#3206,#2728,.T.);
#3884=EDGE_CURVE('',#3206,#3207,#1421,.T.);
#3885=EDGE_CURVE('',#3207,#3208,#2729,.T.);
#3886=EDGE_CURVE('',#3208,#3201,#1422,.T.);
#3887=EDGE_CURVE('',#3203,#3156,#1423,.T.);
#3888=EDGE_CURVE('',#3155,#3204,#1424,.T.);
#3889=EDGE_CURVE('',#3209,#3210,#2730,.T.);
#3890=EDGE_CURVE('',#3209,#2971,#1425,.T.);
#3891=EDGE_CURVE('',#2970,#3210,#1426,.T.);
#3892=EDGE_CURVE('',#2878,#2969,#1427,.T.);
#3893=EDGE_CURVE('',#3211,#2877,#1428,.F.);
#3894=EDGE_CURVE('',#3210,#3211,#1429,.T.);
#3895=EDGE_CURVE('',#3212,#3213,#2731,.T.);
#3896=EDGE_CURVE('',#3212,#2973,#1430,.T.);
#3897=EDGE_CURVE('',#2972,#3213,#1431,.T.);
#3898=EDGE_CURVE('',#3213,#3209,#2732,.T.);
#3899=EDGE_CURVE('',#3214,#3215,#2733,.T.);
#3900=EDGE_CURVE('',#3214,#2977,#1432,.T.);
#3901=EDGE_CURVE('',#2976,#3215,#1433,.T.);
#3902=EDGE_CURVE('',#2874,#2975,#1434,.T.);
#3903=EDGE_CURVE('',#3216,#2873,#1435,.F.);
#3904=EDGE_CURVE('',#3215,#3216,#1436,.T.);
#3905=EDGE_CURVE('',#3217,#3218,#2734,.T.);
#3906=EDGE_CURVE('',#3217,#2979,#1437,.T.);
#3907=EDGE_CURVE('',#2978,#3218,#1438,.T.);
#3908=EDGE_CURVE('',#3218,#3214,#2735,.T.);
#3909=EDGE_CURVE('',#3219,#3220,#2736,.T.);
#3910=EDGE_CURVE('',#3219,#2983,#1439,.T.);
#3911=EDGE_CURVE('',#2982,#3220,#1440,.T.);
#3912=EDGE_CURVE('',#2870,#2981,#1441,.T.);
#3913=EDGE_CURVE('',#3221,#2869,#1442,.F.);
#3914=EDGE_CURVE('',#3220,#3221,#1443,.T.);
#3915=EDGE_CURVE('',#3222,#3223,#2737,.T.);
#3916=EDGE_CURVE('',#3222,#2985,#1444,.T.);
#3917=EDGE_CURVE('',#2984,#3223,#1445,.T.);
#3918=EDGE_CURVE('',#3223,#3219,#2738,.T.);
#3919=EDGE_CURVE('',#3224,#3225,#2739,.T.);
#3920=EDGE_CURVE('',#3224,#2989,#1446,.T.);
#3921=EDGE_CURVE('',#2988,#3225,#1447,.T.);
#3922=EDGE_CURVE('',#2866,#2987,#1448,.T.);
#3923=EDGE_CURVE('',#3226,#2865,#1449,.F.);
#3924=EDGE_CURVE('',#3225,#3226,#1450,.T.);
#3925=EDGE_CURVE('',#3227,#3228,#2740,.T.);
#3926=EDGE_CURVE('',#3227,#2991,#1451,.T.);
#3927=EDGE_CURVE('',#2990,#3228,#1452,.T.);
#3928=EDGE_CURVE('',#3228,#3224,#2741,.T.);
#3929=EDGE_CURVE('',#3229,#3230,#2742,.T.);
#3930=EDGE_CURVE('',#3229,#3001,#1453,.T.);
#3931=EDGE_CURVE('',#3000,#3230,#1454,.T.);
#3932=EDGE_CURVE('',#2858,#2999,#1455,.T.);
#3933=EDGE_CURVE('',#3231,#2857,#1456,.F.);
#3934=EDGE_CURVE('',#3230,#3231,#1457,.T.);
#3935=EDGE_CURVE('',#3232,#3233,#2743,.T.);
#3936=EDGE_CURVE('',#3232,#3003,#1458,.T.);
#3937=EDGE_CURVE('',#3002,#3233,#1459,.T.);
#3938=EDGE_CURVE('',#3233,#3229,#2744,.T.);
#3939=EDGE_CURVE('',#3234,#3235,#2745,.T.);
#3940=EDGE_CURVE('',#3234,#3007,#1460,.T.);
#3941=EDGE_CURVE('',#3006,#3235,#1461,.T.);
#3942=EDGE_CURVE('',#2854,#3005,#1462,.T.);
#3943=EDGE_CURVE('',#3236,#2853,#1463,.F.);
#3944=EDGE_CURVE('',#3235,#3236,#1464,.T.);
#3945=EDGE_CURVE('',#3237,#3238,#2746,.T.);
#3946=EDGE_CURVE('',#3237,#3009,#1465,.T.);
#3947=EDGE_CURVE('',#3008,#3238,#1466,.T.);
#3948=EDGE_CURVE('',#3238,#3234,#2747,.T.);
#3949=EDGE_CURVE('',#3239,#3240,#2748,.T.);
#3950=EDGE_CURVE('',#3239,#3125,#1467,.T.);
#3951=EDGE_CURVE('',#3124,#3240,#1468,.T.);
#3952=EDGE_CURVE('',#3240,#3241,#2749,.T.);
#3953=EDGE_CURVE('',#3241,#3242,#2750,.T.);
#3954=EDGE_CURVE('',#3242,#3243,#1469,.T.);
#3955=EDGE_CURVE('',#3243,#3244,#2751,.T.);
#3956=EDGE_CURVE('',#3244,#3245,#1470,.T.);
#3957=EDGE_CURVE('',#3245,#3246,#2752,.T.);
#3958=EDGE_CURVE('',#3246,#3239,#1471,.T.);
#3959=EDGE_CURVE('',#3241,#3123,#1472,.T.);
#3960=EDGE_CURVE('',#3122,#3242,#1473,.T.);
#3961=EDGE_CURVE('',#3247,#3248,#2753,.T.);
#3962=EDGE_CURVE('',#3247,#3166,#1474,.T.);
#3963=EDGE_CURVE('',#3165,#3248,#1475,.T.);
#3964=EDGE_CURVE('',#3248,#3249,#2754,.T.);
#3965=EDGE_CURVE('',#3249,#3250,#2755,.T.);
#3966=EDGE_CURVE('',#3250,#3251,#1476,.T.);
#3967=EDGE_CURVE('',#3251,#3252,#2756,.T.);
#3968=EDGE_CURVE('',#3252,#3253,#1477,.T.);
#3969=EDGE_CURVE('',#3253,#3254,#2757,.T.);
#3970=EDGE_CURVE('',#3254,#3247,#1478,.T.);
#3971=EDGE_CURVE('',#3249,#3164,#1479,.T.);
#3972=EDGE_CURVE('',#3163,#3250,#1480,.T.);
#3973=EDGE_CURVE('',#2895,#3024,#1481,.T.);
#3974=EDGE_CURVE('',#3023,#2943,#1482,.T.);
#3975=EDGE_CURVE('',#2896,#2941,#1483,.F.);
#3976=EDGE_CURVE('',#2944,#3022,#1484,.T.);
#3977=EDGE_CURVE('',#3255,#2845,#1485,.F.);
#3978=EDGE_CURVE('',#3256,#3255,#1486,.T.);
#3979=EDGE_CURVE('',#3256,#3018,#1487,.T.);
#3980=EDGE_CURVE('',#3017,#2846,#1488,.T.);
#3981=EDGE_CURVE('',#3016,#2847,#1489,.T.);
#3982=EDGE_CURVE('',#3257,#3256,#1490,.T.);
#3983=EDGE_CURVE('',#3019,#3257,#1491,.T.);
#3984=EDGE_CURVE('',#3021,#3258,#1492,.T.);
#3985=EDGE_CURVE('',#3258,#3259,#1493,.T.);
#3986=EDGE_CURVE('',#2945,#3259,#1494,.T.);
#3987=EDGE_CURVE('',#3260,#3020,#1495,.T.);
#3988=EDGE_CURVE('',#3260,#3258,#1496,.T.);
#3989=EDGE_CURVE('',#3261,#3257,#1497,.T.);
#3990=EDGE_CURVE('',#3261,#3262,#1498,.F.);
#3991=EDGE_CURVE('',#3262,#3260,#1499,.T.);
#3992=EDGE_CURVE('',#3263,#2893,#1500,.F.);
#3993=EDGE_CURVE('',#2892,#3264,#1501,.F.);
#3994=EDGE_CURVE('',#3264,#3263,#1502,.T.);
#3995=EDGE_CURVE('',#3265,#2889,#1503,.F.);
#3996=EDGE_CURVE('',#2888,#3266,#1504,.F.);
#3997=EDGE_CURVE('',#3266,#3265,#1505,.T.);
#3998=EDGE_CURVE('',#3267,#2885,#1506,.F.);
#3999=EDGE_CURVE('',#2884,#3268,#1507,.F.);
#4000=EDGE_CURVE('',#3268,#3267,#1508,.T.);
#4001=EDGE_CURVE('',#3269,#2881,#1509,.F.);
#4002=EDGE_CURVE('',#2880,#3270,#1510,.F.);
#4003=EDGE_CURVE('',#3270,#3269,#1511,.T.);
#4004=EDGE_CURVE('',#2876,#3271,#1512,.F.);
#4005=EDGE_CURVE('',#3271,#3211,#1513,.T.);
#4006=EDGE_CURVE('',#2872,#3272,#1514,.F.);
#4007=EDGE_CURVE('',#3272,#3216,#1515,.T.);
#4008=EDGE_CURVE('',#2868,#3273,#1516,.F.);
#4009=EDGE_CURVE('',#3273,#3221,#1517,.T.);
#4010=EDGE_CURVE('',#2864,#3274,#1518,.F.);
#4011=EDGE_CURVE('',#3274,#3226,#1519,.T.);
#4012=EDGE_CURVE('',#3175,#2861,#1520,.F.);
#4013=EDGE_CURVE('',#2860,#3176,#1521,.F.);
#4014=EDGE_CURVE('',#2852,#3275,#1522,.F.);
#4015=EDGE_CURVE('',#3275,#3236,#1523,.T.);
#4016=EDGE_CURVE('',#3276,#2849,#1524,.F.);
#4017=EDGE_CURVE('',#2848,#3277,#1525,.F.);
#4018=EDGE_CURVE('',#3277,#3276,#1526,.T.);
#4019=EDGE_CURVE('',#2856,#3278,#1527,.F.);
#4020=EDGE_CURVE('',#3278,#3231,#1528,.T.);
#4021=EDGE_CURVE('',#3259,#3279,#1529,.T.);
#4022=EDGE_CURVE('',#3279,#2946,#1530,.T.);
#4023=EDGE_CURVE('',#3280,#2947,#1531,.T.);
#4024=EDGE_CURVE('',#3279,#3280,#2758,.T.);
#4025=EDGE_CURVE('',#3281,#2948,#1532,.T.);
#4026=EDGE_CURVE('',#3280,#3281,#1533,.T.);
#4027=EDGE_CURVE('',#2897,#2942,#1534,.T.);
#4028=EDGE_CURVE('',#3281,#2897,#2759,.T.);
#4029=EDGE_CURVE('',#2844,#3282,#1535,.T.);
#4030=EDGE_CURVE('',#3282,#3255,#1536,.T.);
#4031=EDGE_CURVE('',#3283,#3284,#1537,.T.);
#4032=EDGE_CURVE('',#3284,#3282,#2760,.T.);
#4033=EDGE_CURVE('',#2844,#3283,#2761,.T.);
#4034=EDGE_CURVE('',#3285,#3286,#1538,.T.);
#4035=EDGE_CURVE('',#3286,#3284,#1539,.T.);
#4036=EDGE_CURVE('',#3283,#3285,#1540,.T.);
#4037=EDGE_CURVE('',#3287,#3288,#1541,.T.);
#4038=EDGE_CURVE('',#3288,#3286,#2762,.T.);
#4039=EDGE_CURVE('',#3285,#3287,#2763,.T.);
#4040=EDGE_CURVE('',#3288,#3261,#1542,.T.);
#4041=EDGE_CURVE('',#3287,#3262,#1543,.T.);
#4042=EDGE_CURVE('',#3289,#3290,#2764,.T.);
#4043=EDGE_CURVE('',#3289,#3027,#1544,.T.);
#4044=EDGE_CURVE('',#3026,#3290,#1545,.T.);
#4045=EDGE_CURVE('',#2894,#3025,#1546,.T.);
#4046=EDGE_CURVE('',#3290,#3263,#1547,.T.);
#4047=EDGE_CURVE('',#3291,#3292,#2765,.T.);
#4048=EDGE_CURVE('',#3291,#3029,#1548,.T.);
#4049=EDGE_CURVE('',#3028,#3292,#1549,.T.);
#4050=EDGE_CURVE('',#3292,#3289,#1550,.T.);
#4051=EDGE_CURVE('',#3293,#3294,#2766,.T.);
#4052=EDGE_CURVE('',#3293,#3033,#1551,.T.);
#4053=EDGE_CURVE('',#3032,#3294,#1552,.T.);
#4054=EDGE_CURVE('',#2890,#3031,#1553,.T.);
#4055=EDGE_CURVE('',#3294,#3265,#1554,.T.);
#4056=EDGE_CURVE('',#3295,#3296,#2767,.T.);
#4057=EDGE_CURVE('',#3295,#3035,#1555,.T.);
#4058=EDGE_CURVE('',#3034,#3296,#1556,.T.);
#4059=EDGE_CURVE('',#3296,#3293,#1557,.T.);
#4060=EDGE_CURVE('',#3297,#3298,#2768,.T.);
#4061=EDGE_CURVE('',#3297,#3039,#1558,.T.);
#4062=EDGE_CURVE('',#3038,#3298,#1559,.T.);
#4063=EDGE_CURVE('',#2886,#3037,#1560,.T.);
#4064=EDGE_CURVE('',#3298,#3267,#1561,.T.);
#4065=EDGE_CURVE('',#3299,#3300,#2769,.T.);
#4066=EDGE_CURVE('',#3299,#3041,#1562,.T.);
#4067=EDGE_CURVE('',#3040,#3300,#1563,.T.);
#4068=EDGE_CURVE('',#3300,#3297,#1564,.T.);
#4069=EDGE_CURVE('',#3301,#3302,#2770,.T.);
#4070=EDGE_CURVE('',#3301,#3045,#1565,.T.);
#4071=EDGE_CURVE('',#3044,#3302,#1566,.T.);
#4072=EDGE_CURVE('',#3303,#3301,#1567,.T.);
#4073=EDGE_CURVE('',#3046,#3303,#1568,.T.);
#4074=EDGE_CURVE('',#3304,#3303,#2771,.T.);
#4075=EDGE_CURVE('',#3304,#2967,#1569,.T.);
#4076=EDGE_CURVE('',#3302,#3269,#1570,.T.);
#4077=EDGE_CURVE('',#3270,#3304,#1571,.T.);
#4078=EDGE_CURVE('',#3183,#3138,#1572,.T.);
#4079=EDGE_CURVE('',#3145,#3184,#1573,.T.);
#4080=EDGE_CURVE('',#3139,#3182,#1574,.T.);
#4081=EDGE_CURVE('',#3181,#3140,#1575,.T.);
#4082=EDGE_CURVE('',#3191,#3129,#1576,.T.);
#4083=EDGE_CURVE('',#3136,#3192,#1577,.T.);
#4084=EDGE_CURVE('',#3130,#3190,#1578,.T.);
#4085=EDGE_CURVE('',#3189,#3131,#1579,.T.);
#4086=EDGE_CURVE('',#3199,#3152,#1580,.T.);
#4087=EDGE_CURVE('',#3151,#3200,#1581,.T.);
#4088=EDGE_CURVE('',#3153,#3198,#1582,.T.);
#4089=EDGE_CURVE('',#3197,#3146,#1583,.T.);
#4090=EDGE_CURVE('',#3207,#3160,#1584,.T.);
#4091=EDGE_CURVE('',#3159,#3208,#1585,.T.);
#4092=EDGE_CURVE('',#3161,#3206,#1586,.T.);
#4093=EDGE_CURVE('',#3205,#3154,#1587,.T.);
#4094=EDGE_CURVE('',#3173,#2995,#1588,.T.);
#4095=EDGE_CURVE('',#2994,#3174,#1589,.T.);
#4096=EDGE_CURVE('',#2862,#2993,#1590,.T.);
#4097=EDGE_CURVE('',#3171,#2997,#1591,.T.);
#4098=EDGE_CURVE('',#2996,#3172,#1592,.T.);
#4099=EDGE_CURVE('',#3245,#3127,#1593,.T.);
#4100=EDGE_CURVE('',#3126,#3246,#1594,.T.);
#4101=EDGE_CURVE('',#3128,#3244,#1595,.T.);
#4102=EDGE_CURVE('',#3243,#3121,#1596,.T.);
#4103=EDGE_CURVE('',#3253,#3168,#1597,.T.);
#4104=EDGE_CURVE('',#3167,#3254,#1598,.T.);
#4105=EDGE_CURVE('',#3169,#3252,#1599,.T.);
#4106=EDGE_CURVE('',#3251,#3162,#1600,.T.);
#4107=EDGE_CURVE('',#3305,#3306,#2772,.T.);
#4108=EDGE_CURVE('',#3305,#3013,#1601,.T.);
#4109=EDGE_CURVE('',#3012,#3306,#1602,.T.);
#4110=EDGE_CURVE('',#3307,#3305,#1603,.T.);
#4111=EDGE_CURVE('',#3014,#3307,#1604,.T.);
#4112=EDGE_CURVE('',#3308,#3307,#2773,.T.);
#4113=EDGE_CURVE('',#3308,#3015,#1605,.T.);
#4114=EDGE_CURVE('',#3277,#3308,#1606,.T.);
#4115=EDGE_CURVE('',#3306,#3276,#1607,.T.);
#4116=EDGE_CURVE('',#2833,#3170,#1608,.T.);
#4117=EDGE_CURVE('',#3047,#3309,#1609,.T.);
#4118=EDGE_CURVE('',#3310,#3309,#1610,.T.);
#4119=EDGE_CURVE('',#3048,#3310,#1611,.T.);
#4120=EDGE_CURVE('',#3311,#3310,#1612,.T.);
#4121=EDGE_CURVE('',#3049,#3311,#1613,.T.);
#4122=EDGE_CURVE('',#3312,#3311,#1614,.T.);
#4123=EDGE_CURVE('',#3050,#3312,#1615,.T.);
#4124=EDGE_CURVE('',#3313,#3312,#1616,.T.);
#4125=EDGE_CURVE('',#3051,#3313,#1617,.T.);
#4126=EDGE_CURVE('',#3314,#3313,#1618,.T.);
#4127=EDGE_CURVE('',#3052,#3314,#1619,.T.);
#4128=EDGE_CURVE('',#3315,#3314,#1620,.T.);
#4129=EDGE_CURVE('',#3053,#3315,#1621,.T.);
#4130=EDGE_CURVE('',#3316,#3315,#1622,.T.);
#4131=EDGE_CURVE('',#3054,#3316,#1623,.T.);
#4132=EDGE_CURVE('',#3317,#3316,#1624,.T.);
#4133=EDGE_CURVE('',#3055,#3317,#1625,.T.);
#4134=EDGE_CURVE('',#3318,#3317,#1626,.T.);
#4135=EDGE_CURVE('',#3056,#3318,#1627,.T.);
#4136=EDGE_CURVE('',#3319,#3318,#1628,.T.);
#4137=EDGE_CURVE('',#3057,#3319,#1629,.T.);
#4138=EDGE_CURVE('',#3320,#3319,#1630,.T.);
#4139=EDGE_CURVE('',#3058,#3320,#1631,.T.);
#4140=EDGE_CURVE('',#3321,#3320,#1632,.T.);
#4141=EDGE_CURVE('',#3059,#3321,#1633,.T.);
#4142=EDGE_CURVE('',#3309,#3321,#1634,.T.);
#4143=EDGE_CURVE('',#3060,#3322,#1635,.T.);
#4144=EDGE_CURVE('',#3323,#3322,#1636,.T.);
#4145=EDGE_CURVE('',#3061,#3323,#1637,.T.);
#4146=EDGE_CURVE('',#3324,#3323,#20,.T.);
#4147=EDGE_CURVE('',#3062,#3324,#1638,.T.);
#4148=EDGE_CURVE('',#3325,#3324,#21,.T.);
#4149=EDGE_CURVE('',#3063,#3325,#1639,.T.);
#4150=EDGE_CURVE('',#3326,#3325,#1640,.T.);
#4151=EDGE_CURVE('',#3064,#3326,#1641,.T.);
#4152=EDGE_CURVE('',#3327,#3326,#22,.T.);
#4153=EDGE_CURVE('',#3065,#3327,#1642,.T.);
#4154=EDGE_CURVE('',#3328,#3327,#1643,.T.);
#4155=EDGE_CURVE('',#3066,#3328,#1644,.T.);
#4156=EDGE_CURVE('',#3329,#3328,#1645,.T.);
#4157=EDGE_CURVE('',#3067,#3329,#1646,.T.);
#4158=EDGE_CURVE('',#3330,#3329,#1647,.T.);
#4159=EDGE_CURVE('',#3068,#3330,#1648,.T.);
#4160=EDGE_CURVE('',#3322,#3330,#1649,.T.);
#4161=EDGE_CURVE('',#3069,#3331,#1650,.T.);
#4162=EDGE_CURVE('',#3332,#3331,#1651,.T.);
#4163=EDGE_CURVE('',#3070,#3332,#1652,.T.);
#4164=EDGE_CURVE('',#3333,#3332,#1653,.T.);
#4165=EDGE_CURVE('',#3071,#3333,#1654,.T.);
#4166=EDGE_CURVE('',#3334,#3333,#1655,.T.);
#4167=EDGE_CURVE('',#3072,#3334,#1656,.T.);
#4168=EDGE_CURVE('',#3335,#3334,#1657,.T.);
#4169=EDGE_CURVE('',#3073,#3335,#1658,.T.);
#4170=EDGE_CURVE('',#3336,#3335,#1659,.T.);
#4171=EDGE_CURVE('',#3074,#3336,#1660,.T.);
#4172=EDGE_CURVE('',#3337,#3336,#1661,.T.);
#4173=EDGE_CURVE('',#3075,#3337,#1662,.T.);
#4174=EDGE_CURVE('',#3338,#3337,#1663,.T.);
#4175=EDGE_CURVE('',#3076,#3338,#1664,.T.);
#4176=EDGE_CURVE('',#3339,#3338,#1665,.T.);
#4177=EDGE_CURVE('',#3077,#3339,#1666,.T.);
#4178=EDGE_CURVE('',#3340,#3339,#1667,.T.);
#4179=EDGE_CURVE('',#3078,#3340,#1668,.T.);
#4180=EDGE_CURVE('',#3341,#3340,#1669,.T.);
#4181=EDGE_CURVE('',#3079,#3341,#1670,.T.);
#4182=EDGE_CURVE('',#3342,#3341,#1671,.T.);
#4183=EDGE_CURVE('',#3080,#3342,#1672,.T.);
#4184=EDGE_CURVE('',#3331,#3342,#1673,.T.);
#4185=EDGE_CURVE('',#3081,#3343,#1674,.T.);
#4186=EDGE_CURVE('',#3344,#3343,#1675,.T.);
#4187=EDGE_CURVE('',#3082,#3344,#1676,.T.);
#4188=EDGE_CURVE('',#3345,#3344,#1677,.T.);
#4189=EDGE_CURVE('',#3083,#3345,#1678,.T.);
#4190=EDGE_CURVE('',#3346,#3345,#1679,.T.);
#4191=EDGE_CURVE('',#3084,#3346,#1680,.T.);
#4192=EDGE_CURVE('',#3347,#3346,#1681,.T.);
#4193=EDGE_CURVE('',#3085,#3347,#1682,.T.);
#4194=EDGE_CURVE('',#3348,#3347,#1683,.T.);
#4195=EDGE_CURVE('',#3086,#3348,#1684,.T.);
#4196=EDGE_CURVE('',#3349,#3348,#1685,.T.);
#4197=EDGE_CURVE('',#3087,#3349,#1686,.T.);
#4198=EDGE_CURVE('',#3350,#3349,#1687,.T.);
#4199=EDGE_CURVE('',#3088,#3350,#1688,.T.);
#4200=EDGE_CURVE('',#3351,#3350,#1689,.T.);
#4201=EDGE_CURVE('',#3089,#3351,#1690,.T.);
#4202=EDGE_CURVE('',#3352,#3351,#1691,.T.);
#4203=EDGE_CURVE('',#3090,#3352,#1692,.T.);
#4204=EDGE_CURVE('',#3353,#3352,#1693,.T.);
#4205=EDGE_CURVE('',#3091,#3353,#1694,.T.);
#4206=EDGE_CURVE('',#3354,#3353,#1695,.T.);
#4207=EDGE_CURVE('',#3092,#3354,#1696,.T.);
#4208=EDGE_CURVE('',#3343,#3354,#1697,.T.);
#4209=EDGE_CURVE('',#3093,#3355,#1698,.T.);
#4210=EDGE_CURVE('',#3356,#3355,#1699,.T.);
#4211=EDGE_CURVE('',#3094,#3356,#1700,.T.);
#4212=EDGE_CURVE('',#3357,#3356,#1701,.T.);
#4213=EDGE_CURVE('',#3095,#3357,#1702,.T.);
#4214=EDGE_CURVE('',#3358,#3357,#1703,.T.);
#4215=EDGE_CURVE('',#3096,#3358,#1704,.T.);
#4216=EDGE_CURVE('',#3355,#3358,#1705,.T.);
#4217=EDGE_CURVE('',#3097,#3359,#1706,.T.);
#4218=EDGE_CURVE('',#3360,#3359,#1707,.T.);
#4219=EDGE_CURVE('',#3098,#3360,#1708,.T.);
#4220=EDGE_CURVE('',#3361,#3360,#1709,.T.);
#4221=EDGE_CURVE('',#3099,#3361,#1710,.T.);
#4222=EDGE_CURVE('',#3362,#3361,#1711,.T.);
#4223=EDGE_CURVE('',#3100,#3362,#1712,.T.);
#4224=EDGE_CURVE('',#3359,#3362,#1713,.T.);
#4225=EDGE_CURVE('',#3101,#3363,#1714,.T.);
#4226=EDGE_CURVE('',#3364,#3363,#1715,.T.);
#4227=EDGE_CURVE('',#3102,#3364,#1716,.T.);
#4228=EDGE_CURVE('',#3365,#3364,#1717,.T.);
#4229=EDGE_CURVE('',#3103,#3365,#1718,.T.);
#4230=EDGE_CURVE('',#3366,#3365,#1719,.T.);
#4231=EDGE_CURVE('',#3104,#3366,#1720,.T.);
#4232=EDGE_CURVE('',#3367,#3366,#1721,.T.);
#4233=EDGE_CURVE('',#3105,#3367,#1722,.T.);
#4234=EDGE_CURVE('',#3368,#3367,#1723,.T.);
#4235=EDGE_CURVE('',#3106,#3368,#1724,.T.);
#4236=EDGE_CURVE('',#3369,#3368,#1725,.T.);
#4237=EDGE_CURVE('',#3107,#3369,#1726,.T.);
#4238=EDGE_CURVE('',#3370,#3369,#1727,.T.);
#4239=EDGE_CURVE('',#3108,#3370,#1728,.T.);
#4240=EDGE_CURVE('',#3363,#3370,#1729,.T.);
#4241=EDGE_CURVE('',#3109,#3371,#1730,.T.);
#4242=EDGE_CURVE('',#3372,#3371,#1731,.T.);
#4243=EDGE_CURVE('',#3110,#3372,#1732,.T.);
#4244=EDGE_CURVE('',#3373,#3372,#1733,.T.);
#4245=EDGE_CURVE('',#3111,#3373,#1734,.T.);
#4246=EDGE_CURVE('',#3374,#3373,#1735,.T.);
#4247=EDGE_CURVE('',#3112,#3374,#1736,.T.);
#4248=EDGE_CURVE('',#3375,#3374,#1737,.T.);
#4249=EDGE_CURVE('',#3113,#3375,#1738,.T.);
#4250=EDGE_CURVE('',#3376,#3375,#1739,.T.);
#4251=EDGE_CURVE('',#3114,#3376,#1740,.T.);
#4252=EDGE_CURVE('',#3371,#3376,#1741,.T.);
#4253=EDGE_CURVE('',#3115,#3377,#1742,.T.);
#4254=EDGE_CURVE('',#3378,#3377,#1743,.T.);
#4255=EDGE_CURVE('',#3116,#3378,#1744,.T.);
#4256=EDGE_CURVE('',#3379,#3378,#1745,.T.);
#4257=EDGE_CURVE('',#3117,#3379,#1746,.T.);
#4258=EDGE_CURVE('',#3380,#3379,#1747,.T.);
#4259=EDGE_CURVE('',#3118,#3380,#1748,.T.);
#4260=EDGE_CURVE('',#3381,#3380,#1749,.T.);
#4261=EDGE_CURVE('',#3119,#3381,#1750,.T.);
#4262=EDGE_CURVE('',#3382,#3381,#1751,.T.);
#4263=EDGE_CURVE('',#3120,#3382,#1752,.T.);
#4264=EDGE_CURVE('',#3377,#3382,#1753,.T.);
#4265=EDGE_CURVE('',#2968,#2879,#1754,.T.);
#4266=EDGE_CURVE('',#2974,#2875,#1755,.T.);
#4267=EDGE_CURVE('',#3271,#3212,#1756,.T.);
#4268=EDGE_CURVE('',#2980,#2871,#1757,.T.);
#4269=EDGE_CURVE('',#3272,#3217,#1758,.T.);
#4270=EDGE_CURVE('',#2986,#2867,#1759,.T.);
#4271=EDGE_CURVE('',#3273,#3222,#1760,.T.);
#4272=EDGE_CURVE('',#2992,#2863,#1761,.T.);
#4273=EDGE_CURVE('',#3274,#3227,#1762,.T.);
#4274=EDGE_CURVE('',#3030,#2891,#1763,.T.);
#4275=EDGE_CURVE('',#3264,#3291,#1764,.T.);
#4276=EDGE_CURVE('',#3036,#2887,#1765,.T.);
#4277=EDGE_CURVE('',#3266,#3295,#1766,.T.);
#4278=EDGE_CURVE('',#2882,#3043,#1767,.T.);
#4279=EDGE_CURVE('',#3042,#2883,#1768,.T.);
#4280=EDGE_CURVE('',#3268,#3299,#1769,.T.);
#4281=EDGE_CURVE('',#2998,#2859,#1770,.T.);
#4282=EDGE_CURVE('',#3004,#2855,#1771,.T.);
#4283=EDGE_CURVE('',#3278,#3232,#1772,.T.);
#4284=EDGE_CURVE('',#3010,#2851,#1773,.T.);
#4285=EDGE_CURVE('',#2850,#3011,#1774,.T.);
#4286=EDGE_CURVE('',#3275,#3237,#1775,.T.);
#4287=EDGE_CURVE('',#3383,#3383,#2774,.T.);
#4288=EDGE_CURVE('',#3384,#3384,#2775,.T.);
#4289=EDGE_CURVE('',#2834,#3137,#1776,.T.);
#4290=EDGE_CURVE('',#2925,#3385,#1777,.T.);
#4291=EDGE_CURVE('',#3385,#2935,#2776,.T.);
#4292=EDGE_CURVE('',#3386,#2929,#1778,.T.);
#4293=EDGE_CURVE('',#3385,#3386,#1779,.T.);
#4294=EDGE_CURVE('',#2933,#3386,#2777,.T.);
#4295=EDGE_CURVE('',#2963,#3387,#1780,.T.);
#4296=EDGE_CURVE('',#3388,#3387,#1781,.T.);
#4297=EDGE_CURVE('',#2964,#3388,#1782,.T.);
#4298=EDGE_CURVE('',#3389,#3388,#1783,.T.);
#4299=EDGE_CURVE('',#2965,#3389,#1784,.T.);
#4300=EDGE_CURVE('',#3390,#3389,#1785,.T.);
#4301=EDGE_CURVE('',#2966,#3390,#1786,.T.);
#4302=EDGE_CURVE('',#3387,#3390,#1787,.T.);
#4303=EDGE_CURVE('',#2951,#3391,#1788,.T.);
#4304=EDGE_CURVE('',#3392,#3391,#1789,.T.);
#4305=EDGE_CURVE('',#2952,#3392,#1790,.T.);
#4306=EDGE_CURVE('',#3393,#3392,#1791,.T.);
#4307=EDGE_CURVE('',#2953,#3393,#1792,.T.);
#4308=EDGE_CURVE('',#3394,#3393,#1793,.T.);
#4309=EDGE_CURVE('',#2954,#3394,#1794,.T.);
#4310=EDGE_CURVE('',#3395,#3394,#1795,.T.);
#4311=EDGE_CURVE('',#2955,#3395,#1796,.T.);
#4312=EDGE_CURVE('',#3396,#3395,#1797,.T.);
#4313=EDGE_CURVE('',#2956,#3396,#1798,.T.);
#4314=EDGE_CURVE('',#3397,#3396,#1799,.T.);
#4315=EDGE_CURVE('',#2957,#3397,#1800,.T.);
#4316=EDGE_CURVE('',#3398,#3397,#1801,.T.);
#4317=EDGE_CURVE('',#2958,#3398,#1802,.T.);
#4318=EDGE_CURVE('',#3399,#3398,#1803,.T.);
#4319=EDGE_CURVE('',#2959,#3399,#1804,.T.);
#4320=EDGE_CURVE('',#3400,#3399,#1805,.T.);
#4321=EDGE_CURVE('',#2960,#3400,#1806,.T.);
#4322=EDGE_CURVE('',#3401,#3400,#1807,.T.);
#4323=EDGE_CURVE('',#2961,#3401,#1808,.T.);
#4324=EDGE_CURVE('',#3402,#3401,#1809,.T.);
#4325=EDGE_CURVE('',#2962,#3402,#1810,.T.);
#4326=EDGE_CURVE('',#3391,#3402,#1811,.T.);
#4327=EDGE_CURVE('',#2916,#2900,#1812,.T.);
#4328=EDGE_CURVE('',#2899,#2917,#1813,.T.);
#4329=EDGE_CURVE('',#2898,#2909,#1814,.T.);
#4330=EDGE_CURVE('',#2822,#2824,#1815,.T.);
#4331=EDGE_CURVE('',#3403,#2921,#1816,.T.);
#4332=EDGE_CURVE('',#2938,#3403,#1817,.T.);
#4333=EDGE_CURVE('',#2842,#3404,#1818,.T.);
#4334=EDGE_CURVE('',#3404,#3405,#1819,.T.);
#4335=EDGE_CURVE('',#2843,#3405,#1820,.T.);
#4336=EDGE_CURVE('',#3406,#3407,#1821,.T.);
#4337=EDGE_CURVE('',#3407,#3404,#2778,.T.);
#4338=EDGE_CURVE('',#2842,#3406,#2779,.T.);
#4339=EDGE_CURVE('',#3408,#3409,#1822,.T.);
#4340=EDGE_CURVE('',#3409,#3407,#1823,.T.);
#4341=EDGE_CURVE('',#3406,#3408,#1824,.T.);
#4342=EDGE_CURVE('',#3410,#3411,#1825,.T.);
#4343=EDGE_CURVE('',#3411,#3409,#2780,.T.);
#4344=EDGE_CURVE('',#3408,#3410,#2781,.T.);
#4345=EDGE_CURVE('',#3412,#3413,#1826,.T.);
#4346=EDGE_CURVE('',#3413,#3411,#1827,.T.);
#4347=EDGE_CURVE('',#3410,#3412,#1828,.T.);
#4348=EDGE_CURVE('',#3414,#3415,#1829,.T.);
#4349=EDGE_CURVE('',#3415,#3413,#2782,.T.);
#4350=EDGE_CURVE('',#3412,#3414,#2783,.T.);
#4351=EDGE_CURVE('',#3416,#3417,#1830,.T.);
#4352=EDGE_CURVE('',#3417,#3415,#1831,.T.);
#4353=EDGE_CURVE('',#3414,#3416,#1832,.T.);
#4354=EDGE_CURVE('',#3405,#3417,#2784,.T.);
#4355=EDGE_CURVE('',#3416,#2843,#2785,.T.);
#4356=EDGE_CURVE('',#3418,#3418,#2786,.T.);
#4357=EDGE_CURVE('',#3419,#3419,#2787,.T.);
#4358=EDGE_CURVE('',#3420,#3420,#2788,.T.);
#4359=EDGE_CURVE('',#3421,#3421,#2789,.T.);
#4360=EDGE_CURVE('',#2908,#2907,#1833,.T.);
#4361=EDGE_CURVE('',#2931,#2818,#1834,.T.);
#4362=EDGE_CURVE('',#3408,#3280,#1835,.T.);
#4363=EDGE_CURVE('',#3406,#3281,#1836,.T.);
#4364=EDGE_CURVE('',#3403,#2937,#1837,.T.);
#4365=EDGE_CURVE('',#3410,#3279,#1838,.T.);
#4366=EDGE_CURVE('',#3412,#3287,#1839,.T.);
#4367=EDGE_CURVE('',#3418,#2950,#1840,.T.);
#4368=EDGE_CURVE('',#3419,#3384,#1841,.T.);
#4369=EDGE_CURVE('',#3420,#2949,#1842,.T.);
#4370=EDGE_CURVE('',#3421,#3383,#1843,.T.);
#4371=EDGE_CURVE('',#3414,#3285,#1844,.T.);
#4372=EDGE_CURVE('',#3416,#3283,#1845,.T.);
#4373=EDGE_CURVE('',#3422,#3422,#2790,.T.);
#4374=EDGE_CURVE('',#3423,#3423,#2791,.T.);
#4375=EDGE_CURVE('',#3423,#3424,#1846,.T.);
#4376=EDGE_CURVE('',#3424,#3424,#2792,.T.);
#4377=EDGE_CURVE('',#3425,#3425,#2793,.T.);
#4378=EDGE_CURVE('',#3425,#3426,#1847,.T.);
#4379=EDGE_CURVE('',#3426,#3426,#2794,.T.);
#4380=EDGE_CURVE('',#3427,#3427,#2795,.T.);
#4381=EDGE_CURVE('',#3427,#3428,#1848,.T.);
#4382=EDGE_CURVE('',#3428,#3428,#2796,.T.);
#4383=EDGE_CURVE('',#3429,#3429,#2797,.T.);
#4384=EDGE_CURVE('',#3429,#3422,#1849,.T.);
#4385=EDGE_CURVE('',#3430,#3430,#2798,.T.);
#4386=EDGE_CURVE('',#3430,#2835,#1850,.T.);
#4387=ORIENTED_EDGE('',*,*,#3431,.T.);
#4388=ORIENTED_EDGE('',*,*,#3432,.T.);
#4389=ORIENTED_EDGE('',*,*,#3433,.F.);
#4390=ORIENTED_EDGE('',*,*,#3434,.F.);
#4391=ORIENTED_EDGE('',*,*,#3435,.F.);
#4392=ORIENTED_EDGE('',*,*,#3436,.T.);
#4393=ORIENTED_EDGE('',*,*,#3437,.F.);
#4394=ORIENTED_EDGE('',*,*,#3438,.F.);
#4395=ORIENTED_EDGE('',*,*,#3434,.T.);
#4396=ORIENTED_EDGE('',*,*,#3439,.F.);
#4397=ORIENTED_EDGE('',*,*,#3440,.T.);
#4398=ORIENTED_EDGE('',*,*,#3441,.T.);
#4399=ORIENTED_EDGE('',*,*,#3435,.T.);
#4400=ORIENTED_EDGE('',*,*,#3441,.F.);
#4401=ORIENTED_EDGE('',*,*,#3442,.T.);
#4402=ORIENTED_EDGE('',*,*,#3443,.T.);
#4403=ORIENTED_EDGE('',*,*,#3433,.T.);
#4404=ORIENTED_EDGE('',*,*,#3444,.T.);
#4405=ORIENTED_EDGE('',*,*,#3445,.T.);
#4406=ORIENTED_EDGE('',*,*,#3439,.T.);
#4407=ORIENTED_EDGE('',*,*,#3446,.T.);
#4408=ORIENTED_EDGE('',*,*,#3438,.T.);
#4409=ORIENTED_EDGE('',*,*,#3447,.F.);
#4410=ORIENTED_EDGE('',*,*,#3448,.T.);
#4411=ORIENTED_EDGE('',*,*,#3437,.T.);
#4412=ORIENTED_EDGE('',*,*,#3449,.T.);
#4413=ORIENTED_EDGE('',*,*,#3450,.T.);
#4414=ORIENTED_EDGE('',*,*,#3447,.T.);
#4415=ORIENTED_EDGE('',*,*,#3449,.F.);
#4416=ORIENTED_EDGE('',*,*,#3436,.F.);
#4417=ORIENTED_EDGE('',*,*,#3443,.F.);
#4418=ORIENTED_EDGE('',*,*,#3451,.T.);
#4419=ORIENTED_EDGE('',*,*,#3452,.T.);
#4420=ORIENTED_EDGE('',*,*,#3448,.F.);
#4421=ORIENTED_EDGE('',*,*,#3450,.F.);
#4422=ORIENTED_EDGE('',*,*,#3451,.F.);
#4423=ORIENTED_EDGE('',*,*,#3442,.F.);
#4424=ORIENTED_EDGE('',*,*,#3440,.F.);
#4425=ORIENTED_EDGE('',*,*,#3445,.F.);
#4426=ORIENTED_EDGE('',*,*,#3453,.T.);
#4427=ORIENTED_EDGE('',*,*,#3454,.T.);
#4428=ORIENTED_EDGE('',*,*,#3453,.F.);
#4429=ORIENTED_EDGE('',*,*,#3444,.F.);
#4430=ORIENTED_EDGE('',*,*,#3432,.F.);
#4431=ORIENTED_EDGE('',*,*,#3431,.F.);
#4432=ORIENTED_EDGE('',*,*,#3446,.F.);
#4433=ORIENTED_EDGE('',*,*,#3452,.F.);
#4434=ORIENTED_EDGE('',*,*,#3454,.F.);
#4435=ORIENTED_EDGE('',*,*,#3455,.T.);
#4436=ORIENTED_EDGE('',*,*,#3456,.F.);
#4437=ORIENTED_EDGE('',*,*,#3457,.F.);
#4438=ORIENTED_EDGE('',*,*,#3458,.T.);
#4439=ORIENTED_EDGE('',*,*,#3459,.T.);
#4440=ORIENTED_EDGE('',*,*,#3460,.F.);
#4441=ORIENTED_EDGE('',*,*,#3461,.F.);
#4442=ORIENTED_EDGE('',*,*,#3462,.F.);
#4443=ORIENTED_EDGE('',*,*,#3456,.T.);
#4444=ORIENTED_EDGE('',*,*,#3463,.T.);
#4445=ORIENTED_EDGE('',*,*,#3464,.F.);
#4446=ORIENTED_EDGE('',*,*,#3465,.F.);
#4447=ORIENTED_EDGE('',*,*,#3466,.F.);
#4448=ORIENTED_EDGE('',*,*,#3467,.F.);
#4449=ORIENTED_EDGE('',*,*,#3468,.F.);
#4450=ORIENTED_EDGE('',*,*,#3469,.F.);
#4451=ORIENTED_EDGE('',*,*,#3470,.F.);
#4452=ORIENTED_EDGE('',*,*,#3471,.F.);
#4453=ORIENTED_EDGE('',*,*,#3472,.F.);
#4454=ORIENTED_EDGE('',*,*,#3473,.F.);
#4455=ORIENTED_EDGE('',*,*,#3474,.F.);
#4456=ORIENTED_EDGE('',*,*,#3475,.F.);
#4457=ORIENTED_EDGE('',*,*,#3476,.F.);
#4458=ORIENTED_EDGE('',*,*,#3472,.T.);
#4459=ORIENTED_EDGE('',*,*,#3477,.T.);
#4460=ORIENTED_EDGE('',*,*,#3478,.F.);
#4461=ORIENTED_EDGE('',*,*,#3479,.F.);
#4462=ORIENTED_EDGE('',*,*,#3471,.T.);
#4463=ORIENTED_EDGE('',*,*,#3480,.T.);
#4464=ORIENTED_EDGE('',*,*,#3481,.F.);
#4465=ORIENTED_EDGE('',*,*,#3477,.F.);
#4466=ORIENTED_EDGE('',*,*,#3468,.T.);
#4467=ORIENTED_EDGE('',*,*,#3482,.F.);
#4468=ORIENTED_EDGE('',*,*,#3483,.T.);
#4469=ORIENTED_EDGE('',*,*,#3484,.T.);
#4470=ORIENTED_EDGE('',*,*,#3467,.T.);
#4471=ORIENTED_EDGE('',*,*,#3485,.F.);
#4472=ORIENTED_EDGE('',*,*,#3486,.T.);
#4473=ORIENTED_EDGE('',*,*,#3482,.T.);
#4474=ORIENTED_EDGE('',*,*,#3487,.T.);
#4475=ORIENTED_EDGE('',*,*,#3488,.T.);
#4476=ORIENTED_EDGE('',*,*,#3489,.F.);
#4477=ORIENTED_EDGE('',*,*,#3490,.F.);
#4478=ORIENTED_EDGE('',*,*,#3491,.F.);
#4479=ORIENTED_EDGE('',*,*,#3492,.T.);
#4480=ORIENTED_EDGE('',*,*,#3493,.F.);
#4481=ORIENTED_EDGE('',*,*,#3494,.T.);
#4482=ORIENTED_EDGE('',*,*,#3495,.F.);
#4483=ORIENTED_EDGE('',*,*,#3496,.T.);
#4484=ORIENTED_EDGE('',*,*,#3497,.F.);
#4485=ORIENTED_EDGE('',*,*,#3498,.T.);
#4486=ORIENTED_EDGE('',*,*,#3499,.F.);
#4487=ORIENTED_EDGE('',*,*,#3500,.T.);
#4488=ORIENTED_EDGE('',*,*,#3501,.F.);
#4489=ORIENTED_EDGE('',*,*,#3502,.T.);
#4490=ORIENTED_EDGE('',*,*,#3503,.F.);
#4491=ORIENTED_EDGE('',*,*,#3504,.T.);
#4492=ORIENTED_EDGE('',*,*,#3505,.F.);
#4493=ORIENTED_EDGE('',*,*,#3506,.F.);
#4494=ORIENTED_EDGE('',*,*,#3507,.F.);
#4495=ORIENTED_EDGE('',*,*,#3508,.F.);
#4496=ORIENTED_EDGE('',*,*,#3509,.F.);
#4497=ORIENTED_EDGE('',*,*,#3510,.F.);
#4498=ORIENTED_EDGE('',*,*,#3511,.F.);
#4499=ORIENTED_EDGE('',*,*,#3512,.F.);
#4500=ORIENTED_EDGE('',*,*,#3513,.F.);
#4501=ORIENTED_EDGE('',*,*,#3514,.F.);
#4502=ORIENTED_EDGE('',*,*,#3515,.F.);
#4503=ORIENTED_EDGE('',*,*,#3516,.F.);
#4504=ORIENTED_EDGE('',*,*,#3517,.F.);
#4505=ORIENTED_EDGE('',*,*,#3518,.F.);
#4506=ORIENTED_EDGE('',*,*,#3519,.F.);
#4507=ORIENTED_EDGE('',*,*,#3520,.F.);
#4508=ORIENTED_EDGE('',*,*,#3521,.F.);
#4509=ORIENTED_EDGE('',*,*,#3522,.F.);
#4510=ORIENTED_EDGE('',*,*,#3523,.F.);
#4511=ORIENTED_EDGE('',*,*,#3524,.F.);
#4512=ORIENTED_EDGE('',*,*,#3525,.F.);
#4513=ORIENTED_EDGE('',*,*,#3526,.F.);
#4514=ORIENTED_EDGE('',*,*,#3527,.F.);
#4515=ORIENTED_EDGE('',*,*,#3528,.F.);
#4516=ORIENTED_EDGE('',*,*,#3529,.F.);
#4517=ORIENTED_EDGE('',*,*,#3530,.F.);
#4518=ORIENTED_EDGE('',*,*,#3531,.F.);
#4519=ORIENTED_EDGE('',*,*,#3532,.F.);
#4520=ORIENTED_EDGE('',*,*,#3533,.F.);
#4521=ORIENTED_EDGE('',*,*,#3534,.F.);
#4522=ORIENTED_EDGE('',*,*,#3535,.F.);
#4523=ORIENTED_EDGE('',*,*,#3536,.F.);
#4524=ORIENTED_EDGE('',*,*,#3537,.F.);
#4525=ORIENTED_EDGE('',*,*,#3538,.F.);
#4526=ORIENTED_EDGE('',*,*,#3539,.F.);
#4527=ORIENTED_EDGE('',*,*,#3540,.F.);
#4528=ORIENTED_EDGE('',*,*,#3541,.F.);
#4529=ORIENTED_EDGE('',*,*,#3542,.F.);
#4530=ORIENTED_EDGE('',*,*,#3543,.T.);
#4531=ORIENTED_EDGE('',*,*,#3544,.F.);
#4532=ORIENTED_EDGE('',*,*,#3545,.T.);
#4533=ORIENTED_EDGE('',*,*,#3546,.F.);
#4534=ORIENTED_EDGE('',*,*,#3547,.T.);
#4535=ORIENTED_EDGE('',*,*,#3548,.T.);
#4536=ORIENTED_EDGE('',*,*,#3549,.F.);
#4537=ORIENTED_EDGE('',*,*,#3550,.T.);
#4538=ORIENTED_EDGE('',*,*,#3551,.F.);
#4539=ORIENTED_EDGE('',*,*,#3552,.T.);
#4540=ORIENTED_EDGE('',*,*,#3553,.F.);
#4541=ORIENTED_EDGE('',*,*,#3554,.F.);
#4542=ORIENTED_EDGE('',*,*,#3555,.F.);
#4543=ORIENTED_EDGE('',*,*,#3556,.F.);
#4544=ORIENTED_EDGE('',*,*,#3557,.F.);
#4545=ORIENTED_EDGE('',*,*,#3558,.F.);
#4546=ORIENTED_EDGE('',*,*,#3559,.F.);
#4547=ORIENTED_EDGE('',*,*,#3560,.F.);
#4548=ORIENTED_EDGE('',*,*,#3561,.F.);
#4549=ORIENTED_EDGE('',*,*,#3562,.F.);
#4550=ORIENTED_EDGE('',*,*,#3563,.F.);
#4551=ORIENTED_EDGE('',*,*,#3564,.F.);
#4552=ORIENTED_EDGE('',*,*,#3565,.F.);
#4553=ORIENTED_EDGE('',*,*,#3459,.F.);
#4554=ORIENTED_EDGE('',*,*,#3566,.F.);
#4555=ORIENTED_EDGE('',*,*,#3463,.F.);
#4556=ORIENTED_EDGE('',*,*,#3455,.F.);
#4557=ORIENTED_EDGE('',*,*,#3567,.F.);
#4558=ORIENTED_EDGE('',*,*,#3568,.F.);
#4559=ORIENTED_EDGE('',*,*,#3569,.F.);
#4560=ORIENTED_EDGE('',*,*,#3570,.F.);
#4561=ORIENTED_EDGE('',*,*,#3571,.F.);
#4562=ORIENTED_EDGE('',*,*,#3572,.F.);
#4563=ORIENTED_EDGE('',*,*,#3573,.F.);
#4564=ORIENTED_EDGE('',*,*,#3574,.F.);
#4565=ORIENTED_EDGE('',*,*,#3575,.F.);
#4566=ORIENTED_EDGE('',*,*,#3576,.F.);
#4567=ORIENTED_EDGE('',*,*,#3559,.T.);
#4568=ORIENTED_EDGE('',*,*,#3577,.T.);
#4569=ORIENTED_EDGE('',*,*,#3546,.T.);
#4570=ORIENTED_EDGE('',*,*,#3578,.T.);
#4571=ORIENTED_EDGE('',*,*,#3558,.T.);
#4572=ORIENTED_EDGE('',*,*,#3579,.F.);
#4573=ORIENTED_EDGE('',*,*,#3547,.F.);
#4574=ORIENTED_EDGE('',*,*,#3577,.F.);
#4575=ORIENTED_EDGE('',*,*,#3557,.T.);
#4576=ORIENTED_EDGE('',*,*,#3580,.F.);
#4577=ORIENTED_EDGE('',*,*,#3548,.F.);
#4578=ORIENTED_EDGE('',*,*,#3579,.T.);
#4579=ORIENTED_EDGE('',*,*,#3556,.T.);
#4580=ORIENTED_EDGE('',*,*,#3581,.T.);
#4581=ORIENTED_EDGE('',*,*,#3549,.T.);
#4582=ORIENTED_EDGE('',*,*,#3580,.T.);
#4583=ORIENTED_EDGE('',*,*,#3555,.T.);
#4584=ORIENTED_EDGE('',*,*,#3582,.F.);
#4585=ORIENTED_EDGE('',*,*,#3550,.F.);
#4586=ORIENTED_EDGE('',*,*,#3581,.F.);
#4587=ORIENTED_EDGE('',*,*,#3565,.T.);
#4588=ORIENTED_EDGE('',*,*,#3583,.F.);
#4589=ORIENTED_EDGE('',*,*,#3584,.F.);
#4590=ORIENTED_EDGE('',*,*,#3460,.T.);
#4591=ORIENTED_EDGE('',*,*,#3564,.T.);
#4592=ORIENTED_EDGE('',*,*,#3585,.F.);
#4593=ORIENTED_EDGE('',*,*,#3586,.F.);
#4594=ORIENTED_EDGE('',*,*,#3583,.T.);
#4595=ORIENTED_EDGE('',*,*,#3574,.T.);
#4596=ORIENTED_EDGE('',*,*,#3587,.F.);
#4597=ORIENTED_EDGE('',*,*,#3588,.F.);
#4598=ORIENTED_EDGE('',*,*,#3589,.F.);
#4599=ORIENTED_EDGE('',*,*,#3573,.T.);
#4600=ORIENTED_EDGE('',*,*,#3590,.T.);
#4601=ORIENTED_EDGE('',*,*,#3591,.T.);
#4602=ORIENTED_EDGE('',*,*,#3587,.T.);
#4603=ORIENTED_EDGE('',*,*,#3572,.T.);
#4604=ORIENTED_EDGE('',*,*,#3592,.F.);
#4605=ORIENTED_EDGE('',*,*,#3593,.F.);
#4606=ORIENTED_EDGE('',*,*,#3590,.F.);
#4607=ORIENTED_EDGE('',*,*,#3569,.T.);
#4608=ORIENTED_EDGE('',*,*,#3594,.F.);
#4609=ORIENTED_EDGE('',*,*,#3595,.F.);
#4610=ORIENTED_EDGE('',*,*,#3596,.T.);
#4611=ORIENTED_EDGE('',*,*,#3568,.T.);
#4612=ORIENTED_EDGE('',*,*,#3597,.F.);
#4613=ORIENTED_EDGE('',*,*,#3598,.F.);
#4614=ORIENTED_EDGE('',*,*,#3594,.T.);
#4615=ORIENTED_EDGE('',*,*,#3470,.T.);
#4616=ORIENTED_EDGE('',*,*,#3599,.T.);
#4617=ORIENTED_EDGE('',*,*,#3600,.F.);
#4618=ORIENTED_EDGE('',*,*,#3480,.F.);
#4619=ORIENTED_EDGE('',*,*,#3473,.T.);
#4620=ORIENTED_EDGE('',*,*,#3479,.T.);
#4621=ORIENTED_EDGE('',*,*,#3601,.F.);
#4622=ORIENTED_EDGE('',*,*,#3599,.F.);
#4623=ORIENTED_EDGE('',*,*,#3466,.T.);
#4624=ORIENTED_EDGE('',*,*,#3602,.T.);
#4625=ORIENTED_EDGE('',*,*,#3603,.T.);
#4626=ORIENTED_EDGE('',*,*,#3485,.T.);
#4627=ORIENTED_EDGE('',*,*,#3469,.T.);
#4628=ORIENTED_EDGE('',*,*,#3484,.F.);
#4629=ORIENTED_EDGE('',*,*,#3604,.T.);
#4630=ORIENTED_EDGE('',*,*,#3602,.F.);
#4631=ORIENTED_EDGE('',*,*,#3481,.T.);
#4632=ORIENTED_EDGE('',*,*,#3600,.T.);
#4633=ORIENTED_EDGE('',*,*,#3601,.T.);
#4634=ORIENTED_EDGE('',*,*,#3478,.T.);
#4635=ORIENTED_EDGE('',*,*,#3605,.F.);
#4636=ORIENTED_EDGE('',*,*,#3606,.F.);
#4637=ORIENTED_EDGE('',*,*,#3607,.T.);
#4638=ORIENTED_EDGE('',*,*,#3608,.F.);
#4639=ORIENTED_EDGE('',*,*,#3609,.F.);
#4640=ORIENTED_EDGE('',*,*,#3610,.F.);
#4641=ORIENTED_EDGE('',*,*,#3611,.F.);
#4642=ORIENTED_EDGE('',*,*,#3612,.F.);
#4643=ORIENTED_EDGE('',*,*,#3613,.T.);
#4644=ORIENTED_EDGE('',*,*,#3614,.T.);
#4645=ORIENTED_EDGE('',*,*,#3615,.T.);
#4646=ORIENTED_EDGE('',*,*,#3616,.T.);
#4647=ORIENTED_EDGE('',*,*,#3617,.T.);
#4648=ORIENTED_EDGE('',*,*,#3618,.T.);
#4649=ORIENTED_EDGE('',*,*,#3619,.T.);
#4650=ORIENTED_EDGE('',*,*,#3620,.T.);
#4651=ORIENTED_EDGE('',*,*,#3621,.T.);
#4652=ORIENTED_EDGE('',*,*,#3622,.T.);
#4653=ORIENTED_EDGE('',*,*,#3623,.T.);
#4654=ORIENTED_EDGE('',*,*,#3624,.T.);
#4655=ORIENTED_EDGE('',*,*,#3625,.T.);
#4656=ORIENTED_EDGE('',*,*,#3626,.T.);
#4657=ORIENTED_EDGE('',*,*,#3627,.T.);
#4658=ORIENTED_EDGE('',*,*,#3628,.T.);
#4659=ORIENTED_EDGE('',*,*,#3629,.T.);
#4660=ORIENTED_EDGE('',*,*,#3630,.T.);
#4661=ORIENTED_EDGE('',*,*,#3631,.T.);
#4662=ORIENTED_EDGE('',*,*,#3632,.F.);
#4663=ORIENTED_EDGE('',*,*,#3633,.T.);
#4664=ORIENTED_EDGE('',*,*,#3634,.F.);
#4665=ORIENTED_EDGE('',*,*,#3635,.F.);
#4666=ORIENTED_EDGE('',*,*,#3636,.F.);
#4667=ORIENTED_EDGE('',*,*,#3637,.F.);
#4668=ORIENTED_EDGE('',*,*,#3638,.F.);
#4669=ORIENTED_EDGE('',*,*,#3639,.T.);
#4670=ORIENTED_EDGE('',*,*,#3640,.F.);
#4671=ORIENTED_EDGE('',*,*,#3641,.F.);
#4672=ORIENTED_EDGE('',*,*,#3642,.F.);
#4673=ORIENTED_EDGE('',*,*,#3643,.F.);
#4674=ORIENTED_EDGE('',*,*,#3644,.F.);
#4675=ORIENTED_EDGE('',*,*,#3645,.T.);
#4676=ORIENTED_EDGE('',*,*,#3646,.F.);
#4677=ORIENTED_EDGE('',*,*,#3647,.F.);
#4678=ORIENTED_EDGE('',*,*,#3648,.F.);
#4679=ORIENTED_EDGE('',*,*,#3649,.F.);
#4680=ORIENTED_EDGE('',*,*,#3650,.F.);
#4681=ORIENTED_EDGE('',*,*,#3651,.T.);
#4682=ORIENTED_EDGE('',*,*,#3652,.F.);
#4683=ORIENTED_EDGE('',*,*,#3653,.F.);
#4684=ORIENTED_EDGE('',*,*,#3654,.F.);
#4685=ORIENTED_EDGE('',*,*,#3655,.F.);
#4686=ORIENTED_EDGE('',*,*,#3656,.F.);
#4687=ORIENTED_EDGE('',*,*,#3657,.T.);
#4688=ORIENTED_EDGE('',*,*,#3658,.F.);
#4689=ORIENTED_EDGE('',*,*,#3659,.T.);
#4690=ORIENTED_EDGE('',*,*,#3660,.F.);
#4691=ORIENTED_EDGE('',*,*,#3661,.T.);
#4692=ORIENTED_EDGE('',*,*,#3662,.F.);
#4693=ORIENTED_EDGE('',*,*,#3663,.F.);
#4694=ORIENTED_EDGE('',*,*,#3664,.F.);
#4695=ORIENTED_EDGE('',*,*,#3665,.F.);
#4696=ORIENTED_EDGE('',*,*,#3666,.F.);
#4697=ORIENTED_EDGE('',*,*,#3667,.T.);
#4698=ORIENTED_EDGE('',*,*,#3668,.F.);
#4699=ORIENTED_EDGE('',*,*,#3669,.F.);
#4700=ORIENTED_EDGE('',*,*,#3670,.F.);
#4701=ORIENTED_EDGE('',*,*,#3671,.F.);
#4702=ORIENTED_EDGE('',*,*,#3672,.F.);
#4703=ORIENTED_EDGE('',*,*,#3673,.T.);
#4704=ORIENTED_EDGE('',*,*,#3674,.F.);
#4705=ORIENTED_EDGE('',*,*,#3675,.F.);
#4706=ORIENTED_EDGE('',*,*,#3676,.F.);
#4707=ORIENTED_EDGE('',*,*,#3677,.T.);
#4708=ORIENTED_EDGE('',*,*,#3678,.F.);
#4709=ORIENTED_EDGE('',*,*,#3679,.T.);
#4710=ORIENTED_EDGE('',*,*,#3680,.F.);
#4711=ORIENTED_EDGE('',*,*,#3681,.F.);
#4712=ORIENTED_EDGE('',*,*,#3682,.F.);
#4713=ORIENTED_EDGE('',*,*,#3683,.F.);
#4714=ORIENTED_EDGE('',*,*,#3684,.T.);
#4715=ORIENTED_EDGE('',*,*,#3685,.F.);
#4716=ORIENTED_EDGE('',*,*,#3686,.T.);
#4717=ORIENTED_EDGE('',*,*,#3687,.F.);
#4718=ORIENTED_EDGE('',*,*,#3688,.F.);
#4719=ORIENTED_EDGE('',*,*,#3689,.F.);
#4720=ORIENTED_EDGE('',*,*,#3690,.F.);
#4721=ORIENTED_EDGE('',*,*,#3691,.T.);
#4722=ORIENTED_EDGE('',*,*,#3692,.F.);
#4723=ORIENTED_EDGE('',*,*,#3693,.T.);
#4724=ORIENTED_EDGE('',*,*,#3694,.F.);
#4725=ORIENTED_EDGE('',*,*,#3695,.F.);
#4726=ORIENTED_EDGE('',*,*,#3696,.F.);
#4727=ORIENTED_EDGE('',*,*,#3697,.T.);
#4728=ORIENTED_EDGE('',*,*,#3698,.F.);
#4729=ORIENTED_EDGE('',*,*,#3699,.T.);
#4730=ORIENTED_EDGE('',*,*,#3700,.F.);
#4731=ORIENTED_EDGE('',*,*,#3701,.F.);
#4732=ORIENTED_EDGE('',*,*,#3702,.F.);
#4733=ORIENTED_EDGE('',*,*,#3703,.T.);
#4734=ORIENTED_EDGE('',*,*,#3704,.F.);
#4735=ORIENTED_EDGE('',*,*,#3705,.T.);
#4736=ORIENTED_EDGE('',*,*,#3706,.F.);
#4737=ORIENTED_EDGE('',*,*,#3707,.F.);
#4738=ORIENTED_EDGE('',*,*,#3708,.F.);
#4739=ORIENTED_EDGE('',*,*,#3709,.T.);
#4740=ORIENTED_EDGE('',*,*,#3710,.F.);
#4741=ORIENTED_EDGE('',*,*,#3711,.T.);
#4742=ORIENTED_EDGE('',*,*,#3712,.T.);
#4743=ORIENTED_EDGE('',*,*,#3713,.T.);
#4744=ORIENTED_EDGE('',*,*,#3714,.T.);
#4745=ORIENTED_EDGE('',*,*,#3715,.T.);
#4746=ORIENTED_EDGE('',*,*,#3716,.T.);
#4747=ORIENTED_EDGE('',*,*,#3717,.T.);
#4748=ORIENTED_EDGE('',*,*,#3718,.T.);
#4749=ORIENTED_EDGE('',*,*,#3719,.T.);
#4750=ORIENTED_EDGE('',*,*,#3720,.T.);
#4751=ORIENTED_EDGE('',*,*,#3721,.T.);
#4752=ORIENTED_EDGE('',*,*,#3722,.T.);
#4753=ORIENTED_EDGE('',*,*,#3723,.T.);
#4754=ORIENTED_EDGE('',*,*,#3724,.T.);
#4755=ORIENTED_EDGE('',*,*,#3725,.T.);
#4756=ORIENTED_EDGE('',*,*,#3726,.T.);
#4757=ORIENTED_EDGE('',*,*,#3727,.T.);
#4758=ORIENTED_EDGE('',*,*,#3728,.T.);
#4759=ORIENTED_EDGE('',*,*,#3729,.T.);
#4760=ORIENTED_EDGE('',*,*,#3730,.T.);
#4761=ORIENTED_EDGE('',*,*,#3731,.T.);
#4762=ORIENTED_EDGE('',*,*,#3732,.T.);
#4763=ORIENTED_EDGE('',*,*,#3733,.T.);
#4764=ORIENTED_EDGE('',*,*,#3734,.T.);
#4765=ORIENTED_EDGE('',*,*,#3735,.T.);
#4766=ORIENTED_EDGE('',*,*,#3736,.T.);
#4767=ORIENTED_EDGE('',*,*,#3737,.T.);
#4768=ORIENTED_EDGE('',*,*,#3738,.T.);
#4769=ORIENTED_EDGE('',*,*,#3739,.T.);
#4770=ORIENTED_EDGE('',*,*,#3740,.T.);
#4771=ORIENTED_EDGE('',*,*,#3741,.T.);
#4772=ORIENTED_EDGE('',*,*,#3742,.T.);
#4773=ORIENTED_EDGE('',*,*,#3743,.T.);
#4774=ORIENTED_EDGE('',*,*,#3744,.T.);
#4775=ORIENTED_EDGE('',*,*,#3745,.T.);
#4776=ORIENTED_EDGE('',*,*,#3746,.T.);
#4777=ORIENTED_EDGE('',*,*,#3747,.T.);
#4778=ORIENTED_EDGE('',*,*,#3748,.T.);
#4779=ORIENTED_EDGE('',*,*,#3749,.T.);
#4780=ORIENTED_EDGE('',*,*,#3750,.T.);
#4781=ORIENTED_EDGE('',*,*,#3751,.T.);
#4782=ORIENTED_EDGE('',*,*,#3752,.T.);
#4783=ORIENTED_EDGE('',*,*,#3753,.T.);
#4784=ORIENTED_EDGE('',*,*,#3754,.T.);
#4785=ORIENTED_EDGE('',*,*,#3755,.T.);
#4786=ORIENTED_EDGE('',*,*,#3756,.T.);
#4787=ORIENTED_EDGE('',*,*,#3757,.T.);
#4788=ORIENTED_EDGE('',*,*,#3758,.T.);
#4789=ORIENTED_EDGE('',*,*,#3759,.T.);
#4790=ORIENTED_EDGE('',*,*,#3760,.T.);
#4791=ORIENTED_EDGE('',*,*,#3761,.T.);
#4792=ORIENTED_EDGE('',*,*,#3762,.T.);
#4793=ORIENTED_EDGE('',*,*,#3763,.T.);
#4794=ORIENTED_EDGE('',*,*,#3764,.T.);
#4795=ORIENTED_EDGE('',*,*,#3765,.T.);
#4796=ORIENTED_EDGE('',*,*,#3766,.T.);
#4797=ORIENTED_EDGE('',*,*,#3767,.T.);
#4798=ORIENTED_EDGE('',*,*,#3768,.T.);
#4799=ORIENTED_EDGE('',*,*,#3769,.T.);
#4800=ORIENTED_EDGE('',*,*,#3770,.T.);
#4801=ORIENTED_EDGE('',*,*,#3771,.T.);
#4802=ORIENTED_EDGE('',*,*,#3772,.T.);
#4803=ORIENTED_EDGE('',*,*,#3773,.T.);
#4804=ORIENTED_EDGE('',*,*,#3774,.T.);
#4805=ORIENTED_EDGE('',*,*,#3775,.T.);
#4806=ORIENTED_EDGE('',*,*,#3776,.T.);
#4807=ORIENTED_EDGE('',*,*,#3777,.T.);
#4808=ORIENTED_EDGE('',*,*,#3778,.T.);
#4809=ORIENTED_EDGE('',*,*,#3779,.T.);
#4810=ORIENTED_EDGE('',*,*,#3780,.T.);
#4811=ORIENTED_EDGE('',*,*,#3781,.T.);
#4812=ORIENTED_EDGE('',*,*,#3782,.T.);
#4813=ORIENTED_EDGE('',*,*,#3783,.T.);
#4814=ORIENTED_EDGE('',*,*,#3784,.T.);
#4815=ORIENTED_EDGE('',*,*,#3785,.T.);
#4816=ORIENTED_EDGE('',*,*,#3786,.F.);
#4817=ORIENTED_EDGE('',*,*,#3787,.F.);
#4818=ORIENTED_EDGE('',*,*,#3788,.F.);
#4819=ORIENTED_EDGE('',*,*,#3789,.F.);
#4820=ORIENTED_EDGE('',*,*,#3790,.F.);
#4821=ORIENTED_EDGE('',*,*,#3791,.T.);
#4822=ORIENTED_EDGE('',*,*,#3792,.F.);
#4823=ORIENTED_EDGE('',*,*,#3483,.F.);
#4824=ORIENTED_EDGE('',*,*,#3486,.F.);
#4825=ORIENTED_EDGE('',*,*,#3603,.F.);
#4826=ORIENTED_EDGE('',*,*,#3604,.F.);
#4827=ORIENTED_EDGE('',*,*,#3793,.T.);
#4828=ORIENTED_EDGE('',*,*,#3794,.F.);
#4829=ORIENTED_EDGE('',*,*,#3795,.T.);
#4830=ORIENTED_EDGE('',*,*,#3796,.F.);
#4831=ORIENTED_EDGE('',*,*,#3797,.F.);
#4832=ORIENTED_EDGE('',*,*,#3798,.F.);
#4833=ORIENTED_EDGE('',*,*,#3799,.F.);
#4834=ORIENTED_EDGE('',*,*,#3800,.F.);
#4835=ORIENTED_EDGE('',*,*,#3801,.T.);
#4836=ORIENTED_EDGE('',*,*,#3802,.T.);
#4837=ORIENTED_EDGE('',*,*,#3803,.F.);
#4838=ORIENTED_EDGE('',*,*,#3804,.T.);
#4839=ORIENTED_EDGE('',*,*,#3805,.F.);
#4840=ORIENTED_EDGE('',*,*,#3806,.F.);
#4841=ORIENTED_EDGE('',*,*,#3807,.F.);
#4842=ORIENTED_EDGE('',*,*,#3808,.F.);
#4843=ORIENTED_EDGE('',*,*,#3809,.F.);
#4844=ORIENTED_EDGE('',*,*,#3810,.T.);
#4845=ORIENTED_EDGE('',*,*,#3811,.F.);
#4846=ORIENTED_EDGE('',*,*,#3812,.F.);
#4847=ORIENTED_EDGE('',*,*,#3813,.F.);
#4848=ORIENTED_EDGE('',*,*,#3814,.F.);
#4849=ORIENTED_EDGE('',*,*,#3815,.F.);
#4850=ORIENTED_EDGE('',*,*,#3816,.T.);
#4851=ORIENTED_EDGE('',*,*,#3817,.F.);
#4852=ORIENTED_EDGE('',*,*,#3818,.T.);
#4853=ORIENTED_EDGE('',*,*,#3819,.F.);
#4854=ORIENTED_EDGE('',*,*,#3820,.F.);
#4855=ORIENTED_EDGE('',*,*,#3821,.F.);
#4856=ORIENTED_EDGE('',*,*,#3822,.F.);
#4857=ORIENTED_EDGE('',*,*,#3823,.F.);
#4858=ORIENTED_EDGE('',*,*,#3824,.T.);
#4859=ORIENTED_EDGE('',*,*,#3825,.F.);
#4860=ORIENTED_EDGE('',*,*,#3826,.T.);
#4861=ORIENTED_EDGE('',*,*,#3827,.F.);
#4862=ORIENTED_EDGE('',*,*,#3828,.F.);
#4863=ORIENTED_EDGE('',*,*,#3829,.F.);
#4864=ORIENTED_EDGE('',*,*,#3830,.F.);
#4865=ORIENTED_EDGE('',*,*,#3831,.F.);
#4866=ORIENTED_EDGE('',*,*,#3832,.T.);
#4867=ORIENTED_EDGE('',*,*,#3833,.F.);
#4868=ORIENTED_EDGE('',*,*,#3834,.T.);
#4869=ORIENTED_EDGE('',*,*,#3835,.T.);
#4870=ORIENTED_EDGE('',*,*,#3836,.T.);
#4871=ORIENTED_EDGE('',*,*,#3837,.T.);
#4872=ORIENTED_EDGE('',*,*,#3838,.F.);
#4873=ORIENTED_EDGE('',*,*,#3839,.F.);
#4874=ORIENTED_EDGE('',*,*,#3840,.T.);
#4875=ORIENTED_EDGE('',*,*,#3841,.F.);
#4876=ORIENTED_EDGE('',*,*,#3842,.T.);
#4877=ORIENTED_EDGE('',*,*,#3807,.T.);
#4878=ORIENTED_EDGE('',*,*,#3843,.T.);
#4879=ORIENTED_EDGE('',*,*,#3841,.T.);
#4880=ORIENTED_EDGE('',*,*,#3844,.T.);
#4881=ORIENTED_EDGE('',*,*,#3845,.T.);
#4882=ORIENTED_EDGE('',*,*,#3846,.T.);
#4883=ORIENTED_EDGE('',*,*,#3847,.T.);
#4884=ORIENTED_EDGE('',*,*,#3848,.T.);
#4885=ORIENTED_EDGE('',*,*,#3849,.T.);
#4886=ORIENTED_EDGE('',*,*,#3850,.T.);
#4887=ORIENTED_EDGE('',*,*,#3843,.F.);
#4888=ORIENTED_EDGE('',*,*,#3806,.T.);
#4889=ORIENTED_EDGE('',*,*,#3851,.F.);
#4890=ORIENTED_EDGE('',*,*,#3844,.F.);
#4891=ORIENTED_EDGE('',*,*,#3845,.F.);
#4892=ORIENTED_EDGE('',*,*,#3851,.T.);
#4893=ORIENTED_EDGE('',*,*,#3805,.T.);
#4894=ORIENTED_EDGE('',*,*,#3852,.T.);
#4895=ORIENTED_EDGE('',*,*,#3853,.F.);
#4896=ORIENTED_EDGE('',*,*,#3854,.T.);
#4897=ORIENTED_EDGE('',*,*,#3798,.T.);
#4898=ORIENTED_EDGE('',*,*,#3855,.T.);
#4899=ORIENTED_EDGE('',*,*,#3853,.T.);
#4900=ORIENTED_EDGE('',*,*,#3856,.T.);
#4901=ORIENTED_EDGE('',*,*,#3857,.T.);
#4902=ORIENTED_EDGE('',*,*,#3858,.T.);
#4903=ORIENTED_EDGE('',*,*,#3859,.T.);
#4904=ORIENTED_EDGE('',*,*,#3860,.T.);
#4905=ORIENTED_EDGE('',*,*,#3861,.T.);
#4906=ORIENTED_EDGE('',*,*,#3862,.T.);
#4907=ORIENTED_EDGE('',*,*,#3855,.F.);
#4908=ORIENTED_EDGE('',*,*,#3797,.T.);
#4909=ORIENTED_EDGE('',*,*,#3863,.F.);
#4910=ORIENTED_EDGE('',*,*,#3856,.F.);
#4911=ORIENTED_EDGE('',*,*,#3857,.F.);
#4912=ORIENTED_EDGE('',*,*,#3863,.T.);
#4913=ORIENTED_EDGE('',*,*,#3796,.T.);
#4914=ORIENTED_EDGE('',*,*,#3864,.T.);
#4915=ORIENTED_EDGE('',*,*,#3865,.F.);
#4916=ORIENTED_EDGE('',*,*,#3866,.T.);
#4917=ORIENTED_EDGE('',*,*,#3813,.T.);
#4918=ORIENTED_EDGE('',*,*,#3867,.T.);
#4919=ORIENTED_EDGE('',*,*,#3865,.T.);
#4920=ORIENTED_EDGE('',*,*,#3868,.T.);
#4921=ORIENTED_EDGE('',*,*,#3869,.T.);
#4922=ORIENTED_EDGE('',*,*,#3870,.T.);
#4923=ORIENTED_EDGE('',*,*,#3871,.T.);
#4924=ORIENTED_EDGE('',*,*,#3872,.T.);
#4925=ORIENTED_EDGE('',*,*,#3873,.T.);
#4926=ORIENTED_EDGE('',*,*,#3874,.T.);
#4927=ORIENTED_EDGE('',*,*,#3867,.F.);
#4928=ORIENTED_EDGE('',*,*,#3812,.T.);
#4929=ORIENTED_EDGE('',*,*,#3875,.F.);
#4930=ORIENTED_EDGE('',*,*,#3868,.F.);
#4931=ORIENTED_EDGE('',*,*,#3869,.F.);
#4932=ORIENTED_EDGE('',*,*,#3875,.T.);
#4933=ORIENTED_EDGE('',*,*,#3811,.T.);
#4934=ORIENTED_EDGE('',*,*,#3876,.T.);
#4935=ORIENTED_EDGE('',*,*,#3877,.F.);
#4936=ORIENTED_EDGE('',*,*,#3878,.T.);
#4937=ORIENTED_EDGE('',*,*,#3821,.T.);
#4938=ORIENTED_EDGE('',*,*,#3879,.T.);
#4939=ORIENTED_EDGE('',*,*,#3877,.T.);
#4940=ORIENTED_EDGE('',*,*,#3880,.T.);
#4941=ORIENTED_EDGE('',*,*,#3881,.T.);
#4942=ORIENTED_EDGE('',*,*,#3882,.T.);
#4943=ORIENTED_EDGE('',*,*,#3883,.T.);
#4944=ORIENTED_EDGE('',*,*,#3884,.T.);
#4945=ORIENTED_EDGE('',*,*,#3885,.T.);
#4946=ORIENTED_EDGE('',*,*,#3886,.T.);
#4947=ORIENTED_EDGE('',*,*,#3879,.F.);
#4948=ORIENTED_EDGE('',*,*,#3820,.T.);
#4949=ORIENTED_EDGE('',*,*,#3887,.F.);
#4950=ORIENTED_EDGE('',*,*,#3880,.F.);
#4951=ORIENTED_EDGE('',*,*,#3881,.F.);
#4952=ORIENTED_EDGE('',*,*,#3887,.T.);
#4953=ORIENTED_EDGE('',*,*,#3819,.T.);
#4954=ORIENTED_EDGE('',*,*,#3888,.T.);
#4955=ORIENTED_EDGE('',*,*,#3889,.F.);
#4956=ORIENTED_EDGE('',*,*,#3890,.T.);
#4957=ORIENTED_EDGE('',*,*,#3634,.T.);
#4958=ORIENTED_EDGE('',*,*,#3891,.T.);
#4959=ORIENTED_EDGE('',*,*,#3891,.F.);
#4960=ORIENTED_EDGE('',*,*,#3633,.F.);
#4961=ORIENTED_EDGE('',*,*,#3892,.F.);
#4962=ORIENTED_EDGE('',*,*,#3522,.T.);
#4963=ORIENTED_EDGE('',*,*,#3893,.F.);
#4964=ORIENTED_EDGE('',*,*,#3894,.F.);
#4965=ORIENTED_EDGE('',*,*,#3895,.F.);
#4966=ORIENTED_EDGE('',*,*,#3896,.T.);
#4967=ORIENTED_EDGE('',*,*,#3636,.T.);
#4968=ORIENTED_EDGE('',*,*,#3897,.T.);
#4969=ORIENTED_EDGE('',*,*,#3890,.F.);
#4970=ORIENTED_EDGE('',*,*,#3898,.F.);
#4971=ORIENTED_EDGE('',*,*,#3897,.F.);
#4972=ORIENTED_EDGE('',*,*,#3635,.T.);
#4973=ORIENTED_EDGE('',*,*,#3899,.F.);
#4974=ORIENTED_EDGE('',*,*,#3900,.T.);
#4975=ORIENTED_EDGE('',*,*,#3640,.T.);
#4976=ORIENTED_EDGE('',*,*,#3901,.T.);
#4977=ORIENTED_EDGE('',*,*,#3901,.F.);
#4978=ORIENTED_EDGE('',*,*,#3639,.F.);
#4979=ORIENTED_EDGE('',*,*,#3902,.F.);
#4980=ORIENTED_EDGE('',*,*,#3518,.T.);
#4981=ORIENTED_EDGE('',*,*,#3903,.F.);
#4982=ORIENTED_EDGE('',*,*,#3904,.F.);
#4983=ORIENTED_EDGE('',*,*,#3905,.F.);
#4984=ORIENTED_EDGE('',*,*,#3906,.T.);
#4985=ORIENTED_EDGE('',*,*,#3642,.T.);
#4986=ORIENTED_EDGE('',*,*,#3907,.T.);
#4987=ORIENTED_EDGE('',*,*,#3900,.F.);
#4988=ORIENTED_EDGE('',*,*,#3908,.F.);
#4989=ORIENTED_EDGE('',*,*,#3907,.F.);
#4990=ORIENTED_EDGE('',*,*,#3641,.T.);
#4991=ORIENTED_EDGE('',*,*,#3909,.F.);
#4992=ORIENTED_EDGE('',*,*,#3910,.T.);
#4993=ORIENTED_EDGE('',*,*,#3646,.T.);
#4994=ORIENTED_EDGE('',*,*,#3911,.T.);
#4995=ORIENTED_EDGE('',*,*,#3911,.F.);
#4996=ORIENTED_EDGE('',*,*,#3645,.F.);
#4997=ORIENTED_EDGE('',*,*,#3912,.F.);
#4998=ORIENTED_EDGE('',*,*,#3514,.T.);
#4999=ORIENTED_EDGE('',*,*,#3913,.F.);
#5000=ORIENTED_EDGE('',*,*,#3914,.F.);
#5001=ORIENTED_EDGE('',*,*,#3915,.F.);
#5002=ORIENTED_EDGE('',*,*,#3916,.T.);
#5003=ORIENTED_EDGE('',*,*,#3648,.T.);
#5004=ORIENTED_EDGE('',*,*,#3917,.T.);
#5005=ORIENTED_EDGE('',*,*,#3910,.F.);
#5006=ORIENTED_EDGE('',*,*,#3918,.F.);
#5007=ORIENTED_EDGE('',*,*,#3917,.F.);
#5008=ORIENTED_EDGE('',*,*,#3647,.T.);
#5009=ORIENTED_EDGE('',*,*,#3919,.F.);
#5010=ORIENTED_EDGE('',*,*,#3920,.T.);
#5011=ORIENTED_EDGE('',*,*,#3652,.T.);
#5012=ORIENTED_EDGE('',*,*,#3921,.T.);
#5013=ORIENTED_EDGE('',*,*,#3921,.F.);
#5014=ORIENTED_EDGE('',*,*,#3651,.F.);
#5015=ORIENTED_EDGE('',*,*,#3922,.F.);
#5016=ORIENTED_EDGE('',*,*,#3510,.T.);
#5017=ORIENTED_EDGE('',*,*,#3923,.F.);
#5018=ORIENTED_EDGE('',*,*,#3924,.F.);
#5019=ORIENTED_EDGE('',*,*,#3925,.F.);
#5020=ORIENTED_EDGE('',*,*,#3926,.T.);
#5021=ORIENTED_EDGE('',*,*,#3654,.T.);
#5022=ORIENTED_EDGE('',*,*,#3927,.T.);
#5023=ORIENTED_EDGE('',*,*,#3920,.F.);
#5024=ORIENTED_EDGE('',*,*,#3928,.F.);
#5025=ORIENTED_EDGE('',*,*,#3927,.F.);
#5026=ORIENTED_EDGE('',*,*,#3653,.T.);
#5027=ORIENTED_EDGE('',*,*,#3929,.F.);
#5028=ORIENTED_EDGE('',*,*,#3930,.T.);
#5029=ORIENTED_EDGE('',*,*,#3664,.T.);
#5030=ORIENTED_EDGE('',*,*,#3931,.T.);
#5031=ORIENTED_EDGE('',*,*,#3931,.F.);
#5032=ORIENTED_EDGE('',*,*,#3663,.T.);
#5033=ORIENTED_EDGE('',*,*,#3932,.F.);
#5034=ORIENTED_EDGE('',*,*,#3502,.F.);
#5035=ORIENTED_EDGE('',*,*,#3933,.F.);
#5036=ORIENTED_EDGE('',*,*,#3934,.F.);
#5037=ORIENTED_EDGE('',*,*,#3935,.F.);
#5038=ORIENTED_EDGE('',*,*,#3936,.T.);
#5039=ORIENTED_EDGE('',*,*,#3666,.T.);
#5040=ORIENTED_EDGE('',*,*,#3937,.T.);
#5041=ORIENTED_EDGE('',*,*,#3930,.F.);
#5042=ORIENTED_EDGE('',*,*,#3938,.F.);
#5043=ORIENTED_EDGE('',*,*,#3937,.F.);
#5044=ORIENTED_EDGE('',*,*,#3665,.T.);
#5045=ORIENTED_EDGE('',*,*,#3939,.F.);
#5046=ORIENTED_EDGE('',*,*,#3940,.T.);
#5047=ORIENTED_EDGE('',*,*,#3670,.T.);
#5048=ORIENTED_EDGE('',*,*,#3941,.T.);
#5049=ORIENTED_EDGE('',*,*,#3941,.F.);
#5050=ORIENTED_EDGE('',*,*,#3669,.T.);
#5051=ORIENTED_EDGE('',*,*,#3942,.F.);
#5052=ORIENTED_EDGE('',*,*,#3498,.F.);
#5053=ORIENTED_EDGE('',*,*,#3943,.F.);
#5054=ORIENTED_EDGE('',*,*,#3944,.F.);
#5055=ORIENTED_EDGE('',*,*,#3945,.F.);
#5056=ORIENTED_EDGE('',*,*,#3946,.T.);
#5057=ORIENTED_EDGE('',*,*,#3672,.T.);
#5058=ORIENTED_EDGE('',*,*,#3947,.T.);
#5059=ORIENTED_EDGE('',*,*,#3940,.F.);
#5060=ORIENTED_EDGE('',*,*,#3948,.F.);
#5061=ORIENTED_EDGE('',*,*,#3947,.F.);
#5062=ORIENTED_EDGE('',*,*,#3671,.T.);
#5063=ORIENTED_EDGE('',*,*,#3949,.F.);
#5064=ORIENTED_EDGE('',*,*,#3950,.T.);
#5065=ORIENTED_EDGE('',*,*,#3788,.T.);
#5066=ORIENTED_EDGE('',*,*,#3951,.T.);
#5067=ORIENTED_EDGE('',*,*,#3949,.T.);
#5068=ORIENTED_EDGE('',*,*,#3952,.T.);
#5069=ORIENTED_EDGE('',*,*,#3953,.T.);
#5070=ORIENTED_EDGE('',*,*,#3954,.T.);
#5071=ORIENTED_EDGE('',*,*,#3955,.T.);
#5072=ORIENTED_EDGE('',*,*,#3956,.T.);
#5073=ORIENTED_EDGE('',*,*,#3957,.T.);
#5074=ORIENTED_EDGE('',*,*,#3958,.T.);
#5075=ORIENTED_EDGE('',*,*,#3951,.F.);
#5076=ORIENTED_EDGE('',*,*,#3787,.T.);
#5077=ORIENTED_EDGE('',*,*,#3959,.F.);
#5078=ORIENTED_EDGE('',*,*,#3952,.F.);
#5079=ORIENTED_EDGE('',*,*,#3953,.F.);
#5080=ORIENTED_EDGE('',*,*,#3959,.T.);
#5081=ORIENTED_EDGE('',*,*,#3786,.T.);
#5082=ORIENTED_EDGE('',*,*,#3960,.T.);
#5083=ORIENTED_EDGE('',*,*,#3961,.F.);
#5084=ORIENTED_EDGE('',*,*,#3962,.T.);
#5085=ORIENTED_EDGE('',*,*,#3829,.T.);
#5086=ORIENTED_EDGE('',*,*,#3963,.T.);
#5087=ORIENTED_EDGE('',*,*,#3961,.T.);
#5088=ORIENTED_EDGE('',*,*,#3964,.T.);
#5089=ORIENTED_EDGE('',*,*,#3965,.T.);
#5090=ORIENTED_EDGE('',*,*,#3966,.T.);
#5091=ORIENTED_EDGE('',*,*,#3967,.T.);
#5092=ORIENTED_EDGE('',*,*,#3968,.T.);
#5093=ORIENTED_EDGE('',*,*,#3969,.T.);
#5094=ORIENTED_EDGE('',*,*,#3970,.T.);
#5095=ORIENTED_EDGE('',*,*,#3963,.F.);
#5096=ORIENTED_EDGE('',*,*,#3828,.T.);
#5097=ORIENTED_EDGE('',*,*,#3971,.F.);
#5098=ORIENTED_EDGE('',*,*,#3964,.F.);
#5099=ORIENTED_EDGE('',*,*,#3965,.F.);
#5100=ORIENTED_EDGE('',*,*,#3971,.T.);
#5101=ORIENTED_EDGE('',*,*,#3827,.T.);
#5102=ORIENTED_EDGE('',*,*,#3972,.T.);
#5103=ORIENTED_EDGE('',*,*,#3540,.T.);
#5104=ORIENTED_EDGE('',*,*,#3973,.T.);
#5105=ORIENTED_EDGE('',*,*,#3687,.T.);
#5106=ORIENTED_EDGE('',*,*,#3974,.T.);
#5107=ORIENTED_EDGE('',*,*,#3606,.T.);
#5108=ORIENTED_EDGE('',*,*,#3975,.F.);
#5109=ORIENTED_EDGE('',*,*,#3974,.F.);
#5110=ORIENTED_EDGE('',*,*,#3686,.F.);
#5111=ORIENTED_EDGE('',*,*,#3976,.F.);
#5112=ORIENTED_EDGE('',*,*,#3607,.F.);
#5113=ORIENTED_EDGE('',*,*,#3490,.T.);
#5114=ORIENTED_EDGE('',*,*,#3977,.F.);
#5115=ORIENTED_EDGE('',*,*,#3978,.F.);
#5116=ORIENTED_EDGE('',*,*,#3979,.T.);
#5117=ORIENTED_EDGE('',*,*,#3681,.T.);
#5118=ORIENTED_EDGE('',*,*,#3980,.T.);
#5119=ORIENTED_EDGE('',*,*,#3980,.F.);
#5120=ORIENTED_EDGE('',*,*,#3680,.T.);
#5121=ORIENTED_EDGE('',*,*,#3981,.T.);
#5122=ORIENTED_EDGE('',*,*,#3491,.T.);
#5123=ORIENTED_EDGE('',*,*,#3979,.F.);
#5124=ORIENTED_EDGE('',*,*,#3982,.F.);
#5125=ORIENTED_EDGE('',*,*,#3983,.F.);
#5126=ORIENTED_EDGE('',*,*,#3682,.T.);
#5127=ORIENTED_EDGE('',*,*,#3685,.T.);
#5128=ORIENTED_EDGE('',*,*,#3984,.T.);
#5129=ORIENTED_EDGE('',*,*,#3985,.T.);
#5130=ORIENTED_EDGE('',*,*,#3986,.F.);
#5131=ORIENTED_EDGE('',*,*,#3608,.T.);
#5132=ORIENTED_EDGE('',*,*,#3976,.T.);
#5133=ORIENTED_EDGE('',*,*,#3984,.F.);
#5134=ORIENTED_EDGE('',*,*,#3684,.F.);
#5135=ORIENTED_EDGE('',*,*,#3987,.F.);
#5136=ORIENTED_EDGE('',*,*,#3988,.T.);
#5137=ORIENTED_EDGE('',*,*,#3683,.T.);
#5138=ORIENTED_EDGE('',*,*,#3983,.T.);
#5139=ORIENTED_EDGE('',*,*,#3989,.F.);
#5140=ORIENTED_EDGE('',*,*,#3990,.T.);
#5141=ORIENTED_EDGE('',*,*,#3991,.T.);
#5142=ORIENTED_EDGE('',*,*,#3987,.T.);
#5143=ORIENTED_EDGE('',*,*,#3992,.T.);
#5144=ORIENTED_EDGE('',*,*,#3537,.T.);
#5145=ORIENTED_EDGE('',*,*,#3993,.T.);
#5146=ORIENTED_EDGE('',*,*,#3994,.T.);
#5147=ORIENTED_EDGE('',*,*,#3995,.T.);
#5148=ORIENTED_EDGE('',*,*,#3533,.T.);
#5149=ORIENTED_EDGE('',*,*,#3996,.T.);
#5150=ORIENTED_EDGE('',*,*,#3997,.T.);
#5151=ORIENTED_EDGE('',*,*,#3998,.T.);
#5152=ORIENTED_EDGE('',*,*,#3529,.T.);
#5153=ORIENTED_EDGE('',*,*,#3999,.T.);
#5154=ORIENTED_EDGE('',*,*,#4000,.T.);
#5155=ORIENTED_EDGE('',*,*,#4001,.T.);
#5156=ORIENTED_EDGE('',*,*,#3525,.T.);
#5157=ORIENTED_EDGE('',*,*,#4002,.T.);
#5158=ORIENTED_EDGE('',*,*,#4003,.T.);
#5159=ORIENTED_EDGE('',*,*,#3893,.T.);
#5160=ORIENTED_EDGE('',*,*,#3521,.T.);
#5161=ORIENTED_EDGE('',*,*,#4004,.T.);
#5162=ORIENTED_EDGE('',*,*,#4005,.T.);
#5163=ORIENTED_EDGE('',*,*,#3903,.T.);
#5164=ORIENTED_EDGE('',*,*,#3517,.T.);
#5165=ORIENTED_EDGE('',*,*,#4006,.T.);
#5166=ORIENTED_EDGE('',*,*,#4007,.T.);
#5167=ORIENTED_EDGE('',*,*,#3913,.T.);
#5168=ORIENTED_EDGE('',*,*,#3513,.T.);
#5169=ORIENTED_EDGE('',*,*,#4008,.T.);
#5170=ORIENTED_EDGE('',*,*,#4009,.T.);
#5171=ORIENTED_EDGE('',*,*,#3923,.T.);
#5172=ORIENTED_EDGE('',*,*,#3509,.T.);
#5173=ORIENTED_EDGE('',*,*,#4010,.T.);
#5174=ORIENTED_EDGE('',*,*,#4011,.T.);
#5175=ORIENTED_EDGE('',*,*,#4012,.T.);
#5176=ORIENTED_EDGE('',*,*,#3505,.T.);
#5177=ORIENTED_EDGE('',*,*,#4013,.T.);
#5178=ORIENTED_EDGE('',*,*,#3839,.T.);
#5179=ORIENTED_EDGE('',*,*,#3943,.T.);
#5180=ORIENTED_EDGE('',*,*,#3497,.T.);
#5181=ORIENTED_EDGE('',*,*,#4014,.T.);
#5182=ORIENTED_EDGE('',*,*,#4015,.T.);
#5183=ORIENTED_EDGE('',*,*,#4016,.T.);
#5184=ORIENTED_EDGE('',*,*,#3493,.T.);
#5185=ORIENTED_EDGE('',*,*,#4017,.T.);
#5186=ORIENTED_EDGE('',*,*,#4018,.T.);
#5187=ORIENTED_EDGE('',*,*,#3933,.T.);
#5188=ORIENTED_EDGE('',*,*,#3501,.T.);
#5189=ORIENTED_EDGE('',*,*,#4019,.T.);
#5190=ORIENTED_EDGE('',*,*,#4020,.T.);
#5191=ORIENTED_EDGE('',*,*,#4021,.T.);
#5192=ORIENTED_EDGE('',*,*,#4022,.T.);
#5193=ORIENTED_EDGE('',*,*,#3609,.T.);
#5194=ORIENTED_EDGE('',*,*,#3986,.T.);
#5195=ORIENTED_EDGE('',*,*,#4023,.T.);
#5196=ORIENTED_EDGE('',*,*,#3610,.T.);
#5197=ORIENTED_EDGE('',*,*,#4022,.F.);
#5198=ORIENTED_EDGE('',*,*,#4024,.T.);
#5199=ORIENTED_EDGE('',*,*,#4025,.T.);
#5200=ORIENTED_EDGE('',*,*,#3611,.T.);
#5201=ORIENTED_EDGE('',*,*,#4023,.F.);
#5202=ORIENTED_EDGE('',*,*,#4026,.T.);
#5203=ORIENTED_EDGE('',*,*,#4027,.T.);
#5204=ORIENTED_EDGE('',*,*,#3612,.T.);
#5205=ORIENTED_EDGE('',*,*,#4025,.F.);
#5206=ORIENTED_EDGE('',*,*,#4028,.T.);
#5207=ORIENTED_EDGE('',*,*,#3605,.T.);
#5208=ORIENTED_EDGE('',*,*,#4027,.F.);
#5209=ORIENTED_EDGE('',*,*,#3541,.T.);
#5210=ORIENTED_EDGE('',*,*,#3975,.T.);
#5211=ORIENTED_EDGE('',*,*,#3489,.T.);
#5212=ORIENTED_EDGE('',*,*,#4029,.T.);
#5213=ORIENTED_EDGE('',*,*,#4030,.T.);
#5214=ORIENTED_EDGE('',*,*,#3977,.T.);
#5215=ORIENTED_EDGE('',*,*,#4031,.T.);
#5216=ORIENTED_EDGE('',*,*,#4032,.T.);
#5217=ORIENTED_EDGE('',*,*,#4029,.F.);
#5218=ORIENTED_EDGE('',*,*,#4033,.T.);
#5219=ORIENTED_EDGE('',*,*,#4034,.T.);
#5220=ORIENTED_EDGE('',*,*,#4035,.T.);
#5221=ORIENTED_EDGE('',*,*,#4031,.F.);
#5222=ORIENTED_EDGE('',*,*,#4036,.T.);
#5223=ORIENTED_EDGE('',*,*,#4037,.T.);
#5224=ORIENTED_EDGE('',*,*,#4038,.T.);
#5225=ORIENTED_EDGE('',*,*,#4034,.F.);
#5226=ORIENTED_EDGE('',*,*,#4039,.T.);
#5227=ORIENTED_EDGE('',*,*,#4040,.F.);
#5228=ORIENTED_EDGE('',*,*,#4037,.F.);
#5229=ORIENTED_EDGE('',*,*,#4041,.T.);
#5230=ORIENTED_EDGE('',*,*,#3990,.F.);
#5231=ORIENTED_EDGE('',*,*,#4042,.F.);
#5232=ORIENTED_EDGE('',*,*,#4043,.T.);
#5233=ORIENTED_EDGE('',*,*,#3690,.T.);
#5234=ORIENTED_EDGE('',*,*,#4044,.T.);
#5235=ORIENTED_EDGE('',*,*,#4044,.F.);
#5236=ORIENTED_EDGE('',*,*,#3689,.T.);
#5237=ORIENTED_EDGE('',*,*,#4045,.F.);
#5238=ORIENTED_EDGE('',*,*,#3538,.T.);
#5239=ORIENTED_EDGE('',*,*,#3992,.F.);
#5240=ORIENTED_EDGE('',*,*,#4046,.F.);
#5241=ORIENTED_EDGE('',*,*,#4047,.F.);
#5242=ORIENTED_EDGE('',*,*,#4048,.T.);
#5243=ORIENTED_EDGE('',*,*,#3692,.T.);
#5244=ORIENTED_EDGE('',*,*,#4049,.T.);
#5245=ORIENTED_EDGE('',*,*,#4043,.F.);
#5246=ORIENTED_EDGE('',*,*,#4050,.F.);
#5247=ORIENTED_EDGE('',*,*,#4049,.F.);
#5248=ORIENTED_EDGE('',*,*,#3691,.F.);
#5249=ORIENTED_EDGE('',*,*,#4051,.F.);
#5250=ORIENTED_EDGE('',*,*,#4052,.T.);
#5251=ORIENTED_EDGE('',*,*,#3696,.T.);
#5252=ORIENTED_EDGE('',*,*,#4053,.T.);
#5253=ORIENTED_EDGE('',*,*,#4053,.F.);
#5254=ORIENTED_EDGE('',*,*,#3695,.T.);
#5255=ORIENTED_EDGE('',*,*,#4054,.F.);
#5256=ORIENTED_EDGE('',*,*,#3534,.T.);
#5257=ORIENTED_EDGE('',*,*,#3995,.F.);
#5258=ORIENTED_EDGE('',*,*,#4055,.F.);
#5259=ORIENTED_EDGE('',*,*,#4056,.F.);
#5260=ORIENTED_EDGE('',*,*,#4057,.T.);
#5261=ORIENTED_EDGE('',*,*,#3698,.T.);
#5262=ORIENTED_EDGE('',*,*,#4058,.T.);
#5263=ORIENTED_EDGE('',*,*,#4052,.F.);
#5264=ORIENTED_EDGE('',*,*,#4059,.F.);
#5265=ORIENTED_EDGE('',*,*,#4058,.F.);
#5266=ORIENTED_EDGE('',*,*,#3697,.F.);
#5267=ORIENTED_EDGE('',*,*,#4060,.F.);
#5268=ORIENTED_EDGE('',*,*,#4061,.T.);
#5269=ORIENTED_EDGE('',*,*,#3702,.T.);
#5270=ORIENTED_EDGE('',*,*,#4062,.T.);
#5271=ORIENTED_EDGE('',*,*,#4062,.F.);
#5272=ORIENTED_EDGE('',*,*,#3701,.T.);
#5273=ORIENTED_EDGE('',*,*,#4063,.F.);
#5274=ORIENTED_EDGE('',*,*,#3530,.T.);
#5275=ORIENTED_EDGE('',*,*,#3998,.F.);
#5276=ORIENTED_EDGE('',*,*,#4064,.F.);
#5277=ORIENTED_EDGE('',*,*,#4065,.F.);
#5278=ORIENTED_EDGE('',*,*,#4066,.T.);
#5279=ORIENTED_EDGE('',*,*,#3704,.T.);
#5280=ORIENTED_EDGE('',*,*,#4067,.T.);
#5281=ORIENTED_EDGE('',*,*,#4061,.F.);
#5282=ORIENTED_EDGE('',*,*,#4068,.F.);
#5283=ORIENTED_EDGE('',*,*,#4067,.F.);
#5284=ORIENTED_EDGE('',*,*,#3703,.F.);
#5285=ORIENTED_EDGE('',*,*,#4069,.F.);
#5286=ORIENTED_EDGE('',*,*,#4070,.T.);
#5287=ORIENTED_EDGE('',*,*,#3708,.T.);
#5288=ORIENTED_EDGE('',*,*,#4071,.T.);
#5289=ORIENTED_EDGE('',*,*,#4070,.F.);
#5290=ORIENTED_EDGE('',*,*,#4072,.F.);
#5291=ORIENTED_EDGE('',*,*,#4073,.F.);
#5292=ORIENTED_EDGE('',*,*,#3709,.F.);
#5293=ORIENTED_EDGE('',*,*,#4074,.F.);
#5294=ORIENTED_EDGE('',*,*,#4075,.T.);
#5295=ORIENTED_EDGE('',*,*,#3710,.T.);
#5296=ORIENTED_EDGE('',*,*,#4073,.T.);
#5297=ORIENTED_EDGE('',*,*,#4074,.T.);
#5298=ORIENTED_EDGE('',*,*,#4072,.T.);
#5299=ORIENTED_EDGE('',*,*,#4069,.T.);
#5300=ORIENTED_EDGE('',*,*,#4076,.T.);
#5301=ORIENTED_EDGE('',*,*,#4003,.F.);
#5302=ORIENTED_EDGE('',*,*,#4077,.T.);
#5303=ORIENTED_EDGE('',*,*,#3849,.F.);
#5304=ORIENTED_EDGE('',*,*,#4078,.T.);
#5305=ORIENTED_EDGE('',*,*,#3809,.T.);
#5306=ORIENTED_EDGE('',*,*,#4079,.T.);
#5307=ORIENTED_EDGE('',*,*,#4078,.F.);
#5308=ORIENTED_EDGE('',*,*,#3848,.F.);
#5309=ORIENTED_EDGE('',*,*,#4080,.F.);
#5310=ORIENTED_EDGE('',*,*,#3802,.F.);
#5311=ORIENTED_EDGE('',*,*,#3847,.F.);
#5312=ORIENTED_EDGE('',*,*,#4081,.T.);
#5313=ORIENTED_EDGE('',*,*,#3803,.T.);
#5314=ORIENTED_EDGE('',*,*,#4080,.T.);
#5315=ORIENTED_EDGE('',*,*,#3861,.F.);
#5316=ORIENTED_EDGE('',*,*,#4082,.T.);
#5317=ORIENTED_EDGE('',*,*,#3800,.T.);
#5318=ORIENTED_EDGE('',*,*,#4083,.T.);
#5319=ORIENTED_EDGE('',*,*,#4082,.F.);
#5320=ORIENTED_EDGE('',*,*,#3860,.F.);
#5321=ORIENTED_EDGE('',*,*,#4084,.F.);
#5322=ORIENTED_EDGE('',*,*,#3793,.F.);
#5323=ORIENTED_EDGE('',*,*,#3859,.F.);
#5324=ORIENTED_EDGE('',*,*,#4085,.T.);
#5325=ORIENTED_EDGE('',*,*,#3794,.T.);
#5326=ORIENTED_EDGE('',*,*,#4084,.T.);
#5327=ORIENTED_EDGE('',*,*,#3873,.F.);
#5328=ORIENTED_EDGE('',*,*,#4086,.T.);
#5329=ORIENTED_EDGE('',*,*,#3815,.T.);
#5330=ORIENTED_EDGE('',*,*,#4087,.T.);
#5331=ORIENTED_EDGE('',*,*,#4086,.F.);
#5332=ORIENTED_EDGE('',*,*,#3872,.F.);
#5333=ORIENTED_EDGE('',*,*,#4088,.F.);
#5334=ORIENTED_EDGE('',*,*,#3816,.F.);
#5335=ORIENTED_EDGE('',*,*,#3871,.F.);
#5336=ORIENTED_EDGE('',*,*,#4089,.T.);
#5337=ORIENTED_EDGE('',*,*,#3817,.T.);
#5338=ORIENTED_EDGE('',*,*,#4088,.T.);
#5339=ORIENTED_EDGE('',*,*,#3885,.F.);
#5340=ORIENTED_EDGE('',*,*,#4090,.T.);
#5341=ORIENTED_EDGE('',*,*,#3823,.T.);
#5342=ORIENTED_EDGE('',*,*,#4091,.T.);
#5343=ORIENTED_EDGE('',*,*,#4090,.F.);
#5344=ORIENTED_EDGE('',*,*,#3884,.F.);
#5345=ORIENTED_EDGE('',*,*,#4092,.F.);
#5346=ORIENTED_EDGE('',*,*,#3824,.F.);
#5347=ORIENTED_EDGE('',*,*,#3883,.F.);
#5348=ORIENTED_EDGE('',*,*,#4093,.T.);
#5349=ORIENTED_EDGE('',*,*,#3825,.T.);
#5350=ORIENTED_EDGE('',*,*,#4092,.T.);
#5351=ORIENTED_EDGE('',*,*,#3837,.F.);
#5352=ORIENTED_EDGE('',*,*,#4094,.T.);
#5353=ORIENTED_EDGE('',*,*,#3658,.T.);
#5354=ORIENTED_EDGE('',*,*,#4095,.T.);
#5355=ORIENTED_EDGE('',*,*,#4095,.F.);
#5356=ORIENTED_EDGE('',*,*,#3657,.F.);
#5357=ORIENTED_EDGE('',*,*,#4096,.F.);
#5358=ORIENTED_EDGE('',*,*,#3506,.T.);
#5359=ORIENTED_EDGE('',*,*,#4012,.F.);
#5360=ORIENTED_EDGE('',*,*,#3838,.T.);
#5361=ORIENTED_EDGE('',*,*,#3835,.F.);
#5362=ORIENTED_EDGE('',*,*,#4097,.T.);
#5363=ORIENTED_EDGE('',*,*,#3660,.T.);
#5364=ORIENTED_EDGE('',*,*,#4098,.T.);
#5365=ORIENTED_EDGE('',*,*,#4094,.F.);
#5366=ORIENTED_EDGE('',*,*,#3836,.F.);
#5367=ORIENTED_EDGE('',*,*,#4098,.F.);
#5368=ORIENTED_EDGE('',*,*,#3659,.F.);
#5369=ORIENTED_EDGE('',*,*,#3957,.F.);
#5370=ORIENTED_EDGE('',*,*,#4099,.T.);
#5371=ORIENTED_EDGE('',*,*,#3790,.T.);
#5372=ORIENTED_EDGE('',*,*,#4100,.T.);
#5373=ORIENTED_EDGE('',*,*,#4099,.F.);
#5374=ORIENTED_EDGE('',*,*,#3956,.F.);
#5375=ORIENTED_EDGE('',*,*,#4101,.F.);
#5376=ORIENTED_EDGE('',*,*,#3791,.F.);
#5377=ORIENTED_EDGE('',*,*,#3955,.F.);
#5378=ORIENTED_EDGE('',*,*,#4102,.T.);
#5379=ORIENTED_EDGE('',*,*,#3792,.T.);
#5380=ORIENTED_EDGE('',*,*,#4101,.T.);
#5381=ORIENTED_EDGE('',*,*,#3969,.F.);
#5382=ORIENTED_EDGE('',*,*,#4103,.T.);
#5383=ORIENTED_EDGE('',*,*,#3831,.T.);
#5384=ORIENTED_EDGE('',*,*,#4104,.T.);
#5385=ORIENTED_EDGE('',*,*,#4103,.F.);
#5386=ORIENTED_EDGE('',*,*,#3968,.F.);
#5387=ORIENTED_EDGE('',*,*,#4105,.F.);
#5388=ORIENTED_EDGE('',*,*,#3832,.F.);
#5389=ORIENTED_EDGE('',*,*,#3967,.F.);
#5390=ORIENTED_EDGE('',*,*,#4106,.T.);
#5391=ORIENTED_EDGE('',*,*,#3833,.T.);
#5392=ORIENTED_EDGE('',*,*,#4105,.T.);
#5393=ORIENTED_EDGE('',*,*,#4107,.F.);
#5394=ORIENTED_EDGE('',*,*,#4108,.T.);
#5395=ORIENTED_EDGE('',*,*,#3676,.T.);
#5396=ORIENTED_EDGE('',*,*,#4109,.T.);
#5397=ORIENTED_EDGE('',*,*,#4108,.F.);
#5398=ORIENTED_EDGE('',*,*,#4110,.F.);
#5399=ORIENTED_EDGE('',*,*,#4111,.F.);
#5400=ORIENTED_EDGE('',*,*,#3677,.F.);
#5401=ORIENTED_EDGE('',*,*,#4112,.F.);
#5402=ORIENTED_EDGE('',*,*,#4113,.T.);
#5403=ORIENTED_EDGE('',*,*,#3678,.T.);
#5404=ORIENTED_EDGE('',*,*,#4111,.T.);
#5405=ORIENTED_EDGE('',*,*,#4018,.F.);
#5406=ORIENTED_EDGE('',*,*,#4114,.T.);
#5407=ORIENTED_EDGE('',*,*,#4112,.T.);
#5408=ORIENTED_EDGE('',*,*,#4110,.T.);
#5409=ORIENTED_EDGE('',*,*,#4107,.T.);
#5410=ORIENTED_EDGE('',*,*,#4115,.T.);
#5411=ORIENTED_EDGE('',*,*,#3474,.T.);
#5412=ORIENTED_EDGE('',*,*,#4116,.T.);
#5413=ORIENTED_EDGE('',*,*,#3834,.F.);
#5414=ORIENTED_EDGE('',*,*,#4116,.F.);
#5415=ORIENTED_EDGE('',*,*,#3711,.F.);
#5416=ORIENTED_EDGE('',*,*,#4117,.T.);
#5417=ORIENTED_EDGE('',*,*,#4118,.F.);
#5418=ORIENTED_EDGE('',*,*,#4119,.F.);
#5419=ORIENTED_EDGE('',*,*,#3712,.F.);
#5420=ORIENTED_EDGE('',*,*,#4119,.T.);
#5421=ORIENTED_EDGE('',*,*,#4120,.F.);
#5422=ORIENTED_EDGE('',*,*,#4121,.F.);
#5423=ORIENTED_EDGE('',*,*,#3713,.F.);
#5424=ORIENTED_EDGE('',*,*,#4121,.T.);
#5425=ORIENTED_EDGE('',*,*,#4122,.F.);
#5426=ORIENTED_EDGE('',*,*,#4123,.F.);
#5427=ORIENTED_EDGE('',*,*,#3714,.F.);
#5428=ORIENTED_EDGE('',*,*,#4123,.T.);
#5429=ORIENTED_EDGE('',*,*,#4124,.F.);
#5430=ORIENTED_EDGE('',*,*,#4125,.F.);
#5431=ORIENTED_EDGE('',*,*,#3715,.F.);
#5432=ORIENTED_EDGE('',*,*,#4125,.T.);
#5433=ORIENTED_EDGE('',*,*,#4126,.F.);
#5434=ORIENTED_EDGE('',*,*,#4127,.F.);
#5435=ORIENTED_EDGE('',*,*,#3716,.F.);
#5436=ORIENTED_EDGE('',*,*,#4127,.T.);
#5437=ORIENTED_EDGE('',*,*,#4128,.F.);
#5438=ORIENTED_EDGE('',*,*,#4129,.F.);
#5439=ORIENTED_EDGE('',*,*,#3717,.F.);
#5440=ORIENTED_EDGE('',*,*,#4129,.T.);
#5441=ORIENTED_EDGE('',*,*,#4130,.F.);
#5442=ORIENTED_EDGE('',*,*,#4131,.F.);
#5443=ORIENTED_EDGE('',*,*,#3718,.F.);
#5444=ORIENTED_EDGE('',*,*,#4131,.T.);
#5445=ORIENTED_EDGE('',*,*,#4132,.F.);
#5446=ORIENTED_EDGE('',*,*,#4133,.F.);
#5447=ORIENTED_EDGE('',*,*,#3719,.F.);
#5448=ORIENTED_EDGE('',*,*,#4133,.T.);
#5449=ORIENTED_EDGE('',*,*,#4134,.F.);
#5450=ORIENTED_EDGE('',*,*,#4135,.F.);
#5451=ORIENTED_EDGE('',*,*,#3720,.F.);
#5452=ORIENTED_EDGE('',*,*,#4135,.T.);
#5453=ORIENTED_EDGE('',*,*,#4136,.F.);
#5454=ORIENTED_EDGE('',*,*,#4137,.F.);
#5455=ORIENTED_EDGE('',*,*,#3721,.F.);
#5456=ORIENTED_EDGE('',*,*,#4137,.T.);
#5457=ORIENTED_EDGE('',*,*,#4138,.F.);
#5458=ORIENTED_EDGE('',*,*,#4139,.F.);
#5459=ORIENTED_EDGE('',*,*,#3722,.F.);
#5460=ORIENTED_EDGE('',*,*,#4139,.T.);
#5461=ORIENTED_EDGE('',*,*,#4140,.F.);
#5462=ORIENTED_EDGE('',*,*,#4141,.F.);
#5463=ORIENTED_EDGE('',*,*,#3723,.F.);
#5464=ORIENTED_EDGE('',*,*,#4141,.T.);
#5465=ORIENTED_EDGE('',*,*,#4142,.F.);
#5466=ORIENTED_EDGE('',*,*,#4117,.F.);
#5467=ORIENTED_EDGE('',*,*,#4142,.T.);
#5468=ORIENTED_EDGE('',*,*,#4140,.T.);
#5469=ORIENTED_EDGE('',*,*,#4138,.T.);
#5470=ORIENTED_EDGE('',*,*,#4136,.T.);
#5471=ORIENTED_EDGE('',*,*,#4134,.T.);
#5472=ORIENTED_EDGE('',*,*,#4132,.T.);
#5473=ORIENTED_EDGE('',*,*,#4130,.T.);
#5474=ORIENTED_EDGE('',*,*,#4128,.T.);
#5475=ORIENTED_EDGE('',*,*,#4126,.T.);
#5476=ORIENTED_EDGE('',*,*,#4124,.T.);
#5477=ORIENTED_EDGE('',*,*,#4122,.T.);
#5478=ORIENTED_EDGE('',*,*,#4120,.T.);
#5479=ORIENTED_EDGE('',*,*,#4118,.T.);
#5480=ORIENTED_EDGE('',*,*,#3724,.F.);
#5481=ORIENTED_EDGE('',*,*,#4143,.T.);
#5482=ORIENTED_EDGE('',*,*,#4144,.F.);
#5483=ORIENTED_EDGE('',*,*,#4145,.F.);
#5484=ORIENTED_EDGE('',*,*,#3725,.F.);
#5485=ORIENTED_EDGE('',*,*,#4145,.T.);
#5486=ORIENTED_EDGE('',*,*,#4146,.F.);
#5487=ORIENTED_EDGE('',*,*,#4147,.F.);
#5488=ORIENTED_EDGE('',*,*,#3726,.F.);
#5489=ORIENTED_EDGE('',*,*,#4147,.T.);
#5490=ORIENTED_EDGE('',*,*,#4148,.F.);
#5491=ORIENTED_EDGE('',*,*,#4149,.F.);
#5492=ORIENTED_EDGE('',*,*,#3727,.F.);
#5493=ORIENTED_EDGE('',*,*,#4149,.T.);
#5494=ORIENTED_EDGE('',*,*,#4150,.F.);
#5495=ORIENTED_EDGE('',*,*,#4151,.F.);
#5496=ORIENTED_EDGE('',*,*,#3728,.F.);
#5497=ORIENTED_EDGE('',*,*,#4151,.T.);
#5498=ORIENTED_EDGE('',*,*,#4152,.F.);
#5499=ORIENTED_EDGE('',*,*,#4153,.F.);
#5500=ORIENTED_EDGE('',*,*,#3729,.F.);
#5501=ORIENTED_EDGE('',*,*,#4153,.T.);
#5502=ORIENTED_EDGE('',*,*,#4154,.F.);
#5503=ORIENTED_EDGE('',*,*,#4155,.F.);
#5504=ORIENTED_EDGE('',*,*,#3730,.F.);
#5505=ORIENTED_EDGE('',*,*,#4155,.T.);
#5506=ORIENTED_EDGE('',*,*,#4156,.F.);
#5507=ORIENTED_EDGE('',*,*,#4157,.F.);
#5508=ORIENTED_EDGE('',*,*,#3731,.F.);
#5509=ORIENTED_EDGE('',*,*,#4157,.T.);
#5510=ORIENTED_EDGE('',*,*,#4158,.F.);
#5511=ORIENTED_EDGE('',*,*,#4159,.F.);
#5512=ORIENTED_EDGE('',*,*,#3732,.F.);
#5513=ORIENTED_EDGE('',*,*,#4159,.T.);
#5514=ORIENTED_EDGE('',*,*,#4160,.F.);
#5515=ORIENTED_EDGE('',*,*,#4143,.F.);
#5516=ORIENTED_EDGE('',*,*,#4160,.T.);
#5517=ORIENTED_EDGE('',*,*,#4158,.T.);
#5518=ORIENTED_EDGE('',*,*,#4156,.T.);
#5519=ORIENTED_EDGE('',*,*,#4154,.T.);
#5520=ORIENTED_EDGE('',*,*,#4152,.T.);
#5521=ORIENTED_EDGE('',*,*,#4150,.T.);
#5522=ORIENTED_EDGE('',*,*,#4148,.T.);
#5523=ORIENTED_EDGE('',*,*,#4146,.T.);
#5524=ORIENTED_EDGE('',*,*,#4144,.T.);
#5525=ORIENTED_EDGE('',*,*,#3733,.F.);
#5526=ORIENTED_EDGE('',*,*,#4161,.T.);
#5527=ORIENTED_EDGE('',*,*,#4162,.F.);
#5528=ORIENTED_EDGE('',*,*,#4163,.F.);
#5529=ORIENTED_EDGE('',*,*,#3734,.F.);
#5530=ORIENTED_EDGE('',*,*,#4163,.T.);
#5531=ORIENTED_EDGE('',*,*,#4164,.F.);
#5532=ORIENTED_EDGE('',*,*,#4165,.F.);
#5533=ORIENTED_EDGE('',*,*,#3735,.F.);
#5534=ORIENTED_EDGE('',*,*,#4165,.T.);
#5535=ORIENTED_EDGE('',*,*,#4166,.F.);
#5536=ORIENTED_EDGE('',*,*,#4167,.F.);
#5537=ORIENTED_EDGE('',*,*,#3736,.F.);
#5538=ORIENTED_EDGE('',*,*,#4167,.T.);
#5539=ORIENTED_EDGE('',*,*,#4168,.F.);
#5540=ORIENTED_EDGE('',*,*,#4169,.F.);
#5541=ORIENTED_EDGE('',*,*,#3737,.F.);
#5542=ORIENTED_EDGE('',*,*,#4169,.T.);
#5543=ORIENTED_EDGE('',*,*,#4170,.F.);
#5544=ORIENTED_EDGE('',*,*,#4171,.F.);
#5545=ORIENTED_EDGE('',*,*,#3738,.F.);
#5546=ORIENTED_EDGE('',*,*,#4171,.T.);
#5547=ORIENTED_EDGE('',*,*,#4172,.F.);
#5548=ORIENTED_EDGE('',*,*,#4173,.F.);
#5549=ORIENTED_EDGE('',*,*,#3739,.F.);
#5550=ORIENTED_EDGE('',*,*,#4173,.T.);
#5551=ORIENTED_EDGE('',*,*,#4174,.F.);
#5552=ORIENTED_EDGE('',*,*,#4175,.F.);
#5553=ORIENTED_EDGE('',*,*,#3740,.F.);
#5554=ORIENTED_EDGE('',*,*,#4175,.T.);
#5555=ORIENTED_EDGE('',*,*,#4176,.F.);
#5556=ORIENTED_EDGE('',*,*,#4177,.F.);
#5557=ORIENTED_EDGE('',*,*,#3741,.F.);
#5558=ORIENTED_EDGE('',*,*,#4177,.T.);
#5559=ORIENTED_EDGE('',*,*,#4178,.F.);
#5560=ORIENTED_EDGE('',*,*,#4179,.F.);
#5561=ORIENTED_EDGE('',*,*,#3742,.F.);
#5562=ORIENTED_EDGE('',*,*,#4179,.T.);
#5563=ORIENTED_EDGE('',*,*,#4180,.F.);
#5564=ORIENTED_EDGE('',*,*,#4181,.F.);
#5565=ORIENTED_EDGE('',*,*,#3743,.F.);
#5566=ORIENTED_EDGE('',*,*,#4181,.T.);
#5567=ORIENTED_EDGE('',*,*,#4182,.F.);
#5568=ORIENTED_EDGE('',*,*,#4183,.F.);
#5569=ORIENTED_EDGE('',*,*,#3744,.F.);
#5570=ORIENTED_EDGE('',*,*,#4183,.T.);
#5571=ORIENTED_EDGE('',*,*,#4184,.F.);
#5572=ORIENTED_EDGE('',*,*,#4161,.F.);
#5573=ORIENTED_EDGE('',*,*,#4184,.T.);
#5574=ORIENTED_EDGE('',*,*,#4182,.T.);
#5575=ORIENTED_EDGE('',*,*,#4180,.T.);
#5576=ORIENTED_EDGE('',*,*,#4178,.T.);
#5577=ORIENTED_EDGE('',*,*,#4176,.T.);
#5578=ORIENTED_EDGE('',*,*,#4174,.T.);
#5579=ORIENTED_EDGE('',*,*,#4172,.T.);
#5580=ORIENTED_EDGE('',*,*,#4170,.T.);
#5581=ORIENTED_EDGE('',*,*,#4168,.T.);
#5582=ORIENTED_EDGE('',*,*,#4166,.T.);
#5583=ORIENTED_EDGE('',*,*,#4164,.T.);
#5584=ORIENTED_EDGE('',*,*,#4162,.T.);
#5585=ORIENTED_EDGE('',*,*,#3745,.F.);
#5586=ORIENTED_EDGE('',*,*,#4185,.T.);
#5587=ORIENTED_EDGE('',*,*,#4186,.F.);
#5588=ORIENTED_EDGE('',*,*,#4187,.F.);
#5589=ORIENTED_EDGE('',*,*,#3746,.F.);
#5590=ORIENTED_EDGE('',*,*,#4187,.T.);
#5591=ORIENTED_EDGE('',*,*,#4188,.F.);
#5592=ORIENTED_EDGE('',*,*,#4189,.F.);
#5593=ORIENTED_EDGE('',*,*,#3747,.F.);
#5594=ORIENTED_EDGE('',*,*,#4189,.T.);
#5595=ORIENTED_EDGE('',*,*,#4190,.F.);
#5596=ORIENTED_EDGE('',*,*,#4191,.F.);
#5597=ORIENTED_EDGE('',*,*,#3748,.F.);
#5598=ORIENTED_EDGE('',*,*,#4191,.T.);
#5599=ORIENTED_EDGE('',*,*,#4192,.F.);
#5600=ORIENTED_EDGE('',*,*,#4193,.F.);
#5601=ORIENTED_EDGE('',*,*,#3749,.F.);
#5602=ORIENTED_EDGE('',*,*,#4193,.T.);
#5603=ORIENTED_EDGE('',*,*,#4194,.F.);
#5604=ORIENTED_EDGE('',*,*,#4195,.F.);
#5605=ORIENTED_EDGE('',*,*,#3750,.F.);
#5606=ORIENTED_EDGE('',*,*,#4195,.T.);
#5607=ORIENTED_EDGE('',*,*,#4196,.F.);
#5608=ORIENTED_EDGE('',*,*,#4197,.F.);
#5609=ORIENTED_EDGE('',*,*,#3751,.F.);
#5610=ORIENTED_EDGE('',*,*,#4197,.T.);
#5611=ORIENTED_EDGE('',*,*,#4198,.F.);
#5612=ORIENTED_EDGE('',*,*,#4199,.F.);
#5613=ORIENTED_EDGE('',*,*,#3752,.F.);
#5614=ORIENTED_EDGE('',*,*,#4199,.T.);
#5615=ORIENTED_EDGE('',*,*,#4200,.F.);
#5616=ORIENTED_EDGE('',*,*,#4201,.F.);
#5617=ORIENTED_EDGE('',*,*,#3753,.F.);
#5618=ORIENTED_EDGE('',*,*,#4201,.T.);
#5619=ORIENTED_EDGE('',*,*,#4202,.F.);
#5620=ORIENTED_EDGE('',*,*,#4203,.F.);
#5621=ORIENTED_EDGE('',*,*,#3754,.F.);
#5622=ORIENTED_EDGE('',*,*,#4203,.T.);
#5623=ORIENTED_EDGE('',*,*,#4204,.F.);
#5624=ORIENTED_EDGE('',*,*,#4205,.F.);
#5625=ORIENTED_EDGE('',*,*,#3755,.F.);
#5626=ORIENTED_EDGE('',*,*,#4205,.T.);
#5627=ORIENTED_EDGE('',*,*,#4206,.F.);
#5628=ORIENTED_EDGE('',*,*,#4207,.F.);
#5629=ORIENTED_EDGE('',*,*,#3756,.F.);
#5630=ORIENTED_EDGE('',*,*,#4207,.T.);
#5631=ORIENTED_EDGE('',*,*,#4208,.F.);
#5632=ORIENTED_EDGE('',*,*,#4185,.F.);
#5633=ORIENTED_EDGE('',*,*,#4208,.T.);
#5634=ORIENTED_EDGE('',*,*,#4206,.T.);
#5635=ORIENTED_EDGE('',*,*,#4204,.T.);
#5636=ORIENTED_EDGE('',*,*,#4202,.T.);
#5637=ORIENTED_EDGE('',*,*,#4200,.T.);
#5638=ORIENTED_EDGE('',*,*,#4198,.T.);
#5639=ORIENTED_EDGE('',*,*,#4196,.T.);
#5640=ORIENTED_EDGE('',*,*,#4194,.T.);
#5641=ORIENTED_EDGE('',*,*,#4192,.T.);
#5642=ORIENTED_EDGE('',*,*,#4190,.T.);
#5643=ORIENTED_EDGE('',*,*,#4188,.T.);
#5644=ORIENTED_EDGE('',*,*,#4186,.T.);
#5645=ORIENTED_EDGE('',*,*,#3757,.F.);
#5646=ORIENTED_EDGE('',*,*,#4209,.T.);
#5647=ORIENTED_EDGE('',*,*,#4210,.F.);
#5648=ORIENTED_EDGE('',*,*,#4211,.F.);
#5649=ORIENTED_EDGE('',*,*,#3758,.F.);
#5650=ORIENTED_EDGE('',*,*,#4211,.T.);
#5651=ORIENTED_EDGE('',*,*,#4212,.F.);
#5652=ORIENTED_EDGE('',*,*,#4213,.F.);
#5653=ORIENTED_EDGE('',*,*,#3759,.F.);
#5654=ORIENTED_EDGE('',*,*,#4213,.T.);
#5655=ORIENTED_EDGE('',*,*,#4214,.F.);
#5656=ORIENTED_EDGE('',*,*,#4215,.F.);
#5657=ORIENTED_EDGE('',*,*,#3760,.F.);
#5658=ORIENTED_EDGE('',*,*,#4215,.T.);
#5659=ORIENTED_EDGE('',*,*,#4216,.F.);
#5660=ORIENTED_EDGE('',*,*,#4209,.F.);
#5661=ORIENTED_EDGE('',*,*,#4216,.T.);
#5662=ORIENTED_EDGE('',*,*,#4214,.T.);
#5663=ORIENTED_EDGE('',*,*,#4212,.T.);
#5664=ORIENTED_EDGE('',*,*,#4210,.T.);
#5665=ORIENTED_EDGE('',*,*,#3761,.F.);
#5666=ORIENTED_EDGE('',*,*,#4217,.T.);
#5667=ORIENTED_EDGE('',*,*,#4218,.F.);
#5668=ORIENTED_EDGE('',*,*,#4219,.F.);
#5669=ORIENTED_EDGE('',*,*,#3762,.F.);
#5670=ORIENTED_EDGE('',*,*,#4219,.T.);
#5671=ORIENTED_EDGE('',*,*,#4220,.F.);
#5672=ORIENTED_EDGE('',*,*,#4221,.F.);
#5673=ORIENTED_EDGE('',*,*,#3763,.F.);
#5674=ORIENTED_EDGE('',*,*,#4221,.T.);
#5675=ORIENTED_EDGE('',*,*,#4222,.F.);
#5676=ORIENTED_EDGE('',*,*,#4223,.F.);
#5677=ORIENTED_EDGE('',*,*,#3764,.F.);
#5678=ORIENTED_EDGE('',*,*,#4223,.T.);
#5679=ORIENTED_EDGE('',*,*,#4224,.F.);
#5680=ORIENTED_EDGE('',*,*,#4217,.F.);
#5681=ORIENTED_EDGE('',*,*,#4224,.T.);
#5682=ORIENTED_EDGE('',*,*,#4222,.T.);
#5683=ORIENTED_EDGE('',*,*,#4220,.T.);
#5684=ORIENTED_EDGE('',*,*,#4218,.T.);
#5685=ORIENTED_EDGE('',*,*,#3765,.F.);
#5686=ORIENTED_EDGE('',*,*,#4225,.T.);
#5687=ORIENTED_EDGE('',*,*,#4226,.F.);
#5688=ORIENTED_EDGE('',*,*,#4227,.F.);
#5689=ORIENTED_EDGE('',*,*,#3766,.F.);
#5690=ORIENTED_EDGE('',*,*,#4227,.T.);
#5691=ORIENTED_EDGE('',*,*,#4228,.F.);
#5692=ORIENTED_EDGE('',*,*,#4229,.F.);
#5693=ORIENTED_EDGE('',*,*,#3767,.F.);
#5694=ORIENTED_EDGE('',*,*,#4229,.T.);
#5695=ORIENTED_EDGE('',*,*,#4230,.F.);
#5696=ORIENTED_EDGE('',*,*,#4231,.F.);
#5697=ORIENTED_EDGE('',*,*,#3768,.F.);
#5698=ORIENTED_EDGE('',*,*,#4231,.T.);
#5699=ORIENTED_EDGE('',*,*,#4232,.F.);
#5700=ORIENTED_EDGE('',*,*,#4233,.F.);
#5701=ORIENTED_EDGE('',*,*,#3769,.F.);
#5702=ORIENTED_EDGE('',*,*,#4233,.T.);
#5703=ORIENTED_EDGE('',*,*,#4234,.F.);
#5704=ORIENTED_EDGE('',*,*,#4235,.F.);
#5705=ORIENTED_EDGE('',*,*,#3770,.F.);
#5706=ORIENTED_EDGE('',*,*,#4235,.T.);
#5707=ORIENTED_EDGE('',*,*,#4236,.F.);
#5708=ORIENTED_EDGE('',*,*,#4237,.F.);
#5709=ORIENTED_EDGE('',*,*,#3771,.F.);
#5710=ORIENTED_EDGE('',*,*,#4237,.T.);
#5711=ORIENTED_EDGE('',*,*,#4238,.F.);
#5712=ORIENTED_EDGE('',*,*,#4239,.F.);
#5713=ORIENTED_EDGE('',*,*,#3772,.F.);
#5714=ORIENTED_EDGE('',*,*,#4239,.T.);
#5715=ORIENTED_EDGE('',*,*,#4240,.F.);
#5716=ORIENTED_EDGE('',*,*,#4225,.F.);
#5717=ORIENTED_EDGE('',*,*,#4240,.T.);
#5718=ORIENTED_EDGE('',*,*,#4238,.T.);
#5719=ORIENTED_EDGE('',*,*,#4236,.T.);
#5720=ORIENTED_EDGE('',*,*,#4234,.T.);
#5721=ORIENTED_EDGE('',*,*,#4232,.T.);
#5722=ORIENTED_EDGE('',*,*,#4230,.T.);
#5723=ORIENTED_EDGE('',*,*,#4228,.T.);
#5724=ORIENTED_EDGE('',*,*,#4226,.T.);
#5725=ORIENTED_EDGE('',*,*,#3773,.F.);
#5726=ORIENTED_EDGE('',*,*,#4241,.T.);
#5727=ORIENTED_EDGE('',*,*,#4242,.F.);
#5728=ORIENTED_EDGE('',*,*,#4243,.F.);
#5729=ORIENTED_EDGE('',*,*,#3774,.F.);
#5730=ORIENTED_EDGE('',*,*,#4243,.T.);
#5731=ORIENTED_EDGE('',*,*,#4244,.F.);
#5732=ORIENTED_EDGE('',*,*,#4245,.F.);
#5733=ORIENTED_EDGE('',*,*,#3775,.F.);
#5734=ORIENTED_EDGE('',*,*,#4245,.T.);
#5735=ORIENTED_EDGE('',*,*,#4246,.F.);
#5736=ORIENTED_EDGE('',*,*,#4247,.F.);
#5737=ORIENTED_EDGE('',*,*,#3776,.F.);
#5738=ORIENTED_EDGE('',*,*,#4247,.T.);
#5739=ORIENTED_EDGE('',*,*,#4248,.F.);
#5740=ORIENTED_EDGE('',*,*,#4249,.F.);
#5741=ORIENTED_EDGE('',*,*,#3777,.F.);
#5742=ORIENTED_EDGE('',*,*,#4249,.T.);
#5743=ORIENTED_EDGE('',*,*,#4250,.F.);
#5744=ORIENTED_EDGE('',*,*,#4251,.F.);
#5745=ORIENTED_EDGE('',*,*,#3778,.F.);
#5746=ORIENTED_EDGE('',*,*,#4251,.T.);
#5747=ORIENTED_EDGE('',*,*,#4252,.F.);
#5748=ORIENTED_EDGE('',*,*,#4241,.F.);
#5749=ORIENTED_EDGE('',*,*,#4252,.T.);
#5750=ORIENTED_EDGE('',*,*,#4250,.T.);
#5751=ORIENTED_EDGE('',*,*,#4248,.T.);
#5752=ORIENTED_EDGE('',*,*,#4246,.T.);
#5753=ORIENTED_EDGE('',*,*,#4244,.T.);
#5754=ORIENTED_EDGE('',*,*,#4242,.T.);
#5755=ORIENTED_EDGE('',*,*,#3779,.F.);
#5756=ORIENTED_EDGE('',*,*,#4253,.T.);
#5757=ORIENTED_EDGE('',*,*,#4254,.F.);
#5758=ORIENTED_EDGE('',*,*,#4255,.F.);
#5759=ORIENTED_EDGE('',*,*,#3780,.F.);
#5760=ORIENTED_EDGE('',*,*,#4255,.T.);
#5761=ORIENTED_EDGE('',*,*,#4256,.F.);
#5762=ORIENTED_EDGE('',*,*,#4257,.F.);
#5763=ORIENTED_EDGE('',*,*,#3781,.F.);
#5764=ORIENTED_EDGE('',*,*,#4257,.T.);
#5765=ORIENTED_EDGE('',*,*,#4258,.F.);
#5766=ORIENTED_EDGE('',*,*,#4259,.F.);
#5767=ORIENTED_EDGE('',*,*,#3782,.F.);
#5768=ORIENTED_EDGE('',*,*,#4259,.T.);
#5769=ORIENTED_EDGE('',*,*,#4260,.F.);
#5770=ORIENTED_EDGE('',*,*,#4261,.F.);
#5771=ORIENTED_EDGE('',*,*,#3783,.F.);
#5772=ORIENTED_EDGE('',*,*,#4261,.T.);
#5773=ORIENTED_EDGE('',*,*,#4262,.F.);
#5774=ORIENTED_EDGE('',*,*,#4263,.F.);
#5775=ORIENTED_EDGE('',*,*,#3784,.F.);
#5776=ORIENTED_EDGE('',*,*,#4263,.T.);
#5777=ORIENTED_EDGE('',*,*,#4264,.F.);
#5778=ORIENTED_EDGE('',*,*,#4253,.F.);
#5779=ORIENTED_EDGE('',*,*,#4264,.T.);
#5780=ORIENTED_EDGE('',*,*,#4262,.T.);
#5781=ORIENTED_EDGE('',*,*,#4260,.T.);
#5782=ORIENTED_EDGE('',*,*,#4258,.T.);
#5783=ORIENTED_EDGE('',*,*,#4256,.T.);
#5784=ORIENTED_EDGE('',*,*,#4254,.T.);
#5785=ORIENTED_EDGE('',*,*,#3892,.T.);
#5786=ORIENTED_EDGE('',*,*,#3632,.T.);
#5787=ORIENTED_EDGE('',*,*,#4265,.T.);
#5788=ORIENTED_EDGE('',*,*,#3523,.T.);
#5789=ORIENTED_EDGE('',*,*,#3902,.T.);
#5790=ORIENTED_EDGE('',*,*,#3638,.T.);
#5791=ORIENTED_EDGE('',*,*,#4266,.T.);
#5792=ORIENTED_EDGE('',*,*,#3519,.T.);
#5793=ORIENTED_EDGE('',*,*,#3896,.F.);
#5794=ORIENTED_EDGE('',*,*,#4267,.F.);
#5795=ORIENTED_EDGE('',*,*,#4004,.F.);
#5796=ORIENTED_EDGE('',*,*,#3520,.T.);
#5797=ORIENTED_EDGE('',*,*,#4266,.F.);
#5798=ORIENTED_EDGE('',*,*,#3637,.T.);
#5799=ORIENTED_EDGE('',*,*,#3912,.T.);
#5800=ORIENTED_EDGE('',*,*,#3644,.T.);
#5801=ORIENTED_EDGE('',*,*,#4268,.T.);
#5802=ORIENTED_EDGE('',*,*,#3515,.T.);
#5803=ORIENTED_EDGE('',*,*,#3906,.F.);
#5804=ORIENTED_EDGE('',*,*,#4269,.F.);
#5805=ORIENTED_EDGE('',*,*,#4006,.F.);
#5806=ORIENTED_EDGE('',*,*,#3516,.T.);
#5807=ORIENTED_EDGE('',*,*,#4268,.F.);
#5808=ORIENTED_EDGE('',*,*,#3643,.T.);
#5809=ORIENTED_EDGE('',*,*,#3922,.T.);
#5810=ORIENTED_EDGE('',*,*,#3650,.T.);
#5811=ORIENTED_EDGE('',*,*,#4270,.T.);
#5812=ORIENTED_EDGE('',*,*,#3511,.T.);
#5813=ORIENTED_EDGE('',*,*,#3916,.F.);
#5814=ORIENTED_EDGE('',*,*,#4271,.F.);
#5815=ORIENTED_EDGE('',*,*,#4008,.F.);
#5816=ORIENTED_EDGE('',*,*,#3512,.T.);
#5817=ORIENTED_EDGE('',*,*,#4270,.F.);
#5818=ORIENTED_EDGE('',*,*,#3649,.T.);
#5819=ORIENTED_EDGE('',*,*,#4096,.T.);
#5820=ORIENTED_EDGE('',*,*,#3656,.T.);
#5821=ORIENTED_EDGE('',*,*,#4272,.T.);
#5822=ORIENTED_EDGE('',*,*,#3507,.T.);
#5823=ORIENTED_EDGE('',*,*,#3926,.F.);
#5824=ORIENTED_EDGE('',*,*,#4273,.F.);
#5825=ORIENTED_EDGE('',*,*,#4010,.F.);
#5826=ORIENTED_EDGE('',*,*,#3508,.T.);
#5827=ORIENTED_EDGE('',*,*,#4272,.F.);
#5828=ORIENTED_EDGE('',*,*,#3655,.T.);
#5829=ORIENTED_EDGE('',*,*,#3973,.F.);
#5830=ORIENTED_EDGE('',*,*,#3539,.T.);
#5831=ORIENTED_EDGE('',*,*,#4045,.T.);
#5832=ORIENTED_EDGE('',*,*,#3688,.T.);
#5833=ORIENTED_EDGE('',*,*,#4054,.T.);
#5834=ORIENTED_EDGE('',*,*,#3694,.T.);
#5835=ORIENTED_EDGE('',*,*,#4274,.T.);
#5836=ORIENTED_EDGE('',*,*,#3535,.T.);
#5837=ORIENTED_EDGE('',*,*,#4048,.F.);
#5838=ORIENTED_EDGE('',*,*,#4275,.F.);
#5839=ORIENTED_EDGE('',*,*,#3993,.F.);
#5840=ORIENTED_EDGE('',*,*,#3536,.T.);
#5841=ORIENTED_EDGE('',*,*,#4274,.F.);
#5842=ORIENTED_EDGE('',*,*,#3693,.F.);
#5843=ORIENTED_EDGE('',*,*,#4063,.T.);
#5844=ORIENTED_EDGE('',*,*,#3700,.T.);
#5845=ORIENTED_EDGE('',*,*,#4276,.T.);
#5846=ORIENTED_EDGE('',*,*,#3531,.T.);
#5847=ORIENTED_EDGE('',*,*,#4057,.F.);
#5848=ORIENTED_EDGE('',*,*,#4277,.F.);
#5849=ORIENTED_EDGE('',*,*,#3996,.F.);
#5850=ORIENTED_EDGE('',*,*,#3532,.T.);
#5851=ORIENTED_EDGE('',*,*,#4276,.F.);
#5852=ORIENTED_EDGE('',*,*,#3699,.F.);
#5853=ORIENTED_EDGE('',*,*,#4278,.T.);
#5854=ORIENTED_EDGE('',*,*,#3706,.T.);
#5855=ORIENTED_EDGE('',*,*,#4279,.T.);
#5856=ORIENTED_EDGE('',*,*,#3527,.T.);
#5857=ORIENTED_EDGE('',*,*,#4066,.F.);
#5858=ORIENTED_EDGE('',*,*,#4280,.F.);
#5859=ORIENTED_EDGE('',*,*,#3999,.F.);
#5860=ORIENTED_EDGE('',*,*,#3528,.T.);
#5861=ORIENTED_EDGE('',*,*,#4279,.F.);
#5862=ORIENTED_EDGE('',*,*,#3705,.F.);
#5863=ORIENTED_EDGE('',*,*,#4281,.T.);
#5864=ORIENTED_EDGE('',*,*,#3503,.T.);
#5865=ORIENTED_EDGE('',*,*,#3932,.T.);
#5866=ORIENTED_EDGE('',*,*,#3662,.T.);
#5867=ORIENTED_EDGE('',*,*,#3840,.F.);
#5868=ORIENTED_EDGE('',*,*,#4013,.F.);
#5869=ORIENTED_EDGE('',*,*,#3504,.F.);
#5870=ORIENTED_EDGE('',*,*,#4281,.F.);
#5871=ORIENTED_EDGE('',*,*,#3661,.F.);
#5872=ORIENTED_EDGE('',*,*,#4097,.F.);
#5873=ORIENTED_EDGE('',*,*,#4282,.T.);
#5874=ORIENTED_EDGE('',*,*,#3499,.T.);
#5875=ORIENTED_EDGE('',*,*,#3942,.T.);
#5876=ORIENTED_EDGE('',*,*,#3668,.T.);
#5877=ORIENTED_EDGE('',*,*,#3936,.F.);
#5878=ORIENTED_EDGE('',*,*,#4283,.F.);
#5879=ORIENTED_EDGE('',*,*,#4019,.F.);
#5880=ORIENTED_EDGE('',*,*,#3500,.F.);
#5881=ORIENTED_EDGE('',*,*,#4282,.F.);
#5882=ORIENTED_EDGE('',*,*,#3667,.F.);
#5883=ORIENTED_EDGE('',*,*,#4284,.T.);
#5884=ORIENTED_EDGE('',*,*,#3495,.T.);
#5885=ORIENTED_EDGE('',*,*,#4285,.T.);
#5886=ORIENTED_EDGE('',*,*,#3674,.T.);
#5887=ORIENTED_EDGE('',*,*,#3946,.F.);
#5888=ORIENTED_EDGE('',*,*,#4286,.F.);
#5889=ORIENTED_EDGE('',*,*,#4014,.F.);
#5890=ORIENTED_EDGE('',*,*,#3496,.F.);
#5891=ORIENTED_EDGE('',*,*,#4284,.F.);
#5892=ORIENTED_EDGE('',*,*,#3673,.F.);
#5893=ORIENTED_EDGE('',*,*,#4113,.F.);
#5894=ORIENTED_EDGE('',*,*,#4114,.F.);
#5895=ORIENTED_EDGE('',*,*,#4017,.F.);
#5896=ORIENTED_EDGE('',*,*,#3492,.F.);
#5897=ORIENTED_EDGE('',*,*,#3981,.F.);
#5898=ORIENTED_EDGE('',*,*,#3679,.F.);
#5899=ORIENTED_EDGE('',*,*,#4109,.F.);
#5900=ORIENTED_EDGE('',*,*,#3675,.T.);
#5901=ORIENTED_EDGE('',*,*,#4285,.F.);
#5902=ORIENTED_EDGE('',*,*,#3494,.F.);
#5903=ORIENTED_EDGE('',*,*,#4016,.F.);
#5904=ORIENTED_EDGE('',*,*,#4115,.F.);
#5905=ORIENTED_EDGE('',*,*,#3972,.F.);
#5906=ORIENTED_EDGE('',*,*,#3826,.F.);
#5907=ORIENTED_EDGE('',*,*,#4106,.F.);
#5908=ORIENTED_EDGE('',*,*,#3966,.F.);
#5909=ORIENTED_EDGE('',*,*,#3962,.F.);
#5910=ORIENTED_EDGE('',*,*,#3970,.F.);
#5911=ORIENTED_EDGE('',*,*,#4104,.F.);
#5912=ORIENTED_EDGE('',*,*,#3830,.T.);
#5913=ORIENTED_EDGE('',*,*,#3960,.F.);
#5914=ORIENTED_EDGE('',*,*,#3785,.F.);
#5915=ORIENTED_EDGE('',*,*,#4102,.F.);
#5916=ORIENTED_EDGE('',*,*,#3954,.F.);
#5917=ORIENTED_EDGE('',*,*,#3950,.F.);
#5918=ORIENTED_EDGE('',*,*,#3958,.F.);
#5919=ORIENTED_EDGE('',*,*,#4100,.F.);
#5920=ORIENTED_EDGE('',*,*,#3789,.T.);
#5921=ORIENTED_EDGE('',*,*,#3888,.F.);
#5922=ORIENTED_EDGE('',*,*,#3818,.F.);
#5923=ORIENTED_EDGE('',*,*,#4093,.F.);
#5924=ORIENTED_EDGE('',*,*,#3882,.F.);
#5925=ORIENTED_EDGE('',*,*,#3878,.F.);
#5926=ORIENTED_EDGE('',*,*,#3886,.F.);
#5927=ORIENTED_EDGE('',*,*,#4091,.F.);
#5928=ORIENTED_EDGE('',*,*,#3822,.T.);
#5929=ORIENTED_EDGE('',*,*,#3876,.F.);
#5930=ORIENTED_EDGE('',*,*,#3810,.F.);
#5931=ORIENTED_EDGE('',*,*,#4089,.F.);
#5932=ORIENTED_EDGE('',*,*,#3870,.F.);
#5933=ORIENTED_EDGE('',*,*,#3852,.F.);
#5934=ORIENTED_EDGE('',*,*,#3804,.F.);
#5935=ORIENTED_EDGE('',*,*,#4081,.F.);
#5936=ORIENTED_EDGE('',*,*,#3846,.F.);
#5937=ORIENTED_EDGE('',*,*,#3864,.F.);
#5938=ORIENTED_EDGE('',*,*,#3795,.F.);
#5939=ORIENTED_EDGE('',*,*,#4085,.F.);
#5940=ORIENTED_EDGE('',*,*,#3858,.F.);
#5941=ORIENTED_EDGE('',*,*,#3929,.T.);
#5942=ORIENTED_EDGE('',*,*,#3934,.T.);
#5943=ORIENTED_EDGE('',*,*,#4020,.F.);
#5944=ORIENTED_EDGE('',*,*,#4283,.T.);
#5945=ORIENTED_EDGE('',*,*,#3935,.T.);
#5946=ORIENTED_EDGE('',*,*,#3938,.T.);
#5947=ORIENTED_EDGE('',*,*,#3939,.T.);
#5948=ORIENTED_EDGE('',*,*,#3944,.T.);
#5949=ORIENTED_EDGE('',*,*,#4015,.F.);
#5950=ORIENTED_EDGE('',*,*,#4286,.T.);
#5951=ORIENTED_EDGE('',*,*,#3945,.T.);
#5952=ORIENTED_EDGE('',*,*,#3948,.T.);
#5953=ORIENTED_EDGE('',*,*,#4030,.F.);
#5954=ORIENTED_EDGE('',*,*,#4032,.F.);
#5955=ORIENTED_EDGE('',*,*,#4035,.F.);
#5956=ORIENTED_EDGE('',*,*,#4038,.F.);
#5957=ORIENTED_EDGE('',*,*,#4040,.T.);
#5958=ORIENTED_EDGE('',*,*,#3989,.T.);
#5959=ORIENTED_EDGE('',*,*,#3982,.T.);
#5960=ORIENTED_EDGE('',*,*,#3978,.T.);
#5961=ORIENTED_EDGE('',*,*,#4287,.T.);
#5962=ORIENTED_EDGE('',*,*,#4288,.T.);
#5963=ORIENTED_EDGE('',*,*,#4000,.F.);
#5964=ORIENTED_EDGE('',*,*,#4280,.T.);
#5965=ORIENTED_EDGE('',*,*,#4065,.T.);
#5966=ORIENTED_EDGE('',*,*,#4068,.T.);
#5967=ORIENTED_EDGE('',*,*,#4060,.T.);
#5968=ORIENTED_EDGE('',*,*,#4064,.T.);
#5969=ORIENTED_EDGE('',*,*,#3997,.F.);
#5970=ORIENTED_EDGE('',*,*,#4277,.T.);
#5971=ORIENTED_EDGE('',*,*,#4056,.T.);
#5972=ORIENTED_EDGE('',*,*,#4059,.T.);
#5973=ORIENTED_EDGE('',*,*,#4051,.T.);
#5974=ORIENTED_EDGE('',*,*,#4055,.T.);
#5975=ORIENTED_EDGE('',*,*,#3994,.F.);
#5976=ORIENTED_EDGE('',*,*,#4275,.T.);
#5977=ORIENTED_EDGE('',*,*,#4047,.T.);
#5978=ORIENTED_EDGE('',*,*,#4050,.T.);
#5979=ORIENTED_EDGE('',*,*,#4042,.T.);
#5980=ORIENTED_EDGE('',*,*,#4046,.T.);
#5981=ORIENTED_EDGE('',*,*,#4278,.F.);
#5982=ORIENTED_EDGE('',*,*,#3526,.T.);
#5983=ORIENTED_EDGE('',*,*,#4001,.F.);
#5984=ORIENTED_EDGE('',*,*,#4076,.F.);
#5985=ORIENTED_EDGE('',*,*,#4071,.F.);
#5986=ORIENTED_EDGE('',*,*,#3707,.T.);
#5987=ORIENTED_EDGE('',*,*,#3889,.T.);
#5988=ORIENTED_EDGE('',*,*,#3894,.T.);
#5989=ORIENTED_EDGE('',*,*,#4005,.F.);
#5990=ORIENTED_EDGE('',*,*,#4267,.T.);
#5991=ORIENTED_EDGE('',*,*,#3895,.T.);
#5992=ORIENTED_EDGE('',*,*,#3898,.T.);
#5993=ORIENTED_EDGE('',*,*,#3919,.T.);
#5994=ORIENTED_EDGE('',*,*,#3924,.T.);
#5995=ORIENTED_EDGE('',*,*,#4011,.F.);
#5996=ORIENTED_EDGE('',*,*,#4273,.T.);
#5997=ORIENTED_EDGE('',*,*,#3925,.T.);
#5998=ORIENTED_EDGE('',*,*,#3928,.T.);
#5999=ORIENTED_EDGE('',*,*,#3899,.T.);
#6000=ORIENTED_EDGE('',*,*,#3904,.T.);
#6001=ORIENTED_EDGE('',*,*,#4007,.F.);
#6002=ORIENTED_EDGE('',*,*,#4269,.T.);
#6003=ORIENTED_EDGE('',*,*,#3905,.T.);
#6004=ORIENTED_EDGE('',*,*,#3908,.T.);
#6005=ORIENTED_EDGE('',*,*,#3475,.T.);
#6006=ORIENTED_EDGE('',*,*,#4289,.T.);
#6007=ORIENTED_EDGE('',*,*,#3801,.F.);
#6008=ORIENTED_EDGE('',*,*,#4289,.F.);
#6009=ORIENTED_EDGE('',*,*,#3909,.T.);
#6010=ORIENTED_EDGE('',*,*,#3914,.T.);
#6011=ORIENTED_EDGE('',*,*,#4009,.F.);
#6012=ORIENTED_EDGE('',*,*,#4271,.T.);
#6013=ORIENTED_EDGE('',*,*,#3915,.T.);
#6014=ORIENTED_EDGE('',*,*,#3918,.T.);
#6015=ORIENTED_EDGE('',*,*,#3854,.F.);
#6016=ORIENTED_EDGE('',*,*,#3862,.F.);
#6017=ORIENTED_EDGE('',*,*,#4083,.F.);
#6018=ORIENTED_EDGE('',*,*,#3799,.T.);
#6019=ORIENTED_EDGE('',*,*,#4075,.F.);
#6020=ORIENTED_EDGE('',*,*,#4077,.F.);
#6021=ORIENTED_EDGE('',*,*,#4002,.F.);
#6022=ORIENTED_EDGE('',*,*,#3524,.T.);
#6023=ORIENTED_EDGE('',*,*,#4265,.F.);
#6024=ORIENTED_EDGE('',*,*,#3631,.F.);
#6025=ORIENTED_EDGE('',*,*,#3842,.F.);
#6026=ORIENTED_EDGE('',*,*,#3850,.F.);
#6027=ORIENTED_EDGE('',*,*,#4079,.F.);
#6028=ORIENTED_EDGE('',*,*,#3808,.T.);
#6029=ORIENTED_EDGE('',*,*,#3866,.F.);
#6030=ORIENTED_EDGE('',*,*,#3874,.F.);
#6031=ORIENTED_EDGE('',*,*,#4087,.F.);
#6032=ORIENTED_EDGE('',*,*,#3814,.T.);
#6033=ORIENTED_EDGE('',*,*,#3571,.T.);
#6034=ORIENTED_EDGE('',*,*,#4290,.T.);
#6035=ORIENTED_EDGE('',*,*,#4291,.T.);
#6036=ORIENTED_EDGE('',*,*,#3592,.T.);
#6037=ORIENTED_EDGE('',*,*,#3576,.T.);
#6038=ORIENTED_EDGE('',*,*,#4292,.F.);
#6039=ORIENTED_EDGE('',*,*,#4293,.F.);
#6040=ORIENTED_EDGE('',*,*,#4290,.F.);
#6041=ORIENTED_EDGE('',*,*,#3575,.T.);
#6042=ORIENTED_EDGE('',*,*,#3589,.T.);
#6043=ORIENTED_EDGE('',*,*,#4294,.T.);
#6044=ORIENTED_EDGE('',*,*,#4292,.T.);
#6045=ORIENTED_EDGE('',*,*,#3627,.F.);
#6046=ORIENTED_EDGE('',*,*,#4295,.T.);
#6047=ORIENTED_EDGE('',*,*,#4296,.F.);
#6048=ORIENTED_EDGE('',*,*,#4297,.F.);
#6049=ORIENTED_EDGE('',*,*,#3628,.F.);
#6050=ORIENTED_EDGE('',*,*,#4297,.T.);
#6051=ORIENTED_EDGE('',*,*,#4298,.F.);
#6052=ORIENTED_EDGE('',*,*,#4299,.F.);
#6053=ORIENTED_EDGE('',*,*,#3629,.F.);
#6054=ORIENTED_EDGE('',*,*,#4299,.T.);
#6055=ORIENTED_EDGE('',*,*,#4300,.F.);
#6056=ORIENTED_EDGE('',*,*,#4301,.F.);
#6057=ORIENTED_EDGE('',*,*,#3630,.F.);
#6058=ORIENTED_EDGE('',*,*,#4301,.T.);
#6059=ORIENTED_EDGE('',*,*,#4302,.F.);
#6060=ORIENTED_EDGE('',*,*,#4295,.F.);
#6061=ORIENTED_EDGE('',*,*,#4302,.T.);
#6062=ORIENTED_EDGE('',*,*,#4300,.T.);
#6063=ORIENTED_EDGE('',*,*,#4298,.T.);
#6064=ORIENTED_EDGE('',*,*,#4296,.T.);
#6065=ORIENTED_EDGE('',*,*,#3615,.F.);
#6066=ORIENTED_EDGE('',*,*,#4303,.T.);
#6067=ORIENTED_EDGE('',*,*,#4304,.F.);
#6068=ORIENTED_EDGE('',*,*,#4305,.F.);
#6069=ORIENTED_EDGE('',*,*,#3616,.F.);
#6070=ORIENTED_EDGE('',*,*,#4305,.T.);
#6071=ORIENTED_EDGE('',*,*,#4306,.F.);
#6072=ORIENTED_EDGE('',*,*,#4307,.F.);
#6073=ORIENTED_EDGE('',*,*,#3617,.F.);
#6074=ORIENTED_EDGE('',*,*,#4307,.T.);
#6075=ORIENTED_EDGE('',*,*,#4308,.F.);
#6076=ORIENTED_EDGE('',*,*,#4309,.F.);
#6077=ORIENTED_EDGE('',*,*,#3618,.F.);
#6078=ORIENTED_EDGE('',*,*,#4309,.T.);
#6079=ORIENTED_EDGE('',*,*,#4310,.F.);
#6080=ORIENTED_EDGE('',*,*,#4311,.F.);
#6081=ORIENTED_EDGE('',*,*,#3619,.F.);
#6082=ORIENTED_EDGE('',*,*,#4311,.T.);
#6083=ORIENTED_EDGE('',*,*,#4312,.F.);
#6084=ORIENTED_EDGE('',*,*,#4313,.F.);
#6085=ORIENTED_EDGE('',*,*,#3620,.F.);
#6086=ORIENTED_EDGE('',*,*,#4313,.T.);
#6087=ORIENTED_EDGE('',*,*,#4314,.F.);
#6088=ORIENTED_EDGE('',*,*,#4315,.F.);
#6089=ORIENTED_EDGE('',*,*,#3621,.F.);
#6090=ORIENTED_EDGE('',*,*,#4315,.T.);
#6091=ORIENTED_EDGE('',*,*,#4316,.F.);
#6092=ORIENTED_EDGE('',*,*,#4317,.F.);
#6093=ORIENTED_EDGE('',*,*,#3622,.F.);
#6094=ORIENTED_EDGE('',*,*,#4317,.T.);
#6095=ORIENTED_EDGE('',*,*,#4318,.F.);
#6096=ORIENTED_EDGE('',*,*,#4319,.F.);
#6097=ORIENTED_EDGE('',*,*,#3623,.F.);
#6098=ORIENTED_EDGE('',*,*,#4319,.T.);
#6099=ORIENTED_EDGE('',*,*,#4320,.F.);
#6100=ORIENTED_EDGE('',*,*,#4321,.F.);
#6101=ORIENTED_EDGE('',*,*,#3624,.F.);
#6102=ORIENTED_EDGE('',*,*,#4321,.T.);
#6103=ORIENTED_EDGE('',*,*,#4322,.F.);
#6104=ORIENTED_EDGE('',*,*,#4323,.F.);
#6105=ORIENTED_EDGE('',*,*,#3625,.F.);
#6106=ORIENTED_EDGE('',*,*,#4323,.T.);
#6107=ORIENTED_EDGE('',*,*,#4324,.F.);
#6108=ORIENTED_EDGE('',*,*,#4325,.F.);
#6109=ORIENTED_EDGE('',*,*,#3626,.F.);
#6110=ORIENTED_EDGE('',*,*,#4325,.T.);
#6111=ORIENTED_EDGE('',*,*,#4326,.F.);
#6112=ORIENTED_EDGE('',*,*,#4303,.F.);
#6113=ORIENTED_EDGE('',*,*,#4326,.T.);
#6114=ORIENTED_EDGE('',*,*,#4324,.T.);
#6115=ORIENTED_EDGE('',*,*,#4322,.T.);
#6116=ORIENTED_EDGE('',*,*,#4320,.T.);
#6117=ORIENTED_EDGE('',*,*,#4318,.T.);
#6118=ORIENTED_EDGE('',*,*,#4316,.T.);
#6119=ORIENTED_EDGE('',*,*,#4314,.T.);
#6120=ORIENTED_EDGE('',*,*,#4312,.T.);
#6121=ORIENTED_EDGE('',*,*,#4310,.T.);
#6122=ORIENTED_EDGE('',*,*,#4308,.T.);
#6123=ORIENTED_EDGE('',*,*,#4306,.T.);
#6124=ORIENTED_EDGE('',*,*,#4304,.T.);
#6125=ORIENTED_EDGE('',*,*,#3560,.T.);
#6126=ORIENTED_EDGE('',*,*,#3578,.F.);
#6127=ORIENTED_EDGE('',*,*,#3545,.F.);
#6128=ORIENTED_EDGE('',*,*,#4327,.F.);
#6129=ORIENTED_EDGE('',*,*,#3561,.T.);
#6130=ORIENTED_EDGE('',*,*,#4327,.T.);
#6131=ORIENTED_EDGE('',*,*,#3544,.T.);
#6132=ORIENTED_EDGE('',*,*,#4328,.T.);
#6133=ORIENTED_EDGE('',*,*,#3562,.T.);
#6134=ORIENTED_EDGE('',*,*,#4328,.F.);
#6135=ORIENTED_EDGE('',*,*,#3543,.F.);
#6136=ORIENTED_EDGE('',*,*,#4329,.T.);
#6137=ORIENTED_EDGE('',*,*,#3566,.T.);
#6138=ORIENTED_EDGE('',*,*,#3462,.T.);
#6139=ORIENTED_EDGE('',*,*,#4330,.T.);
#6140=ORIENTED_EDGE('',*,*,#3464,.T.);
#6141=ORIENTED_EDGE('',*,*,#3567,.T.);
#6142=ORIENTED_EDGE('',*,*,#4331,.F.);
#6143=ORIENTED_EDGE('',*,*,#4332,.F.);
#6144=ORIENTED_EDGE('',*,*,#3597,.T.);
#6145=ORIENTED_EDGE('',*,*,#3487,.F.);
#6146=ORIENTED_EDGE('',*,*,#4333,.T.);
#6147=ORIENTED_EDGE('',*,*,#4334,.T.);
#6148=ORIENTED_EDGE('',*,*,#4335,.F.);
#6149=ORIENTED_EDGE('',*,*,#4336,.T.);
#6150=ORIENTED_EDGE('',*,*,#4337,.T.);
#6151=ORIENTED_EDGE('',*,*,#4333,.F.);
#6152=ORIENTED_EDGE('',*,*,#4338,.T.);
#6153=ORIENTED_EDGE('',*,*,#4339,.T.);
#6154=ORIENTED_EDGE('',*,*,#4340,.T.);
#6155=ORIENTED_EDGE('',*,*,#4336,.F.);
#6156=ORIENTED_EDGE('',*,*,#4341,.T.);
#6157=ORIENTED_EDGE('',*,*,#4342,.T.);
#6158=ORIENTED_EDGE('',*,*,#4343,.T.);
#6159=ORIENTED_EDGE('',*,*,#4339,.F.);
#6160=ORIENTED_EDGE('',*,*,#4344,.T.);
#6161=ORIENTED_EDGE('',*,*,#4345,.T.);
#6162=ORIENTED_EDGE('',*,*,#4346,.T.);
#6163=ORIENTED_EDGE('',*,*,#4342,.F.);
#6164=ORIENTED_EDGE('',*,*,#4347,.T.);
#6165=ORIENTED_EDGE('',*,*,#4348,.T.);
#6166=ORIENTED_EDGE('',*,*,#4349,.T.);
#6167=ORIENTED_EDGE('',*,*,#4345,.F.);
#6168=ORIENTED_EDGE('',*,*,#4350,.T.);
#6169=ORIENTED_EDGE('',*,*,#4351,.T.);
#6170=ORIENTED_EDGE('',*,*,#4352,.T.);
#6171=ORIENTED_EDGE('',*,*,#4348,.F.);
#6172=ORIENTED_EDGE('',*,*,#4353,.T.);
#6173=ORIENTED_EDGE('',*,*,#4335,.T.);
#6174=ORIENTED_EDGE('',*,*,#4354,.T.);
#6175=ORIENTED_EDGE('',*,*,#4351,.F.);
#6176=ORIENTED_EDGE('',*,*,#4355,.T.);
#6177=ORIENTED_EDGE('',*,*,#4334,.F.);
#6178=ORIENTED_EDGE('',*,*,#4337,.F.);
#6179=ORIENTED_EDGE('',*,*,#4340,.F.);
#6180=ORIENTED_EDGE('',*,*,#4343,.F.);
#6181=ORIENTED_EDGE('',*,*,#4346,.F.);
#6182=ORIENTED_EDGE('',*,*,#4349,.F.);
#6183=ORIENTED_EDGE('',*,*,#4352,.F.);
#6184=ORIENTED_EDGE('',*,*,#4354,.F.);
#6185=ORIENTED_EDGE('',*,*,#4356,.T.);
#6186=ORIENTED_EDGE('',*,*,#4357,.T.);
#6187=ORIENTED_EDGE('',*,*,#4358,.T.);
#6188=ORIENTED_EDGE('',*,*,#4359,.T.);
#6189=ORIENTED_EDGE('',*,*,#3554,.T.);
#6190=ORIENTED_EDGE('',*,*,#4360,.T.);
#6191=ORIENTED_EDGE('',*,*,#3551,.T.);
#6192=ORIENTED_EDGE('',*,*,#3582,.T.);
#6193=ORIENTED_EDGE('',*,*,#3553,.T.);
#6194=ORIENTED_EDGE('',*,*,#4329,.F.);
#6195=ORIENTED_EDGE('',*,*,#3552,.F.);
#6196=ORIENTED_EDGE('',*,*,#4360,.F.);
#6197=ORIENTED_EDGE('',*,*,#3563,.T.);
#6198=ORIENTED_EDGE('',*,*,#3458,.F.);
#6199=ORIENTED_EDGE('',*,*,#4361,.F.);
#6200=ORIENTED_EDGE('',*,*,#3585,.T.);
#6201=ORIENTED_EDGE('',*,*,#4362,.F.);
#6202=ORIENTED_EDGE('',*,*,#4341,.F.);
#6203=ORIENTED_EDGE('',*,*,#4363,.T.);
#6204=ORIENTED_EDGE('',*,*,#4026,.F.);
#6205=ORIENTED_EDGE('',*,*,#3457,.T.);
#6206=ORIENTED_EDGE('',*,*,#3465,.T.);
#6207=ORIENTED_EDGE('',*,*,#4330,.F.);
#6208=ORIENTED_EDGE('',*,*,#3461,.T.);
#6209=ORIENTED_EDGE('',*,*,#3584,.T.);
#6210=ORIENTED_EDGE('',*,*,#3586,.T.);
#6211=ORIENTED_EDGE('',*,*,#4361,.T.);
#6212=ORIENTED_EDGE('',*,*,#3570,.T.);
#6213=ORIENTED_EDGE('',*,*,#3596,.F.);
#6214=ORIENTED_EDGE('',*,*,#4364,.F.);
#6215=ORIENTED_EDGE('',*,*,#4331,.T.);
#6216=ORIENTED_EDGE('',*,*,#4365,.T.);
#6217=ORIENTED_EDGE('',*,*,#4021,.F.);
#6218=ORIENTED_EDGE('',*,*,#3985,.F.);
#6219=ORIENTED_EDGE('',*,*,#3988,.F.);
#6220=ORIENTED_EDGE('',*,*,#3991,.F.);
#6221=ORIENTED_EDGE('',*,*,#4041,.F.);
#6222=ORIENTED_EDGE('',*,*,#4366,.F.);
#6223=ORIENTED_EDGE('',*,*,#4347,.F.);
#6224=ORIENTED_EDGE('',*,*,#3591,.F.);
#6225=ORIENTED_EDGE('',*,*,#3593,.T.);
#6226=ORIENTED_EDGE('',*,*,#4291,.F.);
#6227=ORIENTED_EDGE('',*,*,#4293,.T.);
#6228=ORIENTED_EDGE('',*,*,#4294,.F.);
#6229=ORIENTED_EDGE('',*,*,#3588,.T.);
#6230=ORIENTED_EDGE('',*,*,#3598,.T.);
#6231=ORIENTED_EDGE('',*,*,#4332,.T.);
#6232=ORIENTED_EDGE('',*,*,#4364,.T.);
#6233=ORIENTED_EDGE('',*,*,#3595,.T.);
#6234=ORIENTED_EDGE('',*,*,#4356,.F.);
#6235=ORIENTED_EDGE('',*,*,#4367,.T.);
#6236=ORIENTED_EDGE('',*,*,#3614,.F.);
#6237=ORIENTED_EDGE('',*,*,#4367,.F.);
#6238=ORIENTED_EDGE('',*,*,#4357,.F.);
#6239=ORIENTED_EDGE('',*,*,#4368,.T.);
#6240=ORIENTED_EDGE('',*,*,#4288,.F.);
#6241=ORIENTED_EDGE('',*,*,#4368,.F.);
#6242=ORIENTED_EDGE('',*,*,#4358,.F.);
#6243=ORIENTED_EDGE('',*,*,#4369,.T.);
#6244=ORIENTED_EDGE('',*,*,#3613,.F.);
#6245=ORIENTED_EDGE('',*,*,#4369,.F.);
#6246=ORIENTED_EDGE('',*,*,#4359,.F.);
#6247=ORIENTED_EDGE('',*,*,#4370,.T.);
#6248=ORIENTED_EDGE('',*,*,#4287,.F.);
#6249=ORIENTED_EDGE('',*,*,#4370,.F.);
#6250=ORIENTED_EDGE('',*,*,#4338,.F.);
#6251=ORIENTED_EDGE('',*,*,#3542,.T.);
#6252=ORIENTED_EDGE('',*,*,#4028,.F.);
#6253=ORIENTED_EDGE('',*,*,#4363,.F.);
#6254=ORIENTED_EDGE('',*,*,#4344,.F.);
#6255=ORIENTED_EDGE('',*,*,#4362,.T.);
#6256=ORIENTED_EDGE('',*,*,#4024,.F.);
#6257=ORIENTED_EDGE('',*,*,#4365,.F.);
#6258=ORIENTED_EDGE('',*,*,#4350,.F.);
#6259=ORIENTED_EDGE('',*,*,#4366,.T.);
#6260=ORIENTED_EDGE('',*,*,#4039,.F.);
#6261=ORIENTED_EDGE('',*,*,#4371,.F.);
#6262=ORIENTED_EDGE('',*,*,#4353,.F.);
#6263=ORIENTED_EDGE('',*,*,#4371,.T.);
#6264=ORIENTED_EDGE('',*,*,#4036,.F.);
#6265=ORIENTED_EDGE('',*,*,#4372,.F.);
#6266=ORIENTED_EDGE('',*,*,#4355,.F.);
#6267=ORIENTED_EDGE('',*,*,#4372,.T.);
#6268=ORIENTED_EDGE('',*,*,#4033,.F.);
#6269=ORIENTED_EDGE('',*,*,#3488,.F.);
#6270=ORIENTED_EDGE('',*,*,#4373,.F.);
#6271=ORIENTED_EDGE('',*,*,#4374,.F.);
#6272=ORIENTED_EDGE('',*,*,#4374,.T.);
#6273=ORIENTED_EDGE('',*,*,#4375,.T.);
#6274=ORIENTED_EDGE('',*,*,#4376,.F.);
#6275=ORIENTED_EDGE('',*,*,#4375,.F.);
#6276=ORIENTED_EDGE('',*,*,#4376,.T.);
#6277=ORIENTED_EDGE('',*,*,#4377,.F.);
#6278=ORIENTED_EDGE('',*,*,#4377,.T.);
#6279=ORIENTED_EDGE('',*,*,#4378,.T.);
#6280=ORIENTED_EDGE('',*,*,#4379,.F.);
#6281=ORIENTED_EDGE('',*,*,#4378,.F.);
#6282=ORIENTED_EDGE('',*,*,#4379,.T.);
#6283=ORIENTED_EDGE('',*,*,#4380,.F.);
#6284=ORIENTED_EDGE('',*,*,#4380,.T.);
#6285=ORIENTED_EDGE('',*,*,#4381,.T.);
#6286=ORIENTED_EDGE('',*,*,#4382,.F.);
#6287=ORIENTED_EDGE('',*,*,#4381,.F.);
#6288=ORIENTED_EDGE('',*,*,#4382,.T.);
#6289=ORIENTED_EDGE('',*,*,#4383,.T.);
#6290=ORIENTED_EDGE('',*,*,#4384,.T.);
#6291=ORIENTED_EDGE('',*,*,#4373,.T.);
#6292=ORIENTED_EDGE('',*,*,#4384,.F.);
#6293=ORIENTED_EDGE('',*,*,#4385,.T.);
#6294=ORIENTED_EDGE('',*,*,#4383,.F.);
#6295=ORIENTED_EDGE('',*,*,#4385,.F.);
#6296=ORIENTED_EDGE('',*,*,#4386,.T.);
#6297=ORIENTED_EDGE('',*,*,#3476,.T.);
#6298=ORIENTED_EDGE('',*,*,#4386,.F.);
#6299=CYLINDRICAL_SURFACE('',#7119,0.0196850393700787);
#6300=CYLINDRICAL_SURFACE('',#7135,0.0196850393700787);
#6301=CYLINDRICAL_SURFACE('',#7155,0.0984251968503936);
#6302=CYLINDRICAL_SURFACE('',#7173,0.0625);
#6303=CYLINDRICAL_SURFACE('',#7176,0.0625);
#6304=CYLINDRICAL_SURFACE('',#7188,0.0984251968503936);
#6305=CYLINDRICAL_SURFACE('',#7263,0.047244094488189);
#6306=CYLINDRICAL_SURFACE('',#7270,0.385433070866142);
#6307=CYLINDRICAL_SURFACE('',#7271,0.047244094488189);
#6308=CYLINDRICAL_SURFACE('',#7272,0.047244094488189);
#6309=CYLINDRICAL_SURFACE('',#7279,0.385433070866142);
#6310=CYLINDRICAL_SURFACE('',#7280,0.047244094488189);
#6311=CYLINDRICAL_SURFACE('',#7281,0.047244094488189);
#6312=CYLINDRICAL_SURFACE('',#7288,0.385433070866142);
#6313=CYLINDRICAL_SURFACE('',#7289,0.047244094488189);
#6314=CYLINDRICAL_SURFACE('',#7290,0.047244094488189);
#6315=CYLINDRICAL_SURFACE('',#7297,0.385433070866142);
#6316=CYLINDRICAL_SURFACE('',#7298,0.047244094488189);
#6317=CYLINDRICAL_SURFACE('',#7299,0.047244094488189);
#6318=CYLINDRICAL_SURFACE('',#7302,0.047244094488189);
#6319=CYLINDRICAL_SURFACE('',#7304,0.385433070866142);
#6320=CYLINDRICAL_SURFACE('',#7306,0.047244094488189);
#6321=CYLINDRICAL_SURFACE('',#7309,0.047244094488189);
#6322=CYLINDRICAL_SURFACE('',#7311,0.385433070866142);
#6323=CYLINDRICAL_SURFACE('',#7313,0.047244094488189);
#6324=CYLINDRICAL_SURFACE('',#7316,0.047244094488189);
#6325=CYLINDRICAL_SURFACE('',#7318,0.385433070866142);
#6326=CYLINDRICAL_SURFACE('',#7320,0.047244094488189);
#6327=CYLINDRICAL_SURFACE('',#7323,0.047244094488189);
#6328=CYLINDRICAL_SURFACE('',#7325,0.385433070866142);
#6329=CYLINDRICAL_SURFACE('',#7327,0.047244094488189);
#6330=CYLINDRICAL_SURFACE('',#7330,0.047244094488189);
#6331=CYLINDRICAL_SURFACE('',#7332,0.15748031496063);
#6332=CYLINDRICAL_SURFACE('',#7334,0.047244094488189);
#6333=CYLINDRICAL_SURFACE('',#7337,0.047244094488189);
#6334=CYLINDRICAL_SURFACE('',#7339,0.15748031496063);
#6335=CYLINDRICAL_SURFACE('',#7341,0.047244094488189);
#6336=CYLINDRICAL_SURFACE('',#7348,0.15748031496063);
#6337=CYLINDRICAL_SURFACE('',#7349,0.047244094488189);
#6338=CYLINDRICAL_SURFACE('',#7350,0.047244094488189);
#6339=CYLINDRICAL_SURFACE('',#7357,0.15748031496063);
#6340=CYLINDRICAL_SURFACE('',#7358,0.047244094488189);
#6341=CYLINDRICAL_SURFACE('',#7395,0.047244094488189);
#6342=CYLINDRICAL_SURFACE('',#7398,0.047244094488189);
#6343=CYLINDRICAL_SURFACE('',#7401,0.047244094488189);
#6344=CYLINDRICAL_SURFACE('',#7404,0.047244094488189);
#6345=CYLINDRICAL_SURFACE('',#7407,0.047244094488189);
#6346=CYLINDRICAL_SURFACE('',#7410,0.047244094488189);
#6347=CYLINDRICAL_SURFACE('',#7413,0.047244094488189);
#6348=CYLINDRICAL_SURFACE('',#7416,0.047244094488189);
#6349=CYLINDRICAL_SURFACE('',#7419,0.047244094488189);
#6350=CYLINDRICAL_SURFACE('',#7421,0.047244094488189);
#6351=CYLINDRICAL_SURFACE('',#7422,0.047244094488189);
#6352=CYLINDRICAL_SURFACE('',#7424,0.047244094488189);
#6353=CYLINDRICAL_SURFACE('',#7425,0.047244094488189);
#6354=CYLINDRICAL_SURFACE('',#7427,0.047244094488189);
#6355=CYLINDRICAL_SURFACE('',#7428,0.047244094488189);
#6356=CYLINDRICAL_SURFACE('',#7430,0.047244094488189);
#6357=CYLINDRICAL_SURFACE('',#7431,0.047244094488189);
#6358=CYLINDRICAL_SURFACE('',#7433,0.047244094488189);
#6359=CYLINDRICAL_SURFACE('',#7435,0.047244094488189);
#6360=CYLINDRICAL_SURFACE('',#7437,0.047244094488189);
#6361=CYLINDRICAL_SURFACE('',#7438,0.047244094488189);
#6362=CYLINDRICAL_SURFACE('',#7440,0.047244094488189);
#6363=CYLINDRICAL_SURFACE('',#7441,0.047244094488189);
#6364=CYLINDRICAL_SURFACE('',#7444,0.047244094488189);
#6365=CYLINDRICAL_SURFACE('',#7447,0.0590551181102362);
#6366=CYLINDRICAL_SURFACE('',#7579,0.0393700787401575);
#6367=CYLINDRICAL_SURFACE('',#7582,0.0393700787401575);
#6368=CYLINDRICAL_SURFACE('',#7603,0.0625);
#6369=CYLINDRICAL_SURFACE('',#7628,0.0625);
#6370=CYLINDRICAL_SURFACE('',#7634,0.1005);
#6371=CYLINDRICAL_SURFACE('',#7635,0.1005);
#6372=CYLINDRICAL_SURFACE('',#7636,0.1005);
#6373=CYLINDRICAL_SURFACE('',#7637,0.1005);
#6374=CYLINDRICAL_SURFACE('',#7638,0.159555118110236);
#6375=CYLINDRICAL_SURFACE('',#7639,0.159555118110236);
#6376=CYLINDRICAL_SURFACE('',#7640,0.159555118110236);
#6377=CYLINDRICAL_SURFACE('',#7642,0.159555118110236);
#6378=CYLINDRICAL_SURFACE('',#7646,0.219553805774278);
#6379=CYLINDRICAL_SURFACE('',#7650,0.202887139107612);
#6380=CYLINDRICAL_SURFACE('',#7654,0.186220472440945);
#6381=CYLINDRICAL_SURFACE('',#7661,0.275590551181102);
#6382=STYLED_ITEM('',(#11606),#6737);
#6383=STYLED_ITEM('',(#11607),#6738);
#6384=STYLED_ITEM('',(#11607),#6739);
#6385=STYLED_ITEM('',(#11607),#6740);
#6386=STYLED_ITEM('',(#11606),#6741);
#6387=STYLED_ITEM('',(#11606),#6742);
#6388=STYLED_ITEM('',(#11606),#6744);
#6389=STYLED_ITEM('',(#11606),#6745);
#6390=STYLED_ITEM('',(#11606),#6749);
#6391=STYLED_ITEM('',(#11606),#6750);
#6392=STYLED_ITEM('',(#11608),#6751);
#6393=STYLED_ITEM('',(#11609),#6752);
#6394=STYLED_ITEM('',(#11607),#6753);
#6395=STYLED_ITEM('',(#11607),#6754);
#6396=STYLED_ITEM('',(#11606),#6755);
#6397=STYLED_ITEM('',(#11606),#6756);
#6398=STYLED_ITEM('',(#11606),#6757);
#6399=STYLED_ITEM('',(#11610),#6758);
#6400=STYLED_ITEM('',(#11610),#6759);
#6401=STYLED_ITEM('',(#11610),#6760);
#6402=STYLED_ITEM('',(#11610),#6761);
#6403=STYLED_ITEM('',(#11606),#6762);
#6404=STYLED_ITEM('',(#11606),#6763);
#6405=STYLED_ITEM('',(#11606),#6764);
#6406=STYLED_ITEM('',(#11606),#6765);
#6407=STYLED_ITEM('',(#11606),#6766);
#6408=STYLED_ITEM('',(#11606),#6767);
#6409=STYLED_ITEM('',(#11606),#6768);
#6410=STYLED_ITEM('',(#11606),#6769);
#6411=STYLED_ITEM('',(#11606),#6770);
#6412=STYLED_ITEM('',(#11606),#6771);
#6413=STYLED_ITEM('',(#11606),#6772);
#6414=STYLED_ITEM('',(#11606),#6773);
#6415=STYLED_ITEM('',(#11607),#6774);
#6416=STYLED_ITEM('',(#11607),#6775);
#6417=STYLED_ITEM('',(#11606),#6776);
#6418=STYLED_ITEM('',(#11606),#6777);
#6419=STYLED_ITEM('',(#11611),#6778);
#6420=STYLED_ITEM('',(#11606),#6779);
#6421=STYLED_ITEM('',(#11606),#6780);
#6422=STYLED_ITEM('',(#11606),#6781);
#6423=STYLED_ITEM('',(#11606),#6782);
#6424=STYLED_ITEM('',(#11606),#6783);
#6425=STYLED_ITEM('',(#11606),#6784);
#6426=STYLED_ITEM('',(#11606),#6785);
#6427=STYLED_ITEM('',(#11606),#6786);
#6428=STYLED_ITEM('',(#11606),#6787);
#6429=STYLED_ITEM('',(#11606),#6788);
#6430=STYLED_ITEM('',(#11606),#6789);
#6431=STYLED_ITEM('',(#11606),#6790);
#6432=STYLED_ITEM('',(#11606),#6791);
#6433=STYLED_ITEM('',(#11606),#6792);
#6434=STYLED_ITEM('',(#11606),#6793);
#6435=STYLED_ITEM('',(#11606),#6794);
#6436=STYLED_ITEM('',(#11606),#6795);
#6437=STYLED_ITEM('',(#11606),#6796);
#6438=STYLED_ITEM('',(#11606),#6797);
#6439=STYLED_ITEM('',(#11606),#6798);
#6440=STYLED_ITEM('',(#11606),#6799);
#6441=STYLED_ITEM('',(#11606),#6800);
#6442=STYLED_ITEM('',(#11606),#6801);
#6443=STYLED_ITEM('',(#11606),#6802);
#6444=STYLED_ITEM('',(#11606),#6803);
#6445=STYLED_ITEM('',(#11606),#6804);
#6446=STYLED_ITEM('',(#11606),#6805);
#6447=STYLED_ITEM('',(#11606),#6806);
#6448=STYLED_ITEM('',(#11606),#6807);
#6449=STYLED_ITEM('',(#11606),#6808);
#6450=STYLED_ITEM('',(#11606),#6809);
#6451=STYLED_ITEM('',(#11606),#6810);
#6452=STYLED_ITEM('',(#11606),#6811);
#6453=STYLED_ITEM('',(#11606),#6812);
#6454=STYLED_ITEM('',(#11606),#6813);
#6455=STYLED_ITEM('',(#11606),#6814);
#6456=STYLED_ITEM('',(#11606),#6815);
#6457=STYLED_ITEM('',(#11606),#6816);
#6458=STYLED_ITEM('',(#11606),#6817);
#6459=STYLED_ITEM('',(#11606),#6818);
#6460=STYLED_ITEM('',(#11606),#6819);
#6461=STYLED_ITEM('',(#11606),#6820);
#6462=STYLED_ITEM('',(#11606),#6821);
#6463=STYLED_ITEM('',(#11606),#6822);
#6464=STYLED_ITEM('',(#11606),#6823);
#6465=STYLED_ITEM('',(#11606),#6824);
#6466=STYLED_ITEM('',(#11606),#6825);
#6467=STYLED_ITEM('',(#11606),#6826);
#6468=STYLED_ITEM('',(#11606),#6827);
#6469=STYLED_ITEM('',(#11606),#6828);
#6470=STYLED_ITEM('',(#11606),#6829);
#6471=STYLED_ITEM('',(#11606),#6830);
#6472=STYLED_ITEM('',(#11606),#6831);
#6473=STYLED_ITEM('',(#11606),#6832);
#6474=STYLED_ITEM('',(#11606),#6833);
#6475=STYLED_ITEM('',(#11606),#6834);
#6476=STYLED_ITEM('',(#11606),#6835);
#6477=STYLED_ITEM('',(#11606),#6836);
#6478=STYLED_ITEM('',(#11606),#6837);
#6479=STYLED_ITEM('',(#11606),#6838);
#6480=STYLED_ITEM('',(#11606),#6839);
#6481=STYLED_ITEM('',(#11606),#6840);
#6482=STYLED_ITEM('',(#11606),#6841);
#6483=STYLED_ITEM('',(#11606),#6842);
#6484=STYLED_ITEM('',(#11606),#6843);
#6485=STYLED_ITEM('',(#11606),#6844);
#6486=STYLED_ITEM('',(#11606),#6845);
#6487=STYLED_ITEM('',(#11606),#6846);
#6488=STYLED_ITEM('',(#11606),#6847);
#6489=STYLED_ITEM('',(#11606),#6848);
#6490=STYLED_ITEM('',(#11606),#6849);
#6491=STYLED_ITEM('',(#11606),#6850);
#6492=STYLED_ITEM('',(#11606),#6851);
#6493=STYLED_ITEM('',(#11606),#6852);
#6494=STYLED_ITEM('',(#11606),#6853);
#6495=STYLED_ITEM('',(#11606),#6854);
#6496=STYLED_ITEM('',(#11606),#6855);
#6497=STYLED_ITEM('',(#11606),#6856);
#6498=STYLED_ITEM('',(#11606),#6857);
#6499=STYLED_ITEM('',(#11606),#6858);
#6500=STYLED_ITEM('',(#11606),#6859);
#6501=STYLED_ITEM('',(#11606),#6860);
#6502=STYLED_ITEM('',(#11606),#6861);
#6503=STYLED_ITEM('',(#11606),#6862);
#6504=STYLED_ITEM('',(#11606),#6863);
#6505=STYLED_ITEM('',(#11606),#6864);
#6506=STYLED_ITEM('',(#11606),#6865);
#6507=STYLED_ITEM('',(#11606),#6866);
#6508=STYLED_ITEM('',(#11606),#6867);
#6509=STYLED_ITEM('',(#11606),#6868);
#6510=STYLED_ITEM('',(#11606),#6869);
#6511=STYLED_ITEM('',(#11606),#6870);
#6512=STYLED_ITEM('',(#11606),#6871);
#6513=STYLED_ITEM('',(#11606),#6872);
#6514=STYLED_ITEM('',(#11606),#6873);
#6515=STYLED_ITEM('',(#11606),#6874);
#6516=STYLED_ITEM('',(#11606),#6875);
#6517=STYLED_ITEM('',(#11606),#6876);
#6518=STYLED_ITEM('',(#11606),#6877);
#6519=STYLED_ITEM('',(#11606),#6878);
#6520=STYLED_ITEM('',(#11606),#6879);
#6521=STYLED_ITEM('',(#11606),#6880);
#6522=STYLED_ITEM('',(#11606),#6881);
#6523=STYLED_ITEM('',(#11606),#6882);
#6524=STYLED_ITEM('',(#11606),#6883);
#6525=STYLED_ITEM('',(#11606),#6884);
#6526=STYLED_ITEM('',(#11606),#6885);
#6527=STYLED_ITEM('',(#11606),#6886);
#6528=STYLED_ITEM('',(#11606),#6887);
#6529=STYLED_ITEM('',(#11606),#6888);
#6530=STYLED_ITEM('',(#11606),#6889);
#6531=STYLED_ITEM('',(#11606),#6890);
#6532=STYLED_ITEM('',(#11606),#6891);
#6533=STYLED_ITEM('',(#11606),#6892);
#6534=STYLED_ITEM('',(#11606),#6893);
#6535=STYLED_ITEM('',(#11606),#6894);
#6536=STYLED_ITEM('',(#11606),#6895);
#6537=STYLED_ITEM('',(#11606),#6896);
#6538=STYLED_ITEM('',(#11606),#6897);
#6539=STYLED_ITEM('',(#11606),#6898);
#6540=STYLED_ITEM('',(#11606),#6899);
#6541=STYLED_ITEM('',(#11606),#6900);
#6542=STYLED_ITEM('',(#11606),#6901);
#6543=STYLED_ITEM('',(#11606),#6902);
#6544=STYLED_ITEM('',(#11612),#6903);
#6545=STYLED_ITEM('',(#11612),#6904);
#6546=STYLED_ITEM('',(#11612),#6905);
#6547=STYLED_ITEM('',(#11612),#6906);
#6548=STYLED_ITEM('',(#11612),#6907);
#6549=STYLED_ITEM('',(#11612),#6908);
#6550=STYLED_ITEM('',(#11612),#6909);
#6551=STYLED_ITEM('',(#11612),#6910);
#6552=STYLED_ITEM('',(#11612),#6911);
#6553=STYLED_ITEM('',(#11612),#6912);
#6554=STYLED_ITEM('',(#11612),#6913);
#6555=STYLED_ITEM('',(#11612),#6914);
#6556=STYLED_ITEM('',(#11612),#6915);
#6557=STYLED_ITEM('',(#11612),#6916);
#6558=STYLED_ITEM('',(#11612),#6917);
#6559=STYLED_ITEM('',(#11612),#6918);
#6560=STYLED_ITEM('',(#11612),#6919);
#6561=STYLED_ITEM('',(#11612),#6920);
#6562=STYLED_ITEM('',(#11612),#6921);
#6563=STYLED_ITEM('',(#11612),#6922);
#6564=STYLED_ITEM('',(#11612),#6923);
#6565=STYLED_ITEM('',(#11612),#6924);
#6566=STYLED_ITEM('',(#11612),#6925);
#6567=STYLED_ITEM('',(#11612),#6926);
#6568=STYLED_ITEM('',(#11612),#6927);
#6569=STYLED_ITEM('',(#11612),#6928);
#6570=STYLED_ITEM('',(#11612),#6929);
#6571=STYLED_ITEM('',(#11612),#6930);
#6572=STYLED_ITEM('',(#11612),#6931);
#6573=STYLED_ITEM('',(#11612),#6932);
#6574=STYLED_ITEM('',(#11612),#6933);
#6575=STYLED_ITEM('',(#11612),#6934);
#6576=STYLED_ITEM('',(#11612),#6935);
#6577=STYLED_ITEM('',(#11612),#6936);
#6578=STYLED_ITEM('',(#11612),#6937);
#6579=STYLED_ITEM('',(#11612),#6938);
#6580=STYLED_ITEM('',(#11612),#6939);
#6581=STYLED_ITEM('',(#11612),#6940);
#6582=STYLED_ITEM('',(#11612),#6941);
#6583=STYLED_ITEM('',(#11612),#6942);
#6584=STYLED_ITEM('',(#11612),#6943);
#6585=STYLED_ITEM('',(#11612),#6944);
#6586=STYLED_ITEM('',(#11612),#6945);
#6587=STYLED_ITEM('',(#11612),#6946);
#6588=STYLED_ITEM('',(#11612),#6947);
#6589=STYLED_ITEM('',(#11612),#6948);
#6590=STYLED_ITEM('',(#11612),#6949);
#6591=STYLED_ITEM('',(#11612),#6950);
#6592=STYLED_ITEM('',(#11612),#6951);
#6593=STYLED_ITEM('',(#11612),#6952);
#6594=STYLED_ITEM('',(#11612),#6953);
#6595=STYLED_ITEM('',(#11612),#6954);
#6596=STYLED_ITEM('',(#11612),#6955);
#6597=STYLED_ITEM('',(#11612),#6956);
#6598=STYLED_ITEM('',(#11612),#6957);
#6599=STYLED_ITEM('',(#11612),#6958);
#6600=STYLED_ITEM('',(#11612),#6959);
#6601=STYLED_ITEM('',(#11612),#6960);
#6602=STYLED_ITEM('',(#11612),#6961);
#6603=STYLED_ITEM('',(#11612),#6962);
#6604=STYLED_ITEM('',(#11612),#6963);
#6605=STYLED_ITEM('',(#11612),#6964);
#6606=STYLED_ITEM('',(#11612),#6965);
#6607=STYLED_ITEM('',(#11612),#6966);
#6608=STYLED_ITEM('',(#11612),#6967);
#6609=STYLED_ITEM('',(#11612),#6968);
#6610=STYLED_ITEM('',(#11612),#6969);
#6611=STYLED_ITEM('',(#11612),#6970);
#6612=STYLED_ITEM('',(#11612),#6971);
#6613=STYLED_ITEM('',(#11612),#6972);
#6614=STYLED_ITEM('',(#11612),#6973);
#6615=STYLED_ITEM('',(#11612),#6974);
#6616=STYLED_ITEM('',(#11612),#6975);
#6617=STYLED_ITEM('',(#11612),#6976);
#6618=STYLED_ITEM('',(#11612),#6977);
#6619=STYLED_ITEM('',(#11612),#6978);
#6620=STYLED_ITEM('',(#11612),#6979);
#6621=STYLED_ITEM('',(#11612),#6980);
#6622=STYLED_ITEM('',(#11612),#6981);
#6623=STYLED_ITEM('',(#11612),#6982);
#6624=STYLED_ITEM('',(#11612),#6983);
#6625=STYLED_ITEM('',(#11612),#6984);
#6626=STYLED_ITEM('',(#11612),#6985);
#6627=STYLED_ITEM('',(#11606),#6986);
#6628=STYLED_ITEM('',(#11606),#6987);
#6629=STYLED_ITEM('',(#11606),#6988);
#6630=STYLED_ITEM('',(#11606),#6989);
#6631=STYLED_ITEM('',(#11606),#6990);
#6632=STYLED_ITEM('',(#11606),#6991);
#6633=STYLED_ITEM('',(#11606),#6992);
#6634=STYLED_ITEM('',(#11606),#6993);
#6635=STYLED_ITEM('',(#11606),#6994);
#6636=STYLED_ITEM('',(#11606),#6995);
#6637=STYLED_ITEM('',(#11606),#6996);
#6638=STYLED_ITEM('',(#11606),#6997);
#6639=STYLED_ITEM('',(#11606),#6998);
#6640=STYLED_ITEM('',(#11606),#6999);
#6641=STYLED_ITEM('',(#11606),#7000);
#6642=STYLED_ITEM('',(#11606),#7001);
#6643=STYLED_ITEM('',(#11606),#7002);
#6644=STYLED_ITEM('',(#11606),#7003);
#6645=STYLED_ITEM('',(#11606),#7004);
#6646=STYLED_ITEM('',(#11606),#7005);
#6647=STYLED_ITEM('',(#11606),#7006);
#6648=STYLED_ITEM('',(#11606),#7007);
#6649=STYLED_ITEM('',(#11606),#7008);
#6650=STYLED_ITEM('',(#11606),#7009);
#6651=STYLED_ITEM('',(#11606),#7010);
#6652=STYLED_ITEM('',(#11606),#7011);
#6653=STYLED_ITEM('',(#11606),#7012);
#6654=STYLED_ITEM('',(#11606),#7013);
#6655=STYLED_ITEM('',(#11606),#7014);
#6656=STYLED_ITEM('',(#11606),#7015);
#6657=STYLED_ITEM('',(#11606),#7016);
#6658=STYLED_ITEM('',(#11606),#7017);
#6659=STYLED_ITEM('',(#11606),#7018);
#6660=STYLED_ITEM('',(#11606),#7019);
#6661=STYLED_ITEM('',(#11606),#7020);
#6662=STYLED_ITEM('',(#11606),#7021);
#6663=STYLED_ITEM('',(#11606),#7022);
#6664=STYLED_ITEM('',(#11606),#7023);
#6665=STYLED_ITEM('',(#11606),#7024);
#6666=STYLED_ITEM('',(#11606),#7025);
#6667=STYLED_ITEM('',(#11606),#7026);
#6668=STYLED_ITEM('',(#11606),#7027);
#6669=STYLED_ITEM('',(#11606),#7028);
#6670=STYLED_ITEM('',(#11606),#7029);
#6671=STYLED_ITEM('',(#11606),#7030);
#6672=STYLED_ITEM('',(#11606),#7031);
#6673=STYLED_ITEM('',(#11606),#7032);
#6674=STYLED_ITEM('',(#11606),#7033);
#6675=STYLED_ITEM('',(#11606),#7034);
#6676=STYLED_ITEM('',(#11606),#7035);
#6677=STYLED_ITEM('',(#11606),#7036);
#6678=STYLED_ITEM('',(#11606),#7037);
#6679=STYLED_ITEM('',(#11606),#7038);
#6680=STYLED_ITEM('',(#11606),#7039);
#6681=STYLED_ITEM('',(#11606),#7040);
#6682=STYLED_ITEM('',(#11606),#7041);
#6683=STYLED_ITEM('',(#11613),#7042);
#6684=STYLED_ITEM('',(#11606),#7043);
#6685=STYLED_ITEM('',(#11606),#7044);
#6686=STYLED_ITEM('',(#11606),#7045);
#6687=STYLED_ITEM('',(#11606),#7046);
#6688=STYLED_ITEM('',(#11606),#7047);
#6689=STYLED_ITEM('',(#11606),#7048);
#6690=STYLED_ITEM('',(#11606),#7049);
#6691=STYLED_ITEM('',(#11606),#7050);
#6692=STYLED_ITEM('',(#11606),#7051);
#6693=STYLED_ITEM('',(#11606),#7052);
#6694=STYLED_ITEM('',(#11606),#7053);
#6695=STYLED_ITEM('',(#11606),#7054);
#6696=STYLED_ITEM('',(#11613),#7055);
#6697=STYLED_ITEM('',(#11606),#7056);
#6698=STYLED_ITEM('',(#11606),#7057);
#6699=STYLED_ITEM('',(#11606),#7058);
#6700=STYLED_ITEM('',(#11606),#7059);
#6701=STYLED_ITEM('',(#11606),#7060);
#6702=STYLED_ITEM('',(#11606),#7061);
#6703=STYLED_ITEM('',(#11606),#7062);
#6704=STYLED_ITEM('',(#11606),#7063);
#6705=STYLED_ITEM('',(#11606),#7064);
#6706=STYLED_ITEM('',(#11606),#7065);
#6707=STYLED_ITEM('',(#11606),#7066);
#6708=STYLED_ITEM('',(#11606),#7067);
#6709=STYLED_ITEM('',(#11606),#7068);
#6710=STYLED_ITEM('',(#11606),#7069);
#6711=STYLED_ITEM('',(#11606),#7070);
#6712=STYLED_ITEM('',(#11606),#7071);
#6713=STYLED_ITEM('',(#11606),#7072);
#6714=STYLED_ITEM('',(#11606),#7073);
#6715=STYLED_ITEM('',(#11606),#7074);
#6716=STYLED_ITEM('',(#11606),#7075);
#6717=STYLED_ITEM('',(#11606),#7076);
#6718=STYLED_ITEM('',(#11606),#7077);
#6719=STYLED_ITEM('',(#11606),#7078);
#6720=STYLED_ITEM('',(#11606),#7079);
#6721=STYLED_ITEM('',(#11606),#7080);
#6722=STYLED_ITEM('',(#11606),#7081);
#6723=STYLED_ITEM('',(#11606),#7082);
#6724=STYLED_ITEM('',(#11606),#7083);
#6725=STYLED_ITEM('',(#11606),#7084);
#6726=STYLED_ITEM('',(#11606),#7085);
#6727=STYLED_ITEM('',(#11606),#7086);
#6728=STYLED_ITEM('',(#11606),#7087);
#6729=STYLED_ITEM('',(#11606),#7088);
#6730=STYLED_ITEM('',(#11606),#7089);
#6731=STYLED_ITEM('',(#11606),#7090);
#6732=STYLED_ITEM('',(#11614),#7091);
#6733=STYLED_ITEM('',(#11606),#7092);
#6734=STYLED_ITEM('',(#11606),#7093);
#6735=STYLED_ITEM('',(#11606),#7094);
#6736=STYLED_ITEM('',(#11605),#7097);
#6737=ADVANCED_FACE('',(#333),#6299,.F.);
#6738=ADVANCED_FACE('',(#334),#74,.T.);
#6739=ADVANCED_FACE('',(#335),#75,.F.);
#6740=ADVANCED_FACE('',(#336),#76,.T.);
#6741=ADVANCED_FACE('',(#337),#77,.F.);
#6742=ADVANCED_FACE('',(#338),#78,.F.);
#6743=ADVANCED_FACE('',(#339),#79,.T.);
#6744=ADVANCED_FACE('',(#340),#6300,.F.);
#6745=ADVANCED_FACE('',(#341),#80,.F.);
#6746=ADVANCED_FACE('',(#342),#81,.T.);
#6747=ADVANCED_FACE('',(#343),#82,.F.);
#6748=ADVANCED_FACE('',(#344),#83,.F.);
#6749=ADVANCED_FACE('',(#345),#84,.F.);
#6750=ADVANCED_FACE('',(#346,#35),#85,.T.);
#6751=ADVANCED_FACE('',(#347),#86,.T.);
#6752=ADVANCED_FACE('',(#348,#36),#87,.T.);
#6753=ADVANCED_FACE('',(#349),#88,.T.);
#6754=ADVANCED_FACE('',(#350),#23,.T.);
#6755=ADVANCED_FACE('',(#351),#6301,.F.);
#6756=ADVANCED_FACE('',(#352),#89,.F.);
#6757=ADVANCED_FACE('',(#353,#37),#90,.T.);
#6758=ADVANCED_FACE('',(#354),#91,.T.);
#6759=ADVANCED_FACE('',(#355),#92,.T.);
#6760=ADVANCED_FACE('',(#356),#93,.T.);
#6761=ADVANCED_FACE('',(#357),#94,.T.);
#6762=ADVANCED_FACE('',(#358),#6302,.F.);
#6763=ADVANCED_FACE('',(#359),#95,.F.);
#6764=ADVANCED_FACE('',(#360),#96,.F.);
#6765=ADVANCED_FACE('',(#361),#6303,.F.);
#6766=ADVANCED_FACE('',(#362),#97,.F.);
#6767=ADVANCED_FACE('',(#363),#98,.F.);
#6768=ADVANCED_FACE('',(#364),#99,.F.);
#6769=ADVANCED_FACE('',(#365),#100,.F.);
#6770=ADVANCED_FACE('',(#366),#101,.F.);
#6771=ADVANCED_FACE('',(#367),#102,.F.);
#6772=ADVANCED_FACE('',(#368),#103,.F.);
#6773=ADVANCED_FACE('',(#369),#104,.F.);
#6774=ADVANCED_FACE('',(#370),#105,.T.);
#6775=ADVANCED_FACE('',(#371),#24,.T.);
#6776=ADVANCED_FACE('',(#372),#6304,.F.);
#6777=ADVANCED_FACE('',(#373),#106,.F.);
#6778=ADVANCED_FACE('',(#374),#107,.T.);
#6779=ADVANCED_FACE('',(#375,#38,#39,#40,#41),#108,.T.);
#6780=ADVANCED_FACE('',(#376,#42,#43,#44,#45,#46,#47,#48,#49,#50,#51,#52,
#53,#54,#55,#56,#57,#58,#59),#109,.F.);
#6781=ADVANCED_FACE('',(#377),#110,.T.);
#6782=ADVANCED_FACE('',(#378),#6305,.F.);
#6783=ADVANCED_FACE('',(#379),#111,.T.);
#6784=ADVANCED_FACE('',(#380),#6306,.T.);
#6785=ADVANCED_FACE('',(#381),#6307,.F.);
#6786=ADVANCED_FACE('',(#382),#6308,.F.);
#6787=ADVANCED_FACE('',(#383),#112,.T.);
#6788=ADVANCED_FACE('',(#384),#6309,.T.);
#6789=ADVANCED_FACE('',(#385),#6310,.F.);
#6790=ADVANCED_FACE('',(#386),#6311,.F.);
#6791=ADVANCED_FACE('',(#387),#113,.T.);
#6792=ADVANCED_FACE('',(#388),#6312,.T.);
#6793=ADVANCED_FACE('',(#389),#6313,.F.);
#6794=ADVANCED_FACE('',(#390),#6314,.F.);
#6795=ADVANCED_FACE('',(#391),#114,.T.);
#6796=ADVANCED_FACE('',(#392),#6315,.T.);
#6797=ADVANCED_FACE('',(#393),#6316,.F.);
#6798=ADVANCED_FACE('',(#394),#6317,.F.);
#6799=ADVANCED_FACE('',(#395),#115,.T.);
#6800=ADVANCED_FACE('',(#396),#6318,.F.);
#6801=ADVANCED_FACE('',(#397),#6319,.T.);
#6802=ADVANCED_FACE('',(#398),#6320,.F.);
#6803=ADVANCED_FACE('',(#399),#116,.T.);
#6804=ADVANCED_FACE('',(#400),#6321,.F.);
#6805=ADVANCED_FACE('',(#401),#6322,.T.);
#6806=ADVANCED_FACE('',(#402),#6323,.F.);
#6807=ADVANCED_FACE('',(#403),#117,.T.);
#6808=ADVANCED_FACE('',(#404),#6324,.F.);
#6809=ADVANCED_FACE('',(#405),#6325,.T.);
#6810=ADVANCED_FACE('',(#406),#6326,.F.);
#6811=ADVANCED_FACE('',(#407),#118,.T.);
#6812=ADVANCED_FACE('',(#408),#6327,.F.);
#6813=ADVANCED_FACE('',(#409),#6328,.T.);
#6814=ADVANCED_FACE('',(#410),#6329,.F.);
#6815=ADVANCED_FACE('',(#411),#119,.F.);
#6816=ADVANCED_FACE('',(#412),#6330,.F.);
#6817=ADVANCED_FACE('',(#413),#6331,.T.);
#6818=ADVANCED_FACE('',(#414),#6332,.F.);
#6819=ADVANCED_FACE('',(#415),#120,.F.);
#6820=ADVANCED_FACE('',(#416),#6333,.F.);
#6821=ADVANCED_FACE('',(#417),#6334,.T.);
#6822=ADVANCED_FACE('',(#418),#6335,.F.);
#6823=ADVANCED_FACE('',(#419),#121,.T.);
#6824=ADVANCED_FACE('',(#420),#6336,.T.);
#6825=ADVANCED_FACE('',(#421),#6337,.F.);
#6826=ADVANCED_FACE('',(#422),#6338,.F.);
#6827=ADVANCED_FACE('',(#423),#122,.T.);
#6828=ADVANCED_FACE('',(#424),#6339,.T.);
#6829=ADVANCED_FACE('',(#425),#6340,.F.);
#6830=ADVANCED_FACE('',(#426),#123,.T.);
#6831=ADVANCED_FACE('',(#427),#124,.F.);
#6832=ADVANCED_FACE('',(#428),#125,.T.);
#6833=ADVANCED_FACE('',(#429),#126,.T.);
#6834=ADVANCED_FACE('',(#430),#127,.T.);
#6835=ADVANCED_FACE('',(#431),#128,.T.);
#6836=ADVANCED_FACE('',(#432),#129,.T.);
#6837=ADVANCED_FACE('',(#433),#130,.T.);
#6838=ADVANCED_FACE('',(#434),#131,.T.);
#6839=ADVANCED_FACE('',(#435),#132,.T.);
#6840=ADVANCED_FACE('',(#436),#133,.T.);
#6841=ADVANCED_FACE('',(#437),#134,.T.);
#6842=ADVANCED_FACE('',(#438),#135,.T.);
#6843=ADVANCED_FACE('',(#439),#136,.T.);
#6844=ADVANCED_FACE('',(#440),#137,.T.);
#6845=ADVANCED_FACE('',(#441),#138,.T.);
#6846=ADVANCED_FACE('',(#442),#139,.T.);
#6847=ADVANCED_FACE('',(#443),#140,.T.);
#6848=ADVANCED_FACE('',(#444),#141,.T.);
#6849=ADVANCED_FACE('',(#445),#142,.T.);
#6850=ADVANCED_FACE('',(#446),#143,.T.);
#6851=ADVANCED_FACE('',(#447),#25,.T.);
#6852=ADVANCED_FACE('',(#448),#144,.T.);
#6853=ADVANCED_FACE('',(#449),#26,.T.);
#6854=ADVANCED_FACE('',(#450),#145,.T.);
#6855=ADVANCED_FACE('',(#451),#146,.T.);
#6856=ADVANCED_FACE('',(#452),#27,.T.);
#6857=ADVANCED_FACE('',(#453),#147,.T.);
#6858=ADVANCED_FACE('',(#454),#28,.T.);
#6859=ADVANCED_FACE('',(#455),#148,.T.);
#6860=ADVANCED_FACE('',(#456),#6341,.F.);
#6861=ADVANCED_FACE('',(#457),#149,.T.);
#6862=ADVANCED_FACE('',(#458),#6342,.F.);
#6863=ADVANCED_FACE('',(#459),#150,.T.);
#6864=ADVANCED_FACE('',(#460),#6343,.F.);
#6865=ADVANCED_FACE('',(#461),#151,.T.);
#6866=ADVANCED_FACE('',(#462),#6344,.F.);
#6867=ADVANCED_FACE('',(#463),#152,.T.);
#6868=ADVANCED_FACE('',(#464),#6345,.F.);
#6869=ADVANCED_FACE('',(#465),#153,.T.);
#6870=ADVANCED_FACE('',(#466),#6346,.F.);
#6871=ADVANCED_FACE('',(#467),#154,.T.);
#6872=ADVANCED_FACE('',(#468),#6347,.F.);
#6873=ADVANCED_FACE('',(#469),#155,.T.);
#6874=ADVANCED_FACE('',(#470),#6348,.F.);
#6875=ADVANCED_FACE('',(#471),#156,.T.);
#6876=ADVANCED_FACE('',(#472),#6349,.F.);
#6877=ADVANCED_FACE('',(#473),#157,.T.);
#6878=ADVANCED_FACE('',(#474),#6350,.F.);
#6879=ADVANCED_FACE('',(#475),#6351,.F.);
#6880=ADVANCED_FACE('',(#476),#158,.T.);
#6881=ADVANCED_FACE('',(#477),#6352,.F.);
#6882=ADVANCED_FACE('',(#478),#6353,.F.);
#6883=ADVANCED_FACE('',(#479),#159,.T.);
#6884=ADVANCED_FACE('',(#480),#6354,.F.);
#6885=ADVANCED_FACE('',(#481),#6355,.F.);
#6886=ADVANCED_FACE('',(#482),#160,.T.);
#6887=ADVANCED_FACE('',(#483),#6356,.F.);
#6888=ADVANCED_FACE('',(#484),#6357,.F.);
#6889=ADVANCED_FACE('',(#485),#161,.T.);
#6890=ADVANCED_FACE('',(#486),#6358,.F.);
#6891=ADVANCED_FACE('',(#487),#162,.T.);
#6892=ADVANCED_FACE('',(#488),#6359,.F.);
#6893=ADVANCED_FACE('',(#489),#163,.T.);
#6894=ADVANCED_FACE('',(#490),#6360,.F.);
#6895=ADVANCED_FACE('',(#491),#6361,.F.);
#6896=ADVANCED_FACE('',(#492),#164,.T.);
#6897=ADVANCED_FACE('',(#493),#6362,.F.);
#6898=ADVANCED_FACE('',(#494),#6363,.F.);
#6899=ADVANCED_FACE('',(#495),#165,.T.);
#6900=ADVANCED_FACE('',(#496),#6364,.F.);
#6901=ADVANCED_FACE('',(#497),#166,.T.);
#6902=ADVANCED_FACE('',(#498),#6365,.F.);
#6903=ADVANCED_FACE('',(#499),#167,.T.);
#6904=ADVANCED_FACE('',(#500),#168,.T.);
#6905=ADVANCED_FACE('',(#501),#169,.T.);
#6906=ADVANCED_FACE('',(#502),#170,.T.);
#6907=ADVANCED_FACE('',(#503),#171,.T.);
#6908=ADVANCED_FACE('',(#504),#172,.T.);
#6909=ADVANCED_FACE('',(#505),#173,.T.);
#6910=ADVANCED_FACE('',(#506),#174,.T.);
#6911=ADVANCED_FACE('',(#507),#175,.T.);
#6912=ADVANCED_FACE('',(#508),#176,.T.);
#6913=ADVANCED_FACE('',(#509),#177,.T.);
#6914=ADVANCED_FACE('',(#510),#178,.T.);
#6915=ADVANCED_FACE('',(#511),#179,.T.);
#6916=ADVANCED_FACE('',(#512),#180,.T.);
#6917=ADVANCED_FACE('',(#513),#181,.T.);
#6918=ADVANCED_FACE('',(#514),#14,.T.);
#6919=ADVANCED_FACE('',(#515),#15,.T.);
#6920=ADVANCED_FACE('',(#516),#182,.T.);
#6921=ADVANCED_FACE('',(#517),#16,.T.);
#6922=ADVANCED_FACE('',(#518),#183,.T.);
#6923=ADVANCED_FACE('',(#519),#184,.T.);
#6924=ADVANCED_FACE('',(#520),#185,.T.);
#6925=ADVANCED_FACE('',(#521),#186,.T.);
#6926=ADVANCED_FACE('',(#522),#187,.T.);
#6927=ADVANCED_FACE('',(#523),#188,.T.);
#6928=ADVANCED_FACE('',(#524),#189,.T.);
#6929=ADVANCED_FACE('',(#525),#190,.T.);
#6930=ADVANCED_FACE('',(#526),#191,.T.);
#6931=ADVANCED_FACE('',(#527),#192,.T.);
#6932=ADVANCED_FACE('',(#528),#193,.T.);
#6933=ADVANCED_FACE('',(#529),#194,.T.);
#6934=ADVANCED_FACE('',(#530),#195,.T.);
#6935=ADVANCED_FACE('',(#531),#196,.T.);
#6936=ADVANCED_FACE('',(#532),#197,.T.);
#6937=ADVANCED_FACE('',(#533),#198,.T.);
#6938=ADVANCED_FACE('',(#534),#199,.T.);
#6939=ADVANCED_FACE('',(#535),#200,.T.);
#6940=ADVANCED_FACE('',(#536),#201,.T.);
#6941=ADVANCED_FACE('',(#537),#202,.T.);
#6942=ADVANCED_FACE('',(#538),#203,.T.);
#6943=ADVANCED_FACE('',(#539),#204,.T.);
#6944=ADVANCED_FACE('',(#540),#205,.T.);
#6945=ADVANCED_FACE('',(#541),#206,.T.);
#6946=ADVANCED_FACE('',(#542),#207,.T.);
#6947=ADVANCED_FACE('',(#543),#208,.T.);
#6948=ADVANCED_FACE('',(#544),#209,.T.);
#6949=ADVANCED_FACE('',(#545),#210,.T.);
#6950=ADVANCED_FACE('',(#546),#211,.T.);
#6951=ADVANCED_FACE('',(#547),#212,.T.);
#6952=ADVANCED_FACE('',(#548),#213,.T.);
#6953=ADVANCED_FACE('',(#549),#214,.T.);
#6954=ADVANCED_FACE('',(#550),#215,.T.);
#6955=ADVANCED_FACE('',(#551),#216,.T.);
#6956=ADVANCED_FACE('',(#552),#217,.T.);
#6957=ADVANCED_FACE('',(#553),#218,.T.);
#6958=ADVANCED_FACE('',(#554),#219,.T.);
#6959=ADVANCED_FACE('',(#555),#220,.T.);
#6960=ADVANCED_FACE('',(#556),#221,.T.);
#6961=ADVANCED_FACE('',(#557),#222,.T.);
#6962=ADVANCED_FACE('',(#558),#223,.T.);
#6963=ADVANCED_FACE('',(#559),#224,.T.);
#6964=ADVANCED_FACE('',(#560),#225,.T.);
#6965=ADVANCED_FACE('',(#561),#226,.T.);
#6966=ADVANCED_FACE('',(#562),#227,.T.);
#6967=ADVANCED_FACE('',(#563),#228,.T.);
#6968=ADVANCED_FACE('',(#564),#229,.T.);
#6969=ADVANCED_FACE('',(#565),#230,.T.);
#6970=ADVANCED_FACE('',(#566),#231,.T.);
#6971=ADVANCED_FACE('',(#567),#232,.T.);
#6972=ADVANCED_FACE('',(#568),#233,.T.);
#6973=ADVANCED_FACE('',(#569),#234,.T.);
#6974=ADVANCED_FACE('',(#570),#235,.T.);
#6975=ADVANCED_FACE('',(#571),#236,.T.);
#6976=ADVANCED_FACE('',(#572),#237,.T.);
#6977=ADVANCED_FACE('',(#573),#238,.T.);
#6978=ADVANCED_FACE('',(#574),#239,.T.);
#6979=ADVANCED_FACE('',(#575),#240,.T.);
#6980=ADVANCED_FACE('',(#576),#241,.T.);
#6981=ADVANCED_FACE('',(#577),#242,.T.);
#6982=ADVANCED_FACE('',(#578),#243,.T.);
#6983=ADVANCED_FACE('',(#579),#244,.T.);
#6984=ADVANCED_FACE('',(#580),#245,.T.);
#6985=ADVANCED_FACE('',(#581),#246,.T.);
#6986=ADVANCED_FACE('',(#582),#247,.T.);
#6987=ADVANCED_FACE('',(#583),#248,.T.);
#6988=ADVANCED_FACE('',(#584),#249,.T.);
#6989=ADVANCED_FACE('',(#585),#250,.T.);
#6990=ADVANCED_FACE('',(#586),#251,.T.);
#6991=ADVANCED_FACE('',(#587),#252,.T.);
#6992=ADVANCED_FACE('',(#588),#253,.T.);
#6993=ADVANCED_FACE('',(#589),#254,.T.);
#6994=ADVANCED_FACE('',(#590),#255,.T.);
#6995=ADVANCED_FACE('',(#591),#256,.T.);
#6996=ADVANCED_FACE('',(#592),#257,.T.);
#6997=ADVANCED_FACE('',(#593),#258,.T.);
#6998=ADVANCED_FACE('',(#594),#259,.T.);
#6999=ADVANCED_FACE('',(#595),#260,.T.);
#7000=ADVANCED_FACE('',(#596),#261,.T.);
#7001=ADVANCED_FACE('',(#597),#262,.T.);
#7002=ADVANCED_FACE('',(#598),#263,.T.);
#7003=ADVANCED_FACE('',(#599),#264,.F.);
#7004=ADVANCED_FACE('',(#600),#265,.T.);
#7005=ADVANCED_FACE('',(#601),#266,.F.);
#7006=ADVANCED_FACE('',(#602),#267,.T.);
#7007=ADVANCED_FACE('',(#603),#268,.F.);
#7008=ADVANCED_FACE('',(#604),#269,.F.);
#7009=ADVANCED_FACE('',(#605),#270,.F.);
#7010=ADVANCED_FACE('',(#606),#271,.F.);
#7011=ADVANCED_FACE('',(#607),#272,.F.);
#7012=ADVANCED_FACE('',(#608),#273,.F.);
#7013=ADVANCED_FACE('',(#609),#274,.F.);
#7014=ADVANCED_FACE('',(#610),#275,.T.);
#7015=ADVANCED_FACE('',(#611),#276,.T.);
#7016=ADVANCED_FACE('',(#612),#277,.T.);
#7017=ADVANCED_FACE('',(#613),#278,.T.);
#7018=ADVANCED_FACE('',(#614),#279,.T.);
#7019=ADVANCED_FACE('',(#615),#280,.T.);
#7020=ADVANCED_FACE('',(#616),#281,.T.);
#7021=ADVANCED_FACE('',(#617,#60,#61),#282,.T.);
#7022=ADVANCED_FACE('',(#618),#283,.T.);
#7023=ADVANCED_FACE('',(#619),#284,.T.);
#7024=ADVANCED_FACE('',(#620),#285,.T.);
#7025=ADVANCED_FACE('',(#621),#286,.T.);
#7026=ADVANCED_FACE('',(#622),#287,.T.);
#7027=ADVANCED_FACE('',(#623),#288,.T.);
#7028=ADVANCED_FACE('',(#624),#289,.T.);
#7029=ADVANCED_FACE('',(#625),#29,.F.);
#7030=ADVANCED_FACE('',(#626),#290,.T.);
#7031=ADVANCED_FACE('',(#627),#291,.T.);
#7032=ADVANCED_FACE('',(#628),#292,.T.);
#7033=ADVANCED_FACE('',(#629),#293,.T.);
#7034=ADVANCED_FACE('',(#630),#294,.T.);
#7035=ADVANCED_FACE('',(#631),#6366,.F.);
#7036=ADVANCED_FACE('',(#632),#295,.F.);
#7037=ADVANCED_FACE('',(#633),#6367,.F.);
#7038=ADVANCED_FACE('',(#634),#296,.T.);
#7039=ADVANCED_FACE('',(#635),#297,.T.);
#7040=ADVANCED_FACE('',(#636),#298,.T.);
#7041=ADVANCED_FACE('',(#637),#299,.T.);
#7042=ADVANCED_FACE('',(#638),#300,.T.);
#7043=ADVANCED_FACE('',(#639),#301,.T.);
#7044=ADVANCED_FACE('',(#640),#302,.T.);
#7045=ADVANCED_FACE('',(#641),#303,.T.);
#7046=ADVANCED_FACE('',(#642),#304,.T.);
#7047=ADVANCED_FACE('',(#643),#305,.T.);
#7048=ADVANCED_FACE('',(#644),#306,.T.);
#7049=ADVANCED_FACE('',(#645),#307,.T.);
#7050=ADVANCED_FACE('',(#646),#308,.T.);
#7051=ADVANCED_FACE('',(#647),#309,.T.);
#7052=ADVANCED_FACE('',(#648),#310,.T.);
#7053=ADVANCED_FACE('',(#649),#311,.T.);
#7054=ADVANCED_FACE('',(#650),#312,.T.);
#7055=ADVANCED_FACE('',(#651),#313,.T.);
#7056=ADVANCED_FACE('',(#652),#314,.F.);
#7057=ADVANCED_FACE('',(#653),#6368,.F.);
#7058=ADVANCED_FACE('',(#654),#315,.F.);
#7059=ADVANCED_FACE('',(#655),#316,.F.);
#7060=ADVANCED_FACE('',(#656),#317,.F.);
#7061=ADVANCED_FACE('',(#657),#318,.T.);
#7062=ADVANCED_FACE('',(#658),#30,.T.);
#7063=ADVANCED_FACE('',(#659),#319,.T.);
#7064=ADVANCED_FACE('',(#660),#31,.T.);
#7065=ADVANCED_FACE('',(#661),#320,.T.);
#7066=ADVANCED_FACE('',(#662),#32,.T.);
#7067=ADVANCED_FACE('',(#663),#321,.T.);
#7068=ADVANCED_FACE('',(#664),#33,.T.);
#7069=ADVANCED_FACE('',(#665,#62,#63,#64,#65),#322,.T.);
#7070=ADVANCED_FACE('',(#666),#6369,.F.);
#7071=ADVANCED_FACE('',(#667),#323,.F.);
#7072=ADVANCED_FACE('',(#668),#324,.F.);
#7073=ADVANCED_FACE('',(#669,#66),#325,.T.);
#7074=ADVANCED_FACE('',(#670),#326,.F.);
#7075=ADVANCED_FACE('',(#671,#67,#68),#327,.T.);
#7076=ADVANCED_FACE('',(#672),#6370,.F.);
#7077=ADVANCED_FACE('',(#673),#6371,.F.);
#7078=ADVANCED_FACE('',(#674),#6372,.F.);
#7079=ADVANCED_FACE('',(#675),#6373,.F.);
#7080=ADVANCED_FACE('',(#676),#6374,.T.);
#7081=ADVANCED_FACE('',(#677),#6375,.T.);
#7082=ADVANCED_FACE('',(#678),#6376,.T.);
#7083=ADVANCED_FACE('',(#679),#328,.T.);
#7084=ADVANCED_FACE('',(#680),#6377,.T.);
#7085=ADVANCED_FACE('',(#681,#69),#329,.T.);
#7086=ADVANCED_FACE('',(#682),#6378,.F.);
#7087=ADVANCED_FACE('',(#683,#70),#330,.T.);
#7088=ADVANCED_FACE('',(#684),#6379,.F.);
#7089=ADVANCED_FACE('',(#685,#71),#331,.T.);
#7090=ADVANCED_FACE('',(#686),#6380,.F.);
#7091=ADVANCED_FACE('',(#687),#13,.T.);
#7092=ADVANCED_FACE('',(#688),#34,.F.);
#7093=ADVANCED_FACE('',(#689,#72),#332,.T.);
#7094=ADVANCED_FACE('',(#690),#6381,.T.);
#7095=CLOSED_SHELL('',(#6737,#6738,#6739,#6740,#6741,#6742,#6743,#6744,
#6745,#6746));
#7096=CLOSED_SHELL('',(#6747,#6748,#6749,#6750,#6751,#6752,#6753,#6754,
#6755,#6756,#6757,#6758,#6759,#6760,#6761,#6762,#6763,#6764,#6765,#6766,
#6767,#6768,#6769,#6770,#6771,#6772,#6773,#6774,#6775,#6776,#6777,#6778,
#6779,#6780,#6781,#6782,#6783,#6784,#6785,#6786,#6787,#6788,#6789,#6790,
#6791,#6792,#6793,#6794,#6795,#6796,#6797,#6798,#6799,#6800,#6801,#6802,
#6803,#6804,#6805,#6806,#6807,#6808,#6809,#6810,#6811,#6812,#6813,#6814,
#6815,#6816,#6817,#6818,#6819,#6820,#6821,#6822,#6823,#6824,#6825,#6826,
#6827,#6828,#6829,#6830,#6831,#6832,#6833,#6834,#6835,#6836,#6837,#6838,
#6839,#6840,#6841,#6842,#6843,#6844,#6845,#6846,#6847,#6848,#6849,#6850,
#6851,#6852,#6853,#6854,#6855,#6856,#6857,#6858,#6859,#6860,#6861,#6862,
#6863,#6864,#6865,#6866,#6867,#6868,#6869,#6870,#6871,#6872,#6873,#6874,
#6875,#6876,#6877,#6878,#6879,#6880,#6881,#6882,#6883,#6884,#6885,#6886,
#6887,#6888,#6889,#6890,#6891,#6892,#6893,#6894,#6895,#6896,#6897,#6898,
#6899,#6900,#6901,#6902,#6903,#6904,#6905,#6906,#6907,#6908,#6909,#6910,
#6911,#6912,#6913,#6914,#6915,#6916,#6917,#6918,#6919,#6920,#6921,#6922,
#6923,#6924,#6925,#6926,#6927,#6928,#6929,#6930,#6931,#6932,#6933,#6934,
#6935,#6936,#6937,#6938,#6939,#6940,#6941,#6942,#6943,#6944,#6945,#6946,
#6947,#6948,#6949,#6950,#6951,#6952,#6953,#6954,#6955,#6956,#6957,#6958,
#6959,#6960,#6961,#6962,#6963,#6964,#6965,#6966,#6967,#6968,#6969,#6970,
#6971,#6972,#6973,#6974,#6975,#6976,#6977,#6978,#6979,#6980,#6981,#6982,
#6983,#6984,#6985,#6986,#6987,#6988,#6989,#6990,#6991,#6992,#6993,#6994,
#6995,#6996,#6997,#6998,#6999,#7000,#7001,#7002,#7003,#7004,#7005,#7006,
#7007,#7008,#7009,#7010,#7011,#7012,#7013,#7014,#7015,#7016,#7017,#7018,
#7019,#7020,#7021,#7022,#7023,#7024,#7025,#7026,#7027,#7028,#7029,#7030,
#7031,#7032,#7033,#7034,#7035,#7036,#7037,#7038,#7039,#7040,#7041,#7042,
#7043,#7044,#7045,#7046,#7047,#7048,#7049,#7050,#7051,#7052,#7053,#7054,
#7055,#7056,#7057,#7058,#7059,#7060,#7061,#7062,#7063,#7064,#7065,#7066,
#7067,#7068,#7069,#7070,#7071,#7072,#7073,#7074,#7075,#7076,#7077,#7078,
#7079,#7080,#7081,#7082,#7083,#7084,#7085,#7086,#7087,#7088,#7089,#7090,
#7091,#7092,#7093,#7094));
#7097=BREP_WITH_VOIDS('Solid189',#7096,(#73));
#7098=DERIVED_UNIT_ELEMENT(#7100,1.);
#7099=DERIVED_UNIT_ELEMENT(#11590,-3.);
#7100=(
CONVERSION_BASED_UNIT('gram',#7102)
MASS_UNIT()
NAMED_UNIT(#11587)
);
#7101=(
MASS_UNIT()
NAMED_UNIT(*)
SI_UNIT(.KILO.,.GRAM.)
);
#7102=MASS_MEASURE_WITH_UNIT(MASS_MEASURE(0.001),#7101);
#7103=DERIVED_UNIT((#7098,#7099));
#7104=MEASURE_REPRESENTATION_ITEM('density measure',
POSITIVE_RATIO_MEASURE(1.),#7103);
#7105=PROPERTY_DEFINITION_REPRESENTATION(#7110,#7107);
#7106=PROPERTY_DEFINITION_REPRESENTATION(#7111,#7108);
#7107=REPRESENTATION('material name',(#7109),#11584);
#7108=REPRESENTATION('density',(#7104),#11584);
#7109=DESCRIPTIVE_REPRESENTATION_ITEM('Generic','Generic');
#7110=PROPERTY_DEFINITION('material property','material name',#11598);
#7111=PROPERTY_DEFINITION('material property','density of part',#11598);
#7112=DATE_TIME_ROLE('creation_date');
#7113=APPLIED_DATE_AND_TIME_ASSIGNMENT(#7114,#7112,(#11598));
#7114=DATE_AND_TIME(#7115,#7116);
#7115=CALENDAR_DATE(2025,14,1);
#7116=LOCAL_TIME(0,0,0.,#7117);
#7117=COORDINATED_UNIVERSAL_TIME_OFFSET(0,0,.BEHIND.);
#7118=AXIS2_PLACEMENT_3D('',#9512,#7662,#7663);
#7119=AXIS2_PLACEMENT_3D('',#9513,#7664,#7665);
#7120=AXIS2_PLACEMENT_3D('',#9516,#7666,#7667);
#7121=AXIS2_PLACEMENT_3D('',#9520,#7669,#7670);
#7122=AXIS2_PLACEMENT_3D('',#9522,#7671,#7672);
#7123=AXIS2_PLACEMENT_3D('',#9524,#7673,#7674);
#7124=AXIS2_PLACEMENT_3D('',#9528,#7676,#7677);
#7125=AXIS2_PLACEMENT_3D('',#9530,#7679,#7680);
#7126=AXIS2_PLACEMENT_3D('',#9534,#7682,#7683);
#7127=AXIS2_PLACEMENT_3D('',#9536,#7685,#7686);
#7128=AXIS2_PLACEMENT_3D('',#9538,#7687,#7688);
#7129=AXIS2_PLACEMENT_3D('',#9540,#7690,#7691);
#7130=AXIS2_PLACEMENT_3D('',#9543,#7693,#7694);
#7131=AXIS2_PLACEMENT_3D('',#9544,#7695,#7696);
#7132=AXIS2_PLACEMENT_3D('',#9550,#7700,#7701);
#7133=AXIS2_PLACEMENT_3D('',#9553,#7703,#7704);
#7134=AXIS2_PLACEMENT_3D('',#9554,#7705,#7706);
#7135=AXIS2_PLACEMENT_3D('',#9556,#7708,#7709);
#7136=AXIS2_PLACEMENT_3D('',#9558,#7710,#7711);
#7137=AXIS2_PLACEMENT_3D('',#9560,#7713,#7714);
#7138=AXIS2_PLACEMENT_3D('',#9562,#7716,#7717);
#7139=AXIS2_PLACEMENT_3D('',#9563,#7718,#7719);
#7140=AXIS2_PLACEMENT_3D('',#9572,#7724,#7725);
#7141=AXIS2_PLACEMENT_3D('',#9581,#7730,#7731);
#7142=AXIS2_PLACEMENT_3D('',#9587,#7735,#7736);
#7143=AXIS2_PLACEMENT_3D('',#9590,#7737,#7738);
#7144=AXIS2_PLACEMENT_3D('',#9594,#7740,#7741);
#7145=AXIS2_PLACEMENT_3D('',#9600,#7744,#7745);
#7146=AXIS2_PLACEMENT_3D('',#9603,#7747,#7748);
#7147=AXIS2_PLACEMENT_3D('',#9604,#7749,#7750);
#7148=AXIS2_PLACEMENT_3D('',#9606,#7751,#7752);
#7149=AXIS2_PLACEMENT_3D('',#9607,#7753,#7754);
#7150=AXIS2_PLACEMENT_3D('',#9609,#7755,#7756);
#7151=AXIS2_PLACEMENT_3D('',#9611,#7757,#7758);
#7152=AXIS2_PLACEMENT_3D('',#9612,#7759,#7760);
#7153=AXIS2_PLACEMENT_3D('',#9618,#7764,#7765);
#7154=AXIS2_PLACEMENT_3D('',#9621,#7767,#7768);
#7155=AXIS2_PLACEMENT_3D('',#9622,#7769,#7770);
#7156=AXIS2_PLACEMENT_3D('',#9626,#7772,#7773);
#7157=AXIS2_PLACEMENT_3D('',#9628,#7775,#7776);
#7158=AXIS2_PLACEMENT_3D('',#9632,#7779,#7780);
#7159=AXIS2_PLACEMENT_3D('',#9749,#7838,#7839);
#7160=AXIS2_PLACEMENT_3D('',#9753,#7841,#7842);
#7161=AXIS2_PLACEMENT_3D('',#9759,#7845,#7846);
#7162=AXIS2_PLACEMENT_3D('',#9763,#7848,#7849);
#7163=AXIS2_PLACEMENT_3D('',#9765,#7851,#7852);
#7164=AXIS2_PLACEMENT_3D('',#9770,#7854,#7855);
#7165=AXIS2_PLACEMENT_3D('',#9774,#7857,#7858);
#7166=AXIS2_PLACEMENT_3D('',#9780,#7861,#7862);
#7167=AXIS2_PLACEMENT_3D('',#9784,#7864,#7865);
#7168=AXIS2_PLACEMENT_3D('',#9786,#7867,#7868);
#7169=AXIS2_PLACEMENT_3D('',#9793,#7873,#7874);
#7170=AXIS2_PLACEMENT_3D('',#9802,#7879,#7880);
#7171=AXIS2_PLACEMENT_3D('',#9805,#7881,#7882);
#7172=AXIS2_PLACEMENT_3D('',#9813,#7886,#7887);
#7173=AXIS2_PLACEMENT_3D('',#9815,#7889,#7890);
#7174=AXIS2_PLACEMENT_3D('',#9818,#7893,#7894);
#7175=AXIS2_PLACEMENT_3D('',#9820,#7896,#7897);
#7176=AXIS2_PLACEMENT_3D('',#9822,#7899,#7900);
#7177=AXIS2_PLACEMENT_3D('',#9824,#7902,#7903);
#7178=AXIS2_PLACEMENT_3D('',#9826,#7905,#7906);
#7179=AXIS2_PLACEMENT_3D('',#9830,#7909,#7910);
#7180=AXIS2_PLACEMENT_3D('',#9834,#7913,#7914);
#7181=AXIS2_PLACEMENT_3D('',#9840,#7918,#7919);
#7182=AXIS2_PLACEMENT_3D('',#9844,#7922,#7923);
#7183=AXIS2_PLACEMENT_3D('',#9848,#7926,#7927);
#7184=AXIS2_PLACEMENT_3D('',#9854,#7931,#7932);
#7185=AXIS2_PLACEMENT_3D('',#9858,#7935,#7936);
#7186=AXIS2_PLACEMENT_3D('',#9862,#7939,#7940);
#7187=AXIS2_PLACEMENT_3D('',#9863,#7941,#7942);
#7188=AXIS2_PLACEMENT_3D('',#9864,#7943,#7944);
#7189=AXIS2_PLACEMENT_3D('',#9867,#7946,#7947);
#7190=AXIS2_PLACEMENT_3D('',#9868,#7948,#7949);
#7191=AXIS2_PLACEMENT_3D('',#9870,#7951,#7952);
#7192=AXIS2_PLACEMENT_3D('',#9871,#7953,#7954);
#7193=AXIS2_PLACEMENT_3D('',#9884,#7960,#7961);
#7194=AXIS2_PLACEMENT_3D('',#9887,#7963,#7964);
#7195=AXIS2_PLACEMENT_3D('',#9889,#7965,#7966);
#7196=AXIS2_PLACEMENT_3D('',#9891,#7967,#7968);
#7197=AXIS2_PLACEMENT_3D('',#9924,#7985,#7986);
#7198=AXIS2_PLACEMENT_3D('',#9933,#7990,#7991);
#7199=AXIS2_PLACEMENT_3D('',#9935,#7992,#7993);
#7200=AXIS2_PLACEMENT_3D('',#9937,#7994,#7995);
#7201=AXIS2_PLACEMENT_3D('',#9945,#7999,#8000);
#7202=AXIS2_PLACEMENT_3D('',#9947,#8001,#8002);
#7203=AXIS2_PLACEMENT_3D('',#9949,#8003,#8004);
#7204=AXIS2_PLACEMENT_3D('',#9957,#8008,#8009);
#7205=AXIS2_PLACEMENT_3D('',#9959,#8010,#8011);
#7206=AXIS2_PLACEMENT_3D('',#9961,#8012,#8013);
#7207=AXIS2_PLACEMENT_3D('',#9969,#8017,#8018);
#7208=AXIS2_PLACEMENT_3D('',#9971,#8019,#8020);
#7209=AXIS2_PLACEMENT_3D('',#9973,#8021,#8022);
#7210=AXIS2_PLACEMENT_3D('',#9981,#8026,#8027);
#7211=AXIS2_PLACEMENT_3D('',#9985,#8029,#8030);
#7212=AXIS2_PLACEMENT_3D('',#9993,#8034,#8035);
#7213=AXIS2_PLACEMENT_3D('',#9995,#8036,#8037);
#7214=AXIS2_PLACEMENT_3D('',#9997,#8038,#8039);
#7215=AXIS2_PLACEMENT_3D('',#10005,#8043,#8044);
#7216=AXIS2_PLACEMENT_3D('',#10007,#8045,#8046);
#7217=AXIS2_PLACEMENT_3D('',#10009,#8047,#8048);
#7218=AXIS2_PLACEMENT_3D('',#10017,#8052,#8053);
#7219=AXIS2_PLACEMENT_3D('',#10021,#8055,#8056);
#7220=AXIS2_PLACEMENT_3D('',#10045,#8068,#8069);
#7221=AXIS2_PLACEMENT_3D('',#10049,#8071,#8072);
#7222=AXIS2_PLACEMENT_3D('',#10057,#8076,#8077);
#7223=AXIS2_PLACEMENT_3D('',#10061,#8079,#8080);
#7224=AXIS2_PLACEMENT_3D('',#10069,#8084,#8085);
#7225=AXIS2_PLACEMENT_3D('',#10073,#8087,#8088);
#7226=AXIS2_PLACEMENT_3D('',#10081,#8092,#8093);
#7227=AXIS2_PLACEMENT_3D('',#10084,#8095,#8096);
#7228=AXIS2_PLACEMENT_3D('',#10267,#8169,#8170);
#7229=AXIS2_PLACEMENT_3D('',#10269,#8171,#8172);
#7230=AXIS2_PLACEMENT_3D('',#10271,#8173,#8174);
#7231=AXIS2_PLACEMENT_3D('',#10275,#8176,#8177);
#7232=AXIS2_PLACEMENT_3D('',#10278,#8179,#8180);
#7233=AXIS2_PLACEMENT_3D('',#10283,#8182,#8183);
#7234=AXIS2_PLACEMENT_3D('',#10287,#8185,#8186);
#7235=AXIS2_PLACEMENT_3D('',#10289,#8187,#8188);
#7236=AXIS2_PLACEMENT_3D('',#10291,#8189,#8190);
#7237=AXIS2_PLACEMENT_3D('',#10294,#8192,#8193);
#7238=AXIS2_PLACEMENT_3D('',#10296,#8194,#8195);
#7239=AXIS2_PLACEMENT_3D('',#10301,#8197,#8198);
#7240=AXIS2_PLACEMENT_3D('',#10305,#8200,#8201);
#7241=AXIS2_PLACEMENT_3D('',#10307,#8202,#8203);
#7242=AXIS2_PLACEMENT_3D('',#10309,#8204,#8205);
#7243=AXIS2_PLACEMENT_3D('',#10312,#8207,#8208);
#7244=AXIS2_PLACEMENT_3D('',#10317,#8210,#8211);
#7245=AXIS2_PLACEMENT_3D('',#10319,#8212,#8213);
#7246=AXIS2_PLACEMENT_3D('',#10321,#8214,#8215);
#7247=AXIS2_PLACEMENT_3D('',#10325,#8217,#8218);
#7248=AXIS2_PLACEMENT_3D('',#10328,#8220,#8221);
#7249=AXIS2_PLACEMENT_3D('',#10333,#8223,#8224);
#7250=AXIS2_PLACEMENT_3D('',#10335,#8225,#8226);
#7251=AXIS2_PLACEMENT_3D('',#10337,#8227,#8228);
#7252=AXIS2_PLACEMENT_3D('',#10341,#8230,#8231);
#7253=AXIS2_PLACEMENT_3D('',#10344,#8233,#8234);
#7254=AXIS2_PLACEMENT_3D('',#10349,#8236,#8237);
#7255=AXIS2_PLACEMENT_3D('',#10351,#8238,#8239);
#7256=AXIS2_PLACEMENT_3D('',#10353,#8240,#8241);
#7257=AXIS2_PLACEMENT_3D('',#10357,#8243,#8244);
#7258=AXIS2_PLACEMENT_3D('',#10360,#8246,#8247);
#7259=AXIS2_PLACEMENT_3D('',#10362,#8248,#8249);
#7260=AXIS2_PLACEMENT_3D('',#10363,#8250,#8251);
#7261=AXIS2_PLACEMENT_3D('',#10366,#8252,#8253);
#7262=AXIS2_PLACEMENT_3D('',#10370,#8255,#8256);
#7263=AXIS2_PLACEMENT_3D('',#10376,#8260,#8261);
#7264=AXIS2_PLACEMENT_3D('',#10379,#8262,#8263);
#7265=AXIS2_PLACEMENT_3D('',#10382,#8266,#8267);
#7266=AXIS2_PLACEMENT_3D('',#10384,#8268,#8269);
#7267=AXIS2_PLACEMENT_3D('',#10386,#8270,#8271);
#7268=AXIS2_PLACEMENT_3D('',#10390,#8273,#8274);
#7269=AXIS2_PLACEMENT_3D('',#10394,#8276,#8277);
#7270=AXIS2_PLACEMENT_3D('',#10396,#8279,#8280);
#7271=AXIS2_PLACEMENT_3D('',#10398,#8282,#8283);
#7272=AXIS2_PLACEMENT_3D('',#10400,#8285,#8286);
#7273=AXIS2_PLACEMENT_3D('',#10403,#8287,#8288);
#7274=AXIS2_PLACEMENT_3D('',#10406,#8291,#8292);
#7275=AXIS2_PLACEMENT_3D('',#10408,#8293,#8294);
#7276=AXIS2_PLACEMENT_3D('',#10410,#8295,#8296);
#7277=AXIS2_PLACEMENT_3D('',#10414,#8298,#8299);
#7278=AXIS2_PLACEMENT_3D('',#10418,#8301,#8302);
#7279=AXIS2_PLACEMENT_3D('',#10420,#8304,#8305);
#7280=AXIS2_PLACEMENT_3D('',#10422,#8307,#8308);
#7281=AXIS2_PLACEMENT_3D('',#10424,#8310,#8311);
#7282=AXIS2_PLACEMENT_3D('',#10427,#8312,#8313);
#7283=AXIS2_PLACEMENT_3D('',#10430,#8316,#8317);
#7284=AXIS2_PLACEMENT_3D('',#10432,#8318,#8319);
#7285=AXIS2_PLACEMENT_3D('',#10434,#8320,#8321);
#7286=AXIS2_PLACEMENT_3D('',#10438,#8323,#8324);
#7287=AXIS2_PLACEMENT_3D('',#10442,#8326,#8327);
#7288=AXIS2_PLACEMENT_3D('',#10444,#8329,#8330);
#7289=AXIS2_PLACEMENT_3D('',#10446,#8332,#8333);
#7290=AXIS2_PLACEMENT_3D('',#10448,#8335,#8336);
#7291=AXIS2_PLACEMENT_3D('',#10451,#8337,#8338);
#7292=AXIS2_PLACEMENT_3D('',#10454,#8341,#8342);
#7293=AXIS2_PLACEMENT_3D('',#10456,#8343,#8344);
#7294=AXIS2_PLACEMENT_3D('',#10458,#8345,#8346);
#7295=AXIS2_PLACEMENT_3D('',#10462,#8348,#8349);
#7296=AXIS2_PLACEMENT_3D('',#10466,#8351,#8352);
#7297=AXIS2_PLACEMENT_3D('',#10468,#8354,#8355);
#7298=AXIS2_PLACEMENT_3D('',#10470,#8357,#8358);
#7299=AXIS2_PLACEMENT_3D('',#10472,#8360,#8361);
#7300=AXIS2_PLACEMENT_3D('',#10475,#8362,#8363);
#7301=AXIS2_PLACEMENT_3D('',#10478,#8366,#8367);
#7302=AXIS2_PLACEMENT_3D('',#10483,#8371,#8372);
#7303=AXIS2_PLACEMENT_3D('',#10486,#8373,#8374);
#7304=AXIS2_PLACEMENT_3D('',#10489,#8377,#8378);
#7305=AXIS2_PLACEMENT_3D('',#10490,#8379,#8380);
#7306=AXIS2_PLACEMENT_3D('',#10491,#8381,#8382);
#7307=AXIS2_PLACEMENT_3D('',#10494,#8383,#8384);
#7308=AXIS2_PLACEMENT_3D('',#10497,#8387,#8388);
#7309=AXIS2_PLACEMENT_3D('',#10502,#8392,#8393);
#7310=AXIS2_PLACEMENT_3D('',#10505,#8394,#8395);
#7311=AXIS2_PLACEMENT_3D('',#10508,#8398,#8399);
#7312=AXIS2_PLACEMENT_3D('',#10509,#8400,#8401);
#7313=AXIS2_PLACEMENT_3D('',#10510,#8402,#8403);
#7314=AXIS2_PLACEMENT_3D('',#10513,#8404,#8405);
#7315=AXIS2_PLACEMENT_3D('',#10516,#8408,#8409);
#7316=AXIS2_PLACEMENT_3D('',#10521,#8413,#8414);
#7317=AXIS2_PLACEMENT_3D('',#10524,#8415,#8416);
#7318=AXIS2_PLACEMENT_3D('',#10527,#8419,#8420);
#7319=AXIS2_PLACEMENT_3D('',#10528,#8421,#8422);
#7320=AXIS2_PLACEMENT_3D('',#10529,#8423,#8424);
#7321=AXIS2_PLACEMENT_3D('',#10532,#8425,#8426);
#7322=AXIS2_PLACEMENT_3D('',#10535,#8429,#8430);
#7323=AXIS2_PLACEMENT_3D('',#10540,#8434,#8435);
#7324=AXIS2_PLACEMENT_3D('',#10543,#8436,#8437);
#7325=AXIS2_PLACEMENT_3D('',#10546,#8440,#8441);
#7326=AXIS2_PLACEMENT_3D('',#10547,#8442,#8443);
#7327=AXIS2_PLACEMENT_3D('',#10548,#8444,#8445);
#7328=AXIS2_PLACEMENT_3D('',#10551,#8446,#8447);
#7329=AXIS2_PLACEMENT_3D('',#10554,#8450,#8451);
#7330=AXIS2_PLACEMENT_3D('',#10559,#8455,#8456);
#7331=AXIS2_PLACEMENT_3D('',#10562,#8457,#8458);
#7332=AXIS2_PLACEMENT_3D('',#10565,#8461,#8462);
#7333=AXIS2_PLACEMENT_3D('',#10566,#8463,#8464);
#7334=AXIS2_PLACEMENT_3D('',#10567,#8465,#8466);
#7335=AXIS2_PLACEMENT_3D('',#10570,#8467,#8468);
#7336=AXIS2_PLACEMENT_3D('',#10573,#8471,#8472);
#7337=AXIS2_PLACEMENT_3D('',#10578,#8476,#8477);
#7338=AXIS2_PLACEMENT_3D('',#10581,#8478,#8479);
#7339=AXIS2_PLACEMENT_3D('',#10584,#8482,#8483);
#7340=AXIS2_PLACEMENT_3D('',#10585,#8484,#8485);
#7341=AXIS2_PLACEMENT_3D('',#10586,#8486,#8487);
#7342=AXIS2_PLACEMENT_3D('',#10589,#8488,#8489);
#7343=AXIS2_PLACEMENT_3D('',#10592,#8492,#8493);
#7344=AXIS2_PLACEMENT_3D('',#10594,#8494,#8495);
#7345=AXIS2_PLACEMENT_3D('',#10596,#8496,#8497);
#7346=AXIS2_PLACEMENT_3D('',#10600,#8499,#8500);
#7347=AXIS2_PLACEMENT_3D('',#10604,#8502,#8503);
#7348=AXIS2_PLACEMENT_3D('',#10606,#8505,#8506);
#7349=AXIS2_PLACEMENT_3D('',#10608,#8508,#8509);
#7350=AXIS2_PLACEMENT_3D('',#10610,#8511,#8512);
#7351=AXIS2_PLACEMENT_3D('',#10613,#8513,#8514);
#7352=AXIS2_PLACEMENT_3D('',#10616,#8517,#8518);
#7353=AXIS2_PLACEMENT_3D('',#10618,#8519,#8520);
#7354=AXIS2_PLACEMENT_3D('',#10620,#8521,#8522);
#7355=AXIS2_PLACEMENT_3D('',#10624,#8524,#8525);
#7356=AXIS2_PLACEMENT_3D('',#10628,#8527,#8528);
#7357=AXIS2_PLACEMENT_3D('',#10630,#8530,#8531);
#7358=AXIS2_PLACEMENT_3D('',#10632,#8533,#8534);
#7359=AXIS2_PLACEMENT_3D('',#10634,#8536,#8537);
#7360=AXIS2_PLACEMENT_3D('',#10638,#8541,#8542);
#7361=AXIS2_PLACEMENT_3D('',#10640,#8544,#8545);
#7362=AXIS2_PLACEMENT_3D('',#10647,#8550,#8551);
#7363=AXIS2_PLACEMENT_3D('',#10649,#8553,#8554);
#7364=AXIS2_PLACEMENT_3D('',#10653,#8557,#8558);
#7365=AXIS2_PLACEMENT_3D('',#10659,#8562,#8563);
#7366=AXIS2_PLACEMENT_3D('',#10663,#8566,#8567);
#7367=AXIS2_PLACEMENT_3D('',#10669,#8571,#8572);
#7368=AXIS2_PLACEMENT_3D('',#10675,#8576,#8577);
#7369=AXIS2_PLACEMENT_3D('',#10681,#8581,#8582);
#7370=AXIS2_PLACEMENT_3D('',#10687,#8586,#8587);
#7371=AXIS2_PLACEMENT_3D('',#10693,#8591,#8592);
#7372=AXIS2_PLACEMENT_3D('',#10697,#8595,#8596);
#7373=AXIS2_PLACEMENT_3D('',#10701,#8599,#8600);
#7374=AXIS2_PLACEMENT_3D('',#10705,#8603,#8604);
#7375=AXIS2_PLACEMENT_3D('',#10709,#8607,#8608);
#7376=AXIS2_PLACEMENT_3D('',#10712,#8611,#8612);
#7377=AXIS2_PLACEMENT_3D('',#10716,#8615,#8616);
#7378=AXIS2_PLACEMENT_3D('',#10722,#8620,#8621);
#7379=AXIS2_PLACEMENT_3D('',#10726,#8624,#8625);
#7380=AXIS2_PLACEMENT_3D('',#10730,#8628,#8629);
#7381=AXIS2_PLACEMENT_3D('',#10733,#8631,#8632);
#7382=AXIS2_PLACEMENT_3D('',#10734,#8633,#8634);
#7383=AXIS2_PLACEMENT_3D('',#10738,#8637,#8638);
#7384=AXIS2_PLACEMENT_3D('',#10740,#8640,#8641);
#7385=AXIS2_PLACEMENT_3D('',#10741,#8642,#8643);
#7386=AXIS2_PLACEMENT_3D('',#10742,#8644,#8645);
#7387=AXIS2_PLACEMENT_3D('',#10746,#8648,#8649);
#7388=AXIS2_PLACEMENT_3D('',#10750,#8651,#8652);
#7389=AXIS2_PLACEMENT_3D('',#10751,#8653,#8654);
#7390=AXIS2_PLACEMENT_3D('',#10752,#8655,#8656);
#7391=AXIS2_PLACEMENT_3D('',#10758,#8660,#8661);
#7392=AXIS2_PLACEMENT_3D('',#10762,#8663,#8664);
#7393=AXIS2_PLACEMENT_3D('',#10763,#8665,#8666);
#7394=AXIS2_PLACEMENT_3D('',#10764,#8667,#8668);
#7395=AXIS2_PLACEMENT_3D('',#10767,#8671,#8672);
#7396=AXIS2_PLACEMENT_3D('',#10770,#8673,#8674);
#7397=AXIS2_PLACEMENT_3D('',#10773,#8677,#8678);
#7398=AXIS2_PLACEMENT_3D('',#10776,#8681,#8682);
#7399=AXIS2_PLACEMENT_3D('',#10779,#8683,#8684);
#7400=AXIS2_PLACEMENT_3D('',#10782,#8687,#8688);
#7401=AXIS2_PLACEMENT_3D('',#10784,#8690,#8691);
#7402=AXIS2_PLACEMENT_3D('',#10787,#8692,#8693);
#7403=AXIS2_PLACEMENT_3D('',#10790,#8696,#8697);
#7404=AXIS2_PLACEMENT_3D('',#10793,#8700,#8701);
#7405=AXIS2_PLACEMENT_3D('',#10796,#8702,#8703);
#7406=AXIS2_PLACEMENT_3D('',#10799,#8706,#8707);
#7407=AXIS2_PLACEMENT_3D('',#10801,#8709,#8710);
#7408=AXIS2_PLACEMENT_3D('',#10804,#8711,#8712);
#7409=AXIS2_PLACEMENT_3D('',#10807,#8715,#8716);
#7410=AXIS2_PLACEMENT_3D('',#10810,#8719,#8720);
#7411=AXIS2_PLACEMENT_3D('',#10813,#8721,#8722);
#7412=AXIS2_PLACEMENT_3D('',#10816,#8725,#8726);
#7413=AXIS2_PLACEMENT_3D('',#10818,#8728,#8729);
#7414=AXIS2_PLACEMENT_3D('',#10821,#8730,#8731);
#7415=AXIS2_PLACEMENT_3D('',#10824,#8734,#8735);
#7416=AXIS2_PLACEMENT_3D('',#10828,#8738,#8739);
#7417=AXIS2_PLACEMENT_3D('',#10830,#8740,#8741);
#7418=AXIS2_PLACEMENT_3D('',#10832,#8743,#8744);
#7419=AXIS2_PLACEMENT_3D('',#10835,#8747,#8748);
#7420=AXIS2_PLACEMENT_3D('',#10838,#8751,#8752);
#7421=AXIS2_PLACEMENT_3D('',#10840,#8754,#8755);
#7422=AXIS2_PLACEMENT_3D('',#10842,#8757,#8758);
#7423=AXIS2_PLACEMENT_3D('',#10845,#8761,#8762);
#7424=AXIS2_PLACEMENT_3D('',#10847,#8764,#8765);
#7425=AXIS2_PLACEMENT_3D('',#10849,#8767,#8768);
#7426=AXIS2_PLACEMENT_3D('',#10852,#8771,#8772);
#7427=AXIS2_PLACEMENT_3D('',#10854,#8774,#8775);
#7428=AXIS2_PLACEMENT_3D('',#10856,#8777,#8778);
#7429=AXIS2_PLACEMENT_3D('',#10859,#8781,#8782);
#7430=AXIS2_PLACEMENT_3D('',#10861,#8784,#8785);
#7431=AXIS2_PLACEMENT_3D('',#10863,#8787,#8788);
#7432=AXIS2_PLACEMENT_3D('',#10866,#8791,#8792);
#7433=AXIS2_PLACEMENT_3D('',#10868,#8794,#8795);
#7434=AXIS2_PLACEMENT_3D('',#10871,#8798,#8799);
#7435=AXIS2_PLACEMENT_3D('',#10872,#8800,#8801);
#7436=AXIS2_PLACEMENT_3D('',#10875,#8804,#8805);
#7437=AXIS2_PLACEMENT_3D('',#10877,#8807,#8808);
#7438=AXIS2_PLACEMENT_3D('',#10879,#8810,#8811);
#7439=AXIS2_PLACEMENT_3D('',#10882,#8814,#8815);
#7440=AXIS2_PLACEMENT_3D('',#10884,#8817,#8818);
#7441=AXIS2_PLACEMENT_3D('',#10886,#8820,#8821);
#7442=AXIS2_PLACEMENT_3D('',#10889,#8822,#8823);
#7443=AXIS2_PLACEMENT_3D('',#10892,#8826,#8827);
#7444=AXIS2_PLACEMENT_3D('',#10896,#8830,#8831);
#7445=AXIS2_PLACEMENT_3D('',#10898,#8832,#8833);
#7446=AXIS2_PLACEMENT_3D('',#10900,#8835,#8836);
#7447=AXIS2_PLACEMENT_3D('',#10903,#8839,#8840);
#7448=AXIS2_PLACEMENT_3D('',#10905,#8842,#8843);
#7449=AXIS2_PLACEMENT_3D('',#10911,#8847,#8848);
#7450=AXIS2_PLACEMENT_3D('',#10915,#8851,#8852);
#7451=AXIS2_PLACEMENT_3D('',#10919,#8855,#8856);
#7452=AXIS2_PLACEMENT_3D('',#10923,#8859,#8860);
#7453=AXIS2_PLACEMENT_3D('',#10927,#8863,#8864);
#7454=AXIS2_PLACEMENT_3D('',#10931,#8867,#8868);
#7455=AXIS2_PLACEMENT_3D('',#10935,#8871,#8872);
#7456=AXIS2_PLACEMENT_3D('',#10939,#8875,#8876);
#7457=AXIS2_PLACEMENT_3D('',#10943,#8879,#8880);
#7458=AXIS2_PLACEMENT_3D('',#10947,#8883,#8884);
#7459=AXIS2_PLACEMENT_3D('',#10951,#8887,#8888);
#7460=AXIS2_PLACEMENT_3D('',#10955,#8891,#8892);
#7461=AXIS2_PLACEMENT_3D('',#10957,#8894,#8895);
#7462=AXIS2_PLACEMENT_3D('',#10958,#8896,#8897);
#7463=AXIS2_PLACEMENT_3D('',#11022,#8903,#8904);
#7464=AXIS2_PLACEMENT_3D('',#11073,#8908,#8909);
#7465=AXIS2_PLACEMENT_3D('',#11077,#8912,#8913);
#7466=AXIS2_PLACEMENT_3D('',#11081,#8916,#8917);
#7467=AXIS2_PLACEMENT_3D('',#11085,#8920,#8921);
#7468=AXIS2_PLACEMENT_3D('',#11087,#8923,#8924);
#7469=AXIS2_PLACEMENT_3D('',#11088,#8925,#8926);
#7470=AXIS2_PLACEMENT_3D('',#11094,#8930,#8931);
#7471=AXIS2_PLACEMENT_3D('',#11098,#8934,#8935);
#7472=AXIS2_PLACEMENT_3D('',#11102,#8938,#8939);
#7473=AXIS2_PLACEMENT_3D('',#11106,#8942,#8943);
#7474=AXIS2_PLACEMENT_3D('',#11110,#8946,#8947);
#7475=AXIS2_PLACEMENT_3D('',#11114,#8950,#8951);
#7476=AXIS2_PLACEMENT_3D('',#11118,#8954,#8955);
#7477=AXIS2_PLACEMENT_3D('',#11122,#8958,#8959);
#7478=AXIS2_PLACEMENT_3D('',#11126,#8962,#8963);
#7479=AXIS2_PLACEMENT_3D('',#11130,#8966,#8967);
#7480=AXIS2_PLACEMENT_3D('',#11134,#8970,#8971);
#7481=AXIS2_PLACEMENT_3D('',#11136,#8973,#8974);
#7482=AXIS2_PLACEMENT_3D('',#11137,#8975,#8976);
#7483=AXIS2_PLACEMENT_3D('',#11143,#8980,#8981);
#7484=AXIS2_PLACEMENT_3D('',#11147,#8984,#8985);
#7485=AXIS2_PLACEMENT_3D('',#11151,#8988,#8989);
#7486=AXIS2_PLACEMENT_3D('',#11155,#8992,#8993);
#7487=AXIS2_PLACEMENT_3D('',#11159,#8996,#8997);
#7488=AXIS2_PLACEMENT_3D('',#11163,#9000,#9001);
#7489=AXIS2_PLACEMENT_3D('',#11167,#9004,#9005);
#7490=AXIS2_PLACEMENT_3D('',#11171,#9008,#9009);
#7491=AXIS2_PLACEMENT_3D('',#11175,#9012,#9013);
#7492=AXIS2_PLACEMENT_3D('',#11179,#9016,#9017);
#7493=AXIS2_PLACEMENT_3D('',#11183,#9020,#9021);
#7494=AXIS2_PLACEMENT_3D('',#11185,#9023,#9024);
#7495=AXIS2_PLACEMENT_3D('',#11186,#9025,#9026);
#7496=AXIS2_PLACEMENT_3D('',#11192,#9030,#9031);
#7497=AXIS2_PLACEMENT_3D('',#11196,#9034,#9035);
#7498=AXIS2_PLACEMENT_3D('',#11200,#9038,#9039);
#7499=AXIS2_PLACEMENT_3D('',#11202,#9041,#9042);
#7500=AXIS2_PLACEMENT_3D('',#11203,#9043,#9044);
#7501=AXIS2_PLACEMENT_3D('',#11209,#9048,#9049);
#7502=AXIS2_PLACEMENT_3D('',#11213,#9052,#9053);
#7503=AXIS2_PLACEMENT_3D('',#11217,#9056,#9057);
#7504=AXIS2_PLACEMENT_3D('',#11219,#9059,#9060);
#7505=AXIS2_PLACEMENT_3D('',#11220,#9061,#9062);
#7506=AXIS2_PLACEMENT_3D('',#11226,#9066,#9067);
#7507=AXIS2_PLACEMENT_3D('',#11230,#9070,#9071);
#7508=AXIS2_PLACEMENT_3D('',#11234,#9074,#9075);
#7509=AXIS2_PLACEMENT_3D('',#11238,#9078,#9079);
#7510=AXIS2_PLACEMENT_3D('',#11242,#9082,#9083);
#7511=AXIS2_PLACEMENT_3D('',#11246,#9086,#9087);
#7512=AXIS2_PLACEMENT_3D('',#11250,#9090,#9091);
#7513=AXIS2_PLACEMENT_3D('',#11252,#9093,#9094);
#7514=AXIS2_PLACEMENT_3D('',#11253,#9095,#9096);
#7515=AXIS2_PLACEMENT_3D('',#11259,#9100,#9101);
#7516=AXIS2_PLACEMENT_3D('',#11263,#9104,#9105);
#7517=AXIS2_PLACEMENT_3D('',#11267,#9108,#9109);
#7518=AXIS2_PLACEMENT_3D('',#11271,#9112,#9113);
#7519=AXIS2_PLACEMENT_3D('',#11275,#9116,#9117);
#7520=AXIS2_PLACEMENT_3D('',#11277,#9119,#9120);
#7521=AXIS2_PLACEMENT_3D('',#11278,#9121,#9122);
#7522=AXIS2_PLACEMENT_3D('',#11284,#9126,#9127);
#7523=AXIS2_PLACEMENT_3D('',#11288,#9130,#9131);
#7524=AXIS2_PLACEMENT_3D('',#11292,#9134,#9135);
#7525=AXIS2_PLACEMENT_3D('',#11296,#9138,#9139);
#7526=AXIS2_PLACEMENT_3D('',#11300,#9142,#9143);
#7527=AXIS2_PLACEMENT_3D('',#11302,#9145,#9146);
#7528=AXIS2_PLACEMENT_3D('',#11303,#9147,#9148);
#7529=AXIS2_PLACEMENT_3D('',#11305,#9150,#9151);
#7530=AXIS2_PLACEMENT_3D('',#11307,#9153,#9154);
#7531=AXIS2_PLACEMENT_3D('',#11309,#9156,#9157);
#7532=AXIS2_PLACEMENT_3D('',#11311,#9159,#9160);
#7533=AXIS2_PLACEMENT_3D('',#11313,#9162,#9163);
#7534=AXIS2_PLACEMENT_3D('',#11315,#9165,#9166);
#7535=AXIS2_PLACEMENT_3D('',#11317,#9168,#9169);
#7536=AXIS2_PLACEMENT_3D('',#11319,#9171,#9172);
#7537=AXIS2_PLACEMENT_3D('',#11321,#9174,#9175);
#7538=AXIS2_PLACEMENT_3D('',#11322,#9176,#9177);
#7539=AXIS2_PLACEMENT_3D('',#11324,#9179,#9180);
#7540=AXIS2_PLACEMENT_3D('',#11326,#9182,#9183);
#7541=AXIS2_PLACEMENT_3D('',#11328,#9185,#9186);
#7542=AXIS2_PLACEMENT_3D('',#11330,#9188,#9189);
#7543=AXIS2_PLACEMENT_3D('',#11333,#9192,#9193);
#7544=AXIS2_PLACEMENT_3D('',#11335,#9195,#9196);
#7545=AXIS2_PLACEMENT_3D('',#11337,#9198,#9199);
#7546=AXIS2_PLACEMENT_3D('',#11338,#9200,#9201);
#7547=AXIS2_PLACEMENT_3D('',#11340,#9203,#9204);
#7548=AXIS2_PLACEMENT_3D('',#11342,#9206,#9207);
#7549=AXIS2_PLACEMENT_3D('',#11345,#9210,#9211);
#7550=AXIS2_PLACEMENT_3D('',#11347,#9213,#9214);
#7551=AXIS2_PLACEMENT_3D('',#11348,#9215,#9216);
#7552=AXIS2_PLACEMENT_3D('',#11349,#9217,#9218);
#7553=AXIS2_PLACEMENT_3D('',#11350,#9219,#9220);
#7554=AXIS2_PLACEMENT_3D('',#11351,#9221,#9222);
#7555=AXIS2_PLACEMENT_3D('',#11352,#9223,#9224);
#7556=AXIS2_PLACEMENT_3D('',#11353,#9225,#9226);
#7557=AXIS2_PLACEMENT_3D('',#11354,#9227,#9228);
#7558=AXIS2_PLACEMENT_3D('',#11355,#9229,#9230);
#7559=AXIS2_PLACEMENT_3D('',#11356,#9231,#9232);
#7560=AXIS2_PLACEMENT_3D('',#11357,#9233,#9234);
#7561=AXIS2_PLACEMENT_3D('',#11358,#9235,#9236);
#7562=AXIS2_PLACEMENT_3D('',#11359,#9237,#9238);
#7563=AXIS2_PLACEMENT_3D('',#11360,#9239,#9240);
#7564=AXIS2_PLACEMENT_3D('',#11362,#9241,#9242);
#7565=AXIS2_PLACEMENT_3D('',#11364,#9243,#9244);
#7566=AXIS2_PLACEMENT_3D('',#11365,#9245,#9246);
#7567=AXIS2_PLACEMENT_3D('',#11366,#9247,#9248);
#7568=AXIS2_PLACEMENT_3D('',#11367,#9249,#9250);
#7569=AXIS2_PLACEMENT_3D('',#11368,#9251,#9252);
#7570=AXIS2_PLACEMENT_3D('',#11369,#9253,#9254);
#7571=AXIS2_PLACEMENT_3D('',#11370,#9255,#9256);
#7572=AXIS2_PLACEMENT_3D('',#11371,#9257,#9258);
#7573=AXIS2_PLACEMENT_3D('',#11372,#9259,#9260);
#7574=AXIS2_PLACEMENT_3D('',#11374,#9262,#9263);
#7575=AXIS2_PLACEMENT_3D('',#11375,#9264,#9265);
#7576=AXIS2_PLACEMENT_3D('',#11376,#9266,#9267);
#7577=AXIS2_PLACEMENT_3D('',#11377,#9268,#9269);
#7578=AXIS2_PLACEMENT_3D('',#11378,#9270,#9271);
#7579=AXIS2_PLACEMENT_3D('',#11379,#9272,#9273);
#7580=AXIS2_PLACEMENT_3D('',#11382,#9275,#9276);
#7581=AXIS2_PLACEMENT_3D('',#11383,#9277,#9278);
#7582=AXIS2_PLACEMENT_3D('',#11387,#9281,#9282);
#7583=AXIS2_PLACEMENT_3D('',#11388,#9283,#9284);
#7584=AXIS2_PLACEMENT_3D('',#11389,#9285,#9286);
#7585=AXIS2_PLACEMENT_3D('',#11395,#9290,#9291);
#7586=AXIS2_PLACEMENT_3D('',#11399,#9294,#9295);
#7587=AXIS2_PLACEMENT_3D('',#11403,#9298,#9299);
#7588=AXIS2_PLACEMENT_3D('',#11405,#9301,#9302);
#7589=AXIS2_PLACEMENT_3D('',#11406,#9303,#9304);
#7590=AXIS2_PLACEMENT_3D('',#11412,#9308,#9309);
#7591=AXIS2_PLACEMENT_3D('',#11416,#9312,#9313);
#7592=AXIS2_PLACEMENT_3D('',#11420,#9316,#9317);
#7593=AXIS2_PLACEMENT_3D('',#11424,#9320,#9321);
#7594=AXIS2_PLACEMENT_3D('',#11428,#9324,#9325);
#7595=AXIS2_PLACEMENT_3D('',#11432,#9328,#9329);
#7596=AXIS2_PLACEMENT_3D('',#11436,#9332,#9333);
#7597=AXIS2_PLACEMENT_3D('',#11440,#9336,#9337);
#7598=AXIS2_PLACEMENT_3D('',#11444,#9340,#9341);
#7599=AXIS2_PLACEMENT_3D('',#11448,#9344,#9345);
#7600=AXIS2_PLACEMENT_3D('',#11452,#9348,#9349);
#7601=AXIS2_PLACEMENT_3D('',#11454,#9351,#9352);
#7602=AXIS2_PLACEMENT_3D('',#11455,#9353,#9354);
#7603=AXIS2_PLACEMENT_3D('',#11457,#9356,#9357);
#7604=AXIS2_PLACEMENT_3D('',#11459,#9359,#9360);
#7605=AXIS2_PLACEMENT_3D('',#11461,#9362,#9363);
#7606=AXIS2_PLACEMENT_3D('',#11463,#9365,#9366);
#7607=AXIS2_PLACEMENT_3D('',#11467,#9369,#9370);
#7608=AXIS2_PLACEMENT_3D('',#11473,#9374,#9375);
#7609=AXIS2_PLACEMENT_3D('',#11477,#9377,#9378);
#7610=AXIS2_PLACEMENT_3D('',#11478,#9379,#9380);
#7611=AXIS2_PLACEMENT_3D('',#11479,#9381,#9382);
#7612=AXIS2_PLACEMENT_3D('',#11485,#9386,#9387);
#7613=AXIS2_PLACEMENT_3D('',#11489,#9389,#9390);
#7614=AXIS2_PLACEMENT_3D('',#11490,#9391,#9392);
#7615=AXIS2_PLACEMENT_3D('',#11491,#9393,#9394);
#7616=AXIS2_PLACEMENT_3D('',#11497,#9398,#9399);
#7617=AXIS2_PLACEMENT_3D('',#11501,#9401,#9402);
#7618=AXIS2_PLACEMENT_3D('',#11502,#9403,#9404);
#7619=AXIS2_PLACEMENT_3D('',#11503,#9405,#9406);
#7620=AXIS2_PLACEMENT_3D('',#11509,#9410,#9411);
#7621=AXIS2_PLACEMENT_3D('',#11510,#9412,#9413);
#7622=AXIS2_PLACEMENT_3D('',#11511,#9414,#9415);
#7623=AXIS2_PLACEMENT_3D('',#11512,#9416,#9417);
#7624=AXIS2_PLACEMENT_3D('',#11514,#9418,#9419);
#7625=AXIS2_PLACEMENT_3D('',#11516,#9420,#9421);
#7626=AXIS2_PLACEMENT_3D('',#11518,#9422,#9423);
#7627=AXIS2_PLACEMENT_3D('',#11520,#9424,#9425);
#7628=AXIS2_PLACEMENT_3D('',#11521,#9426,#9427);
#7629=AXIS2_PLACEMENT_3D('',#11523,#9429,#9430);
#7630=AXIS2_PLACEMENT_3D('',#11524,#9431,#9432);
#7631=AXIS2_PLACEMENT_3D('',#11526,#9434,#9435);
#7632=AXIS2_PLACEMENT_3D('',#11529,#9438,#9439);
#7633=AXIS2_PLACEMENT_3D('',#11531,#9441,#9442);
#7634=AXIS2_PLACEMENT_3D('',#11534,#9445,#9446);
#7635=AXIS2_PLACEMENT_3D('',#11536,#9448,#9449);
#7636=AXIS2_PLACEMENT_3D('',#11538,#9451,#9452);
#7637=AXIS2_PLACEMENT_3D('',#11540,#9454,#9455);
#7638=AXIS2_PLACEMENT_3D('',#11542,#9457,#9458);
#7639=AXIS2_PLACEMENT_3D('',#11543,#9459,#9460);
#7640=AXIS2_PLACEMENT_3D('',#11544,#9461,#9462);
#7641=AXIS2_PLACEMENT_3D('',#11546,#9464,#9465);
#7642=AXIS2_PLACEMENT_3D('',#11548,#9467,#9468);
#7643=AXIS2_PLACEMENT_3D('',#11549,#9469,#9470);
#7644=AXIS2_PLACEMENT_3D('',#11551,#9471,#9472);
#7645=AXIS2_PLACEMENT_3D('',#11553,#9473,#9474);
#7646=AXIS2_PLACEMENT_3D('',#11554,#9475,#9476);
#7647=AXIS2_PLACEMENT_3D('',#11557,#9478,#9479);
#7648=AXIS2_PLACEMENT_3D('',#11558,#9480,#9481);
#7649=AXIS2_PLACEMENT_3D('',#11560,#9482,#9483);
#7650=AXIS2_PLACEMENT_3D('',#11561,#9484,#9485);
#7651=AXIS2_PLACEMENT_3D('',#11564,#9487,#9488);
#7652=AXIS2_PLACEMENT_3D('',#11565,#9489,#9490);
#7653=AXIS2_PLACEMENT_3D('',#11567,#9491,#9492);
#7654=AXIS2_PLACEMENT_3D('',#11568,#9493,#9494);
#7655=AXIS2_PLACEMENT_3D('',#11571,#9496,#9497);
#7656=AXIS2_PLACEMENT_3D('',#11572,#9498,#9499);
#7657=AXIS2_PLACEMENT_3D('',#11573,#9500,#9501);
#7658=AXIS2_PLACEMENT_3D('',#11575,#9502,#9503);
#7659=AXIS2_PLACEMENT_3D('',#11577,#9505,#9506);
#7660=AXIS2_PLACEMENT_3D('',#11579,#9507,#9508);
#7661=AXIS2_PLACEMENT_3D('',#11580,#9509,#9510);
#7662=DIRECTION('axis',(0.,0.,1.));
#7663=DIRECTION('refdir',(1.,0.,0.));
#7664=DIRECTION('center_axis',(-2.47403459526497E-15,1.,6.12323399573675E-17));
#7665=DIRECTION('ref_axis',(0.70710678118656,1.72305621320748E-15,0.707106781186535));
#7666=DIRECTION('center_axis',(2.44773580232318E-15,-1.,2.1891721612327E-14));
#7667=DIRECTION('ref_axis',(0.70710678118656,1.72305621320748E-15,0.707106781186535));
#7668=DIRECTION('',(-2.47403459526497E-15,1.,6.12323399573675E-17));
#7669=DIRECTION('center_axis',(4.49810398576174E-16,-1.,-1.00492182070288E-15));
#7670=DIRECTION('ref_axis',(-1.,0.,4.93432455388958E-16));
#7671=DIRECTION('center_axis',(-1.70403120983561E-15,0.0523359562429448,
-0.998629534754574));
#7672=DIRECTION('ref_axis',(2.58242593940854E-17,0.998629534754574,0.0523359562429448));
#7673=DIRECTION('center_axis',(-4.49810398576174E-16,1.,1.00492182070288E-15));
#7674=DIRECTION('ref_axis',(-1.,0.,4.93432455388958E-16));
#7675=DIRECTION('',(0.,1.,0.));
#7676=DIRECTION('center_axis',(3.1103252049803E-16,-1.,-6.12323399573684E-17));
#7677=DIRECTION('ref_axis',(-1.,0.,4.93432455388958E-16));
#7678=DIRECTION('',(0.,1.,0.));
#7679=DIRECTION('center_axis',(-1.70403120983561E-15,0.0523359562429448,
-0.998629534754574));
#7680=DIRECTION('ref_axis',(1.,4.49810398576176E-16,-1.68279616615897E-15));
#7681=DIRECTION('',(1.,4.49810398576176E-16,-1.68279616615897E-15));
#7682=DIRECTION('center_axis',(-1.70403120983561E-15,0.0523359562429448,
-0.998629534754574));
#7683=DIRECTION('ref_axis',(-2.58242593940854E-17,-0.998629534754574,-0.0523359562429448));
#7684=DIRECTION('',(-1.,-4.49810398576176E-16,1.68279616615897E-15));
#7685=DIRECTION('center_axis',(4.49810398576174E-16,-1.,-1.00492182070288E-15));
#7686=DIRECTION('ref_axis',(1.91249748159866E-15,-1.00492182070288E-15,
1.));
#7687=DIRECTION('center_axis',(-4.49810398576174E-16,1.,1.00492182070288E-15));
#7688=DIRECTION('ref_axis',(-4.93432455388958E-16,0.,-1.));
#7689=DIRECTION('',(1.,4.49810398576175E-16,-4.93432455388958E-16));
#7690=DIRECTION('center_axis',(4.49810398576174E-16,-1.,-1.00492182070288E-15));
#7691=DIRECTION('ref_axis',(1.91249748159866E-15,-1.00492182070288E-15,
1.));
#7692=DIRECTION('',(-1.,-4.49810398576175E-16,4.93432455388958E-16));
#7693=DIRECTION('center_axis',(4.49810398576174E-16,-1.,-1.00492182070288E-15));
#7694=DIRECTION('ref_axis',(-4.93432455388958E-16,0.,-1.));
#7695=DIRECTION('center_axis',(-6.12323399573323E-17,6.12323399573676E-17,
-1.));
#7696=DIRECTION('ref_axis',(-1.,-1.16789199768388E-31,6.12323399573323E-17));
#7697=DIRECTION('',(1.,2.44773580232318E-15,-6.12323399573322E-17));
#7698=DIRECTION('',(1.,3.1103252049803E-16,-1.49064448416222E-15));
#7699=DIRECTION('',(-3.02140238543754E-32,-1.,-6.12323399573676E-17));
#7700=DIRECTION('center_axis',(-3.1103252049803E-16,1.,6.12323399573684E-17));
#7701=DIRECTION('ref_axis',(-1.49064448416222E-15,6.12323399573679E-17,
-1.));
#7702=DIRECTION('',(-1.,-3.1103252049803E-16,4.93432455388958E-16));
#7703=DIRECTION('center_axis',(3.1103252049803E-16,-1.,-6.12323399573684E-17));
#7704=DIRECTION('ref_axis',(-4.93432455388958E-16,0.,-1.));
#7705=DIRECTION('center_axis',(-4.93432455388958E-16,0.,-1.));
#7706=DIRECTION('ref_axis',(-1.,-1.43253824166111E-31,4.93432455388958E-16));
#7707=DIRECTION('',(0.,1.,0.));
#7708=DIRECTION('center_axis',(-1.23701729763249E-15,-1.,-6.12323399573677E-17));
#7709=DIRECTION('ref_axis',(-0.707106781186554,7.41748426530123E-16,0.707106781186541));
#7710=DIRECTION('center_axis',(2.44773580232318E-15,-1.,2.1891721612327E-14));
#7711=DIRECTION('ref_axis',(-0.707106781186554,7.41748426530123E-16,0.707106781186541));
#7712=DIRECTION('',(-1.23701729763249E-15,-1.,-6.12323399573677E-17));
#7713=DIRECTION('center_axis',(-7.52883005740054E-17,-6.12323399573677E-17,
1.));
#7714=DIRECTION('ref_axis',(1.,1.08429721496175E-31,7.52883005740054E-17));
#7715=DIRECTION('',(-1.,-2.44773580232318E-15,-7.52883005740055E-17));
#7716=DIRECTION('center_axis',(-2.44773580232318E-15,1.,-2.1891721612327E-14));
#7717=DIRECTION('ref_axis',(-6.1232339957278E-17,-2.1891721612327E-14,-1.));
#7718=DIRECTION('center_axis',(0.,5.99019415220515E-15,1.));
#7719=DIRECTION('ref_axis',(-8.5457024326172E-30,1.,-5.99019415220515E-15));
#7720=DIRECTION('',(-2.15770203240879E-29,1.,-5.99019415220515E-15));
#7721=DIRECTION('',(-1.,-4.56663210776503E-14,2.73550129472064E-28));
#7722=DIRECTION('',(-8.5457024326172E-30,1.,-5.99019415220515E-15));
#7723=DIRECTION('',(-1.,0.,0.));
#7724=DIRECTION('center_axis',(0.,5.99019415220515E-15,1.));
#7725=DIRECTION('ref_axis',(-8.5457024326172E-30,1.,-5.99019415220515E-15));
#7726=DIRECTION('',(-2.15770203240879E-29,1.,-5.99019415220515E-15));
#7727=DIRECTION('',(-1.,0.,0.));
#7728=DIRECTION('',(-8.5457024326172E-30,1.,-5.99019415220515E-15));
#7729=DIRECTION('',(-1.,-3.1103252049803E-16,-1.54318892631339E-17));
#7730=DIRECTION('center_axis',(1.4344138093548E-15,-0.0314107590781284,
0.999506560365732));
#7731=DIRECTION('ref_axis',(4.50782699890407E-17,0.999506560365731,0.0314107590781283));
#7732=DIRECTION('',(1.13143342236129E-16,0.999506560365731,0.0314107590781283));
#7733=DIRECTION('',(1.,2.00915675765536E-31,-1.43512195540761E-15));
#7734=DIRECTION('',(4.37708918175797E-17,0.999506560365731,0.0314107590781283));
#7735=DIRECTION('center_axis',(-1.13039800311735E-31,1.,6.12323399573676E-17));
#7736=DIRECTION('ref_axis',(0.,-6.12323399573676E-17,1.));
#7737=DIRECTION('center_axis',(1.13039800311735E-31,-1.,-6.12323399573676E-17));
#7738=DIRECTION('ref_axis',(1.,3.1103252049803E-16,-2.35415128109289E-15));
#7739=DIRECTION('',(-3.16158620809301E-15,6.12323399573676E-17,-1.));
#7740=DIRECTION('center_axis',(1.13039800311735E-31,-1.,-6.12323399573676E-17));
#7741=DIRECTION('ref_axis',(-1.,-3.1103252049803E-16,2.35415128109289E-15));
#7742=DIRECTION('',(2.35415128109289E-15,-6.12323399573676E-17,1.));
#7743=DIRECTION('',(-1.87954311876975E-15,6.12323399573676E-17,-1.));
#7744=DIRECTION('center_axis',(-1.13039800311735E-31,1.,6.12323399573676E-17));
#7745=DIRECTION('ref_axis',(-1.,-4.49810398576176E-16,1.91249748159866E-15));
#7746=DIRECTION('',(1.94545184442756E-15,-6.12323399573676E-17,1.));
#7747=DIRECTION('center_axis',(-1.13039800311735E-31,1.,6.12323399573676E-17));
#7748=DIRECTION('ref_axis',(1.,4.49810398576176E-16,-1.91249748159866E-15));
#7749=DIRECTION('center_axis',(-1.13039800311735E-31,1.,6.12323399573676E-17));
#7750=DIRECTION('ref_axis',(0.,-6.12323399573676E-17,1.));
#7751=DIRECTION('center_axis',(1.13039800311735E-31,-1.,-6.12323399573676E-17));
#7752=DIRECTION('ref_axis',(-1.,-3.1103252049803E-16,1.49064448416222E-15));
#7753=DIRECTION('center_axis',(-1.13039800311735E-31,1.,6.12323399573676E-17));
#7754=DIRECTION('ref_axis',(0.,-6.12323399573676E-17,1.));
#7755=DIRECTION('center_axis',(1.13039800311735E-31,-1.,-6.12323399573676E-17));
#7756=DIRECTION('ref_axis',(-1.,-3.1103252049803E-16,1.49064448416222E-15));
#7757=DIRECTION('center_axis',(-1.13039800311735E-31,1.,6.12323399573676E-17));
#7758=DIRECTION('ref_axis',(0.952206431598893,4.84508204272785E-16,-0.305455253059597));
#7759=DIRECTION('center_axis',(-0.999390827019096,0.0348994967025005,1.94640370557471E-15));
#7760=DIRECTION('ref_axis',(1.91249748159866E-15,-1.00492182070288E-15,
1.));
#7761=DIRECTION('',(0.0348994967025005,0.999390827019096,9.37564449929194E-16));
#7762=DIRECTION('',(-1.91249748159866E-15,1.00492182070288E-15,-1.));
#7763=DIRECTION('',(0.0348994967025005,0.999390827019096,9.37564449929194E-16));
#7764=DIRECTION('center_axis',(4.49810398576174E-16,-1.,-1.00492182070288E-15));
#7765=DIRECTION('ref_axis',(-1.,-4.49810398576176E-16,1.91249748159865E-15));
#7766=DIRECTION('',(-0.0348994967025014,0.999390827019096,1.07105484903438E-15));
#7767=DIRECTION('center_axis',(4.49810398576174E-16,-1.,-1.00492182070288E-15));
#7768=DIRECTION('ref_axis',(-1.,-4.49810398576176E-16,1.91249748159866E-15));
#7769=DIRECTION('center_axis',(3.1103252049803E-16,-1.,-6.12323399573684E-17));
#7770=DIRECTION('ref_axis',(-1.,-3.1103252049803E-16,2.35415128109289E-15));
#7771=DIRECTION('',(3.1103252049803E-16,-1.,-6.12323399573684E-17));
#7772=DIRECTION('center_axis',(-3.1103252049803E-16,1.,6.12323399573684E-17));
#7773=DIRECTION('ref_axis',(1.,3.1103252049803E-16,-1.93473369401229E-15));
#7774=DIRECTION('',(3.1103252049803E-16,-1.,-6.12323399573684E-17));
#7775=DIRECTION('center_axis',(-1.,-3.1103252049803E-16,3.16158620809301E-15));
#7776=DIRECTION('ref_axis',(-3.16158620809301E-15,6.12323399573674E-17,
-1.));
#7777=DIRECTION('',(3.1103252049803E-16,-1.,-6.12323399573684E-17));
#7778=DIRECTION('',(3.38811656261248E-15,-6.12323399573673E-17,1.));
#7779=DIRECTION('center_axis',(1.66578125390402E-15,6.12323399573676E-17,
-1.));
#7780=DIRECTION('ref_axis',(-1.,-1.10401162780741E-32,-1.66578125390402E-15));
#7781=DIRECTION('',(-1.,-2.44773580232318E-15,8.74191357972565E-17));
#7782=DIRECTION('',(-1.13039800311735E-31,1.,6.12323399573676E-17));
#7783=DIRECTION('',(-1.,-3.1103252049803E-16,3.21765807802357E-15));
#7784=DIRECTION('',(-0.376288347353427,-0.926502606389225,1.15403531796208E-15));
#7785=DIRECTION('',(-1.,-3.11032520498029E-16,-1.71577580356387E-15));
#7786=DIRECTION('',(3.1103252049803E-16,-1.,-6.12323399573684E-17));
#7787=DIRECTION('',(-1.,-3.1103252049803E-16,3.21765807802357E-15));
#7788=DIRECTION('',(-3.1103252049803E-16,1.,6.12323399573684E-17));
#7789=DIRECTION('',(-1.,-3.1103252049803E-16,3.21765807802357E-15));
#7790=DIRECTION('',(3.1103252049803E-16,-1.,-6.12323399573684E-17));
#7791=DIRECTION('',(-1.,-3.1103252049803E-16,3.21765807802357E-15));
#7792=DIRECTION('',(-3.1103252049803E-16,1.,6.12323399573684E-17));
#7793=DIRECTION('',(-1.,-3.1103252049803E-16,3.21765807802357E-15));
#7794=DIRECTION('',(3.1103252049803E-16,-1.,-6.12323399573684E-17));
#7795=DIRECTION('',(-1.,-3.1103252049803E-16,3.21765807802357E-15));
#7796=DIRECTION('',(-3.1103252049803E-16,1.,6.12323399573684E-17));
#7797=DIRECTION('',(-1.,-3.1103252049803E-16,3.21765807802357E-15));
#7798=DIRECTION('',(3.1103252049803E-16,-1.,-6.12323399573684E-17));
#7799=DIRECTION('',(-1.,-3.1103252049803E-16,3.21765807802357E-15));
#7800=DIRECTION('',(3.1103252049803E-16,-1.,-6.12323399573684E-17));
#7801=DIRECTION('',(-1.,-3.1103252049803E-16,3.21765807802357E-15));
#7802=DIRECTION('',(-3.1103252049803E-16,1.,6.12323399573684E-17));
#7803=DIRECTION('',(-1.,-3.1103252049803E-16,3.21765807802357E-15));
#7804=DIRECTION('',(3.1103252049803E-16,-1.,-6.12323399573684E-17));
#7805=DIRECTION('',(-1.,-3.1103252049803E-16,3.21765807802357E-15));
#7806=DIRECTION('',(-3.1103252049803E-16,1.,6.12323399573684E-17));
#7807=DIRECTION('',(-1.,-3.1103252049803E-16,3.21765807802357E-15));
#7808=DIRECTION('',(3.1103252049803E-16,-1.,-6.12323399573684E-17));
#7809=DIRECTION('',(-1.,-3.1103252049803E-16,3.21765807802357E-15));
#7810=DIRECTION('',(-3.1103252049803E-16,1.,6.12323399573684E-17));
#7811=DIRECTION('',(-1.,-3.1103252049803E-16,3.21765807802357E-15));
#7812=DIRECTION('',(3.1103252049803E-16,-1.,-6.12323399573684E-17));
#7813=DIRECTION('',(-1.,-3.1103252049803E-16,3.21765807802357E-15));
#7814=DIRECTION('',(-3.1103252049803E-16,1.,6.12323399573684E-17));
#7815=DIRECTION('',(-1.,-3.1103252049803E-16,3.21765807802357E-15));
#7816=DIRECTION('',(3.1103252049803E-16,-1.,-6.12323399573684E-17));
#7817=DIRECTION('',(-1.,-3.1103252049803E-16,3.21765807802357E-15));
#7818=DIRECTION('',(-3.1103252049803E-16,1.,6.12323399573684E-17));
#7819=DIRECTION('',(-1.,-3.1103252049803E-16,3.21765807802357E-15));
#7820=DIRECTION('',(3.1103252049803E-16,-1.,-6.12323399573684E-17));
#7821=DIRECTION('',(-1.,-3.1103252049803E-16,3.21765807802357E-15));
#7822=DIRECTION('',(-3.1103252049803E-16,1.,6.12323399573684E-17));
#7823=DIRECTION('',(-1.,-3.1103252049803E-16,3.21765807802357E-15));
#7824=DIRECTION('',(3.1103252049803E-16,-1.,-6.12323399573684E-17));
#7825=DIRECTION('',(-1.,-3.1103252049803E-16,3.21765807802357E-15));
#7826=DIRECTION('',(-3.1103252049803E-16,1.,6.12323399573684E-17));
#7827=DIRECTION('',(-1.,-3.1103252049803E-16,3.21765807802357E-15));
#7828=DIRECTION('',(3.1103252049803E-16,-1.,-6.12323399573684E-17));
#7829=DIRECTION('',(-1.,-3.1103252049803E-16,3.21765807802357E-15));
#7830=DIRECTION('',(-3.1103252049803E-16,1.,6.12323399573684E-17));
#7831=DIRECTION('',(-1.,-3.1103252049803E-16,3.21765807802357E-15));
#7832=DIRECTION('',(3.1103252049803E-16,-1.,-6.12323399573684E-17));
#7833=DIRECTION('',(-1.,-3.1103252049803E-16,3.21765807802357E-15));
#7834=DIRECTION('',(-0.376288347353438,0.92650260638922,1.26749916309374E-15));
#7835=DIRECTION('',(-1.,-3.1103252049803E-16,3.21765807802357E-15));
#7836=DIRECTION('',(-1.13039800311735E-31,1.,6.12323399573676E-17));
#7837=DIRECTION('',(-3.1103252049803E-16,1.,6.12323399573684E-17));
#7838=DIRECTION('center_axis',(-3.21765807802357E-15,6.12323399573674E-17,
-1.));
#7839=DIRECTION('ref_axis',(0.707106781186548,0.707106781186547,-1.01074702027765E-15));
#7840=DIRECTION('',(-1.,-2.25852218159099E-16,3.21765807802357E-15));
#7841=DIRECTION('center_axis',(-3.21765807802357E-15,6.12323399573674E-17,
-1.));
#7842=DIRECTION('ref_axis',(-0.707106781186547,0.707106781186548,1.0973426259012E-15));
#7843=DIRECTION('',(3.1103252049803E-16,-1.,-6.12323399573684E-17));
#7844=DIRECTION('',(1.13039800311735E-31,-1.,-6.12323399573676E-17));
#7845=DIRECTION('center_axis',(1.66578125390402E-15,6.12323399573676E-17,
-1.));
#7846=DIRECTION('ref_axis',(-0.70710678118655,-0.707106781186545,-2.46130813932146E-29));
#7847=DIRECTION('',(1.,1.70361258214275E-16,1.66578125390402E-15));
#7848=DIRECTION('center_axis',(1.66578125390402E-15,6.12323399573676E-17,
-1.));
#7849=DIRECTION('ref_axis',(0.70710678118655,-0.707106781186545,-8.65956056235243E-17));
#7850=DIRECTION('',(-1.13039800311735E-31,1.,6.12323399573676E-17));
#7851=DIRECTION('center_axis',(1.51516891778447E-15,0.,-1.));
#7852=DIRECTION('ref_axis',(-1.,-2.026246204512E-32,-1.51516891778447E-15));
#7853=DIRECTION('',(-1.16789199768388E-31,1.,-1.76955365421982E-46));
#7854=DIRECTION('center_axis',(-1.51516891778447E-15,0.,1.));
#7855=DIRECTION('ref_axis',(0.70710678118655,-0.707106781186545,-8.65956056235243E-17));
#7856=DIRECTION('',(1.,1.70361258214275E-16,1.51516891778447E-15));
#7857=DIRECTION('center_axis',(-1.51516891778447E-15,0.,1.));
#7858=DIRECTION('ref_axis',(-0.70710678118655,-0.707106781186545,-2.46130813932146E-29));
#7859=DIRECTION('',(1.16789199768388E-31,-1.,1.76955365421982E-46));
#7860=DIRECTION('',(3.1103252049803E-16,-1.,4.71266807478775E-31));
#7861=DIRECTION('center_axis',(-1.51516891778447E-15,0.,1.));
#7862=DIRECTION('ref_axis',(-0.707106781186547,0.707106781186548,1.0973426259012E-15));
#7863=DIRECTION('',(-1.,-2.25852218159099E-16,-1.51516891778447E-15));
#7864=DIRECTION('center_axis',(-1.51516891778447E-15,0.,1.));
#7865=DIRECTION('ref_axis',(0.707106781186548,0.707106781186547,-1.01074702027765E-15));
#7866=DIRECTION('',(-3.1103252049803E-16,1.,-4.71266807478775E-31));
#7867=DIRECTION('center_axis',(1.,0.,-3.60205692433939E-15));
#7868=DIRECTION('ref_axis',(-3.60205692433939E-15,6.12323399573676E-17,
-1.));
#7869=DIRECTION('',(3.60205692433939E-15,-6.12323399573676E-17,1.));
#7870=DIRECTION('',(-2.2056237413694E-31,-1.,-6.12323399573676E-17));
#7871=DIRECTION('',(-3.60205692433939E-15,-7.84183549640361E-17,-1.));
#7872=DIRECTION('',(-3.60205692433939E-15,6.12323399573673E-17,-1.));
#7873=DIRECTION('center_axis',(4.93432455388958E-16,0.,1.));
#7874=DIRECTION('ref_axis',(1.,1.43253824166111E-31,-4.93432455388958E-16));
#7875=DIRECTION('',(1.,1.72686972258135E-16,-4.93432455388958E-16));
#7876=DIRECTION('',(-1.16789199768388E-31,1.,5.76275816046272E-47));
#7877=DIRECTION('',(-1.,-1.38345548239895E-16,4.93432455388958E-16));
#7878=DIRECTION('',(1.16789199768388E-31,-1.,-5.76275816046272E-47));
#7879=DIRECTION('center_axis',(4.93432455388958E-16,0.,1.));
#7880=DIRECTION('ref_axis',(1.,1.43253824166111E-31,-4.93432455388958E-16));
#7881=DIRECTION('center_axis',(-4.93432455388958E-16,0.,-1.));
#7882=DIRECTION('ref_axis',(-0.707106781186546,0.707106781186549,1.0973426259012E-15));
#7883=DIRECTION('',(-3.1103252049803E-16,1.,1.53473540295159E-31));
#7884=DIRECTION('',(-1.,-1.43253824166111E-31,4.93432455388958E-16));
#7885=DIRECTION('',(3.1103252049803E-16,-1.,-1.53473540295159E-31));
#7886=DIRECTION('center_axis',(-4.93432455388958E-16,0.,-1.));
#7887=DIRECTION('ref_axis',(0.707106781186546,0.707106781186549,-1.01074702027765E-15));
#7888=DIRECTION('',(1.,7.64184775447073E-16,-4.93432455388958E-16));
#7889=DIRECTION('center_axis',(1.49064448416222E-15,-6.12323399573679E-17,
1.));
#7890=DIRECTION('ref_axis',(-0.707106781186547,0.707106781186548,1.0973426259012E-15));
#7891=DIRECTION('',(-1.49064448416222E-15,6.12323399573679E-17,-1.));
#7892=DIRECTION('',(1.49064448416222E-15,-6.12323399573679E-17,1.));
#7893=DIRECTION('center_axis',(-1.,-3.1103252049803E-16,1.49064448416222E-15));
#7894=DIRECTION('ref_axis',(3.1103252049803E-16,-1.,-6.12323399573684E-17));
#7895=DIRECTION('',(1.49064448416222E-15,-6.12323399573676E-17,1.));
#7896=DIRECTION('center_axis',(-1.,-1.16789199768388E-31,6.12323399573323E-17));
#7897=DIRECTION('ref_axis',(1.13039800311735E-31,-1.,-6.12323399573676E-17));
#7898=DIRECTION('',(6.12323399573323E-17,-6.12323399573676E-17,1.));
#7899=DIRECTION('center_axis',(6.12323399573323E-17,-6.12323399573676E-17,
1.));
#7900=DIRECTION('ref_axis',(-0.70710678118655,-0.707106781186545,-2.46130813932146E-29));
#7901=DIRECTION('',(-6.12323399573323E-17,6.12323399573676E-17,-1.));
#7902=DIRECTION('center_axis',(1.70361258214275E-16,-1.,-6.12323399573677E-17));
#7903=DIRECTION('ref_axis',(1.,1.70361258214275E-16,7.52883005740055E-17));
#7904=DIRECTION('',(6.12323399573323E-17,-6.12323399573676E-17,1.));
#7905=DIRECTION('center_axis',(-3.1103252049803E-16,1.,-7.8418354964035E-17));
#7906=DIRECTION('ref_axis',(-1.58376854612028E-16,-7.8418354964035E-17,
-1.));
#7907=DIRECTION('',(-1.,-3.1103252049803E-16,-1.54318892631339E-17));
#7908=DIRECTION('',(-1.39349996950751E-15,-7.84183549640354E-17,-1.));
#7909=DIRECTION('center_axis',(-1.43512195540761E-15,6.12323399573676E-17,
-1.));
#7910=DIRECTION('ref_axis',(1.13039800311735E-31,-1.,-6.12323399573676E-17));
#7911=DIRECTION('',(-1.,-2.00915675765536E-31,1.43512195540761E-15));
#7912=DIRECTION('',(1.13039800311735E-31,-1.,-6.12323399573676E-17));
#7913=DIRECTION('center_axis',(1.,3.1103252049803E-16,-1.49064448416222E-15));
#7914=DIRECTION('ref_axis',(3.1103252049803E-16,-1.,-6.12323399573684E-17));
#7915=DIRECTION('',(-1.49064448416222E-15,6.12323399573676E-17,-1.));
#7916=DIRECTION('',(3.1103252049803E-16,-1.,-6.12323399573684E-17));
#7917=DIRECTION('',(1.49064448416222E-15,-6.12323399573679E-17,1.));
#7918=DIRECTION('center_axis',(1.13039800311735E-31,-1.,-6.12323399573676E-17));
#7919=DIRECTION('ref_axis',(-6.12323399573323E-17,6.12323399573676E-17,
-1.));
#7920=DIRECTION('',(1.49064448416222E-15,-6.12323399573676E-17,1.));
#7921=DIRECTION('',(1.,6.39146580232311E-32,8.02274456973345E-16));
#7922=DIRECTION('center_axis',(-1.,-3.1103252049803E-16,1.49064448416222E-15));
#7923=DIRECTION('ref_axis',(-3.1103252049803E-16,1.,6.12323399573684E-17));
#7924=DIRECTION('',(-1.49064448416222E-15,6.12323399573679E-17,-1.));
#7925=DIRECTION('',(-3.1103252049803E-16,1.,6.12323399573684E-17));
#7926=DIRECTION('center_axis',(1.38345548239895E-16,-1.,-6.12323399573677E-17));
#7927=DIRECTION('ref_axis',(-1.,-1.38345548239895E-16,-7.52883005740055E-17));
#7928=DIRECTION('',(-6.12323399573323E-17,6.12323399573676E-17,-1.));
#7929=DIRECTION('',(-1.,-1.38345548239895E-16,-8.02274456973345E-16));
#7930=DIRECTION('',(-6.12323399573323E-17,6.12323399573676E-17,-1.));
#7931=DIRECTION('center_axis',(-1.,-1.16789199768388E-31,6.12323399573323E-17));
#7932=DIRECTION('ref_axis',(-1.13039800311735E-31,1.,6.12323399573676E-17));
#7933=DIRECTION('',(-1.69250321591224E-15,6.12323399573679E-17,-1.));
#7934=DIRECTION('',(-1.13039800311735E-31,1.,6.12323399573676E-17));
#7935=DIRECTION('center_axis',(0.999390827019096,0.0348994967025014,-1.87626117403893E-15));
#7936=DIRECTION('ref_axis',(-1.91249748159866E-15,1.00492182070288E-15,
-1.));
#7937=DIRECTION('',(-0.0348994967025014,0.999390827019096,1.07105484903438E-15));
#7938=DIRECTION('',(1.91249748159866E-15,-1.00492182070288E-15,1.));
#7939=DIRECTION('center_axis',(4.49810398576174E-16,-1.,-1.00492182070288E-15));
#7940=DIRECTION('ref_axis',(1.,4.49810398576176E-16,-1.91249748159865E-15));
#7941=DIRECTION('center_axis',(4.49810398576174E-16,-1.,-1.00492182070288E-15));
#7942=DIRECTION('ref_axis',(1.,4.49810398576176E-16,-1.91249748159866E-15));
#7943=DIRECTION('center_axis',(3.1103252049803E-16,-1.,-6.12323399573684E-17));
#7944=DIRECTION('ref_axis',(1.,3.1103252049803E-16,-2.35415128109289E-15));
#7945=DIRECTION('',(-3.1103252049803E-16,1.,6.12323399573684E-17));
#7946=DIRECTION('center_axis',(-3.1103252049803E-16,1.,6.12323399573684E-17));
#7947=DIRECTION('ref_axis',(-1.,-3.1103252049803E-16,1.93473369401228E-15));
#7948=DIRECTION('center_axis',(1.,3.1103252049803E-16,-2.35415128109289E-15));
#7949=DIRECTION('ref_axis',(2.35415128109289E-15,-6.12323399573677E-17,
1.));
#7950=DIRECTION('',(-2.58068163561237E-15,6.12323399573676E-17,-1.));
#7951=DIRECTION('center_axis',(-4.49810398576174E-16,1.,1.00492182070288E-15));
#7952=DIRECTION('ref_axis',(-1.91249748159866E-15,1.00492182070288E-15,
-1.));
#7953=DIRECTION('center_axis',(-3.1103252049803E-16,1.,6.12323399573684E-17));
#7954=DIRECTION('ref_axis',(-1.49064448416222E-15,6.12323399573679E-17,
-1.));
#7955=DIRECTION('',(1.,3.1103252049803E-16,-3.21765807802357E-15));
#7956=DIRECTION('',(0.674578520096274,1.64613954062612E-16,0.738203102286032));
#7957=DIRECTION('',(2.03252951278792E-15,-6.12323399573678E-17,1.));
#7958=DIRECTION('',(-0.680413817439773,-2.56503604507903E-16,0.732828108792939));
#7959=DIRECTION('',(-1.,-3.1103252049803E-16,2.35415128109289E-15));
#7960=DIRECTION('center_axis',(3.1103252049803E-16,-1.,-6.12323399573684E-17));
#7961=DIRECTION('ref_axis',(1.,3.1103252049803E-16,-1.20911929784693E-16));
#7962=DIRECTION('',(1.39349996950751E-15,-6.1232339957368E-17,1.));
#7963=DIRECTION('center_axis',(3.1103252049803E-16,-1.,-6.12323399573684E-17));
#7964=DIRECTION('ref_axis',(-1.4229157239873E-14,6.1232339957364E-17,-1.));
#7965=DIRECTION('center_axis',(3.1103252049803E-16,-1.,-6.12323399573684E-17));
#7966=DIRECTION('ref_axis',(-1.,-3.1103252049803E-16,1.49064448416222E-15));
#7967=DIRECTION('center_axis',(3.1103252049803E-16,-1.,-6.12323399573684E-17));
#7968=DIRECTION('ref_axis',(-1.,-3.1103252049803E-16,1.49064448416222E-15));
#7969=DIRECTION('',(-1.,-3.1103252049803E-16,2.35628378257595E-15));
#7970=DIRECTION('',(-1.1906953052792E-15,6.1232339957368E-17,-1.));
#7971=DIRECTION('',(-1.,-3.1103252049803E-16,2.35628378257595E-15));
#7972=DIRECTION('',(-2.35628378257595E-15,6.12323399573677E-17,-1.));
#7973=DIRECTION('',(1.,3.1103252049803E-16,-2.35628378257595E-15));
#7974=DIRECTION('',(-4.10466649852109E-15,6.12323399573671E-17,-1.));
#7975=DIRECTION('',(1.,3.1103252049803E-16,-2.35628378257595E-15));
#7976=DIRECTION('',(6.07901066630817E-16,-6.12323399573682E-17,1.));
#7977=DIRECTION('',(1.,3.1103252049803E-16,-2.35628378257595E-15));
#7978=DIRECTION('',(2.35628378257595E-15,-6.12323399573677E-17,1.));
#7979=DIRECTION('',(-1.,-3.1103252049803E-16,2.35628378257595E-15));
#7980=DIRECTION('',(2.64768090190014E-15,-6.12323399573676E-17,1.));
#7981=DIRECTION('',(-2.35628378257595E-15,6.12323399573677E-17,-1.));
#7982=DIRECTION('',(1.,3.11032520498029E-16,2.01467300728687E-15));
#7983=DIRECTION('',(1.04499674561709E-15,-6.12323399573681E-17,1.));
#7984=DIRECTION('',(-1.,-3.1103252049803E-16,2.35628378257595E-15));
#7985=DIRECTION('center_axis',(3.1103252049803E-16,-1.,-6.12323399573684E-17));
#7986=DIRECTION('ref_axis',(-1.,-3.11032520498029E-16,-2.03739757186884E-15));
#7987=DIRECTION('',(1.07790581320145E-15,6.12323399573687E-17,-1.));
#7988=DIRECTION('',(1.,3.1103252049803E-16,-3.21765807802357E-15));
#7989=DIRECTION('',(1.76368576522489E-15,-6.12323399573678E-17,1.));
#7990=DIRECTION('center_axis',(-3.1103252049803E-16,1.,6.12323399573684E-17));
#7991=DIRECTION('ref_axis',(0.436609486262131,8.07120051231931E-17,0.899651130442194));
#7992=DIRECTION('center_axis',(3.1103252049803E-16,-1.,-6.12323399573684E-17));
#7993=DIRECTION('ref_axis',(-1.,-3.1103252049803E-16,1.49064448416222E-15));
#7994=DIRECTION('center_axis',(-3.1103252049803E-16,1.,6.12323399573684E-17));
#7995=DIRECTION('ref_axis',(-0.88755935094836,-3.04269156220171E-16,0.460693388865226));
#7996=DIRECTION('',(1.76368576522489E-15,-6.12323399573678E-17,1.));
#7997=DIRECTION('',(1.,3.1103252049803E-16,-3.21765807802357E-15));
#7998=DIRECTION('',(1.76368576522489E-15,-6.12323399573678E-17,1.));
#7999=DIRECTION('center_axis',(-3.1103252049803E-16,1.,6.12323399573684E-17));
#8000=DIRECTION('ref_axis',(0.62423747843377,1.46321330938637E-16,0.781234644981038));
#8001=DIRECTION('center_axis',(3.1103252049803E-16,-1.,-6.12323399573684E-17));
#8002=DIRECTION('ref_axis',(-1.,-3.1103252049803E-16,1.49064448416222E-15));
#8003=DIRECTION('center_axis',(-3.1103252049803E-16,1.,6.12323399573684E-17));
#8004=DIRECTION('ref_axis',(-0.767278968477964,-2.77917836751437E-16,0.641313483821595));
#8005=DIRECTION('',(1.76368576522489E-15,-6.12323399573678E-17,1.));
#8006=DIRECTION('',(1.,3.1103252049803E-16,-3.21765807802357E-15));
#8007=DIRECTION('',(1.76368576522489E-15,-6.12323399573678E-17,1.));
#8008=DIRECTION('center_axis',(-3.1103252049803E-16,1.,6.12323399573684E-17));
#8009=DIRECTION('ref_axis',(0.767278968477962,1.9937958623022E-16,0.641313483821598));
#8010=DIRECTION('center_axis',(3.1103252049803E-16,-1.,-6.12323399573684E-17));
#8011=DIRECTION('ref_axis',(-1.,-3.1103252049803E-16,1.49064448416222E-15));
#8012=DIRECTION('center_axis',(-3.1103252049803E-16,1.,6.12323399573684E-17));
#8013=DIRECTION('ref_axis',(-0.624237478433761,-2.4199498167454E-16,0.781234644981046));
#8014=DIRECTION('',(1.76368576522489E-15,-6.12323399573678E-17,1.));
#8015=DIRECTION('',(1.,3.1103252049803E-16,-3.21765807802357E-15));
#8016=DIRECTION('',(1.76368576522489E-15,-6.12323399573678E-17,1.));
#8017=DIRECTION('center_axis',(-3.1103252049803E-16,1.,6.12323399573684E-17));
#8018=DIRECTION('ref_axis',(0.887559350948357,2.47850487813955E-16,0.460693388865231));
#8019=DIRECTION('center_axis',(3.1103252049803E-16,-1.,-6.12323399573684E-17));
#8020=DIRECTION('ref_axis',(-1.,-3.1103252049803E-16,1.49064448416222E-15));
#8021=DIRECTION('center_axis',(-3.1103252049803E-16,1.,6.12323399573684E-17));
#8022=DIRECTION('ref_axis',(-0.436609486262142,-1.90887492847731E-16,0.899651130442189));
#8023=DIRECTION('',(1.76368576522489E-15,-6.12323399573678E-17,1.));
#8024=DIRECTION('',(1.,3.1103252049803E-16,-3.21765807802357E-15));
#8025=DIRECTION('',(1.39465952242551E-15,-6.1232339957368E-17,1.));
#8026=DIRECTION('center_axis',(-3.1103252049803E-16,1.,6.12323399573684E-17));
#8027=DIRECTION('ref_axis',(0.707106781186546,1.76635401601925E-16,0.707106781186549));
#8028=DIRECTION('',(-1.,-3.1103252049803E-16,1.73736071185669E-15));
#8029=DIRECTION('center_axis',(-3.1103252049803E-16,1.,6.12323399573684E-17));
#8030=DIRECTION('ref_axis',(-0.707106781186545,-2.63231007225475E-16,0.70710678118655));
#8031=DIRECTION('',(2.03550560929506E-15,6.1232339957369E-17,-1.));
#8032=DIRECTION('',(1.,3.1103252049803E-16,-3.21765807802357E-15));
#8033=DIRECTION('',(2.03550560929506E-15,6.1232339957369E-17,-1.));
#8034=DIRECTION('center_axis',(-3.1103252049803E-16,1.,6.12323399573684E-17));
#8035=DIRECTION('ref_axis',(0.516552923790885,1.08234244449088E-16,0.856255263880514));
#8036=DIRECTION('center_axis',(3.1103252049803E-16,-1.,-6.12323399573684E-17));
#8037=DIRECTION('ref_axis',(1.,3.1103252049803E-16,-2.37882290386234E-15));
#8038=DIRECTION('center_axis',(-3.1103252049803E-16,1.,6.12323399573684E-17));
#8039=DIRECTION('ref_axis',(-0.829156197588856,-2.92124460664137E-16,0.559016994374939));
#8040=DIRECTION('',(2.03550560929506E-15,6.1232339957369E-17,-1.));
#8041=DIRECTION('',(1.,3.1103252049803E-16,-3.21765807802357E-15));
#8042=DIRECTION('',(2.03550560929506E-15,6.1232339957369E-17,-1.));
#8043=DIRECTION('center_axis',(-3.1103252049803E-16,1.,6.12323399573684E-17));
#8044=DIRECTION('ref_axis',(0.829156197588838,2.23664623381104E-16,0.559016994374965));
#8045=DIRECTION('center_axis',(3.1103252049803E-16,-1.,-6.12323399573684E-17));
#8046=DIRECTION('ref_axis',(1.,3.1103252049803E-16,-2.37882290386234E-15));
#8047=DIRECTION('center_axis',(-3.1103252049803E-16,1.,6.12323399573684E-17));
#8048=DIRECTION('ref_axis',(-0.516552923790912,-2.13095271265531E-16,0.856255263880497));
#8049=DIRECTION('',(2.03550560929506E-15,6.1232339957369E-17,-1.));
#8050=DIRECTION('',(1.,3.1103252049803E-16,-3.21765807802357E-15));
#8051=DIRECTION('',(2.03550560929506E-15,6.1232339957369E-17,-1.));
#8052=DIRECTION('center_axis',(-3.1103252049803E-16,1.,6.12323399573684E-17));
#8053=DIRECTION('ref_axis',(0.707106781186545,1.76635401601924E-16,0.70710678118655));
#8054=DIRECTION('',(-1.,-3.1103252049803E-16,1.73736071185669E-15));
#8055=DIRECTION('center_axis',(-3.1103252049803E-16,1.,6.12323399573684E-17));
#8056=DIRECTION('ref_axis',(-0.707106781186545,-2.63231007225475E-16,0.70710678118655));
#8057=DIRECTION('',(2.03550560929506E-15,6.1232339957369E-17,-1.));
#8058=DIRECTION('',(1.,3.1103252049803E-16,-3.21765807802357E-15));
#8059=DIRECTION('',(0.674578520096289,2.55017760696141E-16,-0.738203102286017));
#8060=DIRECTION('',(2.03550560929506E-15,5.66956468787991E-17,-1.));
#8061=DIRECTION('',(-0.680413817439762,-1.6675804473205E-16,-0.732828108792949));
#8062=DIRECTION('',(1.,3.1103252049803E-16,-2.03252951278792E-15));
#8063=DIRECTION('',(-0.680413817439773,-2.56503604507903E-16,0.732828108792939));
#8064=DIRECTION('',(-2.35225931851912E-15,5.66956468787977E-17,-1.));
#8065=DIRECTION('',(0.674578520096274,1.64613954062612E-16,0.738203102286032));
#8066=DIRECTION('',(1.,3.1103252049803E-16,-3.21765807802357E-15));
#8067=DIRECTION('',(-2.35225931851912E-15,6.12323399573677E-17,-1.));
#8068=DIRECTION('center_axis',(-3.1103252049803E-16,1.,6.12323399573684E-17));
#8069=DIRECTION('ref_axis',(0.707106781186547,1.76635401601925E-16,0.707106781186548));
#8070=DIRECTION('',(-1.,-3.1103252049803E-16,1.73736071185669E-15));
#8071=DIRECTION('center_axis',(-3.1103252049803E-16,1.,6.12323399573684E-17));
#8072=DIRECTION('ref_axis',(-0.707106781186548,-2.63231007225476E-16,0.707106781186547));
#8073=DIRECTION('',(-2.35225931851912E-15,6.12323399573677E-17,-1.));
#8074=DIRECTION('',(1.,3.1103252049803E-16,-3.21765807802357E-15));
#8075=DIRECTION('',(-2.35225931851912E-15,6.12323399573677E-17,-1.));
#8076=DIRECTION('center_axis',(-3.1103252049803E-16,1.,6.12323399573684E-17));
#8077=DIRECTION('ref_axis',(0.707106781186547,1.76635401601925E-16,0.707106781186548));
#8078=DIRECTION('',(-1.,-3.1103252049803E-16,1.73736071185669E-15));
#8079=DIRECTION('center_axis',(-3.1103252049803E-16,1.,6.12323399573684E-17));
#8080=DIRECTION('ref_axis',(-0.707106781186546,-2.63231007225475E-16,0.707106781186549));
#8081=DIRECTION('',(-2.35225931851912E-15,6.12323399573677E-17,-1.));
#8082=DIRECTION('',(1.,3.1103252049803E-16,-3.21765807802357E-15));
#8083=DIRECTION('',(-2.35225931851912E-15,6.12323399573677E-17,-1.));
#8084=DIRECTION('center_axis',(-3.1103252049803E-16,1.,6.12323399573684E-17));
#8085=DIRECTION('ref_axis',(0.707106781186549,1.76635401601926E-16,0.707106781186546));
#8086=DIRECTION('',(-1.,-3.1103252049803E-16,1.73736071185669E-15));
#8087=DIRECTION('center_axis',(-3.1103252049803E-16,1.,6.12323399573684E-17));
#8088=DIRECTION('ref_axis',(-0.707106781186546,-2.63231007225475E-16,0.707106781186549));
#8089=DIRECTION('',(-2.35225931851912E-15,6.12323399573677E-17,-1.));
#8090=DIRECTION('',(1.,3.1103252049803E-16,-3.21765807802357E-15));
#8091=DIRECTION('',(-2.35225931851912E-15,6.12323399573677E-17,-1.));
#8092=DIRECTION('center_axis',(-3.1103252049803E-16,1.,6.12323399573684E-17));
#8093=DIRECTION('ref_axis',(0.707106781186549,1.76635401601926E-16,0.707106781186546));
#8094=DIRECTION('',(-1.,-3.1103252049803E-16,1.73736071185669E-15));
#8095=DIRECTION('center_axis',(-3.1103252049803E-16,1.,6.12323399573684E-17));
#8096=DIRECTION('ref_axis',(-0.707106781186546,-2.63231007225475E-16,0.707106781186549));
#8097=DIRECTION('',(-1.,-3.1103252049803E-16,3.10551433816244E-15));
#8098=DIRECTION('',(-3.10551433816244E-15,6.12323399573674E-17,-1.));
#8099=DIRECTION('',(1.,3.1103252049803E-16,-3.10551433816244E-15));
#8100=DIRECTION('',(0.562406463406914,1.24296071318122E-16,0.826860913284773));
#8101=DIRECTION('',(0.559988469965934,2.24905643437009E-16,-0.828500400425499));
#8102=DIRECTION('',(1.,3.1103252049803E-16,-3.10551433816244E-15));
#8103=DIRECTION('',(3.10551433816244E-15,-6.12323399573674E-17,1.));
#8104=DIRECTION('',(-1.,-3.1103252049803E-16,3.10551433816244E-15));
#8105=DIRECTION('',(-3.10551433816244E-15,6.12323399573674E-17,-1.));
#8106=DIRECTION('',(-0.562855404948375,-2.25678255184456E-16,0.826555378132888));
#8107=DIRECTION('',(-1.,-3.1103252049803E-16,3.10551433816244E-15));
#8108=DIRECTION('',(-0.562855404948371,-1.24454415369607E-16,-0.82655537813289));
#8109=DIRECTION('',(3.10551433816244E-15,-6.12323399573674E-17,1.));
#8110=DIRECTION('',(3.10551433816244E-15,-6.12323399573674E-17,1.));
#8111=DIRECTION('',(-0.737585211852961,-2.70760374124436E-16,0.675254067189397));
#8112=DIRECTION('',(-3.10551433816244E-15,6.12323399573674E-17,-1.));
#8113=DIRECTION('',(-1.,-3.1103252049803E-16,3.10551433816244E-15));
#8114=DIRECTION('',(-3.10551433816244E-15,6.12323399573674E-17,-1.));
#8115=DIRECTION('',(1.,3.1103252049803E-16,-3.10551433816244E-15));
#8116=DIRECTION('',(-1.,-3.1103252049803E-16,3.10551433816244E-15));
#8117=DIRECTION('',(-3.10551433816244E-15,6.12323399573674E-17,-1.));
#8118=DIRECTION('',(1.,3.1103252049803E-16,-3.10551433816244E-15));
#8119=DIRECTION('',(3.10551433816244E-15,-6.12323399573674E-17,1.));
#8120=DIRECTION('',(1.,3.1103252049803E-16,-3.10551433816244E-15));
#8121=DIRECTION('',(-3.10551433816244E-15,6.12323399573674E-17,-1.));
#8122=DIRECTION('',(1.,3.1103252049803E-16,-3.10551433816244E-15));
#8123=DIRECTION('',(3.10551433816244E-15,-6.12323399573674E-17,1.));
#8124=DIRECTION('',(-1.,-3.1103252049803E-16,3.10551433816244E-15));
#8125=DIRECTION('',(-3.10551433816244E-15,6.12323399573674E-17,-1.));
#8126=DIRECTION('',(-1.,-3.1103252049803E-16,3.10551433816244E-15));
#8127=DIRECTION('',(3.10551433816244E-15,-6.12323399573674E-17,1.));
#8128=DIRECTION('',(-1.,-3.1103252049803E-16,3.10551433816244E-15));
#8129=DIRECTION('',(-3.10551433816244E-15,6.12323399573674E-17,-1.));
#8130=DIRECTION('',(1.,3.1103252049803E-16,-3.10551433816244E-15));
#8131=DIRECTION('',(3.10551433816244E-15,-6.12323399573674E-17,1.));
#8132=DIRECTION('',(-1.,-3.1103252049803E-16,3.10551433816244E-15));
#8133=DIRECTION('',(3.10551433816244E-15,-6.12323399573674E-17,1.));
#8134=DIRECTION('',(1.,3.1103252049803E-16,-3.10551433816244E-15));
#8135=DIRECTION('',(3.10551433816244E-15,-6.12323399573674E-17,1.));
#8136=DIRECTION('',(-1.,-3.1103252049803E-16,3.10551433816244E-15));
#8137=DIRECTION('',(3.10551433816244E-15,-6.12323399573674E-17,1.));
#8138=DIRECTION('',(1.,3.1103252049803E-16,-3.10551433816244E-15));
#8139=DIRECTION('',(3.10551433816244E-15,-6.12323399573674E-17,1.));
#8140=DIRECTION('',(-3.37154131439485E-15,6.12323399573674E-17,-1.));
#8141=DIRECTION('',(1.,3.1103252049803E-16,-3.10551433816244E-15));
#8142=DIRECTION('',(3.50455480251106E-15,-6.12323399573673E-17,1.));
#8143=DIRECTION('',(-1.,-3.1103252049803E-16,3.10551433816244E-15));
#8144=DIRECTION('',(-3.10551433816244E-15,6.12323399573674E-17,-1.));
#8145=DIRECTION('',(1.,3.1103252049803E-16,-3.10551433816244E-15));
#8146=DIRECTION('',(3.10551433816244E-15,-6.12323399573674E-17,1.));
#8147=DIRECTION('',(-1.,-3.1103252049803E-16,3.10551433816244E-15));
#8148=DIRECTION('',(-3.10551433816244E-15,6.12323399573674E-17,-1.));
#8149=DIRECTION('',(-1.,-3.1103252049803E-16,3.10551433816244E-15));
#8150=DIRECTION('',(-3.10551433816244E-15,6.12323399573674E-17,-1.));
#8151=DIRECTION('',(1.,3.1103252049803E-16,-3.10551433816244E-15));
#8152=DIRECTION('',(3.10551433816244E-15,-6.12323399573674E-17,1.));
#8153=DIRECTION('',(-1.,-3.1103252049803E-16,3.10551433816244E-15));
#8154=DIRECTION('',(3.10551433816244E-15,-6.12323399573674E-17,1.));
#8155=DIRECTION('',(-1.,-3.1103252049803E-16,3.10551433816244E-15));
#8156=DIRECTION('',(-1.,-3.1103252049803E-16,3.10551433816244E-15));
#8157=DIRECTION('',(-3.10551433816244E-15,6.12323399573674E-17,-1.));
#8158=DIRECTION('',(1.,3.1103252049803E-16,-3.10551433816244E-15));
#8159=DIRECTION('',(3.10551433816244E-15,-6.12323399573674E-17,1.));
#8160=DIRECTION('',(1.,3.1103252049803E-16,-3.10551433816244E-15));
#8161=DIRECTION('',(3.10551433816244E-15,-6.12323399573674E-17,1.));
#8162=DIRECTION('',(-1.,-3.1103252049803E-16,3.10551433816244E-15));
#8163=DIRECTION('',(-3.37154131439485E-15,6.12323399573674E-17,-1.));
#8164=DIRECTION('',(1.,3.1103252049803E-16,-3.10551433816244E-15));
#8165=DIRECTION('',(3.4117354213957E-15,-6.12323399573673E-17,1.));
#8166=DIRECTION('',(1.,3.1103252049803E-16,-3.10551433816244E-15));
#8167=DIRECTION('',(3.10551433816244E-15,-6.12323399573674E-17,1.));
#8168=DIRECTION('',(2.03550560929506E-15,6.1232339957369E-17,-1.));
#8169=DIRECTION('center_axis',(-3.1103252049803E-16,1.,6.12323399573684E-17));
#8170=DIRECTION('ref_axis',(-0.829156197588856,-2.23664623381111E-16,-0.559016994374939));
#8171=DIRECTION('center_axis',(3.1103252049803E-16,-1.,-6.12323399573684E-17));
#8172=DIRECTION('ref_axis',(-1.,-3.1103252049803E-16,2.93393441617493E-15));
#8173=DIRECTION('center_axis',(-3.1103252049803E-16,1.,6.12323399573684E-17));
#8174=DIRECTION('ref_axis',(0.516552923790882,2.13095271265523E-16,-0.856255263880515));
#8175=DIRECTION('',(2.03550560929506E-15,6.1232339957369E-17,-1.));
#8176=DIRECTION('center_axis',(-3.1103252049803E-16,1.,6.12323399573684E-17));
#8177=DIRECTION('ref_axis',(0.707106781186543,1.76635401601924E-16,0.707106781186552));
#8178=DIRECTION('',(-1.,-3.1103252049803E-16,1.73736071185669E-15));
#8179=DIRECTION('center_axis',(-3.1103252049803E-16,1.,6.12323399573684E-17));
#8180=DIRECTION('ref_axis',(-0.707106781186544,-2.63231007225475E-16,0.707106781186551));
#8181=DIRECTION('',(-1.,-3.1103252049803E-16,1.73736071185669E-15));
#8182=DIRECTION('center_axis',(-3.1103252049803E-16,1.,6.12323399573684E-17));
#8183=DIRECTION('ref_axis',(-0.707106781186544,-2.63231007225475E-16,0.707106781186551));
#8184=DIRECTION('',(-1.49064448416222E-15,6.12323399573679E-17,-1.));
#8185=DIRECTION('center_axis',(-3.1103252049803E-16,1.,6.12323399573684E-17));
#8186=DIRECTION('ref_axis',(-0.767278968477966,-1.99379586230222E-16,-0.641313483821593));
#8187=DIRECTION('center_axis',(3.1103252049803E-16,-1.,-6.12323399573684E-17));
#8188=DIRECTION('ref_axis',(-1.,-3.1103252049803E-16,1.49064448416222E-15));
#8189=DIRECTION('center_axis',(-3.1103252049803E-16,1.,6.12323399573684E-17));
#8190=DIRECTION('ref_axis',(0.624237478433764,2.41994981674541E-16,-0.781234644981043));
#8191=DIRECTION('',(-1.49064448416222E-15,6.12323399573679E-17,-1.));
#8192=DIRECTION('center_axis',(-3.1103252049803E-16,1.,6.12323399573684E-17));
#8193=DIRECTION('ref_axis',(0.707106781186551,1.76635401601927E-16,0.707106781186544));
#8194=DIRECTION('center_axis',(3.1103252049803E-16,-1.,-6.12323399573684E-17));
#8195=DIRECTION('ref_axis',(-1.,-3.1103252049803E-16,1.49064448416222E-15));
#8196=DIRECTION('',(-1.,-3.1103252049803E-16,1.73736071185669E-15));
#8197=DIRECTION('center_axis',(-3.1103252049803E-16,1.,6.12323399573684E-17));
#8198=DIRECTION('ref_axis',(-0.707106781186546,-2.63231007225475E-16,0.707106781186549));
#8199=DIRECTION('',(-1.49064448416222E-15,6.12323399573679E-17,-1.));
#8200=DIRECTION('center_axis',(-3.1103252049803E-16,1.,6.12323399573684E-17));
#8201=DIRECTION('ref_axis',(-0.88755935094836,-2.47850487813956E-16,-0.460693388865227));
#8202=DIRECTION('center_axis',(3.1103252049803E-16,-1.,-6.12323399573684E-17));
#8203=DIRECTION('ref_axis',(-1.,-3.1103252049803E-16,1.49064448416222E-15));
#8204=DIRECTION('center_axis',(-3.1103252049803E-16,1.,6.12323399573684E-17));
#8205=DIRECTION('ref_axis',(0.436609486262131,1.90887492847728E-16,-0.899651130442194));
#8206=DIRECTION('',(-1.49064448416222E-15,6.12323399573679E-17,-1.));
#8207=DIRECTION('center_axis',(-3.1103252049803E-16,1.,6.12323399573684E-17));
#8208=DIRECTION('ref_axis',(0.707106781186549,1.76635401601926E-16,0.707106781186546));
#8209=DIRECTION('',(-1.49064448416222E-15,6.12323399573679E-17,-1.));
#8210=DIRECTION('center_axis',(-3.1103252049803E-16,1.,6.12323399573684E-17));
#8211=DIRECTION('ref_axis',(-0.62423747843377,-1.46321330938637E-16,-0.781234644981038));
#8212=DIRECTION('center_axis',(3.1103252049803E-16,-1.,-6.12323399573684E-17));
#8213=DIRECTION('ref_axis',(-1.,-3.1103252049803E-16,1.49064448416222E-15));
#8214=DIRECTION('center_axis',(-3.1103252049803E-16,1.,6.12323399573684E-17));
#8215=DIRECTION('ref_axis',(0.767278968477964,2.77917836751437E-16,-0.641313483821595));
#8216=DIRECTION('',(-1.49064448416222E-15,6.12323399573679E-17,-1.));
#8217=DIRECTION('center_axis',(-3.1103252049803E-16,1.,6.12323399573684E-17));
#8218=DIRECTION('ref_axis',(0.707106781186546,1.76635401601925E-16,0.707106781186549));
#8219=DIRECTION('',(-1.,-3.1103252049803E-16,1.73736071185669E-15));
#8220=DIRECTION('center_axis',(-3.1103252049803E-16,1.,6.12323399573684E-17));
#8221=DIRECTION('ref_axis',(-0.707106781186549,-2.63231007225476E-16,0.707106781186546));
#8222=DIRECTION('',(-1.49064448416222E-15,6.12323399573679E-17,-1.));
#8223=DIRECTION('center_axis',(-3.1103252049803E-16,1.,6.12323399573684E-17));
#8224=DIRECTION('ref_axis',(-0.436609486262131,-8.07120051231931E-17,-0.899651130442194));
#8225=DIRECTION('center_axis',(3.1103252049803E-16,-1.,-6.12323399573684E-17));
#8226=DIRECTION('ref_axis',(-1.,-3.1103252049803E-16,1.49064448416222E-15));
#8227=DIRECTION('center_axis',(-3.1103252049803E-16,1.,6.12323399573684E-17));
#8228=DIRECTION('ref_axis',(0.887559350948355,3.0426915622017E-16,-0.460693388865234));
#8229=DIRECTION('',(-1.49064448416222E-15,6.12323399573679E-17,-1.));
#8230=DIRECTION('center_axis',(-3.1103252049803E-16,1.,6.12323399573684E-17));
#8231=DIRECTION('ref_axis',(0.707106781186546,1.76635401601925E-16,0.707106781186549));
#8232=DIRECTION('',(-1.,-3.1103252049803E-16,1.73736071185669E-15));
#8233=DIRECTION('center_axis',(-3.1103252049803E-16,1.,6.12323399573684E-17));
#8234=DIRECTION('ref_axis',(-0.707106781186549,-2.63231007225476E-16,0.707106781186546));
#8235=DIRECTION('',(2.03550560929506E-15,6.1232339957369E-17,-1.));
#8236=DIRECTION('center_axis',(-3.1103252049803E-16,1.,6.12323399573684E-17));
#8237=DIRECTION('ref_axis',(-0.5165529237909,-1.08234244449093E-16,-0.856255263880505));
#8238=DIRECTION('center_axis',(3.1103252049803E-16,-1.,-6.12323399573684E-17));
#8239=DIRECTION('ref_axis',(-1.,-3.1103252049803E-16,2.93393441617493E-15));
#8240=DIRECTION('center_axis',(-3.1103252049803E-16,1.,6.12323399573684E-17));
#8241=DIRECTION('ref_axis',(0.829156197588846,2.92124460664134E-16,-0.559016994374953));
#8242=DIRECTION('',(2.03550560929506E-15,6.1232339957369E-17,-1.));
#8243=DIRECTION('center_axis',(-3.1103252049803E-16,1.,6.12323399573684E-17));
#8244=DIRECTION('ref_axis',(0.707106781186545,1.76635401601924E-16,0.70710678118655));
#8245=DIRECTION('',(-1.,-3.1103252049803E-16,1.73736071185669E-15));
#8246=DIRECTION('center_axis',(-3.1103252049803E-16,1.,6.12323399573684E-17));
#8247=DIRECTION('ref_axis',(-0.707106781186545,-2.63231007225475E-16,0.70710678118655));
#8248=DIRECTION('center_axis',(3.1103252049803E-16,-1.,-6.12323399573684E-17));
#8249=DIRECTION('ref_axis',(-1.,-3.1103252049803E-16,1.49064448416222E-15));
#8250=DIRECTION('center_axis',(-3.1103252049803E-16,1.,6.12323399573684E-17));
#8251=DIRECTION('ref_axis',(-1.49064448416222E-15,6.12323399573679E-17,
-1.));
#8252=DIRECTION('center_axis',(-3.1103252049803E-16,1.,6.12323399573684E-17));
#8253=DIRECTION('ref_axis',(-0.707106781186545,-2.63231007225475E-16,0.70710678118655));
#8254=DIRECTION('',(1.,3.1103252049803E-16,-1.73736071185669E-15));
#8255=DIRECTION('center_axis',(-3.1103252049803E-16,1.,6.12323399573684E-17));
#8256=DIRECTION('ref_axis',(0.707106781186546,1.76635401601925E-16,0.707106781186549));
#8257=DIRECTION('',(1.39465952242551E-15,-6.1232339957368E-17,1.));
#8258=DIRECTION('',(1.,3.1103252049803E-16,-3.21765807802357E-15));
#8259=DIRECTION('',(-2.03550560929506E-15,-6.1232339957369E-17,1.));
#8260=DIRECTION('center_axis',(-3.1103252049803E-16,1.,6.12323399573684E-17));
#8261=DIRECTION('ref_axis',(0.436609486262131,1.90887492847728E-16,-0.899651130442194));
#8262=DIRECTION('center_axis',(-3.1103252049803E-16,1.,6.12323399573684E-17));
#8263=DIRECTION('ref_axis',(0.436609486262131,1.90887492847728E-16,-0.899651130442194));
#8264=DIRECTION('',(-3.1103252049803E-16,1.,6.12323399573684E-17));
#8265=DIRECTION('',(3.1103252049803E-16,-1.,-6.12323399573684E-17));
#8266=DIRECTION('center_axis',(-3.1103252049803E-16,1.,6.12323399573684E-17));
#8267=DIRECTION('ref_axis',(-1.49064448416222E-15,6.12323399573679E-17,
-1.));
#8268=DIRECTION('center_axis',(3.1103252049803E-16,-1.,-6.12323399573684E-17));
#8269=DIRECTION('ref_axis',(-1.49064448416222E-15,6.12323399573679E-17,
-1.));
#8270=DIRECTION('center_axis',(-3.1103252049803E-16,1.,6.12323399573684E-17));
#8271=DIRECTION('ref_axis',(-0.88755935094836,-2.47850487813956E-16,-0.460693388865227));
#8272=DIRECTION('',(1.49064448416222E-15,-6.12323399573679E-17,1.));
#8273=DIRECTION('center_axis',(-3.1103252049803E-16,1.,6.12323399573684E-17));
#8274=DIRECTION('ref_axis',(-0.707106781186546,-2.63231007225475E-16,0.707106781186549));
#8275=DIRECTION('',(1.,3.1103252049803E-16,-1.73736071185669E-15));
#8276=DIRECTION('center_axis',(-3.1103252049803E-16,1.,6.12323399573684E-17));
#8277=DIRECTION('ref_axis',(0.707106781186549,1.76635401601926E-16,0.707106781186546));
#8278=DIRECTION('',(-1.49064448416222E-15,6.12323399573679E-17,-1.));
#8279=DIRECTION('center_axis',(3.1103252049803E-16,-1.,-6.12323399573684E-17));
#8280=DIRECTION('ref_axis',(-1.49064448416222E-15,6.12323399573679E-17,
-1.));
#8281=DIRECTION('',(-3.1103252049803E-16,1.,6.12323399573684E-17));
#8282=DIRECTION('center_axis',(3.1103252049803E-16,-1.,-6.12323399573684E-17));
#8283=DIRECTION('ref_axis',(-0.88755935094836,-2.47850487813956E-16,-0.460693388865227));
#8284=DIRECTION('',(3.1103252049803E-16,-1.,-6.12323399573684E-17));
#8285=DIRECTION('center_axis',(-3.1103252049803E-16,1.,6.12323399573684E-17));
#8286=DIRECTION('ref_axis',(0.624237478433764,2.41994981674541E-16,-0.781234644981043));
#8287=DIRECTION('center_axis',(-3.1103252049803E-16,1.,6.12323399573684E-17));
#8288=DIRECTION('ref_axis',(0.624237478433764,2.41994981674541E-16,-0.781234644981043));
#8289=DIRECTION('',(-3.1103252049803E-16,1.,6.12323399573684E-17));
#8290=DIRECTION('',(3.1103252049803E-16,-1.,-6.12323399573684E-17));
#8291=DIRECTION('center_axis',(-3.1103252049803E-16,1.,6.12323399573684E-17));
#8292=DIRECTION('ref_axis',(-1.49064448416222E-15,6.12323399573679E-17,
-1.));
#8293=DIRECTION('center_axis',(3.1103252049803E-16,-1.,-6.12323399573684E-17));
#8294=DIRECTION('ref_axis',(-1.49064448416222E-15,6.12323399573679E-17,
-1.));
#8295=DIRECTION('center_axis',(-3.1103252049803E-16,1.,6.12323399573684E-17));
#8296=DIRECTION('ref_axis',(-0.767278968477966,-1.99379586230222E-16,-0.641313483821593));
#8297=DIRECTION('',(1.49064448416222E-15,-6.12323399573679E-17,1.));
#8298=DIRECTION('center_axis',(-3.1103252049803E-16,1.,6.12323399573684E-17));
#8299=DIRECTION('ref_axis',(-0.707106781186544,-2.63231007225475E-16,0.707106781186551));
#8300=DIRECTION('',(1.,3.1103252049803E-16,-1.73736071185669E-15));
#8301=DIRECTION('center_axis',(-3.1103252049803E-16,1.,6.12323399573684E-17));
#8302=DIRECTION('ref_axis',(0.707106781186551,1.76635401601927E-16,0.707106781186544));
#8303=DIRECTION('',(-1.49064448416222E-15,6.12323399573679E-17,-1.));
#8304=DIRECTION('center_axis',(3.1103252049803E-16,-1.,-6.12323399573684E-17));
#8305=DIRECTION('ref_axis',(-1.49064448416222E-15,6.12323399573679E-17,
-1.));
#8306=DIRECTION('',(-3.1103252049803E-16,1.,6.12323399573684E-17));
#8307=DIRECTION('center_axis',(3.1103252049803E-16,-1.,-6.12323399573684E-17));
#8308=DIRECTION('ref_axis',(-0.767278968477966,-1.99379586230222E-16,-0.641313483821593));
#8309=DIRECTION('',(3.1103252049803E-16,-1.,-6.12323399573684E-17));
#8310=DIRECTION('center_axis',(-3.1103252049803E-16,1.,6.12323399573684E-17));
#8311=DIRECTION('ref_axis',(0.767278968477964,2.77917836751437E-16,-0.641313483821595));
#8312=DIRECTION('center_axis',(-3.1103252049803E-16,1.,6.12323399573684E-17));
#8313=DIRECTION('ref_axis',(0.767278968477964,2.77917836751437E-16,-0.641313483821595));
#8314=DIRECTION('',(-3.1103252049803E-16,1.,6.12323399573684E-17));
#8315=DIRECTION('',(3.1103252049803E-16,-1.,-6.12323399573684E-17));
#8316=DIRECTION('center_axis',(-3.1103252049803E-16,1.,6.12323399573684E-17));
#8317=DIRECTION('ref_axis',(-1.49064448416222E-15,6.12323399573679E-17,
-1.));
#8318=DIRECTION('center_axis',(3.1103252049803E-16,-1.,-6.12323399573684E-17));
#8319=DIRECTION('ref_axis',(-1.49064448416222E-15,6.12323399573679E-17,
-1.));
#8320=DIRECTION('center_axis',(-3.1103252049803E-16,1.,6.12323399573684E-17));
#8321=DIRECTION('ref_axis',(-0.62423747843377,-1.46321330938637E-16,-0.781234644981038));
#8322=DIRECTION('',(1.49064448416222E-15,-6.12323399573679E-17,1.));
#8323=DIRECTION('center_axis',(-3.1103252049803E-16,1.,6.12323399573684E-17));
#8324=DIRECTION('ref_axis',(-0.707106781186549,-2.63231007225476E-16,0.707106781186546));
#8325=DIRECTION('',(1.,3.1103252049803E-16,-1.73736071185669E-15));
#8326=DIRECTION('center_axis',(-3.1103252049803E-16,1.,6.12323399573684E-17));
#8327=DIRECTION('ref_axis',(0.707106781186546,1.76635401601925E-16,0.707106781186549));
#8328=DIRECTION('',(-1.49064448416222E-15,6.12323399573679E-17,-1.));
#8329=DIRECTION('center_axis',(3.1103252049803E-16,-1.,-6.12323399573684E-17));
#8330=DIRECTION('ref_axis',(-1.49064448416222E-15,6.12323399573679E-17,
-1.));
#8331=DIRECTION('',(-3.1103252049803E-16,1.,6.12323399573684E-17));
#8332=DIRECTION('center_axis',(3.1103252049803E-16,-1.,-6.12323399573684E-17));
#8333=DIRECTION('ref_axis',(-0.62423747843377,-1.46321330938637E-16,-0.781234644981038));
#8334=DIRECTION('',(3.1103252049803E-16,-1.,-6.12323399573684E-17));
#8335=DIRECTION('center_axis',(-3.1103252049803E-16,1.,6.12323399573684E-17));
#8336=DIRECTION('ref_axis',(0.887559350948355,3.0426915622017E-16,-0.460693388865234));
#8337=DIRECTION('center_axis',(-3.1103252049803E-16,1.,6.12323399573684E-17));
#8338=DIRECTION('ref_axis',(0.887559350948355,3.0426915622017E-16,-0.460693388865234));
#8339=DIRECTION('',(-3.1103252049803E-16,1.,6.12323399573684E-17));
#8340=DIRECTION('',(3.1103252049803E-16,-1.,-6.12323399573684E-17));
#8341=DIRECTION('center_axis',(-3.1103252049803E-16,1.,6.12323399573684E-17));
#8342=DIRECTION('ref_axis',(-1.49064448416222E-15,6.12323399573679E-17,
-1.));
#8343=DIRECTION('center_axis',(3.1103252049803E-16,-1.,-6.12323399573684E-17));
#8344=DIRECTION('ref_axis',(-1.49064448416222E-15,6.12323399573679E-17,
-1.));
#8345=DIRECTION('center_axis',(-3.1103252049803E-16,1.,6.12323399573684E-17));
#8346=DIRECTION('ref_axis',(-0.436609486262131,-8.07120051231931E-17,-0.899651130442194));
#8347=DIRECTION('',(1.49064448416222E-15,-6.12323399573679E-17,1.));
#8348=DIRECTION('center_axis',(-3.1103252049803E-16,1.,6.12323399573684E-17));
#8349=DIRECTION('ref_axis',(-0.707106781186549,-2.63231007225476E-16,0.707106781186546));
#8350=DIRECTION('',(1.,3.1103252049803E-16,-1.73736071185669E-15));
#8351=DIRECTION('center_axis',(-3.1103252049803E-16,1.,6.12323399573684E-17));
#8352=DIRECTION('ref_axis',(0.707106781186546,1.76635401601925E-16,0.707106781186549));
#8353=DIRECTION('',(-1.49064448416222E-15,6.12323399573679E-17,-1.));
#8354=DIRECTION('center_axis',(3.1103252049803E-16,-1.,-6.12323399573684E-17));
#8355=DIRECTION('ref_axis',(-1.49064448416222E-15,6.12323399573679E-17,
-1.));
#8356=DIRECTION('',(-3.1103252049803E-16,1.,6.12323399573684E-17));
#8357=DIRECTION('center_axis',(3.1103252049803E-16,-1.,-6.12323399573684E-17));
#8358=DIRECTION('ref_axis',(-0.436609486262131,-8.07120051231931E-17,-0.899651130442194));
#8359=DIRECTION('',(3.1103252049803E-16,-1.,-6.12323399573684E-17));
#8360=DIRECTION('center_axis',(3.1103252049803E-16,-1.,-6.12323399573684E-17));
#8361=DIRECTION('ref_axis',(0.436609486262131,8.07120051231931E-17,0.899651130442194));
#8362=DIRECTION('center_axis',(-3.1103252049803E-16,1.,6.12323399573684E-17));
#8363=DIRECTION('ref_axis',(0.436609486262131,8.07120051231931E-17,0.899651130442194));
#8364=DIRECTION('',(-3.1103252049803E-16,1.,6.12323399573684E-17));
#8365=DIRECTION('',(3.1103252049803E-16,-1.,-6.12323399573684E-17));
#8366=DIRECTION('center_axis',(-1.,-3.1103252049803E-16,1.7420462115509E-15));
#8367=DIRECTION('ref_axis',(3.1103252049803E-16,-1.,-6.12323399573684E-17));
#8368=DIRECTION('',(4.23286866925923E-16,0.91381154862026,0.40613846605344));
#8369=DIRECTION('',(1.0118794849143E-15,0.707106781186537,0.707106781186558));
#8370=DIRECTION('',(-1.76368576522489E-15,6.12323399573678E-17,-1.));
#8371=DIRECTION('center_axis',(-3.1103252049803E-16,1.,6.12323399573684E-17));
#8372=DIRECTION('ref_axis',(-0.88755935094836,-3.04269156220171E-16,0.460693388865226));
#8373=DIRECTION('center_axis',(-3.1103252049803E-16,1.,6.12323399573684E-17));
#8374=DIRECTION('ref_axis',(-0.88755935094836,-3.04269156220171E-16,0.460693388865226));
#8375=DIRECTION('',(-3.1103252049803E-16,1.,6.12323399573684E-17));
#8376=DIRECTION('',(3.1103252049803E-16,-1.,-6.12323399573684E-17));
#8377=DIRECTION('center_axis',(3.1103252049803E-16,-1.,-6.12323399573684E-17));
#8378=DIRECTION('ref_axis',(-1.49064448416222E-15,6.12323399573679E-17,
-1.));
#8379=DIRECTION('center_axis',(3.1103252049803E-16,-1.,-6.12323399573684E-17));
#8380=DIRECTION('ref_axis',(-1.49064448416222E-15,6.12323399573679E-17,
-1.));
#8381=DIRECTION('center_axis',(3.1103252049803E-16,-1.,-6.12323399573684E-17));
#8382=DIRECTION('ref_axis',(0.62423747843377,1.46321330938637E-16,0.781234644981038));
#8383=DIRECTION('center_axis',(-3.1103252049803E-16,1.,6.12323399573684E-17));
#8384=DIRECTION('ref_axis',(0.62423747843377,1.46321330938637E-16,0.781234644981038));
#8385=DIRECTION('',(-3.1103252049803E-16,1.,6.12323399573684E-17));
#8386=DIRECTION('',(3.1103252049803E-16,-1.,-6.12323399573684E-17));
#8387=DIRECTION('center_axis',(-1.,-3.1103252049803E-16,1.7420462115509E-15));
#8388=DIRECTION('ref_axis',(3.1103252049803E-16,-1.,-6.12323399573684E-17));
#8389=DIRECTION('',(4.2328686692592E-16,0.913811548620261,0.406138466053439));
#8390=DIRECTION('',(1.0118794849143E-15,0.707106781186537,0.707106781186558));
#8391=DIRECTION('',(-1.76368576522489E-15,6.12323399573678E-17,-1.));
#8392=DIRECTION('center_axis',(-3.1103252049803E-16,1.,6.12323399573684E-17));
#8393=DIRECTION('ref_axis',(-0.767278968477964,-2.77917836751437E-16,0.641313483821595));
#8394=DIRECTION('center_axis',(-3.1103252049803E-16,1.,6.12323399573684E-17));
#8395=DIRECTION('ref_axis',(-0.767278968477964,-2.77917836751437E-16,0.641313483821595));
#8396=DIRECTION('',(-3.1103252049803E-16,1.,6.12323399573684E-17));
#8397=DIRECTION('',(3.1103252049803E-16,-1.,-6.12323399573684E-17));
#8398=DIRECTION('center_axis',(3.1103252049803E-16,-1.,-6.12323399573684E-17));
#8399=DIRECTION('ref_axis',(-1.49064448416222E-15,6.12323399573679E-17,
-1.));
#8400=DIRECTION('center_axis',(3.1103252049803E-16,-1.,-6.12323399573684E-17));
#8401=DIRECTION('ref_axis',(-1.49064448416222E-15,6.12323399573679E-17,
-1.));
#8402=DIRECTION('center_axis',(3.1103252049803E-16,-1.,-6.12323399573684E-17));
#8403=DIRECTION('ref_axis',(0.767278968477962,1.9937958623022E-16,0.641313483821598));
#8404=DIRECTION('center_axis',(-3.1103252049803E-16,1.,6.12323399573684E-17));
#8405=DIRECTION('ref_axis',(0.767278968477962,1.9937958623022E-16,0.641313483821598));
#8406=DIRECTION('',(-3.1103252049803E-16,1.,6.12323399573684E-17));
#8407=DIRECTION('',(3.1103252049803E-16,-1.,-6.12323399573684E-17));
#8408=DIRECTION('center_axis',(-1.,-3.1103252049803E-16,1.7420462115509E-15));
#8409=DIRECTION('ref_axis',(3.1103252049803E-16,-1.,-6.12323399573684E-17));
#8410=DIRECTION('',(4.23286866925917E-16,0.913811548620262,0.406138466053437));
#8411=DIRECTION('',(1.0118794849143E-15,0.707106781186537,0.707106781186558));
#8412=DIRECTION('',(-1.76368576522489E-15,6.12323399573678E-17,-1.));
#8413=DIRECTION('center_axis',(-3.1103252049803E-16,1.,6.12323399573684E-17));
#8414=DIRECTION('ref_axis',(-0.624237478433761,-2.4199498167454E-16,0.781234644981046));
#8415=DIRECTION('center_axis',(-3.1103252049803E-16,1.,6.12323399573684E-17));
#8416=DIRECTION('ref_axis',(-0.624237478433761,-2.4199498167454E-16,0.781234644981046));
#8417=DIRECTION('',(-3.1103252049803E-16,1.,6.12323399573684E-17));
#8418=DIRECTION('',(3.1103252049803E-16,-1.,-6.12323399573684E-17));
#8419=DIRECTION('center_axis',(3.1103252049803E-16,-1.,-6.12323399573684E-17));
#8420=DIRECTION('ref_axis',(-1.49064448416222E-15,6.12323399573679E-17,
-1.));
#8421=DIRECTION('center_axis',(3.1103252049803E-16,-1.,-6.12323399573684E-17));
#8422=DIRECTION('ref_axis',(-1.49064448416222E-15,6.12323399573679E-17,
-1.));
#8423=DIRECTION('center_axis',(3.1103252049803E-16,-1.,-6.12323399573684E-17));
#8424=DIRECTION('ref_axis',(0.887559350948357,2.47850487813955E-16,0.460693388865231));
#8425=DIRECTION('center_axis',(-3.1103252049803E-16,1.,6.12323399573684E-17));
#8426=DIRECTION('ref_axis',(0.887559350948357,2.47850487813955E-16,0.460693388865231));
#8427=DIRECTION('',(-3.1103252049803E-16,1.,6.12323399573684E-17));
#8428=DIRECTION('',(-1.46532431890222E-15,-1.,-6.12323399573653E-17));
#8429=DIRECTION('center_axis',(-1.,1.46532431890222E-15,1.7420462115509E-15));
#8430=DIRECTION('ref_axis',(-1.46532431890222E-15,-1.,-6.12323399573653E-17));
#8431=DIRECTION('',(2.04654226124045E-15,0.913811548620263,0.406138466053434));
#8432=DIRECTION('',(2.2679534518613E-15,0.707106781186537,0.707106781186558));
#8433=DIRECTION('',(-1.76368576522489E-15,6.12323399573678E-17,-1.));
#8434=DIRECTION('center_axis',(-3.1103252049803E-16,1.,6.12323399573684E-17));
#8435=DIRECTION('ref_axis',(-0.436609486262142,-1.90887492847731E-16,0.899651130442189));
#8436=DIRECTION('center_axis',(-3.1103252049803E-16,1.,6.12323399573684E-17));
#8437=DIRECTION('ref_axis',(-0.436609486262142,-1.90887492847731E-16,0.899651130442189));
#8438=DIRECTION('',(-2.08738935989828E-15,1.,6.12323399573715E-17));
#8439=DIRECTION('',(3.1103252049803E-16,-1.,-6.12323399573684E-17));
#8440=DIRECTION('center_axis',(3.1103252049803E-16,-1.,-6.12323399573684E-17));
#8441=DIRECTION('ref_axis',(-1.49064448416222E-15,6.12323399573679E-17,
-1.));
#8442=DIRECTION('center_axis',(3.1103252049803E-16,-1.,-6.12323399573684E-17));
#8443=DIRECTION('ref_axis',(-1.49064448416222E-15,6.12323399573679E-17,
-1.));
#8444=DIRECTION('center_axis',(3.1103252049803E-16,-1.,-6.12323399573684E-17));
#8445=DIRECTION('ref_axis',(0.516552923790885,1.08234244449088E-16,0.856255263880514));
#8446=DIRECTION('center_axis',(-3.1103252049803E-16,1.,6.12323399573684E-17));
#8447=DIRECTION('ref_axis',(0.516552923790885,1.08234244449088E-16,0.856255263880514));
#8448=DIRECTION('',(-3.1103252049803E-16,1.,6.12323399573684E-17));
#8449=DIRECTION('',(3.1103252049803E-16,-1.,-6.12323399573684E-17));
#8450=DIRECTION('center_axis',(1.,3.11032520498029E-16,2.03550560929506E-15));
#8451=DIRECTION('ref_axis',(3.1103252049803E-16,-1.,-6.12323399573684E-17));
#8452=DIRECTION('',(-1.11092223502982E-15,0.913811548620264,0.406138466053433));
#8453=DIRECTION('',(-1.65925302388951E-15,0.707106781186537,0.707106781186558));
#8454=DIRECTION('',(2.03550560929506E-15,6.1232339957369E-17,-1.));
#8455=DIRECTION('center_axis',(-3.1103252049803E-16,1.,6.12323399573684E-17));
#8456=DIRECTION('ref_axis',(-0.829156197588856,-2.92124460664137E-16,0.559016994374939));
#8457=DIRECTION('center_axis',(-3.1103252049803E-16,1.,6.12323399573684E-17));
#8458=DIRECTION('ref_axis',(-0.829156197588856,-2.92124460664137E-16,0.559016994374939));
#8459=DIRECTION('',(-3.1103252049803E-16,1.,6.12323399573684E-17));
#8460=DIRECTION('',(3.1103252049803E-16,-1.,-6.12323399573684E-17));
#8461=DIRECTION('center_axis',(-3.1103252049803E-16,1.,6.12323399573684E-17));
#8462=DIRECTION('ref_axis',(1.,3.1103252049803E-16,-2.37882290386234E-15));
#8463=DIRECTION('center_axis',(3.1103252049803E-16,-1.,-6.12323399573684E-17));
#8464=DIRECTION('ref_axis',(1.,3.1103252049803E-16,-2.37882290386234E-15));
#8465=DIRECTION('center_axis',(3.1103252049803E-16,-1.,-6.12323399573684E-17));
#8466=DIRECTION('ref_axis',(0.829156197588838,2.23664623381104E-16,0.559016994374965));
#8467=DIRECTION('center_axis',(-3.1103252049803E-16,1.,6.12323399573684E-17));
#8468=DIRECTION('ref_axis',(0.829156197588838,2.23664623381104E-16,0.559016994374965));
#8469=DIRECTION('',(-3.1103252049803E-16,1.,6.12323399573684E-17));
#8470=DIRECTION('',(3.1103252049803E-16,-1.,-6.12323399573684E-17));
#8471=DIRECTION('center_axis',(1.,3.11032520498029E-16,2.03550560929506E-15));
#8472=DIRECTION('ref_axis',(3.1103252049803E-16,-1.,-6.12323399573684E-17));
#8473=DIRECTION('',(-1.11092223502982E-15,0.913811548620264,0.406138466053431));
#8474=DIRECTION('',(-1.65925302388951E-15,0.707106781186537,0.707106781186558));
#8475=DIRECTION('',(2.03550560929506E-15,6.1232339957369E-17,-1.));
#8476=DIRECTION('center_axis',(-3.1103252049803E-16,1.,6.12323399573684E-17));
#8477=DIRECTION('ref_axis',(-0.516552923790912,-2.13095271265531E-16,0.856255263880497));
#8478=DIRECTION('center_axis',(-3.1103252049803E-16,1.,6.12323399573684E-17));
#8479=DIRECTION('ref_axis',(-0.516552923790912,-2.13095271265531E-16,0.856255263880497));
#8480=DIRECTION('',(-3.1103252049803E-16,1.,6.12323399573684E-17));
#8481=DIRECTION('',(3.1103252049803E-16,-1.,-6.12323399573684E-17));
#8482=DIRECTION('center_axis',(-3.1103252049803E-16,1.,6.12323399573684E-17));
#8483=DIRECTION('ref_axis',(1.,3.1103252049803E-16,-2.37882290386234E-15));
#8484=DIRECTION('center_axis',(3.1103252049803E-16,-1.,-6.12323399573684E-17));
#8485=DIRECTION('ref_axis',(1.,3.1103252049803E-16,-2.37882290386234E-15));
#8486=DIRECTION('center_axis',(-3.1103252049803E-16,1.,6.12323399573684E-17));
#8487=DIRECTION('ref_axis',(0.516552923790882,2.13095271265523E-16,-0.856255263880515));
#8488=DIRECTION('center_axis',(-3.1103252049803E-16,1.,6.12323399573684E-17));
#8489=DIRECTION('ref_axis',(0.516552923790882,2.13095271265523E-16,-0.856255263880515));
#8490=DIRECTION('',(-3.1103252049803E-16,1.,6.12323399573684E-17));
#8491=DIRECTION('',(3.1103252049803E-16,-1.,-6.12323399573684E-17));
#8492=DIRECTION('center_axis',(-3.1103252049803E-16,1.,6.12323399573684E-17));
#8493=DIRECTION('ref_axis',(-1.49064448416222E-15,6.12323399573679E-17,
-1.));
#8494=DIRECTION('center_axis',(3.1103252049803E-16,-1.,-6.12323399573684E-17));
#8495=DIRECTION('ref_axis',(-1.,-3.1103252049803E-16,2.93393441617493E-15));
#8496=DIRECTION('center_axis',(-3.1103252049803E-16,1.,6.12323399573684E-17));
#8497=DIRECTION('ref_axis',(-0.829156197588856,-2.23664623381111E-16,-0.559016994374939));
#8498=DIRECTION('',(-2.03550560929506E-15,-6.1232339957369E-17,1.));
#8499=DIRECTION('center_axis',(-3.1103252049803E-16,1.,6.12323399573684E-17));
#8500=DIRECTION('ref_axis',(-0.707106781186544,-2.63231007225475E-16,0.707106781186551));
#8501=DIRECTION('',(1.,3.1103252049803E-16,-1.73736071185669E-15));
#8502=DIRECTION('center_axis',(-3.1103252049803E-16,1.,6.12323399573684E-17));
#8503=DIRECTION('ref_axis',(0.707106781186543,1.76635401601924E-16,0.707106781186552));
#8504=DIRECTION('',(2.03550560929506E-15,6.1232339957369E-17,-1.));
#8505=DIRECTION('center_axis',(-3.1103252049803E-16,1.,6.12323399573684E-17));
#8506=DIRECTION('ref_axis',(-1.,-3.1103252049803E-16,2.93393441617493E-15));
#8507=DIRECTION('',(-3.1103252049803E-16,1.,6.12323399573684E-17));
#8508=DIRECTION('center_axis',(3.1103252049803E-16,-1.,-6.12323399573684E-17));
#8509=DIRECTION('ref_axis',(-0.829156197588856,-2.23664623381111E-16,-0.559016994374939));
#8510=DIRECTION('',(3.1103252049803E-16,-1.,-6.12323399573684E-17));
#8511=DIRECTION('center_axis',(-3.1103252049803E-16,1.,6.12323399573684E-17));
#8512=DIRECTION('ref_axis',(0.829156197588846,2.92124460664134E-16,-0.559016994374953));
#8513=DIRECTION('center_axis',(-3.1103252049803E-16,1.,6.12323399573684E-17));
#8514=DIRECTION('ref_axis',(0.829156197588846,2.92124460664134E-16,-0.559016994374953));
#8515=DIRECTION('',(-3.1103252049803E-16,1.,6.12323399573684E-17));
#8516=DIRECTION('',(3.1103252049803E-16,-1.,-6.12323399573684E-17));
#8517=DIRECTION('center_axis',(-3.1103252049803E-16,1.,6.12323399573684E-17));
#8518=DIRECTION('ref_axis',(-1.49064448416222E-15,6.12323399573679E-17,
-1.));
#8519=DIRECTION('center_axis',(3.1103252049803E-16,-1.,-6.12323399573684E-17));
#8520=DIRECTION('ref_axis',(-1.,-3.1103252049803E-16,2.93393441617493E-15));
#8521=DIRECTION('center_axis',(-3.1103252049803E-16,1.,6.12323399573684E-17));
#8522=DIRECTION('ref_axis',(-0.5165529237909,-1.08234244449093E-16,-0.856255263880505));
#8523=DIRECTION('',(-2.03550560929506E-15,-6.1232339957369E-17,1.));
#8524=DIRECTION('center_axis',(-3.1103252049803E-16,1.,6.12323399573684E-17));
#8525=DIRECTION('ref_axis',(-0.707106781186545,-2.63231007225475E-16,0.70710678118655));
#8526=DIRECTION('',(1.,3.1103252049803E-16,-1.73736071185669E-15));
#8527=DIRECTION('center_axis',(-3.1103252049803E-16,1.,6.12323399573684E-17));
#8528=DIRECTION('ref_axis',(0.707106781186545,1.76635401601924E-16,0.70710678118655));
#8529=DIRECTION('',(2.03550560929506E-15,6.1232339957369E-17,-1.));
#8530=DIRECTION('center_axis',(-3.1103252049803E-16,1.,6.12323399573684E-17));
#8531=DIRECTION('ref_axis',(-1.,-3.1103252049803E-16,2.93393441617493E-15));
#8532=DIRECTION('',(-3.1103252049803E-16,1.,6.12323399573684E-17));
#8533=DIRECTION('center_axis',(3.1103252049803E-16,-1.,-6.12323399573684E-17));
#8534=DIRECTION('ref_axis',(-0.5165529237909,-1.08234244449093E-16,-0.856255263880505));
#8535=DIRECTION('',(3.1103252049803E-16,-1.,-6.12323399573684E-17));
#8536=DIRECTION('center_axis',(0.707106781186549,0.287183263447096,-0.646162342755963));
#8537=DIRECTION('ref_axis',(0.674578520096274,1.64613954062612E-16,0.738203102286032));
#8538=DIRECTION('',(5.41263309304486E-16,0.913811548620256,0.406138466053449));
#8539=DIRECTION('',(-5.41263309304486E-16,-0.913811548620256,-0.406138466053449));
#8540=DIRECTION('',(-0.337868689199735,-0.66552413512151,-0.665524135121499));
#8541=DIRECTION('center_axis',(-1.,-3.1103252049803E-16,2.03252951278792E-15));
#8542=DIRECTION('ref_axis',(-2.03252951278792E-15,6.12323399573678E-17,
-1.));
#8543=DIRECTION('',(-1.0436489558537E-15,0.928476690885259,-0.371390676354104));
#8544=DIRECTION('center_axis',(-0.707106781186539,0.28718326344708,-0.646162342755981));
#8545=DIRECTION('ref_axis',(0.674578520096289,2.55017760696141E-16,-0.738203102286017));
#8546=DIRECTION('',(-0.337868689199785,0.665524135121481,0.665524135121502));
#8547=DIRECTION('',(0.674578520096289,2.55017760696141E-16,-0.738203102286017));
#8548=DIRECTION('',(-9.81067662178577E-16,0.913811548620268,0.406138466053422));
#8549=DIRECTION('',(9.81067662178577E-16,-0.913811548620268,-0.406138466053422));
#8550=DIRECTION('center_axis',(-3.06665538197704E-15,0.406138466053422,
-0.913811548620268));
#8551=DIRECTION('ref_axis',(1.,3.1103252049803E-16,-3.21765807802357E-15));
#8552=DIRECTION('',(1.1109222350298E-15,-0.913811548620268,-0.406138466053422));
#8553=DIRECTION('center_axis',(-1.,-3.11032520498029E-16,-1.71577580356387E-15));
#8554=DIRECTION('ref_axis',(1.71577580356387E-15,6.12323399573689E-17,-1.));
#8555=DIRECTION('',(1.71577580356387E-15,6.12323399573689E-17,-1.));
#8556=DIRECTION('',(-3.48436690767878E-16,-0.928476690885259,0.371390676354104));
#8557=DIRECTION('center_axis',(0.707106781186546,0.262612865719446,0.656532164298614));
#8558=DIRECTION('ref_axis',(-0.680413817439773,-2.56503604507903E-16,0.732828108792939));
#8559=DIRECTION('',(1.0436489558537E-15,-0.928476690885259,0.371390676354104));
#8560=DIRECTION('',(0.348155311911398,-0.937436866561091,-8.77011726457353E-16));
#8561=DIRECTION('',(-0.366508333068918,-0.65790259225475,0.657902592254753));
#8562=DIRECTION('center_axis',(2.07026001315654E-15,0.371390676354104,0.928476690885259));
#8563=DIRECTION('ref_axis',(-1.,-3.1103252049803E-16,2.35415128109289E-15));
#8564=DIRECTION('',(3.48436690767878E-16,0.928476690885259,-0.371390676354104));
#8565=DIRECTION('',(1.,3.1103252049803E-16,-2.35415128109289E-15));
#8566=DIRECTION('center_axis',(-0.707106781186557,0.262612865719442,0.656532164298604));
#8567=DIRECTION('ref_axis',(-0.680413817439762,-1.6675804473205E-16,-0.732828108792949));
#8568=DIRECTION('',(-0.680413817439762,-1.6675804473205E-16,-0.732828108792949));
#8569=DIRECTION('',(-0.366508333068907,0.657902592254754,-0.657902592254755));
#8570=DIRECTION('',(0.348155311911387,0.937436866561095,-7.62208820653648E-16));
#8571=DIRECTION('center_axis',(-2.49516105092381E-15,0.707106781186558,
-0.707106781186537));
#8572=DIRECTION('ref_axis',(1.,3.1103252049803E-16,-3.21765807802357E-15));
#8573=DIRECTION('',(1.44336531082044E-15,0.707106781186537,0.707106781186558));
#8574=DIRECTION('',(-1.44336531082044E-15,-0.707106781186537,-0.707106781186558));
#8575=DIRECTION('',(1.,3.1103252049803E-16,-3.21765807802357E-15));
#8576=DIRECTION('center_axis',(-2.49516105092381E-15,0.707106781186558,
-0.707106781186537));
#8577=DIRECTION('ref_axis',(1.,3.1103252049803E-16,-3.21765807802357E-15));
#8578=DIRECTION('',(1.44336531082044E-15,0.707106781186537,0.707106781186558));
#8579=DIRECTION('',(-1.44336531082044E-15,-0.707106781186537,-0.707106781186558));
#8580=DIRECTION('',(1.,3.1103252049803E-16,-3.21765807802357E-15));
#8581=DIRECTION('center_axis',(-2.49516105092381E-15,0.707106781186558,
-0.707106781186537));
#8582=DIRECTION('ref_axis',(1.,3.1103252049803E-16,-3.21765807802357E-15));
#8583=DIRECTION('',(1.44336531082044E-15,0.707106781186537,0.707106781186558));
#8584=DIRECTION('',(-1.44336531082044E-15,-0.707106781186537,-0.707106781186558));
#8585=DIRECTION('',(1.,3.1103252049803E-16,-3.21765807802357E-15));
#8586=DIRECTION('center_axis',(-2.49516105092381E-15,0.707106781186558,
-0.707106781186537));
#8587=DIRECTION('ref_axis',(1.,3.1103252049803E-16,-3.21765807802357E-15));
#8588=DIRECTION('',(1.44336531082044E-15,0.707106781186537,0.707106781186558));
#8589=DIRECTION('',(-1.0118794849143E-15,-0.707106781186537,-0.707106781186558));
#8590=DIRECTION('',(1.,3.1103252049803E-16,-3.21765807802357E-15));
#8591=DIRECTION('center_axis',(-2.49516105092381E-15,0.707106781186558,
-0.707106781186537));
#8592=DIRECTION('ref_axis',(1.,3.1103252049803E-16,-3.21765807802357E-15));
#8593=DIRECTION('',(-1.0118794849143E-15,-0.707106781186537,-0.707106781186558));
#8594=DIRECTION('',(1.,3.1103252049803E-16,-3.21765807802357E-15));
#8595=DIRECTION('center_axis',(-2.49516105092381E-15,0.707106781186558,
-0.707106781186537));
#8596=DIRECTION('ref_axis',(1.,3.1103252049803E-16,-3.21765807802357E-15));
#8597=DIRECTION('',(-1.0118794849143E-15,-0.707106781186537,-0.707106781186558));
#8598=DIRECTION('',(1.,3.1103252049803E-16,-3.21765807802357E-15));
#8599=DIRECTION('center_axis',(-2.49516105092381E-15,0.707106781186558,
-0.707106781186537));
#8600=DIRECTION('ref_axis',(1.,3.1103252049803E-16,-3.21765807802357E-15));
#8601=DIRECTION('',(-1.0118794849143E-15,-0.707106781186537,-0.707106781186558));
#8602=DIRECTION('',(1.,3.1103252049803E-16,-3.21765807802357E-15));
#8603=DIRECTION('center_axis',(-2.49516105092381E-15,0.707106781186558,
-0.707106781186537));
#8604=DIRECTION('ref_axis',(1.,3.1103252049803E-16,-3.21765807802357E-15));
#8605=DIRECTION('',(2.44194482032703E-16,-0.707106781186537,-0.707106781186558));
#8606=DIRECTION('',(1.,3.1103252049803E-16,-3.21765807802357E-15));
#8607=DIRECTION('center_axis',(-2.49516105092381E-15,0.707106781186558,
-0.707106781186537));
#8608=DIRECTION('ref_axis',(1.,3.1103252049803E-16,-3.21765807802357E-15));
#8609=DIRECTION('',(2.2679534518613E-15,0.707106781186537,0.707106781186558));
#8610=DIRECTION('',(1.65925302388951E-15,-0.707106781186537,-0.707106781186558));
#8611=DIRECTION('center_axis',(-2.49516105092381E-15,0.707106781186558,
-0.707106781186537));
#8612=DIRECTION('ref_axis',(1.,3.1103252049803E-16,-3.21765807802357E-15));
#8613=DIRECTION('',(1.65925302388951E-15,-0.707106781186537,-0.707106781186558));
#8614=DIRECTION('',(1.,3.1103252049803E-16,-3.21765807802357E-15));
#8615=DIRECTION('center_axis',(-2.49516105092381E-15,0.707106781186558,
-0.707106781186537));
#8616=DIRECTION('ref_axis',(1.,3.1103252049803E-16,-3.21765807802357E-15));
#8617=DIRECTION('',(-1.65925302388951E-15,0.707106781186537,0.707106781186558));
#8618=DIRECTION('',(1.65925302388951E-15,-0.707106781186537,-0.707106781186558));
#8619=DIRECTION('',(1.,3.1103252049803E-16,-3.21765807802357E-15));
#8620=DIRECTION('center_axis',(-2.49516105092381E-15,0.707106781186558,
-0.707106781186537));
#8621=DIRECTION('ref_axis',(1.,3.1103252049803E-16,-3.21765807802357E-15));
#8622=DIRECTION('',(1.65925302388951E-15,-0.707106781186537,-0.707106781186558));
#8623=DIRECTION('',(1.,3.1103252049803E-16,-3.21765807802357E-15));
#8624=DIRECTION('center_axis',(1.44470313038608E-15,0.707106781186548,0.707106781186547));
#8625=DIRECTION('ref_axis',(-1.,-3.1103252049803E-16,2.35415128109289E-15));
#8626=DIRECTION('',(1.,3.1103252049803E-16,-2.35415128109289E-15));
#8627=DIRECTION('',(-1.27397802750313E-15,0.707106781186547,-0.707106781186548));
#8628=DIRECTION('center_axis',(3.1103252049803E-16,-1.,-6.12323399573684E-17));
#8629=DIRECTION('ref_axis',(1.,3.1103252049803E-16,-1.20911929784693E-16));
#8630=DIRECTION('',(-0.707106781186547,0.707106781186548,1.08308006257875E-16));
#8631=DIRECTION('center_axis',(-3.1103252049803E-16,1.,6.12323399573684E-17));
#8632=DIRECTION('ref_axis',(1.,3.1103252049803E-16,-1.20911929784693E-16));
#8633=DIRECTION('center_axis',(0.707106781186549,0.707106781186546,-9.42055475210237E-16));
#8634=DIRECTION('ref_axis',(1.39349996950751E-15,-6.1232339957368E-17,1.));
#8635=DIRECTION('',(-0.707106781186546,0.707106781186549,1.0973426259012E-15));
#8636=DIRECTION('',(-1.39349996950751E-15,6.1232339957368E-17,-1.));
#8637=DIRECTION('center_axis',(3.1103252049803E-16,-1.,-6.12323399573684E-17));
#8638=DIRECTION('ref_axis',(-1.4229157239873E-14,6.1232339957364E-17,-1.));
#8639=DIRECTION('',(9.73542319546509E-15,0.707106781186497,0.707106781186598));
#8640=DIRECTION('center_axis',(-3.1103252049803E-16,1.,6.12323399573684E-17));
#8641=DIRECTION('ref_axis',(-1.4229157239873E-14,6.1232339957364E-17,-1.));
#8642=DIRECTION('center_axis',(-2.49516105092381E-15,0.707106781186558,
-0.707106781186537));
#8643=DIRECTION('ref_axis',(1.,3.1103252049803E-16,-3.21765807802357E-15));
#8644=DIRECTION('center_axis',(-2.49516105092381E-15,0.707106781186558,
-0.707106781186537));
#8645=DIRECTION('ref_axis',(1.,3.1103252049803E-16,-3.21765807802357E-15));
#8646=DIRECTION('',(8.3411161867573E-16,0.707106781186545,0.70710678118655));
#8647=DIRECTION('',(1.,3.1103252049803E-16,-3.21765807802357E-15));
#8648=DIRECTION('center_axis',(3.1103252049803E-16,-1.,-6.12323399573684E-17));
#8649=DIRECTION('ref_axis',(-1.,-3.1103252049803E-16,-7.00927602841782E-16));
#8650=DIRECTION('',(0.707106781186614,0.707106781186482,-1.01074702027775E-15));
#8651=DIRECTION('center_axis',(3.1103252049803E-16,-1.,-6.12323399573684E-17));
#8652=DIRECTION('ref_axis',(-1.,-3.1103252049803E-16,-7.00927602841782E-16));
#8653=DIRECTION('center_axis',(-3.1103252049803E-16,1.,6.12323399573684E-17));
#8654=DIRECTION('ref_axis',(-1.,-3.1103252049803E-16,-7.00927602841782E-16));
#8655=DIRECTION('center_axis',(-0.707106781186553,0.707106781186542,1.55287150690937E-16));
#8656=DIRECTION('ref_axis',(-1.58376854612028E-16,6.12323399573684E-17,
-1.));
#8657=DIRECTION('',(0.707106781186542,0.707106781186553,-1.99978163992097E-15));
#8658=DIRECTION('',(-1.58376854612028E-16,6.12323399573684E-17,-1.));
#8659=DIRECTION('',(1.58376854612028E-16,-6.12323399573684E-17,1.));
#8660=DIRECTION('center_axis',(3.1103252049803E-16,-1.,-6.12323399573684E-17));
#8661=DIRECTION('ref_axis',(3.65557978762259E-14,-6.1232339957357E-17,1.));
#8662=DIRECTION('',(-3.29230858560858E-14,0.707106781186463,-0.707106781186632));
#8663=DIRECTION('center_axis',(3.1103252049803E-16,-1.,-6.12323399573684E-17));
#8664=DIRECTION('ref_axis',(3.65557978762259E-14,-6.1232339957357E-17,1.));
#8665=DIRECTION('center_axis',(-3.1103252049803E-16,1.,6.12323399573684E-17));
#8666=DIRECTION('ref_axis',(3.65557978762259E-14,-6.1232339957357E-17,1.));
#8667=DIRECTION('center_axis',(1.44470313038608E-15,0.707106781186548,0.707106781186547));
#8668=DIRECTION('ref_axis',(-1.,-3.1103252049803E-16,2.35415128109289E-15));
#8669=DIRECTION('',(1.,3.1103252049803E-16,-2.35415128109289E-15));
#8670=DIRECTION('',(1.,3.1103252049803E-16,-2.35415128109289E-15));
#8671=DIRECTION('center_axis',(-3.1103252049803E-16,1.,6.12323399573684E-17));
#8672=DIRECTION('ref_axis',(0.707106781186547,1.76635401601925E-16,0.707106781186548));
#8673=DIRECTION('center_axis',(-3.1103252049803E-16,1.,6.12323399573684E-17));
#8674=DIRECTION('ref_axis',(0.707106781186547,1.76635401601925E-16,0.707106781186548));
#8675=DIRECTION('',(-3.1103252049803E-16,1.,6.12323399573684E-17));
#8676=DIRECTION('',(3.1103252049803E-16,-1.,-6.12323399573684E-17));
#8677=DIRECTION('center_axis',(-1.,-3.1103252049803E-16,2.35225931851912E-15));
#8678=DIRECTION('ref_axis',(-3.1103252049803E-16,1.,6.12323399573684E-17));
#8679=DIRECTION('',(6.7111788215572E-16,0.913811548620256,0.406138466053449));
#8680=DIRECTION('',(-2.35225931851912E-15,6.12323399573677E-17,-1.));
#8681=DIRECTION('center_axis',(3.1103252049803E-16,-1.,-6.12323399573684E-17));
#8682=DIRECTION('ref_axis',(-0.707106781186548,-2.63231007225476E-16,0.707106781186547));
#8683=DIRECTION('center_axis',(-3.1103252049803E-16,1.,6.12323399573684E-17));
#8684=DIRECTION('ref_axis',(-0.707106781186548,-2.63231007225476E-16,0.707106781186547));
#8685=DIRECTION('',(-3.1103252049803E-16,1.,6.12323399573684E-17));
#8686=DIRECTION('',(3.1103252049803E-16,-1.,-6.12323399573684E-17));
#8687=DIRECTION('center_axis',(-1.73736071185669E-15,6.12323399573679E-17,
-1.));
#8688=DIRECTION('ref_axis',(1.,3.1103252049803E-16,-1.73736071185669E-15));
#8689=DIRECTION('',(1.,3.1103252049803E-16,-1.73736071185669E-15));
#8690=DIRECTION('center_axis',(-3.1103252049803E-16,1.,6.12323399573684E-17));
#8691=DIRECTION('ref_axis',(0.707106781186547,1.76635401601925E-16,0.707106781186548));
#8692=DIRECTION('center_axis',(-3.1103252049803E-16,1.,6.12323399573684E-17));
#8693=DIRECTION('ref_axis',(0.707106781186547,1.76635401601925E-16,0.707106781186548));
#8694=DIRECTION('',(-3.1103252049803E-16,1.,6.12323399573684E-17));
#8695=DIRECTION('',(3.1103252049803E-16,-1.,-6.12323399573684E-17));
#8696=DIRECTION('center_axis',(-1.,-3.1103252049803E-16,2.35225931851912E-15));
#8697=DIRECTION('ref_axis',(-3.1103252049803E-16,1.,6.12323399573684E-17));
#8698=DIRECTION('',(6.7111788215572E-16,0.913811548620256,0.406138466053449));
#8699=DIRECTION('',(-2.35225931851912E-15,6.12323399573677E-17,-1.));
#8700=DIRECTION('center_axis',(3.1103252049803E-16,-1.,-6.12323399573684E-17));
#8701=DIRECTION('ref_axis',(-0.707106781186546,-2.63231007225475E-16,0.707106781186549));
#8702=DIRECTION('center_axis',(-3.1103252049803E-16,1.,6.12323399573684E-17));
#8703=DIRECTION('ref_axis',(-0.707106781186546,-2.63231007225475E-16,0.707106781186549));
#8704=DIRECTION('',(-3.1103252049803E-16,1.,6.12323399573684E-17));
#8705=DIRECTION('',(3.1103252049803E-16,-1.,-6.12323399573684E-17));
#8706=DIRECTION('center_axis',(-1.73736071185669E-15,6.12323399573679E-17,
-1.));
#8707=DIRECTION('ref_axis',(1.,3.1103252049803E-16,-1.73736071185669E-15));
#8708=DIRECTION('',(1.,3.1103252049803E-16,-1.73736071185669E-15));
#8709=DIRECTION('center_axis',(-3.1103252049803E-16,1.,6.12323399573684E-17));
#8710=DIRECTION('ref_axis',(0.707106781186549,1.76635401601926E-16,0.707106781186546));
#8711=DIRECTION('center_axis',(-3.1103252049803E-16,1.,6.12323399573684E-17));
#8712=DIRECTION('ref_axis',(0.707106781186549,1.76635401601926E-16,0.707106781186546));
#8713=DIRECTION('',(-3.1103252049803E-16,1.,6.12323399573684E-17));
#8714=DIRECTION('',(3.1103252049803E-16,-1.,-6.12323399573684E-17));
#8715=DIRECTION('center_axis',(-1.,-3.1103252049803E-16,2.35225931851912E-15));
#8716=DIRECTION('ref_axis',(-3.1103252049803E-16,1.,6.12323399573684E-17));
#8717=DIRECTION('',(6.71117882155716E-16,0.913811548620257,0.406138466053448));
#8718=DIRECTION('',(-2.35225931851912E-15,6.12323399573677E-17,-1.));
#8719=DIRECTION('center_axis',(3.1103252049803E-16,-1.,-6.12323399573684E-17));
#8720=DIRECTION('ref_axis',(-0.707106781186546,-2.63231007225475E-16,0.707106781186549));
#8721=DIRECTION('center_axis',(-3.1103252049803E-16,1.,6.12323399573684E-17));
#8722=DIRECTION('ref_axis',(-0.707106781186546,-2.63231007225475E-16,0.707106781186549));
#8723=DIRECTION('',(-3.1103252049803E-16,1.,6.12323399573684E-17));
#8724=DIRECTION('',(3.1103252049803E-16,-1.,-6.12323399573684E-17));
#8725=DIRECTION('center_axis',(-1.73736071185669E-15,6.12323399573679E-17,
-1.));
#8726=DIRECTION('ref_axis',(1.,3.1103252049803E-16,-1.73736071185669E-15));
#8727=DIRECTION('',(1.,3.1103252049803E-16,-1.73736071185669E-15));
#8728=DIRECTION('center_axis',(-3.1103252049803E-16,1.,6.12323399573684E-17));
#8729=DIRECTION('ref_axis',(0.707106781186549,1.76635401601926E-16,0.707106781186546));
#8730=DIRECTION('center_axis',(-3.1103252049803E-16,1.,6.12323399573684E-17));
#8731=DIRECTION('ref_axis',(0.707106781186549,1.76635401601926E-16,0.707106781186546));
#8732=DIRECTION('',(-3.1103252049803E-16,1.,6.12323399573684E-17));
#8733=DIRECTION('',(3.1103252049803E-16,-1.,-6.12323399573684E-17));
#8734=DIRECTION('center_axis',(-1.73736071185669E-15,6.12323399573679E-17,
-1.));
#8735=DIRECTION('ref_axis',(1.,3.1103252049803E-16,-1.73736071185669E-15));
#8736=DIRECTION('',(1.,3.1103252049803E-16,-1.73736071185669E-15));
#8737=DIRECTION('',(3.1103252049803E-16,-1.,-6.12323399573684E-17));
#8738=DIRECTION('center_axis',(3.1103252049803E-16,-1.,-6.12323399573684E-17));
#8739=DIRECTION('ref_axis',(-0.707106781186546,-2.63231007225475E-16,0.707106781186549));
#8740=DIRECTION('center_axis',(-3.1103252049803E-16,1.,6.12323399573684E-17));
#8741=DIRECTION('ref_axis',(-0.707106781186546,-2.63231007225475E-16,0.707106781186549));
#8742=DIRECTION('',(-3.1103252049803E-16,1.,6.12323399573684E-17));
#8743=DIRECTION('center_axis',(-3.1103252049803E-16,1.,6.12323399573684E-17));
#8744=DIRECTION('ref_axis',(-1.49064448416222E-15,6.12323399573679E-17,
-1.));
#8745=DIRECTION('',(-2.35225931851912E-15,6.12323399573677E-17,-1.));
#8746=DIRECTION('',(1.49064448416222E-15,-6.12323399573679E-17,1.));
#8747=DIRECTION('center_axis',(-3.1103252049803E-16,1.,6.12323399573684E-17));
#8748=DIRECTION('ref_axis',(0.707106781186549,1.76635401601926E-16,0.707106781186546));
#8749=DIRECTION('',(-3.1103252049803E-16,1.,6.12323399573684E-17));
#8750=DIRECTION('',(3.1103252049803E-16,-1.,-6.12323399573684E-17));
#8751=DIRECTION('center_axis',(-1.73736071185669E-15,6.12323399573679E-17,
-1.));
#8752=DIRECTION('ref_axis',(1.,3.1103252049803E-16,-1.73736071185669E-15));
#8753=DIRECTION('',(3.1103252049803E-16,-1.,-6.12323399573684E-17));
#8754=DIRECTION('center_axis',(3.1103252049803E-16,-1.,-6.12323399573684E-17));
#8755=DIRECTION('ref_axis',(-0.707106781186546,-2.63231007225475E-16,0.707106781186549));
#8756=DIRECTION('',(-3.1103252049803E-16,1.,6.12323399573684E-17));
#8757=DIRECTION('center_axis',(-3.1103252049803E-16,1.,6.12323399573684E-17));
#8758=DIRECTION('ref_axis',(0.707106781186551,1.76635401601927E-16,0.707106781186544));
#8759=DIRECTION('',(-3.1103252049803E-16,1.,6.12323399573684E-17));
#8760=DIRECTION('',(3.1103252049803E-16,-1.,-6.12323399573684E-17));
#8761=DIRECTION('center_axis',(-1.73736071185669E-15,6.12323399573679E-17,
-1.));
#8762=DIRECTION('ref_axis',(1.,3.1103252049803E-16,-1.73736071185669E-15));
#8763=DIRECTION('',(3.1103252049803E-16,-1.,-6.12323399573684E-17));
#8764=DIRECTION('center_axis',(3.1103252049803E-16,-1.,-6.12323399573684E-17));
#8765=DIRECTION('ref_axis',(-0.707106781186544,-2.63231007225475E-16,0.707106781186551));
#8766=DIRECTION('',(-3.1103252049803E-16,1.,6.12323399573684E-17));
#8767=DIRECTION('center_axis',(-3.1103252049803E-16,1.,6.12323399573684E-17));
#8768=DIRECTION('ref_axis',(0.707106781186546,1.76635401601925E-16,0.707106781186549));
#8769=DIRECTION('',(-3.1103252049803E-16,1.,6.12323399573684E-17));
#8770=DIRECTION('',(3.1103252049803E-16,-1.,-6.12323399573684E-17));
#8771=DIRECTION('center_axis',(-1.73736071185669E-15,6.12323399573679E-17,
-1.));
#8772=DIRECTION('ref_axis',(1.,3.1103252049803E-16,-1.73736071185669E-15));
#8773=DIRECTION('',(3.1103252049803E-16,-1.,-6.12323399573684E-17));
#8774=DIRECTION('center_axis',(3.1103252049803E-16,-1.,-6.12323399573684E-17));
#8775=DIRECTION('ref_axis',(-0.707106781186549,-2.63231007225476E-16,0.707106781186546));
#8776=DIRECTION('',(-3.1103252049803E-16,1.,6.12323399573684E-17));
#8777=DIRECTION('center_axis',(-3.1103252049803E-16,1.,6.12323399573684E-17));
#8778=DIRECTION('ref_axis',(0.707106781186546,1.76635401601925E-16,0.707106781186549));
#8779=DIRECTION('',(-3.1103252049803E-16,1.,6.12323399573684E-17));
#8780=DIRECTION('',(3.1103252049803E-16,-1.,-6.12323399573684E-17));
#8781=DIRECTION('center_axis',(-1.73736071185669E-15,6.12323399573679E-17,
-1.));
#8782=DIRECTION('ref_axis',(1.,3.1103252049803E-16,-1.73736071185669E-15));
#8783=DIRECTION('',(3.1103252049803E-16,-1.,-6.12323399573684E-17));
#8784=DIRECTION('center_axis',(3.1103252049803E-16,-1.,-6.12323399573684E-17));
#8785=DIRECTION('ref_axis',(-0.707106781186549,-2.63231007225476E-16,0.707106781186546));
#8786=DIRECTION('',(-3.1103252049803E-16,1.,6.12323399573684E-17));
#8787=DIRECTION('center_axis',(-3.1103252049803E-16,1.,6.12323399573684E-17));
#8788=DIRECTION('ref_axis',(0.707106781186546,1.76635401601925E-16,0.707106781186549));
#8789=DIRECTION('',(-3.1103252049803E-16,1.,6.12323399573684E-17));
#8790=DIRECTION('',(3.1103252049803E-16,-1.,-6.12323399573684E-17));
#8791=DIRECTION('center_axis',(-1.,-3.1103252049803E-16,1.49064448416222E-15));
#8792=DIRECTION('ref_axis',(-3.1103252049803E-16,1.,6.12323399573684E-17));
#8793=DIRECTION('',(2.04654226124045E-15,0.913811548620264,0.406138466053433));
#8794=DIRECTION('center_axis',(3.1103252049803E-16,-1.,-6.12323399573684E-17));
#8795=DIRECTION('ref_axis',(-0.707106781186545,-2.63231007225475E-16,0.70710678118655));
#8796=DIRECTION('',(-3.1103252049803E-16,1.,6.12323399573684E-17));
#8797=DIRECTION('',(3.1103252049803E-16,-1.,-6.12323399573684E-17));
#8798=DIRECTION('center_axis',(-1.73736071185669E-15,6.12323399573679E-17,
-1.));
#8799=DIRECTION('ref_axis',(1.,3.1103252049803E-16,-1.73736071185669E-15));
#8800=DIRECTION('center_axis',(-3.1103252049803E-16,1.,6.12323399573684E-17));
#8801=DIRECTION('ref_axis',(0.707106781186543,1.76635401601924E-16,0.707106781186552));
#8802=DIRECTION('',(-3.1103252049803E-16,1.,6.12323399573684E-17));
#8803=DIRECTION('',(3.1103252049803E-16,-1.,-6.12323399573684E-17));
#8804=DIRECTION('center_axis',(-1.73736071185669E-15,6.12323399573679E-17,
-1.));
#8805=DIRECTION('ref_axis',(1.,3.1103252049803E-16,-1.73736071185669E-15));
#8806=DIRECTION('',(3.1103252049803E-16,-1.,-6.12323399573684E-17));
#8807=DIRECTION('center_axis',(3.1103252049803E-16,-1.,-6.12323399573684E-17));
#8808=DIRECTION('ref_axis',(-0.707106781186544,-2.63231007225475E-16,0.707106781186551));
#8809=DIRECTION('',(-3.1103252049803E-16,1.,6.12323399573684E-17));
#8810=DIRECTION('center_axis',(-3.1103252049803E-16,1.,6.12323399573684E-17));
#8811=DIRECTION('ref_axis',(0.707106781186545,1.76635401601924E-16,0.70710678118655));
#8812=DIRECTION('',(-3.1103252049803E-16,1.,6.12323399573684E-17));
#8813=DIRECTION('',(3.1103252049803E-16,-1.,-6.12323399573684E-17));
#8814=DIRECTION('center_axis',(-1.73736071185669E-15,6.12323399573679E-17,
-1.));
#8815=DIRECTION('ref_axis',(1.,3.1103252049803E-16,-1.73736071185669E-15));
#8816=DIRECTION('',(3.1103252049803E-16,-1.,-6.12323399573684E-17));
#8817=DIRECTION('center_axis',(3.1103252049803E-16,-1.,-6.12323399573684E-17));
#8818=DIRECTION('ref_axis',(-0.707106781186545,-2.63231007225475E-16,0.70710678118655));
#8819=DIRECTION('',(-3.1103252049803E-16,1.,6.12323399573684E-17));
#8820=DIRECTION('center_axis',(-3.1103252049803E-16,1.,6.12323399573684E-17));
#8821=DIRECTION('ref_axis',(0.707106781186545,1.76635401601924E-16,0.70710678118655));
#8822=DIRECTION('center_axis',(-3.1103252049803E-16,1.,6.12323399573684E-17));
#8823=DIRECTION('ref_axis',(0.707106781186545,1.76635401601924E-16,0.70710678118655));
#8824=DIRECTION('',(-3.1103252049803E-16,1.,6.12323399573684E-17));
#8825=DIRECTION('',(3.1103252049803E-16,-1.,-6.12323399573684E-17));
#8826=DIRECTION('center_axis',(-1.73736071185669E-15,6.12323399573679E-17,
-1.));
#8827=DIRECTION('ref_axis',(1.,3.1103252049803E-16,-1.73736071185669E-15));
#8828=DIRECTION('',(1.,3.1103252049803E-16,-1.73736071185669E-15));
#8829=DIRECTION('',(3.1103252049803E-16,-1.,-6.12323399573684E-17));
#8830=DIRECTION('center_axis',(3.1103252049803E-16,-1.,-6.12323399573684E-17));
#8831=DIRECTION('ref_axis',(-0.707106781186545,-2.63231007225475E-16,0.70710678118655));
#8832=DIRECTION('center_axis',(-3.1103252049803E-16,1.,6.12323399573684E-17));
#8833=DIRECTION('ref_axis',(-0.707106781186545,-2.63231007225475E-16,0.70710678118655));
#8834=DIRECTION('',(-3.1103252049803E-16,1.,6.12323399573684E-17));
#8835=DIRECTION('center_axis',(-3.1103252049803E-16,1.,6.12323399573684E-17));
#8836=DIRECTION('ref_axis',(-1.49064448416222E-15,6.12323399573679E-17,
-1.));
#8837=DIRECTION('',(-2.03550560929506E-15,-6.1232339957369E-17,1.));
#8838=DIRECTION('',(2.03550560929506E-15,6.1232339957369E-17,-1.));
#8839=DIRECTION('center_axis',(-3.1103252049803E-16,1.,6.12323399573684E-17));
#8840=DIRECTION('ref_axis',(-1.,-3.1103252049803E-16,1.49064448416222E-15));
#8841=DIRECTION('',(-3.1103252049803E-16,1.,6.12323399573684E-17));
#8842=DIRECTION('center_axis',(3.10551433816244E-15,-6.12323399573674E-17,
1.));
#8843=DIRECTION('ref_axis',(1.,3.1103252049803E-16,-3.10551433816244E-15));
#8844=DIRECTION('',(-3.1103252049803E-16,1.,6.12323399573684E-17));
#8845=DIRECTION('',(1.,3.1103252049803E-16,-3.10551433816244E-15));
#8846=DIRECTION('',(-3.1103252049803E-16,1.,6.12323399573684E-17));
#8847=DIRECTION('center_axis',(-1.,-3.1103252049803E-16,3.10551433816244E-15));
#8848=DIRECTION('ref_axis',(3.10551433816244E-15,-6.12323399573674E-17,
1.));
#8849=DIRECTION('',(3.10551433816244E-15,-6.12323399573674E-17,1.));
#8850=DIRECTION('',(-3.1103252049803E-16,1.,6.12323399573684E-17));
#8851=DIRECTION('center_axis',(-3.10551433816244E-15,6.12323399573674E-17,
-1.));
#8852=DIRECTION('ref_axis',(-1.,-3.1103252049803E-16,3.10551433816244E-15));
#8853=DIRECTION('',(-1.,-3.1103252049803E-16,3.10551433816244E-15));
#8854=DIRECTION('',(-3.1103252049803E-16,1.,6.12323399573684E-17));
#8855=DIRECTION('center_axis',(0.826860913284773,2.91618097721819E-16,-0.562406463406914));
#8856=DIRECTION('ref_axis',(-0.562406463406914,-1.24296071318122E-16,-0.826860913284773));
#8857=DIRECTION('',(-0.562406463406914,-1.24296071318122E-16,-0.826860913284773));
#8858=DIRECTION('',(-3.1103252049803E-16,1.,6.12323399573684E-17));
#8859=DIRECTION('center_axis',(-0.828500400425499,-2.23401163412809E-16,
-0.559988469965934));
#8860=DIRECTION('ref_axis',(-0.559988469965933,-2.24905643437009E-16,0.828500400425499));
#8861=DIRECTION('',(-0.559988469965934,-2.24905643437009E-16,0.828500400425499));
#8862=DIRECTION('',(-3.1103252049803E-16,1.,6.12323399573684E-17));
#8863=DIRECTION('center_axis',(-3.10551433816244E-15,6.12323399573674E-17,
-1.));
#8864=DIRECTION('ref_axis',(-1.,-3.1103252049803E-16,3.10551433816244E-15));
#8865=DIRECTION('',(-1.,-3.1103252049803E-16,3.10551433816244E-15));
#8866=DIRECTION('',(-3.1103252049803E-16,1.,6.12323399573684E-17));
#8867=DIRECTION('center_axis',(1.,3.1103252049803E-16,-3.10551433816244E-15));
#8868=DIRECTION('ref_axis',(-3.10551433816244E-15,6.12323399573674E-17,
-1.));
#8869=DIRECTION('',(-3.10551433816244E-15,6.12323399573674E-17,-1.));
#8870=DIRECTION('',(-3.1103252049803E-16,1.,6.12323399573684E-17));
#8871=DIRECTION('center_axis',(3.10551433816244E-15,-6.12323399573674E-17,
1.));
#8872=DIRECTION('ref_axis',(1.,3.1103252049803E-16,-3.10551433816244E-15));
#8873=DIRECTION('',(1.,3.1103252049803E-16,-3.10551433816244E-15));
#8874=DIRECTION('',(-3.1103252049803E-16,1.,6.12323399573684E-17));
#8875=DIRECTION('center_axis',(-1.,-3.1103252049803E-16,3.10551433816244E-15));
#8876=DIRECTION('ref_axis',(3.10551433816244E-15,-6.12323399573674E-17,
1.));
#8877=DIRECTION('',(3.10551433816244E-15,-6.12323399573674E-17,1.));
#8878=DIRECTION('',(-3.1103252049803E-16,1.,6.12323399573684E-17));
#8879=DIRECTION('center_axis',(0.826555378132888,2.22620649089233E-16,0.562855404948375));
#8880=DIRECTION('ref_axis',(0.562855404948375,2.25678255184456E-16,-0.826555378132888));
#8881=DIRECTION('',(0.562855404948375,2.25678255184456E-16,-0.826555378132888));
#8882=DIRECTION('',(-3.1103252049803E-16,1.,6.12323399573684E-17));
#8883=DIRECTION('center_axis',(3.10551433816244E-15,-6.12323399573674E-17,
1.));
#8884=DIRECTION('ref_axis',(1.,3.1103252049803E-16,-3.10551433816244E-15));
#8885=DIRECTION('',(1.,3.1103252049803E-16,-3.10551433816244E-15));
#8886=DIRECTION('',(-3.1103252049803E-16,1.,6.12323399573684E-17));
#8887=DIRECTION('center_axis',(-0.82655537813289,-2.91550556094516E-16,
0.562855404948371));
#8888=DIRECTION('ref_axis',(0.562855404948371,1.24454415369607E-16,0.82655537813289));
#8889=DIRECTION('',(0.562855404948371,1.24454415369607E-16,0.82655537813289));
#8890=DIRECTION('',(-3.1103252049803E-16,1.,6.12323399573684E-17));
#8891=DIRECTION('center_axis',(1.,3.1103252049803E-16,-3.10551433816244E-15));
#8892=DIRECTION('ref_axis',(-3.10551433816244E-15,6.12323399573674E-17,
-1.));
#8893=DIRECTION('',(-3.10551433816244E-15,6.12323399573674E-17,-1.));
#8894=DIRECTION('center_axis',(-3.1103252049803E-16,1.,6.12323399573684E-17));
#8895=DIRECTION('ref_axis',(-1.49064448416222E-15,6.12323399573679E-17,
-1.));
#8896=DIRECTION('center_axis',(1.,3.1103252049803E-16,-3.10551433816244E-15));
#8897=DIRECTION('ref_axis',(-3.10551433816244E-15,6.12323399573674E-17,
-1.));
#8898=DIRECTION('',(-3.1103252049803E-16,1.,6.12323399573684E-17));
#8899=DIRECTION('',(-3.10551433816244E-15,6.12323399573674E-17,-1.));
#8900=DIRECTION('',(-3.1103252049803E-16,1.,6.12323399573684E-17));
#8901=DIRECTION('',(-3.1103252049803E-16,1.,6.12323399573684E-17));
#8902=DIRECTION('',(-3.1103252049803E-16,1.,6.12323399573684E-17));
#8903=DIRECTION('center_axis',(0.675254067189397,1.64861906054756E-16,0.737585211852961));
#8904=DIRECTION('ref_axis',(0.737585211852961,2.70760374124436E-16,-0.675254067189397));
#8905=DIRECTION('',(0.737585211852961,2.70760374124436E-16,-0.675254067189397));
#8906=DIRECTION('',(-3.1103252049803E-16,1.,6.12323399573684E-17));
#8907=DIRECTION('',(-3.1103252049803E-16,1.,6.12323399573684E-17));
#8908=DIRECTION('center_axis',(-1.,-3.1103252049803E-16,3.10551433816244E-15));
#8909=DIRECTION('ref_axis',(3.10551433816244E-15,-6.12323399573674E-17,
1.));
#8910=DIRECTION('',(3.10551433816244E-15,-6.12323399573674E-17,1.));
#8911=DIRECTION('',(-3.1103252049803E-16,1.,6.12323399573684E-17));
#8912=DIRECTION('center_axis',(3.10551433816244E-15,-6.12323399573674E-17,
1.));
#8913=DIRECTION('ref_axis',(1.,3.1103252049803E-16,-3.10551433816244E-15));
#8914=DIRECTION('',(1.,3.1103252049803E-16,-3.10551433816244E-15));
#8915=DIRECTION('',(-3.1103252049803E-16,1.,6.12323399573684E-17));
#8916=DIRECTION('center_axis',(-1.,-3.1103252049803E-16,3.10551433816244E-15));
#8917=DIRECTION('ref_axis',(3.10551433816244E-15,-6.12323399573674E-17,
1.));
#8918=DIRECTION('',(3.10551433816244E-15,-6.12323399573674E-17,1.));
#8919=DIRECTION('',(-3.1103252049803E-16,1.,6.12323399573684E-17));
#8920=DIRECTION('center_axis',(-3.10551433816244E-15,6.12323399573674E-17,
-1.));
#8921=DIRECTION('ref_axis',(-1.,-3.1103252049803E-16,3.10551433816244E-15));
#8922=DIRECTION('',(-1.,-3.1103252049803E-16,3.10551433816244E-15));
#8923=DIRECTION('center_axis',(-3.1103252049803E-16,1.,6.12323399573684E-17));
#8924=DIRECTION('ref_axis',(-1.49064448416222E-15,6.12323399573679E-17,
-1.));
#8925=DIRECTION('center_axis',(3.10551433816244E-15,-6.12323399573674E-17,
1.));
#8926=DIRECTION('ref_axis',(1.,3.1103252049803E-16,-3.10551433816244E-15));
#8927=DIRECTION('',(-3.1103252049803E-16,1.,6.12323399573684E-17));
#8928=DIRECTION('',(1.,3.1103252049803E-16,-3.10551433816244E-15));
#8929=DIRECTION('',(-3.1103252049803E-16,1.,6.12323399573684E-17));
#8930=DIRECTION('center_axis',(-1.,-3.1103252049803E-16,3.10551433816244E-15));
#8931=DIRECTION('ref_axis',(3.10551433816244E-15,-6.12323399573674E-17,
1.));
#8932=DIRECTION('',(3.10551433816244E-15,-6.12323399573674E-17,1.));
#8933=DIRECTION('',(-3.1103252049803E-16,1.,6.12323399573684E-17));
#8934=DIRECTION('center_axis',(-3.10551433816244E-15,6.12323399573674E-17,
-1.));
#8935=DIRECTION('ref_axis',(-1.,-3.1103252049803E-16,3.10551433816244E-15));
#8936=DIRECTION('',(-1.,-3.1103252049803E-16,3.10551433816244E-15));
#8937=DIRECTION('',(-3.1103252049803E-16,1.,6.12323399573684E-17));
#8938=DIRECTION('center_axis',(1.,3.1103252049803E-16,-3.10551433816244E-15));
#8939=DIRECTION('ref_axis',(-3.10551433816244E-15,6.12323399573674E-17,
-1.));
#8940=DIRECTION('',(-3.10551433816244E-15,6.12323399573674E-17,-1.));
#8941=DIRECTION('',(-3.1103252049803E-16,1.,6.12323399573684E-17));
#8942=DIRECTION('center_axis',(-3.10551433816244E-15,6.12323399573674E-17,
-1.));
#8943=DIRECTION('ref_axis',(-1.,-3.1103252049803E-16,3.10551433816244E-15));
#8944=DIRECTION('',(-1.,-3.1103252049803E-16,3.10551433816244E-15));
#8945=DIRECTION('',(-3.1103252049803E-16,1.,6.12323399573684E-17));
#8946=DIRECTION('center_axis',(-1.,-3.1103252049803E-16,3.10551433816244E-15));
#8947=DIRECTION('ref_axis',(3.10551433816244E-15,-6.12323399573674E-17,
1.));
#8948=DIRECTION('',(3.10551433816244E-15,-6.12323399573674E-17,1.));
#8949=DIRECTION('',(-3.1103252049803E-16,1.,6.12323399573684E-17));
#8950=DIRECTION('center_axis',(-3.10551433816244E-15,6.12323399573674E-17,
-1.));
#8951=DIRECTION('ref_axis',(-1.,-3.1103252049803E-16,3.10551433816244E-15));
#8952=DIRECTION('',(-1.,-3.1103252049803E-16,3.10551433816244E-15));
#8953=DIRECTION('',(-3.1103252049803E-16,1.,6.12323399573684E-17));
#8954=DIRECTION('center_axis',(1.,3.1103252049803E-16,-3.10551433816244E-15));
#8955=DIRECTION('ref_axis',(-3.10551433816244E-15,6.12323399573674E-17,
-1.));
#8956=DIRECTION('',(-3.10551433816244E-15,6.12323399573674E-17,-1.));
#8957=DIRECTION('',(-3.1103252049803E-16,1.,6.12323399573684E-17));
#8958=DIRECTION('center_axis',(3.10551433816244E-15,-6.12323399573674E-17,
1.));
#8959=DIRECTION('ref_axis',(1.,3.1103252049803E-16,-3.10551433816244E-15));
#8960=DIRECTION('',(1.,3.1103252049803E-16,-3.10551433816244E-15));
#8961=DIRECTION('',(-3.1103252049803E-16,1.,6.12323399573684E-17));
#8962=DIRECTION('center_axis',(-1.,-3.1103252049803E-16,3.10551433816244E-15));
#8963=DIRECTION('ref_axis',(3.10551433816244E-15,-6.12323399573674E-17,
1.));
#8964=DIRECTION('',(3.10551433816244E-15,-6.12323399573674E-17,1.));
#8965=DIRECTION('',(-3.1103252049803E-16,1.,6.12323399573684E-17));
#8966=DIRECTION('center_axis',(3.10551433816244E-15,-6.12323399573674E-17,
1.));
#8967=DIRECTION('ref_axis',(1.,3.1103252049803E-16,-3.10551433816244E-15));
#8968=DIRECTION('',(1.,3.1103252049803E-16,-3.10551433816244E-15));
#8969=DIRECTION('',(-3.1103252049803E-16,1.,6.12323399573684E-17));
#8970=DIRECTION('center_axis',(1.,3.1103252049803E-16,-3.10551433816244E-15));
#8971=DIRECTION('ref_axis',(-3.10551433816244E-15,6.12323399573674E-17,
-1.));
#8972=DIRECTION('',(-3.10551433816244E-15,6.12323399573674E-17,-1.));
#8973=DIRECTION('center_axis',(-3.1103252049803E-16,1.,6.12323399573684E-17));
#8974=DIRECTION('ref_axis',(-1.49064448416222E-15,6.12323399573679E-17,
-1.));
#8975=DIRECTION('center_axis',(3.10551433816244E-15,-6.12323399573674E-17,
1.));
#8976=DIRECTION('ref_axis',(1.,3.1103252049803E-16,-3.10551433816244E-15));
#8977=DIRECTION('',(-3.1103252049803E-16,1.,6.12323399573684E-17));
#8978=DIRECTION('',(1.,3.1103252049803E-16,-3.10551433816244E-15));
#8979=DIRECTION('',(-3.1103252049803E-16,1.,6.12323399573684E-17));
#8980=DIRECTION('center_axis',(-1.,-3.1103252049803E-16,3.10551433816244E-15));
#8981=DIRECTION('ref_axis',(3.10551433816244E-15,-6.12323399573674E-17,
1.));
#8982=DIRECTION('',(3.10551433816244E-15,-6.12323399573674E-17,1.));
#8983=DIRECTION('',(-3.1103252049803E-16,1.,6.12323399573684E-17));
#8984=DIRECTION('center_axis',(-3.10551433816244E-15,6.12323399573674E-17,
-1.));
#8985=DIRECTION('ref_axis',(-1.,-3.1103252049803E-16,3.10551433816244E-15));
#8986=DIRECTION('',(-1.,-3.1103252049803E-16,3.10551433816244E-15));
#8987=DIRECTION('',(-3.1103252049803E-16,1.,6.12323399573684E-17));
#8988=DIRECTION('center_axis',(1.,3.1103252049803E-16,-3.10551433816244E-15));
#8989=DIRECTION('ref_axis',(-3.10551433816244E-15,6.12323399573674E-17,
-1.));
#8990=DIRECTION('',(-3.10551433816244E-15,6.12323399573674E-17,-1.));
#8991=DIRECTION('',(-3.1103252049803E-16,1.,6.12323399573684E-17));
#8992=DIRECTION('center_axis',(3.10551433816244E-15,-6.12323399573674E-17,
1.));
#8993=DIRECTION('ref_axis',(1.,3.1103252049803E-16,-3.10551433816244E-15));
#8994=DIRECTION('',(1.,3.1103252049803E-16,-3.10551433816244E-15));
#8995=DIRECTION('',(-3.1103252049803E-16,1.,6.12323399573684E-17));
#8996=DIRECTION('center_axis',(1.,3.1103252049803E-16,-3.10551433816244E-15));
#8997=DIRECTION('ref_axis',(-3.10551433816244E-15,6.12323399573674E-17,
-1.));
#8998=DIRECTION('',(-3.10551433816244E-15,6.12323399573674E-17,-1.));
#8999=DIRECTION('',(-3.1103252049803E-16,1.,6.12323399573684E-17));
#9000=DIRECTION('center_axis',(-3.10551433816244E-15,6.12323399573674E-17,
-1.));
#9001=DIRECTION('ref_axis',(-1.,-3.1103252049803E-16,3.10551433816244E-15));
#9002=DIRECTION('',(-1.,-3.1103252049803E-16,3.10551433816244E-15));
#9003=DIRECTION('',(-3.1103252049803E-16,1.,6.12323399573684E-17));
#9004=DIRECTION('center_axis',(1.,3.1103252049803E-16,-3.10551433816244E-15));
#9005=DIRECTION('ref_axis',(-3.10551433816244E-15,6.12323399573674E-17,
-1.));
#9006=DIRECTION('',(-3.10551433816244E-15,6.12323399573674E-17,-1.));
#9007=DIRECTION('',(-3.1103252049803E-16,1.,6.12323399573684E-17));
#9008=DIRECTION('center_axis',(3.10551433816244E-15,-6.12323399573674E-17,
1.));
#9009=DIRECTION('ref_axis',(1.,3.1103252049803E-16,-3.10551433816244E-15));
#9010=DIRECTION('',(1.,3.1103252049803E-16,-3.10551433816244E-15));
#9011=DIRECTION('',(-3.1103252049803E-16,1.,6.12323399573684E-17));
#9012=DIRECTION('center_axis',(1.,3.1103252049803E-16,-3.10551433816244E-15));
#9013=DIRECTION('ref_axis',(-3.10551433816244E-15,6.12323399573674E-17,
-1.));
#9014=DIRECTION('',(-3.10551433816244E-15,6.12323399573674E-17,-1.));
#9015=DIRECTION('',(-3.1103252049803E-16,1.,6.12323399573684E-17));
#9016=DIRECTION('center_axis',(-3.10551433816244E-15,6.12323399573674E-17,
-1.));
#9017=DIRECTION('ref_axis',(-1.,-3.1103252049803E-16,3.10551433816244E-15));
#9018=DIRECTION('',(-1.,-3.1103252049803E-16,3.10551433816244E-15));
#9019=DIRECTION('',(-3.1103252049803E-16,1.,6.12323399573684E-17));
#9020=DIRECTION('center_axis',(1.,3.1103252049803E-16,-3.10551433816244E-15));
#9021=DIRECTION('ref_axis',(-3.10551433816244E-15,6.12323399573674E-17,
-1.));
#9022=DIRECTION('',(-3.10551433816244E-15,6.12323399573674E-17,-1.));
#9023=DIRECTION('center_axis',(-3.1103252049803E-16,1.,6.12323399573684E-17));
#9024=DIRECTION('ref_axis',(-1.49064448416222E-15,6.12323399573679E-17,
-1.));
#9025=DIRECTION('center_axis',(-1.,-3.1103252049803E-16,3.37154131439485E-15));
#9026=DIRECTION('ref_axis',(3.37154131439485E-15,-6.12323399573674E-17,
1.));
#9027=DIRECTION('',(-3.1103252049803E-16,1.,6.12323399573684E-17));
#9028=DIRECTION('',(3.37154131439485E-15,-6.12323399573674E-17,1.));
#9029=DIRECTION('',(-3.1103252049803E-16,1.,6.12323399573684E-17));
#9030=DIRECTION('center_axis',(-3.10551433816244E-15,6.12323399573674E-17,
-1.));
#9031=DIRECTION('ref_axis',(-1.,-3.1103252049803E-16,3.10551433816244E-15));
#9032=DIRECTION('',(-1.,-3.1103252049803E-16,3.10551433816244E-15));
#9033=DIRECTION('',(-3.1103252049803E-16,1.,6.12323399573684E-17));
#9034=DIRECTION('center_axis',(1.,3.1103252049803E-16,-3.50455480251106E-15));
#9035=DIRECTION('ref_axis',(-3.50455480251106E-15,6.12323399573673E-17,
-1.));
#9036=DIRECTION('',(-3.50455480251106E-15,6.12323399573673E-17,-1.));
#9037=DIRECTION('',(-3.1103252049803E-16,1.,6.12323399573684E-17));
#9038=DIRECTION('center_axis',(3.10551433816244E-15,-6.12323399573674E-17,
1.));
#9039=DIRECTION('ref_axis',(1.,3.1103252049803E-16,-3.10551433816244E-15));
#9040=DIRECTION('',(1.,3.1103252049803E-16,-3.10551433816244E-15));
#9041=DIRECTION('center_axis',(-3.1103252049803E-16,1.,6.12323399573684E-17));
#9042=DIRECTION('ref_axis',(-1.49064448416222E-15,6.12323399573679E-17,
-1.));
#9043=DIRECTION('center_axis',(-1.,-3.1103252049803E-16,3.10551433816244E-15));
#9044=DIRECTION('ref_axis',(3.10551433816244E-15,-6.12323399573674E-17,
1.));
#9045=DIRECTION('',(-3.1103252049803E-16,1.,6.12323399573684E-17));
#9046=DIRECTION('',(3.10551433816244E-15,-6.12323399573674E-17,1.));
#9047=DIRECTION('',(-3.1103252049803E-16,1.,6.12323399573684E-17));
#9048=DIRECTION('center_axis',(-3.10551433816244E-15,6.12323399573674E-17,
-1.));
#9049=DIRECTION('ref_axis',(-1.,-3.1103252049803E-16,3.10551433816244E-15));
#9050=DIRECTION('',(-1.,-3.1103252049803E-16,3.10551433816244E-15));
#9051=DIRECTION('',(-3.1103252049803E-16,1.,6.12323399573684E-17));
#9052=DIRECTION('center_axis',(1.,3.1103252049803E-16,-3.10551433816244E-15));
#9053=DIRECTION('ref_axis',(-3.10551433816244E-15,6.12323399573674E-17,
-1.));
#9054=DIRECTION('',(-3.10551433816244E-15,6.12323399573674E-17,-1.));
#9055=DIRECTION('',(-3.1103252049803E-16,1.,6.12323399573684E-17));
#9056=DIRECTION('center_axis',(3.10551433816244E-15,-6.12323399573674E-17,
1.));
#9057=DIRECTION('ref_axis',(1.,3.1103252049803E-16,-3.10551433816244E-15));
#9058=DIRECTION('',(1.,3.1103252049803E-16,-3.10551433816244E-15));
#9059=DIRECTION('center_axis',(-3.1103252049803E-16,1.,6.12323399573684E-17));
#9060=DIRECTION('ref_axis',(-1.49064448416222E-15,6.12323399573679E-17,
-1.));
#9061=DIRECTION('center_axis',(-1.,-3.1103252049803E-16,3.10551433816244E-15));
#9062=DIRECTION('ref_axis',(3.10551433816244E-15,-6.12323399573674E-17,
1.));
#9063=DIRECTION('',(-3.1103252049803E-16,1.,6.12323399573684E-17));
#9064=DIRECTION('',(3.10551433816244E-15,-6.12323399573674E-17,1.));
#9065=DIRECTION('',(-3.1103252049803E-16,1.,6.12323399573684E-17));
#9066=DIRECTION('center_axis',(3.10551433816244E-15,-6.12323399573674E-17,
1.));
#9067=DIRECTION('ref_axis',(1.,3.1103252049803E-16,-3.10551433816244E-15));
#9068=DIRECTION('',(1.,3.1103252049803E-16,-3.10551433816244E-15));
#9069=DIRECTION('',(-3.1103252049803E-16,1.,6.12323399573684E-17));
#9070=DIRECTION('center_axis',(-1.,-3.1103252049803E-16,3.10551433816244E-15));
#9071=DIRECTION('ref_axis',(3.10551433816244E-15,-6.12323399573674E-17,
1.));
#9072=DIRECTION('',(3.10551433816244E-15,-6.12323399573674E-17,1.));
#9073=DIRECTION('',(-3.1103252049803E-16,1.,6.12323399573684E-17));
#9074=DIRECTION('center_axis',(-3.10551433816244E-15,6.12323399573674E-17,
-1.));
#9075=DIRECTION('ref_axis',(-1.,-3.1103252049803E-16,3.10551433816244E-15));
#9076=DIRECTION('',(-1.,-3.1103252049803E-16,3.10551433816244E-15));
#9077=DIRECTION('',(-3.1103252049803E-16,1.,6.12323399573684E-17));
#9078=DIRECTION('center_axis',(1.,3.1103252049803E-16,-3.10551433816244E-15));
#9079=DIRECTION('ref_axis',(-3.10551433816244E-15,6.12323399573674E-17,
-1.));
#9080=DIRECTION('',(-3.10551433816244E-15,6.12323399573674E-17,-1.));
#9081=DIRECTION('',(-3.1103252049803E-16,1.,6.12323399573684E-17));
#9082=DIRECTION('center_axis',(3.10551433816244E-15,-6.12323399573674E-17,
1.));
#9083=DIRECTION('ref_axis',(1.,3.1103252049803E-16,-3.10551433816244E-15));
#9084=DIRECTION('',(1.,3.1103252049803E-16,-3.10551433816244E-15));
#9085=DIRECTION('',(-3.1103252049803E-16,1.,6.12323399573684E-17));
#9086=DIRECTION('center_axis',(1.,3.1103252049803E-16,-3.10551433816244E-15));
#9087=DIRECTION('ref_axis',(-3.10551433816244E-15,6.12323399573674E-17,
-1.));
#9088=DIRECTION('',(-3.10551433816244E-15,6.12323399573674E-17,-1.));
#9089=DIRECTION('',(-3.1103252049803E-16,1.,6.12323399573684E-17));
#9090=DIRECTION('center_axis',(3.10551433816244E-15,-6.12323399573674E-17,
1.));
#9091=DIRECTION('ref_axis',(1.,3.1103252049803E-16,-3.10551433816244E-15));
#9092=DIRECTION('',(1.,3.1103252049803E-16,-3.10551433816244E-15));
#9093=DIRECTION('center_axis',(-3.1103252049803E-16,1.,6.12323399573684E-17));
#9094=DIRECTION('ref_axis',(-1.49064448416222E-15,6.12323399573679E-17,
-1.));
#9095=DIRECTION('center_axis',(3.10551433816244E-15,-6.12323399573674E-17,
1.));
#9096=DIRECTION('ref_axis',(1.,3.1103252049803E-16,-3.10551433816244E-15));
#9097=DIRECTION('',(-3.1103252049803E-16,1.,6.12323399573684E-17));
#9098=DIRECTION('',(1.,3.1103252049803E-16,-3.10551433816244E-15));
#9099=DIRECTION('',(-3.1103252049803E-16,1.,6.12323399573684E-17));
#9100=DIRECTION('center_axis',(-1.,-3.1103252049803E-16,3.10551433816244E-15));
#9101=DIRECTION('ref_axis',(3.10551433816244E-15,-6.12323399573674E-17,
1.));
#9102=DIRECTION('',(3.10551433816244E-15,-6.12323399573674E-17,1.));
#9103=DIRECTION('',(-3.1103252049803E-16,1.,6.12323399573684E-17));
#9104=DIRECTION('center_axis',(-3.10551433816244E-15,6.12323399573674E-17,
-1.));
#9105=DIRECTION('ref_axis',(-1.,-3.1103252049803E-16,3.10551433816244E-15));
#9106=DIRECTION('',(-1.,-3.1103252049803E-16,3.10551433816244E-15));
#9107=DIRECTION('',(-3.1103252049803E-16,1.,6.12323399573684E-17));
#9108=DIRECTION('center_axis',(1.,3.1103252049803E-16,-3.10551433816244E-15));
#9109=DIRECTION('ref_axis',(-3.10551433816244E-15,6.12323399573674E-17,
-1.));
#9110=DIRECTION('',(-3.10551433816244E-15,6.12323399573674E-17,-1.));
#9111=DIRECTION('',(-3.1103252049803E-16,1.,6.12323399573684E-17));
#9112=DIRECTION('center_axis',(-3.10551433816244E-15,6.12323399573674E-17,
-1.));
#9113=DIRECTION('ref_axis',(-1.,-3.1103252049803E-16,3.10551433816244E-15));
#9114=DIRECTION('',(-1.,-3.1103252049803E-16,3.10551433816244E-15));
#9115=DIRECTION('',(-3.1103252049803E-16,1.,6.12323399573684E-17));
#9116=DIRECTION('center_axis',(1.,3.1103252049803E-16,-3.10551433816244E-15));
#9117=DIRECTION('ref_axis',(-3.10551433816244E-15,6.12323399573674E-17,
-1.));
#9118=DIRECTION('',(-3.10551433816244E-15,6.12323399573674E-17,-1.));
#9119=DIRECTION('center_axis',(-3.1103252049803E-16,1.,6.12323399573684E-17));
#9120=DIRECTION('ref_axis',(-1.49064448416222E-15,6.12323399573679E-17,
-1.));
#9121=DIRECTION('center_axis',(3.10551433816244E-15,-6.12323399573674E-17,
1.));
#9122=DIRECTION('ref_axis',(1.,3.1103252049803E-16,-3.10551433816244E-15));
#9123=DIRECTION('',(-3.1103252049803E-16,1.,6.12323399573684E-17));
#9124=DIRECTION('',(1.,3.1103252049803E-16,-3.10551433816244E-15));
#9125=DIRECTION('',(-3.1103252049803E-16,1.,6.12323399573684E-17));
#9126=DIRECTION('center_axis',(-1.,-3.1103252049803E-16,3.37154131439485E-15));
#9127=DIRECTION('ref_axis',(3.37154131439485E-15,-6.12323399573674E-17,
1.));
#9128=DIRECTION('',(3.37154131439485E-15,-6.12323399573674E-17,1.));
#9129=DIRECTION('',(-3.1103252049803E-16,1.,6.12323399573684E-17));
#9130=DIRECTION('center_axis',(-3.10551433816244E-15,6.12323399573674E-17,
-1.));
#9131=DIRECTION('ref_axis',(-1.,-3.1103252049803E-16,3.10551433816244E-15));
#9132=DIRECTION('',(-1.,-3.1103252049803E-16,3.10551433816244E-15));
#9133=DIRECTION('',(-3.1103252049803E-16,1.,6.12323399573684E-17));
#9134=DIRECTION('center_axis',(1.,3.1103252049803E-16,-3.4117354213957E-15));
#9135=DIRECTION('ref_axis',(-3.4117354213957E-15,6.12323399573673E-17,-1.));
#9136=DIRECTION('',(-3.4117354213957E-15,6.12323399573673E-17,-1.));
#9137=DIRECTION('',(-3.1103252049803E-16,1.,6.12323399573684E-17));
#9138=DIRECTION('center_axis',(-3.10551433816244E-15,6.12323399573674E-17,
-1.));
#9139=DIRECTION('ref_axis',(-1.,-3.1103252049803E-16,3.10551433816244E-15));
#9140=DIRECTION('',(-1.,-3.1103252049803E-16,3.10551433816244E-15));
#9141=DIRECTION('',(-3.1103252049803E-16,1.,6.12323399573684E-17));
#9142=DIRECTION('center_axis',(1.,3.1103252049803E-16,-3.10551433816244E-15));
#9143=DIRECTION('ref_axis',(-3.10551433816244E-15,6.12323399573674E-17,
-1.));
#9144=DIRECTION('',(-3.10551433816244E-15,6.12323399573674E-17,-1.));
#9145=DIRECTION('center_axis',(-3.1103252049803E-16,1.,6.12323399573684E-17));
#9146=DIRECTION('ref_axis',(-1.49064448416222E-15,6.12323399573679E-17,
-1.));
#9147=DIRECTION('center_axis',(-3.06665538197702E-15,0.40613846605344,-0.91381154862026));
#9148=DIRECTION('ref_axis',(1.,3.1103252049803E-16,-3.21765807802357E-15));
#9149=DIRECTION('',(-4.23286866925923E-16,-0.91381154862026,-0.40613846605344));
#9150=DIRECTION('center_axis',(-3.06665538197702E-15,0.406138466053439,
-0.913811548620261));
#9151=DIRECTION('ref_axis',(1.,3.1103252049803E-16,-3.21765807802357E-15));
#9152=DIRECTION('',(-4.2328686692592E-16,-0.913811548620261,-0.406138466053439));
#9153=DIRECTION('center_axis',(1.,3.1103252049803E-16,-1.7420462115509E-15));
#9154=DIRECTION('ref_axis',(-3.1103252049803E-16,1.,6.12323399573684E-17));
#9155=DIRECTION('',(1.76368576522489E-15,-6.12323399573678E-17,1.));
#9156=DIRECTION('center_axis',(-3.06665538197702E-15,0.406138466053437,
-0.913811548620262));
#9157=DIRECTION('ref_axis',(1.,3.1103252049803E-16,-3.21765807802357E-15));
#9158=DIRECTION('',(-4.23286866925917E-16,-0.913811548620262,-0.406138466053437));
#9159=DIRECTION('center_axis',(1.,3.1103252049803E-16,-1.7420462115509E-15));
#9160=DIRECTION('ref_axis',(-3.1103252049803E-16,1.,6.12323399573684E-17));
#9161=DIRECTION('',(1.76368576522489E-15,-6.12323399573678E-17,1.));
#9162=DIRECTION('center_axis',(-3.06665538197702E-15,0.406138466053434,
-0.913811548620263));
#9163=DIRECTION('ref_axis',(1.,3.1103252049803E-16,-3.21765807802357E-15));
#9164=DIRECTION('',(-4.23286866925911E-16,-0.913811548620263,-0.406138466053434));
#9165=DIRECTION('center_axis',(1.,3.1103252049803E-16,-1.7420462115509E-15));
#9166=DIRECTION('ref_axis',(-3.1103252049803E-16,1.,6.12323399573684E-17));
#9167=DIRECTION('',(1.76368576522489E-15,-6.12323399573678E-17,1.));
#9168=DIRECTION('center_axis',(-3.06665538197702E-15,0.406138466053433,
-0.913811548620264));
#9169=DIRECTION('ref_axis',(1.,3.1103252049803E-16,-3.21765807802357E-15));
#9170=DIRECTION('',(1.19996852738863E-15,-0.913811548620264,-0.406138466053433));
#9171=DIRECTION('center_axis',(1.,2.08738935989828E-15,-1.7420462115509E-15));
#9172=DIRECTION('ref_axis',(-2.08738935989828E-15,1.,6.12323399573715E-17));
#9173=DIRECTION('',(1.76368576522489E-15,-6.12323399573678E-17,1.));
#9174=DIRECTION('center_axis',(-3.06665538197701E-15,0.406138466053449,
-0.913811548620256));
#9175=DIRECTION('ref_axis',(1.,3.1103252049803E-16,-3.21765807802357E-15));
#9176=DIRECTION('center_axis',(-3.06665538197701E-15,0.406138466053449,
-0.913811548620256));
#9177=DIRECTION('ref_axis',(1.,3.1103252049803E-16,-3.21765807802357E-15));
#9178=DIRECTION('',(-6.7111788215572E-16,-0.913811548620256,-0.406138466053449));
#9179=DIRECTION('center_axis',(1.,3.1103252049803E-16,-2.35225931851912E-15));
#9180=DIRECTION('ref_axis',(3.1103252049803E-16,-1.,-6.12323399573684E-17));
#9181=DIRECTION('',(2.35225931851912E-15,-6.12323399573677E-17,1.));
#9182=DIRECTION('center_axis',(-3.06665538197701E-15,0.406138466053448,
-0.913811548620257));
#9183=DIRECTION('ref_axis',(1.,3.1103252049803E-16,-3.21765807802357E-15));
#9184=DIRECTION('',(-6.71117882155716E-16,-0.913811548620257,-0.406138466053448));
#9185=DIRECTION('center_axis',(1.,3.1103252049803E-16,-2.35225931851912E-15));
#9186=DIRECTION('ref_axis',(3.1103252049803E-16,-1.,-6.12323399573684E-17));
#9187=DIRECTION('',(2.35225931851912E-15,-6.12323399573677E-17,1.));
#9188=DIRECTION('center_axis',(-3.06665538197701E-15,0.406138466053448,
-0.913811548620257));
#9189=DIRECTION('ref_axis',(1.,3.1103252049803E-16,-3.21765807802357E-15));
#9190=DIRECTION('',(6.71117882155716E-16,0.913811548620257,0.406138466053448));
#9191=DIRECTION('',(-6.71117882155716E-16,-0.913811548620257,-0.406138466053448));
#9192=DIRECTION('center_axis',(1.,3.1103252049803E-16,-2.35225931851912E-15));
#9193=DIRECTION('ref_axis',(3.1103252049803E-16,-1.,-6.12323399573684E-17));
#9194=DIRECTION('',(2.35225931851912E-15,-6.12323399573677E-17,1.));
#9195=DIRECTION('center_axis',(-3.06665538197702E-15,0.406138466053433,
-0.913811548620264));
#9196=DIRECTION('ref_axis',(1.,3.1103252049803E-16,-3.21765807802357E-15));
#9197=DIRECTION('',(1.11092223502982E-15,-0.913811548620264,-0.406138466053433));
#9198=DIRECTION('center_axis',(-1.,-3.11032520498029E-16,-2.03550560929506E-15));
#9199=DIRECTION('ref_axis',(-3.1103252049803E-16,1.,6.12323399573684E-17));
#9200=DIRECTION('center_axis',(-3.06665538197703E-15,0.406138466053431,
-0.913811548620264));
#9201=DIRECTION('ref_axis',(1.,3.1103252049803E-16,-3.21765807802357E-15));
#9202=DIRECTION('',(1.11092223502982E-15,-0.913811548620264,-0.406138466053431));
#9203=DIRECTION('center_axis',(-1.,-3.11032520498029E-16,-2.03550560929506E-15));
#9204=DIRECTION('ref_axis',(-3.1103252049803E-16,1.,6.12323399573684E-17));
#9205=DIRECTION('',(-2.03550560929506E-15,-6.1232339957369E-17,1.));
#9206=DIRECTION('center_axis',(-3.06665538197703E-15,0.406138466053428,
-0.913811548620266));
#9207=DIRECTION('ref_axis',(1.,3.1103252049803E-16,-3.21765807802357E-15));
#9208=DIRECTION('',(1.11092223502981E-15,-0.913811548620266,-0.406138466053428));
#9209=DIRECTION('',(-1.11092223502981E-15,0.913811548620266,0.406138466053428));
#9210=DIRECTION('center_axis',(-1.,-3.11032520498029E-16,-2.03550560929506E-15));
#9211=DIRECTION('ref_axis',(-3.1103252049803E-16,1.,6.12323399573684E-17));
#9212=DIRECTION('',(-2.03550560929506E-15,-6.1232339957369E-17,1.));
#9213=DIRECTION('center_axis',(-1.,-3.11032520498029E-16,-2.03550560929506E-15));
#9214=DIRECTION('ref_axis',(-3.1103252049803E-16,1.,6.12323399573684E-17));
#9215=DIRECTION('center_axis',(1.,3.11032520498029E-16,2.03550560929506E-15));
#9216=DIRECTION('ref_axis',(3.1103252049803E-16,-1.,-6.12323399573684E-17));
#9217=DIRECTION('center_axis',(-1.,-3.11032520498029E-16,-2.03550560929506E-15));
#9218=DIRECTION('ref_axis',(-3.1103252049803E-16,1.,6.12323399573684E-17));
#9219=DIRECTION('center_axis',(1.,3.11032520498029E-16,2.03550560929506E-15));
#9220=DIRECTION('ref_axis',(3.1103252049803E-16,-1.,-6.12323399573684E-17));
#9221=DIRECTION('center_axis',(-1.,-3.11032520498029E-16,-2.03550560929506E-15));
#9222=DIRECTION('ref_axis',(-3.1103252049803E-16,1.,6.12323399573684E-17));
#9223=DIRECTION('center_axis',(1.,3.11032520498029E-16,2.03550560929506E-15));
#9224=DIRECTION('ref_axis',(3.1103252049803E-16,-1.,-6.12323399573684E-17));
#9225=DIRECTION('center_axis',(1.,3.1103252049803E-16,-1.49064448416222E-15));
#9226=DIRECTION('ref_axis',(3.1103252049803E-16,-1.,-6.12323399573684E-17));
#9227=DIRECTION('center_axis',(-1.,-3.1103252049803E-16,1.49064448416222E-15));
#9228=DIRECTION('ref_axis',(-3.1103252049803E-16,1.,6.12323399573684E-17));
#9229=DIRECTION('center_axis',(1.,3.1103252049803E-16,-1.49064448416222E-15));
#9230=DIRECTION('ref_axis',(3.1103252049803E-16,-1.,-6.12323399573684E-17));
#9231=DIRECTION('center_axis',(1.,3.1103252049803E-16,-1.49064448416222E-15));
#9232=DIRECTION('ref_axis',(3.1103252049803E-16,-1.,-6.12323399573684E-17));
#9233=DIRECTION('center_axis',(1.,3.1103252049803E-16,-1.49064448416222E-15));
#9234=DIRECTION('ref_axis',(3.1103252049803E-16,-1.,-6.12323399573684E-17));
#9235=DIRECTION('center_axis',(-3.1103252049803E-16,1.,6.12323399573684E-17));
#9236=DIRECTION('ref_axis',(-1.49064448416222E-15,6.12323399573679E-17,
-1.));
#9237=DIRECTION('center_axis',(-3.1103252049803E-16,1.,6.12323399573684E-17));
#9238=DIRECTION('ref_axis',(-1.49064448416222E-15,6.12323399573679E-17,
-1.));
#9239=DIRECTION('center_axis',(-3.1103252049803E-16,1.,6.12323399573684E-17));
#9240=DIRECTION('ref_axis',(-1.49064448416222E-15,6.12323399573679E-17,
-1.));
#9241=DIRECTION('center_axis',(3.1103252049803E-16,-1.,-6.12323399573684E-17));
#9242=DIRECTION('ref_axis',(-1.,-3.1103252049803E-16,1.49064448416222E-15));
#9243=DIRECTION('center_axis',(3.1103252049803E-16,-1.,-6.12323399573684E-17));
#9244=DIRECTION('ref_axis',(-1.,-3.1103252049803E-16,1.49064448416222E-15));
#9245=DIRECTION('center_axis',(-3.1103252049803E-16,1.,6.12323399573684E-17));
#9246=DIRECTION('ref_axis',(-1.49064448416222E-15,6.12323399573679E-17,
-1.));
#9247=DIRECTION('center_axis',(-3.1103252049803E-16,1.,6.12323399573684E-17));
#9248=DIRECTION('ref_axis',(-1.49064448416222E-15,6.12323399573679E-17,
-1.));
#9249=DIRECTION('center_axis',(-3.1103252049803E-16,1.,6.12323399573684E-17));
#9250=DIRECTION('ref_axis',(-1.49064448416222E-15,6.12323399573679E-17,
-1.));
#9251=DIRECTION('center_axis',(-1.,-3.1103252049803E-16,2.35225931851912E-15));
#9252=DIRECTION('ref_axis',(-3.1103252049803E-16,1.,6.12323399573684E-17));
#9253=DIRECTION('center_axis',(-3.1103252049803E-16,1.,6.12323399573684E-17));
#9254=DIRECTION('ref_axis',(-1.49064448416222E-15,6.12323399573679E-17,
-1.));
#9255=DIRECTION('center_axis',(-3.1103252049803E-16,1.,6.12323399573684E-17));
#9256=DIRECTION('ref_axis',(-1.49064448416222E-15,6.12323399573679E-17,
-1.));
#9257=DIRECTION('center_axis',(-3.1103252049803E-16,1.,6.12323399573684E-17));
#9258=DIRECTION('ref_axis',(-1.49064448416222E-15,6.12323399573679E-17,
-1.));
#9259=DIRECTION('center_axis',(3.1103252049803E-16,-1.,-6.12323399573684E-17));
#9260=DIRECTION('ref_axis',(-1.,-3.1103252049803E-16,1.49064448416222E-15));
#9261=DIRECTION('',(-0.173648177666931,0.984807753012208,3.40415549844883E-16));
#9262=DIRECTION('center_axis',(-3.1103252049803E-16,1.,6.12323399573684E-17));
#9263=DIRECTION('ref_axis',(-1.49064448416222E-15,6.12323399573679E-17,
-1.));
#9264=DIRECTION('center_axis',(-1.,-3.1103252049803E-16,1.49064448416222E-15));
#9265=DIRECTION('ref_axis',(-3.1103252049803E-16,1.,6.12323399573684E-17));
#9266=DIRECTION('center_axis',(1.,3.1103252049803E-16,-1.49064448416222E-15));
#9267=DIRECTION('ref_axis',(3.1103252049803E-16,-1.,-6.12323399573684E-17));
#9268=DIRECTION('center_axis',(-1.,-3.1103252049803E-16,1.49064448416222E-15));
#9269=DIRECTION('ref_axis',(-3.1103252049803E-16,1.,6.12323399573684E-17));
#9270=DIRECTION('center_axis',(-1.,-3.1103252049803E-16,1.49064448416222E-15));
#9271=DIRECTION('ref_axis',(-3.1103252049803E-16,1.,6.12323399573684E-17));
#9272=DIRECTION('center_axis',(-1.49064448416222E-15,6.12323399573679E-17,
-1.));
#9273=DIRECTION('ref_axis',(-0.707106781186546,0.707106781186549,1.0973426259012E-15));
#9274=DIRECTION('',(1.49064448416222E-15,-6.12323399573679E-17,1.));
#9275=DIRECTION('center_axis',(2.35415128109289E-15,-6.12323399573677E-17,
1.));
#9276=DIRECTION('ref_axis',(-0.707106781186546,0.707106781186549,1.0973426259012E-15));
#9277=DIRECTION('center_axis',(-7.64184775447073E-16,1.,6.12323399573691E-17));
#9278=DIRECTION('ref_axis',(1.,7.64184775447073E-16,-1.49064448416222E-15));
#9279=DIRECTION('',(-1.49064448416222E-15,6.12323399573679E-17,-1.));
#9280=DIRECTION('',(1.,7.64184775447073E-16,-2.35415128109289E-15));
#9281=DIRECTION('center_axis',(-1.49064448416222E-15,6.12323399573679E-17,
-1.));
#9282=DIRECTION('ref_axis',(0.707106781186546,0.707106781186549,-1.01074702027765E-15));
#9283=DIRECTION('center_axis',(2.35415128109289E-15,-6.12323399573677E-17,
1.));
#9284=DIRECTION('ref_axis',(0.707106781186546,0.707106781186549,-1.01074702027765E-15));
#9285=DIRECTION('center_axis',(-1.,-3.1103252049803E-16,2.35628378257595E-15));
#9286=DIRECTION('ref_axis',(2.35628378257595E-15,-6.12323399573677E-17,
1.));
#9287=DIRECTION('',(-3.1103252049803E-16,1.,6.12323399573684E-17));
#9288=DIRECTION('',(2.35628378257595E-15,-6.12323399573677E-17,1.));
#9289=DIRECTION('',(-3.1103252049803E-16,1.,6.12323399573684E-17));
#9290=DIRECTION('center_axis',(2.01467300728687E-15,6.1232339957369E-17,
-1.));
#9291=DIRECTION('ref_axis',(-1.,-3.11032520498029E-16,-2.01467300728687E-15));
#9292=DIRECTION('',(-1.,-3.11032520498029E-16,-2.01467300728687E-15));
#9293=DIRECTION('',(-3.1103252049803E-16,1.,6.12323399573684E-17));
#9294=DIRECTION('center_axis',(1.,3.1103252049803E-16,-1.04499674561709E-15));
#9295=DIRECTION('ref_axis',(-1.04499674561709E-15,6.12323399573681E-17,
-1.));
#9296=DIRECTION('',(-1.04499674561709E-15,6.12323399573681E-17,-1.));
#9297=DIRECTION('',(-3.1103252049803E-16,1.,6.12323399573684E-17));
#9298=DIRECTION('center_axis',(2.35628378257595E-15,-6.12323399573677E-17,
1.));
#9299=DIRECTION('ref_axis',(1.,3.1103252049803E-16,-2.35628378257595E-15));
#9300=DIRECTION('',(1.,3.1103252049803E-16,-2.35628378257595E-15));
#9301=DIRECTION('center_axis',(-3.1103252049803E-16,1.,6.12323399573684E-17));
#9302=DIRECTION('ref_axis',(-1.49064448416222E-15,6.12323399573679E-17,
-1.));
#9303=DIRECTION('center_axis',(2.35628378257595E-15,-6.12323399573677E-17,
1.));
#9304=DIRECTION('ref_axis',(1.,3.1103252049803E-16,-2.35628378257595E-15));
#9305=DIRECTION('',(-3.1103252049803E-16,1.,6.12323399573684E-17));
#9306=DIRECTION('',(1.,3.1103252049803E-16,-2.35628378257595E-15));
#9307=DIRECTION('',(-3.1103252049803E-16,1.,6.12323399573684E-17));
#9308=DIRECTION('center_axis',(-1.,-3.1103252049803E-16,1.1906953052792E-15));
#9309=DIRECTION('ref_axis',(1.1906953052792E-15,-6.1232339957368E-17,1.));
#9310=DIRECTION('',(1.1906953052792E-15,-6.1232339957368E-17,1.));
#9311=DIRECTION('',(-3.1103252049803E-16,1.,6.12323399573684E-17));
#9312=DIRECTION('center_axis',(2.35628378257595E-15,-6.12323399573677E-17,
1.));
#9313=DIRECTION('ref_axis',(1.,3.1103252049803E-16,-2.35628378257595E-15));
#9314=DIRECTION('',(1.,3.1103252049803E-16,-2.35628378257595E-15));
#9315=DIRECTION('',(-3.1103252049803E-16,1.,6.12323399573684E-17));
#9316=DIRECTION('center_axis',(-1.,-3.1103252049803E-16,2.35628378257595E-15));
#9317=DIRECTION('ref_axis',(2.35628378257595E-15,-6.12323399573677E-17,
1.));
#9318=DIRECTION('',(2.35628378257595E-15,-6.12323399573677E-17,1.));
#9319=DIRECTION('',(-3.1103252049803E-16,1.,6.12323399573684E-17));
#9320=DIRECTION('center_axis',(-2.35628378257595E-15,6.12323399573677E-17,
-1.));
#9321=DIRECTION('ref_axis',(-1.,-3.1103252049803E-16,2.35628378257595E-15));
#9322=DIRECTION('',(-1.,-3.1103252049803E-16,2.35628378257595E-15));
#9323=DIRECTION('',(-3.1103252049803E-16,1.,6.12323399573684E-17));
#9324=DIRECTION('center_axis',(-1.,-3.1103252049803E-16,4.10466649852109E-15));
#9325=DIRECTION('ref_axis',(4.10466649852109E-15,-6.12323399573671E-17,
1.));
#9326=DIRECTION('',(4.10466649852109E-15,-6.12323399573671E-17,1.));
#9327=DIRECTION('',(-3.1103252049803E-16,1.,6.12323399573684E-17));
#9328=DIRECTION('center_axis',(-2.35628378257595E-15,6.12323399573677E-17,
-1.));
#9329=DIRECTION('ref_axis',(-1.,-3.1103252049803E-16,2.35628378257595E-15));
#9330=DIRECTION('',(-1.,-3.1103252049803E-16,2.35628378257595E-15));
#9331=DIRECTION('',(-3.1103252049803E-16,1.,6.12323399573684E-17));
#9332=DIRECTION('center_axis',(1.,3.1103252049803E-16,-6.07901066630817E-16));
#9333=DIRECTION('ref_axis',(-6.07901066630817E-16,6.12323399573682E-17,
-1.));
#9334=DIRECTION('',(-6.07901066630817E-16,6.12323399573682E-17,-1.));
#9335=DIRECTION('',(-3.1103252049803E-16,1.,6.12323399573684E-17));
#9336=DIRECTION('center_axis',(-2.35628378257595E-15,6.12323399573677E-17,
-1.));
#9337=DIRECTION('ref_axis',(-1.,-3.1103252049803E-16,2.35628378257595E-15));
#9338=DIRECTION('',(-1.,-3.1103252049803E-16,2.35628378257595E-15));
#9339=DIRECTION('',(-3.1103252049803E-16,1.,6.12323399573684E-17));
#9340=DIRECTION('center_axis',(1.,3.1103252049803E-16,-2.35628378257595E-15));
#9341=DIRECTION('ref_axis',(-2.35628378257595E-15,6.12323399573677E-17,
-1.));
#9342=DIRECTION('',(-2.35628378257595E-15,6.12323399573677E-17,-1.));
#9343=DIRECTION('',(-3.1103252049803E-16,1.,6.12323399573684E-17));
#9344=DIRECTION('center_axis',(2.35628378257595E-15,-6.12323399573677E-17,
1.));
#9345=DIRECTION('ref_axis',(1.,3.1103252049803E-16,-2.35628378257595E-15));
#9346=DIRECTION('',(1.,3.1103252049803E-16,-2.35628378257595E-15));
#9347=DIRECTION('',(-3.1103252049803E-16,1.,6.12323399573684E-17));
#9348=DIRECTION('center_axis',(1.,3.1103252049803E-16,-2.64768090190014E-15));
#9349=DIRECTION('ref_axis',(-2.64768090190014E-15,6.12323399573676E-17,
-1.));
#9350=DIRECTION('',(-2.64768090190014E-15,6.12323399573676E-17,-1.));
#9351=DIRECTION('center_axis',(-3.1103252049803E-16,1.,6.12323399573684E-17));
#9352=DIRECTION('ref_axis',(-1.49064448416222E-15,6.12323399573679E-17,
-1.));
#9353=DIRECTION('center_axis',(-2.25852218159099E-16,1.,6.12323399573683E-17));
#9354=DIRECTION('ref_axis',(-1.,-2.25852218159099E-16,3.21765807802357E-15));
#9355=DIRECTION('',(-1.49064448416222E-15,6.12323399573679E-17,-1.));
#9356=DIRECTION('center_axis',(1.49064448416222E-15,-6.12323399573679E-17,
1.));
#9357=DIRECTION('ref_axis',(0.707106781186548,0.707106781186547,-1.01074702027765E-15));
#9358=DIRECTION('',(1.49064448416222E-15,-6.12323399573679E-17,1.));
#9359=DIRECTION('center_axis',(1.,3.1103252049803E-16,-1.49064448416222E-15));
#9360=DIRECTION('ref_axis',(-3.1103252049803E-16,1.,6.12323399573684E-17));
#9361=DIRECTION('',(6.12323399573323E-17,-6.12323399573676E-17,1.));
#9362=DIRECTION('center_axis',(-3.1103252049803E-16,1.,6.12323399573684E-17));
#9363=DIRECTION('ref_axis',(-1.49064448416222E-15,6.12323399573679E-17,
-1.));
#9364=DIRECTION('',(1.39349996950751E-15,-6.1232339957368E-17,1.));
#9365=DIRECTION('center_axis',(-1.72686972258135E-16,1.,6.12323399573682E-17));
#9366=DIRECTION('ref_axis',(1.,1.72686972258135E-16,-1.62716512469355E-15));
#9367=DIRECTION('',(-1.69250321591224E-15,6.12323399573679E-17,-1.));
#9368=DIRECTION('',(1.,1.72686972258135E-16,-2.35415128109289E-15));
#9369=DIRECTION('center_axis',(1.17788522060895E-15,-0.707106781186558,
-0.707106781186537));
#9370=DIRECTION('ref_axis',(-1.,-1.10401162780741E-32,-1.66578125390402E-15));
#9371=DIRECTION('',(4.32978028117499E-17,-0.707106781186545,0.70710678118655));
#9372=DIRECTION('',(-1.,-1.10401162780741E-32,-1.66578125390402E-15));
#9373=DIRECTION('',(-8.85801377397752E-15,-0.707106781186497,0.707106781186598));
#9374=DIRECTION('center_axis',(-1.13039800311735E-31,1.,6.12323399573676E-17));
#9375=DIRECTION('ref_axis',(1.,2.50984286840894E-31,-2.25280442696133E-15));
#9376=DIRECTION('',(-0.707106781186614,-0.707106781186481,-1.68865537523873E-29));
#9377=DIRECTION('center_axis',(-1.13039800311735E-31,1.,6.12323399573676E-17));
#9378=DIRECTION('ref_axis',(1.,2.50984286840894E-31,-2.25280442696133E-15));
#9379=DIRECTION('center_axis',(1.13039800311735E-31,-1.,-6.12323399573676E-17));
#9380=DIRECTION('ref_axis',(1.,2.50984286840894E-31,-2.25280442696133E-15));
#9381=DIRECTION('center_axis',(0.707106781186553,-0.707106781186542,-1.0286510808338E-15));
#9382=DIRECTION('ref_axis',(-1.39349996950752E-15,6.12323399573676E-17,
-1.));
#9383=DIRECTION('',(-0.707106781186542,-0.707106781186553,-9.89034619643356E-16));
#9384=DIRECTION('',(-1.39349996950752E-15,6.12323399573676E-17,-1.));
#9385=DIRECTION('',(1.39349996950752E-15,-6.12323399573676E-17,1.));
#9386=DIRECTION('center_axis',(-1.13039800311735E-31,1.,6.12323399573676E-17));
#9387=DIRECTION('ref_axis',(-3.50039210521064E-14,-6.12323399573677E-17,
1.));
#9388=DIRECTION('',(3.16058100257708E-14,-0.707106781186463,-0.707106781186632));
#9389=DIRECTION('center_axis',(-1.13039800311735E-31,1.,6.12323399573676E-17));
#9390=DIRECTION('ref_axis',(-3.50039210521064E-14,-6.12323399573676E-17,
1.));
#9391=DIRECTION('center_axis',(1.13039800311735E-31,-1.,-6.12323399573676E-17));
#9392=DIRECTION('ref_axis',(-3.50039210521064E-14,-6.12323399573676E-17,
1.));
#9393=DIRECTION('center_axis',(-5.67293708898607E-16,-0.707106781186548,
0.707106781186547));
#9394=DIRECTION('ref_axis',(1.,6.39146580232311E-32,8.02274456973345E-16));
#9395=DIRECTION('',(-4.32978028117496E-17,-0.707106781186547,-0.707106781186548));
#9396=DIRECTION('',(1.,6.39146580232311E-32,8.02274456973345E-16));
#9397=DIRECTION('',(-1.,-6.39146580232311E-32,-8.02274456973345E-16));
#9398=DIRECTION('center_axis',(-1.13039800311735E-31,1.,6.12323399573676E-17));
#9399=DIRECTION('ref_axis',(-1.,-2.00661129188706E-31,1.43096489433485E-15));
#9400=DIRECTION('',(0.707106781186546,-0.707106781186549,-1.07563022526685E-15));
#9401=DIRECTION('center_axis',(-1.13039800311735E-31,1.,6.12323399573676E-17));
#9402=DIRECTION('ref_axis',(-1.,-2.00661129188706E-31,1.43096489433485E-15));
#9403=DIRECTION('center_axis',(1.13039800311735E-31,-1.,-6.12323399573676E-17));
#9404=DIRECTION('ref_axis',(-1.,-2.00661129188706E-31,1.43096489433486E-15));
#9405=DIRECTION('center_axis',(-0.707106781186549,-0.707106781186546,6.86915450673904E-17));
#9406=DIRECTION('ref_axis',(1.58376854612033E-16,-6.12323399573676E-17,
1.));
#9407=DIRECTION('',(0.707106781186546,-0.707106781186549,-8.65956056235243E-17));
#9408=DIRECTION('',(1.58376854612033E-16,-6.12323399573676E-17,1.));
#9409=DIRECTION('',(-1.58376854612033E-16,6.12323399573676E-17,-1.));
#9410=DIRECTION('center_axis',(-1.13039800311735E-31,1.,6.12323399573676E-17));
#9411=DIRECTION('ref_axis',(1.26772804157534E-14,6.12323399573677E-17,-1.));
#9412=DIRECTION('center_axis',(-1.13039800311735E-31,1.,6.12323399573676E-17));
#9413=DIRECTION('ref_axis',(1.26772804157534E-14,6.12323399573676E-17,-1.));
#9414=DIRECTION('center_axis',(1.13039800311735E-31,-1.,-6.12323399573676E-17));
#9415=DIRECTION('ref_axis',(1.26772804157534E-14,6.12323399573676E-17,-1.));
#9416=DIRECTION('center_axis',(1.13039800311735E-31,-1.,-6.12323399573676E-17));
#9417=DIRECTION('ref_axis',(-6.12323399573323E-17,6.12323399573676E-17,
-1.));
#9418=DIRECTION('center_axis',(-1.13039800311735E-31,1.,6.12323399573676E-17));
#9419=DIRECTION('ref_axis',(1.,1.16789199768388E-31,-6.12323399573323E-17));
#9420=DIRECTION('center_axis',(-1.13039800311735E-31,1.,6.12323399573676E-17));
#9421=DIRECTION('ref_axis',(1.,1.16789199768388E-31,-6.12323399573323E-17));
#9422=DIRECTION('center_axis',(-1.13039800311735E-31,1.,6.12323399573676E-17));
#9423=DIRECTION('ref_axis',(1.,1.16789199768388E-31,-6.12323399573323E-17));
#9424=DIRECTION('center_axis',(-1.13039800311735E-31,1.,6.12323399573676E-17));
#9425=DIRECTION('ref_axis',(1.,1.16789199768388E-31,-6.12323399573323E-17));
#9426=DIRECTION('center_axis',(6.12323399573323E-17,-6.12323399573676E-17,
1.));
#9427=DIRECTION('ref_axis',(0.70710678118655,-0.707106781186545,-8.65956056235243E-17));
#9428=DIRECTION('',(-6.12323399573323E-17,6.12323399573676E-17,-1.));
#9429=DIRECTION('center_axis',(1.,1.16789199768388E-31,-6.12323399573323E-17));
#9430=DIRECTION('ref_axis',(-1.13039800311735E-31,1.,6.12323399573676E-17));
#9431=DIRECTION('center_axis',(1.13039800311735E-31,-1.,-6.12323399573676E-17));
#9432=DIRECTION('ref_axis',(1.39349996950752E-15,-6.12323399573676E-17,
1.));
#9433=DIRECTION('',(1.39349996950752E-15,5.85222095831917E-15,1.));
#9434=DIRECTION('center_axis',(1.,1.98367064175201E-31,-1.39349996950752E-15));
#9435=DIRECTION('ref_axis',(-1.39349996950752E-15,6.12323399573676E-17,
-1.));
#9436=DIRECTION('',(-1.13039800311735E-31,1.,6.12323399573676E-17));
#9437=DIRECTION('',(-1.13039800311735E-31,1.,6.12323399573676E-17));
#9438=DIRECTION('center_axis',(1.,1.16789199768388E-31,-6.12323399573323E-17));
#9439=DIRECTION('ref_axis',(1.13039800311735E-31,-1.,-6.12323399573676E-17));
#9440=DIRECTION('',(1.13039800311735E-31,-1.,-6.12323399573676E-17));
#9441=DIRECTION('center_axis',(-8.02274456973345E-16,-6.12323399573676E-17,
1.));
#9442=DIRECTION('ref_axis',(1.,6.39146580232311E-32,8.02274456973345E-16));
#9443=DIRECTION('',(-1.13039800311735E-31,1.,6.12323399573676E-17));
#9444=DIRECTION('',(-1.13039800311735E-31,1.,6.12323399573676E-17));
#9445=DIRECTION('center_axis',(-1.13039800311735E-31,1.,6.12323399573676E-17));
#9446=DIRECTION('ref_axis',(1.,1.16789199768388E-31,-6.12323399573323E-17));
#9447=DIRECTION('',(-1.13039800311735E-31,1.,6.12323399573676E-17));
#9448=DIRECTION('center_axis',(-1.13039800311735E-31,1.,6.12323399573676E-17));
#9449=DIRECTION('ref_axis',(1.,1.16789199768388E-31,-6.12323399573323E-17));
#9450=DIRECTION('',(-1.13039800311735E-31,1.,6.12323399573676E-17));
#9451=DIRECTION('center_axis',(-1.13039800311735E-31,1.,6.12323399573676E-17));
#9452=DIRECTION('ref_axis',(1.,1.16789199768388E-31,-6.12323399573323E-17));
#9453=DIRECTION('',(-1.13039800311735E-31,1.,6.12323399573676E-17));
#9454=DIRECTION('center_axis',(-1.13039800311735E-31,1.,6.12323399573676E-17));
#9455=DIRECTION('ref_axis',(1.,1.16789199768388E-31,-6.12323399573323E-17));
#9456=DIRECTION('',(-1.13039800311735E-31,1.,6.12323399573676E-17));
#9457=DIRECTION('center_axis',(-1.13039800311735E-31,1.,6.12323399573676E-17));
#9458=DIRECTION('ref_axis',(-1.,-2.50984286840894E-31,2.25280442696133E-15));
#9459=DIRECTION('center_axis',(-1.13039800311735E-31,1.,6.12323399573676E-17));
#9460=DIRECTION('ref_axis',(3.50039210521064E-14,6.12323399573676E-17,-1.));
#9461=DIRECTION('center_axis',(-1.13039800311735E-31,1.,6.12323399573676E-17));
#9462=DIRECTION('ref_axis',(1.,2.00661129188706E-31,-1.43096489433485E-15));
#9463=DIRECTION('',(-1.13039800311735E-31,1.,6.12323399573676E-17));
#9464=DIRECTION('center_axis',(-1.,-1.22737585714718E-31,1.58376854612033E-16));
#9465=DIRECTION('ref_axis',(1.58376854612033E-16,-6.12323399573676E-17,
1.));
#9466=DIRECTION('',(-1.13039800311735E-31,1.,6.12323399573676E-17));
#9467=DIRECTION('center_axis',(-1.13039800311735E-31,1.,6.12323399573676E-17));
#9468=DIRECTION('ref_axis',(-1.26772804157534E-14,-6.12323399573676E-17,
1.));
#9469=DIRECTION('center_axis',(-6.57737487674637E-16,1.,-4.64204365040129E-16));
#9470=DIRECTION('ref_axis',(-0.305455253059597,-6.42927752711931E-16,-0.952206431598893));
#9471=DIRECTION('center_axis',(6.57737487674637E-16,-1.,4.64204365040129E-16));
#9472=DIRECTION('ref_axis',(0.952206431598893,4.84508204272785E-16,-0.305455253059597));
#9473=DIRECTION('center_axis',(-6.57737487674637E-16,1.,-4.64204365040129E-16));
#9474=DIRECTION('ref_axis',(-0.952206431598893,-4.84508204272785E-16,0.305455253059597));
#9475=DIRECTION('center_axis',(-6.57737487674637E-16,1.,-4.64204365040129E-16));
#9476=DIRECTION('ref_axis',(0.952206431598893,4.84508204272785E-16,-0.305455253059597));
#9477=DIRECTION('',(6.57737487674637E-16,-1.,4.64204365040129E-16));
#9478=DIRECTION('center_axis',(-6.57737487674637E-16,1.,-4.64204365040129E-16));
#9479=DIRECTION('ref_axis',(-0.952206431598893,-4.84508204272785E-16,0.305455253059597));
#9480=DIRECTION('center_axis',(-6.57737487674637E-16,1.,-4.64204365040129E-16));
#9481=DIRECTION('ref_axis',(-0.305455253059597,-6.42927752711931E-16,-0.952206431598893));
#9482=DIRECTION('center_axis',(-6.57737487674637E-16,1.,-4.64204365040129E-16));
#9483=DIRECTION('ref_axis',(-0.952206431598893,-4.84508204272785E-16,0.305455253059597));
#9484=DIRECTION('center_axis',(-6.57737487674637E-16,1.,-4.64204365040129E-16));
#9485=DIRECTION('ref_axis',(0.952206431598893,4.84508204272785E-16,-0.305455253059597));
#9486=DIRECTION('',(6.57737487674637E-16,-1.,4.64204365040129E-16));
#9487=DIRECTION('center_axis',(-6.57737487674637E-16,1.,-4.64204365040129E-16));
#9488=DIRECTION('ref_axis',(-0.952206431598893,-4.84508204272785E-16,0.305455253059597));
#9489=DIRECTION('center_axis',(-6.57737487674637E-16,1.,-4.64204365040129E-16));
#9490=DIRECTION('ref_axis',(-0.305455253059597,-6.42927752711931E-16,-0.952206431598893));
#9491=DIRECTION('center_axis',(-6.57737487674637E-16,1.,-4.64204365040129E-16));
#9492=DIRECTION('ref_axis',(-0.952206431598893,-4.84508204272785E-16,0.305455253059597));
#9493=DIRECTION('center_axis',(-6.57737487674637E-16,1.,-4.64204365040129E-16));
#9494=DIRECTION('ref_axis',(0.952206431598893,4.84508204272785E-16,-0.305455253059597));
#9495=DIRECTION('',(6.57737487674637E-16,-1.,4.64204365040129E-16));
#9496=DIRECTION('center_axis',(-6.57737487674637E-16,1.,-4.64204365040129E-16));
#9497=DIRECTION('ref_axis',(-0.952206431598893,-4.84508204272785E-16,0.305455253059597));
#9498=DIRECTION('center_axis',(-0.305455253059597,-6.36472957237417E-16,
-0.952206431598893));
#9499=DIRECTION('ref_axis',(-0.952206431598893,-6.36472957237417E-16,0.305455253059596));
#9500=DIRECTION('center_axis',(-6.57737487674637E-16,1.,-4.64204365040129E-16));
#9501=DIRECTION('ref_axis',(0.952206431598893,4.84508204272785E-16,-0.305455253059597));
#9502=DIRECTION('center_axis',(-6.57737487674637E-16,1.,-4.64204365040129E-16));
#9503=DIRECTION('ref_axis',(0.952206431598893,4.84508204272785E-16,-0.305455253059597));
#9504=DIRECTION('',(0.425839661933526,-0.894427190999916,-0.136603741985131));
#9505=DIRECTION('center_axis',(-6.57737487674637E-16,1.,-4.64204365040129E-16));
#9506=DIRECTION('ref_axis',(-0.305455253059597,-6.42927752711931E-16,-0.952206431598893));
#9507=DIRECTION('center_axis',(-6.57737487674637E-16,1.,-4.64204365040129E-16));
#9508=DIRECTION('ref_axis',(0.952206431598893,4.84508204272785E-16,-0.305455253059597));
#9509=DIRECTION('center_axis',(-6.57737487674637E-16,1.,-4.64204365040129E-16));
#9510=DIRECTION('ref_axis',(0.952206431598893,4.84508204272785E-16,-0.305455253059597));
#9511=DIRECTION('',(6.57737487674637E-16,-1.,4.64204365040129E-16));
#9512=CARTESIAN_POINT('',(0.,0.,0.));
#9513=CARTESIAN_POINT('Origin',(3.293407868974,-0.331439116332117,-0.0532559055118097));
#9514=CARTESIAN_POINT('',(3.31309290834408,-0.152838067823327,-0.0532559055118133));
#9515=CARTESIAN_POINT('',(3.293407868974,-0.152838067823327,-0.033570866141731));
#9516=CARTESIAN_POINT('Origin',(3.293407868974,-0.152838067823325,-0.0532559055118097));
#9517=CARTESIAN_POINT('',(3.293407868974,0.421259842519688,-0.033570866141731));
#9518=CARTESIAN_POINT('',(3.293407868974,-0.331439116332117,-0.033570866141731));
#9519=CARTESIAN_POINT('',(3.31244005051125,0.421259842519687,-0.0482282976378006));
#9520=CARTESIAN_POINT('Origin',(3.293407868974,0.421259842519687,-0.0532559055118097));
#9521=CARTESIAN_POINT('',(3.31133898348613,0.480314960629924,-0.0451333500423454));
#9522=CARTESIAN_POINT('Origin',(3.293407868974,0.325327369463423,-0.0532559055118097));
#9523=CARTESIAN_POINT('',(3.293407868974,0.480314960629924,-0.033570866141731));
#9524=CARTESIAN_POINT('Origin',(3.293407868974,0.480314960629923,-0.0532559055118097));
#9525=CARTESIAN_POINT('',(3.293407868974,0.647637795275592,-0.033570866141731));
#9526=CARTESIAN_POINT('',(3.293407868974,-0.316929133858267,-0.033570866141731));
#9527=CARTESIAN_POINT('',(3.31309290834408,0.647637795275592,-0.0532559055118097));
#9528=CARTESIAN_POINT('Origin',(3.293407868974,0.647637795275592,-0.0532559055118097));
#9529=CARTESIAN_POINT('',(3.31309290834408,-0.316929133858267,-0.0532559055118121));
#9530=CARTESIAN_POINT('Origin',(2.75895905007636,0.480234027642989,-0.0451375915604604));
#9531=CARTESIAN_POINT('',(3.26453316775171,0.421259842519687,-0.0482282976378005));
#9532=CARTESIAN_POINT('',(2.95384093984014,0.421259842519687,-0.0482282976378));
#9533=CARTESIAN_POINT('',(3.26563423477683,0.480314960629924,-0.0451333500423454));
#9534=CARTESIAN_POINT('Origin',(3.28356534928896,0.325327369463423,-0.0532559055118097));
#9535=CARTESIAN_POINT('',(3.14183306582439,0.480314960629924,-0.0451333500423452));
#9536=CARTESIAN_POINT('Origin',(3.52470708157243,0.480314960629923,0.405511859842514));
#9537=CARTESIAN_POINT('',(3.28356534928896,0.480314960629924,-0.033570866141731));
#9538=CARTESIAN_POINT('Origin',(3.28356534928896,0.480314960629923,-0.0532559055118097));
#9539=CARTESIAN_POINT('',(3.40905747527321,0.480314960629924,-0.0335708661417311));
#9540=CARTESIAN_POINT('Origin',(3.52470708157243,0.421259842519687,0.405511859842514));
#9541=CARTESIAN_POINT('',(3.28356534928896,0.421259842519688,-0.033570866141731));
#9542=CARTESIAN_POINT('',(3.40905747527321,0.421259842519688,-0.0335708661417311));
#9543=CARTESIAN_POINT('Origin',(3.28356534928896,0.421259842519687,-0.0532559055118097));
#9544=CARTESIAN_POINT('Origin',(4.60852949246765,-0.257874015748031,-0.0532559055118122));
#9545=CARTESIAN_POINT('',(3.26388030991888,-0.152838067823327,-0.0532559055118133));
#9546=CARTESIAN_POINT('',(3.96081120040586,-0.152838067823326,-0.0532559055118121));
#9547=CARTESIAN_POINT('',(3.26388030991888,0.647637795275592,-0.0532559055118097));
#9548=CARTESIAN_POINT('',(2.62846516746339,0.647637795275591,-0.053255905511816));
#9549=CARTESIAN_POINT('',(3.26388030991888,-0.287401574803149,-0.0532559055118121));
#9550=CARTESIAN_POINT('Origin',(3.28848660913148,0.647637795275592,0.834645669291333));
#9551=CARTESIAN_POINT('',(3.28356534928896,0.647637795275592,-0.033570866141731));
#9552=CARTESIAN_POINT('',(3.29094723905274,0.647637795275592,-0.033570866141731));
#9553=CARTESIAN_POINT('Origin',(3.28356534928896,0.647637795275592,-0.0532559055118097));
#9554=CARTESIAN_POINT('Origin',(3.293407868974,-0.316929133858267,-0.033570866141731));
#9555=CARTESIAN_POINT('',(3.28356534928896,-0.316929133858267,-0.033570866141731));
#9556=CARTESIAN_POINT('Origin',(3.28356534928896,-0.260769824993534,-0.0532559055118097));
#9557=CARTESIAN_POINT('',(3.28356534928896,-0.152838067823327,-0.033570866141731));
#9558=CARTESIAN_POINT('Origin',(3.28356534928896,-0.152838067823325,-0.0532559055118097));
#9559=CARTESIAN_POINT('',(3.28356534928896,-0.260769824993534,-0.033570866141731));
#9560=CARTESIAN_POINT('Origin',(3.28848660913148,-0.29181524053825,-0.033570866141731));
#9561=CARTESIAN_POINT('',(3.30078975873778,-0.152838067823327,-0.033570866141731));
#9562=CARTESIAN_POINT('Origin',(3.31309290834408,-0.152838067823325,0.0361550424128927));
#9563=CARTESIAN_POINT('Origin',(4.86536456188739,0.0701771653543328,0.557742418190543));
#9564=CARTESIAN_POINT('',(4.84973956188739,0.0701771653543328,0.557742418190543));
#9565=CARTESIAN_POINT('',(4.84973956188739,0.19126728504211,0.557742418190542));
#9566=CARTESIAN_POINT('',(4.84973956188739,0.1558562992126,0.557742418190543));
#9567=CARTESIAN_POINT('',(4.86536456188739,0.19126728504211,0.557742418190542));
#9568=CARTESIAN_POINT('',(4.92067558550943,0.191267285042111,0.557742418190542));
#9569=CARTESIAN_POINT('',(4.86536456188739,0.0701771653543328,0.557742418190543));
#9570=CARTESIAN_POINT('',(4.86536456188739,-0.123375984251971,0.557742418190544));
#9571=CARTESIAN_POINT('',(4.86536456188739,0.0701771653543328,0.557742418190543));
#9572=CARTESIAN_POINT('Origin',(4.86536456188739,0.194881889763781,0.557742418190542));
#9573=CARTESIAN_POINT('',(4.84973956188739,0.194881889763781,0.557742418190542));
#9574=CARTESIAN_POINT('',(4.84973956188739,0.412893700787404,0.557742418190541));
#9575=CARTESIAN_POINT('',(4.84973956188739,0.218208661417324,0.557742418190542));
#9576=CARTESIAN_POINT('',(4.86536456188739,0.412893700787404,0.557742418190541));
#9577=CARTESIAN_POINT('',(4.86536456188739,0.412893700787404,0.557742418190541));
#9578=CARTESIAN_POINT('',(4.86536456188739,0.194881889763781,0.557742418190542));
#9579=CARTESIAN_POINT('',(4.86536456188739,-0.0610236220472466,0.557742418190544));
#9580=CARTESIAN_POINT('',(4.16348660913148,0.194881889763781,0.557742418190542));
#9581=CARTESIAN_POINT('Origin',(4.97598660913148,0.070177165354331,0.553937007874013));
#9582=CARTESIAN_POINT('',(4.84973956188739,0.19488188976378,0.557856011720167));
#9583=CARTESIAN_POINT('',(4.84973956188739,-0.106418218626385,0.548387274355007));
#9584=CARTESIAN_POINT('',(4.86536456188739,0.19488188976378,0.557856011720167));
#9585=CARTESIAN_POINT('',(4.13223660913148,0.19488188976378,0.557856011720168));
#9586=CARTESIAN_POINT('',(4.86536456188739,-0.106418218626385,0.548387274355007));
#9587=CARTESIAN_POINT('Origin',(2.59951023117872,0.870570866141732,0.485236269291335));
#9588=CARTESIAN_POINT('',(2.50108503432833,0.870570866141732,0.26870078740157));
#9589=CARTESIAN_POINT('',(2.69793542802911,0.870570866141732,0.26870078740157));
#9590=CARTESIAN_POINT('Origin',(2.59951023117872,0.870570866141732,0.26870078740157));
#9591=CARTESIAN_POINT('',(2.50108503432833,0.870570866141732,0.701771653543303));
#9592=CARTESIAN_POINT('',(2.50108503432833,0.870570866141732,0.593503961417319));
#9593=CARTESIAN_POINT('',(2.69793542802911,0.870570866141732,0.701771653543302));
#9594=CARTESIAN_POINT('Origin',(2.59951023117872,0.870570866141732,0.701771653543302));
#9595=CARTESIAN_POINT('',(2.69793542802911,0.870570866141733,0.376968528346452));
#9596=CARTESIAN_POINT('',(2.68522917380679,0.870570866141732,0.699311072440941));
#9597=CARTESIAN_POINT('',(2.68522917380679,0.870570866141732,0.271161466141729));
#9598=CARTESIAN_POINT('',(2.68522917380679,0.870570866141732,0.592273670866138));
#9599=CARTESIAN_POINT('',(2.51379128855065,0.870570866141732,0.699311072440941));
#9600=CARTESIAN_POINT('Origin',(2.59951023117872,0.870570866141732,0.699311072440941));
#9601=CARTESIAN_POINT('',(2.51379128855065,0.870570866141732,0.271161466141729));
#9602=CARTESIAN_POINT('',(2.51379128855065,0.870570866141732,0.378198867716532));
#9603=CARTESIAN_POINT('Origin',(2.59951023117872,0.870570866141733,0.271161466141729));
#9604=CARTESIAN_POINT('Origin',(2.19688034860024,0.870570866141732,0.485236269290328));
#9605=CARTESIAN_POINT('',(2.25954960125746,0.870570866141732,0.485236220472439));
#9606=CARTESIAN_POINT('Origin',(2.20049448314722,0.870570866141732,0.485236220472439));
#9607=CARTESIAN_POINT('Origin',(3.28848660913148,0.870570866141732,0.485236269291337));
#9608=CARTESIAN_POINT('',(3.57973361095602,0.870570866141733,0.485236220472434));
#9609=CARTESIAN_POINT('Origin',(3.28848660913148,0.870570866141732,0.485236220472435));
#9610=CARTESIAN_POINT('',(3.02606751380895,0.870570866141732,0.569416850843194));
#9611=CARTESIAN_POINT('Origin',(3.28848660913148,0.870570866141732,0.485236269291337));
#9612=CARTESIAN_POINT('Origin',(2.50600629417085,0.647637795275592,0.271161466141729));
#9613=CARTESIAN_POINT('',(2.51493239755997,0.903247952755907,0.699311072440942));
#9614=CARTESIAN_POINT('',(2.50600629417085,0.647637795275592,0.699311072440941));
#9615=CARTESIAN_POINT('',(2.51493239755997,0.903247952755907,0.271161466141729));
#9616=CARTESIAN_POINT('',(2.51493239755997,0.903247952755907,0.378198867716532));
#9617=CARTESIAN_POINT('',(2.50600629417085,0.647637795275592,0.271161466141729));
#9618=CARTESIAN_POINT('Origin',(2.59951023117872,0.647637795275592,0.699311072440941));
#9619=CARTESIAN_POINT('',(2.68408806479748,0.903247952755907,0.699311072440941));
#9620=CARTESIAN_POINT('',(2.6930141681866,0.647637795275592,0.699311072440941));
#9621=CARTESIAN_POINT('Origin',(2.59951023117872,0.903247952755907,0.699311072440941));
#9622=CARTESIAN_POINT('Origin',(2.59951023117872,0.706692913385828,0.701771653543302));
#9623=CARTESIAN_POINT('',(2.50108503432833,0.903543307086615,0.701771653543303));
#9624=CARTESIAN_POINT('',(2.50108503432833,0.706692913385828,0.701771653543303));
#9625=CARTESIAN_POINT('',(2.69793542802911,0.903543307086615,0.701771653543302));
#9626=CARTESIAN_POINT('Origin',(2.59951023117872,0.903543307086615,0.701771653543302));
#9627=CARTESIAN_POINT('',(2.69793542802911,0.706692913385828,0.701771653543302));
#9628=CARTESIAN_POINT('Origin',(2.50108503432833,0.706692913385828,0.701771653543303));
#9629=CARTESIAN_POINT('',(2.50108503432833,0.903543307086615,0.26870078740157));
#9630=CARTESIAN_POINT('',(2.50108503432833,0.706692913385828,0.26870078740157));
#9631=CARTESIAN_POINT('',(2.50108503432833,0.903543307086615,0.59350393700787));
#9632=CARTESIAN_POINT('Origin',(4.70580944377715,-0.316929133858267,-0.112311023622046));
#9633=CARTESIAN_POINT('',(4.70580944377715,-0.301304133858267,-0.112311023622046));
#9634=CARTESIAN_POINT('',(1.87116377448581,-0.301304133858267,-0.112311023622051));
#9635=CARTESIAN_POINT('',(3.31309290834408,-0.301304133858267,-0.112311023622048));
#9636=CARTESIAN_POINT('',(1.87116377448581,0.691067913385827,-0.112311023622049));
#9637=CARTESIAN_POINT('',(1.87116377448581,-0.316929133858267,-0.112311023622051));
#9638=CARTESIAN_POINT('',(2.22709859981094,0.691067913385827,-0.11231102362205));
#9639=CARTESIAN_POINT('',(2.57982519180864,0.691067913385828,-0.112311023622051));
#9640=CARTESIAN_POINT('',(2.24143936503699,0.726377952755906,-0.112311023622056));
#9641=CARTESIAN_POINT('',(2.24702720569946,0.740136414781831,-0.11231102362205));
#9642=CARTESIAN_POINT('',(2.28454960125747,0.726377952755906,-0.112311023622056));
#9643=CARTESIAN_POINT('',(2.22549448314723,0.726377952755906,-0.112311023622056));
#9644=CARTESIAN_POINT('',(2.28454960125747,0.691067913385828,-0.11231102362205));
#9645=CARTESIAN_POINT('',(2.28454960125747,0.755905511811024,-0.112311023622056));
#9646=CARTESIAN_POINT('',(2.39773857763542,0.691067913385828,-0.11231102362205));
#9647=CARTESIAN_POINT('',(2.57982519180864,0.691067913385828,-0.112311023622051));
#9648=CARTESIAN_POINT('',(2.39773857763542,0.726377952755906,-0.112311023622055));
#9649=CARTESIAN_POINT('',(2.39773857763542,0.854330708661418,-0.112311023622055));
#9650=CARTESIAN_POINT('',(2.45679369574566,0.726377952755906,-0.112311023622055));
#9651=CARTESIAN_POINT('',(2.07785668787163,0.726377952755906,-0.112311023622049));
#9652=CARTESIAN_POINT('',(2.45679369574566,0.691067913385828,-0.112311023622051));
#9653=CARTESIAN_POINT('',(2.45679369574566,0.755905511811024,-0.112311023622055));
#9654=CARTESIAN_POINT('',(2.56998267212361,0.691067913385828,-0.112311023622051));
#9655=CARTESIAN_POINT('',(2.57982519180864,0.691067913385828,-0.112311023622051));
#9656=CARTESIAN_POINT('',(2.56998267212361,0.726377952755906,-0.112311023622055));
#9657=CARTESIAN_POINT('',(2.56998267212361,0.854330708661418,-0.112311023622055));
#9658=CARTESIAN_POINT('',(2.62903779023384,0.726377952755906,-0.112311023622055));
#9659=CARTESIAN_POINT('',(2.07785668787163,0.726377952755906,-0.112311023622049));
#9660=CARTESIAN_POINT('',(2.62903779023384,0.691067913385828,-0.112311023622051));
#9661=CARTESIAN_POINT('',(2.62903779023384,0.755905511811024,-0.112311023622055));
#9662=CARTESIAN_POINT('',(2.7422267666118,0.691067913385828,-0.112311023622052));
#9663=CARTESIAN_POINT('',(2.57982519180864,0.691067913385828,-0.112311023622051));
#9664=CARTESIAN_POINT('',(2.7422267666118,0.726377952755906,-0.112311023622055));
#9665=CARTESIAN_POINT('',(2.7422267666118,0.854330708661418,-0.112311023622055));
#9666=CARTESIAN_POINT('',(2.80128188472203,0.726377952755906,-0.112311023622055));
#9667=CARTESIAN_POINT('',(2.07785668787163,0.726377952755906,-0.112311023622049));
#9668=CARTESIAN_POINT('',(2.80128188472203,0.691067913385828,-0.112311023622052));
#9669=CARTESIAN_POINT('',(2.80128188472203,0.755905511811024,-0.112311023622055));
#9670=CARTESIAN_POINT('',(2.91447086109998,0.691067913385828,-0.112311023622052));
#9671=CARTESIAN_POINT('',(2.57982519180864,0.691067913385828,-0.112311023622051));
#9672=CARTESIAN_POINT('',(2.91447086109998,0.726377952755906,-0.112311023622056));
#9673=CARTESIAN_POINT('',(2.91447086109998,0.903543307086615,-0.112311023622056));
#9674=CARTESIAN_POINT('',(2.97352597921022,0.726377952755906,-0.112311023622056));
#9675=CARTESIAN_POINT('',(2.07785668787163,0.726377952755906,-0.112311023622049));
#9676=CARTESIAN_POINT('',(2.97352597921022,0.691067913385828,-0.112311023622052));
#9677=CARTESIAN_POINT('',(2.97352597921022,0.706692913385828,-0.112311023622056));
#9678=CARTESIAN_POINT('',(3.08671495558817,0.691067913385828,-0.112311023622053));
#9679=CARTESIAN_POINT('',(2.57982519180864,0.691067913385828,-0.112311023622051));
#9680=CARTESIAN_POINT('',(3.08671495558817,0.726377952755906,-0.112311023622056));
#9681=CARTESIAN_POINT('',(3.08671495558817,0.903543307086615,-0.112311023622056));
#9682=CARTESIAN_POINT('',(3.14577007369841,0.726377952755906,-0.112311023622056));
#9683=CARTESIAN_POINT('',(2.07785668787163,0.726377952755906,-0.112311023622049));
#9684=CARTESIAN_POINT('',(3.14577007369841,0.691067913385828,-0.112311023622053));
#9685=CARTESIAN_POINT('',(3.14577007369841,0.706692913385828,-0.112311023622056));
#9686=CARTESIAN_POINT('',(3.25895905007636,0.691067913385828,-0.112311023622053));
#9687=CARTESIAN_POINT('',(2.57982519180864,0.691067913385828,-0.112311023622051));
#9688=CARTESIAN_POINT('',(3.25895905007636,0.726377952755906,-0.112311023622056));
#9689=CARTESIAN_POINT('',(3.25895905007636,0.903543307086615,-0.112311023622056));
#9690=CARTESIAN_POINT('',(3.31801416818659,0.726377952755907,-0.112311023622056));
#9691=CARTESIAN_POINT('',(2.07785668787163,0.726377952755906,-0.112311023622049));
#9692=CARTESIAN_POINT('',(3.3180141681866,0.691067913385828,-0.112311023622053));
#9693=CARTESIAN_POINT('',(3.31801416818659,0.706692913385828,-0.112311023622056));
#9694=CARTESIAN_POINT('',(3.43120314456455,0.691067913385828,-0.112311023622054));
#9695=CARTESIAN_POINT('',(2.57982519180864,0.691067913385828,-0.112311023622051));
#9696=CARTESIAN_POINT('',(3.43120314456455,0.726377952755907,-0.112311023622056));
#9697=CARTESIAN_POINT('',(3.43120314456455,0.903543307086615,-0.112311023622056));
#9698=CARTESIAN_POINT('',(3.49025826267478,0.726377952755907,-0.112311023622056));
#9699=CARTESIAN_POINT('',(2.07785668787163,0.726377952755906,-0.112311023622049));
#9700=CARTESIAN_POINT('',(3.49025826267478,0.691067913385828,-0.112311023622054));
#9701=CARTESIAN_POINT('',(3.49025826267478,0.706692913385828,-0.112311023622056));
#9702=CARTESIAN_POINT('',(3.60344723905274,0.691067913385828,-0.112311023622054));
#9703=CARTESIAN_POINT('',(2.57982519180864,0.691067913385828,-0.112311023622051));
#9704=CARTESIAN_POINT('',(3.60344723905274,0.726377952755907,-0.112311023622056));
#9705=CARTESIAN_POINT('',(3.60344723905274,0.903543307086615,-0.112311023622056));
#9706=CARTESIAN_POINT('',(3.66250235716297,0.726377952755907,-0.112311023622056));
#9707=CARTESIAN_POINT('',(2.07785668787163,0.726377952755906,-0.112311023622049));
#9708=CARTESIAN_POINT('',(3.66250235716297,0.691067913385828,-0.112311023622054));
#9709=CARTESIAN_POINT('',(3.66250235716297,0.706692913385828,-0.112311023622056));
#9710=CARTESIAN_POINT('',(3.77569133354092,0.691067913385828,-0.112311023622055));
#9711=CARTESIAN_POINT('',(2.57982519180864,0.691067913385828,-0.112311023622051));
#9712=CARTESIAN_POINT('',(3.77569133354092,0.726377952755907,-0.112311023622055));
#9713=CARTESIAN_POINT('',(3.77569133354092,0.755905511811025,-0.112311023622055));
#9714=CARTESIAN_POINT('',(3.83474645165116,0.726377952755907,-0.112311023622055));
#9715=CARTESIAN_POINT('',(2.07785668787163,0.726377952755906,-0.112311023622049));
#9716=CARTESIAN_POINT('',(3.83474645165116,0.691067913385828,-0.112311023622055));
#9717=CARTESIAN_POINT('',(3.83474645165116,0.854330708661418,-0.112311023622055));
#9718=CARTESIAN_POINT('',(3.94793542802911,0.691067913385828,-0.112311023622056));
#9719=CARTESIAN_POINT('',(2.57982519180864,0.691067913385828,-0.112311023622051));
#9720=CARTESIAN_POINT('',(3.94793542802911,0.726377952755907,-0.112311023622055));
#9721=CARTESIAN_POINT('',(3.94793542802911,0.755905511811025,-0.112311023622055));
#9722=CARTESIAN_POINT('',(4.00699054613935,0.726377952755907,-0.112311023622055));
#9723=CARTESIAN_POINT('',(2.07785668787163,0.726377952755906,-0.112311023622049));
#9724=CARTESIAN_POINT('',(4.00699054613935,0.691067913385828,-0.112311023622056));
#9725=CARTESIAN_POINT('',(4.00699054613935,0.854330708661419,-0.112311023622055));
#9726=CARTESIAN_POINT('',(4.1201795225173,0.691067913385828,-0.112311023622056));
#9727=CARTESIAN_POINT('',(2.57982519180864,0.691067913385828,-0.112311023622051));
#9728=CARTESIAN_POINT('',(4.1201795225173,0.726377952755907,-0.112311023622056));
#9729=CARTESIAN_POINT('',(4.1201795225173,0.755905511811025,-0.112311023622056));
#9730=CARTESIAN_POINT('',(4.17923464062754,0.726377952755907,-0.112311023622056));
#9731=CARTESIAN_POINT('',(2.07785668787163,0.726377952755906,-0.112311023622049));
#9732=CARTESIAN_POINT('',(4.17923464062754,0.691067913385828,-0.112311023622056));
#9733=CARTESIAN_POINT('',(4.17923464062754,0.854330708661419,-0.112311023622056));
#9734=CARTESIAN_POINT('',(4.29242361700549,0.691067913385828,-0.112311023622057));
#9735=CARTESIAN_POINT('',(2.57982519180864,0.691067913385828,-0.112311023622051));
#9736=CARTESIAN_POINT('',(4.29242361700549,0.726377952755907,-0.112311023622056));
#9737=CARTESIAN_POINT('',(4.29242361700549,0.755905511811025,-0.112311023622056));
#9738=CARTESIAN_POINT('',(4.33553385322596,0.726377952755907,-0.112311023622057));
#9739=CARTESIAN_POINT('',(2.07785668787163,0.726377952755906,-0.112311023622049));
#9740=CARTESIAN_POINT('',(4.34987461845201,0.691067913385828,-0.112311023622057));
#9741=CARTESIAN_POINT('',(4.12926313332164,1.23426070000887,-0.112311023622056));
#9742=CARTESIAN_POINT('',(4.70580944377715,0.691067913385828,-0.112311023622058));
#9743=CARTESIAN_POINT('',(2.57982519180864,0.691067913385828,-0.112311023622051));
#9744=CARTESIAN_POINT('',(4.70580944377715,-0.316929133858267,-0.112311023622046));
#9745=CARTESIAN_POINT('',(4.07950530991888,0.19488188976378,-0.112311023622047));
#9746=CARTESIAN_POINT('',(4.07950629417085,0.218873031496064,-0.112311023622056));
#9747=CARTESIAN_POINT('',(4.07950629417085,0.450787401574804,-0.112311023622056));
#9748=CARTESIAN_POINT('',(4.01700629417085,0.281373031496064,-0.112311023622055));
#9749=CARTESIAN_POINT('Origin',(4.01700629417085,0.218873031496064,-0.112311023622052));
#9750=CARTESIAN_POINT('',(3.62886456188738,0.281373031496064,-0.112311023622054));
#9751=CARTESIAN_POINT('',(2.97533503432833,0.281373031496064,-0.112311023622052));
#9752=CARTESIAN_POINT('',(3.56636456188738,0.218873031496064,-0.112311023622054));
#9753=CARTESIAN_POINT('Origin',(3.62886456188738,0.218873031496064,-0.112311023622051));
#9754=CARTESIAN_POINT('',(3.56636456188738,0.194881889763781,-0.112311023622054));
#9755=CARTESIAN_POINT('',(3.56636456188738,0.494032972440946,-0.112311023622054));
#9756=CARTESIAN_POINT('',(3.56636554613935,0.0523868110236224,-0.112311023622048));
#9757=CARTESIAN_POINT('',(3.56636554613935,-0.0610236220472438,-0.112311023622048));
#9758=CARTESIAN_POINT('',(3.62886554613935,-0.0101131889763776,-0.112311023622048));
#9759=CARTESIAN_POINT('Origin',(3.62886554613935,0.0523868110236224,-0.112311023622046));
#9760=CARTESIAN_POINT('',(4.01700530991888,-0.0101131889763775,-0.112311023622047));
#9761=CARTESIAN_POINT('',(4.13608749495825,-0.0101131889763775,-0.112311023622047));
#9762=CARTESIAN_POINT('',(4.07950530991888,0.0523868110236225,-0.112311023622047));
#9763=CARTESIAN_POINT('Origin',(4.01700530991888,0.0523868110236225,-0.112311023622046));
#9764=CARTESIAN_POINT('',(4.07950530991888,-0.163521161417323,-0.112311023622047));
#9765=CARTESIAN_POINT('Origin',(4.70580944377715,-0.316929133858267,-0.0966860236220459));
#9766=CARTESIAN_POINT('',(4.07950530991888,0.0523868110236225,-0.0966860236220469));
#9767=CARTESIAN_POINT('',(4.07950530991888,0.19488188976378,-0.0966860236220469));
#9768=CARTESIAN_POINT('',(4.07950530991888,-0.163521161417323,-0.0966860236220469));
#9769=CARTESIAN_POINT('',(4.01700530991888,-0.0101131889763776,-0.096686023622047));
#9770=CARTESIAN_POINT('Origin',(4.01700530991888,0.0523868110236225,-0.0966860236220459));
#9771=CARTESIAN_POINT('',(3.62886554613935,-0.0101131889763776,-0.0966860236220476));
#9772=CARTESIAN_POINT('',(4.13608749495825,-0.0101131889763775,-0.0966860236220468));
#9773=CARTESIAN_POINT('',(3.56636554613935,0.0523868110236224,-0.0966860236220477));
#9774=CARTESIAN_POINT('Origin',(3.62886554613935,0.0523868110236224,-0.0966860236220459));
#9775=CARTESIAN_POINT('',(3.56636456188738,0.19488188976378,-0.0966860236220476));
#9776=CARTESIAN_POINT('',(3.56636554613935,-0.0610236220472438,-0.0966860236220477));
#9777=CARTESIAN_POINT('',(3.56636456188738,0.218873031496064,-0.0966860236220477));
#9778=CARTESIAN_POINT('',(3.56636456188738,-0.0177780511811019,-0.0966860236220477));
#9779=CARTESIAN_POINT('',(3.62886456188738,0.281373031496064,-0.0966860236220476));
#9780=CARTESIAN_POINT('Origin',(3.62886456188738,0.218873031496064,-0.0966860236220443));
#9781=CARTESIAN_POINT('',(4.01700629417085,0.281373031496064,-0.096686023622047));
#9782=CARTESIAN_POINT('',(4.392657868974,0.281373031496064,-0.0966860236220464));
#9783=CARTESIAN_POINT('',(4.07950629417085,0.218873031496064,-0.0966860236220469));
#9784=CARTESIAN_POINT('Origin',(4.01700629417085,0.218873031496064,-0.0966860236220449));
#9785=CARTESIAN_POINT('',(4.07950629417085,-0.0610236220472435,-0.0966860236220469));
#9786=CARTESIAN_POINT('Origin',(4.84973956188739,-0.316929133858268,1.62204724409449));
#9787=CARTESIAN_POINT('',(4.84973956188738,0.070177165354331,0.240944881889761));
#9788=CARTESIAN_POINT('',(4.84973956188739,0.0701771653543309,0.931496062992124));
#9789=CARTESIAN_POINT('',(4.84973956188738,0.412893700787403,0.240944881889755));
#9790=CARTESIAN_POINT('',(4.84973956188738,-0.0610236220472438,0.240944881889761));
#9791=CARTESIAN_POINT('',(4.84973956188739,0.412893700787403,1.08799212598425));
#9792=CARTESIAN_POINT('',(4.84973956188739,0.194881889763781,1.22834645669291));
#9793=CARTESIAN_POINT('Origin',(1.87116377448581,-0.316929133858268,1.76597736220472));
#9794=CARTESIAN_POINT('',(3.82175432566691,0.616141732283466,1.76597736220472));
#9795=CARTESIAN_POINT('',(4.45364408944644,0.616141732283466,1.76597736220472));
#9796=CARTESIAN_POINT('',(2.84645905007636,0.616141732283466,1.76597736220472));
#9797=CARTESIAN_POINT('',(3.82175432566691,0.0807086614173224,1.76597736220472));
#9798=CARTESIAN_POINT('',(3.82175432566691,-0.118110236220473,1.76597736220472));
#9799=CARTESIAN_POINT('',(4.45364408944644,0.0807086614173225,1.76597736220472));
#9800=CARTESIAN_POINT('',(3.16240393196612,0.0807086614173223,1.76597736220472));
#9801=CARTESIAN_POINT('',(4.45364408944644,-0.0610236220472439,1.76597736220472));
#9802=CARTESIAN_POINT('Origin',(1.87116377448581,-0.316929133858268,1.76597736220472));
#9803=CARTESIAN_POINT('',(2.53009999495825,0.258858267716536,1.76597736220472));
#9804=CARTESIAN_POINT('',(2.56947007369841,0.298228346456693,1.76597736220472));
#9805=CARTESIAN_POINT('Origin',(2.56947007369841,0.258858267716536,1.76597736220472));
#9806=CARTESIAN_POINT('',(2.53009999495825,0.19488188976378,1.76597736220472));
#9807=CARTESIAN_POINT('',(2.53009999495825,-0.0610236220472437,1.76597736220472));
#9808=CARTESIAN_POINT('',(2.72301338078502,0.19488188976378,1.76597736220472));
#9809=CARTESIAN_POINT('',(2.57982519180864,0.19488188976378,1.76597736220472));
#9810=CARTESIAN_POINT('',(2.72301338078502,0.258858267716536,1.76597736220472));
#9811=CARTESIAN_POINT('',(2.72301338078502,-0.00935039370078689,1.76597736220472));
#9812=CARTESIAN_POINT('',(2.68364330204486,0.298228346456694,1.76597736220472));
#9813=CARTESIAN_POINT('Origin',(2.68364330204486,0.258858267716536,1.76597736220472));
#9814=CARTESIAN_POINT('',(2.20063188472203,0.298228346456693,1.76597736220472));
#9815=CARTESIAN_POINT('Origin',(3.62886456188738,0.218873031496064,-0.112311023622055));
#9816=CARTESIAN_POINT('',(3.56636456188738,0.218873031496064,-0.112311023622055));
#9817=CARTESIAN_POINT('',(3.62886456188738,0.281373031496064,-0.112311023622055));
#9818=CARTESIAN_POINT('Origin',(3.56636456188738,0.281373031496064,-0.112311023622054));
#9819=CARTESIAN_POINT('',(3.56636456188738,0.19488188976378,0.361167322834642));
#9820=CARTESIAN_POINT('Origin',(3.56636554613935,0.19488188976378,-0.112311023622046));
#9821=CARTESIAN_POINT('',(3.56636554613935,0.0523868110236224,-0.112311023622046));
#9822=CARTESIAN_POINT('Origin',(3.62886554613935,0.0523868110236224,-0.112311023622046));
#9823=CARTESIAN_POINT('',(3.62886554613935,-0.0101131889763776,-0.112311023622046));
#9824=CARTESIAN_POINT('Origin',(3.56636554613935,-0.0101131889763776,-0.112311023622046));
#9825=CARTESIAN_POINT('',(4.01700530991888,-0.0101131889763775,-0.112311023622046));
#9826=CARTESIAN_POINT('Origin',(5.03848660913148,0.412893700787403,0.553937007874007));
#9827=CARTESIAN_POINT('',(4.86536456188739,0.412893700787403,0.240944881889755));
#9828=CARTESIAN_POINT('',(5.03848660913148,0.412893700787403,0.240944881889755));
#9829=CARTESIAN_POINT('',(4.86536456188739,0.412893700787403,0.300590551181094));
#9830=CARTESIAN_POINT('Origin',(4.97598660913148,0.19488188976378,0.240944881889761));
#9831=CARTESIAN_POINT('',(4.86536456188739,0.070177165354331,0.240944881889761));
#9832=CARTESIAN_POINT('',(4.97598660913148,0.070177165354331,0.240944881889761));
#9833=CARTESIAN_POINT('',(4.86536456188739,-0.0610236220472438,0.240944881889761));
#9834=CARTESIAN_POINT('Origin',(2.72301338078502,0.298228346456694,1.84410236220472));
#9835=CARTESIAN_POINT('',(2.72301338078502,0.19488188976378,1.78160236220472));
#9836=CARTESIAN_POINT('',(2.72301338078502,0.19488188976378,1.33937401574803));
#9837=CARTESIAN_POINT('',(2.72301338078502,0.258858267716536,1.78160236220472));
#9838=CARTESIAN_POINT('',(2.72301338078502,0.502460629921261,1.78160236220472));
#9839=CARTESIAN_POINT('',(2.72301338078502,0.258858267716536,1.84410236220472));
#9840=CARTESIAN_POINT('Origin',(3.28848660913148,0.19488188976378,0.834645669291338));
#9841=CARTESIAN_POINT('',(2.53009999495825,0.19488188976378,1.78160236220472));
#9842=CARTESIAN_POINT('',(2.53009999495825,0.19488188976378,1.33937401574803));
#9843=CARTESIAN_POINT('',(1.87116377448581,0.19488188976378,1.78160236220472));
#9844=CARTESIAN_POINT('Origin',(2.53009999495825,0.19488188976378,1.84410236220472));
#9845=CARTESIAN_POINT('',(2.53009999495825,0.258858267716536,1.78160236220472));
#9846=CARTESIAN_POINT('',(2.53009999495825,0.258858267716536,1.84410236220472));
#9847=CARTESIAN_POINT('',(2.53009999495825,0.450787401574804,1.78160236220472));
#9848=CARTESIAN_POINT('Origin',(4.45364408944644,0.0807086614173225,1.78160236220472));
#9849=CARTESIAN_POINT('',(3.82175432566691,0.0807086614173224,1.78160236220472));
#9850=CARTESIAN_POINT('',(3.82175432566691,0.0807086614173224,1.78160236220472));
#9851=CARTESIAN_POINT('',(4.45364408944644,0.0807086614173225,1.78160236220472));
#9852=CARTESIAN_POINT('',(3.16240393196612,0.0807086614173223,1.78160236220473));
#9853=CARTESIAN_POINT('',(4.45364408944644,0.0807086614173225,1.78160236220472));
#9854=CARTESIAN_POINT('Origin',(3.82175432566691,0.0807086614173224,1.78160236220472));
#9855=CARTESIAN_POINT('',(3.82175432566691,0.616141732283466,1.78160236220472));
#9856=CARTESIAN_POINT('',(3.82175432566691,0.616141732283466,1.78160236220472));
#9857=CARTESIAN_POINT('',(3.82175432566691,-0.118110236220473,1.78160236220473));
#9858=CARTESIAN_POINT('Origin',(2.6930141681866,0.647637795275592,0.699311072440941));
#9859=CARTESIAN_POINT('',(2.68408806479748,0.903247952755907,0.271161466141729));
#9860=CARTESIAN_POINT('',(2.6930141681866,0.647637795275592,0.271161466141728));
#9861=CARTESIAN_POINT('',(2.68408806479748,0.903247952755907,0.592273670866138));
#9862=CARTESIAN_POINT('Origin',(2.59951023117872,0.647637795275592,0.271161466141728));
#9863=CARTESIAN_POINT('Origin',(2.59951023117872,0.903247952755907,0.271161466141729));
#9864=CARTESIAN_POINT('Origin',(2.59951023117872,0.706692913385828,0.26870078740157));
#9865=CARTESIAN_POINT('',(2.69793542802911,0.903543307086615,0.26870078740157));
#9866=CARTESIAN_POINT('',(2.69793542802911,0.706692913385828,0.26870078740157));
#9867=CARTESIAN_POINT('Origin',(2.59951023117872,0.903543307086615,0.26870078740157));
#9868=CARTESIAN_POINT('Origin',(2.69793542802911,0.706692913385828,0.26870078740157));
#9869=CARTESIAN_POINT('',(2.69793542802911,0.903543307086615,0.376968503937003));
#9870=CARTESIAN_POINT('Origin',(2.59951023117872,0.903247952755907,0.485236269291335));
#9871=CARTESIAN_POINT('Origin',(3.28848660913148,0.706692913385828,0.834645669291333));
#9872=CARTESIAN_POINT('',(4.35780701036712,0.706692913385828,-0.0966860236220571));
#9873=CARTESIAN_POINT('',(4.70580944377715,0.706692913385828,-0.0966860236220554));
#9874=CARTESIAN_POINT('',(2.57982519180864,0.706692913385828,-0.0966860236220512));
#9875=CARTESIAN_POINT('',(4.46053385322596,0.706692913385828,0.015729761682855));
#9876=CARTESIAN_POINT('',(4.39386506903072,0.706692913385828,-0.057227057801317));
#9877=CARTESIAN_POINT('',(4.46053385322597,0.706692913385828,1.64697324202636));
#9878=CARTESIAN_POINT('',(4.46053385322597,0.706692913385828,0.834645669291331));
#9879=CARTESIAN_POINT('',(4.35004130152105,0.706692913385828,1.76597736220472));
#9880=CARTESIAN_POINT('',(4.38360631642312,0.706692913385828,1.7298267348044));
#9881=CARTESIAN_POINT('',(4.70580944377715,0.706692913385828,1.76597736220472));
#9882=CARTESIAN_POINT('',(3.99714802645432,0.706692913385828,1.76597736220472));
#9883=CARTESIAN_POINT('',(4.84973956188739,0.706692913385828,1.62204724409448));
#9884=CARTESIAN_POINT('Origin',(4.70580944377715,0.706692913385828,1.62204724409448));
#9885=CARTESIAN_POINT('',(4.84973956188739,0.706692913385828,0.0472440944881803));
#9886=CARTESIAN_POINT('',(4.84973956188739,0.706692913385828,0.440944881889756));
#9887=CARTESIAN_POINT('Origin',(4.70580944377715,0.706692913385828,0.047244094488181));
#9888=CARTESIAN_POINT('',(4.60530944377715,0.706692913385828,0.0472440944881866));
#9889=CARTESIAN_POINT('Origin',(4.70580944377715,0.706692913385828,0.047244094488181));
#9890=CARTESIAN_POINT('',(4.60530944377715,0.706692913385828,1.62204724409449));
#9891=CARTESIAN_POINT('Origin',(4.70580944377715,0.706692913385828,1.62204724409448));
#9892=CARTESIAN_POINT('',(4.72038424692676,0.706692913385828,0.371690944881881));
#9893=CARTESIAN_POINT('',(4.69538424692676,0.706692913385828,0.371690944881881));
#9894=CARTESIAN_POINT('',(3.99193542802912,0.706692913385828,0.371690944881883));
#9895=CARTESIAN_POINT('',(4.69538424692676,0.706692913385828,0.334190944881881));
#9896=CARTESIAN_POINT('',(4.69538424692676,0.706692913385828,0.584418307086606));
#9897=CARTESIAN_POINT('',(4.65788424692676,0.706692913385828,0.334190944881881));
#9898=CARTESIAN_POINT('',(3.97318542802912,0.706692913385828,0.334190944881883));
#9899=CARTESIAN_POINT('',(4.65788424692676,0.706692913385828,0.309190944881881));
#9900=CARTESIAN_POINT('',(4.65788424692676,0.706692913385828,0.571918307086606));
#9901=CARTESIAN_POINT('',(4.69538424692676,0.706692913385828,0.309190944881881));
#9902=CARTESIAN_POINT('',(3.99193542802912,0.706692913385828,0.309190944881883));
#9903=CARTESIAN_POINT('',(4.69538424692676,0.706692913385828,0.271690944881881));
#9904=CARTESIAN_POINT('',(4.69538424692676,0.706692913385828,0.553168307086604));
#9905=CARTESIAN_POINT('',(4.72038424692676,0.706692913385828,0.271690944881881));
#9906=CARTESIAN_POINT('',(4.00443542802912,0.706692913385828,0.271690944881883));
#9907=CARTESIAN_POINT('',(4.72038424692676,0.706692913385828,0.309190944881881));
#9908=CARTESIAN_POINT('',(4.72038424692676,0.706692913385828,0.571918307086607));
#9909=CARTESIAN_POINT('',(4.75788424692676,0.706692913385828,0.309190944881881));
#9910=CARTESIAN_POINT('',(4.02318542802912,0.706692913385828,0.309190944881883));
#9911=CARTESIAN_POINT('',(4.75788424692676,0.706692913385828,0.334190944881881));
#9912=CARTESIAN_POINT('',(4.75788424692676,0.706692913385828,0.584418307086606));
#9913=CARTESIAN_POINT('',(4.72038424692676,0.706692913385828,0.334190944881881));
#9914=CARTESIAN_POINT('',(4.00443542802912,0.706692913385828,0.334190944881883));
#9915=CARTESIAN_POINT('',(4.72038424692676,0.706692913385828,0.603168307086605));
#9916=CARTESIAN_POINT('',(4.66788424692676,0.706692913385828,0.485690944881881));
#9917=CARTESIAN_POINT('',(4.66788424692676,0.706692913385828,0.460690944881881));
#9918=CARTESIAN_POINT('',(4.66788424692676,0.706692913385828,0.647668307086606));
#9919=CARTESIAN_POINT('',(4.74788424692676,0.706692913385828,0.460690944881881));
#9920=CARTESIAN_POINT('',(4.01818542802912,0.706692913385828,0.46069094488188));
#9921=CARTESIAN_POINT('',(4.74788424692676,0.706692913385828,0.485690944881881));
#9922=CARTESIAN_POINT('',(4.74788424692676,0.706692913385828,0.660168307086606));
#9923=CARTESIAN_POINT('',(3.97818542802912,0.706692913385828,0.485690944881883));
#9924=CARTESIAN_POINT('Origin',(2.28454960125746,0.903543307086615,1.78160236220472));
#9925=CARTESIAN_POINT('',(3.66250235716298,0.903543307086615,1.34065748031494));
#9926=CARTESIAN_POINT('',(3.66250235716297,0.903543307086615,-0.0335708661417412));
#9927=CARTESIAN_POINT('',(3.66250235716298,0.903543307086615,0.87401574803149));
#9928=CARTESIAN_POINT('',(3.60344723905274,0.903543307086615,-0.0335708661417412));
#9929=CARTESIAN_POINT('',(2.07785668787163,0.903543307086615,-0.0335708661417359));
#9930=CARTESIAN_POINT('',(3.60344723905274,0.903543307086615,0.145328312246144));
#9931=CARTESIAN_POINT('',(3.60344723905274,0.903543307086615,-0.112311023622056));
#9932=CARTESIAN_POINT('',(3.52697112977659,0.903543307086615,0.182442915510162));
#9933=CARTESIAN_POINT('Origin',(3.55620314456455,0.903543307086615,0.145328312246145));
#9934=CARTESIAN_POINT('',(3.51031228458447,0.903543307086615,0.170034663009389));
#9935=CARTESIAN_POINT('Origin',(3.28848660913148,0.903543307086615,0.485236220472435));
#9936=CARTESIAN_POINT('',(3.49025826267478,0.903543307086615,0.131399129918924));
#9937=CARTESIAN_POINT('Origin',(3.53750235716297,0.903543307086615,0.131399129918924));
#9938=CARTESIAN_POINT('',(3.49025826267478,0.903543307086615,-0.0335708661417408));
#9939=CARTESIAN_POINT('',(3.49025826267478,0.903543307086615,-0.112311023622056));
#9940=CARTESIAN_POINT('',(3.43120314456455,0.903543307086615,-0.0335708661417408));
#9941=CARTESIAN_POINT('',(2.07785668787163,0.903543307086615,-0.0335708661417363));
#9942=CARTESIAN_POINT('',(3.43120314456455,0.903543307086615,0.0632237296157241));
#9943=CARTESIAN_POINT('',(3.43120314456455,0.903543307086615,-0.112311023622056));
#9944=CARTESIAN_POINT('',(3.37353439774389,0.903543307086615,0.109303346451762));
#9945=CARTESIAN_POINT('Origin',(3.38395905007636,0.903543307086615,0.0632237296157241));
#9946=CARTESIAN_POINT('',(3.35687555255177,0.903543307086615,0.105918933053101));
#9947=CARTESIAN_POINT('Origin',(3.28848660913148,0.903543307086615,0.485236220472435));
#9948=CARTESIAN_POINT('',(3.3180141681866,0.903543307086615,0.0594244749424585));
#9949=CARTESIAN_POINT('Origin',(3.36525826267478,0.903543307086615,0.0594244749424581));
#9950=CARTESIAN_POINT('',(3.3180141681866,0.903543307086615,-0.0335708661417405));
#9951=CARTESIAN_POINT('',(3.31801416818659,0.903543307086615,-0.112311023622056));
#9952=CARTESIAN_POINT('',(3.25895905007636,0.903543307086615,-0.0335708661417405));
#9953=CARTESIAN_POINT('',(2.07785668787163,0.903543307086615,-0.0335708661417366));
#9954=CARTESIAN_POINT('',(3.25895905007636,0.903543307086615,0.0594244749424581));
#9955=CARTESIAN_POINT('',(3.25895905007636,0.903543307086615,-0.112311023622056));
#9956=CARTESIAN_POINT('',(3.22009766571119,0.903543307086615,0.105918933053102));
#9957=CARTESIAN_POINT('Origin',(3.21171495558817,0.903543307086615,0.0594244749424581));
#9958=CARTESIAN_POINT('',(3.20343882051907,0.903543307086615,0.109303346451762));
#9959=CARTESIAN_POINT('Origin',(3.28848660913148,0.903543307086615,0.485236220472435));
#9960=CARTESIAN_POINT('',(3.14577007369841,0.903543307086615,0.0632237296157241));
#9961=CARTESIAN_POINT('Origin',(3.1930141681866,0.903543307086615,0.0632237296157241));
#9962=CARTESIAN_POINT('',(3.14577007369841,0.903543307086615,-0.0335708661417408));
#9963=CARTESIAN_POINT('',(3.14577007369841,0.903543307086615,-0.112311023622056));
#9964=CARTESIAN_POINT('',(3.08671495558817,0.903543307086615,-0.0335708661417405));
#9965=CARTESIAN_POINT('',(2.07785668787163,0.903543307086615,-0.0335708661417373));
#9966=CARTESIAN_POINT('',(3.08671495558817,0.903543307086615,0.131399129918924));
#9967=CARTESIAN_POINT('',(3.08671495558817,0.903543307086615,-0.112311023622056));
#9968=CARTESIAN_POINT('',(3.06666093367849,0.903543307086615,0.170034663009389));
#9969=CARTESIAN_POINT('Origin',(3.03947086109998,0.903543307086615,0.131399129918924));
#9970=CARTESIAN_POINT('',(3.05000208848637,0.903543307086615,0.182442915510161));
#9971=CARTESIAN_POINT('Origin',(3.28848660913148,0.903543307086615,0.485236220472435));
#9972=CARTESIAN_POINT('',(2.97352597921022,0.903543307086615,0.145328312246144));
#9973=CARTESIAN_POINT('Origin',(3.02077007369841,0.903543307086615,0.145328312246144));
#9974=CARTESIAN_POINT('',(2.97352597921022,0.903543307086615,-0.0335708661417405));
#9975=CARTESIAN_POINT('',(2.97352597921022,0.903543307086615,-0.112311023622056));
#9976=CARTESIAN_POINT('',(2.91447086109998,0.903543307086615,-0.0335708661417405));
#9977=CARTESIAN_POINT('',(2.07785668787163,0.903543307086615,-0.0335708661417377));
#9978=CARTESIAN_POINT('',(2.91447086109998,0.903543307086615,1.34065748031494));
#9979=CARTESIAN_POINT('',(2.91447086109998,0.903543307086615,0.874015748031489));
#9980=CARTESIAN_POINT('',(2.86722676661179,0.903543307086615,1.38790157480313));
#9981=CARTESIAN_POINT('Origin',(2.86722676661179,0.903543307086615,1.34065748031494));
#9982=CARTESIAN_POINT('',(2.84852597921022,0.903543307086615,1.38790157480313));
#9983=CARTESIAN_POINT('',(4.35147873511573,0.903543307086615,1.38790157480313));
#9984=CARTESIAN_POINT('',(2.80128188472203,0.903543307086615,1.34065748031494));
#9985=CARTESIAN_POINT('Origin',(2.84852597921022,0.903543307086615,1.34065748031494));
#9986=CARTESIAN_POINT('',(2.80128188472203,0.903543307086615,-0.0335708661417401));
#9987=CARTESIAN_POINT('',(2.80128188472203,0.903543307086615,1.78160236220472));
#9988=CARTESIAN_POINT('',(2.7422267666118,0.903543307086615,-0.0335708661417398));
#9989=CARTESIAN_POINT('',(2.07785668787163,0.903543307086615,-0.0335708661417377));
#9990=CARTESIAN_POINT('',(2.7422267666118,0.903543307086615,0.0876010998143393));
#9991=CARTESIAN_POINT('',(2.74222676661179,0.903543307086615,1.78160236220472));
#9992=CARTESIAN_POINT('',(2.67295057036709,0.903543307086615,0.129393335411393));
#9993=CARTESIAN_POINT('Origin',(2.69498267212361,0.903543307086615,0.0876010998143393));
#9994=CARTESIAN_POINT('',(2.65856534928896,0.903543307086615,0.122712628206775));
#9995=CARTESIAN_POINT('Origin',(2.59951023117872,0.903543307086615,0.26870078740157));
#9996=CARTESIAN_POINT('',(2.62903779023384,0.903543307086615,0.0789161804483373));
#9997=CARTESIAN_POINT('Origin',(2.67628188472203,0.903543307086615,0.0789161804483369));
#9998=CARTESIAN_POINT('',(2.62903779023384,0.903543307086615,-0.0335708661417398));
#9999=CARTESIAN_POINT('',(2.62903779023384,0.903543307086615,1.78160236220472));
#10000=CARTESIAN_POINT('',(2.56998267212361,0.903543307086615,-0.0335708661417394));
#10001=CARTESIAN_POINT('',(2.07785668787163,0.903543307086615,-0.033570866141738));
#10002=CARTESIAN_POINT('',(2.56998267212361,0.903543307086615,0.0789161804483324));
#10003=CARTESIAN_POINT('',(2.5699826721236,0.903543307086615,1.78160236220472));
#10004=CARTESIAN_POINT('',(2.54045511306849,0.903543307086615,0.122712628206772));
#10005=CARTESIAN_POINT('Origin',(2.52273857763542,0.903543307086615,0.0789161804483324));
#10006=CARTESIAN_POINT('',(2.52606989199035,0.903543307086615,0.129393335411388));
#10007=CARTESIAN_POINT('Origin',(2.59951023117872,0.903543307086615,0.26870078740157));
#10008=CARTESIAN_POINT('',(2.45679369574565,0.903543307086615,0.0876010998143333));
#10009=CARTESIAN_POINT('Origin',(2.50403779023384,0.903543307086615,0.0876010998143333));
#10010=CARTESIAN_POINT('',(2.45679369574565,0.903543307086615,-0.0335708661417401));
#10011=CARTESIAN_POINT('',(2.45679369574565,0.903543307086615,1.78160236220472));
#10012=CARTESIAN_POINT('',(2.39773857763542,0.903543307086615,-0.0335708661417398));
#10013=CARTESIAN_POINT('',(2.07785668787163,0.903543307086615,-0.0335708661417387));
#10014=CARTESIAN_POINT('',(2.39773857763542,0.903543307086615,1.34065748031494));
#10015=CARTESIAN_POINT('',(2.39773857763541,0.903543307086615,1.78160236220472));
#10016=CARTESIAN_POINT('',(2.35049448314723,0.903543307086615,1.38790157480313));
#10017=CARTESIAN_POINT('Origin',(2.35049448314723,0.903543307086615,1.34065748031494));
#10018=CARTESIAN_POINT('',(2.33179369574565,0.903543307086615,1.38790157480313));
#10019=CARTESIAN_POINT('',(4.35147873511573,0.903543307086615,1.38790157480313));
#10020=CARTESIAN_POINT('',(2.28454960125746,0.903543307086615,1.34065748031494));
#10021=CARTESIAN_POINT('Origin',(2.33179369574565,0.903543307086615,1.34065748031494));
#10022=CARTESIAN_POINT('',(2.28454960125747,0.903543307086615,-0.0335708661417408));
#10023=CARTESIAN_POINT('',(2.28454960125746,0.903543307086615,1.78160236220472));
#10024=CARTESIAN_POINT('',(2.24143936503699,0.903543307086615,-0.0335708661417408));
#10025=CARTESIAN_POINT('',(2.07785668787163,0.903543307086615,-0.0335708661417401));
#10026=CARTESIAN_POINT('',(2.11643936503699,0.903543307086615,0.103218825549867));
#10027=CARTESIAN_POINT('',(1.76247089735535,0.903543307086615,0.490572726051644));
#10028=CARTESIAN_POINT('',(2.11643936503699,0.903543307086615,1.56823308454604));
#10029=CARTESIAN_POINT('',(2.11643936503699,0.903543307086615,1.70286220472441));
#10030=CARTESIAN_POINT('',(2.24143936503699,0.903543307086615,1.70286220472441));
#10031=CARTESIAN_POINT('',(2.23632478457733,0.903543307086615,1.69735363298549));
#10032=CARTESIAN_POINT('',(4.33553385322597,0.903543307086615,1.70286220472441));
#10033=CARTESIAN_POINT('',(4.35147873511573,0.903543307086615,1.70286220472441));
#10034=CARTESIAN_POINT('',(4.46053385322597,0.903543307086615,1.56823308454604));
#10035=CARTESIAN_POINT('',(3.87586278189209,0.903543307086615,2.1979430999654));
#10036=CARTESIAN_POINT('',(4.46053385322596,0.903543307086615,0.103218825549872));
#10037=CARTESIAN_POINT('',(4.46053385322597,0.903543307086615,1.70286220472441));
#10038=CARTESIAN_POINT('',(4.33553385322596,0.903543307086615,-0.0335708661417412));
#10039=CARTESIAN_POINT('',(4.35765458136943,0.903543307086615,-0.00936376547983195));
#10040=CARTESIAN_POINT('',(4.29242361700549,0.903543307086615,-0.0335708661417412));
#10041=CARTESIAN_POINT('',(2.07785668787163,0.903543307086615,-0.0335708661417338));
#10042=CARTESIAN_POINT('',(4.29242361700549,0.903543307086615,1.34065748031494));
#10043=CARTESIAN_POINT('',(4.2924236170055,0.903543307086615,1.78160236220472));
#10044=CARTESIAN_POINT('',(4.24517952251731,0.903543307086615,1.38790157480313));
#10045=CARTESIAN_POINT('Origin',(4.24517952251731,0.903543307086615,1.34065748031494));
#10046=CARTESIAN_POINT('',(4.22647873511573,0.903543307086615,1.38790157480313));
#10047=CARTESIAN_POINT('',(4.35147873511573,0.903543307086615,1.38790157480313));
#10048=CARTESIAN_POINT('',(4.17923464062754,0.903543307086615,1.34065748031494));
#10049=CARTESIAN_POINT('Origin',(4.22647873511573,0.903543307086615,1.34065748031494));
#10050=CARTESIAN_POINT('',(4.17923464062754,0.903543307086615,-0.0335708661417405));
#10051=CARTESIAN_POINT('',(4.17923464062754,0.903543307086615,1.78160236220472));
#10052=CARTESIAN_POINT('',(4.1201795225173,0.903543307086615,-0.0335708661417405));
#10053=CARTESIAN_POINT('',(2.07785668787163,0.903543307086615,-0.0335708661417338));
#10054=CARTESIAN_POINT('',(4.12017952251731,0.903543307086615,1.34065748031494));
#10055=CARTESIAN_POINT('',(4.12017952251731,0.903543307086615,1.78160236220472));
#10056=CARTESIAN_POINT('',(4.07293542802912,0.903543307086615,1.38790157480313));
#10057=CARTESIAN_POINT('Origin',(4.07293542802912,0.903543307086615,1.34065748031494));
#10058=CARTESIAN_POINT('',(4.05423464062754,0.903543307086615,1.38790157480313));
#10059=CARTESIAN_POINT('',(4.35147873511573,0.903543307086615,1.38790157480313));
#10060=CARTESIAN_POINT('',(4.00699054613935,0.903543307086615,1.34065748031494));
#10061=CARTESIAN_POINT('Origin',(4.05423464062754,0.903543307086615,1.34065748031494));
#10062=CARTESIAN_POINT('',(4.00699054613935,0.903543307086615,-0.0335708661417405));
#10063=CARTESIAN_POINT('',(4.00699054613935,0.903543307086615,1.78160236220472));
#10064=CARTESIAN_POINT('',(3.94793542802911,0.903543307086615,-0.0335708661417401));
#10065=CARTESIAN_POINT('',(2.07785668787163,0.903543307086615,-0.0335708661417342));
#10066=CARTESIAN_POINT('',(3.94793542802912,0.903543307086615,1.34065748031494));
#10067=CARTESIAN_POINT('',(3.94793542802912,0.903543307086615,1.78160236220472));
#10068=CARTESIAN_POINT('',(3.90069133354093,0.903543307086615,1.38790157480313));
#10069=CARTESIAN_POINT('Origin',(3.90069133354093,0.903543307086615,1.34065748031494));
#10070=CARTESIAN_POINT('',(3.88199054613935,0.903543307086615,1.38790157480313));
#10071=CARTESIAN_POINT('',(4.35147873511573,0.903543307086615,1.38790157480313));
#10072=CARTESIAN_POINT('',(3.83474645165116,0.903543307086615,1.34065748031494));
#10073=CARTESIAN_POINT('Origin',(3.88199054613935,0.903543307086615,1.34065748031494));
#10074=CARTESIAN_POINT('',(3.83474645165116,0.903543307086615,-0.0335708661417401));
#10075=CARTESIAN_POINT('',(3.83474645165116,0.903543307086615,1.78160236220472));
#10076=CARTESIAN_POINT('',(3.77569133354092,0.903543307086615,-0.0335708661417394));
#10077=CARTESIAN_POINT('',(2.07785668787163,0.903543307086615,-0.0335708661417342));
#10078=CARTESIAN_POINT('',(3.77569133354093,0.903543307086615,1.34065748031494));
#10079=CARTESIAN_POINT('',(3.77569133354093,0.903543307086615,1.78160236220472));
#10080=CARTESIAN_POINT('',(3.72844723905274,0.903543307086615,1.38790157480313));
#10081=CARTESIAN_POINT('Origin',(3.72844723905274,0.903543307086615,1.34065748031494));
#10082=CARTESIAN_POINT('',(3.70974645165116,0.903543307086615,1.38790157480313));
#10083=CARTESIAN_POINT('',(4.35147873511573,0.903543307086615,1.38790157480313));
#10084=CARTESIAN_POINT('Origin',(3.70974645165116,0.903543307086615,1.34065748031494));
#10085=CARTESIAN_POINT('',(2.7174057328232,0.903543307086615,1.62654153900242));
#10086=CARTESIAN_POINT('',(2.69539464070903,0.903543307086615,1.62654153900242));
#10087=CARTESIAN_POINT('',(2.48997212098324,0.903543307086615,1.62654153900242));
#10088=CARTESIAN_POINT('',(2.69539464070903,0.903543307086615,1.46223651806935));
#10089=CARTESIAN_POINT('',(2.69539464070903,0.903543307086615,1.62191944013703));
#10090=CARTESIAN_POINT('',(2.70606668537045,0.903543307086615,1.46223651806935));
#10091=CARTESIAN_POINT('',(2.49530814331395,0.903543307086615,1.46223651806935));
#10092=CARTESIAN_POINT('',(2.77699131551612,0.903543307086615,1.56651128778194));
#10093=CARTESIAN_POINT('',(2.74912351264716,0.903543307086615,1.52553950237273));
#10094=CARTESIAN_POINT('',(2.84747126787029,0.903543307086615,1.46223651806935));
#10095=CARTESIAN_POINT('',(2.68512378625492,0.903543307086615,1.70242888048458));
#10096=CARTESIAN_POINT('',(2.85836564679549,0.903543307086615,1.46223651806935));
#10097=CARTESIAN_POINT('',(2.57145762402648,0.903543307086615,1.46223651806935));
#10098=CARTESIAN_POINT('',(2.85836564679549,0.903543307086615,1.62654153900242));
#10099=CARTESIAN_POINT('',(2.85836564679549,0.903543307086615,1.70407195060357));
#10100=CARTESIAN_POINT('',(2.83613222968147,0.903543307086615,1.62654153900242));
#10101=CARTESIAN_POINT('',(2.56034091546947,0.903543307086615,1.62654153900242));
#10102=CARTESIAN_POINT('',(2.83613222968147,0.903543307086615,1.51559674137643));
#10103=CARTESIAN_POINT('',(2.83613222968147,0.903543307086615,1.64859955179057));
#10104=CARTESIAN_POINT('',(2.77965932668147,0.903543307086615,1.5985274217662));
#10105=CARTESIAN_POINT('',(2.65864632598791,0.903543307086615,1.77623548971383));
#10106=CARTESIAN_POINT('',(2.7738786358232,0.903543307086615,1.5985274217662));
#10107=CARTESIAN_POINT('',(2.52921411854033,0.903543307086615,1.5985274217662));
#10108=CARTESIAN_POINT('',(2.7174057328232,0.903543307086615,1.51559674137643));
#10109=CARTESIAN_POINT('',(2.71071703028796,0.903543307086615,1.50577435536995));
#10110=CARTESIAN_POINT('',(2.7174057328232,0.903543307086615,1.70407195060357));
#10111=CARTESIAN_POINT('',(3.79794339022131,0.903543307086615,1.53138247410478));
#10112=CARTESIAN_POINT('',(3.79794339022131,0.903543307086615,1.59430307075438));
#10113=CARTESIAN_POINT('',(3.79794339022131,0.903543307086615,1.68795271647955));
#10114=CARTESIAN_POINT('',(3.72346141185517,0.903543307086615,1.62898721590399));
#10115=CARTESIAN_POINT('Ctrl Pts',(3.79794339022131,0.903543307086615,1.59430307075438));
#10116=CARTESIAN_POINT('Ctrl Pts',(3.79093549263364,0.903543307086615,1.60122504214173));
#10117=CARTESIAN_POINT('Ctrl Pts',(3.77732722561075,0.903543307086615,1.61466645360436));
#10118=CARTESIAN_POINT('Ctrl Pts',(3.75102620044655,0.903543307086615,1.62676036469052));
#10119=CARTESIAN_POINT('Ctrl Pts',(3.73262023630323,0.903543307086615,1.62824731038037));
#10120=CARTESIAN_POINT('Ctrl Pts',(3.72346141185517,0.903543307086615,1.62898721590399));
#10121=CARTESIAN_POINT('',(3.79327437068194,0.903543307086615,1.48958363251423));
#10122=CARTESIAN_POINT('Ctrl Pts',(3.72346141185517,0.903543307086615,1.62898721590399));
#10123=CARTESIAN_POINT('Ctrl Pts',(3.70831561832572,0.903543307086615,1.6269184681914));
#10124=CARTESIAN_POINT('Ctrl Pts',(3.67890969520957,0.903543307086615,1.62290194465536));
#10125=CARTESIAN_POINT('Ctrl Pts',(3.64634331336866,0.903543307086615,1.58891156224819));
#10126=CARTESIAN_POINT('Ctrl Pts',(3.63567003912932,0.903543307086615,1.5442544548629));
#10127=CARTESIAN_POINT('Ctrl Pts',(3.64702717292395,0.903543307086615,1.49890974597184));
#10128=CARTESIAN_POINT('Ctrl Pts',(3.68047783596278,0.903543307086615,1.46662663361052));
#10129=CARTESIAN_POINT('Ctrl Pts',(3.71925630929318,0.903543307086615,1.45709677913167));
#10130=CARTESIAN_POINT('Ctrl Pts',(3.75155779834383,0.903543307086615,1.4620176369813));
#10131=CARTESIAN_POINT('Ctrl Pts',(3.77572791526921,0.903543307086615,1.47218270630032));
#10132=CARTESIAN_POINT('Ctrl Pts',(3.78757948918435,0.903543307086615,1.48393598400599));
#10133=CARTESIAN_POINT('Ctrl Pts',(3.79327437068194,0.903543307086615,1.48958363251423));
#10134=CARTESIAN_POINT('',(3.77748863795359,0.903543307086615,1.5040353596599));
#10135=CARTESIAN_POINT('',(3.30226322241674,0.903543307086615,1.93910088092607));
#10136=CARTESIAN_POINT('',(3.77704396942603,0.903543307086615,1.58452036314808));
#10137=CARTESIAN_POINT('Ctrl Pts',(3.77748863795359,0.903543307086615,1.5040353596599));
#10138=CARTESIAN_POINT('Ctrl Pts',(3.77281486660328,0.903543307086615,1.49958355131216));
#10139=CARTESIAN_POINT('Ctrl Pts',(3.76341745767075,0.903543307086615,1.4906324365919));
#10140=CARTESIAN_POINT('Ctrl Pts',(3.74498750117095,0.903543307086615,1.48277431594475));
#10141=CARTESIAN_POINT('Ctrl Pts',(3.72080435123973,0.903543307086615,1.47931148418459));
#10142=CARTESIAN_POINT('Ctrl Pts',(3.69188238219213,0.903543307086615,1.4862263313428));
#10143=CARTESIAN_POINT('Ctrl Pts',(3.66740419020979,0.903543307086615,1.51081766935476));
#10144=CARTESIAN_POINT('Ctrl Pts',(3.65932962666884,0.903543307086615,1.54452187057881));
#10145=CARTESIAN_POINT('Ctrl Pts',(3.66747815257564,0.903543307086615,1.57809101538333));
#10146=CARTESIAN_POINT('Ctrl Pts',(3.69166551352247,0.903543307086615,1.60223133177241));
#10147=CARTESIAN_POINT('Ctrl Pts',(3.72014952598275,0.903543307086615,1.60932842151885));
#10148=CARTESIAN_POINT('Ctrl Pts',(3.74410686997004,0.903543307086615,1.60559065806723));
#10149=CARTESIAN_POINT('Ctrl Pts',(3.76244982729619,0.903543307086615,1.59765347188182));
#10150=CARTESIAN_POINT('Ctrl Pts',(3.77219670429267,0.903543307086615,1.58888236397632));
#10151=CARTESIAN_POINT('Ctrl Pts',(3.77704396942603,0.903543307086615,1.58452036314808));
#10152=CARTESIAN_POINT('',(3.77704396942603,0.903543307086615,1.55183722637249));
#10153=CARTESIAN_POINT('',(3.77704396942603,0.903543307086615,1.6667197942886));
#10154=CARTESIAN_POINT('',(3.72212740627249,0.903543307086615,1.55183722637249));
#10155=CARTESIAN_POINT('',(3.00333850376498,0.903543307086615,1.5518372263725));
#10156=CARTESIAN_POINT('',(3.72212740627249,0.903543307086615,1.53138247410478));
#10157=CARTESIAN_POINT('',(3.72212740627249,0.903543307086615,1.65649241815475));
#10158=CARTESIAN_POINT('',(3.04124649573939,0.903543307086615,1.53138247410478));
#10159=CARTESIAN_POINT('',(3.95719022019007,0.903543307086615,1.62654153900241));
#10160=CARTESIAN_POINT('',(3.93473445954834,0.903543307086615,1.62654153900241));
#10161=CARTESIAN_POINT('',(3.1096420304029,0.903543307086615,1.62654153900242));
#10162=CARTESIAN_POINT('',(3.93473445954834,0.903543307086615,1.46223651806934));
#10163=CARTESIAN_POINT('',(3.93473445954834,0.903543307086615,1.62191944013703));
#10164=CARTESIAN_POINT('',(3.95719022019007,0.903543307086615,1.46223651806934));
#10165=CARTESIAN_POINT('',(3.12086991072377,0.903543307086615,1.46223651806934));
#10166=CARTESIAN_POINT('',(3.95719022019007,0.903543307086615,1.53160480836856));
#10167=CARTESIAN_POINT('',(3.95719022019007,0.903543307086615,1.65660358528663));
#10168=CARTESIAN_POINT('',(4.03967623205228,0.903543307086615,1.53160480836855));
#10169=CARTESIAN_POINT('',(3.16211291665487,0.903543307086615,1.53160480836856));
#10170=CARTESIAN_POINT('',(4.03967623205228,0.903543307086615,1.46223651806934));
#10171=CARTESIAN_POINT('',(4.03967623205228,0.903543307086615,1.62191944013703));
#10172=CARTESIAN_POINT('',(4.06190965843023,0.903543307086615,1.46223651806934));
#10173=CARTESIAN_POINT('',(3.17322962984385,0.903543307086615,1.46223651806935));
#10174=CARTESIAN_POINT('',(4.06190965843023,0.903543307086615,1.62654153900241));
#10175=CARTESIAN_POINT('',(4.06190965843023,0.903543307086615,1.70407195060356));
#10176=CARTESIAN_POINT('',(4.03967623205228,0.903543307086615,1.62654153900241));
#10177=CARTESIAN_POINT('',(3.16211291665487,0.903543307086615,1.62654153900242));
#10178=CARTESIAN_POINT('',(4.03967623205228,0.903543307086615,1.55294889769139));
#10179=CARTESIAN_POINT('',(4.03967623205228,0.903543307086615,1.66727562994805));
#10180=CARTESIAN_POINT('',(3.95719022019007,0.903543307086615,1.55294889769139));
#10181=CARTESIAN_POINT('',(3.12086991072377,0.903543307086615,1.55294889769139));
#10182=CARTESIAN_POINT('',(3.95719022019007,0.903543307086615,1.70407195060356));
#10183=CARTESIAN_POINT('',(3.10641774409505,0.903543307086615,1.62654153900242));
#10184=CARTESIAN_POINT('',(3.00414394878872,0.903543307086615,1.62654153900242));
#10185=CARTESIAN_POINT('',(2.64434677502309,0.903543307086615,1.62654153900242));
#10186=CARTESIAN_POINT('',(3.00414394878872,0.903543307086615,1.46223651806935));
#10187=CARTESIAN_POINT('',(3.00414394878872,0.903543307086615,1.62191944013703));
#10188=CARTESIAN_POINT('',(3.10641774409505,0.903543307086615,1.46223651806935));
#10189=CARTESIAN_POINT('',(2.69548367267625,0.903543307086615,1.46223651806935));
#10190=CARTESIAN_POINT('',(3.10641774409505,0.903543307086615,1.4833582731284));
#10191=CARTESIAN_POINT('',(3.10641774409505,0.903543307086615,1.63248031766656));
#10192=CARTESIAN_POINT('',(3.02637737516668,0.903543307086615,1.4833582731284));
#10193=CARTESIAN_POINT('',(2.65546348821207,0.903543307086615,1.4833582731284));
#10194=CARTESIAN_POINT('',(3.02637737516668,0.903543307086615,1.53249414542368));
#10195=CARTESIAN_POINT('',(3.02637737516668,0.903543307086615,1.6570482538142));
#10196=CARTESIAN_POINT('',(3.100414718973,0.903543307086615,1.53249414542368));
#10197=CARTESIAN_POINT('',(2.69248216011523,0.903543307086615,1.53249414542368));
#10198=CARTESIAN_POINT('',(3.100414718973,0.903543307086615,1.55361590048273));
#10199=CARTESIAN_POINT('',(3.100414718973,0.903543307086615,1.66760913134372));
#10200=CARTESIAN_POINT('',(3.02637737516668,0.903543307086615,1.55361590048273));
#10201=CARTESIAN_POINT('',(2.65546348821207,0.903543307086615,1.55361590048273));
#10202=CARTESIAN_POINT('',(3.02637737516668,0.903543307086615,1.60541978394336));
#10203=CARTESIAN_POINT('',(3.02637737516668,0.903543307086615,1.69351107307404));
#10204=CARTESIAN_POINT('',(3.10641774409505,0.903543307086615,1.60541978394336));
#10205=CARTESIAN_POINT('',(2.69548367267625,0.903543307086615,1.60541978394336));
#10206=CARTESIAN_POINT('',(3.10641774409505,0.903543307086615,1.70407195060357));
#10207=CARTESIAN_POINT('',(2.52777543730459,0.903543307086615,1.62654153900242));
#10208=CARTESIAN_POINT('',(2.52777543730459,0.903543307086615,1.46223651806935));
#10209=CARTESIAN_POINT('',(2.52777543730459,0.903543307086615,1.62191944013703));
#10210=CARTESIAN_POINT('',(2.55000886368255,0.903543307086615,1.46223651806935));
#10211=CARTESIAN_POINT('',(2.41727923247,0.903543307086615,1.46223651806935));
#10212=CARTESIAN_POINT('',(2.55000886368255,0.903543307086615,1.62654153900242));
#10213=CARTESIAN_POINT('',(2.55000886368255,0.903543307086615,1.70407195060357));
#10214=CARTESIAN_POINT('',(2.40616251928103,0.903543307086615,1.62654153900242));
#10215=CARTESIAN_POINT('',(3.48224948376435,0.903543307086615,1.62654153900242));
#10216=CARTESIAN_POINT('',(3.48224948376435,0.903543307086615,1.46223651806934));
#10217=CARTESIAN_POINT('',(3.48224948376435,0.903543307086615,1.62191944013703));
#10218=CARTESIAN_POINT('',(3.50448291014231,0.903543307086615,1.46223651806934));
#10219=CARTESIAN_POINT('',(2.89451625569989,0.903543307086615,1.46223651806935));
#10220=CARTESIAN_POINT('',(3.50448291014231,0.903543307086615,1.62654153900242));
#10221=CARTESIAN_POINT('',(3.50448291014231,0.903543307086615,1.70407195060356));
#10222=CARTESIAN_POINT('',(2.88339954251091,0.903543307086615,1.62654153900242));
#10223=CARTESIAN_POINT('',(4.23856806204706,0.903543307086615,1.62654153900241));
#10224=CARTESIAN_POINT('',(4.23856806204706,0.903543307086615,1.48380294165596));
#10225=CARTESIAN_POINT('',(4.23856806204706,0.903543307086615,1.63270265193034));
#10226=CARTESIAN_POINT('',(4.18987685827934,0.903543307086615,1.48380294165596));
#10227=CARTESIAN_POINT('',(3.2372132297684,0.903543307086615,1.48380294165596));
#10228=CARTESIAN_POINT('',(4.18987685827934,0.903543307086615,1.46223651806934));
#10229=CARTESIAN_POINT('',(4.18987685827934,0.903543307086615,1.62191944013703));
#10230=CARTESIAN_POINT('',(4.30949269219273,0.903543307086615,1.46223651806934));
#10231=CARTESIAN_POINT('',(3.29702114672509,0.903543307086615,1.46223651806935));
#10232=CARTESIAN_POINT('',(4.30949269219273,0.903543307086615,1.48380294165596));
#10233=CARTESIAN_POINT('',(4.30949269219273,0.903543307086615,1.63270265193033));
#10234=CARTESIAN_POINT('',(4.26080148842501,0.903543307086615,1.48380294165596));
#10235=CARTESIAN_POINT('',(3.27267554484124,0.903543307086615,1.48380294165596));
#10236=CARTESIAN_POINT('',(4.26080148842501,0.903543307086615,1.62654153900241));
#10237=CARTESIAN_POINT('',(4.26080148842501,0.903543307086615,1.70407195060356));
#10238=CARTESIAN_POINT('',(3.26155883165226,0.903543307086615,1.62654153900242));
#10239=CARTESIAN_POINT('',(3.35434819676053,0.903543307086615,1.62654153900242));
#10240=CARTESIAN_POINT('',(3.24384806766211,0.903543307086615,1.62654153900242));
#10241=CARTESIAN_POINT('',(2.76419883445978,0.903543307086615,1.62654153900242));
#10242=CARTESIAN_POINT('',(3.2438480676621,0.903543307086615,1.46223651806934));
#10243=CARTESIAN_POINT('',(3.24384806766211,0.903543307086615,1.62191944013703));
#10244=CARTESIAN_POINT('',(3.26608149404005,0.903543307086615,1.46223651806934));
#10245=CARTESIAN_POINT('',(2.77531554764876,0.903543307086615,1.46223651806935));
#10246=CARTESIAN_POINT('',(3.26608149404005,0.903543307086615,1.6049751154158));
#10247=CARTESIAN_POINT('',(3.26608149404005,0.903543307086615,1.69328873881026));
#10248=CARTESIAN_POINT('',(3.35434819676053,0.903543307086615,1.6049751154158));
#10249=CARTESIAN_POINT('',(2.819448899009,0.903543307086615,1.6049751154158));
#10250=CARTESIAN_POINT('',(3.35434819676053,0.903543307086615,1.70407195060357));
#10251=CARTESIAN_POINT('',(2.39987418735647,0.903543307086615,1.62654153900242));
#10252=CARTESIAN_POINT('',(2.28937405825805,0.903543307086615,1.62654153900242));
#10253=CARTESIAN_POINT('',(2.28696182975776,0.903543307086615,1.62654153900242));
#10254=CARTESIAN_POINT('',(2.28937405825805,0.903543307086615,1.46223651806935));
#10255=CARTESIAN_POINT('',(2.28937405825805,0.903543307086615,1.62191944013703));
#10256=CARTESIAN_POINT('',(2.311607484636,0.903543307086615,1.46223651806935));
#10257=CARTESIAN_POINT('',(2.29807854294673,0.903543307086615,1.46223651806935));
#10258=CARTESIAN_POINT('',(2.311607484636,0.903543307086615,1.60497511541581));
#10259=CARTESIAN_POINT('',(2.311607484636,0.903543307086615,1.69328873881026));
#10260=CARTESIAN_POINT('',(2.39987418735647,0.903543307086615,1.60497511541581));
#10261=CARTESIAN_POINT('',(2.34221189430697,0.903543307086615,1.60497511541581));
#10262=CARTESIAN_POINT('',(2.39987418735647,0.903543307086615,1.70407195060357));
#10263=CARTESIAN_POINT('',(2.62903779023384,0.903543307086615,1.34065748031494));
#10264=CARTESIAN_POINT('',(2.62903779023384,0.903543307086615,0.891556260496536));
#10265=CARTESIAN_POINT('',(2.62903779023384,0.903543307086615,1.78160236220472));
#10266=CARTESIAN_POINT('',(2.65856534928896,0.903543307086615,0.847759812738098));
#10267=CARTESIAN_POINT('Origin',(2.67628188472203,0.903543307086615,0.891556260496537));
#10268=CARTESIAN_POINT('',(2.67295057036709,0.903543307086615,0.841079105533481));
#10269=CARTESIAN_POINT('Origin',(2.59951023117872,0.903543307086615,0.701771653543302));
#10270=CARTESIAN_POINT('',(2.74222676661179,0.903543307086615,0.882871341130535));
#10271=CARTESIAN_POINT('Origin',(2.69498267212361,0.903543307086615,0.882871341130535));
#10272=CARTESIAN_POINT('',(2.74222676661179,0.903543307086615,1.34065748031494));
#10273=CARTESIAN_POINT('',(2.74222676661179,0.903543307086615,1.78160236220472));
#10274=CARTESIAN_POINT('',(2.6949826721236,0.903543307086615,1.38790157480313));
#10275=CARTESIAN_POINT('Origin',(2.6949826721236,0.903543307086615,1.34065748031494));
#10276=CARTESIAN_POINT('',(2.67628188472203,0.903543307086615,1.38790157480313));
#10277=CARTESIAN_POINT('',(4.35147873511573,0.903543307086615,1.38790157480313));
#10278=CARTESIAN_POINT('Origin',(2.67628188472203,0.903543307086615,1.34065748031494));
#10279=CARTESIAN_POINT('',(3.38395905007636,0.903543307086615,1.38790157480313));
#10280=CARTESIAN_POINT('',(3.36525826267479,0.903543307086615,1.38790157480313));
#10281=CARTESIAN_POINT('',(4.35147873511573,0.903543307086615,1.38790157480313));
#10282=CARTESIAN_POINT('',(3.3180141681866,0.903543307086615,1.34065748031494));
#10283=CARTESIAN_POINT('Origin',(3.36525826267479,0.903543307086615,1.34065748031494));
#10284=CARTESIAN_POINT('',(3.3180141681866,0.903543307086615,0.911047966002411));
#10285=CARTESIAN_POINT('',(3.3180141681866,0.903543307086615,1.78160236220472));
#10286=CARTESIAN_POINT('',(3.35687555255177,0.903543307086615,0.864553507891768));
#10287=CARTESIAN_POINT('Origin',(3.36525826267479,0.903543307086615,0.911047966002411));
#10288=CARTESIAN_POINT('',(3.37353439774389,0.903543307086615,0.861169094493107));
#10289=CARTESIAN_POINT('Origin',(3.28848660913148,0.903543307086615,0.485236220472435));
#10290=CARTESIAN_POINT('',(3.43120314456455,0.903543307086615,0.907248711329145));
#10291=CARTESIAN_POINT('Origin',(3.38395905007636,0.903543307086615,0.907248711329145));
#10292=CARTESIAN_POINT('',(3.43120314456455,0.903543307086615,1.34065748031494));
#10293=CARTESIAN_POINT('',(3.43120314456455,0.903543307086615,1.78160236220472));
#10294=CARTESIAN_POINT('Origin',(3.38395905007636,0.903543307086615,1.34065748031494));
#10295=CARTESIAN_POINT('',(3.57391967999762,0.903543307086615,0.485236220472434));
#10296=CARTESIAN_POINT('Origin',(3.28848660913148,0.903543307086615,0.485236220472435));
#10297=CARTESIAN_POINT('',(3.55620314456455,0.903543307086615,1.38790157480313));
#10298=CARTESIAN_POINT('',(3.53750235716298,0.903543307086615,1.38790157480313));
#10299=CARTESIAN_POINT('',(4.35147873511573,0.903543307086615,1.38790157480313));
#10300=CARTESIAN_POINT('',(3.49025826267479,0.903543307086615,1.34065748031494));
#10301=CARTESIAN_POINT('Origin',(3.53750235716298,0.903543307086615,1.34065748031494));
#10302=CARTESIAN_POINT('',(3.49025826267479,0.903543307086615,0.839073311025945));
#10303=CARTESIAN_POINT('',(3.49025826267479,0.903543307086615,1.78160236220472));
#10304=CARTESIAN_POINT('',(3.51031228458447,0.903543307086615,0.800437777935479));
#10305=CARTESIAN_POINT('Origin',(3.53750235716297,0.903543307086615,0.839073311025944));
#10306=CARTESIAN_POINT('',(3.52697112977659,0.903543307086615,0.788029525434707));
#10307=CARTESIAN_POINT('Origin',(3.28848660913148,0.903543307086615,0.485236220472435));
#10308=CARTESIAN_POINT('',(3.60344723905274,0.903543307086615,0.825144128698724));
#10309=CARTESIAN_POINT('Origin',(3.55620314456455,0.903543307086615,0.825144128698724));
#10310=CARTESIAN_POINT('',(3.60344723905274,0.903543307086615,1.34065748031494));
#10311=CARTESIAN_POINT('',(3.60344723905274,0.903543307086615,1.78160236220472));
#10312=CARTESIAN_POINT('Origin',(3.55620314456455,0.903543307086615,1.34065748031494));
#10313=CARTESIAN_POINT('',(3.14577007369841,0.903543307086615,1.34065748031494));
#10314=CARTESIAN_POINT('',(3.14577007369841,0.903543307086615,0.907248711329146));
#10315=CARTESIAN_POINT('',(3.14577007369841,0.903543307086615,1.78160236220472));
#10316=CARTESIAN_POINT('',(3.20343882051907,0.903543307086615,0.861169094493108));
#10317=CARTESIAN_POINT('Origin',(3.1930141681866,0.903543307086615,0.907248711329145));
#10318=CARTESIAN_POINT('',(3.22009766571119,0.903543307086615,0.864553507891768));
#10319=CARTESIAN_POINT('Origin',(3.28848660913148,0.903543307086615,0.485236220472435));
#10320=CARTESIAN_POINT('',(3.25895905007636,0.903543307086615,0.911047966002411));
#10321=CARTESIAN_POINT('Origin',(3.21171495558817,0.903543307086615,0.911047966002411));
#10322=CARTESIAN_POINT('',(3.25895905007636,0.903543307086615,1.34065748031494));
#10323=CARTESIAN_POINT('',(3.25895905007636,0.903543307086615,1.78160236220472));
#10324=CARTESIAN_POINT('',(3.21171495558817,0.903543307086615,1.38790157480313));
#10325=CARTESIAN_POINT('Origin',(3.21171495558817,0.903543307086615,1.34065748031494));
#10326=CARTESIAN_POINT('',(3.1930141681866,0.903543307086615,1.38790157480313));
#10327=CARTESIAN_POINT('',(4.35147873511573,0.903543307086615,1.38790157480313));
#10328=CARTESIAN_POINT('Origin',(3.1930141681866,0.903543307086615,1.34065748031494));
#10329=CARTESIAN_POINT('',(2.97352597921022,0.903543307086615,1.34065748031494));
#10330=CARTESIAN_POINT('',(2.97352597921022,0.903543307086615,0.825144128698726));
#10331=CARTESIAN_POINT('',(2.97352597921022,0.903543307086615,1.78160236220472));
#10332=CARTESIAN_POINT('',(3.05000208848637,0.903543307086615,0.788029525434709));
#10333=CARTESIAN_POINT('Origin',(3.02077007369841,0.903543307086615,0.825144128698726));
#10334=CARTESIAN_POINT('',(3.06666093367849,0.903543307086615,0.800437777935481));
#10335=CARTESIAN_POINT('Origin',(3.28848660913148,0.903543307086615,0.485236220472435));
#10336=CARTESIAN_POINT('',(3.08671495558817,0.903543307086615,0.839073311025947));
#10337=CARTESIAN_POINT('Origin',(3.03947086109998,0.903543307086615,0.839073311025947));
#10338=CARTESIAN_POINT('',(3.08671495558817,0.903543307086615,1.34065748031494));
#10339=CARTESIAN_POINT('',(3.08671495558817,0.903543307086615,1.78160236220472));
#10340=CARTESIAN_POINT('',(3.03947086109998,0.903543307086615,1.38790157480313));
#10341=CARTESIAN_POINT('Origin',(3.03947086109998,0.903543307086615,1.34065748031494));
#10342=CARTESIAN_POINT('',(3.02077007369841,0.903543307086615,1.38790157480313));
#10343=CARTESIAN_POINT('',(4.35147873511573,0.903543307086615,1.38790157480313));
#10344=CARTESIAN_POINT('Origin',(3.02077007369841,0.903543307086615,1.34065748031494));
#10345=CARTESIAN_POINT('',(2.45679369574565,0.903543307086615,1.34065748031494));
#10346=CARTESIAN_POINT('',(2.45679369574565,0.903543307086615,0.882871341130538));
#10347=CARTESIAN_POINT('',(2.45679369574565,0.903543307086615,1.78160236220472));
#10348=CARTESIAN_POINT('',(2.52606989199035,0.903543307086615,0.841079105533483));
#10349=CARTESIAN_POINT('Origin',(2.50403779023384,0.903543307086615,0.882871341130538));
#10350=CARTESIAN_POINT('',(2.54045511306849,0.903543307086615,0.8477598127381));
#10351=CARTESIAN_POINT('Origin',(2.59951023117872,0.903543307086615,0.701771653543302));
#10352=CARTESIAN_POINT('',(2.56998267212361,0.903543307086615,0.891556260496539));
#10353=CARTESIAN_POINT('Origin',(2.52273857763542,0.903543307086615,0.891556260496539));
#10354=CARTESIAN_POINT('',(2.5699826721236,0.903543307086615,1.34065748031494));
#10355=CARTESIAN_POINT('',(2.5699826721236,0.903543307086615,1.78160236220472));
#10356=CARTESIAN_POINT('',(2.52273857763542,0.903543307086615,1.38790157480313));
#10357=CARTESIAN_POINT('Origin',(2.52273857763542,0.903543307086615,1.34065748031494));
#10358=CARTESIAN_POINT('',(2.50403779023384,0.903543307086615,1.38790157480313));
#10359=CARTESIAN_POINT('',(4.35147873511573,0.903543307086615,1.38790157480313));
#10360=CARTESIAN_POINT('Origin',(2.50403779023384,0.903543307086615,1.34065748031494));
#10361=CARTESIAN_POINT('',(2.25954960125746,0.903543307086615,0.485236220472439));
#10362=CARTESIAN_POINT('Origin',(2.20049448314722,0.903543307086615,0.485236220472439));
#10363=CARTESIAN_POINT('Origin',(3.28848660913148,0.706692913385828,0.834645669291333));
#10364=CARTESIAN_POINT('',(2.80128188472203,0.706692913385828,1.34065748031494));
#10365=CARTESIAN_POINT('',(2.84852597921022,0.706692913385828,1.38790157480313));
#10366=CARTESIAN_POINT('Origin',(2.84852597921022,0.706692913385828,1.34065748031494));
#10367=CARTESIAN_POINT('',(2.86722676661179,0.706692913385828,1.38790157480313));
#10368=CARTESIAN_POINT('',(2.75699054613935,0.706692913385828,1.38790157480313));
#10369=CARTESIAN_POINT('',(2.91447086109998,0.706692913385828,1.34065748031494));
#10370=CARTESIAN_POINT('Origin',(2.86722676661179,0.706692913385828,1.34065748031494));
#10371=CARTESIAN_POINT('',(2.91447086109998,0.706692913385828,-0.0966860236220519));
#10372=CARTESIAN_POINT('',(2.91447086109998,0.706692913385828,0.30998622047243));
#10373=CARTESIAN_POINT('',(2.80128188472203,0.706692913385828,-0.0966860236220512));
#10374=CARTESIAN_POINT('',(2.57982519180864,0.706692913385828,-0.0966860236220505));
#10375=CARTESIAN_POINT('',(2.80128188472203,0.706692913385828,1.30812401574803));
#10376=CARTESIAN_POINT('Origin',(3.55620314456455,0.805118110236221,0.825144128698724));
#10377=CARTESIAN_POINT('',(3.60344723905274,0.706692913385828,0.825144128698724));
#10378=CARTESIAN_POINT('',(3.52697112977659,0.706692913385828,0.788029525434707));
#10379=CARTESIAN_POINT('Origin',(3.55620314456455,0.706692913385828,0.825144128698724));
#10380=CARTESIAN_POINT('',(3.60344723905274,0.805118110236222,0.825144128698724));
#10381=CARTESIAN_POINT('',(3.52697112977659,0.805118110236221,0.788029525434707));
#10382=CARTESIAN_POINT('Origin',(3.28848660913148,0.706692913385828,0.834645669291333));
#10383=CARTESIAN_POINT('',(3.51031228458447,0.706692913385828,0.800437777935479));
#10384=CARTESIAN_POINT('Origin',(3.28848660913148,0.706692913385828,0.485236220472435));
#10385=CARTESIAN_POINT('',(3.49025826267479,0.706692913385828,0.839073311025945));
#10386=CARTESIAN_POINT('Origin',(3.53750235716297,0.706692913385828,0.839073311025944));
#10387=CARTESIAN_POINT('',(3.49025826267479,0.706692913385828,1.34065748031494));
#10388=CARTESIAN_POINT('',(3.49025826267479,0.706692913385828,1.30812401574803));
#10389=CARTESIAN_POINT('',(3.53750235716298,0.706692913385828,1.38790157480313));
#10390=CARTESIAN_POINT('Origin',(3.53750235716298,0.706692913385828,1.34065748031494));
#10391=CARTESIAN_POINT('',(3.55620314456455,0.706692913385828,1.38790157480313));
#10392=CARTESIAN_POINT('',(2.75699054613935,0.706692913385828,1.38790157480313));
#10393=CARTESIAN_POINT('',(3.60344723905274,0.706692913385828,1.34065748031494));
#10394=CARTESIAN_POINT('Origin',(3.55620314456455,0.706692913385828,1.34065748031494));
#10395=CARTESIAN_POINT('',(3.60344723905274,0.706692913385828,1.30812401574803));
#10396=CARTESIAN_POINT('Origin',(3.28848660913148,0.805118110236221,0.485236220472435));
#10397=CARTESIAN_POINT('',(3.51031228458447,0.805118110236221,0.800437777935479));
#10398=CARTESIAN_POINT('Origin',(3.53750235716297,0.805118110236221,0.839073311025944));
#10399=CARTESIAN_POINT('',(3.49025826267479,0.805118110236221,0.839073311025945));
#10400=CARTESIAN_POINT('Origin',(3.38395905007636,0.805118110236221,0.907248711329145));
#10401=CARTESIAN_POINT('',(3.43120314456455,0.706692913385828,0.907248711329145));
#10402=CARTESIAN_POINT('',(3.37353439774389,0.706692913385828,0.861169094493107));
#10403=CARTESIAN_POINT('Origin',(3.38395905007636,0.706692913385828,0.907248711329145));
#10404=CARTESIAN_POINT('',(3.43120314456455,0.805118110236221,0.907248711329145));
#10405=CARTESIAN_POINT('',(3.37353439774389,0.805118110236221,0.861169094493107));
#10406=CARTESIAN_POINT('Origin',(3.28848660913148,0.706692913385828,0.834645669291333));
#10407=CARTESIAN_POINT('',(3.35687555255177,0.706692913385828,0.864553507891768));
#10408=CARTESIAN_POINT('Origin',(3.28848660913148,0.706692913385828,0.485236220472435));
#10409=CARTESIAN_POINT('',(3.3180141681866,0.706692913385828,0.911047966002411));
#10410=CARTESIAN_POINT('Origin',(3.36525826267479,0.706692913385828,0.911047966002411));
#10411=CARTESIAN_POINT('',(3.3180141681866,0.706692913385828,1.34065748031494));
#10412=CARTESIAN_POINT('',(3.3180141681866,0.706692913385828,1.30812401574803));
#10413=CARTESIAN_POINT('',(3.36525826267479,0.706692913385828,1.38790157480313));
#10414=CARTESIAN_POINT('Origin',(3.36525826267479,0.706692913385828,1.34065748031494));
#10415=CARTESIAN_POINT('',(3.38395905007636,0.706692913385828,1.38790157480313));
#10416=CARTESIAN_POINT('',(2.75699054613935,0.706692913385828,1.38790157480313));
#10417=CARTESIAN_POINT('',(3.43120314456455,0.706692913385828,1.34065748031494));
#10418=CARTESIAN_POINT('Origin',(3.38395905007636,0.706692913385828,1.34065748031494));
#10419=CARTESIAN_POINT('',(3.43120314456455,0.706692913385828,1.30812401574803));
#10420=CARTESIAN_POINT('Origin',(3.28848660913148,0.805118110236221,0.485236220472435));
#10421=CARTESIAN_POINT('',(3.35687555255177,0.805118110236221,0.864553507891768));
#10422=CARTESIAN_POINT('Origin',(3.36525826267479,0.805118110236221,0.911047966002411));
#10423=CARTESIAN_POINT('',(3.3180141681866,0.805118110236221,0.911047966002411));
#10424=CARTESIAN_POINT('Origin',(3.21171495558817,0.805118110236221,0.911047966002411));
#10425=CARTESIAN_POINT('',(3.25895905007636,0.706692913385828,0.911047966002411));
#10426=CARTESIAN_POINT('',(3.22009766571119,0.706692913385828,0.864553507891768));
#10427=CARTESIAN_POINT('Origin',(3.21171495558817,0.706692913385828,0.911047966002411));
#10428=CARTESIAN_POINT('',(3.25895905007636,0.805118110236221,0.911047966002411));
#10429=CARTESIAN_POINT('',(3.22009766571119,0.805118110236221,0.864553507891768));
#10430=CARTESIAN_POINT('Origin',(3.28848660913148,0.706692913385828,0.834645669291333));
#10431=CARTESIAN_POINT('',(3.20343882051907,0.706692913385828,0.861169094493108));
#10432=CARTESIAN_POINT('Origin',(3.28848660913148,0.706692913385828,0.485236220472435));
#10433=CARTESIAN_POINT('',(3.14577007369841,0.706692913385828,0.907248711329146));
#10434=CARTESIAN_POINT('Origin',(3.1930141681866,0.706692913385828,0.907248711329145));
#10435=CARTESIAN_POINT('',(3.14577007369841,0.706692913385828,1.34065748031494));
#10436=CARTESIAN_POINT('',(3.14577007369841,0.706692913385828,1.30812401574803));
#10437=CARTESIAN_POINT('',(3.1930141681866,0.706692913385828,1.38790157480313));
#10438=CARTESIAN_POINT('Origin',(3.1930141681866,0.706692913385828,1.34065748031494));
#10439=CARTESIAN_POINT('',(3.21171495558817,0.706692913385828,1.38790157480313));
#10440=CARTESIAN_POINT('',(2.75699054613935,0.706692913385828,1.38790157480313));
#10441=CARTESIAN_POINT('',(3.25895905007636,0.706692913385828,1.34065748031494));
#10442=CARTESIAN_POINT('Origin',(3.21171495558817,0.706692913385828,1.34065748031494));
#10443=CARTESIAN_POINT('',(3.25895905007636,0.706692913385828,1.30812401574803));
#10444=CARTESIAN_POINT('Origin',(3.28848660913148,0.805118110236221,0.485236220472435));
#10445=CARTESIAN_POINT('',(3.20343882051907,0.805118110236221,0.861169094493108));
#10446=CARTESIAN_POINT('Origin',(3.1930141681866,0.805118110236221,0.907248711329145));
#10447=CARTESIAN_POINT('',(3.14577007369841,0.805118110236221,0.907248711329146));
#10448=CARTESIAN_POINT('Origin',(3.03947086109998,0.805118110236221,0.839073311025947));
#10449=CARTESIAN_POINT('',(3.08671495558817,0.706692913385828,0.839073311025947));
#10450=CARTESIAN_POINT('',(3.06666093367849,0.706692913385828,0.800437777935481));
#10451=CARTESIAN_POINT('Origin',(3.03947086109998,0.706692913385828,0.839073311025947));
#10452=CARTESIAN_POINT('',(3.08671495558817,0.805118110236221,0.839073311025947));
#10453=CARTESIAN_POINT('',(3.06666093367849,0.805118110236221,0.800437777935481));
#10454=CARTESIAN_POINT('Origin',(3.28848660913148,0.706692913385828,0.834645669291333));
#10455=CARTESIAN_POINT('',(3.05000208848637,0.706692913385828,0.788029525434709));
#10456=CARTESIAN_POINT('Origin',(3.28848660913148,0.706692913385828,0.485236220472435));
#10457=CARTESIAN_POINT('',(2.97352597921022,0.706692913385828,0.825144128698726));
#10458=CARTESIAN_POINT('Origin',(3.02077007369841,0.706692913385828,0.825144128698726));
#10459=CARTESIAN_POINT('',(2.97352597921022,0.706692913385828,1.34065748031494));
#10460=CARTESIAN_POINT('',(2.97352597921022,0.706692913385828,1.30812401574803));
#10461=CARTESIAN_POINT('',(3.02077007369841,0.706692913385828,1.38790157480313));
#10462=CARTESIAN_POINT('Origin',(3.02077007369841,0.706692913385828,1.34065748031494));
#10463=CARTESIAN_POINT('',(3.03947086109998,0.706692913385828,1.38790157480313));
#10464=CARTESIAN_POINT('',(2.75699054613935,0.706692913385828,1.38790157480313));
#10465=CARTESIAN_POINT('',(3.08671495558817,0.706692913385828,1.34065748031494));
#10466=CARTESIAN_POINT('Origin',(3.03947086109998,0.706692913385828,1.34065748031494));
#10467=CARTESIAN_POINT('',(3.08671495558817,0.706692913385828,1.30812401574803));
#10468=CARTESIAN_POINT('Origin',(3.28848660913148,0.805118110236221,0.485236220472435));
#10469=CARTESIAN_POINT('',(3.05000208848637,0.805118110236221,0.788029525434709));
#10470=CARTESIAN_POINT('Origin',(3.02077007369841,0.805118110236221,0.825144128698726));
#10471=CARTESIAN_POINT('',(2.97352597921022,0.805118110236221,0.825144128698726));
#10472=CARTESIAN_POINT('Origin',(3.55620314456455,0.805118110236222,0.145328312246145));
#10473=CARTESIAN_POINT('',(3.52697112977659,0.706692913385828,0.182442915510162));
#10474=CARTESIAN_POINT('',(3.60344723905274,0.706692913385828,0.145328312246144));
#10475=CARTESIAN_POINT('Origin',(3.55620314456455,0.706692913385828,0.145328312246145));
#10476=CARTESIAN_POINT('',(3.52697112977659,0.805118110236222,0.182442915510162));
#10477=CARTESIAN_POINT('',(3.60344723905274,0.805118110236222,0.145328312246144));
#10478=CARTESIAN_POINT('Origin',(3.60344723905274,0.903543307086615,-0.0729409448818989));
#10479=CARTESIAN_POINT('',(3.60344723905274,0.851946180696487,-0.0565029223151307));
#10480=CARTESIAN_POINT('',(3.60344723905274,0.706692913385828,-0.096686023622054));
#10481=CARTESIAN_POINT('',(3.60344723905274,0.757935531496062,-0.0454434055118179));
#10482=CARTESIAN_POINT('',(3.60344723905274,0.706692913385828,0.361167322834639));
#10483=CARTESIAN_POINT('Origin',(3.53750235716297,0.805118110236222,0.131399129918924));
#10484=CARTESIAN_POINT('',(3.49025826267478,0.706692913385828,0.131399129918924));
#10485=CARTESIAN_POINT('',(3.51031228458447,0.706692913385828,0.170034663009389));
#10486=CARTESIAN_POINT('Origin',(3.53750235716297,0.706692913385828,0.131399129918924));
#10487=CARTESIAN_POINT('',(3.49025826267478,0.805118110236222,0.131399129918924));
#10488=CARTESIAN_POINT('',(3.51031228458447,0.805118110236222,0.170034663009389));
#10489=CARTESIAN_POINT('Origin',(3.28848660913148,0.805118110236221,0.485236220472435));
#10490=CARTESIAN_POINT('Origin',(3.28848660913148,0.706692913385828,0.485236220472435));
#10491=CARTESIAN_POINT('Origin',(3.38395905007636,0.805118110236221,0.0632237296157241));
#10492=CARTESIAN_POINT('',(3.37353439774389,0.706692913385828,0.109303346451762));
#10493=CARTESIAN_POINT('',(3.43120314456455,0.706692913385828,0.0632237296157241));
#10494=CARTESIAN_POINT('Origin',(3.38395905007636,0.706692913385828,0.0632237296157241));
#10495=CARTESIAN_POINT('',(3.37353439774389,0.805118110236221,0.109303346451762));
#10496=CARTESIAN_POINT('',(3.43120314456455,0.805118110236222,0.0632237296157241));
#10497=CARTESIAN_POINT('Origin',(3.43120314456455,0.903543307086615,-0.0729409448818985));
#10498=CARTESIAN_POINT('',(3.43120314456455,0.851946180696487,-0.0565029223151307));
#10499=CARTESIAN_POINT('',(3.43120314456455,0.706692913385828,-0.0966860236220533));
#10500=CARTESIAN_POINT('',(3.43120314456455,0.757935531496062,-0.0454434055118175));
#10501=CARTESIAN_POINT('',(3.43120314456455,0.706692913385828,0.361167322834639));
#10502=CARTESIAN_POINT('Origin',(3.36525826267478,0.805118110236221,0.0594244749424581));
#10503=CARTESIAN_POINT('',(3.3180141681866,0.706692913385828,0.0594244749424585));
#10504=CARTESIAN_POINT('',(3.35687555255177,0.706692913385828,0.105918933053101));
#10505=CARTESIAN_POINT('Origin',(3.36525826267478,0.706692913385828,0.0594244749424581));
#10506=CARTESIAN_POINT('',(3.3180141681866,0.805118110236221,0.0594244749424585));
#10507=CARTESIAN_POINT('',(3.35687555255177,0.805118110236221,0.105918933053101));
#10508=CARTESIAN_POINT('Origin',(3.28848660913148,0.805118110236221,0.485236220472435));
#10509=CARTESIAN_POINT('Origin',(3.28848660913148,0.706692913385828,0.485236220472435));
#10510=CARTESIAN_POINT('Origin',(3.21171495558817,0.805118110236221,0.0594244749424581));
#10511=CARTESIAN_POINT('',(3.22009766571119,0.706692913385828,0.105918933053102));
#10512=CARTESIAN_POINT('',(3.25895905007636,0.706692913385828,0.0594244749424581));
#10513=CARTESIAN_POINT('Origin',(3.21171495558817,0.706692913385828,0.0594244749424581));
#10514=CARTESIAN_POINT('',(3.22009766571119,0.805118110236221,0.105918933053101));
#10515=CARTESIAN_POINT('',(3.25895905007636,0.805118110236221,0.0594244749424581));
#10516=CARTESIAN_POINT('Origin',(3.25895905007636,0.903543307086615,-0.0729409448818982));
#10517=CARTESIAN_POINT('',(3.25895905007636,0.851946180696487,-0.0565029223151304));
#10518=CARTESIAN_POINT('',(3.25895905007636,0.706692913385828,-0.0966860236220526));
#10519=CARTESIAN_POINT('',(3.25895905007636,0.757935531496062,-0.0454434055118172));
#10520=CARTESIAN_POINT('',(3.25895905007636,0.706692913385828,0.361167322834639));
#10521=CARTESIAN_POINT('Origin',(3.1930141681866,0.805118110236221,0.0632237296157241));
#10522=CARTESIAN_POINT('',(3.14577007369841,0.706692913385828,0.0632237296157241));
#10523=CARTESIAN_POINT('',(3.20343882051907,0.706692913385828,0.109303346451762));
#10524=CARTESIAN_POINT('Origin',(3.1930141681866,0.706692913385828,0.0632237296157241));
#10525=CARTESIAN_POINT('',(3.14577007369841,0.805118110236221,0.0632237296157241));
#10526=CARTESIAN_POINT('',(3.20343882051907,0.805118110236221,0.109303346451762));
#10527=CARTESIAN_POINT('Origin',(3.28848660913148,0.805118110236221,0.485236220472435));
#10528=CARTESIAN_POINT('Origin',(3.28848660913148,0.706692913385828,0.485236220472435));
#10529=CARTESIAN_POINT('Origin',(3.03947086109998,0.805118110236221,0.131399129918924));
#10530=CARTESIAN_POINT('',(3.06666093367849,0.706692913385828,0.170034663009389));
#10531=CARTESIAN_POINT('',(3.08671495558817,0.706692913385828,0.131399129918924));
#10532=CARTESIAN_POINT('Origin',(3.03947086109998,0.706692913385828,0.131399129918924));
#10533=CARTESIAN_POINT('',(3.06666093367849,0.805118110236221,0.170034663009389));
#10534=CARTESIAN_POINT('',(3.08671495558817,0.805118110236221,0.131399129918924));
#10535=CARTESIAN_POINT('Origin',(3.08671495558817,0.903543307086615,-0.0729409448818978));
#10536=CARTESIAN_POINT('',(3.08671495558817,0.851946180696486,-0.0565029223151304));
#10537=CARTESIAN_POINT('',(3.08671495558817,0.706692913385828,-0.0966860236220519));
#10538=CARTESIAN_POINT('',(3.08671495558817,0.757935531496062,-0.0454434055118168));
#10539=CARTESIAN_POINT('',(3.08671495558817,0.706692913385828,0.361167322834639));
#10540=CARTESIAN_POINT('Origin',(3.02077007369841,0.805118110236221,0.145328312246144));
#10541=CARTESIAN_POINT('',(2.97352597921022,0.706692913385828,0.145328312246144));
#10542=CARTESIAN_POINT('',(3.05000208848637,0.706692913385828,0.182442915510161));
#10543=CARTESIAN_POINT('Origin',(3.02077007369841,0.706692913385828,0.145328312246144));
#10544=CARTESIAN_POINT('',(2.97352597921022,0.805118110236221,0.145328312246144));
#10545=CARTESIAN_POINT('',(3.05000208848637,0.805118110236221,0.182442915510161));
#10546=CARTESIAN_POINT('Origin',(3.28848660913148,0.805118110236221,0.485236220472435));
#10547=CARTESIAN_POINT('Origin',(3.28848660913148,0.706692913385828,0.485236220472435));
#10548=CARTESIAN_POINT('Origin',(2.69498267212361,0.706692913385828,0.0876010998143393));
#10549=CARTESIAN_POINT('',(2.67295057036709,0.706692913385828,0.129393335411393));
#10550=CARTESIAN_POINT('',(2.7422267666118,0.706692913385828,0.0876010998143393));
#10551=CARTESIAN_POINT('Origin',(2.69498267212361,0.706692913385828,0.0876010998143393));
#10552=CARTESIAN_POINT('',(2.67295057036709,0.706692913385828,0.129393335411393));
#10553=CARTESIAN_POINT('',(2.7422267666118,0.706692913385828,0.0876010998143393));
#10554=CARTESIAN_POINT('Origin',(2.74222676661179,0.903543307086615,1.78160236220472));
#10555=CARTESIAN_POINT('',(2.7422267666118,1.19608823768162,0.0964491030115908));
#10556=CARTESIAN_POINT('',(2.7422267666118,0.706692913385828,-0.0966860236220512));
#10557=CARTESIAN_POINT('',(2.7422267666118,1.22157135826772,0.418192421259853));
#10558=CARTESIAN_POINT('',(2.74222676661179,0.706692913385828,1.30812401574803));
#10559=CARTESIAN_POINT('Origin',(2.67628188472203,0.706692913385828,0.0789161804483369));
#10560=CARTESIAN_POINT('',(2.62903779023384,0.706692913385828,0.0789161804483373));
#10561=CARTESIAN_POINT('',(2.65856534928896,0.706692913385828,0.122712628206775));
#10562=CARTESIAN_POINT('Origin',(2.67628188472203,0.706692913385828,0.0789161804483369));
#10563=CARTESIAN_POINT('',(2.62903779023384,0.706692913385828,0.0789161804483373));
#10564=CARTESIAN_POINT('',(2.65856534928896,0.706692913385828,0.122712628206775));
#10565=CARTESIAN_POINT('Origin',(2.59951023117872,0.706692913385828,0.26870078740157));
#10566=CARTESIAN_POINT('Origin',(2.59951023117872,0.706692913385828,0.26870078740157));
#10567=CARTESIAN_POINT('Origin',(2.52273857763542,0.706692913385828,0.0789161804483324));
#10568=CARTESIAN_POINT('',(2.54045511306849,0.706692913385828,0.122712628206772));
#10569=CARTESIAN_POINT('',(2.56998267212361,0.706692913385828,0.0789161804483324));
#10570=CARTESIAN_POINT('Origin',(2.52273857763542,0.706692913385828,0.0789161804483324));
#10571=CARTESIAN_POINT('',(2.54045511306849,0.706692913385828,0.122712628206772));
#10572=CARTESIAN_POINT('',(2.56998267212361,0.706692913385828,0.0789161804483324));
#10573=CARTESIAN_POINT('Origin',(2.5699826721236,0.903543307086615,1.78160236220472));
#10574=CARTESIAN_POINT('',(2.56998267212361,1.19608823768162,0.0964491030115901));
#10575=CARTESIAN_POINT('',(2.56998267212361,0.706692913385828,-0.0966860236220505));
#10576=CARTESIAN_POINT('',(2.56998267212361,1.22157135826772,0.418192421259853));
#10577=CARTESIAN_POINT('',(2.5699826721236,0.706692913385828,1.30812401574803));
#10578=CARTESIAN_POINT('Origin',(2.50403779023384,0.706692913385828,0.0876010998143333));
#10579=CARTESIAN_POINT('',(2.45679369574565,0.706692913385828,0.0876010998143333));
#10580=CARTESIAN_POINT('',(2.52606989199035,0.706692913385828,0.129393335411388));
#10581=CARTESIAN_POINT('Origin',(2.50403779023384,0.706692913385828,0.0876010998143333));
#10582=CARTESIAN_POINT('',(2.45679369574565,0.706692913385828,0.0876010998143333));
#10583=CARTESIAN_POINT('',(2.52606989199035,0.706692913385828,0.129393335411388));
#10584=CARTESIAN_POINT('Origin',(2.59951023117872,0.706692913385828,0.26870078740157));
#10585=CARTESIAN_POINT('Origin',(2.59951023117872,0.706692913385828,0.26870078740157));
#10586=CARTESIAN_POINT('Origin',(2.69498267212361,0.706692913385828,0.882871341130535));
#10587=CARTESIAN_POINT('',(2.74222676661179,0.706692913385828,0.882871341130535));
#10588=CARTESIAN_POINT('',(2.67295057036709,0.706692913385828,0.841079105533481));
#10589=CARTESIAN_POINT('Origin',(2.69498267212361,0.706692913385828,0.882871341130535));
#10590=CARTESIAN_POINT('',(2.74222676661179,0.706692913385828,0.882871341130535));
#10591=CARTESIAN_POINT('',(2.67295057036709,0.706692913385828,0.841079105533481));
#10592=CARTESIAN_POINT('Origin',(3.28848660913148,0.706692913385828,0.834645669291333));
#10593=CARTESIAN_POINT('',(2.65856534928896,0.706692913385828,0.847759812738098));
#10594=CARTESIAN_POINT('Origin',(2.59951023117872,0.706692913385828,0.701771653543302));
#10595=CARTESIAN_POINT('',(2.62903779023384,0.706692913385828,0.891556260496536));
#10596=CARTESIAN_POINT('Origin',(2.67628188472203,0.706692913385828,0.891556260496537));
#10597=CARTESIAN_POINT('',(2.62903779023384,0.706692913385828,1.34065748031494));
#10598=CARTESIAN_POINT('',(2.62903779023384,0.706692913385828,1.30812401574803));
#10599=CARTESIAN_POINT('',(2.67628188472203,0.706692913385828,1.38790157480313));
#10600=CARTESIAN_POINT('Origin',(2.67628188472203,0.706692913385828,1.34065748031494));
#10601=CARTESIAN_POINT('',(2.6949826721236,0.706692913385828,1.38790157480313));
#10602=CARTESIAN_POINT('',(2.75699054613935,0.706692913385828,1.38790157480313));
#10603=CARTESIAN_POINT('',(2.74222676661179,0.706692913385828,1.34065748031494));
#10604=CARTESIAN_POINT('Origin',(2.6949826721236,0.706692913385828,1.34065748031494));
#10605=CARTESIAN_POINT('',(2.74222676661179,0.706692913385828,1.30812401574803));
#10606=CARTESIAN_POINT('Origin',(2.59951023117872,0.706692913385828,0.701771653543302));
#10607=CARTESIAN_POINT('',(2.65856534928896,0.706692913385828,0.847759812738098));
#10608=CARTESIAN_POINT('Origin',(2.67628188472203,0.706692913385828,0.891556260496537));
#10609=CARTESIAN_POINT('',(2.62903779023384,0.706692913385828,0.891556260496536));
#10610=CARTESIAN_POINT('Origin',(2.52273857763542,0.706692913385828,0.891556260496539));
#10611=CARTESIAN_POINT('',(2.56998267212361,0.706692913385828,0.891556260496539));
#10612=CARTESIAN_POINT('',(2.54045511306849,0.706692913385828,0.8477598127381));
#10613=CARTESIAN_POINT('Origin',(2.52273857763542,0.706692913385828,0.891556260496539));
#10614=CARTESIAN_POINT('',(2.56998267212361,0.706692913385828,0.891556260496539));
#10615=CARTESIAN_POINT('',(2.54045511306849,0.706692913385828,0.8477598127381));
#10616=CARTESIAN_POINT('Origin',(3.28848660913148,0.706692913385828,0.834645669291333));
#10617=CARTESIAN_POINT('',(2.52606989199035,0.706692913385828,0.841079105533483));
#10618=CARTESIAN_POINT('Origin',(2.59951023117872,0.706692913385828,0.701771653543302));
#10619=CARTESIAN_POINT('',(2.45679369574565,0.706692913385828,0.882871341130538));
#10620=CARTESIAN_POINT('Origin',(2.50403779023384,0.706692913385828,0.882871341130538));
#10621=CARTESIAN_POINT('',(2.45679369574565,0.706692913385828,1.34065748031494));
#10622=CARTESIAN_POINT('',(2.45679369574565,0.706692913385828,1.30812401574803));
#10623=CARTESIAN_POINT('',(2.50403779023384,0.706692913385828,1.38790157480313));
#10624=CARTESIAN_POINT('Origin',(2.50403779023384,0.706692913385828,1.34065748031494));
#10625=CARTESIAN_POINT('',(2.52273857763542,0.706692913385828,1.38790157480313));
#10626=CARTESIAN_POINT('',(2.75699054613935,0.706692913385828,1.38790157480313));
#10627=CARTESIAN_POINT('',(2.5699826721236,0.706692913385828,1.34065748031494));
#10628=CARTESIAN_POINT('Origin',(2.52273857763542,0.706692913385828,1.34065748031494));
#10629=CARTESIAN_POINT('',(2.5699826721236,0.706692913385828,1.30812401574803));
#10630=CARTESIAN_POINT('Origin',(2.59951023117872,0.706692913385828,0.701771653543302));
#10631=CARTESIAN_POINT('',(2.52606989199035,0.706692913385828,0.841079105533483));
#10632=CARTESIAN_POINT('Origin',(2.50403779023384,0.706692913385828,0.882871341130538));
#10633=CARTESIAN_POINT('',(2.45679369574565,0.706692913385828,0.882871341130538));
#10634=CARTESIAN_POINT('Origin',(4.39803385322596,0.953885604740077,0.0571983342167151));
#10635=CARTESIAN_POINT('',(4.33553385322596,0.979269258868417,8.51124279485528E-5));
#10636=CARTESIAN_POINT('',(4.46053385322596,0.928501950611736,0.114311556005481));
#10637=CARTESIAN_POINT('',(4.30195641154766,0.596679992202218,-0.206698944805666));
#10638=CARTESIAN_POINT('Origin',(4.46053385322597,0.805118110236222,0.834645669291331));
#10639=CARTESIAN_POINT('',(4.46053385322597,0.915174726411482,1.5635805168161));
#10640=CARTESIAN_POINT('Origin',(2.17893936503699,0.953885604740068,0.057198334216707));
#10641=CARTESIAN_POINT('',(2.21916620789584,0.706692913385828,-0.0966860236220494));
#10642=CARTESIAN_POINT('',(2.19411938464649,0.75602943349973,-0.0473495035081454));
#10643=CARTESIAN_POINT('',(2.11643936503699,0.706692913385827,0.0157297616828567));
#10644=CARTESIAN_POINT('',(2.18310814923225,0.706692913385828,-0.0572270578013296));
#10645=CARTESIAN_POINT('',(2.11643936503699,0.92850195061173,0.114311556005473));
#10646=CARTESIAN_POINT('',(2.24143936503699,0.979269258868407,8.5112427941909E-5));
#10647=CARTESIAN_POINT('Origin',(2.07785668787163,0.81496062992126,-0.0729409448818947));
#10648=CARTESIAN_POINT('',(2.28454960125747,1.11389812484778,0.0599201639743255));
#10649=CARTESIAN_POINT('Origin',(2.11643936503699,0.805118110236221,0.834645669291331));
#10650=CARTESIAN_POINT('',(2.11643936503699,0.706692913385827,1.64697324202636));
#10651=CARTESIAN_POINT('',(2.11643936503699,0.706692913385827,0.834645669291331));
#10652=CARTESIAN_POINT('',(2.11643936503699,0.915174726411481,1.5635805168161));
#10653=CARTESIAN_POINT('Origin',(4.39803385322597,0.938386643683613,1.62161030999642));
#10654=CARTESIAN_POINT('',(4.33553385322597,0.706692913385828,1.78160236220472));
#10655=CARTESIAN_POINT('',(4.33553385322597,0.961598560955744,1.67964010317675));
#10656=CARTESIAN_POINT('',(4.341336832544,0.691067913385828,1.78160236220472));
#10657=CARTESIAN_POINT('',(4.32395331560988,0.73787446519476,1.78160236220472));
#10658=CARTESIAN_POINT('',(4.37301825497847,0.74793780709719,1.72473246849336));
#10659=CARTESIAN_POINT('Origin',(3.49517952251731,0.805118110236221,1.74223228346456));
#10660=CARTESIAN_POINT('',(2.24143936503699,0.706692913385827,1.78160236220472));
#10661=CARTESIAN_POINT('',(2.24143936503699,0.961598560955745,1.67964010317676));
#10662=CARTESIAN_POINT('',(1.87116377448581,0.706692913385827,1.78160236220472));
#10663=CARTESIAN_POINT('Origin',(2.17893936503699,0.938386643683613,1.62161030999643));
#10664=CARTESIAN_POINT('',(2.22693191674191,0.706692913385827,1.76597736220472));
#10665=CARTESIAN_POINT('',(2.19336690183983,0.706692913385827,1.7298267348044));
#10666=CARTESIAN_POINT('',(2.23563638571896,0.691067913385827,1.78160236220472));
#10667=CARTESIAN_POINT('',(2.29914828799949,0.577060559720733,1.89560971586982));
#10668=CARTESIAN_POINT('',(2.42481660988285,1.20045125607245,1.78160236220472));
#10669=CARTESIAN_POINT('Origin',(2.57982519180864,0.698880413385828,-0.104498523622051));
#10670=CARTESIAN_POINT('',(4.29242361700549,0.706692913385828,-0.0966860236220561));
#10671=CARTESIAN_POINT('',(4.29242361700549,1.17235875984252,0.368979822834652));
#10672=CARTESIAN_POINT('',(4.17923464062754,0.706692913385828,-0.0966860236220557));
#10673=CARTESIAN_POINT('',(4.17923464062754,1.22157135826772,0.418192421259849));
#10674=CARTESIAN_POINT('',(2.57982519180864,0.706692913385828,-0.0966860236220505));
#10675=CARTESIAN_POINT('Origin',(2.57982519180864,0.698880413385828,-0.104498523622051));
#10676=CARTESIAN_POINT('',(4.1201795225173,0.706692913385828,-0.0966860236220557));
#10677=CARTESIAN_POINT('',(4.1201795225173,1.17235875984252,0.368979822834652));
#10678=CARTESIAN_POINT('',(4.00699054613935,0.706692913385828,-0.096686023622055));
#10679=CARTESIAN_POINT('',(4.00699054613935,1.22157135826772,0.41819242125985));
#10680=CARTESIAN_POINT('',(2.57982519180864,0.706692913385828,-0.0966860236220505));
#10681=CARTESIAN_POINT('Origin',(2.57982519180864,0.698880413385828,-0.104498523622051));
#10682=CARTESIAN_POINT('',(3.94793542802911,0.706692913385828,-0.096686023622055));
#10683=CARTESIAN_POINT('',(3.94793542802911,1.17235875984252,0.368979822834653));
#10684=CARTESIAN_POINT('',(3.83474645165116,0.706692913385828,-0.0966860236220547));
#10685=CARTESIAN_POINT('',(3.83474645165116,1.22157135826772,0.41819242125985));
#10686=CARTESIAN_POINT('',(2.57982519180864,0.706692913385828,-0.0966860236220505));
#10687=CARTESIAN_POINT('Origin',(2.57982519180864,0.698880413385828,-0.104498523622051));
#10688=CARTESIAN_POINT('',(3.77569133354092,0.706692913385828,-0.0966860236220543));
#10689=CARTESIAN_POINT('',(3.77569133354093,1.17235875984252,0.368979822834653));
#10690=CARTESIAN_POINT('',(3.66250235716297,0.706692913385828,-0.096686023622054));
#10691=CARTESIAN_POINT('',(3.66250235716297,0.708722933070867,-0.0946560039370151));
#10692=CARTESIAN_POINT('',(2.57982519180864,0.706692913385828,-0.0966860236220505));
#10693=CARTESIAN_POINT('Origin',(2.57982519180864,0.698880413385828,-0.104498523622051));
#10694=CARTESIAN_POINT('',(3.49025826267478,0.706692913385828,-0.0966860236220533));
#10695=CARTESIAN_POINT('',(3.49025826267478,0.708722933070867,-0.0946560039370144));
#10696=CARTESIAN_POINT('',(2.57982519180864,0.706692913385828,-0.0966860236220505));
#10697=CARTESIAN_POINT('Origin',(2.57982519180864,0.698880413385828,-0.104498523622051));
#10698=CARTESIAN_POINT('',(3.31801416818659,0.706692913385828,-0.0966860236220529));
#10699=CARTESIAN_POINT('',(3.3180141681866,0.708722933070867,-0.094656003937014));
#10700=CARTESIAN_POINT('',(2.57982519180864,0.706692913385828,-0.0966860236220505));
#10701=CARTESIAN_POINT('Origin',(2.57982519180864,0.698880413385828,-0.104498523622051));
#10702=CARTESIAN_POINT('',(3.14577007369841,0.706692913385828,-0.0966860236220526));
#10703=CARTESIAN_POINT('',(3.14577007369841,0.708722933070867,-0.094656003937014));
#10704=CARTESIAN_POINT('',(2.57982519180864,0.706692913385828,-0.0966860236220505));
#10705=CARTESIAN_POINT('Origin',(2.57982519180864,0.698880413385828,-0.104498523622051));
#10706=CARTESIAN_POINT('',(2.97352597921022,0.706692913385828,-0.0966860236220519));
#10707=CARTESIAN_POINT('',(2.97352597921022,0.708722933070867,-0.094656003937013));
#10708=CARTESIAN_POINT('',(2.57982519180864,0.706692913385828,-0.0966860236220505));
#10709=CARTESIAN_POINT('Origin',(2.57982519180864,0.698880413385828,-0.104498523622051));
#10710=CARTESIAN_POINT('',(2.91447086109998,0.757935531496062,-0.0454434055118165));
#10711=CARTESIAN_POINT('',(2.80128188472203,1.17235875984252,0.368979822834656));
#10712=CARTESIAN_POINT('Origin',(2.57982519180864,0.698880413385828,-0.104498523622051));
#10713=CARTESIAN_POINT('',(2.45679369574565,0.706692913385828,-0.0966860236220505));
#10714=CARTESIAN_POINT('',(2.45679369574565,1.17235875984252,0.368979822834656));
#10715=CARTESIAN_POINT('',(2.57982519180864,0.706692913385828,-0.0966860236220505));
#10716=CARTESIAN_POINT('Origin',(2.57982519180864,0.698880413385828,-0.104498523622051));
#10717=CARTESIAN_POINT('',(2.39773857763542,0.706692913385828,-0.0966860236220498));
#10718=CARTESIAN_POINT('',(2.39773857763542,1.22157135826771,0.418192421259853));
#10719=CARTESIAN_POINT('',(2.28454960125747,0.706692913385828,-0.0966860236220494));
#10720=CARTESIAN_POINT('',(2.28454960125746,1.17235875984252,0.368979822834656));
#10721=CARTESIAN_POINT('',(2.57982519180864,0.706692913385828,-0.0966860236220505));
#10722=CARTESIAN_POINT('Origin',(2.57982519180864,0.698880413385828,-0.104498523622051));
#10723=CARTESIAN_POINT('',(2.62903779023384,0.706692913385828,-0.0966860236220505));
#10724=CARTESIAN_POINT('',(2.62903779023384,1.17235875984252,0.368979822834656));
#10725=CARTESIAN_POINT('',(2.57982519180864,0.706692913385828,-0.0966860236220505));
#10726=CARTESIAN_POINT('Origin',(3.99714802645432,0.698880413385828,1.77378986220472));
#10727=CARTESIAN_POINT('',(4.70580944377715,0.691067913385828,1.78160236220472));
#10728=CARTESIAN_POINT('',(4.35147873511574,0.691067913385828,1.78160236220472));
#10729=CARTESIAN_POINT('',(4.70580944377715,0.691067913385828,1.78160236220472));
#10730=CARTESIAN_POINT('Origin',(4.70580944377715,0.698880413385828,1.62204724409448));
#10731=CARTESIAN_POINT('',(4.86536456188739,0.691067913385828,1.62204724409448));
#10732=CARTESIAN_POINT('',(4.86536456188739,0.691067913385828,1.62204724409448));
#10733=CARTESIAN_POINT('Origin',(4.70580944377715,0.691067913385828,1.62204724409448));
#10734=CARTESIAN_POINT('Origin',(4.85755206188739,0.698880413385828,0.440944881889756));
#10735=CARTESIAN_POINT('',(4.86536456188739,0.691067913385828,0.0472440944881803));
#10736=CARTESIAN_POINT('',(4.86536456188739,0.691067913385828,0.0472440944881803));
#10737=CARTESIAN_POINT('',(4.86536456188739,0.691067913385828,0.440944881889756));
#10738=CARTESIAN_POINT('Origin',(4.70580944377715,0.698880413385828,0.047244094488181));
#10739=CARTESIAN_POINT('',(4.70580944377715,0.691067913385828,-0.112311023622058));
#10740=CARTESIAN_POINT('Origin',(4.70580944377715,0.691067913385828,0.047244094488181));
#10741=CARTESIAN_POINT('Origin',(2.57982519180864,0.698880413385828,-0.104498523622051));
#10742=CARTESIAN_POINT('Origin',(2.57982519180864,0.698880413385828,-0.104498523622051));
#10743=CARTESIAN_POINT('',(1.87116377448581,0.706692913385827,-0.0966860236220484));
#10744=CARTESIAN_POINT('',(1.87116377448581,0.691067913385827,-0.112311023622049));
#10745=CARTESIAN_POINT('',(2.57982519180864,0.706692913385828,-0.0966860236220505));
#10746=CARTESIAN_POINT('Origin',(1.87116377448581,0.698880413385827,0.0472440944881841));
#10747=CARTESIAN_POINT('',(1.71160865637557,0.691067913385827,0.0472440944881838));
#10748=CARTESIAN_POINT('',(1.72723365637557,0.706692913385827,0.0472440944881838));
#10749=CARTESIAN_POINT('',(1.71160865637557,0.691067913385827,0.0472440944881838));
#10750=CARTESIAN_POINT('Origin',(1.87116377448581,0.706692913385827,0.0472440944881841));
#10751=CARTESIAN_POINT('Origin',(1.87116377448581,0.691067913385827,0.0472440944881841));
#10752=CARTESIAN_POINT('Origin',(1.71942115637557,0.698880413385827,1.22834645669291));
#10753=CARTESIAN_POINT('',(1.71160865637557,0.691067913385827,1.62204724409448));
#10754=CARTESIAN_POINT('',(1.72723365637557,0.706692913385827,1.62204724409448));
#10755=CARTESIAN_POINT('',(1.71160865637557,0.691067913385827,1.62204724409448));
#10756=CARTESIAN_POINT('',(1.72723365637557,0.706692913385827,1.22834645669291));
#10757=CARTESIAN_POINT('',(1.71160865637557,0.691067913385827,1.22834645669291));
#10758=CARTESIAN_POINT('Origin',(1.87116377448581,0.698880413385827,1.62204724409448));
#10759=CARTESIAN_POINT('',(1.87116377448581,0.691067913385827,1.78160236220472));
#10760=CARTESIAN_POINT('',(1.87116377448581,0.706692913385827,1.76597736220472));
#10761=CARTESIAN_POINT('',(1.87116377448581,0.691067913385827,1.78160236220472));
#10762=CARTESIAN_POINT('Origin',(1.87116377448581,0.706692913385827,1.62204724409448));
#10763=CARTESIAN_POINT('Origin',(1.87116377448581,0.691067913385827,1.62204724409448));
#10764=CARTESIAN_POINT('Origin',(3.99714802645432,0.698880413385828,1.77378986220472));
#10765=CARTESIAN_POINT('',(3.6428173177929,0.706692913385828,1.76597736220472));
#10766=CARTESIAN_POINT('',(4.35147873511574,0.691067913385828,1.78160236220472));
#10767=CARTESIAN_POINT('Origin',(4.24517952251731,0.805118110236222,1.34065748031494));
#10768=CARTESIAN_POINT('',(4.24517952251731,0.706692913385828,1.38790157480313));
#10769=CARTESIAN_POINT('',(4.29242361700549,0.706692913385828,1.34065748031494));
#10770=CARTESIAN_POINT('Origin',(4.24517952251731,0.706692913385828,1.34065748031494));
#10771=CARTESIAN_POINT('',(4.24517952251731,0.805118110236222,1.38790157480313));
#10772=CARTESIAN_POINT('',(4.29242361700549,0.805118110236222,1.34065748031494));
#10773=CARTESIAN_POINT('Origin',(4.2924236170055,0.706692913385828,1.78160236220472));
#10774=CARTESIAN_POINT('',(4.29242361700549,1.1138981248478,0.0599201639743412));
#10775=CARTESIAN_POINT('',(4.29242361700549,0.706692913385828,1.30812401574802));
#10776=CARTESIAN_POINT('Origin',(4.22647873511573,0.903543307086615,1.34065748031494));
#10777=CARTESIAN_POINT('',(4.17923464062754,0.706692913385828,1.34065748031494));
#10778=CARTESIAN_POINT('',(4.22647873511573,0.706692913385828,1.38790157480313));
#10779=CARTESIAN_POINT('Origin',(4.22647873511573,0.706692913385828,1.34065748031494));
#10780=CARTESIAN_POINT('',(4.17923464062754,0.903543307086615,1.34065748031494));
#10781=CARTESIAN_POINT('',(4.22647873511573,0.903543307086615,1.38790157480313));
#10782=CARTESIAN_POINT('Origin',(2.22549448314723,0.903543307086615,1.38790157480313));
#10783=CARTESIAN_POINT('',(2.75699054613935,0.706692913385828,1.38790157480313));
#10784=CARTESIAN_POINT('Origin',(4.07293542802912,0.805118110236222,1.34065748031494));
#10785=CARTESIAN_POINT('',(4.07293542802912,0.706692913385828,1.38790157480313));
#10786=CARTESIAN_POINT('',(4.12017952251731,0.706692913385828,1.34065748031494));
#10787=CARTESIAN_POINT('Origin',(4.07293542802912,0.706692913385828,1.34065748031494));
#10788=CARTESIAN_POINT('',(4.07293542802912,0.805118110236222,1.38790157480313));
#10789=CARTESIAN_POINT('',(4.12017952251731,0.805118110236222,1.34065748031494));
#10790=CARTESIAN_POINT('Origin',(4.12017952251731,0.706692913385828,1.78160236220472));
#10791=CARTESIAN_POINT('',(4.1201795225173,1.1138981248478,0.0599201639743415));
#10792=CARTESIAN_POINT('',(4.12017952251731,0.706692913385828,1.30812401574803));
#10793=CARTESIAN_POINT('Origin',(4.05423464062754,0.903543307086615,1.34065748031494));
#10794=CARTESIAN_POINT('',(4.00699054613935,0.706692913385828,1.34065748031494));
#10795=CARTESIAN_POINT('',(4.05423464062754,0.706692913385828,1.38790157480313));
#10796=CARTESIAN_POINT('Origin',(4.05423464062754,0.706692913385828,1.34065748031494));
#10797=CARTESIAN_POINT('',(4.00699054613935,0.903543307086615,1.34065748031494));
#10798=CARTESIAN_POINT('',(4.05423464062754,0.903543307086615,1.38790157480313));
#10799=CARTESIAN_POINT('Origin',(2.22549448314723,0.903543307086615,1.38790157480313));
#10800=CARTESIAN_POINT('',(2.75699054613935,0.706692913385828,1.38790157480313));
#10801=CARTESIAN_POINT('Origin',(3.90069133354093,0.805118110236222,1.34065748031494));
#10802=CARTESIAN_POINT('',(3.90069133354093,0.706692913385828,1.38790157480313));
#10803=CARTESIAN_POINT('',(3.94793542802912,0.706692913385828,1.34065748031494));
#10804=CARTESIAN_POINT('Origin',(3.90069133354093,0.706692913385828,1.34065748031494));
#10805=CARTESIAN_POINT('',(3.90069133354093,0.805118110236222,1.38790157480313));
#10806=CARTESIAN_POINT('',(3.94793542802912,0.805118110236222,1.34065748031494));
#10807=CARTESIAN_POINT('Origin',(3.94793542802912,0.706692913385828,1.78160236220472));
#10808=CARTESIAN_POINT('',(3.94793542802911,1.1138981248478,0.0599201639743412));
#10809=CARTESIAN_POINT('',(3.94793542802912,0.706692913385828,1.30812401574803));
#10810=CARTESIAN_POINT('Origin',(3.88199054613935,0.903543307086615,1.34065748031494));
#10811=CARTESIAN_POINT('',(3.83474645165116,0.706692913385828,1.34065748031494));
#10812=CARTESIAN_POINT('',(3.88199054613935,0.706692913385828,1.38790157480313));
#10813=CARTESIAN_POINT('Origin',(3.88199054613935,0.706692913385828,1.34065748031494));
#10814=CARTESIAN_POINT('',(3.83474645165116,0.903543307086615,1.34065748031494));
#10815=CARTESIAN_POINT('',(3.88199054613935,0.903543307086615,1.38790157480313));
#10816=CARTESIAN_POINT('Origin',(2.22549448314723,0.903543307086615,1.38790157480313));
#10817=CARTESIAN_POINT('',(2.75699054613935,0.706692913385828,1.38790157480313));
#10818=CARTESIAN_POINT('Origin',(3.72844723905274,0.805118110236222,1.34065748031494));
#10819=CARTESIAN_POINT('',(3.72844723905274,0.706692913385828,1.38790157480313));
#10820=CARTESIAN_POINT('',(3.77569133354093,0.706692913385828,1.34065748031494));
#10821=CARTESIAN_POINT('Origin',(3.72844723905274,0.706692913385828,1.34065748031494));
#10822=CARTESIAN_POINT('',(3.72844723905274,0.805118110236222,1.38790157480313));
#10823=CARTESIAN_POINT('',(3.77569133354093,0.805118110236222,1.34065748031494));
#10824=CARTESIAN_POINT('Origin',(2.22549448314723,0.903543307086615,1.38790157480313));
#10825=CARTESIAN_POINT('',(3.70974645165116,0.706692913385828,1.38790157480313));
#10826=CARTESIAN_POINT('',(2.75699054613935,0.706692913385828,1.38790157480313));
#10827=CARTESIAN_POINT('',(3.70974645165116,0.903543307086615,1.38790157480313));
#10828=CARTESIAN_POINT('Origin',(3.70974645165116,0.903543307086615,1.34065748031494));
#10829=CARTESIAN_POINT('',(3.66250235716298,0.706692913385828,1.34065748031494));
#10830=CARTESIAN_POINT('Origin',(3.70974645165116,0.706692913385828,1.34065748031494));
#10831=CARTESIAN_POINT('',(3.66250235716298,0.903543307086615,1.34065748031494));
#10832=CARTESIAN_POINT('Origin',(3.28848660913148,0.706692913385828,0.834645669291333));
#10833=CARTESIAN_POINT('',(3.77569133354093,0.706692913385828,1.30812401574803));
#10834=CARTESIAN_POINT('',(3.66250235716298,0.706692913385828,1.30812401574803));
#10835=CARTESIAN_POINT('Origin',(3.55620314456455,0.805118110236221,1.34065748031494));
#10836=CARTESIAN_POINT('',(3.55620314456455,0.805118110236221,1.38790157480313));
#10837=CARTESIAN_POINT('',(3.60344723905274,0.805118110236221,1.34065748031494));
#10838=CARTESIAN_POINT('Origin',(2.22549448314723,0.903543307086615,1.38790157480313));
#10839=CARTESIAN_POINT('',(3.53750235716298,0.903543307086615,1.38790157480313));
#10840=CARTESIAN_POINT('Origin',(3.53750235716298,0.903543307086615,1.34065748031494));
#10841=CARTESIAN_POINT('',(3.49025826267479,0.903543307086615,1.34065748031494));
#10842=CARTESIAN_POINT('Origin',(3.38395905007636,0.805118110236221,1.34065748031494));
#10843=CARTESIAN_POINT('',(3.38395905007636,0.805118110236221,1.38790157480313));
#10844=CARTESIAN_POINT('',(3.43120314456455,0.805118110236221,1.34065748031494));
#10845=CARTESIAN_POINT('Origin',(2.22549448314723,0.903543307086615,1.38790157480313));
#10846=CARTESIAN_POINT('',(3.36525826267479,0.903543307086615,1.38790157480313));
#10847=CARTESIAN_POINT('Origin',(3.36525826267479,0.903543307086615,1.34065748031494));
#10848=CARTESIAN_POINT('',(3.3180141681866,0.903543307086615,1.34065748031494));
#10849=CARTESIAN_POINT('Origin',(3.21171495558817,0.805118110236221,1.34065748031494));
#10850=CARTESIAN_POINT('',(3.21171495558817,0.805118110236221,1.38790157480313));
#10851=CARTESIAN_POINT('',(3.25895905007636,0.805118110236221,1.34065748031494));
#10852=CARTESIAN_POINT('Origin',(2.22549448314723,0.903543307086615,1.38790157480313));
#10853=CARTESIAN_POINT('',(3.1930141681866,0.903543307086615,1.38790157480313));
#10854=CARTESIAN_POINT('Origin',(3.1930141681866,0.903543307086615,1.34065748031494));
#10855=CARTESIAN_POINT('',(3.14577007369841,0.903543307086615,1.34065748031494));
#10856=CARTESIAN_POINT('Origin',(3.03947086109998,0.805118110236221,1.34065748031494));
#10857=CARTESIAN_POINT('',(3.03947086109998,0.805118110236221,1.38790157480313));
#10858=CARTESIAN_POINT('',(3.08671495558817,0.805118110236221,1.34065748031494));
#10859=CARTESIAN_POINT('Origin',(2.22549448314723,0.903543307086615,1.38790157480313));
#10860=CARTESIAN_POINT('',(3.02077007369841,0.903543307086615,1.38790157480313));
#10861=CARTESIAN_POINT('Origin',(3.02077007369841,0.903543307086615,1.34065748031494));
#10862=CARTESIAN_POINT('',(2.97352597921022,0.903543307086615,1.34065748031494));
#10863=CARTESIAN_POINT('Origin',(2.86722676661179,0.805118110236221,1.34065748031494));
#10864=CARTESIAN_POINT('',(2.86722676661179,0.805118110236221,1.38790157480313));
#10865=CARTESIAN_POINT('',(2.91447086109998,0.805118110236221,1.34065748031494));
#10866=CARTESIAN_POINT('Origin',(2.91447086109998,0.706692913385828,1.78160236220472));
#10867=CARTESIAN_POINT('',(2.91447086109998,0.851946180696486,-0.0565029223151307));
#10868=CARTESIAN_POINT('Origin',(2.84852597921022,0.805118110236221,1.34065748031494));
#10869=CARTESIAN_POINT('',(2.80128188472203,0.805118110236221,1.34065748031494));
#10870=CARTESIAN_POINT('',(2.84852597921022,0.805118110236221,1.38790157480313));
#10871=CARTESIAN_POINT('Origin',(2.22549448314723,0.903543307086615,1.38790157480313));
#10872=CARTESIAN_POINT('Origin',(2.6949826721236,0.903543307086615,1.34065748031494));
#10873=CARTESIAN_POINT('',(2.6949826721236,0.903543307086615,1.38790157480313));
#10874=CARTESIAN_POINT('',(2.74222676661179,0.903543307086615,1.34065748031494));
#10875=CARTESIAN_POINT('Origin',(2.22549448314723,0.903543307086615,1.38790157480313));
#10876=CARTESIAN_POINT('',(2.67628188472203,0.805118110236221,1.38790157480313));
#10877=CARTESIAN_POINT('Origin',(2.67628188472203,0.805118110236221,1.34065748031494));
#10878=CARTESIAN_POINT('',(2.62903779023384,0.805118110236221,1.34065748031494));
#10879=CARTESIAN_POINT('Origin',(2.52273857763542,0.903543307086615,1.34065748031494));
#10880=CARTESIAN_POINT('',(2.52273857763542,0.903543307086615,1.38790157480313));
#10881=CARTESIAN_POINT('',(2.5699826721236,0.903543307086615,1.34065748031494));
#10882=CARTESIAN_POINT('Origin',(2.22549448314723,0.903543307086615,1.38790157480313));
#10883=CARTESIAN_POINT('',(2.50403779023384,0.805118110236221,1.38790157480313));
#10884=CARTESIAN_POINT('Origin',(2.50403779023384,0.805118110236221,1.34065748031494));
#10885=CARTESIAN_POINT('',(2.45679369574565,0.805118110236221,1.34065748031494));
#10886=CARTESIAN_POINT('Origin',(2.35049448314723,0.903543307086615,1.34065748031494));
#10887=CARTESIAN_POINT('',(2.35049448314723,0.706692913385827,1.38790157480313));
#10888=CARTESIAN_POINT('',(2.39773857763542,0.706692913385828,1.34065748031494));
#10889=CARTESIAN_POINT('Origin',(2.35049448314723,0.706692913385827,1.34065748031494));
#10890=CARTESIAN_POINT('',(2.35049448314723,0.903543307086615,1.38790157480313));
#10891=CARTESIAN_POINT('',(2.39773857763542,0.903543307086615,1.34065748031494));
#10892=CARTESIAN_POINT('Origin',(2.22549448314723,0.903543307086615,1.38790157480313));
#10893=CARTESIAN_POINT('',(2.33179369574565,0.706692913385827,1.38790157480313));
#10894=CARTESIAN_POINT('',(2.75699054613935,0.706692913385828,1.38790157480313));
#10895=CARTESIAN_POINT('',(2.33179369574565,0.805118110236221,1.38790157480313));
#10896=CARTESIAN_POINT('Origin',(2.33179369574565,0.805118110236221,1.34065748031494));
#10897=CARTESIAN_POINT('',(2.28454960125746,0.706692913385827,1.34065748031494));
#10898=CARTESIAN_POINT('Origin',(2.33179369574565,0.706692913385827,1.34065748031494));
#10899=CARTESIAN_POINT('',(2.28454960125746,0.805118110236221,1.34065748031494));
#10900=CARTESIAN_POINT('Origin',(3.28848660913148,0.706692913385828,0.834645669291333));
#10901=CARTESIAN_POINT('',(2.28454960125746,0.706692913385827,1.30812401574802));
#10902=CARTESIAN_POINT('',(2.39773857763542,0.706692913385828,1.30812401574803));
#10903=CARTESIAN_POINT('Origin',(2.20049448314722,0.647637795275591,0.485236220472439));
#10904=CARTESIAN_POINT('',(2.25954960125746,0.647637795275591,0.485236220472439));
#10905=CARTESIAN_POINT('Origin',(2.69539464070903,0.903543307086615,1.62654153900242));
#10906=CARTESIAN_POINT('',(2.7174057328232,0.905511811023623,1.62654153900242));
#10907=CARTESIAN_POINT('',(2.7174057328232,0.903543307086615,1.62654153900242));
#10908=CARTESIAN_POINT('',(2.69539464070903,0.905511811023623,1.62654153900242));
#10909=CARTESIAN_POINT('',(2.69539464070903,0.905511811023623,1.62654153900242));
#10910=CARTESIAN_POINT('',(2.69539464070903,0.903543307086615,1.62654153900242));
#10911=CARTESIAN_POINT('Origin',(2.69539464070903,0.903543307086615,1.46223651806935));
#10912=CARTESIAN_POINT('',(2.69539464070903,0.905511811023623,1.46223651806935));
#10913=CARTESIAN_POINT('',(2.69539464070903,0.905511811023623,1.46223651806935));
#10914=CARTESIAN_POINT('',(2.69539464070903,0.903543307086615,1.46223651806935));
#10915=CARTESIAN_POINT('Origin',(2.70606668537045,0.903543307086615,1.46223651806935));
#10916=CARTESIAN_POINT('',(2.70606668537045,0.905511811023623,1.46223651806935));
#10917=CARTESIAN_POINT('',(2.70606668537045,0.905511811023623,1.46223651806935));
#10918=CARTESIAN_POINT('',(2.70606668537045,0.903543307086615,1.46223651806935));
#10919=CARTESIAN_POINT('Origin',(2.77699131551612,0.903543307086615,1.56651128778194));
#10920=CARTESIAN_POINT('',(2.77699131551612,0.905511811023623,1.56651128778194));
#10921=CARTESIAN_POINT('',(2.77699131551612,0.905511811023623,1.56651128778194));
#10922=CARTESIAN_POINT('',(2.77699131551612,0.903543307086615,1.56651128778194));
#10923=CARTESIAN_POINT('Origin',(2.84747126787029,0.903543307086615,1.46223651806935));
#10924=CARTESIAN_POINT('',(2.84747126787029,0.905511811023623,1.46223651806935));
#10925=CARTESIAN_POINT('',(2.84747126787029,0.905511811023623,1.46223651806935));
#10926=CARTESIAN_POINT('',(2.84747126787029,0.903543307086615,1.46223651806935));
#10927=CARTESIAN_POINT('Origin',(2.85836564679549,0.903543307086615,1.46223651806935));
#10928=CARTESIAN_POINT('',(2.85836564679549,0.905511811023623,1.46223651806935));
#10929=CARTESIAN_POINT('',(2.85836564679549,0.905511811023623,1.46223651806935));
#10930=CARTESIAN_POINT('',(2.85836564679549,0.903543307086615,1.46223651806935));
#10931=CARTESIAN_POINT('Origin',(2.85836564679549,0.903543307086615,1.62654153900242));
#10932=CARTESIAN_POINT('',(2.85836564679549,0.905511811023623,1.62654153900242));
#10933=CARTESIAN_POINT('',(2.85836564679549,0.905511811023623,1.62654153900242));
#10934=CARTESIAN_POINT('',(2.85836564679549,0.903543307086615,1.62654153900242));
#10935=CARTESIAN_POINT('Origin',(2.83613222968147,0.903543307086615,1.62654153900242));
#10936=CARTESIAN_POINT('',(2.83613222968147,0.905511811023623,1.62654153900242));
#10937=CARTESIAN_POINT('',(2.83613222968147,0.905511811023623,1.62654153900242));
#10938=CARTESIAN_POINT('',(2.83613222968147,0.903543307086615,1.62654153900242));
#10939=CARTESIAN_POINT('Origin',(2.83613222968147,0.903543307086615,1.51559674137643));
#10940=CARTESIAN_POINT('',(2.83613222968147,0.905511811023623,1.51559674137643));
#10941=CARTESIAN_POINT('',(2.83613222968147,0.905511811023623,1.51559674137643));
#10942=CARTESIAN_POINT('',(2.83613222968147,0.903543307086615,1.51559674137643));
#10943=CARTESIAN_POINT('Origin',(2.77965932668147,0.903543307086615,1.5985274217662));
#10944=CARTESIAN_POINT('',(2.77965932668147,0.905511811023623,1.5985274217662));
#10945=CARTESIAN_POINT('',(2.77965932668147,0.905511811023623,1.5985274217662));
#10946=CARTESIAN_POINT('',(2.77965932668147,0.903543307086615,1.5985274217662));
#10947=CARTESIAN_POINT('Origin',(2.7738786358232,0.903543307086615,1.5985274217662));
#10948=CARTESIAN_POINT('',(2.7738786358232,0.905511811023623,1.5985274217662));
#10949=CARTESIAN_POINT('',(2.7738786358232,0.905511811023623,1.5985274217662));
#10950=CARTESIAN_POINT('',(2.7738786358232,0.903543307086615,1.5985274217662));
#10951=CARTESIAN_POINT('Origin',(2.7174057328232,0.903543307086615,1.51559674137643));
#10952=CARTESIAN_POINT('',(2.7174057328232,0.905511811023623,1.51559674137643));
#10953=CARTESIAN_POINT('',(2.7174057328232,0.905511811023623,1.51559674137643));
#10954=CARTESIAN_POINT('',(2.7174057328232,0.903543307086615,1.51559674137643));
#10955=CARTESIAN_POINT('Origin',(2.7174057328232,0.903543307086615,1.62654153900242));
#10956=CARTESIAN_POINT('',(2.7174057328232,0.905511811023623,1.62654153900242));
#10957=CARTESIAN_POINT('Origin',(2.77688014375226,0.905511811023623,1.54438902853588));
#10958=CARTESIAN_POINT('Origin',(3.79794339022131,0.903543307086615,1.59430307075438));
#10959=CARTESIAN_POINT('',(3.79794339022131,0.905511811023623,1.53138247410478));
#10960=CARTESIAN_POINT('',(3.79794339022131,0.903543307086615,1.53138247410478));
#10961=CARTESIAN_POINT('',(3.79794339022131,0.905511811023623,1.59430307075438));
#10962=CARTESIAN_POINT('',(3.79794339022131,0.905511811023623,1.59430307075438));
#10963=CARTESIAN_POINT('',(3.79794339022131,0.903543307086615,1.59430307075438));
#10964=CARTESIAN_POINT('Ctrl Pts',(3.72346141185517,0.903543307086615,1.62898721590399));
#10965=CARTESIAN_POINT('Ctrl Pts',(3.72346141185517,0.905511811023623,1.62898721590399));
#10966=CARTESIAN_POINT('Ctrl Pts',(3.73262023630323,0.903543307086615,1.62824731038037));
#10967=CARTESIAN_POINT('Ctrl Pts',(3.73262023630323,0.905511811023623,1.62824731038037));
#10968=CARTESIAN_POINT('Ctrl Pts',(3.75102620044655,0.903543307086615,1.62676036469052));
#10969=CARTESIAN_POINT('Ctrl Pts',(3.75102620044655,0.905511811023623,1.62676036469052));
#10970=CARTESIAN_POINT('Ctrl Pts',(3.77732722561075,0.903543307086615,1.61466645360436));
#10971=CARTESIAN_POINT('Ctrl Pts',(3.77732722561075,0.905511811023623,1.61466645360436));
#10972=CARTESIAN_POINT('Ctrl Pts',(3.79093549263364,0.903543307086615,1.60122504214173));
#10973=CARTESIAN_POINT('Ctrl Pts',(3.79093549263364,0.905511811023623,1.60122504214173));
#10974=CARTESIAN_POINT('Ctrl Pts',(3.79794339022131,0.903543307086615,1.59430307075438));
#10975=CARTESIAN_POINT('Ctrl Pts',(3.79794339022131,0.905511811023623,1.59430307075438));
#10976=CARTESIAN_POINT('',(3.72346141185517,0.905511811023623,1.62898721590399));
#10977=CARTESIAN_POINT('Ctrl Pts',(3.72346141185517,0.905511811023623,1.62898721590399));
#10978=CARTESIAN_POINT('Ctrl Pts',(3.73262023630323,0.905511811023623,1.62824731038037));
#10979=CARTESIAN_POINT('Ctrl Pts',(3.75102620044655,0.905511811023623,1.62676036469052));
#10980=CARTESIAN_POINT('Ctrl Pts',(3.77732722561075,0.905511811023623,1.61466645360436));
#10981=CARTESIAN_POINT('Ctrl Pts',(3.79093549263364,0.905511811023623,1.60122504214173));
#10982=CARTESIAN_POINT('Ctrl Pts',(3.79794339022131,0.905511811023623,1.59430307075438));
#10983=CARTESIAN_POINT('',(3.72346141185517,0.903543307086615,1.62898721590399));
#10984=CARTESIAN_POINT('Ctrl Pts',(3.79327437068194,0.903543307086615,1.48958363251423));
#10985=CARTESIAN_POINT('Ctrl Pts',(3.79327437068194,0.905511811023623,1.48958363251423));
#10986=CARTESIAN_POINT('Ctrl Pts',(3.78757948918435,0.903543307086615,1.48393598400599));
#10987=CARTESIAN_POINT('Ctrl Pts',(3.78757948918435,0.905511811023623,1.48393598400599));
#10988=CARTESIAN_POINT('Ctrl Pts',(3.77572791526921,0.903543307086615,1.47218270630032));
#10989=CARTESIAN_POINT('Ctrl Pts',(3.77572791526921,0.905511811023623,1.47218270630032));
#10990=CARTESIAN_POINT('Ctrl Pts',(3.75155779834383,0.903543307086615,1.4620176369813));
#10991=CARTESIAN_POINT('Ctrl Pts',(3.75155779834383,0.905511811023623,1.4620176369813));
#10992=CARTESIAN_POINT('Ctrl Pts',(3.71925630929318,0.903543307086615,1.45709677913167));
#10993=CARTESIAN_POINT('Ctrl Pts',(3.71925630929318,0.905511811023623,1.45709677913167));
#10994=CARTESIAN_POINT('Ctrl Pts',(3.68047783596278,0.903543307086615,1.46662663361052));
#10995=CARTESIAN_POINT('Ctrl Pts',(3.68047783596278,0.905511811023623,1.46662663361052));
#10996=CARTESIAN_POINT('Ctrl Pts',(3.64702717292395,0.903543307086615,1.49890974597184));
#10997=CARTESIAN_POINT('Ctrl Pts',(3.64702717292395,0.905511811023623,1.49890974597184));
#10998=CARTESIAN_POINT('Ctrl Pts',(3.63567003912932,0.903543307086615,1.5442544548629));
#10999=CARTESIAN_POINT('Ctrl Pts',(3.63567003912932,0.905511811023623,1.5442544548629));
#11000=CARTESIAN_POINT('Ctrl Pts',(3.64634331336866,0.903543307086615,1.58891156224819));
#11001=CARTESIAN_POINT('Ctrl Pts',(3.64634331336866,0.905511811023623,1.58891156224819));
#11002=CARTESIAN_POINT('Ctrl Pts',(3.67890969520957,0.903543307086615,1.62290194465536));
#11003=CARTESIAN_POINT('Ctrl Pts',(3.67890969520957,0.905511811023623,1.62290194465536));
#11004=CARTESIAN_POINT('Ctrl Pts',(3.70831561832572,0.903543307086615,1.6269184681914));
#11005=CARTESIAN_POINT('Ctrl Pts',(3.70831561832572,0.905511811023623,1.6269184681914));
#11006=CARTESIAN_POINT('Ctrl Pts',(3.72346141185517,0.903543307086615,1.62898721590399));
#11007=CARTESIAN_POINT('Ctrl Pts',(3.72346141185517,0.905511811023623,1.62898721590399));
#11008=CARTESIAN_POINT('',(3.79327437068194,0.905511811023623,1.48958363251423));
#11009=CARTESIAN_POINT('Ctrl Pts',(3.79327437068194,0.905511811023623,1.48958363251423));
#11010=CARTESIAN_POINT('Ctrl Pts',(3.78757948918435,0.905511811023623,1.48393598400599));
#11011=CARTESIAN_POINT('Ctrl Pts',(3.77572791526921,0.905511811023623,1.47218270630032));
#11012=CARTESIAN_POINT('Ctrl Pts',(3.75155779834383,0.905511811023623,1.4620176369813));
#11013=CARTESIAN_POINT('Ctrl Pts',(3.71925630929318,0.905511811023623,1.45709677913167));
#11014=CARTESIAN_POINT('Ctrl Pts',(3.68047783596278,0.905511811023623,1.46662663361052));
#11015=CARTESIAN_POINT('Ctrl Pts',(3.64702717292395,0.905511811023623,1.49890974597184));
#11016=CARTESIAN_POINT('Ctrl Pts',(3.63567003912932,0.905511811023623,1.5442544548629));
#11017=CARTESIAN_POINT('Ctrl Pts',(3.64634331336866,0.905511811023623,1.58891156224819));
#11018=CARTESIAN_POINT('Ctrl Pts',(3.67890969520957,0.905511811023623,1.62290194465536));
#11019=CARTESIAN_POINT('Ctrl Pts',(3.70831561832572,0.905511811023623,1.6269184681914));
#11020=CARTESIAN_POINT('Ctrl Pts',(3.72346141185517,0.905511811023623,1.62898721590399));
#11021=CARTESIAN_POINT('',(3.79327437068194,0.903543307086615,1.48958363251423));
#11022=CARTESIAN_POINT('Origin',(3.77748863795359,0.903543307086615,1.5040353596599));
#11023=CARTESIAN_POINT('',(3.77748863795359,0.905511811023623,1.5040353596599));
#11024=CARTESIAN_POINT('',(3.77748863795359,0.905511811023623,1.5040353596599));
#11025=CARTESIAN_POINT('',(3.77748863795359,0.903543307086615,1.5040353596599));
#11026=CARTESIAN_POINT('Ctrl Pts',(3.77704396942603,0.903543307086615,1.58452036314808));
#11027=CARTESIAN_POINT('Ctrl Pts',(3.77704396942603,0.905511811023623,1.58452036314808));
#11028=CARTESIAN_POINT('Ctrl Pts',(3.77219670429267,0.903543307086615,1.58888236397632));
#11029=CARTESIAN_POINT('Ctrl Pts',(3.77219670429267,0.905511811023623,1.58888236397632));
#11030=CARTESIAN_POINT('Ctrl Pts',(3.76244982729619,0.903543307086615,1.59765347188182));
#11031=CARTESIAN_POINT('Ctrl Pts',(3.76244982729619,0.905511811023623,1.59765347188182));
#11032=CARTESIAN_POINT('Ctrl Pts',(3.74410686997004,0.903543307086615,1.60559065806723));
#11033=CARTESIAN_POINT('Ctrl Pts',(3.74410686997004,0.905511811023623,1.60559065806723));
#11034=CARTESIAN_POINT('Ctrl Pts',(3.72014952598275,0.903543307086615,1.60932842151885));
#11035=CARTESIAN_POINT('Ctrl Pts',(3.72014952598275,0.905511811023623,1.60932842151885));
#11036=CARTESIAN_POINT('Ctrl Pts',(3.69166551352247,0.903543307086615,1.60223133177241));
#11037=CARTESIAN_POINT('Ctrl Pts',(3.69166551352247,0.905511811023623,1.60223133177241));
#11038=CARTESIAN_POINT('Ctrl Pts',(3.66747815257564,0.903543307086615,1.57809101538333));
#11039=CARTESIAN_POINT('Ctrl Pts',(3.66747815257564,0.905511811023623,1.57809101538333));
#11040=CARTESIAN_POINT('Ctrl Pts',(3.65932962666884,0.903543307086615,1.54452187057881));
#11041=CARTESIAN_POINT('Ctrl Pts',(3.65932962666884,0.905511811023623,1.54452187057881));
#11042=CARTESIAN_POINT('Ctrl Pts',(3.66740419020979,0.903543307086615,1.51081766935476));
#11043=CARTESIAN_POINT('Ctrl Pts',(3.66740419020979,0.905511811023623,1.51081766935476));
#11044=CARTESIAN_POINT('Ctrl Pts',(3.69188238219213,0.903543307086615,1.4862263313428));
#11045=CARTESIAN_POINT('Ctrl Pts',(3.69188238219213,0.905511811023623,1.4862263313428));
#11046=CARTESIAN_POINT('Ctrl Pts',(3.72080435123973,0.903543307086615,1.47931148418459));
#11047=CARTESIAN_POINT('Ctrl Pts',(3.72080435123973,0.905511811023623,1.47931148418459));
#11048=CARTESIAN_POINT('Ctrl Pts',(3.74498750117095,0.903543307086615,1.48277431594475));
#11049=CARTESIAN_POINT('Ctrl Pts',(3.74498750117095,0.905511811023623,1.48277431594475));
#11050=CARTESIAN_POINT('Ctrl Pts',(3.76341745767075,0.903543307086615,1.4906324365919));
#11051=CARTESIAN_POINT('Ctrl Pts',(3.76341745767075,0.905511811023623,1.4906324365919));
#11052=CARTESIAN_POINT('Ctrl Pts',(3.77281486660328,0.903543307086615,1.49958355131216));
#11053=CARTESIAN_POINT('Ctrl Pts',(3.77281486660328,0.905511811023623,1.49958355131216));
#11054=CARTESIAN_POINT('Ctrl Pts',(3.77748863795359,0.903543307086615,1.5040353596599));
#11055=CARTESIAN_POINT('Ctrl Pts',(3.77748863795359,0.905511811023623,1.5040353596599));
#11056=CARTESIAN_POINT('',(3.77704396942603,0.905511811023623,1.58452036314808));
#11057=CARTESIAN_POINT('Ctrl Pts',(3.77704396942603,0.905511811023623,1.58452036314808));
#11058=CARTESIAN_POINT('Ctrl Pts',(3.77219670429267,0.905511811023623,1.58888236397632));
#11059=CARTESIAN_POINT('Ctrl Pts',(3.76244982729619,0.905511811023623,1.59765347188182));
#11060=CARTESIAN_POINT('Ctrl Pts',(3.74410686997004,0.905511811023623,1.60559065806723));
#11061=CARTESIAN_POINT('Ctrl Pts',(3.72014952598275,0.905511811023623,1.60932842151885));
#11062=CARTESIAN_POINT('Ctrl Pts',(3.69166551352247,0.905511811023623,1.60223133177241));
#11063=CARTESIAN_POINT('Ctrl Pts',(3.66747815257564,0.905511811023623,1.57809101538333));
#11064=CARTESIAN_POINT('Ctrl Pts',(3.65932962666884,0.905511811023623,1.54452187057881));
#11065=CARTESIAN_POINT('Ctrl Pts',(3.66740419020979,0.905511811023623,1.51081766935476));
#11066=CARTESIAN_POINT('Ctrl Pts',(3.69188238219213,0.905511811023623,1.4862263313428));
#11067=CARTESIAN_POINT('Ctrl Pts',(3.72080435123973,0.905511811023623,1.47931148418459));
#11068=CARTESIAN_POINT('Ctrl Pts',(3.74498750117095,0.905511811023623,1.48277431594475));
#11069=CARTESIAN_POINT('Ctrl Pts',(3.76341745767075,0.905511811023623,1.4906324365919));
#11070=CARTESIAN_POINT('Ctrl Pts',(3.77281486660328,0.905511811023623,1.49958355131216));
#11071=CARTESIAN_POINT('Ctrl Pts',(3.77748863795359,0.905511811023623,1.5040353596599));
#11072=CARTESIAN_POINT('',(3.77704396942603,0.903543307086615,1.58452036314808));
#11073=CARTESIAN_POINT('Origin',(3.77704396942603,0.903543307086615,1.55183722637249));
#11074=CARTESIAN_POINT('',(3.77704396942603,0.905511811023623,1.55183722637249));
#11075=CARTESIAN_POINT('',(3.77704396942603,0.905511811023623,1.55183722637249));
#11076=CARTESIAN_POINT('',(3.77704396942603,0.903543307086615,1.55183722637249));
#11077=CARTESIAN_POINT('Origin',(3.72212740627249,0.903543307086615,1.55183722637249));
#11078=CARTESIAN_POINT('',(3.72212740627249,0.905511811023623,1.55183722637249));
#11079=CARTESIAN_POINT('',(3.72212740627249,0.905511811023623,1.55183722637249));
#11080=CARTESIAN_POINT('',(3.72212740627249,0.903543307086615,1.55183722637249));
#11081=CARTESIAN_POINT('Origin',(3.72212740627249,0.903543307086615,1.53138247410478));
#11082=CARTESIAN_POINT('',(3.72212740627249,0.905511811023623,1.53138247410478));
#11083=CARTESIAN_POINT('',(3.72212740627249,0.905511811023623,1.53138247410478));
#11084=CARTESIAN_POINT('',(3.72212740627249,0.903543307086615,1.53138247410478));
#11085=CARTESIAN_POINT('Origin',(3.79794339022131,0.903543307086615,1.53138247410478));
#11086=CARTESIAN_POINT('',(3.79794339022131,0.905511811023623,1.53138247410478));
#11087=CARTESIAN_POINT('Origin',(3.71680671467532,0.905511811023623,1.54304199751783));
#11088=CARTESIAN_POINT('Origin',(3.93473445954834,0.903543307086615,1.62654153900241));
#11089=CARTESIAN_POINT('',(3.95719022019007,0.905511811023623,1.62654153900241));
#11090=CARTESIAN_POINT('',(3.95719022019007,0.903543307086615,1.62654153900241));
#11091=CARTESIAN_POINT('',(3.93473445954834,0.905511811023623,1.62654153900241));
#11092=CARTESIAN_POINT('',(3.93473445954834,0.905511811023623,1.62654153900241));
#11093=CARTESIAN_POINT('',(3.93473445954834,0.903543307086615,1.62654153900241));
#11094=CARTESIAN_POINT('Origin',(3.93473445954834,0.903543307086615,1.46223651806934));
#11095=CARTESIAN_POINT('',(3.93473445954834,0.905511811023623,1.46223651806934));
#11096=CARTESIAN_POINT('',(3.93473445954834,0.905511811023623,1.46223651806934));
#11097=CARTESIAN_POINT('',(3.93473445954834,0.903543307086615,1.46223651806934));
#11098=CARTESIAN_POINT('Origin',(3.95719022019007,0.903543307086615,1.46223651806934));
#11099=CARTESIAN_POINT('',(3.95719022019007,0.905511811023623,1.46223651806934));
#11100=CARTESIAN_POINT('',(3.95719022019007,0.905511811023623,1.46223651806934));
#11101=CARTESIAN_POINT('',(3.95719022019007,0.903543307086615,1.46223651806934));
#11102=CARTESIAN_POINT('Origin',(3.95719022019007,0.903543307086615,1.53160480836856));
#11103=CARTESIAN_POINT('',(3.95719022019007,0.905511811023623,1.53160480836856));
#11104=CARTESIAN_POINT('',(3.95719022019007,0.905511811023623,1.53160480836856));
#11105=CARTESIAN_POINT('',(3.95719022019007,0.903543307086615,1.53160480836856));
#11106=CARTESIAN_POINT('Origin',(4.03967623205228,0.903543307086615,1.53160480836855));
#11107=CARTESIAN_POINT('',(4.03967623205228,0.905511811023623,1.53160480836855));
#11108=CARTESIAN_POINT('',(4.03967623205228,0.905511811023623,1.53160480836855));
#11109=CARTESIAN_POINT('',(4.03967623205228,0.903543307086615,1.53160480836855));
#11110=CARTESIAN_POINT('Origin',(4.03967623205228,0.903543307086615,1.46223651806934));
#11111=CARTESIAN_POINT('',(4.03967623205228,0.905511811023623,1.46223651806934));
#11112=CARTESIAN_POINT('',(4.03967623205228,0.905511811023623,1.46223651806934));
#11113=CARTESIAN_POINT('',(4.03967623205228,0.903543307086615,1.46223651806934));
#11114=CARTESIAN_POINT('Origin',(4.06190965843023,0.903543307086615,1.46223651806934));
#11115=CARTESIAN_POINT('',(4.06190965843023,0.905511811023623,1.46223651806934));
#11116=CARTESIAN_POINT('',(4.06190965843023,0.905511811023623,1.46223651806934));
#11117=CARTESIAN_POINT('',(4.06190965843023,0.903543307086615,1.46223651806934));
#11118=CARTESIAN_POINT('Origin',(4.06190965843023,0.903543307086615,1.62654153900241));
#11119=CARTESIAN_POINT('',(4.06190965843023,0.905511811023623,1.62654153900241));
#11120=CARTESIAN_POINT('',(4.06190965843023,0.905511811023623,1.62654153900241));
#11121=CARTESIAN_POINT('',(4.06190965843023,0.903543307086615,1.62654153900241));
#11122=CARTESIAN_POINT('Origin',(4.03967623205228,0.903543307086615,1.62654153900241));
#11123=CARTESIAN_POINT('',(4.03967623205228,0.905511811023623,1.62654153900241));
#11124=CARTESIAN_POINT('',(4.03967623205228,0.905511811023623,1.62654153900241));
#11125=CARTESIAN_POINT('',(4.03967623205228,0.903543307086615,1.62654153900241));
#11126=CARTESIAN_POINT('Origin',(4.03967623205228,0.903543307086615,1.55294889769139));
#11127=CARTESIAN_POINT('',(4.03967623205228,0.905511811023623,1.55294889769139));
#11128=CARTESIAN_POINT('',(4.03967623205228,0.905511811023623,1.55294889769139));
#11129=CARTESIAN_POINT('',(4.03967623205228,0.903543307086615,1.55294889769139));
#11130=CARTESIAN_POINT('Origin',(3.95719022019007,0.903543307086615,1.55294889769139));
#11131=CARTESIAN_POINT('',(3.95719022019007,0.905511811023623,1.55294889769139));
#11132=CARTESIAN_POINT('',(3.95719022019007,0.905511811023623,1.55294889769139));
#11133=CARTESIAN_POINT('',(3.95719022019007,0.903543307086615,1.55294889769139));
#11134=CARTESIAN_POINT('Origin',(3.95719022019007,0.903543307086615,1.62654153900241));
#11135=CARTESIAN_POINT('',(3.95719022019007,0.905511811023623,1.62654153900241));
#11136=CARTESIAN_POINT('Origin',(3.99832205898928,0.905511811023623,1.54438902853588));
#11137=CARTESIAN_POINT('Origin',(3.00414394878872,0.903543307086615,1.62654153900242));
#11138=CARTESIAN_POINT('',(3.10641774409505,0.905511811023623,1.62654153900242));
#11139=CARTESIAN_POINT('',(3.10641774409505,0.903543307086615,1.62654153900242));
#11140=CARTESIAN_POINT('',(3.00414394878872,0.905511811023623,1.62654153900242));
#11141=CARTESIAN_POINT('',(3.00414394878872,0.905511811023623,1.62654153900242));
#11142=CARTESIAN_POINT('',(3.00414394878872,0.903543307086615,1.62654153900242));
#11143=CARTESIAN_POINT('Origin',(3.00414394878872,0.903543307086615,1.46223651806935));
#11144=CARTESIAN_POINT('',(3.00414394878872,0.905511811023623,1.46223651806935));
#11145=CARTESIAN_POINT('',(3.00414394878872,0.905511811023623,1.46223651806935));
#11146=CARTESIAN_POINT('',(3.00414394878872,0.903543307086615,1.46223651806935));
#11147=CARTESIAN_POINT('Origin',(3.10641774409505,0.903543307086615,1.46223651806935));
#11148=CARTESIAN_POINT('',(3.10641774409505,0.905511811023623,1.46223651806935));
#11149=CARTESIAN_POINT('',(3.10641774409505,0.905511811023623,1.46223651806935));
#11150=CARTESIAN_POINT('',(3.10641774409505,0.903543307086615,1.46223651806935));
#11151=CARTESIAN_POINT('Origin',(3.10641774409505,0.903543307086615,1.4833582731284));
#11152=CARTESIAN_POINT('',(3.10641774409505,0.905511811023623,1.4833582731284));
#11153=CARTESIAN_POINT('',(3.10641774409505,0.905511811023623,1.4833582731284));
#11154=CARTESIAN_POINT('',(3.10641774409505,0.903543307086615,1.4833582731284));
#11155=CARTESIAN_POINT('Origin',(3.02637737516668,0.903543307086615,1.4833582731284));
#11156=CARTESIAN_POINT('',(3.02637737516668,0.905511811023623,1.4833582731284));
#11157=CARTESIAN_POINT('',(3.02637737516668,0.905511811023623,1.4833582731284));
#11158=CARTESIAN_POINT('',(3.02637737516668,0.903543307086615,1.4833582731284));
#11159=CARTESIAN_POINT('Origin',(3.02637737516668,0.903543307086615,1.53249414542368));
#11160=CARTESIAN_POINT('',(3.02637737516668,0.905511811023623,1.53249414542368));
#11161=CARTESIAN_POINT('',(3.02637737516668,0.905511811023623,1.53249414542368));
#11162=CARTESIAN_POINT('',(3.02637737516668,0.903543307086615,1.53249414542368));
#11163=CARTESIAN_POINT('Origin',(3.100414718973,0.903543307086615,1.53249414542368));
#11164=CARTESIAN_POINT('',(3.100414718973,0.905511811023623,1.53249414542368));
#11165=CARTESIAN_POINT('',(3.100414718973,0.905511811023623,1.53249414542368));
#11166=CARTESIAN_POINT('',(3.100414718973,0.903543307086615,1.53249414542368));
#11167=CARTESIAN_POINT('Origin',(3.100414718973,0.903543307086615,1.55361590048273));
#11168=CARTESIAN_POINT('',(3.100414718973,0.905511811023623,1.55361590048273));
#11169=CARTESIAN_POINT('',(3.100414718973,0.905511811023623,1.55361590048273));
#11170=CARTESIAN_POINT('',(3.100414718973,0.903543307086615,1.55361590048273));
#11171=CARTESIAN_POINT('Origin',(3.02637737516668,0.903543307086615,1.55361590048273));
#11172=CARTESIAN_POINT('',(3.02637737516668,0.905511811023623,1.55361590048273));
#11173=CARTESIAN_POINT('',(3.02637737516668,0.905511811023623,1.55361590048273));
#11174=CARTESIAN_POINT('',(3.02637737516668,0.903543307086615,1.55361590048273));
#11175=CARTESIAN_POINT('Origin',(3.02637737516668,0.903543307086615,1.60541978394336));
#11176=CARTESIAN_POINT('',(3.02637737516668,0.905511811023623,1.60541978394336));
#11177=CARTESIAN_POINT('',(3.02637737516668,0.905511811023623,1.60541978394336));
#11178=CARTESIAN_POINT('',(3.02637737516668,0.903543307086615,1.60541978394336));
#11179=CARTESIAN_POINT('Origin',(3.10641774409505,0.903543307086615,1.60541978394336));
#11180=CARTESIAN_POINT('',(3.10641774409505,0.905511811023623,1.60541978394336));
#11181=CARTESIAN_POINT('',(3.10641774409505,0.905511811023623,1.60541978394336));
#11182=CARTESIAN_POINT('',(3.10641774409505,0.903543307086615,1.60541978394336));
#11183=CARTESIAN_POINT('Origin',(3.10641774409505,0.903543307086615,1.62654153900242));
#11184=CARTESIAN_POINT('',(3.10641774409505,0.905511811023623,1.62654153900242));
#11185=CARTESIAN_POINT('Origin',(3.05528084644189,0.905511811023623,1.54438902853588));
#11186=CARTESIAN_POINT('Origin',(2.52777543730459,0.903543307086615,1.46223651806935));
#11187=CARTESIAN_POINT('',(2.52777543730459,0.905511811023623,1.62654153900242));
#11188=CARTESIAN_POINT('',(2.52777543730459,0.903543307086615,1.62654153900242));
#11189=CARTESIAN_POINT('',(2.52777543730459,0.905511811023623,1.46223651806935));
#11190=CARTESIAN_POINT('',(2.52777543730459,0.905511811023623,1.46223651806935));
#11191=CARTESIAN_POINT('',(2.52777543730459,0.903543307086615,1.46223651806935));
#11192=CARTESIAN_POINT('Origin',(2.55000886368255,0.903543307086615,1.46223651806935));
#11193=CARTESIAN_POINT('',(2.55000886368255,0.905511811023623,1.46223651806935));
#11194=CARTESIAN_POINT('',(2.55000886368255,0.905511811023623,1.46223651806935));
#11195=CARTESIAN_POINT('',(2.55000886368255,0.903543307086615,1.46223651806935));
#11196=CARTESIAN_POINT('Origin',(2.55000886368255,0.903543307086615,1.62654153900242));
#11197=CARTESIAN_POINT('',(2.55000886368255,0.905511811023623,1.62654153900242));
#11198=CARTESIAN_POINT('',(2.55000886368255,0.905511811023623,1.62654153900242));
#11199=CARTESIAN_POINT('',(2.55000886368255,0.903543307086615,1.62654153900242));
#11200=CARTESIAN_POINT('Origin',(2.52777543730459,0.903543307086615,1.62654153900242));
#11201=CARTESIAN_POINT('',(2.52777543730459,0.905511811023623,1.62654153900242));
#11202=CARTESIAN_POINT('Origin',(2.53889215049357,0.905511811023623,1.54438902853588));
#11203=CARTESIAN_POINT('Origin',(3.48224948376435,0.903543307086615,1.46223651806934));
#11204=CARTESIAN_POINT('',(3.48224948376435,0.905511811023623,1.62654153900242));
#11205=CARTESIAN_POINT('',(3.48224948376435,0.903543307086615,1.62654153900242));
#11206=CARTESIAN_POINT('',(3.48224948376435,0.905511811023623,1.46223651806934));
#11207=CARTESIAN_POINT('',(3.48224948376435,0.905511811023623,1.46223651806934));
#11208=CARTESIAN_POINT('',(3.48224948376435,0.903543307086615,1.46223651806934));
#11209=CARTESIAN_POINT('Origin',(3.50448291014231,0.903543307086615,1.46223651806934));
#11210=CARTESIAN_POINT('',(3.50448291014231,0.905511811023623,1.46223651806934));
#11211=CARTESIAN_POINT('',(3.50448291014231,0.905511811023623,1.46223651806934));
#11212=CARTESIAN_POINT('',(3.50448291014231,0.903543307086615,1.46223651806934));
#11213=CARTESIAN_POINT('Origin',(3.50448291014231,0.903543307086615,1.62654153900242));
#11214=CARTESIAN_POINT('',(3.50448291014231,0.905511811023623,1.62654153900242));
#11215=CARTESIAN_POINT('',(3.50448291014231,0.905511811023623,1.62654153900242));
#11216=CARTESIAN_POINT('',(3.50448291014231,0.903543307086615,1.62654153900242));
#11217=CARTESIAN_POINT('Origin',(3.48224948376435,0.903543307086615,1.62654153900242));
#11218=CARTESIAN_POINT('',(3.48224948376435,0.905511811023623,1.62654153900242));
#11219=CARTESIAN_POINT('Origin',(3.49336619695333,0.905511811023623,1.54438902853588));
#11220=CARTESIAN_POINT('Origin',(4.23856806204706,0.903543307086615,1.48380294165596));
#11221=CARTESIAN_POINT('',(4.23856806204706,0.905511811023623,1.62654153900241));
#11222=CARTESIAN_POINT('',(4.23856806204706,0.903543307086615,1.62654153900241));
#11223=CARTESIAN_POINT('',(4.23856806204706,0.905511811023623,1.48380294165596));
#11224=CARTESIAN_POINT('',(4.23856806204706,0.905511811023623,1.48380294165596));
#11225=CARTESIAN_POINT('',(4.23856806204706,0.903543307086615,1.48380294165596));
#11226=CARTESIAN_POINT('Origin',(4.18987685827934,0.903543307086615,1.48380294165596));
#11227=CARTESIAN_POINT('',(4.18987685827934,0.905511811023623,1.48380294165596));
#11228=CARTESIAN_POINT('',(4.18987685827934,0.905511811023623,1.48380294165596));
#11229=CARTESIAN_POINT('',(4.18987685827934,0.903543307086615,1.48380294165596));
#11230=CARTESIAN_POINT('Origin',(4.18987685827934,0.903543307086615,1.46223651806934));
#11231=CARTESIAN_POINT('',(4.18987685827934,0.905511811023623,1.46223651806934));
#11232=CARTESIAN_POINT('',(4.18987685827934,0.905511811023623,1.46223651806934));
#11233=CARTESIAN_POINT('',(4.18987685827934,0.903543307086615,1.46223651806934));
#11234=CARTESIAN_POINT('Origin',(4.30949269219273,0.903543307086615,1.46223651806934));
#11235=CARTESIAN_POINT('',(4.30949269219273,0.905511811023623,1.46223651806934));
#11236=CARTESIAN_POINT('',(4.30949269219273,0.905511811023623,1.46223651806934));
#11237=CARTESIAN_POINT('',(4.30949269219273,0.903543307086615,1.46223651806934));
#11238=CARTESIAN_POINT('Origin',(4.30949269219273,0.903543307086615,1.48380294165596));
#11239=CARTESIAN_POINT('',(4.30949269219273,0.905511811023623,1.48380294165596));
#11240=CARTESIAN_POINT('',(4.30949269219273,0.905511811023623,1.48380294165596));
#11241=CARTESIAN_POINT('',(4.30949269219273,0.903543307086615,1.48380294165596));
#11242=CARTESIAN_POINT('Origin',(4.26080148842501,0.903543307086615,1.48380294165596));
#11243=CARTESIAN_POINT('',(4.26080148842501,0.905511811023623,1.48380294165596));
#11244=CARTESIAN_POINT('',(4.26080148842501,0.905511811023623,1.48380294165596));
#11245=CARTESIAN_POINT('',(4.26080148842501,0.903543307086615,1.48380294165596));
#11246=CARTESIAN_POINT('Origin',(4.26080148842501,0.903543307086615,1.62654153900241));
#11247=CARTESIAN_POINT('',(4.26080148842501,0.905511811023623,1.62654153900241));
#11248=CARTESIAN_POINT('',(4.26080148842501,0.905511811023623,1.62654153900241));
#11249=CARTESIAN_POINT('',(4.26080148842501,0.903543307086615,1.62654153900241));
#11250=CARTESIAN_POINT('Origin',(4.23856806204706,0.903543307086615,1.62654153900241));
#11251=CARTESIAN_POINT('',(4.23856806204706,0.905511811023623,1.62654153900241));
#11252=CARTESIAN_POINT('Origin',(4.24968477523603,0.905511811023623,1.54438902853588));
#11253=CARTESIAN_POINT('Origin',(3.24384806766211,0.903543307086615,1.62654153900242));
#11254=CARTESIAN_POINT('',(3.35434819676053,0.905511811023623,1.62654153900242));
#11255=CARTESIAN_POINT('',(3.35434819676053,0.903543307086615,1.62654153900242));
#11256=CARTESIAN_POINT('',(3.24384806766211,0.905511811023623,1.62654153900242));
#11257=CARTESIAN_POINT('',(3.24384806766211,0.905511811023623,1.62654153900242));
#11258=CARTESIAN_POINT('',(3.24384806766211,0.903543307086615,1.62654153900242));
#11259=CARTESIAN_POINT('Origin',(3.2438480676621,0.903543307086615,1.46223651806934));
#11260=CARTESIAN_POINT('',(3.2438480676621,0.905511811023623,1.46223651806934));
#11261=CARTESIAN_POINT('',(3.2438480676621,0.905511811023623,1.46223651806934));
#11262=CARTESIAN_POINT('',(3.2438480676621,0.903543307086615,1.46223651806934));
#11263=CARTESIAN_POINT('Origin',(3.26608149404005,0.903543307086615,1.46223651806934));
#11264=CARTESIAN_POINT('',(3.26608149404005,0.905511811023623,1.46223651806934));
#11265=CARTESIAN_POINT('',(3.26608149404005,0.905511811023623,1.46223651806934));
#11266=CARTESIAN_POINT('',(3.26608149404005,0.903543307086615,1.46223651806934));
#11267=CARTESIAN_POINT('Origin',(3.26608149404005,0.903543307086615,1.6049751154158));
#11268=CARTESIAN_POINT('',(3.26608149404005,0.905511811023623,1.6049751154158));
#11269=CARTESIAN_POINT('',(3.26608149404005,0.905511811023623,1.6049751154158));
#11270=CARTESIAN_POINT('',(3.26608149404005,0.903543307086615,1.6049751154158));
#11271=CARTESIAN_POINT('Origin',(3.35434819676053,0.903543307086615,1.6049751154158));
#11272=CARTESIAN_POINT('',(3.35434819676053,0.905511811023623,1.6049751154158));
#11273=CARTESIAN_POINT('',(3.35434819676053,0.905511811023623,1.6049751154158));
#11274=CARTESIAN_POINT('',(3.35434819676053,0.903543307086615,1.6049751154158));
#11275=CARTESIAN_POINT('Origin',(3.35434819676053,0.903543307086615,1.62654153900242));
#11276=CARTESIAN_POINT('',(3.35434819676053,0.905511811023623,1.62654153900242));
#11277=CARTESIAN_POINT('Origin',(3.29909813221132,0.905511811023623,1.54438902853588));
#11278=CARTESIAN_POINT('Origin',(2.28937405825805,0.903543307086615,1.62654153900242));
#11279=CARTESIAN_POINT('',(2.39987418735647,0.905511811023623,1.62654153900242));
#11280=CARTESIAN_POINT('',(2.39987418735647,0.903543307086615,1.62654153900242));
#11281=CARTESIAN_POINT('',(2.28937405825805,0.905511811023623,1.62654153900242));
#11282=CARTESIAN_POINT('',(2.28937405825805,0.905511811023623,1.62654153900242));
#11283=CARTESIAN_POINT('',(2.28937405825805,0.903543307086615,1.62654153900242));
#11284=CARTESIAN_POINT('Origin',(2.28937405825805,0.903543307086615,1.46223651806935));
#11285=CARTESIAN_POINT('',(2.28937405825805,0.905511811023623,1.46223651806935));
#11286=CARTESIAN_POINT('',(2.28937405825805,0.905511811023623,1.46223651806935));
#11287=CARTESIAN_POINT('',(2.28937405825805,0.903543307086615,1.46223651806935));
#11288=CARTESIAN_POINT('Origin',(2.311607484636,0.903543307086615,1.46223651806935));
#11289=CARTESIAN_POINT('',(2.311607484636,0.905511811023623,1.46223651806935));
#11290=CARTESIAN_POINT('',(2.311607484636,0.905511811023623,1.46223651806935));
#11291=CARTESIAN_POINT('',(2.311607484636,0.903543307086615,1.46223651806935));
#11292=CARTESIAN_POINT('Origin',(2.311607484636,0.903543307086615,1.60497511541581));
#11293=CARTESIAN_POINT('',(2.311607484636,0.905511811023623,1.60497511541581));
#11294=CARTESIAN_POINT('',(2.311607484636,0.905511811023623,1.60497511541581));
#11295=CARTESIAN_POINT('',(2.311607484636,0.903543307086615,1.60497511541581));
#11296=CARTESIAN_POINT('Origin',(2.39987418735647,0.903543307086615,1.60497511541581));
#11297=CARTESIAN_POINT('',(2.39987418735647,0.905511811023623,1.60497511541581));
#11298=CARTESIAN_POINT('',(2.39987418735647,0.905511811023623,1.60497511541581));
#11299=CARTESIAN_POINT('',(2.39987418735647,0.903543307086615,1.60497511541581));
#11300=CARTESIAN_POINT('Origin',(2.39987418735647,0.903543307086615,1.62654153900242));
#11301=CARTESIAN_POINT('',(2.39987418735647,0.905511811023623,1.62654153900242));
#11302=CARTESIAN_POINT('Origin',(2.34462412280726,0.905511811023623,1.54438902853588));
#11303=CARTESIAN_POINT('Origin',(2.07785668787163,0.81496062992126,-0.0729409448818926));
#11304=CARTESIAN_POINT('',(3.66250235716297,0.769756067862652,-0.0930318613523901));
#11305=CARTESIAN_POINT('Origin',(2.07785668787163,0.81496062992126,-0.0729409448818929));
#11306=CARTESIAN_POINT('',(3.49025826267478,0.769756067862652,-0.0930318613523898));
#11307=CARTESIAN_POINT('Origin',(3.49025826267478,0.706692913385828,-0.0729409448818985));
#11308=CARTESIAN_POINT('',(3.49025826267478,0.706692913385828,0.361167322834639));
#11309=CARTESIAN_POINT('Origin',(2.07785668787163,0.81496062992126,-0.0729409448818929));
#11310=CARTESIAN_POINT('',(3.3180141681866,0.769756067862652,-0.0930318613523894));
#11311=CARTESIAN_POINT('Origin',(3.3180141681866,0.706692913385828,-0.0729409448818982));
#11312=CARTESIAN_POINT('',(3.3180141681866,0.706692913385828,0.361167322834639));
#11313=CARTESIAN_POINT('Origin',(2.07785668787163,0.81496062992126,-0.0729409448818933));
#11314=CARTESIAN_POINT('',(3.14577007369841,0.769756067862652,-0.0930318613523891));
#11315=CARTESIAN_POINT('Origin',(3.14577007369841,0.706692913385828,-0.0729409448818982));
#11316=CARTESIAN_POINT('',(3.14577007369841,0.706692913385828,0.361167322834639));
#11317=CARTESIAN_POINT('Origin',(2.07785668787163,0.81496062992126,-0.0729409448818936));
#11318=CARTESIAN_POINT('',(2.97352597921022,0.769756067862652,-0.0930318613523884));
#11319=CARTESIAN_POINT('Origin',(2.97352597921022,0.706692913385828,-0.0729409448818978));
#11320=CARTESIAN_POINT('',(2.97352597921022,0.706692913385828,0.361167322834639));
#11321=CARTESIAN_POINT('Origin',(2.07785668787163,0.81496062992126,-0.0729409448818915));
#11322=CARTESIAN_POINT('Origin',(2.07785668787163,0.81496062992126,-0.0729409448818915));
#11323=CARTESIAN_POINT('',(4.17923464062754,1.19608823768163,0.0964491030116013));
#11324=CARTESIAN_POINT('Origin',(4.17923464062754,0.903543307086615,1.78160236220472));
#11325=CARTESIAN_POINT('',(4.17923464062754,0.706692913385828,1.30812401574802));
#11326=CARTESIAN_POINT('Origin',(2.07785668787163,0.81496062992126,-0.0729409448818915));
#11327=CARTESIAN_POINT('',(4.00699054613935,1.19608823768163,0.0964491030116009));
#11328=CARTESIAN_POINT('Origin',(4.00699054613935,0.903543307086615,1.78160236220472));
#11329=CARTESIAN_POINT('',(4.00699054613935,0.706692913385828,1.30812401574803));
#11330=CARTESIAN_POINT('Origin',(2.07785668787163,0.81496062992126,-0.0729409448818915));
#11331=CARTESIAN_POINT('',(3.77569133354092,1.1138981248478,0.0599201639743419));
#11332=CARTESIAN_POINT('',(3.83474645165116,1.19608823768163,0.0964491030116009));
#11333=CARTESIAN_POINT('Origin',(3.83474645165116,0.903543307086615,1.78160236220472));
#11334=CARTESIAN_POINT('',(3.83474645165116,0.706692913385828,1.30812401574803));
#11335=CARTESIAN_POINT('Origin',(2.07785668787163,0.81496062992126,-0.0729409448818936));
#11336=CARTESIAN_POINT('',(2.80128188472203,1.11389812484779,0.0599201639743321));
#11337=CARTESIAN_POINT('Origin',(2.80128188472203,0.706692913385828,1.78160236220472));
#11338=CARTESIAN_POINT('Origin',(2.07785668787163,0.81496062992126,-0.0729409448818936));
#11339=CARTESIAN_POINT('',(2.62903779023384,1.11389812484779,0.0599201639743318));
#11340=CARTESIAN_POINT('Origin',(2.62903779023384,0.706692913385828,1.78160236220472));
#11341=CARTESIAN_POINT('',(2.62903779023384,0.706692913385828,1.30812401574803));
#11342=CARTESIAN_POINT('Origin',(2.07785668787163,0.81496062992126,-0.072940944881894));
#11343=CARTESIAN_POINT('',(2.45679369574565,1.11389812484778,0.0599201639743297));
#11344=CARTESIAN_POINT('',(2.39773857763542,1.19608823768162,0.0964491030115883));
#11345=CARTESIAN_POINT('Origin',(2.45679369574565,0.706692913385827,1.78160236220472));
#11346=CARTESIAN_POINT('',(2.45679369574565,0.706692913385828,1.30812401574803));
#11347=CARTESIAN_POINT('Origin',(2.28454960125746,0.706692913385827,1.78160236220472));
#11348=CARTESIAN_POINT('Origin',(2.39773857763541,0.903543307086615,1.78160236220472));
#11349=CARTESIAN_POINT('Origin',(2.45679369574565,0.706692913385827,1.78160236220472));
#11350=CARTESIAN_POINT('Origin',(2.5699826721236,0.903543307086615,1.78160236220472));
#11351=CARTESIAN_POINT('Origin',(2.62903779023384,0.706692913385828,1.78160236220472));
#11352=CARTESIAN_POINT('Origin',(2.74222676661179,0.903543307086615,1.78160236220472));
#11353=CARTESIAN_POINT('Origin',(2.97352597921022,0.903543307086615,1.78160236220472));
#11354=CARTESIAN_POINT('Origin',(3.08671495558817,0.706692913385828,1.78160236220472));
#11355=CARTESIAN_POINT('Origin',(3.14577007369841,0.903543307086615,1.78160236220472));
#11356=CARTESIAN_POINT('Origin',(3.49025826267479,0.903543307086615,1.78160236220472));
#11357=CARTESIAN_POINT('Origin',(3.3180141681866,0.903543307086615,1.78160236220472));
#11358=CARTESIAN_POINT('Origin',(3.28848660913148,0.706692913385828,0.834645669291333));
#11359=CARTESIAN_POINT('Origin',(3.28848660913148,0.706692913385828,0.834645669291333));
#11360=CARTESIAN_POINT('Origin',(3.28848660913148,0.706692913385828,0.834645669291333));
#11361=CARTESIAN_POINT('',(1.77066377448581,0.706692913385828,0.047244094488188));
#11362=CARTESIAN_POINT('Origin',(1.87116377448581,0.706692913385827,0.0472440944881841));
#11363=CARTESIAN_POINT('',(1.77066377448581,0.706692913385827,1.62204724409449));
#11364=CARTESIAN_POINT('Origin',(1.87116377448581,0.706692913385827,1.62204724409449));
#11365=CARTESIAN_POINT('Origin',(3.28848660913148,0.706692913385828,0.834645669291333));
#11366=CARTESIAN_POINT('Origin',(3.28848660913148,0.706692913385828,0.834645669291333));
#11367=CARTESIAN_POINT('Origin',(3.28848660913148,0.706692913385828,0.834645669291333));
#11368=CARTESIAN_POINT('Origin',(3.77569133354093,0.706692913385828,1.78160236220472));
#11369=CARTESIAN_POINT('Origin',(3.28848660913148,0.706692913385828,0.834645669291333));
#11370=CARTESIAN_POINT('Origin',(3.28848660913148,0.706692913385828,0.834645669291333));
#11371=CARTESIAN_POINT('Origin',(3.28848660913148,0.706692913385828,0.834645669291333));
#11372=CARTESIAN_POINT('Origin',(3.28848660913148,0.903543307086615,0.485236220472435));
#11373=CARTESIAN_POINT('',(3.57391967999762,0.903543307086615,0.485236220472434));
#11374=CARTESIAN_POINT('Origin',(3.28848660913148,0.706692913385828,0.834645669291333));
#11375=CARTESIAN_POINT('Origin',(3.43120314456455,0.706692913385828,1.78160236220472));
#11376=CARTESIAN_POINT('Origin',(3.66250235716298,0.903543307086615,1.78160236220472));
#11377=CARTESIAN_POINT('Origin',(3.60344723905274,0.706692913385828,1.78160236220472));
#11378=CARTESIAN_POINT('Origin',(3.25895905007636,0.706692913385828,1.78160236220472));
#11379=CARTESIAN_POINT('Origin',(2.56947007369841,0.258858267716536,1.84410236220472));
#11380=CARTESIAN_POINT('',(2.56947007369841,0.298228346456694,1.78160236220472));
#11381=CARTESIAN_POINT('',(2.56947007369841,0.298228346456693,1.84410236220472));
#11382=CARTESIAN_POINT('Origin',(2.56947007369841,0.258858267716536,1.78160236220472));
#11383=CARTESIAN_POINT('Origin',(2.53009999495825,0.298228346456693,1.84410236220472));
#11384=CARTESIAN_POINT('',(2.68364330204486,0.298228346456694,1.78160236220472));
#11385=CARTESIAN_POINT('',(2.68364330204486,0.298228346456694,1.84410236220472));
#11386=CARTESIAN_POINT('',(3.6179547193677,0.298228346456694,1.78160236220472));
#11387=CARTESIAN_POINT('Origin',(2.68364330204486,0.258858267716536,1.84410236220472));
#11388=CARTESIAN_POINT('Origin',(2.68364330204486,0.258858267716536,1.78160236220472));
#11389=CARTESIAN_POINT('Origin',(4.66788424692676,0.706692913385828,0.460690944881881));
#11390=CARTESIAN_POINT('',(4.66788424692676,0.70708661417323,0.485690944881881));
#11391=CARTESIAN_POINT('',(4.66788424692676,0.706692913385828,0.485690944881881));
#11392=CARTESIAN_POINT('',(4.66788424692676,0.70708661417323,0.460690944881881));
#11393=CARTESIAN_POINT('',(4.66788424692676,0.70708661417323,0.460690944881881));
#11394=CARTESIAN_POINT('',(4.66788424692676,0.706692913385828,0.460690944881881));
#11395=CARTESIAN_POINT('Origin',(4.74788424692676,0.706692913385828,0.460690944881881));
#11396=CARTESIAN_POINT('',(4.74788424692676,0.70708661417323,0.460690944881881));
#11397=CARTESIAN_POINT('',(4.74788424692676,0.70708661417323,0.460690944881881));
#11398=CARTESIAN_POINT('',(4.74788424692676,0.706692913385828,0.460690944881881));
#11399=CARTESIAN_POINT('Origin',(4.74788424692676,0.706692913385828,0.485690944881881));
#11400=CARTESIAN_POINT('',(4.74788424692676,0.70708661417323,0.485690944881881));
#11401=CARTESIAN_POINT('',(4.74788424692676,0.70708661417323,0.485690944881881));
#11402=CARTESIAN_POINT('',(4.74788424692676,0.706692913385828,0.485690944881881));
#11403=CARTESIAN_POINT('Origin',(4.66788424692676,0.706692913385828,0.485690944881881));
#11404=CARTESIAN_POINT('',(4.66788424692676,0.70708661417323,0.485690944881881));
#11405=CARTESIAN_POINT('Origin',(4.70788424692676,0.70708661417323,0.473190944881881));
#11406=CARTESIAN_POINT('Origin',(4.69538424692676,0.706692913385828,0.371690944881881));
#11407=CARTESIAN_POINT('',(4.72038424692676,0.70708661417323,0.371690944881881));
#11408=CARTESIAN_POINT('',(4.72038424692676,0.706692913385828,0.371690944881881));
#11409=CARTESIAN_POINT('',(4.69538424692676,0.70708661417323,0.371690944881881));
#11410=CARTESIAN_POINT('',(4.69538424692676,0.70708661417323,0.371690944881881));
#11411=CARTESIAN_POINT('',(4.69538424692676,0.706692913385828,0.371690944881881));
#11412=CARTESIAN_POINT('Origin',(4.69538424692676,0.706692913385828,0.334190944881881));
#11413=CARTESIAN_POINT('',(4.69538424692676,0.70708661417323,0.334190944881881));
#11414=CARTESIAN_POINT('',(4.69538424692676,0.70708661417323,0.334190944881881));
#11415=CARTESIAN_POINT('',(4.69538424692676,0.706692913385828,0.334190944881881));
#11416=CARTESIAN_POINT('Origin',(4.65788424692676,0.706692913385828,0.334190944881881));
#11417=CARTESIAN_POINT('',(4.65788424692676,0.70708661417323,0.334190944881881));
#11418=CARTESIAN_POINT('',(4.65788424692676,0.70708661417323,0.334190944881881));
#11419=CARTESIAN_POINT('',(4.65788424692676,0.706692913385828,0.334190944881881));
#11420=CARTESIAN_POINT('Origin',(4.65788424692676,0.706692913385828,0.309190944881881));
#11421=CARTESIAN_POINT('',(4.65788424692676,0.70708661417323,0.309190944881881));
#11422=CARTESIAN_POINT('',(4.65788424692676,0.70708661417323,0.309190944881881));
#11423=CARTESIAN_POINT('',(4.65788424692676,0.706692913385828,0.309190944881881));
#11424=CARTESIAN_POINT('Origin',(4.69538424692676,0.706692913385828,0.309190944881881));
#11425=CARTESIAN_POINT('',(4.69538424692676,0.70708661417323,0.309190944881881));
#11426=CARTESIAN_POINT('',(4.69538424692676,0.70708661417323,0.309190944881881));
#11427=CARTESIAN_POINT('',(4.69538424692676,0.706692913385828,0.309190944881881));
#11428=CARTESIAN_POINT('Origin',(4.69538424692676,0.706692913385828,0.271690944881881));
#11429=CARTESIAN_POINT('',(4.69538424692676,0.70708661417323,0.271690944881881));
#11430=CARTESIAN_POINT('',(4.69538424692676,0.70708661417323,0.271690944881881));
#11431=CARTESIAN_POINT('',(4.69538424692676,0.706692913385828,0.271690944881881));
#11432=CARTESIAN_POINT('Origin',(4.72038424692676,0.706692913385828,0.271690944881881));
#11433=CARTESIAN_POINT('',(4.72038424692676,0.70708661417323,0.271690944881881));
#11434=CARTESIAN_POINT('',(4.72038424692676,0.70708661417323,0.271690944881881));
#11435=CARTESIAN_POINT('',(4.72038424692676,0.706692913385828,0.271690944881881));
#11436=CARTESIAN_POINT('Origin',(4.72038424692676,0.706692913385828,0.309190944881881));
#11437=CARTESIAN_POINT('',(4.72038424692676,0.70708661417323,0.309190944881881));
#11438=CARTESIAN_POINT('',(4.72038424692676,0.70708661417323,0.309190944881881));
#11439=CARTESIAN_POINT('',(4.72038424692676,0.706692913385828,0.309190944881881));
#11440=CARTESIAN_POINT('Origin',(4.75788424692676,0.706692913385828,0.309190944881881));
#11441=CARTESIAN_POINT('',(4.75788424692676,0.70708661417323,0.309190944881881));
#11442=CARTESIAN_POINT('',(4.75788424692676,0.70708661417323,0.309190944881881));
#11443=CARTESIAN_POINT('',(4.75788424692676,0.706692913385828,0.309190944881881));
#11444=CARTESIAN_POINT('Origin',(4.75788424692676,0.706692913385828,0.334190944881881));
#11445=CARTESIAN_POINT('',(4.75788424692676,0.70708661417323,0.334190944881881));
#11446=CARTESIAN_POINT('',(4.75788424692676,0.70708661417323,0.334190944881881));
#11447=CARTESIAN_POINT('',(4.75788424692676,0.706692913385828,0.334190944881881));
#11448=CARTESIAN_POINT('Origin',(4.72038424692676,0.706692913385828,0.334190944881881));
#11449=CARTESIAN_POINT('',(4.72038424692676,0.70708661417323,0.334190944881881));
#11450=CARTESIAN_POINT('',(4.72038424692676,0.70708661417323,0.334190944881881));
#11451=CARTESIAN_POINT('',(4.72038424692676,0.706692913385828,0.334190944881881));
#11452=CARTESIAN_POINT('Origin',(4.72038424692676,0.706692913385828,0.371690944881881));
#11453=CARTESIAN_POINT('',(4.72038424692676,0.70708661417323,0.371690944881881));
#11454=CARTESIAN_POINT('Origin',(4.70788424692676,0.70708661417323,0.321690944881881));
#11455=CARTESIAN_POINT('Origin',(4.07950629417085,0.281373031496064,-0.112311023622056));
#11456=CARTESIAN_POINT('',(4.01700629417085,0.281373031496064,-0.112311023622056));
#11457=CARTESIAN_POINT('Origin',(4.01700629417085,0.218873031496064,-0.112311023622056));
#11458=CARTESIAN_POINT('',(4.07950629417085,0.218873031496064,-0.112311023622056));
#11459=CARTESIAN_POINT('Origin',(4.07950629417085,0.194881889763781,-0.112311023622056));
#11460=CARTESIAN_POINT('',(4.07950530991888,0.19488188976378,0.361167322834646));
#11461=CARTESIAN_POINT('Origin',(3.28848660913148,0.19488188976378,0.834645669291333));
#11462=CARTESIAN_POINT('',(4.86536456188739,0.194881889763781,0.0472440944881803));
#11463=CARTESIAN_POINT('Origin',(3.82175432566691,0.616141732283466,1.78160236220472));
#11464=CARTESIAN_POINT('',(4.45364408944644,0.616141732283466,1.78160236220472));
#11465=CARTESIAN_POINT('',(4.45364408944644,0.616141732283466,1.78160236220472));
#11466=CARTESIAN_POINT('',(4.26378188472203,0.616141732283466,1.78160236220472));
#11467=CARTESIAN_POINT('Origin',(3.99714802645431,-0.309116633858267,-0.104498523622047));
#11468=CARTESIAN_POINT('',(4.70580944377715,-0.316929133858267,-0.0966860236220459));
#11469=CARTESIAN_POINT('',(4.70580944377715,-0.301304133858267,-0.112311023622046));
#11470=CARTESIAN_POINT('',(1.87116377448581,-0.316929133858267,-0.0966860236220484));
#11471=CARTESIAN_POINT('',(3.99714802645431,-0.316929133858267,-0.0966860236220466));
#11472=CARTESIAN_POINT('',(1.87116377448581,-0.301304133858267,-0.112311023622051));
#11473=CARTESIAN_POINT('Origin',(4.70580944377715,-0.309116633858267,0.0472440944881866));
#11474=CARTESIAN_POINT('',(4.86536456188739,-0.301304133858267,0.0472440944881862));
#11475=CARTESIAN_POINT('',(4.84973956188738,-0.316929133858267,0.0472440944881862));
#11476=CARTESIAN_POINT('',(4.86536456188739,-0.301304133858267,0.0472440944881862));
#11477=CARTESIAN_POINT('Origin',(4.70580944377715,-0.316929133858267,0.0472440944881866));
#11478=CARTESIAN_POINT('Origin',(4.70580944377715,-0.301304133858267,0.0472440944881866));
#11479=CARTESIAN_POINT('Origin',(4.85755206188739,-0.309116633858268,1.22834645669291));
#11480=CARTESIAN_POINT('',(4.86536456188739,-0.301304133858268,1.62204724409449));
#11481=CARTESIAN_POINT('',(4.84973956188739,-0.316929133858268,1.62204724409449));
#11482=CARTESIAN_POINT('',(4.86536456188739,-0.301304133858268,1.62204724409449));
#11483=CARTESIAN_POINT('',(4.84973956188739,-0.316929133858268,1.22834645669291));
#11484=CARTESIAN_POINT('',(4.86536456188739,-0.301304133858268,1.22834645669291));
#11485=CARTESIAN_POINT('Origin',(4.70580944377715,-0.309116633858268,1.62204724409449));
#11486=CARTESIAN_POINT('',(4.70580944377715,-0.301304133858268,1.78160236220473));
#11487=CARTESIAN_POINT('',(4.70580944377715,-0.316929133858268,1.76597736220472));
#11488=CARTESIAN_POINT('',(4.70580944377715,-0.301304133858268,1.78160236220473));
#11489=CARTESIAN_POINT('Origin',(4.70580944377715,-0.316929133858268,1.62204724409449));
#11490=CARTESIAN_POINT('Origin',(4.70580944377715,-0.301304133858268,1.62204724409449));
#11491=CARTESIAN_POINT('Origin',(2.57982519180864,-0.309116633858268,1.77378986220472));
#11492=CARTESIAN_POINT('',(1.87116377448581,-0.301304133858268,1.78160236220472));
#11493=CARTESIAN_POINT('',(1.87116377448581,-0.316929133858268,1.76597736220472));
#11494=CARTESIAN_POINT('',(1.87116377448581,-0.301304133858268,1.78160236220472));
#11495=CARTESIAN_POINT('',(2.57982519180864,-0.316929133858268,1.76597736220472));
#11496=CARTESIAN_POINT('',(2.57982519180864,-0.301304133858268,1.78160236220473));
#11497=CARTESIAN_POINT('Origin',(1.87116377448581,-0.309116633858268,1.62204724409449));
#11498=CARTESIAN_POINT('',(1.71160865637557,-0.301304133858268,1.62204724409449));
#11499=CARTESIAN_POINT('',(1.72723365637557,-0.316929133858268,1.62204724409449));
#11500=CARTESIAN_POINT('',(1.71160865637557,-0.301304133858268,1.62204724409449));
#11501=CARTESIAN_POINT('Origin',(1.87116377448581,-0.316929133858268,1.62204724409449));
#11502=CARTESIAN_POINT('Origin',(1.87116377448581,-0.301304133858268,1.62204724409449));
#11503=CARTESIAN_POINT('Origin',(1.71942115637557,-0.309116633858268,0.440944881889763));
#11504=CARTESIAN_POINT('',(1.71160865637557,-0.301304133858267,0.0472440944881876));
#11505=CARTESIAN_POINT('',(1.72723365637557,-0.316929133858267,0.0472440944881876));
#11506=CARTESIAN_POINT('',(1.71160865637557,-0.301304133858267,0.0472440944881876));
#11507=CARTESIAN_POINT('',(1.72723365637557,-0.316929133858267,0.440944881889763));
#11508=CARTESIAN_POINT('',(1.71160865637557,-0.301304133858267,0.440944881889763));
#11509=CARTESIAN_POINT('Origin',(1.87116377448581,-0.309116633858267,0.047244094488188));
#11510=CARTESIAN_POINT('Origin',(1.87116377448581,-0.316929133858267,0.047244094488188));
#11511=CARTESIAN_POINT('Origin',(1.87116377448581,-0.301304133858267,0.047244094488188));
#11512=CARTESIAN_POINT('Origin',(3.28848660913148,-0.316929133858268,0.834645669291338));
#11513=CARTESIAN_POINT('',(4.60530944377715,-0.316929133858268,1.62204724409449));
#11514=CARTESIAN_POINT('Origin',(4.70580944377715,-0.316929133858268,1.62204724409449));
#11515=CARTESIAN_POINT('',(1.77066377448581,-0.316929133858268,1.62204724409449));
#11516=CARTESIAN_POINT('Origin',(1.87116377448581,-0.316929133858268,1.62204724409449));
#11517=CARTESIAN_POINT('',(4.60530944377715,-0.316929133858267,0.0472440944881866));
#11518=CARTESIAN_POINT('Origin',(4.70580944377715,-0.316929133858267,0.0472440944881866));
#11519=CARTESIAN_POINT('',(1.77066377448581,-0.316929133858267,0.047244094488188));
#11520=CARTESIAN_POINT('Origin',(1.87116377448581,-0.316929133858267,0.047244094488188));
#11521=CARTESIAN_POINT('Origin',(4.01700530991888,0.0523868110236225,-0.112311023622046));
#11522=CARTESIAN_POINT('',(4.07950530991888,0.0523868110236225,-0.112311023622046));
#11523=CARTESIAN_POINT('Origin',(4.07950530991888,-0.0101131889763775,-0.112311023622046));
#11524=CARTESIAN_POINT('Origin',(4.97598660913148,0.070177165354331,0.240944881889761));
#11525=CARTESIAN_POINT('',(4.86536456188739,0.0701771653543359,1.08799212598425));
#11526=CARTESIAN_POINT('Origin',(4.86536456188739,-0.316929133858268,1.62204724409449));
#11527=CARTESIAN_POINT('',(4.86536456188739,-0.316929133858268,1.62204724409449));
#11528=CARTESIAN_POINT('',(4.86536456188739,-0.316929133858267,0.0472440944881862));
#11529=CARTESIAN_POINT('Origin',(4.45364408944644,0.19488188976378,1.78160236220472));
#11530=CARTESIAN_POINT('',(4.45364408944644,-0.0610236220472439,1.78160236220473));
#11531=CARTESIAN_POINT('Origin',(1.87116377448581,-0.316929133858268,1.78160236220472));
#11532=CARTESIAN_POINT('',(4.70580944377715,-0.316929133858268,1.78160236220473));
#11533=CARTESIAN_POINT('',(1.87116377448581,-0.316929133858268,1.78160236220472));
#11534=CARTESIAN_POINT('Origin',(4.70580944377715,-0.316929133858268,1.62204724409449));
#11535=CARTESIAN_POINT('',(4.60530944377715,-0.316929133858268,1.62204724409449));
#11536=CARTESIAN_POINT('Origin',(1.87116377448581,-0.316929133858268,1.62204724409449));
#11537=CARTESIAN_POINT('',(1.77066377448581,-0.316929133858268,1.62204724409449));
#11538=CARTESIAN_POINT('Origin',(4.70580944377715,-0.316929133858267,0.0472440944881866));
#11539=CARTESIAN_POINT('',(4.60530944377715,-0.316929133858267,0.0472440944881866));
#11540=CARTESIAN_POINT('Origin',(1.87116377448581,-0.316929133858267,0.047244094488188));
#11541=CARTESIAN_POINT('',(1.77066377448581,-0.316929133858267,0.047244094488188));
#11542=CARTESIAN_POINT('Origin',(4.70580944377715,-0.316929133858267,0.0472440944881866));
#11543=CARTESIAN_POINT('Origin',(4.70580944377715,-0.316929133858268,1.62204724409449));
#11544=CARTESIAN_POINT('Origin',(1.87116377448581,-0.316929133858268,1.62204724409449));
#11545=CARTESIAN_POINT('',(1.71160865637557,-0.316929133858268,1.62204724409449));
#11546=CARTESIAN_POINT('Origin',(1.71160865637557,-0.316929133858267,0.0472440944881876));
#11547=CARTESIAN_POINT('',(1.71160865637557,-0.316929133858267,0.0472440944881876));
#11548=CARTESIAN_POINT('Origin',(1.87116377448581,-0.316929133858267,0.047244094488188));
#11549=CARTESIAN_POINT('Origin',(3.49754715507176,0.951181102362204,0.418172405988357));
#11550=CARTESIAN_POINT('',(3.06355595599788,0.951181102362204,0.557391053478643));
#11551=CARTESIAN_POINT('Origin',(3.28848660913148,0.951181102362204,0.485236269291337));
#11552=CARTESIAN_POINT('',(3.0794260631912,0.951181102362204,0.552300132594317));
#11553=CARTESIAN_POINT('Origin',(3.28848660913148,0.951181102362204,0.485236269291337));
#11554=CARTESIAN_POINT('Origin',(3.28848660913148,0.942204724409448,0.485236269291337));
#11555=CARTESIAN_POINT('',(3.0794260631912,0.933228346456692,0.552300132594317));
#11556=CARTESIAN_POINT('',(3.0794260631912,0.942204724409448,0.552300132594317));
#11557=CARTESIAN_POINT('Origin',(3.28848660913148,0.933228346456692,0.485236269291337));
#11558=CARTESIAN_POINT('Origin',(3.48167704787844,0.933228346456692,0.423263326872684));
#11559=CARTESIAN_POINT('',(3.09529617038451,0.933228346456692,0.54720921170999));
#11560=CARTESIAN_POINT('Origin',(3.28848660913148,0.933228346456692,0.485236269291337));
#11561=CARTESIAN_POINT('Origin',(3.28848660913148,0.924251968503936,0.485236269291337));
#11562=CARTESIAN_POINT('',(3.09529617038451,0.91527559055118,0.54720921170999));
#11563=CARTESIAN_POINT('',(3.09529617038451,0.924251968503936,0.54720921170999));
#11564=CARTESIAN_POINT('Origin',(3.28848660913148,0.915275590551181,0.485236269291337));
#11565=CARTESIAN_POINT('Origin',(3.46580694068513,0.915275590551181,0.42835424775701));
#11566=CARTESIAN_POINT('',(3.11116627757783,0.91527559055118,0.542118290825663));
#11567=CARTESIAN_POINT('Origin',(3.28848660913148,0.915275590551181,0.485236269291337));
#11568=CARTESIAN_POINT('Origin',(3.28848660913148,0.906299212598425,0.485236269291337));
#11569=CARTESIAN_POINT('',(3.11116627757783,0.897322834645668,0.542118290825663));
#11570=CARTESIAN_POINT('',(3.11116627757783,0.906299212598424,0.542118290825663));
#11571=CARTESIAN_POINT('Origin',(3.28848660913148,0.897322834645669,0.485236269291337));
#11572=CARTESIAN_POINT('Origin',(3.28848660913148,0.602313797946308,0.485236269291337));
#11573=CARTESIAN_POINT('Origin',(3.28848660913148,0.959055118110236,0.485236269291337));
#11574=CARTESIAN_POINT('',(3.05605826756009,0.966929133858267,0.559796212951553));
#11575=CARTESIAN_POINT('Origin',(3.28848660913148,0.966929133858267,0.485236269291337));
#11576=CARTESIAN_POINT('',(3.05980711177899,0.959055118110235,0.558593633215098));
#11577=CARTESIAN_POINT('Origin',(3.28848660913148,0.966929133858267,0.485236269291337));
#11578=CARTESIAN_POINT('',(3.02606751380895,0.966929133858267,0.569416850843194));
#11579=CARTESIAN_POINT('Origin',(3.28848660913148,0.966929133858267,0.485236269291337));
#11580=CARTESIAN_POINT('Origin',(3.28848660913148,0.817322834645669,0.485236269291337));
#11581=CARTESIAN_POINT('',(3.02606751380895,0.817322834645669,0.569416850843194));
#11582=UNCERTAINTY_MEASURE_WITH_UNIT(LENGTH_MEASURE(0.000393700787401575),
#11588,'DISTANCE_ACCURACY_VALUE',
'Maximum model space distance between geometric entities at asserted c
onnectivities');
#11583=UNCERTAINTY_MEASURE_WITH_UNIT(LENGTH_MEASURE(0.000393700787401575),
#11588,'DISTANCE_ACCURACY_VALUE',
'Maximum model space distance between geometric entities at asserted c
onnectivities');
#11584=(
GEOMETRIC_REPRESENTATION_CONTEXT(3)
GLOBAL_UNCERTAINTY_ASSIGNED_CONTEXT((#11582))
GLOBAL_UNIT_ASSIGNED_CONTEXT((#11588,#11592,#11593))
REPRESENTATION_CONTEXT('','3D')
);
#11585=(
GEOMETRIC_REPRESENTATION_CONTEXT(3)
GLOBAL_UNCERTAINTY_ASSIGNED_CONTEXT((#11583))
GLOBAL_UNIT_ASSIGNED_CONTEXT((#11588,#11592,#11593))
REPRESENTATION_CONTEXT('','3D')
);
#11586=DIMENSIONAL_EXPONENTS(1.,0.,0.,0.,0.,0.,0.);
#11587=DIMENSIONAL_EXPONENTS(0.,1.,0.,0.,0.,0.,0.);
#11588=(
CONVERSION_BASED_UNIT('inch',#11591)
LENGTH_UNIT()
NAMED_UNIT(#11586)
);
#11589=(
LENGTH_UNIT()
NAMED_UNIT(*)
SI_UNIT(.MILLI.,.METRE.)
);
#11590=(
LENGTH_UNIT()
NAMED_UNIT(*)
SI_UNIT(.CENTI.,.METRE.)
);
#11591=LENGTH_MEASURE_WITH_UNIT(LENGTH_MEASURE(25.4),#11589);
#11592=(
NAMED_UNIT(*)
PLANE_ANGLE_UNIT()
SI_UNIT($,.RADIAN.)
);
#11593=(
NAMED_UNIT(*)
SI_UNIT($,.STERADIAN.)
SOLID_ANGLE_UNIT()
);
#11594=SHAPE_DEFINITION_REPRESENTATION(#11595,#11596);
#11595=PRODUCT_DEFINITION_SHAPE('',$,#11598);
#11596=SHAPE_REPRESENTATION('',(#7118),#11584);
#11597=PRODUCT_DEFINITION_CONTEXT('part definition',#11602,'design');
#11598=PRODUCT_DEFINITION('Minimal','Minimal',#11599,#11597);
#11599=PRODUCT_DEFINITION_FORMATION('',$,#11604);
#11600=PRODUCT_RELATED_PRODUCT_CATEGORY('Minimal','Minimal',(#11604));
#11601=APPLICATION_PROTOCOL_DEFINITION('international standard',
'automotive_design',2009,#11602);
#11602=APPLICATION_CONTEXT(
'Core Data for Automotive Mechanical Design Process');
#11603=PRODUCT_CONTEXT('part definition',#11602,'mechanical');
#11604=PRODUCT('Minimal','Minimal',$,(#11603));
#11605=PRESENTATION_STYLE_ASSIGNMENT((#11615));
#11606=PRESENTATION_STYLE_ASSIGNMENT((#11616));
#11607=PRESENTATION_STYLE_ASSIGNMENT((#11617));
#11608=PRESENTATION_STYLE_ASSIGNMENT((#11618));
#11609=PRESENTATION_STYLE_ASSIGNMENT((#11619));
#11610=PRESENTATION_STYLE_ASSIGNMENT((#11620));
#11611=PRESENTATION_STYLE_ASSIGNMENT((#11621));
#11612=PRESENTATION_STYLE_ASSIGNMENT((#11622));
#11613=PRESENTATION_STYLE_ASSIGNMENT((#11623));
#11614=PRESENTATION_STYLE_ASSIGNMENT((#11624));
#11615=SURFACE_STYLE_USAGE(.BOTH.,#11645);
#11616=SURFACE_STYLE_USAGE(.BOTH.,#11646);
#11617=SURFACE_STYLE_USAGE(.BOTH.,#11647);
#11618=SURFACE_STYLE_USAGE(.BOTH.,#11648);
#11619=SURFACE_STYLE_USAGE(.BOTH.,#11649);
#11620=SURFACE_STYLE_USAGE(.BOTH.,#11650);
#11621=SURFACE_STYLE_USAGE(.BOTH.,#11651);
#11622=SURFACE_STYLE_USAGE(.BOTH.,#11652);
#11623=SURFACE_STYLE_USAGE(.BOTH.,#11653);
#11624=SURFACE_STYLE_USAGE(.BOTH.,#11654);
#11625=SURFACE_STYLE_RENDERING_WITH_PROPERTIES($,#11685,(#11635));
#11626=SURFACE_STYLE_RENDERING_WITH_PROPERTIES($,#11686,(#11636));
#11627=SURFACE_STYLE_RENDERING_WITH_PROPERTIES($,#11687,(#11637));
#11628=SURFACE_STYLE_RENDERING_WITH_PROPERTIES($,#11688,(#11638));
#11629=SURFACE_STYLE_RENDERING_WITH_PROPERTIES($,#11689,(#11639));
#11630=SURFACE_STYLE_RENDERING_WITH_PROPERTIES($,#11690,(#11640));
#11631=SURFACE_STYLE_RENDERING_WITH_PROPERTIES($,#11691,(#11641));
#11632=SURFACE_STYLE_RENDERING_WITH_PROPERTIES($,#11692,(#11642));
#11633=SURFACE_STYLE_RENDERING_WITH_PROPERTIES($,#11693,(#11643));
#11634=SURFACE_STYLE_RENDERING_WITH_PROPERTIES($,#11694,(#11644));
#11635=SURFACE_STYLE_TRANSPARENT(0.);
#11636=SURFACE_STYLE_TRANSPARENT(0.);
#11637=SURFACE_STYLE_TRANSPARENT(0.);
#11638=SURFACE_STYLE_TRANSPARENT(0.);
#11639=SURFACE_STYLE_TRANSPARENT(0.);
#11640=SURFACE_STYLE_TRANSPARENT(0.);
#11641=SURFACE_STYLE_TRANSPARENT(0.);
#11642=SURFACE_STYLE_TRANSPARENT(0.);
#11643=SURFACE_STYLE_TRANSPARENT(0.);
#11644=SURFACE_STYLE_TRANSPARENT(0.);
#11645=SURFACE_SIDE_STYLE('',(#11655,#11625));
#11646=SURFACE_SIDE_STYLE('',(#11656,#11626));
#11647=SURFACE_SIDE_STYLE('',(#11657,#11627));
#11648=SURFACE_SIDE_STYLE('',(#11658,#11628));
#11649=SURFACE_SIDE_STYLE('',(#11659,#11629));
#11650=SURFACE_SIDE_STYLE('',(#11660,#11630));
#11651=SURFACE_SIDE_STYLE('',(#11661,#11631));
#11652=SURFACE_SIDE_STYLE('',(#11662,#11632));
#11653=SURFACE_SIDE_STYLE('',(#11663,#11633));
#11654=SURFACE_SIDE_STYLE('',(#11664,#11634));
#11655=SURFACE_STYLE_FILL_AREA(#11665);
#11656=SURFACE_STYLE_FILL_AREA(#11666);
#11657=SURFACE_STYLE_FILL_AREA(#11667);
#11658=SURFACE_STYLE_FILL_AREA(#11668);
#11659=SURFACE_STYLE_FILL_AREA(#11669);
#11660=SURFACE_STYLE_FILL_AREA(#11670);
#11661=SURFACE_STYLE_FILL_AREA(#11671);
#11662=SURFACE_STYLE_FILL_AREA(#11672);
#11663=SURFACE_STYLE_FILL_AREA(#11673);
#11664=SURFACE_STYLE_FILL_AREA(#11674);
#11665=FILL_AREA_STYLE('',(#11675));
#11666=FILL_AREA_STYLE('',(#11676));
#11667=FILL_AREA_STYLE('',(#11677));
#11668=FILL_AREA_STYLE('',(#11678));
#11669=FILL_AREA_STYLE('',(#11679));
#11670=FILL_AREA_STYLE('',(#11680));
#11671=FILL_AREA_STYLE('',(#11681));
#11672=FILL_AREA_STYLE('',(#11682));
#11673=FILL_AREA_STYLE('',(#11683));
#11674=FILL_AREA_STYLE('',(#11684));
#11675=FILL_AREA_STYLE_COLOUR('',#11685);
#11676=FILL_AREA_STYLE_COLOUR('',#11686);
#11677=FILL_AREA_STYLE_COLOUR('',#11687);
#11678=FILL_AREA_STYLE_COLOUR('',#11688);
#11679=FILL_AREA_STYLE_COLOUR('',#11689);
#11680=FILL_AREA_STYLE_COLOUR('',#11690);
#11681=FILL_AREA_STYLE_COLOUR('',#11691);
#11682=FILL_AREA_STYLE_COLOUR('',#11692);
#11683=FILL_AREA_STYLE_COLOUR('',#11693);
#11684=FILL_AREA_STYLE_COLOUR('',#11694);
#11685=COLOUR_RGB('',0.749019607843137,0.749019607843137,0.749019607843137);
#11686=COLOUR_RGB('',0.,0.,0.);
#11687=COLOUR_RGB('',0.270588235294118,0.270588235294118,0.270588235294118);
#11688=COLOUR_RGB('',0.188235294117647,0.529411764705882,0.890196078431372);
#11689=COLOUR_RGB('',0.0196078431372549,0.0196078431372549,0.0196078431372549);
#11690=COLOUR_RGB('',0.0392156862745098,0.0392156862745098,0.0392156862745098);
#11691=COLOUR_RGB('',0.129411764705882,0.541176470588235,0.129411764705882);
#11692=COLOUR_RGB('',0.968627450980392,0.968627450980392,0.898039215686275);
#11693=COLOUR_RGB('',0.96078431372549,0.96078431372549,0.96078431372549);
#11694=COLOUR_RGB('',0.282352941176471,0.27843137254902,0.23921568627451);
ENDSEC;
END-ISO-10303-21;
