ISO-10303-21;
HEADER;
FILE_DESCRIPTION (( 'STEP AP214' ),
    '1' );
FILE_NAME ('am-3961 AM14U4 2019 Front Bumper Bracket.STEP',
    '2021-06-23T14:36:09',
    ( '' ),
    ( '' ),
    'SwSTEP 2.0',
    'SolidWorks 2021',
    '' );
FILE_SCHEMA (( 'AUTOMOTIVE_DESIGN' ));
ENDSEC;

DATA;
#1 = LINE ( 'NONE', #633, #1635 ) ;
#2 = EDGE_CURVE ( 'NONE', #449, #1590, #1655, .T. ) ;
#3 = FACE_OUTER_BOUND ( 'NONE', #732, .T. ) ;
#4 = EDGE_LOOP ( 'NONE', ( #207, #285, #471, #365 ) ) ;
#5 = LINE ( 'NONE', #939, #1219 ) ;
#6 = CARTESIAN_POINT ( 'NONE',  ( 0.2151755576497542399, 0.1307940403221306003, -0.9912227676815209554 ) ) ;
#7 = DIRECTION ( 'NONE',  ( 0.000000000000000000, 1.000000000000000000, 0.000000000000000000 ) ) ;
#8 = AXIS2_PLACEMENT_3D ( 'NONE', #1201, #1519, #131 ) ;
#9 = VECTOR ( 'NONE', #1921, 39.37007874015748143 ) ;
#10 = ORIENTED_EDGE ( 'NONE', *, *, #946, .T. ) ;
#11 = CARTESIAN_POINT ( 'NONE',  ( -0.1875000000000030531, 0.000000000000000000, -1.613441426694876040E-14 ) ) ;
#12 = AXIS2_PLACEMENT_3D ( 'NONE', #273, #912, #745 ) ;
#13 = VECTOR ( 'NONE', #826, 39.37007874015748143 ) ;
#14 = CARTESIAN_POINT ( 'NONE',  ( 0.2039823515422738986, 0.1454055826255708228, -0.9952486425714351936 ) ) ;
#15 = VERTEX_POINT ( 'NONE', #500 ) ;
#16 = EDGE_CURVE ( 'NONE', #1801, #402, #1302, .T. ) ;
#17 = EDGE_LOOP ( 'NONE', ( #1029, #1327, #986, #1987 ) ) ;
#18 = CARTESIAN_POINT ( 'NONE',  ( -0.1875000000000030531, 0.1249999999999993477, -1.792026232680667469E-14 ) ) ;
#19 = CARTESIAN_POINT ( 'NONE',  ( 0.1941125767687125470, 0.1558908841602979212, -0.9974544244915800606 ) ) ;
#20 = DIRECTION ( 'NONE',  ( 1.000000000000000000, 0.000000000000000000, 0.000000000000000000 ) ) ;
#21 = EDGE_LOOP ( 'NONE', ( #1932 ) ) ;
#22 = CARTESIAN_POINT ( 'NONE',  ( 0.3450000000000003064, 0.5549999999999992717, -0.8750000000000000000 ) ) ;
#23 = AXIS2_PLACEMENT_3D ( 'NONE', #605, #1837, #1993 ) ;
#24 = CARTESIAN_POINT ( 'NONE',  ( -0.1874999999999997780, 0.000000000000000000, -0.8750000000000003331 ) ) ;
#25 = DIRECTION ( 'NONE',  ( 1.000000000000000000, 0.000000000000000000, 0.000000000000000000 ) ) ;
#26 = ORIENTED_EDGE ( 'NONE', *, *, #564, .F. ) ;
#27 = CARTESIAN_POINT ( 'NONE',  ( -1.677304356971912119E-17, 0.1875000000000006661, -0.9999999999999998890 ) ) ;
#28 = CARTESIAN_POINT ( 'NONE',  ( 0.1249999999999999029, 0.1874999999999999722, -0.8750000000000000000 ) ) ;
#29 = DIRECTION ( 'NONE',  ( 0.000000000000000000, 0.000000000000000000, -1.000000000000000000 ) ) ;
#30 = EDGE_CURVE ( 'NONE', #981, #1480, #566, .T. ) ;
#31 = ORIENTED_EDGE ( 'NONE', *, *, #1781, .F. ) ;
#32 = DIRECTION ( 'NONE',  ( 5.203519987931931518E-15, 0.000000000000000000, 1.000000000000000000 ) ) ;
#33 = CARTESIAN_POINT ( 'NONE',  ( 0.2158741042086084472, 0.1297615910674462247, -0.9908920778880403457 ) ) ;
#34 = DIRECTION ( 'NONE',  ( 1.000000000000000000, 0.000000000000000000, 0.000000000000000000 ) ) ;
#35 = ORIENTED_EDGE ( 'NONE', *, *, #380, .F. ) ;
#36 = CARTESIAN_POINT ( 'NONE',  ( 4.064999999999999503, 0.000000000000000000, -0.1250000000000001665 ) ) ;
#37 = CARTESIAN_POINT ( 'NONE',  ( 0.2492905142782194661, 0.04075350492074492764, -0.9292189796242305011 ) ) ;
#38 = DIRECTION ( 'NONE',  ( 0.000000000000000000, 1.000000000000000000, 0.000000000000000000 ) ) ;
#39 =( GEOMETRIC_REPRESENTATION_CONTEXT ( 3 ) GLOBAL_UNCERTAINTY_ASSIGNED_CONTEXT ( ( #1250 ) ) GLOBAL_UNIT_ASSIGNED_CONTEXT ( ( #967, #342, #63 ) ) REPRESENTATION_CONTEXT ( 'NONE', 'WORKASPACE' ) );
#40 = ADVANCED_FACE ( 'NONE', ( #1175 ), #257, .F. ) ;
#41 = ORIENTED_EDGE ( 'NONE', *, *, #317, .T. ) ;
#42 = LINE ( 'NONE', #1130, #1347 ) ;
#43 = AXIS2_PLACEMENT_3D ( 'NONE', #1050, #1202, #1236 ) ;
#44 = SURFACE_SIDE_STYLE ('',( #1438 ) ) ;
#45 = ORIENTED_EDGE ( 'NONE', *, *, #95, .F. ) ;
#46 = DIRECTION ( 'NONE',  ( 0.000000000000000000, 1.000000000000000000, 0.000000000000000000 ) ) ;
#47 = VECTOR ( 'NONE', #268, 39.37007874015748143 ) ;
#48 = CARTESIAN_POINT ( 'NONE',  ( 0.2179286309410022326, 0.1266171874515069351, -0.9898403835953625274 ) ) ;
#49 = VERTEX_POINT ( 'NONE', #1862 ) ;
#50 = CARTESIAN_POINT ( 'NONE',  ( 3.844999999999998863, 1.554999999999999716, -1.000313484251968532 ) ) ;
#51 = ORIENTED_EDGE ( 'NONE', *, *, #659, .T. ) ;
#52 = VECTOR ( 'NONE', #1747, 39.37007874015748143 ) ;
#53 = LINE ( 'NONE', #1595, #1146 ) ;
#54 = EDGE_CURVE ( 'NONE', #654, #654, #782, .T. ) ;
#55 = EDGE_CURVE ( 'NONE', #929, #1793, #1895, .T. ) ;
#56 = ORIENTED_EDGE ( 'NONE', *, *, #1121, .F. ) ;
#57 = DIRECTION ( 'NONE',  ( 0.000000000000000000, 0.000000000000000000, 1.000000000000000000 ) ) ;
#58 = CARTESIAN_POINT ( 'NONE',  ( 0.2278474831056232219, 0.1619532344382679512, -0.8697760813147112913 ) ) ;
#59 = EDGE_LOOP ( 'NONE', ( #296 ) ) ;
#60 = CARTESIAN_POINT ( 'NONE',  ( 4.377500000000001279, 0.000000000000000000, -0.1250000000000172362 ) ) ;
#61 = CARTESIAN_POINT ( 'NONE',  ( 0.1249999999999999029, 0.1250000000000000278, -0.1250000000000012490 ) ) ;
#62 = DIRECTION ( 'NONE',  ( -1.000000000000000000, 0.000000000000000000, -3.642463991552350169E-15 ) ) ;
#63 =( NAMED_UNIT ( * ) SI_UNIT ( $, .STERADIAN. ) SOLID_ANGLE_UNIT ( ) );
#64 = ORIENTED_EDGE ( 'NONE', *, *, #1021, .T. ) ;
#65 = ADVANCED_FACE ( 'NONE', ( #1237 ), #1393, .F. ) ;
#66 = CARTESIAN_POINT ( 'NONE',  ( 3.407500000000000195, 0.1250000000000000278, 2.731847993664263218E-16 ) ) ;
#67 = CARTESIAN_POINT ( 'NONE',  ( 3.970302758677108912, 0.1662781306830650729, -0.8712872132211010312 ) ) ;
#68 = ORIENTED_EDGE ( 'NONE', *, *, #1359, .F. ) ;
#69 = CARTESIAN_POINT ( 'NONE',  ( 4.377500000000003055, 0.03039386559394756382, 0.08169871071651720051 ) ) ;
#70 = UNCERTAINTY_MEASURE_WITH_UNIT (LENGTH_MEASURE( 1.000000000000000082E-05 ), #1839, 'distance_accuracy_value', 'NONE');
#71 = DIRECTION ( 'NONE',  ( 0.000000000000000000, -1.000000000000000000, 0.000000000000000000 ) ) ;
#72 = ORIENTED_EDGE ( 'NONE', *, *, #377, .T. ) ;
#73 = CARTESIAN_POINT ( 'NONE',  ( 3.971298187681914005, 0.1254218876941669558, -0.9894253625368972793 ) ) ;
#74 = EDGE_LOOP ( 'NONE', ( #1901, #271, #837, #1750 ) ) ;
#75 = PLANE ( 'NONE',  #252 ) ;
#76 = LINE ( 'NONE', #405, #9 ) ;
#77 = ADVANCED_FACE ( 'NONE', ( #144 ), #1214, .T. ) ;
#78 = AXIS2_PLACEMENT_3D ( 'NONE', #102, #1788, #1031 ) ;
#79 = ORIENTED_EDGE ( 'NONE', *, *, #82, .T. ) ;
#80 = CARTESIAN_POINT ( 'NONE',  ( 4.189999999999999503, 0.1875000000000001110, -0.8124999999999998890 ) ) ;
#81 = FACE_OUTER_BOUND ( 'NONE', #944, .T. ) ;
#82 = EDGE_CURVE ( 'NONE', #1368, #1555, #2017, .T. ) ;
#83 = ADVANCED_FACE ( 'NONE', ( #1383 ), #598, .F. ) ;
#84 = EDGE_LOOP ( 'NONE', ( #521, #1119, #1316, #1609 ) ) ;
#85 = FACE_OUTER_BOUND ( 'NONE', #1783, .T. ) ;
#86 = AXIS2_PLACEMENT_3D ( 'NONE', #324, #1401, #951 ) ;
#87 = ORIENTED_EDGE ( 'NONE', *, *, #862, .T. ) ;
#88 = FACE_OUTER_BOUND ( 'NONE', #21, .T. ) ;
#89 = CARTESIAN_POINT ( 'NONE',  ( 0.2172497470945768394, 0.1675573601092986697, -0.8717332301544679085 ) ) ;
#90 = CIRCLE ( 'NONE', #1221, 0.1050000000000001071 ) ;
#91 = EDGE_LOOP ( 'NONE', ( #2008 ) ) ;
#92 = CYLINDRICAL_SURFACE ( 'NONE', #467, 0.1049999999999998296 ) ;
#93 = LINE ( 'NONE', #1956, #547 ) ;
#94 = ORIENTED_EDGE ( 'NONE', *, *, #1446, .F. ) ;
#95 = EDGE_CURVE ( 'NONE', #15, #15, #593, .T. ) ;
#96 = CARTESIAN_POINT ( 'NONE',  ( 4.189999999999999503, 1.929999999999999938, -0.8124999999999998890 ) ) ;
#97 = CARTESIAN_POINT ( 'NONE',  ( 3.997634369989389036, 0.1606305192340806431, -0.9983626375784656615 ) ) ;
#98 = CARTESIAN_POINT ( 'NONE',  ( 0.2427456607629346064, 0.1494759473994093091, -0.8621932009724270207 ) ) ;
#99 = AXIS2_PLACEMENT_3D ( 'NONE', #1087, #773, #1707 ) ;
#100 = EDGE_LOOP ( 'NONE', ( #1380, #661, #1594, #898 ) ) ;
#101 = FILL_AREA_STYLE_COLOUR ( '', #173 ) ;
#102 = CARTESIAN_POINT ( 'NONE',  ( 4.377500000000002167, 0.000000000000000000, -1.792026232680667469E-14 ) ) ;
#103 = EDGE_LOOP ( 'NONE', ( #1190 ) ) ;
#104 = ADVANCED_FACE ( 'NONE', ( #630 ), #153, .F. ) ;
#105 = CARTESIAN_POINT ( 'NONE',  ( 4.064999999999999503, 0.1875000000000000278, -0.9999999999999998890 ) ) ;
#106 = CARTESIAN_POINT ( 'NONE',  ( 3.971298187681914005, 0.1668072958980556519, -0.8714751208456323894 ) ) ;
#107 = CYLINDRICAL_SURFACE ( 'NONE', #517, 0.1874999999999999722 ) ;
#108 = VECTOR ( 'NONE', #1125, 39.37007874015748143 ) ;
#109 = ORIENTED_EDGE ( 'NONE', *, *, #513, .F. ) ;
#110 = DIRECTION ( 'NONE',  ( 0.000000000000000000, -1.000000000000000000, 0.000000000000000000 ) ) ;
#111 = LINE ( 'NONE', #1153, #179 ) ;
#112 = VECTOR ( 'NONE', #320, 39.37007874015748143 ) ;
#113 = LENGTH_MEASURE_WITH_UNIT ( LENGTH_MEASURE( 0.02539999999999999897 ), #1850 );
#114 = CARTESIAN_POINT ( 'NONE',  ( 0.2350392500384139438, 0.1568744844396401383, -0.8673114859577463198 ) ) ;
#115 = DIRECTION ( 'NONE',  ( -5.203519987931931518E-15, 0.000000000000000000, 1.000000000000000000 ) ) ;
#116 = VECTOR ( 'NONE', #1611, 39.37007874015748143 ) ;
#117 = CARTESIAN_POINT ( 'NONE',  ( 0.000000000000000000, 1.929999999999999938, -1.000000000000000000 ) ) ;
#118 = ADVANCED_FACE ( 'NONE', ( #1501 ), #1290, .T. ) ;
#119 = CARTESIAN_POINT ( 'NONE',  ( 0.3449999999999997513, 1.554999999999999050, -1.000313484251968532 ) ) ;
#120 = EDGE_CURVE ( 'NONE', #779, #684, #1443, .T. ) ;
#121 = ORIENTED_EDGE ( 'NONE', *, *, #1121, .T. ) ;
#122 = LINE ( 'NONE', #1684, #507 ) ;
#123 = DIRECTION ( 'NONE',  ( 1.000000000000000000, 0.000000000000000000, -4.370956789862844026E-15 ) ) ;
#124 = CARTESIAN_POINT ( 'NONE',  ( 0.1941125767687125747, 0.1769636280534325756, -0.8741514748305267979 ) ) ;
#125 = ORIENTED_EDGE ( 'NONE', *, *, #585, .T. ) ;
#126 = CARTESIAN_POINT ( 'NONE',  ( 0.2276364604835197925, 0.000000000000000000, -0.8124999999999998890 ) ) ;
#127 = CARTESIAN_POINT ( 'NONE',  ( 3.971080676584321623, 0.1666922532671897272, -0.8714346706135397413 ) ) ;
#128 = CARTESIAN_POINT ( 'NONE',  ( 4.377500000000001279, 0.000000000000000000, -0.1250000000000172362 ) ) ;
#129 = ADVANCED_FACE ( 'NONE', ( #670, #1278 ), #1593, .F. ) ;
#130 = ORIENTED_EDGE ( 'NONE', *, *, #1309, .F. ) ;
#131 = DIRECTION ( 'NONE',  ( 0.000000000000000000, 0.000000000000000000, -1.000000000000000000 ) ) ;
#132 = FACE_OUTER_BOUND ( 'NONE', #680, .T. ) ;
#133 = AXIS2_PLACEMENT_3D ( 'NONE', #735, #2006, #1355 ) ;
#134 = AXIS2_PLACEMENT_3D ( 'NONE', #613, #1068, #1223 ) ;
#135 = CARTESIAN_POINT ( 'NONE',  ( 0.2278474831056232497, 0.1619532344382679789, -0.8697760813147112913 ) ) ;
#136 = ORIENTED_EDGE ( 'NONE', *, *, #418, .T. ) ;
#137 = CARTESIAN_POINT ( 'NONE',  ( 4.189999999999999503, 0.1874999999999999722, -1.000000000000000000 ) ) ;
#138 = DIRECTION ( 'NONE',  ( 1.000000000000000000, 0.000000000000000000, 0.000000000000000000 ) ) ;
#139 = CARTESIAN_POINT ( 'NONE',  ( 0.000000000000000000, 0.1875000000000006661, -0.8124999999999998890 ) ) ;
#140 = VERTEX_POINT ( 'NONE', #172 ) ;
#141 = DIRECTION ( 'NONE',  ( -0.000000000000000000, 1.000000000000000000, -0.000000000000000000 ) ) ;
#142 = FACE_OUTER_BOUND ( 'NONE', #770, .T. ) ;
#143 =( GEOMETRIC_REPRESENTATION_CONTEXT ( 3 ) GLOBAL_UNCERTAINTY_ASSIGNED_CONTEXT ( ( #464 ) ) GLOBAL_UNIT_ASSIGNED_CONTEXT ( ( #1461, #1955, #536 ) ) REPRESENTATION_CONTEXT ( 'NONE', 'WORKASPACE' ) );
#144 = FACE_OUTER_BOUND ( 'NONE', #1442, .T. ) ;
#145 = EDGE_LOOP ( 'NONE', ( #1780 ) ) ;
#146 = AXIS2_PLACEMENT_3D ( 'NONE', #1147, #555, #62 ) ;
#147 = PLANE ( 'NONE',  #640 ) ;
#148 = CARTESIAN_POINT ( 'NONE',  ( 0.2177593568592240125, 0.1268814136587584629, -0.9899308724003793580 ) ) ;
#149 = FACE_OUTER_BOUND ( 'NONE', #692, .T. ) ;
#150 = VERTEX_POINT ( 'NONE', #679 ) ;
#151 = CARTESIAN_POINT ( 'NONE',  ( 0.000000000000000000, 1.929999999999999938, -0.8750000000000000000 ) ) ;
#152 = LINE ( 'NONE', #1073, #1760 ) ;
#153 = PLANE ( 'NONE',  #99 ) ;
#154 = EDGE_CURVE ( 'NONE', #1561, #684, #628, .T. ) ;
#155 = ORIENTED_EDGE ( 'NONE', *, *, #1730, .F. ) ;
#156 = FACE_OUTER_BOUND ( 'NONE', #1135, .T. ) ;
#157 = DIRECTION ( 'NONE',  ( 1.000000000000000000, 0.000000000000000000, 0.000000000000000000 ) ) ;
#158 = CARTESIAN_POINT ( 'NONE',  ( 0.5949999999999996403, 0.1250000000000000278, -0.2399999999999998246 ) ) ;
#159 = ORIENTED_EDGE ( 'NONE', *, *, #1295, .T. ) ;
#160 = CARTESIAN_POINT ( 'NONE',  ( 0.2500000000000008882, 0.000000000000000000, 2.731847993664263218E-16 ) ) ;
#161 = FACE_OUTER_BOUND ( 'NONE', #515, .T. ) ;
#162 = DIRECTION ( 'NONE',  ( 1.000000000000000000, 0.000000000000000000, 0.000000000000000000 ) ) ;
#163 = ORIENTED_EDGE ( 'NONE', *, *, #1733, .T. ) ;
#164 = DIRECTION ( 'NONE',  ( 1.000000000000000000, 0.000000000000000000, 0.000000000000000000 ) ) ;
#165 = EDGE_CURVE ( 'NONE', #491, #140, #822, .T. ) ;
#166 = CARTESIAN_POINT ( 'NONE',  ( 0.2181816483040141530, 0.1262198521099228699, -0.9897033100818425355 ) ) ;
#167 = DIRECTION ( 'NONE',  ( -0.000000000000000000, -1.000000000000000000, -0.000000000000000000 ) ) ;
#168 = VERTEX_POINT ( 'NONE', #1106 ) ;
#169 = CYLINDRICAL_SURFACE ( 'NONE', #1642, 0.1250000000000000278 ) ;
#170 = CARTESIAN_POINT ( 'NONE',  ( 2.094999999999999307, 1.554999999999999716, -1.000000000000000000 ) ) ;
#171 = AXIS2_PLACEMENT_3D ( 'NONE', #1381, #626, #1543 ) ;
#172 = CARTESIAN_POINT ( 'NONE',  ( 4.252499999999998614, 0.1875000000000001110, -0.8125000000000001110 ) ) ;
#173 = COLOUR_RGB ( '',0.8980392156862745390, 0.9176470588235293713, 0.9294117647058823817 ) ;
#174 = ORIENTED_EDGE ( 'NONE', *, *, #377, .F. ) ;
#175 = CARTESIAN_POINT ( 'NONE',  ( 4.377499999999998614, 1.929999999999999938, -0.8125000000000006661 ) ) ;
#176 = CIRCLE ( 'NONE', #1869, 0.1049999999999998296 ) ;
#177 = DIRECTION ( 'NONE',  ( -5.203519987931931518E-15, 0.000000000000000000, 1.000000000000000000 ) ) ;
#178 = DIRECTION ( 'NONE',  ( -1.000000000000000000, 0.000000000000000000, -0.000000000000000000 ) ) ;
#179 = VECTOR ( 'NONE', #1143, 39.37007874015748143 ) ;
#180 = AXIS2_PLACEMENT_3D ( 'NONE', #1301, #842, #1769 ) ;
#181 = EDGE_LOOP ( 'NONE', ( #109, #64, #246, #487, #1139, #678, #1465, #581, #635, #410, #954, #1629, #392, #87, #1637, #1245 ) ) ;
#182 = DIRECTION ( 'NONE',  ( 0.000000000000000000, -1.000000000000000000, 0.000000000000000000 ) ) ;
#183 = CARTESIAN_POINT ( 'NONE',  ( 4.377499999999998614, 0.000000000000000000, -0.8750000000000003331 ) ) ;
#184 = DIRECTION ( 'NONE',  ( 0.000000000000000000, 0.000000000000000000, 1.000000000000000000 ) ) ;
#185 = VERTEX_POINT ( 'NONE', #1915 ) ;
#186 = CARTESIAN_POINT ( 'NONE',  ( 4.189999999999999503, 1.929999999999999938, -0.8750000000000000000 ) ) ;
#187 = CIRCLE ( 'NONE', #709, 0.06249999999999967387 ) ;
#188 = LINE ( 'NONE', #810, #1127 ) ;
#189 = VERTEX_POINT ( 'NONE', #1080 ) ;
#190 = APPLICATION_PROTOCOL_DEFINITION ( 'draft international standard', 'automotive_design', 1998, #366 ) ;
#191 = ORIENTED_EDGE ( 'NONE', *, *, #1797, .F. ) ;
#192 = LINE ( 'NONE', #1725, #484 ) ;
#193 = CARTESIAN_POINT ( 'NONE',  ( 0.2471135099169243787, 0.05564699750977081943, -0.9458944736159009548 ) ) ;
#194 = EDGE_CURVE ( 'NONE', #140, #1457, #528, .T. ) ;
#195 = CARTESIAN_POINT ( 'NONE',  ( 4.252499999999998614, 0.000000000000000000, -0.8125000000000001110 ) ) ;
#196 = ORIENTED_EDGE ( 'NONE', *, *, #563, .F. ) ;
#197 = AXIS2_PLACEMENT_3D ( 'NONE', #316, #306, #1203 ) ;
#198 = DIRECTION ( 'NONE',  ( -0.000000000000000000, -1.000000000000000000, 0.000000000000000000 ) ) ;
#199 = CIRCLE ( 'NONE', #1791, 0.1050000000000001071 ) ;
#200 = SHAPE_DEFINITION_REPRESENTATION ( #1126, #747 ) ;
#201 = ORIENTED_EDGE ( 'NONE', *, *, #1504, .F. ) ;
#202 = CARTESIAN_POINT ( 'NONE',  ( -0.06250000000000305311, 0.000000000000000000, -1.748382715945128460E-14 ) ) ;
#203 = CARTESIAN_POINT ( 'NONE',  ( 0.2276364604835196537, -1.707404996040164512E-17, -0.8124999999999995559 ) ) ;
#204 = VECTOR ( 'NONE', #167, 39.37007874015748143 ) ;
#205 = DIRECTION ( 'NONE',  ( -1.000000000000000000, -0.000000000000000000, -0.000000000000000000 ) ) ;
#206 = PRODUCT_DEFINITION_FORMATION_WITH_SPECIFIED_SOURCE ( 'ANY', '', #1647, .NOT_KNOWN. ) ;
#207 = ORIENTED_EDGE ( 'NONE', *, *, #430, .T. ) ;
#208 = EDGE_CURVE ( 'NONE', #890, #840, #1739, .T. ) ;
#209 = VECTOR ( 'NONE', #110, 39.37007874015748143 ) ;
#210 = AXIS2_PLACEMENT_3D ( 'NONE', #183, #1432, #648 ) ;
#211 = CARTESIAN_POINT ( 'NONE',  ( 3.282499999999999751, -0.0003134842519685032951, -0.3449999999999999178 ) ) ;
#212 = ORIENTED_EDGE ( 'NONE', *, *, #1154, .T. ) ;
#213 = CARTESIAN_POINT ( 'NONE',  ( 4.189999999999999503, 0.1875000000000001110, -0.8124999999999998890 ) ) ;
#214 = VECTOR ( 'NONE', #1376, 39.37007874015748143 ) ;
#215 = CARTESIAN_POINT ( 'NONE',  ( 0.2130513176642052642, 0.1696191348375879759, -0.8723918433996900035 ) ) ;
#216 = ORIENTED_EDGE ( 'NONE', *, *, #255, .F. ) ;
#217 = FILL_AREA_STYLE ('',( #101 ) ) ;
#218 = ORIENTED_EDGE ( 'NONE', *, *, #154, .F. ) ;
#219 = EDGE_CURVE ( 'NONE', #1014, #1890, #1197, .T. ) ;
#220 = CARTESIAN_POINT ( 'NONE',  ( 3.938228614456750876, 0.02715151173149096819, -0.9115782612456388989 ) ) ;
#221 = EDGE_LOOP ( 'NONE', ( #702, #1713, #1116, #1159 ) ) ;
#222 = DIRECTION ( 'NONE',  ( 0.000000000000000000, 1.000000000000000000, 0.000000000000000000 ) ) ;
#223 = CARTESIAN_POINT ( 'NONE',  ( 0.2471135099169243787, 0.1435489991699236134, -0.8569648245386336516 ) ) ;
#224 = ORIENTED_EDGE ( 'NONE', *, *, #82, .F. ) ;
#225 = DIRECTION ( 'NONE',  ( 0.000000000000000000, 0.000000000000000000, 1.000000000000000000 ) ) ;
#226 = LINE ( 'NONE', #397, #443 ) ;
#227 = VERTEX_POINT ( 'NONE', #932 ) ;
#228 = CARTESIAN_POINT ( 'NONE',  ( 4.189999999999999503, 0.000000000000000000, -1.000000000000000000 ) ) ;
#229 = EDGE_CURVE ( 'NONE', #1025, #1224, #498, .T. ) ;
#230 = ORIENTED_EDGE ( 'NONE', *, *, #1349, .T. ) ;
#231 = DIRECTION ( 'NONE',  ( -0.000000000000000000, -1.000000000000000000, -0.000000000000000000 ) ) ;
#232 = EDGE_CURVE ( 'NONE', #1899, #1899, #1986, .T. ) ;
#233 = CARTESIAN_POINT ( 'NONE',  ( 4.028836294127761342, 0.1855289997371873945, -0.8750672309208531452 ) ) ;
#234 = ORIENTED_EDGE ( 'NONE', *, *, #1144, .T. ) ;
#235 = CARTESIAN_POINT ( 'NONE',  ( 0.1249999999999999029, 0.1250000000000000278, -0.7588495408493624028 ) ) ;
#236 = ORIENTED_EDGE ( 'NONE', *, *, #1099, .F. ) ;
#237 = CARTESIAN_POINT ( 'NONE',  ( 3.953811844161774669, -6.292314984817254626E-17, -0.8342259624546831676 ) ) ;
#238 = VECTOR ( 'NONE', #587, 39.37007874015748143 ) ;
#239 = EDGE_LOOP ( 'NONE', ( #705, #318, #1012, #527 ) ) ;
#240 = CARTESIAN_POINT ( 'NONE',  ( 3.966549956017120682, 0.1176357875778057810, -0.9865108083092738456 ) ) ;
#241 = CARTESIAN_POINT ( 'NONE',  ( 4.377500000000001279, 0.000000000000000000, -0.1250000000000172362 ) ) ;
#242 = EDGE_CURVE ( 'NONE', #646, #1172, #1727, .T. ) ;
#243 = EDGE_LOOP ( 'NONE', ( #370 ) ) ;
#244 = DIRECTION ( 'NONE',  ( 0.7071067811865460184, -0.000000000000000000, 0.7071067811865490160 ) ) ;
#245 = DIRECTION ( 'NONE',  ( 1.000000000000000000, 0.000000000000000000, 0.000000000000000000 ) ) ;
#246 = ORIENTED_EDGE ( 'NONE', *, *, #1582, .T. ) ;
#247 = DIRECTION ( 'NONE',  ( 0.000000000000000000, 0.000000000000000000, 1.000000000000000000 ) ) ;
#248 = AXIS2_PLACEMENT_3D ( 'NONE', #969, #820, #1083 ) ;
#249 = EDGE_LOOP ( 'NONE', ( #1285, #1048, #708, #1757 ) ) ;
#250 = DIRECTION ( 'NONE',  ( 3.746534391311064499E-15, 0.000000000000000000, 1.000000000000000000 ) ) ;
#251 = CARTESIAN_POINT ( 'NONE',  ( 0.2350392500384139161, 0.1568744844396401383, -0.8673114859577460978 ) ) ;
#252 = AXIS2_PLACEMENT_3D ( 'NONE', #1478, #1296, #393 ) ;
#253 = ORIENTED_EDGE ( 'NONE', *, *, #738, .F. ) ;
#254 = CARTESIAN_POINT ( 'NONE',  ( 4.252500000000001279, 0.000000000000000000, -0.1250000000000168199 ) ) ;
#255 = EDGE_CURVE ( 'NONE', #1112, #1112, #664, .T. ) ;
#256 = CARTESIAN_POINT ( 'NONE',  ( 4.252500000000001279, 0.5000000000000000000, -0.3949999999999839750 ) ) ;
#257 = PLANE ( 'NONE',  #690 ) ;
#258 = CARTESIAN_POINT ( 'NONE',  ( 4.065000000000000391, 0.1874999999999999722, -0.8750000000000000000 ) ) ;
#259 = CARTESIAN_POINT ( 'NONE',  ( 3.983687335164824095, 0.1450312206081313671, -0.9962868128958329850 ) ) ;
#260 = LINE ( 'NONE', #1650, #792 ) ;
#261 = AXIS2_PLACEMENT_3D ( 'NONE', #50, #1433, #1564 ) ;
#262 = EDGE_LOOP ( 'NONE', ( #853, #1936, #56, #300 ) ) ;
#263 = LINE ( 'NONE', #1499, #209 ) ;
#264 = DIRECTION ( 'NONE',  ( 0.000000000000000000, 0.000000000000000000, 1.000000000000000000 ) ) ;
#265 = VERTEX_POINT ( 'NONE', #901 ) ;
#266 = ORIENTED_EDGE ( 'NONE', *, *, #30, .F. ) ;
#267 = EDGE_CURVE ( 'NONE', #1439, #1185, #783, .T. ) ;
#268 = DIRECTION ( 'NONE',  ( 1.000000000000000000, 0.000000000000000000, -4.370956789862844026E-15 ) ) ;
#269 = DIRECTION ( 'NONE',  ( 1.000000000000000000, 0.000000000000000000, 3.491481338843132961E-15 ) ) ;
#270 = CARTESIAN_POINT ( 'NONE',  ( 0.9074999999999995293, 0.1250000000000000278, -0.3449999999999999178 ) ) ;
#271 = ORIENTED_EDGE ( 'NONE', *, *, #1982, .F. ) ;
#272 = DIRECTION ( 'NONE',  ( -1.000000000000000000, 0.000000000000000000, -0.000000000000000000 ) ) ;
#273 = CARTESIAN_POINT ( 'NONE',  ( 3.094999999999999751, 0.000000000000000000, -0.3449999999999998068 ) ) ;
#274 = AXIS2_PLACEMENT_3D ( 'NONE', #1821, #894, #466 ) ;
#275 = CARTESIAN_POINT ( 'NONE',  ( 0.2485271245752533886, 0.1407385873289767886, -0.8539765184321586045 ) ) ;
#276 = CYLINDRICAL_SURFACE ( 'NONE', #476, 0.1875000000000001388 ) ;
#277 = ADVANCED_FACE ( 'NONE', ( #1874 ), #485, .T. ) ;
#278 = PLANE ( 'NONE',  #1942 ) ;
#279 = DIRECTION ( 'NONE',  ( 1.000000000000000000, 0.000000000000000000, 0.000000000000000000 ) ) ;
#280 = VERTEX_POINT ( 'NONE', #326 ) ;
#281 = CARTESIAN_POINT ( 'NONE',  ( 4.377499999999998614, 0.000000000000000000, -0.8125000000000005551 ) ) ;
#282 = FACE_BOUND ( 'NONE', #1864, .T. ) ;
#283 = CARTESIAN_POINT ( 'NONE',  ( 0.4500000000000001221, 0.5549999999999992717, -1.000000000000000000 ) ) ;
#284 = CARTESIAN_POINT ( 'NONE',  ( 0.1869225869946205543, 0.1790127103274590514, -0.8744458723800467848 ) ) ;
#285 = ORIENTED_EDGE ( 'NONE', *, *, #219, .T. ) ;
#286 = DIRECTION ( 'NONE',  ( -1.000000000000000000, -0.000000000000000000, -0.000000000000000000 ) ) ;
#287 = EDGE_CURVE ( 'NONE', #1273, #1273, #199, .T. ) ;
#288 = CARTESIAN_POINT ( 'NONE',  ( 0.1249999999999999029, 0.1250000000000000278, -0.7588495408493624028 ) ) ;
#289 = FACE_OUTER_BOUND ( 'NONE', #1830, .T. ) ;
#290 = ORIENTED_EDGE ( 'NONE', *, *, #1968, .T. ) ;
#291 = EDGE_CURVE ( 'NONE', #1561, #1798, #650, .T. ) ;
#292 = DIRECTION ( 'NONE',  ( 0.000000000000000000, 1.000000000000000000, 0.000000000000000000 ) ) ;
#293 = DIRECTION ( 'NONE',  ( 1.000000000000000000, 0.000000000000000000, -0.000000000000000000 ) ) ;
#294 = CARTESIAN_POINT ( 'NONE',  ( 0.2174208086956671282, 0.1674699553784277373, -0.8717039499982196515 ) ) ;
#295 = AXIS2_PLACEMENT_3D ( 'NONE', #1096, #1716, #335 ) ;
#296 = ORIENTED_EDGE ( 'NONE', *, *, #1373, .F. ) ;
#297 = PLANE ( 'NONE',  #1502 ) ;
#298 = CARTESIAN_POINT ( 'NONE',  ( 3.938228614456750876, 0.1340505039104969709, -0.8455260870818797070 ) ) ;
#299 = CYLINDRICAL_SURFACE ( 'NONE', #134, 0.1049999999999998296 ) ;
#300 = ORIENTED_EDGE ( 'NONE', *, *, #1371, .T. ) ;
#301 = FACE_OUTER_BOUND ( 'NONE', #545, .T. ) ;
#302 = FACE_BOUND ( 'NONE', #1662, .T. ) ;
#303 = EDGE_CURVE ( 'NONE', #1764, #1914, #1575, .T. ) ;
#304 = DIMENSIONAL_EXPONENTS ( 1.000000000000000000, 0.000000000000000000, 0.000000000000000000, 0.000000000000000000, 0.000000000000000000, 0.000000000000000000, 0.000000000000000000 ) ;
#305 = PRESENTATION_STYLE_ASSIGNMENT (( #827 ) ) ;
#306 = DIRECTION ( 'NONE',  ( -1.000000000000000000, 0.000000000000000000, 0.000000000000000000 ) ) ;
#307 = ORIENTED_EDGE ( 'NONE', *, *, #165, .T. ) ;
#308 = AXIS2_PLACEMENT_3D ( 'NONE', #1365, #573, #421 ) ;
#309 = CARTESIAN_POINT ( 'NONE',  ( 0.000000000000000000, 0.1875000000000006661, -0.8124999999999998890 ) ) ;
#310 = LINE ( 'NONE', #947, #1903 ) ;
#311 = CARTESIAN_POINT ( 'NONE',  ( 4.377500000000003944, 0.5000000000000000000, -0.3949999999999834754 ) ) ;
#312 = ORIENTED_EDGE ( 'NONE', *, *, #1844, .F. ) ;
#313 = DIRECTION ( 'NONE',  ( 0.000000000000000000, 0.000000000000000000, 1.000000000000000000 ) ) ;
#314 = CARTESIAN_POINT ( 'NONE',  ( 4.189999999999999503, 0.000000000000000000, -0.8750000000000000000 ) ) ;
#315 = VECTOR ( 'NONE', #1420, 39.37007874015748143 ) ;
#316 = CARTESIAN_POINT ( 'NONE',  ( 4.064999999999999503, 1.164363938219894923, -0.7588495408493618477 ) ) ;
#317 = EDGE_CURVE ( 'NONE', #1801, #1576, #1117, .T. ) ;
#318 = ORIENTED_EDGE ( 'NONE', *, *, #1717, .F. ) ;
#319 = DIMENSIONAL_EXPONENTS ( 1.000000000000000000, 0.000000000000000000, 0.000000000000000000, 0.000000000000000000, 0.000000000000000000, 0.000000000000000000, 0.000000000000000000 ) ;
#320 = DIRECTION ( 'NONE',  ( -1.000000000000000000, 0.000000000000000000, -3.491481338843132961E-15 ) ) ;
#321 = DIRECTION ( 'NONE',  ( 0.000000000000000000, 0.000000000000000000, 1.000000000000000000 ) ) ;
#322 = CARTESIAN_POINT ( 'NONE',  ( 0.000000000000000000, 0.1875000000000004996, -0.9999999999999998890 ) ) ;
#323 = ORIENTED_EDGE ( 'NONE', *, *, #1283, .T. ) ;
#324 = CARTESIAN_POINT ( 'NONE',  ( 4.064999999999999503, 0.000000000000000000, -0.8838495408493619587 ) ) ;
#325 = CARTESIAN_POINT ( 'NONE',  ( 0.2490413544247515043, 0.04314569379325939452, -0.9321648002589772997 ) ) ;
#326 = CARTESIAN_POINT ( 'NONE',  ( 1.094999999999999751, 0.000000000000000000, -0.5325000000000000844 ) ) ;
#327 = EDGE_LOOP ( 'NONE', ( #323 ) ) ;
#328 = CARTESIAN_POINT ( 'NONE',  ( 0.3450000000000003064, 0.5549999999999992717, -1.000000000000000000 ) ) ;
#329 = EDGE_CURVE ( 'NONE', #1590, #938, #1945, .T. ) ;
#330 = CARTESIAN_POINT ( 'NONE',  ( 0.2493096574505669349, 0.01552888302939371516, -0.8899946918148115005 ) ) ;
#331 = CARTESIAN_POINT ( 'NONE',  ( 4.377499999999998614, 0.000000000000000000, -0.8125000000000005551 ) ) ;
#332 = VERTEX_POINT ( 'NONE', #688 ) ;
#333 = CARTESIAN_POINT ( 'NONE',  ( 3.962363539516478905, 0.000000000000000000, -0.8124999999999998890 ) ) ;
#334 = CARTESIAN_POINT ( 'NONE',  ( -0.06250000000000072164, 1.929999999999999938, -0.6250000000000000000 ) ) ;
#335 = DIRECTION ( 'NONE',  ( 0.000000000000000000, -1.000000000000000000, 0.000000000000000000 ) ) ;
#336 = ORIENTED_EDGE ( 'NONE', *, *, #1422, .T. ) ;
#337 = FACE_OUTER_BOUND ( 'NONE', #1336, .T. ) ;
#338 = VECTOR ( 'NONE', #1481, 39.37007874015748143 ) ;
#339 = CARTESIAN_POINT ( 'NONE',  ( 0.1635221978971897749, 0.1777285840123067617, -1.000040599077584691 ) ) ;
#340 = EDGE_CURVE ( 'NONE', #1606, #449, #560, .T. ) ;
#341 = CARTESIAN_POINT ( 'NONE',  ( 0.2399999999999999079, 1.554999999999999050, -0.8750000000000000000 ) ) ;
#342 =( NAMED_UNIT ( * ) PLANE_ANGLE_UNIT ( ) SI_UNIT ( $, .RADIAN. ) );
#343 = ORIENTED_EDGE ( 'NONE', *, *, #229, .F. ) ;
#344 = DIRECTION ( 'NONE',  ( -1.000000000000000000, 0.000000000000000000, 3.713525943768164663E-15 ) ) ;
#345 = CARTESIAN_POINT ( 'NONE',  ( 0.2181816483040141530, 0.1262198521099228699, -0.9897033100818425355 ) ) ;
#346 = MANIFOLD_SOLID_BREP ( 'Chamfer3', #1690 ) ;
#347 = ORIENTED_EDGE ( 'NONE', *, *, #1513, .T. ) ;
#348 = DIRECTION ( 'NONE',  ( -0.000000000000000000, 1.000000000000000000, -0.000000000000000000 ) ) ;
#349 = ORIENTED_EDGE ( 'NONE', *, *, #1435, .T. ) ;
#350 = VECTOR ( 'NONE', #1845, 39.37007874015748143 ) ;
#351 = CARTESIAN_POINT ( 'NONE',  ( 0.2477559867721227382, 0.05221813074525356174, -0.9424214859662816135 ) ) ;
#352 = EDGE_LOOP ( 'NONE', ( #501 ) ) ;
#353 = LINE ( 'NONE', #202, #1186 ) ;
#354 = CARTESIAN_POINT ( 'NONE',  ( 0.2115970239285236421, 0.1702847691860224222, -0.8725861023565648633 ) ) ;
#355 = ADVANCED_FACE ( 'NONE', ( #1621 ), #374, .F. ) ;
#356 = DIRECTION ( 'NONE',  ( 0.000000000000000000, -1.000000000000000000, 0.000000000000000000 ) ) ;
#357 = ORIENTED_EDGE ( 'NONE', *, *, #1644, .T. ) ;
#358 = DIRECTION ( 'NONE',  ( -1.000000000000000000, 0.000000000000000000, 0.000000000000000000 ) ) ;
#359 = ORIENTED_EDGE ( 'NONE', *, *, #1494, .T. ) ;
#360 = PLANE ( 'NONE',  #868 ) ;
#361 = LINE ( 'NONE', #1715, #108 ) ;
#362 = ORIENTED_EDGE ( 'NONE', *, *, #1873, .F. ) ;
#363 = LINE ( 'NONE', #715, #1340 ) ;
#364 = ADVANCED_FACE ( 'NONE', ( #1641, #851 ), #92, .F. ) ;
#365 = ORIENTED_EDGE ( 'NONE', *, *, #154, .T. ) ;
#366 = APPLICATION_CONTEXT ( 'automotive_design' ) ;
#367 = AXIS2_PLACEMENT_3D ( 'NONE', #1826, #1061, #272 ) ;
#368 = CARTESIAN_POINT ( 'NONE',  ( -0.1875000000000000278, 0.1875000000000006661, -0.8125000000000006661 ) ) ;
#369 = CIRCLE ( 'NONE', #700, 0.1049999999999998296 ) ;
#370 = ORIENTED_EDGE ( 'NONE', *, *, #1005, .T. ) ;
#371 = CARTESIAN_POINT ( 'NONE',  ( 4.189999999999999503, 0.1250000000000000278, 2.731847993664263218E-16 ) ) ;
#372 = CARTESIAN_POINT ( 'NONE',  ( 3.939733729134819118, 0.1418918429626276900, -0.8557141998863345700 ) ) ;
#373 = ORIENTED_EDGE ( 'NONE', *, *, #509, .F. ) ;
#374 = CYLINDRICAL_SURFACE ( 'NONE', #1532, 0.1874999999999999167 ) ;
#375 = CARTESIAN_POINT ( 'NONE',  ( 0.1249999999999999029, 0.1250000000000000278, -0.8838495408493622918 ) ) ;
#376 = VECTOR ( 'NONE', #409, 39.37007874015748143 ) ;
#377 = EDGE_CURVE ( 'NONE', #1390, #1884, #363, .T. ) ;
#378 = ORIENTED_EDGE ( 'NONE', *, *, #1557, .T. ) ;
#379 = EDGE_CURVE ( 'NONE', #934, #1555, #1490, .T. ) ;
#380 = EDGE_CURVE ( 'NONE', #1390, #1498, #1963, .T. ) ;
#381 = CARTESIAN_POINT ( 'NONE',  ( 4.189999999999999503, 0.000000000000000000, 2.731847993664263218E-16 ) ) ;
#382 = ORIENTED_EDGE ( 'NONE', *, *, #564, .T. ) ;
#383 = CARTESIAN_POINT ( 'NONE',  ( 3.947594989004188371, 0.003798368909289287845, -0.8552804012516793675 ) ) ;
#384 = CARTESIAN_POINT ( 'NONE',  ( 0.2151755576497542399, 0.1685980134407102093, -0.8720742558938403555 ) ) ;
#385 = ORIENTED_EDGE ( 'NONE', *, *, #524, .F. ) ;
#386 = CARTESIAN_POINT ( 'NONE',  ( 4.377499999999998614, 0.000000000000000000, -0.8125000000000005551 ) ) ;
#387 = CARTESIAN_POINT ( 'NONE',  ( 0.1249999999999999029, 0.1250000000000000278, -0.1250000000000012490 ) ) ;
#388 = ORIENTED_EDGE ( 'NONE', *, *, #267, .T. ) ;
#389 = CARTESIAN_POINT ( 'NONE',  ( 3.969841797252847471, 0.1230894680080652920, -0.9885903555764802286 ) ) ;
#390 = EDGE_CURVE ( 'NONE', #280, #1368, #832, .T. ) ;
#391 = VECTOR ( 'NONE', #689, 39.37007874015748143 ) ;
#392 = ORIENTED_EDGE ( 'NONE', *, *, #340, .F. ) ;
#393 = DIRECTION ( 'NONE',  ( 0.000000000000000000, 0.000000000000000000, -1.000000000000000000 ) ) ;
#394 = CARTESIAN_POINT ( 'NONE',  ( 0.2487520742630194570, 0.1401906060571573576, -0.8533506245955919667 ) ) ;
#395 = ORIENTED_EDGE ( 'NONE', *, *, #728, .F. ) ;
#396 = DIRECTION ( 'NONE',  ( 0.000000000000000000, 1.000000000000000000, 0.000000000000000000 ) ) ;
#397 = CARTESIAN_POINT ( 'NONE',  ( 4.189999999999999503, 0.000000000000000000, 2.731847993664263218E-16 ) ) ;
#398 = DIRECTION ( 'NONE',  ( 0.000000000000000000, 0.000000000000000000, -1.000000000000000000 ) ) ;
#399 = VECTOR ( 'NONE', #1452, 39.37007874015748143 ) ;
#400 = DIRECTION ( 'NONE',  ( 0.000000000000000000, 0.000000000000000000, -1.000000000000000000 ) ) ;
#401 = CIRCLE ( 'NONE', #435, 0.1050000000000001071 ) ;
#402 = VERTEX_POINT ( 'NONE', #386 ) ;
#403 = EDGE_CURVE ( 'NONE', #150, #723, #999, .T. ) ;
#404 = CARTESIAN_POINT ( 'NONE',  ( 4.377500000000002167, 0.000000000000000000, -1.613441426694876040E-14 ) ) ;
#405 = CARTESIAN_POINT ( 'NONE',  ( -0.1875000000000030531, 0.1249999999999993477, -1.792026232680667469E-14 ) ) ;
#406 = VECTOR ( 'NONE', #985, 39.37007874015748143 ) ;
#407 = EDGE_LOOP ( 'NONE', ( #68 ) ) ;
#408 =( LENGTH_UNIT ( ) NAMED_UNIT ( * ) SI_UNIT ( $, .METRE. ) );
#409 = DIRECTION ( 'NONE',  ( 0.000000000000000000, 0.000000000000000000, 1.000000000000000000 ) ) ;
#410 = ORIENTED_EDGE ( 'NONE', *, *, #1216, .T. ) ;
#411 = B_SPLINE_CURVE_WITH_KNOTS ( 'NONE', 3,
 ( #818, #237, #1605, #1751, #220, #1454, #1167, #1589, #1158, #1437, #1950, #691, #1792, #1303, #1927, #389, #543, #1004, #845, #1464, #73, #1476, #699, #1318, #727, #105 ),
 .UNSPECIFIED., .F., .F.,
 ( 4, 2, 2, 2, 2, 2, 2, 2, 2, 2, 2, 2, 4 ),
 ( 0.000000000000000000, 0.1250000000000000000, 0.2500000000000000000, 0.3750000000000000000, 0.4375000000000000000, 0.4687500000000000000, 0.4843750000000000000, 0.4921875000000000000, 0.4960937500000000000, 0.4980468750000000000, 0.5000000000000000000, 0.7500000000000000000, 1.000000000000000000 ),
 .UNSPECIFIED. ) ;
#412 = CARTESIAN_POINT ( 'NONE',  ( 4.064999999999999503, -3.881209056710951823E-17, -0.1250000000000001665 ) ) ;
#413 = CARTESIAN_POINT ( 'NONE',  ( 3.968325692066327903, 0.1652027861889770466, -0.8708884389268637394 ) ) ;
#414 = CARTESIAN_POINT ( 'NONE',  ( 0.2485271245752533886, 0.1407385873289767608, -0.8539765184321584934 ) ) ;
#415 = ORIENTED_EDGE ( 'NONE', *, *, #509, .T. ) ;
#416 = DIRECTION ( 'NONE',  ( 0.000000000000000000, 0.9372430515208994839, -0.3486767304765153730 ) ) ;
#417 = CARTESIAN_POINT ( 'NONE',  ( 4.189999999999999503, 1.929999999999999938, -0.8124999999999998890 ) ) ;
#418 = EDGE_CURVE ( 'NONE', #1634, #1333, #1861, .T. ) ;
#419 = EDGE_CURVE ( 'NONE', #1007, #914, #696, .T. ) ;
#420 = ORIENTED_EDGE ( 'NONE', *, *, #896, .F. ) ;
#421 = DIRECTION ( 'NONE',  ( 0.000000000000000000, 0.000000000000000000, -1.000000000000000000 ) ) ;
#422 = CIRCLE ( 'NONE', #23, 0.06249999999999967387 ) ;
#423 = CARTESIAN_POINT ( 'NONE',  ( 3.983687335164824095, 0.1733437402027104557, -0.8737622709652775876 ) ) ;
#424 = CARTESIAN_POINT ( 'NONE',  ( 4.252500000000000391, 1.929999999999999938, -0.6250000000000000000 ) ) ;
#425 = AXIS2_PLACEMENT_3D ( 'NONE', #815, #793, #29 ) ;
#426 = ORIENTED_EDGE ( 'NONE', *, *, #1708, .T. ) ;
#427 = DIRECTION ( 'NONE',  ( 0.000000000000000000, 1.000000000000000000, 0.000000000000000000 ) ) ;
#428 = DIRECTION ( 'NONE',  ( 0.000000000000000000, 1.000000000000000000, 0.000000000000000000 ) ) ;
#429 = DIRECTION ( 'NONE',  ( 0.000000000000000000, 0.000000000000000000, -1.000000000000000000 ) ) ;
#430 = EDGE_CURVE ( 'NONE', #684, #1014, #1674, .T. ) ;
#431 = VECTOR ( 'NONE', #244, 39.37007874015748143 ) ;
#432 = PLANE ( 'NONE',  #983 ) ;
#433 = FACE_OUTER_BOUND ( 'NONE', #995, .T. ) ;
#434 = CARTESIAN_POINT ( 'NONE',  ( -1.851869410329122001, 0.1874999999999999722, -0.8125000000000000000 ) ) ;
#435 = AXIS2_PLACEMENT_3D ( 'NONE', #2002, #1189, #1541 ) ;
#436 = ORIENTED_EDGE ( 'NONE', *, *, #1482, .T. ) ;
#437 = CYLINDRICAL_SURFACE ( 'NONE', #171, 0.06249999999999995143 ) ;
#438 = FACE_BOUND ( 'NONE', #243, .T. ) ;
#439 = VECTOR ( 'NONE', #1887, 39.37007874015748143 ) ;
#440 = AXIS2_PLACEMENT_3D ( 'NONE', #624, #1208, #1970 ) ;
#441 = CARTESIAN_POINT ( 'NONE',  ( 0.5949999999999996403, 0.000000000000000000, -0.3449999999999998068 ) ) ;
#442 = ADVANCED_FACE ( 'NONE', ( #1391 ), #1361, .F. ) ;
#443 = VECTOR ( 'NONE', #1013, 39.37007874015748143 ) ;
#444 = ORIENTED_EDGE ( 'NONE', *, *, #776, .F. ) ;
#445 = DIRECTION ( 'NONE',  ( -1.000000000000000000, 0.000000000000000000, -3.746534391311064499E-15 ) ) ;
#446 = ADVANCED_FACE ( 'NONE', ( #919 ), #437, .F. ) ;
#447 = DIRECTION ( 'NONE',  ( 3.713525943768164663E-15, 0.000000000000000000, -1.000000000000000000 ) ) ;
#448 = DIRECTION ( 'NONE',  ( 0.000000000000000000, -1.000000000000000000, 0.000000000000000000 ) ) ;
#449 = VERTEX_POINT ( 'NONE', #1972 ) ;
#450 = LINE ( 'NONE', #1104, #52 ) ;
#451 = AXIS2_PLACEMENT_3D ( 'NONE', #906, #1526, #138 ) ;
#452 = DIRECTION ( 'NONE',  ( 0.000000000000000000, 0.000000000000000000, 1.000000000000000000 ) ) ;
#453 = CARTESIAN_POINT ( 'NONE',  ( 0.2505594346632176173, 0.1334818290013985442, -0.8448160034317919731 ) ) ;
#454 = VERTEX_POINT ( 'NONE', #1049 ) ;
#455 = DIRECTION ( 'NONE',  ( -3.746534391311064499E-15, 0.000000000000000000, 1.000000000000000000 ) ) ;
#456 = PLANE ( 'NONE',  #806 ) ;
#457 = EDGE_CURVE ( 'NONE', #1014, #981, #762, .T. ) ;
#458 = CARTESIAN_POINT ( 'NONE',  ( 3.844999999999998863, 0.5549999999999997158, -1.000313484251968532 ) ) ;
#459 = EDGE_LOOP ( 'NONE', ( #1741, #41, #359, #535 ) ) ;
#460 = LINE ( 'NONE', #1038, #1665 ) ;
#461 = PLANE ( 'NONE',  #855 ) ;
#462 = PRODUCT_CONTEXT ( 'NONE', #366, 'mechanical' ) ;
#463 = CARTESIAN_POINT ( 'NONE',  ( 0.2071197414855314722, 0.1722335767452478628, -0.8731217930659862514 ) ) ;
#464 = UNCERTAINTY_MEASURE_WITH_UNIT (LENGTH_MEASURE( 1.000000000000000082E-05 ), #1461, 'distance_accuracy_value', 'NONE');
#465 = ORIENTED_EDGE ( 'NONE', *, *, #1193, .F. ) ;
#466 = DIRECTION ( 'NONE',  ( -5.203519987931931518E-15, 0.000000000000000000, 1.000000000000000000 ) ) ;
#467 = AXIS2_PLACEMENT_3D ( 'NONE', #1601, #874, #1182 ) ;
#468 = DIRECTION ( 'NONE',  ( 1.000000000000000000, 0.000000000000000000, 0.000000000000000000 ) ) ;
#469 = VERTEX_POINT ( 'NONE', #311 ) ;
#470 = EDGE_CURVE ( 'NONE', #914, #1145, #771, .T. ) ;
#471 = ORIENTED_EDGE ( 'NONE', *, *, #1873, .T. ) ;
#472 = CARTESIAN_POINT ( 'NONE',  ( 1.094999999999999751, 0.000000000000000000, -0.3449999999999998068 ) ) ;
#473 = CARTESIAN_POINT ( 'NONE',  ( 4.064999999999999503, 0.1250000000000000278, -0.7588495408493618477 ) ) ;
#474 = CARTESIAN_POINT ( 'NONE',  ( 0.2492856698658779679, 0.1386340842146194241, -0.8514775300736341368 ) ) ;
#475 = EDGE_LOOP ( 'NONE', ( #570, #1745, #1342, #1537 ) ) ;
#476 = AXIS2_PLACEMENT_3D ( 'NONE', #1988, #1636, #247 ) ;
#477 = DIRECTION ( 'NONE',  ( -1.306329362180163628E-15, -0.9372430515208994839, 0.3486767304765153730 ) ) ;
#478 = DIRECTION ( 'NONE',  ( 3.746534391311064499E-15, 0.000000000000000000, 1.000000000000000000 ) ) ;
#479 = DIRECTION ( 'NONE',  ( -0.000000000000000000, 0.000000000000000000, -1.000000000000000000 ) ) ;
#480 = ORIENTED_EDGE ( 'NONE', *, *, #120, .T. ) ;
#481 = PLANE ( 'NONE',  #1578 ) ;
#482 = CARTESIAN_POINT ( 'NONE',  ( 0.2182658384650753847, 0.1260872409929170712, -0.9896573955258775035 ) ) ;
#483 = VECTOR ( 'NONE', #1392, 39.37007874015748143 ) ;
#484 = VECTOR ( 'NONE', #647, 39.37007874015748143 ) ;
#485 = PLANE ( 'NONE',  #295 ) ;
#486 = EDGE_CURVE ( 'NONE', #1185, #1786, #1808, .T. ) ;
#487 = ORIENTED_EDGE ( 'NONE', *, *, #1384, .T. ) ;
#488 = FACE_BOUND ( 'NONE', #145, .T. ) ;
#489 = CARTESIAN_POINT ( 'NONE',  ( 0.2182658384650753847, 0.1260872409929170712, -0.9896573955258775035 ) ) ;
#490 = VERTEX_POINT ( 'NONE', #1102 ) ;
#491 = VERTEX_POINT ( 'NONE', #2004 ) ;
#492 = LINE ( 'NONE', #1573, #315 ) ;
#493 = CARTESIAN_POINT ( 'NONE',  ( 0.2172497470945768394, 0.1276720803278960925, -0.9901996904634036145 ) ) ;
#494 = CARTESIAN_POINT ( 'NONE',  ( 0.000000000000000000, 1.929999999999999938, -0.8124999999999998890 ) ) ;
#495 = ADVANCED_FACE ( 'NONE', ( #301 ), #1369, .F. ) ;
#496 = ORIENTED_EDGE ( 'NONE', *, *, #1614, .F. ) ;
#497 = DIRECTION ( 'NONE',  ( 0.000000000000000000, 0.000000000000000000, 1.000000000000000000 ) ) ;
#498 = CIRCLE ( 'NONE', #1399, 0.1874999999999999167 ) ;
#499 = CARTESIAN_POINT ( 'NONE',  ( 3.282499999999999751, 0.1250000000000000278, -0.3449999999999999178 ) ) ;
#500 = CARTESIAN_POINT ( 'NONE',  ( 0.5949999999999996403, 0.000000000000000000, -0.2399999999999998246 ) ) ;
#501 = ORIENTED_EDGE ( 'NONE', *, *, #1829, .T. ) ;
#502 = PLANE ( 'NONE',  #1288 ) ;
#503 = CARTESIAN_POINT ( 'NONE',  ( 0.1454812152941795389, 0.1865025447224659405, -0.8750000000000000000 ) ) ;
#504 = VECTOR ( 'NONE', #980, 39.37007874015748143 ) ;
#505 = ORIENTED_EDGE ( 'NONE', *, *, #1422, .F. ) ;
#506 = DIRECTION ( 'NONE',  ( -1.306329362180163628E-15, -0.9372430515208994839, 0.3486767304765153730 ) ) ;
#507 = VECTOR ( 'NONE', #292, 39.37007874015748143 ) ;
#508 = ORIENTED_EDGE ( 'NONE', *, *, #597, .T. ) ;
#509 = EDGE_CURVE ( 'NONE', #227, #1217, #899, .T. ) ;
#510 = VECTOR ( 'NONE', #1500, 39.37007874015748143 ) ;
#511 = CARTESIAN_POINT ( 'NONE',  ( 0.1249999999999999029, 0.1875000000000003886, -1.000000000000000000 ) ) ;
#512 = VERTEX_POINT ( 'NONE', #799 ) ;
#513 = EDGE_CURVE ( 'NONE', #1277, #1919, #1848, .T. ) ;
#514 = AXIS2_PLACEMENT_3D ( 'NONE', #375, #1462, #991 ) ;
#515 = EDGE_LOOP ( 'NONE', ( #1151, #989, #1385, #1414 ) ) ;
#516 = DIRECTION ( 'NONE',  ( 0.000000000000000000, 0.000000000000000000, -1.000000000000000000 ) ) ;
#517 = AXIS2_PLACEMENT_3D ( 'NONE', #434, #897, #603 ) ;
#518 = CARTESIAN_POINT ( 'NONE',  ( 0.1941125767687125470, 0.1769636280534326034, -0.8741514748305267979 ) ) ;
#519 = CARTESIAN_POINT ( 'NONE',  ( 3.844999999999998863, 0.5549999999999997158, -0.8750000000000000000 ) ) ;
#520 = CIRCLE ( 'NONE', #86, 0.1250000000000000278 ) ;
#521 = ORIENTED_EDGE ( 'NONE', *, *, #340, .T. ) ;
#522 = LINE ( 'NONE', #228, #406 ) ;
#523 = EDGE_LOOP ( 'NONE', ( #307, #159, #382, #31 ) ) ;
#524 = EDGE_CURVE ( 'NONE', #929, #840, #1617, .T. ) ;
#525 = CARTESIAN_POINT ( 'NONE',  ( 3.953811844161774669, -6.292314984817254626E-17, -0.8342259624546831676 ) ) ;
#526 = CARTESIAN_POINT ( 'NONE',  ( 0.1454799345959144619, 0.1845078212811836205, -1.000000000000000000 ) ) ;
#527 = ORIENTED_EDGE ( 'NONE', *, *, #317, .F. ) ;
#528 = LINE ( 'NONE', #1136, #1819 ) ;
#529 = ORIENTED_EDGE ( 'NONE', *, *, #1409, .T. ) ;
#530 = CARTESIAN_POINT ( 'NONE',  ( 0.1249999999999999029, 1.164363938219894923, -0.7588495408493624028 ) ) ;
#531 = ORIENTED_EDGE ( 'NONE', *, *, #993, .F. ) ;
#532 = DIRECTION ( 'NONE',  ( 0.000000000000000000, 1.000000000000000000, 0.000000000000000000 ) ) ;
#533 = CARTESIAN_POINT ( 'NONE',  ( 3.939800866430622772, 0.1307938288759019629, -0.8396541758700669655 ) ) ;
#534 = EDGE_CURVE ( 'NONE', #1962, #1445, #122, .T. ) ;
#535 = ORIENTED_EDGE ( 'NONE', *, *, #1781, .T. ) ;
#536 =( NAMED_UNIT ( * ) SI_UNIT ( $, .STERADIAN. ) SOLID_ANGLE_UNIT ( ) );
#537 = DIRECTION ( 'NONE',  ( 0.000000000000000000, 1.000000000000000000, 0.000000000000000000 ) ) ;
#538 = VECTOR ( 'NONE', #427, 39.37007874015748143 ) ;
#539 = VECTOR ( 'NONE', #657, 39.37007874015748143 ) ;
#540 = EDGE_LOOP ( 'NONE', ( #1774, #1052, #1928, #496 ) ) ;
#541 = VECTOR ( 'NONE', #1210, 39.37007874015748143 ) ;
#542 = VECTOR ( 'NONE', #1953, 39.37007874015748143 ) ;
#543 = CARTESIAN_POINT ( 'NONE',  ( 3.970149104869022505, 0.1235860840354856133, -0.9887712116343627677 ) ) ;
#544 = AXIS2_PLACEMENT_3D ( 'NONE', #24, #653, #674 ) ;
#545 = EDGE_LOOP ( 'NONE', ( #667, #1137, #1477, #1728 ) ) ;
#546 = CARTESIAN_POINT ( 'NONE',  ( 3.962363539516478905, -1.707404996040164512E-17, -0.8124999999999995559 ) ) ;
#547 = VECTOR ( 'NONE', #1643, 39.37007874015748143 ) ;
#548 = CARTESIAN_POINT ( 'NONE',  ( 3.983687335164825427, 0.1733437402027104002, -0.8737622709652772546 ) ) ;
#549 = ORIENTED_EDGE ( 'NONE', *, *, #1513, .F. ) ;
#550 = PRESENTATION_STYLE_ASSIGNMENT (( #1299 ) ) ;
#551 = CARTESIAN_POINT ( 'NONE',  ( 4.252500000000002167, 0.000000000000000000, -1.569797909959337031E-14 ) ) ;
#552 = VECTOR ( 'NONE', #892, 39.37007874015748143 ) ;
#553 = EDGE_LOOP ( 'NONE', ( #1291, #79, #1852, #444 ) ) ;
#554 = VECTOR ( 'NONE', #1912, 39.37007874015748143 ) ;
#555 = DIRECTION ( 'NONE',  ( 0.000000000000000000, -1.000000000000000000, 0.000000000000000000 ) ) ;
#556 = ORIENTED_EDGE ( 'NONE', *, *, #847, .F. ) ;
#557 = CARTESIAN_POINT ( 'NONE',  ( 3.959991889003003251, 0.1058227844395600026, -0.9813316969814477320 ) ) ;
#558 = CARTESIAN_POINT ( 'NONE',  ( 0.2184570887847863685, 0.1669284217554887761, -0.8715175121881459930 ) ) ;
#559 = ORIENTED_EDGE ( 'NONE', *, *, #303, .F. ) ;
#560 = LINE ( 'NONE', #1924, #1240 ) ;
#561 = CARTESIAN_POINT ( 'NONE',  ( -0.06250000000000001388, 0.1875000000000006661, -0.8125000000000001110 ) ) ;
#562 = ORIENTED_EDGE ( 'NONE', *, *, #738, .T. ) ;
#563 = EDGE_CURVE ( 'NONE', #1217, #454, #263, .T. ) ;
#564 = EDGE_CURVE ( 'NONE', #1333, #402, #1225, .T. ) ;
#565 = LINE ( 'NONE', #211, #13 ) ;
#566 = CIRCLE ( 'NONE', #1003, 0.1874999999999999722 ) ;
#567 = ORIENTED_EDGE ( 'NONE', *, *, #563, .T. ) ;
#568 = CARTESIAN_POINT ( 'NONE',  ( 3.950914359734034154, 0.08654186591400567230, -0.9707571856397504417 ) ) ;
#569 = CARTESIAN_POINT ( 'NONE',  ( 4.252500000000002167, 0.2499999999999999167, -1.744967905953048118E-14 ) ) ;
#570 = ORIENTED_EDGE ( 'NONE', *, *, #1570, .F. ) ;
#571 = CARTESIAN_POINT ( 'NONE',  ( 4.189999999999999503, 0.1874999999999999722, -0.8749999999999997780 ) ) ;
#572 = CARTESIAN_POINT ( 'NONE',  ( 0.000000000000000000, 1.929999999999999938, -0.8124999999999998890 ) ) ;
#573 = DIRECTION ( 'NONE',  ( -0.000000000000000000, -1.000000000000000000, 0.000000000000000000 ) ) ;
#574 = DIRECTION ( 'NONE',  ( -3.491481338843132961E-15, -0.000000000000000000, 1.000000000000000000 ) ) ;
#575 = EDGE_CURVE ( 'NONE', #2018, #449, #1816, .T. ) ;
#576 = LINE ( 'NONE', #1785, #1763 ) ;
#577 = AXIS2_PLACEMENT_3D ( 'NONE', #328, #945, #164 ) ;
#578 = ORIENTED_EDGE ( 'NONE', *, *, #1717, .T. ) ;
#579 = CARTESIAN_POINT ( 'NONE',  ( 2.219999999999991758, 0.1250000000000000278, 1.969999999999999529 ) ) ;
#580 = CARTESIAN_POINT ( 'NONE',  ( 4.189999999999999503, 0.000000000000000000, -0.8750000000000000000 ) ) ;
#581 = ORIENTED_EDGE ( 'NONE', *, *, #776, .T. ) ;
#582 = DIRECTION ( 'NONE',  ( 0.000000000000000000, -0.000000000000000000, 1.000000000000000000 ) ) ;
#583 = CARTESIAN_POINT ( 'NONE',  ( 3.939733729134817786, 0.1418918429626276900, -0.8557141998863345700 ) ) ;
#584 = FACE_OUTER_BOUND ( 'NONE', #866, .T. ) ;
#585 = EDGE_CURVE ( 'NONE', #1878, #1878, #1762, .T. ) ;
#586 = ORIENTED_EDGE ( 'NONE', *, *, #287, .T. ) ;
#587 = DIRECTION ( 'NONE',  ( 0.000000000000000000, 6.123233995736766036E-17, -1.000000000000000000 ) ) ;
#588 = CARTESIAN_POINT ( 'NONE',  ( -0.06250000000000305311, 0.1249999999999993477, -1.748382715945128460E-14 ) ) ;
#589 = CARTESIAN_POINT ( 'NONE',  ( 0.2471135099169243510, 0.1435489991699236412, -0.8569648245386335406 ) ) ;
#590 = FACE_OUTER_BOUND ( 'NONE', #1123, .T. ) ;
#591 = CARTESIAN_POINT ( 'NONE',  ( 3.939800866430623660, 0.1307938288759019907, -0.8396541758700671876 ) ) ;
#592 = LINE ( 'NONE', #1389, #1472 ) ;
#593 = CIRCLE ( 'NONE', #720, 0.1049999999999999684 ) ;
#594 = ORIENTED_EDGE ( 'NONE', *, *, #1518, .T. ) ;
#595 = DIRECTION ( 'NONE',  ( 0.000000000000000000, 0.000000000000000000, -1.000000000000000000 ) ) ;
#596 = FACE_BOUND ( 'NONE', #1759, .T. ) ;
#597 = EDGE_CURVE ( 'NONE', #723, #1709, #460, .T. ) ;
#598 = PLANE ( 'NONE',  #197 ) ;
#599 = AXIS2_PLACEMENT_3D ( 'NONE', #1407, #34, #1571 ) ;
#600 = ORIENTED_EDGE ( 'NONE', *, *, #575, .F. ) ;
#601 = DIRECTION ( 'NONE',  ( 1.000000000000000000, 0.000000000000000000, 3.746534391311064499E-15 ) ) ;
#602 = CARTESIAN_POINT ( 'NONE',  ( 3.969841797252847471, 0.1230894680080652920, -0.9885903555764802286 ) ) ;
#603 = DIRECTION ( 'NONE',  ( 0.000000000000000000, 0.000000000000000000, -1.000000000000000000 ) ) ;
#604 = ORIENTED_EDGE ( 'NONE', *, *, #1909, .T. ) ;
#605 = CARTESIAN_POINT ( 'NONE',  ( 4.189999999999999503, 1.929999999999999938, -0.8124999999999998890 ) ) ;
#606 = CARTESIAN_POINT ( 'NONE',  ( 4.377500000000002167, 0.000000000000000000, -1.792026232680667469E-14 ) ) ;
#607 = AXIS2_PLACEMENT_3D ( 'NONE', #1559, #1569, #177 ) ;
#608 = CARTESIAN_POINT ( 'NONE',  ( 0.2427456607629346064, 0.1494759473994092813, -0.8621932009724270207 ) ) ;
#609 = EDGE_CURVE ( 'NONE', #938, #2018, #1695, .T. ) ;
#610 = VERTEX_POINT ( 'NONE', #744 ) ;
#611 = CARTESIAN_POINT ( 'NONE',  ( 4.377500000000002167, 0.2500000000000000000, -1.792026232680667469E-14 ) ) ;
#612 = CARTESIAN_POINT ( 'NONE',  ( 3.968926685369108309, 0.1216002768890927371, -0.9880408679710990238 ) ) ;
#613 = CARTESIAN_POINT ( 'NONE',  ( 2.094999999999999307, 1.554999999999999716, -1.000313484251968532 ) ) ;
#614 = ORIENTED_EDGE ( 'NONE', *, *, #457, .T. ) ;
#615 = CARTESIAN_POINT ( 'NONE',  ( 0.000000000000000000, 0.000000000000000000, -0.8750000000000000000 ) ) ;
#616 = AXIS2_PLACEMENT_3D ( 'NONE', #1231, #1101, #468 ) ;
#617 = FACE_OUTER_BOUND ( 'NONE', #475, .T. ) ;
#618 = CARTESIAN_POINT ( 'NONE',  ( 2.199999999999999289, 0.5549999999999997158, -0.8750000000000000000 ) ) ;
#619 = CARTESIAN_POINT ( 'NONE',  ( 0.2477559867721228215, 0.1424060435817512404, -0.8558071619887606118 ) ) ;
#620 = ORIENTED_EDGE ( 'NONE', *, *, #430, .F. ) ;
#621 = FACE_OUTER_BOUND ( 'NONE', #1486, .T. ) ;
#622 = EDGE_CURVE ( 'NONE', #1457, #761, #422, .T. ) ;
#623 = CARTESIAN_POINT ( 'NONE',  ( 0.2505594346632176173, 0.02544548700419566045, -0.9094480102953760303 ) ) ;
#624 = CARTESIAN_POINT ( 'NONE',  ( 4.189999999999999503, 0.000000000000000000, 2.731847993664263218E-16 ) ) ;
#625 = EDGE_LOOP ( 'NONE', ( #1400 ) ) ;
#626 = DIRECTION ( 'NONE',  ( 1.000000000000000000, 0.000000000000000000, 0.000000000000000000 ) ) ;
#627 = CARTESIAN_POINT ( 'NONE',  ( 4.189999999999999503, 0.1874999999999999722, -0.9999999999999998890 ) ) ;
#628 = CIRCLE ( 'NONE', #425, 0.06249999999999995143 ) ;
#629 = VECTOR ( 'NONE', #1587, 39.37007874015748143 ) ;
#630 = FACE_OUTER_BOUND ( 'NONE', #1998, .T. ) ;
#631 = ORIENTED_EDGE ( 'NONE', *, *, #672, .T. ) ;
#632 = CARTESIAN_POINT ( 'NONE',  ( 4.377499999999998614, 0.1875000000000001110, -0.8125000000000005551 ) ) ;
#633 = CARTESIAN_POINT ( 'NONE',  ( 4.252500000000000391, 1.929999999999999938, -0.6250000000000000000 ) ) ;
#634 = CARTESIAN_POINT ( 'NONE',  ( 0.2500000000000019984, 0.000000000000000000, 2.731847993664263218E-16 ) ) ;
#635 = ORIENTED_EDGE ( 'NONE', *, *, #1178, .T. ) ;
#636 = EDGE_CURVE ( 'NONE', #1445, #846, #450, .T. ) ;
#637 = LINE ( 'NONE', #668, #1152 ) ;
#638 = CARTESIAN_POINT ( 'NONE',  ( 0.2184339208673127530, 0.1258216884340108699, -0.9895651169506377576 ) ) ;
#639 = DIRECTION ( 'NONE',  ( 0.000000000000000000, 0.000000000000000000, 1.000000000000000000 ) ) ;
#640 = AXIS2_PLACEMENT_3D ( 'NONE', #785, #1689, #497 ) ;
#641 = ORIENTED_EDGE ( 'NONE', *, *, #457, .F. ) ;
#642 = CARTESIAN_POINT ( 'NONE',  ( 0.5949999999999996403, 0.000000000000000000, -0.3449999999999998068 ) ) ;
#643 = CARTESIAN_POINT ( 'NONE',  ( 0.2493564345768413126, 0.04004354344165490798, -0.9283223357805957532 ) ) ;
#644 = VERTEX_POINT ( 'NONE', #1254 ) ;
#645 = VECTOR ( 'NONE', #1817, 39.37007874015748143 ) ;
#646 = VERTEX_POINT ( 'NONE', #333 ) ;
#647 = DIRECTION ( 'NONE',  ( -1.000000000000000000, -0.000000000000000000, -0.000000000000000000 ) ) ;
#648 = DIRECTION ( 'NONE',  ( 0.000000000000000000, -0.000000000000000000, 1.000000000000000000 ) ) ;
#649 = EDGE_CURVE ( 'NONE', #332, #1224, #930, .T. ) ;
#650 = LINE ( 'NONE', #1882, #1657 ) ;
#651 = EDGE_LOOP ( 'NONE', ( #965 ) ) ;
#652 = DIRECTION ( 'NONE',  ( 0.000000000000000000, 0.000000000000000000, -1.000000000000000000 ) ) ;
#653 = DIRECTION ( 'NONE',  ( 0.000000000000000000, -1.000000000000000000, 0.000000000000000000 ) ) ;
#654 = VERTEX_POINT ( 'NONE', #1712 ) ;
#655 = ORIENTED_EDGE ( 'NONE', *, *, #1178, .F. ) ;
#656 = CARTESIAN_POINT ( 'NONE',  ( 3.094999999999999751, -0.0003134842519685032951, -0.5324999999999999734 ) ) ;
#657 = DIRECTION ( 'NONE',  ( -1.000000000000000000, -0.000000000000000000, -0.000000000000000000 ) ) ;
#658 = CARTESIAN_POINT ( 'NONE',  ( 0.5949999999999996403, 0.1250000000000000278, -0.3449999999999998068 ) ) ;
#659 = EDGE_CURVE ( 'NONE', #1419, #981, #192, .T. ) ;
#660 = B_SPLINE_CURVE_WITH_KNOTS ( 'NONE', 3,
 ( #1171, #860, #1479, #533, #1141, #372, #988, #1020, #872, #1796, #704, #1608, #1459, #67, #694, #1308, #849, #548, #1150, #233, #1321, #1941 ),
 .UNSPECIFIED., .F., .F.,
 ( 4, 2, 2, 2, 2, 1, 1, 1, 1, 2, 2, 2, 4 ),
 ( 0.000000000000000000, 0.1250000000000539013, 0.2500000000001078027, 0.3750000000001617040, 0.4375000000001891265, 0.4687500000002026712, 0.4843750000002119416, 0.4921875000002163825, 0.4960937500002187694, 0.4980468750002173817, 0.5000000000002160494, 0.7500000000001080247, 1.000000000000000000 ),
 .UNSPECIFIED. ) ;
#661 = ORIENTED_EDGE ( 'NONE', *, *, #291, .T. ) ;
#662 = PRODUCT_DEFINITION ( 'UNKNOWN', '', #206, #1000 ) ;
#663 = FACE_OUTER_BOUND ( 'NONE', #998, .T. ) ;
#664 = CIRCLE ( 'NONE', #1789, 0.1050000000000001071 ) ;
#665 = CARTESIAN_POINT ( 'NONE',  ( 0.2130513176642052642, 0.1338574045127639001, -0.9921755301990700104 ) ) ;
#666 = CARTESIAN_POINT ( 'NONE',  ( 3.594999999999999307, 0.000000000000000000, -0.4499999999999996225 ) ) ;
#667 = ORIENTED_EDGE ( 'NONE', *, *, #1730, .T. ) ;
#668 = CARTESIAN_POINT ( 'NONE',  ( 3.407500000000000195, 0.000000000000000000, 2.731847993664263218E-16 ) ) ;
#669 = CARTESIAN_POINT ( 'NONE',  ( 0.1869225869946205820, 0.1790127103274590792, -0.8744458723800467848 ) ) ;
#670 = FACE_OUTER_BOUND ( 'NONE', #352, .T. ) ;
#671 = ORIENTED_EDGE ( 'NONE', *, *, #403, .F. ) ;
#672 = EDGE_CURVE ( 'NONE', #1786, #1277, #1246, .T. ) ;
#673 = AXIS2_PLACEMENT_3D ( 'NONE', #96, #1338, #1679 ) ;
#674 = DIRECTION ( 'NONE',  ( 0.000000000000000000, -0.000000000000000000, -1.000000000000000000 ) ) ;
#675 = ORIENTED_EDGE ( 'NONE', *, *, #329, .T. ) ;
#676 = LINE ( 'NONE', #1286, #1677 ) ;
#677 = CARTESIAN_POINT ( 'NONE',  ( 3.962363539516478905, 0.000000000000000000, -0.8124999999999998890 ) ) ;
#678 = ORIENTED_EDGE ( 'NONE', *, *, #1681, .T. ) ;
#679 = CARTESIAN_POINT ( 'NONE',  ( -0.1875000000000030531, 0.2500000000000003886, -1.796856505041896967E-14 ) ) ;
#680 = EDGE_LOOP ( 'NONE', ( #1098, #714, #1484, #1542 ) ) ;
#681 = CYLINDRICAL_SURFACE ( 'NONE', #146, 0.1875000000000000278 ) ;
#682 = EDGE_CURVE ( 'NONE', #846, #1906, #637, .T. ) ;
#683 = CARTESIAN_POINT ( 'NONE',  ( 0.000000000000000000, 0.000000000000000000, 0.000000000000000000 ) ) ;
#684 = VERTEX_POINT ( 'NONE', #1410 ) ;
#685 = CARTESIAN_POINT ( 'NONE',  ( 0.1249999999999999029, 0.000000000000000000, -0.8838495408493622918 ) ) ;
#686 = CARTESIAN_POINT ( 'NONE',  ( 0.2477559867721227382, 0.1424060435817511849, -0.8558071619887605008 ) ) ;
#687 = EDGE_LOOP ( 'NONE', ( #1770, #1683, #600, #1894 ) ) ;
#688 = CARTESIAN_POINT ( 'NONE',  ( 3.094999999999999751, 0.000000000000000000, -0.5324999999999999734 ) ) ;
#689 = DIRECTION ( 'NONE',  ( 0.000000000000000000, 1.000000000000000000, 0.000000000000000000 ) ) ;
#690 = AXIS2_PLACEMENT_3D ( 'NONE', #1687, #893, #756 ) ;
#691 = CARTESIAN_POINT ( 'NONE',  ( 3.965402457129829195, 0.1156583158527582228, -0.9857039925731765351 ) ) ;
#692 = EDGE_LOOP ( 'NONE', ( #1810, #784, #1408, #1460 ) ) ;
#693 = DIRECTION ( 'NONE',  ( 0.000000000000000000, 0.000000000000000000, 1.000000000000000000 ) ) ;
#694 = CARTESIAN_POINT ( 'NONE',  ( 3.970768828324958033, 0.1665265857609045663, -0.8713759171442664320 ) ) ;
#695 = EDGE_LOOP ( 'NONE', ( #562 ) ) ;
#696 = LINE ( 'NONE', #1313, #1824 ) ;
#697 = FACE_OUTER_BOUND ( 'NONE', #1640, .T. ) ;
#698 = ORIENTED_EDGE ( 'NONE', *, *, #1818, .F. ) ;
#699 = CARTESIAN_POINT ( 'NONE',  ( 3.997634369989389036, 0.1606305192340806431, -0.9983626375784656615 ) ) ;
#700 = AXIS2_PLACEMENT_3D ( 'NONE', #1491, #1164, #245 ) ;
#701 = VECTOR ( 'NONE', #1046, 39.37007874015748143 ) ;
#702 = ORIENTED_EDGE ( 'NONE', *, *, #486, .F. ) ;
#703 = FACE_BOUND ( 'NONE', #863, .T. ) ;
#704 = CARTESIAN_POINT ( 'NONE',  ( 3.963107459355249773, 0.1622344651415252303, -0.8696967974558363901 ) ) ;
#705 = ORIENTED_EDGE ( 'NONE', *, *, #765, .F. ) ;
#706 = DIRECTION ( 'NONE',  ( -0.000000000000000000, -1.000000000000000000, -0.000000000000000000 ) ) ;
#707 = CARTESIAN_POINT ( 'NONE',  ( 3.282499999999999751, 0.1250000000000000278, -0.3449999999999999178 ) ) ;
#708 = ORIENTED_EDGE ( 'NONE', *, *, #1844, .T. ) ;
#709 = AXIS2_PLACEMENT_3D ( 'NONE', #213, #231, #57 ) ;
#710 = LINE ( 'NONE', #1782, #1802 ) ;
#711 = ORIENTED_EDGE ( 'NONE', *, *, #291, .F. ) ;
#712 = FACE_OUTER_BOUND ( 'NONE', #1847, .T. ) ;
#713 = CARTESIAN_POINT ( 'NONE',  ( 0.2184339208673127530, 0.1669405628113369566, -0.8715217056502125859 ) ) ;
#714 = ORIENTED_EDGE ( 'NONE', *, *, #800, .T. ) ;
#715 = CARTESIAN_POINT ( 'NONE',  ( 4.377500000000000391, 1.929999999999999938, -0.6250000000000004441 ) ) ;
#716 = CARTESIAN_POINT ( 'NONE',  ( -0.1874999999999999722, 1.929999999999999938, -0.8125000000000006661 ) ) ;
#717 = EDGE_LOOP ( 'NONE', ( #1274 ) ) ;
#718 = ADVANCED_FACE ( 'NONE', ( #1705 ), #1584, .T. ) ;
#719 = LINE ( 'NONE', #1812, #1767 ) ;
#720 = AXIS2_PLACEMENT_3D ( 'NONE', #441, #922, #1545 ) ;
#721 = CARTESIAN_POINT ( 'NONE',  ( 4.028836294127762230, 0.1855289997371873945, -0.8750672309208530342 ) ) ;
#722 = CARTESIAN_POINT ( 'NONE',  ( 0.2182658384650753847, 0.1670290803309723571, -0.8715524651752923901 ) ) ;
#723 = VERTEX_POINT ( 'NONE', #18 ) ;
#724 = CARTESIAN_POINT ( 'NONE',  ( 0.9074999999999995293, -0.0003134842519685032951, -0.3449999999999999178 ) ) ;
#725 = PLANE ( 'NONE',  #78 ) ;
#726 = ORIENTED_EDGE ( 'NONE', *, *, #682, .T. ) ;
#727 = CARTESIAN_POINT ( 'NONE',  ( 4.046091401858172176, 0.1870770541158819356, -1.000000000000000000 ) ) ;
#728 = EDGE_CURVE ( 'NONE', #1914, #1709, #353, .T. ) ;
#729 = CARTESIAN_POINT ( 'NONE',  ( 3.970149104869022505, 0.1235860840354856133, -0.9887712116343627677 ) ) ;
#730 = CYLINDRICAL_SURFACE ( 'NONE', #1015, 0.1050000000000001071 ) ;
#731 = VECTOR ( 'NONE', #286, 39.37007874015748143 ) ;
#732 = EDGE_LOOP ( 'NONE', ( #1870 ) ) ;
#733 = DIRECTION ( 'NONE',  ( -0.000000000000000000, -1.000000000000000000, -0.000000000000000000 ) ) ;
#734 = PLANE ( 'NONE',  #1243 ) ;
#735 = CARTESIAN_POINT ( 'NONE',  ( 0.3449999999999997513, 1.554999999999999050, -1.000000000000000000 ) ) ;
#736 = FACE_OUTER_BOUND ( 'NONE', #2003, .T. ) ;
#737 = VECTOR ( 'NONE', #1275, 39.37007874015748143 ) ;
#738 = EDGE_CURVE ( 'NONE', #512, #512, #1324, .T. ) ;
#739 = DIRECTION ( 'NONE',  ( -0.000000000000000000, 0.000000000000000000, -1.000000000000000000 ) ) ;
#740 = CARTESIAN_POINT ( 'NONE',  ( -0.06250000000000001388, 1.929999999999999938, -0.8125000000000001110 ) ) ;
#741 = ORIENTED_EDGE ( 'NONE', *, *, #804, .F. ) ;
#742 = ADVANCED_FACE ( 'NONE', ( #1440 ), #481, .T. ) ;
#743 = EDGE_CURVE ( 'NONE', #1457, #1322, #1562, .T. ) ;
#744 = CARTESIAN_POINT ( 'NONE',  ( 3.962363539516478905, 0.1250000000000000278, -0.8124999999999998890 ) ) ;
#745 = DIRECTION ( 'NONE',  ( 0.000000000000000000, 0.000000000000000000, 1.000000000000000000 ) ) ;
#746 = CARTESIAN_POINT ( 'NONE',  ( 4.377500000000000391, 1.929999999999999938, -0.6250000000000004441 ) ) ;
#747 = ADVANCED_BREP_SHAPE_REPRESENTATION ( 'am-3961 AM14U4 2019 Front Bumper Bracket', ( #346, #1011 ), #1230 ) ;
#748 = ORIENTED_EDGE ( 'NONE', *, *, #728, .T. ) ;
#749 = LINE ( 'NONE', #1053, #1602 ) ;
#750 = CARTESIAN_POINT ( 'NONE',  ( 4.065000000000000391, 0.1874999999999999722, -0.8750000000000000000 ) ) ;
#751 = DIRECTION ( 'NONE',  ( -2.468850131082265344E-15, 0.7071067811865474617, -0.7071067811865475727 ) ) ;
#752 = EDGE_LOOP ( 'NONE', ( #641, #1939, #230, #51 ) ) ;
#753 = CARTESIAN_POINT ( 'NONE',  ( 0.2500000000000008882, 0.000000000000000000, 2.731847993664263218E-16 ) ) ;
#754 = FACE_OUTER_BOUND ( 'NONE', #1979, .T. ) ;
#755 = ADVANCED_FACE ( 'NONE', ( #1859 ), #169, .F. ) ;
#756 = DIRECTION ( 'NONE',  ( 0.000000000000000000, 0.000000000000000000, 1.000000000000000000 ) ) ;
#757 = ORIENTED_EDGE ( 'NONE', *, *, #800, .F. ) ;
#758 = DIRECTION ( 'NONE',  ( 0.000000000000000000, -1.000000000000000000, 0.000000000000000000 ) ) ;
#759 = CARTESIAN_POINT ( 'NONE',  ( 3.844999999999998863, 1.554999999999999716, -1.000000000000000000 ) ) ;
#760 = CARTESIAN_POINT ( 'NONE',  ( 3.407500000000000195, 0.000000000000000000, 2.731847993664263218E-16 ) ) ;
#761 = VERTEX_POINT ( 'NONE', #1094 ) ;
#762 = LINE ( 'NONE', #151, #1042 ) ;
#763 = CARTESIAN_POINT ( 'NONE',  ( 4.189999999999999503, 1.929999999999999938, -0.8124999999999998890 ) ) ;
#764 = CARTESIAN_POINT ( 'NONE',  ( 1.094999999999999751, 0.1250000000000000278, -0.3449999999999998068 ) ) ;
#765 = EDGE_CURVE ( 'NONE', #49, #1801, #1591, .T. ) ;
#766 = ORIENTED_EDGE ( 'NONE', *, *, #896, .T. ) ;
#767 = CARTESIAN_POINT ( 'NONE',  ( 4.377500000000000391, 1.929999999999999938, -0.6250000000000003331 ) ) ;
#768 = CARTESIAN_POINT ( 'NONE',  ( 0.2490413544247515043, 0.04314569379325939452, -0.9321648002589772997 ) ) ;
#769 = CARTESIAN_POINT ( 'NONE',  ( 0.2276364604835196537, 0.1249999999999999861, -0.8124999999999998890 ) ) ;
#770 = EDGE_LOOP ( 'NONE', ( #559, #698, #529, #789 ) ) ;
#771 = LINE ( 'NONE', #910, #948 ) ;
#772 = LINE ( 'NONE', #1755, #539 ) ;
#773 = DIRECTION ( 'NONE',  ( 0.000000000000000000, 1.000000000000000000, -6.123233995736766036E-17 ) ) ;
#774 = EDGE_LOOP ( 'NONE', ( #1076 ) ) ;
#775 = LINE ( 'NONE', #1405, #889 ) ;
#776 = EDGE_CURVE ( 'NONE', #280, #934, #833, .T. ) ;
#777 = CARTESIAN_POINT ( 'NONE',  ( 0.2151755576497542399, 0.1307940403221306003, -0.9912227676815209554 ) ) ;
#778 = VERTEX_POINT ( 'NONE', #1645 ) ;
#779 = VERTEX_POINT ( 'NONE', #27 ) ;
#780 = DIRECTION ( 'NONE',  ( 0.000000000000000000, 1.000000000000000000, 0.000000000000000000 ) ) ;
#781 = CARTESIAN_POINT ( 'NONE',  ( 0.2115970239285236421, 0.1358543075580673221, -0.9927583070696947010 ) ) ;
#782 = CIRCLE ( 'NONE', #133, 0.1049999999999998296 ) ;
#783 = LINE ( 'NONE', #1413, #911 ) ;
#784 = ORIENTED_EDGE ( 'NONE', *, *, #208, .F. ) ;
#785 = CARTESIAN_POINT ( 'NONE',  ( 4.189999999999999503, 0.000000000000000000, 2.731847993664263218E-16 ) ) ;
#786 = CARTESIAN_POINT ( 'NONE',  ( 0.2169076238923961508, 0.1281965087131213821, -0.9903753714008940445 ) ) ;
#787 = EDGE_CURVE ( 'NONE', #1919, #646, #520, .T. ) ;
#788 = DIRECTION ( 'NONE',  ( -0.000000000000000000, -0.000000000000000000, 1.000000000000000000 ) ) ;
#789 = ORIENTED_EDGE ( 'NONE', *, *, #1269, .T. ) ;
#790 = CARTESIAN_POINT ( 'NONE',  ( 4.064999999999999503, 1.164363938219894923, -0.8838495408493619587 ) ) ;
#791 = CARTESIAN_POINT ( 'NONE',  ( 0.1635221978971897749, 0.1777285840123067617, -1.000040599077584691 ) ) ;
#792 = VECTOR ( 'NONE', #1823, 39.37007874015748143 ) ;
#793 = DIRECTION ( 'NONE',  ( 0.000000000000000000, -1.000000000000000000, 0.000000000000000000 ) ) ;
#794 = AXIS2_PLACEMENT_3D ( 'NONE', #1356, #601, #1026 ) ;
#795 = CIRCLE ( 'NONE', #1475, 0.1250000000000000278 ) ;
#796 = ORIENTED_EDGE ( 'NONE', *, *, #534, .T. ) ;
#797 = PLANE ( 'NONE',  #1247 ) ;
#798 = FACE_OUTER_BOUND ( 'NONE', #540, .T. ) ;
#799 = CARTESIAN_POINT ( 'NONE',  ( -0.1875000000000015821, 0.5000000000000000000, -0.3950000000000005729 ) ) ;
#800 = EDGE_CURVE ( 'NONE', #1890, #1480, #5, .T. ) ;
#801 = ORIENTED_EDGE ( 'NONE', *, *, #1829, .F. ) ;
#802 = DIRECTION ( 'NONE',  ( 0.000000000000000000, -1.000000000000000000, 0.000000000000000000 ) ) ;
#803 = CARTESIAN_POINT ( 'NONE',  ( 0.2158741042086084472, 0.1297615910674462247, -0.9908920778880403457 ) ) ;
#804 = EDGE_CURVE ( 'NONE', #1185, #846, #492, .T. ) ;
#805 = ADVANCED_FACE ( 'NONE', ( #1891 ), #502, .T. ) ;
#806 = AXIS2_PLACEMENT_3D ( 'NONE', #1377, #1680, #739 ) ;
#807 = CARTESIAN_POINT ( 'NONE',  ( 3.094999999999999751, 0.1250000000000000278, -0.3449999999999998068 ) ) ;
#808 = EDGE_LOOP ( 'NONE', ( #819 ) ) ;
#809 = DIRECTION ( 'NONE',  ( 0.000000000000000000, 0.000000000000000000, 1.000000000000000000 ) ) ;
#810 = CARTESIAN_POINT ( 'NONE',  ( 4.064999999999999503, 0.000000000000000000, -0.1250000000000001665 ) ) ;
#811 = FACE_OUTER_BOUND ( 'NONE', #1107, .T. ) ;
#812 = ORIENTED_EDGE ( 'NONE', *, *, #1005, .F. ) ;
#813 = CARTESIAN_POINT ( 'NONE',  ( 4.189999999999999503, 1.929999999999999938, -0.8124999999999998890 ) ) ;
#814 = CARTESIAN_POINT ( 'NONE',  ( 0.1635221978971897749, 0.1842428613374355595, -0.8750135330258614896 ) ) ;
#815 = CARTESIAN_POINT ( 'NONE',  ( 0.000000000000000000, 0.1875000000000006661, -0.8124999999999998890 ) ) ;
#816 = ADVANCED_FACE ( 'NONE', ( #960, #88 ), #829, .F. ) ;
#817 = EDGE_LOOP ( 'NONE', ( #1842 ) ) ;
#818 = CARTESIAN_POINT ( 'NONE',  ( 3.962363539516478905, 0.000000000000000000, -0.8124999999999998890 ) ) ;
#819 = ORIENTED_EDGE ( 'NONE', *, *, #585, .F. ) ;
#820 = DIRECTION ( 'NONE',  ( -1.000000000000000000, 0.000000000000000000, -3.746534391311064499E-15 ) ) ;
#821 = CARTESIAN_POINT ( 'NONE',  ( 3.962363539516478905, 0.1250000000000000278, -0.8124999999999998890 ) ) ;
#822 = LINE ( 'NONE', #195, #1558 ) ;
#823 = EDGE_CURVE ( 'NONE', #1890, #1764, #1458, .T. ) ;
#824 = ORIENTED_EDGE ( 'NONE', *, *, #743, .T. ) ;
#825 = CIRCLE ( 'NONE', #1931, 0.1049999999999999684 ) ;
#826 = DIRECTION ( 'NONE',  ( -0.000000000000000000, 1.000000000000000000, -0.000000000000000000 ) ) ;
#827 = SURFACE_STYLE_USAGE ( .BOTH. , #44 ) ;
#828 = ORIENTED_EDGE ( 'NONE', *, *, #418, .F. ) ;
#829 = CYLINDRICAL_SURFACE ( 'NONE', #1092, 0.1049999999999998296 ) ;
#830 = CARTESIAN_POINT ( 'NONE',  ( 0.2169076238923961508, 0.1677321695710404237, -0.8717917904669646445 ) ) ;
#831 = ORIENTED_EDGE ( 'NONE', *, *, #1644, .F. ) ;
#832 = LINE ( 'NONE', #1334, #399 ) ;
#833 = CIRCLE ( 'NONE', #962, 0.1875000000000001388 ) ;
#834 = ORIENTED_EDGE ( 'NONE', *, *, #54, .F. ) ;
#835 = DIRECTION ( 'NONE',  ( 0.000000000000000000, 1.000000000000000000, 0.000000000000000000 ) ) ;
#836 = EDGE_CURVE ( 'NONE', #644, #644, #1418, .T. ) ;
#837 = ORIENTED_EDGE ( 'NONE', *, *, #1806, .T. ) ;
#838 = CARTESIAN_POINT ( 'NONE',  ( 3.594999999999999307, 0.000000000000000000, -0.3449999999999998068 ) ) ;
#839 = CARTESIAN_POINT ( 'NONE',  ( 0.2490413544247515043, 0.1393818979310864625, -0.8523882667529925072 ) ) ;
#840 = VERTEX_POINT ( 'NONE', #1449 ) ;
#841 = LENGTH_MEASURE_WITH_UNIT ( LENGTH_MEASURE( 0.02539999999999999897 ), #408 );
#842 = DIRECTION ( 'NONE',  ( 0.7071067811865444641, 0.000000000000000000, 0.7071067811865505703 ) ) ;
#843 = ORIENTED_EDGE ( 'NONE', *, *, #862, .F. ) ;
#844 = VECTOR ( 'NONE', #25, 39.37007874015748143 ) ;
#845 = CARTESIAN_POINT ( 'NONE',  ( 3.970768828324958033, 0.1245797572827136435, -0.9891277514327988518 ) ) ;
#846 = VERTEX_POINT ( 'NONE', #66 ) ;
#847 = EDGE_CURVE ( 'NONE', #1583, #140, #187, .T. ) ;
#848 = DIRECTION ( 'NONE',  ( 0.000000000000000000, 1.000000000000000000, 0.000000000000000000 ) ) ;
#849 = CARTESIAN_POINT ( 'NONE',  ( 3.971298187681914893, 0.1668072958980556242, -0.8714751208456323894 ) ) ;
#850 = ORIENTED_EDGE ( 'NONE', *, *, #2010, .F. ) ;
#851 = FACE_OUTER_BOUND ( 'NONE', #1319, .T. ) ;
#852 = CARTESIAN_POINT ( 'NONE',  ( -0.1875000000000030531, 0.1249999999999993477, -1.792026232680667469E-14 ) ) ;
#853 = ORIENTED_EDGE ( 'NONE', *, *, #1284, .T. ) ;
#854 = VECTOR ( 'NONE', #1855, 39.37007874015748143 ) ;
#855 = AXIS2_PLACEMENT_3D ( 'NONE', #1531, #1974, #931 ) ;
#856 = FACE_OUTER_BOUND ( 'NONE', #950, .T. ) ;
#857 = VECTOR ( 'NONE', #1325, 39.37007874015748143 ) ;
#858 = ORIENTED_EDGE ( 'NONE', *, *, #1220, .F. ) ;
#859 = CARTESIAN_POINT ( 'NONE',  ( 3.968325692066327903, 0.1206083585669311953, -0.9876653167805911071 ) ) ;
#860 = CARTESIAN_POINT ( 'NONE',  ( 3.953816859603880740, 0.1249999999999999861, -0.8197377401669707631 ) ) ;
#861 = APPLICATION_CONTEXT ( 'automotive_design' ) ;
#862 = EDGE_CURVE ( 'NONE', #1606, #1172, #1056, .T. ) ;
#863 = EDGE_LOOP ( 'NONE', ( #1489 ) ) ;
#864 = LINE ( 'NONE', #883, #510 ) ;
#865 = ADVANCED_FACE ( 'NONE', ( #1775, #1638 ), #360, .F. ) ;
#866 = EDGE_LOOP ( 'NONE', ( #1423 ) ) ;
#867 = VECTOR ( 'NONE', #1871, 39.37007874015748143 ) ;
#868 = AXIS2_PLACEMENT_3D ( 'NONE', #404, #1019, #250 ) ;
#869 = PLANE ( 'NONE',  #673 ) ;
#870 = ORIENTED_EDGE ( 'NONE', *, *, #232, .T. ) ;
#871 = CARTESIAN_POINT ( 'NONE',  ( 0.3449999999999997513, 1.554999999999999050, -0.8750000000000000000 ) ) ;
#872 = CARTESIAN_POINT ( 'NONE',  ( 3.954196650044684791, 0.1563896039569223906, -0.8667850266973150530 ) ) ;
#873 = ORIENTED_EDGE ( 'NONE', *, *, #1582, .F. ) ;
#874 = DIRECTION ( 'NONE',  ( -0.000000000000000000, -0.000000000000000000, 1.000000000000000000 ) ) ;
#875 = CARTESIAN_POINT ( 'NONE',  ( 4.065000000000000391, 0.1874999999999999722, -0.8750000000000000000 ) ) ;
#876 = EDGE_LOOP ( 'NONE', ( #1768, #508, #395, #1364 ) ) ;
#877 = ADVANCED_FACE ( 'NONE', ( #987 ), #75, .T. ) ;
#878 = CARTESIAN_POINT ( 'NONE',  ( 4.064999999999999503, 0.1875000000000000278, -0.9166666666666665186 ) ) ;
#879 = CARTESIAN_POINT ( 'NONE',  ( 3.997634369989389036, 0.1785435064113602144, -0.8744542125261551835 ) ) ;
#880 = DIRECTION ( 'NONE',  ( 1.000000000000000000, 0.000000000000000000, 0.000000000000000000 ) ) ;
#881 = ORIENTED_EDGE ( 'NONE', *, *, #486, .T. ) ;
#882 = DIRECTION ( 'NONE',  ( 0.7071067811865461294, 0.000000000000000000, -0.7071067811865487940 ) ) ;
#883 = CARTESIAN_POINT ( 'NONE',  ( -0.06250000000000283107, 0.06250000000000055511, -0.06250000000001626477 ) ) ;
#884 = ORIENTED_EDGE ( 'NONE', *, *, #597, .F. ) ;
#885 = ADVANCED_FACE ( 'NONE', ( #712, #1920, #703 ), #1607, .T. ) ;
#886 = CYLINDRICAL_SURFACE ( 'NONE', #308, 0.1250000000000000278 ) ;
#887 = CARTESIAN_POINT ( 'NONE',  ( 4.046091401858172176, 0.1870770541158819356, -1.000000000000000000 ) ) ;
#888 = FACE_OUTER_BOUND ( 'NONE', #1306, .T. ) ;
#889 = VECTOR ( 'NONE', #1100, 39.37007874015748143 ) ;
#890 = VERTEX_POINT ( 'NONE', #1929 ) ;
#891 = DIRECTION ( 'NONE',  ( 1.000000000000000000, 0.000000000000000000, 3.491481338843132961E-15 ) ) ;
#892 = DIRECTION ( 'NONE',  ( -1.000000000000000000, 0.000000000000000000, -3.713525943768164663E-15 ) ) ;
#893 = DIRECTION ( 'NONE',  ( -1.000000000000000000, 0.000000000000000000, 0.000000000000000000 ) ) ;
#894 = DIRECTION ( 'NONE',  ( -1.000000000000000000, -0.000000000000000000, -3.746534391311064499E-15 ) ) ;
#895 = CARTESIAN_POINT ( 'NONE',  ( 3.971080676584321623, 0.1250767598015692927, -0.9893040118406191130 ) ) ;
#896 = EDGE_CURVE ( 'NONE', #1263, #1263, #1841, .T. ) ;
#897 = DIRECTION ( 'NONE',  ( 1.000000000000000000, 0.000000000000000000, 0.000000000000000000 ) ) ;
#898 = ORIENTED_EDGE ( 'NONE', *, *, #470, .T. ) ;
#899 = LINE ( 'NONE', #1530, #1863 ) ;
#900 = FACE_BOUND ( 'NONE', #1228, .T. ) ;
#901 = CARTESIAN_POINT ( 'NONE',  ( 3.949999999999999289, 1.554999999999999716, -0.8750000000000000000 ) ) ;
#902 = CARTESIAN_POINT ( 'NONE',  ( 0.2184339208673128918, 0.1669405628113369566, -0.8715217056502125859 ) ) ;
#903 = ORIENTED_EDGE ( 'NONE', *, *, #194, .F. ) ;
#904 = LINE ( 'NONE', #611, #214 ) ;
#905 = COLOUR_RGB ( '',0.8980392156862745390, 0.9176470588235293713, 0.9294117647058823817 ) ;
#906 = CARTESIAN_POINT ( 'NONE',  ( 2.094999999999999307, 0.5549999999999997158, -1.000000000000000000 ) ) ;
#907 = CARTESIAN_POINT ( 'NONE',  ( 4.064999999999999503, 0.000000000000000000, -0.7588495408493618477 ) ) ;
#908 = EDGE_CURVE ( 'NONE', #1561, #1145, #1140, .T. ) ;
#909 = ORIENTED_EDGE ( 'NONE', *, *, #379, .T. ) ;
#910 = CARTESIAN_POINT ( 'NONE',  ( -0.1875000000000000278, 1.929999999999999938, -0.8125000000000005551 ) ) ;
#911 = VECTOR ( 'NONE', #1403, 39.37007874015748143 ) ;
#912 = DIRECTION ( 'NONE',  ( 0.000000000000000000, 1.000000000000000000, 0.000000000000000000 ) ) ;
#913 = DIRECTION ( 'NONE',  ( -0.000000000000000000, 1.000000000000000000, 0.000000000000000000 ) ) ;
#914 = VERTEX_POINT ( 'NONE', #1765 ) ;
#915 = DIRECTION ( 'NONE',  ( -1.000000000000000000, 0.000000000000000000, 0.000000000000000000 ) ) ;
#916 = CARTESIAN_POINT ( 'NONE',  ( 3.970768828324958033, 0.1245797572827136435, -0.9891277514327988518 ) ) ;
#917 = DIRECTION ( 'NONE',  ( 1.000000000000000000, -0.000000000000000000, 0.000000000000000000 ) ) ;
#918 = EDGE_LOOP ( 'NONE', ( #831, #631, #1264, #312 ) ) ;
#919 = FACE_OUTER_BOUND ( 'NONE', #74, .T. ) ;
#920 = PLANE ( 'NONE',  #1661 ) ;
#921 = CIRCLE ( 'NONE', #1831, 0.1049999999999999684 ) ;
#922 = DIRECTION ( 'NONE',  ( 0.000000000000000000, 1.000000000000000000, 0.000000000000000000 ) ) ;
#923 = EDGE_CURVE ( 'NONE', #227, #938, #676, .T. ) ;
#924 = PRODUCT_RELATED_PRODUCT_CATEGORY ( 'part', '', ( #1647 ) ) ;
#925 = ORIENTED_EDGE ( 'NONE', *, *, #1097, .F. ) ;
#926 = DIRECTION ( 'NONE',  ( -1.000000000000000000, -0.000000000000000000, -0.000000000000000000 ) ) ;
#927 = CARTESIAN_POINT ( 'NONE',  ( 0.2420460778491383691, 0.002816877264351445864, -0.8508619148140437183 ) ) ;
#928 = LINE ( 'NONE', #1091, #1534 ) ;
#929 = VERTEX_POINT ( 'NONE', #1754 ) ;
#930 = LINE ( 'NONE', #656, #1742 ) ;
#931 = DIRECTION ( 'NONE',  ( -1.000000000000000000, 2.731847993664265684E-16, 0.000000000000000000 ) ) ;
#932 = CARTESIAN_POINT ( 'NONE',  ( 0.7825000000000007505, 0.1250000000000000278, 2.731847993664263218E-16 ) ) ;
#933 = ADVANCED_FACE ( 'NONE', ( #977 ), #1811, .F. ) ;
#934 = VERTEX_POINT ( 'NONE', #1366 ) ;
#935 = LINE ( 'NONE', #1395, #1444 ) ;
#936 = FACE_OUTER_BOUND ( 'NONE', #695, .T. ) ;
#937 = PLANE ( 'NONE',  #599 ) ;
#938 = VERTEX_POINT ( 'NONE', #1822 ) ;
#939 = CARTESIAN_POINT ( 'NONE',  ( -0.1875000000000001943, 1.929999999999999938, -0.8125000000000006661 ) ) ;
#940 = CARTESIAN_POINT ( 'NONE',  ( 0.2485271245752533886, 0.04721576198693035187, -0.9369295552964755913 ) ) ;
#941 = VECTOR ( 'NONE', #205, 39.37007874015748143 ) ;
#942 = CARTESIAN_POINT ( 'NONE',  ( 3.844999999999998863, 0.5549999999999997158, -1.000000000000000000 ) ) ;
#943 = B_SPLINE_CURVE_WITH_KNOTS ( 'NONE', 3,
 ( #511, #1854, #339, #956, #1731, #14, #1271, #1549, #665, #777, #33, #786, #1540, #148, #1120, #166, #489, #1867, #1241, #1427, #1721, #1406, #1110, #1743, #351, #1397, #1579, #768, #1388, #1262, #643, #623, #330, #927, #1253, #2011 ),
 .UNSPECIFIED., .F., .F.,
 ( 4, 2, 2, 2, 2, 2, 2, 2, 2, 2, 2, 2, 2, 2, 2, 2, 2, 4 ),
 ( 0.000000000000000000, 0.2500000000000000000, 0.3750000000000000000, 0.4375000000000000000, 0.4687500000000000000, 0.4843750000000000000, 0.4921875000000000000, 0.4960937500000000000, 0.4980468750000000000, 0.5000000000000000000, 0.6250000000000000000, 0.6875000000000000000, 0.7187500000000000000, 0.7343750000000000000, 0.7421875000000000000, 0.7500000000000000000, 0.8750000000000000000, 1.000000000000000000 ),
 .UNSPECIFIED. ) ;
#944 = EDGE_LOOP ( 'NONE', ( #336, #578, #1694, #1430 ) ) ;
#945 = DIRECTION ( 'NONE',  ( 0.000000000000000000, 0.000000000000000000, 1.000000000000000000 ) ) ;
#946 = EDGE_CURVE ( 'NONE', #168, #227, #1067, .T. ) ;
#947 = CARTESIAN_POINT ( 'NONE',  ( 4.377500000000002167, 1.929999999999999938, -1.613441426694876040E-14 ) ) ;
#948 = VECTOR ( 'NONE', #141, 39.37007874015748143 ) ;
#949 = CARTESIAN_POINT ( 'NONE',  ( 4.189999999999999503, 0.1249999999999999029, -0.8124999999999997780 ) ) ;
#950 = EDGE_LOOP ( 'NONE', ( #748, #594, #234, #711, #362, #1698, #1572 ) ) ;
#951 = DIRECTION ( 'NONE',  ( 0.000000000000000000, 0.000000000000000000, -1.000000000000000000 ) ) ;
#952 = CARTESIAN_POINT ( 'NONE',  ( 0.2420460778491383691, 0.002816877264351445864, -0.8508619148140437183 ) ) ;
#953 = DIRECTION ( 'NONE',  ( 0.000000000000000000, -1.000000000000000000, 0.000000000000000000 ) ) ;
#954 = ORIENTED_EDGE ( 'NONE', *, *, #1533, .T. ) ;
#955 = DIRECTION ( 'NONE',  ( 0.000000000000000000, 0.000000000000000000, 1.000000000000000000 ) ) ;
#956 = CARTESIAN_POINT ( 'NONE',  ( 0.1869225869946205820, 0.1620381309823772931, -0.9983376171401404653 ) ) ;
#957 = VERTEX_POINT ( 'NONE', #1122 ) ;
#958 = VERTEX_POINT ( 'NONE', #288 ) ;
#959 = ADVANCED_FACE ( 'NONE', ( #433 ), #456, .F. ) ;
#960 = FACE_OUTER_BOUND ( 'NONE', #808, .T. ) ;
#961 = CARTESIAN_POINT ( 'NONE',  ( 0.2184570887847863963, 0.1257852652664664117, -0.9895525365644379789 ) ) ;
#962 = AXIS2_PLACEMENT_3D ( 'NONE', #472, #46, #313 ) ;
#963 = AXIS2_PLACEMENT_3D ( 'NONE', #1691, #574, #269 ) ;
#964 = DIRECTION ( 'NONE',  ( 0.000000000000000000, 0.000000000000000000, -1.000000000000000000 ) ) ;
#965 = ORIENTED_EDGE ( 'NONE', *, *, #287, .F. ) ;
#966 = CARTESIAN_POINT ( 'NONE',  ( -0.06250000000000305311, 0.000000000000000000, -1.569797909959337031E-14 ) ) ;
#967 =( CONVERSION_BASED_UNIT ( 'INCH', #1910 ) LENGTH_UNIT ( ) NAMED_UNIT ( #304 ) );
#968 = ORIENTED_EDGE ( 'NONE', *, *, #219, .F. ) ;
#969 = CARTESIAN_POINT ( 'NONE',  ( -0.1875000000000011657, 0.5000000000000000000, -0.5000000000000005551 ) ) ;
#970 = CARTESIAN_POINT ( 'NONE',  ( 0.2477559867721227382, 0.05221813074525356174, -0.9424214859662816135 ) ) ;
#971 = ADVANCED_FACE ( 'NONE', ( #1834 ), #1960, .T. ) ;
#972 = DIRECTION ( 'NONE',  ( 0.000000000000000000, 1.000000000000000000, 0.000000000000000000 ) ) ;
#973 = AXIS2_PLACEMENT_3D ( 'NONE', #1249, #1749, #356 ) ;
#974 = ORIENTED_EDGE ( 'NONE', *, *, #1570, .T. ) ;
#975 = DIRECTION ( 'NONE',  ( 1.000000000000000000, 0.000000000000000000, 0.000000000000000000 ) ) ;
#976 = ORIENTED_EDGE ( 'NONE', *, *, #1154, .F. ) ;
#977 = FACE_OUTER_BOUND ( 'NONE', #1612, .T. ) ;
#978 = CARTESIAN_POINT ( 'NONE',  ( 0.2039823515422738986, 0.1454055826255708228, -0.9952486425714351936 ) ) ;
#979 = ORIENTED_EDGE ( 'NONE', *, *, #1885, .T. ) ;
#980 = DIRECTION ( 'NONE',  ( 1.306329362180163628E-15, -0.9372430515208994839, 0.3486767304765153730 ) ) ;
#981 = VERTEX_POINT ( 'NONE', #117 ) ;
#982 = ADVANCED_FACE ( 'NONE', ( #1357 ), #278, .T. ) ;
#983 = AXIS2_PLACEMENT_3D ( 'NONE', #1044, #1176, #1958 ) ;
#984 = AXIS2_PLACEMENT_3D ( 'NONE', #11, #1538, #455 ) ;
#985 = DIRECTION ( 'NONE',  ( 0.000000000000000000, 1.000000000000000000, 0.000000000000000000 ) ) ;
#986 = ORIENTED_EDGE ( 'NONE', *, *, #636, .F. ) ;
#987 = FACE_OUTER_BOUND ( 'NONE', #1162, .T. ) ;
#988 = CARTESIAN_POINT ( 'NONE',  ( 3.942811095786758369, 0.1464729272363260726, -0.8600321999431940201 ) ) ;
#989 = ORIENTED_EDGE ( 'NONE', *, *, #1009, .T. ) ;
#990 = DIRECTION ( 'NONE',  ( -1.000000000000000000, 0.000000000000000000, 3.491481338843132961E-15 ) ) ;
#991 = DIRECTION ( 'NONE',  ( 0.000000000000000000, 0.000000000000000000, 1.000000000000000000 ) ) ;
#992 = ORIENTED_EDGE ( 'NONE', *, *, #229, .T. ) ;
#993 = EDGE_CURVE ( 'NONE', #490, #490, #1326, .T. ) ;
#994 = DIRECTION ( 'NONE',  ( 0.000000000000000000, 0.000000000000000000, 1.000000000000000000 ) ) ;
#995 = EDGE_LOOP ( 'NONE', ( #850, #796, #1270, #976 ) ) ;
#996 = CARTESIAN_POINT ( 'NONE',  ( 3.939800866430623660, 0.01738148662770593392, -0.8939625276102015627 ) ) ;
#997 = CARTESIAN_POINT ( 'NONE',  ( 0.2505594346632176173, 0.1334818290013985442, -0.8448160034317920841 ) ) ;
#998 = EDGE_LOOP ( 'NONE', ( #1060, #1623, #671, #1082, #1673, #436, #1507 ) ) ;
#999 = LINE ( 'NONE', #1610, #1075 ) ;
#1000 = PRODUCT_DEFINITION_CONTEXT ( 'detailed design', #861, 'design' ) ;
#1001 = LINE ( 'NONE', #1653, #338 ) ;
#1002 = DIRECTION ( 'NONE',  ( -3.746534391311064499E-15, 0.000000000000000000, -1.000000000000000000 ) ) ;
#1003 = AXIS2_PLACEMENT_3D ( 'NONE', #572, #1790, #398 ) ;
#1004 = CARTESIAN_POINT ( 'NONE',  ( 3.970613471775676029, 0.1243313022028346287, -0.9890390475074897214 ) ) ;
#1005 = EDGE_CURVE ( 'NONE', #1722, #1722, #90, .T. ) ;
#1006 = VECTOR ( 'NONE', #506, 39.37007874015748143 ) ;
#1007 = VERTEX_POINT ( 'NONE', #1898 ) ;
#1008 = CARTESIAN_POINT ( 'NONE',  ( 3.962068935904499600, 0.1097431917629034942, -0.9831708272388215430 ) ) ;
#1009 = EDGE_CURVE ( 'NONE', #840, #1172, #943, .T. ) ;
#1010 = DIRECTION ( 'NONE',  ( 1.000000000000000000, 0.000000000000000000, -3.713525943768164663E-15 ) ) ;
#1011 = AXIS2_PLACEMENT_3D ( 'NONE', #683, #1293, #1900 ) ;
#1012 = ORIENTED_EDGE ( 'NONE', *, *, #1771, .F. ) ;
#1013 = DIRECTION ( 'NONE',  ( -1.000000000000000000, 0.000000000000000000, -0.000000000000000000 ) ) ;
#1014 = VERTEX_POINT ( 'NONE', #1090 ) ;
#1015 = AXIS2_PLACEMENT_3D ( 'NONE', #458, #2012, #880 ) ;
#1016 = CARTESIAN_POINT ( 'NONE',  ( -0.1875000000000006939, 1.929999999999999938, -0.6250000000000004441 ) ) ;
#1017 = AXIS2_PLACEMENT_3D ( 'NONE', #381, #994, #975 ) ;
#1018 = ORIENTED_EDGE ( 'NONE', *, *, #1734, .T. ) ;
#1019 = DIRECTION ( 'NONE',  ( -1.000000000000000000, 0.000000000000000000, 3.746534391311064499E-15 ) ) ;
#1020 = CARTESIAN_POINT ( 'NONE',  ( 3.950914359734035042, 0.1538472886380019000, -0.8652523952132500362 ) ) ;
#1021 = EDGE_CURVE ( 'NONE', #1277, #1439, #188, .T. ) ;
#1022 = ORIENTED_EDGE ( 'NONE', *, *, #923, .F. ) ;
#1023 = SURFACE_SIDE_STYLE ('',( #1163 ) ) ;
#1024 = CARTESIAN_POINT ( 'NONE',  ( 4.377500000000002167, 0.2500000000000000555, -1.791547036763400177E-14 ) ) ;
#1025 = VERTEX_POINT ( 'NONE', #499 ) ;
#1026 = DIRECTION ( 'NONE',  ( 3.740029991326075335E-15, 0.000000000000000000, -1.000000000000000000 ) ) ;
#1027 = CARTESIAN_POINT ( 'NONE',  ( 3.970613471775676029, 0.1664437674009448809, -0.8713463491691632035 ) ) ;
#1028 = CARTESIAN_POINT ( 'NONE',  ( 0.2276364604835197925, 0.000000000000000000, -0.8124999999999998890 ) ) ;
#1029 = ORIENTED_EDGE ( 'NONE', *, *, #1384, .F. ) ;
#1030 = CARTESIAN_POINT ( 'NONE',  ( 0.1249999999999999029, 0.1875000000000003886, -1.000000000000000000 ) ) ;
#1031 = DIRECTION ( 'NONE',  ( -1.000000000000000000, 0.000000000000000000, 3.491481338843132961E-15 ) ) ;
#1032 = EDGE_CURVE ( 'NONE', #189, #189, #1483, .T. ) ;
#1033 = ORIENTED_EDGE ( 'NONE', *, *, #1446, .T. ) ;
#1034 = FACE_OUTER_BOUND ( 'NONE', #553, .T. ) ;
#1035 = CARTESIAN_POINT ( 'NONE',  ( 0.7824999999999996403, 0.1250000000000000278, 2.731847993664263218E-16 ) ) ;
#1036 = LINE ( 'NONE', #270, #701 ) ;
#1037 = VERTEX_POINT ( 'NONE', #1079 ) ;
#1038 = CARTESIAN_POINT ( 'NONE',  ( -0.1875000000000030531, 0.1249999999999993477, -1.792026232680667469E-14 ) ) ;
#1039 = DIRECTION ( 'NONE',  ( 0.000000000000000000, -0.000000000000000000, 1.000000000000000000 ) ) ;
#1040 =( NAMED_UNIT ( * ) SI_UNIT ( $, .STERADIAN. ) SOLID_ANGLE_UNIT ( ) );
#1041 = CARTESIAN_POINT ( 'NONE',  ( 0.2360322754603608741, 0.1249999999999999167, -0.8187294579215503854 ) ) ;
#1042 = VECTOR ( 'NONE', #595, 39.37007874015748143 ) ;
#1043 = EDGE_CURVE ( 'NONE', #1884, #1815, #1, .T. ) ;
#1044 = CARTESIAN_POINT ( 'NONE',  ( 4.189999999999999503, 1.929999999999999938, -0.8750000000000000000 ) ) ;
#1045 = CARTESIAN_POINT ( 'NONE',  ( 3.970149104869022505, 0.1661953613451618850, -0.8712570705447875152 ) ) ;
#1046 = DIRECTION ( 'NONE',  ( 0.000000000000000000, 0.000000000000000000, 1.000000000000000000 ) ) ;
#1047 = VECTOR ( 'NONE', #652, 39.37007874015748143 ) ;
#1048 = ORIENTED_EDGE ( 'NONE', *, *, #1708, .F. ) ;
#1049 = CARTESIAN_POINT ( 'NONE',  ( 0.9074999999999995293, 0.000000000000000000, -0.1250000000000001110 ) ) ;
#1050 = CARTESIAN_POINT ( 'NONE',  ( -0.1875000000000008604, 1.929999999999999938, -0.6250000000000004441 ) ) ;
#1051 = CARTESIAN_POINT ( 'NONE',  ( 0.2162233774880355508, 0.1680817888133680216, -0.8719089109971001061 ) ) ;
#1052 = ORIENTED_EDGE ( 'NONE', *, *, #1436, .T. ) ;
#1053 = CARTESIAN_POINT ( 'NONE',  ( -0.1875000000000030531, 0.2500000000000000555, -1.789360435850092556E-14 ) ) ;
#1054 = AXIS2_PLACEMENT_3D ( 'NONE', #813, #780, #1552 ) ;
#1055 = EDGE_CURVE ( 'NONE', #1322, #1390, #310, .T. ) ;
#1056 = CIRCLE ( 'NONE', #2007, 0.1250000000000000278 ) ;
#1057 = DIRECTION ( 'NONE',  ( -1.000000000000000000, 0.000000000000000000, -3.713525943768164663E-15 ) ) ;
#1058 = DIRECTION ( 'NONE',  ( 0.000000000000000000, -1.000000000000000000, 0.000000000000000000 ) ) ;
#1059 = B_SPLINE_CURVE_WITH_KNOTS ( 'NONE', 3,
 ( #258, #878, #1495, #1346 ),
 .UNSPECIFIED., .F., .F.,
 ( 4, 4 ),
 ( 0.000000000000000000, 1.000000000000000000 ),
 .UNSPECIFIED. ) ;
#1060 = ORIENTED_EDGE ( 'NONE', *, *, #419, .F. ) ;
#1061 = DIRECTION ( 'NONE',  ( 0.000000000000000000, 0.000000000000000000, -1.000000000000000000 ) ) ;
#1062 = DIRECTION ( 'NONE',  ( 1.000000000000000000, 0.000000000000000000, -0.000000000000000000 ) ) ;
#1063 = DIRECTION ( 'NONE',  ( 0.000000000000000000, -1.000000000000000000, 0.000000000000000000 ) ) ;
#1064 = EDGE_LOOP ( 'NONE', ( #1394 ) ) ;
#1065 = CARTESIAN_POINT ( 'NONE',  ( 3.282499999999999751, 0.000000000000000000, -0.1249999999999995559 ) ) ;
#1066 = VECTOR ( 'NONE', #1002, 39.37007874015748143 ) ;
#1067 = LINE ( 'NONE', #1035, #350 ) ;
#1068 = DIRECTION ( 'NONE',  ( -0.000000000000000000, -0.000000000000000000, 1.000000000000000000 ) ) ;
#1069 = ORIENTED_EDGE ( 'NONE', *, *, #165, .F. ) ;
#1070 = ADVANCED_FACE ( 'NONE', ( #1711, #936 ), #1888, .F. ) ;
#1071 = ADVANCED_FACE ( 'NONE', ( #798 ), #1416, .T. ) ;
#1072 = CARTESIAN_POINT ( 'NONE',  ( 0.2500000000000008882, 0.000000000000000000, 2.731847993664263218E-16 ) ) ;
#1073 = CARTESIAN_POINT ( 'NONE',  ( 4.377500000000002167, 0.1249999999999993477, -1.792026232680667469E-14 ) ) ;
#1074 = CARTESIAN_POINT ( 'NONE',  ( 0.2420460778491383691, 0.1259389590881171417, -0.8252873049380146098 ) ) ;
#1075 = VECTOR ( 'NONE', #1470, 39.37007874015748143 ) ;
#1076 = ORIENTED_EDGE ( 'NONE', *, *, #1032, .F. ) ;
#1077 = DIRECTION ( 'NONE',  ( 0.000000000000000000, 1.000000000000000000, 0.000000000000000000 ) ) ;
#1078 = AXIS2_PLACEMENT_3D ( 'NONE', #170, #1563, #1872 ) ;
#1079 = CARTESIAN_POINT ( 'NONE',  ( -0.06250000000000258127, 0.000000000000000000, -0.1250000000000167921 ) ) ;
#1080 = CARTESIAN_POINT ( 'NONE',  ( 2.199999999999999289, 1.554999999999999716, -0.8750000000000000000 ) ) ;
#1081 = DIMENSIONAL_EXPONENTS ( 1.000000000000000000, 0.000000000000000000, 0.000000000000000000, 0.000000000000000000, 0.000000000000000000, 0.000000000000000000, 0.000000000000000000 ) ;
#1082 = ORIENTED_EDGE ( 'NONE', *, *, #1409, .F. ) ;
#1083 = DIRECTION ( 'NONE',  ( -3.902639990948948244E-15, 0.000000000000000000, 1.000000000000000000 ) ) ;
#1084 = FACE_BOUND ( 'NONE', #1453, .T. ) ;
#1085 = EDGE_CURVE ( 'NONE', #332, #280, #42, .T. ) ;
#1086 = AXIS2_PLACEMENT_3D ( 'NONE', #1669, #758, #400 ) ;
#1087 = CARTESIAN_POINT ( 'NONE',  ( 0.000000000000000000, 0.1875000000000005551, 0.1643639382198951449 ) ) ;
#1088 = VERTEX_POINT ( 'NONE', #1773 ) ;
#1089 = CARTESIAN_POINT ( 'NONE',  ( -0.1875000000000024147, 0.000000000000000000, -0.1250000000000172362 ) ) ;
#1090 = CARTESIAN_POINT ( 'NONE',  ( -5.591014523239707833E-18, 1.929999999999999938, -0.8749999999999997780 ) ) ;
#1091 = CARTESIAN_POINT ( 'NONE',  ( 3.282499999999999751, 0.000000000000000000, 2.731847993664263218E-16 ) ) ;
#1092 = AXIS2_PLACEMENT_3D ( 'NONE', #838, #222, #1466 ) ;
#1093 = ORIENTED_EDGE ( 'NONE', *, *, #16, .T. ) ;
#1094 = CARTESIAN_POINT ( 'NONE',  ( 4.189999999999999503, 1.929999999999999938, -0.8750000000000000000 ) ) ;
#1095 = CARTESIAN_POINT ( 'NONE',  ( 0.2505594346632176173, 0.02544548700419566045, -0.9094480102953760303 ) ) ;
#1096 = CARTESIAN_POINT ( 'NONE',  ( 0.7824999999999996403, 0.000000000000000000, 2.731847993664263218E-16 ) ) ;
#1097 = EDGE_CURVE ( 'NONE', #958, #1606, #1761, .T. ) ;
#1098 = ORIENTED_EDGE ( 'NONE', *, *, #823, .F. ) ;
#1099 = EDGE_CURVE ( 'NONE', #779, #981, #53, .T. ) ;
#1100 = DIRECTION ( 'NONE',  ( -0.000000000000000000, -1.000000000000000000, -0.000000000000000000 ) ) ;
#1101 = DIRECTION ( 'NONE',  ( 0.000000000000000000, 0.000000000000000000, 1.000000000000000000 ) ) ;
#1102 = CARTESIAN_POINT ( 'NONE',  ( 2.199999999999999289, 0.5549999999999997158, -1.000000000000000000 ) ) ;
#1103 = EDGE_LOOP ( 'NONE', ( #253 ) ) ;
#1104 = CARTESIAN_POINT ( 'NONE',  ( 3.798750000000001847, 0.1250000000000000278, 0.3912499999999998757 ) ) ;
#1105 = CARTESIAN_POINT ( 'NONE',  ( 0.2278474831056232219, 0.1108597033148039090, -0.9843282439441338738 ) ) ;
#1106 = CARTESIAN_POINT ( 'NONE',  ( 0.7825000000000007505, 0.000000000000000000, 2.731847993664263218E-16 ) ) ;
#1107 = EDGE_LOOP ( 'NONE', ( #531 ) ) ;
#1108 = LINE ( 'NONE', #1065, #439 ) ;
#1109 = ADVANCED_FACE ( 'NONE', ( #85 ), #1282, .T. ) ;
#1110 = CARTESIAN_POINT ( 'NONE',  ( 0.2448009243919968825, 0.06614634494737832437, -0.9557541093064213511 ) ) ;
#1111 = AXIS2_PLACEMENT_3D ( 'NONE', #1980, #2014, #416 ) ;
#1112 = VERTEX_POINT ( 'NONE', #1242 ) ;
#1113 = ORIENTED_EDGE ( 'NONE', *, *, #743, .F. ) ;
#1114 = CARTESIAN_POINT ( 'NONE',  ( 4.252499999999998614, 0.000000000000000000, -0.8125000000000001110 ) ) ;
#1115 = CARTESIAN_POINT ( 'NONE',  ( 0.2169076238923961508, 0.1281965087131213821, -0.9903753714008940445 ) ) ;
#1116 = ORIENTED_EDGE ( 'NONE', *, *, #1021, .F. ) ;
#1117 = LINE ( 'NONE', #60, #1529 ) ;
#1118 = AXIS2_PLACEMENT_3D ( 'NONE', #417, #537, #264 ) ;
#1119 = ORIENTED_EDGE ( 'NONE', *, *, #2, .T. ) ;
#1120 = CARTESIAN_POINT ( 'NONE',  ( 0.2179286309410022326, 0.1266171874515069351, -0.9898403835953625274 ) ) ;
#1121 = EDGE_CURVE ( 'NONE', #1583, #1634, #1938, .T. ) ;
#1122 = CARTESIAN_POINT ( 'NONE',  ( -0.06250000000000091593, 0.5000000000000000000, -0.6050000000000000933 ) ) ;
#1123 = EDGE_LOOP ( 'NONE', ( #1597, #824, #347, #1971 ) ) ;
#1124 = DIRECTION ( 'NONE',  ( -2.649199874044667512E-15, -0.7071067811865475727, -0.7071067811865474617 ) ) ;
#1125 = DIRECTION ( 'NONE',  ( 2.649199874044667512E-15, 0.7071067811865475727, 0.7071067811865474617 ) ) ;
#1126 = PRODUCT_DEFINITION_SHAPE ( 'NONE', 'NONE',  #662 ) ;
#1127 = VECTOR ( 'NONE', #1877, 39.37007874015748143 ) ;
#1128 = DIRECTION ( 'NONE',  ( 0.000000000000000000, 0.000000000000000000, 1.000000000000000000 ) ) ;
#1129 = ORIENTED_EDGE ( 'NONE', *, *, #1043, .F. ) ;
#1130 = CARTESIAN_POINT ( 'NONE',  ( 4.189999999999999503, 0.000000000000000000, -0.5325000000000000844 ) ) ;
#1131 = ORIENTED_EDGE ( 'NONE', *, *, #1771, .T. ) ;
#1132 = CARTESIAN_POINT ( 'NONE',  ( 3.938228614456750876, 0.02715151173149096819, -0.9115782612456388989 ) ) ;
#1133 = CARTESIAN_POINT ( 'NONE',  ( 0.1869225869946205820, 0.1620381309823772931, -0.9983376171401404653 ) ) ;
#1134 = ADVANCED_FACE ( 'NONE', ( #1138, #856 ), #1329, .T. ) ;
#1135 = EDGE_LOOP ( 'NONE', ( #870 ) ) ;
#1136 = CARTESIAN_POINT ( 'NONE',  ( 4.252499999999998614, 1.929999999999999938, -0.8125000000000001110 ) ) ;
#1137 = ORIENTED_EDGE ( 'NONE', *, *, #390, .F. ) ;
#1138 = FACE_BOUND ( 'NONE', #1345, .T. ) ;
#1139 = ORIENTED_EDGE ( 'NONE', *, *, #2010, .T. ) ;
#1140 = LINE ( 'NONE', #1952, #554 ) ;
#1141 = CARTESIAN_POINT ( 'NONE',  ( 3.938228614456749543, 0.1340505039104969431, -0.8455260870818795960 ) ) ;
#1142 = ORIENTED_EDGE ( 'NONE', *, *, #1518, .F. ) ;
#1143 = DIRECTION ( 'NONE',  ( -3.746534391311064499E-15, -0.000000000000000000, 1.000000000000000000 ) ) ;
#1144 = EDGE_CURVE ( 'NONE', #1037, #1798, #710, .T. ) ;
#1145 = VERTEX_POINT ( 'NONE', #368 ) ;
#1146 = VECTOR ( 'NONE', #835, 39.37007874015748143 ) ;
#1147 = CARTESIAN_POINT ( 'NONE',  ( 0.000000000000000000, 0.1875000000000006661, -0.8124999999999998890 ) ) ;
#1148 = ORIENTED_EDGE ( 'NONE', *, *, #1371, .F. ) ;
#1149 = CARTESIAN_POINT ( 'NONE',  ( -0.06250000000000305311, 1.929999999999999938, -1.569797909959337031E-14 ) ) ;
#1150 = CARTESIAN_POINT ( 'NONE',  ( 3.997634369989387704, 0.1785435064113601866, -0.8744542125261550725 ) ) ;
#1151 = ORIENTED_EDGE ( 'NONE', *, *, #524, .T. ) ;
#1152 = VECTOR ( 'NONE', #802, 39.37007874015748143 ) ;
#1153 = CARTESIAN_POINT ( 'NONE',  ( -0.1875000000000006939, 1.929999999999999938, -0.6250000000000004441 ) ) ;
#1154 = EDGE_CURVE ( 'NONE', #185, #1025, #565, .T. ) ;
#1155 = ORIENTED_EDGE ( 'NONE', *, *, #1055, .F. ) ;
#1156 = ADVANCED_FACE ( 'NONE', ( #1908 ), #681, .T. ) ;
#1157 = EDGE_CURVE ( 'NONE', #1634, #1419, #522, .T. ) ;
#1158 = CARTESIAN_POINT ( 'NONE',  ( 3.954196650044684791, 0.09416881187076718562, -0.9753550800919448260 ) ) ;
#1159 = ORIENTED_EDGE ( 'NONE', *, *, #672, .F. ) ;
#1160 = DIRECTION ( 'NONE',  ( 0.000000000000000000, 0.000000000000000000, -1.000000000000000000 ) ) ;
#1161 = CARTESIAN_POINT ( 'NONE',  ( 0.2420460778491383691, 0.1259389590881171417, -0.8252873049380146098 ) ) ;
#1162 = EDGE_LOOP ( 'NONE', ( #1620, #556, #121, #136 ) ) ;
#1163 = SURFACE_STYLE_FILL_AREA ( #217 ) ;
#1164 = DIRECTION ( 'NONE',  ( 0.000000000000000000, 0.000000000000000000, 1.000000000000000000 ) ) ;
#1165 = STYLED_ITEM ( 'NONE', ( #305 ), #747 ) ;
#1166 = EDGE_LOOP ( 'NONE', ( #1294, #1856, #1142, #884 ) ) ;
#1167 = CARTESIAN_POINT ( 'NONE',  ( 3.942811095786759257, 0.06441878170897820388, -0.9550965998295821713 ) ) ;
#1168 = EDGE_CURVE ( 'NONE', #646, #890, #411, .T. ) ;
#1169 = ORIENTED_EDGE ( 'NONE', *, *, #1886, .F. ) ;
#1170 = DIRECTION ( 'NONE',  ( 0.000000000000000000, 1.000000000000000000, 0.000000000000000000 ) ) ;
#1171 = CARTESIAN_POINT ( 'NONE',  ( 3.962363539516478905, 0.1250000000000000278, -0.8124999999999998890 ) ) ;
#1172 = VERTEX_POINT ( 'NONE', #126 ) ;
#1173 = FACE_BOUND ( 'NONE', #59, .T. ) ;
#1174 = CIRCLE ( 'NONE', #1078, 0.1049999999999998296 ) ;
#1175 = FACE_OUTER_BOUND ( 'NONE', #1251, .T. ) ;
#1176 = DIRECTION ( 'NONE',  ( -0.000000000000000000, 1.000000000000000000, 0.000000000000000000 ) ) ;
#1177 = CIRCLE ( 'NONE', #1086, 0.1874999999999999722 ) ;
#1178 = EDGE_CURVE ( 'NONE', #934, #454, #1832, .T. ) ;
#1179 = CARTESIAN_POINT ( 'NONE',  ( 4.028836294127762230, 0.1815869992115622944, -1.000201692762558991 ) ) ;
#1180 = LINE ( 'NONE', #1628, #542 ) ;
#1181 = EDGE_LOOP ( 'NONE', ( #163 ) ) ;
#1182 = DIRECTION ( 'NONE',  ( 1.000000000000000000, 0.000000000000000000, 0.000000000000000000 ) ) ;
#1183 = FACE_OUTER_BOUND ( 'NONE', #221, .T. ) ;
#1184 = VERTEX_POINT ( 'NONE', #1654 ) ;
#1185 = VERTEX_POINT ( 'NONE', #1524 ) ;
#1186 = VECTOR ( 'NONE', #182, 39.37007874015748143 ) ;
#1187 = CARTESIAN_POINT ( 'NONE',  ( 0.9074999999999995293, 0.000000000000000000, 2.731847993664263218E-16 ) ) ;
#1188 = CARTESIAN_POINT ( 'NONE',  ( 3.962068935904499600, 0.1615810639209678545, -0.8693902757462738107 ) ) ;
#1189 = DIRECTION ( 'NONE',  ( 0.000000000000000000, 0.000000000000000000, 1.000000000000000000 ) ) ;
#1190 = ORIENTED_EDGE ( 'NONE', *, *, #1359, .T. ) ;
#1191 = CARTESIAN_POINT ( 'NONE',  ( 0.1250000000000009992, 0.1875000000000002498, -0.8750000000000000000 ) ) ;
#1192 = FACE_OUTER_BOUND ( 'NONE', #262, .T. ) ;
#1193 = EDGE_CURVE ( 'NONE', #1498, #1815, #904, .T. ) ;
#1194 = EDGE_CURVE ( 'NONE', #1634, #890, #1967, .T. ) ;
#1195 = CARTESIAN_POINT ( 'NONE',  ( 0.2491377811453288349, 0.1391123285557295253, -0.8520674808054591320 ) ) ;
#1196 = CYLINDRICAL_SURFACE ( 'NONE', #274, 0.1049999999999999684 ) ;
#1197 = CIRCLE ( 'NONE', #1723, 0.06249999999999995143 ) ;
#1198 = CARTESIAN_POINT ( 'NONE',  ( 3.965402457129829195, 0.1635527719509194122, -0.8702346641910588820 ) ) ;
#1199 = FACE_OUTER_BOUND ( 'NONE', #239, .T. ) ;
#1200 = EDGE_LOOP ( 'NONE', ( #1169, #843, #925, #1312 ) ) ;
#1201 = CARTESIAN_POINT ( 'NONE',  ( 3.594999999999999307, 0.000000000000000000, -0.3449999999999998068 ) ) ;
#1202 = DIRECTION ( 'NONE',  ( -3.272366624345613234E-15, 0.3486767304765153730, 0.9372430515208994839 ) ) ;
#1203 = DIRECTION ( 'NONE',  ( 0.000000000000000000, 1.000000000000000000, 6.123233995736766036E-17 ) ) ;
#1204 = ADVANCED_FACE ( 'NONE', ( #1512 ), #432, .T. ) ;
#1205 = ORIENTED_EDGE ( 'NONE', *, *, #1885, .F. ) ;
#1206 = CARTESIAN_POINT ( 'NONE',  ( 0.9074999999999995293, 0.1250000000000000278, -0.1250000000000001110 ) ) ;
#1207 = CARTESIAN_POINT ( 'NONE',  ( -0.06250000000000005551, 1.929999999999999938, -0.8125000000000001110 ) ) ;
#1208 = DIRECTION ( 'NONE',  ( 0.000000000000000000, 0.000000000000000000, 1.000000000000000000 ) ) ;
#1209 = EDGE_LOOP ( 'NONE', ( #125 ) ) ;
#1210 = DIRECTION ( 'NONE',  ( -0.7071067811865460184, 0.000000000000000000, -0.7071067811865490160 ) ) ;
#1211 = FACE_BOUND ( 'NONE', #1448, .T. ) ;
#1212 = AXIS2_PLACEMENT_3D ( 'NONE', #551, #1779, #1632 ) ;
#1213 = VERTEX_POINT ( 'NONE', #256 ) ;
#1214 = PLANE ( 'NONE',  #1752 ) ;
#1215 = AXIS2_PLACEMENT_3D ( 'NONE', #763, #1382, #123 ) ;
#1216 = EDGE_CURVE ( 'NONE', #454, #168, #719, .T. ) ;
#1217 = VERTEX_POINT ( 'NONE', #1206 ) ;
#1218 = CARTESIAN_POINT ( 'NONE',  ( 3.094999999999999751, 0.1250000000000000278, -0.5324999999999999734 ) ) ;
#1219 = VECTOR ( 'NONE', #1880, 39.37007874015748143 ) ;
#1220 = EDGE_CURVE ( 'NONE', #1145, #779, #1177, .T. ) ;
#1221 = AXIS2_PLACEMENT_3D ( 'NONE', #759, #321, #157 ) ;
#1222 = CARTESIAN_POINT ( 'NONE',  ( 3.968926685369108309, 0.1655334256296975559, -0.8710136226570329709 ) ) ;
#1223 = DIRECTION ( 'NONE',  ( 1.000000000000000000, 0.000000000000000000, 0.000000000000000000 ) ) ;
#1224 = VERTEX_POINT ( 'NONE', #1218 ) ;
#1225 = LINE ( 'NONE', #281, #1897 ) ;
#1226 = CARTESIAN_POINT ( 'NONE',  ( -0.06250000000000005551, 0.000000000000000000, -0.8125000000000001110 ) ) ;
#1227 = CARTESIAN_POINT ( 'NONE',  ( 0.2182658384650754679, 0.1670290803309724403, -0.8715524651752927232 ) ) ;
#1228 = EDGE_LOOP ( 'NONE', ( #1298 ) ) ;
#1229 = CYLINDRICAL_SURFACE ( 'NONE', #1474, 0.1049999999999999684 ) ;
#1230 =( GEOMETRIC_REPRESENTATION_CONTEXT ( 3 ) GLOBAL_UNCERTAINTY_ASSIGNED_CONTEXT ( ( #70 ) ) GLOBAL_UNIT_ASSIGNED_CONTEXT ( ( #1839, #1521, #1040 ) ) REPRESENTATION_CONTEXT ( 'NONE', 'WORKASPACE' ) );
#1231 = CARTESIAN_POINT ( 'NONE',  ( 2.094999999999999307, 1.554999999999999716, -0.8750000000000000000 ) ) ;
#1232 = ADVANCED_FACE ( 'NONE', ( #2000 ), #886, .F. ) ;
#1233 = FACE_OUTER_BOUND ( 'NONE', #651, .T. ) ;
#1234 = ORIENTED_EDGE ( 'NONE', *, *, #636, .T. ) ;
#1235 = DIRECTION ( 'NONE',  ( -0.7071067811865490160, 0.000000000000000000, 0.7071067811865460184 ) ) ;
#1236 = DIRECTION ( 'NONE',  ( 0.000000000000000000, -0.9372430515208994839, 0.3486767304765153730 ) ) ;
#1237 = FACE_OUTER_BOUND ( 'NONE', #1281, .T. ) ;
#1238 = VERTEX_POINT ( 'NONE', #1016 ) ;
#1239 = CARTESIAN_POINT ( 'NONE',  ( 1.094999999999999751, 0.1250000000000000278, -0.5325000000000000844 ) ) ;
#1240 = VECTOR ( 'NONE', #1630, 39.37007874015748143 ) ;
#1241 = CARTESIAN_POINT ( 'NONE',  ( 0.2184570887847863963, 0.1257852652664664117, -0.9895525365644379789 ) ) ;
#1242 = CARTESIAN_POINT ( 'NONE',  ( 3.949999999999999289, 0.5549999999999997158, -0.8750000000000000000 ) ) ;
#1243 = AXIS2_PLACEMENT_3D ( 'NONE', #314, #1370, #293 ) ;
#1244 = ADVANCED_FACE ( 'NONE', ( #1034 ), #276, .F. ) ;
#1245 = ORIENTED_EDGE ( 'NONE', *, *, #787, .F. ) ;
#1246 = LINE ( 'NONE', #36, #867 ) ;
#1247 = AXIS2_PLACEMENT_3D ( 'NONE', #852, #1471, #1946 ) ;
#1248 = CARTESIAN_POINT ( 'NONE',  ( 0.2491297570836758513, 0.04234361890247557991, -0.9311906864469053913 ) ) ;
#1249 = CARTESIAN_POINT ( 'NONE',  ( 3.282499999999999751, -0.0003134842519685032951, -0.1249999999999995559 ) ) ;
#1250 = UNCERTAINTY_MEASURE_WITH_UNIT (LENGTH_MEASURE( 1.000000000000000082E-05 ), #967, 'distance_accuracy_value', 'NONE');
#1251 = EDGE_LOOP ( 'NONE', ( #604, #567, #655, #909 ) ) ;
#1252 = CARTESIAN_POINT ( 'NONE',  ( -0.1875000000000006939, 1.929999999999999938, -0.6250000000000004441 ) ) ;
#1253 = CARTESIAN_POINT ( 'NONE',  ( 0.2360262460740530921, -5.648449177184390123E-17, -0.8311749528608792792 ) ) ;
#1254 = CARTESIAN_POINT ( 'NONE',  ( 3.594999999999999307, 0.1250000000000000278, -0.4499999999999996225 ) ) ;
#1255 = ORIENTED_EDGE ( 'NONE', *, *, #1194, .T. ) ;
#1256 = DIRECTION ( 'NONE',  ( 0.000000000000000000, 1.000000000000000000, 0.000000000000000000 ) ) ;
#1257 = CARTESIAN_POINT ( 'NONE',  ( 0.2427456607629346064, 0.07342784219822795500, -0.9615796029172810622 ) ) ;
#1258 = CARTESIAN_POINT ( 'NONE',  ( 0.000000000000000000, 0.1874999999999999722, -1.000000000000000000 ) ) ;
#1259 = ADVANCED_FACE ( 'NONE', ( #590 ), #869, .F. ) ;
#1260 = ORIENTED_EDGE ( 'NONE', *, *, #208, .T. ) ;
#1261 = FACE_BOUND ( 'NONE', #1103, .T. ) ;
#1262 = CARTESIAN_POINT ( 'NONE',  ( 0.2492905142782194661, 0.04075350492074492764, -0.9292189796242305011 ) ) ;
#1263 = VERTEX_POINT ( 'NONE', #341 ) ;
#1264 = ORIENTED_EDGE ( 'NONE', *, *, #513, .T. ) ;
#1265 = DIRECTION ( 'NONE',  ( -0.000000000000000000, 1.000000000000000000, -0.000000000000000000 ) ) ;
#1266 = LINE ( 'NONE', #1287, #1311 ) ;
#1267 = AXIS2_PLACEMENT_3D ( 'NONE', #658, #7, #639 ) ;
#1268 = CARTESIAN_POINT ( 'NONE',  ( -0.06250000000000335842, 0.03039386559394756382, 0.08169871071651764460 ) ) ;
#1269 = EDGE_CURVE ( 'NONE', #150, #1914, #749, .T. ) ;
#1270 = ORIENTED_EDGE ( 'NONE', *, *, #1504, .T. ) ;
#1271 = CARTESIAN_POINT ( 'NONE',  ( 0.2071197414855314722, 0.1417007302357435605, -0.9943653791979580880 ) ) ;
#1272 = VECTOR ( 'NONE', #1323, 39.37007874015748143 ) ;
#1273 = VERTEX_POINT ( 'NONE', #1732 ) ;
#1274 = ORIENTED_EDGE ( 'NONE', *, *, #232, .F. ) ;
#1275 = DIRECTION ( 'NONE',  ( 1.000000000000000000, -0.000000000000000000, -3.713525943768164663E-15 ) ) ;
#1276 = CARTESIAN_POINT ( 'NONE',  ( 0.2039823515422738986, 0.1734685275418569039, -0.8734162141904784349 ) ) ;
#1277 = VERTEX_POINT ( 'NONE', #412 ) ;
#1278 = FACE_OUTER_BOUND ( 'NONE', #1451, .T. ) ;
#1279 = VECTOR ( 'NONE', #198, 39.37007874015748143 ) ;
#1280 = AXIS2_PLACEMENT_3D ( 'NONE', #128, #751, #1367 ) ;
#1281 = EDGE_LOOP ( 'NONE', ( #1113, #1289, #174, #1155 ) ) ;
#1282 = PLANE ( 'NONE',  #1017 ) ;
#1283 = EDGE_CURVE ( 'NONE', #957, #957, #1737, .T. ) ;
#1284 = EDGE_CURVE ( 'NONE', #1604, #890, #1059, .T. ) ;
#1285 = ORIENTED_EDGE ( 'NONE', *, *, #1734, .F. ) ;
#1286 = CARTESIAN_POINT ( 'NONE',  ( 4.189999999999999503, 0.1250000000000000278, 2.731847993664263218E-16 ) ) ;
#1287 = CARTESIAN_POINT ( 'NONE',  ( 4.189999999999999503, 0.1874999999999999722, -0.8750000000000000000 ) ) ;
#1288 = AXIS2_PLACEMENT_3D ( 'NONE', #1114, #1736, #344 ) ;
#1289 = ORIENTED_EDGE ( 'NONE', *, *, #1797, .T. ) ;
#1290 = PLANE ( 'NONE',  #973 ) ;
#1291 = ORIENTED_EDGE ( 'NONE', *, *, #390, .T. ) ;
#1292 = DIRECTION ( 'NONE',  ( 0.000000000000000000, 0.000000000000000000, -1.000000000000000000 ) ) ;
#1293 = DIRECTION ( 'NONE',  ( 0.000000000000000000, 0.000000000000000000, 1.000000000000000000 ) ) ;
#1294 = ORIENTED_EDGE ( 'NONE', *, *, #1795, .F. ) ;
#1295 = EDGE_CURVE ( 'NONE', #140, #1333, #1648, .T. ) ;
#1296 = DIRECTION ( 'NONE',  ( 0.000000000000000000, -1.000000000000000000, -0.000000000000000000 ) ) ;
#1297 = CARTESIAN_POINT ( 'NONE',  ( 0.2493564345768413126, 0.1383478478138849554, -0.8511074452601985474 ) ) ;
#1298 = ORIENTED_EDGE ( 'NONE', *, *, #993, .T. ) ;
#1299 = SURFACE_STYLE_USAGE ( .BOTH. , #1023 ) ;
#1300 = VECTOR ( 'NONE', #1893, 39.37007874015748143 ) ;
#1301 = CARTESIAN_POINT ( 'NONE',  ( 4.064999999999999503, 1.164363938219894923, -0.1250000000000001665 ) ) ;
#1302 = LINE ( 'NONE', #1646, #1066 ) ;
#1303 = CARTESIAN_POINT ( 'NONE',  ( 3.968325692066327903, 0.1206083585669311953, -0.9876653167805911071 ) ) ;
#1304 = B_SPLINE_CURVE_WITH_KNOTS ( 'NONE', 1,
 ( #821, #677 ),
 .UNSPECIFIED., .F., .F.,
 ( 2, 2 ),
 ( 0.000000000000000000, 1.000000000000000000 ),
 .UNSPECIFIED. ) ;
#1305 =( LENGTH_UNIT ( ) NAMED_UNIT ( * ) SI_UNIT ( $, .METRE. ) );
#1306 = EDGE_LOOP ( 'NONE', ( #834 ) ) ;
#1307 = DIRECTION ( 'NONE',  ( -1.000000000000000000, 0.000000000000000000, -0.000000000000000000 ) ) ;
#1308 = CARTESIAN_POINT ( 'NONE',  ( 3.971080676584322067, 0.1666922532671896995, -0.8714346706135397413 ) ) ;
#1309 = EDGE_CURVE ( 'NONE', #469, #469, #825, .T. ) ;
#1310 = PRESENTATION_LAYER_ASSIGNMENT (  '', '', ( #1344 ) ) ;
#1311 = VECTOR ( 'NONE', #1412, 39.37007874015748143 ) ;
#1312 = ORIENTED_EDGE ( 'NONE', *, *, #1557, .F. ) ;
#1313 = CARTESIAN_POINT ( 'NONE',  ( -0.1874999999999997780, 0.000000000000000000, -0.8750000000000003331 ) ) ;
#1314 = PLANE ( 'NONE',  #1212 ) ;
#1315 = ADVANCED_FACE ( 'NONE', ( #736, #1976 ), #1196, .F. ) ;
#1316 = ORIENTED_EDGE ( 'NONE', *, *, #1603, .F. ) ;
#1317 = VECTOR ( 'NONE', #926, 39.37007874015748143 ) ;
#1318 = CARTESIAN_POINT ( 'NONE',  ( 4.028836294127762230, 0.1815869992115622944, -1.000201692762558991 ) ) ;
#1319 = EDGE_LOOP ( 'NONE', ( #94 ) ) ;
#1320 = DIRECTION ( 'NONE',  ( 0.000000000000000000, 0.000000000000000000, 1.000000000000000000 ) ) ;
#1321 = CARTESIAN_POINT ( 'NONE',  ( 4.046091183441569150, 0.1873590164101194000, -0.8749999999999997780 ) ) ;
#1322 = VERTEX_POINT ( 'NONE', #175 ) ;
#1323 = DIRECTION ( 'NONE',  ( -0.000000000000000000, 1.000000000000000000, -0.000000000000000000 ) ) ;
#1324 = CIRCLE ( 'NONE', #248, 0.1049999999999999684 ) ;
#1325 = DIRECTION ( 'NONE',  ( -0.000000000000000000, -0.000000000000000000, -1.000000000000000000 ) ) ;
#1326 = CIRCLE ( 'NONE', #451, 0.1049999999999998296 ) ;
#1327 = ORIENTED_EDGE ( 'NONE', *, *, #682, .F. ) ;
#1328 = ADVANCED_FACE ( 'NONE', ( #337 ), #297, .F. ) ;
#1329 = PLANE ( 'NONE',  #1866 ) ;
#1330 = ORIENTED_EDGE ( 'NONE', *, *, #1168, .T. ) ;
#1331 = CARTESIAN_POINT ( 'NONE',  ( 3.594999999999999307, 0.1250000000000000278, -0.3449999999999998068 ) ) ;
#1332 = CARTESIAN_POINT ( 'NONE',  ( 0.2448009243919968825, 0.1470487816491261313, -0.8602513697688071170 ) ) ;
#1333 = VERTEX_POINT ( 'NONE', #632 ) ;
#1334 = CARTESIAN_POINT ( 'NONE',  ( 1.094999999999999751, -0.0003134842519685032951, -0.5325000000000000844 ) ) ;
#1335 = LINE ( 'NONE', #1925, #1703 ) ;
#1336 = EDGE_LOOP ( 'NONE', ( #218, #1992, #1926, #480 ) ) ;
#1337 = ADVANCED_FACE ( 'NONE', ( #1876, #488, #1386 ), #147, .F. ) ;
#1338 = DIRECTION ( 'NONE',  ( 0.000000000000000000, -1.000000000000000000, -0.000000000000000000 ) ) ;
#1339 = CARTESIAN_POINT ( 'NONE',  ( 3.970613471775676029, 0.1243313022028346287, -0.9890390475074897214 ) ) ;
#1340 = VECTOR ( 'NONE', #1778, 39.37007874015748143 ) ;
#1341 = CARTESIAN_POINT ( 'NONE',  ( 0.2360297026222276939, 0.1249999999999999584, -0.8187275489482185309 ) ) ;
#1342 = ORIENTED_EDGE ( 'NONE', *, *, #194, .T. ) ;
#1343 = LINE ( 'NONE', #707, #857 ) ;
#1344 = STYLED_ITEM ( 'NONE', ( #550 ), #346 ) ;
#1345 = EDGE_LOOP ( 'NONE', ( #1588 ) ) ;
#1346 = CARTESIAN_POINT ( 'NONE',  ( 4.064999999999999503, 0.1875000000000000278, -0.9999999999999998890 ) ) ;
#1347 = VECTOR ( 'NONE', #358, 39.37007874015748143 ) ;
#1348 = CARTESIAN_POINT ( 'NONE',  ( 3.971298187681914005, 0.1254218876941669558, -0.9894253625368972793 ) ) ;
#1349 = EDGE_CURVE ( 'NONE', #761, #1419, #1577, .T. ) ;
#1350 = LINE ( 'NONE', #1497, #1740 ) ;
#1351 = CIRCLE ( 'NONE', #514, 0.1250000000000000278 ) ;
#1352 = ORIENTED_EDGE ( 'NONE', *, *, #380, .T. ) ;
#1353 = CARTESIAN_POINT ( 'NONE',  ( 4.064999999999999503, 0.000000000000000000, -0.7588495408493618477 ) ) ;
#1354 = FACE_OUTER_BOUND ( 'NONE', #1825, .T. ) ;
#1355 = DIRECTION ( 'NONE',  ( 1.000000000000000000, 0.000000000000000000, 0.000000000000000000 ) ) ;
#1356 = CARTESIAN_POINT ( 'NONE',  ( -0.06250000000000131839, 0.5000000000000000000, -0.5000000000000001110 ) ) ;
#1357 = FACE_OUTER_BOUND ( 'NONE', #100, .T. ) ;
#1358 = PLANE ( 'NONE',  #440 ) ;
#1359 = EDGE_CURVE ( 'NONE', #778, #778, #176, .T. ) ;
#1360 = ORIENTED_EDGE ( 'NONE', *, *, #1909, .F. ) ;
#1361 = PLANE ( 'NONE',  #1111 ) ;
#1362 = DIRECTION ( 'NONE',  ( 1.000000000000000000, 0.000000000000000000, -3.491481338843132961E-15 ) ) ;
#1363 = CARTESIAN_POINT ( 'NONE',  ( 0.1635221978971897749, 0.1842428613374355040, -0.8750135330258616007 ) ) ;
#1364 = ORIENTED_EDGE ( 'NONE', *, *, #1269, .F. ) ;
#1365 = CARTESIAN_POINT ( 'NONE',  ( 0.1249999999999999029, 1.164363938219894923, -0.8838495408493622918 ) ) ;
#1366 = CARTESIAN_POINT ( 'NONE',  ( 0.9074999999999995293, 0.000000000000000000, -0.3449999999999999178 ) ) ;
#1367 = DIRECTION ( 'NONE',  ( -1.000000000000000000, -0.000000000000000000, 3.491481338843132961E-15 ) ) ;
#1368 = VERTEX_POINT ( 'NONE', #1239 ) ;
#1369 = PLANE ( 'NONE',  #367 ) ;
#1370 = DIRECTION ( 'NONE',  ( 0.000000000000000000, 0.000000000000000000, 1.000000000000000000 ) ) ;
#1371 = EDGE_CURVE ( 'NONE', #1583, #1604, #1865, .T. ) ;
#1372 = CARTESIAN_POINT ( 'NONE',  ( 0.1250000000000009992, 0.1875000000000002498, -0.8750000000000000000 ) ) ;
#1373 = EDGE_CURVE ( 'NONE', #1213, #1213, #921, .T. ) ;
#1374 = ADVANCED_FACE ( 'NONE', ( #1261, #663 ), #1843, .F. ) ;
#1375 = ORIENTED_EDGE ( 'NONE', *, *, #1043, .T. ) ;
#1376 = DIRECTION ( 'NONE',  ( -1.000000000000000000, -9.340058106462570261E-31, 3.491481338843133750E-15 ) ) ;
#1377 = CARTESIAN_POINT ( 'NONE',  ( 3.282499999999999751, -0.0003134842519685032951, -0.3449999999999999178 ) ) ;
#1378 = FACE_OUTER_BOUND ( 'NONE', #91, .T. ) ;
#1379 = VECTOR ( 'NONE', #477, 39.37007874015748143 ) ;
#1380 = ORIENTED_EDGE ( 'NONE', *, *, #908, .F. ) ;
#1381 = CARTESIAN_POINT ( 'NONE',  ( -1.851869410329122001, 0.1874999999999999722, -0.8125000000000000000 ) ) ;
#1382 = DIRECTION ( 'NONE',  ( 0.000000000000000000, 1.000000000000000000, 0.000000000000000000 ) ) ;
#1383 = FACE_OUTER_BOUND ( 'NONE', #918, .T. ) ;
#1384 = EDGE_CURVE ( 'NONE', #1906, #1962, #1108, .T. ) ;
#1385 = ORIENTED_EDGE ( 'NONE', *, *, #1886, .T. ) ;
#1386 = FACE_BOUND ( 'NONE', #1209, .T. ) ;
#1387 = AXIS2_PLACEMENT_3D ( 'NONE', #371, #532, #1320 ) ;
#1388 = CARTESIAN_POINT ( 'NONE',  ( 0.2491297570836758513, 0.04234361890247557991, -0.9311906864469053913 ) ) ;
#1389 = CARTESIAN_POINT ( 'NONE',  ( -0.06250000000000001388, 1.929999999999999938, -0.8125000000000001110 ) ) ;
#1390 = VERTEX_POINT ( 'NONE', #767 ) ;
#1391 = FACE_OUTER_BOUND ( 'NONE', #1463, .T. ) ;
#1392 = DIRECTION ( 'NONE',  ( 0.000000000000000000, 0.000000000000000000, -1.000000000000000000 ) ) ;
#1393 = PLANE ( 'NONE',  #1525 ) ;
#1394 = ORIENTED_EDGE ( 'NONE', *, *, #1733, .F. ) ;
#1395 = CARTESIAN_POINT ( 'NONE',  ( 4.189999999999999503, 1.929999999999999938, -0.8750000000000000000 ) ) ;
#1396 = ADVANCED_FACE ( 'NONE', ( #621, #156 ), #1229, .F. ) ;
#1397 = CARTESIAN_POINT ( 'NONE',  ( 0.2485271245752533886, 0.04721576198693035187, -0.9369295552964755913 ) ) ;
#1398 = DIRECTION ( 'NONE',  ( 1.000000000000000000, 0.000000000000000000, 0.000000000000000000 ) ) ;
#1399 = AXIS2_PLACEMENT_3D ( 'NONE', #807, #1905, #184 ) ;
#1400 = ORIENTED_EDGE ( 'NONE', *, *, #1309, .T. ) ;
#1401 = DIRECTION ( 'NONE',  ( 0.000000000000000000, -1.000000000000000000, 0.000000000000000000 ) ) ;
#1402 = CARTESIAN_POINT ( 'NONE',  ( 0.2130513176642052642, 0.1338574045127639001, -0.9921755301990700104 ) ) ;
#1403 = DIRECTION ( 'NONE',  ( 0.000000000000000000, 1.000000000000000000, 0.000000000000000000 ) ) ;
#1404 = EDGE_LOOP ( 'NONE', ( #1965, #1719, #1625, #10 ) ) ;
#1405 = CARTESIAN_POINT ( 'NONE',  ( 4.252500000000002167, 0.000000000000000000, -1.748382715945128460E-14 ) ) ;
#1406 = CARTESIAN_POINT ( 'NONE',  ( 0.2427456607629346064, 0.07342784219822795500, -0.9615796029172810622 ) ) ;
#1407 = CARTESIAN_POINT ( 'NONE',  ( 0.1249999999999999029, 1.164363938219894923, -0.7588495408493624028 ) ) ;
#1408 = ORIENTED_EDGE ( 'NONE', *, *, #1168, .F. ) ;
#1409 = EDGE_CURVE ( 'NONE', #1238, #150, #1699, .T. ) ;
#1410 = CARTESIAN_POINT ( 'NONE',  ( -5.591014523239707833E-18, 0.1875000000000006661, -0.8749999999999997780 ) ) ;
#1411 = CIRCLE ( 'NONE', #577, 0.1049999999999998296 ) ;
#1412 = DIRECTION ( 'NONE',  ( -1.000000000000000000, -0.000000000000000000, -0.000000000000000000 ) ) ;
#1413 = CARTESIAN_POINT ( 'NONE',  ( 3.939999999999997726, 0.1250000000000000278, 2.731847993664263218E-16 ) ) ;
#1414 = ORIENTED_EDGE ( 'NONE', *, *, #55, .F. ) ;
#1415 = DIRECTION ( 'NONE',  ( -0.000000000000000000, 1.000000000000000000, 0.000000000000000000 ) ) ;
#1416 = PLANE ( 'NONE',  #544 ) ;
#1417 = CARTESIAN_POINT ( 'NONE',  ( 3.282499999999999751, 0.000000000000000000, -0.1249999999999995559 ) ) ;
#1418 = CIRCLE ( 'NONE', #1744, 0.1049999999999998296 ) ;
#1419 = VERTEX_POINT ( 'NONE', #1548 ) ;
#1420 = DIRECTION ( 'NONE',  ( -1.000000000000000000, 0.000000000000000000, -0.000000000000000000 ) ) ;
#1421 = CARTESIAN_POINT ( 'NONE',  ( 0.2071197414855314722, 0.1417007302357435605, -0.9943653791979580880 ) ) ;
#1422 = EDGE_CURVE ( 'NONE', #1815, #1836, #775, .T. ) ;
#1423 = ORIENTED_EDGE ( 'NONE', *, *, #255, .T. ) ;
#1424 = DIRECTION ( 'NONE',  ( 0.000000000000000000, 0.000000000000000000, 1.000000000000000000 ) ) ;
#1425 = EDGE_LOOP ( 'NONE', ( #130 ) ) ;
#1426 = CARTESIAN_POINT ( 'NONE',  ( 4.252500000000000391, 0.5000000000000000000, -0.4999999999999839573 ) ) ;
#1427 = CARTESIAN_POINT ( 'NONE',  ( 0.2278474831056232219, 0.1108597033148039090, -0.9843282439441338738 ) ) ;
#1428 = LINE ( 'NONE', #949, #1858 ) ;
#1429 = APPLICATION_PROTOCOL_DEFINITION ( 'draft international standard', 'automotive_design', 1998, #861 ) ;
#1430 = ORIENTED_EDGE ( 'NONE', *, *, #1193, .T. ) ;
#1431 = CARTESIAN_POINT ( 'NONE',  ( 4.252499999999998614, 1.929999999999999938, -0.8125000000000001110 ) ) ;
#1432 = DIRECTION ( 'NONE',  ( -0.000000000000000000, 1.000000000000000000, 0.000000000000000000 ) ) ;
#1433 = DIRECTION ( 'NONE',  ( -0.000000000000000000, -0.000000000000000000, 1.000000000000000000 ) ) ;
#1434 = ORIENTED_EDGE ( 'NONE', *, *, #1968, .F. ) ;
#1435 = EDGE_CURVE ( 'NONE', #761, #1014, #935, .T. ) ;
#1436 = EDGE_CURVE ( 'NONE', #1037, #1007, #2019, .T. ) ;
#1437 = CARTESIAN_POINT ( 'NONE',  ( 3.959991889003003251, 0.1058227844395600026, -0.9813316969814477320 ) ) ;
#1438 = SURFACE_STYLE_FILL_AREA ( #1596 ) ;
#1439 = VERTEX_POINT ( 'NONE', #1720 ) ;
#1440 = FACE_OUTER_BOUND ( 'NONE', #687, .T. ) ;
#1441 = CARTESIAN_POINT ( 'NONE',  ( 0.2493564345768413126, 0.04004354344165490798, -0.9283223357805957532 ) ) ;
#1442 = EDGE_LOOP ( 'NONE', ( #757, #968, #614, #1688 ) ) ;
#1443 = LINE ( 'NONE', #1258, #1300 ) ;
#1444 = VECTOR ( 'NONE', #1710, 39.37007874015748143 ) ;
#1445 = VERTEX_POINT ( 'NONE', #1556 ) ;
#1446 = EDGE_CURVE ( 'NONE', #1984, #1984, #1411, .T. ) ;
#1447 = CARTESIAN_POINT ( 'NONE',  ( 4.189999999999999503, 0.1874999999999999722, -0.8750000000000000000 ) ) ;
#1448 = EDGE_LOOP ( 'NONE', ( #586 ) ) ;
#1449 = CARTESIAN_POINT ( 'NONE',  ( 0.1249999999999999029, 0.1875000000000003886, -1.000000000000000000 ) ) ;
#1450 = CARTESIAN_POINT ( 'NONE',  ( 0.2177593568592240125, 0.1672938045529194784, -0.8716436241334597490 ) ) ;
#1451 = EDGE_LOOP ( 'NONE', ( #812 ) ) ;
#1452 = DIRECTION ( 'NONE',  ( -0.000000000000000000, 1.000000000000000000, -0.000000000000000000 ) ) ;
#1453 = EDGE_LOOP ( 'NONE', ( #216 ) ) ;
#1454 = CARTESIAN_POINT ( 'NONE',  ( 3.939733729134817786, 0.05067552888788311866, -0.9421425996590038210 ) ) ;
#1455 = ADVANCED_FACE ( 'NONE', ( #1567 ), #797, .F. ) ;
#1456 = FILL_AREA_STYLE_COLOUR ( '', #905 ) ;
#1457 = VERTEX_POINT ( 'NONE', #1809 ) ;
#1458 = LINE ( 'NONE', #1149, #1973 ) ;
#1459 = CARTESIAN_POINT ( 'NONE',  ( 3.969227182020497846, 0.1656987453500577967, -0.8710762145221176977 ) ) ;
#1460 = ORIENTED_EDGE ( 'NONE', *, *, #242, .T. ) ;
#1461 =( CONVERSION_BASED_UNIT ( 'INCH', #841 ) LENGTH_UNIT ( ) NAMED_UNIT ( #1081 ) );
#1462 = DIRECTION ( 'NONE',  ( -0.000000000000000000, -1.000000000000000000, -0.000000000000000000 ) ) ;
#1463 = EDGE_LOOP ( 'NONE', ( #1375, #465, #35, #72 ) ) ;
#1464 = CARTESIAN_POINT ( 'NONE',  ( 3.971080676584321623, 0.1250767598015692927, -0.9893040118406191130 ) ) ;
#1465 = ORIENTED_EDGE ( 'NONE', *, *, #1085, .T. ) ;
#1466 = DIRECTION ( 'NONE',  ( 0.000000000000000000, 0.000000000000000000, 1.000000000000000000 ) ) ;
#1467 = CARTESIAN_POINT ( 'NONE',  ( 0.2493096574505669349, 0.1301762943431312436, -0.8383315639382704632 ) ) ;
#1468 = EDGE_CURVE ( 'NONE', #1686, #1686, #369, .T. ) ;
#1469 = ORIENTED_EDGE ( 'NONE', *, *, #1494, .F. ) ;
#1470 = DIRECTION ( 'NONE',  ( -0.000000000000000000, -1.000000000000000000, -0.000000000000000000 ) ) ;
#1471 = DIRECTION ( 'NONE',  ( 2.468850131082265344E-15, 0.7071067811865474617, -0.7071067811865475727 ) ) ;
#1472 = VECTOR ( 'NONE', #1058, 39.37007874015748143 ) ;
#1473 = ORIENTED_EDGE ( 'NONE', *, *, #1681, .F. ) ;
#1474 = AXIS2_PLACEMENT_3D ( 'NONE', #642, #1077, #1853 ) ;
#1475 = AXIS2_PLACEMENT_3D ( 'NONE', #1553, #1544, #1827 ) ;
#1476 = CARTESIAN_POINT ( 'NONE',  ( 3.983687335164824095, 0.1450312206081313671, -0.9962868128958329850 ) ) ;
#1477 = ORIENTED_EDGE ( 'NONE', *, *, #1085, .F. ) ;
#1478 = CARTESIAN_POINT ( 'NONE',  ( 4.189999999999999503, 0.1875000000000001110, -0.8124999999999998890 ) ) ;
#1479 = CARTESIAN_POINT ( 'NONE',  ( 3.947594989004188371, 0.1262661229697631116, -0.8267601337505597892 ) ) ;
#1480 = VERTEX_POINT ( 'NONE', #716 ) ;
#1481 = DIRECTION ( 'NONE',  ( -3.746534391311064499E-15, -0.000000000000000000, -1.000000000000000000 ) ) ;
#1482 = EDGE_CURVE ( 'NONE', #1480, #1145, #1335, .T. ) ;
#1483 = CIRCLE ( 'NONE', #616, 0.1049999999999998296 ) ;
#1484 = ORIENTED_EDGE ( 'NONE', *, *, #1535, .T. ) ;
#1485 = DIRECTION ( 'NONE',  ( -0.7071067811865461294, 0.000000000000000000, 0.7071067811865487940 ) ) ;
#1486 = EDGE_LOOP ( 'NONE', ( #45 ) ) ;
#1487 = DIRECTION ( 'NONE',  ( 0.000000000000000000, 0.000000000000000000, 1.000000000000000000 ) ) ;
#1488 = CARTESIAN_POINT ( 'NONE',  ( 4.064999999999999503, 0.1250000000000000278, -0.1250000000000001665 ) ) ;
#1489 = ORIENTED_EDGE ( 'NONE', *, *, #836, .F. ) ;
#1490 = LINE ( 'NONE', #724, #1272 ) ;
#1491 = CARTESIAN_POINT ( 'NONE',  ( 2.094999999999999307, 0.5549999999999997158, -0.8750000000000000000 ) ) ;
#1492 = EDGE_LOOP ( 'NONE', ( #1944, #1724, #1093, #26, #1434, #1517, #1352 ) ) ;
#1493 = ADVANCED_FACE ( 'NONE', ( #81 ), #725, .F. ) ;
#1494 = EDGE_CURVE ( 'NONE', #1576, #491, #1001, .T. ) ;
#1495 = CARTESIAN_POINT ( 'NONE',  ( 4.064999999999999503, 0.1875000000000000278, -0.9583333333333331483 ) ) ;
#1496 = CARTESIAN_POINT ( 'NONE',  ( 3.954196650044684791, 0.1563896039569223906, -0.8667850266973149420 ) ) ;
#1497 = CARTESIAN_POINT ( 'NONE',  ( 0.000000000000000000, 0.1875000000000004996, -0.8749999999999997780 ) ) ;
#1498 = VERTEX_POINT ( 'NONE', #1024 ) ;
#1499 = CARTESIAN_POINT ( 'NONE',  ( 0.9074999999999995293, 0.000000000000000000, -0.1250000000000001110 ) ) ;
#1500 = DIRECTION ( 'NONE',  ( 2.649199874044667512E-15, -0.7071067811865475727, -0.7071067811865474617 ) ) ;
#1501 = FACE_OUTER_BOUND ( 'NONE', #17, .T. ) ;
#1502 = AXIS2_PLACEMENT_3D ( 'NONE', #309, #1415, #955 ) ;
#1503 = CARTESIAN_POINT ( 'NONE',  ( 4.377500000000003944, 0.5000000000000000000, -0.4999999999999834577 ) ) ;
#1504 = EDGE_CURVE ( 'NONE', #1445, #1025, #1343, .T. ) ;
#1505 = CARTESIAN_POINT ( 'NONE',  ( 4.046091207720873939, 0.1873590165911452055, -0.8750000000000000000 ) ) ;
#1506 = CYLINDRICAL_SURFACE ( 'NONE', #1937, 0.1049999999999998296 ) ;
#1507 = ORIENTED_EDGE ( 'NONE', *, *, #470, .F. ) ;
#1508 = DIRECTION ( 'NONE',  ( 0.000000000000000000, -1.000000000000000000, 0.000000000000000000 ) ) ;
#1509 = LINE ( 'NONE', #606, #645 ) ;
#1510 = AXIS2_PLACEMENT_3D ( 'NONE', #1838, #428, #1039 ) ;
#1511 = DIRECTION ( 'NONE',  ( 0.000000000000000000, 0.000000000000000000, 1.000000000000000000 ) ) ;
#1512 = FACE_OUTER_BOUND ( 'NONE', #752, .T. ) ;
#1513 = EDGE_CURVE ( 'NONE', #1322, #1419, #1999, .T. ) ;
#1514 = CARTESIAN_POINT ( 'NONE',  ( 3.970768828324958033, 0.1665265857609045386, -0.8713759171442663209 ) ) ;
#1515 = PLANE ( 'NONE',  #1280 ) ;
#1516 = B_SPLINE_CURVE_WITH_KNOTS ( 'NONE', 1,
 ( #1028, #769 ),
 .UNSPECIFIED., .F., .F.,
 ( 2, 2 ),
 ( 0.000000000000000000, 1.000000000000000000 ),
 .UNSPECIFIED. ) ;
#1517 = ORIENTED_EDGE ( 'NONE', *, *, #1055, .T. ) ;
#1518 = EDGE_CURVE ( 'NONE', #1709, #1037, #864, .T. ) ;
#1519 = DIRECTION ( 'NONE',  ( 0.000000000000000000, 1.000000000000000000, 0.000000000000000000 ) ) ;
#1520 = CYLINDRICAL_SURFACE ( 'NONE', #1215, 0.06249999999999967387 ) ;
#1521 =( NAMED_UNIT ( * ) PLANE_ANGLE_UNIT ( ) SI_UNIT ( $, .RADIAN. ) );
#1522 = CARTESIAN_POINT ( 'NONE',  ( 0.2184570887847864240, 0.1669284217554888872, -0.8715175121881463260 ) ) ;
#1523 = ORIENTED_EDGE ( 'NONE', *, *, #1959, .T. ) ;
#1524 = CARTESIAN_POINT ( 'NONE',  ( 3.939999999999997726, 0.1250000000000000278, 2.731847993664263218E-16 ) ) ;
#1525 = AXIS2_PLACEMENT_3D ( 'NONE', #746, #1063, #429 ) ;
#1526 = DIRECTION ( 'NONE',  ( 0.000000000000000000, 0.000000000000000000, 1.000000000000000000 ) ) ;
#1527 = CYLINDRICAL_SURFACE ( 'NONE', #1833, 0.06250000000000001388 ) ;
#1528 = ORIENTED_EDGE ( 'NONE', *, *, #1806, .F. ) ;
#1529 = VECTOR ( 'NONE', #990, 39.37007874015748143 ) ;
#1530 = CARTESIAN_POINT ( 'NONE',  ( 2.486249999999992522, 0.1250000000000000278, -1.703749999999999876 ) ) ;
#1531 = CARTESIAN_POINT ( 'NONE',  ( 4.189999999999999503, 0.1875000000000000555, 0.1643639382198951449 ) ) ;
#1532 = AXIS2_PLACEMENT_3D ( 'NONE', #1787, #396, #1799 ) ;
#1533 = EDGE_CURVE ( 'NONE', #168, #2018, #93, .T. ) ;
#1534 = VECTOR ( 'NONE', #479, 39.37007874015748143 ) ;
#1535 = EDGE_CURVE ( 'NONE', #1480, #1238, #111, .T. ) ;
#1536 = CARTESIAN_POINT ( 'NONE',  ( 0.2180132679818913843, 0.1671616914492937145, -0.8715983797309515557 ) ) ;
#1537 = ORIENTED_EDGE ( 'NONE', *, *, #622, .T. ) ;
#1538 = DIRECTION ( 'NONE',  ( 1.000000000000000000, 0.000000000000000000, 3.746534391311064499E-15 ) ) ;
#1539 = PRESENTATION_LAYER_ASSIGNMENT (  '', '', ( #1165 ) ) ;
#1540 = CARTESIAN_POINT ( 'NONE',  ( 0.2172497470945768394, 0.1276720803278960925, -0.9901996904634036145 ) ) ;
#1541 = DIRECTION ( 'NONE',  ( 1.000000000000000000, 0.000000000000000000, 0.000000000000000000 ) ) ;
#1542 = ORIENTED_EDGE ( 'NONE', *, *, #1818, .T. ) ;
#1543 = DIRECTION ( 'NONE',  ( 0.000000000000000000, 0.000000000000000000, -1.000000000000000000 ) ) ;
#1544 = DIRECTION ( 'NONE',  ( -0.000000000000000000, -1.000000000000000000, -0.000000000000000000 ) ) ;
#1545 = DIRECTION ( 'NONE',  ( 0.000000000000000000, 0.000000000000000000, 1.000000000000000000 ) ) ;
#1546 = ADVANCED_FACE ( 'NONE', ( #1183 ), #1964, .T. ) ;
#1547 = EDGE_LOOP ( 'NONE', ( #1954, #196, #373, #1911 ) ) ;
#1548 = CARTESIAN_POINT ( 'NONE',  ( 4.189999999999999503, 1.929999999999999938, -0.9999999999999995559 ) ) ;
#1549 = CARTESIAN_POINT ( 'NONE',  ( 0.2115970239285236421, 0.1358543075580673221, -0.9927583070696947010 ) ) ;
#1550 = FACE_OUTER_BOUND ( 'NONE', #84, .T. ) ;
#1551 = ORIENTED_EDGE ( 'NONE', *, *, #1284, .F. ) ;
#1552 = DIRECTION ( 'NONE',  ( 1.000000000000000000, 0.000000000000000000, -3.642463991552358847E-15 ) ) ;
#1553 = CARTESIAN_POINT ( 'NONE',  ( 4.064999999999999503, 0.1250000000000000278, -0.8838495408493619587 ) ) ;
#1554 = CARTESIAN_POINT ( 'NONE',  ( 4.189999999999999503, 0.000000000000000000, -0.8124999999999997780 ) ) ;
#1555 = VERTEX_POINT ( 'NONE', #1934 ) ;
#1556 = CARTESIAN_POINT ( 'NONE',  ( 3.282499999999999751, 0.1250000000000000278, -0.1249999999999995559 ) ) ;
#1557 = EDGE_CURVE ( 'NONE', #1793, #958, #1351, .T. ) ;
#1558 = VECTOR ( 'NONE', #38, 39.37007874015748143 ) ;
#1559 = CARTESIAN_POINT ( 'NONE',  ( 4.377500000000003944, 0.5000000000000000000, -0.4999999999999834577 ) ) ;
#1560 = LINE ( 'NONE', #322, #844 ) ;
#1561 = VERTEX_POINT ( 'NONE', #561 ) ;
#1562 = LINE ( 'NONE', #1431, #737 ) ;
#1563 = DIRECTION ( 'NONE',  ( 0.000000000000000000, 0.000000000000000000, 1.000000000000000000 ) ) ;
#1564 = DIRECTION ( 'NONE',  ( 1.000000000000000000, 0.000000000000000000, 0.000000000000000000 ) ) ;
#1565 = AXIS2_PLACEMENT_3D ( 'NONE', #80, #706, #225 ) ;
#1566 = EDGE_LOOP ( 'NONE', ( #992, #1879, #1473, #212 ) ) ;
#1567 = FACE_OUTER_BOUND ( 'NONE', #1166, .T. ) ;
#1568 = VECTOR ( 'NONE', #1508, 39.37007874015748143 ) ;
#1569 = DIRECTION ( 'NONE',  ( -1.000000000000000000, -0.000000000000000000, -3.746534391311064499E-15 ) ) ;
#1570 = EDGE_CURVE ( 'NONE', #1583, #761, #1622, .T. ) ;
#1571 = DIRECTION ( 'NONE',  ( 0.000000000000000000, -1.000000000000000000, -6.123233995736766036E-17 ) ) ;
#1572 = ORIENTED_EDGE ( 'NONE', *, *, #303, .T. ) ;
#1573 = CARTESIAN_POINT ( 'NONE',  ( 4.189999999999999503, 0.1250000000000000278, 2.731847993664263218E-16 ) ) ;
#1574 = CARTESIAN_POINT ( 'NONE',  ( 0.2360262460740530921, -5.648449177184390123E-17, -0.8311749528608792792 ) ) ;
#1575 = LINE ( 'NONE', #1268, #1006 ) ;
#1576 = VERTEX_POINT ( 'NONE', #254 ) ;
#1577 = LINE ( 'NONE', #186, #1047 ) ;
#1578 = AXIS2_PLACEMENT_3D ( 'NONE', #160, #1235, #1256 ) ;
#1579 = CARTESIAN_POINT ( 'NONE',  ( 0.2487520742630194570, 0.04557181817147211433, -0.9350518737867759000 ) ) ;
#1580 = CARTESIAN_POINT ( 'NONE',  ( 2.094999999999999307, 0.5549999999999997158, -1.000313484251968532 ) ) ;
#1581 = AXIS2_PLACEMENT_3D ( 'NONE', #871, #1487, #1940 ) ;
#1582 = EDGE_CURVE ( 'NONE', #1439, #1906, #226, .T. ) ;
#1583 = VERTEX_POINT ( 'NONE', #571 ) ;
#1584 = CYLINDRICAL_SURFACE ( 'NONE', #1054, 0.1874999999999995837 ) ;
#1585 = CARTESIAN_POINT ( 'NONE',  ( 0.2448009243919968825, 0.06614634494737832437, -0.9557541093064213511 ) ) ;
#1586 = ADVANCED_FACE ( 'NONE', ( #1173, #697 ), #1314, .T. ) ;
#1587 = DIRECTION ( 'NONE',  ( -1.000000000000000000, 0.000000000000000000, -0.000000000000000000 ) ) ;
#1588 = ORIENTED_EDGE ( 'NONE', *, *, #1283, .F. ) ;
#1589 = CARTESIAN_POINT ( 'NONE',  ( 3.950914359734034154, 0.08654186591400567230, -0.9707571856397504417 ) ) ;
#1590 = VERTEX_POINT ( 'NONE', #387 ) ;
#1591 = LINE ( 'NONE', #1714, #1907 ) ;
#1592 = CARTESIAN_POINT ( 'NONE',  ( 0.2493096574505669349, 0.01552888302939371516, -0.8899946918148115005 ) ) ;
#1593 = CYLINDRICAL_SURFACE ( 'NONE', #261, 0.1050000000000001071 ) ;
#1594 = ORIENTED_EDGE ( 'NONE', *, *, #1614, .T. ) ;
#1595 = CARTESIAN_POINT ( 'NONE',  ( 0.000000000000000000, 0.000000000000000000, -1.000000000000000000 ) ) ;
#1596 = FILL_AREA_STYLE ('',( #1456 ) ) ;
#1597 = ORIENTED_EDGE ( 'NONE', *, *, #622, .F. ) ;
#1598 = CARTESIAN_POINT ( 'NONE',  ( 3.942811095786759257, 0.06441878170897820388, -0.9550965998295821713 ) ) ;
#1599 = CARTESIAN_POINT ( 'NONE',  ( 0.2492905142782194661, 0.1385845016402483254, -0.8514063265414101300 ) ) ;
#1600 = ORIENTED_EDGE ( 'NONE', *, *, #1982, .T. ) ;
#1601 = CARTESIAN_POINT ( 'NONE',  ( 0.3450000000000003064, 0.5549999999999992717, -1.000313484251968532 ) ) ;
#1602 = VECTOR ( 'NONE', #1803, 39.37007874015748143 ) ;
#1603 = EDGE_CURVE ( 'NONE', #958, #1590, #1800, .T. ) ;
#1604 = VERTEX_POINT ( 'NONE', #875 ) ;
#1605 = CARTESIAN_POINT ( 'NONE',  ( 3.947594989004188371, 0.003798368909289287845, -0.8552804012516793675 ) ) ;
#1606 = VERTEX_POINT ( 'NONE', #1706 ) ;
#1607 = PLANE ( 'NONE',  #1387 ) ;
#1608 = CARTESIAN_POINT ( 'NONE',  ( 3.967123705460767535, 0.1645415078134431497, -0.8706380720591077038 ) ) ;
#1609 = ORIENTED_EDGE ( 'NONE', *, *, #1097, .T. ) ;
#1610 = CARTESIAN_POINT ( 'NONE',  ( -0.1875000000000030531, 0.000000000000000000, -1.792026232680667469E-14 ) ) ;
#1611 = DIRECTION ( 'NONE',  ( 0.000000000000000000, 1.000000000000000000, 0.000000000000000000 ) ) ;
#1612 = EDGE_LOOP ( 'NONE', ( #1018, #1330, #1551, #1528 ) ) ;
#1613 = DIRECTION ( 'NONE',  ( 1.000000000000000000, 0.000000000000000000, 3.746534391311064499E-15 ) ) ;
#1614 = EDGE_CURVE ( 'NONE', #1798, #914, #2005, .T. ) ;
#1615 = EDGE_CURVE ( 'NONE', #1498, #49, #1509, .T. ) ;
#1616 = ORIENTED_EDGE ( 'NONE', *, *, #1746, .F. ) ;
#1617 = B_SPLINE_CURVE_WITH_KNOTS ( 'NONE', 1,
 ( #1191, #1030 ),
 .UNSPECIFIED., .F., .F.,
 ( 2, 2 ),
 ( 0.000000000000000000, 1.000000000000000000 ),
 .UNSPECIFIED. ) ;
#1618 = CARTESIAN_POINT ( 'NONE',  ( 3.954196650044684791, 0.09416881187076718562, -0.9753550800919448260 ) ) ;
#1619 = CARTESIAN_POINT ( 'NONE',  ( 0.2276364604835196537, 0.1249999999999999861, -0.8124999999999998890 ) ) ;
#1620 = ORIENTED_EDGE ( 'NONE', *, *, #1295, .F. ) ;
#1621 = FACE_OUTER_BOUND ( 'NONE', #1566, .T. ) ;
#1622 = LINE ( 'NONE', #580, #116 ) ;
#1623 = ORIENTED_EDGE ( 'NONE', *, *, #1795, .T. ) ;
#1624 = DIRECTION ( 'NONE',  ( 3.746534391311064499E-15, 0.000000000000000000, -1.000000000000000000 ) ) ;
#1625 = ORIENTED_EDGE ( 'NONE', *, *, #1533, .F. ) ;
#1626 = ADVANCED_FACE ( 'NONE', ( #617 ), #1520, .F. ) ;
#1627 = CARTESIAN_POINT ( 'NONE',  ( 3.965402457129829195, 0.1156583158527582228, -0.9857039925731765351 ) ) ;
#1628 = CARTESIAN_POINT ( 'NONE',  ( 4.252500000000000391, 1.929999999999999938, -0.6250000000000000000 ) ) ;
#1629 = ORIENTED_EDGE ( 'NONE', *, *, #575, .T. ) ;
#1630 = DIRECTION ( 'NONE',  ( 0.000000000000000000, -6.123233995736766036E-17, 1.000000000000000000 ) ) ;
#1631 = VECTOR ( 'NONE', #1652, 39.37007874015748143 ) ;
#1632 = DIRECTION ( 'NONE',  ( 3.746534391311064499E-15, 0.000000000000000000, 1.000000000000000000 ) ) ;
#1633 = CIRCLE ( 'NONE', #12, 0.1874999999999999167 ) ;
#1634 = VERTEX_POINT ( 'NONE', #627 ) ;
#1635 = VECTOR ( 'NONE', #1701, 39.37007874015748143 ) ;
#1636 = DIRECTION ( 'NONE',  ( 0.000000000000000000, 1.000000000000000000, 0.000000000000000000 ) ) ;
#1637 = ORIENTED_EDGE ( 'NONE', *, *, #242, .F. ) ;
#1638 = FACE_OUTER_BOUND ( 'NONE', #1492, .T. ) ;
#1639 = CARTESIAN_POINT ( 'NONE',  ( 0.2179286309410022326, 0.1672057291505023024, -0.8716134611984542868 ) ) ;
#1640 = EDGE_LOOP ( 'NONE', ( #1469, #1131, #505, #1129, #191, #903, #1069 ) ) ;
#1641 = FACE_OUTER_BOUND ( 'NONE', #103, .T. ) ;
#1642 = AXIS2_PLACEMENT_3D ( 'NONE', #790, #1902, #516 ) ;
#1643 = DIRECTION ( 'NONE',  ( -1.000000000000000000, 0.000000000000000000, -0.000000000000000000 ) ) ;
#1644 = EDGE_CURVE ( 'NONE', #1786, #1088, #1685, .T. ) ;
#1645 = CARTESIAN_POINT ( 'NONE',  ( 0.2400000000000004352, 0.5549999999999992717, -0.8750000000000000000 ) ) ;
#1646 = CARTESIAN_POINT ( 'NONE',  ( 4.377500000000002167, 0.000000000000000000, -1.613441426694876040E-14 ) ) ;
#1647 = PRODUCT ( 'am-3961 AM14U4 2019 Front Bumper Bracket', 'am-3961 AM14U4 2019 Front Bumper Bracket', '', ( #462 ) ) ;
#1648 = LINE ( 'NONE', #1658, #47 ) ;
#1649 = CARTESIAN_POINT ( 'NONE',  ( 3.942811095786759257, 0.1464729272363260726, -0.8600321999431940201 ) ) ;
#1650 = CARTESIAN_POINT ( 'NONE',  ( -0.1875000000000008604, 1.929999999999999938, -0.6250000000000004441 ) ) ;
#1651 = ORIENTED_EDGE ( 'NONE', *, *, #804, .T. ) ;
#1652 = DIRECTION ( 'NONE',  ( 0.7071067811865505703, 0.000000000000000000, -0.7071067811865444641 ) ) ;
#1653 = CARTESIAN_POINT ( 'NONE',  ( 4.252499999999998614, 0.000000000000000000, -0.8750000000000000000 ) ) ;
#1654 = CARTESIAN_POINT ( 'NONE',  ( 2.199999999999999289, 1.554999999999999716, -1.000000000000000000 ) ) ;
#1655 = LINE ( 'NONE', #61, #391 ) ;
#1656 = ADVANCED_FACE ( 'NONE', ( #132 ), #1981, .T. ) ;
#1657 = VECTOR ( 'NONE', #953, 39.37007874015748143 ) ;
#1658 = CARTESIAN_POINT ( 'NONE',  ( 4.252499999999998614, 0.1875000000000001110, -0.8125000000000001110 ) ) ;
#1659 = CARTESIAN_POINT ( 'NONE',  ( 3.962363539516478905, 0.1249999999999999861, -0.8124999999999998890 ) ) ;
#1660 = LINE ( 'NONE', #1814, #854 ) ;
#1661 = AXIS2_PLACEMENT_3D ( 'NONE', #1994, #452, #1062 ) ;
#1662 = EDGE_LOOP ( 'NONE', ( #1678 ) ) ;
#1663 = CARTESIAN_POINT ( 'NONE',  ( 4.064999999999999503, 0.1250000000000000278, -0.1250000000000004163 ) ) ;
#1664 = FACE_BOUND ( 'NONE', #407, .T. ) ;
#1665 = VECTOR ( 'NONE', #891, 39.37007874015748143 ) ;
#1666 = CARTESIAN_POINT ( 'NONE',  ( 0.2115970239285236421, 0.1702847691860224222, -0.8725861023565647523 ) ) ;
#1667 = ADVANCED_FACE ( 'NONE', ( #142 ), #1849, .T. ) ;
#1668 = VECTOR ( 'NONE', #582, 39.37007874015748143 ) ;
#1669 = CARTESIAN_POINT ( 'NONE',  ( 0.000000000000000000, 0.1875000000000006661, -0.8124999999999998890 ) ) ;
#1670 = ADVANCED_FACE ( 'NONE', ( #1664, #1084, #2015, #302, #282, #1860, #1354 ), #734, .T. ) ;
#1671 = CARTESIAN_POINT ( 'NONE',  ( 3.950914359734034154, 0.1538472886380019000, -0.8652523952132501472 ) ) ;
#1672 = CARTESIAN_POINT ( 'NONE',  ( -0.06250000000000305311, 0.2500000000000001110, -1.747716266737484732E-14 ) ) ;
#1673 = ORIENTED_EDGE ( 'NONE', *, *, #1535, .F. ) ;
#1674 = LINE ( 'NONE', #615, #538 ) ;
#1675 = FACE_BOUND ( 'NONE', #817, .T. ) ;
#1676 = CARTESIAN_POINT ( 'NONE',  ( 0.2137784645320460752, 0.1692863176633707667, -0.8722947139212525736 ) ) ;
#1677 = VECTOR ( 'NONE', #1307, 39.37007874015748143 ) ;
#1678 = ORIENTED_EDGE ( 'NONE', *, *, #1468, .F. ) ;
#1679 = DIRECTION ( 'NONE',  ( 0.000000000000000000, 0.000000000000000000, -1.000000000000000000 ) ) ;
#1680 = DIRECTION ( 'NONE',  ( 1.000000000000000000, 0.000000000000000000, -0.000000000000000000 ) ) ;
#1681 = EDGE_CURVE ( 'NONE', #185, #332, #1633, .T. ) ;
#1682 = DIRECTION ( 'NONE',  ( -1.000000000000000000, 0.000000000000000000, -4.370956789862820361E-15 ) ) ;
#1683 = ORIENTED_EDGE ( 'NONE', *, *, #2, .F. ) ;
#1684 = CARTESIAN_POINT ( 'NONE',  ( 3.282499999999999751, 0.1250000000000000278, -0.1249999999999995559 ) ) ;
#1685 = LINE ( 'NONE', #473, #483 ) ;
#1686 = VERTEX_POINT ( 'NONE', #618 ) ;
#1687 = CARTESIAN_POINT ( 'NONE',  ( 0.9074999999999995293, -0.0003134842519685032951, -0.3449999999999999178 ) ) ;
#1688 = ORIENTED_EDGE ( 'NONE', *, *, #30, .T. ) ;
#1689 = DIRECTION ( 'NONE',  ( 0.000000000000000000, 1.000000000000000000, 0.000000000000000000 ) ) ;
#1690 = CLOSED_SHELL ( 'NONE', ( #1244, #1109, #1718, #1204, #1670, #877, #1259, #718, #1626, #1756, #65, #865, #1586, #442, #1493, #805, #104, #1693, #933, #1772, #446, #1883, #816, #1396, #355, #1896, #1997, #83, #885, #1232, #1337, #755, #1935, #77, #1328, #1156, #1947, #982, #1071, #1656, #1374, #1134, #971, #1667, #1455, #1949, #1922, #1983, #129, #1857, #364, #40, #959, #495, #118, #277, #1070, #1315, #1546, #742 ) ) ;
#1691 = CARTESIAN_POINT ( 'NONE',  ( -0.1875000000000030531, 0.000000000000000000, -1.792026232680667469E-14 ) ) ;
#1692 = CARTESIAN_POINT ( 'NONE',  ( 4.252500000000002167, 0.1249999999999993477, -1.748382715945128460E-14 ) ) ;
#1693 = ADVANCED_FACE ( 'NONE', ( #1192 ), #461, .F. ) ;
#1694 = ORIENTED_EDGE ( 'NONE', *, *, #1615, .F. ) ;
#1695 = LINE ( 'NONE', #1072, #1568 ) ;
#1696 = FACE_BOUND ( 'NONE', #1181, .T. ) ;
#1697 = DIRECTION ( 'NONE',  ( 0.000000000000000000, 1.000000000000000000, 0.000000000000000000 ) ) ;
#1698 = ORIENTED_EDGE ( 'NONE', *, *, #823, .T. ) ;
#1699 = LINE ( 'NONE', #1252, #1379 ) ;
#1700 = MECHANICAL_DESIGN_GEOMETRIC_PRESENTATION_REPRESENTATION (  '', ( #1165 ), #39 ) ;
#1701 = DIRECTION ( 'NONE',  ( 1.306329362180163628E-15, -0.9372430515208994839, 0.3486767304765153730 ) ) ;
#1702 = CYLINDRICAL_SURFACE ( 'NONE', #1991, 0.1049999999999998296 ) ;
#1703 = VECTOR ( 'NONE', #71, 39.37007874015748143 ) ;
#1704 = EDGE_LOOP ( 'NONE', ( #801 ) ) ;
#1705 = FACE_OUTER_BOUND ( 'NONE', #1735, .T. ) ;
#1706 = CARTESIAN_POINT ( 'NONE',  ( 0.1249999999999999029, 0.000000000000000000, -0.7588495408493624028 ) ) ;
#1707 = DIRECTION ( 'NONE',  ( 0.000000000000000000, 6.123233995736766036E-17, 1.000000000000000000 ) ) ;
#1708 = EDGE_CURVE ( 'NONE', #1088, #610, #795, .T. ) ;
#1709 = VERTEX_POINT ( 'NONE', #588 ) ;
#1710 = DIRECTION ( 'NONE',  ( -1.000000000000000000, -0.000000000000000000, -0.000000000000000000 ) ) ;
#1711 = FACE_OUTER_BOUND ( 'NONE', #327, .T. ) ;
#1712 = CARTESIAN_POINT ( 'NONE',  ( 0.4499999999999995670, 1.554999999999999050, -1.000000000000000000 ) ) ;
#1713 = ORIENTED_EDGE ( 'NONE', *, *, #267, .F. ) ;
#1714 = CARTESIAN_POINT ( 'NONE',  ( 4.377500000000001279, -9.953802423747760558E-33, -0.1250000000000172362 ) ) ;
#1715 = CARTESIAN_POINT ( 'NONE',  ( 4.252500000000002167, 0.06250000000000055511, -0.06250000000001626477 ) ) ;
#1716 = DIRECTION ( 'NONE',  ( 0.7071067811865489050, 0.000000000000000000, 0.7071067811865462405 ) ) ;
#1717 = EDGE_CURVE ( 'NONE', #1836, #49, #152, .T. ) ;
#1718 = ADVANCED_FACE ( 'NONE', ( #596, #1211, #438, #900, #1675, #1696, #754 ), #920, .F. ) ;
#1719 = ORIENTED_EDGE ( 'NONE', *, *, #609, .T. ) ;
#1720 = CARTESIAN_POINT ( 'NONE',  ( 3.939999999999997726, 0.000000000000000000, 2.731847993664263218E-16 ) ) ;
#1721 = CARTESIAN_POINT ( 'NONE',  ( 0.2350392500384139161, 0.09562345331892040112, -0.9769344578732384043 ) ) ;
#1722 = VERTEX_POINT ( 'NONE', #1889 ) ;
#1723 = AXIS2_PLACEMENT_3D ( 'NONE', #494, #348, #964 ) ;
#1724 = ORIENTED_EDGE ( 'NONE', *, *, #765, .T. ) ;
#1725 = CARTESIAN_POINT ( 'NONE',  ( 4.189999999999999503, 1.929999999999999938, -1.000000000000000000 ) ) ;
#1726 = CARTESIAN_POINT ( 'NONE',  ( 0.2350392500384139161, 0.09562345331892040112, -0.9769344578732384043 ) ) ;
#1727 = LINE ( 'NONE', #1554, #629 ) ;
#1728 = ORIENTED_EDGE ( 'NONE', *, *, #649, .T. ) ;
#1729 = CARTESIAN_POINT ( 'NONE',  ( 4.189999999999999503, 0.1874999999999999722, -0.8750000000000000000 ) ) ;
#1730 = EDGE_CURVE ( 'NONE', #1224, #1368, #772, .T. ) ;
#1731 = CARTESIAN_POINT ( 'NONE',  ( 0.1941125767687125470, 0.1558908841602979212, -0.9974544244915800606 ) ) ;
#1732 = CARTESIAN_POINT ( 'NONE',  ( 3.949999999999999289, 0.5549999999999997158, -1.000000000000000000 ) ) ;
#1733 = EDGE_CURVE ( 'NONE', #1184, #1184, #1174, .T. ) ;
#1734 = EDGE_CURVE ( 'NONE', #610, #646, #1304, .T. ) ;
#1735 = EDGE_LOOP ( 'NONE', ( #1948, #549, #290, #828 ) ) ;
#1736 = DIRECTION ( 'NONE',  ( -3.713525943768164663E-15, 0.000000000000000000, -1.000000000000000000 ) ) ;
#1737 = CIRCLE ( 'NONE', #794, 0.1049999999999999684 ) ;
#1738 = PLANE ( 'NONE',  #210 ) ;
#1739 = LINE ( 'NONE', #1758, #941 ) ;
#1740 = VECTOR ( 'NONE', #917, 39.37007874015748143 ) ;
#1741 = ORIENTED_EDGE ( 'NONE', *, *, #16, .F. ) ;
#1742 = VECTOR ( 'NONE', #1265, 39.37007874015748143 ) ;
#1743 = CARTESIAN_POINT ( 'NONE',  ( 0.2471135099169243787, 0.05564699750977081943, -0.9458944736159009548 ) ) ;
#1744 = AXIS2_PLACEMENT_3D ( 'NONE', #1331, #1170, #1160 ) ;
#1745 = ORIENTED_EDGE ( 'NONE', *, *, #847, .T. ) ;
#1746 = EDGE_CURVE ( 'NONE', #1604, #929, #1266, .T. ) ;
#1747 = DIRECTION ( 'NONE',  ( 0.7071067811865493491, -0.000000000000000000, 0.7071067811865457964 ) ) ;
#1748 = CARTESIAN_POINT ( 'NONE',  ( 0.2071197414855314722, 0.1722335767452478628, -0.8731217930659860293 ) ) ;
#1749 = DIRECTION ( 'NONE',  ( -0.7071067811865457964, 0.000000000000000000, 0.7071067811865493491 ) ) ;
#1750 = ORIENTED_EDGE ( 'NONE', *, *, #1746, .T. ) ;
#1751 = CARTESIAN_POINT ( 'NONE',  ( 3.939800866430623660, 0.01738148662770593392, -0.8939625276102015627 ) ) ;
#1752 = AXIS2_PLACEMENT_3D ( 'NONE', #1840, #913, #1511 ) ;
#1753 = EDGE_LOOP ( 'NONE', ( #236, #858, #1951, #266 ) ) ;
#1754 = CARTESIAN_POINT ( 'NONE',  ( 0.1250000000000009992, 0.1875000000000002498, -0.8750000000000000000 ) ) ;
#1755 = CARTESIAN_POINT ( 'NONE',  ( 1.094999999999999751, 0.1250000000000000278, -0.5325000000000000844 ) ) ;
#1756 = ADVANCED_FACE ( 'NONE', ( #1913 ), #1738, .F. ) ;
#1757 = ORIENTED_EDGE ( 'NONE', *, *, #787, .T. ) ;
#1758 = CARTESIAN_POINT ( 'NONE',  ( 4.189999999999999503, 0.1874999999999999722, -1.000000000000000000 ) ) ;
#1759 = EDGE_LOOP ( 'NONE', ( #1033 ) ) ;
#1760 = VECTOR ( 'NONE', #1362, 39.37007874015748143 ) ;
#1761 = LINE ( 'NONE', #530, #1279 ) ;
#1762 = CIRCLE ( 'NONE', #8, 0.1049999999999998296 ) ;
#1763 = VECTOR ( 'NONE', #1010, 39.37007874015748143 ) ;
#1764 = VERTEX_POINT ( 'NONE', #334 ) ;
#1765 = CARTESIAN_POINT ( 'NONE',  ( -0.1875000000000000278, 0.000000000000000000, -0.8125000000000005551 ) ) ;
#1766 = CARTESIAN_POINT ( 'NONE',  ( 0.2491297570836758513, 0.1391145396341585405, -0.8520635621489685008 ) ) ;
#1767 = VECTOR ( 'NONE', #1485, 39.37007874015748854 ) ;
#1768 = ORIENTED_EDGE ( 'NONE', *, *, #403, .T. ) ;
#1769 = DIRECTION ( 'NONE',  ( 0.000000000000000000, 1.000000000000000000, -0.000000000000000000 ) ) ;
#1770 = ORIENTED_EDGE ( 'NONE', *, *, #329, .F. ) ;
#1771 = EDGE_CURVE ( 'NONE', #1576, #1836, #361, .T. ) ;
#1772 = ADVANCED_FACE ( 'NONE', ( #161 ), #1943, .F. ) ;
#1773 = CARTESIAN_POINT ( 'NONE',  ( 4.064999999999999503, 0.1250000000000000278, -0.7588495408493618477 ) ) ;
#1774 = ORIENTED_EDGE ( 'NONE', *, *, #1144, .F. ) ;
#1775 = FACE_BOUND ( 'NONE', #625, .T. ) ;
#1776 = CARTESIAN_POINT ( 'NONE',  ( -0.06250000000000001388, 0.000000000000000000, -0.8125000000000001110 ) ) ;
#1777 = ORIENTED_EDGE ( 'NONE', *, *, #1959, .F. ) ;
#1778 = DIRECTION ( 'NONE',  ( -1.000000000000000000, 0.000000000000000000, 3.491481338843132961E-15 ) ) ;
#1779 = DIRECTION ( 'NONE',  ( -1.000000000000000000, 0.000000000000000000, 3.746534391311064499E-15 ) ) ;
#1780 = ORIENTED_EDGE ( 'NONE', *, *, #95, .T. ) ;
#1781 = EDGE_CURVE ( 'NONE', #491, #402, #576, .T. ) ;
#1782 = CARTESIAN_POINT ( 'NONE',  ( -0.06250000000000305311, 0.000000000000000000, -1.569797909959337031E-14 ) ) ;
#1783 = EDGE_LOOP ( 'NONE', ( #873, #388, #1651, #726 ) ) ;
#1784 = CARTESIAN_POINT ( 'NONE',  ( 3.939733729134817786, 0.05067552888788311866, -0.9421425996590038210 ) ) ;
#1785 = CARTESIAN_POINT ( 'NONE',  ( 4.377499999999998614, 0.000000000000000000, -0.8125000000000005551 ) ) ;
#1786 = VERTEX_POINT ( 'NONE', #1488 ) ;
#1787 = CARTESIAN_POINT ( 'NONE',  ( 3.094999999999999751, 0.000000000000000000, -0.3449999999999998068 ) ) ;
#1788 = DIRECTION ( 'NONE',  ( -3.491481338843132961E-15, 0.000000000000000000, -1.000000000000000000 ) ) ;
#1789 = AXIS2_PLACEMENT_3D ( 'NONE', #519, #1128, #162 ) ;
#1790 = DIRECTION ( 'NONE',  ( -0.000000000000000000, 1.000000000000000000, -0.000000000000000000 ) ) ;
#1791 = AXIS2_PLACEMENT_3D ( 'NONE', #942, #1424, #20 ) ;
#1792 = CARTESIAN_POINT ( 'NONE',  ( 3.966549956017120682, 0.1176357875778057810, -0.9865108083092738456 ) ) ;
#1793 = VERTEX_POINT ( 'NONE', #1619 ) ;
#1794 = DIRECTION ( 'NONE',  ( -3.746534391311064499E-15, 0.000000000000000000, 1.000000000000000000 ) ) ;
#1795 = EDGE_CURVE ( 'NONE', #1007, #723, #76, .T. ) ;
#1796 = CARTESIAN_POINT ( 'NONE',  ( 3.959991889003003696, 0.1602742614798533527, -0.8687772323271494290 ) ) ;
#1797 = EDGE_CURVE ( 'NONE', #1457, #1884, #1180, .T. ) ;
#1798 = VERTEX_POINT ( 'NONE', #1776 ) ;
#1799 = DIRECTION ( 'NONE',  ( 0.000000000000000000, 0.000000000000000000, 1.000000000000000000 ) ) ;
#1800 = LINE ( 'NONE', #235, #376 ) ;
#1801 = VERTEX_POINT ( 'NONE', #241 ) ;
#1802 = VECTOR ( 'NONE', #1624, 39.37007874015748143 ) ;
#1803 = DIRECTION ( 'NONE',  ( 1.000000000000000000, -9.340058106462570261E-31, 3.491481338843132961E-15 ) ) ;
#1804 = CARTESIAN_POINT ( 'NONE',  ( 3.966549956017120682, 0.1642119291926019131, -0.8705036027697580225 ) ) ;
#1805 = CARTESIAN_POINT ( 'NONE',  ( 0.2181816483040141530, 0.1670732840366409566, -0.8715677700272808082 ) ) ;
#1806 = EDGE_CURVE ( 'NONE', #610, #1604, #660, .T. ) ;
#1807 = ORIENTED_EDGE ( 'NONE', *, *, #659, .F. ) ;
#1808 = LINE ( 'NONE', #1663, #1631 ) ;
#1809 = CARTESIAN_POINT ( 'NONE',  ( 4.252499999999998614, 1.929999999999999938, -0.8125000000000001110 ) ) ;
#1810 = ORIENTED_EDGE ( 'NONE', *, *, #1009, .F. ) ;
#1811 = B_SPLINE_SURFACE_WITH_KNOTS ( 'NONE', 1, 3, ( 
 ( #546, #525, #383, #996, #1132, #1784, #1598, #568, #1618, #557, #1008, #1627, #240, #859, #612, #602, #729, #1339, #916, #895, #1348, #259, #97, #1179, #887, #1977 ),
 ( #1659, #1969, #2001, #591, #298, #583, #1649, #1671, #1496, #1989, #1188, #1198, #1804, #413, #1222, #1813, #1045, #1027, #1514, #127, #106, #423, #879, #721, #1505, #750 ) ),
 .UNSPECIFIED., .F., .F., .F.,
 ( 2, 2 ),
 ( 4, 2, 2, 2, 2, 2, 2, 2, 2, 2, 2, 2, 4 ),
 ( 0.000000000000000000, 1.000000000000000000 ),
 ( 0.000000000000000000, 0.1250000000000000000, 0.2500000000000000000, 0.3750000000000000000, 0.4375000000000000000, 0.4687500000000000000, 0.4843750000000000000, 0.4921875000000000000, 0.4960937500000000000, 0.4980468750000000000, 0.5000000000000000000, 0.7500000000000000000, 1.000000000000000000 ),
 .UNSPECIFIED. ) ;
#1812 = CARTESIAN_POINT ( 'NONE',  ( 0.7824999999999996403, 0.000000000000000000, 2.731847993664263218E-16 ) ) ;
#1813 = CARTESIAN_POINT ( 'NONE',  ( 3.969841797252847471, 0.1660298226693550649, -0.8711967851921600392 ) ) ;
#1814 = CARTESIAN_POINT ( 'NONE',  ( 4.064999999999999503, 1.164363938219894923, -0.7588495408493618477 ) ) ;
#1815 = VERTEX_POINT ( 'NONE', #569 ) ;
#1816 = LINE ( 'NONE', #753, #541 ) ;
#1817 = DIRECTION ( 'NONE',  ( 0.000000000000000000, -1.000000000000000000, 0.000000000000000000 ) ) ;
#1818 = EDGE_CURVE ( 'NONE', #1238, #1764, #260, .T. ) ;
#1819 = VECTOR ( 'NONE', #972, 39.37007874015748143 ) ;
#1820 = CARTESIAN_POINT ( 'NONE',  ( 0.2276364604835196537, 0.1249999999999999861, -0.8124999999999998890 ) ) ;
#1821 = CARTESIAN_POINT ( 'NONE',  ( 4.377500000000003944, 0.5000000000000000000, -0.4999999999999834577 ) ) ;
#1822 = CARTESIAN_POINT ( 'NONE',  ( 0.2500000000000019984, 0.1250000000000000278, 2.731847993664263218E-16 ) ) ;
#1823 = DIRECTION ( 'NONE',  ( 1.000000000000000000, -0.000000000000000000, 3.491481338843132961E-15 ) ) ;
#1824 = VECTOR ( 'NONE', #1933, 39.37007874015748143 ) ;
#1825 = EDGE_LOOP ( 'NONE', ( #620, #979, #1616, #1148, #974, #349 ) ) ;
#1826 = CARTESIAN_POINT ( 'NONE',  ( 1.094999999999999751, -0.0003134842519685032951, -0.5325000000000000844 ) ) ;
#1827 = DIRECTION ( 'NONE',  ( 0.000000000000000000, 0.000000000000000000, 1.000000000000000000 ) ) ;
#1828 = CARTESIAN_POINT ( 'NONE',  ( 0.2448009243919968825, 0.1470487816491261313, -0.8602513697688071170 ) ) ;
#1829 = EDGE_CURVE ( 'NONE', #265, #265, #401, .T. ) ;
#1830 = EDGE_LOOP ( 'NONE', ( #766 ) ) ;
#1831 = AXIS2_PLACEMENT_3D ( 'NONE', #1426, #2009, #32 ) ;
#1832 = LINE ( 'NONE', #1187, #1668 ) ;
#1833 = AXIS2_PLACEMENT_3D ( 'NONE', #139, #448, #1682 ) ;
#1834 = FACE_OUTER_BOUND ( 'NONE', #876, .T. ) ;
#1835 = FACE_OUTER_BOUND ( 'NONE', #1404, .T. ) ;
#1836 = VERTEX_POINT ( 'NONE', #1692 ) ;
#1837 = DIRECTION ( 'NONE',  ( 0.000000000000000000, 1.000000000000000000, 0.000000000000000000 ) ) ;
#1838 = CARTESIAN_POINT ( 'NONE',  ( -0.1875000000000008604, 1.929999999999999938, -0.6250000000000004441 ) ) ;
#1839 =( CONVERSION_BASED_UNIT ( 'INCH', #113 ) LENGTH_UNIT ( ) NAMED_UNIT ( #319 ) );
#1840 = CARTESIAN_POINT ( 'NONE',  ( 0.000000000000000000, 1.929999999999999938, -0.8124999999999998890 ) ) ;
#1841 = CIRCLE ( 'NONE', #1581, 0.1049999999999998296 ) ;
#1842 = ORIENTED_EDGE ( 'NONE', *, *, #54, .T. ) ;
#1843 = PLANE ( 'NONE',  #984 ) ;
#1844 = EDGE_CURVE ( 'NONE', #1088, #1919, #1660, .T. ) ;
#1845 = DIRECTION ( 'NONE',  ( 0.000000000000000000, 1.000000000000000000, 0.000000000000000000 ) ) ;
#1846 = FACE_OUTER_BOUND ( 'NONE', #1064, .T. ) ;
#1847 = EDGE_LOOP ( 'NONE', ( #741, #881, #357, #426, #1600, #378, #1875, #675, #1022, #415, #1360, #224, #155, #343, #201, #1234 ) ) ;
#1848 = LINE ( 'NONE', #1353, #238 ) ;
#1849 = PLANE ( 'NONE',  #43 ) ;
#1850 =( LENGTH_UNIT ( ) NAMED_UNIT ( * ) SI_UNIT ( $, .METRE. ) );
#1851 = CARTESIAN_POINT ( 'NONE',  ( 0.2493096574505669349, 0.1301762943431312436, -0.8383315639382705742 ) ) ;
#1852 = ORIENTED_EDGE ( 'NONE', *, *, #379, .F. ) ;
#1853 = DIRECTION ( 'NONE',  ( 0.000000000000000000, 0.000000000000000000, 1.000000000000000000 ) ) ;
#1854 = CARTESIAN_POINT ( 'NONE',  ( 0.1454799345959144619, 0.1845078212811836205, -1.000000000000000000 ) ) ;
#1855 = DIRECTION ( 'NONE',  ( -0.000000000000000000, -1.000000000000000000, 0.000000000000000000 ) ) ;
#1856 = ORIENTED_EDGE ( 'NONE', *, *, #1436, .F. ) ;
#1857 = ADVANCED_FACE ( 'NONE', ( #584, #1233 ), #730, .F. ) ;
#1858 = VECTOR ( 'NONE', #178, 39.37007874015748143 ) ;
#1859 = FACE_OUTER_BOUND ( 'NONE', #249, .T. ) ;
#1860 = FACE_BOUND ( 'NONE', #774, .T. ) ;
#1861 = CIRCLE ( 'NONE', #1565, 0.1874999999999996947 ) ;
#1862 = CARTESIAN_POINT ( 'NONE',  ( 4.377500000000002167, 0.1249999999999993477, -1.792026232680667469E-14 ) ) ;
#1863 = VECTOR ( 'NONE', #882, 39.37007874015748854 ) ;
#1864 = EDGE_LOOP ( 'NONE', ( #420 ) ) ;
#1865 = LINE ( 'NONE', #1729, #1317 ) ;
#1866 = AXIS2_PLACEMENT_3D ( 'NONE', #966, #1613, #1917 ) ;
#1867 = CARTESIAN_POINT ( 'NONE',  ( 0.2184339208673127530, 0.1258216884340108699, -0.9895651169506377576 ) ) ;
#1868 = LINE ( 'NONE', #331, #204 ) ;
#1869 = AXIS2_PLACEMENT_3D ( 'NONE', #22, #809, #915 ) ;
#1870 = ORIENTED_EDGE ( 'NONE', *, *, #1468, .T. ) ;
#1871 = DIRECTION ( 'NONE',  ( 0.000000000000000000, -1.000000000000000000, 0.000000000000000000 ) ) ;
#1872 = DIRECTION ( 'NONE',  ( 1.000000000000000000, 0.000000000000000000, 0.000000000000000000 ) ) ;
#1873 = EDGE_CURVE ( 'NONE', #1890, #1561, #592, .T. ) ;
#1874 = FACE_OUTER_BOUND ( 'NONE', #1547, .T. ) ;
#1875 = ORIENTED_EDGE ( 'NONE', *, *, #1603, .T. ) ;
#1876 = FACE_OUTER_BOUND ( 'NONE', #181, .T. ) ;
#1877 = DIRECTION ( 'NONE',  ( -0.7071067811865505703, 0.000000000000000000, 0.7071067811865444641 ) ) ;
#1878 = VERTEX_POINT ( 'NONE', #666 ) ;
#1879 = ORIENTED_EDGE ( 'NONE', *, *, #649, .F. ) ;
#1880 = DIRECTION ( 'NONE',  ( -1.000000000000000000, 0.000000000000000000, -3.713525943768164663E-15 ) ) ;
#1881 = CARTESIAN_POINT ( 'NONE',  ( 0.2177593568592240125, 0.1268814136587584629, -0.9899308724003793580 ) ) ;
#1882 = CARTESIAN_POINT ( 'NONE',  ( -0.06250000000000001388, 1.929999999999999938, -0.8125000000000001110 ) ) ;
#1883 = ADVANCED_FACE ( 'NONE', ( #149 ), #107, .T. ) ;
#1884 = VERTEX_POINT ( 'NONE', #424 ) ;
#1885 = EDGE_CURVE ( 'NONE', #684, #929, #1350, .T. ) ;
#1886 = EDGE_CURVE ( 'NONE', #1172, #1793, #1516, .T. ) ;
#1887 = DIRECTION ( 'NONE',  ( -0.7071067811865493491, 0.000000000000000000, -0.7071067811865457964 ) ) ;
#1888 = CYLINDRICAL_SURFACE ( 'NONE', #607, 0.1049999999999999684 ) ;
#1889 = CARTESIAN_POINT ( 'NONE',  ( 3.949999999999999289, 1.554999999999999716, -1.000000000000000000 ) ) ;
#1890 = VERTEX_POINT ( 'NONE', #740 ) ;
#1891 = FACE_OUTER_BOUND ( 'NONE', #523, .T. ) ;
#1892 = CARTESIAN_POINT ( 'NONE',  ( 0.1249999999999999029, 0.1874999999999999722, -1.000000000000000000 ) ) ;
#1893 = DIRECTION ( 'NONE',  ( 0.000000000000000000, 0.000000000000000000, 1.000000000000000000 ) ) ;
#1894 = ORIENTED_EDGE ( 'NONE', *, *, #609, .F. ) ;
#1895 = B_SPLINE_CURVE_WITH_KNOTS ( 'NONE', 3,
 ( #1372, #1975, #1363, #284, #124, #1996, #463, #1666, #1676, #1051, #294, #1536, #1227, #902, #1522, #135, #114, #608, #1828, #589, #619, #275, #2016, #1195, #474, #453, #1851, #1074, #1041, #1820 ),
 .UNSPECIFIED., .F., .F.,
 ( 4, 2, 2, 2, 1, 1, 1, 1, 2, 2, 2, 2, 2, 2, 2, 2, 4 ),
 ( 0.000000000000000000, 0.2499999999999749090, 0.3749999999999623634, 0.4374999999999559797, 0.4687499999999525380, 0.4843749999999510947, 0.4921874999999510392, 0.4960937499999509281, 0.4980468749999507616, 0.4999999999999504841, 0.6249999999999518163, 0.6874999999999527045, 0.7187499999999532596, 0.7343749999999544809, 0.7499999999999557021, 0.8749999999999779066, 1.000000000000000000 ),
 .UNSPECIFIED. ) ;
#1896 = ADVANCED_FACE ( 'NONE', ( #1835 ), #1358, .T. ) ;
#1897 = VECTOR ( 'NONE', #733, 39.37007874015748143 ) ;
#1898 = CARTESIAN_POINT ( 'NONE',  ( -0.1875000000000025813, 0.000000000000000000, -0.1250000000000172362 ) ) ;
#1899 = VERTEX_POINT ( 'NONE', #158 ) ;
#1900 = DIRECTION ( 'NONE',  ( 1.000000000000000000, 0.000000000000000000, 0.000000000000000000 ) ) ;
#1901 = ORIENTED_EDGE ( 'NONE', *, *, #55, .T. ) ;
#1902 = DIRECTION ( 'NONE',  ( -0.000000000000000000, -1.000000000000000000, 0.000000000000000000 ) ) ;
#1903 = VECTOR ( 'NONE', #478, 39.37007874015748143 ) ;
#1904 = CARTESIAN_POINT ( 'NONE',  ( 0.2487520742630194570, 0.04557181817147211433, -0.9350518737867759000 ) ) ;
#1905 = DIRECTION ( 'NONE',  ( 0.000000000000000000, 1.000000000000000000, 0.000000000000000000 ) ) ;
#1906 = VERTEX_POINT ( 'NONE', #760 ) ;
#1907 = VECTOR ( 'NONE', #1124, 39.37007874015748143 ) ;
#1908 = FACE_OUTER_BOUND ( 'NONE', #1753, .T. ) ;
#1909 = EDGE_CURVE ( 'NONE', #1555, #1217, #1036, .T. ) ;
#1910 = LENGTH_MEASURE_WITH_UNIT ( LENGTH_MEASURE( 0.02539999999999999897 ), #1305 );
#1911 = ORIENTED_EDGE ( 'NONE', *, *, #946, .F. ) ;
#1912 = DIRECTION ( 'NONE',  ( -1.000000000000000000, 0.000000000000000000, -4.370956789862821150E-15 ) ) ;
#1913 = FACE_OUTER_BOUND ( 'NONE', #459, .T. ) ;
#1914 = VERTEX_POINT ( 'NONE', #1672 ) ;
#1915 = CARTESIAN_POINT ( 'NONE',  ( 3.282499999999999751, 0.000000000000000000, -0.3449999999999998068 ) ) ;
#1916 = ORIENTED_EDGE ( 'NONE', *, *, #1099, .T. ) ;
#1917 = DIRECTION ( 'NONE',  ( -3.746534391311064499E-15, 0.000000000000000000, 1.000000000000000000 ) ) ;
#1918 = AXIS2_PLACEMENT_3D ( 'NONE', #764, #1697, #1985 ) ;
#1919 = VERTEX_POINT ( 'NONE', #907 ) ;
#1920 = FACE_BOUND ( 'NONE', #717, .T. ) ;
#1921 = DIRECTION ( 'NONE',  ( -2.649199874044667512E-15, 0.7071067811865475727, 0.7071067811865474617 ) ) ;
#1922 = ADVANCED_FACE ( 'NONE', ( #289, #888 ), #1506, .F. ) ;
#1923 = ORIENTED_EDGE ( 'NONE', *, *, #1373, .T. ) ;
#1924 = CARTESIAN_POINT ( 'NONE',  ( 0.1249999999999999029, 0.000000000000000000, -0.7588495408493624028 ) ) ;
#1925 = CARTESIAN_POINT ( 'NONE',  ( -0.1875000000000000278, 0.1875000000000006661, -0.8125000000000006661 ) ) ;
#1926 = ORIENTED_EDGE ( 'NONE', *, *, #1220, .T. ) ;
#1927 = CARTESIAN_POINT ( 'NONE',  ( 3.968926685369108309, 0.1216002768890927371, -0.9880408679710990238 ) ) ;
#1928 = ORIENTED_EDGE ( 'NONE', *, *, #419, .T. ) ;
#1929 = CARTESIAN_POINT ( 'NONE',  ( 4.064999999999999503, 0.1875000000000000278, -0.9999999999999998890 ) ) ;
#1930 = CARTESIAN_POINT ( 'NONE',  ( 0.2158741042086084472, 0.1682538636891487138, -0.8719640259626800782 ) ) ;
#1931 = AXIS2_PLACEMENT_3D ( 'NONE', #1503, #445, #115 ) ;
#1932 = ORIENTED_EDGE ( 'NONE', *, *, #836, .T. ) ;
#1933 = DIRECTION ( 'NONE',  ( 3.746534391311064499E-15, -0.000000000000000000, -1.000000000000000000 ) ) ;
#1934 = CARTESIAN_POINT ( 'NONE',  ( 0.9074999999999995293, 0.1250000000000000278, -0.3449999999999999178 ) ) ;
#1935 = ADVANCED_FACE ( 'NONE', ( #1199 ), #1515, .F. ) ;
#1936 = ORIENTED_EDGE ( 'NONE', *, *, #1194, .F. ) ;
#1937 = AXIS2_PLACEMENT_3D ( 'NONE', #119, #1978, #279 ) ;
#1938 = LINE ( 'NONE', #1447, #1966 ) ;
#1939 = ORIENTED_EDGE ( 'NONE', *, *, #1435, .F. ) ;
#1940 = DIRECTION ( 'NONE',  ( -1.000000000000000000, 0.000000000000000000, 0.000000000000000000 ) ) ;
#1941 = CARTESIAN_POINT ( 'NONE',  ( 4.065000000000000391, 0.1874999999999999722, -0.8750000000000000000 ) ) ;
#1942 = AXIS2_PLACEMENT_3D ( 'NONE', #1207, #447, #1057 ) ;
#1943 = B_SPLINE_SURFACE_WITH_KNOTS ( 'NONE', 1, 3, ( 
 ( #1892, #526, #791, #1133, #19, #978, #1421, #781, #1402, #6, #803, #1115, #493, #1881, #48, #345, #482, #638, #961, #1105, #1726, #1257, #1585, #193, #970, #940, #1904, #325, #1248, #37, #1441, #1095, #1592, #952, #1574, #203 ),
 ( #28, #503, #814, #669, #518, #1276, #1748, #354, #215, #384, #1930, #830, #89, #1450, #1639, #1805, #722, #713, #558, #58, #251, #98, #1332, #223, #686, #414, #394, #839, #1766, #1599, #1297, #997, #1467, #1161, #1341, #1961 ) ),
 .UNSPECIFIED., .F., .F., .F.,
 ( 2, 2 ),
 ( 4, 2, 2, 2, 2, 2, 2, 2, 2, 2, 2, 2, 2, 2, 2, 2, 2, 4 ),
 ( 0.000000000000000000, 1.000000000000000000 ),
 ( 0.000000000000000000, 0.2500000000000000000, 0.3750000000000000000, 0.4375000000000000000, 0.4687500000000000000, 0.4843750000000000000, 0.4921875000000000000, 0.4960937500000000000, 0.4980468750000000000, 0.5000000000000000000, 0.6250000000000000000, 0.6875000000000000000, 0.7187500000000000000, 0.7343750000000000000, 0.7421875000000000000, 0.7500000000000000000, 0.8750000000000000000, 1.000000000000000000 ),
 .UNSPECIFIED. ) ;
#1944 = ORIENTED_EDGE ( 'NONE', *, *, #1615, .T. ) ;
#1945 = LINE ( 'NONE', #579, #431 ) ;
#1946 = DIRECTION ( 'NONE',  ( 1.000000000000000000, 0.000000000000000000, 3.491481338843132961E-15 ) ) ;
#1947 = ADVANCED_FACE ( 'NONE', ( #1990 ), #1527, .F. ) ;
#1948 = ORIENTED_EDGE ( 'NONE', *, *, #1157, .T. ) ;
#1949 = ADVANCED_FACE ( 'NONE', ( #1378, #1846 ), #299, .F. ) ;
#1950 = CARTESIAN_POINT ( 'NONE',  ( 3.962068935904499600, 0.1097431917629034942, -0.9831708272388215430 ) ) ;
#1951 = ORIENTED_EDGE ( 'NONE', *, *, #1482, .F. ) ;
#1952 = CARTESIAN_POINT ( 'NONE',  ( -0.06250000000000001388, 0.1875000000000006661, -0.8125000000000001110 ) ) ;
#1953 = DIRECTION ( 'NONE',  ( 3.746534391311064499E-15, -0.000000000000000000, 1.000000000000000000 ) ) ;
#1954 = ORIENTED_EDGE ( 'NONE', *, *, #1216, .F. ) ;
#1955 =( NAMED_UNIT ( * ) PLANE_ANGLE_UNIT ( ) SI_UNIT ( $, .RADIAN. ) );
#1956 = CARTESIAN_POINT ( 'NONE',  ( 4.189999999999999503, 0.000000000000000000, 2.731847993664263218E-16 ) ) ;
#1957 = ORIENTED_EDGE ( 'NONE', *, *, #1157, .F. ) ;
#1958 = DIRECTION ( 'NONE',  ( 0.000000000000000000, -0.000000000000000000, 1.000000000000000000 ) ) ;
#1959 = EDGE_CURVE ( 'NONE', #779, #840, #1560, .T. ) ;
#1960 = PLANE ( 'NONE',  #963 ) ;
#1961 = CARTESIAN_POINT ( 'NONE',  ( 0.2276364604835196537, 0.1249999999999999861, -0.8124999999999998890 ) ) ;
#1962 = VERTEX_POINT ( 'NONE', #1417 ) ;
#1963 = LINE ( 'NONE', #69, #504 ) ;
#1964 = PLANE ( 'NONE',  #180 ) ;
#1965 = ORIENTED_EDGE ( 'NONE', *, *, #923, .T. ) ;
#1966 = VECTOR ( 'NONE', #1292, 39.37007874015748143 ) ;
#1967 = LINE ( 'NONE', #137, #731 ) ;
#1968 = EDGE_CURVE ( 'NONE', #1322, #1333, #1868, .T. ) ;
#1969 = CARTESIAN_POINT ( 'NONE',  ( 3.953814440420730492, 0.1249999999999999584, -0.8197397888477722105 ) ) ;
#1970 = DIRECTION ( 'NONE',  ( 1.000000000000000000, 0.000000000000000000, 0.000000000000000000 ) ) ;
#1971 = ORIENTED_EDGE ( 'NONE', *, *, #1349, .F. ) ;
#1972 = CARTESIAN_POINT ( 'NONE',  ( 0.1249999999999999029, -3.881209056710948125E-17, -0.1250000000000012490 ) ) ;
#1973 = VECTOR ( 'NONE', #1794, 39.37007874015748143 ) ;
#1974 = DIRECTION ( 'NONE',  ( 2.731847993664265684E-16, 1.000000000000000000, -6.123233995736766036E-17 ) ) ;
#1975 = CARTESIAN_POINT ( 'NONE',  ( 0.1454813787986974360, 0.1865025367596355177, -0.8750000000000000000 ) ) ;
#1976 = FACE_OUTER_BOUND ( 'NONE', #1425, .T. ) ;
#1977 = CARTESIAN_POINT ( 'NONE',  ( 4.065000000000000391, 0.1874999999999999722, -1.000000000000000000 ) ) ;
#1978 = DIRECTION ( 'NONE',  ( -0.000000000000000000, -0.000000000000000000, 1.000000000000000000 ) ) ;
#1979 = EDGE_LOOP ( 'NONE', ( #1916, #1807, #1957, #1255, #1260, #1777 ) ) ;
#1980 = CARTESIAN_POINT ( 'NONE',  ( 4.377500000000000391, 1.929999999999999938, -0.6250000000000004441 ) ) ;
#1981 = PLANE ( 'NONE',  #1510 ) ;
#1982 = EDGE_CURVE ( 'NONE', #610, #1793, #1428, .T. ) ;
#1983 = ADVANCED_FACE ( 'NONE', ( #3, #811 ), #1702, .F. ) ;
#1984 = VERTEX_POINT ( 'NONE', #283 ) ;
#1985 = DIRECTION ( 'NONE',  ( 0.000000000000000000, 0.000000000000000000, 1.000000000000000000 ) ) ;
#1986 = CIRCLE ( 'NONE', #1267, 0.1049999999999999684 ) ;
#1987 = ORIENTED_EDGE ( 'NONE', *, *, #534, .F. ) ;
#1988 = CARTESIAN_POINT ( 'NONE',  ( 1.094999999999999751, 0.000000000000000000, -0.3449999999999998068 ) ) ;
#1989 = CARTESIAN_POINT ( 'NONE',  ( 3.959991889003003251, 0.1602742614798533249, -0.8687772323271492070 ) ) ;
#1990 = FACE_OUTER_BOUND ( 'NONE', #4, .T. ) ;
#1991 = AXIS2_PLACEMENT_3D ( 'NONE', #1580, #788, #1398 ) ;
#1992 = ORIENTED_EDGE ( 'NONE', *, *, #908, .T. ) ;
#1993 = DIRECTION ( 'NONE',  ( 0.000000000000000000, 0.000000000000000000, 1.000000000000000000 ) ) ;
#1994 = CARTESIAN_POINT ( 'NONE',  ( 4.189999999999999503, 0.000000000000000000, -1.000000000000000000 ) ) ;
#1995 = MECHANICAL_DESIGN_GEOMETRIC_PRESENTATION_REPRESENTATION (  '', ( #1344 ), #143 ) ;
#1996 = CARTESIAN_POINT ( 'NONE',  ( 0.2039823515422739542, 0.1734685275418569594, -0.8734162141904783239 ) ) ;
#1997 = ADVANCED_FACE ( 'NONE', ( #1550 ), #937, .F. ) ;
#1998 = EDGE_LOOP ( 'NONE', ( #2013, #1523, #385, #1205 ) ) ;
#1999 = CIRCLE ( 'NONE', #1118, 0.1874999999999996947 ) ;
#2000 = FACE_OUTER_BOUND ( 'NONE', #1200, .T. ) ;
#2001 = CARTESIAN_POINT ( 'NONE',  ( 3.947594989004188371, 0.1262661229697630838, -0.8267601337505597892 ) ) ;
#2002 = CARTESIAN_POINT ( 'NONE',  ( 3.844999999999998863, 1.554999999999999716, -0.8750000000000000000 ) ) ;
#2003 = EDGE_LOOP ( 'NONE', ( #1923 ) ) ;
#2004 = CARTESIAN_POINT ( 'NONE',  ( 4.252499999999998614, 0.000000000000000000, -0.8125000000000001110 ) ) ;
#2005 = LINE ( 'NONE', #1226, #552 ) ;
#2006 = DIRECTION ( 'NONE',  ( 0.000000000000000000, 0.000000000000000000, 1.000000000000000000 ) ) ;
#2007 = AXIS2_PLACEMENT_3D ( 'NONE', #685, #848, #693 ) ;
#2008 = ORIENTED_EDGE ( 'NONE', *, *, #1032, .T. ) ;
#2009 = DIRECTION ( 'NONE',  ( -1.000000000000000000, 0.000000000000000000, 3.746534391311064499E-15 ) ) ;
#2010 = EDGE_CURVE ( 'NONE', #1962, #185, #928, .T. ) ;
#2011 = CARTESIAN_POINT ( 'NONE',  ( 0.2276364604835197925, 0.000000000000000000, -0.8124999999999998890 ) ) ;
#2012 = DIRECTION ( 'NONE',  ( -0.000000000000000000, -0.000000000000000000, 1.000000000000000000 ) ) ;
#2013 = ORIENTED_EDGE ( 'NONE', *, *, #120, .F. ) ;
#2014 = DIRECTION ( 'NONE',  ( -3.272366624345613234E-15, -0.3486767304765153730, -0.9372430515208994839 ) ) ;
#2015 = FACE_BOUND ( 'NONE', #1704, .T. ) ;
#2016 = CARTESIAN_POINT ( 'NONE',  ( 0.2487520742630194848, 0.1401906060571573576, -0.8533506245955919667 ) ) ;
#2017 = CIRCLE ( 'NONE', #1918, 0.1875000000000001388 ) ;
#2018 = VERTEX_POINT ( 'NONE', #634 ) ;
#2019 = LINE ( 'NONE', #1089, #112 ) ;
ENDSEC;
END-ISO-10303-21;
