ISO-10303-21;
HEADER;
FILE_DESCRIPTION(('STEP AP214'),'1');
FILE_NAME('pulley_32_5m__09_2.stp','2019-01-26T16:36:36',('TraceParts'),('TraceParts S.A.'),'Spatial InterOp 3D',' ',' ');
FILE_SCHEMA(('automotive_design'));
ENDSEC;
DATA;
#1=PRODUCT_DEFINITION_CONTEXT('',#9,'design');
#2=APPLICATION_PROTOCOL_DEFINITION('INTERNATIONAL STANDARD','automotive_design',1994,#9);
#3=PRODUCT_CATEGORY_RELATIONSHIP('NONE','NONE',#10,#11);
#4=SHAPE_DEFINITION_REPRESENTATION(#12,#13);
#5= (GEOMETRIC_REPRESENTATION_CONTEXT(3)GLOBAL_UNCERTAINTY_ASSIGNED_CONTEXT((#16))GLOBAL_UNIT_ASSIGNED_CONTEXT((#18,#19,#20))REPRESENTATION_CONTEXT('NONE','WORKSPACE'));
#9=APPLICATION_CONTEXT(' ');
#10=PRODUCT_CATEGORY('part','NONE');
#11=PRODUCT_RELATED_PRODUCT_CATEGORY('detail',' ',(#22));
#12=PRODUCT_DEFINITION_SHAPE('NONE','NONE',#23);
#13=ADVANCED_BREP_SHAPE_REPRESENTATION('pulley_32_5m__09_2',(#24,#25),#5);
#16=UNCERTAINTY_MEASURE_WITH_UNIT(LENGTH_MEASURE(1.0E-006),#18,'','');
#18= (CONVERSION_BASED_UNIT('MILLIMETRE',#28)LENGTH_UNIT()NAMED_UNIT(#31));
#19= (NAMED_UNIT(#33)PLANE_ANGLE_UNIT()SI_UNIT($,.RADIAN.));
#20= (NAMED_UNIT(#33)SOLID_ANGLE_UNIT()SI_UNIT($,.STERADIAN.));
#22=PRODUCT('pulley_32_5m__09_2','pulley_32_5m__09_2','PART-pulley_32_5m__09_2-DESC',(#39));
#23=PRODUCT_DEFINITION('NONE','NONE',#40,#1);
#24=MANIFOLD_SOLID_BREP('pulley_32_5m__09_2',#41);
#25=AXIS2_PLACEMENT_3D('',#42,#43,#44);
#28=LENGTH_MEASURE_WITH_UNIT(LENGTH_MEASURE(1.0),#45);
#31=DIMENSIONAL_EXPONENTS(1.0,0.0,0.0,0.0,0.0,0.0,0.0);
#33=DIMENSIONAL_EXPONENTS(0.0,0.0,0.0,0.0,0.0,0.0,0.0);
#39=PRODUCT_CONTEXT('',#9,'mechanical');
#40=PRODUCT_DEFINITION_FORMATION_WITH_SPECIFIED_SOURCE(' ','NONE',#22,.NOT_KNOWN.);
#41=CLOSED_SHELL('',(#46,#47,#48,#49,#50,#51,#52,#53,#54,#55,#56,#57,#58,#59,#60,#61,#62,#63,#64,#65,#66,#67,#68,#69,#70,#71,#72,#73,#74,#75,#76,#77,#78,#79,#80,#81,#82,#83,#84,#85,#86,#87,#88,#89,#90,#91,#92,#93,#94,#95,#96,#97,#98,#99,#100,#101,#102,#103,#104,#105,#106,#107,#108,#109,#110,#111,#112,#113,#114,#115,#116,#117,#118,#119,#120,#121,#122,#123,#124,#125,#126,#127,#128,#129,#130,#131,#132,#133,#134,#135,#136,#137,#138,#139,#140,#141,#142,#143,#144,#145,#146,#147,#148,#149,#150,#151,#152,#153,#154,#155,#156,#157,#158,#159,#160,#161,#162,#163,#164,#165,#166,#167,#168,#169,#170,#171,#172,#173,#174,#175,#176,#177,#178,#179,#180,#181,#182,#183,#184,#185,#186,#187,#188,#189,#190,#191,#192,#193,#194,#195,#196,#197,#198,#199,#200,#201,#202,#203,#204,#205,#206,#207,#208,#209,#210,#211,#212,#213,#214,#215,#216,#217,#218,#219,#220,#221,#222,#223,#224,#225,#226,#227,#228,#229,#230,#231,#232,#233,#234,#235,#236,#237,#238,#239,#240,#241,#242,#243,#244,#245,#246,#247,#248,#249,#250,#251,#252,#253,#254,#255,#256,#257,#258,#259,#260,#261,#262,#263,#264,#265,#266,#267,#268,#269,#270,#271,#272,#273,#274,#275,#276,#277,#278,#279,#280,#281,#282,#283,#284,#285,#286,#287,#288,#289,#290,#291,#292,#293,#294,#295,#296,#297,#298,#299,#300,#301,#302,#303,#304,#305,#306,#307,#308,#309,#310,#311,#312,#313,#314,#315,#316));
#42=CARTESIAN_POINT('',(0.0,0.0,0.0));
#43=DIRECTION('',(0.0,0.0,1.0));
#44=DIRECTION('',(1.0,0.0,0.0));
#45= (NAMED_UNIT(#31)LENGTH_UNIT()SI_UNIT(.MILLI.,.METRE.));
#46=ADVANCED_FACE('',(#318),#319,.T.);
#47=ADVANCED_FACE('',(#320),#321,.T.);
#48=ADVANCED_FACE('',(#322),#323,.T.);
#49=ADVANCED_FACE('',(#324),#325,.T.);
#50=ADVANCED_FACE('',(#326),#327,.T.);
#51=ADVANCED_FACE('',(#328),#329,.F.);
#52=ADVANCED_FACE('',(#330),#331,.F.);
#53=ADVANCED_FACE('',(#332),#333,.T.);
#54=ADVANCED_FACE('',(#334,#335),#336,.T.);
#55=ADVANCED_FACE('',(#337),#338,.T.);
#56=ADVANCED_FACE('',(#339),#340,.T.);
#57=ADVANCED_FACE('',(#341),#342,.T.);
#58=ADVANCED_FACE('',(#343),#344,.T.);
#59=ADVANCED_FACE('',(#345),#346,.T.);
#60=ADVANCED_FACE('',(#347),#348,.T.);
#61=ADVANCED_FACE('',(#349),#350,.T.);
#62=ADVANCED_FACE('',(#351),#352,.T.);
#63=ADVANCED_FACE('',(#353),#354,.T.);
#64=ADVANCED_FACE('',(#355),#356,.T.);
#65=ADVANCED_FACE('',(#357),#358,.T.);
#66=ADVANCED_FACE('',(#359),#360,.T.);
#67=ADVANCED_FACE('',(#361),#362,.T.);
#68=ADVANCED_FACE('',(#363),#364,.T.);
#69=ADVANCED_FACE('',(#365),#366,.T.);
#70=ADVANCED_FACE('',(#367),#368,.T.);
#71=ADVANCED_FACE('',(#369),#370,.T.);
#72=ADVANCED_FACE('',(#371),#372,.T.);
#73=ADVANCED_FACE('',(#373),#374,.T.);
#74=ADVANCED_FACE('',(#375),#376,.T.);
#75=ADVANCED_FACE('',(#377),#378,.T.);
#76=ADVANCED_FACE('',(#379),#380,.T.);
#77=ADVANCED_FACE('',(#381),#382,.T.);
#78=ADVANCED_FACE('',(#383),#384,.T.);
#79=ADVANCED_FACE('',(#385),#386,.T.);
#80=ADVANCED_FACE('',(#387),#388,.T.);
#81=ADVANCED_FACE('',(#389),#390,.T.);
#82=ADVANCED_FACE('',(#391),#392,.T.);
#83=ADVANCED_FACE('',(#393),#394,.T.);
#84=ADVANCED_FACE('',(#395),#396,.T.);
#85=ADVANCED_FACE('',(#397),#398,.T.);
#86=ADVANCED_FACE('',(#399),#400,.T.);
#87=ADVANCED_FACE('',(#401),#402,.T.);
#88=ADVANCED_FACE('',(#403),#404,.T.);
#89=ADVANCED_FACE('',(#405),#406,.F.);
#90=ADVANCED_FACE('',(#407),#408,.F.);
#91=ADVANCED_FACE('',(#409),#410,.F.);
#92=ADVANCED_FACE('',(#411),#412,.T.);
#93=ADVANCED_FACE('',(#413),#414,.T.);
#94=ADVANCED_FACE('',(#415),#416,.T.);
#95=ADVANCED_FACE('',(#417),#418,.F.);
#96=ADVANCED_FACE('',(#419),#420,.F.);
#97=ADVANCED_FACE('',(#421),#422,.F.);
#98=ADVANCED_FACE('',(#423),#424,.T.);
#99=ADVANCED_FACE('',(#425),#426,.T.);
#100=ADVANCED_FACE('',(#427),#428,.T.);
#101=ADVANCED_FACE('',(#429),#430,.F.);
#102=ADVANCED_FACE('',(#431),#432,.F.);
#103=ADVANCED_FACE('',(#433),#434,.F.);
#104=ADVANCED_FACE('',(#435),#436,.T.);
#105=ADVANCED_FACE('',(#437),#438,.T.);
#106=ADVANCED_FACE('',(#439),#440,.T.);
#107=ADVANCED_FACE('',(#441),#442,.F.);
#108=ADVANCED_FACE('',(#443),#444,.F.);
#109=ADVANCED_FACE('',(#445),#446,.F.);
#110=ADVANCED_FACE('',(#447),#448,.T.);
#111=ADVANCED_FACE('',(#449),#450,.T.);
#112=ADVANCED_FACE('',(#451),#452,.T.);
#113=ADVANCED_FACE('',(#453),#454,.F.);
#114=ADVANCED_FACE('',(#455),#456,.F.);
#115=ADVANCED_FACE('',(#457),#458,.F.);
#116=ADVANCED_FACE('',(#459),#460,.T.);
#117=ADVANCED_FACE('',(#461),#462,.T.);
#118=ADVANCED_FACE('',(#463),#464,.T.);
#119=ADVANCED_FACE('',(#465),#466,.F.);
#120=ADVANCED_FACE('',(#467),#468,.F.);
#121=ADVANCED_FACE('',(#469),#470,.F.);
#122=ADVANCED_FACE('',(#471),#472,.T.);
#123=ADVANCED_FACE('',(#473),#474,.T.);
#124=ADVANCED_FACE('',(#475),#476,.T.);
#125=ADVANCED_FACE('',(#477),#478,.F.);
#126=ADVANCED_FACE('',(#479),#480,.F.);
#127=ADVANCED_FACE('',(#481),#482,.F.);
#128=ADVANCED_FACE('',(#483),#484,.T.);
#129=ADVANCED_FACE('',(#485),#486,.T.);
#130=ADVANCED_FACE('',(#487),#488,.T.);
#131=ADVANCED_FACE('',(#489),#490,.F.);
#132=ADVANCED_FACE('',(#491),#492,.F.);
#133=ADVANCED_FACE('',(#493),#494,.F.);
#134=ADVANCED_FACE('',(#495),#496,.T.);
#135=ADVANCED_FACE('',(#497),#498,.T.);
#136=ADVANCED_FACE('',(#499),#500,.T.);
#137=ADVANCED_FACE('',(#501),#502,.F.);
#138=ADVANCED_FACE('',(#503),#504,.F.);
#139=ADVANCED_FACE('',(#505),#506,.F.);
#140=ADVANCED_FACE('',(#507),#508,.T.);
#141=ADVANCED_FACE('',(#509),#510,.T.);
#142=ADVANCED_FACE('',(#511),#512,.T.);
#143=ADVANCED_FACE('',(#513),#514,.F.);
#144=ADVANCED_FACE('',(#515),#516,.F.);
#145=ADVANCED_FACE('',(#517),#518,.F.);
#146=ADVANCED_FACE('',(#519),#520,.T.);
#147=ADVANCED_FACE('',(#521),#522,.T.);
#148=ADVANCED_FACE('',(#523),#524,.T.);
#149=ADVANCED_FACE('',(#525),#526,.F.);
#150=ADVANCED_FACE('',(#527),#528,.F.);
#151=ADVANCED_FACE('',(#529),#530,.F.);
#152=ADVANCED_FACE('',(#531),#532,.T.);
#153=ADVANCED_FACE('',(#533),#534,.T.);
#154=ADVANCED_FACE('',(#535),#536,.T.);
#155=ADVANCED_FACE('',(#537),#538,.F.);
#156=ADVANCED_FACE('',(#539),#540,.F.);
#157=ADVANCED_FACE('',(#541),#542,.F.);
#158=ADVANCED_FACE('',(#543),#544,.T.);
#159=ADVANCED_FACE('',(#545),#546,.T.);
#160=ADVANCED_FACE('',(#547),#548,.T.);
#161=ADVANCED_FACE('',(#549),#550,.F.);
#162=ADVANCED_FACE('',(#551),#552,.F.);
#163=ADVANCED_FACE('',(#553),#554,.F.);
#164=ADVANCED_FACE('',(#555),#556,.T.);
#165=ADVANCED_FACE('',(#557),#558,.T.);
#166=ADVANCED_FACE('',(#559),#560,.T.);
#167=ADVANCED_FACE('',(#561),#562,.F.);
#168=ADVANCED_FACE('',(#563),#564,.F.);
#169=ADVANCED_FACE('',(#565),#566,.F.);
#170=ADVANCED_FACE('',(#567),#568,.T.);
#171=ADVANCED_FACE('',(#569),#570,.T.);
#172=ADVANCED_FACE('',(#571),#572,.T.);
#173=ADVANCED_FACE('',(#573),#574,.F.);
#174=ADVANCED_FACE('',(#575),#576,.F.);
#175=ADVANCED_FACE('',(#577),#578,.F.);
#176=ADVANCED_FACE('',(#579),#580,.T.);
#177=ADVANCED_FACE('',(#581),#582,.T.);
#178=ADVANCED_FACE('',(#583),#584,.T.);
#179=ADVANCED_FACE('',(#585),#586,.F.);
#180=ADVANCED_FACE('',(#587),#588,.F.);
#181=ADVANCED_FACE('',(#589),#590,.F.);
#182=ADVANCED_FACE('',(#591),#592,.T.);
#183=ADVANCED_FACE('',(#593),#594,.T.);
#184=ADVANCED_FACE('',(#595),#596,.T.);
#185=ADVANCED_FACE('',(#597),#598,.T.);
#186=ADVANCED_FACE('',(#599),#600,.T.);
#187=ADVANCED_FACE('',(#601),#602,.T.);
#188=ADVANCED_FACE('',(#603),#604,.T.);
#189=ADVANCED_FACE('',(#605),#606,.T.);
#190=ADVANCED_FACE('',(#607),#608,.T.);
#191=ADVANCED_FACE('',(#609),#610,.T.);
#192=ADVANCED_FACE('',(#611),#612,.T.);
#193=ADVANCED_FACE('',(#613),#614,.T.);
#194=ADVANCED_FACE('',(#615),#616,.T.);
#195=ADVANCED_FACE('',(#617),#618,.T.);
#196=ADVANCED_FACE('',(#619),#620,.T.);
#197=ADVANCED_FACE('',(#621),#622,.T.);
#198=ADVANCED_FACE('',(#623),#624,.T.);
#199=ADVANCED_FACE('',(#625),#626,.T.);
#200=ADVANCED_FACE('',(#627),#628,.T.);
#201=ADVANCED_FACE('',(#629),#630,.T.);
#202=ADVANCED_FACE('',(#631),#632,.T.);
#203=ADVANCED_FACE('',(#633),#634,.T.);
#204=ADVANCED_FACE('',(#635),#636,.T.);
#205=ADVANCED_FACE('',(#637),#638,.T.);
#206=ADVANCED_FACE('',(#639),#640,.T.);
#207=ADVANCED_FACE('',(#641),#642,.T.);
#208=ADVANCED_FACE('',(#643),#644,.T.);
#209=ADVANCED_FACE('',(#645),#646,.T.);
#210=ADVANCED_FACE('',(#647),#648,.T.);
#211=ADVANCED_FACE('',(#649),#650,.T.);
#212=ADVANCED_FACE('',(#651),#652,.T.);
#213=ADVANCED_FACE('',(#653),#654,.T.);
#214=ADVANCED_FACE('',(#655),#656,.T.);
#215=ADVANCED_FACE('',(#657),#658,.T.);
#216=ADVANCED_FACE('',(#659),#660,.T.);
#217=ADVANCED_FACE('',(#661),#662,.T.);
#218=ADVANCED_FACE('',(#663),#664,.T.);
#219=ADVANCED_FACE('',(#665),#666,.T.);
#220=ADVANCED_FACE('',(#667),#668,.T.);
#221=ADVANCED_FACE('',(#669),#670,.T.);
#222=ADVANCED_FACE('',(#671),#672,.F.);
#223=ADVANCED_FACE('',(#673),#674,.F.);
#224=ADVANCED_FACE('',(#675),#676,.F.);
#225=ADVANCED_FACE('',(#677),#678,.T.);
#226=ADVANCED_FACE('',(#679),#680,.T.);
#227=ADVANCED_FACE('',(#681),#682,.T.);
#228=ADVANCED_FACE('',(#683),#684,.F.);
#229=ADVANCED_FACE('',(#685),#686,.F.);
#230=ADVANCED_FACE('',(#687),#688,.F.);
#231=ADVANCED_FACE('',(#689),#690,.T.);
#232=ADVANCED_FACE('',(#691),#692,.T.);
#233=ADVANCED_FACE('',(#693),#694,.T.);
#234=ADVANCED_FACE('',(#695),#696,.F.);
#235=ADVANCED_FACE('',(#697),#698,.F.);
#236=ADVANCED_FACE('',(#699),#700,.F.);
#237=ADVANCED_FACE('',(#701),#702,.T.);
#238=ADVANCED_FACE('',(#703),#704,.T.);
#239=ADVANCED_FACE('',(#705),#706,.T.);
#240=ADVANCED_FACE('',(#707),#708,.F.);
#241=ADVANCED_FACE('',(#709),#710,.F.);
#242=ADVANCED_FACE('',(#711),#712,.F.);
#243=ADVANCED_FACE('',(#713),#714,.T.);
#244=ADVANCED_FACE('',(#715),#716,.T.);
#245=ADVANCED_FACE('',(#717),#718,.T.);
#246=ADVANCED_FACE('',(#719),#720,.F.);
#247=ADVANCED_FACE('',(#721),#722,.F.);
#248=ADVANCED_FACE('',(#723),#724,.F.);
#249=ADVANCED_FACE('',(#725),#726,.T.);
#250=ADVANCED_FACE('',(#727),#728,.T.);
#251=ADVANCED_FACE('',(#729),#730,.T.);
#252=ADVANCED_FACE('',(#731),#732,.F.);
#253=ADVANCED_FACE('',(#733),#734,.F.);
#254=ADVANCED_FACE('',(#735),#736,.F.);
#255=ADVANCED_FACE('',(#737),#738,.T.);
#256=ADVANCED_FACE('',(#739),#740,.T.);
#257=ADVANCED_FACE('',(#741),#742,.T.);
#258=ADVANCED_FACE('',(#743),#744,.F.);
#259=ADVANCED_FACE('',(#745),#746,.F.);
#260=ADVANCED_FACE('',(#747),#748,.F.);
#261=ADVANCED_FACE('',(#749),#750,.T.);
#262=ADVANCED_FACE('',(#751),#752,.T.);
#263=ADVANCED_FACE('',(#753),#754,.T.);
#264=ADVANCED_FACE('',(#755),#756,.F.);
#265=ADVANCED_FACE('',(#757),#758,.F.);
#266=ADVANCED_FACE('',(#759),#760,.F.);
#267=ADVANCED_FACE('',(#761),#762,.T.);
#268=ADVANCED_FACE('',(#763),#764,.T.);
#269=ADVANCED_FACE('',(#765),#766,.T.);
#270=ADVANCED_FACE('',(#767),#768,.F.);
#271=ADVANCED_FACE('',(#769),#770,.F.);
#272=ADVANCED_FACE('',(#771),#772,.F.);
#273=ADVANCED_FACE('',(#773),#774,.T.);
#274=ADVANCED_FACE('',(#775),#776,.T.);
#275=ADVANCED_FACE('',(#777),#778,.T.);
#276=ADVANCED_FACE('',(#779),#780,.F.);
#277=ADVANCED_FACE('',(#781),#782,.F.);
#278=ADVANCED_FACE('',(#783),#784,.F.);
#279=ADVANCED_FACE('',(#785),#786,.T.);
#280=ADVANCED_FACE('',(#787),#788,.T.);
#281=ADVANCED_FACE('',(#789),#790,.T.);
#282=ADVANCED_FACE('',(#791),#792,.F.);
#283=ADVANCED_FACE('',(#793),#794,.F.);
#284=ADVANCED_FACE('',(#795),#796,.F.);
#285=ADVANCED_FACE('',(#797),#798,.T.);
#286=ADVANCED_FACE('',(#799),#800,.T.);
#287=ADVANCED_FACE('',(#801),#802,.T.);
#288=ADVANCED_FACE('',(#803),#804,.F.);
#289=ADVANCED_FACE('',(#805),#806,.F.);
#290=ADVANCED_FACE('',(#807),#808,.F.);
#291=ADVANCED_FACE('',(#809),#810,.T.);
#292=ADVANCED_FACE('',(#811),#812,.T.);
#293=ADVANCED_FACE('',(#813),#814,.T.);
#294=ADVANCED_FACE('',(#815),#816,.F.);
#295=ADVANCED_FACE('',(#817),#818,.F.);
#296=ADVANCED_FACE('',(#819),#820,.F.);
#297=ADVANCED_FACE('',(#821),#822,.T.);
#298=ADVANCED_FACE('',(#823),#824,.T.);
#299=ADVANCED_FACE('',(#825),#826,.T.);
#300=ADVANCED_FACE('',(#827),#828,.F.);
#301=ADVANCED_FACE('',(#829),#830,.F.);
#302=ADVANCED_FACE('',(#831),#832,.F.);
#303=ADVANCED_FACE('',(#833),#834,.T.);
#304=ADVANCED_FACE('',(#835),#836,.T.);
#305=ADVANCED_FACE('',(#837),#838,.T.);
#306=ADVANCED_FACE('',(#839),#840,.F.);
#307=ADVANCED_FACE('',(#841),#842,.F.);
#308=ADVANCED_FACE('',(#843,#844),#845,.T.);
#309=ADVANCED_FACE('',(#846),#847,.F.);
#310=ADVANCED_FACE('',(#848),#849,.F.);
#311=ADVANCED_FACE('',(#850),#851,.T.);
#312=ADVANCED_FACE('',(#852),#853,.F.);
#313=ADVANCED_FACE('',(#854),#855,.T.);
#314=ADVANCED_FACE('',(#856),#857,.F.);
#315=ADVANCED_FACE('',(#858),#859,.T.);
#316=ADVANCED_FACE('',(#860,#861),#862,.T.);
#318=FACE_OUTER_BOUND('',#863,.T.);
#319=CONICAL_SURFACE('',#864,25.9365249545297,0.855337205890121);
#320=FACE_OUTER_BOUND('',#865,.T.);
#321=CONICAL_SURFACE('',#866,26.8070398373966,0.349065850398866);
#322=FACE_OUTER_BOUND('',#867,.T.);
#323=CONICAL_SURFACE('',#868,25.9365249545297,0.855337205890121);
#324=FACE_OUTER_BOUND('',#869,.T.);
#325=CONICAL_SURFACE('',#870,26.8070398373966,0.349065850398866);
#326=FACE_OUTER_BOUND('',#871,.T.);
#327=CYLINDRICAL_SURFACE('',#872,19.0);
#328=FACE_OUTER_BOUND('',#873,.T.);
#329=CYLINDRICAL_SURFACE('',#874,1.0);
#330=FACE_OUTER_BOUND('',#875,.T.);
#331=CYLINDRICAL_SURFACE('',#876,1.0);
#332=FACE_OUTER_BOUND('',#877,.T.);
#333=CYLINDRICAL_SURFACE('',#878,19.0);
#334=FACE_BOUND('',#879,.T.);
#335=FACE_OUTER_BOUND('',#880,.T.);
#336=PLANE('',#881);
#337=FACE_OUTER_BOUND('',#882,.T.);
#338=PLANE('',#883);
#339=FACE_OUTER_BOUND('',#884,.T.);
#340=PLANE('',#885);
#341=FACE_OUTER_BOUND('',#886,.T.);
#342=PLANE('',#887);
#343=FACE_OUTER_BOUND('',#888,.T.);
#344=PLANE('',#889);
#345=FACE_OUTER_BOUND('',#890,.T.);
#346=PLANE('',#891);
#347=FACE_OUTER_BOUND('',#892,.T.);
#348=PLANE('',#893);
#349=FACE_OUTER_BOUND('',#894,.T.);
#350=PLANE('',#895);
#351=FACE_OUTER_BOUND('',#896,.T.);
#352=PLANE('',#897);
#353=FACE_OUTER_BOUND('',#898,.T.);
#354=PLANE('',#899);
#355=FACE_OUTER_BOUND('',#900,.T.);
#356=PLANE('',#901);
#357=FACE_OUTER_BOUND('',#902,.T.);
#358=PLANE('',#903);
#359=FACE_OUTER_BOUND('',#904,.T.);
#360=PLANE('',#905);
#361=FACE_OUTER_BOUND('',#906,.T.);
#362=PLANE('',#907);
#363=FACE_OUTER_BOUND('',#908,.T.);
#364=PLANE('',#909);
#365=FACE_OUTER_BOUND('',#910,.T.);
#366=PLANE('',#911);
#367=FACE_OUTER_BOUND('',#912,.T.);
#368=PLANE('',#913);
#369=FACE_OUTER_BOUND('',#914,.T.);
#370=PLANE('',#915);
#371=FACE_OUTER_BOUND('',#916,.T.);
#372=PLANE('',#917);
#373=FACE_OUTER_BOUND('',#918,.T.);
#374=PLANE('',#919);
#375=FACE_OUTER_BOUND('',#920,.T.);
#376=PLANE('',#921);
#377=FACE_OUTER_BOUND('',#922,.T.);
#378=PLANE('',#923);
#379=FACE_OUTER_BOUND('',#924,.T.);
#380=PLANE('',#925);
#381=FACE_OUTER_BOUND('',#926,.T.);
#382=PLANE('',#927);
#383=FACE_OUTER_BOUND('',#928,.T.);
#384=PLANE('',#929);
#385=FACE_OUTER_BOUND('',#930,.T.);
#386=PLANE('',#931);
#387=FACE_OUTER_BOUND('',#932,.T.);
#388=PLANE('',#933);
#389=FACE_OUTER_BOUND('',#934,.T.);
#390=PLANE('',#935);
#391=FACE_OUTER_BOUND('',#936,.T.);
#392=PLANE('',#937);
#393=FACE_OUTER_BOUND('',#938,.T.);
#394=PLANE('',#939);
#395=FACE_OUTER_BOUND('',#940,.T.);
#396=PLANE('',#941);
#397=FACE_OUTER_BOUND('',#942,.T.);
#398=PLANE('',#943);
#399=FACE_OUTER_BOUND('',#944,.T.);
#400=CONICAL_SURFACE('',#945,26.8070398373966,0.349065850398866);
#401=FACE_OUTER_BOUND('',#946,.T.);
#402=CONICAL_SURFACE('',#947,25.9365249545297,0.855337205890121);
#403=FACE_OUTER_BOUND('',#948,.T.);
#404=PLANE('',#949);
#405=FACE_OUTER_BOUND('',#950,.T.);
#406=PLANE('',#951);
#407=FACE_OUTER_BOUND('',#952,.T.);
#408=CYLINDRICAL_SURFACE('',#953,1.6);
#409=FACE_OUTER_BOUND('',#954,.T.);
#410=PLANE('',#955);
#411=FACE_OUTER_BOUND('',#956,.T.);
#412=CYLINDRICAL_SURFACE('',#957,0.399999999999999);
#413=FACE_OUTER_BOUND('',#958,.T.);
#414=CYLINDRICAL_SURFACE('',#959,24.895);
#415=FACE_OUTER_BOUND('',#960,.T.);
#416=CYLINDRICAL_SURFACE('',#961,0.399999999999999);
#417=FACE_OUTER_BOUND('',#962,.T.);
#418=PLANE('',#963);
#419=FACE_OUTER_BOUND('',#964,.T.);
#420=CYLINDRICAL_SURFACE('',#965,1.6);
#421=FACE_OUTER_BOUND('',#966,.T.);
#422=PLANE('',#967);
#423=FACE_OUTER_BOUND('',#968,.T.);
#424=CYLINDRICAL_SURFACE('',#969,0.399999999999999);
#425=FACE_OUTER_BOUND('',#970,.T.);
#426=CYLINDRICAL_SURFACE('',#971,24.895);
#427=FACE_OUTER_BOUND('',#972,.T.);
#428=CYLINDRICAL_SURFACE('',#973,0.399999999999999);
#429=FACE_OUTER_BOUND('',#974,.T.);
#430=PLANE('',#975);
#431=FACE_OUTER_BOUND('',#976,.T.);
#432=CYLINDRICAL_SURFACE('',#977,1.6);
#433=FACE_OUTER_BOUND('',#978,.T.);
#434=PLANE('',#979);
#435=FACE_OUTER_BOUND('',#980,.T.);
#436=CYLINDRICAL_SURFACE('',#981,0.399999999999999);
#437=FACE_OUTER_BOUND('',#982,.T.);
#438=CYLINDRICAL_SURFACE('',#983,24.895);
#439=FACE_OUTER_BOUND('',#984,.T.);
#440=CYLINDRICAL_SURFACE('',#985,0.399999999999999);
#441=FACE_OUTER_BOUND('',#986,.T.);
#442=PLANE('',#987);
#443=FACE_OUTER_BOUND('',#988,.T.);
#444=CYLINDRICAL_SURFACE('',#989,1.6);
#445=FACE_OUTER_BOUND('',#990,.T.);
#446=PLANE('',#991);
#447=FACE_OUTER_BOUND('',#992,.T.);
#448=CYLINDRICAL_SURFACE('',#993,0.399999999999999);
#449=FACE_OUTER_BOUND('',#994,.T.);
#450=CYLINDRICAL_SURFACE('',#995,24.895);
#451=FACE_OUTER_BOUND('',#996,.T.);
#452=CYLINDRICAL_SURFACE('',#997,0.399999999999999);
#453=FACE_OUTER_BOUND('',#998,.T.);
#454=PLANE('',#999);
#455=FACE_OUTER_BOUND('',#1000,.T.);
#456=CYLINDRICAL_SURFACE('',#1001,1.6);
#457=FACE_OUTER_BOUND('',#1002,.T.);
#458=PLANE('',#1003);
#459=FACE_OUTER_BOUND('',#1004,.T.);
#460=CYLINDRICAL_SURFACE('',#1005,0.399999999999999);
#461=FACE_OUTER_BOUND('',#1006,.T.);
#462=CYLINDRICAL_SURFACE('',#1007,24.895);
#463=FACE_OUTER_BOUND('',#1008,.T.);
#464=CYLINDRICAL_SURFACE('',#1009,0.399999999999999);
#465=FACE_OUTER_BOUND('',#1010,.T.);
#466=PLANE('',#1011);
#467=FACE_OUTER_BOUND('',#1012,.T.);
#468=CYLINDRICAL_SURFACE('',#1013,1.6);
#469=FACE_OUTER_BOUND('',#1014,.T.);
#470=PLANE('',#1015);
#471=FACE_OUTER_BOUND('',#1016,.T.);
#472=CYLINDRICAL_SURFACE('',#1017,0.399999999999999);
#473=FACE_OUTER_BOUND('',#1018,.T.);
#474=CYLINDRICAL_SURFACE('',#1019,24.895);
#475=FACE_OUTER_BOUND('',#1020,.T.);
#476=CYLINDRICAL_SURFACE('',#1021,0.399999999999999);
#477=FACE_OUTER_BOUND('',#1022,.T.);
#478=PLANE('',#1023);
#479=FACE_OUTER_BOUND('',#1024,.T.);
#480=CYLINDRICAL_SURFACE('',#1025,1.6);
#481=FACE_OUTER_BOUND('',#1026,.T.);
#482=PLANE('',#1027);
#483=FACE_OUTER_BOUND('',#1028,.T.);
#484=CYLINDRICAL_SURFACE('',#1029,0.399999999999999);
#485=FACE_OUTER_BOUND('',#1030,.T.);
#486=CYLINDRICAL_SURFACE('',#1031,24.895);
#487=FACE_OUTER_BOUND('',#1032,.T.);
#488=CYLINDRICAL_SURFACE('',#1033,0.399999999999999);
#489=FACE_OUTER_BOUND('',#1034,.T.);
#490=PLANE('',#1035);
#491=FACE_OUTER_BOUND('',#1036,.T.);
#492=CYLINDRICAL_SURFACE('',#1037,1.6);
#493=FACE_OUTER_BOUND('',#1038,.T.);
#494=PLANE('',#1039);
#495=FACE_OUTER_BOUND('',#1040,.T.);
#496=CYLINDRICAL_SURFACE('',#1041,0.399999999999999);
#497=FACE_OUTER_BOUND('',#1042,.T.);
#498=CYLINDRICAL_SURFACE('',#1043,24.895);
#499=FACE_OUTER_BOUND('',#1044,.T.);
#500=CYLINDRICAL_SURFACE('',#1045,0.399999999999999);
#501=FACE_OUTER_BOUND('',#1046,.T.);
#502=PLANE('',#1047);
#503=FACE_OUTER_BOUND('',#1048,.T.);
#504=CYLINDRICAL_SURFACE('',#1049,1.6);
#505=FACE_OUTER_BOUND('',#1050,.T.);
#506=PLANE('',#1051);
#507=FACE_OUTER_BOUND('',#1052,.T.);
#508=CYLINDRICAL_SURFACE('',#1053,0.399999999999999);
#509=FACE_OUTER_BOUND('',#1054,.T.);
#510=CYLINDRICAL_SURFACE('',#1055,24.895);
#511=FACE_OUTER_BOUND('',#1056,.T.);
#512=CYLINDRICAL_SURFACE('',#1057,0.399999999999999);
#513=FACE_OUTER_BOUND('',#1058,.T.);
#514=PLANE('',#1059);
#515=FACE_OUTER_BOUND('',#1060,.T.);
#516=CYLINDRICAL_SURFACE('',#1061,1.6);
#517=FACE_OUTER_BOUND('',#1062,.T.);
#518=PLANE('',#1063);
#519=FACE_OUTER_BOUND('',#1064,.T.);
#520=CYLINDRICAL_SURFACE('',#1065,0.399999999999999);
#521=FACE_OUTER_BOUND('',#1066,.T.);
#522=CYLINDRICAL_SURFACE('',#1067,24.895);
#523=FACE_OUTER_BOUND('',#1068,.T.);
#524=CYLINDRICAL_SURFACE('',#1069,0.399999999999999);
#525=FACE_OUTER_BOUND('',#1070,.T.);
#526=PLANE('',#1071);
#527=FACE_OUTER_BOUND('',#1072,.T.);
#528=CYLINDRICAL_SURFACE('',#1073,1.6);
#529=FACE_OUTER_BOUND('',#1074,.T.);
#530=PLANE('',#1075);
#531=FACE_OUTER_BOUND('',#1076,.T.);
#532=CYLINDRICAL_SURFACE('',#1077,0.399999999999999);
#533=FACE_OUTER_BOUND('',#1078,.T.);
#534=CYLINDRICAL_SURFACE('',#1079,24.895);
#535=FACE_OUTER_BOUND('',#1080,.T.);
#536=CYLINDRICAL_SURFACE('',#1081,0.399999999999999);
#537=FACE_OUTER_BOUND('',#1082,.T.);
#538=PLANE('',#1083);
#539=FACE_OUTER_BOUND('',#1084,.T.);
#540=CYLINDRICAL_SURFACE('',#1085,1.6);
#541=FACE_OUTER_BOUND('',#1086,.T.);
#542=PLANE('',#1087);
#543=FACE_OUTER_BOUND('',#1088,.T.);
#544=CYLINDRICAL_SURFACE('',#1089,0.399999999999999);
#545=FACE_OUTER_BOUND('',#1090,.T.);
#546=CYLINDRICAL_SURFACE('',#1091,24.895);
#547=FACE_OUTER_BOUND('',#1092,.T.);
#548=CYLINDRICAL_SURFACE('',#1093,0.399999999999999);
#549=FACE_OUTER_BOUND('',#1094,.T.);
#550=PLANE('',#1095);
#551=FACE_OUTER_BOUND('',#1096,.T.);
#552=CYLINDRICAL_SURFACE('',#1097,1.6);
#553=FACE_OUTER_BOUND('',#1098,.T.);
#554=PLANE('',#1099);
#555=FACE_OUTER_BOUND('',#1100,.T.);
#556=CYLINDRICAL_SURFACE('',#1101,0.399999999999999);
#557=FACE_OUTER_BOUND('',#1102,.T.);
#558=CYLINDRICAL_SURFACE('',#1103,24.895);
#559=FACE_OUTER_BOUND('',#1104,.T.);
#560=CYLINDRICAL_SURFACE('',#1105,0.399999999999999);
#561=FACE_OUTER_BOUND('',#1106,.T.);
#562=PLANE('',#1107);
#563=FACE_OUTER_BOUND('',#1108,.T.);
#564=CYLINDRICAL_SURFACE('',#1109,1.6);
#565=FACE_OUTER_BOUND('',#1110,.T.);
#566=PLANE('',#1111);
#567=FACE_OUTER_BOUND('',#1112,.T.);
#568=CYLINDRICAL_SURFACE('',#1113,0.399999999999999);
#569=FACE_OUTER_BOUND('',#1114,.T.);
#570=CYLINDRICAL_SURFACE('',#1115,24.895);
#571=FACE_OUTER_BOUND('',#1116,.T.);
#572=CYLINDRICAL_SURFACE('',#1117,0.399999999999999);
#573=FACE_OUTER_BOUND('',#1118,.T.);
#574=PLANE('',#1119);
#575=FACE_OUTER_BOUND('',#1120,.T.);
#576=CYLINDRICAL_SURFACE('',#1121,1.6);
#577=FACE_OUTER_BOUND('',#1122,.T.);
#578=PLANE('',#1123);
#579=FACE_OUTER_BOUND('',#1124,.T.);
#580=CYLINDRICAL_SURFACE('',#1125,0.399999999999999);
#581=FACE_OUTER_BOUND('',#1126,.T.);
#582=CYLINDRICAL_SURFACE('',#1127,24.895);
#583=FACE_OUTER_BOUND('',#1128,.T.);
#584=CYLINDRICAL_SURFACE('',#1129,0.399999999999999);
#585=FACE_OUTER_BOUND('',#1130,.T.);
#586=PLANE('',#1131);
#587=FACE_OUTER_BOUND('',#1132,.T.);
#588=CYLINDRICAL_SURFACE('',#1133,1.6);
#589=FACE_OUTER_BOUND('',#1134,.T.);
#590=PLANE('',#1135);
#591=FACE_OUTER_BOUND('',#1136,.T.);
#592=CYLINDRICAL_SURFACE('',#1137,0.399999999999999);
#593=FACE_OUTER_BOUND('',#1138,.T.);
#594=CYLINDRICAL_SURFACE('',#1139,24.895);
#595=FACE_OUTER_BOUND('',#1140,.T.);
#596=CYLINDRICAL_SURFACE('',#1141,0.399999999999999);
#597=FACE_OUTER_BOUND('',#1142,.T.);
#598=PLANE('',#1143);
#599=FACE_OUTER_BOUND('',#1144,.T.);
#600=PLANE('',#1145);
#601=FACE_OUTER_BOUND('',#1146,.T.);
#602=PLANE('',#1147);
#603=FACE_OUTER_BOUND('',#1148,.T.);
#604=PLANE('',#1149);
#605=FACE_OUTER_BOUND('',#1150,.T.);
#606=PLANE('',#1151);
#607=FACE_OUTER_BOUND('',#1152,.T.);
#608=PLANE('',#1153);
#609=FACE_OUTER_BOUND('',#1154,.T.);
#610=PLANE('',#1155);
#611=FACE_OUTER_BOUND('',#1156,.T.);
#612=PLANE('',#1157);
#613=FACE_OUTER_BOUND('',#1158,.T.);
#614=PLANE('',#1159);
#615=FACE_OUTER_BOUND('',#1160,.T.);
#616=PLANE('',#1161);
#617=FACE_OUTER_BOUND('',#1162,.T.);
#618=PLANE('',#1163);
#619=FACE_OUTER_BOUND('',#1164,.T.);
#620=PLANE('',#1165);
#621=FACE_OUTER_BOUND('',#1166,.T.);
#622=PLANE('',#1167);
#623=FACE_OUTER_BOUND('',#1168,.T.);
#624=PLANE('',#1169);
#625=FACE_OUTER_BOUND('',#1170,.T.);
#626=PLANE('',#1171);
#627=FACE_OUTER_BOUND('',#1172,.T.);
#628=PLANE('',#1173);
#629=FACE_OUTER_BOUND('',#1174,.T.);
#630=PLANE('',#1175);
#631=FACE_OUTER_BOUND('',#1176,.T.);
#632=PLANE('',#1177);
#633=FACE_OUTER_BOUND('',#1178,.T.);
#634=PLANE('',#1179);
#635=FACE_OUTER_BOUND('',#1180,.T.);
#636=PLANE('',#1181);
#637=FACE_OUTER_BOUND('',#1182,.T.);
#638=PLANE('',#1183);
#639=FACE_OUTER_BOUND('',#1184,.T.);
#640=PLANE('',#1185);
#641=FACE_OUTER_BOUND('',#1186,.T.);
#642=PLANE('',#1187);
#643=FACE_OUTER_BOUND('',#1188,.T.);
#644=PLANE('',#1189);
#645=FACE_OUTER_BOUND('',#1190,.T.);
#646=PLANE('',#1191);
#647=FACE_OUTER_BOUND('',#1192,.T.);
#648=PLANE('',#1193);
#649=FACE_OUTER_BOUND('',#1194,.T.);
#650=PLANE('',#1195);
#651=FACE_OUTER_BOUND('',#1196,.T.);
#652=PLANE('',#1197);
#653=FACE_OUTER_BOUND('',#1198,.T.);
#654=PLANE('',#1199);
#655=FACE_OUTER_BOUND('',#1200,.T.);
#656=PLANE('',#1201);
#657=FACE_OUTER_BOUND('',#1202,.T.);
#658=PLANE('',#1203);
#659=FACE_OUTER_BOUND('',#1204,.T.);
#660=PLANE('',#1205);
#661=FACE_OUTER_BOUND('',#1206,.T.);
#662=CONICAL_SURFACE('',#1207,26.8070398373966,0.349065850398866);
#663=FACE_OUTER_BOUND('',#1208,.T.);
#664=CONICAL_SURFACE('',#1209,25.9365249545297,0.855337205890121);
#665=FACE_OUTER_BOUND('',#1210,.T.);
#666=CYLINDRICAL_SURFACE('',#1211,0.399999999999999);
#667=FACE_OUTER_BOUND('',#1212,.T.);
#668=CYLINDRICAL_SURFACE('',#1213,24.895);
#669=FACE_OUTER_BOUND('',#1214,.T.);
#670=CYLINDRICAL_SURFACE('',#1215,0.399999999999999);
#671=FACE_OUTER_BOUND('',#1216,.T.);
#672=PLANE('',#1217);
#673=FACE_OUTER_BOUND('',#1218,.T.);
#674=CYLINDRICAL_SURFACE('',#1219,1.6);
#675=FACE_OUTER_BOUND('',#1220,.T.);
#676=PLANE('',#1221);
#677=FACE_OUTER_BOUND('',#1222,.T.);
#678=CYLINDRICAL_SURFACE('',#1223,0.399999999999999);
#679=FACE_OUTER_BOUND('',#1224,.T.);
#680=CYLINDRICAL_SURFACE('',#1225,24.895);
#681=FACE_OUTER_BOUND('',#1226,.T.);
#682=CYLINDRICAL_SURFACE('',#1227,0.399999999999999);
#683=FACE_OUTER_BOUND('',#1228,.T.);
#684=PLANE('',#1229);
#685=FACE_OUTER_BOUND('',#1230,.T.);
#686=CYLINDRICAL_SURFACE('',#1231,1.6);
#687=FACE_OUTER_BOUND('',#1232,.T.);
#688=PLANE('',#1233);
#689=FACE_OUTER_BOUND('',#1234,.T.);
#690=CYLINDRICAL_SURFACE('',#1235,0.399999999999999);
#691=FACE_OUTER_BOUND('',#1236,.T.);
#692=CYLINDRICAL_SURFACE('',#1237,24.895);
#693=FACE_OUTER_BOUND('',#1238,.T.);
#694=CYLINDRICAL_SURFACE('',#1239,0.399999999999999);
#695=FACE_OUTER_BOUND('',#1240,.T.);
#696=PLANE('',#1241);
#697=FACE_OUTER_BOUND('',#1242,.T.);
#698=CYLINDRICAL_SURFACE('',#1243,1.6);
#699=FACE_OUTER_BOUND('',#1244,.T.);
#700=PLANE('',#1245);
#701=FACE_OUTER_BOUND('',#1246,.T.);
#702=CYLINDRICAL_SURFACE('',#1247,0.399999999999999);
#703=FACE_OUTER_BOUND('',#1248,.T.);
#704=CYLINDRICAL_SURFACE('',#1249,24.895);
#705=FACE_OUTER_BOUND('',#1250,.T.);
#706=CYLINDRICAL_SURFACE('',#1251,0.399999999999999);
#707=FACE_OUTER_BOUND('',#1252,.T.);
#708=PLANE('',#1253);
#709=FACE_OUTER_BOUND('',#1254,.T.);
#710=CYLINDRICAL_SURFACE('',#1255,1.6);
#711=FACE_OUTER_BOUND('',#1256,.T.);
#712=PLANE('',#1257);
#713=FACE_OUTER_BOUND('',#1258,.T.);
#714=CYLINDRICAL_SURFACE('',#1259,0.399999999999999);
#715=FACE_OUTER_BOUND('',#1260,.T.);
#716=CYLINDRICAL_SURFACE('',#1261,24.895);
#717=FACE_OUTER_BOUND('',#1262,.T.);
#718=CYLINDRICAL_SURFACE('',#1263,0.399999999999999);
#719=FACE_OUTER_BOUND('',#1264,.T.);
#720=PLANE('',#1265);
#721=FACE_OUTER_BOUND('',#1266,.T.);
#722=CYLINDRICAL_SURFACE('',#1267,1.6);
#723=FACE_OUTER_BOUND('',#1268,.T.);
#724=PLANE('',#1269);
#725=FACE_OUTER_BOUND('',#1270,.T.);
#726=CYLINDRICAL_SURFACE('',#1271,0.399999999999999);
#727=FACE_OUTER_BOUND('',#1272,.T.);
#728=CYLINDRICAL_SURFACE('',#1273,24.895);
#729=FACE_OUTER_BOUND('',#1274,.T.);
#730=CYLINDRICAL_SURFACE('',#1275,0.399999999999999);
#731=FACE_OUTER_BOUND('',#1276,.T.);
#732=PLANE('',#1277);
#733=FACE_OUTER_BOUND('',#1278,.T.);
#734=CYLINDRICAL_SURFACE('',#1279,1.6);
#735=FACE_OUTER_BOUND('',#1280,.T.);
#736=PLANE('',#1281);
#737=FACE_OUTER_BOUND('',#1282,.T.);
#738=CYLINDRICAL_SURFACE('',#1283,0.399999999999999);
#739=FACE_OUTER_BOUND('',#1284,.T.);
#740=CYLINDRICAL_SURFACE('',#1285,24.895);
#741=FACE_OUTER_BOUND('',#1286,.T.);
#742=CYLINDRICAL_SURFACE('',#1287,0.399999999999999);
#743=FACE_OUTER_BOUND('',#1288,.T.);
#744=PLANE('',#1289);
#745=FACE_OUTER_BOUND('',#1290,.T.);
#746=CYLINDRICAL_SURFACE('',#1291,1.6);
#747=FACE_OUTER_BOUND('',#1292,.T.);
#748=PLANE('',#1293);
#749=FACE_OUTER_BOUND('',#1294,.T.);
#750=CYLINDRICAL_SURFACE('',#1295,0.399999999999999);
#751=FACE_OUTER_BOUND('',#1296,.T.);
#752=CYLINDRICAL_SURFACE('',#1297,24.895);
#753=FACE_OUTER_BOUND('',#1298,.T.);
#754=CYLINDRICAL_SURFACE('',#1299,0.399999999999999);
#755=FACE_OUTER_BOUND('',#1300,.T.);
#756=PLANE('',#1301);
#757=FACE_OUTER_BOUND('',#1302,.T.);
#758=CYLINDRICAL_SURFACE('',#1303,1.6);
#759=FACE_OUTER_BOUND('',#1304,.T.);
#760=PLANE('',#1305);
#761=FACE_OUTER_BOUND('',#1306,.T.);
#762=CYLINDRICAL_SURFACE('',#1307,0.399999999999999);
#763=FACE_OUTER_BOUND('',#1308,.T.);
#764=CYLINDRICAL_SURFACE('',#1309,24.895);
#765=FACE_OUTER_BOUND('',#1310,.T.);
#766=CYLINDRICAL_SURFACE('',#1311,0.399999999999999);
#767=FACE_OUTER_BOUND('',#1312,.T.);
#768=PLANE('',#1313);
#769=FACE_OUTER_BOUND('',#1314,.T.);
#770=CYLINDRICAL_SURFACE('',#1315,1.6);
#771=FACE_OUTER_BOUND('',#1316,.T.);
#772=PLANE('',#1317);
#773=FACE_OUTER_BOUND('',#1318,.T.);
#774=CYLINDRICAL_SURFACE('',#1319,0.399999999999999);
#775=FACE_OUTER_BOUND('',#1320,.T.);
#776=CYLINDRICAL_SURFACE('',#1321,24.895);
#777=FACE_OUTER_BOUND('',#1322,.T.);
#778=CYLINDRICAL_SURFACE('',#1323,0.399999999999999);
#779=FACE_OUTER_BOUND('',#1324,.T.);
#780=PLANE('',#1325);
#781=FACE_OUTER_BOUND('',#1326,.T.);
#782=CYLINDRICAL_SURFACE('',#1327,1.6);
#783=FACE_OUTER_BOUND('',#1328,.T.);
#784=PLANE('',#1329);
#785=FACE_OUTER_BOUND('',#1330,.T.);
#786=CYLINDRICAL_SURFACE('',#1331,0.399999999999999);
#787=FACE_OUTER_BOUND('',#1332,.T.);
#788=CYLINDRICAL_SURFACE('',#1333,24.895);
#789=FACE_OUTER_BOUND('',#1334,.T.);
#790=CYLINDRICAL_SURFACE('',#1335,0.399999999999999);
#791=FACE_OUTER_BOUND('',#1336,.T.);
#792=PLANE('',#1337);
#793=FACE_OUTER_BOUND('',#1338,.T.);
#794=CYLINDRICAL_SURFACE('',#1339,1.6);
#795=FACE_OUTER_BOUND('',#1340,.T.);
#796=PLANE('',#1341);
#797=FACE_OUTER_BOUND('',#1342,.T.);
#798=CYLINDRICAL_SURFACE('',#1343,0.399999999999999);
#799=FACE_OUTER_BOUND('',#1344,.T.);
#800=CYLINDRICAL_SURFACE('',#1345,24.895);
#801=FACE_OUTER_BOUND('',#1346,.T.);
#802=CYLINDRICAL_SURFACE('',#1347,0.399999999999999);
#803=FACE_OUTER_BOUND('',#1348,.T.);
#804=PLANE('',#1349);
#805=FACE_OUTER_BOUND('',#1350,.T.);
#806=CYLINDRICAL_SURFACE('',#1351,1.6);
#807=FACE_OUTER_BOUND('',#1352,.T.);
#808=PLANE('',#1353);
#809=FACE_OUTER_BOUND('',#1354,.T.);
#810=CYLINDRICAL_SURFACE('',#1355,0.399999999999999);
#811=FACE_OUTER_BOUND('',#1356,.T.);
#812=CYLINDRICAL_SURFACE('',#1357,24.895);
#813=FACE_OUTER_BOUND('',#1358,.T.);
#814=CYLINDRICAL_SURFACE('',#1359,0.399999999999999);
#815=FACE_OUTER_BOUND('',#1360,.T.);
#816=PLANE('',#1361);
#817=FACE_OUTER_BOUND('',#1362,.T.);
#818=CYLINDRICAL_SURFACE('',#1363,1.6);
#819=FACE_OUTER_BOUND('',#1364,.T.);
#820=PLANE('',#1365);
#821=FACE_OUTER_BOUND('',#1366,.T.);
#822=CYLINDRICAL_SURFACE('',#1367,0.399999999999999);
#823=FACE_OUTER_BOUND('',#1368,.T.);
#824=CYLINDRICAL_SURFACE('',#1369,24.895);
#825=FACE_OUTER_BOUND('',#1370,.T.);
#826=CYLINDRICAL_SURFACE('',#1371,0.399999999999999);
#827=FACE_OUTER_BOUND('',#1372,.T.);
#828=PLANE('',#1373);
#829=FACE_OUTER_BOUND('',#1374,.T.);
#830=CYLINDRICAL_SURFACE('',#1375,1.6);
#831=FACE_OUTER_BOUND('',#1376,.T.);
#832=PLANE('',#1377);
#833=FACE_OUTER_BOUND('',#1378,.T.);
#834=CYLINDRICAL_SURFACE('',#1379,0.399999999999999);
#835=FACE_OUTER_BOUND('',#1380,.T.);
#836=CYLINDRICAL_SURFACE('',#1381,24.895);
#837=FACE_OUTER_BOUND('',#1382,.T.);
#838=CYLINDRICAL_SURFACE('',#1383,0.399999999999999);
#839=FACE_OUTER_BOUND('',#1384,.T.);
#840=PLANE('',#1385);
#841=FACE_OUTER_BOUND('',#1386,.T.);
#842=CYLINDRICAL_SURFACE('',#1387,1.6);
#843=FACE_BOUND('',#1388,.T.);
#844=FACE_OUTER_BOUND('',#1389,.T.);
#845=PLANE('',#1390);
#846=FACE_OUTER_BOUND('',#1391,.T.);
#847=PLANE('',#1392);
#848=FACE_OUTER_BOUND('',#1393,.T.);
#849=CYLINDRICAL_SURFACE('',#1394,1.6);
#850=FACE_OUTER_BOUND('',#1395,.T.);
#851=CYLINDRICAL_SURFACE('',#1396,0.399999999999999);
#852=FACE_OUTER_BOUND('',#1397,.T.);
#853=PLANE('',#1398);
#854=FACE_OUTER_BOUND('',#1399,.T.);
#855=CYLINDRICAL_SURFACE('',#1400,24.895);
#856=FACE_OUTER_BOUND('',#1401,.T.);
#857=PLANE('',#1402);
#858=FACE_OUTER_BOUND('',#1403,.T.);
#859=CYLINDRICAL_SURFACE('',#1404,0.399999999999999);
#860=FACE_BOUND('',#1405,.T.);
#861=FACE_OUTER_BOUND('',#1406,.T.);
#862=PLANE('',#1407);
#863=EDGE_LOOP('',(#1408,#1409,#1410,#1411,#1412,#1413,#1414,#1415,#1416,#1417,#1418,#1419,#1420,#1421,#1422,#1423,#1424,#1425,#1426,#1427,#1428,#1429,#1430,#1431,#1432,#1433,#1434,#1435,#1436,#1437,#1438,#1439,#1440,#1441,#1442,#1443));
#864=AXIS2_PLACEMENT_3D('',#1444,#1445,#1446);
#865=EDGE_LOOP('',(#1447,#1448,#1449,#1450));
#866=AXIS2_PLACEMENT_3D('',#1451,#1452,#1453);
#867=EDGE_LOOP('',(#1454,#1455,#1456,#1457,#1458,#1459,#1460,#1461,#1462,#1463,#1464,#1465,#1466,#1467,#1468,#1469,#1470,#1471,#1472,#1473,#1474,#1475,#1476,#1477,#1478,#1479,#1480,#1481,#1482,#1483,#1484,#1485,#1486,#1487,#1488,#1489));
#868=AXIS2_PLACEMENT_3D('',#1490,#1491,#1492);
#869=EDGE_LOOP('',(#1493,#1494,#1495,#1496));
#870=AXIS2_PLACEMENT_3D('',#1497,#1498,#1499);
#871=EDGE_LOOP('',(#1500,#1501,#1502,#1503));
#872=AXIS2_PLACEMENT_3D('',#1504,#1505,#1506);
#873=EDGE_LOOP('',(#1507,#1508,#1509,#1510));
#874=AXIS2_PLACEMENT_3D('',#1511,#1512,#1513);
#875=EDGE_LOOP('',(#1514,#1515,#1516,#1517));
#876=AXIS2_PLACEMENT_3D('',#1518,#1519,#1520);
#877=EDGE_LOOP('',(#1521,#1522,#1523,#1524));
#878=AXIS2_PLACEMENT_3D('',#1525,#1526,#1527);
#879=EDGE_LOOP('',(#1528,#1529));
#880=EDGE_LOOP('',(#1530,#1531));
#881=AXIS2_PLACEMENT_3D('',#1532,#1533,#1534);
#882=EDGE_LOOP('',(#1535,#1536,#1537,#1538,#1539,#1540));
#883=AXIS2_PLACEMENT_3D('',#1541,#1542,#1543);
#884=EDGE_LOOP('',(#1544,#1545,#1546,#1547,#1548,#1549));
#885=AXIS2_PLACEMENT_3D('',#1550,#1551,#1552);
#886=EDGE_LOOP('',(#1553,#1554,#1555,#1556,#1557,#1558));
#887=AXIS2_PLACEMENT_3D('',#1559,#1560,#1561);
#888=EDGE_LOOP('',(#1562,#1563,#1564,#1565,#1566,#1567));
#889=AXIS2_PLACEMENT_3D('',#1568,#1569,#1570);
#890=EDGE_LOOP('',(#1571,#1572,#1573,#1574,#1575,#1576));
#891=AXIS2_PLACEMENT_3D('',#1577,#1578,#1579);
#892=EDGE_LOOP('',(#1580,#1581,#1582,#1583,#1584,#1585));
#893=AXIS2_PLACEMENT_3D('',#1586,#1587,#1588);
#894=EDGE_LOOP('',(#1589,#1590,#1591,#1592,#1593,#1594));
#895=AXIS2_PLACEMENT_3D('',#1595,#1596,#1597);
#896=EDGE_LOOP('',(#1598,#1599,#1600,#1601,#1602,#1603));
#897=AXIS2_PLACEMENT_3D('',#1604,#1605,#1606);
#898=EDGE_LOOP('',(#1607,#1608,#1609,#1610,#1611,#1612));
#899=AXIS2_PLACEMENT_3D('',#1613,#1614,#1615);
#900=EDGE_LOOP('',(#1616,#1617,#1618,#1619,#1620,#1621));
#901=AXIS2_PLACEMENT_3D('',#1622,#1623,#1624);
#902=EDGE_LOOP('',(#1625,#1626,#1627,#1628,#1629,#1630));
#903=AXIS2_PLACEMENT_3D('',#1631,#1632,#1633);
#904=EDGE_LOOP('',(#1634,#1635,#1636,#1637,#1638,#1639));
#905=AXIS2_PLACEMENT_3D('',#1640,#1641,#1642);
#906=EDGE_LOOP('',(#1643,#1644,#1645,#1646,#1647,#1648));
#907=AXIS2_PLACEMENT_3D('',#1649,#1650,#1651);
#908=EDGE_LOOP('',(#1652,#1653,#1654,#1655,#1656,#1657,#1658));
#909=AXIS2_PLACEMENT_3D('',#1659,#1660,#1661);
#910=EDGE_LOOP('',(#1662,#1663,#1664,#1665,#1666,#1667));
#911=AXIS2_PLACEMENT_3D('',#1668,#1669,#1670);
#912=EDGE_LOOP('',(#1671,#1672,#1673,#1674,#1675,#1676));
#913=AXIS2_PLACEMENT_3D('',#1677,#1678,#1679);
#914=EDGE_LOOP('',(#1680,#1681,#1682,#1683,#1684,#1685));
#915=AXIS2_PLACEMENT_3D('',#1686,#1687,#1688);
#916=EDGE_LOOP('',(#1689,#1690,#1691,#1692,#1693,#1694));
#917=AXIS2_PLACEMENT_3D('',#1695,#1696,#1697);
#918=EDGE_LOOP('',(#1698,#1699,#1700,#1701,#1702,#1703));
#919=AXIS2_PLACEMENT_3D('',#1704,#1705,#1706);
#920=EDGE_LOOP('',(#1707,#1708,#1709,#1710,#1711,#1712));
#921=AXIS2_PLACEMENT_3D('',#1713,#1714,#1715);
#922=EDGE_LOOP('',(#1716,#1717,#1718,#1719,#1720,#1721));
#923=AXIS2_PLACEMENT_3D('',#1722,#1723,#1724);
#924=EDGE_LOOP('',(#1725,#1726,#1727,#1728,#1729,#1730));
#925=AXIS2_PLACEMENT_3D('',#1731,#1732,#1733);
#926=EDGE_LOOP('',(#1734,#1735,#1736,#1737,#1738,#1739));
#927=AXIS2_PLACEMENT_3D('',#1740,#1741,#1742);
#928=EDGE_LOOP('',(#1743,#1744,#1745,#1746,#1747,#1748));
#929=AXIS2_PLACEMENT_3D('',#1749,#1750,#1751);
#930=EDGE_LOOP('',(#1752,#1753,#1754,#1755,#1756,#1757));
#931=AXIS2_PLACEMENT_3D('',#1758,#1759,#1760);
#932=EDGE_LOOP('',(#1761,#1762,#1763,#1764,#1765,#1766));
#933=AXIS2_PLACEMENT_3D('',#1767,#1768,#1769);
#934=EDGE_LOOP('',(#1770,#1771,#1772,#1773,#1774,#1775));
#935=AXIS2_PLACEMENT_3D('',#1776,#1777,#1778);
#936=EDGE_LOOP('',(#1779,#1780,#1781,#1782,#1783,#1784));
#937=AXIS2_PLACEMENT_3D('',#1785,#1786,#1787);
#938=EDGE_LOOP('',(#1788,#1789,#1790,#1791,#1792,#1793));
#939=AXIS2_PLACEMENT_3D('',#1794,#1795,#1796);
#940=EDGE_LOOP('',(#1797,#1798,#1799,#1800,#1801,#1802,#1803));
#941=AXIS2_PLACEMENT_3D('',#1804,#1805,#1806);
#942=EDGE_LOOP('',(#1807,#1808,#1809,#1810,#1811,#1812));
#943=AXIS2_PLACEMENT_3D('',#1813,#1814,#1815);
#944=EDGE_LOOP('',(#1816,#1817,#1818,#1819));
#945=AXIS2_PLACEMENT_3D('',#1820,#1821,#1822);
#946=EDGE_LOOP('',(#1823,#1824,#1825,#1826,#1827,#1828,#1829,#1830,#1831,#1832,#1833,#1834,#1835,#1836,#1837,#1838,#1839,#1840,#1841,#1842,#1843,#1844,#1845,#1846,#1847,#1848,#1849,#1850,#1851,#1852,#1853,#1854,#1855,#1856,#1857,#1858));
#947=AXIS2_PLACEMENT_3D('',#1859,#1860,#1861);
#948=EDGE_LOOP('',(#1862,#1863,#1864,#1865,#1866,#1867));
#949=AXIS2_PLACEMENT_3D('',#1868,#1869,#1870);
#950=EDGE_LOOP('',(#1871,#1872,#1873,#1874));
#951=AXIS2_PLACEMENT_3D('',#1875,#1876,#1877);
#952=EDGE_LOOP('',(#1878,#1879,#1880,#1881));
#953=AXIS2_PLACEMENT_3D('',#1882,#1883,#1884);
#954=EDGE_LOOP('',(#1885,#1886,#1887,#1888));
#955=AXIS2_PLACEMENT_3D('',#1889,#1890,#1891);
#956=EDGE_LOOP('',(#1892,#1893,#1894,#1895));
#957=AXIS2_PLACEMENT_3D('',#1896,#1897,#1898);
#958=EDGE_LOOP('',(#1899,#1900,#1901,#1902));
#959=AXIS2_PLACEMENT_3D('',#1903,#1904,#1905);
#960=EDGE_LOOP('',(#1906,#1907,#1908,#1909));
#961=AXIS2_PLACEMENT_3D('',#1910,#1911,#1912);
#962=EDGE_LOOP('',(#1913,#1914,#1915,#1916));
#963=AXIS2_PLACEMENT_3D('',#1917,#1918,#1919);
#964=EDGE_LOOP('',(#1920,#1921,#1922,#1923));
#965=AXIS2_PLACEMENT_3D('',#1924,#1925,#1926);
#966=EDGE_LOOP('',(#1927,#1928,#1929,#1930));
#967=AXIS2_PLACEMENT_3D('',#1931,#1932,#1933);
#968=EDGE_LOOP('',(#1934,#1935,#1936,#1937));
#969=AXIS2_PLACEMENT_3D('',#1938,#1939,#1940);
#970=EDGE_LOOP('',(#1941,#1942,#1943,#1944));
#971=AXIS2_PLACEMENT_3D('',#1945,#1946,#1947);
#972=EDGE_LOOP('',(#1948,#1949,#1950,#1951));
#973=AXIS2_PLACEMENT_3D('',#1952,#1953,#1954);
#974=EDGE_LOOP('',(#1955,#1956,#1957,#1958));
#975=AXIS2_PLACEMENT_3D('',#1959,#1960,#1961);
#976=EDGE_LOOP('',(#1962,#1963,#1964,#1965));
#977=AXIS2_PLACEMENT_3D('',#1966,#1967,#1968);
#978=EDGE_LOOP('',(#1969,#1970,#1971,#1972));
#979=AXIS2_PLACEMENT_3D('',#1973,#1974,#1975);
#980=EDGE_LOOP('',(#1976,#1977,#1978,#1979));
#981=AXIS2_PLACEMENT_3D('',#1980,#1981,#1982);
#982=EDGE_LOOP('',(#1983,#1984,#1985,#1986));
#983=AXIS2_PLACEMENT_3D('',#1987,#1988,#1989);
#984=EDGE_LOOP('',(#1990,#1991,#1992,#1993));
#985=AXIS2_PLACEMENT_3D('',#1994,#1995,#1996);
#986=EDGE_LOOP('',(#1997,#1998,#1999,#2000));
#987=AXIS2_PLACEMENT_3D('',#2001,#2002,#2003);
#988=EDGE_LOOP('',(#2004,#2005,#2006,#2007));
#989=AXIS2_PLACEMENT_3D('',#2008,#2009,#2010);
#990=EDGE_LOOP('',(#2011,#2012,#2013,#2014));
#991=AXIS2_PLACEMENT_3D('',#2015,#2016,#2017);
#992=EDGE_LOOP('',(#2018,#2019,#2020,#2021));
#993=AXIS2_PLACEMENT_3D('',#2022,#2023,#2024);
#994=EDGE_LOOP('',(#2025,#2026,#2027,#2028));
#995=AXIS2_PLACEMENT_3D('',#2029,#2030,#2031);
#996=EDGE_LOOP('',(#2032,#2033,#2034,#2035));
#997=AXIS2_PLACEMENT_3D('',#2036,#2037,#2038);
#998=EDGE_LOOP('',(#2039,#2040,#2041,#2042));
#999=AXIS2_PLACEMENT_3D('',#2043,#2044,#2045);
#1000=EDGE_LOOP('',(#2046,#2047,#2048,#2049));
#1001=AXIS2_PLACEMENT_3D('',#2050,#2051,#2052);
#1002=EDGE_LOOP('',(#2053,#2054,#2055,#2056));
#1003=AXIS2_PLACEMENT_3D('',#2057,#2058,#2059);
#1004=EDGE_LOOP('',(#2060,#2061,#2062,#2063));
#1005=AXIS2_PLACEMENT_3D('',#2064,#2065,#2066);
#1006=EDGE_LOOP('',(#2067,#2068,#2069,#2070));
#1007=AXIS2_PLACEMENT_3D('',#2071,#2072,#2073);
#1008=EDGE_LOOP('',(#2074,#2075,#2076,#2077));
#1009=AXIS2_PLACEMENT_3D('',#2078,#2079,#2080);
#1010=EDGE_LOOP('',(#2081,#2082,#2083,#2084));
#1011=AXIS2_PLACEMENT_3D('',#2085,#2086,#2087);
#1012=EDGE_LOOP('',(#2088,#2089,#2090,#2091));
#1013=AXIS2_PLACEMENT_3D('',#2092,#2093,#2094);
#1014=EDGE_LOOP('',(#2095,#2096,#2097,#2098));
#1015=AXIS2_PLACEMENT_3D('',#2099,#2100,#2101);
#1016=EDGE_LOOP('',(#2102,#2103,#2104,#2105));
#1017=AXIS2_PLACEMENT_3D('',#2106,#2107,#2108);
#1018=EDGE_LOOP('',(#2109,#2110,#2111,#2112));
#1019=AXIS2_PLACEMENT_3D('',#2113,#2114,#2115);
#1020=EDGE_LOOP('',(#2116,#2117,#2118,#2119));
#1021=AXIS2_PLACEMENT_3D('',#2120,#2121,#2122);
#1022=EDGE_LOOP('',(#2123,#2124,#2125,#2126));
#1023=AXIS2_PLACEMENT_3D('',#2127,#2128,#2129);
#1024=EDGE_LOOP('',(#2130,#2131,#2132,#2133));
#1025=AXIS2_PLACEMENT_3D('',#2134,#2135,#2136);
#1026=EDGE_LOOP('',(#2137,#2138,#2139,#2140));
#1027=AXIS2_PLACEMENT_3D('',#2141,#2142,#2143);
#1028=EDGE_LOOP('',(#2144,#2145,#2146,#2147));
#1029=AXIS2_PLACEMENT_3D('',#2148,#2149,#2150);
#1030=EDGE_LOOP('',(#2151,#2152,#2153,#2154));
#1031=AXIS2_PLACEMENT_3D('',#2155,#2156,#2157);
#1032=EDGE_LOOP('',(#2158,#2159,#2160,#2161));
#1033=AXIS2_PLACEMENT_3D('',#2162,#2163,#2164);
#1034=EDGE_LOOP('',(#2165,#2166,#2167,#2168));
#1035=AXIS2_PLACEMENT_3D('',#2169,#2170,#2171);
#1036=EDGE_LOOP('',(#2172,#2173,#2174,#2175));
#1037=AXIS2_PLACEMENT_3D('',#2176,#2177,#2178);
#1038=EDGE_LOOP('',(#2179,#2180,#2181,#2182));
#1039=AXIS2_PLACEMENT_3D('',#2183,#2184,#2185);
#1040=EDGE_LOOP('',(#2186,#2187,#2188,#2189));
#1041=AXIS2_PLACEMENT_3D('',#2190,#2191,#2192);
#1042=EDGE_LOOP('',(#2193,#2194,#2195,#2196));
#1043=AXIS2_PLACEMENT_3D('',#2197,#2198,#2199);
#1044=EDGE_LOOP('',(#2200,#2201,#2202,#2203));
#1045=AXIS2_PLACEMENT_3D('',#2204,#2205,#2206);
#1046=EDGE_LOOP('',(#2207,#2208,#2209,#2210));
#1047=AXIS2_PLACEMENT_3D('',#2211,#2212,#2213);
#1048=EDGE_LOOP('',(#2214,#2215,#2216,#2217));
#1049=AXIS2_PLACEMENT_3D('',#2218,#2219,#2220);
#1050=EDGE_LOOP('',(#2221,#2222,#2223,#2224));
#1051=AXIS2_PLACEMENT_3D('',#2225,#2226,#2227);
#1052=EDGE_LOOP('',(#2228,#2229,#2230,#2231));
#1053=AXIS2_PLACEMENT_3D('',#2232,#2233,#2234);
#1054=EDGE_LOOP('',(#2235,#2236,#2237,#2238));
#1055=AXIS2_PLACEMENT_3D('',#2239,#2240,#2241);
#1056=EDGE_LOOP('',(#2242,#2243,#2244,#2245));
#1057=AXIS2_PLACEMENT_3D('',#2246,#2247,#2248);
#1058=EDGE_LOOP('',(#2249,#2250,#2251,#2252));
#1059=AXIS2_PLACEMENT_3D('',#2253,#2254,#2255);
#1060=EDGE_LOOP('',(#2256,#2257,#2258,#2259));
#1061=AXIS2_PLACEMENT_3D('',#2260,#2261,#2262);
#1062=EDGE_LOOP('',(#2263,#2264,#2265,#2266));
#1063=AXIS2_PLACEMENT_3D('',#2267,#2268,#2269);
#1064=EDGE_LOOP('',(#2270,#2271,#2272,#2273));
#1065=AXIS2_PLACEMENT_3D('',#2274,#2275,#2276);
#1066=EDGE_LOOP('',(#2277,#2278,#2279,#2280));
#1067=AXIS2_PLACEMENT_3D('',#2281,#2282,#2283);
#1068=EDGE_LOOP('',(#2284,#2285,#2286,#2287));
#1069=AXIS2_PLACEMENT_3D('',#2288,#2289,#2290);
#1070=EDGE_LOOP('',(#2291,#2292,#2293,#2294));
#1071=AXIS2_PLACEMENT_3D('',#2295,#2296,#2297);
#1072=EDGE_LOOP('',(#2298,#2299,#2300,#2301));
#1073=AXIS2_PLACEMENT_3D('',#2302,#2303,#2304);
#1074=EDGE_LOOP('',(#2305,#2306,#2307,#2308));
#1075=AXIS2_PLACEMENT_3D('',#2309,#2310,#2311);
#1076=EDGE_LOOP('',(#2312,#2313,#2314,#2315));
#1077=AXIS2_PLACEMENT_3D('',#2316,#2317,#2318);
#1078=EDGE_LOOP('',(#2319,#2320,#2321,#2322));
#1079=AXIS2_PLACEMENT_3D('',#2323,#2324,#2325);
#1080=EDGE_LOOP('',(#2326,#2327,#2328,#2329));
#1081=AXIS2_PLACEMENT_3D('',#2330,#2331,#2332);
#1082=EDGE_LOOP('',(#2333,#2334,#2335,#2336));
#1083=AXIS2_PLACEMENT_3D('',#2337,#2338,#2339);
#1084=EDGE_LOOP('',(#2340,#2341,#2342,#2343));
#1085=AXIS2_PLACEMENT_3D('',#2344,#2345,#2346);
#1086=EDGE_LOOP('',(#2347,#2348,#2349,#2350));
#1087=AXIS2_PLACEMENT_3D('',#2351,#2352,#2353);
#1088=EDGE_LOOP('',(#2354,#2355,#2356,#2357));
#1089=AXIS2_PLACEMENT_3D('',#2358,#2359,#2360);
#1090=EDGE_LOOP('',(#2361,#2362,#2363,#2364));
#1091=AXIS2_PLACEMENT_3D('',#2365,#2366,#2367);
#1092=EDGE_LOOP('',(#2368,#2369,#2370,#2371));
#1093=AXIS2_PLACEMENT_3D('',#2372,#2373,#2374);
#1094=EDGE_LOOP('',(#2375,#2376,#2377,#2378));
#1095=AXIS2_PLACEMENT_3D('',#2379,#2380,#2381);
#1096=EDGE_LOOP('',(#2382,#2383,#2384,#2385));
#1097=AXIS2_PLACEMENT_3D('',#2386,#2387,#2388);
#1098=EDGE_LOOP('',(#2389,#2390,#2391,#2392));
#1099=AXIS2_PLACEMENT_3D('',#2393,#2394,#2395);
#1100=EDGE_LOOP('',(#2396,#2397,#2398,#2399));
#1101=AXIS2_PLACEMENT_3D('',#2400,#2401,#2402);
#1102=EDGE_LOOP('',(#2403,#2404,#2405,#2406));
#1103=AXIS2_PLACEMENT_3D('',#2407,#2408,#2409);
#1104=EDGE_LOOP('',(#2410,#2411,#2412,#2413));
#1105=AXIS2_PLACEMENT_3D('',#2414,#2415,#2416);
#1106=EDGE_LOOP('',(#2417,#2418,#2419,#2420));
#1107=AXIS2_PLACEMENT_3D('',#2421,#2422,#2423);
#1108=EDGE_LOOP('',(#2424,#2425,#2426,#2427));
#1109=AXIS2_PLACEMENT_3D('',#2428,#2429,#2430);
#1110=EDGE_LOOP('',(#2431,#2432,#2433,#2434));
#1111=AXIS2_PLACEMENT_3D('',#2435,#2436,#2437);
#1112=EDGE_LOOP('',(#2438,#2439,#2440,#2441));
#1113=AXIS2_PLACEMENT_3D('',#2442,#2443,#2444);
#1114=EDGE_LOOP('',(#2445,#2446,#2447,#2448));
#1115=AXIS2_PLACEMENT_3D('',#2449,#2450,#2451);
#1116=EDGE_LOOP('',(#2452,#2453,#2454,#2455));
#1117=AXIS2_PLACEMENT_3D('',#2456,#2457,#2458);
#1118=EDGE_LOOP('',(#2459,#2460,#2461,#2462));
#1119=AXIS2_PLACEMENT_3D('',#2463,#2464,#2465);
#1120=EDGE_LOOP('',(#2466,#2467,#2468,#2469));
#1121=AXIS2_PLACEMENT_3D('',#2470,#2471,#2472);
#1122=EDGE_LOOP('',(#2473,#2474,#2475,#2476));
#1123=AXIS2_PLACEMENT_3D('',#2477,#2478,#2479);
#1124=EDGE_LOOP('',(#2480,#2481,#2482,#2483));
#1125=AXIS2_PLACEMENT_3D('',#2484,#2485,#2486);
#1126=EDGE_LOOP('',(#2487,#2488,#2489,#2490));
#1127=AXIS2_PLACEMENT_3D('',#2491,#2492,#2493);
#1128=EDGE_LOOP('',(#2494,#2495,#2496,#2497));
#1129=AXIS2_PLACEMENT_3D('',#2498,#2499,#2500);
#1130=EDGE_LOOP('',(#2501,#2502,#2503,#2504));
#1131=AXIS2_PLACEMENT_3D('',#2505,#2506,#2507);
#1132=EDGE_LOOP('',(#2508,#2509,#2510,#2511));
#1133=AXIS2_PLACEMENT_3D('',#2512,#2513,#2514);
#1134=EDGE_LOOP('',(#2515,#2516,#2517,#2518));
#1135=AXIS2_PLACEMENT_3D('',#2519,#2520,#2521);
#1136=EDGE_LOOP('',(#2522,#2523,#2524,#2525));
#1137=AXIS2_PLACEMENT_3D('',#2526,#2527,#2528);
#1138=EDGE_LOOP('',(#2529,#2530,#2531,#2532));
#1139=AXIS2_PLACEMENT_3D('',#2533,#2534,#2535);
#1140=EDGE_LOOP('',(#2536,#2537,#2538,#2539));
#1141=AXIS2_PLACEMENT_3D('',#2540,#2541,#2542);
#1142=EDGE_LOOP('',(#2543,#2544,#2545,#2546,#2547,#2548,#2549));
#1143=AXIS2_PLACEMENT_3D('',#2550,#2551,#2552);
#1144=EDGE_LOOP('',(#2553,#2554,#2555,#2556,#2557,#2558));
#1145=AXIS2_PLACEMENT_3D('',#2559,#2560,#2561);
#1146=EDGE_LOOP('',(#2562,#2563,#2564,#2565,#2566,#2567));
#1147=AXIS2_PLACEMENT_3D('',#2568,#2569,#2570);
#1148=EDGE_LOOP('',(#2571,#2572,#2573,#2574,#2575,#2576));
#1149=AXIS2_PLACEMENT_3D('',#2577,#2578,#2579);
#1150=EDGE_LOOP('',(#2580,#2581,#2582,#2583,#2584,#2585));
#1151=AXIS2_PLACEMENT_3D('',#2586,#2587,#2588);
#1152=EDGE_LOOP('',(#2589,#2590,#2591,#2592,#2593,#2594));
#1153=AXIS2_PLACEMENT_3D('',#2595,#2596,#2597);
#1154=EDGE_LOOP('',(#2598,#2599,#2600,#2601,#2602,#2603));
#1155=AXIS2_PLACEMENT_3D('',#2604,#2605,#2606);
#1156=EDGE_LOOP('',(#2607,#2608,#2609,#2610,#2611,#2612));
#1157=AXIS2_PLACEMENT_3D('',#2613,#2614,#2615);
#1158=EDGE_LOOP('',(#2616,#2617,#2618,#2619,#2620,#2621));
#1159=AXIS2_PLACEMENT_3D('',#2622,#2623,#2624);
#1160=EDGE_LOOP('',(#2625,#2626,#2627,#2628,#2629,#2630));
#1161=AXIS2_PLACEMENT_3D('',#2631,#2632,#2633);
#1162=EDGE_LOOP('',(#2634,#2635,#2636,#2637,#2638,#2639));
#1163=AXIS2_PLACEMENT_3D('',#2640,#2641,#2642);
#1164=EDGE_LOOP('',(#2643,#2644,#2645,#2646,#2647,#2648));
#1165=AXIS2_PLACEMENT_3D('',#2649,#2650,#2651);
#1166=EDGE_LOOP('',(#2652,#2653,#2654,#2655,#2656,#2657));
#1167=AXIS2_PLACEMENT_3D('',#2658,#2659,#2660);
#1168=EDGE_LOOP('',(#2661,#2662,#2663,#2664,#2665,#2666));
#1169=AXIS2_PLACEMENT_3D('',#2667,#2668,#2669);
#1170=EDGE_LOOP('',(#2670,#2671,#2672,#2673,#2674,#2675));
#1171=AXIS2_PLACEMENT_3D('',#2676,#2677,#2678);
#1172=EDGE_LOOP('',(#2679,#2680,#2681,#2682,#2683,#2684));
#1173=AXIS2_PLACEMENT_3D('',#2685,#2686,#2687);
#1174=EDGE_LOOP('',(#2688,#2689,#2690,#2691,#2692,#2693,#2694));
#1175=AXIS2_PLACEMENT_3D('',#2695,#2696,#2697);
#1176=EDGE_LOOP('',(#2698,#2699,#2700,#2701,#2702,#2703));
#1177=AXIS2_PLACEMENT_3D('',#2704,#2705,#2706);
#1178=EDGE_LOOP('',(#2707,#2708,#2709,#2710,#2711,#2712));
#1179=AXIS2_PLACEMENT_3D('',#2713,#2714,#2715);
#1180=EDGE_LOOP('',(#2716,#2717,#2718,#2719,#2720,#2721));
#1181=AXIS2_PLACEMENT_3D('',#2722,#2723,#2724);
#1182=EDGE_LOOP('',(#2725,#2726,#2727,#2728,#2729,#2730));
#1183=AXIS2_PLACEMENT_3D('',#2731,#2732,#2733);
#1184=EDGE_LOOP('',(#2734,#2735,#2736,#2737,#2738,#2739));
#1185=AXIS2_PLACEMENT_3D('',#2740,#2741,#2742);
#1186=EDGE_LOOP('',(#2743,#2744,#2745,#2746,#2747,#2748));
#1187=AXIS2_PLACEMENT_3D('',#2749,#2750,#2751);
#1188=EDGE_LOOP('',(#2752,#2753,#2754,#2755,#2756,#2757));
#1189=AXIS2_PLACEMENT_3D('',#2758,#2759,#2760);
#1190=EDGE_LOOP('',(#2761,#2762,#2763,#2764,#2765,#2766));
#1191=AXIS2_PLACEMENT_3D('',#2767,#2768,#2769);
#1192=EDGE_LOOP('',(#2770,#2771,#2772,#2773,#2774,#2775));
#1193=AXIS2_PLACEMENT_3D('',#2776,#2777,#2778);
#1194=EDGE_LOOP('',(#2779,#2780,#2781,#2782,#2783,#2784));
#1195=AXIS2_PLACEMENT_3D('',#2785,#2786,#2787);
#1196=EDGE_LOOP('',(#2788,#2789,#2790,#2791,#2792,#2793));
#1197=AXIS2_PLACEMENT_3D('',#2794,#2795,#2796);
#1198=EDGE_LOOP('',(#2797,#2798,#2799,#2800,#2801,#2802));
#1199=AXIS2_PLACEMENT_3D('',#2803,#2804,#2805);
#1200=EDGE_LOOP('',(#2806,#2807,#2808,#2809,#2810,#2811));
#1201=AXIS2_PLACEMENT_3D('',#2812,#2813,#2814);
#1202=EDGE_LOOP('',(#2815,#2816,#2817,#2818,#2819,#2820));
#1203=AXIS2_PLACEMENT_3D('',#2821,#2822,#2823);
#1204=EDGE_LOOP('',(#2824,#2825,#2826,#2827,#2828,#2829));
#1205=AXIS2_PLACEMENT_3D('',#2830,#2831,#2832);
#1206=EDGE_LOOP('',(#2833,#2834,#2835,#2836));
#1207=AXIS2_PLACEMENT_3D('',#2837,#2838,#2839);
#1208=EDGE_LOOP('',(#2840,#2841,#2842,#2843,#2844,#2845,#2846,#2847,#2848,#2849,#2850,#2851,#2852,#2853,#2854,#2855,#2856,#2857,#2858,#2859,#2860,#2861,#2862,#2863,#2864,#2865,#2866,#2867,#2868,#2869,#2870,#2871,#2872,#2873,#2874,#2875));
#1209=AXIS2_PLACEMENT_3D('',#2876,#2877,#2878);
#1210=EDGE_LOOP('',(#2879,#2880,#2881,#2882));
#1211=AXIS2_PLACEMENT_3D('',#2883,#2884,#2885);
#1212=EDGE_LOOP('',(#2886,#2887,#2888,#2889));
#1213=AXIS2_PLACEMENT_3D('',#2890,#2891,#2892);
#1214=EDGE_LOOP('',(#2893,#2894,#2895,#2896));
#1215=AXIS2_PLACEMENT_3D('',#2897,#2898,#2899);
#1216=EDGE_LOOP('',(#2900,#2901,#2902,#2903));
#1217=AXIS2_PLACEMENT_3D('',#2904,#2905,#2906);
#1218=EDGE_LOOP('',(#2907,#2908,#2909,#2910));
#1219=AXIS2_PLACEMENT_3D('',#2911,#2912,#2913);
#1220=EDGE_LOOP('',(#2914,#2915,#2916,#2917));
#1221=AXIS2_PLACEMENT_3D('',#2918,#2919,#2920);
#1222=EDGE_LOOP('',(#2921,#2922,#2923,#2924));
#1223=AXIS2_PLACEMENT_3D('',#2925,#2926,#2927);
#1224=EDGE_LOOP('',(#2928,#2929,#2930,#2931));
#1225=AXIS2_PLACEMENT_3D('',#2932,#2933,#2934);
#1226=EDGE_LOOP('',(#2935,#2936,#2937,#2938));
#1227=AXIS2_PLACEMENT_3D('',#2939,#2940,#2941);
#1228=EDGE_LOOP('',(#2942,#2943,#2944,#2945));
#1229=AXIS2_PLACEMENT_3D('',#2946,#2947,#2948);
#1230=EDGE_LOOP('',(#2949,#2950,#2951,#2952));
#1231=AXIS2_PLACEMENT_3D('',#2953,#2954,#2955);
#1232=EDGE_LOOP('',(#2956,#2957,#2958,#2959));
#1233=AXIS2_PLACEMENT_3D('',#2960,#2961,#2962);
#1234=EDGE_LOOP('',(#2963,#2964,#2965,#2966));
#1235=AXIS2_PLACEMENT_3D('',#2967,#2968,#2969);
#1236=EDGE_LOOP('',(#2970,#2971,#2972,#2973));
#1237=AXIS2_PLACEMENT_3D('',#2974,#2975,#2976);
#1238=EDGE_LOOP('',(#2977,#2978,#2979,#2980));
#1239=AXIS2_PLACEMENT_3D('',#2981,#2982,#2983);
#1240=EDGE_LOOP('',(#2984,#2985,#2986,#2987));
#1241=AXIS2_PLACEMENT_3D('',#2988,#2989,#2990);
#1242=EDGE_LOOP('',(#2991,#2992,#2993,#2994));
#1243=AXIS2_PLACEMENT_3D('',#2995,#2996,#2997);
#1244=EDGE_LOOP('',(#2998,#2999,#3000,#3001));
#1245=AXIS2_PLACEMENT_3D('',#3002,#3003,#3004);
#1246=EDGE_LOOP('',(#3005,#3006,#3007,#3008));
#1247=AXIS2_PLACEMENT_3D('',#3009,#3010,#3011);
#1248=EDGE_LOOP('',(#3012,#3013,#3014,#3015));
#1249=AXIS2_PLACEMENT_3D('',#3016,#3017,#3018);
#1250=EDGE_LOOP('',(#3019,#3020,#3021,#3022));
#1251=AXIS2_PLACEMENT_3D('',#3023,#3024,#3025);
#1252=EDGE_LOOP('',(#3026,#3027,#3028,#3029));
#1253=AXIS2_PLACEMENT_3D('',#3030,#3031,#3032);
#1254=EDGE_LOOP('',(#3033,#3034,#3035,#3036));
#1255=AXIS2_PLACEMENT_3D('',#3037,#3038,#3039);
#1256=EDGE_LOOP('',(#3040,#3041,#3042,#3043));
#1257=AXIS2_PLACEMENT_3D('',#3044,#3045,#3046);
#1258=EDGE_LOOP('',(#3047,#3048,#3049,#3050));
#1259=AXIS2_PLACEMENT_3D('',#3051,#3052,#3053);
#1260=EDGE_LOOP('',(#3054,#3055,#3056,#3057));
#1261=AXIS2_PLACEMENT_3D('',#3058,#3059,#3060);
#1262=EDGE_LOOP('',(#3061,#3062,#3063,#3064));
#1263=AXIS2_PLACEMENT_3D('',#3065,#3066,#3067);
#1264=EDGE_LOOP('',(#3068,#3069,#3070,#3071));
#1265=AXIS2_PLACEMENT_3D('',#3072,#3073,#3074);
#1266=EDGE_LOOP('',(#3075,#3076,#3077,#3078));
#1267=AXIS2_PLACEMENT_3D('',#3079,#3080,#3081);
#1268=EDGE_LOOP('',(#3082,#3083,#3084,#3085));
#1269=AXIS2_PLACEMENT_3D('',#3086,#3087,#3088);
#1270=EDGE_LOOP('',(#3089,#3090,#3091,#3092));
#1271=AXIS2_PLACEMENT_3D('',#3093,#3094,#3095);
#1272=EDGE_LOOP('',(#3096,#3097,#3098,#3099));
#1273=AXIS2_PLACEMENT_3D('',#3100,#3101,#3102);
#1274=EDGE_LOOP('',(#3103,#3104,#3105,#3106));
#1275=AXIS2_PLACEMENT_3D('',#3107,#3108,#3109);
#1276=EDGE_LOOP('',(#3110,#3111,#3112,#3113));
#1277=AXIS2_PLACEMENT_3D('',#3114,#3115,#3116);
#1278=EDGE_LOOP('',(#3117,#3118,#3119,#3120));
#1279=AXIS2_PLACEMENT_3D('',#3121,#3122,#3123);
#1280=EDGE_LOOP('',(#3124,#3125,#3126,#3127));
#1281=AXIS2_PLACEMENT_3D('',#3128,#3129,#3130);
#1282=EDGE_LOOP('',(#3131,#3132,#3133,#3134));
#1283=AXIS2_PLACEMENT_3D('',#3135,#3136,#3137);
#1284=EDGE_LOOP('',(#3138,#3139,#3140,#3141));
#1285=AXIS2_PLACEMENT_3D('',#3142,#3143,#3144);
#1286=EDGE_LOOP('',(#3145,#3146,#3147,#3148));
#1287=AXIS2_PLACEMENT_3D('',#3149,#3150,#3151);
#1288=EDGE_LOOP('',(#3152,#3153,#3154,#3155));
#1289=AXIS2_PLACEMENT_3D('',#3156,#3157,#3158);
#1290=EDGE_LOOP('',(#3159,#3160,#3161,#3162));
#1291=AXIS2_PLACEMENT_3D('',#3163,#3164,#3165);
#1292=EDGE_LOOP('',(#3166,#3167,#3168,#3169));
#1293=AXIS2_PLACEMENT_3D('',#3170,#3171,#3172);
#1294=EDGE_LOOP('',(#3173,#3174,#3175,#3176));
#1295=AXIS2_PLACEMENT_3D('',#3177,#3178,#3179);
#1296=EDGE_LOOP('',(#3180,#3181,#3182,#3183));
#1297=AXIS2_PLACEMENT_3D('',#3184,#3185,#3186);
#1298=EDGE_LOOP('',(#3187,#3188,#3189,#3190));
#1299=AXIS2_PLACEMENT_3D('',#3191,#3192,#3193);
#1300=EDGE_LOOP('',(#3194,#3195,#3196,#3197));
#1301=AXIS2_PLACEMENT_3D('',#3198,#3199,#3200);
#1302=EDGE_LOOP('',(#3201,#3202,#3203,#3204));
#1303=AXIS2_PLACEMENT_3D('',#3205,#3206,#3207);
#1304=EDGE_LOOP('',(#3208,#3209,#3210,#3211));
#1305=AXIS2_PLACEMENT_3D('',#3212,#3213,#3214);
#1306=EDGE_LOOP('',(#3215,#3216,#3217,#3218));
#1307=AXIS2_PLACEMENT_3D('',#3219,#3220,#3221);
#1308=EDGE_LOOP('',(#3222,#3223,#3224,#3225));
#1309=AXIS2_PLACEMENT_3D('',#3226,#3227,#3228);
#1310=EDGE_LOOP('',(#3229,#3230,#3231,#3232));
#1311=AXIS2_PLACEMENT_3D('',#3233,#3234,#3235);
#1312=EDGE_LOOP('',(#3236,#3237,#3238,#3239));
#1313=AXIS2_PLACEMENT_3D('',#3240,#3241,#3242);
#1314=EDGE_LOOP('',(#3243,#3244,#3245,#3246));
#1315=AXIS2_PLACEMENT_3D('',#3247,#3248,#3249);
#1316=EDGE_LOOP('',(#3250,#3251,#3252,#3253));
#1317=AXIS2_PLACEMENT_3D('',#3254,#3255,#3256);
#1318=EDGE_LOOP('',(#3257,#3258,#3259,#3260));
#1319=AXIS2_PLACEMENT_3D('',#3261,#3262,#3263);
#1320=EDGE_LOOP('',(#3264,#3265,#3266,#3267));
#1321=AXIS2_PLACEMENT_3D('',#3268,#3269,#3270);
#1322=EDGE_LOOP('',(#3271,#3272,#3273,#3274));
#1323=AXIS2_PLACEMENT_3D('',#3275,#3276,#3277);
#1324=EDGE_LOOP('',(#3278,#3279,#3280,#3281));
#1325=AXIS2_PLACEMENT_3D('',#3282,#3283,#3284);
#1326=EDGE_LOOP('',(#3285,#3286,#3287,#3288));
#1327=AXIS2_PLACEMENT_3D('',#3289,#3290,#3291);
#1328=EDGE_LOOP('',(#3292,#3293,#3294,#3295));
#1329=AXIS2_PLACEMENT_3D('',#3296,#3297,#3298);
#1330=EDGE_LOOP('',(#3299,#3300,#3301,#3302));
#1331=AXIS2_PLACEMENT_3D('',#3303,#3304,#3305);
#1332=EDGE_LOOP('',(#3306,#3307,#3308,#3309));
#1333=AXIS2_PLACEMENT_3D('',#3310,#3311,#3312);
#1334=EDGE_LOOP('',(#3313,#3314,#3315,#3316));
#1335=AXIS2_PLACEMENT_3D('',#3317,#3318,#3319);
#1336=EDGE_LOOP('',(#3320,#3321,#3322,#3323));
#1337=AXIS2_PLACEMENT_3D('',#3324,#3325,#3326);
#1338=EDGE_LOOP('',(#3327,#3328,#3329,#3330));
#1339=AXIS2_PLACEMENT_3D('',#3331,#3332,#3333);
#1340=EDGE_LOOP('',(#3334,#3335,#3336,#3337));
#1341=AXIS2_PLACEMENT_3D('',#3338,#3339,#3340);
#1342=EDGE_LOOP('',(#3341,#3342,#3343,#3344));
#1343=AXIS2_PLACEMENT_3D('',#3345,#3346,#3347);
#1344=EDGE_LOOP('',(#3348,#3349,#3350,#3351));
#1345=AXIS2_PLACEMENT_3D('',#3352,#3353,#3354);
#1346=EDGE_LOOP('',(#3355,#3356,#3357,#3358));
#1347=AXIS2_PLACEMENT_3D('',#3359,#3360,#3361);
#1348=EDGE_LOOP('',(#3362,#3363,#3364,#3365));
#1349=AXIS2_PLACEMENT_3D('',#3366,#3367,#3368);
#1350=EDGE_LOOP('',(#3369,#3370,#3371,#3372));
#1351=AXIS2_PLACEMENT_3D('',#3373,#3374,#3375);
#1352=EDGE_LOOP('',(#3376,#3377,#3378,#3379));
#1353=AXIS2_PLACEMENT_3D('',#3380,#3381,#3382);
#1354=EDGE_LOOP('',(#3383,#3384,#3385,#3386));
#1355=AXIS2_PLACEMENT_3D('',#3387,#3388,#3389);
#1356=EDGE_LOOP('',(#3390,#3391,#3392,#3393));
#1357=AXIS2_PLACEMENT_3D('',#3394,#3395,#3396);
#1358=EDGE_LOOP('',(#3397,#3398,#3399,#3400));
#1359=AXIS2_PLACEMENT_3D('',#3401,#3402,#3403);
#1360=EDGE_LOOP('',(#3404,#3405,#3406,#3407));
#1361=AXIS2_PLACEMENT_3D('',#3408,#3409,#3410);
#1362=EDGE_LOOP('',(#3411,#3412,#3413,#3414));
#1363=AXIS2_PLACEMENT_3D('',#3415,#3416,#3417);
#1364=EDGE_LOOP('',(#3418,#3419,#3420,#3421));
#1365=AXIS2_PLACEMENT_3D('',#3422,#3423,#3424);
#1366=EDGE_LOOP('',(#3425,#3426,#3427,#3428));
#1367=AXIS2_PLACEMENT_3D('',#3429,#3430,#3431);
#1368=EDGE_LOOP('',(#3432,#3433,#3434,#3435));
#1369=AXIS2_PLACEMENT_3D('',#3436,#3437,#3438);
#1370=EDGE_LOOP('',(#3439,#3440,#3441,#3442));
#1371=AXIS2_PLACEMENT_3D('',#3443,#3444,#3445);
#1372=EDGE_LOOP('',(#3446,#3447,#3448,#3449));
#1373=AXIS2_PLACEMENT_3D('',#3450,#3451,#3452);
#1374=EDGE_LOOP('',(#3453,#3454,#3455,#3456));
#1375=AXIS2_PLACEMENT_3D('',#3457,#3458,#3459);
#1376=EDGE_LOOP('',(#3460,#3461,#3462,#3463));
#1377=AXIS2_PLACEMENT_3D('',#3464,#3465,#3466);
#1378=EDGE_LOOP('',(#3467,#3468,#3469,#3470));
#1379=AXIS2_PLACEMENT_3D('',#3471,#3472,#3473);
#1380=EDGE_LOOP('',(#3474,#3475,#3476,#3477));
#1381=AXIS2_PLACEMENT_3D('',#3478,#3479,#3480);
#1382=EDGE_LOOP('',(#3481,#3482,#3483,#3484));
#1383=AXIS2_PLACEMENT_3D('',#3485,#3486,#3487);
#1384=EDGE_LOOP('',(#3488,#3489,#3490,#3491));
#1385=AXIS2_PLACEMENT_3D('',#3492,#3493,#3494);
#1386=EDGE_LOOP('',(#3495,#3496,#3497,#3498));
#1387=AXIS2_PLACEMENT_3D('',#3499,#3500,#3501);
#1388=EDGE_LOOP('',(#3502,#3503));
#1389=EDGE_LOOP('',(#3504,#3505));
#1390=AXIS2_PLACEMENT_3D('',#3506,#3507,#3508);
#1391=EDGE_LOOP('',(#3509,#3510,#3511,#3512));
#1392=AXIS2_PLACEMENT_3D('',#3513,#3514,#3515);
#1393=EDGE_LOOP('',(#3516,#3517,#3518,#3519));
#1394=AXIS2_PLACEMENT_3D('',#3520,#3521,#3522);
#1395=EDGE_LOOP('',(#3523,#3524,#3525,#3526));
#1396=AXIS2_PLACEMENT_3D('',#3527,#3528,#3529);
#1397=EDGE_LOOP('',(#3530,#3531,#3532,#3533));
#1398=AXIS2_PLACEMENT_3D('',#3534,#3535,#3536);
#1399=EDGE_LOOP('',(#3537,#3538,#3539,#3540));
#1400=AXIS2_PLACEMENT_3D('',#3541,#3542,#3543);
#1401=EDGE_LOOP('',(#3544,#3545,#3546,#3547));
#1402=AXIS2_PLACEMENT_3D('',#3548,#3549,#3550);
#1403=EDGE_LOOP('',(#3551,#3552,#3553,#3554));
#1404=AXIS2_PLACEMENT_3D('',#3555,#3556,#3557);
#1405=EDGE_LOOP('',(#3558,#3559));
#1406=EDGE_LOOP('',(#3560,#3561));
#1407=AXIS2_PLACEMENT_3D('',#3562,#3563,#3564);
#1408=ORIENTED_EDGE('',*,*,#3565,.F.);
#1409=ORIENTED_EDGE('',*,*,#3566,.T.);
#1410=ORIENTED_EDGE('',*,*,#3567,.F.);
#1411=ORIENTED_EDGE('',*,*,#3568,.F.);
#1412=ORIENTED_EDGE('',*,*,#3569,.F.);
#1413=ORIENTED_EDGE('',*,*,#3570,.F.);
#1414=ORIENTED_EDGE('',*,*,#3571,.F.);
#1415=ORIENTED_EDGE('',*,*,#3572,.F.);
#1416=ORIENTED_EDGE('',*,*,#3573,.F.);
#1417=ORIENTED_EDGE('',*,*,#3574,.F.);
#1418=ORIENTED_EDGE('',*,*,#3575,.F.);
#1419=ORIENTED_EDGE('',*,*,#3576,.F.);
#1420=ORIENTED_EDGE('',*,*,#3577,.F.);
#1421=ORIENTED_EDGE('',*,*,#3578,.F.);
#1422=ORIENTED_EDGE('',*,*,#3579,.F.);
#1423=ORIENTED_EDGE('',*,*,#3580,.F.);
#1424=ORIENTED_EDGE('',*,*,#3581,.F.);
#1425=ORIENTED_EDGE('',*,*,#3582,.F.);
#1426=ORIENTED_EDGE('',*,*,#3583,.F.);
#1427=ORIENTED_EDGE('',*,*,#3584,.F.);
#1428=ORIENTED_EDGE('',*,*,#3585,.F.);
#1429=ORIENTED_EDGE('',*,*,#3586,.F.);
#1430=ORIENTED_EDGE('',*,*,#3587,.F.);
#1431=ORIENTED_EDGE('',*,*,#3588,.F.);
#1432=ORIENTED_EDGE('',*,*,#3589,.F.);
#1433=ORIENTED_EDGE('',*,*,#3590,.F.);
#1434=ORIENTED_EDGE('',*,*,#3591,.F.);
#1435=ORIENTED_EDGE('',*,*,#3592,.F.);
#1436=ORIENTED_EDGE('',*,*,#3593,.F.);
#1437=ORIENTED_EDGE('',*,*,#3594,.F.);
#1438=ORIENTED_EDGE('',*,*,#3595,.F.);
#1439=ORIENTED_EDGE('',*,*,#3596,.F.);
#1440=ORIENTED_EDGE('',*,*,#3597,.F.);
#1441=ORIENTED_EDGE('',*,*,#3598,.F.);
#1442=ORIENTED_EDGE('',*,*,#3599,.F.);
#1443=ORIENTED_EDGE('',*,*,#3600,.F.);
#1444=CARTESIAN_POINT('',(1.84484631039295,0.0,0.0));
#1445=DIRECTION('',(-1.0,-0.0,-0.0));
#1446=DIRECTION('',(0.0,1.0,0.0));
#1447=ORIENTED_EDGE('',*,*,#3601,.F.);
#1448=ORIENTED_EDGE('',*,*,#3602,.T.);
#1449=ORIENTED_EDGE('',*,*,#3603,.F.);
#1450=ORIENTED_EDGE('',*,*,#3566,.F.);
#1451=CARTESIAN_POINT('',(0.469846310392954,0.0,0.0));
#1452=DIRECTION('',(1.0,-0.0,-0.0));
#1453=DIRECTION('',(0.0,1.0,0.0));
#1454=ORIENTED_EDGE('',*,*,#3604,.F.);
#1455=ORIENTED_EDGE('',*,*,#3605,.T.);
#1456=ORIENTED_EDGE('',*,*,#3606,.F.);
#1457=ORIENTED_EDGE('',*,*,#3607,.F.);
#1458=ORIENTED_EDGE('',*,*,#3608,.F.);
#1459=ORIENTED_EDGE('',*,*,#3609,.F.);
#1460=ORIENTED_EDGE('',*,*,#3610,.F.);
#1461=ORIENTED_EDGE('',*,*,#3611,.F.);
#1462=ORIENTED_EDGE('',*,*,#3612,.F.);
#1463=ORIENTED_EDGE('',*,*,#3613,.F.);
#1464=ORIENTED_EDGE('',*,*,#3614,.F.);
#1465=ORIENTED_EDGE('',*,*,#3615,.F.);
#1466=ORIENTED_EDGE('',*,*,#3616,.F.);
#1467=ORIENTED_EDGE('',*,*,#3617,.F.);
#1468=ORIENTED_EDGE('',*,*,#3618,.F.);
#1469=ORIENTED_EDGE('',*,*,#3619,.F.);
#1470=ORIENTED_EDGE('',*,*,#3620,.F.);
#1471=ORIENTED_EDGE('',*,*,#3621,.F.);
#1472=ORIENTED_EDGE('',*,*,#3622,.F.);
#1473=ORIENTED_EDGE('',*,*,#3623,.F.);
#1474=ORIENTED_EDGE('',*,*,#3624,.F.);
#1475=ORIENTED_EDGE('',*,*,#3625,.F.);
#1476=ORIENTED_EDGE('',*,*,#3626,.F.);
#1477=ORIENTED_EDGE('',*,*,#3627,.F.);
#1478=ORIENTED_EDGE('',*,*,#3628,.F.);
#1479=ORIENTED_EDGE('',*,*,#3629,.F.);
#1480=ORIENTED_EDGE('',*,*,#3630,.F.);
#1481=ORIENTED_EDGE('',*,*,#3631,.F.);
#1482=ORIENTED_EDGE('',*,*,#3632,.F.);
#1483=ORIENTED_EDGE('',*,*,#3633,.F.);
#1484=ORIENTED_EDGE('',*,*,#3634,.F.);
#1485=ORIENTED_EDGE('',*,*,#3635,.F.);
#1486=ORIENTED_EDGE('',*,*,#3636,.F.);
#1487=ORIENTED_EDGE('',*,*,#3637,.F.);
#1488=ORIENTED_EDGE('',*,*,#3638,.F.);
#1489=ORIENTED_EDGE('',*,*,#3639,.F.);
#1490=CARTESIAN_POINT('',(12.655153689607,0.0,6.61918555167925E-016));
#1491=DIRECTION('',(1.0,-0.0,1.22460635382238E-016));
#1492=DIRECTION('',(0.0,1.0,0.0));
#1493=ORIENTED_EDGE('',*,*,#3640,.F.);
#1494=ORIENTED_EDGE('',*,*,#3641,.T.);
#1495=ORIENTED_EDGE('',*,*,#3642,.F.);
#1496=ORIENTED_EDGE('',*,*,#3605,.F.);
#1497=CARTESIAN_POINT('',(14.030153689607,0.0,8.30301928818502E-016));
#1498=DIRECTION('',(-1.0,0.0,-1.22460635382238E-016));
#1499=DIRECTION('',(0.0,1.0,0.0));
#1500=ORIENTED_EDGE('',*,*,#3643,.F.);
#1501=ORIENTED_EDGE('',*,*,#3644,.F.);
#1502=ORIENTED_EDGE('',*,*,#3645,.F.);
#1503=ORIENTED_EDGE('',*,*,#3646,.F.);
#1504=CARTESIAN_POINT('',(3.25,0.0,0.0));
#1505=DIRECTION('',(1.0,0.0,0.0));
#1506=DIRECTION('',(0.0,0.0,-1.0));
#1507=ORIENTED_EDGE('',*,*,#3647,.F.);
#1508=ORIENTED_EDGE('',*,*,#3648,.F.);
#1509=ORIENTED_EDGE('',*,*,#3649,.F.);
#1510=ORIENTED_EDGE('',*,*,#3650,.F.);
#1511=CARTESIAN_POINT('',(3.25,0.0,0.0));
#1512=DIRECTION('',(1.0,0.0,0.0));
#1513=DIRECTION('',(0.0,0.0,-1.0));
#1514=ORIENTED_EDGE('',*,*,#3647,.T.);
#1515=ORIENTED_EDGE('',*,*,#3651,.F.);
#1516=ORIENTED_EDGE('',*,*,#3649,.T.);
#1517=ORIENTED_EDGE('',*,*,#3652,.F.);
#1518=CARTESIAN_POINT('',(3.25,0.0,0.0));
#1519=DIRECTION('',(1.0,0.0,0.0));
#1520=DIRECTION('',(0.0,0.0,-1.0));
#1521=ORIENTED_EDGE('',*,*,#3643,.T.);
#1522=ORIENTED_EDGE('',*,*,#3653,.F.);
#1523=ORIENTED_EDGE('',*,*,#3645,.T.);
#1524=ORIENTED_EDGE('',*,*,#3654,.F.);
#1525=CARTESIAN_POINT('',(3.25,0.0,0.0));
#1526=DIRECTION('',(1.0,0.0,0.0));
#1527=DIRECTION('',(0.0,0.0,-1.0));
#1528=ORIENTED_EDGE('',*,*,#3650,.T.);
#1529=ORIENTED_EDGE('',*,*,#3651,.T.);
#1530=ORIENTED_EDGE('',*,*,#3654,.T.);
#1531=ORIENTED_EDGE('',*,*,#3644,.T.);
#1532=CARTESIAN_POINT('',(-8.0,0.0,0.0));
#1533=DIRECTION('',(-1.0,0.0,0.0));
#1534=DIRECTION('',(0.0,0.0,1.0));
#1535=ORIENTED_EDGE('',*,*,#3655,.F.);
#1536=ORIENTED_EDGE('',*,*,#3656,.F.);
#1537=ORIENTED_EDGE('',*,*,#3657,.F.);
#1538=ORIENTED_EDGE('',*,*,#3658,.F.);
#1539=ORIENTED_EDGE('',*,*,#3659,.F.);
#1540=ORIENTED_EDGE('',*,*,#3613,.T.);
#1541=CARTESIAN_POINT('',(11.75,12.4475,5.5107285922007E-016));
#1542=DIRECTION('',(-1.0,0.0,-1.22460635382238E-016));
#1543=DIRECTION('',(0.0,1.0,0.0));
#1544=ORIENTED_EDGE('',*,*,#3660,.F.);
#1545=ORIENTED_EDGE('',*,*,#3661,.F.);
#1546=ORIENTED_EDGE('',*,*,#3662,.F.);
#1547=ORIENTED_EDGE('',*,*,#3663,.F.);
#1548=ORIENTED_EDGE('',*,*,#3664,.F.);
#1549=ORIENTED_EDGE('',*,*,#3615,.T.);
#1550=CARTESIAN_POINT('',(11.75,12.4475,5.5107285922007E-016));
#1551=DIRECTION('',(-1.0,0.0,-1.22460635382238E-016));
#1552=DIRECTION('',(0.0,1.0,0.0));
#1553=ORIENTED_EDGE('',*,*,#3665,.F.);
#1554=ORIENTED_EDGE('',*,*,#3666,.F.);
#1555=ORIENTED_EDGE('',*,*,#3667,.F.);
#1556=ORIENTED_EDGE('',*,*,#3668,.F.);
#1557=ORIENTED_EDGE('',*,*,#3669,.F.);
#1558=ORIENTED_EDGE('',*,*,#3617,.T.);
#1559=CARTESIAN_POINT('',(11.75,12.4475,5.5107285922007E-016));
#1560=DIRECTION('',(-1.0,0.0,-1.22460635382238E-016));
#1561=DIRECTION('',(0.0,1.0,0.0));
#1562=ORIENTED_EDGE('',*,*,#3670,.F.);
#1563=ORIENTED_EDGE('',*,*,#3671,.F.);
#1564=ORIENTED_EDGE('',*,*,#3672,.F.);
#1565=ORIENTED_EDGE('',*,*,#3673,.F.);
#1566=ORIENTED_EDGE('',*,*,#3674,.F.);
#1567=ORIENTED_EDGE('',*,*,#3619,.T.);
#1568=CARTESIAN_POINT('',(11.75,12.4475,5.5107285922007E-016));
#1569=DIRECTION('',(-1.0,0.0,-1.22460635382238E-016));
#1570=DIRECTION('',(0.0,1.0,0.0));
#1571=ORIENTED_EDGE('',*,*,#3675,.F.);
#1572=ORIENTED_EDGE('',*,*,#3676,.F.);
#1573=ORIENTED_EDGE('',*,*,#3677,.F.);
#1574=ORIENTED_EDGE('',*,*,#3678,.F.);
#1575=ORIENTED_EDGE('',*,*,#3679,.F.);
#1576=ORIENTED_EDGE('',*,*,#3621,.T.);
#1577=CARTESIAN_POINT('',(11.75,12.4475,5.5107285922007E-016));
#1578=DIRECTION('',(-1.0,0.0,-1.22460635382238E-016));
#1579=DIRECTION('',(0.0,1.0,0.0));
#1580=ORIENTED_EDGE('',*,*,#3680,.F.);
#1581=ORIENTED_EDGE('',*,*,#3681,.F.);
#1582=ORIENTED_EDGE('',*,*,#3682,.F.);
#1583=ORIENTED_EDGE('',*,*,#3683,.F.);
#1584=ORIENTED_EDGE('',*,*,#3684,.F.);
#1585=ORIENTED_EDGE('',*,*,#3623,.T.);
#1586=CARTESIAN_POINT('',(11.75,12.4475,5.5107285922007E-016));
#1587=DIRECTION('',(-1.0,0.0,-1.22460635382238E-016));
#1588=DIRECTION('',(0.0,1.0,0.0));
#1589=ORIENTED_EDGE('',*,*,#3685,.F.);
#1590=ORIENTED_EDGE('',*,*,#3686,.F.);
#1591=ORIENTED_EDGE('',*,*,#3687,.F.);
#1592=ORIENTED_EDGE('',*,*,#3688,.F.);
#1593=ORIENTED_EDGE('',*,*,#3689,.F.);
#1594=ORIENTED_EDGE('',*,*,#3625,.T.);
#1595=CARTESIAN_POINT('',(11.75,12.4475,5.5107285922007E-016));
#1596=DIRECTION('',(-1.0,0.0,-1.22460635382238E-016));
#1597=DIRECTION('',(0.0,1.0,0.0));
#1598=ORIENTED_EDGE('',*,*,#3690,.F.);
#1599=ORIENTED_EDGE('',*,*,#3691,.F.);
#1600=ORIENTED_EDGE('',*,*,#3692,.F.);
#1601=ORIENTED_EDGE('',*,*,#3693,.F.);
#1602=ORIENTED_EDGE('',*,*,#3694,.F.);
#1603=ORIENTED_EDGE('',*,*,#3627,.T.);
#1604=CARTESIAN_POINT('',(11.75,12.4475,5.5107285922007E-016));
#1605=DIRECTION('',(-1.0,0.0,-1.22460635382238E-016));
#1606=DIRECTION('',(0.0,1.0,0.0));
#1607=ORIENTED_EDGE('',*,*,#3695,.F.);
#1608=ORIENTED_EDGE('',*,*,#3696,.F.);
#1609=ORIENTED_EDGE('',*,*,#3697,.F.);
#1610=ORIENTED_EDGE('',*,*,#3698,.F.);
#1611=ORIENTED_EDGE('',*,*,#3699,.F.);
#1612=ORIENTED_EDGE('',*,*,#3629,.T.);
#1613=CARTESIAN_POINT('',(11.75,12.4475,5.5107285922007E-016));
#1614=DIRECTION('',(-1.0,0.0,-1.22460635382238E-016));
#1615=DIRECTION('',(0.0,1.0,0.0));
#1616=ORIENTED_EDGE('',*,*,#3700,.F.);
#1617=ORIENTED_EDGE('',*,*,#3701,.F.);
#1618=ORIENTED_EDGE('',*,*,#3702,.F.);
#1619=ORIENTED_EDGE('',*,*,#3703,.F.);
#1620=ORIENTED_EDGE('',*,*,#3704,.F.);
#1621=ORIENTED_EDGE('',*,*,#3631,.T.);
#1622=CARTESIAN_POINT('',(11.75,12.4475,5.5107285922007E-016));
#1623=DIRECTION('',(-1.0,0.0,-1.22460635382238E-016));
#1624=DIRECTION('',(0.0,1.0,0.0));
#1625=ORIENTED_EDGE('',*,*,#3705,.F.);
#1626=ORIENTED_EDGE('',*,*,#3706,.F.);
#1627=ORIENTED_EDGE('',*,*,#3707,.F.);
#1628=ORIENTED_EDGE('',*,*,#3708,.F.);
#1629=ORIENTED_EDGE('',*,*,#3709,.F.);
#1630=ORIENTED_EDGE('',*,*,#3633,.T.);
#1631=CARTESIAN_POINT('',(11.75,12.4475,5.5107285922007E-016));
#1632=DIRECTION('',(-1.0,0.0,-1.22460635382238E-016));
#1633=DIRECTION('',(0.0,1.0,0.0));
#1634=ORIENTED_EDGE('',*,*,#3710,.F.);
#1635=ORIENTED_EDGE('',*,*,#3711,.F.);
#1636=ORIENTED_EDGE('',*,*,#3712,.F.);
#1637=ORIENTED_EDGE('',*,*,#3713,.F.);
#1638=ORIENTED_EDGE('',*,*,#3714,.F.);
#1639=ORIENTED_EDGE('',*,*,#3635,.T.);
#1640=CARTESIAN_POINT('',(11.75,12.4475,5.5107285922007E-016));
#1641=DIRECTION('',(-1.0,0.0,-1.22460635382238E-016));
#1642=DIRECTION('',(0.0,1.0,0.0));
#1643=ORIENTED_EDGE('',*,*,#3715,.F.);
#1644=ORIENTED_EDGE('',*,*,#3716,.F.);
#1645=ORIENTED_EDGE('',*,*,#3717,.F.);
#1646=ORIENTED_EDGE('',*,*,#3718,.F.);
#1647=ORIENTED_EDGE('',*,*,#3719,.F.);
#1648=ORIENTED_EDGE('',*,*,#3637,.T.);
#1649=CARTESIAN_POINT('',(11.75,12.4475,5.5107285922007E-016));
#1650=DIRECTION('',(-1.0,0.0,-1.22460635382238E-016));
#1651=DIRECTION('',(0.0,1.0,0.0));
#1652=ORIENTED_EDGE('',*,*,#3720,.F.);
#1653=ORIENTED_EDGE('',*,*,#3721,.F.);
#1654=ORIENTED_EDGE('',*,*,#3722,.F.);
#1655=ORIENTED_EDGE('',*,*,#3723,.F.);
#1656=ORIENTED_EDGE('',*,*,#3724,.F.);
#1657=ORIENTED_EDGE('',*,*,#3725,.T.);
#1658=ORIENTED_EDGE('',*,*,#3639,.T.);
#1659=CARTESIAN_POINT('',(11.75,12.4475,5.5107285922007E-016));
#1660=DIRECTION('',(-1.0,0.0,-1.22460635382238E-016));
#1661=DIRECTION('',(0.0,1.0,0.0));
#1662=ORIENTED_EDGE('',*,*,#3726,.F.);
#1663=ORIENTED_EDGE('',*,*,#3727,.F.);
#1664=ORIENTED_EDGE('',*,*,#3728,.F.);
#1665=ORIENTED_EDGE('',*,*,#3729,.F.);
#1666=ORIENTED_EDGE('',*,*,#3730,.F.);
#1667=ORIENTED_EDGE('',*,*,#3731,.T.);
#1668=CARTESIAN_POINT('',(11.75,12.4475,5.5107285922007E-016));
#1669=DIRECTION('',(-1.0,0.0,-1.22460635382238E-016));
#1670=DIRECTION('',(0.0,1.0,0.0));
#1671=ORIENTED_EDGE('',*,*,#3732,.F.);
#1672=ORIENTED_EDGE('',*,*,#3733,.F.);
#1673=ORIENTED_EDGE('',*,*,#3734,.F.);
#1674=ORIENTED_EDGE('',*,*,#3735,.F.);
#1675=ORIENTED_EDGE('',*,*,#3736,.F.);
#1676=ORIENTED_EDGE('',*,*,#3737,.T.);
#1677=CARTESIAN_POINT('',(11.75,12.4475,5.5107285922007E-016));
#1678=DIRECTION('',(-1.0,0.0,-1.22460635382238E-016));
#1679=DIRECTION('',(0.0,1.0,0.0));
#1680=ORIENTED_EDGE('',*,*,#3738,.F.);
#1681=ORIENTED_EDGE('',*,*,#3739,.T.);
#1682=ORIENTED_EDGE('',*,*,#3740,.F.);
#1683=ORIENTED_EDGE('',*,*,#3741,.F.);
#1684=ORIENTED_EDGE('',*,*,#3742,.F.);
#1685=ORIENTED_EDGE('',*,*,#3743,.F.);
#1686=CARTESIAN_POINT('',(11.75,12.4475,5.5107285922007E-016));
#1687=DIRECTION('',(-1.0,0.0,-1.22460635382238E-016));
#1688=DIRECTION('',(0.0,1.0,0.0));
#1689=ORIENTED_EDGE('',*,*,#3744,.F.);
#1690=ORIENTED_EDGE('',*,*,#3745,.T.);
#1691=ORIENTED_EDGE('',*,*,#3746,.F.);
#1692=ORIENTED_EDGE('',*,*,#3747,.F.);
#1693=ORIENTED_EDGE('',*,*,#3748,.F.);
#1694=ORIENTED_EDGE('',*,*,#3749,.F.);
#1695=CARTESIAN_POINT('',(11.75,12.4475,5.5107285922007E-016));
#1696=DIRECTION('',(-1.0,0.0,-1.22460635382238E-016));
#1697=DIRECTION('',(0.0,1.0,0.0));
#1698=ORIENTED_EDGE('',*,*,#3750,.F.);
#1699=ORIENTED_EDGE('',*,*,#3751,.T.);
#1700=ORIENTED_EDGE('',*,*,#3752,.F.);
#1701=ORIENTED_EDGE('',*,*,#3753,.F.);
#1702=ORIENTED_EDGE('',*,*,#3754,.F.);
#1703=ORIENTED_EDGE('',*,*,#3755,.F.);
#1704=CARTESIAN_POINT('',(11.75,12.4475,5.5107285922007E-016));
#1705=DIRECTION('',(-1.0,0.0,-1.22460635382238E-016));
#1706=DIRECTION('',(0.0,1.0,0.0));
#1707=ORIENTED_EDGE('',*,*,#3756,.F.);
#1708=ORIENTED_EDGE('',*,*,#3757,.T.);
#1709=ORIENTED_EDGE('',*,*,#3758,.F.);
#1710=ORIENTED_EDGE('',*,*,#3759,.F.);
#1711=ORIENTED_EDGE('',*,*,#3760,.F.);
#1712=ORIENTED_EDGE('',*,*,#3761,.F.);
#1713=CARTESIAN_POINT('',(11.75,12.4475,5.5107285922007E-016));
#1714=DIRECTION('',(-1.0,0.0,-1.22460635382238E-016));
#1715=DIRECTION('',(0.0,1.0,0.0));
#1716=ORIENTED_EDGE('',*,*,#3762,.F.);
#1717=ORIENTED_EDGE('',*,*,#3763,.T.);
#1718=ORIENTED_EDGE('',*,*,#3764,.F.);
#1719=ORIENTED_EDGE('',*,*,#3765,.F.);
#1720=ORIENTED_EDGE('',*,*,#3766,.F.);
#1721=ORIENTED_EDGE('',*,*,#3767,.F.);
#1722=CARTESIAN_POINT('',(11.75,12.4475,5.5107285922007E-016));
#1723=DIRECTION('',(-1.0,0.0,-1.22460635382238E-016));
#1724=DIRECTION('',(0.0,1.0,0.0));
#1725=ORIENTED_EDGE('',*,*,#3768,.F.);
#1726=ORIENTED_EDGE('',*,*,#3769,.T.);
#1727=ORIENTED_EDGE('',*,*,#3770,.F.);
#1728=ORIENTED_EDGE('',*,*,#3771,.F.);
#1729=ORIENTED_EDGE('',*,*,#3772,.F.);
#1730=ORIENTED_EDGE('',*,*,#3773,.F.);
#1731=CARTESIAN_POINT('',(11.75,12.4475,5.5107285922007E-016));
#1732=DIRECTION('',(-1.0,0.0,-1.22460635382238E-016));
#1733=DIRECTION('',(0.0,1.0,0.0));
#1734=ORIENTED_EDGE('',*,*,#3774,.F.);
#1735=ORIENTED_EDGE('',*,*,#3775,.T.);
#1736=ORIENTED_EDGE('',*,*,#3776,.F.);
#1737=ORIENTED_EDGE('',*,*,#3777,.F.);
#1738=ORIENTED_EDGE('',*,*,#3778,.F.);
#1739=ORIENTED_EDGE('',*,*,#3779,.F.);
#1740=CARTESIAN_POINT('',(11.75,12.4475,5.5107285922007E-016));
#1741=DIRECTION('',(-1.0,0.0,-1.22460635382238E-016));
#1742=DIRECTION('',(0.0,1.0,0.0));
#1743=ORIENTED_EDGE('',*,*,#3780,.F.);
#1744=ORIENTED_EDGE('',*,*,#3781,.T.);
#1745=ORIENTED_EDGE('',*,*,#3782,.F.);
#1746=ORIENTED_EDGE('',*,*,#3783,.F.);
#1747=ORIENTED_EDGE('',*,*,#3784,.F.);
#1748=ORIENTED_EDGE('',*,*,#3785,.F.);
#1749=CARTESIAN_POINT('',(11.75,12.4475,5.5107285922007E-016));
#1750=DIRECTION('',(-1.0,0.0,-1.22460635382238E-016));
#1751=DIRECTION('',(0.0,1.0,0.0));
#1752=ORIENTED_EDGE('',*,*,#3786,.F.);
#1753=ORIENTED_EDGE('',*,*,#3787,.T.);
#1754=ORIENTED_EDGE('',*,*,#3788,.F.);
#1755=ORIENTED_EDGE('',*,*,#3789,.F.);
#1756=ORIENTED_EDGE('',*,*,#3790,.F.);
#1757=ORIENTED_EDGE('',*,*,#3791,.F.);
#1758=CARTESIAN_POINT('',(11.75,12.4475,5.5107285922007E-016));
#1759=DIRECTION('',(-1.0,0.0,-1.22460635382238E-016));
#1760=DIRECTION('',(0.0,1.0,0.0));
#1761=ORIENTED_EDGE('',*,*,#3792,.F.);
#1762=ORIENTED_EDGE('',*,*,#3793,.T.);
#1763=ORIENTED_EDGE('',*,*,#3794,.F.);
#1764=ORIENTED_EDGE('',*,*,#3795,.F.);
#1765=ORIENTED_EDGE('',*,*,#3796,.F.);
#1766=ORIENTED_EDGE('',*,*,#3797,.F.);
#1767=CARTESIAN_POINT('',(11.75,12.4475,5.5107285922007E-016));
#1768=DIRECTION('',(-1.0,0.0,-1.22460635382238E-016));
#1769=DIRECTION('',(0.0,1.0,0.0));
#1770=ORIENTED_EDGE('',*,*,#3798,.F.);
#1771=ORIENTED_EDGE('',*,*,#3799,.T.);
#1772=ORIENTED_EDGE('',*,*,#3800,.F.);
#1773=ORIENTED_EDGE('',*,*,#3801,.F.);
#1774=ORIENTED_EDGE('',*,*,#3802,.F.);
#1775=ORIENTED_EDGE('',*,*,#3803,.F.);
#1776=CARTESIAN_POINT('',(11.75,12.4475,5.5107285922007E-016));
#1777=DIRECTION('',(-1.0,0.0,-1.22460635382238E-016));
#1778=DIRECTION('',(0.0,1.0,0.0));
#1779=ORIENTED_EDGE('',*,*,#3804,.F.);
#1780=ORIENTED_EDGE('',*,*,#3805,.T.);
#1781=ORIENTED_EDGE('',*,*,#3806,.F.);
#1782=ORIENTED_EDGE('',*,*,#3807,.F.);
#1783=ORIENTED_EDGE('',*,*,#3808,.F.);
#1784=ORIENTED_EDGE('',*,*,#3809,.F.);
#1785=CARTESIAN_POINT('',(11.75,12.4475,5.5107285922007E-016));
#1786=DIRECTION('',(-1.0,0.0,-1.22460635382238E-016));
#1787=DIRECTION('',(0.0,1.0,0.0));
#1788=ORIENTED_EDGE('',*,*,#3810,.F.);
#1789=ORIENTED_EDGE('',*,*,#3811,.T.);
#1790=ORIENTED_EDGE('',*,*,#3812,.F.);
#1791=ORIENTED_EDGE('',*,*,#3813,.F.);
#1792=ORIENTED_EDGE('',*,*,#3814,.F.);
#1793=ORIENTED_EDGE('',*,*,#3815,.F.);
#1794=CARTESIAN_POINT('',(11.75,12.4475,5.5107285922007E-016));
#1795=DIRECTION('',(-1.0,0.0,-1.22460635382238E-016));
#1796=DIRECTION('',(0.0,1.0,0.0));
#1797=ORIENTED_EDGE('',*,*,#3816,.F.);
#1798=ORIENTED_EDGE('',*,*,#3607,.T.);
#1799=ORIENTED_EDGE('',*,*,#3817,.T.);
#1800=ORIENTED_EDGE('',*,*,#3818,.F.);
#1801=ORIENTED_EDGE('',*,*,#3819,.F.);
#1802=ORIENTED_EDGE('',*,*,#3820,.F.);
#1803=ORIENTED_EDGE('',*,*,#3821,.F.);
#1804=CARTESIAN_POINT('',(11.75,12.4475,5.5107285922007E-016));
#1805=DIRECTION('',(-1.0,0.0,-1.22460635382238E-016));
#1806=DIRECTION('',(0.0,1.0,0.0));
#1807=ORIENTED_EDGE('',*,*,#3822,.F.);
#1808=ORIENTED_EDGE('',*,*,#3609,.T.);
#1809=ORIENTED_EDGE('',*,*,#3823,.F.);
#1810=ORIENTED_EDGE('',*,*,#3824,.F.);
#1811=ORIENTED_EDGE('',*,*,#3825,.F.);
#1812=ORIENTED_EDGE('',*,*,#3826,.F.);
#1813=CARTESIAN_POINT('',(11.75,12.4475,5.5107285922007E-016));
#1814=DIRECTION('',(-1.0,0.0,-1.22460635382238E-016));
#1815=DIRECTION('',(0.0,1.0,0.0));
#1816=ORIENTED_EDGE('',*,*,#3640,.T.);
#1817=ORIENTED_EDGE('',*,*,#3827,.F.);
#1818=ORIENTED_EDGE('',*,*,#3642,.T.);
#1819=ORIENTED_EDGE('',*,*,#3828,.T.);
#1820=CARTESIAN_POINT('',(14.030153689607,0.0,8.30301928818502E-016));
#1821=DIRECTION('',(-1.0,0.0,-1.22460635382238E-016));
#1822=DIRECTION('',(0.0,1.0,0.0));
#1823=ORIENTED_EDGE('',*,*,#3604,.T.);
#1824=ORIENTED_EDGE('',*,*,#3725,.F.);
#1825=ORIENTED_EDGE('',*,*,#3829,.F.);
#1826=ORIENTED_EDGE('',*,*,#3731,.F.);
#1827=ORIENTED_EDGE('',*,*,#3830,.F.);
#1828=ORIENTED_EDGE('',*,*,#3737,.F.);
#1829=ORIENTED_EDGE('',*,*,#3831,.F.);
#1830=ORIENTED_EDGE('',*,*,#3739,.F.);
#1831=ORIENTED_EDGE('',*,*,#3832,.F.);
#1832=ORIENTED_EDGE('',*,*,#3745,.F.);
#1833=ORIENTED_EDGE('',*,*,#3833,.F.);
#1834=ORIENTED_EDGE('',*,*,#3751,.F.);
#1835=ORIENTED_EDGE('',*,*,#3834,.F.);
#1836=ORIENTED_EDGE('',*,*,#3757,.F.);
#1837=ORIENTED_EDGE('',*,*,#3835,.F.);
#1838=ORIENTED_EDGE('',*,*,#3763,.F.);
#1839=ORIENTED_EDGE('',*,*,#3836,.F.);
#1840=ORIENTED_EDGE('',*,*,#3769,.F.);
#1841=ORIENTED_EDGE('',*,*,#3837,.F.);
#1842=ORIENTED_EDGE('',*,*,#3775,.F.);
#1843=ORIENTED_EDGE('',*,*,#3838,.F.);
#1844=ORIENTED_EDGE('',*,*,#3781,.F.);
#1845=ORIENTED_EDGE('',*,*,#3839,.F.);
#1846=ORIENTED_EDGE('',*,*,#3787,.F.);
#1847=ORIENTED_EDGE('',*,*,#3840,.F.);
#1848=ORIENTED_EDGE('',*,*,#3793,.F.);
#1849=ORIENTED_EDGE('',*,*,#3841,.F.);
#1850=ORIENTED_EDGE('',*,*,#3799,.F.);
#1851=ORIENTED_EDGE('',*,*,#3842,.F.);
#1852=ORIENTED_EDGE('',*,*,#3805,.F.);
#1853=ORIENTED_EDGE('',*,*,#3843,.F.);
#1854=ORIENTED_EDGE('',*,*,#3811,.F.);
#1855=ORIENTED_EDGE('',*,*,#3844,.F.);
#1856=ORIENTED_EDGE('',*,*,#3817,.F.);
#1857=ORIENTED_EDGE('',*,*,#3606,.T.);
#1858=ORIENTED_EDGE('',*,*,#3827,.T.);
#1859=CARTESIAN_POINT('',(12.655153689607,0.0,6.61918555167925E-016));
#1860=DIRECTION('',(1.0,-0.0,1.22460635382238E-016));
#1861=DIRECTION('',(0.0,1.0,0.0));
#1862=ORIENTED_EDGE('',*,*,#3845,.F.);
#1863=ORIENTED_EDGE('',*,*,#3611,.T.);
#1864=ORIENTED_EDGE('',*,*,#3846,.F.);
#1865=ORIENTED_EDGE('',*,*,#3847,.F.);
#1866=ORIENTED_EDGE('',*,*,#3848,.F.);
#1867=ORIENTED_EDGE('',*,*,#3849,.F.);
#1868=CARTESIAN_POINT('',(11.75,12.4475,5.5107285922007E-016));
#1869=DIRECTION('',(-1.0,0.0,-1.22460635382238E-016));
#1870=DIRECTION('',(0.0,1.0,0.0));
#1871=ORIENTED_EDGE('',*,*,#3849,.T.);
#1872=ORIENTED_EDGE('',*,*,#3850,.F.);
#1873=ORIENTED_EDGE('',*,*,#3851,.T.);
#1874=ORIENTED_EDGE('',*,*,#3852,.T.);
#1875=CARTESIAN_POINT('',(-1.0,-21.9904192711045,-10.84055742483));
#1876=DIRECTION('',(5.65694372839885E-017,0.38268343236509,-0.923879532511287));
#1877=DIRECTION('',(-2.34318281388422E-017,0.923879532511287,0.38268343236509));
#1878=ORIENTED_EDGE('',*,*,#3848,.T.);
#1879=ORIENTED_EDGE('',*,*,#3853,.F.);
#1880=ORIENTED_EDGE('',*,*,#3854,.T.);
#1881=ORIENTED_EDGE('',*,*,#3850,.T.);
#1882=CARTESIAN_POINT('',(-1.0,-22.5749963769133,-9.35086966984096));
#1883=DIRECTION('',(1.0,0.0,6.12303176911189E-017));
#1884=DIRECTION('',(-5.65694372839885E-017,-0.38268343236509,0.923879532511287));
#1885=ORIENTED_EDGE('',*,*,#3847,.T.);
#1886=ORIENTED_EDGE('',*,*,#3855,.F.);
#1887=ORIENTED_EDGE('',*,*,#3856,.T.);
#1888=ORIENTED_EDGE('',*,*,#3853,.T.);
#1889=CARTESIAN_POINT('',(-1.0,-23.2150062546728,-7.88414292079386));
#1890=DIRECTION('',(-5.65694372839885E-017,-0.38268343236509,0.923879532511287));
#1891=DIRECTION('',(2.34318281388422E-017,-0.923879532511287,-0.38268343236509));
#1892=ORIENTED_EDGE('',*,*,#3846,.T.);
#1893=ORIENTED_EDGE('',*,*,#3857,.F.);
#1894=ORIENTED_EDGE('',*,*,#3858,.T.);
#1895=ORIENTED_EDGE('',*,*,#3855,.T.);
#1896=CARTESIAN_POINT('',(-1.0,-23.3957960135942,-7.5260716107603));
#1897=DIRECTION('',(1.0,0.0,6.12303176911189E-017));
#1898=DIRECTION('',(-5.65694372839885E-017,-0.38268343236509,0.923879532511287));
#1899=ORIENTED_EDGE('',*,*,#3610,.T.);
#1900=ORIENTED_EDGE('',*,*,#3859,.T.);
#1901=ORIENTED_EDGE('',*,*,#3860,.T.);
#1902=ORIENTED_EDGE('',*,*,#3857,.T.);
#1903=CARTESIAN_POINT('',(7.25,0.0,4.43919803260612E-016));
#1904=DIRECTION('',(1.0,0.0,6.12303176911189E-017));
#1905=DIRECTION('',(6.12303176911189E-017,0.0,-1.0));
#1906=ORIENTED_EDGE('',*,*,#3822,.T.);
#1907=ORIENTED_EDGE('',*,*,#3861,.F.);
#1908=ORIENTED_EDGE('',*,*,#3862,.T.);
#1909=ORIENTED_EDGE('',*,*,#3859,.F.);
#1910=CARTESIAN_POINT('',(-1.0,-23.6341547994449,-6.74030799859153));
#1911=DIRECTION('',(1.0,0.0,6.12303176911189E-017));
#1912=DIRECTION('',(-6.00537943058629E-017,-0.195090322016128,0.98078528040323));
#1913=ORIENTED_EDGE('',*,*,#3826,.T.);
#1914=ORIENTED_EDGE('',*,*,#3863,.F.);
#1915=ORIENTED_EDGE('',*,*,#3864,.T.);
#1916=ORIENTED_EDGE('',*,*,#3861,.T.);
#1917=CARTESIAN_POINT('',(-1.0,-23.6827673698392,-6.34214117676975));
#1918=DIRECTION('',(6.00537943058629E-017,0.195090322016128,-0.98078528040323));
#1919=DIRECTION('',(-1.19454423955102E-017,0.98078528040323,0.195090322016128));
#1920=ORIENTED_EDGE('',*,*,#3825,.T.);
#1921=ORIENTED_EDGE('',*,*,#3865,.F.);
#1922=ORIENTED_EDGE('',*,*,#3866,.T.);
#1923=ORIENTED_EDGE('',*,*,#3863,.T.);
#1924=CARTESIAN_POINT('',(-1.0,-23.9654883266529,-4.7670320184641));
#1925=DIRECTION('',(1.0,0.0,6.12303176911189E-017));
#1926=DIRECTION('',(-6.00537943058629E-017,-0.195090322016128,0.98078528040323));
#1927=ORIENTED_EDGE('',*,*,#3824,.T.);
#1928=ORIENTED_EDGE('',*,*,#3867,.F.);
#1929=ORIENTED_EDGE('',*,*,#3868,.T.);
#1930=ORIENTED_EDGE('',*,*,#3865,.T.);
#1931=CARTESIAN_POINT('',(-1.0,-24.3070564002908,-3.20362827947941));
#1932=DIRECTION('',(-6.00537943058629E-017,-0.195090322016128,0.98078528040323));
#1933=DIRECTION('',(1.19454423955102E-017,-0.98078528040323,-0.195090322016128));
#1934=ORIENTED_EDGE('',*,*,#3823,.T.);
#1935=ORIENTED_EDGE('',*,*,#3869,.F.);
#1936=ORIENTED_EDGE('',*,*,#3870,.T.);
#1937=ORIENTED_EDGE('',*,*,#3867,.T.);
#1938=CARTESIAN_POINT('',(-1.0,-24.4145160875094,-2.8171668769786));
#1939=DIRECTION('',(1.0,0.0,6.12303176911189E-017));
#1940=DIRECTION('',(-6.00537943058629E-017,-0.195090322016128,0.98078528040323));
#1941=ORIENTED_EDGE('',*,*,#3608,.T.);
#1942=ORIENTED_EDGE('',*,*,#3871,.T.);
#1943=ORIENTED_EDGE('',*,*,#3872,.T.);
#1944=ORIENTED_EDGE('',*,*,#3869,.T.);
#1945=CARTESIAN_POINT('',(7.25,0.0,4.43919803260612E-016));
#1946=DIRECTION('',(1.0,0.0,6.12303176911189E-017));
#1947=DIRECTION('',(6.12303176911189E-017,0.0,-1.0));
#1948=ORIENTED_EDGE('',*,*,#3816,.T.);
#1949=ORIENTED_EDGE('',*,*,#3873,.F.);
#1950=ORIENTED_EDGE('',*,*,#3874,.T.);
#1951=ORIENTED_EDGE('',*,*,#3871,.F.);
#1952=CARTESIAN_POINT('',(-1.0,-24.495,-2.0));
#1953=DIRECTION('',(1.0,0.0,6.12303176911189E-017));
#1954=DIRECTION('',(-6.12303176911189E-017,1.22460635382238E-016,1.0));
#1955=ORIENTED_EDGE('',*,*,#3821,.T.);
#1956=ORIENTED_EDGE('',*,*,#3875,.F.);
#1957=ORIENTED_EDGE('',*,*,#3876,.T.);
#1958=ORIENTED_EDGE('',*,*,#3873,.T.);
#1959=CARTESIAN_POINT('',(-1.0,-24.465,-1.6));
#1960=DIRECTION('',(6.12303176911189E-017,-1.22460635382238E-016,-1.0));
#1961=DIRECTION('',(7.49830360911069E-033,1.0,-1.22460635382238E-016));
#1962=ORIENTED_EDGE('',*,*,#3820,.T.);
#1963=ORIENTED_EDGE('',*,*,#3877,.F.);
#1964=ORIENTED_EDGE('',*,*,#3878,.T.);
#1965=ORIENTED_EDGE('',*,*,#3875,.T.);
#1966=CARTESIAN_POINT('',(-1.0,-24.435,2.95760240886396E-015));
#1967=DIRECTION('',(1.0,0.0,6.12303176911189E-017));
#1968=DIRECTION('',(-6.12303176911189E-017,1.22460635382238E-016,1.0));
#1969=ORIENTED_EDGE('',*,*,#3819,.T.);
#1970=ORIENTED_EDGE('',*,*,#3879,.F.);
#1971=ORIENTED_EDGE('',*,*,#3880,.T.);
#1972=ORIENTED_EDGE('',*,*,#3877,.T.);
#1973=CARTESIAN_POINT('',(-1.0,-24.465,1.6));
#1974=DIRECTION('',(-6.12303176911189E-017,1.22460635382238E-016,1.0));
#1975=DIRECTION('',(-7.49830360911069E-033,-1.0,1.22460635382238E-016));
#1976=ORIENTED_EDGE('',*,*,#3818,.T.);
#1977=ORIENTED_EDGE('',*,*,#3881,.F.);
#1978=ORIENTED_EDGE('',*,*,#3882,.T.);
#1979=ORIENTED_EDGE('',*,*,#3879,.T.);
#1980=CARTESIAN_POINT('',(-1.0,-24.495,2.0));
#1981=DIRECTION('',(1.0,0.0,6.12303176911189E-017));
#1982=DIRECTION('',(-6.12303176911189E-017,1.22460635382238E-016,1.0));
#1983=ORIENTED_EDGE('',*,*,#3844,.T.);
#1984=ORIENTED_EDGE('',*,*,#3883,.T.);
#1985=ORIENTED_EDGE('',*,*,#3569,.T.);
#1986=ORIENTED_EDGE('',*,*,#3881,.T.);
#1987=CARTESIAN_POINT('',(7.25,0.0,4.43919803260612E-016));
#1988=DIRECTION('',(1.0,0.0,6.12303176911189E-017));
#1989=DIRECTION('',(6.12303176911189E-017,0.0,-1.0));
#1990=ORIENTED_EDGE('',*,*,#3810,.T.);
#1991=ORIENTED_EDGE('',*,*,#3884,.F.);
#1992=ORIENTED_EDGE('',*,*,#3885,.T.);
#1993=ORIENTED_EDGE('',*,*,#3883,.F.);
#1994=CARTESIAN_POINT('',(-1.0,-24.4145160875094,2.81716687697861));
#1995=DIRECTION('',(1.0,0.0,6.12303176911189E-017));
#1996=DIRECTION('',(-6.00537943058629E-017,0.195090322016129,0.98078528040323));
#1997=ORIENTED_EDGE('',*,*,#3815,.T.);
#1998=ORIENTED_EDGE('',*,*,#3886,.F.);
#1999=ORIENTED_EDGE('',*,*,#3887,.T.);
#2000=ORIENTED_EDGE('',*,*,#3884,.T.);
#2001=CARTESIAN_POINT('',(-1.0,-24.3070564002908,3.20362827947942));
#2002=DIRECTION('',(6.00537943058629E-017,-0.195090322016129,-0.98078528040323));
#2003=DIRECTION('',(1.19454423955102E-017,0.98078528040323,-0.195090322016129));
#2004=ORIENTED_EDGE('',*,*,#3814,.T.);
#2005=ORIENTED_EDGE('',*,*,#3888,.F.);
#2006=ORIENTED_EDGE('',*,*,#3889,.T.);
#2007=ORIENTED_EDGE('',*,*,#3886,.T.);
#2008=CARTESIAN_POINT('',(-1.0,-23.9654883266529,4.7670320184641));
#2009=DIRECTION('',(1.0,0.0,6.12303176911189E-017));
#2010=DIRECTION('',(-6.00537943058629E-017,0.195090322016129,0.98078528040323));
#2011=ORIENTED_EDGE('',*,*,#3813,.T.);
#2012=ORIENTED_EDGE('',*,*,#3890,.F.);
#2013=ORIENTED_EDGE('',*,*,#3891,.T.);
#2014=ORIENTED_EDGE('',*,*,#3888,.T.);
#2015=CARTESIAN_POINT('',(-1.0,-23.6827673698392,6.34214117676975));
#2016=DIRECTION('',(-6.00537943058629E-017,0.195090322016129,0.98078528040323));
#2017=DIRECTION('',(-1.19454423955102E-017,-0.98078528040323,0.195090322016129));
#2018=ORIENTED_EDGE('',*,*,#3812,.T.);
#2019=ORIENTED_EDGE('',*,*,#3892,.F.);
#2020=ORIENTED_EDGE('',*,*,#3893,.T.);
#2021=ORIENTED_EDGE('',*,*,#3890,.T.);
#2022=CARTESIAN_POINT('',(-1.0,-23.6341547994449,6.74030799859153));
#2023=DIRECTION('',(1.0,0.0,6.12303176911189E-017));
#2024=DIRECTION('',(-6.00537943058629E-017,0.195090322016129,0.98078528040323));
#2025=ORIENTED_EDGE('',*,*,#3843,.T.);
#2026=ORIENTED_EDGE('',*,*,#3894,.T.);
#2027=ORIENTED_EDGE('',*,*,#3571,.T.);
#2028=ORIENTED_EDGE('',*,*,#3892,.T.);
#2029=CARTESIAN_POINT('',(7.25,0.0,4.43919803260612E-016));
#2030=DIRECTION('',(1.0,0.0,6.12303176911189E-017));
#2031=DIRECTION('',(6.12303176911189E-017,0.0,-1.0));
#2032=ORIENTED_EDGE('',*,*,#3804,.T.);
#2033=ORIENTED_EDGE('',*,*,#3895,.F.);
#2034=ORIENTED_EDGE('',*,*,#3896,.T.);
#2035=ORIENTED_EDGE('',*,*,#3894,.F.);
#2036=CARTESIAN_POINT('',(-1.0,-23.3957960135942,7.5260716107603));
#2037=DIRECTION('',(1.0,0.0,6.12303176911189E-017));
#2038=DIRECTION('',(-5.65694372839885E-017,0.38268343236509,0.923879532511287));
#2039=ORIENTED_EDGE('',*,*,#3809,.T.);
#2040=ORIENTED_EDGE('',*,*,#3897,.F.);
#2041=ORIENTED_EDGE('',*,*,#3898,.T.);
#2042=ORIENTED_EDGE('',*,*,#3895,.T.);
#2043=CARTESIAN_POINT('',(-1.0,-23.2150062546728,7.88414292079386));
#2044=DIRECTION('',(5.65694372839885E-017,-0.38268343236509,-0.923879532511287));
#2045=DIRECTION('',(2.34318281388423E-017,0.923879532511287,-0.38268343236509));
#2046=ORIENTED_EDGE('',*,*,#3808,.T.);
#2047=ORIENTED_EDGE('',*,*,#3899,.F.);
#2048=ORIENTED_EDGE('',*,*,#3900,.T.);
#2049=ORIENTED_EDGE('',*,*,#3897,.T.);
#2050=CARTESIAN_POINT('',(-1.0,-22.5749963769133,9.35086966984097));
#2051=DIRECTION('',(1.0,0.0,6.12303176911189E-017));
#2052=DIRECTION('',(-5.65694372839885E-017,0.38268343236509,0.923879532511287));
#2053=ORIENTED_EDGE('',*,*,#3807,.T.);
#2054=ORIENTED_EDGE('',*,*,#3901,.F.);
#2055=ORIENTED_EDGE('',*,*,#3902,.T.);
#2056=ORIENTED_EDGE('',*,*,#3899,.T.);
#2057=CARTESIAN_POINT('',(-1.0,-21.9904192711045,10.84055742483));
#2058=DIRECTION('',(-5.65694372839885E-017,0.38268343236509,0.923879532511287));
#2059=DIRECTION('',(-2.34318281388423E-017,-0.923879532511287,0.38268343236509));
#2060=ORIENTED_EDGE('',*,*,#3806,.T.);
#2061=ORIENTED_EDGE('',*,*,#3903,.F.);
#2062=ORIENTED_EDGE('',*,*,#3904,.T.);
#2063=ORIENTED_EDGE('',*,*,#3901,.T.);
#2064=CARTESIAN_POINT('',(-1.0,-21.8650622841338,11.2215897408054));
#2065=DIRECTION('',(1.0,0.0,6.12303176911189E-017));
#2066=DIRECTION('',(-5.65694372839885E-017,0.38268343236509,0.923879532511287));
#2067=ORIENTED_EDGE('',*,*,#3842,.T.);
#2068=ORIENTED_EDGE('',*,*,#3905,.T.);
#2069=ORIENTED_EDGE('',*,*,#3573,.T.);
#2070=ORIENTED_EDGE('',*,*,#3903,.T.);
#2071=CARTESIAN_POINT('',(7.25,0.0,4.43919803260612E-016));
#2072=DIRECTION('',(1.0,0.0,6.12303176911189E-017));
#2073=DIRECTION('',(6.12303176911189E-017,0.0,-1.0));
#2074=ORIENTED_EDGE('',*,*,#3798,.T.);
#2075=ORIENTED_EDGE('',*,*,#3906,.F.);
#2076=ORIENTED_EDGE('',*,*,#3907,.T.);
#2077=ORIENTED_EDGE('',*,*,#3905,.F.);
#2078=CARTESIAN_POINT('',(-1.0,-21.4779886193901,11.9457536332101));
#2079=DIRECTION('',(1.0,-4.8148248609681E-033,6.12303176911189E-017));
#2080=DIRECTION('',(-5.09111485117963E-017,0.555570233019602,0.831469612302545));
#2081=ORIENTED_EDGE('',*,*,#3803,.T.);
#2082=ORIENTED_EDGE('',*,*,#3908,.F.);
#2083=ORIENTED_EDGE('',*,*,#3909,.T.);
#2084=ORIENTED_EDGE('',*,*,#3906,.T.);
#2085=CARTESIAN_POINT('',(-1.0,-21.2308164378131,12.2616743711405));
#2086=DIRECTION('',(5.09111485117963E-017,-0.555570233019602,-0.831469612302545));
#2087=DIRECTION('',(3.40177418675192E-017,0.831469612302545,-0.555570233019602));
#2088=ORIENTED_EDGE('',*,*,#3802,.T.);
#2089=ORIENTED_EDGE('',*,*,#3910,.F.);
#2090=ORIENTED_EDGE('',*,*,#3911,.T.);
#2091=ORIENTED_EDGE('',*,*,#3908,.T.);
#2092=CARTESIAN_POINT('',(-1.0,-20.3169599766127,13.575358643834));
#2093=DIRECTION('',(1.0,0.0,6.12303176911189E-017));
#2094=DIRECTION('',(-5.09111485117963E-017,0.555570233019602,0.831469612302545));
#2095=ORIENTED_EDGE('',*,*,#3801,.T.);
#2096=ORIENTED_EDGE('',*,*,#3912,.F.);
#2097=ORIENTED_EDGE('',*,*,#3913,.T.);
#2098=ORIENTED_EDGE('',*,*,#3910,.T.);
#2099=CARTESIAN_POINT('',(-1.0,-19.4529916921504,14.9223771305086));
#2100=DIRECTION('',(-5.09111485117963E-017,0.555570233019602,0.831469612302545));
#2101=DIRECTION('',(-3.40177418675192E-017,-0.831469612302545,0.555570233019602));
#2102=ORIENTED_EDGE('',*,*,#3800,.T.);
#2103=ORIENTED_EDGE('',*,*,#3914,.F.);
#2104=ORIENTED_EDGE('',*,*,#3915,.T.);
#2105=ORIENTED_EDGE('',*,*,#3912,.T.);
#2106=CARTESIAN_POINT('',(-1.0,-19.2557076873116,15.2716320824202));
#2107=DIRECTION('',(1.0,-4.8148248609681E-033,6.12303176911189E-017));
#2108=DIRECTION('',(-5.09111485117963E-017,0.555570233019602,0.831469612302545));
#2109=ORIENTED_EDGE('',*,*,#3841,.T.);
#2110=ORIENTED_EDGE('',*,*,#3916,.T.);
#2111=ORIENTED_EDGE('',*,*,#3575,.T.);
#2112=ORIENTED_EDGE('',*,*,#3914,.T.);
#2113=CARTESIAN_POINT('',(7.25,0.0,4.43919803260612E-016));
#2114=DIRECTION('',(1.0,0.0,6.12303176911189E-017));
#2115=DIRECTION('',(6.12303176911189E-017,0.0,-1.0));
#2116=ORIENTED_EDGE('',*,*,#3792,.T.);
#2117=ORIENTED_EDGE('',*,*,#3917,.F.);
#2118=ORIENTED_EDGE('',*,*,#3918,.T.);
#2119=ORIENTED_EDGE('',*,*,#3916,.F.);
#2120=CARTESIAN_POINT('',(-1.0,-18.7347941675376,15.9063670427914));
#2121=DIRECTION('',(1.0,0.0,6.12303176911189E-017));
#2122=DIRECTION('',(-4.32963728535968E-017,0.707106781186547,0.707106781186547));
#2123=ORIENTED_EDGE('',*,*,#3797,.T.);
#2124=ORIENTED_EDGE('',*,*,#3919,.F.);
#2125=ORIENTED_EDGE('',*,*,#3920,.T.);
#2126=ORIENTED_EDGE('',*,*,#3917,.T.);
#2127=CARTESIAN_POINT('',(-1.0,-18.4307382516274,16.1679965518304));
#2128=DIRECTION('',(4.32963728535968E-017,-0.707106781186547,-0.707106781186547));
#2129=DIRECTION('',(4.32963728535968E-017,0.707106781186548,-0.707106781186548));
#2130=ORIENTED_EDGE('',*,*,#3796,.T.);
#2131=ORIENTED_EDGE('',*,*,#3921,.F.);
#2132=ORIENTED_EDGE('',*,*,#3922,.T.);
#2133=ORIENTED_EDGE('',*,*,#3919,.T.);
#2134=CARTESIAN_POINT('',(-1.0,-17.2781541982933,17.2781541982933));
#2135=DIRECTION('',(1.0,0.0,6.12303176911189E-017));
#2136=DIRECTION('',(-4.32963728535968E-017,0.707106781186547,0.707106781186547));
#2137=ORIENTED_EDGE('',*,*,#3795,.T.);
#2138=ORIENTED_EDGE('',*,*,#3923,.F.);
#2139=ORIENTED_EDGE('',*,*,#3924,.T.);
#2140=ORIENTED_EDGE('',*,*,#3921,.T.);
#2141=CARTESIAN_POINT('',(-1.0,-16.1679965518304,18.4307382516274));
#2142=DIRECTION('',(-4.32963728535968E-017,0.707106781186547,0.707106781186547));
#2143=DIRECTION('',(-4.32963728535968E-017,-0.707106781186548,0.707106781186548));
#2144=ORIENTED_EDGE('',*,*,#3794,.T.);
#2145=ORIENTED_EDGE('',*,*,#3925,.F.);
#2146=ORIENTED_EDGE('',*,*,#3926,.T.);
#2147=ORIENTED_EDGE('',*,*,#3923,.T.);
#2148=CARTESIAN_POINT('',(-1.0,-15.9063670427914,18.7347941675376));
#2149=DIRECTION('',(1.0,0.0,6.12303176911189E-017));
#2150=DIRECTION('',(-4.32963728535968E-017,0.707106781186547,0.707106781186547));
#2151=ORIENTED_EDGE('',*,*,#3840,.T.);
#2152=ORIENTED_EDGE('',*,*,#3927,.T.);
#2153=ORIENTED_EDGE('',*,*,#3577,.T.);
#2154=ORIENTED_EDGE('',*,*,#3925,.T.);
#2155=CARTESIAN_POINT('',(7.25,0.0,4.43919803260612E-016));
#2156=DIRECTION('',(1.0,0.0,6.12303176911189E-017));
#2157=DIRECTION('',(6.12303176911189E-017,0.0,-1.0));
#2158=ORIENTED_EDGE('',*,*,#3786,.T.);
#2159=ORIENTED_EDGE('',*,*,#3928,.F.);
#2160=ORIENTED_EDGE('',*,*,#3929,.T.);
#2161=ORIENTED_EDGE('',*,*,#3927,.F.);
#2162=CARTESIAN_POINT('',(-1.0,-15.2716320824202,19.2557076873116));
#2163=DIRECTION('',(1.0,0.0,6.12303176911189E-017));
#2164=DIRECTION('',(-3.40177418675192E-017,0.831469612302545,0.555570233019602));
#2165=ORIENTED_EDGE('',*,*,#3791,.T.);
#2166=ORIENTED_EDGE('',*,*,#3930,.F.);
#2167=ORIENTED_EDGE('',*,*,#3931,.T.);
#2168=ORIENTED_EDGE('',*,*,#3928,.T.);
#2169=CARTESIAN_POINT('',(-1.0,-14.9223771305086,19.4529916921504));
#2170=DIRECTION('',(3.40177418675192E-017,-0.831469612302545,-0.555570233019602));
#2171=DIRECTION('',(5.09111485117963E-017,0.555570233019602,-0.831469612302545));
#2172=ORIENTED_EDGE('',*,*,#3790,.T.);
#2173=ORIENTED_EDGE('',*,*,#3932,.F.);
#2174=ORIENTED_EDGE('',*,*,#3933,.T.);
#2175=ORIENTED_EDGE('',*,*,#3930,.T.);
#2176=CARTESIAN_POINT('',(-1.0,-13.575358643834,20.3169599766127));
#2177=DIRECTION('',(1.0,0.0,6.12303176911189E-017));
#2178=DIRECTION('',(-3.40177418675192E-017,0.831469612302545,0.555570233019602));
#2179=ORIENTED_EDGE('',*,*,#3789,.T.);
#2180=ORIENTED_EDGE('',*,*,#3934,.F.);
#2181=ORIENTED_EDGE('',*,*,#3935,.T.);
#2182=ORIENTED_EDGE('',*,*,#3932,.T.);
#2183=CARTESIAN_POINT('',(-1.0,-12.2616743711405,21.2308164378131));
#2184=DIRECTION('',(-3.40177418675192E-017,0.831469612302545,0.555570233019602));
#2185=DIRECTION('',(-5.09111485117963E-017,-0.555570233019602,0.831469612302545));
#2186=ORIENTED_EDGE('',*,*,#3788,.T.);
#2187=ORIENTED_EDGE('',*,*,#3936,.F.);
#2188=ORIENTED_EDGE('',*,*,#3937,.T.);
#2189=ORIENTED_EDGE('',*,*,#3934,.T.);
#2190=CARTESIAN_POINT('',(-1.0,-11.9457536332101,21.4779886193901));
#2191=DIRECTION('',(1.0,0.0,6.12303176911189E-017));
#2192=DIRECTION('',(-3.40177418675192E-017,0.831469612302545,0.555570233019602));
#2193=ORIENTED_EDGE('',*,*,#3839,.T.);
#2194=ORIENTED_EDGE('',*,*,#3938,.T.);
#2195=ORIENTED_EDGE('',*,*,#3579,.T.);
#2196=ORIENTED_EDGE('',*,*,#3936,.T.);
#2197=CARTESIAN_POINT('',(7.25,0.0,4.43919803260612E-016));
#2198=DIRECTION('',(1.0,0.0,6.12303176911189E-017));
#2199=DIRECTION('',(6.12303176911189E-017,0.0,-1.0));
#2200=ORIENTED_EDGE('',*,*,#3780,.T.);
#2201=ORIENTED_EDGE('',*,*,#3939,.F.);
#2202=ORIENTED_EDGE('',*,*,#3940,.T.);
#2203=ORIENTED_EDGE('',*,*,#3938,.F.);
#2204=CARTESIAN_POINT('',(-1.0,-11.2215897408054,21.8650622841338));
#2205=DIRECTION('',(1.0,-2.40741243048405E-033,6.12303176911189E-017));
#2206=DIRECTION('',(-2.34318281388422E-017,0.923879532511287,0.38268343236509));
#2207=ORIENTED_EDGE('',*,*,#3785,.T.);
#2208=ORIENTED_EDGE('',*,*,#3941,.F.);
#2209=ORIENTED_EDGE('',*,*,#3942,.T.);
#2210=ORIENTED_EDGE('',*,*,#3939,.T.);
#2211=CARTESIAN_POINT('',(-1.0,-10.84055742483,21.9904192711045));
#2212=DIRECTION('',(2.34318281388422E-017,-0.923879532511287,-0.38268343236509));
#2213=DIRECTION('',(5.65694372839885E-017,0.38268343236509,-0.923879532511287));
#2214=ORIENTED_EDGE('',*,*,#3784,.T.);
#2215=ORIENTED_EDGE('',*,*,#3943,.F.);
#2216=ORIENTED_EDGE('',*,*,#3944,.T.);
#2217=ORIENTED_EDGE('',*,*,#3941,.T.);
#2218=CARTESIAN_POINT('',(-1.0,-9.35086966984097,22.5749963769133));
#2219=DIRECTION('',(1.0,0.0,6.12303176911189E-017));
#2220=DIRECTION('',(-2.34318281388422E-017,0.923879532511287,0.38268343236509));
#2221=ORIENTED_EDGE('',*,*,#3783,.T.);
#2222=ORIENTED_EDGE('',*,*,#3945,.F.);
#2223=ORIENTED_EDGE('',*,*,#3946,.T.);
#2224=ORIENTED_EDGE('',*,*,#3943,.T.);
#2225=CARTESIAN_POINT('',(-1.0,-7.88414292079386,23.2150062546728));
#2226=DIRECTION('',(-2.34318281388422E-017,0.923879532511287,0.38268343236509));
#2227=DIRECTION('',(-5.65694372839885E-017,-0.38268343236509,0.923879532511287));
#2228=ORIENTED_EDGE('',*,*,#3782,.T.);
#2229=ORIENTED_EDGE('',*,*,#3947,.F.);
#2230=ORIENTED_EDGE('',*,*,#3948,.T.);
#2231=ORIENTED_EDGE('',*,*,#3945,.T.);
#2232=CARTESIAN_POINT('',(-1.0,-7.5260716107603,23.3957960135942));
#2233=DIRECTION('',(1.0,-2.40741243048405E-033,6.12303176911189E-017));
#2234=DIRECTION('',(-2.34318281388422E-017,0.923879532511287,0.38268343236509));
#2235=ORIENTED_EDGE('',*,*,#3838,.T.);
#2236=ORIENTED_EDGE('',*,*,#3949,.T.);
#2237=ORIENTED_EDGE('',*,*,#3581,.T.);
#2238=ORIENTED_EDGE('',*,*,#3947,.T.);
#2239=CARTESIAN_POINT('',(7.25,0.0,4.43919803260612E-016));
#2240=DIRECTION('',(1.0,0.0,6.12303176911189E-017));
#2241=DIRECTION('',(6.12303176911189E-017,0.0,-1.0));
#2242=ORIENTED_EDGE('',*,*,#3774,.T.);
#2243=ORIENTED_EDGE('',*,*,#3950,.F.);
#2244=ORIENTED_EDGE('',*,*,#3951,.T.);
#2245=ORIENTED_EDGE('',*,*,#3949,.F.);
#2246=CARTESIAN_POINT('',(-1.0,-6.74030799859152,23.6341547994449));
#2247=DIRECTION('',(1.0,0.0,6.12303176911189E-017));
#2248=DIRECTION('',(-1.19454423955102E-017,0.98078528040323,0.195090322016128));
#2249=ORIENTED_EDGE('',*,*,#3779,.T.);
#2250=ORIENTED_EDGE('',*,*,#3952,.F.);
#2251=ORIENTED_EDGE('',*,*,#3953,.T.);
#2252=ORIENTED_EDGE('',*,*,#3950,.T.);
#2253=CARTESIAN_POINT('',(-1.0,-6.34214117676975,23.6827673698392));
#2254=DIRECTION('',(1.19454423955102E-017,-0.98078528040323,-0.195090322016128));
#2255=DIRECTION('',(6.00537943058629E-017,0.195090322016128,-0.98078528040323));
#2256=ORIENTED_EDGE('',*,*,#3778,.T.);
#2257=ORIENTED_EDGE('',*,*,#3954,.F.);
#2258=ORIENTED_EDGE('',*,*,#3955,.T.);
#2259=ORIENTED_EDGE('',*,*,#3952,.T.);
#2260=CARTESIAN_POINT('',(-1.0,-4.76703201846409,23.9654883266529));
#2261=DIRECTION('',(1.0,0.0,6.12303176911189E-017));
#2262=DIRECTION('',(-1.19454423955102E-017,0.98078528040323,0.195090322016128));
#2263=ORIENTED_EDGE('',*,*,#3777,.T.);
#2264=ORIENTED_EDGE('',*,*,#3956,.F.);
#2265=ORIENTED_EDGE('',*,*,#3957,.T.);
#2266=ORIENTED_EDGE('',*,*,#3954,.T.);
#2267=CARTESIAN_POINT('',(-1.0,-3.20362827947941,24.3070564002908));
#2268=DIRECTION('',(-1.19454423955102E-017,0.98078528040323,0.195090322016128));
#2269=DIRECTION('',(-6.00537943058629E-017,-0.195090322016128,0.98078528040323));
#2270=ORIENTED_EDGE('',*,*,#3776,.T.);
#2271=ORIENTED_EDGE('',*,*,#3958,.F.);
#2272=ORIENTED_EDGE('',*,*,#3959,.T.);
#2273=ORIENTED_EDGE('',*,*,#3956,.T.);
#2274=CARTESIAN_POINT('',(-1.0,-2.8171668769786,24.4145160875094));
#2275=DIRECTION('',(1.0,0.0,6.12303176911189E-017));
#2276=DIRECTION('',(-1.19454423955102E-017,0.98078528040323,0.195090322016128));
#2277=ORIENTED_EDGE('',*,*,#3837,.T.);
#2278=ORIENTED_EDGE('',*,*,#3960,.T.);
#2279=ORIENTED_EDGE('',*,*,#3583,.T.);
#2280=ORIENTED_EDGE('',*,*,#3958,.T.);
#2281=CARTESIAN_POINT('',(7.25,0.0,4.43919803260612E-016));
#2282=DIRECTION('',(1.0,0.0,6.12303176911189E-017));
#2283=DIRECTION('',(6.12303176911189E-017,0.0,-1.0));
#2284=ORIENTED_EDGE('',*,*,#3768,.T.);
#2285=ORIENTED_EDGE('',*,*,#3961,.F.);
#2286=ORIENTED_EDGE('',*,*,#3962,.T.);
#2287=ORIENTED_EDGE('',*,*,#3960,.F.);
#2288=CARTESIAN_POINT('',(-1.0,-2.0,24.495));
#2289=DIRECTION('',(1.0,0.0,6.12303176911189E-017));
#2290=DIRECTION('',(3.74915180455534E-033,1.0,-6.12303176911189E-017));
#2291=ORIENTED_EDGE('',*,*,#3773,.T.);
#2292=ORIENTED_EDGE('',*,*,#3963,.F.);
#2293=ORIENTED_EDGE('',*,*,#3964,.T.);
#2294=ORIENTED_EDGE('',*,*,#3961,.T.);
#2295=CARTESIAN_POINT('',(-1.0,-1.6,24.465));
#2296=DIRECTION('',(-3.74915180455534E-033,-1.0,6.12303176911189E-017));
#2297=DIRECTION('',(6.12303176911189E-017,-6.12303176911189E-017,-1.0));
#2298=ORIENTED_EDGE('',*,*,#3772,.T.);
#2299=ORIENTED_EDGE('',*,*,#3965,.F.);
#2300=ORIENTED_EDGE('',*,*,#3966,.T.);
#2301=ORIENTED_EDGE('',*,*,#3963,.T.);
#2302=CARTESIAN_POINT('',(-1.0,1.52266991377259E-015,24.435));
#2303=DIRECTION('',(1.0,0.0,6.12303176911189E-017));
#2304=DIRECTION('',(3.74915180455534E-033,1.0,-6.12303176911189E-017));
#2305=ORIENTED_EDGE('',*,*,#3771,.T.);
#2306=ORIENTED_EDGE('',*,*,#3967,.F.);
#2307=ORIENTED_EDGE('',*,*,#3968,.T.);
#2308=ORIENTED_EDGE('',*,*,#3965,.T.);
#2309=CARTESIAN_POINT('',(-1.0,1.6,24.465));
#2310=DIRECTION('',(3.74915180455534E-033,1.0,-6.12303176911189E-017));
#2311=DIRECTION('',(-6.12303176911189E-017,6.12303176911189E-017,1.0));
#2312=ORIENTED_EDGE('',*,*,#3770,.T.);
#2313=ORIENTED_EDGE('',*,*,#3969,.F.);
#2314=ORIENTED_EDGE('',*,*,#3970,.T.);
#2315=ORIENTED_EDGE('',*,*,#3967,.T.);
#2316=CARTESIAN_POINT('',(-1.0,2.0,24.495));
#2317=DIRECTION('',(1.0,0.0,6.12303176911189E-017));
#2318=DIRECTION('',(3.74915180455534E-033,1.0,-6.12303176911189E-017));
#2319=ORIENTED_EDGE('',*,*,#3836,.T.);
#2320=ORIENTED_EDGE('',*,*,#3971,.T.);
#2321=ORIENTED_EDGE('',*,*,#3585,.T.);
#2322=ORIENTED_EDGE('',*,*,#3969,.T.);
#2323=CARTESIAN_POINT('',(7.25,0.0,4.43919803260612E-016));
#2324=DIRECTION('',(1.0,0.0,6.12303176911189E-017));
#2325=DIRECTION('',(6.12303176911189E-017,0.0,-1.0));
#2326=ORIENTED_EDGE('',*,*,#3762,.T.);
#2327=ORIENTED_EDGE('',*,*,#3972,.F.);
#2328=ORIENTED_EDGE('',*,*,#3973,.T.);
#2329=ORIENTED_EDGE('',*,*,#3971,.F.);
#2330=CARTESIAN_POINT('',(-1.0,2.8171668769786,24.4145160875094));
#2331=DIRECTION('',(1.0,2.40741243048405E-033,6.12303176911189E-017));
#2332=DIRECTION('',(1.19454423955102E-017,0.98078528040323,-0.195090322016128));
#2333=ORIENTED_EDGE('',*,*,#3767,.T.);
#2334=ORIENTED_EDGE('',*,*,#3974,.F.);
#2335=ORIENTED_EDGE('',*,*,#3975,.T.);
#2336=ORIENTED_EDGE('',*,*,#3972,.T.);
#2337=CARTESIAN_POINT('',(-1.0,3.20362827947941,24.3070564002908));
#2338=DIRECTION('',(-1.19454423955102E-017,-0.98078528040323,0.195090322016128));
#2339=DIRECTION('',(6.00537943058629E-017,-0.195090322016128,-0.98078528040323));
#2340=ORIENTED_EDGE('',*,*,#3766,.T.);
#2341=ORIENTED_EDGE('',*,*,#3976,.F.);
#2342=ORIENTED_EDGE('',*,*,#3977,.T.);
#2343=ORIENTED_EDGE('',*,*,#3974,.T.);
#2344=CARTESIAN_POINT('',(-1.0,4.76703201846409,23.9654883266529));
#2345=DIRECTION('',(1.0,0.0,6.12303176911189E-017));
#2346=DIRECTION('',(1.19454423955102E-017,0.98078528040323,-0.195090322016128));
#2347=ORIENTED_EDGE('',*,*,#3765,.T.);
#2348=ORIENTED_EDGE('',*,*,#3978,.F.);
#2349=ORIENTED_EDGE('',*,*,#3979,.T.);
#2350=ORIENTED_EDGE('',*,*,#3976,.T.);
#2351=CARTESIAN_POINT('',(-1.0,6.34214117676975,23.6827673698392));
#2352=DIRECTION('',(1.19454423955102E-017,0.98078528040323,-0.195090322016128));
#2353=DIRECTION('',(-6.00537943058629E-017,0.195090322016128,0.98078528040323));
#2354=ORIENTED_EDGE('',*,*,#3764,.T.);
#2355=ORIENTED_EDGE('',*,*,#3980,.F.);
#2356=ORIENTED_EDGE('',*,*,#3981,.T.);
#2357=ORIENTED_EDGE('',*,*,#3978,.T.);
#2358=CARTESIAN_POINT('',(-1.0,6.74030799859152,23.6341547994449));
#2359=DIRECTION('',(1.0,2.40741243048405E-033,6.12303176911189E-017));
#2360=DIRECTION('',(1.19454423955102E-017,0.98078528040323,-0.195090322016128));
#2361=ORIENTED_EDGE('',*,*,#3835,.T.);
#2362=ORIENTED_EDGE('',*,*,#3982,.T.);
#2363=ORIENTED_EDGE('',*,*,#3587,.T.);
#2364=ORIENTED_EDGE('',*,*,#3980,.T.);
#2365=CARTESIAN_POINT('',(7.25,0.0,4.43919803260612E-016));
#2366=DIRECTION('',(1.0,0.0,6.12303176911189E-017));
#2367=DIRECTION('',(6.12303176911189E-017,0.0,-1.0));
#2368=ORIENTED_EDGE('',*,*,#3756,.T.);
#2369=ORIENTED_EDGE('',*,*,#3983,.F.);
#2370=ORIENTED_EDGE('',*,*,#3984,.T.);
#2371=ORIENTED_EDGE('',*,*,#3982,.F.);
#2372=CARTESIAN_POINT('',(-1.0,7.5260716107603,23.3957960135942));
#2373=DIRECTION('',(1.0,0.0,6.12303176911189E-017));
#2374=DIRECTION('',(2.34318281388422E-017,0.923879532511287,-0.38268343236509));
#2375=ORIENTED_EDGE('',*,*,#3761,.T.);
#2376=ORIENTED_EDGE('',*,*,#3985,.F.);
#2377=ORIENTED_EDGE('',*,*,#3986,.T.);
#2378=ORIENTED_EDGE('',*,*,#3983,.T.);
#2379=CARTESIAN_POINT('',(-1.0,7.88414292079386,23.2150062546728));
#2380=DIRECTION('',(-2.34318281388423E-017,-0.923879532511287,0.38268343236509));
#2381=DIRECTION('',(5.65694372839885E-017,-0.38268343236509,-0.923879532511287));
#2382=ORIENTED_EDGE('',*,*,#3760,.T.);
#2383=ORIENTED_EDGE('',*,*,#3987,.F.);
#2384=ORIENTED_EDGE('',*,*,#3988,.T.);
#2385=ORIENTED_EDGE('',*,*,#3985,.T.);
#2386=CARTESIAN_POINT('',(-1.0,9.35086966984097,22.5749963769133));
#2387=DIRECTION('',(1.0,0.0,6.12303176911189E-017));
#2388=DIRECTION('',(2.34318281388423E-017,0.923879532511287,-0.38268343236509));
#2389=ORIENTED_EDGE('',*,*,#3759,.T.);
#2390=ORIENTED_EDGE('',*,*,#3989,.F.);
#2391=ORIENTED_EDGE('',*,*,#3990,.T.);
#2392=ORIENTED_EDGE('',*,*,#3987,.T.);
#2393=CARTESIAN_POINT('',(-1.0,10.84055742483,21.9904192711045));
#2394=DIRECTION('',(2.34318281388423E-017,0.923879532511287,-0.38268343236509));
#2395=DIRECTION('',(-5.65694372839885E-017,0.38268343236509,0.923879532511287));
#2396=ORIENTED_EDGE('',*,*,#3758,.T.);
#2397=ORIENTED_EDGE('',*,*,#3991,.F.);
#2398=ORIENTED_EDGE('',*,*,#3992,.T.);
#2399=ORIENTED_EDGE('',*,*,#3989,.T.);
#2400=CARTESIAN_POINT('',(-1.0,11.2215897408054,21.8650622841338));
#2401=DIRECTION('',(1.0,0.0,6.12303176911189E-017));
#2402=DIRECTION('',(2.34318281388422E-017,0.923879532511287,-0.38268343236509));
#2403=ORIENTED_EDGE('',*,*,#3834,.T.);
#2404=ORIENTED_EDGE('',*,*,#3993,.T.);
#2405=ORIENTED_EDGE('',*,*,#3589,.T.);
#2406=ORIENTED_EDGE('',*,*,#3991,.T.);
#2407=CARTESIAN_POINT('',(7.25,0.0,4.43919803260612E-016));
#2408=DIRECTION('',(1.0,0.0,6.12303176911189E-017));
#2409=DIRECTION('',(6.12303176911189E-017,0.0,-1.0));
#2410=ORIENTED_EDGE('',*,*,#3750,.T.);
#2411=ORIENTED_EDGE('',*,*,#3994,.F.);
#2412=ORIENTED_EDGE('',*,*,#3995,.T.);
#2413=ORIENTED_EDGE('',*,*,#3993,.F.);
#2414=CARTESIAN_POINT('',(-1.0,11.9457536332101,21.47798861939));
#2415=DIRECTION('',(1.0,0.0,6.12303176911189E-017));
#2416=DIRECTION('',(3.40177418675192E-017,0.831469612302545,-0.555570233019602));
#2417=ORIENTED_EDGE('',*,*,#3755,.T.);
#2418=ORIENTED_EDGE('',*,*,#3996,.F.);
#2419=ORIENTED_EDGE('',*,*,#3997,.T.);
#2420=ORIENTED_EDGE('',*,*,#3994,.T.);
#2421=CARTESIAN_POINT('',(-1.0,12.2616743711405,21.2308164378131));
#2422=DIRECTION('',(-3.40177418675192E-017,-0.831469612302545,0.555570233019602));
#2423=DIRECTION('',(5.09111485117963E-017,-0.555570233019602,-0.831469612302545));
#2424=ORIENTED_EDGE('',*,*,#3754,.T.);
#2425=ORIENTED_EDGE('',*,*,#3998,.F.);
#2426=ORIENTED_EDGE('',*,*,#3999,.T.);
#2427=ORIENTED_EDGE('',*,*,#3996,.T.);
#2428=CARTESIAN_POINT('',(-1.0,13.575358643834,20.3169599766127));
#2429=DIRECTION('',(1.0,0.0,6.12303176911189E-017));
#2430=DIRECTION('',(3.40177418675192E-017,0.831469612302545,-0.555570233019602));
#2431=ORIENTED_EDGE('',*,*,#3753,.T.);
#2432=ORIENTED_EDGE('',*,*,#4000,.F.);
#2433=ORIENTED_EDGE('',*,*,#4001,.T.);
#2434=ORIENTED_EDGE('',*,*,#3998,.T.);
#2435=CARTESIAN_POINT('',(-1.0,14.9223771305086,19.4529916921504));
#2436=DIRECTION('',(3.40177418675192E-017,0.831469612302545,-0.555570233019602));
#2437=DIRECTION('',(-5.09111485117963E-017,0.555570233019602,0.831469612302545));
#2438=ORIENTED_EDGE('',*,*,#3752,.T.);
#2439=ORIENTED_EDGE('',*,*,#4002,.F.);
#2440=ORIENTED_EDGE('',*,*,#4003,.T.);
#2441=ORIENTED_EDGE('',*,*,#4000,.T.);
#2442=CARTESIAN_POINT('',(-1.0,15.2716320824202,19.2557076873116));
#2443=DIRECTION('',(1.0,0.0,6.12303176911189E-017));
#2444=DIRECTION('',(3.40177418675192E-017,0.831469612302545,-0.555570233019602));
#2445=ORIENTED_EDGE('',*,*,#3833,.T.);
#2446=ORIENTED_EDGE('',*,*,#4004,.T.);
#2447=ORIENTED_EDGE('',*,*,#3591,.T.);
#2448=ORIENTED_EDGE('',*,*,#4002,.T.);
#2449=CARTESIAN_POINT('',(7.25,0.0,4.43919803260612E-016));
#2450=DIRECTION('',(1.0,0.0,6.12303176911189E-017));
#2451=DIRECTION('',(6.12303176911189E-017,0.0,-1.0));
#2452=ORIENTED_EDGE('',*,*,#3744,.T.);
#2453=ORIENTED_EDGE('',*,*,#4005,.F.);
#2454=ORIENTED_EDGE('',*,*,#4006,.T.);
#2455=ORIENTED_EDGE('',*,*,#4004,.F.);
#2456=CARTESIAN_POINT('',(-1.0,15.9063670427914,18.7347941675376));
#2457=DIRECTION('',(1.0,0.0,6.12303176911189E-017));
#2458=DIRECTION('',(4.32963728535968E-017,0.707106781186547,-0.707106781186547));
#2459=ORIENTED_EDGE('',*,*,#3749,.T.);
#2460=ORIENTED_EDGE('',*,*,#4007,.F.);
#2461=ORIENTED_EDGE('',*,*,#4008,.T.);
#2462=ORIENTED_EDGE('',*,*,#4005,.T.);
#2463=CARTESIAN_POINT('',(-1.0,16.1679965518304,18.4307382516274));
#2464=DIRECTION('',(-4.32963728535968E-017,-0.707106781186547,0.707106781186547));
#2465=DIRECTION('',(4.32963728535968E-017,-0.707106781186548,-0.707106781186548));
#2466=ORIENTED_EDGE('',*,*,#3748,.T.);
#2467=ORIENTED_EDGE('',*,*,#4009,.F.);
#2468=ORIENTED_EDGE('',*,*,#4010,.T.);
#2469=ORIENTED_EDGE('',*,*,#4007,.T.);
#2470=CARTESIAN_POINT('',(-1.0,17.2781541982933,17.2781541982933));
#2471=DIRECTION('',(1.0,0.0,6.12303176911189E-017));
#2472=DIRECTION('',(4.32963728535968E-017,0.707106781186547,-0.707106781186547));
#2473=ORIENTED_EDGE('',*,*,#3747,.T.);
#2474=ORIENTED_EDGE('',*,*,#4011,.F.);
#2475=ORIENTED_EDGE('',*,*,#4012,.T.);
#2476=ORIENTED_EDGE('',*,*,#4009,.T.);
#2477=CARTESIAN_POINT('',(-1.0,18.4307382516274,16.1679965518304));
#2478=DIRECTION('',(4.32963728535968E-017,0.707106781186547,-0.707106781186547));
#2479=DIRECTION('',(-4.32963728535968E-017,0.707106781186548,0.707106781186548));
#2480=ORIENTED_EDGE('',*,*,#3746,.T.);
#2481=ORIENTED_EDGE('',*,*,#4013,.F.);
#2482=ORIENTED_EDGE('',*,*,#4014,.T.);
#2483=ORIENTED_EDGE('',*,*,#4011,.T.);
#2484=CARTESIAN_POINT('',(-1.0,18.7347941675376,15.9063670427914));
#2485=DIRECTION('',(1.0,0.0,6.12303176911189E-017));
#2486=DIRECTION('',(4.32963728535968E-017,0.707106781186547,-0.707106781186547));
#2487=ORIENTED_EDGE('',*,*,#3832,.T.);
#2488=ORIENTED_EDGE('',*,*,#4015,.T.);
#2489=ORIENTED_EDGE('',*,*,#3593,.T.);
#2490=ORIENTED_EDGE('',*,*,#4013,.T.);
#2491=CARTESIAN_POINT('',(7.25,0.0,4.43919803260612E-016));
#2492=DIRECTION('',(1.0,0.0,6.12303176911189E-017));
#2493=DIRECTION('',(6.12303176911189E-017,0.0,-1.0));
#2494=ORIENTED_EDGE('',*,*,#3738,.T.);
#2495=ORIENTED_EDGE('',*,*,#4016,.F.);
#2496=ORIENTED_EDGE('',*,*,#4017,.T.);
#2497=ORIENTED_EDGE('',*,*,#4015,.F.);
#2498=CARTESIAN_POINT('',(-1.0,19.2557076873116,15.2716320824202));
#2499=DIRECTION('',(1.0,0.0,6.12303176911189E-017));
#2500=DIRECTION('',(5.09111485117963E-017,0.555570233019602,-0.831469612302545));
#2501=ORIENTED_EDGE('',*,*,#3743,.T.);
#2502=ORIENTED_EDGE('',*,*,#4018,.F.);
#2503=ORIENTED_EDGE('',*,*,#4019,.T.);
#2504=ORIENTED_EDGE('',*,*,#4016,.T.);
#2505=CARTESIAN_POINT('',(-1.0,19.4529916921504,14.9223771305086));
#2506=DIRECTION('',(-5.09111485117963E-017,-0.555570233019602,0.831469612302545));
#2507=DIRECTION('',(3.40177418675192E-017,-0.831469612302545,-0.555570233019602));
#2508=ORIENTED_EDGE('',*,*,#3742,.T.);
#2509=ORIENTED_EDGE('',*,*,#4020,.F.);
#2510=ORIENTED_EDGE('',*,*,#4021,.T.);
#2511=ORIENTED_EDGE('',*,*,#4018,.T.);
#2512=CARTESIAN_POINT('',(-1.0,20.3169599766127,13.575358643834));
#2513=DIRECTION('',(1.0,0.0,6.12303176911189E-017));
#2514=DIRECTION('',(5.09111485117963E-017,0.555570233019602,-0.831469612302545));
#2515=ORIENTED_EDGE('',*,*,#3741,.T.);
#2516=ORIENTED_EDGE('',*,*,#4022,.F.);
#2517=ORIENTED_EDGE('',*,*,#4023,.T.);
#2518=ORIENTED_EDGE('',*,*,#4020,.T.);
#2519=CARTESIAN_POINT('',(-1.0,21.2308164378131,12.2616743711405));
#2520=DIRECTION('',(5.09111485117963E-017,0.555570233019602,-0.831469612302545));
#2521=DIRECTION('',(-3.40177418675192E-017,0.831469612302545,0.555570233019602));
#2522=ORIENTED_EDGE('',*,*,#3740,.T.);
#2523=ORIENTED_EDGE('',*,*,#4024,.F.);
#2524=ORIENTED_EDGE('',*,*,#4025,.T.);
#2525=ORIENTED_EDGE('',*,*,#4022,.T.);
#2526=CARTESIAN_POINT('',(-1.0,21.47798861939,11.9457536332101));
#2527=DIRECTION('',(1.0,0.0,6.12303176911189E-017));
#2528=DIRECTION('',(5.09111485117963E-017,0.555570233019602,-0.831469612302545));
#2529=ORIENTED_EDGE('',*,*,#3831,.T.);
#2530=ORIENTED_EDGE('',*,*,#4026,.T.);
#2531=ORIENTED_EDGE('',*,*,#3595,.T.);
#2532=ORIENTED_EDGE('',*,*,#4024,.T.);
#2533=CARTESIAN_POINT('',(7.25,0.0,4.43919803260612E-016));
#2534=DIRECTION('',(1.0,0.0,6.12303176911189E-017));
#2535=DIRECTION('',(6.12303176911189E-017,0.0,-1.0));
#2536=ORIENTED_EDGE('',*,*,#3736,.T.);
#2537=ORIENTED_EDGE('',*,*,#4027,.F.);
#2538=ORIENTED_EDGE('',*,*,#4028,.T.);
#2539=ORIENTED_EDGE('',*,*,#4026,.F.);
#2540=CARTESIAN_POINT('',(-1.0,21.8650622841338,11.2215897408054));
#2541=DIRECTION('',(1.0,0.0,6.12303176911189E-017));
#2542=DIRECTION('',(5.65694372839885E-017,0.38268343236509,-0.923879532511287));
#2543=ORIENTED_EDGE('',*,*,#3874,.F.);
#2544=ORIENTED_EDGE('',*,*,#3876,.F.);
#2545=ORIENTED_EDGE('',*,*,#3878,.F.);
#2546=ORIENTED_EDGE('',*,*,#3880,.F.);
#2547=ORIENTED_EDGE('',*,*,#3882,.F.);
#2548=ORIENTED_EDGE('',*,*,#3568,.T.);
#2549=ORIENTED_EDGE('',*,*,#4029,.T.);
#2550=CARTESIAN_POINT('',(2.75,12.4475,0.0));
#2551=DIRECTION('',(1.0,0.0,0.0));
#2552=DIRECTION('',(-0.0,1.0,-0.0));
#2553=ORIENTED_EDGE('',*,*,#3885,.F.);
#2554=ORIENTED_EDGE('',*,*,#3887,.F.);
#2555=ORIENTED_EDGE('',*,*,#3889,.F.);
#2556=ORIENTED_EDGE('',*,*,#3891,.F.);
#2557=ORIENTED_EDGE('',*,*,#3893,.F.);
#2558=ORIENTED_EDGE('',*,*,#3570,.T.);
#2559=CARTESIAN_POINT('',(2.75,12.4475,0.0));
#2560=DIRECTION('',(1.0,0.0,0.0));
#2561=DIRECTION('',(-0.0,1.0,-0.0));
#2562=ORIENTED_EDGE('',*,*,#3896,.F.);
#2563=ORIENTED_EDGE('',*,*,#3898,.F.);
#2564=ORIENTED_EDGE('',*,*,#3900,.F.);
#2565=ORIENTED_EDGE('',*,*,#3902,.F.);
#2566=ORIENTED_EDGE('',*,*,#3904,.F.);
#2567=ORIENTED_EDGE('',*,*,#3572,.T.);
#2568=CARTESIAN_POINT('',(2.75,12.4475,0.0));
#2569=DIRECTION('',(1.0,0.0,0.0));
#2570=DIRECTION('',(-0.0,1.0,-0.0));
#2571=ORIENTED_EDGE('',*,*,#3907,.F.);
#2572=ORIENTED_EDGE('',*,*,#3909,.F.);
#2573=ORIENTED_EDGE('',*,*,#3911,.F.);
#2574=ORIENTED_EDGE('',*,*,#3913,.F.);
#2575=ORIENTED_EDGE('',*,*,#3915,.F.);
#2576=ORIENTED_EDGE('',*,*,#3574,.T.);
#2577=CARTESIAN_POINT('',(2.75,12.4475,0.0));
#2578=DIRECTION('',(1.0,0.0,0.0));
#2579=DIRECTION('',(-0.0,1.0,-0.0));
#2580=ORIENTED_EDGE('',*,*,#3918,.F.);
#2581=ORIENTED_EDGE('',*,*,#3920,.F.);
#2582=ORIENTED_EDGE('',*,*,#3922,.F.);
#2583=ORIENTED_EDGE('',*,*,#3924,.F.);
#2584=ORIENTED_EDGE('',*,*,#3926,.F.);
#2585=ORIENTED_EDGE('',*,*,#3576,.T.);
#2586=CARTESIAN_POINT('',(2.75,12.4475,0.0));
#2587=DIRECTION('',(1.0,0.0,0.0));
#2588=DIRECTION('',(-0.0,1.0,-0.0));
#2589=ORIENTED_EDGE('',*,*,#3929,.F.);
#2590=ORIENTED_EDGE('',*,*,#3931,.F.);
#2591=ORIENTED_EDGE('',*,*,#3933,.F.);
#2592=ORIENTED_EDGE('',*,*,#3935,.F.);
#2593=ORIENTED_EDGE('',*,*,#3937,.F.);
#2594=ORIENTED_EDGE('',*,*,#3578,.T.);
#2595=CARTESIAN_POINT('',(2.75,12.4475,0.0));
#2596=DIRECTION('',(1.0,0.0,0.0));
#2597=DIRECTION('',(-0.0,1.0,-0.0));
#2598=ORIENTED_EDGE('',*,*,#3940,.F.);
#2599=ORIENTED_EDGE('',*,*,#3942,.F.);
#2600=ORIENTED_EDGE('',*,*,#3944,.F.);
#2601=ORIENTED_EDGE('',*,*,#3946,.F.);
#2602=ORIENTED_EDGE('',*,*,#3948,.F.);
#2603=ORIENTED_EDGE('',*,*,#3580,.T.);
#2604=CARTESIAN_POINT('',(2.75,12.4475,0.0));
#2605=DIRECTION('',(1.0,0.0,0.0));
#2606=DIRECTION('',(-0.0,1.0,-0.0));
#2607=ORIENTED_EDGE('',*,*,#3951,.F.);
#2608=ORIENTED_EDGE('',*,*,#3953,.F.);
#2609=ORIENTED_EDGE('',*,*,#3955,.F.);
#2610=ORIENTED_EDGE('',*,*,#3957,.F.);
#2611=ORIENTED_EDGE('',*,*,#3959,.F.);
#2612=ORIENTED_EDGE('',*,*,#3582,.T.);
#2613=CARTESIAN_POINT('',(2.75,12.4475,0.0));
#2614=DIRECTION('',(1.0,0.0,0.0));
#2615=DIRECTION('',(-0.0,1.0,-0.0));
#2616=ORIENTED_EDGE('',*,*,#3962,.F.);
#2617=ORIENTED_EDGE('',*,*,#3964,.F.);
#2618=ORIENTED_EDGE('',*,*,#3966,.F.);
#2619=ORIENTED_EDGE('',*,*,#3968,.F.);
#2620=ORIENTED_EDGE('',*,*,#3970,.F.);
#2621=ORIENTED_EDGE('',*,*,#3584,.T.);
#2622=CARTESIAN_POINT('',(2.75,12.4475,0.0));
#2623=DIRECTION('',(1.0,0.0,0.0));
#2624=DIRECTION('',(-0.0,1.0,-0.0));
#2625=ORIENTED_EDGE('',*,*,#3973,.F.);
#2626=ORIENTED_EDGE('',*,*,#3975,.F.);
#2627=ORIENTED_EDGE('',*,*,#3977,.F.);
#2628=ORIENTED_EDGE('',*,*,#3979,.F.);
#2629=ORIENTED_EDGE('',*,*,#3981,.F.);
#2630=ORIENTED_EDGE('',*,*,#3586,.T.);
#2631=CARTESIAN_POINT('',(2.75,12.4475,0.0));
#2632=DIRECTION('',(1.0,0.0,0.0));
#2633=DIRECTION('',(-0.0,1.0,-0.0));
#2634=ORIENTED_EDGE('',*,*,#3984,.F.);
#2635=ORIENTED_EDGE('',*,*,#3986,.F.);
#2636=ORIENTED_EDGE('',*,*,#3988,.F.);
#2637=ORIENTED_EDGE('',*,*,#3990,.F.);
#2638=ORIENTED_EDGE('',*,*,#3992,.F.);
#2639=ORIENTED_EDGE('',*,*,#3588,.T.);
#2640=CARTESIAN_POINT('',(2.75,12.4475,0.0));
#2641=DIRECTION('',(1.0,0.0,0.0));
#2642=DIRECTION('',(-0.0,1.0,-0.0));
#2643=ORIENTED_EDGE('',*,*,#3995,.F.);
#2644=ORIENTED_EDGE('',*,*,#3997,.F.);
#2645=ORIENTED_EDGE('',*,*,#3999,.F.);
#2646=ORIENTED_EDGE('',*,*,#4001,.F.);
#2647=ORIENTED_EDGE('',*,*,#4003,.F.);
#2648=ORIENTED_EDGE('',*,*,#3590,.T.);
#2649=CARTESIAN_POINT('',(2.75,12.4475,0.0));
#2650=DIRECTION('',(1.0,0.0,0.0));
#2651=DIRECTION('',(-0.0,1.0,-0.0));
#2652=ORIENTED_EDGE('',*,*,#4006,.F.);
#2653=ORIENTED_EDGE('',*,*,#4008,.F.);
#2654=ORIENTED_EDGE('',*,*,#4010,.F.);
#2655=ORIENTED_EDGE('',*,*,#4012,.F.);
#2656=ORIENTED_EDGE('',*,*,#4014,.F.);
#2657=ORIENTED_EDGE('',*,*,#3592,.T.);
#2658=CARTESIAN_POINT('',(2.75,12.4475,0.0));
#2659=DIRECTION('',(1.0,0.0,0.0));
#2660=DIRECTION('',(-0.0,1.0,-0.0));
#2661=ORIENTED_EDGE('',*,*,#4017,.F.);
#2662=ORIENTED_EDGE('',*,*,#4019,.F.);
#2663=ORIENTED_EDGE('',*,*,#4021,.F.);
#2664=ORIENTED_EDGE('',*,*,#4023,.F.);
#2665=ORIENTED_EDGE('',*,*,#4025,.F.);
#2666=ORIENTED_EDGE('',*,*,#3594,.T.);
#2667=CARTESIAN_POINT('',(2.75,12.4475,0.0));
#2668=DIRECTION('',(1.0,0.0,0.0));
#2669=DIRECTION('',(-0.0,1.0,-0.0));
#2670=ORIENTED_EDGE('',*,*,#4028,.F.);
#2671=ORIENTED_EDGE('',*,*,#4030,.F.);
#2672=ORIENTED_EDGE('',*,*,#4031,.F.);
#2673=ORIENTED_EDGE('',*,*,#4032,.F.);
#2674=ORIENTED_EDGE('',*,*,#4033,.F.);
#2675=ORIENTED_EDGE('',*,*,#3596,.T.);
#2676=CARTESIAN_POINT('',(2.75,12.4475,0.0));
#2677=DIRECTION('',(1.0,0.0,0.0));
#2678=DIRECTION('',(-0.0,1.0,-0.0));
#2679=ORIENTED_EDGE('',*,*,#4034,.F.);
#2680=ORIENTED_EDGE('',*,*,#3598,.T.);
#2681=ORIENTED_EDGE('',*,*,#4035,.F.);
#2682=ORIENTED_EDGE('',*,*,#4036,.F.);
#2683=ORIENTED_EDGE('',*,*,#4037,.F.);
#2684=ORIENTED_EDGE('',*,*,#4038,.F.);
#2685=CARTESIAN_POINT('',(2.75,12.4475,0.0));
#2686=DIRECTION('',(1.0,0.0,0.0));
#2687=DIRECTION('',(-0.0,1.0,-0.0));
#2688=ORIENTED_EDGE('',*,*,#4039,.F.);
#2689=ORIENTED_EDGE('',*,*,#4040,.T.);
#2690=ORIENTED_EDGE('',*,*,#3600,.T.);
#2691=ORIENTED_EDGE('',*,*,#4041,.F.);
#2692=ORIENTED_EDGE('',*,*,#4042,.F.);
#2693=ORIENTED_EDGE('',*,*,#4043,.F.);
#2694=ORIENTED_EDGE('',*,*,#4044,.F.);
#2695=CARTESIAN_POINT('',(2.75,12.4475,0.0));
#2696=DIRECTION('',(1.0,0.0,0.0));
#2697=DIRECTION('',(-0.0,1.0,-0.0));
#2698=ORIENTED_EDGE('',*,*,#4045,.F.);
#2699=ORIENTED_EDGE('',*,*,#4046,.T.);
#2700=ORIENTED_EDGE('',*,*,#4047,.F.);
#2701=ORIENTED_EDGE('',*,*,#4048,.F.);
#2702=ORIENTED_EDGE('',*,*,#4049,.F.);
#2703=ORIENTED_EDGE('',*,*,#4050,.F.);
#2704=CARTESIAN_POINT('',(2.75,12.4475,0.0));
#2705=DIRECTION('',(1.0,0.0,0.0));
#2706=DIRECTION('',(-0.0,1.0,-0.0));
#2707=ORIENTED_EDGE('',*,*,#4051,.F.);
#2708=ORIENTED_EDGE('',*,*,#4052,.T.);
#2709=ORIENTED_EDGE('',*,*,#4053,.F.);
#2710=ORIENTED_EDGE('',*,*,#4054,.F.);
#2711=ORIENTED_EDGE('',*,*,#4055,.F.);
#2712=ORIENTED_EDGE('',*,*,#4056,.F.);
#2713=CARTESIAN_POINT('',(2.75,12.4475,0.0));
#2714=DIRECTION('',(1.0,0.0,0.0));
#2715=DIRECTION('',(-0.0,1.0,-0.0));
#2716=ORIENTED_EDGE('',*,*,#4057,.F.);
#2717=ORIENTED_EDGE('',*,*,#4058,.T.);
#2718=ORIENTED_EDGE('',*,*,#4059,.F.);
#2719=ORIENTED_EDGE('',*,*,#4060,.F.);
#2720=ORIENTED_EDGE('',*,*,#4061,.F.);
#2721=ORIENTED_EDGE('',*,*,#4062,.F.);
#2722=CARTESIAN_POINT('',(2.75,12.4475,0.0));
#2723=DIRECTION('',(1.0,0.0,0.0));
#2724=DIRECTION('',(-0.0,1.0,-0.0));
#2725=ORIENTED_EDGE('',*,*,#4063,.F.);
#2726=ORIENTED_EDGE('',*,*,#4064,.T.);
#2727=ORIENTED_EDGE('',*,*,#4065,.F.);
#2728=ORIENTED_EDGE('',*,*,#4066,.F.);
#2729=ORIENTED_EDGE('',*,*,#4067,.F.);
#2730=ORIENTED_EDGE('',*,*,#4068,.F.);
#2731=CARTESIAN_POINT('',(2.75,12.4475,0.0));
#2732=DIRECTION('',(1.0,0.0,0.0));
#2733=DIRECTION('',(-0.0,1.0,-0.0));
#2734=ORIENTED_EDGE('',*,*,#4069,.F.);
#2735=ORIENTED_EDGE('',*,*,#4070,.T.);
#2736=ORIENTED_EDGE('',*,*,#4071,.F.);
#2737=ORIENTED_EDGE('',*,*,#4072,.F.);
#2738=ORIENTED_EDGE('',*,*,#4073,.F.);
#2739=ORIENTED_EDGE('',*,*,#4074,.F.);
#2740=CARTESIAN_POINT('',(2.75,12.4475,0.0));
#2741=DIRECTION('',(1.0,0.0,0.0));
#2742=DIRECTION('',(-0.0,1.0,-0.0));
#2743=ORIENTED_EDGE('',*,*,#4075,.F.);
#2744=ORIENTED_EDGE('',*,*,#4076,.T.);
#2745=ORIENTED_EDGE('',*,*,#4077,.F.);
#2746=ORIENTED_EDGE('',*,*,#4078,.F.);
#2747=ORIENTED_EDGE('',*,*,#4079,.F.);
#2748=ORIENTED_EDGE('',*,*,#4080,.F.);
#2749=CARTESIAN_POINT('',(2.75,12.4475,0.0));
#2750=DIRECTION('',(1.0,0.0,0.0));
#2751=DIRECTION('',(-0.0,1.0,-0.0));
#2752=ORIENTED_EDGE('',*,*,#4081,.F.);
#2753=ORIENTED_EDGE('',*,*,#4082,.T.);
#2754=ORIENTED_EDGE('',*,*,#4083,.F.);
#2755=ORIENTED_EDGE('',*,*,#4084,.F.);
#2756=ORIENTED_EDGE('',*,*,#4085,.F.);
#2757=ORIENTED_EDGE('',*,*,#4086,.F.);
#2758=CARTESIAN_POINT('',(2.75,12.4475,0.0));
#2759=DIRECTION('',(1.0,0.0,0.0));
#2760=DIRECTION('',(-0.0,1.0,-0.0));
#2761=ORIENTED_EDGE('',*,*,#4087,.F.);
#2762=ORIENTED_EDGE('',*,*,#4088,.T.);
#2763=ORIENTED_EDGE('',*,*,#4089,.F.);
#2764=ORIENTED_EDGE('',*,*,#4090,.F.);
#2765=ORIENTED_EDGE('',*,*,#4091,.F.);
#2766=ORIENTED_EDGE('',*,*,#4092,.F.);
#2767=CARTESIAN_POINT('',(2.75,12.4475,0.0));
#2768=DIRECTION('',(1.0,0.0,0.0));
#2769=DIRECTION('',(-0.0,1.0,-0.0));
#2770=ORIENTED_EDGE('',*,*,#4093,.F.);
#2771=ORIENTED_EDGE('',*,*,#4094,.T.);
#2772=ORIENTED_EDGE('',*,*,#4095,.F.);
#2773=ORIENTED_EDGE('',*,*,#4096,.F.);
#2774=ORIENTED_EDGE('',*,*,#4097,.F.);
#2775=ORIENTED_EDGE('',*,*,#4098,.F.);
#2776=CARTESIAN_POINT('',(2.75,12.4475,0.0));
#2777=DIRECTION('',(1.0,0.0,0.0));
#2778=DIRECTION('',(-0.0,1.0,-0.0));
#2779=ORIENTED_EDGE('',*,*,#4099,.F.);
#2780=ORIENTED_EDGE('',*,*,#4100,.T.);
#2781=ORIENTED_EDGE('',*,*,#4101,.F.);
#2782=ORIENTED_EDGE('',*,*,#4102,.F.);
#2783=ORIENTED_EDGE('',*,*,#4103,.F.);
#2784=ORIENTED_EDGE('',*,*,#4104,.F.);
#2785=CARTESIAN_POINT('',(2.75,12.4475,0.0));
#2786=DIRECTION('',(1.0,0.0,0.0));
#2787=DIRECTION('',(-0.0,1.0,-0.0));
#2788=ORIENTED_EDGE('',*,*,#4105,.F.);
#2789=ORIENTED_EDGE('',*,*,#4106,.T.);
#2790=ORIENTED_EDGE('',*,*,#4107,.F.);
#2791=ORIENTED_EDGE('',*,*,#4108,.F.);
#2792=ORIENTED_EDGE('',*,*,#4109,.F.);
#2793=ORIENTED_EDGE('',*,*,#4110,.F.);
#2794=CARTESIAN_POINT('',(2.75,12.4475,0.0));
#2795=DIRECTION('',(1.0,0.0,0.0));
#2796=DIRECTION('',(-0.0,1.0,-0.0));
#2797=ORIENTED_EDGE('',*,*,#4111,.F.);
#2798=ORIENTED_EDGE('',*,*,#4112,.T.);
#2799=ORIENTED_EDGE('',*,*,#4113,.F.);
#2800=ORIENTED_EDGE('',*,*,#4114,.F.);
#2801=ORIENTED_EDGE('',*,*,#4115,.F.);
#2802=ORIENTED_EDGE('',*,*,#4116,.F.);
#2803=CARTESIAN_POINT('',(2.75,12.4475,0.0));
#2804=DIRECTION('',(1.0,0.0,0.0));
#2805=DIRECTION('',(-0.0,1.0,-0.0));
#2806=ORIENTED_EDGE('',*,*,#4117,.F.);
#2807=ORIENTED_EDGE('',*,*,#4118,.T.);
#2808=ORIENTED_EDGE('',*,*,#4119,.F.);
#2809=ORIENTED_EDGE('',*,*,#4120,.F.);
#2810=ORIENTED_EDGE('',*,*,#4121,.F.);
#2811=ORIENTED_EDGE('',*,*,#4122,.F.);
#2812=CARTESIAN_POINT('',(2.75,12.4475,0.0));
#2813=DIRECTION('',(1.0,0.0,0.0));
#2814=DIRECTION('',(-0.0,1.0,-0.0));
#2815=ORIENTED_EDGE('',*,*,#3858,.F.);
#2816=ORIENTED_EDGE('',*,*,#4123,.T.);
#2817=ORIENTED_EDGE('',*,*,#4124,.F.);
#2818=ORIENTED_EDGE('',*,*,#3851,.F.);
#2819=ORIENTED_EDGE('',*,*,#3854,.F.);
#2820=ORIENTED_EDGE('',*,*,#3856,.F.);
#2821=CARTESIAN_POINT('',(2.75,12.4475,0.0));
#2822=DIRECTION('',(1.0,0.0,0.0));
#2823=DIRECTION('',(-0.0,1.0,-0.0));
#2824=ORIENTED_EDGE('',*,*,#3862,.F.);
#2825=ORIENTED_EDGE('',*,*,#3864,.F.);
#2826=ORIENTED_EDGE('',*,*,#3866,.F.);
#2827=ORIENTED_EDGE('',*,*,#3868,.F.);
#2828=ORIENTED_EDGE('',*,*,#3870,.F.);
#2829=ORIENTED_EDGE('',*,*,#4125,.T.);
#2830=CARTESIAN_POINT('',(2.75,12.4475,0.0));
#2831=DIRECTION('',(1.0,0.0,0.0));
#2832=DIRECTION('',(-0.0,1.0,-0.0));
#2833=ORIENTED_EDGE('',*,*,#3601,.T.);
#2834=ORIENTED_EDGE('',*,*,#4126,.F.);
#2835=ORIENTED_EDGE('',*,*,#3603,.T.);
#2836=ORIENTED_EDGE('',*,*,#4127,.T.);
#2837=CARTESIAN_POINT('',(0.469846310392954,0.0,0.0));
#2838=DIRECTION('',(1.0,-0.0,-0.0));
#2839=DIRECTION('',(0.0,1.0,0.0));
#2840=ORIENTED_EDGE('',*,*,#3565,.T.);
#2841=ORIENTED_EDGE('',*,*,#4040,.F.);
#2842=ORIENTED_EDGE('',*,*,#4128,.F.);
#2843=ORIENTED_EDGE('',*,*,#4046,.F.);
#2844=ORIENTED_EDGE('',*,*,#4129,.F.);
#2845=ORIENTED_EDGE('',*,*,#4052,.F.);
#2846=ORIENTED_EDGE('',*,*,#4130,.F.);
#2847=ORIENTED_EDGE('',*,*,#4058,.F.);
#2848=ORIENTED_EDGE('',*,*,#4131,.F.);
#2849=ORIENTED_EDGE('',*,*,#4064,.F.);
#2850=ORIENTED_EDGE('',*,*,#4132,.F.);
#2851=ORIENTED_EDGE('',*,*,#4070,.F.);
#2852=ORIENTED_EDGE('',*,*,#4133,.F.);
#2853=ORIENTED_EDGE('',*,*,#4076,.F.);
#2854=ORIENTED_EDGE('',*,*,#4134,.F.);
#2855=ORIENTED_EDGE('',*,*,#4082,.F.);
#2856=ORIENTED_EDGE('',*,*,#4135,.F.);
#2857=ORIENTED_EDGE('',*,*,#4088,.F.);
#2858=ORIENTED_EDGE('',*,*,#4136,.F.);
#2859=ORIENTED_EDGE('',*,*,#4094,.F.);
#2860=ORIENTED_EDGE('',*,*,#4137,.F.);
#2861=ORIENTED_EDGE('',*,*,#4100,.F.);
#2862=ORIENTED_EDGE('',*,*,#4138,.F.);
#2863=ORIENTED_EDGE('',*,*,#4106,.F.);
#2864=ORIENTED_EDGE('',*,*,#4139,.F.);
#2865=ORIENTED_EDGE('',*,*,#4112,.F.);
#2866=ORIENTED_EDGE('',*,*,#4140,.F.);
#2867=ORIENTED_EDGE('',*,*,#4118,.F.);
#2868=ORIENTED_EDGE('',*,*,#4141,.F.);
#2869=ORIENTED_EDGE('',*,*,#4123,.F.);
#2870=ORIENTED_EDGE('',*,*,#3860,.F.);
#2871=ORIENTED_EDGE('',*,*,#4125,.F.);
#2872=ORIENTED_EDGE('',*,*,#3872,.F.);
#2873=ORIENTED_EDGE('',*,*,#4029,.F.);
#2874=ORIENTED_EDGE('',*,*,#3567,.T.);
#2875=ORIENTED_EDGE('',*,*,#4126,.T.);
#2876=CARTESIAN_POINT('',(1.84484631039295,0.0,0.0));
#2877=DIRECTION('',(-1.0,-0.0,-0.0));
#2878=DIRECTION('',(0.0,1.0,0.0));
#2879=ORIENTED_EDGE('',*,*,#3845,.T.);
#2880=ORIENTED_EDGE('',*,*,#3852,.F.);
#2881=ORIENTED_EDGE('',*,*,#4124,.T.);
#2882=ORIENTED_EDGE('',*,*,#4142,.F.);
#2883=CARTESIAN_POINT('',(-1.0,-21.8650622841338,-11.2215897408054));
#2884=DIRECTION('',(1.0,0.0,6.12303176911189E-017));
#2885=DIRECTION('',(-5.65694372839885E-017,-0.38268343236509,0.923879532511287));
#2886=ORIENTED_EDGE('',*,*,#3612,.T.);
#2887=ORIENTED_EDGE('',*,*,#4142,.T.);
#2888=ORIENTED_EDGE('',*,*,#4141,.T.);
#2889=ORIENTED_EDGE('',*,*,#4143,.T.);
#2890=CARTESIAN_POINT('',(7.25,0.0,4.43919803260612E-016));
#2891=DIRECTION('',(1.0,0.0,6.12303176911189E-017));
#2892=DIRECTION('',(6.12303176911189E-017,0.0,-1.0));
#2893=ORIENTED_EDGE('',*,*,#3655,.T.);
#2894=ORIENTED_EDGE('',*,*,#4143,.F.);
#2895=ORIENTED_EDGE('',*,*,#4117,.T.);
#2896=ORIENTED_EDGE('',*,*,#4144,.T.);
#2897=CARTESIAN_POINT('',(-1.0,-21.4779886193901,-11.9457536332101));
#2898=DIRECTION('',(1.0,0.0,6.12303176911189E-017));
#2899=DIRECTION('',(-5.09111485117963E-017,-0.555570233019602,0.831469612302545));
#2900=ORIENTED_EDGE('',*,*,#3656,.T.);
#2901=ORIENTED_EDGE('',*,*,#4144,.F.);
#2902=ORIENTED_EDGE('',*,*,#4122,.T.);
#2903=ORIENTED_EDGE('',*,*,#4145,.T.);
#2904=CARTESIAN_POINT('',(-1.0,-21.2308164378131,-12.2616743711405));
#2905=DIRECTION('',(-5.09111485117963E-017,-0.555570233019602,0.831469612302545));
#2906=DIRECTION('',(3.40177418675192E-017,-0.831469612302545,-0.555570233019602));
#2907=ORIENTED_EDGE('',*,*,#3657,.T.);
#2908=ORIENTED_EDGE('',*,*,#4145,.F.);
#2909=ORIENTED_EDGE('',*,*,#4121,.T.);
#2910=ORIENTED_EDGE('',*,*,#4146,.T.);
#2911=CARTESIAN_POINT('',(-1.0,-20.3169599766127,-13.575358643834));
#2912=DIRECTION('',(1.0,0.0,6.12303176911189E-017));
#2913=DIRECTION('',(-5.09111485117963E-017,-0.555570233019602,0.831469612302545));
#2914=ORIENTED_EDGE('',*,*,#3658,.T.);
#2915=ORIENTED_EDGE('',*,*,#4146,.F.);
#2916=ORIENTED_EDGE('',*,*,#4120,.T.);
#2917=ORIENTED_EDGE('',*,*,#4147,.T.);
#2918=CARTESIAN_POINT('',(-0.999999999999998,-19.4529916921504,-14.9223771305086));
#2919=DIRECTION('',(5.09111485117963E-017,0.555570233019602,-0.831469612302545));
#2920=DIRECTION('',(-3.40177418675192E-017,0.831469612302545,0.555570233019602));
#2921=ORIENTED_EDGE('',*,*,#3659,.T.);
#2922=ORIENTED_EDGE('',*,*,#4147,.F.);
#2923=ORIENTED_EDGE('',*,*,#4119,.T.);
#2924=ORIENTED_EDGE('',*,*,#4148,.F.);
#2925=CARTESIAN_POINT('',(-0.999999999999998,-19.2557076873116,-15.2716320824202));
#2926=DIRECTION('',(1.0,0.0,6.12303176911189E-017));
#2927=DIRECTION('',(-5.09111485117963E-017,-0.555570233019602,0.831469612302545));
#2928=ORIENTED_EDGE('',*,*,#3614,.T.);
#2929=ORIENTED_EDGE('',*,*,#4148,.T.);
#2930=ORIENTED_EDGE('',*,*,#4140,.T.);
#2931=ORIENTED_EDGE('',*,*,#4149,.T.);
#2932=CARTESIAN_POINT('',(7.25,0.0,4.43919803260612E-016));
#2933=DIRECTION('',(1.0,0.0,6.12303176911189E-017));
#2934=DIRECTION('',(6.12303176911189E-017,0.0,-1.0));
#2935=ORIENTED_EDGE('',*,*,#3660,.T.);
#2936=ORIENTED_EDGE('',*,*,#4149,.F.);
#2937=ORIENTED_EDGE('',*,*,#4111,.T.);
#2938=ORIENTED_EDGE('',*,*,#4150,.T.);
#2939=CARTESIAN_POINT('',(-0.999999999999998,-18.7347941675376,-15.9063670427914));
#2940=DIRECTION('',(1.0,4.81482486096811E-033,6.12303176911189E-017));
#2941=DIRECTION('',(-4.32963728535968E-017,-0.707106781186547,0.707106781186548));
#2942=ORIENTED_EDGE('',*,*,#3661,.T.);
#2943=ORIENTED_EDGE('',*,*,#4150,.F.);
#2944=ORIENTED_EDGE('',*,*,#4116,.T.);
#2945=ORIENTED_EDGE('',*,*,#4151,.T.);
#2946=CARTESIAN_POINT('',(-0.999999999999998,-18.4307382516274,-16.1679965518304));
#2947=DIRECTION('',(-4.32963728535968E-017,-0.707106781186547,0.707106781186548));
#2948=DIRECTION('',(4.32963728535968E-017,-0.707106781186548,-0.707106781186547));
#2949=ORIENTED_EDGE('',*,*,#3662,.T.);
#2950=ORIENTED_EDGE('',*,*,#4151,.F.);
#2951=ORIENTED_EDGE('',*,*,#4115,.T.);
#2952=ORIENTED_EDGE('',*,*,#4152,.T.);
#2953=CARTESIAN_POINT('',(-0.999999999999998,-17.2781541982933,-17.2781541982933));
#2954=DIRECTION('',(1.0,0.0,6.12303176911189E-017));
#2955=DIRECTION('',(-4.32963728535968E-017,-0.707106781186547,0.707106781186548));
#2956=ORIENTED_EDGE('',*,*,#3663,.T.);
#2957=ORIENTED_EDGE('',*,*,#4152,.F.);
#2958=ORIENTED_EDGE('',*,*,#4114,.T.);
#2959=ORIENTED_EDGE('',*,*,#4153,.T.);
#2960=CARTESIAN_POINT('',(-0.999999999999998,-16.1679965518304,-18.4307382516274));
#2961=DIRECTION('',(4.32963728535968E-017,0.707106781186547,-0.707106781186548));
#2962=DIRECTION('',(-4.32963728535968E-017,0.707106781186548,0.707106781186547));
#2963=ORIENTED_EDGE('',*,*,#3664,.T.);
#2964=ORIENTED_EDGE('',*,*,#4153,.F.);
#2965=ORIENTED_EDGE('',*,*,#4113,.T.);
#2966=ORIENTED_EDGE('',*,*,#4154,.F.);
#2967=CARTESIAN_POINT('',(-0.999999999999998,-15.9063670427914,-18.7347941675376));
#2968=DIRECTION('',(1.0,4.81482486096811E-033,6.12303176911189E-017));
#2969=DIRECTION('',(-4.32963728535968E-017,-0.707106781186547,0.707106781186548));
#2970=ORIENTED_EDGE('',*,*,#3616,.T.);
#2971=ORIENTED_EDGE('',*,*,#4154,.T.);
#2972=ORIENTED_EDGE('',*,*,#4139,.T.);
#2973=ORIENTED_EDGE('',*,*,#4155,.T.);
#2974=CARTESIAN_POINT('',(7.25,0.0,4.43919803260612E-016));
#2975=DIRECTION('',(1.0,0.0,6.12303176911189E-017));
#2976=DIRECTION('',(6.12303176911189E-017,0.0,-1.0));
#2977=ORIENTED_EDGE('',*,*,#3665,.T.);
#2978=ORIENTED_EDGE('',*,*,#4155,.F.);
#2979=ORIENTED_EDGE('',*,*,#4105,.T.);
#2980=ORIENTED_EDGE('',*,*,#4156,.T.);
#2981=CARTESIAN_POINT('',(-0.999999999999998,-15.2716320824202,-19.2557076873116));
#2982=DIRECTION('',(1.0,0.0,6.12303176911189E-017));
#2983=DIRECTION('',(-3.40177418675192E-017,-0.831469612302545,0.555570233019602));
#2984=ORIENTED_EDGE('',*,*,#3666,.T.);
#2985=ORIENTED_EDGE('',*,*,#4156,.F.);
#2986=ORIENTED_EDGE('',*,*,#4110,.T.);
#2987=ORIENTED_EDGE('',*,*,#4157,.T.);
#2988=CARTESIAN_POINT('',(-0.999999999999998,-14.9223771305086,-19.4529916921504));
#2989=DIRECTION('',(-3.40177418675192E-017,-0.831469612302545,0.555570233019602));
#2990=DIRECTION('',(5.09111485117963E-017,-0.555570233019602,-0.831469612302545));
#2991=ORIENTED_EDGE('',*,*,#3667,.T.);
#2992=ORIENTED_EDGE('',*,*,#4157,.F.);
#2993=ORIENTED_EDGE('',*,*,#4109,.T.);
#2994=ORIENTED_EDGE('',*,*,#4158,.T.);
#2995=CARTESIAN_POINT('',(-0.999999999999998,-13.575358643834,-20.3169599766127));
#2996=DIRECTION('',(1.0,0.0,6.12303176911189E-017));
#2997=DIRECTION('',(-3.40177418675192E-017,-0.831469612302545,0.555570233019602));
#2998=ORIENTED_EDGE('',*,*,#3668,.T.);
#2999=ORIENTED_EDGE('',*,*,#4158,.F.);
#3000=ORIENTED_EDGE('',*,*,#4108,.T.);
#3001=ORIENTED_EDGE('',*,*,#4159,.T.);
#3002=CARTESIAN_POINT('',(-0.999999999999998,-12.2616743711405,-21.2308164378131));
#3003=DIRECTION('',(3.40177418675192E-017,0.831469612302545,-0.555570233019602));
#3004=DIRECTION('',(-5.09111485117963E-017,0.555570233019602,0.831469612302545));
#3005=ORIENTED_EDGE('',*,*,#3669,.T.);
#3006=ORIENTED_EDGE('',*,*,#4159,.F.);
#3007=ORIENTED_EDGE('',*,*,#4107,.T.);
#3008=ORIENTED_EDGE('',*,*,#4160,.F.);
#3009=CARTESIAN_POINT('',(-0.999999999999998,-11.9457536332101,-21.47798861939));
#3010=DIRECTION('',(1.0,0.0,6.12303176911189E-017));
#3011=DIRECTION('',(-3.40177418675192E-017,-0.831469612302545,0.555570233019602));
#3012=ORIENTED_EDGE('',*,*,#3618,.T.);
#3013=ORIENTED_EDGE('',*,*,#4160,.T.);
#3014=ORIENTED_EDGE('',*,*,#4138,.T.);
#3015=ORIENTED_EDGE('',*,*,#4161,.T.);
#3016=CARTESIAN_POINT('',(7.25,0.0,4.43919803260612E-016));
#3017=DIRECTION('',(1.0,0.0,6.12303176911189E-017));
#3018=DIRECTION('',(6.12303176911189E-017,0.0,-1.0));
#3019=ORIENTED_EDGE('',*,*,#3670,.T.);
#3020=ORIENTED_EDGE('',*,*,#4161,.F.);
#3021=ORIENTED_EDGE('',*,*,#4099,.T.);
#3022=ORIENTED_EDGE('',*,*,#4162,.T.);
#3023=CARTESIAN_POINT('',(-0.999999999999998,-11.2215897408055,-21.8650622841338));
#3024=DIRECTION('',(1.0,0.0,6.12303176911189E-017));
#3025=DIRECTION('',(-2.34318281388423E-017,-0.923879532511287,0.38268343236509));
#3026=ORIENTED_EDGE('',*,*,#3671,.T.);
#3027=ORIENTED_EDGE('',*,*,#4162,.F.);
#3028=ORIENTED_EDGE('',*,*,#4104,.T.);
#3029=ORIENTED_EDGE('',*,*,#4163,.T.);
#3030=CARTESIAN_POINT('',(-0.999999999999998,-10.84055742483,-21.9904192711045));
#3031=DIRECTION('',(-2.34318281388423E-017,-0.923879532511287,0.38268343236509));
#3032=DIRECTION('',(5.65694372839885E-017,-0.38268343236509,-0.923879532511287));
#3033=ORIENTED_EDGE('',*,*,#3672,.T.);
#3034=ORIENTED_EDGE('',*,*,#4163,.F.);
#3035=ORIENTED_EDGE('',*,*,#4103,.T.);
#3036=ORIENTED_EDGE('',*,*,#4164,.T.);
#3037=CARTESIAN_POINT('',(-0.999999999999998,-9.35086966984098,-22.5749963769133));
#3038=DIRECTION('',(1.0,0.0,6.12303176911189E-017));
#3039=DIRECTION('',(-2.34318281388423E-017,-0.923879532511287,0.38268343236509));
#3040=ORIENTED_EDGE('',*,*,#3673,.T.);
#3041=ORIENTED_EDGE('',*,*,#4164,.F.);
#3042=ORIENTED_EDGE('',*,*,#4102,.T.);
#3043=ORIENTED_EDGE('',*,*,#4165,.T.);
#3044=CARTESIAN_POINT('',(-0.999999999999998,-7.88414292079387,-23.2150062546728));
#3045=DIRECTION('',(2.34318281388423E-017,0.923879532511287,-0.38268343236509));
#3046=DIRECTION('',(-5.65694372839885E-017,0.38268343236509,0.923879532511287));
#3047=ORIENTED_EDGE('',*,*,#3674,.T.);
#3048=ORIENTED_EDGE('',*,*,#4165,.F.);
#3049=ORIENTED_EDGE('',*,*,#4101,.T.);
#3050=ORIENTED_EDGE('',*,*,#4166,.F.);
#3051=CARTESIAN_POINT('',(-0.999999999999998,-7.52607161076032,-23.3957960135941));
#3052=DIRECTION('',(1.0,0.0,6.12303176911189E-017));
#3053=DIRECTION('',(-2.34318281388423E-017,-0.923879532511287,0.38268343236509));
#3054=ORIENTED_EDGE('',*,*,#3620,.T.);
#3055=ORIENTED_EDGE('',*,*,#4166,.T.);
#3056=ORIENTED_EDGE('',*,*,#4137,.T.);
#3057=ORIENTED_EDGE('',*,*,#4167,.T.);
#3058=CARTESIAN_POINT('',(7.25,0.0,4.43919803260612E-016));
#3059=DIRECTION('',(1.0,0.0,6.12303176911189E-017));
#3060=DIRECTION('',(6.12303176911189E-017,0.0,-1.0));
#3061=ORIENTED_EDGE('',*,*,#3675,.T.);
#3062=ORIENTED_EDGE('',*,*,#4167,.F.);
#3063=ORIENTED_EDGE('',*,*,#4093,.T.);
#3064=ORIENTED_EDGE('',*,*,#4168,.T.);
#3065=CARTESIAN_POINT('',(-0.999999999999998,-6.74030799859153,-23.6341547994449));
#3066=DIRECTION('',(1.0,2.40741243048405E-033,6.12303176911189E-017));
#3067=DIRECTION('',(-1.19454423955102E-017,-0.98078528040323,0.195090322016129));
#3068=ORIENTED_EDGE('',*,*,#3676,.T.);
#3069=ORIENTED_EDGE('',*,*,#4168,.F.);
#3070=ORIENTED_EDGE('',*,*,#4098,.T.);
#3071=ORIENTED_EDGE('',*,*,#4169,.T.);
#3072=CARTESIAN_POINT('',(-0.999999999999998,-6.34214117676976,-23.6827673698392));
#3073=DIRECTION('',(-1.19454423955102E-017,-0.98078528040323,0.195090322016129));
#3074=DIRECTION('',(6.00537943058629E-017,-0.195090322016129,-0.98078528040323));
#3075=ORIENTED_EDGE('',*,*,#3677,.T.);
#3076=ORIENTED_EDGE('',*,*,#4169,.F.);
#3077=ORIENTED_EDGE('',*,*,#4097,.T.);
#3078=ORIENTED_EDGE('',*,*,#4170,.T.);
#3079=CARTESIAN_POINT('',(-0.999999999999998,-4.7670320184641,-23.9654883266529));
#3080=DIRECTION('',(1.0,0.0,6.12303176911189E-017));
#3081=DIRECTION('',(-1.19454423955102E-017,-0.98078528040323,0.195090322016129));
#3082=ORIENTED_EDGE('',*,*,#3678,.T.);
#3083=ORIENTED_EDGE('',*,*,#4170,.F.);
#3084=ORIENTED_EDGE('',*,*,#4096,.T.);
#3085=ORIENTED_EDGE('',*,*,#4171,.T.);
#3086=CARTESIAN_POINT('',(-0.999999999999998,-3.20362827947942,-24.3070564002908));
#3087=DIRECTION('',(1.19454423955102E-017,0.98078528040323,-0.195090322016129));
#3088=DIRECTION('',(-6.00537943058629E-017,0.195090322016129,0.98078528040323));
#3089=ORIENTED_EDGE('',*,*,#3679,.T.);
#3090=ORIENTED_EDGE('',*,*,#4171,.F.);
#3091=ORIENTED_EDGE('',*,*,#4095,.T.);
#3092=ORIENTED_EDGE('',*,*,#4172,.F.);
#3093=CARTESIAN_POINT('',(-0.999999999999998,-2.81716687697861,-24.4145160875094));
#3094=DIRECTION('',(1.0,2.40741243048405E-033,6.12303176911189E-017));
#3095=DIRECTION('',(-1.19454423955102E-017,-0.98078528040323,0.195090322016129));
#3096=ORIENTED_EDGE('',*,*,#3622,.T.);
#3097=ORIENTED_EDGE('',*,*,#4172,.T.);
#3098=ORIENTED_EDGE('',*,*,#4136,.T.);
#3099=ORIENTED_EDGE('',*,*,#4173,.T.);
#3100=CARTESIAN_POINT('',(7.25,0.0,4.43919803260612E-016));
#3101=DIRECTION('',(1.0,0.0,6.12303176911189E-017));
#3102=DIRECTION('',(6.12303176911189E-017,0.0,-1.0));
#3103=ORIENTED_EDGE('',*,*,#3680,.T.);
#3104=ORIENTED_EDGE('',*,*,#4173,.F.);
#3105=ORIENTED_EDGE('',*,*,#4087,.T.);
#3106=ORIENTED_EDGE('',*,*,#4174,.T.);
#3107=CARTESIAN_POINT('',(-0.999999999999998,-2.0,-24.495));
#3108=DIRECTION('',(1.0,0.0,6.12303176911189E-017));
#3109=DIRECTION('',(-1.1247455413666E-032,-1.0,1.83690953073357E-016));
#3110=ORIENTED_EDGE('',*,*,#3681,.T.);
#3111=ORIENTED_EDGE('',*,*,#4174,.F.);
#3112=ORIENTED_EDGE('',*,*,#4092,.T.);
#3113=ORIENTED_EDGE('',*,*,#4175,.T.);
#3114=CARTESIAN_POINT('',(-0.999999999999998,-1.6,-24.465));
#3115=DIRECTION('',(-1.1247455413666E-032,-1.0,1.83690953073357E-016));
#3116=DIRECTION('',(6.12303176911189E-017,-1.83690953073357E-016,-1.0));
#3117=ORIENTED_EDGE('',*,*,#3682,.T.);
#3118=ORIENTED_EDGE('',*,*,#4175,.F.);
#3119=ORIENTED_EDGE('',*,*,#4091,.T.);
#3120=ORIENTED_EDGE('',*,*,#4176,.T.);
#3121=CARTESIAN_POINT('',(-0.999999999999998,-4.51499553933757E-015,-24.435));
#3122=DIRECTION('',(1.0,0.0,6.12303176911189E-017));
#3123=DIRECTION('',(-1.1247455413666E-032,-1.0,1.83690953073357E-016));
#3124=ORIENTED_EDGE('',*,*,#3683,.T.);
#3125=ORIENTED_EDGE('',*,*,#4176,.F.);
#3126=ORIENTED_EDGE('',*,*,#4090,.T.);
#3127=ORIENTED_EDGE('',*,*,#4177,.T.);
#3128=CARTESIAN_POINT('',(-0.999999999999998,1.6,-24.465));
#3129=DIRECTION('',(1.1247455413666E-032,1.0,-1.83690953073357E-016));
#3130=DIRECTION('',(-6.12303176911189E-017,1.83690953073357E-016,1.0));
#3131=ORIENTED_EDGE('',*,*,#3684,.T.);
#3132=ORIENTED_EDGE('',*,*,#4177,.F.);
#3133=ORIENTED_EDGE('',*,*,#4089,.T.);
#3134=ORIENTED_EDGE('',*,*,#4178,.F.);
#3135=CARTESIAN_POINT('',(-0.999999999999998,2.0,-24.495));
#3136=DIRECTION('',(1.0,0.0,6.12303176911189E-017));
#3137=DIRECTION('',(-1.1247455413666E-032,-1.0,1.83690953073357E-016));
#3138=ORIENTED_EDGE('',*,*,#3624,.T.);
#3139=ORIENTED_EDGE('',*,*,#4178,.T.);
#3140=ORIENTED_EDGE('',*,*,#4135,.T.);
#3141=ORIENTED_EDGE('',*,*,#4179,.T.);
#3142=CARTESIAN_POINT('',(7.25,0.0,4.43919803260612E-016));
#3143=DIRECTION('',(1.0,0.0,6.12303176911189E-017));
#3144=DIRECTION('',(6.12303176911189E-017,0.0,-1.0));
#3145=ORIENTED_EDGE('',*,*,#3685,.T.);
#3146=ORIENTED_EDGE('',*,*,#4179,.F.);
#3147=ORIENTED_EDGE('',*,*,#4081,.T.);
#3148=ORIENTED_EDGE('',*,*,#4180,.T.);
#3149=CARTESIAN_POINT('',(-0.999999999999998,2.8171668769786,-24.4145160875094));
#3150=DIRECTION('',(1.0,-2.40741243048405E-033,6.12303176911189E-017));
#3151=DIRECTION('',(1.19454423955102E-017,-0.98078528040323,-0.195090322016128));
#3152=ORIENTED_EDGE('',*,*,#3686,.T.);
#3153=ORIENTED_EDGE('',*,*,#4180,.F.);
#3154=ORIENTED_EDGE('',*,*,#4086,.T.);
#3155=ORIENTED_EDGE('',*,*,#4181,.T.);
#3156=CARTESIAN_POINT('',(-0.999999999999998,3.20362827947941,-24.3070564002908));
#3157=DIRECTION('',(1.19454423955102E-017,-0.98078528040323,-0.195090322016128));
#3158=DIRECTION('',(6.00537943058629E-017,0.195090322016128,-0.98078528040323));
#3159=ORIENTED_EDGE('',*,*,#3687,.T.);
#3160=ORIENTED_EDGE('',*,*,#4181,.F.);
#3161=ORIENTED_EDGE('',*,*,#4085,.T.);
#3162=ORIENTED_EDGE('',*,*,#4182,.T.);
#3163=CARTESIAN_POINT('',(-0.999999999999998,4.76703201846409,-23.9654883266529));
#3164=DIRECTION('',(1.0,0.0,6.12303176911189E-017));
#3165=DIRECTION('',(1.19454423955102E-017,-0.98078528040323,-0.195090322016128));
#3166=ORIENTED_EDGE('',*,*,#3688,.T.);
#3167=ORIENTED_EDGE('',*,*,#4182,.F.);
#3168=ORIENTED_EDGE('',*,*,#4084,.T.);
#3169=ORIENTED_EDGE('',*,*,#4183,.T.);
#3170=CARTESIAN_POINT('',(-0.999999999999998,6.34214117676975,-23.6827673698392));
#3171=DIRECTION('',(-1.19454423955102E-017,0.98078528040323,0.195090322016128));
#3172=DIRECTION('',(-6.00537943058629E-017,-0.195090322016128,0.98078528040323));
#3173=ORIENTED_EDGE('',*,*,#3689,.T.);
#3174=ORIENTED_EDGE('',*,*,#4183,.F.);
#3175=ORIENTED_EDGE('',*,*,#4083,.T.);
#3176=ORIENTED_EDGE('',*,*,#4184,.F.);
#3177=CARTESIAN_POINT('',(-0.999999999999998,6.74030799859152,-23.6341547994449));
#3178=DIRECTION('',(1.0,-2.40741243048405E-033,6.12303176911189E-017));
#3179=DIRECTION('',(1.19454423955102E-017,-0.98078528040323,-0.195090322016128));
#3180=ORIENTED_EDGE('',*,*,#3626,.T.);
#3181=ORIENTED_EDGE('',*,*,#4184,.T.);
#3182=ORIENTED_EDGE('',*,*,#4134,.T.);
#3183=ORIENTED_EDGE('',*,*,#4185,.T.);
#3184=CARTESIAN_POINT('',(7.25,0.0,4.43919803260612E-016));
#3185=DIRECTION('',(1.0,0.0,6.12303176911189E-017));
#3186=DIRECTION('',(6.12303176911189E-017,0.0,-1.0));
#3187=ORIENTED_EDGE('',*,*,#3690,.T.);
#3188=ORIENTED_EDGE('',*,*,#4185,.F.);
#3189=ORIENTED_EDGE('',*,*,#4075,.T.);
#3190=ORIENTED_EDGE('',*,*,#4186,.T.);
#3191=CARTESIAN_POINT('',(-0.999999999999998,7.52607161076031,-23.3957960135941));
#3192=DIRECTION('',(1.0,-2.40741243048405E-033,6.12303176911189E-017));
#3193=DIRECTION('',(2.34318281388423E-017,-0.923879532511287,-0.38268343236509));
#3194=ORIENTED_EDGE('',*,*,#3691,.T.);
#3195=ORIENTED_EDGE('',*,*,#4186,.F.);
#3196=ORIENTED_EDGE('',*,*,#4080,.T.);
#3197=ORIENTED_EDGE('',*,*,#4187,.T.);
#3198=CARTESIAN_POINT('',(-0.999999999999998,7.88414292079387,-23.2150062546728));
#3199=DIRECTION('',(2.34318281388423E-017,-0.923879532511287,-0.38268343236509));
#3200=DIRECTION('',(5.65694372839885E-017,0.38268343236509,-0.923879532511287));
#3201=ORIENTED_EDGE('',*,*,#3692,.T.);
#3202=ORIENTED_EDGE('',*,*,#4187,.F.);
#3203=ORIENTED_EDGE('',*,*,#4079,.T.);
#3204=ORIENTED_EDGE('',*,*,#4188,.T.);
#3205=CARTESIAN_POINT('',(-0.999999999999998,9.35086966984097,-22.5749963769133));
#3206=DIRECTION('',(1.0,-2.40741243048405E-033,6.12303176911189E-017));
#3207=DIRECTION('',(2.34318281388423E-017,-0.923879532511287,-0.38268343236509));
#3208=ORIENTED_EDGE('',*,*,#3693,.T.);
#3209=ORIENTED_EDGE('',*,*,#4188,.F.);
#3210=ORIENTED_EDGE('',*,*,#4078,.T.);
#3211=ORIENTED_EDGE('',*,*,#4189,.T.);
#3212=CARTESIAN_POINT('',(-0.999999999999998,10.84055742483,-21.9904192711045));
#3213=DIRECTION('',(-2.34318281388423E-017,0.923879532511287,0.38268343236509));
#3214=DIRECTION('',(-5.65694372839885E-017,-0.38268343236509,0.923879532511287));
#3215=ORIENTED_EDGE('',*,*,#3694,.T.);
#3216=ORIENTED_EDGE('',*,*,#4189,.F.);
#3217=ORIENTED_EDGE('',*,*,#4077,.T.);
#3218=ORIENTED_EDGE('',*,*,#4190,.F.);
#3219=CARTESIAN_POINT('',(-0.999999999999998,11.2215897408055,-21.8650622841338));
#3220=DIRECTION('',(1.0,-2.40741243048405E-033,6.12303176911189E-017));
#3221=DIRECTION('',(2.34318281388423E-017,-0.923879532511287,-0.38268343236509));
#3222=ORIENTED_EDGE('',*,*,#3628,.T.);
#3223=ORIENTED_EDGE('',*,*,#4190,.T.);
#3224=ORIENTED_EDGE('',*,*,#4133,.T.);
#3225=ORIENTED_EDGE('',*,*,#4191,.T.);
#3226=CARTESIAN_POINT('',(7.25,0.0,4.43919803260612E-016));
#3227=DIRECTION('',(1.0,0.0,6.12303176911189E-017));
#3228=DIRECTION('',(6.12303176911189E-017,0.0,-1.0));
#3229=ORIENTED_EDGE('',*,*,#3695,.T.);
#3230=ORIENTED_EDGE('',*,*,#4191,.F.);
#3231=ORIENTED_EDGE('',*,*,#4069,.T.);
#3232=ORIENTED_EDGE('',*,*,#4192,.T.);
#3233=CARTESIAN_POINT('',(-0.999999999999998,11.9457536332101,-21.4779886193901));
#3234=DIRECTION('',(1.0,0.0,6.12303176911189E-017));
#3235=DIRECTION('',(3.40177418675192E-017,-0.831469612302545,-0.555570233019602));
#3236=ORIENTED_EDGE('',*,*,#3696,.T.);
#3237=ORIENTED_EDGE('',*,*,#4192,.F.);
#3238=ORIENTED_EDGE('',*,*,#4074,.T.);
#3239=ORIENTED_EDGE('',*,*,#4193,.T.);
#3240=CARTESIAN_POINT('',(-0.999999999999998,12.2616743711405,-21.2308164378131));
#3241=DIRECTION('',(3.40177418675192E-017,-0.831469612302546,-0.555570233019602));
#3242=DIRECTION('',(5.09111485117963E-017,0.555570233019602,-0.831469612302546));
#3243=ORIENTED_EDGE('',*,*,#3697,.T.);
#3244=ORIENTED_EDGE('',*,*,#4193,.F.);
#3245=ORIENTED_EDGE('',*,*,#4073,.T.);
#3246=ORIENTED_EDGE('',*,*,#4194,.T.);
#3247=CARTESIAN_POINT('',(-0.999999999999998,13.575358643834,-20.3169599766127));
#3248=DIRECTION('',(1.0,4.81482486096809E-033,6.12303176911189E-017));
#3249=DIRECTION('',(3.40177418675192E-017,-0.831469612302545,-0.555570233019602));
#3250=ORIENTED_EDGE('',*,*,#3698,.T.);
#3251=ORIENTED_EDGE('',*,*,#4194,.F.);
#3252=ORIENTED_EDGE('',*,*,#4072,.T.);
#3253=ORIENTED_EDGE('',*,*,#4195,.T.);
#3254=CARTESIAN_POINT('',(-0.999999999999998,14.9223771305086,-19.4529916921504));
#3255=DIRECTION('',(-3.40177418675192E-017,0.831469612302546,0.555570233019602));
#3256=DIRECTION('',(-5.09111485117963E-017,-0.555570233019602,0.831469612302546));
#3257=ORIENTED_EDGE('',*,*,#3699,.T.);
#3258=ORIENTED_EDGE('',*,*,#4195,.F.);
#3259=ORIENTED_EDGE('',*,*,#4071,.T.);
#3260=ORIENTED_EDGE('',*,*,#4196,.F.);
#3261=CARTESIAN_POINT('',(-0.999999999999998,15.2716320824202,-19.2557076873116));
#3262=DIRECTION('',(1.0,0.0,6.12303176911189E-017));
#3263=DIRECTION('',(3.40177418675192E-017,-0.831469612302545,-0.555570233019602));
#3264=ORIENTED_EDGE('',*,*,#3630,.T.);
#3265=ORIENTED_EDGE('',*,*,#4196,.T.);
#3266=ORIENTED_EDGE('',*,*,#4132,.T.);
#3267=ORIENTED_EDGE('',*,*,#4197,.T.);
#3268=CARTESIAN_POINT('',(7.25,0.0,4.43919803260612E-016));
#3269=DIRECTION('',(1.0,0.0,6.12303176911189E-017));
#3270=DIRECTION('',(6.12303176911189E-017,0.0,-1.0));
#3271=ORIENTED_EDGE('',*,*,#3700,.T.);
#3272=ORIENTED_EDGE('',*,*,#4197,.F.);
#3273=ORIENTED_EDGE('',*,*,#4063,.T.);
#3274=ORIENTED_EDGE('',*,*,#4198,.T.);
#3275=CARTESIAN_POINT('',(-0.999999999999998,15.9063670427914,-18.7347941675376));
#3276=DIRECTION('',(1.0,4.81482486096811E-033,6.12303176911189E-017));
#3277=DIRECTION('',(4.32963728535968E-017,-0.707106781186548,-0.707106781186547));
#3278=ORIENTED_EDGE('',*,*,#3701,.T.);
#3279=ORIENTED_EDGE('',*,*,#4198,.F.);
#3280=ORIENTED_EDGE('',*,*,#4068,.T.);
#3281=ORIENTED_EDGE('',*,*,#4199,.T.);
#3282=CARTESIAN_POINT('',(-0.999999999999998,16.1679965518304,-18.4307382516274));
#3283=DIRECTION('',(4.32963728535968E-017,-0.707106781186548,-0.707106781186547));
#3284=DIRECTION('',(4.32963728535968E-017,0.707106781186547,-0.707106781186548));
#3285=ORIENTED_EDGE('',*,*,#3702,.T.);
#3286=ORIENTED_EDGE('',*,*,#4199,.F.);
#3287=ORIENTED_EDGE('',*,*,#4067,.T.);
#3288=ORIENTED_EDGE('',*,*,#4200,.T.);
#3289=CARTESIAN_POINT('',(-0.999999999999998,17.2781541982933,-17.2781541982933));
#3290=DIRECTION('',(1.0,4.81482486096809E-033,6.12303176911189E-017));
#3291=DIRECTION('',(4.32963728535968E-017,-0.707106781186548,-0.707106781186547));
#3292=ORIENTED_EDGE('',*,*,#3703,.T.);
#3293=ORIENTED_EDGE('',*,*,#4200,.F.);
#3294=ORIENTED_EDGE('',*,*,#4066,.T.);
#3295=ORIENTED_EDGE('',*,*,#4201,.T.);
#3296=CARTESIAN_POINT('',(-0.999999999999998,18.4307382516274,-16.1679965518304));
#3297=DIRECTION('',(-4.32963728535968E-017,0.707106781186548,0.707106781186547));
#3298=DIRECTION('',(-4.32963728535968E-017,-0.707106781186547,0.707106781186548));
#3299=ORIENTED_EDGE('',*,*,#3704,.T.);
#3300=ORIENTED_EDGE('',*,*,#4201,.F.);
#3301=ORIENTED_EDGE('',*,*,#4065,.T.);
#3302=ORIENTED_EDGE('',*,*,#4202,.F.);
#3303=CARTESIAN_POINT('',(-0.999999999999998,18.7347941675376,-15.9063670427914));
#3304=DIRECTION('',(1.0,4.81482486096811E-033,6.12303176911189E-017));
#3305=DIRECTION('',(4.32963728535968E-017,-0.707106781186548,-0.707106781186547));
#3306=ORIENTED_EDGE('',*,*,#3632,.T.);
#3307=ORIENTED_EDGE('',*,*,#4202,.T.);
#3308=ORIENTED_EDGE('',*,*,#4131,.T.);
#3309=ORIENTED_EDGE('',*,*,#4203,.T.);
#3310=CARTESIAN_POINT('',(7.25,0.0,4.43919803260612E-016));
#3311=DIRECTION('',(1.0,0.0,6.12303176911189E-017));
#3312=DIRECTION('',(6.12303176911189E-017,0.0,-1.0));
#3313=ORIENTED_EDGE('',*,*,#3705,.T.);
#3314=ORIENTED_EDGE('',*,*,#4203,.F.);
#3315=ORIENTED_EDGE('',*,*,#4057,.T.);
#3316=ORIENTED_EDGE('',*,*,#4204,.T.);
#3317=CARTESIAN_POINT('',(-0.999999999999998,19.2557076873116,-15.2716320824202));
#3318=DIRECTION('',(1.0,0.0,6.12303176911189E-017));
#3319=DIRECTION('',(5.09111485117963E-017,-0.555570233019602,-0.831469612302545));
#3320=ORIENTED_EDGE('',*,*,#3706,.T.);
#3321=ORIENTED_EDGE('',*,*,#4204,.F.);
#3322=ORIENTED_EDGE('',*,*,#4062,.T.);
#3323=ORIENTED_EDGE('',*,*,#4205,.T.);
#3324=CARTESIAN_POINT('',(-0.999999999999998,19.4529916921504,-14.9223771305086));
#3325=DIRECTION('',(5.09111485117963E-017,-0.555570233019602,-0.831469612302545));
#3326=DIRECTION('',(3.40177418675192E-017,0.831469612302545,-0.555570233019602));
#3327=ORIENTED_EDGE('',*,*,#3707,.T.);
#3328=ORIENTED_EDGE('',*,*,#4205,.F.);
#3329=ORIENTED_EDGE('',*,*,#4061,.T.);
#3330=ORIENTED_EDGE('',*,*,#4206,.T.);
#3331=CARTESIAN_POINT('',(-1.0,20.3169599766127,-13.575358643834));
#3332=DIRECTION('',(1.0,0.0,6.12303176911189E-017));
#3333=DIRECTION('',(5.09111485117963E-017,-0.555570233019602,-0.831469612302545));
#3334=ORIENTED_EDGE('',*,*,#3708,.T.);
#3335=ORIENTED_EDGE('',*,*,#4206,.F.);
#3336=ORIENTED_EDGE('',*,*,#4060,.T.);
#3337=ORIENTED_EDGE('',*,*,#4207,.T.);
#3338=CARTESIAN_POINT('',(-1.0,21.2308164378131,-12.2616743711405));
#3339=DIRECTION('',(-5.09111485117963E-017,0.555570233019602,0.831469612302545));
#3340=DIRECTION('',(-3.40177418675192E-017,-0.831469612302545,0.555570233019602));
#3341=ORIENTED_EDGE('',*,*,#3709,.T.);
#3342=ORIENTED_EDGE('',*,*,#4207,.F.);
#3343=ORIENTED_EDGE('',*,*,#4059,.T.);
#3344=ORIENTED_EDGE('',*,*,#4208,.F.);
#3345=CARTESIAN_POINT('',(-1.0,21.47798861939,-11.9457536332101));
#3346=DIRECTION('',(1.0,0.0,6.12303176911189E-017));
#3347=DIRECTION('',(5.09111485117963E-017,-0.555570233019602,-0.831469612302545));
#3348=ORIENTED_EDGE('',*,*,#3634,.T.);
#3349=ORIENTED_EDGE('',*,*,#4208,.T.);
#3350=ORIENTED_EDGE('',*,*,#4130,.T.);
#3351=ORIENTED_EDGE('',*,*,#4209,.T.);
#3352=CARTESIAN_POINT('',(7.25,0.0,4.43919803260612E-016));
#3353=DIRECTION('',(1.0,0.0,6.12303176911189E-017));
#3354=DIRECTION('',(6.12303176911189E-017,0.0,-1.0));
#3355=ORIENTED_EDGE('',*,*,#3710,.T.);
#3356=ORIENTED_EDGE('',*,*,#4209,.F.);
#3357=ORIENTED_EDGE('',*,*,#4051,.T.);
#3358=ORIENTED_EDGE('',*,*,#4210,.T.);
#3359=CARTESIAN_POINT('',(-1.0,21.8650622841338,-11.2215897408055));
#3360=DIRECTION('',(1.0,0.0,6.12303176911189E-017));
#3361=DIRECTION('',(5.65694372839885E-017,-0.38268343236509,-0.923879532511287));
#3362=ORIENTED_EDGE('',*,*,#3711,.T.);
#3363=ORIENTED_EDGE('',*,*,#4210,.F.);
#3364=ORIENTED_EDGE('',*,*,#4056,.T.);
#3365=ORIENTED_EDGE('',*,*,#4211,.T.);
#3366=CARTESIAN_POINT('',(-1.0,21.9904192711045,-10.84055742483));
#3367=DIRECTION('',(5.65694372839885E-017,-0.38268343236509,-0.923879532511287));
#3368=DIRECTION('',(2.34318281388423E-017,0.923879532511287,-0.38268343236509));
#3369=ORIENTED_EDGE('',*,*,#3712,.T.);
#3370=ORIENTED_EDGE('',*,*,#4211,.F.);
#3371=ORIENTED_EDGE('',*,*,#4055,.T.);
#3372=ORIENTED_EDGE('',*,*,#4212,.T.);
#3373=CARTESIAN_POINT('',(-1.0,22.5749963769133,-9.35086966984098));
#3374=DIRECTION('',(1.0,0.0,6.12303176911189E-017));
#3375=DIRECTION('',(5.65694372839885E-017,-0.38268343236509,-0.923879532511287));
#3376=ORIENTED_EDGE('',*,*,#3713,.T.);
#3377=ORIENTED_EDGE('',*,*,#4212,.F.);
#3378=ORIENTED_EDGE('',*,*,#4054,.T.);
#3379=ORIENTED_EDGE('',*,*,#4213,.T.);
#3380=CARTESIAN_POINT('',(-1.0,23.2150062546728,-7.88414292079388));
#3381=DIRECTION('',(-5.65694372839885E-017,0.38268343236509,0.923879532511287));
#3382=DIRECTION('',(-2.34318281388423E-017,-0.923879532511287,0.38268343236509));
#3383=ORIENTED_EDGE('',*,*,#3714,.T.);
#3384=ORIENTED_EDGE('',*,*,#4213,.F.);
#3385=ORIENTED_EDGE('',*,*,#4053,.T.);
#3386=ORIENTED_EDGE('',*,*,#4214,.F.);
#3387=CARTESIAN_POINT('',(-1.0,23.3957960135941,-7.52607161076032));
#3388=DIRECTION('',(1.0,0.0,6.12303176911189E-017));
#3389=DIRECTION('',(5.65694372839885E-017,-0.38268343236509,-0.923879532511287));
#3390=ORIENTED_EDGE('',*,*,#3636,.T.);
#3391=ORIENTED_EDGE('',*,*,#4214,.T.);
#3392=ORIENTED_EDGE('',*,*,#4129,.T.);
#3393=ORIENTED_EDGE('',*,*,#4215,.T.);
#3394=CARTESIAN_POINT('',(7.25,0.0,4.43919803260612E-016));
#3395=DIRECTION('',(1.0,0.0,6.12303176911189E-017));
#3396=DIRECTION('',(6.12303176911189E-017,0.0,-1.0));
#3397=ORIENTED_EDGE('',*,*,#3715,.T.);
#3398=ORIENTED_EDGE('',*,*,#4215,.F.);
#3399=ORIENTED_EDGE('',*,*,#4045,.T.);
#3400=ORIENTED_EDGE('',*,*,#4216,.T.);
#3401=CARTESIAN_POINT('',(-1.0,23.6341547994449,-6.74030799859153));
#3402=DIRECTION('',(1.0,0.0,6.12303176911189E-017));
#3403=DIRECTION('',(6.00537943058629E-017,-0.195090322016129,-0.98078528040323));
#3404=ORIENTED_EDGE('',*,*,#3716,.T.);
#3405=ORIENTED_EDGE('',*,*,#4216,.F.);
#3406=ORIENTED_EDGE('',*,*,#4050,.T.);
#3407=ORIENTED_EDGE('',*,*,#4217,.T.);
#3408=CARTESIAN_POINT('',(-1.0,23.6827673698392,-6.34214117676976));
#3409=DIRECTION('',(6.00537943058629E-017,-0.195090322016129,-0.98078528040323));
#3410=DIRECTION('',(1.19454423955102E-017,0.98078528040323,-0.195090322016129));
#3411=ORIENTED_EDGE('',*,*,#3717,.T.);
#3412=ORIENTED_EDGE('',*,*,#4217,.F.);
#3413=ORIENTED_EDGE('',*,*,#4049,.T.);
#3414=ORIENTED_EDGE('',*,*,#4218,.T.);
#3415=CARTESIAN_POINT('',(-1.0,23.9654883266529,-4.76703201846411));
#3416=DIRECTION('',(1.0,2.40741243048405E-033,6.12303176911189E-017));
#3417=DIRECTION('',(6.00537943058629E-017,-0.195090322016129,-0.98078528040323));
#3418=ORIENTED_EDGE('',*,*,#3718,.T.);
#3419=ORIENTED_EDGE('',*,*,#4218,.F.);
#3420=ORIENTED_EDGE('',*,*,#4048,.T.);
#3421=ORIENTED_EDGE('',*,*,#4219,.T.);
#3422=CARTESIAN_POINT('',(-1.0,24.3070564002908,-3.20362827947942));
#3423=DIRECTION('',(-6.00537943058629E-017,0.195090322016129,0.98078528040323));
#3424=DIRECTION('',(-1.19454423955102E-017,-0.98078528040323,0.195090322016129));
#3425=ORIENTED_EDGE('',*,*,#3719,.T.);
#3426=ORIENTED_EDGE('',*,*,#4219,.F.);
#3427=ORIENTED_EDGE('',*,*,#4047,.T.);
#3428=ORIENTED_EDGE('',*,*,#4220,.F.);
#3429=CARTESIAN_POINT('',(-1.0,24.4145160875094,-2.81716687697861));
#3430=DIRECTION('',(1.0,0.0,6.12303176911189E-017));
#3431=DIRECTION('',(6.00537943058629E-017,-0.195090322016129,-0.98078528040323));
#3432=ORIENTED_EDGE('',*,*,#3638,.T.);
#3433=ORIENTED_EDGE('',*,*,#4220,.T.);
#3434=ORIENTED_EDGE('',*,*,#4128,.T.);
#3435=ORIENTED_EDGE('',*,*,#4221,.T.);
#3436=CARTESIAN_POINT('',(7.25,0.0,4.43919803260612E-016));
#3437=DIRECTION('',(1.0,0.0,6.12303176911189E-017));
#3438=DIRECTION('',(6.12303176911189E-017,0.0,-1.0));
#3439=ORIENTED_EDGE('',*,*,#3720,.T.);
#3440=ORIENTED_EDGE('',*,*,#4221,.F.);
#3441=ORIENTED_EDGE('',*,*,#4039,.T.);
#3442=ORIENTED_EDGE('',*,*,#4222,.T.);
#3443=CARTESIAN_POINT('',(-1.0,24.495,-2.0));
#3444=DIRECTION('',(1.0,0.0,6.12303176911189E-017));
#3445=DIRECTION('',(6.12303176911189E-017,0.0,-1.0));
#3446=ORIENTED_EDGE('',*,*,#3721,.T.);
#3447=ORIENTED_EDGE('',*,*,#4222,.F.);
#3448=ORIENTED_EDGE('',*,*,#4044,.T.);
#3449=ORIENTED_EDGE('',*,*,#4223,.T.);
#3450=CARTESIAN_POINT('',(-1.0,24.465,-1.6));
#3451=DIRECTION('',(6.12303176911189E-017,0.0,-1.0));
#3452=DIRECTION('',(0.0,1.0,0.0));
#3453=ORIENTED_EDGE('',*,*,#3722,.T.);
#3454=ORIENTED_EDGE('',*,*,#4223,.F.);
#3455=ORIENTED_EDGE('',*,*,#4043,.T.);
#3456=ORIENTED_EDGE('',*,*,#4224,.T.);
#3457=CARTESIAN_POINT('',(-1.0,24.435,-8.77374186812174E-017));
#3458=DIRECTION('',(1.0,0.0,6.12303176911189E-017));
#3459=DIRECTION('',(6.12303176911189E-017,0.0,-1.0));
#3460=ORIENTED_EDGE('',*,*,#3723,.T.);
#3461=ORIENTED_EDGE('',*,*,#4224,.F.);
#3462=ORIENTED_EDGE('',*,*,#4042,.T.);
#3463=ORIENTED_EDGE('',*,*,#4225,.T.);
#3464=CARTESIAN_POINT('',(-1.0,24.465,1.6));
#3465=DIRECTION('',(-6.12303176911189E-017,0.0,1.0));
#3466=DIRECTION('',(0.0,-1.0,0.0));
#3467=ORIENTED_EDGE('',*,*,#3724,.T.);
#3468=ORIENTED_EDGE('',*,*,#4225,.F.);
#3469=ORIENTED_EDGE('',*,*,#4041,.T.);
#3470=ORIENTED_EDGE('',*,*,#4226,.F.);
#3471=CARTESIAN_POINT('',(-1.0,24.495,2.0));
#3472=DIRECTION('',(1.0,0.0,6.12303176911189E-017));
#3473=DIRECTION('',(6.12303176911189E-017,0.0,-1.0));
#3474=ORIENTED_EDGE('',*,*,#3829,.T.);
#3475=ORIENTED_EDGE('',*,*,#4226,.T.);
#3476=ORIENTED_EDGE('',*,*,#3599,.T.);
#3477=ORIENTED_EDGE('',*,*,#4227,.T.);
#3478=CARTESIAN_POINT('',(7.25,0.0,4.43919803260612E-016));
#3479=DIRECTION('',(1.0,0.0,6.12303176911189E-017));
#3480=DIRECTION('',(6.12303176911189E-017,0.0,-1.0));
#3481=ORIENTED_EDGE('',*,*,#3726,.T.);
#3482=ORIENTED_EDGE('',*,*,#4227,.F.);
#3483=ORIENTED_EDGE('',*,*,#4034,.T.);
#3484=ORIENTED_EDGE('',*,*,#4228,.T.);
#3485=CARTESIAN_POINT('',(-1.0,24.4145160875094,2.8171668769786));
#3486=DIRECTION('',(1.0,0.0,6.12303176911189E-017));
#3487=DIRECTION('',(6.00537943058629E-017,0.195090322016128,-0.98078528040323));
#3488=ORIENTED_EDGE('',*,*,#3727,.T.);
#3489=ORIENTED_EDGE('',*,*,#4228,.F.);
#3490=ORIENTED_EDGE('',*,*,#4038,.T.);
#3491=ORIENTED_EDGE('',*,*,#4229,.T.);
#3492=CARTESIAN_POINT('',(-1.0,24.3070564002908,3.20362827947941));
#3493=DIRECTION('',(6.00537943058629E-017,0.195090322016128,-0.98078528040323));
#3494=DIRECTION('',(-1.19454423955102E-017,0.98078528040323,0.195090322016128));
#3495=ORIENTED_EDGE('',*,*,#3728,.T.);
#3496=ORIENTED_EDGE('',*,*,#4229,.F.);
#3497=ORIENTED_EDGE('',*,*,#4037,.T.);
#3498=ORIENTED_EDGE('',*,*,#4230,.T.);
#3499=CARTESIAN_POINT('',(-1.0,23.9654883266529,4.76703201846409));
#3500=DIRECTION('',(1.0,0.0,6.12303176911189E-017));
#3501=DIRECTION('',(6.00537943058629E-017,0.195090322016128,-0.98078528040323));
#3502=ORIENTED_EDGE('',*,*,#3653,.T.);
#3503=ORIENTED_EDGE('',*,*,#3646,.T.);
#3504=ORIENTED_EDGE('',*,*,#3602,.F.);
#3505=ORIENTED_EDGE('',*,*,#4127,.F.);
#3506=CARTESIAN_POINT('',(0.0,0.0,0.0));
#3507=DIRECTION('',(-1.0,0.0,-6.12303176911189E-017));
#3508=DIRECTION('',(-6.12303176911189E-017,0.0,1.0));
#3509=ORIENTED_EDGE('',*,*,#3735,.T.);
#3510=ORIENTED_EDGE('',*,*,#4231,.F.);
#3511=ORIENTED_EDGE('',*,*,#4030,.T.);
#3512=ORIENTED_EDGE('',*,*,#4027,.T.);
#3513=CARTESIAN_POINT('',(-1.0,21.9904192711045,10.84055742483));
#3514=DIRECTION('',(-5.65694372839885E-017,-0.38268343236509,0.923879532511287));
#3515=DIRECTION('',(2.34318281388422E-017,-0.923879532511287,-0.38268343236509));
#3516=ORIENTED_EDGE('',*,*,#3734,.T.);
#3517=ORIENTED_EDGE('',*,*,#4232,.F.);
#3518=ORIENTED_EDGE('',*,*,#4031,.T.);
#3519=ORIENTED_EDGE('',*,*,#4231,.T.);
#3520=CARTESIAN_POINT('',(-1.0,22.5749963769133,9.35086966984097));
#3521=DIRECTION('',(1.0,0.0,6.12303176911189E-017));
#3522=DIRECTION('',(5.65694372839885E-017,0.38268343236509,-0.923879532511287));
#3523=ORIENTED_EDGE('',*,*,#3732,.T.);
#3524=ORIENTED_EDGE('',*,*,#4233,.F.);
#3525=ORIENTED_EDGE('',*,*,#4033,.T.);
#3526=ORIENTED_EDGE('',*,*,#4234,.T.);
#3527=CARTESIAN_POINT('',(-1.0,23.3957960135942,7.5260716107603));
#3528=DIRECTION('',(1.0,0.0,6.12303176911189E-017));
#3529=DIRECTION('',(5.65694372839885E-017,0.38268343236509,-0.923879532511287));
#3530=ORIENTED_EDGE('',*,*,#3733,.T.);
#3531=ORIENTED_EDGE('',*,*,#4234,.F.);
#3532=ORIENTED_EDGE('',*,*,#4032,.T.);
#3533=ORIENTED_EDGE('',*,*,#4232,.T.);
#3534=CARTESIAN_POINT('',(-1.0,23.2150062546728,7.88414292079386));
#3535=DIRECTION('',(5.65694372839885E-017,0.38268343236509,-0.923879532511287));
#3536=DIRECTION('',(-2.34318281388422E-017,0.923879532511287,0.38268343236509));
#3537=ORIENTED_EDGE('',*,*,#3830,.T.);
#3538=ORIENTED_EDGE('',*,*,#4235,.T.);
#3539=ORIENTED_EDGE('',*,*,#3597,.T.);
#3540=ORIENTED_EDGE('',*,*,#4233,.T.);
#3541=CARTESIAN_POINT('',(7.25,0.0,4.43919803260612E-016));
#3542=DIRECTION('',(1.0,0.0,6.12303176911189E-017));
#3543=DIRECTION('',(6.12303176911189E-017,0.0,-1.0));
#3544=ORIENTED_EDGE('',*,*,#3729,.T.);
#3545=ORIENTED_EDGE('',*,*,#4230,.F.);
#3546=ORIENTED_EDGE('',*,*,#4036,.T.);
#3547=ORIENTED_EDGE('',*,*,#4236,.T.);
#3548=CARTESIAN_POINT('',(-1.0,23.6827673698392,6.34214117676975));
#3549=DIRECTION('',(-6.00537943058629E-017,-0.195090322016128,0.98078528040323));
#3550=DIRECTION('',(1.19454423955102E-017,-0.98078528040323,-0.195090322016128));
#3551=ORIENTED_EDGE('',*,*,#3730,.T.);
#3552=ORIENTED_EDGE('',*,*,#4236,.F.);
#3553=ORIENTED_EDGE('',*,*,#4035,.T.);
#3554=ORIENTED_EDGE('',*,*,#4235,.F.);
#3555=CARTESIAN_POINT('',(-1.0,23.6341547994449,6.74030799859152));
#3556=DIRECTION('',(1.0,0.0,6.12303176911189E-017));
#3557=DIRECTION('',(6.00537943058629E-017,0.195090322016128,-0.98078528040323));
#3558=ORIENTED_EDGE('',*,*,#3652,.T.);
#3559=ORIENTED_EDGE('',*,*,#3648,.T.);
#3560=ORIENTED_EDGE('',*,*,#3641,.F.);
#3561=ORIENTED_EDGE('',*,*,#3828,.F.);
#3562=CARTESIAN_POINT('',(14.5,0.0,8.87839606521224E-016));
#3563=DIRECTION('',(1.0,0.0,6.12303176911189E-017));
#3564=DIRECTION('',(6.12303176911189E-017,0.0,-1.0));
#3565=EDGE_CURVE('',#4237,#4238,#4239,.T.);
#3566=EDGE_CURVE('',#4237,#4240,#4241,.T.);
#3567=EDGE_CURVE('',#4242,#4240,#4243,.T.);
#3568=EDGE_CURVE('',#4244,#4242,#4245,.T.);
#3569=EDGE_CURVE('',#4246,#4244,#4247,.T.);
#3570=EDGE_CURVE('',#4248,#4246,#4249,.T.);
#3571=EDGE_CURVE('',#4250,#4248,#4251,.T.);
#3572=EDGE_CURVE('',#4252,#4250,#4253,.T.);
#3573=EDGE_CURVE('',#4254,#4252,#4255,.T.);
#3574=EDGE_CURVE('',#4256,#4254,#4257,.T.);
#3575=EDGE_CURVE('',#4258,#4256,#4259,.T.);
#3576=EDGE_CURVE('',#4260,#4258,#4261,.T.);
#3577=EDGE_CURVE('',#4262,#4260,#4263,.T.);
#3578=EDGE_CURVE('',#4264,#4262,#4265,.T.);
#3579=EDGE_CURVE('',#4266,#4264,#4267,.T.);
#3580=EDGE_CURVE('',#4268,#4266,#4269,.T.);
#3581=EDGE_CURVE('',#4270,#4268,#4271,.T.);
#3582=EDGE_CURVE('',#4272,#4270,#4273,.T.);
#3583=EDGE_CURVE('',#4274,#4272,#4275,.T.);
#3584=EDGE_CURVE('',#4276,#4274,#4277,.T.);
#3585=EDGE_CURVE('',#4278,#4276,#4279,.T.);
#3586=EDGE_CURVE('',#4280,#4278,#4281,.T.);
#3587=EDGE_CURVE('',#4282,#4280,#4283,.T.);
#3588=EDGE_CURVE('',#4284,#4282,#4285,.T.);
#3589=EDGE_CURVE('',#4286,#4284,#4287,.T.);
#3590=EDGE_CURVE('',#4288,#4286,#4289,.T.);
#3591=EDGE_CURVE('',#4290,#4288,#4291,.T.);
#3592=EDGE_CURVE('',#4292,#4290,#4293,.T.);
#3593=EDGE_CURVE('',#4294,#4292,#4295,.T.);
#3594=EDGE_CURVE('',#4296,#4294,#4297,.T.);
#3595=EDGE_CURVE('',#4298,#4296,#4299,.T.);
#3596=EDGE_CURVE('',#4300,#4298,#4301,.T.);
#3597=EDGE_CURVE('',#4302,#4300,#4303,.T.);
#3598=EDGE_CURVE('',#4304,#4302,#4305,.T.);
#3599=EDGE_CURVE('',#4306,#4304,#4307,.T.);
#3600=EDGE_CURVE('',#4238,#4306,#4308,.T.);
#3601=EDGE_CURVE('',#4309,#4237,#4310,.T.);
#3602=EDGE_CURVE('',#4309,#4311,#4312,.T.);
#3603=EDGE_CURVE('',#4240,#4311,#4313,.T.);
#3604=EDGE_CURVE('',#4314,#4315,#4316,.T.);
#3605=EDGE_CURVE('',#4314,#4317,#4318,.T.);
#3606=EDGE_CURVE('',#4319,#4317,#4320,.T.);
#3607=EDGE_CURVE('',#4321,#4319,#4322,.T.);
#3608=EDGE_CURVE('',#4323,#4321,#4324,.T.);
#3609=EDGE_CURVE('',#4325,#4323,#4326,.T.);
#3610=EDGE_CURVE('',#4327,#4325,#4328,.T.);
#3611=EDGE_CURVE('',#4329,#4327,#4330,.T.);
#3612=EDGE_CURVE('',#4331,#4329,#4332,.T.);
#3613=EDGE_CURVE('',#4333,#4331,#4334,.T.);
#3614=EDGE_CURVE('',#4335,#4333,#4336,.T.);
#3615=EDGE_CURVE('',#4337,#4335,#4338,.T.);
#3616=EDGE_CURVE('',#4339,#4337,#4340,.T.);
#3617=EDGE_CURVE('',#4341,#4339,#4342,.T.);
#3618=EDGE_CURVE('',#4343,#4341,#4344,.T.);
#3619=EDGE_CURVE('',#4345,#4343,#4346,.T.);
#3620=EDGE_CURVE('',#4347,#4345,#4348,.T.);
#3621=EDGE_CURVE('',#4349,#4347,#4350,.T.);
#3622=EDGE_CURVE('',#4351,#4349,#4352,.T.);
#3623=EDGE_CURVE('',#4353,#4351,#4354,.T.);
#3624=EDGE_CURVE('',#4355,#4353,#4356,.T.);
#3625=EDGE_CURVE('',#4357,#4355,#4358,.T.);
#3626=EDGE_CURVE('',#4359,#4357,#4360,.T.);
#3627=EDGE_CURVE('',#4361,#4359,#4362,.T.);
#3628=EDGE_CURVE('',#4363,#4361,#4364,.T.);
#3629=EDGE_CURVE('',#4365,#4363,#4366,.T.);
#3630=EDGE_CURVE('',#4367,#4365,#4368,.T.);
#3631=EDGE_CURVE('',#4369,#4367,#4370,.T.);
#3632=EDGE_CURVE('',#4371,#4369,#4372,.T.);
#3633=EDGE_CURVE('',#4373,#4371,#4374,.T.);
#3634=EDGE_CURVE('',#4375,#4373,#4376,.T.);
#3635=EDGE_CURVE('',#4377,#4375,#4378,.T.);
#3636=EDGE_CURVE('',#4379,#4377,#4380,.T.);
#3637=EDGE_CURVE('',#4381,#4379,#4382,.T.);
#3638=EDGE_CURVE('',#4383,#4381,#4384,.T.);
#3639=EDGE_CURVE('',#4315,#4383,#4385,.T.);
#3640=EDGE_CURVE('',#4386,#4314,#4387,.T.);
#3641=EDGE_CURVE('',#4386,#4388,#4389,.T.);
#3642=EDGE_CURVE('',#4317,#4388,#4390,.T.);
#3643=EDGE_CURVE('',#4391,#4392,#4393,.T.);
#3644=EDGE_CURVE('',#4394,#4391,#4395,.T.);
#3645=EDGE_CURVE('',#4396,#4394,#4397,.T.);
#3646=EDGE_CURVE('',#4392,#4396,#4398,.T.);
#3647=EDGE_CURVE('',#4399,#4400,#4401,.T.);
#3648=EDGE_CURVE('',#4402,#4399,#4403,.T.);
#3649=EDGE_CURVE('',#4404,#4402,#4405,.T.);
#3650=EDGE_CURVE('',#4400,#4404,#4406,.T.);
#3651=EDGE_CURVE('',#4404,#4400,#4407,.T.);
#3652=EDGE_CURVE('',#4399,#4402,#4408,.T.);
#3653=EDGE_CURVE('',#4396,#4392,#4409,.T.);
#3654=EDGE_CURVE('',#4391,#4394,#4410,.T.);
#3655=EDGE_CURVE('',#4411,#4331,#4412,.T.);
#3656=EDGE_CURVE('',#4413,#4411,#4414,.T.);
#3657=EDGE_CURVE('',#4415,#4413,#4416,.T.);
#3658=EDGE_CURVE('',#4417,#4415,#4418,.T.);
#3659=EDGE_CURVE('',#4333,#4417,#4419,.T.);
#3660=EDGE_CURVE('',#4420,#4335,#4421,.T.);
#3661=EDGE_CURVE('',#4422,#4420,#4423,.T.);
#3662=EDGE_CURVE('',#4424,#4422,#4425,.T.);
#3663=EDGE_CURVE('',#4426,#4424,#4427,.T.);
#3664=EDGE_CURVE('',#4337,#4426,#4428,.T.);
#3665=EDGE_CURVE('',#4429,#4339,#4430,.T.);
#3666=EDGE_CURVE('',#4431,#4429,#4432,.T.);
#3667=EDGE_CURVE('',#4433,#4431,#4434,.T.);
#3668=EDGE_CURVE('',#4435,#4433,#4436,.T.);
#3669=EDGE_CURVE('',#4341,#4435,#4437,.T.);
#3670=EDGE_CURVE('',#4438,#4343,#4439,.T.);
#3671=EDGE_CURVE('',#4440,#4438,#4441,.T.);
#3672=EDGE_CURVE('',#4442,#4440,#4443,.T.);
#3673=EDGE_CURVE('',#4444,#4442,#4445,.T.);
#3674=EDGE_CURVE('',#4345,#4444,#4446,.T.);
#3675=EDGE_CURVE('',#4447,#4347,#4448,.T.);
#3676=EDGE_CURVE('',#4449,#4447,#4450,.T.);
#3677=EDGE_CURVE('',#4451,#4449,#4452,.T.);
#3678=EDGE_CURVE('',#4453,#4451,#4454,.T.);
#3679=EDGE_CURVE('',#4349,#4453,#4455,.T.);
#3680=EDGE_CURVE('',#4456,#4351,#4457,.T.);
#3681=EDGE_CURVE('',#4458,#4456,#4459,.T.);
#3682=EDGE_CURVE('',#4460,#4458,#4461,.T.);
#3683=EDGE_CURVE('',#4462,#4460,#4463,.T.);
#3684=EDGE_CURVE('',#4353,#4462,#4464,.T.);
#3685=EDGE_CURVE('',#4465,#4355,#4466,.T.);
#3686=EDGE_CURVE('',#4467,#4465,#4468,.T.);
#3687=EDGE_CURVE('',#4469,#4467,#4470,.T.);
#3688=EDGE_CURVE('',#4471,#4469,#4472,.T.);
#3689=EDGE_CURVE('',#4357,#4471,#4473,.T.);
#3690=EDGE_CURVE('',#4474,#4359,#4475,.T.);
#3691=EDGE_CURVE('',#4476,#4474,#4477,.T.);
#3692=EDGE_CURVE('',#4478,#4476,#4479,.T.);
#3693=EDGE_CURVE('',#4480,#4478,#4481,.T.);
#3694=EDGE_CURVE('',#4361,#4480,#4482,.T.);
#3695=EDGE_CURVE('',#4483,#4363,#4484,.T.);
#3696=EDGE_CURVE('',#4485,#4483,#4486,.T.);
#3697=EDGE_CURVE('',#4487,#4485,#4488,.T.);
#3698=EDGE_CURVE('',#4489,#4487,#4490,.T.);
#3699=EDGE_CURVE('',#4365,#4489,#4491,.T.);
#3700=EDGE_CURVE('',#4492,#4367,#4493,.T.);
#3701=EDGE_CURVE('',#4494,#4492,#4495,.T.);
#3702=EDGE_CURVE('',#4496,#4494,#4497,.T.);
#3703=EDGE_CURVE('',#4498,#4496,#4499,.T.);
#3704=EDGE_CURVE('',#4369,#4498,#4500,.T.);
#3705=EDGE_CURVE('',#4501,#4371,#4502,.T.);
#3706=EDGE_CURVE('',#4503,#4501,#4504,.T.);
#3707=EDGE_CURVE('',#4505,#4503,#4506,.T.);
#3708=EDGE_CURVE('',#4507,#4505,#4508,.T.);
#3709=EDGE_CURVE('',#4373,#4507,#4509,.T.);
#3710=EDGE_CURVE('',#4510,#4375,#4511,.T.);
#3711=EDGE_CURVE('',#4512,#4510,#4513,.T.);
#3712=EDGE_CURVE('',#4514,#4512,#4515,.T.);
#3713=EDGE_CURVE('',#4516,#4514,#4517,.T.);
#3714=EDGE_CURVE('',#4377,#4516,#4518,.T.);
#3715=EDGE_CURVE('',#4519,#4379,#4520,.T.);
#3716=EDGE_CURVE('',#4521,#4519,#4522,.T.);
#3717=EDGE_CURVE('',#4523,#4521,#4524,.T.);
#3718=EDGE_CURVE('',#4525,#4523,#4526,.T.);
#3719=EDGE_CURVE('',#4381,#4525,#4527,.T.);
#3720=EDGE_CURVE('',#4528,#4383,#4529,.T.);
#3721=EDGE_CURVE('',#4530,#4528,#4531,.T.);
#3722=EDGE_CURVE('',#4532,#4530,#4533,.T.);
#3723=EDGE_CURVE('',#4534,#4532,#4535,.T.);
#3724=EDGE_CURVE('',#4536,#4534,#4537,.T.);
#3725=EDGE_CURVE('',#4536,#4315,#4538,.T.);
#3726=EDGE_CURVE('',#4539,#4540,#4541,.T.);
#3727=EDGE_CURVE('',#4542,#4539,#4543,.T.);
#3728=EDGE_CURVE('',#4544,#4542,#4545,.T.);
#3729=EDGE_CURVE('',#4546,#4544,#4547,.T.);
#3730=EDGE_CURVE('',#4548,#4546,#4549,.T.);
#3731=EDGE_CURVE('',#4548,#4540,#4550,.T.);
#3732=EDGE_CURVE('',#4551,#4552,#4553,.T.);
#3733=EDGE_CURVE('',#4554,#4551,#4555,.T.);
#3734=EDGE_CURVE('',#4556,#4554,#4557,.T.);
#3735=EDGE_CURVE('',#4558,#4556,#4559,.T.);
#3736=EDGE_CURVE('',#4560,#4558,#4561,.T.);
#3737=EDGE_CURVE('',#4560,#4552,#4562,.T.);
#3738=EDGE_CURVE('',#4563,#4564,#4565,.T.);
#3739=EDGE_CURVE('',#4563,#4566,#4567,.T.);
#3740=EDGE_CURVE('',#4568,#4566,#4569,.T.);
#3741=EDGE_CURVE('',#4570,#4568,#4571,.T.);
#3742=EDGE_CURVE('',#4572,#4570,#4573,.T.);
#3743=EDGE_CURVE('',#4564,#4572,#4574,.T.);
#3744=EDGE_CURVE('',#4575,#4576,#4577,.T.);
#3745=EDGE_CURVE('',#4575,#4578,#4579,.T.);
#3746=EDGE_CURVE('',#4580,#4578,#4581,.T.);
#3747=EDGE_CURVE('',#4582,#4580,#4583,.T.);
#3748=EDGE_CURVE('',#4584,#4582,#4585,.T.);
#3749=EDGE_CURVE('',#4576,#4584,#4586,.T.);
#3750=EDGE_CURVE('',#4587,#4588,#4589,.T.);
#3751=EDGE_CURVE('',#4587,#4590,#4591,.T.);
#3752=EDGE_CURVE('',#4592,#4590,#4593,.T.);
#3753=EDGE_CURVE('',#4594,#4592,#4595,.T.);
#3754=EDGE_CURVE('',#4596,#4594,#4597,.T.);
#3755=EDGE_CURVE('',#4588,#4596,#4598,.T.);
#3756=EDGE_CURVE('',#4599,#4600,#4601,.T.);
#3757=EDGE_CURVE('',#4599,#4602,#4603,.T.);
#3758=EDGE_CURVE('',#4604,#4602,#4605,.T.);
#3759=EDGE_CURVE('',#4606,#4604,#4607,.T.);
#3760=EDGE_CURVE('',#4608,#4606,#4609,.T.);
#3761=EDGE_CURVE('',#4600,#4608,#4610,.T.);
#3762=EDGE_CURVE('',#4611,#4612,#4613,.T.);
#3763=EDGE_CURVE('',#4611,#4614,#4615,.T.);
#3764=EDGE_CURVE('',#4616,#4614,#4617,.T.);
#3765=EDGE_CURVE('',#4618,#4616,#4619,.T.);
#3766=EDGE_CURVE('',#4620,#4618,#4621,.T.);
#3767=EDGE_CURVE('',#4612,#4620,#4622,.T.);
#3768=EDGE_CURVE('',#4623,#4624,#4625,.T.);
#3769=EDGE_CURVE('',#4623,#4626,#4627,.T.);
#3770=EDGE_CURVE('',#4628,#4626,#4629,.T.);
#3771=EDGE_CURVE('',#4630,#4628,#4631,.T.);
#3772=EDGE_CURVE('',#4632,#4630,#4633,.T.);
#3773=EDGE_CURVE('',#4624,#4632,#4634,.T.);
#3774=EDGE_CURVE('',#4635,#4636,#4637,.T.);
#3775=EDGE_CURVE('',#4635,#4638,#4639,.T.);
#3776=EDGE_CURVE('',#4640,#4638,#4641,.T.);
#3777=EDGE_CURVE('',#4642,#4640,#4643,.T.);
#3778=EDGE_CURVE('',#4644,#4642,#4645,.T.);
#3779=EDGE_CURVE('',#4636,#4644,#4646,.T.);
#3780=EDGE_CURVE('',#4647,#4648,#4649,.T.);
#3781=EDGE_CURVE('',#4647,#4650,#4651,.T.);
#3782=EDGE_CURVE('',#4652,#4650,#4653,.T.);
#3783=EDGE_CURVE('',#4654,#4652,#4655,.T.);
#3784=EDGE_CURVE('',#4656,#4654,#4657,.T.);
#3785=EDGE_CURVE('',#4648,#4656,#4658,.T.);
#3786=EDGE_CURVE('',#4659,#4660,#4661,.T.);
#3787=EDGE_CURVE('',#4659,#4662,#4663,.T.);
#3788=EDGE_CURVE('',#4664,#4662,#4665,.T.);
#3789=EDGE_CURVE('',#4666,#4664,#4667,.T.);
#3790=EDGE_CURVE('',#4668,#4666,#4669,.T.);
#3791=EDGE_CURVE('',#4660,#4668,#4670,.T.);
#3792=EDGE_CURVE('',#4671,#4672,#4673,.T.);
#3793=EDGE_CURVE('',#4671,#4674,#4675,.T.);
#3794=EDGE_CURVE('',#4676,#4674,#4677,.T.);
#3795=EDGE_CURVE('',#4678,#4676,#4679,.T.);
#3796=EDGE_CURVE('',#4680,#4678,#4681,.T.);
#3797=EDGE_CURVE('',#4672,#4680,#4682,.T.);
#3798=EDGE_CURVE('',#4683,#4684,#4685,.T.);
#3799=EDGE_CURVE('',#4683,#4686,#4687,.T.);
#3800=EDGE_CURVE('',#4688,#4686,#4689,.T.);
#3801=EDGE_CURVE('',#4690,#4688,#4691,.T.);
#3802=EDGE_CURVE('',#4692,#4690,#4693,.T.);
#3803=EDGE_CURVE('',#4684,#4692,#4694,.T.);
#3804=EDGE_CURVE('',#4695,#4696,#4697,.T.);
#3805=EDGE_CURVE('',#4695,#4698,#4699,.T.);
#3806=EDGE_CURVE('',#4700,#4698,#4701,.T.);
#3807=EDGE_CURVE('',#4702,#4700,#4703,.T.);
#3808=EDGE_CURVE('',#4704,#4702,#4705,.T.);
#3809=EDGE_CURVE('',#4696,#4704,#4706,.T.);
#3810=EDGE_CURVE('',#4707,#4708,#4709,.T.);
#3811=EDGE_CURVE('',#4707,#4710,#4711,.T.);
#3812=EDGE_CURVE('',#4712,#4710,#4713,.T.);
#3813=EDGE_CURVE('',#4714,#4712,#4715,.T.);
#3814=EDGE_CURVE('',#4716,#4714,#4717,.T.);
#3815=EDGE_CURVE('',#4708,#4716,#4718,.T.);
#3816=EDGE_CURVE('',#4321,#4719,#4720,.T.);
#3817=EDGE_CURVE('',#4319,#4721,#4722,.T.);
#3818=EDGE_CURVE('',#4723,#4721,#4724,.T.);
#3819=EDGE_CURVE('',#4725,#4723,#4726,.T.);
#3820=EDGE_CURVE('',#4727,#4725,#4728,.T.);
#3821=EDGE_CURVE('',#4719,#4727,#4729,.T.);
#3822=EDGE_CURVE('',#4325,#4730,#4731,.T.);
#3823=EDGE_CURVE('',#4732,#4323,#4733,.T.);
#3824=EDGE_CURVE('',#4734,#4732,#4735,.T.);
#3825=EDGE_CURVE('',#4736,#4734,#4737,.T.);
#3826=EDGE_CURVE('',#4730,#4736,#4738,.T.);
#3827=EDGE_CURVE('',#4317,#4314,#4739,.T.);
#3828=EDGE_CURVE('',#4388,#4386,#4740,.T.);
#3829=EDGE_CURVE('',#4540,#4536,#4741,.T.);
#3830=EDGE_CURVE('',#4552,#4548,#4742,.T.);
#3831=EDGE_CURVE('',#4566,#4560,#4743,.T.);
#3832=EDGE_CURVE('',#4578,#4563,#4744,.T.);
#3833=EDGE_CURVE('',#4590,#4575,#4745,.T.);
#3834=EDGE_CURVE('',#4602,#4587,#4746,.T.);
#3835=EDGE_CURVE('',#4614,#4599,#4747,.T.);
#3836=EDGE_CURVE('',#4626,#4611,#4748,.T.);
#3837=EDGE_CURVE('',#4638,#4623,#4749,.T.);
#3838=EDGE_CURVE('',#4650,#4635,#4750,.T.);
#3839=EDGE_CURVE('',#4662,#4647,#4751,.T.);
#3840=EDGE_CURVE('',#4674,#4659,#4752,.T.);
#3841=EDGE_CURVE('',#4686,#4671,#4753,.T.);
#3842=EDGE_CURVE('',#4698,#4683,#4754,.T.);
#3843=EDGE_CURVE('',#4710,#4695,#4755,.T.);
#3844=EDGE_CURVE('',#4721,#4707,#4756,.T.);
#3845=EDGE_CURVE('',#4329,#4757,#4758,.T.);
#3846=EDGE_CURVE('',#4759,#4327,#4760,.T.);
#3847=EDGE_CURVE('',#4761,#4759,#4762,.T.);
#3848=EDGE_CURVE('',#4763,#4761,#4764,.T.);
#3849=EDGE_CURVE('',#4757,#4763,#4765,.T.);
#3850=EDGE_CURVE('',#4766,#4763,#4767,.T.);
#3851=EDGE_CURVE('',#4766,#4768,#4769,.T.);
#3852=EDGE_CURVE('',#4768,#4757,#4770,.T.);
#3853=EDGE_CURVE('',#4771,#4761,#4772,.T.);
#3854=EDGE_CURVE('',#4771,#4766,#4773,.T.);
#3855=EDGE_CURVE('',#4774,#4759,#4775,.T.);
#3856=EDGE_CURVE('',#4774,#4771,#4776,.T.);
#3857=EDGE_CURVE('',#4777,#4327,#4778,.T.);
#3858=EDGE_CURVE('',#4777,#4774,#4779,.T.);
#3859=EDGE_CURVE('',#4325,#4780,#4781,.T.);
#3860=EDGE_CURVE('',#4780,#4777,#4782,.T.);
#3861=EDGE_CURVE('',#4783,#4730,#4784,.T.);
#3862=EDGE_CURVE('',#4783,#4780,#4785,.T.);
#3863=EDGE_CURVE('',#4786,#4736,#4787,.T.);
#3864=EDGE_CURVE('',#4786,#4783,#4788,.T.);
#3865=EDGE_CURVE('',#4789,#4734,#4790,.T.);
#3866=EDGE_CURVE('',#4789,#4786,#4791,.T.);
#3867=EDGE_CURVE('',#4792,#4732,#4793,.T.);
#3868=EDGE_CURVE('',#4792,#4789,#4794,.T.);
#3869=EDGE_CURVE('',#4795,#4323,#4796,.T.);
#3870=EDGE_CURVE('',#4795,#4792,#4797,.T.);
#3871=EDGE_CURVE('',#4321,#4798,#4799,.T.);
#3872=EDGE_CURVE('',#4798,#4795,#4800,.T.);
#3873=EDGE_CURVE('',#4801,#4719,#4802,.T.);
#3874=EDGE_CURVE('',#4801,#4798,#4803,.T.);
#3875=EDGE_CURVE('',#4804,#4727,#4805,.T.);
#3876=EDGE_CURVE('',#4804,#4801,#4806,.T.);
#3877=EDGE_CURVE('',#4807,#4725,#4808,.T.);
#3878=EDGE_CURVE('',#4807,#4804,#4809,.T.);
#3879=EDGE_CURVE('',#4810,#4723,#4811,.T.);
#3880=EDGE_CURVE('',#4810,#4807,#4812,.T.);
#3881=EDGE_CURVE('',#4244,#4721,#4813,.T.);
#3882=EDGE_CURVE('',#4244,#4810,#4814,.T.);
#3883=EDGE_CURVE('',#4707,#4246,#4815,.T.);
#3884=EDGE_CURVE('',#4816,#4708,#4817,.T.);
#3885=EDGE_CURVE('',#4816,#4246,#4818,.T.);
#3886=EDGE_CURVE('',#4819,#4716,#4820,.T.);
#3887=EDGE_CURVE('',#4819,#4816,#4821,.T.);
#3888=EDGE_CURVE('',#4822,#4714,#4823,.T.);
#3889=EDGE_CURVE('',#4822,#4819,#4824,.T.);
#3890=EDGE_CURVE('',#4825,#4712,#4826,.T.);
#3891=EDGE_CURVE('',#4825,#4822,#4827,.T.);
#3892=EDGE_CURVE('',#4248,#4710,#4828,.T.);
#3893=EDGE_CURVE('',#4248,#4825,#4829,.T.);
#3894=EDGE_CURVE('',#4695,#4250,#4830,.T.);
#3895=EDGE_CURVE('',#4831,#4696,#4832,.T.);
#3896=EDGE_CURVE('',#4831,#4250,#4833,.T.);
#3897=EDGE_CURVE('',#4834,#4704,#4835,.T.);
#3898=EDGE_CURVE('',#4834,#4831,#4836,.T.);
#3899=EDGE_CURVE('',#4837,#4702,#4838,.T.);
#3900=EDGE_CURVE('',#4837,#4834,#4839,.T.);
#3901=EDGE_CURVE('',#4840,#4700,#4841,.T.);
#3902=EDGE_CURVE('',#4840,#4837,#4842,.T.);
#3903=EDGE_CURVE('',#4252,#4698,#4843,.T.);
#3904=EDGE_CURVE('',#4252,#4840,#4844,.T.);
#3905=EDGE_CURVE('',#4683,#4254,#4845,.T.);
#3906=EDGE_CURVE('',#4846,#4684,#4847,.T.);
#3907=EDGE_CURVE('',#4846,#4254,#4848,.T.);
#3908=EDGE_CURVE('',#4849,#4692,#4850,.T.);
#3909=EDGE_CURVE('',#4849,#4846,#4851,.T.);
#3910=EDGE_CURVE('',#4852,#4690,#4853,.T.);
#3911=EDGE_CURVE('',#4852,#4849,#4854,.T.);
#3912=EDGE_CURVE('',#4855,#4688,#4856,.T.);
#3913=EDGE_CURVE('',#4855,#4852,#4857,.T.);
#3914=EDGE_CURVE('',#4256,#4686,#4858,.T.);
#3915=EDGE_CURVE('',#4256,#4855,#4859,.T.);
#3916=EDGE_CURVE('',#4671,#4258,#4860,.T.);
#3917=EDGE_CURVE('',#4861,#4672,#4862,.T.);
#3918=EDGE_CURVE('',#4861,#4258,#4863,.T.);
#3919=EDGE_CURVE('',#4864,#4680,#4865,.T.);
#3920=EDGE_CURVE('',#4864,#4861,#4866,.T.);
#3921=EDGE_CURVE('',#4867,#4678,#4868,.T.);
#3922=EDGE_CURVE('',#4867,#4864,#4869,.T.);
#3923=EDGE_CURVE('',#4870,#4676,#4871,.T.);
#3924=EDGE_CURVE('',#4870,#4867,#4872,.T.);
#3925=EDGE_CURVE('',#4260,#4674,#4873,.T.);
#3926=EDGE_CURVE('',#4260,#4870,#4874,.T.);
#3927=EDGE_CURVE('',#4659,#4262,#4875,.T.);
#3928=EDGE_CURVE('',#4876,#4660,#4877,.T.);
#3929=EDGE_CURVE('',#4876,#4262,#4878,.T.);
#3930=EDGE_CURVE('',#4879,#4668,#4880,.T.);
#3931=EDGE_CURVE('',#4879,#4876,#4881,.T.);
#3932=EDGE_CURVE('',#4882,#4666,#4883,.T.);
#3933=EDGE_CURVE('',#4882,#4879,#4884,.T.);
#3934=EDGE_CURVE('',#4885,#4664,#4886,.T.);
#3935=EDGE_CURVE('',#4885,#4882,#4887,.T.);
#3936=EDGE_CURVE('',#4264,#4662,#4888,.T.);
#3937=EDGE_CURVE('',#4264,#4885,#4889,.T.);
#3938=EDGE_CURVE('',#4647,#4266,#4890,.T.);
#3939=EDGE_CURVE('',#4891,#4648,#4892,.T.);
#3940=EDGE_CURVE('',#4891,#4266,#4893,.T.);
#3941=EDGE_CURVE('',#4894,#4656,#4895,.T.);
#3942=EDGE_CURVE('',#4894,#4891,#4896,.T.);
#3943=EDGE_CURVE('',#4897,#4654,#4898,.T.);
#3944=EDGE_CURVE('',#4897,#4894,#4899,.T.);
#3945=EDGE_CURVE('',#4900,#4652,#4901,.T.);
#3946=EDGE_CURVE('',#4900,#4897,#4902,.T.);
#3947=EDGE_CURVE('',#4268,#4650,#4903,.T.);
#3948=EDGE_CURVE('',#4268,#4900,#4904,.T.);
#3949=EDGE_CURVE('',#4635,#4270,#4905,.T.);
#3950=EDGE_CURVE('',#4906,#4636,#4907,.T.);
#3951=EDGE_CURVE('',#4906,#4270,#4908,.T.);
#3952=EDGE_CURVE('',#4909,#4644,#4910,.T.);
#3953=EDGE_CURVE('',#4909,#4906,#4911,.T.);
#3954=EDGE_CURVE('',#4912,#4642,#4913,.T.);
#3955=EDGE_CURVE('',#4912,#4909,#4914,.T.);
#3956=EDGE_CURVE('',#4915,#4640,#4916,.T.);
#3957=EDGE_CURVE('',#4915,#4912,#4917,.T.);
#3958=EDGE_CURVE('',#4272,#4638,#4918,.T.);
#3959=EDGE_CURVE('',#4272,#4915,#4919,.T.);
#3960=EDGE_CURVE('',#4623,#4274,#4920,.T.);
#3961=EDGE_CURVE('',#4921,#4624,#4922,.T.);
#3962=EDGE_CURVE('',#4921,#4274,#4923,.T.);
#3963=EDGE_CURVE('',#4924,#4632,#4925,.T.);
#3964=EDGE_CURVE('',#4924,#4921,#4926,.T.);
#3965=EDGE_CURVE('',#4927,#4630,#4928,.T.);
#3966=EDGE_CURVE('',#4927,#4924,#4929,.T.);
#3967=EDGE_CURVE('',#4930,#4628,#4931,.T.);
#3968=EDGE_CURVE('',#4930,#4927,#4932,.T.);
#3969=EDGE_CURVE('',#4276,#4626,#4933,.T.);
#3970=EDGE_CURVE('',#4276,#4930,#4934,.T.);
#3971=EDGE_CURVE('',#4611,#4278,#4935,.T.);
#3972=EDGE_CURVE('',#4936,#4612,#4937,.T.);
#3973=EDGE_CURVE('',#4936,#4278,#4938,.T.);
#3974=EDGE_CURVE('',#4939,#4620,#4940,.T.);
#3975=EDGE_CURVE('',#4939,#4936,#4941,.T.);
#3976=EDGE_CURVE('',#4942,#4618,#4943,.T.);
#3977=EDGE_CURVE('',#4942,#4939,#4944,.T.);
#3978=EDGE_CURVE('',#4945,#4616,#4946,.T.);
#3979=EDGE_CURVE('',#4945,#4942,#4947,.T.);
#3980=EDGE_CURVE('',#4280,#4614,#4948,.T.);
#3981=EDGE_CURVE('',#4280,#4945,#4949,.T.);
#3982=EDGE_CURVE('',#4599,#4282,#4950,.T.);
#3983=EDGE_CURVE('',#4951,#4600,#4952,.T.);
#3984=EDGE_CURVE('',#4951,#4282,#4953,.T.);
#3985=EDGE_CURVE('',#4954,#4608,#4955,.T.);
#3986=EDGE_CURVE('',#4954,#4951,#4956,.T.);
#3987=EDGE_CURVE('',#4957,#4606,#4958,.T.);
#3988=EDGE_CURVE('',#4957,#4954,#4959,.T.);
#3989=EDGE_CURVE('',#4960,#4604,#4961,.T.);
#3990=EDGE_CURVE('',#4960,#4957,#4962,.T.);
#3991=EDGE_CURVE('',#4284,#4602,#4963,.T.);
#3992=EDGE_CURVE('',#4284,#4960,#4964,.T.);
#3993=EDGE_CURVE('',#4587,#4286,#4965,.T.);
#3994=EDGE_CURVE('',#4966,#4588,#4967,.T.);
#3995=EDGE_CURVE('',#4966,#4286,#4968,.T.);
#3996=EDGE_CURVE('',#4969,#4596,#4970,.T.);
#3997=EDGE_CURVE('',#4969,#4966,#4971,.T.);
#3998=EDGE_CURVE('',#4972,#4594,#4973,.T.);
#3999=EDGE_CURVE('',#4972,#4969,#4974,.T.);
#4000=EDGE_CURVE('',#4975,#4592,#4976,.T.);
#4001=EDGE_CURVE('',#4975,#4972,#4977,.T.);
#4002=EDGE_CURVE('',#4288,#4590,#4978,.T.);
#4003=EDGE_CURVE('',#4288,#4975,#4979,.T.);
#4004=EDGE_CURVE('',#4575,#4290,#4980,.T.);
#4005=EDGE_CURVE('',#4981,#4576,#4982,.T.);
#4006=EDGE_CURVE('',#4981,#4290,#4983,.T.);
#4007=EDGE_CURVE('',#4984,#4584,#4985,.T.);
#4008=EDGE_CURVE('',#4984,#4981,#4986,.T.);
#4009=EDGE_CURVE('',#4987,#4582,#4988,.T.);
#4010=EDGE_CURVE('',#4987,#4984,#4989,.T.);
#4011=EDGE_CURVE('',#4990,#4580,#4991,.T.);
#4012=EDGE_CURVE('',#4990,#4987,#4992,.T.);
#4013=EDGE_CURVE('',#4292,#4578,#4993,.T.);
#4014=EDGE_CURVE('',#4292,#4990,#4994,.T.);
#4015=EDGE_CURVE('',#4563,#4294,#4995,.T.);
#4016=EDGE_CURVE('',#4996,#4564,#4997,.T.);
#4017=EDGE_CURVE('',#4996,#4294,#4998,.T.);
#4018=EDGE_CURVE('',#4999,#4572,#5000,.T.);
#4019=EDGE_CURVE('',#4999,#4996,#5001,.T.);
#4020=EDGE_CURVE('',#5002,#4570,#5003,.T.);
#4021=EDGE_CURVE('',#5002,#4999,#5004,.T.);
#4022=EDGE_CURVE('',#5005,#4568,#5006,.T.);
#4023=EDGE_CURVE('',#5005,#5002,#5007,.T.);
#4024=EDGE_CURVE('',#4296,#4566,#5008,.T.);
#4025=EDGE_CURVE('',#4296,#5005,#5009,.T.);
#4026=EDGE_CURVE('',#4560,#4298,#5010,.T.);
#4027=EDGE_CURVE('',#5011,#4558,#5012,.T.);
#4028=EDGE_CURVE('',#5011,#4298,#5013,.T.);
#4029=EDGE_CURVE('',#4242,#4798,#5014,.T.);
#4030=EDGE_CURVE('',#5015,#5011,#5016,.T.);
#4031=EDGE_CURVE('',#5017,#5015,#5018,.T.);
#4032=EDGE_CURVE('',#5019,#5017,#5020,.T.);
#4033=EDGE_CURVE('',#4300,#5019,#5021,.T.);
#4034=EDGE_CURVE('',#4304,#5022,#5023,.T.);
#4035=EDGE_CURVE('',#5024,#4302,#5025,.T.);
#4036=EDGE_CURVE('',#5026,#5024,#5027,.T.);
#4037=EDGE_CURVE('',#5028,#5026,#5029,.T.);
#4038=EDGE_CURVE('',#5022,#5028,#5030,.T.);
#4039=EDGE_CURVE('',#5031,#5032,#5033,.T.);
#4040=EDGE_CURVE('',#5031,#4238,#5034,.T.);
#4041=EDGE_CURVE('',#5035,#4306,#5036,.T.);
#4042=EDGE_CURVE('',#5037,#5035,#5038,.T.);
#4043=EDGE_CURVE('',#5039,#5037,#5040,.T.);
#4044=EDGE_CURVE('',#5032,#5039,#5041,.T.);
#4045=EDGE_CURVE('',#5042,#5043,#5044,.T.);
#4046=EDGE_CURVE('',#5042,#5045,#5046,.T.);
#4047=EDGE_CURVE('',#5047,#5045,#5048,.T.);
#4048=EDGE_CURVE('',#5049,#5047,#5050,.T.);
#4049=EDGE_CURVE('',#5051,#5049,#5052,.T.);
#4050=EDGE_CURVE('',#5043,#5051,#5053,.T.);
#4051=EDGE_CURVE('',#5054,#5055,#5056,.T.);
#4052=EDGE_CURVE('',#5054,#5057,#5058,.T.);
#4053=EDGE_CURVE('',#5059,#5057,#5060,.T.);
#4054=EDGE_CURVE('',#5061,#5059,#5062,.T.);
#4055=EDGE_CURVE('',#5063,#5061,#5064,.T.);
#4056=EDGE_CURVE('',#5055,#5063,#5065,.T.);
#4057=EDGE_CURVE('',#5066,#5067,#5068,.T.);
#4058=EDGE_CURVE('',#5066,#5069,#5070,.T.);
#4059=EDGE_CURVE('',#5071,#5069,#5072,.T.);
#4060=EDGE_CURVE('',#5073,#5071,#5074,.T.);
#4061=EDGE_CURVE('',#5075,#5073,#5076,.T.);
#4062=EDGE_CURVE('',#5067,#5075,#5077,.T.);
#4063=EDGE_CURVE('',#5078,#5079,#5080,.T.);
#4064=EDGE_CURVE('',#5078,#5081,#5082,.T.);
#4065=EDGE_CURVE('',#5083,#5081,#5084,.T.);
#4066=EDGE_CURVE('',#5085,#5083,#5086,.T.);
#4067=EDGE_CURVE('',#5087,#5085,#5088,.T.);
#4068=EDGE_CURVE('',#5079,#5087,#5089,.T.);
#4069=EDGE_CURVE('',#5090,#5091,#5092,.T.);
#4070=EDGE_CURVE('',#5090,#5093,#5094,.T.);
#4071=EDGE_CURVE('',#5095,#5093,#5096,.T.);
#4072=EDGE_CURVE('',#5097,#5095,#5098,.T.);
#4073=EDGE_CURVE('',#5099,#5097,#5100,.T.);
#4074=EDGE_CURVE('',#5091,#5099,#5101,.T.);
#4075=EDGE_CURVE('',#5102,#5103,#5104,.T.);
#4076=EDGE_CURVE('',#5102,#5105,#5106,.T.);
#4077=EDGE_CURVE('',#5107,#5105,#5108,.T.);
#4078=EDGE_CURVE('',#5109,#5107,#5110,.T.);
#4079=EDGE_CURVE('',#5111,#5109,#5112,.T.);
#4080=EDGE_CURVE('',#5103,#5111,#5113,.T.);
#4081=EDGE_CURVE('',#5114,#5115,#5116,.T.);
#4082=EDGE_CURVE('',#5114,#5117,#5118,.T.);
#4083=EDGE_CURVE('',#5119,#5117,#5120,.T.);
#4084=EDGE_CURVE('',#5121,#5119,#5122,.T.);
#4085=EDGE_CURVE('',#5123,#5121,#5124,.T.);
#4086=EDGE_CURVE('',#5115,#5123,#5125,.T.);
#4087=EDGE_CURVE('',#5126,#5127,#5128,.T.);
#4088=EDGE_CURVE('',#5126,#5129,#5130,.T.);
#4089=EDGE_CURVE('',#5131,#5129,#5132,.T.);
#4090=EDGE_CURVE('',#5133,#5131,#5134,.T.);
#4091=EDGE_CURVE('',#5135,#5133,#5136,.T.);
#4092=EDGE_CURVE('',#5127,#5135,#5137,.T.);
#4093=EDGE_CURVE('',#5138,#5139,#5140,.T.);
#4094=EDGE_CURVE('',#5138,#5141,#5142,.T.);
#4095=EDGE_CURVE('',#5143,#5141,#5144,.T.);
#4096=EDGE_CURVE('',#5145,#5143,#5146,.T.);
#4097=EDGE_CURVE('',#5147,#5145,#5148,.T.);
#4098=EDGE_CURVE('',#5139,#5147,#5149,.T.);
#4099=EDGE_CURVE('',#5150,#5151,#5152,.T.);
#4100=EDGE_CURVE('',#5150,#5153,#5154,.T.);
#4101=EDGE_CURVE('',#5155,#5153,#5156,.T.);
#4102=EDGE_CURVE('',#5157,#5155,#5158,.T.);
#4103=EDGE_CURVE('',#5159,#5157,#5160,.T.);
#4104=EDGE_CURVE('',#5151,#5159,#5161,.T.);
#4105=EDGE_CURVE('',#5162,#5163,#5164,.T.);
#4106=EDGE_CURVE('',#5162,#5165,#5166,.T.);
#4107=EDGE_CURVE('',#5167,#5165,#5168,.T.);
#4108=EDGE_CURVE('',#5169,#5167,#5170,.T.);
#4109=EDGE_CURVE('',#5171,#5169,#5172,.T.);
#4110=EDGE_CURVE('',#5163,#5171,#5173,.T.);
#4111=EDGE_CURVE('',#5174,#5175,#5176,.T.);
#4112=EDGE_CURVE('',#5174,#5177,#5178,.T.);
#4113=EDGE_CURVE('',#5179,#5177,#5180,.T.);
#4114=EDGE_CURVE('',#5181,#5179,#5182,.T.);
#4115=EDGE_CURVE('',#5183,#5181,#5184,.T.);
#4116=EDGE_CURVE('',#5175,#5183,#5185,.T.);
#4117=EDGE_CURVE('',#5186,#5187,#5188,.T.);
#4118=EDGE_CURVE('',#5186,#5189,#5190,.T.);
#4119=EDGE_CURVE('',#5191,#5189,#5192,.T.);
#4120=EDGE_CURVE('',#5193,#5191,#5194,.T.);
#4121=EDGE_CURVE('',#5195,#5193,#5196,.T.);
#4122=EDGE_CURVE('',#5187,#5195,#5197,.T.);
#4123=EDGE_CURVE('',#4777,#5198,#5199,.T.);
#4124=EDGE_CURVE('',#4768,#5198,#5200,.T.);
#4125=EDGE_CURVE('',#4795,#4780,#5201,.T.);
#4126=EDGE_CURVE('',#4240,#4237,#5202,.T.);
#4127=EDGE_CURVE('',#4311,#4309,#5203,.T.);
#4128=EDGE_CURVE('',#5045,#5031,#5204,.T.);
#4129=EDGE_CURVE('',#5057,#5042,#5205,.T.);
#4130=EDGE_CURVE('',#5069,#5054,#5206,.T.);
#4131=EDGE_CURVE('',#5081,#5066,#5207,.T.);
#4132=EDGE_CURVE('',#5093,#5078,#5208,.T.);
#4133=EDGE_CURVE('',#5105,#5090,#5209,.T.);
#4134=EDGE_CURVE('',#5117,#5102,#5210,.T.);
#4135=EDGE_CURVE('',#5129,#5114,#5211,.T.);
#4136=EDGE_CURVE('',#5141,#5126,#5212,.T.);
#4137=EDGE_CURVE('',#5153,#5138,#5213,.T.);
#4138=EDGE_CURVE('',#5165,#5150,#5214,.T.);
#4139=EDGE_CURVE('',#5177,#5162,#5215,.T.);
#4140=EDGE_CURVE('',#5189,#5174,#5216,.T.);
#4141=EDGE_CURVE('',#5198,#5186,#5217,.T.);
#4142=EDGE_CURVE('',#4329,#5198,#5218,.T.);
#4143=EDGE_CURVE('',#5186,#4331,#5219,.T.);
#4144=EDGE_CURVE('',#5187,#4411,#5220,.T.);
#4145=EDGE_CURVE('',#5195,#4413,#5221,.T.);
#4146=EDGE_CURVE('',#5193,#4415,#5222,.T.);
#4147=EDGE_CURVE('',#5191,#4417,#5223,.T.);
#4148=EDGE_CURVE('',#4333,#5189,#5224,.T.);
#4149=EDGE_CURVE('',#5174,#4335,#5225,.T.);
#4150=EDGE_CURVE('',#5175,#4420,#5226,.T.);
#4151=EDGE_CURVE('',#5183,#4422,#5227,.T.);
#4152=EDGE_CURVE('',#5181,#4424,#5228,.T.);
#4153=EDGE_CURVE('',#5179,#4426,#5229,.T.);
#4154=EDGE_CURVE('',#4337,#5177,#5230,.T.);
#4155=EDGE_CURVE('',#5162,#4339,#5231,.T.);
#4156=EDGE_CURVE('',#5163,#4429,#5232,.T.);
#4157=EDGE_CURVE('',#5171,#4431,#5233,.T.);
#4158=EDGE_CURVE('',#5169,#4433,#5234,.T.);
#4159=EDGE_CURVE('',#5167,#4435,#5235,.T.);
#4160=EDGE_CURVE('',#4341,#5165,#5236,.T.);
#4161=EDGE_CURVE('',#5150,#4343,#5237,.T.);
#4162=EDGE_CURVE('',#5151,#4438,#5238,.T.);
#4163=EDGE_CURVE('',#5159,#4440,#5239,.T.);
#4164=EDGE_CURVE('',#5157,#4442,#5240,.T.);
#4165=EDGE_CURVE('',#5155,#4444,#5241,.T.);
#4166=EDGE_CURVE('',#4345,#5153,#5242,.T.);
#4167=EDGE_CURVE('',#5138,#4347,#5243,.T.);
#4168=EDGE_CURVE('',#5139,#4447,#5244,.T.);
#4169=EDGE_CURVE('',#5147,#4449,#5245,.T.);
#4170=EDGE_CURVE('',#5145,#4451,#5246,.T.);
#4171=EDGE_CURVE('',#5143,#4453,#5247,.T.);
#4172=EDGE_CURVE('',#4349,#5141,#5248,.T.);
#4173=EDGE_CURVE('',#5126,#4351,#5249,.T.);
#4174=EDGE_CURVE('',#5127,#4456,#5250,.T.);
#4175=EDGE_CURVE('',#5135,#4458,#5251,.T.);
#4176=EDGE_CURVE('',#5133,#4460,#5252,.T.);
#4177=EDGE_CURVE('',#5131,#4462,#5253,.T.);
#4178=EDGE_CURVE('',#4353,#5129,#5254,.T.);
#4179=EDGE_CURVE('',#5114,#4355,#5255,.T.);
#4180=EDGE_CURVE('',#5115,#4465,#5256,.T.);
#4181=EDGE_CURVE('',#5123,#4467,#5257,.T.);
#4182=EDGE_CURVE('',#5121,#4469,#5258,.T.);
#4183=EDGE_CURVE('',#5119,#4471,#5259,.T.);
#4184=EDGE_CURVE('',#4357,#5117,#5260,.T.);
#4185=EDGE_CURVE('',#5102,#4359,#5261,.T.);
#4186=EDGE_CURVE('',#5103,#4474,#5262,.T.);
#4187=EDGE_CURVE('',#5111,#4476,#5263,.T.);
#4188=EDGE_CURVE('',#5109,#4478,#5264,.T.);
#4189=EDGE_CURVE('',#5107,#4480,#5265,.T.);
#4190=EDGE_CURVE('',#4361,#5105,#5266,.T.);
#4191=EDGE_CURVE('',#5090,#4363,#5267,.T.);
#4192=EDGE_CURVE('',#5091,#4483,#5268,.T.);
#4193=EDGE_CURVE('',#5099,#4485,#5269,.T.);
#4194=EDGE_CURVE('',#5097,#4487,#5270,.T.);
#4195=EDGE_CURVE('',#5095,#4489,#5271,.T.);
#4196=EDGE_CURVE('',#4365,#5093,#5272,.T.);
#4197=EDGE_CURVE('',#5078,#4367,#5273,.T.);
#4198=EDGE_CURVE('',#5079,#4492,#5274,.T.);
#4199=EDGE_CURVE('',#5087,#4494,#5275,.T.);
#4200=EDGE_CURVE('',#5085,#4496,#5276,.T.);
#4201=EDGE_CURVE('',#5083,#4498,#5277,.T.);
#4202=EDGE_CURVE('',#4369,#5081,#5278,.T.);
#4203=EDGE_CURVE('',#5066,#4371,#5279,.T.);
#4204=EDGE_CURVE('',#5067,#4501,#5280,.T.);
#4205=EDGE_CURVE('',#5075,#4503,#5281,.T.);
#4206=EDGE_CURVE('',#5073,#4505,#5282,.T.);
#4207=EDGE_CURVE('',#5071,#4507,#5283,.T.);
#4208=EDGE_CURVE('',#4373,#5069,#5284,.T.);
#4209=EDGE_CURVE('',#5054,#4375,#5285,.T.);
#4210=EDGE_CURVE('',#5055,#4510,#5286,.T.);
#4211=EDGE_CURVE('',#5063,#4512,#5287,.T.);
#4212=EDGE_CURVE('',#5061,#4514,#5288,.T.);
#4213=EDGE_CURVE('',#5059,#4516,#5289,.T.);
#4214=EDGE_CURVE('',#4377,#5057,#5290,.T.);
#4215=EDGE_CURVE('',#5042,#4379,#5291,.T.);
#4216=EDGE_CURVE('',#5043,#4519,#5292,.T.);
#4217=EDGE_CURVE('',#5051,#4521,#5293,.T.);
#4218=EDGE_CURVE('',#5049,#4523,#5294,.T.);
#4219=EDGE_CURVE('',#5047,#4525,#5295,.T.);
#4220=EDGE_CURVE('',#4381,#5045,#5296,.T.);
#4221=EDGE_CURVE('',#5031,#4383,#5297,.T.);
#4222=EDGE_CURVE('',#5032,#4528,#5298,.T.);
#4223=EDGE_CURVE('',#5039,#4530,#5299,.T.);
#4224=EDGE_CURVE('',#5037,#4532,#5300,.T.);
#4225=EDGE_CURVE('',#5035,#4534,#5301,.T.);
#4226=EDGE_CURVE('',#4536,#4306,#5302,.T.);
#4227=EDGE_CURVE('',#4304,#4540,#5303,.T.);
#4228=EDGE_CURVE('',#5022,#4539,#5304,.T.);
#4229=EDGE_CURVE('',#5028,#4542,#5305,.T.);
#4230=EDGE_CURVE('',#5026,#4544,#5306,.T.);
#4231=EDGE_CURVE('',#5015,#4556,#5307,.T.);
#4232=EDGE_CURVE('',#5017,#4554,#5308,.T.);
#4233=EDGE_CURVE('',#4300,#4552,#5309,.T.);
#4234=EDGE_CURVE('',#5019,#4551,#5310,.T.);
#4235=EDGE_CURVE('',#4548,#4302,#5311,.T.);
#4236=EDGE_CURVE('',#5024,#4546,#5312,.T.);
#4237=VERTEX_POINT('',#5313);
#4238=VERTEX_POINT('',#5314);
#4239=LINE('',#5315,#5316);
#4240=VERTEX_POINT('',#5317);
#4241=CIRCLE('',#5318,26.9780499090595);
#4242=VERTEX_POINT('',#5319);
#4243=LINE('',#5320,#5321);
#4244=VERTEX_POINT('',#5322);
#4245=CIRCLE('',#5323,24.895);
#4246=VERTEX_POINT('',#5324);
#4247=CIRCLE('',#5325,24.895);
#4248=VERTEX_POINT('',#5326);
#4249=CIRCLE('',#5327,24.895);
#4250=VERTEX_POINT('',#5328);
#4251=CIRCLE('',#5329,24.895);
#4252=VERTEX_POINT('',#5330);
#4253=CIRCLE('',#5331,24.895);
#4254=VERTEX_POINT('',#5332);
#4255=CIRCLE('',#5333,24.895);
#4256=VERTEX_POINT('',#5334);
#4257=CIRCLE('',#5335,24.895);
#4258=VERTEX_POINT('',#5336);
#4259=CIRCLE('',#5337,24.895);
#4260=VERTEX_POINT('',#5338);
#4261=CIRCLE('',#5339,24.895);
#4262=VERTEX_POINT('',#5340);
#4263=CIRCLE('',#5341,24.895);
#4264=VERTEX_POINT('',#5342);
#4265=CIRCLE('',#5343,24.895);
#4266=VERTEX_POINT('',#5344);
#4267=CIRCLE('',#5345,24.895);
#4268=VERTEX_POINT('',#5346);
#4269=CIRCLE('',#5347,24.895);
#4270=VERTEX_POINT('',#5348);
#4271=CIRCLE('',#5349,24.895);
#4272=VERTEX_POINT('',#5350);
#4273=CIRCLE('',#5351,24.895);
#4274=VERTEX_POINT('',#5352);
#4275=CIRCLE('',#5353,24.895);
#4276=VERTEX_POINT('',#5354);
#4277=CIRCLE('',#5355,24.895);
#4278=VERTEX_POINT('',#5356);
#4279=CIRCLE('',#5357,24.895);
#4280=VERTEX_POINT('',#5358);
#4281=CIRCLE('',#5359,24.895);
#4282=VERTEX_POINT('',#5360);
#4283=CIRCLE('',#5361,24.895);
#4284=VERTEX_POINT('',#5362);
#4285=CIRCLE('',#5363,24.895);
#4286=VERTEX_POINT('',#5364);
#4287=CIRCLE('',#5365,24.895);
#4288=VERTEX_POINT('',#5366);
#4289=CIRCLE('',#5367,24.895);
#4290=VERTEX_POINT('',#5368);
#4291=CIRCLE('',#5369,24.895);
#4292=VERTEX_POINT('',#5370);
#4293=CIRCLE('',#5371,24.895);
#4294=VERTEX_POINT('',#5372);
#4295=CIRCLE('',#5373,24.895);
#4296=VERTEX_POINT('',#5374);
#4297=CIRCLE('',#5375,24.895);
#4298=VERTEX_POINT('',#5376);
#4299=CIRCLE('',#5377,24.895);
#4300=VERTEX_POINT('',#5378);
#4301=CIRCLE('',#5379,24.895);
#4302=VERTEX_POINT('',#5380);
#4303=CIRCLE('',#5381,24.895);
#4304=VERTEX_POINT('',#5382);
#4305=CIRCLE('',#5383,24.895);
#4306=VERTEX_POINT('',#5384);
#4307=CIRCLE('',#5385,24.895);
#4308=CIRCLE('',#5386,24.895);
#4309=VERTEX_POINT('',#5387);
#4310=LINE('',#5388,#5389);
#4311=VERTEX_POINT('',#5390);
#4312=CIRCLE('',#5391,26.6360297657338);
#4313=LINE('',#5392,#5393);
#4314=VERTEX_POINT('',#5394);
#4315=VERTEX_POINT('',#5395);
#4316=LINE('',#5396,#5397);
#4317=VERTEX_POINT('',#5398);
#4318=CIRCLE('',#5399,26.9780499090595);
#4319=VERTEX_POINT('',#5400);
#4320=LINE('',#5401,#5402);
#4321=VERTEX_POINT('',#5403);
#4322=CIRCLE('',#5404,24.895);
#4323=VERTEX_POINT('',#5405);
#4324=CIRCLE('',#5406,24.895);
#4325=VERTEX_POINT('',#5407);
#4326=CIRCLE('',#5408,24.895);
#4327=VERTEX_POINT('',#5409);
#4328=CIRCLE('',#5410,24.895);
#4329=VERTEX_POINT('',#5411);
#4330=CIRCLE('',#5412,24.895);
#4331=VERTEX_POINT('',#5413);
#4332=CIRCLE('',#5414,24.895);
#4333=VERTEX_POINT('',#5415);
#4334=CIRCLE('',#5416,24.895);
#4335=VERTEX_POINT('',#5417);
#4336=CIRCLE('',#5418,24.895);
#4337=VERTEX_POINT('',#5419);
#4338=CIRCLE('',#5420,24.895);
#4339=VERTEX_POINT('',#5421);
#4340=CIRCLE('',#5422,24.895);
#4341=VERTEX_POINT('',#5423);
#4342=CIRCLE('',#5424,24.895);
#4343=VERTEX_POINT('',#5425);
#4344=CIRCLE('',#5426,24.895);
#4345=VERTEX_POINT('',#5427);
#4346=CIRCLE('',#5428,24.895);
#4347=VERTEX_POINT('',#5429);
#4348=CIRCLE('',#5430,24.895);
#4349=VERTEX_POINT('',#5431);
#4350=CIRCLE('',#5432,24.895);
#4351=VERTEX_POINT('',#5433);
#4352=CIRCLE('',#5434,24.895);
#4353=VERTEX_POINT('',#5435);
#4354=CIRCLE('',#5436,24.895);
#4355=VERTEX_POINT('',#5437);
#4356=CIRCLE('',#5438,24.895);
#4357=VERTEX_POINT('',#5439);
#4358=CIRCLE('',#5440,24.895);
#4359=VERTEX_POINT('',#5441);
#4360=CIRCLE('',#5442,24.895);
#4361=VERTEX_POINT('',#5443);
#4362=CIRCLE('',#5444,24.895);
#4363=VERTEX_POINT('',#5445);
#4364=CIRCLE('',#5446,24.895);
#4365=VERTEX_POINT('',#5447);
#4366=CIRCLE('',#5448,24.895);
#4367=VERTEX_POINT('',#5449);
#4368=CIRCLE('',#5450,24.895);
#4369=VERTEX_POINT('',#5451);
#4370=CIRCLE('',#5452,24.895);
#4371=VERTEX_POINT('',#5453);
#4372=CIRCLE('',#5454,24.895);
#4373=VERTEX_POINT('',#5455);
#4374=CIRCLE('',#5456,24.895);
#4375=VERTEX_POINT('',#5457);
#4376=CIRCLE('',#5458,24.895);
#4377=VERTEX_POINT('',#5459);
#4378=CIRCLE('',#5460,24.895);
#4379=VERTEX_POINT('',#5461);
#4380=CIRCLE('',#5462,24.895);
#4381=VERTEX_POINT('',#5463);
#4382=CIRCLE('',#5464,24.895);
#4383=VERTEX_POINT('',#5465);
#4384=CIRCLE('',#5466,24.895);
#4385=CIRCLE('',#5467,24.895);
#4386=VERTEX_POINT('',#5468);
#4387=LINE('',#5469,#5470);
#4388=VERTEX_POINT('',#5471);
#4389=CIRCLE('',#5472,26.6360297657338);
#4390=LINE('',#5473,#5474);
#4391=VERTEX_POINT('',#5475);
#4392=VERTEX_POINT('',#5476);
#4393=LINE('',#5477,#5478);
#4394=VERTEX_POINT('',#5479);
#4395=CIRCLE('',#5480,19.0);
#4396=VERTEX_POINT('',#5481);
#4397=LINE('',#5482,#5483);
#4398=CIRCLE('',#5484,19.0);
#4399=VERTEX_POINT('',#5485);
#4400=VERTEX_POINT('',#5486);
#4401=LINE('',#5487,#5488);
#4402=VERTEX_POINT('',#5489);
#4403=CIRCLE('',#5490,1.0);
#4404=VERTEX_POINT('',#5491);
#4405=LINE('',#5492,#5493);
#4406=CIRCLE('',#5494,1.0);
#4407=CIRCLE('',#5495,1.0);
#4408=CIRCLE('',#5496,1.0);
#4409=CIRCLE('',#5497,19.0);
#4410=CIRCLE('',#5498,19.0);
#4411=VERTEX_POINT('',#5499);
#4412=CIRCLE('',#5500,0.399999999999999);
#4413=VERTEX_POINT('',#5501);
#4414=LINE('',#5502,#5503);
#4415=VERTEX_POINT('',#5504);
#4416=CIRCLE('',#5505,1.6);
#4417=VERTEX_POINT('',#5506);
#4418=LINE('',#5507,#5508);
#4419=CIRCLE('',#5509,0.399999999999999);
#4420=VERTEX_POINT('',#5510);
#4421=CIRCLE('',#5511,0.399999999999999);
#4422=VERTEX_POINT('',#5512);
#4423=LINE('',#5513,#5514);
#4424=VERTEX_POINT('',#5515);
#4425=CIRCLE('',#5516,1.6);
#4426=VERTEX_POINT('',#5517);
#4427=LINE('',#5518,#5519);
#4428=CIRCLE('',#5520,0.399999999999999);
#4429=VERTEX_POINT('',#5521);
#4430=CIRCLE('',#5522,0.399999999999999);
#4431=VERTEX_POINT('',#5523);
#4432=LINE('',#5524,#5525);
#4433=VERTEX_POINT('',#5526);
#4434=CIRCLE('',#5527,1.6);
#4435=VERTEX_POINT('',#5528);
#4436=LINE('',#5529,#5530);
#4437=CIRCLE('',#5531,0.399999999999999);
#4438=VERTEX_POINT('',#5532);
#4439=CIRCLE('',#5533,0.399999999999999);
#4440=VERTEX_POINT('',#5534);
#4441=LINE('',#5535,#5536);
#4442=VERTEX_POINT('',#5537);
#4443=CIRCLE('',#5538,1.6);
#4444=VERTEX_POINT('',#5539);
#4445=LINE('',#5540,#5541);
#4446=CIRCLE('',#5542,0.399999999999999);
#4447=VERTEX_POINT('',#5543);
#4448=CIRCLE('',#5544,0.399999999999999);
#4449=VERTEX_POINT('',#5545);
#4450=LINE('',#5546,#5547);
#4451=VERTEX_POINT('',#5548);
#4452=CIRCLE('',#5549,1.6);
#4453=VERTEX_POINT('',#5550);
#4454=LINE('',#5551,#5552);
#4455=CIRCLE('',#5553,0.399999999999999);
#4456=VERTEX_POINT('',#5554);
#4457=CIRCLE('',#5555,0.399999999999999);
#4458=VERTEX_POINT('',#5556);
#4459=LINE('',#5557,#5558);
#4460=VERTEX_POINT('',#5559);
#4461=CIRCLE('',#5560,1.6);
#4462=VERTEX_POINT('',#5561);
#4463=LINE('',#5562,#5563);
#4464=CIRCLE('',#5564,0.399999999999999);
#4465=VERTEX_POINT('',#5565);
#4466=CIRCLE('',#5566,0.399999999999999);
#4467=VERTEX_POINT('',#5567);
#4468=LINE('',#5568,#5569);
#4469=VERTEX_POINT('',#5570);
#4470=CIRCLE('',#5571,1.6);
#4471=VERTEX_POINT('',#5572);
#4472=LINE('',#5573,#5574);
#4473=CIRCLE('',#5575,0.399999999999999);
#4474=VERTEX_POINT('',#5576);
#4475=CIRCLE('',#5577,0.399999999999999);
#4476=VERTEX_POINT('',#5578);
#4477=LINE('',#5579,#5580);
#4478=VERTEX_POINT('',#5581);
#4479=CIRCLE('',#5582,1.6);
#4480=VERTEX_POINT('',#5583);
#4481=LINE('',#5584,#5585);
#4482=CIRCLE('',#5586,0.399999999999999);
#4483=VERTEX_POINT('',#5587);
#4484=CIRCLE('',#5588,0.399999999999999);
#4485=VERTEX_POINT('',#5589);
#4486=LINE('',#5590,#5591);
#4487=VERTEX_POINT('',#5592);
#4488=CIRCLE('',#5593,1.6);
#4489=VERTEX_POINT('',#5594);
#4490=LINE('',#5595,#5596);
#4491=CIRCLE('',#5597,0.399999999999999);
#4492=VERTEX_POINT('',#5598);
#4493=CIRCLE('',#5599,0.399999999999999);
#4494=VERTEX_POINT('',#5600);
#4495=LINE('',#5601,#5602);
#4496=VERTEX_POINT('',#5603);
#4497=CIRCLE('',#5604,1.6);
#4498=VERTEX_POINT('',#5605);
#4499=LINE('',#5606,#5607);
#4500=CIRCLE('',#5608,0.399999999999999);
#4501=VERTEX_POINT('',#5609);
#4502=CIRCLE('',#5610,0.399999999999999);
#4503=VERTEX_POINT('',#5611);
#4504=LINE('',#5612,#5613);
#4505=VERTEX_POINT('',#5614);
#4506=CIRCLE('',#5615,1.6);
#4507=VERTEX_POINT('',#5616);
#4508=LINE('',#5617,#5618);
#4509=CIRCLE('',#5619,0.399999999999999);
#4510=VERTEX_POINT('',#5620);
#4511=CIRCLE('',#5621,0.399999999999999);
#4512=VERTEX_POINT('',#5622);
#4513=LINE('',#5623,#5624);
#4514=VERTEX_POINT('',#5625);
#4515=CIRCLE('',#5626,1.6);
#4516=VERTEX_POINT('',#5627);
#4517=LINE('',#5628,#5629);
#4518=CIRCLE('',#5630,0.399999999999999);
#4519=VERTEX_POINT('',#5631);
#4520=CIRCLE('',#5632,0.399999999999999);
#4521=VERTEX_POINT('',#5633);
#4522=LINE('',#5634,#5635);
#4523=VERTEX_POINT('',#5636);
#4524=CIRCLE('',#5637,1.6);
#4525=VERTEX_POINT('',#5638);
#4526=LINE('',#5639,#5640);
#4527=CIRCLE('',#5641,0.399999999999999);
#4528=VERTEX_POINT('',#5642);
#4529=CIRCLE('',#5643,0.399999999999999);
#4530=VERTEX_POINT('',#5644);
#4531=LINE('',#5645,#5646);
#4532=VERTEX_POINT('',#5647);
#4533=CIRCLE('',#5648,1.6);
#4534=VERTEX_POINT('',#5649);
#4535=LINE('',#5650,#5651);
#4536=VERTEX_POINT('',#5652);
#4537=CIRCLE('',#5653,0.399999999999999);
#4538=CIRCLE('',#5654,24.895);
#4539=VERTEX_POINT('',#5655);
#4540=VERTEX_POINT('',#5656);
#4541=CIRCLE('',#5657,0.399999999999999);
#4542=VERTEX_POINT('',#5658);
#4543=LINE('',#5659,#5660);
#4544=VERTEX_POINT('',#5661);
#4545=CIRCLE('',#5662,1.6);
#4546=VERTEX_POINT('',#5663);
#4547=LINE('',#5664,#5665);
#4548=VERTEX_POINT('',#5666);
#4549=CIRCLE('',#5667,0.399999999999999);
#4550=CIRCLE('',#5668,24.895);
#4551=VERTEX_POINT('',#5669);
#4552=VERTEX_POINT('',#5670);
#4553=CIRCLE('',#5671,0.399999999999999);
#4554=VERTEX_POINT('',#5672);
#4555=LINE('',#5673,#5674);
#4556=VERTEX_POINT('',#5675);
#4557=CIRCLE('',#5676,1.6);
#4558=VERTEX_POINT('',#5677);
#4559=LINE('',#5678,#5679);
#4560=VERTEX_POINT('',#5680);
#4561=CIRCLE('',#5681,0.399999999999999);
#4562=CIRCLE('',#5682,24.895);
#4563=VERTEX_POINT('',#5683);
#4564=VERTEX_POINT('',#5684);
#4565=CIRCLE('',#5685,0.399999999999999);
#4566=VERTEX_POINT('',#5686);
#4567=CIRCLE('',#5687,24.895);
#4568=VERTEX_POINT('',#5688);
#4569=CIRCLE('',#5689,0.399999999999999);
#4570=VERTEX_POINT('',#5690);
#4571=LINE('',#5691,#5692);
#4572=VERTEX_POINT('',#5693);
#4573=CIRCLE('',#5694,1.6);
#4574=LINE('',#5695,#5696);
#4575=VERTEX_POINT('',#5697);
#4576=VERTEX_POINT('',#5698);
#4577=CIRCLE('',#5699,0.399999999999999);
#4578=VERTEX_POINT('',#5700);
#4579=CIRCLE('',#5701,24.895);
#4580=VERTEX_POINT('',#5702);
#4581=CIRCLE('',#5703,0.399999999999999);
#4582=VERTEX_POINT('',#5704);
#4583=LINE('',#5705,#5706);
#4584=VERTEX_POINT('',#5707);
#4585=CIRCLE('',#5708,1.6);
#4586=LINE('',#5709,#5710);
#4587=VERTEX_POINT('',#5711);
#4588=VERTEX_POINT('',#5712);
#4589=CIRCLE('',#5713,0.399999999999999);
#4590=VERTEX_POINT('',#5714);
#4591=CIRCLE('',#5715,24.895);
#4592=VERTEX_POINT('',#5716);
#4593=CIRCLE('',#5717,0.399999999999999);
#4594=VERTEX_POINT('',#5718);
#4595=LINE('',#5719,#5720);
#4596=VERTEX_POINT('',#5721);
#4597=CIRCLE('',#5722,1.6);
#4598=LINE('',#5723,#5724);
#4599=VERTEX_POINT('',#5725);
#4600=VERTEX_POINT('',#5726);
#4601=CIRCLE('',#5727,0.399999999999999);
#4602=VERTEX_POINT('',#5728);
#4603=CIRCLE('',#5729,24.895);
#4604=VERTEX_POINT('',#5730);
#4605=CIRCLE('',#5731,0.399999999999999);
#4606=VERTEX_POINT('',#5732);
#4607=LINE('',#5733,#5734);
#4608=VERTEX_POINT('',#5735);
#4609=CIRCLE('',#5736,1.6);
#4610=LINE('',#5737,#5738);
#4611=VERTEX_POINT('',#5739);
#4612=VERTEX_POINT('',#5740);
#4613=CIRCLE('',#5741,0.399999999999999);
#4614=VERTEX_POINT('',#5742);
#4615=CIRCLE('',#5743,24.895);
#4616=VERTEX_POINT('',#5744);
#4617=CIRCLE('',#5745,0.399999999999999);
#4618=VERTEX_POINT('',#5746);
#4619=LINE('',#5747,#5748);
#4620=VERTEX_POINT('',#5749);
#4621=CIRCLE('',#5750,1.6);
#4622=LINE('',#5751,#5752);
#4623=VERTEX_POINT('',#5753);
#4624=VERTEX_POINT('',#5754);
#4625=CIRCLE('',#5755,0.399999999999999);
#4626=VERTEX_POINT('',#5756);
#4627=CIRCLE('',#5757,24.895);
#4628=VERTEX_POINT('',#5758);
#4629=CIRCLE('',#5759,0.399999999999999);
#4630=VERTEX_POINT('',#5760);
#4631=LINE('',#5761,#5762);
#4632=VERTEX_POINT('',#5763);
#4633=CIRCLE('',#5764,1.6);
#4634=LINE('',#5765,#5766);
#4635=VERTEX_POINT('',#5767);
#4636=VERTEX_POINT('',#5768);
#4637=CIRCLE('',#5769,0.399999999999999);
#4638=VERTEX_POINT('',#5770);
#4639=CIRCLE('',#5771,24.895);
#4640=VERTEX_POINT('',#5772);
#4641=CIRCLE('',#5773,0.399999999999999);
#4642=VERTEX_POINT('',#5774);
#4643=LINE('',#5775,#5776);
#4644=VERTEX_POINT('',#5777);
#4645=CIRCLE('',#5778,1.6);
#4646=LINE('',#5779,#5780);
#4647=VERTEX_POINT('',#5781);
#4648=VERTEX_POINT('',#5782);
#4649=CIRCLE('',#5783,0.399999999999999);
#4650=VERTEX_POINT('',#5784);
#4651=CIRCLE('',#5785,24.895);
#4652=VERTEX_POINT('',#5786);
#4653=CIRCLE('',#5787,0.399999999999999);
#4654=VERTEX_POINT('',#5788);
#4655=LINE('',#5789,#5790);
#4656=VERTEX_POINT('',#5791);
#4657=CIRCLE('',#5792,1.6);
#4658=LINE('',#5793,#5794);
#4659=VERTEX_POINT('',#5795);
#4660=VERTEX_POINT('',#5796);
#4661=CIRCLE('',#5797,0.399999999999999);
#4662=VERTEX_POINT('',#5798);
#4663=CIRCLE('',#5799,24.895);
#4664=VERTEX_POINT('',#5800);
#4665=CIRCLE('',#5801,0.399999999999999);
#4666=VERTEX_POINT('',#5802);
#4667=LINE('',#5803,#5804);
#4668=VERTEX_POINT('',#5805);
#4669=CIRCLE('',#5806,1.6);
#4670=LINE('',#5807,#5808);
#4671=VERTEX_POINT('',#5809);
#4672=VERTEX_POINT('',#5810);
#4673=CIRCLE('',#5811,0.399999999999999);
#4674=VERTEX_POINT('',#5812);
#4675=CIRCLE('',#5813,24.895);
#4676=VERTEX_POINT('',#5814);
#4677=CIRCLE('',#5815,0.399999999999999);
#4678=VERTEX_POINT('',#5816);
#4679=LINE('',#5817,#5818);
#4680=VERTEX_POINT('',#5819);
#4681=CIRCLE('',#5820,1.6);
#4682=LINE('',#5821,#5822);
#4683=VERTEX_POINT('',#5823);
#4684=VERTEX_POINT('',#5824);
#4685=CIRCLE('',#5825,0.399999999999999);
#4686=VERTEX_POINT('',#5826);
#4687=CIRCLE('',#5827,24.895);
#4688=VERTEX_POINT('',#5828);
#4689=CIRCLE('',#5829,0.399999999999999);
#4690=VERTEX_POINT('',#5830);
#4691=LINE('',#5831,#5832);
#4692=VERTEX_POINT('',#5833);
#4693=CIRCLE('',#5834,1.6);
#4694=LINE('',#5835,#5836);
#4695=VERTEX_POINT('',#5837);
#4696=VERTEX_POINT('',#5838);
#4697=CIRCLE('',#5839,0.399999999999999);
#4698=VERTEX_POINT('',#5840);
#4699=CIRCLE('',#5841,24.895);
#4700=VERTEX_POINT('',#5842);
#4701=CIRCLE('',#5843,0.399999999999999);
#4702=VERTEX_POINT('',#5844);
#4703=LINE('',#5845,#5846);
#4704=VERTEX_POINT('',#5847);
#4705=CIRCLE('',#5848,1.6);
#4706=LINE('',#5849,#5850);
#4707=VERTEX_POINT('',#5851);
#4708=VERTEX_POINT('',#5852);
#4709=CIRCLE('',#5853,0.399999999999999);
#4710=VERTEX_POINT('',#5854);
#4711=CIRCLE('',#5855,24.895);
#4712=VERTEX_POINT('',#5856);
#4713=CIRCLE('',#5857,0.399999999999999);
#4714=VERTEX_POINT('',#5858);
#4715=LINE('',#5859,#5860);
#4716=VERTEX_POINT('',#5861);
#4717=CIRCLE('',#5862,1.6);
#4718=LINE('',#5863,#5864);
#4719=VERTEX_POINT('',#5865);
#4720=CIRCLE('',#5866,0.399999999999999);
#4721=VERTEX_POINT('',#5867);
#4722=CIRCLE('',#5868,24.895);
#4723=VERTEX_POINT('',#5869);
#4724=CIRCLE('',#5870,0.399999999999999);
#4725=VERTEX_POINT('',#5871);
#4726=LINE('',#5872,#5873);
#4727=VERTEX_POINT('',#5874);
#4728=CIRCLE('',#5875,1.6);
#4729=LINE('',#5876,#5877);
#4730=VERTEX_POINT('',#5878);
#4731=CIRCLE('',#5879,0.399999999999999);
#4732=VERTEX_POINT('',#5880);
#4733=CIRCLE('',#5881,0.399999999999999);
#4734=VERTEX_POINT('',#5882);
#4735=LINE('',#5883,#5884);
#4736=VERTEX_POINT('',#5885);
#4737=CIRCLE('',#5886,1.6);
#4738=LINE('',#5887,#5888);
#4739=CIRCLE('',#5889,26.9780499090595);
#4740=CIRCLE('',#5890,26.6360297657338);
#4741=CIRCLE('',#5891,24.895);
#4742=CIRCLE('',#5892,24.895);
#4743=CIRCLE('',#5893,24.895);
#4744=CIRCLE('',#5894,24.895);
#4745=CIRCLE('',#5895,24.895);
#4746=CIRCLE('',#5896,24.895);
#4747=CIRCLE('',#5897,24.895);
#4748=CIRCLE('',#5898,24.895);
#4749=CIRCLE('',#5899,24.895);
#4750=CIRCLE('',#5900,24.895);
#4751=CIRCLE('',#5901,24.895);
#4752=CIRCLE('',#5902,24.895);
#4753=CIRCLE('',#5903,24.895);
#4754=CIRCLE('',#5904,24.895);
#4755=CIRCLE('',#5905,24.895);
#4756=CIRCLE('',#5906,24.895);
#4757=VERTEX_POINT('',#5907);
#4758=CIRCLE('',#5908,0.399999999999999);
#4759=VERTEX_POINT('',#5909);
#4760=CIRCLE('',#5910,0.399999999999999);
#4761=VERTEX_POINT('',#5911);
#4762=LINE('',#5912,#5913);
#4763=VERTEX_POINT('',#5914);
#4764=CIRCLE('',#5915,1.6);
#4765=LINE('',#5916,#5917);
#4766=VERTEX_POINT('',#5918);
#4767=LINE('',#5919,#5920);
#4768=VERTEX_POINT('',#5921);
#4769=LINE('',#5922,#5923);
#4770=LINE('',#5924,#5925);
#4771=VERTEX_POINT('',#5926);
#4772=LINE('',#5927,#5928);
#4773=CIRCLE('',#5929,1.6);
#4774=VERTEX_POINT('',#5930);
#4775=LINE('',#5931,#5932);
#4776=LINE('',#5933,#5934);
#4777=VERTEX_POINT('',#5935);
#4778=LINE('',#5936,#5937);
#4779=CIRCLE('',#5938,0.399999999999999);
#4780=VERTEX_POINT('',#5939);
#4781=LINE('',#5940,#5941);
#4782=CIRCLE('',#5942,24.895);
#4783=VERTEX_POINT('',#5943);
#4784=LINE('',#5944,#5945);
#4785=CIRCLE('',#5946,0.399999999999999);
#4786=VERTEX_POINT('',#5947);
#4787=LINE('',#5948,#5949);
#4788=LINE('',#5950,#5951);
#4789=VERTEX_POINT('',#5952);
#4790=LINE('',#5953,#5954);
#4791=CIRCLE('',#5955,1.6);
#4792=VERTEX_POINT('',#5956);
#4793=LINE('',#5957,#5958);
#4794=LINE('',#5959,#5960);
#4795=VERTEX_POINT('',#5961);
#4796=LINE('',#5962,#5963);
#4797=CIRCLE('',#5964,0.399999999999999);
#4798=VERTEX_POINT('',#5965);
#4799=LINE('',#5966,#5967);
#4800=CIRCLE('',#5968,24.895);
#4801=VERTEX_POINT('',#5969);
#4802=LINE('',#5970,#5971);
#4803=CIRCLE('',#5972,0.399999999999999);
#4804=VERTEX_POINT('',#5973);
#4805=LINE('',#5974,#5975);
#4806=LINE('',#5976,#5977);
#4807=VERTEX_POINT('',#5978);
#4808=LINE('',#5979,#5980);
#4809=CIRCLE('',#5981,1.6);
#4810=VERTEX_POINT('',#5982);
#4811=LINE('',#5983,#5984);
#4812=LINE('',#5985,#5986);
#4813=LINE('',#5987,#5988);
#4814=CIRCLE('',#5989,0.399999999999999);
#4815=LINE('',#5990,#5991);
#4816=VERTEX_POINT('',#5992);
#4817=LINE('',#5993,#5994);
#4818=CIRCLE('',#5995,0.399999999999999);
#4819=VERTEX_POINT('',#5996);
#4820=LINE('',#5997,#5998);
#4821=LINE('',#5999,#6000);
#4822=VERTEX_POINT('',#6001);
#4823=LINE('',#6002,#6003);
#4824=CIRCLE('',#6004,1.6);
#4825=VERTEX_POINT('',#6005);
#4826=LINE('',#6006,#6007);
#4827=LINE('',#6008,#6009);
#4828=LINE('',#6010,#6011);
#4829=CIRCLE('',#6012,0.399999999999999);
#4830=LINE('',#6013,#6014);
#4831=VERTEX_POINT('',#6015);
#4832=LINE('',#6016,#6017);
#4833=CIRCLE('',#6018,0.399999999999999);
#4834=VERTEX_POINT('',#6019);
#4835=LINE('',#6020,#6021);
#4836=LINE('',#6022,#6023);
#4837=VERTEX_POINT('',#6024);
#4838=LINE('',#6025,#6026);
#4839=CIRCLE('',#6027,1.6);
#4840=VERTEX_POINT('',#6028);
#4841=LINE('',#6029,#6030);
#4842=LINE('',#6031,#6032);
#4843=LINE('',#6033,#6034);
#4844=CIRCLE('',#6035,0.399999999999999);
#4845=LINE('',#6036,#6037);
#4846=VERTEX_POINT('',#6038);
#4847=LINE('',#6039,#6040);
#4848=CIRCLE('',#6041,0.399999999999999);
#4849=VERTEX_POINT('',#6042);
#4850=LINE('',#6043,#6044);
#4851=LINE('',#6045,#6046);
#4852=VERTEX_POINT('',#6047);
#4853=LINE('',#6048,#6049);
#4854=CIRCLE('',#6050,1.6);
#4855=VERTEX_POINT('',#6051);
#4856=LINE('',#6052,#6053);
#4857=LINE('',#6054,#6055);
#4858=LINE('',#6056,#6057);
#4859=CIRCLE('',#6058,0.399999999999999);
#4860=LINE('',#6059,#6060);
#4861=VERTEX_POINT('',#6061);
#4862=LINE('',#6062,#6063);
#4863=CIRCLE('',#6064,0.399999999999999);
#4864=VERTEX_POINT('',#6065);
#4865=LINE('',#6066,#6067);
#4866=LINE('',#6068,#6069);
#4867=VERTEX_POINT('',#6070);
#4868=LINE('',#6071,#6072);
#4869=CIRCLE('',#6073,1.6);
#4870=VERTEX_POINT('',#6074);
#4871=LINE('',#6075,#6076);
#4872=LINE('',#6077,#6078);
#4873=LINE('',#6079,#6080);
#4874=CIRCLE('',#6081,0.399999999999999);
#4875=LINE('',#6082,#6083);
#4876=VERTEX_POINT('',#6084);
#4877=LINE('',#6085,#6086);
#4878=CIRCLE('',#6087,0.399999999999999);
#4879=VERTEX_POINT('',#6088);
#4880=LINE('',#6089,#6090);
#4881=LINE('',#6091,#6092);
#4882=VERTEX_POINT('',#6093);
#4883=LINE('',#6094,#6095);
#4884=CIRCLE('',#6096,1.6);
#4885=VERTEX_POINT('',#6097);
#4886=LINE('',#6098,#6099);
#4887=LINE('',#6100,#6101);
#4888=LINE('',#6102,#6103);
#4889=CIRCLE('',#6104,0.399999999999999);
#4890=LINE('',#6105,#6106);
#4891=VERTEX_POINT('',#6107);
#4892=LINE('',#6108,#6109);
#4893=CIRCLE('',#6110,0.399999999999999);
#4894=VERTEX_POINT('',#6111);
#4895=LINE('',#6112,#6113);
#4896=LINE('',#6114,#6115);
#4897=VERTEX_POINT('',#6116);
#4898=LINE('',#6117,#6118);
#4899=CIRCLE('',#6119,1.6);
#4900=VERTEX_POINT('',#6120);
#4901=LINE('',#6121,#6122);
#4902=LINE('',#6123,#6124);
#4903=LINE('',#6125,#6126);
#4904=CIRCLE('',#6127,0.399999999999999);
#4905=LINE('',#6128,#6129);
#4906=VERTEX_POINT('',#6130);
#4907=LINE('',#6131,#6132);
#4908=CIRCLE('',#6133,0.399999999999999);
#4909=VERTEX_POINT('',#6134);
#4910=LINE('',#6135,#6136);
#4911=LINE('',#6137,#6138);
#4912=VERTEX_POINT('',#6139);
#4913=LINE('',#6140,#6141);
#4914=CIRCLE('',#6142,1.6);
#4915=VERTEX_POINT('',#6143);
#4916=LINE('',#6144,#6145);
#4917=LINE('',#6146,#6147);
#4918=LINE('',#6148,#6149);
#4919=CIRCLE('',#6150,0.399999999999999);
#4920=LINE('',#6151,#6152);
#4921=VERTEX_POINT('',#6153);
#4922=LINE('',#6154,#6155);
#4923=CIRCLE('',#6156,0.399999999999999);
#4924=VERTEX_POINT('',#6157);
#4925=LINE('',#6158,#6159);
#4926=LINE('',#6160,#6161);
#4927=VERTEX_POINT('',#6162);
#4928=LINE('',#6163,#6164);
#4929=CIRCLE('',#6165,1.6);
#4930=VERTEX_POINT('',#6166);
#4931=LINE('',#6167,#6168);
#4932=LINE('',#6169,#6170);
#4933=LINE('',#6171,#6172);
#4934=CIRCLE('',#6173,0.399999999999999);
#4935=LINE('',#6174,#6175);
#4936=VERTEX_POINT('',#6176);
#4937=LINE('',#6177,#6178);
#4938=CIRCLE('',#6179,0.399999999999999);
#4939=VERTEX_POINT('',#6180);
#4940=LINE('',#6181,#6182);
#4941=LINE('',#6183,#6184);
#4942=VERTEX_POINT('',#6185);
#4943=LINE('',#6186,#6187);
#4944=CIRCLE('',#6188,1.6);
#4945=VERTEX_POINT('',#6189);
#4946=LINE('',#6190,#6191);
#4947=LINE('',#6192,#6193);
#4948=LINE('',#6194,#6195);
#4949=CIRCLE('',#6196,0.399999999999999);
#4950=LINE('',#6197,#6198);
#4951=VERTEX_POINT('',#6199);
#4952=LINE('',#6200,#6201);
#4953=CIRCLE('',#6202,0.399999999999999);
#4954=VERTEX_POINT('',#6203);
#4955=LINE('',#6204,#6205);
#4956=LINE('',#6206,#6207);
#4957=VERTEX_POINT('',#6208);
#4958=LINE('',#6209,#6210);
#4959=CIRCLE('',#6211,1.6);
#4960=VERTEX_POINT('',#6212);
#4961=LINE('',#6213,#6214);
#4962=LINE('',#6215,#6216);
#4963=LINE('',#6217,#6218);
#4964=CIRCLE('',#6219,0.399999999999999);
#4965=LINE('',#6220,#6221);
#4966=VERTEX_POINT('',#6222);
#4967=LINE('',#6223,#6224);
#4968=CIRCLE('',#6225,0.399999999999999);
#4969=VERTEX_POINT('',#6226);
#4970=LINE('',#6227,#6228);
#4971=LINE('',#6229,#6230);
#4972=VERTEX_POINT('',#6231);
#4973=LINE('',#6232,#6233);
#4974=CIRCLE('',#6234,1.6);
#4975=VERTEX_POINT('',#6235);
#4976=LINE('',#6236,#6237);
#4977=LINE('',#6238,#6239);
#4978=LINE('',#6240,#6241);
#4979=CIRCLE('',#6242,0.399999999999999);
#4980=LINE('',#6243,#6244);
#4981=VERTEX_POINT('',#6245);
#4982=LINE('',#6246,#6247);
#4983=CIRCLE('',#6248,0.399999999999999);
#4984=VERTEX_POINT('',#6249);
#4985=LINE('',#6250,#6251);
#4986=LINE('',#6252,#6253);
#4987=VERTEX_POINT('',#6254);
#4988=LINE('',#6255,#6256);
#4989=CIRCLE('',#6257,1.6);
#4990=VERTEX_POINT('',#6258);
#4991=LINE('',#6259,#6260);
#4992=LINE('',#6261,#6262);
#4993=LINE('',#6263,#6264);
#4994=CIRCLE('',#6265,0.399999999999999);
#4995=LINE('',#6266,#6267);
#4996=VERTEX_POINT('',#6268);
#4997=LINE('',#6269,#6270);
#4998=CIRCLE('',#6271,0.399999999999999);
#4999=VERTEX_POINT('',#6272);
#5000=LINE('',#6273,#6274);
#5001=LINE('',#6275,#6276);
#5002=VERTEX_POINT('',#6277);
#5003=LINE('',#6278,#6279);
#5004=CIRCLE('',#6280,1.6);
#5005=VERTEX_POINT('',#6281);
#5006=LINE('',#6282,#6283);
#5007=LINE('',#6284,#6285);
#5008=LINE('',#6286,#6287);
#5009=CIRCLE('',#6288,0.399999999999999);
#5010=LINE('',#6289,#6290);
#5011=VERTEX_POINT('',#6291);
#5012=LINE('',#6292,#6293);
#5013=CIRCLE('',#6294,0.399999999999999);
#5014=CIRCLE('',#6295,24.895);
#5015=VERTEX_POINT('',#6296);
#5016=LINE('',#6297,#6298);
#5017=VERTEX_POINT('',#6299);
#5018=CIRCLE('',#6300,1.6);
#5019=VERTEX_POINT('',#6301);
#5020=LINE('',#6302,#6303);
#5021=CIRCLE('',#6304,0.399999999999999);
#5022=VERTEX_POINT('',#6305);
#5023=CIRCLE('',#6306,0.399999999999999);
#5024=VERTEX_POINT('',#6307);
#5025=CIRCLE('',#6308,0.399999999999999);
#5026=VERTEX_POINT('',#6309);
#5027=LINE('',#6310,#6311);
#5028=VERTEX_POINT('',#6312);
#5029=CIRCLE('',#6313,1.6);
#5030=LINE('',#6314,#6315);
#5031=VERTEX_POINT('',#6316);
#5032=VERTEX_POINT('',#6317);
#5033=CIRCLE('',#6318,0.399999999999999);
#5034=CIRCLE('',#6319,24.895);
#5035=VERTEX_POINT('',#6320);
#5036=CIRCLE('',#6321,0.399999999999999);
#5037=VERTEX_POINT('',#6322);
#5038=LINE('',#6323,#6324);
#5039=VERTEX_POINT('',#6325);
#5040=CIRCLE('',#6326,1.6);
#5041=LINE('',#6327,#6328);
#5042=VERTEX_POINT('',#6329);
#5043=VERTEX_POINT('',#6330);
#5044=CIRCLE('',#6331,0.399999999999999);
#5045=VERTEX_POINT('',#6332);
#5046=CIRCLE('',#6333,24.895);
#5047=VERTEX_POINT('',#6334);
#5048=CIRCLE('',#6335,0.399999999999999);
#5049=VERTEX_POINT('',#6336);
#5050=LINE('',#6337,#6338);
#5051=VERTEX_POINT('',#6339);
#5052=CIRCLE('',#6340,1.6);
#5053=LINE('',#6341,#6342);
#5054=VERTEX_POINT('',#6343);
#5055=VERTEX_POINT('',#6344);
#5056=CIRCLE('',#6345,0.399999999999999);
#5057=VERTEX_POINT('',#6346);
#5058=CIRCLE('',#6347,24.895);
#5059=VERTEX_POINT('',#6348);
#5060=CIRCLE('',#6349,0.399999999999999);
#5061=VERTEX_POINT('',#6350);
#5062=LINE('',#6351,#6352);
#5063=VERTEX_POINT('',#6353);
#5064=CIRCLE('',#6354,1.6);
#5065=LINE('',#6355,#6356);
#5066=VERTEX_POINT('',#6357);
#5067=VERTEX_POINT('',#6358);
#5068=CIRCLE('',#6359,0.399999999999999);
#5069=VERTEX_POINT('',#6360);
#5070=CIRCLE('',#6361,24.895);
#5071=VERTEX_POINT('',#6362);
#5072=CIRCLE('',#6363,0.399999999999999);
#5073=VERTEX_POINT('',#6364);
#5074=LINE('',#6365,#6366);
#5075=VERTEX_POINT('',#6367);
#5076=CIRCLE('',#6368,1.6);
#5077=LINE('',#6369,#6370);
#5078=VERTEX_POINT('',#6371);
#5079=VERTEX_POINT('',#6372);
#5080=CIRCLE('',#6373,0.399999999999999);
#5081=VERTEX_POINT('',#6374);
#5082=CIRCLE('',#6375,24.895);
#5083=VERTEX_POINT('',#6376);
#5084=CIRCLE('',#6377,0.399999999999999);
#5085=VERTEX_POINT('',#6378);
#5086=LINE('',#6379,#6380);
#5087=VERTEX_POINT('',#6381);
#5088=CIRCLE('',#6382,1.6);
#5089=LINE('',#6383,#6384);
#5090=VERTEX_POINT('',#6385);
#5091=VERTEX_POINT('',#6386);
#5092=CIRCLE('',#6387,0.399999999999999);
#5093=VERTEX_POINT('',#6388);
#5094=CIRCLE('',#6389,24.895);
#5095=VERTEX_POINT('',#6390);
#5096=CIRCLE('',#6391,0.399999999999999);
#5097=VERTEX_POINT('',#6392);
#5098=LINE('',#6393,#6394);
#5099=VERTEX_POINT('',#6395);
#5100=CIRCLE('',#6396,1.6);
#5101=LINE('',#6397,#6398);
#5102=VERTEX_POINT('',#6399);
#5103=VERTEX_POINT('',#6400);
#5104=CIRCLE('',#6401,0.399999999999999);
#5105=VERTEX_POINT('',#6402);
#5106=CIRCLE('',#6403,24.895);
#5107=VERTEX_POINT('',#6404);
#5108=CIRCLE('',#6405,0.399999999999999);
#5109=VERTEX_POINT('',#6406);
#5110=LINE('',#6407,#6408);
#5111=VERTEX_POINT('',#6409);
#5112=CIRCLE('',#6410,1.6);
#5113=LINE('',#6411,#6412);
#5114=VERTEX_POINT('',#6413);
#5115=VERTEX_POINT('',#6414);
#5116=CIRCLE('',#6415,0.399999999999999);
#5117=VERTEX_POINT('',#6416);
#5118=CIRCLE('',#6417,24.895);
#5119=VERTEX_POINT('',#6418);
#5120=CIRCLE('',#6419,0.399999999999999);
#5121=VERTEX_POINT('',#6420);
#5122=LINE('',#6421,#6422);
#5123=VERTEX_POINT('',#6423);
#5124=CIRCLE('',#6424,1.6);
#5125=LINE('',#6425,#6426);
#5126=VERTEX_POINT('',#6427);
#5127=VERTEX_POINT('',#6428);
#5128=CIRCLE('',#6429,0.399999999999999);
#5129=VERTEX_POINT('',#6430);
#5130=CIRCLE('',#6431,24.895);
#5131=VERTEX_POINT('',#6432);
#5132=CIRCLE('',#6433,0.399999999999999);
#5133=VERTEX_POINT('',#6434);
#5134=LINE('',#6435,#6436);
#5135=VERTEX_POINT('',#6437);
#5136=CIRCLE('',#6438,1.6);
#5137=LINE('',#6439,#6440);
#5138=VERTEX_POINT('',#6441);
#5139=VERTEX_POINT('',#6442);
#5140=CIRCLE('',#6443,0.399999999999999);
#5141=VERTEX_POINT('',#6444);
#5142=CIRCLE('',#6445,24.895);
#5143=VERTEX_POINT('',#6446);
#5144=CIRCLE('',#6447,0.399999999999999);
#5145=VERTEX_POINT('',#6448);
#5146=LINE('',#6449,#6450);
#5147=VERTEX_POINT('',#6451);
#5148=CIRCLE('',#6452,1.6);
#5149=LINE('',#6453,#6454);
#5150=VERTEX_POINT('',#6455);
#5151=VERTEX_POINT('',#6456);
#5152=CIRCLE('',#6457,0.399999999999999);
#5153=VERTEX_POINT('',#6458);
#5154=CIRCLE('',#6459,24.895);
#5155=VERTEX_POINT('',#6460);
#5156=CIRCLE('',#6461,0.399999999999999);
#5157=VERTEX_POINT('',#6462);
#5158=LINE('',#6463,#6464);
#5159=VERTEX_POINT('',#6465);
#5160=CIRCLE('',#6466,1.6);
#5161=LINE('',#6467,#6468);
#5162=VERTEX_POINT('',#6469);
#5163=VERTEX_POINT('',#6470);
#5164=CIRCLE('',#6471,0.399999999999999);
#5165=VERTEX_POINT('',#6472);
#5166=CIRCLE('',#6473,24.895);
#5167=VERTEX_POINT('',#6474);
#5168=CIRCLE('',#6475,0.399999999999999);
#5169=VERTEX_POINT('',#6476);
#5170=LINE('',#6477,#6478);
#5171=VERTEX_POINT('',#6479);
#5172=CIRCLE('',#6480,1.6);
#5173=LINE('',#6481,#6482);
#5174=VERTEX_POINT('',#6483);
#5175=VERTEX_POINT('',#6484);
#5176=CIRCLE('',#6485,0.399999999999999);
#5177=VERTEX_POINT('',#6486);
#5178=CIRCLE('',#6487,24.895);
#5179=VERTEX_POINT('',#6488);
#5180=CIRCLE('',#6489,0.399999999999999);
#5181=VERTEX_POINT('',#6490);
#5182=LINE('',#6491,#6492);
#5183=VERTEX_POINT('',#6493);
#5184=CIRCLE('',#6494,1.6);
#5185=LINE('',#6495,#6496);
#5186=VERTEX_POINT('',#6497);
#5187=VERTEX_POINT('',#6498);
#5188=CIRCLE('',#6499,0.399999999999999);
#5189=VERTEX_POINT('',#6500);
#5190=CIRCLE('',#6501,24.895);
#5191=VERTEX_POINT('',#6502);
#5192=CIRCLE('',#6503,0.399999999999999);
#5193=VERTEX_POINT('',#6504);
#5194=LINE('',#6505,#6506);
#5195=VERTEX_POINT('',#6507);
#5196=CIRCLE('',#6508,1.6);
#5197=LINE('',#6509,#6510);
#5198=VERTEX_POINT('',#6511);
#5199=CIRCLE('',#6512,24.895);
#5200=CIRCLE('',#6513,0.399999999999999);
#5201=CIRCLE('',#6514,24.895);
#5202=CIRCLE('',#6515,26.9780499090595);
#5203=CIRCLE('',#6516,26.6360297657338);
#5204=CIRCLE('',#6517,24.895);
#5205=CIRCLE('',#6518,24.895);
#5206=CIRCLE('',#6519,24.895);
#5207=CIRCLE('',#6520,24.895);
#5208=CIRCLE('',#6521,24.895);
#5209=CIRCLE('',#6522,24.895);
#5210=CIRCLE('',#6523,24.895);
#5211=CIRCLE('',#6524,24.895);
#5212=CIRCLE('',#6525,24.895);
#5213=CIRCLE('',#6526,24.895);
#5214=CIRCLE('',#6527,24.895);
#5215=CIRCLE('',#6528,24.895);
#5216=CIRCLE('',#6529,24.895);
#5217=CIRCLE('',#6530,24.895);
#5218=LINE('',#6531,#6532);
#5219=LINE('',#6533,#6534);
#5220=LINE('',#6535,#6536);
#5221=LINE('',#6537,#6538);
#5222=LINE('',#6539,#6540);
#5223=LINE('',#6541,#6542);
#5224=LINE('',#6543,#6544);
#5225=LINE('',#6545,#6546);
#5226=LINE('',#6547,#6548);
#5227=LINE('',#6549,#6550);
#5228=LINE('',#6551,#6552);
#5229=LINE('',#6553,#6554);
#5230=LINE('',#6555,#6556);
#5231=LINE('',#6557,#6558);
#5232=LINE('',#6559,#6560);
#5233=LINE('',#6561,#6562);
#5234=LINE('',#6563,#6564);
#5235=LINE('',#6565,#6566);
#5236=LINE('',#6567,#6568);
#5237=LINE('',#6569,#6570);
#5238=LINE('',#6571,#6572);
#5239=LINE('',#6573,#6574);
#5240=LINE('',#6575,#6576);
#5241=LINE('',#6577,#6578);
#5242=LINE('',#6579,#6580);
#5243=LINE('',#6581,#6582);
#5244=LINE('',#6583,#6584);
#5245=LINE('',#6585,#6586);
#5246=LINE('',#6587,#6588);
#5247=LINE('',#6589,#6590);
#5248=LINE('',#6591,#6592);
#5249=LINE('',#6593,#6594);
#5250=LINE('',#6595,#6596);
#5251=LINE('',#6597,#6598);
#5252=LINE('',#6599,#6600);
#5253=LINE('',#6601,#6602);
#5254=LINE('',#6603,#6604);
#5255=LINE('',#6605,#6606);
#5256=LINE('',#6607,#6608);
#5257=LINE('',#6609,#6610);
#5258=LINE('',#6611,#6612);
#5259=LINE('',#6613,#6614);
#5260=LINE('',#6615,#6616);
#5261=LINE('',#6617,#6618);
#5262=LINE('',#6619,#6620);
#5263=LINE('',#6621,#6622);
#5264=LINE('',#6623,#6624);
#5265=LINE('',#6625,#6626);
#5266=LINE('',#6627,#6628);
#5267=LINE('',#6629,#6630);
#5268=LINE('',#6631,#6632);
#5269=LINE('',#6633,#6634);
#5270=LINE('',#6635,#6636);
#5271=LINE('',#6637,#6638);
#5272=LINE('',#6639,#6640);
#5273=LINE('',#6641,#6642);
#5274=LINE('',#6643,#6644);
#5275=LINE('',#6645,#6646);
#5276=LINE('',#6647,#6648);
#5277=LINE('',#6649,#6650);
#5278=LINE('',#6651,#6652);
#5279=LINE('',#6653,#6654);
#5280=LINE('',#6655,#6656);
#5281=LINE('',#6657,#6658);
#5282=LINE('',#6659,#6660);
#5283=LINE('',#6661,#6662);
#5284=LINE('',#6663,#6664);
#5285=LINE('',#6665,#6666);
#5286=LINE('',#6667,#6668);
#5287=LINE('',#6669,#6670);
#5288=LINE('',#6671,#6672);
#5289=LINE('',#6673,#6674);
#5290=LINE('',#6675,#6676);
#5291=LINE('',#6677,#6678);
#5292=LINE('',#6679,#6680);
#5293=LINE('',#6681,#6682);
#5294=LINE('',#6683,#6684);
#5295=LINE('',#6685,#6686);
#5296=LINE('',#6687,#6688);
#5297=LINE('',#6689,#6690);
#5298=LINE('',#6691,#6692);
#5299=LINE('',#6693,#6694);
#5300=LINE('',#6695,#6696);
#5301=LINE('',#6697,#6698);
#5302=LINE('',#6699,#6700);
#5303=LINE('',#6701,#6702);
#5304=LINE('',#6703,#6704);
#5305=LINE('',#6705,#6706);
#5306=LINE('',#6707,#6708);
#5307=LINE('',#6709,#6710);
#5308=LINE('',#6711,#6712);
#5309=LINE('',#6713,#6714);
#5310=LINE('',#6715,#6716);
#5311=LINE('',#6717,#6718);
#5312=LINE('',#6719,#6720);
#5313=CARTESIAN_POINT('',(0.939692620785909,26.9780499090595,0.0));
#5314=CARTESIAN_POINT('',(2.75,24.895,-3.04865751784081E-015));
#5315=CARTESIAN_POINT('',(1.84484631039295,25.9365249545297,-3.17620332553898E-015));
#5316=VECTOR('',#6721,1.0);
#5317=CARTESIAN_POINT('',(0.939692620785909,-26.9780499090595,3.30374913323714E-015));
#5318=AXIS2_PLACEMENT_3D('',#6722,#6723,#6724);
#5319=CARTESIAN_POINT('',(2.75,-24.895,3.04865751784081E-015));
#5320=CARTESIAN_POINT('',(1.84484631039295,-25.9365249545297,3.17620332553898E-015));
#5321=VECTOR('',#6725,1.0);
#5322=CARTESIAN_POINT('',(2.75,-24.8310633916198,1.78306361113672));
#5323=AXIS2_PLACEMENT_3D('',#6726,#6727,#6728);
#5324=CARTESIAN_POINT('',(2.75,-24.7017999253321,3.09549760924842));
#5325=AXIS2_PLACEMENT_3D('',#6729,#6730,#6731);
#5326=CARTESIAN_POINT('',(2.75,-24.0060830171883,6.59310269689953));
#5327=AXIS2_PLACEMENT_3D('',#6732,#6733,#6734);
#5328=CARTESIAN_POINT('',(2.75,-23.6232601408429,7.85510059248525));
#5329=AXIS2_PLACEMENT_3D('',#6735,#6736,#6737);
#5330=CARTESIAN_POINT('',(2.75,-22.2585623351727,11.1497725434751));
#5331=AXIS2_PLACEMENT_3D('',#6738,#6739,#6740);
#5332=CARTESIAN_POINT('',(2.75,-21.6368917172181,12.312836465144));
#5333=AXIS2_PLACEMENT_3D('',#6741,#6742,#6743);
#5334=CARTESIAN_POINT('',(2.75,-19.655657585362,15.2779628840693));
#5335=AXIS2_PLACEMENT_3D('',#6744,#6745,#6746);
#5336=CARTESIAN_POINT('',(2.75,-18.8190296790092,16.2973969375656));
#5337=AXIS2_PLACEMENT_3D('',#6747,#6748,#6749);
#5338=CARTESIAN_POINT('',(2.75,-16.2973969375656,18.8190296790091));
#5339=AXIS2_PLACEMENT_3D('',#6750,#6751,#6752);
#5340=CARTESIAN_POINT('',(2.75,-15.2779628840694,19.655657585362));
#5341=AXIS2_PLACEMENT_3D('',#6753,#6754,#6755);
#5342=CARTESIAN_POINT('',(2.75,-12.3128364651441,21.636891717218));
#5343=AXIS2_PLACEMENT_3D('',#6756,#6757,#6758);
#5344=CARTESIAN_POINT('',(2.75,-11.1497725434751,22.2585623351727));
#5345=AXIS2_PLACEMENT_3D('',#6759,#6760,#6761);
#5346=CARTESIAN_POINT('',(2.75,-7.85510059248531,23.6232601408429));
#5347=AXIS2_PLACEMENT_3D('',#6762,#6763,#6764);
#5348=CARTESIAN_POINT('',(2.75,-6.59310269689958,24.0060830171883));
#5349=AXIS2_PLACEMENT_3D('',#6765,#6766,#6767);
#5350=CARTESIAN_POINT('',(2.75,-3.09549760924848,24.7017999253321));
#5351=AXIS2_PLACEMENT_3D('',#6768,#6769,#6770);
#5352=CARTESIAN_POINT('',(2.75,-1.78306361113678,24.8310633916198));
#5353=AXIS2_PLACEMENT_3D('',#6771,#6772,#6773);
#5354=CARTESIAN_POINT('',(2.75,1.78306361113672,24.8310633916198));
#5355=AXIS2_PLACEMENT_3D('',#6774,#6775,#6776);
#5356=CARTESIAN_POINT('',(2.75,3.09549760924841,24.7017999253321));
#5357=AXIS2_PLACEMENT_3D('',#6777,#6778,#6779);
#5358=CARTESIAN_POINT('',(2.75,6.59310269689952,24.0060830171883));
#5359=AXIS2_PLACEMENT_3D('',#6780,#6781,#6782);
#5360=CARTESIAN_POINT('',(2.75,7.85510059248525,23.6232601408429));
#5361=AXIS2_PLACEMENT_3D('',#6783,#6784,#6785);
#5362=CARTESIAN_POINT('',(2.75,11.1497725434751,22.2585623351727));
#5363=AXIS2_PLACEMENT_3D('',#6786,#6787,#6788);
#5364=CARTESIAN_POINT('',(2.75,12.312836465144,21.6368917172181));
#5365=AXIS2_PLACEMENT_3D('',#6789,#6790,#6791);
#5366=CARTESIAN_POINT('',(2.75,15.2779628840693,19.655657585362));
#5367=AXIS2_PLACEMENT_3D('',#6792,#6793,#6794);
#5368=CARTESIAN_POINT('',(2.75,16.2973969375656,18.8190296790092));
#5369=AXIS2_PLACEMENT_3D('',#6795,#6796,#6797);
#5370=CARTESIAN_POINT('',(2.75,18.8190296790091,16.2973969375656));
#5371=AXIS2_PLACEMENT_3D('',#6798,#6799,#6800);
#5372=CARTESIAN_POINT('',(2.75,19.655657585362,15.2779628840694));
#5373=AXIS2_PLACEMENT_3D('',#6801,#6802,#6803);
#5374=CARTESIAN_POINT('',(2.75,21.636891717218,12.3128364651441));
#5375=AXIS2_PLACEMENT_3D('',#6804,#6805,#6806);
#5376=CARTESIAN_POINT('',(2.75,22.2585623351727,11.1497725434751));
#5377=AXIS2_PLACEMENT_3D('',#6807,#6808,#6809);
#5378=CARTESIAN_POINT('',(2.75,23.6232601408429,7.85510059248531));
#5379=AXIS2_PLACEMENT_3D('',#6810,#6811,#6812);
#5380=CARTESIAN_POINT('',(2.75,24.0060830171883,6.59310269689958));
#5381=AXIS2_PLACEMENT_3D('',#6813,#6814,#6815);
#5382=CARTESIAN_POINT('',(2.75,24.7017999253321,3.09549760924848));
#5383=AXIS2_PLACEMENT_3D('',#6816,#6817,#6818);
#5384=CARTESIAN_POINT('',(2.75,24.8310633916198,1.78306361113678));
#5385=AXIS2_PLACEMENT_3D('',#6819,#6820,#6821);
#5386=AXIS2_PLACEMENT_3D('',#6822,#6823,#6824);
#5387=CARTESIAN_POINT('',(0.0,26.6360297657338,0.0));
#5388=CARTESIAN_POINT('',(0.469846310392954,26.8070398373966,-3.28280713120455E-015));
#5389=VECTOR('',#6825,1.0);
#5390=CARTESIAN_POINT('',(0.0,-26.6360297657338,3.26186512917196E-015));
#5391=AXIS2_PLACEMENT_3D('',#6826,#6827,#6828);
#5392=CARTESIAN_POINT('',(0.469846310392954,-26.8070398373966,3.28280713120455E-015));
#5393=VECTOR('',#6829,1.0);
#5394=CARTESIAN_POINT('',(13.5603073792141,26.9780499090595,7.72764251115781E-016));
#5395=CARTESIAN_POINT('',(11.75,24.895,3.59973037706088E-015));
#5396=CARTESIAN_POINT('',(12.655153689607,25.9365249545297,3.8381218807069E-015));
#5397=VECTOR('',#6830,1.0);
#5398=CARTESIAN_POINT('',(13.5603073792141,-26.9780499090595,-2.53098488212136E-015));
#5399=AXIS2_PLACEMENT_3D('',#6831,#6832,#6833);
#5400=CARTESIAN_POINT('',(11.75,-24.895,-2.49758465862074E-015));
#5401=CARTESIAN_POINT('',(12.655153689607,-25.9365249545297,-2.51428477037105E-015));
#5402=VECTOR('',#6834,1.0);
#5403=CARTESIAN_POINT('',(11.75,-24.8310633916198,-1.78306361113678));
#5404=AXIS2_PLACEMENT_3D('',#6835,#6836,#6837);
#5405=CARTESIAN_POINT('',(11.75,-24.7017999253321,-3.09549760924848));
#5406=AXIS2_PLACEMENT_3D('',#6838,#6839,#6840);
#5407=CARTESIAN_POINT('',(11.75,-24.0060830171883,-6.59310269689952));
#5408=AXIS2_PLACEMENT_3D('',#6841,#6842,#6843);
#5409=CARTESIAN_POINT('',(11.75,-23.6232601408429,-7.85510059248524));
#5410=AXIS2_PLACEMENT_3D('',#6844,#6845,#6846);
#5411=CARTESIAN_POINT('',(11.75,-22.2585623351727,-11.1497725434751));
#5412=AXIS2_PLACEMENT_3D('',#6847,#6848,#6849);
#5413=CARTESIAN_POINT('',(11.75,-21.6368917172181,-12.312836465144));
#5414=AXIS2_PLACEMENT_3D('',#6850,#6851,#6852);
#5415=CARTESIAN_POINT('',(11.75,-19.655657585362,-15.2779628840693));
#5416=AXIS2_PLACEMENT_3D('',#6853,#6854,#6855);
#5417=CARTESIAN_POINT('',(11.75,-18.8190296790092,-16.2973969375656));
#5418=AXIS2_PLACEMENT_3D('',#6856,#6857,#6858);
#5419=CARTESIAN_POINT('',(11.75,-16.2973969375656,-18.8190296790091));
#5420=AXIS2_PLACEMENT_3D('',#6859,#6860,#6861);
#5421=CARTESIAN_POINT('',(11.75,-15.2779628840694,-19.655657585362));
#5422=AXIS2_PLACEMENT_3D('',#6862,#6863,#6864);
#5423=CARTESIAN_POINT('',(11.75,-12.3128364651441,-21.636891717218));
#5424=AXIS2_PLACEMENT_3D('',#6865,#6866,#6867);
#5425=CARTESIAN_POINT('',(11.75,-11.1497725434751,-22.2585623351727));
#5426=AXIS2_PLACEMENT_3D('',#6868,#6869,#6870);
#5427=CARTESIAN_POINT('',(11.75,-7.85510059248533,-23.6232601408429));
#5428=AXIS2_PLACEMENT_3D('',#6871,#6872,#6873);
#5429=CARTESIAN_POINT('',(11.75,-6.5931026968996,-24.0060830171883));
#5430=AXIS2_PLACEMENT_3D('',#6874,#6875,#6876);
#5431=CARTESIAN_POINT('',(11.75,-3.09549760924849,-24.7017999253321));
#5432=AXIS2_PLACEMENT_3D('',#6877,#6878,#6879);
#5433=CARTESIAN_POINT('',(11.75,-1.78306361113679,-24.8310633916198));
#5434=AXIS2_PLACEMENT_3D('',#6880,#6881,#6882);
#5435=CARTESIAN_POINT('',(11.75,1.78306361113671,-24.8310633916198));
#5436=AXIS2_PLACEMENT_3D('',#6883,#6884,#6885);
#5437=CARTESIAN_POINT('',(11.75,3.09549760924841,-24.7017999253321));
#5438=AXIS2_PLACEMENT_3D('',#6886,#6887,#6888);
#5439=CARTESIAN_POINT('',(11.75,6.59310269689952,-24.0060830171883));
#5440=AXIS2_PLACEMENT_3D('',#6889,#6890,#6891);
#5441=CARTESIAN_POINT('',(11.75,7.85510059248524,-23.6232601408429));
#5442=AXIS2_PLACEMENT_3D('',#6892,#6893,#6894);
#5443=CARTESIAN_POINT('',(11.75,11.1497725434751,-22.2585623351727));
#5444=AXIS2_PLACEMENT_3D('',#6895,#6896,#6897);
#5445=CARTESIAN_POINT('',(11.75,12.312836465144,-21.6368917172181));
#5446=AXIS2_PLACEMENT_3D('',#6898,#6899,#6900);
#5447=CARTESIAN_POINT('',(11.75,15.2779628840693,-19.655657585362));
#5448=AXIS2_PLACEMENT_3D('',#6901,#6902,#6903);
#5449=CARTESIAN_POINT('',(11.75,16.2973969375656,-18.8190296790092));
#5450=AXIS2_PLACEMENT_3D('',#6904,#6905,#6906);
#5451=CARTESIAN_POINT('',(11.75,18.8190296790091,-16.2973969375656));
#5452=AXIS2_PLACEMENT_3D('',#6907,#6908,#6909);
#5453=CARTESIAN_POINT('',(11.75,19.655657585362,-15.2779628840694));
#5454=AXIS2_PLACEMENT_3D('',#6910,#6911,#6912);
#5455=CARTESIAN_POINT('',(11.75,21.636891717218,-12.3128364651441));
#5456=AXIS2_PLACEMENT_3D('',#6913,#6914,#6915);
#5457=CARTESIAN_POINT('',(11.75,22.2585623351727,-11.1497725434751));
#5458=AXIS2_PLACEMENT_3D('',#6916,#6917,#6918);
#5459=CARTESIAN_POINT('',(11.75,23.6232601408429,-7.85510059248533));
#5460=AXIS2_PLACEMENT_3D('',#6919,#6920,#6921);
#5461=CARTESIAN_POINT('',(11.75,24.0060830171883,-6.5931026968996));
#5462=AXIS2_PLACEMENT_3D('',#6922,#6923,#6924);
#5463=CARTESIAN_POINT('',(11.75,24.7017999253321,-3.09549760924849));
#5464=AXIS2_PLACEMENT_3D('',#6925,#6926,#6927);
#5465=CARTESIAN_POINT('',(11.75,24.8310633916198,-1.78306361113678));
#5466=AXIS2_PLACEMENT_3D('',#6928,#6929,#6930);
#5467=AXIS2_PLACEMENT_3D('',#6931,#6932,#6933);
#5468=CARTESIAN_POINT('',(14.5,26.6360297657338,8.87839606521224E-016));
#5469=CARTESIAN_POINT('',(14.030153689607,26.8070398373966,4.11310906002306E-015));
#5470=VECTOR('',#6934,1.0);
#5471=CARTESIAN_POINT('',(14.5,-26.6360297657338,-2.37402552265073E-015));
#5472=AXIS2_PLACEMENT_3D('',#6935,#6936,#6937);
#5473=CARTESIAN_POINT('',(14.030153689607,-26.8070398373966,-2.45250520238605E-015));
#5474=VECTOR('',#6938,1.0);
#5475=CARTESIAN_POINT('',(-8.0,0.0,-19.0));
#5476=CARTESIAN_POINT('',(1.16337603613126E-015,-2.32675207226252E-015,-19.0));
#5477=CARTESIAN_POINT('',(-4.0,-2.32675207226252E-015,-19.0));
#5478=VECTOR('',#6939,1.0);
#5479=CARTESIAN_POINT('',(-8.0,2.32675207226252E-015,19.0));
#5480=AXIS2_PLACEMENT_3D('',#6940,#6941,#6942);
#5481=CARTESIAN_POINT('',(0.0,-2.32675207226252E-015,19.0));
#5482=CARTESIAN_POINT('',(-4.0,2.32675207226252E-015,19.0));
#5483=VECTOR('',#6943,1.0);
#5484=AXIS2_PLACEMENT_3D('',#6944,#6945,#6946);
#5485=CARTESIAN_POINT('',(14.5,0.0,-1.0));
#5486=CARTESIAN_POINT('',(-8.0,0.0,-1.0));
#5487=CARTESIAN_POINT('',(3.25,-1.22460635382238E-016,-1.0));
#5488=VECTOR('',#6947,1.0);
#5489=CARTESIAN_POINT('',(14.5,1.22460635382238E-016,1.0));
#5490=AXIS2_PLACEMENT_3D('',#6948,#6949,#6950);
#5491=CARTESIAN_POINT('',(-8.0,1.22460635382238E-016,1.0));
#5492=CARTESIAN_POINT('',(3.25,1.22460635382238E-016,1.0));
#5493=VECTOR('',#6951,1.0);
#5494=AXIS2_PLACEMENT_3D('',#6952,#6953,#6954);
#5495=AXIS2_PLACEMENT_3D('',#6955,#6956,#6957);
#5496=AXIS2_PLACEMENT_3D('',#6958,#6959,#6960);
#5497=AXIS2_PLACEMENT_3D('',#6961,#6962,#6963);
#5498=AXIS2_PLACEMENT_3D('',#6964,#6965,#6966);
#5499=CARTESIAN_POINT('',(11.75,-21.2557605261822,-12.2783414781311));
#5500=AXIS2_PLACEMENT_3D('',#6967,#6968,#6969);
#5501=CARTESIAN_POINT('',(11.75,-21.2058723494441,-12.2450072641499));
#5502=CARTESIAN_POINT('',(11.75,-6.75712639923113,-2.59066387549465));
#5503=VECTOR('',#6970,1.0);
#5504=CARTESIAN_POINT('',(11.75,-19.4280476037813,-14.905710023518));
#5505=AXIS2_PLACEMENT_3D('',#6971,#6972,#6973);
#5506=CARTESIAN_POINT('',(11.75,-19.4779357805195,-14.9390442374992));
#5507=CARTESIAN_POINT('',(11.75,-4.97930165356841,-5.25136663486279));
#5508=VECTOR('',#6974,1.0);
#5509=AXIS2_PLACEMENT_3D('',#6975,#6976,#6977);
#5510=CARTESIAN_POINT('',(11.75,-18.451951455063,-16.189209755266));
#5511=AXIS2_PLACEMENT_3D('',#6978,#6979,#6980);
#5512=CARTESIAN_POINT('',(11.75,-18.4095250481918,-16.1467833483948));
#5513=CARTESIAN_POINT('',(11.75,-6.66917955076292,-4.40643785096596));
#5514=VECTOR('',#6981,1.0);
#5515=CARTESIAN_POINT('',(11.75,-16.1467833483948,-18.4095250481918));
#5516=AXIS2_PLACEMENT_3D('',#6982,#6983,#6984);
#5517=CARTESIAN_POINT('',(11.75,-16.189209755266,-18.451951455063));
#5518=CARTESIAN_POINT('',(11.75,-4.40643785096597,-6.66917955076292));
#5519=VECTOR('',#6985,1.0);
#5520=AXIS2_PLACEMENT_3D('',#6986,#6987,#6988);
#5521=CARTESIAN_POINT('',(11.75,-14.9390442374992,-19.4779357805195));
#5522=AXIS2_PLACEMENT_3D('',#6989,#6990,#6991);
#5523=CARTESIAN_POINT('',(11.75,-14.9057100235181,-19.4280476037813));
#5524=CARTESIAN_POINT('',(11.75,-6.20535226118747,-6.40704203942596));
#5525=VECTOR('',#6992,1.0);
#5526=CARTESIAN_POINT('',(11.75,-12.2450072641499,-21.2058723494441));
#5527=AXIS2_PLACEMENT_3D('',#6993,#6994,#6995);
#5528=CARTESIAN_POINT('',(11.75,-12.2783414781311,-21.2557605261822));
#5529=CARTESIAN_POINT('',(11.75,-3.54464950181932,-8.18486678508869));
#5530=VECTOR('',#6996,1.0);
#5531=AXIS2_PLACEMENT_3D('',#6997,#6998,#6999);
#5532=CARTESIAN_POINT('',(11.75,-10.8520379278009,-22.0181356570798));
#5533=AXIS2_PLACEMENT_3D('',#7000,#7001,#7002);
#5534=CARTESIAN_POINT('',(11.75,-10.829076921859,-21.9627028851291));
#5535=CARTESIAN_POINT('',(11.75,-5.24793525312891,-8.48863497495528));
#5536=VECTOR('',#7003,1.0);
#5537=CARTESIAN_POINT('',(11.75,-7.87266241782292,-23.1872898686974));
#5538=AXIS2_PLACEMENT_3D('',#7004,#7005,#7006);
#5539=CARTESIAN_POINT('',(11.75,-7.89562342376483,-23.2427226406481));
#5540=CARTESIAN_POINT('',(11.75,-2.29152074909279,-9.71322195852357));
#5541=VECTOR('',#7007,1.0);
#5542=AXIS2_PLACEMENT_3D('',#7008,#7009,#7010);
#5543=CARTESIAN_POINT('',(11.75,-6.34799388643024,-23.7121909282513));
#5544=AXIS2_PLACEMENT_3D('',#7011,#7012,#7013);
#5545=CARTESIAN_POINT('',(11.75,-6.33628846710927,-23.6533438114271));
#5546=CARTESIAN_POINT('',(11.75,-3.71882143294102,-10.4944484212156));
#5547=VECTOR('',#7014,1.0);
#5548=CARTESIAN_POINT('',(11.75,-3.19777556981893,-24.2776328418787));
#5549=AXIS2_PLACEMENT_3D('',#7015,#7016,#7017);
#5550=CARTESIAN_POINT('',(11.75,-3.2094809891399,-24.3364799587029));
#5551=CARTESIAN_POINT('',(11.75,-0.580308535650685,-11.1187374516672));
#5552=VECTOR('',#7018,1.0);
#5553=AXIS2_PLACEMENT_3D('',#7019,#7020,#7021);
#5554=CARTESIAN_POINT('',(11.75,-1.6,-24.495));
#5555=AXIS2_PLACEMENT_3D('',#7022,#7023,#7024);
#5556=CARTESIAN_POINT('',(11.75,-1.6,-24.435));
#5557=CARTESIAN_POINT('',(11.75,-1.6,-12.2325));
#5558=VECTOR('',#7025,1.0);
#5559=CARTESIAN_POINT('',(11.75,1.6,-24.435));
#5560=AXIS2_PLACEMENT_3D('',#7026,#7027,#7028);
#5561=CARTESIAN_POINT('',(11.75,1.6,-24.495));
#5562=CARTESIAN_POINT('',(11.75,1.6,-12.2325));
#5563=VECTOR('',#7029,1.0);
#5564=AXIS2_PLACEMENT_3D('',#7030,#7031,#7032);
#5565=CARTESIAN_POINT('',(11.75,3.20948098913989,-24.3364799587029));
#5566=AXIS2_PLACEMENT_3D('',#7033,#7034,#7035);
#5567=CARTESIAN_POINT('',(11.75,3.19777556981893,-24.2776328418787));
#5568=CARTESIAN_POINT('',(11.75,1.05406329518356,-13.5004634638494));
#5569=VECTOR('',#7036,1.0);
#5570=CARTESIAN_POINT('',(11.75,6.33628846710926,-23.6533438114271));
#5571=AXIS2_PLACEMENT_3D('',#7037,#7038,#7039);
#5572=CARTESIAN_POINT('',(11.75,6.34799388643023,-23.7121909282513));
#5573=CARTESIAN_POINT('',(11.75,4.1925761924739,-12.8761744333978));
#5574=VECTOR('',#7040,1.0);
#5575=AXIS2_PLACEMENT_3D('',#7041,#7042,#7043);
#5576=CARTESIAN_POINT('',(11.75,7.89562342376482,-23.2427226406481));
#5577=AXIS2_PLACEMENT_3D('',#7044,#7045,#7046);
#5578=CARTESIAN_POINT('',(11.75,7.87266241782292,-23.1872898686974));
#5579=CARTESIAN_POINT('',(11.75,4.11441491968302,-14.1140777879333));
#5580=VECTOR('',#7047,1.0);
#5581=CARTESIAN_POINT('',(11.75,10.829076921859,-21.9627028851291));
#5582=AXIS2_PLACEMENT_3D('',#7048,#7049,#7050);
#5583=CARTESIAN_POINT('',(11.75,10.8520379278009,-22.0181356570798));
#5584=CARTESIAN_POINT('',(11.75,7.07082942371914,-12.8894908043651));
#5585=VECTOR('',#7051,1.0);
#5586=AXIS2_PLACEMENT_3D('',#7052,#7053,#7054);
#5587=CARTESIAN_POINT('',(11.75,12.2783414781311,-21.2557605261822));
#5588=AXIS2_PLACEMENT_3D('',#7055,#7056,#7057);
#5589=CARTESIAN_POINT('',(11.75,12.2450072641499,-21.2058723494441));
#5590=CARTESIAN_POINT('',(11.75,7.38667348963709,-13.9348620255558));
#5591=VECTOR('',#7058,1.0);
#5592=CARTESIAN_POINT('',(11.75,14.905710023518,-19.4280476037813));
#5593=AXIS2_PLACEMENT_3D('',#7059,#7060,#7061);
#5594=CARTESIAN_POINT('',(11.75,14.9390442374992,-19.4779357805195));
#5595=CARTESIAN_POINT('',(11.75,10.0473762490052,-12.1570372798931));
#5596=VECTOR('',#7062,1.0);
#5597=AXIS2_PLACEMENT_3D('',#7063,#7064,#7065);
#5598=CARTESIAN_POINT('',(11.75,16.189209755266,-18.451951455063));
#5599=AXIS2_PLACEMENT_3D('',#7066,#7067,#7068);
#5600=CARTESIAN_POINT('',(11.75,16.1467833483948,-18.4095250481918));
#5601=CARTESIAN_POINT('',(11.75,10.630187850966,-12.8929295507629));
#5602=VECTOR('',#7069,1.0);
#5603=CARTESIAN_POINT('',(11.75,18.4095250481918,-16.1467833483948));
#5604=AXIS2_PLACEMENT_3D('',#7070,#7071,#7072);
#5605=CARTESIAN_POINT('',(11.75,18.451951455063,-16.189209755266));
#5606=CARTESIAN_POINT('',(11.75,12.8929295507629,-10.630187850966));
#5607=VECTOR('',#7073,1.0);
#5608=AXIS2_PLACEMENT_3D('',#7074,#7075,#7076);
#5609=CARTESIAN_POINT('',(11.75,19.4779357805195,-14.9390442374992));
#5610=AXIS2_PLACEMENT_3D('',#7077,#7078,#7079);
#5611=CARTESIAN_POINT('',(11.75,19.4280476037813,-14.9057100235181));
#5612=CARTESIAN_POINT('',(11.75,13.5847776657506,-11.0013618753299));
#5613=VECTOR('',#7080,1.0);
#5614=CARTESIAN_POINT('',(11.75,21.2058723494441,-12.2450072641499));
#5615=AXIS2_PLACEMENT_3D('',#7081,#7082,#7083);
#5616=CARTESIAN_POINT('',(11.75,21.2557605261822,-12.2783414781311));
#5617=CARTESIAN_POINT('',(11.75,15.3626024114134,-8.34065911596177));
#5618=VECTOR('',#7084,1.0);
#5619=AXIS2_PLACEMENT_3D('',#7085,#7086,#7087);
#5620=CARTESIAN_POINT('',(11.75,22.0181356570798,-10.8520379278009));
#5621=AXIS2_PLACEMENT_3D('',#7088,#7089,#7090);
#5622=CARTESIAN_POINT('',(11.75,21.9627028851291,-10.829076921859));
#5623=CARTESIAN_POINT('',(11.75,16.0013658043651,-8.35981025312892));
#5624=VECTOR('',#7091,1.0);
#5625=CARTESIAN_POINT('',(11.75,23.1872898686974,-7.87266241782293));
#5626=AXIS2_PLACEMENT_3D('',#7092,#7093,#7094);
#5627=CARTESIAN_POINT('',(11.75,23.2427226406481,-7.89562342376483));
#5628=CARTESIAN_POINT('',(11.75,17.2259527879333,-5.4033957490928));
#5629=VECTOR('',#7095,1.0);
#5630=AXIS2_PLACEMENT_3D('',#7096,#7097,#7098);
#5631=CARTESIAN_POINT('',(11.75,23.7121909282513,-6.34799388643024));
#5632=AXIS2_PLACEMENT_3D('',#7099,#7100,#7101);
#5633=CARTESIAN_POINT('',(11.75,23.6533438114271,-6.33628846710927));
#5634=CARTESIAN_POINT('',(11.75,17.6721840475403,-5.14656181879858));
#5635=VECTOR('',#7102,1.0);
#5636=CARTESIAN_POINT('',(11.75,24.2776328418787,-3.19777556981894));
#5637=AXIS2_PLACEMENT_3D('',#7103,#7104,#7105);
#5638=CARTESIAN_POINT('',(11.75,24.3364799587029,-3.2094809891399));
#5639=CARTESIAN_POINT('',(11.75,18.2964730779919,-2.00804892150824));
#5640=VECTOR('',#7106,1.0);
#5641=AXIS2_PLACEMENT_3D('',#7107,#7108,#7109);
#5642=CARTESIAN_POINT('',(11.75,24.495,-1.6));
#5643=AXIS2_PLACEMENT_3D('',#7110,#7111,#7112);
#5644=CARTESIAN_POINT('',(11.75,24.435,-1.6));
#5645=CARTESIAN_POINT('',(11.75,18.45625,-1.6));
#5646=VECTOR('',#7113,1.0);
#5647=CARTESIAN_POINT('',(11.75,24.435,1.6));
#5648=AXIS2_PLACEMENT_3D('',#7114,#7115,#7116);
#5649=CARTESIAN_POINT('',(11.75,24.495,1.6));
#5650=CARTESIAN_POINT('',(11.75,18.45625,1.6));
#5651=VECTOR('',#7117,1.0);
#5652=CARTESIAN_POINT('',(11.75,24.8310633916198,1.78306361113672));
#5653=AXIS2_PLACEMENT_3D('',#7118,#7119,#7120);
#5654=AXIS2_PLACEMENT_3D('',#7121,#7122,#7123);
#5655=CARTESIAN_POINT('',(11.75,24.3364799587029,3.20948098913989));
#5656=CARTESIAN_POINT('',(11.75,24.7017999253321,3.09549760924841));
#5657=AXIS2_PLACEMENT_3D('',#7124,#7125,#7126);
#5658=CARTESIAN_POINT('',(11.75,24.2776328418787,3.19777556981893));
#5659=CARTESIAN_POINT('',(11.75,18.2964730779919,2.00804892150823));
#5660=VECTOR('',#7127,1.0);
#5661=CARTESIAN_POINT('',(11.75,23.6533438114271,6.33628846710926));
#5662=AXIS2_PLACEMENT_3D('',#7128,#7129,#7130);
#5663=CARTESIAN_POINT('',(11.75,23.7121909282513,6.34799388643023));
#5664=CARTESIAN_POINT('',(11.75,17.6721840475403,5.14656181879857));
#5665=VECTOR('',#7131,1.0);
#5666=CARTESIAN_POINT('',(11.75,24.0060830171883,6.59310269689958));
#5667=AXIS2_PLACEMENT_3D('',#7132,#7133,#7134);
#5668=AXIS2_PLACEMENT_3D('',#7135,#7136,#7137);
#5669=CARTESIAN_POINT('',(11.75,23.2427226406481,7.89562342376481));
#5670=CARTESIAN_POINT('',(11.75,23.6232601408429,7.85510059248531));
#5671=AXIS2_PLACEMENT_3D('',#7138,#7139,#7140);
#5672=CARTESIAN_POINT('',(11.75,23.1872898686974,7.87266241782291));
#5673=CARTESIAN_POINT('',(11.75,17.2259527879333,5.40339574909279));
#5674=VECTOR('',#7141,1.0);
#5675=CARTESIAN_POINT('',(11.75,21.9627028851291,10.829076921859));
#5676=AXIS2_PLACEMENT_3D('',#7142,#7143,#7144);
#5677=CARTESIAN_POINT('',(11.75,22.0181356570798,10.8520379278009));
#5678=CARTESIAN_POINT('',(11.75,16.0013658043651,8.35981025312891));
#5679=VECTOR('',#7145,1.0);
#5680=CARTESIAN_POINT('',(11.75,22.2585623351727,11.1497725434751));
#5681=AXIS2_PLACEMENT_3D('',#7146,#7147,#7148);
#5682=AXIS2_PLACEMENT_3D('',#7149,#7150,#7151);
#5683=CARTESIAN_POINT('',(11.75,19.655657585362,15.2779628840694));
#5684=CARTESIAN_POINT('',(11.75,19.4779357805195,14.9390442374992));
#5685=AXIS2_PLACEMENT_3D('',#7152,#7153,#7154);
#5686=CARTESIAN_POINT('',(11.75,21.636891717218,12.3128364651441));
#5687=AXIS2_PLACEMENT_3D('',#7155,#7156,#7157);
#5688=CARTESIAN_POINT('',(11.75,21.2557605261822,12.2783414781311));
#5689=AXIS2_PLACEMENT_3D('',#7158,#7159,#7160);
#5690=CARTESIAN_POINT('',(11.75,21.2058723494441,12.2450072641499));
#5691=CARTESIAN_POINT('',(11.75,15.3626024114134,8.34065911596177));
#5692=VECTOR('',#7161,1.0);
#5693=CARTESIAN_POINT('',(11.75,19.4280476037813,14.9057100235181));
#5694=AXIS2_PLACEMENT_3D('',#7162,#7163,#7164);
#5695=CARTESIAN_POINT('',(11.75,13.5847776657506,11.0013618753299));
#5696=VECTOR('',#7165,1.0);
#5697=CARTESIAN_POINT('',(11.75,16.2973969375656,18.8190296790092));
#5698=CARTESIAN_POINT('',(11.75,16.189209755266,18.451951455063));
#5699=AXIS2_PLACEMENT_3D('',#7166,#7167,#7168);
#5700=CARTESIAN_POINT('',(11.75,18.8190296790091,16.2973969375656));
#5701=AXIS2_PLACEMENT_3D('',#7169,#7170,#7171);
#5702=CARTESIAN_POINT('',(11.75,18.451951455063,16.189209755266));
#5703=AXIS2_PLACEMENT_3D('',#7172,#7173,#7174);
#5704=CARTESIAN_POINT('',(11.75,18.4095250481918,16.1467833483948));
#5705=CARTESIAN_POINT('',(11.75,12.8929295507629,10.630187850966));
#5706=VECTOR('',#7175,1.0);
#5707=CARTESIAN_POINT('',(11.75,16.1467833483948,18.4095250481918));
#5708=AXIS2_PLACEMENT_3D('',#7176,#7177,#7178);
#5709=CARTESIAN_POINT('',(11.75,10.630187850966,12.8929295507629));
#5710=VECTOR('',#7179,1.0);
#5711=CARTESIAN_POINT('',(11.75,12.312836465144,21.6368917172181));
#5712=CARTESIAN_POINT('',(11.75,12.2783414781311,21.2557605261822));
#5713=AXIS2_PLACEMENT_3D('',#7180,#7181,#7182);
#5714=CARTESIAN_POINT('',(11.75,15.2779628840693,19.655657585362));
#5715=AXIS2_PLACEMENT_3D('',#7183,#7184,#7185);
#5716=CARTESIAN_POINT('',(11.75,14.9390442374992,19.4779357805195));
#5717=AXIS2_PLACEMENT_3D('',#7186,#7187,#7188);
#5718=CARTESIAN_POINT('',(11.75,14.9057100235181,19.4280476037813));
#5719=CARTESIAN_POINT('',(11.75,10.0473762490052,12.1570372798931));
#5720=VECTOR('',#7189,1.0);
#5721=CARTESIAN_POINT('',(11.75,12.2450072641499,21.2058723494441));
#5722=AXIS2_PLACEMENT_3D('',#7190,#7191,#7192);
#5723=CARTESIAN_POINT('',(11.75,7.3866734896371,13.9348620255558));
#5724=VECTOR('',#7193,1.0);
#5725=CARTESIAN_POINT('',(11.75,7.85510059248525,23.6232601408429));
#5726=CARTESIAN_POINT('',(11.75,7.89562342376482,23.2427226406481));
#5727=AXIS2_PLACEMENT_3D('',#7194,#7195,#7196);
#5728=CARTESIAN_POINT('',(11.75,11.1497725434751,22.2585623351727));
#5729=AXIS2_PLACEMENT_3D('',#7197,#7198,#7199);
#5730=CARTESIAN_POINT('',(11.75,10.8520379278009,22.0181356570798));
#5731=AXIS2_PLACEMENT_3D('',#7200,#7201,#7202);
#5732=CARTESIAN_POINT('',(11.75,10.829076921859,21.9627028851291));
#5733=CARTESIAN_POINT('',(11.75,7.07082942371913,12.8894908043651));
#5734=VECTOR('',#7203,1.0);
#5735=CARTESIAN_POINT('',(11.75,7.87266241782291,23.1872898686974));
#5736=AXIS2_PLACEMENT_3D('',#7204,#7205,#7206);
#5737=CARTESIAN_POINT('',(11.75,4.11441491968301,14.1140777879333));
#5738=VECTOR('',#7207,1.0);
#5739=CARTESIAN_POINT('',(11.75,3.09549760924841,24.7017999253321));
#5740=CARTESIAN_POINT('',(11.75,3.20948098913989,24.3364799587029));
#5741=AXIS2_PLACEMENT_3D('',#7208,#7209,#7210);
#5742=CARTESIAN_POINT('',(11.75,6.59310269689952,24.0060830171883));
#5743=AXIS2_PLACEMENT_3D('',#7211,#7212,#7213);
#5744=CARTESIAN_POINT('',(11.75,6.34799388643023,23.7121909282513));
#5745=AXIS2_PLACEMENT_3D('',#7214,#7215,#7216);
#5746=CARTESIAN_POINT('',(11.75,6.33628846710926,23.6533438114271));
#5747=CARTESIAN_POINT('',(11.75,4.1925761924739,12.8761744333978));
#5748=VECTOR('',#7217,1.0);
#5749=CARTESIAN_POINT('',(11.75,3.19777556981893,24.2776328418787));
#5750=AXIS2_PLACEMENT_3D('',#7218,#7219,#7220);
#5751=CARTESIAN_POINT('',(11.75,1.05406329518356,13.5004634638494));
#5752=VECTOR('',#7221,1.0);
#5753=CARTESIAN_POINT('',(11.75,-1.78306361113678,24.8310633916198));
#5754=CARTESIAN_POINT('',(11.75,-1.6,24.495));
#5755=AXIS2_PLACEMENT_3D('',#7222,#7223,#7224);
#5756=CARTESIAN_POINT('',(11.75,1.78306361113672,24.8310633916198));
#5757=AXIS2_PLACEMENT_3D('',#7225,#7226,#7227);
#5758=CARTESIAN_POINT('',(11.75,1.6,24.495));
#5759=AXIS2_PLACEMENT_3D('',#7228,#7229,#7230);
#5760=CARTESIAN_POINT('',(11.75,1.6,24.435));
#5761=CARTESIAN_POINT('',(11.75,1.6,12.2325));
#5762=VECTOR('',#7231,1.0);
#5763=CARTESIAN_POINT('',(11.75,-1.6,24.435));
#5764=AXIS2_PLACEMENT_3D('',#7232,#7233,#7234);
#5765=CARTESIAN_POINT('',(11.75,-1.6,12.2325));
#5766=VECTOR('',#7235,1.0);
#5767=CARTESIAN_POINT('',(11.75,-6.59310269689958,24.0060830171883));
#5768=CARTESIAN_POINT('',(11.75,-6.34799388643023,23.7121909282513));
#5769=AXIS2_PLACEMENT_3D('',#7236,#7237,#7238);
#5770=CARTESIAN_POINT('',(11.75,-3.09549760924848,24.7017999253321));
#5771=AXIS2_PLACEMENT_3D('',#7239,#7240,#7241);
#5772=CARTESIAN_POINT('',(11.75,-3.20948098913989,24.3364799587029));
#5773=AXIS2_PLACEMENT_3D('',#7242,#7243,#7244);
#5774=CARTESIAN_POINT('',(11.75,-3.19777556981892,24.2776328418787));
#5775=CARTESIAN_POINT('',(11.75,-0.580308535650681,11.1187374516672));
#5776=VECTOR('',#7245,1.0);
#5777=CARTESIAN_POINT('',(11.75,-6.33628846710926,23.6533438114271));
#5778=AXIS2_PLACEMENT_3D('',#7246,#7247,#7248);
#5779=CARTESIAN_POINT('',(11.75,-3.71882143294102,10.4944484212156));
#5780=VECTOR('',#7249,1.0);
#5781=CARTESIAN_POINT('',(11.75,-11.1497725434751,22.2585623351727));
#5782=CARTESIAN_POINT('',(11.75,-10.8520379278009,22.0181356570798));
#5783=AXIS2_PLACEMENT_3D('',#7250,#7251,#7252);
#5784=CARTESIAN_POINT('',(11.75,-7.85510059248531,23.6232601408429));
#5785=AXIS2_PLACEMENT_3D('',#7253,#7254,#7255);
#5786=CARTESIAN_POINT('',(11.75,-7.89562342376481,23.2427226406481));
#5787=AXIS2_PLACEMENT_3D('',#7256,#7257,#7258);
#5788=CARTESIAN_POINT('',(11.75,-7.87266241782291,23.1872898686974));
#5789=CARTESIAN_POINT('',(11.75,-2.29152074909279,9.71322195852357));
#5790=VECTOR('',#7259,1.0);
#5791=CARTESIAN_POINT('',(11.75,-10.829076921859,21.9627028851291));
#5792=AXIS2_PLACEMENT_3D('',#7260,#7261,#7262);
#5793=CARTESIAN_POINT('',(11.75,-5.24793525312891,8.48863497495528));
#5794=VECTOR('',#7263,1.0);
#5795=CARTESIAN_POINT('',(11.75,-15.2779628840694,19.655657585362));
#5796=CARTESIAN_POINT('',(11.75,-14.9390442374992,19.4779357805195));
#5797=AXIS2_PLACEMENT_3D('',#7264,#7265,#7266);
#5798=CARTESIAN_POINT('',(11.75,-12.3128364651441,21.636891717218));
#5799=AXIS2_PLACEMENT_3D('',#7267,#7268,#7269);
#5800=CARTESIAN_POINT('',(11.75,-12.2783414781311,21.2557605261822));
#5801=AXIS2_PLACEMENT_3D('',#7270,#7271,#7272);
#5802=CARTESIAN_POINT('',(11.75,-12.2450072641499,21.2058723494441));
#5803=CARTESIAN_POINT('',(11.75,-3.54464950181932,8.18486678508869));
#5804=VECTOR('',#7273,1.0);
#5805=CARTESIAN_POINT('',(11.75,-14.905710023518,19.4280476037813));
#5806=AXIS2_PLACEMENT_3D('',#7274,#7275,#7276);
#5807=CARTESIAN_POINT('',(11.75,-6.20535226118747,6.40704203942596));
#5808=VECTOR('',#7277,1.0);
#5809=CARTESIAN_POINT('',(11.75,-18.8190296790092,16.2973969375656));
#5810=CARTESIAN_POINT('',(11.75,-18.451951455063,16.189209755266));
#5811=AXIS2_PLACEMENT_3D('',#7278,#7279,#7280);
#5812=CARTESIAN_POINT('',(11.75,-16.2973969375656,18.8190296790091));
#5813=AXIS2_PLACEMENT_3D('',#7281,#7282,#7283);
#5814=CARTESIAN_POINT('',(11.75,-16.189209755266,18.451951455063));
#5815=AXIS2_PLACEMENT_3D('',#7284,#7285,#7286);
#5816=CARTESIAN_POINT('',(11.75,-16.1467833483948,18.4095250481918));
#5817=CARTESIAN_POINT('',(11.75,-4.40643785096596,6.66917955076292));
#5818=VECTOR('',#7287,1.0);
#5819=CARTESIAN_POINT('',(11.75,-18.4095250481918,16.1467833483948));
#5820=AXIS2_PLACEMENT_3D('',#7288,#7289,#7290);
#5821=CARTESIAN_POINT('',(11.75,-6.66917955076292,4.40643785096596));
#5822=VECTOR('',#7291,1.0);
#5823=CARTESIAN_POINT('',(11.75,-21.6368917172181,12.312836465144));
#5824=CARTESIAN_POINT('',(11.75,-21.2557605261822,12.2783414781311));
#5825=AXIS2_PLACEMENT_3D('',#7292,#7293,#7294);
#5826=CARTESIAN_POINT('',(11.75,-19.655657585362,15.2779628840693));
#5827=AXIS2_PLACEMENT_3D('',#7295,#7296,#7297);
#5828=CARTESIAN_POINT('',(11.75,-19.4779357805195,14.9390442374992));
#5829=AXIS2_PLACEMENT_3D('',#7298,#7299,#7300);
#5830=CARTESIAN_POINT('',(11.75,-19.4280476037813,14.9057100235181));
#5831=CARTESIAN_POINT('',(11.75,-4.97930165356841,5.2513666348628));
#5832=VECTOR('',#7301,1.0);
#5833=CARTESIAN_POINT('',(11.75,-21.2058723494441,12.2450072641499));
#5834=AXIS2_PLACEMENT_3D('',#7302,#7303,#7304);
#5835=CARTESIAN_POINT('',(11.75,-6.75712639923114,2.59066387549465));
#5836=VECTOR('',#7305,1.0);
#5837=CARTESIAN_POINT('',(11.75,-23.6232601408429,7.85510059248525));
#5838=CARTESIAN_POINT('',(11.75,-23.2427226406481,7.89562342376482));
#5839=AXIS2_PLACEMENT_3D('',#7306,#7307,#7308);
#5840=CARTESIAN_POINT('',(11.75,-22.2585623351727,11.1497725434751));
#5841=AXIS2_PLACEMENT_3D('',#7309,#7310,#7311);
#5842=CARTESIAN_POINT('',(11.75,-22.0181356570798,10.8520379278009));
#5843=AXIS2_PLACEMENT_3D('',#7312,#7313,#7314);
#5844=CARTESIAN_POINT('',(11.75,-21.9627028851291,10.829076921859));
#5845=CARTESIAN_POINT('',(11.75,-5.37675997495528,3.95895442371913));
#5846=VECTOR('',#7315,1.0);
#5847=CARTESIAN_POINT('',(11.75,-23.1872898686974,7.87266241782291));
#5848=AXIS2_PLACEMENT_3D('',#7316,#7317,#7318);
#5849=CARTESIAN_POINT('',(11.75,-6.60134695852357,1.00253991968302));
#5850=VECTOR('',#7319,1.0);
#5851=CARTESIAN_POINT('',(11.75,-24.7017999253321,3.09549760924842));
#5852=CARTESIAN_POINT('',(11.75,-24.3364799587029,3.2094809891399));
#5853=AXIS2_PLACEMENT_3D('',#7320,#7321,#7322);
#5854=CARTESIAN_POINT('',(11.75,-24.0060830171883,6.59310269689953));
#5855=AXIS2_PLACEMENT_3D('',#7323,#7324,#7325);
#5856=CARTESIAN_POINT('',(11.75,-23.7121909282513,6.34799388643024));
#5857=AXIS2_PLACEMENT_3D('',#7326,#7327,#7328);
#5858=CARTESIAN_POINT('',(11.75,-23.6533438114271,6.33628846710927));
#5859=CARTESIAN_POINT('',(11.75,-5.69843880707315,2.76483580661635));
#5860=VECTOR('',#7329,1.0);
#5861=CARTESIAN_POINT('',(11.75,-24.2776328418787,3.19777556981893));
#5862=AXIS2_PLACEMENT_3D('',#7330,#7331,#7332);
#5863=CARTESIAN_POINT('',(11.75,-6.32272783752476,-0.37367709067399));
#5864=VECTOR('',#7333,1.0);
#5865=CARTESIAN_POINT('',(11.75,-24.495,-1.6));
#5866=AXIS2_PLACEMENT_3D('',#7334,#7335,#7336);
#5867=CARTESIAN_POINT('',(11.75,-24.8310633916198,1.78306361113672));
#5868=AXIS2_PLACEMENT_3D('',#7337,#7338,#7339);
#5869=CARTESIAN_POINT('',(11.75,-24.495,1.6));
#5870=AXIS2_PLACEMENT_3D('',#7340,#7341,#7342);
#5871=CARTESIAN_POINT('',(11.75,-24.435,1.6));
#5872=CARTESIAN_POINT('',(11.75,-6.00875,1.6));
#5873=VECTOR('',#7343,1.0);
#5874=CARTESIAN_POINT('',(11.75,-24.435,-1.6));
#5875=AXIS2_PLACEMENT_3D('',#7344,#7345,#7346);
#5876=CARTESIAN_POINT('',(11.75,-6.00875,-1.6));
#5877=VECTOR('',#7347,1.0);
#5878=CARTESIAN_POINT('',(11.75,-23.7121909282513,-6.34799388643023));
#5879=AXIS2_PLACEMENT_3D('',#7348,#7349,#7350);
#5880=CARTESIAN_POINT('',(11.75,-24.3364799587029,-3.2094809891399));
#5881=AXIS2_PLACEMENT_3D('',#7351,#7352,#7353);
#5882=CARTESIAN_POINT('',(11.75,-24.2776328418787,-3.19777556981893));
#5883=CARTESIAN_POINT('',(11.75,-6.32272783752476,0.373677090673993));
#5884=VECTOR('',#7354,1.0);
#5885=CARTESIAN_POINT('',(11.75,-23.6533438114271,-6.33628846710926));
#5886=AXIS2_PLACEMENT_3D('',#7355,#7356,#7357);
#5887=CARTESIAN_POINT('',(11.75,-5.69843880707315,-2.76483580661635));
#5888=VECTOR('',#7358,1.0);
#5889=AXIS2_PLACEMENT_3D('',#7359,#7360,#7361);
#5890=AXIS2_PLACEMENT_3D('',#7362,#7363,#7364);
#5891=AXIS2_PLACEMENT_3D('',#7365,#7366,#7367);
#5892=AXIS2_PLACEMENT_3D('',#7368,#7369,#7370);
#5893=AXIS2_PLACEMENT_3D('',#7371,#7372,#7373);
#5894=AXIS2_PLACEMENT_3D('',#7374,#7375,#7376);
#5895=AXIS2_PLACEMENT_3D('',#7377,#7378,#7379);
#5896=AXIS2_PLACEMENT_3D('',#7380,#7381,#7382);
#5897=AXIS2_PLACEMENT_3D('',#7383,#7384,#7385);
#5898=AXIS2_PLACEMENT_3D('',#7386,#7387,#7388);
#5899=AXIS2_PLACEMENT_3D('',#7389,#7390,#7391);
#5900=AXIS2_PLACEMENT_3D('',#7392,#7393,#7394);
#5901=AXIS2_PLACEMENT_3D('',#7395,#7396,#7397);
#5902=AXIS2_PLACEMENT_3D('',#7398,#7399,#7400);
#5903=AXIS2_PLACEMENT_3D('',#7401,#7402,#7403);
#5904=AXIS2_PLACEMENT_3D('',#7404,#7405,#7406);
#5905=AXIS2_PLACEMENT_3D('',#7407,#7408,#7409);
#5906=AXIS2_PLACEMENT_3D('',#7410,#7411,#7412);
#5907=CARTESIAN_POINT('',(11.75,-22.0181356570798,-10.8520379278009));
#5908=AXIS2_PLACEMENT_3D('',#7413,#7414,#7415);
#5909=CARTESIAN_POINT('',(11.75,-23.2427226406481,-7.89562342376481));
#5910=AXIS2_PLACEMENT_3D('',#7416,#7417,#7418);
#5911=CARTESIAN_POINT('',(11.75,-23.1872898686974,-7.87266241782291));
#5912=CARTESIAN_POINT('',(11.75,-6.60134695852357,-1.00253991968301));
#5913=VECTOR('',#7419,1.0);
#5914=CARTESIAN_POINT('',(11.75,-21.9627028851291,-10.829076921859));
#5915=AXIS2_PLACEMENT_3D('',#7420,#7421,#7422);
#5916=CARTESIAN_POINT('',(11.75,-5.37675997495528,-3.95895442371913));
#5917=VECTOR('',#7423,1.0);
#5918=CARTESIAN_POINT('',(2.75,-21.9627028851291,-10.829076921859));
#5919=CARTESIAN_POINT('',(-1.0,-21.9627028851291,-10.829076921859));
#5920=VECTOR('',#7424,1.0);
#5921=CARTESIAN_POINT('',(2.75,-22.0181356570798,-10.8520379278009));
#5922=CARTESIAN_POINT('',(2.75,-5.37675997495528,-3.95895442371913));
#5923=VECTOR('',#7425,1.0);
#5924=CARTESIAN_POINT('',(-1.0,-22.0181356570798,-10.8520379278009));
#5925=VECTOR('',#7426,1.0);
#5926=CARTESIAN_POINT('',(2.75,-23.1872898686974,-7.87266241782291));
#5927=CARTESIAN_POINT('',(-1.0,-23.1872898686974,-7.87266241782291));
#5928=VECTOR('',#7427,1.0);
#5929=AXIS2_PLACEMENT_3D('',#7428,#7429,#7430);
#5930=CARTESIAN_POINT('',(2.75,-23.2427226406481,-7.89562342376481));
#5931=CARTESIAN_POINT('',(-1.0,-23.2427226406481,-7.89562342376481));
#5932=VECTOR('',#7431,1.0);
#5933=CARTESIAN_POINT('',(2.75,-6.60134695852357,-1.00253991968301));
#5934=VECTOR('',#7432,1.0);
#5935=CARTESIAN_POINT('',(2.75,-23.6232601408429,-7.85510059248531));
#5936=CARTESIAN_POINT('',(-1.0,-23.6232601408429,-7.85510059248524));
#5937=VECTOR('',#7433,1.0);
#5938=AXIS2_PLACEMENT_3D('',#7434,#7435,#7436);
#5939=CARTESIAN_POINT('',(2.75,-24.0060830171883,-6.59310269689959));
#5940=CARTESIAN_POINT('',(-1.0,-24.0060830171883,-6.59310269689959));
#5941=VECTOR('',#7437,1.0);
#5942=AXIS2_PLACEMENT_3D('',#7438,#7439,#7440);
#5943=CARTESIAN_POINT('',(2.75,-23.7121909282513,-6.34799388643023));
#5944=CARTESIAN_POINT('',(-1.0,-23.7121909282513,-6.34799388643023));
#5945=VECTOR('',#7441,1.0);
#5946=AXIS2_PLACEMENT_3D('',#7442,#7443,#7444);
#5947=CARTESIAN_POINT('',(2.75,-23.6533438114271,-6.33628846710927));
#5948=CARTESIAN_POINT('',(-1.0,-23.6533438114271,-6.33628846710927));
#5949=VECTOR('',#7445,1.0);
#5950=CARTESIAN_POINT('',(2.75,-5.69843880707315,-2.76483580661635));
#5951=VECTOR('',#7446,1.0);
#5952=CARTESIAN_POINT('',(2.75,-24.2776328418787,-3.19777556981893));
#5953=CARTESIAN_POINT('',(-1.0,-24.2776328418787,-3.19777556981893));
#5954=VECTOR('',#7447,1.0);
#5955=AXIS2_PLACEMENT_3D('',#7448,#7449,#7450);
#5956=CARTESIAN_POINT('',(2.75,-24.3364799587029,-3.2094809891399));
#5957=CARTESIAN_POINT('',(-1.0,-24.3364799587029,-3.2094809891399));
#5958=VECTOR('',#7451,1.0);
#5959=CARTESIAN_POINT('',(2.75,-6.32272783752476,0.373677090673993));
#5960=VECTOR('',#7452,1.0);
#5961=CARTESIAN_POINT('',(2.75,-24.7017999253321,-3.09549760924848));
#5962=CARTESIAN_POINT('',(-1.0,-24.7017999253321,-3.09549760924841));
#5963=VECTOR('',#7453,1.0);
#5964=AXIS2_PLACEMENT_3D('',#7454,#7455,#7456);
#5965=CARTESIAN_POINT('',(2.75,-24.8310633916198,-1.78306361113678));
#5966=CARTESIAN_POINT('',(-1.0,-24.8310633916198,-1.78306361113678));
#5967=VECTOR('',#7457,1.0);
#5968=AXIS2_PLACEMENT_3D('',#7458,#7459,#7460);
#5969=CARTESIAN_POINT('',(2.75,-24.495,-1.6));
#5970=CARTESIAN_POINT('',(-1.0,-24.495,-1.6));
#5971=VECTOR('',#7461,1.0);
#5972=AXIS2_PLACEMENT_3D('',#7462,#7463,#7464);
#5973=CARTESIAN_POINT('',(2.75,-24.435,-1.6));
#5974=CARTESIAN_POINT('',(-1.0,-24.435,-1.6));
#5975=VECTOR('',#7465,1.0);
#5976=CARTESIAN_POINT('',(2.75,-6.00875,-1.6));
#5977=VECTOR('',#7466,1.0);
#5978=CARTESIAN_POINT('',(2.75,-24.435,1.6));
#5979=CARTESIAN_POINT('',(-1.0,-24.435,1.6));
#5980=VECTOR('',#7467,1.0);
#5981=AXIS2_PLACEMENT_3D('',#7468,#7469,#7470);
#5982=CARTESIAN_POINT('',(2.75,-24.495,1.6));
#5983=CARTESIAN_POINT('',(-1.0,-24.495,1.6));
#5984=VECTOR('',#7471,1.0);
#5985=CARTESIAN_POINT('',(2.75,-6.00875,1.6));
#5986=VECTOR('',#7472,1.0);
#5987=CARTESIAN_POINT('',(-1.0,-24.8310633916198,1.78306361113679));
#5988=VECTOR('',#7473,1.0);
#5989=AXIS2_PLACEMENT_3D('',#7474,#7475,#7476);
#5990=CARTESIAN_POINT('',(-1.0,-24.7017999253321,3.09549760924842));
#5991=VECTOR('',#7477,1.0);
#5992=CARTESIAN_POINT('',(2.75,-24.3364799587029,3.2094809891399));
#5993=CARTESIAN_POINT('',(-1.0,-24.3364799587029,3.2094809891399));
#5994=VECTOR('',#7478,1.0);
#5995=AXIS2_PLACEMENT_3D('',#7479,#7480,#7481);
#5996=CARTESIAN_POINT('',(2.75,-24.2776328418787,3.19777556981893));
#5997=CARTESIAN_POINT('',(-1.0,-24.2776328418787,3.19777556981893));
#5998=VECTOR('',#7482,1.0);
#5999=CARTESIAN_POINT('',(2.75,-6.32272783752476,-0.373677090673991));
#6000=VECTOR('',#7483,1.0);
#6001=CARTESIAN_POINT('',(2.75,-23.6533438114271,6.33628846710927));
#6002=CARTESIAN_POINT('',(-1.0,-23.6533438114271,6.33628846710927));
#6003=VECTOR('',#7484,1.0);
#6004=AXIS2_PLACEMENT_3D('',#7485,#7486,#7487);
#6005=CARTESIAN_POINT('',(2.75,-23.7121909282513,6.34799388643024));
#6006=CARTESIAN_POINT('',(-1.0,-23.7121909282513,6.34799388643024));
#6007=VECTOR('',#7488,1.0);
#6008=CARTESIAN_POINT('',(2.75,-5.69843880707315,2.76483580661635));
#6009=VECTOR('',#7489,1.0);
#6010=CARTESIAN_POINT('',(-1.0,-24.0060830171883,6.59310269689959));
#6011=VECTOR('',#7490,1.0);
#6012=AXIS2_PLACEMENT_3D('',#7491,#7492,#7493);
#6013=CARTESIAN_POINT('',(-1.0,-23.6232601408429,7.85510059248525));
#6014=VECTOR('',#7494,1.0);
#6015=CARTESIAN_POINT('',(2.75,-23.2427226406481,7.89562342376482));
#6016=CARTESIAN_POINT('',(-1.0,-23.2427226406481,7.89562342376482));
#6017=VECTOR('',#7495,1.0);
#6018=AXIS2_PLACEMENT_3D('',#7496,#7497,#7498);
#6019=CARTESIAN_POINT('',(2.75,-23.1872898686974,7.87266241782291));
#6020=CARTESIAN_POINT('',(-1.0,-23.1872898686974,7.87266241782291));
#6021=VECTOR('',#7499,1.0);
#6022=CARTESIAN_POINT('',(2.75,-6.60134695852357,1.00253991968301));
#6023=VECTOR('',#7500,1.0);
#6024=CARTESIAN_POINT('',(2.75,-21.9627028851291,10.829076921859));
#6025=CARTESIAN_POINT('',(-1.0,-21.9627028851291,10.829076921859));
#6026=VECTOR('',#7501,1.0);
#6027=AXIS2_PLACEMENT_3D('',#7502,#7503,#7504);
#6028=CARTESIAN_POINT('',(2.75,-22.0181356570798,10.8520379278009));
#6029=CARTESIAN_POINT('',(-1.0,-22.0181356570798,10.8520379278009));
#6030=VECTOR('',#7505,1.0);
#6031=CARTESIAN_POINT('',(2.75,-5.37675997495528,3.95895442371913));
#6032=VECTOR('',#7506,1.0);
#6033=CARTESIAN_POINT('',(-1.0,-22.2585623351727,11.1497725434751));
#6034=VECTOR('',#7507,1.0);
#6035=AXIS2_PLACEMENT_3D('',#7508,#7509,#7510);
#6036=CARTESIAN_POINT('',(-0.999999999999998,-21.6368917172181,12.312836465144));
#6037=VECTOR('',#7511,1.0);
#6038=CARTESIAN_POINT('',(2.75,-21.2557605261822,12.2783414781311));
#6039=CARTESIAN_POINT('',(-1.0,-21.2557605261822,12.2783414781311));
#6040=VECTOR('',#7512,1.0);
#6041=AXIS2_PLACEMENT_3D('',#7513,#7514,#7515);
#6042=CARTESIAN_POINT('',(2.75,-21.2058723494441,12.2450072641499));
#6043=CARTESIAN_POINT('',(-1.0,-21.2058723494441,12.2450072641499));
#6044=VECTOR('',#7516,1.0);
#6045=CARTESIAN_POINT('',(2.75,-6.75712639923114,2.59066387549465));
#6046=VECTOR('',#7517,1.0);
#6047=CARTESIAN_POINT('',(2.75,-19.4280476037813,14.9057100235181));
#6048=CARTESIAN_POINT('',(-1.0,-19.4280476037813,14.9057100235181));
#6049=VECTOR('',#7518,1.0);
#6050=AXIS2_PLACEMENT_3D('',#7519,#7520,#7521);
#6051=CARTESIAN_POINT('',(2.75,-19.4779357805195,14.9390442374992));
#6052=CARTESIAN_POINT('',(-1.0,-19.4779357805195,14.9390442374992));
#6053=VECTOR('',#7522,1.0);
#6054=CARTESIAN_POINT('',(2.75,-4.97930165356841,5.25136663486279));
#6055=VECTOR('',#7523,1.0);
#6056=CARTESIAN_POINT('',(-1.0,-19.655657585362,15.2779628840694));
#6057=VECTOR('',#7524,1.0);
#6058=AXIS2_PLACEMENT_3D('',#7525,#7526,#7527);
#6059=CARTESIAN_POINT('',(-1.0,-18.8190296790092,16.2973969375656));
#6060=VECTOR('',#7528,1.0);
#6061=CARTESIAN_POINT('',(2.75,-18.451951455063,16.189209755266));
#6062=CARTESIAN_POINT('',(-1.0,-18.451951455063,16.189209755266));
#6063=VECTOR('',#7529,1.0);
#6064=AXIS2_PLACEMENT_3D('',#7530,#7531,#7532);
#6065=CARTESIAN_POINT('',(2.75,-18.4095250481918,16.1467833483948));
#6066=CARTESIAN_POINT('',(-1.0,-18.4095250481918,16.1467833483948));
#6067=VECTOR('',#7533,1.0);
#6068=CARTESIAN_POINT('',(2.75,-6.66917955076292,4.40643785096596));
#6069=VECTOR('',#7534,1.0);
#6070=CARTESIAN_POINT('',(2.75,-16.1467833483948,18.4095250481918));
#6071=CARTESIAN_POINT('',(-1.0,-16.1467833483948,18.4095250481918));
#6072=VECTOR('',#7535,1.0);
#6073=AXIS2_PLACEMENT_3D('',#7536,#7537,#7538);
#6074=CARTESIAN_POINT('',(2.75,-16.189209755266,18.451951455063));
#6075=CARTESIAN_POINT('',(-1.0,-16.189209755266,18.451951455063));
#6076=VECTOR('',#7539,1.0);
#6077=CARTESIAN_POINT('',(2.75,-4.40643785096596,6.66917955076292));
#6078=VECTOR('',#7540,1.0);
#6079=CARTESIAN_POINT('',(-1.0,-16.2973969375656,18.8190296790092));
#6080=VECTOR('',#7541,1.0);
#6081=AXIS2_PLACEMENT_3D('',#7542,#7543,#7544);
#6082=CARTESIAN_POINT('',(-1.0,-15.2779628840694,19.655657585362));
#6083=VECTOR('',#7545,1.0);
#6084=CARTESIAN_POINT('',(2.75,-14.9390442374992,19.4779357805195));
#6085=CARTESIAN_POINT('',(-1.0,-14.9390442374992,19.4779357805195));
#6086=VECTOR('',#7546,1.0);
#6087=AXIS2_PLACEMENT_3D('',#7547,#7548,#7549);
#6088=CARTESIAN_POINT('',(2.75,-14.905710023518,19.4280476037813));
#6089=CARTESIAN_POINT('',(-1.0,-14.905710023518,19.4280476037813));
#6090=VECTOR('',#7550,1.0);
#6091=CARTESIAN_POINT('',(2.75,-6.20535226118747,6.40704203942596));
#6092=VECTOR('',#7551,1.0);
#6093=CARTESIAN_POINT('',(2.75,-12.2450072641499,21.2058723494441));
#6094=CARTESIAN_POINT('',(-1.0,-12.2450072641499,21.2058723494441));
#6095=VECTOR('',#7552,1.0);
#6096=AXIS2_PLACEMENT_3D('',#7553,#7554,#7555);
#6097=CARTESIAN_POINT('',(2.75,-12.2783414781311,21.2557605261822));
#6098=CARTESIAN_POINT('',(-1.0,-12.2783414781311,21.2557605261822));
#6099=VECTOR('',#7556,1.0);
#6100=CARTESIAN_POINT('',(2.75,-3.54464950181932,8.18486678508869));
#6101=VECTOR('',#7557,1.0);
#6102=CARTESIAN_POINT('',(-1.0,-12.312836465144,21.6368917172181));
#6103=VECTOR('',#7558,1.0);
#6104=AXIS2_PLACEMENT_3D('',#7559,#7560,#7561);
#6105=CARTESIAN_POINT('',(-1.0,-11.1497725434751,22.2585623351727));
#6106=VECTOR('',#7562,1.0);
#6107=CARTESIAN_POINT('',(2.75,-10.8520379278009,22.0181356570798));
#6108=CARTESIAN_POINT('',(-1.0,-10.8520379278009,22.0181356570798));
#6109=VECTOR('',#7563,0.999999999999999);
#6110=AXIS2_PLACEMENT_3D('',#7564,#7565,#7566);
#6111=CARTESIAN_POINT('',(2.75,-10.829076921859,21.9627028851291));
#6112=CARTESIAN_POINT('',(-1.0,-10.829076921859,21.9627028851291));
#6113=VECTOR('',#7567,0.999999999999999);
#6114=CARTESIAN_POINT('',(2.75,-5.24793525312891,8.48863497495528));
#6115=VECTOR('',#7568,1.0);
#6116=CARTESIAN_POINT('',(2.75,-7.87266241782291,23.1872898686974));
#6117=CARTESIAN_POINT('',(-1.0,-7.87266241782291,23.1872898686974));
#6118=VECTOR('',#7569,0.999999999999999);
#6119=AXIS2_PLACEMENT_3D('',#7570,#7571,#7572);
#6120=CARTESIAN_POINT('',(2.75,-7.89562342376481,23.2427226406481));
#6121=CARTESIAN_POINT('',(-1.0,-7.89562342376481,23.2427226406481));
#6122=VECTOR('',#7573,0.999999999999999);
#6123=CARTESIAN_POINT('',(2.75,-2.29152074909279,9.71322195852357));
#6124=VECTOR('',#7574,1.0);
#6125=CARTESIAN_POINT('',(-1.0,-7.85510059248525,23.6232601408429));
#6126=VECTOR('',#7575,1.0);
#6127=AXIS2_PLACEMENT_3D('',#7576,#7577,#7578);
#6128=CARTESIAN_POINT('',(-1.0,-6.59310269689958,24.0060830171883));
#6129=VECTOR('',#7579,1.0);
#6130=CARTESIAN_POINT('',(2.75,-6.34799388643023,23.7121909282513));
#6131=CARTESIAN_POINT('',(-1.0,-6.34799388643023,23.7121909282513));
#6132=VECTOR('',#7580,1.0);
#6133=AXIS2_PLACEMENT_3D('',#7581,#7582,#7583);
#6134=CARTESIAN_POINT('',(2.75,-6.33628846710926,23.6533438114271));
#6135=CARTESIAN_POINT('',(-1.0,-6.33628846710926,23.6533438114271));
#6136=VECTOR('',#7584,1.0);
#6137=CARTESIAN_POINT('',(2.75,-3.71882143294102,10.4944484212156));
#6138=VECTOR('',#7585,1.0);
#6139=CARTESIAN_POINT('',(2.75,-3.19777556981892,24.2776328418787));
#6140=CARTESIAN_POINT('',(-1.0,-3.19777556981892,24.2776328418787));
#6141=VECTOR('',#7586,1.0);
#6142=AXIS2_PLACEMENT_3D('',#7587,#7588,#7589);
#6143=CARTESIAN_POINT('',(2.75,-3.20948098913989,24.3364799587029));
#6144=CARTESIAN_POINT('',(-1.0,-3.20948098913989,24.3364799587029));
#6145=VECTOR('',#7590,1.0);
#6146=CARTESIAN_POINT('',(2.75,-0.580308535650681,11.1187374516672));
#6147=VECTOR('',#7591,1.0);
#6148=CARTESIAN_POINT('',(-1.0,-3.09549760924841,24.7017999253321));
#6149=VECTOR('',#7592,1.0);
#6150=AXIS2_PLACEMENT_3D('',#7593,#7594,#7595);
#6151=CARTESIAN_POINT('',(-1.0,-1.78306361113678,24.8310633916198));
#6152=VECTOR('',#7596,1.0);
#6153=CARTESIAN_POINT('',(2.75,-1.6,24.495));
#6154=CARTESIAN_POINT('',(-1.0,-1.6,24.495));
#6155=VECTOR('',#7597,1.0);
#6156=AXIS2_PLACEMENT_3D('',#7598,#7599,#7600);
#6157=CARTESIAN_POINT('',(2.75,-1.6,24.435));
#6158=CARTESIAN_POINT('',(-1.0,-1.6,24.435));
#6159=VECTOR('',#7601,1.0);
#6160=CARTESIAN_POINT('',(2.75,-1.6,12.2325));
#6161=VECTOR('',#7602,1.0);
#6162=CARTESIAN_POINT('',(2.75,1.6,24.435));
#6163=CARTESIAN_POINT('',(-1.0,1.6,24.435));
#6164=VECTOR('',#7603,1.0);
#6165=AXIS2_PLACEMENT_3D('',#7604,#7605,#7606);
#6166=CARTESIAN_POINT('',(2.75,1.6,24.495));
#6167=CARTESIAN_POINT('',(-1.0,1.6,24.495));
#6168=VECTOR('',#7607,1.0);
#6169=CARTESIAN_POINT('',(2.75,1.6,12.2325));
#6170=VECTOR('',#7608,1.0);
#6171=CARTESIAN_POINT('',(-1.0,1.78306361113678,24.8310633916198));
#6172=VECTOR('',#7609,1.0);
#6173=AXIS2_PLACEMENT_3D('',#7610,#7611,#7612);
#6174=CARTESIAN_POINT('',(-1.0,3.09549760924841,24.7017999253321));
#6175=VECTOR('',#7613,1.0);
#6176=CARTESIAN_POINT('',(2.75,3.20948098913989,24.3364799587029));
#6177=CARTESIAN_POINT('',(-1.0,3.20948098913989,24.3364799587029));
#6178=VECTOR('',#7614,1.0);
#6179=AXIS2_PLACEMENT_3D('',#7615,#7616,#7617);
#6180=CARTESIAN_POINT('',(2.75,3.19777556981893,24.2776328418787));
#6181=CARTESIAN_POINT('',(-1.0,3.19777556981893,24.2776328418787));
#6182=VECTOR('',#7618,1.0);
#6183=CARTESIAN_POINT('',(2.75,1.05406329518356,13.5004634638494));
#6184=VECTOR('',#7619,1.0);
#6185=CARTESIAN_POINT('',(2.75,6.33628846710926,23.6533438114271));
#6186=CARTESIAN_POINT('',(-1.0,6.33628846710926,23.6533438114271));
#6187=VECTOR('',#7620,1.0);
#6188=AXIS2_PLACEMENT_3D('',#7621,#7622,#7623);
#6189=CARTESIAN_POINT('',(2.75,6.34799388643023,23.7121909282513));
#6190=CARTESIAN_POINT('',(-1.0,6.34799388643023,23.7121909282513));
#6191=VECTOR('',#7624,1.0);
#6192=CARTESIAN_POINT('',(2.75,4.1925761924739,12.8761744333978));
#6193=VECTOR('',#7625,1.0);
#6194=CARTESIAN_POINT('',(-1.0,6.59310269689958,24.0060830171883));
#6195=VECTOR('',#7626,1.0);
#6196=AXIS2_PLACEMENT_3D('',#7627,#7628,#7629);
#6197=CARTESIAN_POINT('',(-1.0,7.85510059248525,23.6232601408429));
#6198=VECTOR('',#7630,1.0);
#6199=CARTESIAN_POINT('',(2.75,7.89562342376482,23.2427226406481));
#6200=CARTESIAN_POINT('',(-1.0,7.89562342376482,23.2427226406481));
#6201=VECTOR('',#7631,1.0);
#6202=AXIS2_PLACEMENT_3D('',#7632,#7633,#7634);
#6203=CARTESIAN_POINT('',(2.75,7.87266241782291,23.1872898686974));
#6204=CARTESIAN_POINT('',(-1.0,7.87266241782291,23.1872898686974));
#6205=VECTOR('',#7635,1.0);
#6206=CARTESIAN_POINT('',(2.75,4.11441491968301,14.1140777879333));
#6207=VECTOR('',#7636,1.0);
#6208=CARTESIAN_POINT('',(2.75,10.829076921859,21.9627028851291));
#6209=CARTESIAN_POINT('',(-1.0,10.829076921859,21.9627028851291));
#6210=VECTOR('',#7637,1.0);
#6211=AXIS2_PLACEMENT_3D('',#7638,#7639,#7640);
#6212=CARTESIAN_POINT('',(2.75,10.8520379278009,22.0181356570798));
#6213=CARTESIAN_POINT('',(-1.0,10.8520379278009,22.0181356570798));
#6214=VECTOR('',#7641,1.0);
#6215=CARTESIAN_POINT('',(2.75,7.07082942371913,12.8894908043651));
#6216=VECTOR('',#7642,1.0);
#6217=CARTESIAN_POINT('',(-1.0,11.1497725434751,22.2585623351727));
#6218=VECTOR('',#7643,1.0);
#6219=AXIS2_PLACEMENT_3D('',#7644,#7645,#7646);
#6220=CARTESIAN_POINT('',(-1.0,12.312836465144,21.6368917172181));
#6221=VECTOR('',#7647,1.0);
#6222=CARTESIAN_POINT('',(2.75,12.2783414781311,21.2557605261822));
#6223=CARTESIAN_POINT('',(-1.0,12.2783414781311,21.2557605261822));
#6224=VECTOR('',#7648,1.0);
#6225=AXIS2_PLACEMENT_3D('',#7649,#7650,#7651);
#6226=CARTESIAN_POINT('',(2.75,12.2450072641499,21.2058723494441));
#6227=CARTESIAN_POINT('',(-1.0,12.2450072641499,21.2058723494441));
#6228=VECTOR('',#7652,1.0);
#6229=CARTESIAN_POINT('',(2.75,7.3866734896371,13.9348620255558));
#6230=VECTOR('',#7653,1.0);
#6231=CARTESIAN_POINT('',(2.75,14.9057100235181,19.4280476037813));
#6232=CARTESIAN_POINT('',(-1.0,14.9057100235181,19.4280476037813));
#6233=VECTOR('',#7654,1.0);
#6234=AXIS2_PLACEMENT_3D('',#7655,#7656,#7657);
#6235=CARTESIAN_POINT('',(2.75,14.9390442374992,19.4779357805195));
#6236=CARTESIAN_POINT('',(-1.0,14.9390442374992,19.4779357805195));
#6237=VECTOR('',#7658,1.0);
#6238=CARTESIAN_POINT('',(2.75,10.0473762490052,12.1570372798931));
#6239=VECTOR('',#7659,1.0);
#6240=CARTESIAN_POINT('',(-1.0,15.2779628840694,19.655657585362));
#6241=VECTOR('',#7660,1.0);
#6242=AXIS2_PLACEMENT_3D('',#7661,#7662,#7663);
#6243=CARTESIAN_POINT('',(-1.0,16.2973969375656,18.8190296790092));
#6244=VECTOR('',#7664,1.0);
#6245=CARTESIAN_POINT('',(2.75,16.189209755266,18.451951455063));
#6246=CARTESIAN_POINT('',(-1.0,16.189209755266,18.451951455063));
#6247=VECTOR('',#7665,1.0);
#6248=AXIS2_PLACEMENT_3D('',#7666,#7667,#7668);
#6249=CARTESIAN_POINT('',(2.75,16.1467833483948,18.4095250481918));
#6250=CARTESIAN_POINT('',(-1.0,16.1467833483948,18.4095250481918));
#6251=VECTOR('',#7669,1.0);
#6252=CARTESIAN_POINT('',(2.75,10.630187850966,12.8929295507629));
#6253=VECTOR('',#7670,1.0);
#6254=CARTESIAN_POINT('',(2.75,18.4095250481918,16.1467833483948));
#6255=CARTESIAN_POINT('',(-1.0,18.4095250481918,16.1467833483948));
#6256=VECTOR('',#7671,1.0);
#6257=AXIS2_PLACEMENT_3D('',#7672,#7673,#7674);
#6258=CARTESIAN_POINT('',(2.75,18.451951455063,16.189209755266));
#6259=CARTESIAN_POINT('',(-1.0,18.451951455063,16.189209755266));
#6260=VECTOR('',#7675,1.0);
#6261=CARTESIAN_POINT('',(2.75,12.8929295507629,10.630187850966));
#6262=VECTOR('',#7676,1.0);
#6263=CARTESIAN_POINT('',(-1.0,18.8190296790092,16.2973969375656));
#6264=VECTOR('',#7677,1.0);
#6265=AXIS2_PLACEMENT_3D('',#7678,#7679,#7680);
#6266=CARTESIAN_POINT('',(-1.0,19.655657585362,15.2779628840694));
#6267=VECTOR('',#7681,1.0);
#6268=CARTESIAN_POINT('',(2.75,19.4779357805195,14.9390442374992));
#6269=CARTESIAN_POINT('',(-1.0,19.4779357805195,14.9390442374992));
#6270=VECTOR('',#7682,1.0);
#6271=AXIS2_PLACEMENT_3D('',#7683,#7684,#7685);
#6272=CARTESIAN_POINT('',(2.75,19.4280476037813,14.9057100235181));
#6273=CARTESIAN_POINT('',(-1.0,19.4280476037813,14.9057100235181));
#6274=VECTOR('',#7686,1.0);
#6275=CARTESIAN_POINT('',(2.75,13.5847776657506,11.0013618753299));
#6276=VECTOR('',#7687,1.0);
#6277=CARTESIAN_POINT('',(2.75,21.2058723494441,12.2450072641499));
#6278=CARTESIAN_POINT('',(-1.0,21.2058723494441,12.2450072641499));
#6279=VECTOR('',#7688,1.0);
#6280=AXIS2_PLACEMENT_3D('',#7689,#7690,#7691);
#6281=CARTESIAN_POINT('',(2.75,21.2557605261822,12.2783414781311));
#6282=CARTESIAN_POINT('',(-1.0,21.2557605261822,12.2783414781311));
#6283=VECTOR('',#7692,1.0);
#6284=CARTESIAN_POINT('',(2.75,15.3626024114134,8.34065911596177));
#6285=VECTOR('',#7693,1.0);
#6286=CARTESIAN_POINT('',(-1.0,21.6368917172181,12.312836465144));
#6287=VECTOR('',#7694,1.0);
#6288=AXIS2_PLACEMENT_3D('',#7695,#7696,#7697);
#6289=CARTESIAN_POINT('',(-1.0,22.2585623351727,11.1497725434751));
#6290=VECTOR('',#7698,1.0);
#6291=CARTESIAN_POINT('',(2.75,22.0181356570798,10.8520379278009));
#6292=CARTESIAN_POINT('',(-1.0,22.0181356570798,10.8520379278009));
#6293=VECTOR('',#7699,1.0);
#6294=AXIS2_PLACEMENT_3D('',#7700,#7701,#7702);
#6295=AXIS2_PLACEMENT_3D('',#7703,#7704,#7705);
#6296=CARTESIAN_POINT('',(2.75,21.9627028851291,10.829076921859));
#6297=CARTESIAN_POINT('',(2.75,16.0013658043651,8.35981025312891));
#6298=VECTOR('',#7706,1.0);
#6299=CARTESIAN_POINT('',(2.75,23.1872898686974,7.87266241782291));
#6300=AXIS2_PLACEMENT_3D('',#7707,#7708,#7709);
#6301=CARTESIAN_POINT('',(2.75,23.2427226406481,7.89562342376481));
#6302=CARTESIAN_POINT('',(2.75,17.2259527879333,5.40339574909279));
#6303=VECTOR('',#7710,1.0);
#6304=AXIS2_PLACEMENT_3D('',#7711,#7712,#7713);
#6305=CARTESIAN_POINT('',(2.75,24.3364799587029,3.20948098913989));
#6306=AXIS2_PLACEMENT_3D('',#7714,#7715,#7716);
#6307=CARTESIAN_POINT('',(2.75,23.7121909282513,6.34799388643023));
#6308=AXIS2_PLACEMENT_3D('',#7717,#7718,#7719);
#6309=CARTESIAN_POINT('',(2.75,23.6533438114271,6.33628846710926));
#6310=CARTESIAN_POINT('',(2.75,17.6721840475403,5.14656181879857));
#6311=VECTOR('',#7720,1.0);
#6312=CARTESIAN_POINT('',(2.75,24.2776328418787,3.19777556981893));
#6313=AXIS2_PLACEMENT_3D('',#7721,#7722,#7723);
#6314=CARTESIAN_POINT('',(2.75,18.2964730779919,2.00804892150823));
#6315=VECTOR('',#7724,1.0);
#6316=CARTESIAN_POINT('',(2.75,24.8310633916198,-1.78306361113672));
#6317=CARTESIAN_POINT('',(2.75,24.495,-1.6));
#6318=AXIS2_PLACEMENT_3D('',#7725,#7726,#7727);
#6319=AXIS2_PLACEMENT_3D('',#7728,#7729,#7730);
#6320=CARTESIAN_POINT('',(2.75,24.495,1.6));
#6321=AXIS2_PLACEMENT_3D('',#7731,#7732,#7733);
#6322=CARTESIAN_POINT('',(2.75,24.435,1.6));
#6323=CARTESIAN_POINT('',(2.75,18.45625,1.6));
#6324=VECTOR('',#7734,1.0);
#6325=CARTESIAN_POINT('',(2.75,24.435,-1.6));
#6326=AXIS2_PLACEMENT_3D('',#7735,#7736,#7737);
#6327=CARTESIAN_POINT('',(2.75,18.45625,-1.6));
#6328=VECTOR('',#7738,1.0);
#6329=CARTESIAN_POINT('',(2.75,24.0060830171883,-6.59310269689953));
#6330=CARTESIAN_POINT('',(2.75,23.7121909282513,-6.34799388643024));
#6331=AXIS2_PLACEMENT_3D('',#7739,#7740,#7741);
#6332=CARTESIAN_POINT('',(2.75,24.7017999253321,-3.09549760924849));
#6333=AXIS2_PLACEMENT_3D('',#7742,#7743,#7744);
#6334=CARTESIAN_POINT('',(2.75,24.3364799587029,-3.2094809891399));
#6335=AXIS2_PLACEMENT_3D('',#7745,#7746,#7747);
#6336=CARTESIAN_POINT('',(2.75,24.2776328418787,-3.19777556981894));
#6337=CARTESIAN_POINT('',(2.75,18.2964730779919,-2.00804892150824));
#6338=VECTOR('',#7748,1.0);
#6339=CARTESIAN_POINT('',(2.75,23.6533438114271,-6.33628846710927));
#6340=AXIS2_PLACEMENT_3D('',#7749,#7750,#7751);
#6341=CARTESIAN_POINT('',(2.75,17.6721840475403,-5.14656181879858));
#6342=VECTOR('',#7752,1.0);
#6343=CARTESIAN_POINT('',(2.75,22.2585623351727,-11.1497725434751));
#6344=CARTESIAN_POINT('',(2.75,22.0181356570798,-10.8520379278009));
#6345=AXIS2_PLACEMENT_3D('',#7753,#7754,#7755);
#6346=CARTESIAN_POINT('',(2.75,23.6232601408429,-7.85510059248526));
#6347=AXIS2_PLACEMENT_3D('',#7756,#7757,#7758);
#6348=CARTESIAN_POINT('',(2.75,23.2427226406481,-7.89562342376483));
#6349=AXIS2_PLACEMENT_3D('',#7759,#7760,#7761);
#6350=CARTESIAN_POINT('',(2.75,23.1872898686974,-7.87266241782293));
#6351=CARTESIAN_POINT('',(2.75,17.2259527879333,-5.4033957490928));
#6352=VECTOR('',#7762,1.0);
#6353=CARTESIAN_POINT('',(2.75,21.9627028851291,-10.829076921859));
#6354=AXIS2_PLACEMENT_3D('',#7763,#7764,#7765);
#6355=CARTESIAN_POINT('',(2.75,16.0013658043651,-8.35981025312892));
#6356=VECTOR('',#7766,1.0);
#6357=CARTESIAN_POINT('',(2.75,19.655657585362,-15.2779628840693));
#6358=CARTESIAN_POINT('',(2.75,19.4779357805195,-14.9390442374992));
#6359=AXIS2_PLACEMENT_3D('',#7767,#7768,#7769);
#6360=CARTESIAN_POINT('',(2.75,21.6368917172181,-12.312836465144));
#6361=AXIS2_PLACEMENT_3D('',#7770,#7771,#7772);
#6362=CARTESIAN_POINT('',(2.75,21.2557605261822,-12.2783414781311));
#6363=AXIS2_PLACEMENT_3D('',#7773,#7774,#7775);
#6364=CARTESIAN_POINT('',(2.75,21.2058723494441,-12.2450072641499));
#6365=CARTESIAN_POINT('',(2.75,15.3626024114134,-8.34065911596177));
#6366=VECTOR('',#7776,1.0);
#6367=CARTESIAN_POINT('',(2.75,19.4280476037813,-14.9057100235181));
#6368=AXIS2_PLACEMENT_3D('',#7777,#7778,#7779);
#6369=CARTESIAN_POINT('',(2.75,13.5847776657506,-11.0013618753299));
#6370=VECTOR('',#7780,1.0);
#6371=CARTESIAN_POINT('',(2.75,16.2973969375656,-18.8190296790091));
#6372=CARTESIAN_POINT('',(2.75,16.189209755266,-18.451951455063));
#6373=AXIS2_PLACEMENT_3D('',#7781,#7782,#7783);
#6374=CARTESIAN_POINT('',(2.75,18.8190296790092,-16.2973969375656));
#6375=AXIS2_PLACEMENT_3D('',#7784,#7785,#7786);
#6376=CARTESIAN_POINT('',(2.75,18.451951455063,-16.189209755266));
#6377=AXIS2_PLACEMENT_3D('',#7787,#7788,#7789);
#6378=CARTESIAN_POINT('',(2.75,18.4095250481918,-16.1467833483948));
#6379=CARTESIAN_POINT('',(2.75,12.8929295507629,-10.630187850966));
#6380=VECTOR('',#7790,1.0);
#6381=CARTESIAN_POINT('',(2.75,16.1467833483948,-18.4095250481918));
#6382=AXIS2_PLACEMENT_3D('',#7791,#7792,#7793);
#6383=CARTESIAN_POINT('',(2.75,10.630187850966,-12.8929295507629));
#6384=VECTOR('',#7794,1.0);
#6385=CARTESIAN_POINT('',(2.75,12.3128364651441,-21.636891717218));
#6386=CARTESIAN_POINT('',(2.75,12.2783414781311,-21.2557605261822));
#6387=AXIS2_PLACEMENT_3D('',#7795,#7796,#7797);
#6388=CARTESIAN_POINT('',(2.75,15.2779628840694,-19.655657585362));
#6389=AXIS2_PLACEMENT_3D('',#7798,#7799,#7800);
#6390=CARTESIAN_POINT('',(2.75,14.9390442374992,-19.4779357805195));
#6391=AXIS2_PLACEMENT_3D('',#7801,#7802,#7803);
#6392=CARTESIAN_POINT('',(2.75,14.905710023518,-19.4280476037813));
#6393=CARTESIAN_POINT('',(2.75,10.0473762490052,-12.1570372798931));
#6394=VECTOR('',#7804,1.0);
#6395=CARTESIAN_POINT('',(2.75,12.2450072641499,-21.2058723494441));
#6396=AXIS2_PLACEMENT_3D('',#7805,#7806,#7807);
#6397=CARTESIAN_POINT('',(2.75,7.38667348963709,-13.9348620255558));
#6398=VECTOR('',#7808,1.0);
#6399=CARTESIAN_POINT('',(2.75,7.85510059248532,-23.6232601408429));
#6400=CARTESIAN_POINT('',(2.75,7.89562342376482,-23.2427226406481));
#6401=AXIS2_PLACEMENT_3D('',#7809,#7810,#7811);
#6402=CARTESIAN_POINT('',(2.75,11.1497725434751,-22.2585623351727));
#6403=AXIS2_PLACEMENT_3D('',#7812,#7813,#7814);
#6404=CARTESIAN_POINT('',(2.75,10.8520379278009,-22.0181356570798));
#6405=AXIS2_PLACEMENT_3D('',#7815,#7816,#7817);
#6406=CARTESIAN_POINT('',(2.75,10.829076921859,-21.9627028851291));
#6407=CARTESIAN_POINT('',(2.75,7.07082942371914,-12.8894908043651));
#6408=VECTOR('',#7818,1.0);
#6409=CARTESIAN_POINT('',(2.75,7.87266241782292,-23.1872898686974));
#6410=AXIS2_PLACEMENT_3D('',#7819,#7820,#7821);
#6411=CARTESIAN_POINT('',(2.75,4.11441491968302,-14.1140777879333));
#6412=VECTOR('',#7822,1.0);
#6413=CARTESIAN_POINT('',(2.75,3.09549760924848,-24.7017999253321));
#6414=CARTESIAN_POINT('',(2.75,3.20948098913989,-24.3364799587029));
#6415=AXIS2_PLACEMENT_3D('',#7823,#7824,#7825);
#6416=CARTESIAN_POINT('',(2.75,6.59310269689958,-24.0060830171883));
#6417=AXIS2_PLACEMENT_3D('',#7826,#7827,#7828);
#6418=CARTESIAN_POINT('',(2.75,6.34799388643023,-23.7121909282513));
#6419=AXIS2_PLACEMENT_3D('',#7829,#7830,#7831);
#6420=CARTESIAN_POINT('',(2.75,6.33628846710926,-23.6533438114271));
#6421=CARTESIAN_POINT('',(2.75,4.1925761924739,-12.8761744333978));
#6422=VECTOR('',#7832,1.0);
#6423=CARTESIAN_POINT('',(2.75,3.19777556981893,-24.2776328418787));
#6424=AXIS2_PLACEMENT_3D('',#7833,#7834,#7835);
#6425=CARTESIAN_POINT('',(2.75,1.05406329518356,-13.5004634638494));
#6426=VECTOR('',#7836,1.0);
#6427=CARTESIAN_POINT('',(2.75,-1.78306361113672,-24.8310633916198));
#6428=CARTESIAN_POINT('',(2.75,-1.6,-24.495));
#6429=AXIS2_PLACEMENT_3D('',#7837,#7838,#7839);
#6430=CARTESIAN_POINT('',(2.75,1.78306361113678,-24.8310633916198));
#6431=AXIS2_PLACEMENT_3D('',#7840,#7841,#7842);
#6432=CARTESIAN_POINT('',(2.75,1.6,-24.495));
#6433=AXIS2_PLACEMENT_3D('',#7843,#7844,#7845);
#6434=CARTESIAN_POINT('',(2.75,1.6,-24.435));
#6435=CARTESIAN_POINT('',(2.75,1.6,-12.2325));
#6436=VECTOR('',#7846,1.0);
#6437=CARTESIAN_POINT('',(2.75,-1.6,-24.435));
#6438=AXIS2_PLACEMENT_3D('',#7847,#7848,#7849);
#6439=CARTESIAN_POINT('',(2.75,-1.6,-12.2325));
#6440=VECTOR('',#7850,1.0);
#6441=CARTESIAN_POINT('',(2.75,-6.59310269689953,-24.0060830171883));
#6442=CARTESIAN_POINT('',(2.75,-6.34799388643024,-23.7121909282513));
#6443=AXIS2_PLACEMENT_3D('',#7851,#7852,#7853);
#6444=CARTESIAN_POINT('',(2.75,-3.09549760924841,-24.7017999253321));
#6445=AXIS2_PLACEMENT_3D('',#7854,#7855,#7856);
#6446=CARTESIAN_POINT('',(2.75,-3.2094809891399,-24.3364799587029));
#6447=AXIS2_PLACEMENT_3D('',#7857,#7858,#7859);
#6448=CARTESIAN_POINT('',(2.75,-3.19777556981893,-24.2776328418787));
#6449=CARTESIAN_POINT('',(2.75,-0.580308535650685,-11.1187374516672));
#6450=VECTOR('',#7860,1.0);
#6451=CARTESIAN_POINT('',(2.75,-6.33628846710927,-23.6533438114271));
#6452=AXIS2_PLACEMENT_3D('',#7861,#7862,#7863);
#6453=CARTESIAN_POINT('',(2.75,-3.71882143294102,-10.4944484212156));
#6454=VECTOR('',#7864,1.0);
#6455=CARTESIAN_POINT('',(2.75,-11.1497725434751,-22.2585623351727));
#6456=CARTESIAN_POINT('',(2.75,-10.8520379278009,-22.0181356570798));
#6457=AXIS2_PLACEMENT_3D('',#7865,#7866,#7867);
#6458=CARTESIAN_POINT('',(2.75,-7.85510059248526,-23.6232601408429));
#6459=AXIS2_PLACEMENT_3D('',#7868,#7869,#7870);
#6460=CARTESIAN_POINT('',(2.75,-7.89562342376483,-23.2427226406481));
#6461=AXIS2_PLACEMENT_3D('',#7871,#7872,#7873);
#6462=CARTESIAN_POINT('',(2.75,-7.87266241782292,-23.1872898686974));
#6463=CARTESIAN_POINT('',(2.75,-2.29152074909279,-9.71322195852357));
#6464=VECTOR('',#7874,1.0);
#6465=CARTESIAN_POINT('',(2.75,-10.829076921859,-21.9627028851291));
#6466=AXIS2_PLACEMENT_3D('',#7875,#7876,#7877);
#6467=CARTESIAN_POINT('',(2.75,-5.24793525312891,-8.48863497495528));
#6468=VECTOR('',#7878,1.0);
#6469=CARTESIAN_POINT('',(2.75,-15.2779628840693,-19.655657585362));
#6470=CARTESIAN_POINT('',(2.75,-14.9390442374992,-19.4779357805195));
#6471=AXIS2_PLACEMENT_3D('',#7879,#7880,#7881);
#6472=CARTESIAN_POINT('',(2.75,-12.312836465144,-21.6368917172181));
#6473=AXIS2_PLACEMENT_3D('',#7882,#7883,#7884);
#6474=CARTESIAN_POINT('',(2.75,-12.2783414781311,-21.2557605261822));
#6475=AXIS2_PLACEMENT_3D('',#7885,#7886,#7887);
#6476=CARTESIAN_POINT('',(2.75,-12.2450072641499,-21.2058723494441));
#6477=CARTESIAN_POINT('',(2.75,-3.54464950181932,-8.18486678508869));
#6478=VECTOR('',#7888,1.0);
#6479=CARTESIAN_POINT('',(2.75,-14.9057100235181,-19.4280476037813));
#6480=AXIS2_PLACEMENT_3D('',#7889,#7890,#7891);
#6481=CARTESIAN_POINT('',(2.75,-6.20535226118747,-6.40704203942596));
#6482=VECTOR('',#7892,1.0);
#6483=CARTESIAN_POINT('',(2.75,-18.8190296790091,-16.2973969375656));
#6484=CARTESIAN_POINT('',(2.75,-18.451951455063,-16.189209755266));
#6485=AXIS2_PLACEMENT_3D('',#7893,#7894,#7895);
#6486=CARTESIAN_POINT('',(2.74999999999999,-16.2973969375656,-18.8190296790092));
#6487=AXIS2_PLACEMENT_3D('',#7896,#7897,#7898);
#6488=CARTESIAN_POINT('',(2.75,-16.189209755266,-18.451951455063));
#6489=AXIS2_PLACEMENT_3D('',#7899,#7900,#7901);
#6490=CARTESIAN_POINT('',(2.75,-16.1467833483948,-18.4095250481918));
#6491=CARTESIAN_POINT('',(2.75,-4.40643785096597,-6.66917955076292));
#6492=VECTOR('',#7902,1.0);
#6493=CARTESIAN_POINT('',(2.75,-18.4095250481918,-16.1467833483948));
#6494=AXIS2_PLACEMENT_3D('',#7903,#7904,#7905);
#6495=CARTESIAN_POINT('',(2.75,-6.66917955076292,-4.40643785096596));
#6496=VECTOR('',#7906,1.0);
#6497=CARTESIAN_POINT('',(2.75,-21.636891717218,-12.3128364651441));
#6498=CARTESIAN_POINT('',(2.75,-21.2557605261822,-12.2783414781311));
#6499=AXIS2_PLACEMENT_3D('',#7907,#7908,#7909);
#6500=CARTESIAN_POINT('',(2.75,-19.655657585362,-15.2779628840694));
#6501=AXIS2_PLACEMENT_3D('',#7910,#7911,#7912);
#6502=CARTESIAN_POINT('',(2.75,-19.4779357805195,-14.9390442374992));
#6503=AXIS2_PLACEMENT_3D('',#7913,#7914,#7915);
#6504=CARTESIAN_POINT('',(2.75,-19.4280476037813,-14.905710023518));
#6505=CARTESIAN_POINT('',(2.75,-4.97930165356841,-5.25136663486279));
#6506=VECTOR('',#7916,1.0);
#6507=CARTESIAN_POINT('',(2.75,-21.2058723494441,-12.2450072641499));
#6508=AXIS2_PLACEMENT_3D('',#7917,#7918,#7919);
#6509=CARTESIAN_POINT('',(2.75,-6.75712639923113,-2.59066387549465));
#6510=VECTOR('',#7920,1.0);
#6511=CARTESIAN_POINT('',(2.75,-22.2585623351727,-11.1497725434751));
#6512=AXIS2_PLACEMENT_3D('',#7921,#7922,#7923);
#6513=AXIS2_PLACEMENT_3D('',#7924,#7925,#7926);
#6514=AXIS2_PLACEMENT_3D('',#7927,#7928,#7929);
#6515=AXIS2_PLACEMENT_3D('',#7930,#7931,#7932);
#6516=AXIS2_PLACEMENT_3D('',#7933,#7934,#7935);
#6517=AXIS2_PLACEMENT_3D('',#7936,#7937,#7938);
#6518=AXIS2_PLACEMENT_3D('',#7939,#7940,#7941);
#6519=AXIS2_PLACEMENT_3D('',#7942,#7943,#7944);
#6520=AXIS2_PLACEMENT_3D('',#7945,#7946,#7947);
#6521=AXIS2_PLACEMENT_3D('',#7948,#7949,#7950);
#6522=AXIS2_PLACEMENT_3D('',#7951,#7952,#7953);
#6523=AXIS2_PLACEMENT_3D('',#7954,#7955,#7956);
#6524=AXIS2_PLACEMENT_3D('',#7957,#7958,#7959);
#6525=AXIS2_PLACEMENT_3D('',#7960,#7961,#7962);
#6526=AXIS2_PLACEMENT_3D('',#7963,#7964,#7965);
#6527=AXIS2_PLACEMENT_3D('',#7966,#7967,#7968);
#6528=AXIS2_PLACEMENT_3D('',#7969,#7970,#7971);
#6529=AXIS2_PLACEMENT_3D('',#7972,#7973,#7974);
#6530=AXIS2_PLACEMENT_3D('',#7975,#7976,#7977);
#6531=CARTESIAN_POINT('',(-1.0,-22.2585623351727,-11.1497725434751));
#6532=VECTOR('',#7978,1.0);
#6533=CARTESIAN_POINT('',(-0.999999999999998,-21.6368917172181,-12.312836465144));
#6534=VECTOR('',#7979,1.0);
#6535=CARTESIAN_POINT('',(-1.0,-21.2557605261822,-12.2783414781311));
#6536=VECTOR('',#7980,1.0);
#6537=CARTESIAN_POINT('',(-1.0,-21.2058723494441,-12.2450072641499));
#6538=VECTOR('',#7981,1.0);
#6539=CARTESIAN_POINT('',(-0.999999999999998,-19.4280476037813,-14.905710023518));
#6540=VECTOR('',#7982,1.0);
#6541=CARTESIAN_POINT('',(-0.999999999999998,-19.4779357805195,-14.9390442374992));
#6542=VECTOR('',#7983,1.0);
#6543=CARTESIAN_POINT('',(-0.999999999999996,-19.655657585362,-15.2779628840694));
#6544=VECTOR('',#7984,1.0);
#6545=CARTESIAN_POINT('',(-0.999999999999998,-18.8190296790092,-16.2973969375656));
#6546=VECTOR('',#7985,1.0);
#6547=CARTESIAN_POINT('',(-0.999999999999998,-18.451951455063,-16.189209755266));
#6548=VECTOR('',#7986,1.0);
#6549=CARTESIAN_POINT('',(-0.999999999999998,-18.4095250481918,-16.1467833483948));
#6550=VECTOR('',#7987,1.0);
#6551=CARTESIAN_POINT('',(-0.999999999999998,-16.1467833483948,-18.4095250481918));
#6552=VECTOR('',#7988,1.0);
#6553=CARTESIAN_POINT('',(-0.999999999999998,-16.189209755266,-18.451951455063));
#6554=VECTOR('',#7989,1.0);
#6555=CARTESIAN_POINT('',(-0.999999999999998,-16.2973969375656,-18.8190296790092));
#6556=VECTOR('',#7990,1.0);
#6557=CARTESIAN_POINT('',(-0.999999999999996,-15.2779628840694,-19.655657585362));
#6558=VECTOR('',#7991,1.0);
#6559=CARTESIAN_POINT('',(-0.999999999999998,-14.9390442374992,-19.4779357805195));
#6560=VECTOR('',#7992,1.0);
#6561=CARTESIAN_POINT('',(-0.999999999999998,-14.9057100235181,-19.4280476037813));
#6562=VECTOR('',#7993,1.0);
#6563=CARTESIAN_POINT('',(-0.999999999999998,-12.2450072641499,-21.2058723494441));
#6564=VECTOR('',#7994,1.0);
#6565=CARTESIAN_POINT('',(-0.999999999999998,-12.2783414781311,-21.2557605261822));
#6566=VECTOR('',#7995,1.0);
#6567=CARTESIAN_POINT('',(-0.999999999999998,-12.312836465144,-21.6368917172181));
#6568=VECTOR('',#7996,1.0);
#6569=CARTESIAN_POINT('',(-0.999999999999998,-11.1497725434751,-22.2585623351727));
#6570=VECTOR('',#7997,1.0);
#6571=CARTESIAN_POINT('',(-0.999999999999998,-10.8520379278009,-22.0181356570798));
#6572=VECTOR('',#7998,1.0);
#6573=CARTESIAN_POINT('',(-0.999999999999998,-10.829076921859,-21.9627028851291));
#6574=VECTOR('',#7999,1.0);
#6575=CARTESIAN_POINT('',(-0.999999999999998,-7.87266241782292,-23.1872898686974));
#6576=VECTOR('',#8000,1.0);
#6577=CARTESIAN_POINT('',(-0.999999999999998,-7.89562342376483,-23.2427226406481));
#6578=VECTOR('',#8001,1.0);
#6579=CARTESIAN_POINT('',(-0.999999999999996,-7.85510059248526,-23.6232601408429));
#6580=VECTOR('',#8002,1.0);
#6581=CARTESIAN_POINT('',(-0.999999999999998,-6.5931026968996,-24.0060830171883));
#6582=VECTOR('',#8003,1.0);
#6583=CARTESIAN_POINT('',(-0.999999999999998,-6.34799388643024,-23.7121909282513));
#6584=VECTOR('',#8004,1.0);
#6585=CARTESIAN_POINT('',(-0.999999999999998,-6.33628846710927,-23.6533438114271));
#6586=VECTOR('',#8005,1.0);
#6587=CARTESIAN_POINT('',(-0.999999999999998,-3.19777556981893,-24.2776328418787));
#6588=VECTOR('',#8006,1.0);
#6589=CARTESIAN_POINT('',(-0.999999999999998,-3.2094809891399,-24.3364799587029));
#6590=VECTOR('',#8007,1.0);
#6591=CARTESIAN_POINT('',(-0.999999999999998,-3.09549760924841,-24.7017999253321));
#6592=VECTOR('',#8008,1.0);
#6593=CARTESIAN_POINT('',(-0.999999999999998,-1.78306361113679,-24.8310633916198));
#6594=VECTOR('',#8009,1.0);
#6595=CARTESIAN_POINT('',(-0.999999999999998,-1.6,-24.495));
#6596=VECTOR('',#8010,1.0);
#6597=CARTESIAN_POINT('',(-0.999999999999998,-1.6,-24.435));
#6598=VECTOR('',#8011,1.0);
#6599=CARTESIAN_POINT('',(-0.999999999999998,1.6,-24.435));
#6600=VECTOR('',#8012,1.0);
#6601=CARTESIAN_POINT('',(-0.999999999999998,1.6,-24.495));
#6602=VECTOR('',#8013,1.0);
#6603=CARTESIAN_POINT('',(-0.999999999999998,1.78306361113678,-24.8310633916198));
#6604=VECTOR('',#8014,1.0);
#6605=CARTESIAN_POINT('',(-0.999999999999998,3.09549760924841,-24.7017999253321));
#6606=VECTOR('',#8015,1.0);
#6607=CARTESIAN_POINT('',(-0.999999999999998,3.20948098913989,-24.3364799587029));
#6608=VECTOR('',#8016,1.0);
#6609=CARTESIAN_POINT('',(-0.999999999999998,3.19777556981893,-24.2776328418787));
#6610=VECTOR('',#8017,1.0);
#6611=CARTESIAN_POINT('',(-0.999999999999998,6.33628846710926,-23.6533438114271));
#6612=VECTOR('',#8018,1.0);
#6613=CARTESIAN_POINT('',(-0.999999999999998,6.34799388643023,-23.7121909282513));
#6614=VECTOR('',#8019,1.0);
#6615=CARTESIAN_POINT('',(-0.999999999999998,6.59310269689958,-24.0060830171883));
#6616=VECTOR('',#8020,1.0);
#6617=CARTESIAN_POINT('',(-0.999999999999998,7.85510059248524,-23.6232601408429));
#6618=VECTOR('',#8021,1.0);
#6619=CARTESIAN_POINT('',(-0.999999999999998,7.89562342376482,-23.2427226406481));
#6620=VECTOR('',#8022,1.0);
#6621=CARTESIAN_POINT('',(-0.999999999999998,7.87266241782292,-23.1872898686974));
#6622=VECTOR('',#8023,1.0);
#6623=CARTESIAN_POINT('',(-0.999999999999998,10.829076921859,-21.9627028851291));
#6624=VECTOR('',#8024,1.0);
#6625=CARTESIAN_POINT('',(-0.999999999999998,10.8520379278009,-22.0181356570798));
#6626=VECTOR('',#8025,1.0);
#6627=CARTESIAN_POINT('',(-0.999999999999998,11.1497725434751,-22.2585623351727));
#6628=VECTOR('',#8026,1.0);
#6629=CARTESIAN_POINT('',(-0.999999999999998,12.312836465144,-21.6368917172181));
#6630=VECTOR('',#8027,1.0);
#6631=CARTESIAN_POINT('',(-0.999999999999998,12.2783414781311,-21.2557605261822));
#6632=VECTOR('',#8028,1.0);
#6633=CARTESIAN_POINT('',(-0.999999999999998,12.2450072641499,-21.2058723494441));
#6634=VECTOR('',#8029,1.0);
#6635=CARTESIAN_POINT('',(-0.999999999999998,14.905710023518,-19.4280476037813));
#6636=VECTOR('',#8030,1.0);
#6637=CARTESIAN_POINT('',(-0.999999999999998,14.9390442374992,-19.4779357805195));
#6638=VECTOR('',#8031,1.0);
#6639=CARTESIAN_POINT('',(-0.999999999999998,15.2779628840694,-19.655657585362));
#6640=VECTOR('',#8032,1.0);
#6641=CARTESIAN_POINT('',(-0.999999999999998,16.2973969375656,-18.8190296790092));
#6642=VECTOR('',#8033,1.0);
#6643=CARTESIAN_POINT('',(-0.999999999999998,16.189209755266,-18.451951455063));
#6644=VECTOR('',#8034,1.0);
#6645=CARTESIAN_POINT('',(-0.999999999999998,16.1467833483948,-18.4095250481918));
#6646=VECTOR('',#8035,1.0);
#6647=CARTESIAN_POINT('',(-0.999999999999998,18.4095250481918,-16.1467833483948));
#6648=VECTOR('',#8036,1.0);
#6649=CARTESIAN_POINT('',(-0.999999999999998,18.451951455063,-16.189209755266));
#6650=VECTOR('',#8037,1.0);
#6651=CARTESIAN_POINT('',(-0.999999999999998,18.8190296790092,-16.2973969375656));
#6652=VECTOR('',#8038,1.0);
#6653=CARTESIAN_POINT('',(-0.999999999999996,19.655657585362,-15.2779628840694));
#6654=VECTOR('',#8039,1.0);
#6655=CARTESIAN_POINT('',(-0.999999999999998,19.4779357805195,-14.9390442374992));
#6656=VECTOR('',#8040,1.0);
#6657=CARTESIAN_POINT('',(-0.999999999999998,19.4280476037813,-14.9057100235181));
#6658=VECTOR('',#8041,1.0);
#6659=CARTESIAN_POINT('',(-1.0,21.2058723494441,-12.2450072641499));
#6660=VECTOR('',#8042,1.0);
#6661=CARTESIAN_POINT('',(-1.0,21.2557605261822,-12.2783414781311));
#6662=VECTOR('',#8043,1.0);
#6663=CARTESIAN_POINT('',(-1.0,21.6368917172181,-12.312836465144));
#6664=VECTOR('',#8044,1.0);
#6665=CARTESIAN_POINT('',(-1.0,22.2585623351727,-11.1497725434751));
#6666=VECTOR('',#8045,1.0);
#6667=CARTESIAN_POINT('',(-1.0,22.0181356570798,-10.8520379278009));
#6668=VECTOR('',#8046,1.0);
#6669=CARTESIAN_POINT('',(-1.0,21.9627028851291,-10.829076921859));
#6670=VECTOR('',#8047,1.0);
#6671=CARTESIAN_POINT('',(-1.0,23.1872898686974,-7.87266241782293));
#6672=VECTOR('',#8048,1.0);
#6673=CARTESIAN_POINT('',(-1.0,23.2427226406481,-7.89562342376483));
#6674=VECTOR('',#8049,1.0);
#6675=CARTESIAN_POINT('',(-1.0,23.6232601408429,-7.85510059248526));
#6676=VECTOR('',#8050,1.0);
#6677=CARTESIAN_POINT('',(-0.999999999999998,24.0060830171883,-6.5931026968996));
#6678=VECTOR('',#8051,1.0);
#6679=CARTESIAN_POINT('',(-1.0,23.7121909282513,-6.34799388643024));
#6680=VECTOR('',#8052,1.0);
#6681=CARTESIAN_POINT('',(-1.0,23.6533438114271,-6.33628846710927));
#6682=VECTOR('',#8053,1.0);
#6683=CARTESIAN_POINT('',(-1.0,24.2776328418787,-3.19777556981894));
#6684=VECTOR('',#8054,1.0);
#6685=CARTESIAN_POINT('',(-1.0,24.3364799587029,-3.2094809891399));
#6686=VECTOR('',#8055,1.0);
#6687=CARTESIAN_POINT('',(-1.0,24.7017999253321,-3.09549760924841));
#6688=VECTOR('',#8056,1.0);
#6689=CARTESIAN_POINT('',(-1.0,24.8310633916198,-1.78306361113678));
#6690=VECTOR('',#8057,1.0);
#6691=CARTESIAN_POINT('',(-1.0,24.495,-1.6));
#6692=VECTOR('',#8058,1.0);
#6693=CARTESIAN_POINT('',(-1.0,24.435,-1.6));
#6694=VECTOR('',#8059,1.0);
#6695=CARTESIAN_POINT('',(-1.0,24.435,1.6));
#6696=VECTOR('',#8060,1.0);
#6697=CARTESIAN_POINT('',(-1.0,24.495,1.6));
#6698=VECTOR('',#8061,1.0);
#6699=CARTESIAN_POINT('',(-1.0,24.8310633916198,1.78306361113678));
#6700=VECTOR('',#8062,1.0);
#6701=CARTESIAN_POINT('',(-1.0,24.7017999253321,3.09549760924841));
#6702=VECTOR('',#8063,1.0);
#6703=CARTESIAN_POINT('',(-1.0,24.3364799587029,3.20948098913989));
#6704=VECTOR('',#8064,1.0);
#6705=CARTESIAN_POINT('',(-1.0,24.2776328418787,3.19777556981893));
#6706=VECTOR('',#8065,1.0);
#6707=CARTESIAN_POINT('',(-1.0,23.6533438114271,6.33628846710926));
#6708=VECTOR('',#8066,1.0);
#6709=CARTESIAN_POINT('',(-1.0,21.9627028851291,10.829076921859));
#6710=VECTOR('',#8067,1.0);
#6711=CARTESIAN_POINT('',(-1.0,23.1872898686974,7.87266241782291));
#6712=VECTOR('',#8068,1.0);
#6713=CARTESIAN_POINT('',(-1.0,23.6232601408429,7.85510059248524));
#6714=VECTOR('',#8069,1.0);
#6715=CARTESIAN_POINT('',(-1.0,23.2427226406481,7.89562342376481));
#6716=VECTOR('',#8070,1.0);
#6717=CARTESIAN_POINT('',(-1.0,24.0060830171883,6.59310269689958));
#6718=VECTOR('',#8071,1.0);
#6719=CARTESIAN_POINT('',(-1.0,23.7121909282513,6.34799388643023));
#6720=VECTOR('',#8072,1.0);
#6721=DIRECTION('',(0.655964026677602,-0.754792153976779,9.24323267575242E-017));
#6722=CARTESIAN_POINT('',(0.939692620785909,0.0,0.0));
#6723=DIRECTION('',(1.0,0.0,0.0));
#6724=DIRECTION('',(0.0,1.0,0.0));
#6725=DIRECTION('',(-0.655964026677602,-0.754792153976779,9.24323267575242E-017));
#6726=CARTESIAN_POINT('',(2.75,0.0,0.0));
#6727=DIRECTION('',(1.0,0.0,0.0));
#6728=DIRECTION('',(0.0,1.0,0.0));
#6729=CARTESIAN_POINT('',(2.75,0.0,1.68383373650577E-016));
#6730=DIRECTION('',(1.0,0.0,6.12303176911189E-017));
#6731=DIRECTION('',(6.12303176911189E-017,0.0,-1.0));
#6732=CARTESIAN_POINT('',(2.75,0.0,0.0));
#6733=DIRECTION('',(1.0,0.0,0.0));
#6734=DIRECTION('',(0.0,1.0,0.0));
#6735=CARTESIAN_POINT('',(2.75,0.0,1.68383373650577E-016));
#6736=DIRECTION('',(1.0,0.0,6.12303176911189E-017));
#6737=DIRECTION('',(6.12303176911189E-017,0.0,-1.0));
#6738=CARTESIAN_POINT('',(2.75,0.0,0.0));
#6739=DIRECTION('',(1.0,0.0,0.0));
#6740=DIRECTION('',(0.0,1.0,0.0));
#6741=CARTESIAN_POINT('',(2.75,0.0,1.68383373650577E-016));
#6742=DIRECTION('',(1.0,0.0,6.12303176911189E-017));
#6743=DIRECTION('',(6.12303176911189E-017,0.0,-1.0));
#6744=CARTESIAN_POINT('',(2.75,0.0,0.0));
#6745=DIRECTION('',(1.0,0.0,0.0));
#6746=DIRECTION('',(0.0,1.0,0.0));
#6747=CARTESIAN_POINT('',(2.75,0.0,1.68383373650577E-016));
#6748=DIRECTION('',(1.0,0.0,6.12303176911189E-017));
#6749=DIRECTION('',(6.12303176911189E-017,0.0,-1.0));
#6750=CARTESIAN_POINT('',(2.75,0.0,0.0));
#6751=DIRECTION('',(1.0,0.0,0.0));
#6752=DIRECTION('',(0.0,1.0,0.0));
#6753=CARTESIAN_POINT('',(2.75,0.0,1.68383373650577E-016));
#6754=DIRECTION('',(1.0,0.0,6.12303176911189E-017));
#6755=DIRECTION('',(6.12303176911189E-017,0.0,-1.0));
#6756=CARTESIAN_POINT('',(2.75,0.0,0.0));
#6757=DIRECTION('',(1.0,0.0,0.0));
#6758=DIRECTION('',(0.0,1.0,0.0));
#6759=CARTESIAN_POINT('',(2.75,0.0,1.68383373650577E-016));
#6760=DIRECTION('',(1.0,0.0,6.12303176911189E-017));
#6761=DIRECTION('',(6.12303176911189E-017,0.0,-1.0));
#6762=CARTESIAN_POINT('',(2.75,0.0,0.0));
#6763=DIRECTION('',(1.0,0.0,0.0));
#6764=DIRECTION('',(0.0,1.0,0.0));
#6765=CARTESIAN_POINT('',(2.75,0.0,1.68383373650577E-016));
#6766=DIRECTION('',(1.0,0.0,6.12303176911189E-017));
#6767=DIRECTION('',(6.12303176911189E-017,0.0,-1.0));
#6768=CARTESIAN_POINT('',(2.75,0.0,0.0));
#6769=DIRECTION('',(1.0,0.0,0.0));
#6770=DIRECTION('',(0.0,1.0,0.0));
#6771=CARTESIAN_POINT('',(2.75,0.0,1.68383373650577E-016));
#6772=DIRECTION('',(1.0,0.0,6.12303176911189E-017));
#6773=DIRECTION('',(6.12303176911189E-017,0.0,-1.0));
#6774=CARTESIAN_POINT('',(2.75,0.0,0.0));
#6775=DIRECTION('',(1.0,0.0,0.0));
#6776=DIRECTION('',(0.0,1.0,0.0));
#6777=CARTESIAN_POINT('',(2.75,0.0,1.68383373650577E-016));
#6778=DIRECTION('',(1.0,0.0,6.12303176911189E-017));
#6779=DIRECTION('',(6.12303176911189E-017,0.0,-1.0));
#6780=CARTESIAN_POINT('',(2.75,0.0,0.0));
#6781=DIRECTION('',(1.0,0.0,0.0));
#6782=DIRECTION('',(0.0,1.0,0.0));
#6783=CARTESIAN_POINT('',(2.75,0.0,1.68383373650577E-016));
#6784=DIRECTION('',(1.0,0.0,6.12303176911189E-017));
#6785=DIRECTION('',(6.12303176911189E-017,0.0,-1.0));
#6786=CARTESIAN_POINT('',(2.75,0.0,0.0));
#6787=DIRECTION('',(1.0,0.0,0.0));
#6788=DIRECTION('',(0.0,1.0,0.0));
#6789=CARTESIAN_POINT('',(2.75,0.0,1.68383373650577E-016));
#6790=DIRECTION('',(1.0,0.0,6.12303176911189E-017));
#6791=DIRECTION('',(6.12303176911189E-017,0.0,-1.0));
#6792=CARTESIAN_POINT('',(2.75,0.0,0.0));
#6793=DIRECTION('',(1.0,0.0,0.0));
#6794=DIRECTION('',(0.0,1.0,0.0));
#6795=CARTESIAN_POINT('',(2.75,0.0,1.68383373650577E-016));
#6796=DIRECTION('',(1.0,0.0,6.12303176911189E-017));
#6797=DIRECTION('',(6.12303176911189E-017,0.0,-1.0));
#6798=CARTESIAN_POINT('',(2.75,0.0,0.0));
#6799=DIRECTION('',(1.0,0.0,0.0));
#6800=DIRECTION('',(0.0,1.0,0.0));
#6801=CARTESIAN_POINT('',(2.75,0.0,1.68383373650577E-016));
#6802=DIRECTION('',(1.0,0.0,6.12303176911189E-017));
#6803=DIRECTION('',(6.12303176911189E-017,0.0,-1.0));
#6804=CARTESIAN_POINT('',(2.75,0.0,0.0));
#6805=DIRECTION('',(1.0,0.0,0.0));
#6806=DIRECTION('',(0.0,1.0,0.0));
#6807=CARTESIAN_POINT('',(2.75,0.0,1.68383373650577E-016));
#6808=DIRECTION('',(1.0,0.0,6.12303176911189E-017));
#6809=DIRECTION('',(6.12303176911189E-017,0.0,-1.0));
#6810=CARTESIAN_POINT('',(2.75,0.0,0.0));
#6811=DIRECTION('',(1.0,0.0,0.0));
#6812=DIRECTION('',(0.0,1.0,0.0));
#6813=CARTESIAN_POINT('',(2.75,0.0,1.68383373650577E-016));
#6814=DIRECTION('',(1.0,0.0,6.12303176911189E-017));
#6815=DIRECTION('',(6.12303176911189E-017,0.0,-1.0));
#6816=CARTESIAN_POINT('',(2.75,0.0,0.0));
#6817=DIRECTION('',(1.0,0.0,0.0));
#6818=DIRECTION('',(0.0,1.0,0.0));
#6819=CARTESIAN_POINT('',(2.75,0.0,1.68383373650577E-016));
#6820=DIRECTION('',(1.0,0.0,6.12303176911189E-017));
#6821=DIRECTION('',(6.12303176911189E-017,0.0,-1.0));
#6822=CARTESIAN_POINT('',(2.75,0.0,0.0));
#6823=DIRECTION('',(1.0,0.0,0.0));
#6824=DIRECTION('',(0.0,1.0,0.0));
#6825=DIRECTION('',(0.939692620785908,0.342020143325669,-4.18840040651855E-017));
#6826=CARTESIAN_POINT('',(0.0,0.0,0.0));
#6827=DIRECTION('',(1.0,0.0,0.0));
#6828=DIRECTION('',(0.0,1.0,0.0));
#6829=DIRECTION('',(-0.939692620785908,0.342020143325669,-4.18840040651855E-017));
#6830=DIRECTION('',(-0.655964026677602,-0.754792153976779,-1.72762098252355E-016));
#6831=CARTESIAN_POINT('',(13.5603073792141,0.0,7.72764251115781E-016));
#6832=DIRECTION('',(-1.0,0.0,-1.22460635382238E-016));
#6833=DIRECTION('',(0.0,1.0,0.0));
#6834=DIRECTION('',(0.655964026677602,-0.754792153976779,-1.21025552626939E-017));
#6835=CARTESIAN_POINT('',(11.75,0.0,5.5107285922007E-016));
#6836=DIRECTION('',(-1.0,0.0,-1.22460635382238E-016));
#6837=DIRECTION('',(0.0,1.0,0.0));
#6838=CARTESIAN_POINT('',(11.75,0.0,7.19456232870647E-016));
#6839=DIRECTION('',(-1.0,-0.0,-6.12303176911189E-017));
#6840=DIRECTION('',(6.12303176911189E-017,0.0,-1.0));
#6841=CARTESIAN_POINT('',(11.75,0.0,5.5107285922007E-016));
#6842=DIRECTION('',(-1.0,0.0,-1.22460635382238E-016));
#6843=DIRECTION('',(0.0,1.0,0.0));
#6844=CARTESIAN_POINT('',(11.75,0.0,7.19456232870647E-016));
#6845=DIRECTION('',(-1.0,-0.0,-6.12303176911189E-017));
#6846=DIRECTION('',(6.12303176911189E-017,0.0,-1.0));
#6847=CARTESIAN_POINT('',(11.75,0.0,5.5107285922007E-016));
#6848=DIRECTION('',(-1.0,0.0,-1.22460635382238E-016));
#6849=DIRECTION('',(0.0,1.0,0.0));
#6850=CARTESIAN_POINT('',(11.75,0.0,7.19456232870647E-016));
#6851=DIRECTION('',(-1.0,-0.0,-6.12303176911189E-017));
#6852=DIRECTION('',(6.12303176911189E-017,0.0,-1.0));
#6853=CARTESIAN_POINT('',(11.75,0.0,5.5107285922007E-016));
#6854=DIRECTION('',(-1.0,0.0,-1.22460635382238E-016));
#6855=DIRECTION('',(0.0,1.0,0.0));
#6856=CARTESIAN_POINT('',(11.75,0.0,7.19456232870647E-016));
#6857=DIRECTION('',(-1.0,-0.0,-6.12303176911189E-017));
#6858=DIRECTION('',(6.12303176911189E-017,0.0,-1.0));
#6859=CARTESIAN_POINT('',(11.75,0.0,5.5107285922007E-016));
#6860=DIRECTION('',(-1.0,0.0,-1.22460635382238E-016));
#6861=DIRECTION('',(0.0,1.0,0.0));
#6862=CARTESIAN_POINT('',(11.75,0.0,7.19456232870647E-016));
#6863=DIRECTION('',(-1.0,-0.0,-6.12303176911189E-017));
#6864=DIRECTION('',(6.12303176911189E-017,0.0,-1.0));
#6865=CARTESIAN_POINT('',(11.75,0.0,5.5107285922007E-016));
#6866=DIRECTION('',(-1.0,0.0,-1.22460635382238E-016));
#6867=DIRECTION('',(0.0,1.0,0.0));
#6868=CARTESIAN_POINT('',(11.75,0.0,7.19456232870647E-016));
#6869=DIRECTION('',(-1.0,-0.0,-6.12303176911189E-017));
#6870=DIRECTION('',(6.12303176911189E-017,0.0,-1.0));
#6871=CARTESIAN_POINT('',(11.75,0.0,5.5107285922007E-016));
#6872=DIRECTION('',(-1.0,0.0,-1.22460635382238E-016));
#6873=DIRECTION('',(0.0,1.0,0.0));
#6874=CARTESIAN_POINT('',(11.75,0.0,7.19456232870647E-016));
#6875=DIRECTION('',(-1.0,-0.0,-6.12303176911189E-017));
#6876=DIRECTION('',(6.12303176911189E-017,0.0,-1.0));
#6877=CARTESIAN_POINT('',(11.75,0.0,5.5107285922007E-016));
#6878=DIRECTION('',(-1.0,0.0,-1.22460635382238E-016));
#6879=DIRECTION('',(0.0,1.0,0.0));
#6880=CARTESIAN_POINT('',(11.75,0.0,7.19456232870647E-016));
#6881=DIRECTION('',(-1.0,-0.0,-6.12303176911189E-017));
#6882=DIRECTION('',(6.12303176911189E-017,0.0,-1.0));
#6883=CARTESIAN_POINT('',(11.75,0.0,5.5107285922007E-016));
#6884=DIRECTION('',(-1.0,0.0,-1.22460635382238E-016));
#6885=DIRECTION('',(0.0,1.0,0.0));
#6886=CARTESIAN_POINT('',(11.75,0.0,7.19456232870647E-016));
#6887=DIRECTION('',(-1.0,-0.0,-6.12303176911189E-017));
#6888=DIRECTION('',(6.12303176911189E-017,0.0,-1.0));
#6889=CARTESIAN_POINT('',(11.75,0.0,5.5107285922007E-016));
#6890=DIRECTION('',(-1.0,0.0,-1.22460635382238E-016));
#6891=DIRECTION('',(0.0,1.0,0.0));
#6892=CARTESIAN_POINT('',(11.75,0.0,7.19456232870647E-016));
#6893=DIRECTION('',(-1.0,-0.0,-6.12303176911189E-017));
#6894=DIRECTION('',(6.12303176911189E-017,0.0,-1.0));
#6895=CARTESIAN_POINT('',(11.75,0.0,5.5107285922007E-016));
#6896=DIRECTION('',(-1.0,0.0,-1.22460635382238E-016));
#6897=DIRECTION('',(0.0,1.0,0.0));
#6898=CARTESIAN_POINT('',(11.75,0.0,7.19456232870647E-016));
#6899=DIRECTION('',(-1.0,-0.0,-6.12303176911189E-017));
#6900=DIRECTION('',(6.12303176911189E-017,0.0,-1.0));
#6901=CARTESIAN_POINT('',(11.75,0.0,5.5107285922007E-016));
#6902=DIRECTION('',(-1.0,0.0,-1.22460635382238E-016));
#6903=DIRECTION('',(0.0,1.0,0.0));
#6904=CARTESIAN_POINT('',(11.75,0.0,7.19456232870647E-016));
#6905=DIRECTION('',(-1.0,-0.0,-6.12303176911189E-017));
#6906=DIRECTION('',(6.12303176911189E-017,0.0,-1.0));
#6907=CARTESIAN_POINT('',(11.75,0.0,5.5107285922007E-016));
#6908=DIRECTION('',(-1.0,0.0,-1.22460635382238E-016));
#6909=DIRECTION('',(0.0,1.0,0.0));
#6910=CARTESIAN_POINT('',(11.75,0.0,7.19456232870647E-016));
#6911=DIRECTION('',(-1.0,-0.0,-6.12303176911189E-017));
#6912=DIRECTION('',(6.12303176911189E-017,0.0,-1.0));
#6913=CARTESIAN_POINT('',(11.75,0.0,5.5107285922007E-016));
#6914=DIRECTION('',(-1.0,0.0,-1.22460635382238E-016));
#6915=DIRECTION('',(0.0,1.0,0.0));
#6916=CARTESIAN_POINT('',(11.75,0.0,7.19456232870647E-016));
#6917=DIRECTION('',(-1.0,-0.0,-6.12303176911189E-017));
#6918=DIRECTION('',(6.12303176911189E-017,0.0,-1.0));
#6919=CARTESIAN_POINT('',(11.75,0.0,5.5107285922007E-016));
#6920=DIRECTION('',(-1.0,0.0,-1.22460635382238E-016));
#6921=DIRECTION('',(0.0,1.0,0.0));
#6922=CARTESIAN_POINT('',(11.75,0.0,7.19456232870647E-016));
#6923=DIRECTION('',(-1.0,-0.0,-6.12303176911189E-017));
#6924=DIRECTION('',(6.12303176911189E-017,0.0,-1.0));
#6925=CARTESIAN_POINT('',(11.75,0.0,5.5107285922007E-016));
#6926=DIRECTION('',(-1.0,0.0,-1.22460635382238E-016));
#6927=DIRECTION('',(0.0,1.0,0.0));
#6928=CARTESIAN_POINT('',(11.75,0.0,7.19456232870647E-016));
#6929=DIRECTION('',(-1.0,-0.0,-6.12303176911189E-017));
#6930=DIRECTION('',(6.12303176911189E-017,0.0,-1.0));
#6931=CARTESIAN_POINT('',(11.75,0.0,5.5107285922007E-016));
#6932=DIRECTION('',(-1.0,0.0,-1.22460635382238E-016));
#6933=DIRECTION('',(0.0,1.0,0.0));
#6934=DIRECTION('',(-0.939692620785908,0.342020143325669,-7.3191351340257E-017));
#6935=CARTESIAN_POINT('',(14.5,0.0,8.87839606521224E-016));
#6936=DIRECTION('',(-1.0,0.0,-1.22460635382238E-016));
#6937=DIRECTION('',(0.0,1.0,0.0));
#6938=DIRECTION('',(0.939692620785908,0.342020143325669,1.56959359470628E-016));
#6939=DIRECTION('',(1.0,0.0,0.0));
#6940=CARTESIAN_POINT('',(-8.0,0.0,0.0));
#6941=DIRECTION('',(-1.0,0.0,0.0));
#6942=DIRECTION('',(0.0,0.0,-1.0));
#6943=DIRECTION('',(-1.0,-0.0,-0.0));
#6944=CARTESIAN_POINT('',(0.0,0.0,0.0));
#6945=DIRECTION('',(1.0,-0.0,6.12303176911189E-017));
#6946=DIRECTION('',(6.12303176911189E-017,0.0,-1.0));
#6947=DIRECTION('',(-1.0,0.0,0.0));
#6948=CARTESIAN_POINT('',(14.5,0.0,0.0));
#6949=DIRECTION('',(-1.0,-0.0,-6.12303176911189E-017));
#6950=DIRECTION('',(6.12303176911189E-017,0.0,-1.0));
#6951=DIRECTION('',(1.0,0.0,0.0));
#6952=CARTESIAN_POINT('',(-8.0,0.0,0.0));
#6953=DIRECTION('',(1.0,-0.0,0.0));
#6954=DIRECTION('',(0.0,0.0,-1.0));
#6955=CARTESIAN_POINT('',(-8.0,0.0,0.0));
#6956=DIRECTION('',(1.0,-0.0,0.0));
#6957=DIRECTION('',(0.0,0.0,-1.0));
#6958=CARTESIAN_POINT('',(14.5,0.0,0.0));
#6959=DIRECTION('',(-1.0,-0.0,-6.12303176911189E-017));
#6960=DIRECTION('',(6.12303176911189E-017,0.0,-1.0));
#6961=CARTESIAN_POINT('',(0.0,0.0,0.0));
#6962=DIRECTION('',(1.0,-0.0,6.12303176911189E-017));
#6963=DIRECTION('',(6.12303176911189E-017,0.0,-1.0));
#6964=CARTESIAN_POINT('',(-8.0,0.0,0.0));
#6965=DIRECTION('',(-1.0,0.0,0.0));
#6966=DIRECTION('',(0.0,0.0,-1.0));
#6967=CARTESIAN_POINT('',(11.75,-21.4779886193901,-11.9457536332101));
#6968=DIRECTION('',(-1.0,0.0,-1.22460635382238E-016));
#6969=DIRECTION('',(-1.01822297023593E-016,-0.555570233019602,0.831469612302545));
#6970=DIRECTION('',(6.80354837350383E-017,-0.831469612302545,-0.555570233019602));
#6971=CARTESIAN_POINT('',(11.75,-20.3169599766127,-13.575358643834));
#6972=DIRECTION('',(1.0,0.0,1.22460635382238E-016));
#6973=DIRECTION('',(-1.01822297023593E-016,-0.555570233019602,0.831469612302545));
#6974=DIRECTION('',(-6.80354837350383E-017,0.831469612302545,0.555570233019602));
#6975=CARTESIAN_POINT('',(11.75,-19.2557076873116,-15.2716320824202));
#6976=DIRECTION('',(-1.0,0.0,-1.22460635382238E-016));
#6977=DIRECTION('',(-1.01822297023593E-016,-0.555570233019602,0.831469612302545));
#6978=CARTESIAN_POINT('',(11.75,-18.7347941675376,-15.9063670427914));
#6979=DIRECTION('',(-1.0,-9.62964972193621E-033,-1.22460635382238E-016));
#6980=DIRECTION('',(-8.65927457071936E-017,-0.707106781186547,0.707106781186548));
#6981=DIRECTION('',(8.65927457071935E-017,-0.707106781186548,-0.707106781186547));
#6982=CARTESIAN_POINT('',(11.75,-17.2781541982933,-17.2781541982933));
#6983=DIRECTION('',(1.0,0.0,1.22460635382238E-016));
#6984=DIRECTION('',(-8.65927457071936E-017,-0.707106781186547,0.707106781186548));
#6985=DIRECTION('',(-8.65927457071935E-017,0.707106781186548,0.707106781186547));
#6986=CARTESIAN_POINT('',(11.75,-15.9063670427914,-18.7347941675376));
#6987=DIRECTION('',(-1.0,-9.62964972193621E-033,-1.22460635382238E-016));
#6988=DIRECTION('',(-8.65927457071936E-017,-0.707106781186547,0.707106781186548));
#6989=CARTESIAN_POINT('',(11.75,-15.2716320824202,-19.2557076873116));
#6990=DIRECTION('',(-1.0,0.0,-1.22460635382238E-016));
#6991=DIRECTION('',(-6.80354837350384E-017,-0.831469612302545,0.555570233019602));
#6992=DIRECTION('',(1.01822297023593E-016,-0.555570233019602,-0.831469612302545));
#6993=CARTESIAN_POINT('',(11.75,-13.575358643834,-20.3169599766127));
#6994=DIRECTION('',(1.0,0.0,1.22460635382238E-016));
#6995=DIRECTION('',(-6.80354837350384E-017,-0.831469612302545,0.555570233019602));
#6996=DIRECTION('',(-1.01822297023593E-016,0.555570233019602,0.831469612302545));
#6997=CARTESIAN_POINT('',(11.75,-11.9457536332101,-21.47798861939));
#6998=DIRECTION('',(-1.0,0.0,-1.22460635382238E-016));
#6999=DIRECTION('',(-6.80354837350384E-017,-0.831469612302545,0.555570233019602));
#7000=CARTESIAN_POINT('',(11.75,-11.2215897408055,-21.8650622841338));
#7001=DIRECTION('',(-1.0,0.0,-1.22460635382238E-016));
#7002=DIRECTION('',(-4.68636562776846E-017,-0.923879532511287,0.38268343236509));
#7003=DIRECTION('',(1.13138874567977E-016,-0.38268343236509,-0.923879532511287));
#7004=CARTESIAN_POINT('',(11.75,-9.35086966984098,-22.5749963769133));
#7005=DIRECTION('',(1.0,0.0,1.22460635382238E-016));
#7006=DIRECTION('',(-4.68636562776846E-017,-0.923879532511287,0.38268343236509));
#7007=DIRECTION('',(-1.13138874567977E-016,0.38268343236509,0.923879532511287));
#7008=CARTESIAN_POINT('',(11.75,-7.52607161076032,-23.3957960135941));
#7009=DIRECTION('',(-1.0,0.0,-1.22460635382238E-016));
#7010=DIRECTION('',(-4.68636562776846E-017,-0.923879532511287,0.38268343236509));
#7011=CARTESIAN_POINT('',(11.75,-6.74030799859153,-23.6341547994449));
#7012=DIRECTION('',(-1.0,-4.81482486096811E-033,-1.22460635382238E-016));
#7013=DIRECTION('',(-2.38908847910205E-017,-0.98078528040323,0.195090322016129));
#7014=DIRECTION('',(1.20107588611726E-016,-0.195090322016129,-0.98078528040323));
#7015=CARTESIAN_POINT('',(11.75,-4.7670320184641,-23.9654883266529));
#7016=DIRECTION('',(1.0,0.0,1.22460635382238E-016));
#7017=DIRECTION('',(-2.38908847910205E-017,-0.98078528040323,0.195090322016129));
#7018=DIRECTION('',(-1.20107588611726E-016,0.195090322016129,0.98078528040323));
#7019=CARTESIAN_POINT('',(11.75,-2.81716687697861,-24.4145160875094));
#7020=DIRECTION('',(-1.0,-4.81482486096811E-033,-1.22460635382238E-016));
#7021=DIRECTION('',(-2.38908847910205E-017,-0.98078528040323,0.195090322016129));
#7022=CARTESIAN_POINT('',(11.75,-2.0,-24.495));
#7023=DIRECTION('',(-1.0,0.0,-1.22460635382238E-016));
#7024=DIRECTION('',(-2.24949108273321E-032,-1.0,1.83690953073357E-016));
#7025=DIRECTION('',(1.22460635382238E-016,-1.83690953073357E-016,-1.0));
#7026=CARTESIAN_POINT('',(11.75,-4.51499553933757E-015,-24.435));
#7027=DIRECTION('',(1.0,0.0,1.22460635382238E-016));
#7028=DIRECTION('',(-2.24949108273321E-032,-1.0,1.83690953073357E-016));
#7029=DIRECTION('',(-1.22460635382238E-016,1.83690953073357E-016,1.0));
#7030=CARTESIAN_POINT('',(11.75,2.0,-24.495));
#7031=DIRECTION('',(-1.0,0.0,-1.22460635382238E-016));
#7032=DIRECTION('',(-2.24949108273321E-032,-1.0,1.83690953073357E-016));
#7033=CARTESIAN_POINT('',(11.75,2.8171668769786,-24.4145160875094));
#7034=DIRECTION('',(-1.0,4.81482486096811E-033,-1.22460635382238E-016));
#7035=DIRECTION('',(2.38908847910204E-017,-0.98078528040323,-0.195090322016128));
#7036=DIRECTION('',(1.20107588611726E-016,0.195090322016128,-0.98078528040323));
#7037=CARTESIAN_POINT('',(11.75,4.76703201846409,-23.9654883266529));
#7038=DIRECTION('',(1.0,0.0,1.22460635382238E-016));
#7039=DIRECTION('',(2.38908847910204E-017,-0.98078528040323,-0.195090322016128));
#7040=DIRECTION('',(-1.20107588611726E-016,-0.195090322016128,0.98078528040323));
#7041=CARTESIAN_POINT('',(11.75,6.74030799859152,-23.6341547994449));
#7042=DIRECTION('',(-1.0,4.81482486096811E-033,-1.22460635382238E-016));
#7043=DIRECTION('',(2.38908847910204E-017,-0.98078528040323,-0.195090322016128));
#7044=CARTESIAN_POINT('',(11.75,7.52607161076031,-23.3957960135941));
#7045=DIRECTION('',(-1.0,4.81482486096811E-033,-1.22460635382238E-016));
#7046=DIRECTION('',(4.68636562776845E-017,-0.923879532511287,-0.38268343236509));
#7047=DIRECTION('',(1.13138874567977E-016,0.38268343236509,-0.923879532511287));
#7048=CARTESIAN_POINT('',(11.75,9.35086966984097,-22.5749963769133));
#7049=DIRECTION('',(1.0,-4.81482486096809E-033,1.22460635382238E-016));
#7050=DIRECTION('',(4.68636562776845E-017,-0.923879532511287,-0.38268343236509));
#7051=DIRECTION('',(-1.13138874567977E-016,-0.38268343236509,0.923879532511287));
#7052=CARTESIAN_POINT('',(11.75,11.2215897408055,-21.8650622841338));
#7053=DIRECTION('',(-1.0,4.81482486096811E-033,-1.22460635382238E-016));
#7054=DIRECTION('',(4.68636562776845E-017,-0.923879532511287,-0.38268343236509));
#7055=CARTESIAN_POINT('',(11.75,11.9457536332101,-21.4779886193901));
#7056=DIRECTION('',(-1.0,0.0,-1.22460635382238E-016));
#7057=DIRECTION('',(6.80354837350383E-017,-0.831469612302545,-0.555570233019602));
#7058=DIRECTION('',(1.01822297023593E-016,0.555570233019602,-0.831469612302545));
#7059=CARTESIAN_POINT('',(11.75,13.575358643834,-20.3169599766127));
#7060=DIRECTION('',(1.0,9.62964972193618E-033,1.22460635382238E-016));
#7061=DIRECTION('',(6.80354837350383E-017,-0.831469612302545,-0.555570233019602));
#7062=DIRECTION('',(-1.01822297023593E-016,-0.555570233019602,0.831469612302545));
#7063=CARTESIAN_POINT('',(11.75,15.2716320824202,-19.2557076873116));
#7064=DIRECTION('',(-1.0,0.0,-1.22460635382238E-016));
#7065=DIRECTION('',(6.80354837350383E-017,-0.831469612302545,-0.555570233019602));
#7066=CARTESIAN_POINT('',(11.75,15.9063670427914,-18.7347941675376));
#7067=DIRECTION('',(-1.0,-9.62964972193621E-033,-1.22460635382238E-016));
#7068=DIRECTION('',(8.65927457071935E-017,-0.707106781186548,-0.707106781186547));
#7069=DIRECTION('',(8.65927457071936E-017,0.707106781186547,-0.707106781186548));
#7070=CARTESIAN_POINT('',(11.75,17.2781541982933,-17.2781541982933));
#7071=DIRECTION('',(1.0,9.62964972193618E-033,1.22460635382238E-016));
#7072=DIRECTION('',(8.65927457071935E-017,-0.707106781186548,-0.707106781186547));
#7073=DIRECTION('',(-8.65927457071936E-017,-0.707106781186547,0.707106781186548));
#7074=CARTESIAN_POINT('',(11.75,18.7347941675376,-15.9063670427914));
#7075=DIRECTION('',(-1.0,-9.62964972193621E-033,-1.22460635382238E-016));
#7076=DIRECTION('',(8.65927457071935E-017,-0.707106781186548,-0.707106781186547));
#7077=CARTESIAN_POINT('',(11.75,19.2557076873116,-15.2716320824202));
#7078=DIRECTION('',(-1.0,0.0,-1.22460635382238E-016));
#7079=DIRECTION('',(1.01822297023593E-016,-0.555570233019602,-0.831469612302545));
#7080=DIRECTION('',(6.80354837350384E-017,0.831469612302545,-0.555570233019602));
#7081=CARTESIAN_POINT('',(11.75,20.3169599766127,-13.575358643834));
#7082=DIRECTION('',(1.0,0.0,1.22460635382238E-016));
#7083=DIRECTION('',(1.01822297023593E-016,-0.555570233019602,-0.831469612302545));
#7084=DIRECTION('',(-6.80354837350384E-017,-0.831469612302545,0.555570233019602));
#7085=CARTESIAN_POINT('',(11.75,21.47798861939,-11.9457536332101));
#7086=DIRECTION('',(-1.0,0.0,-1.22460635382238E-016));
#7087=DIRECTION('',(1.01822297023593E-016,-0.555570233019602,-0.831469612302545));
#7088=CARTESIAN_POINT('',(11.75,21.8650622841338,-11.2215897408055));
#7089=DIRECTION('',(-1.0,0.0,-1.22460635382238E-016));
#7090=DIRECTION('',(1.13138874567977E-016,-0.38268343236509,-0.923879532511287));
#7091=DIRECTION('',(4.68636562776846E-017,0.923879532511287,-0.38268343236509));
#7092=CARTESIAN_POINT('',(11.75,22.5749963769133,-9.35086966984098));
#7093=DIRECTION('',(1.0,0.0,1.22460635382238E-016));
#7094=DIRECTION('',(1.13138874567977E-016,-0.38268343236509,-0.923879532511287));
#7095=DIRECTION('',(-4.68636562776846E-017,-0.923879532511287,0.38268343236509));
#7096=CARTESIAN_POINT('',(11.75,23.3957960135941,-7.52607161076032));
#7097=DIRECTION('',(-1.0,0.0,-1.22460635382238E-016));
#7098=DIRECTION('',(1.13138874567977E-016,-0.38268343236509,-0.923879532511287));
#7099=CARTESIAN_POINT('',(11.75,23.6341547994449,-6.74030799859153));
#7100=DIRECTION('',(-1.0,0.0,-1.22460635382238E-016));
#7101=DIRECTION('',(1.20107588611726E-016,-0.195090322016129,-0.98078528040323));
#7102=DIRECTION('',(2.38908847910205E-017,0.98078528040323,-0.195090322016129));
#7103=CARTESIAN_POINT('',(11.75,23.9654883266529,-4.7670320184641));
#7104=DIRECTION('',(1.0,4.81482486096809E-033,1.22460635382238E-016));
#7105=DIRECTION('',(1.20107588611726E-016,-0.195090322016129,-0.98078528040323));
#7106=DIRECTION('',(-2.38908847910205E-017,-0.98078528040323,0.195090322016129));
#7107=CARTESIAN_POINT('',(11.75,24.4145160875094,-2.81716687697861));
#7108=DIRECTION('',(-1.0,0.0,-1.22460635382238E-016));
#7109=DIRECTION('',(1.20107588611726E-016,-0.195090322016129,-0.98078528040323));
#7110=CARTESIAN_POINT('',(11.75,24.495,-2.0));
#7111=DIRECTION('',(-1.0,0.0,-1.22460635382238E-016));
#7112=DIRECTION('',(1.22460635382238E-016,0.0,-1.0));
#7113=DIRECTION('',(0.0,1.0,0.0));
#7114=CARTESIAN_POINT('',(11.75,24.435,6.92949131880548E-016));
#7115=DIRECTION('',(1.0,-0.0,1.22460635382238E-016));
#7116=DIRECTION('',(1.22460635382238E-016,0.0,-1.0));
#7117=DIRECTION('',(-0.0,-1.0,0.0));
#7118=CARTESIAN_POINT('',(11.75,24.495,2.0));
#7119=DIRECTION('',(-1.0,0.0,-1.22460635382238E-016));
#7120=DIRECTION('',(1.22460635382238E-016,0.0,-1.0));
#7121=CARTESIAN_POINT('',(11.75,0.0,5.5107285922007E-016));
#7122=DIRECTION('',(-1.0,0.0,-1.22460635382238E-016));
#7123=DIRECTION('',(0.0,1.0,0.0));
#7124=CARTESIAN_POINT('',(11.75,24.4145160875094,2.8171668769786));
#7125=DIRECTION('',(-1.0,0.0,-1.22460635382238E-016));
#7126=DIRECTION('',(1.20107588611726E-016,0.195090322016128,-0.98078528040323));
#7127=DIRECTION('',(-2.38908847910204E-017,0.98078528040323,0.195090322016128));
#7128=CARTESIAN_POINT('',(11.75,23.9654883266529,4.76703201846409));
#7129=DIRECTION('',(1.0,0.0,1.22460635382238E-016));
#7130=DIRECTION('',(1.20107588611726E-016,0.195090322016128,-0.98078528040323));
#7131=DIRECTION('',(2.38908847910204E-017,-0.98078528040323,-0.195090322016128));
#7132=CARTESIAN_POINT('',(11.75,23.6341547994449,6.74030799859152));
#7133=DIRECTION('',(-1.0,0.0,-1.22460635382238E-016));
#7134=DIRECTION('',(1.20107588611726E-016,0.195090322016128,-0.98078528040323));
#7135=CARTESIAN_POINT('',(11.75,0.0,5.5107285922007E-016));
#7136=DIRECTION('',(-1.0,0.0,-1.22460635382238E-016));
#7137=DIRECTION('',(0.0,1.0,0.0));
#7138=CARTESIAN_POINT('',(11.75,23.3957960135942,7.5260716107603));
#7139=DIRECTION('',(-1.0,0.0,-1.22460635382238E-016));
#7140=DIRECTION('',(1.13138874567977E-016,0.38268343236509,-0.923879532511287));
#7141=DIRECTION('',(-4.68636562776845E-017,0.923879532511287,0.38268343236509));
#7142=CARTESIAN_POINT('',(11.75,22.5749963769133,9.35086966984097));
#7143=DIRECTION('',(1.0,0.0,1.22460635382238E-016));
#7144=DIRECTION('',(1.13138874567977E-016,0.38268343236509,-0.923879532511287));
#7145=DIRECTION('',(4.68636562776845E-017,-0.923879532511287,-0.38268343236509));
#7146=CARTESIAN_POINT('',(11.75,21.8650622841338,11.2215897408054));
#7147=DIRECTION('',(-1.0,0.0,-1.22460635382238E-016));
#7148=DIRECTION('',(1.13138874567977E-016,0.38268343236509,-0.923879532511287));
#7149=CARTESIAN_POINT('',(11.75,0.0,5.5107285922007E-016));
#7150=DIRECTION('',(-1.0,0.0,-1.22460635382238E-016));
#7151=DIRECTION('',(0.0,1.0,0.0));
#7152=CARTESIAN_POINT('',(11.75,19.2557076873116,15.2716320824202));
#7153=DIRECTION('',(-1.0,0.0,-1.22460635382238E-016));
#7154=DIRECTION('',(1.01822297023593E-016,0.555570233019602,-0.831469612302545));
#7155=CARTESIAN_POINT('',(11.75,0.0,5.5107285922007E-016));
#7156=DIRECTION('',(-1.0,0.0,-1.22460635382238E-016));
#7157=DIRECTION('',(0.0,1.0,0.0));
#7158=CARTESIAN_POINT('',(11.75,21.47798861939,11.9457536332101));
#7159=DIRECTION('',(-1.0,0.0,-1.22460635382238E-016));
#7160=DIRECTION('',(1.01822297023593E-016,0.555570233019602,-0.831469612302545));
#7161=DIRECTION('',(-6.80354837350384E-017,0.831469612302545,0.555570233019602));
#7162=CARTESIAN_POINT('',(11.75,20.3169599766127,13.575358643834));
#7163=DIRECTION('',(1.0,0.0,1.22460635382238E-016));
#7164=DIRECTION('',(1.01822297023593E-016,0.555570233019602,-0.831469612302545));
#7165=DIRECTION('',(6.80354837350384E-017,-0.831469612302545,-0.555570233019602));
#7166=CARTESIAN_POINT('',(11.75,15.9063670427914,18.7347941675376));
#7167=DIRECTION('',(-1.0,0.0,-1.22460635382238E-016));
#7168=DIRECTION('',(8.65927457071935E-017,0.707106781186547,-0.707106781186547));
#7169=CARTESIAN_POINT('',(11.75,0.0,5.5107285922007E-016));
#7170=DIRECTION('',(-1.0,0.0,-1.22460635382238E-016));
#7171=DIRECTION('',(0.0,1.0,0.0));
#7172=CARTESIAN_POINT('',(11.75,18.7347941675376,15.9063670427914));
#7173=DIRECTION('',(-1.0,0.0,-1.22460635382238E-016));
#7174=DIRECTION('',(8.65927457071935E-017,0.707106781186547,-0.707106781186547));
#7175=DIRECTION('',(-8.65927457071936E-017,0.707106781186547,0.707106781186547));
#7176=CARTESIAN_POINT('',(11.75,17.2781541982933,17.2781541982933));
#7177=DIRECTION('',(1.0,0.0,1.22460635382238E-016));
#7178=DIRECTION('',(8.65927457071935E-017,0.707106781186547,-0.707106781186547));
#7179=DIRECTION('',(8.65927457071936E-017,-0.707106781186547,-0.707106781186547));
#7180=CARTESIAN_POINT('',(11.75,11.9457536332101,21.47798861939));
#7181=DIRECTION('',(-1.0,0.0,-1.22460635382238E-016));
#7182=DIRECTION('',(6.80354837350384E-017,0.831469612302545,-0.555570233019602));
#7183=CARTESIAN_POINT('',(11.75,0.0,5.5107285922007E-016));
#7184=DIRECTION('',(-1.0,0.0,-1.22460635382238E-016));
#7185=DIRECTION('',(0.0,1.0,0.0));
#7186=CARTESIAN_POINT('',(11.75,15.2716320824202,19.2557076873116));
#7187=DIRECTION('',(-1.0,0.0,-1.22460635382238E-016));
#7188=DIRECTION('',(6.80354837350384E-017,0.831469612302545,-0.555570233019602));
#7189=DIRECTION('',(-1.01822297023593E-016,0.555570233019602,0.831469612302545));
#7190=CARTESIAN_POINT('',(11.75,13.575358643834,20.3169599766127));
#7191=DIRECTION('',(1.0,0.0,1.22460635382238E-016));
#7192=DIRECTION('',(6.80354837350384E-017,0.831469612302545,-0.555570233019602));
#7193=DIRECTION('',(1.01822297023593E-016,-0.555570233019602,-0.831469612302545));
#7194=CARTESIAN_POINT('',(11.75,7.5260716107603,23.3957960135942));
#7195=DIRECTION('',(-1.0,0.0,-1.22460635382238E-016));
#7196=DIRECTION('',(4.68636562776845E-017,0.923879532511287,-0.38268343236509));
#7197=CARTESIAN_POINT('',(11.75,0.0,5.5107285922007E-016));
#7198=DIRECTION('',(-1.0,0.0,-1.22460635382238E-016));
#7199=DIRECTION('',(0.0,1.0,0.0));
#7200=CARTESIAN_POINT('',(11.75,11.2215897408054,21.8650622841338));
#7201=DIRECTION('',(-1.0,0.0,-1.22460635382238E-016));
#7202=DIRECTION('',(4.68636562776845E-017,0.923879532511287,-0.38268343236509));
#7203=DIRECTION('',(-1.13138874567977E-016,0.38268343236509,0.923879532511287));
#7204=CARTESIAN_POINT('',(11.75,9.35086966984097,22.5749963769133));
#7205=DIRECTION('',(1.0,0.0,1.22460635382238E-016));
#7206=DIRECTION('',(4.68636562776845E-017,0.923879532511287,-0.38268343236509));
#7207=DIRECTION('',(1.13138874567977E-016,-0.38268343236509,-0.923879532511287));
#7208=CARTESIAN_POINT('',(11.75,2.8171668769786,24.4145160875094));
#7209=DIRECTION('',(-1.0,-4.81482486096811E-033,-1.22460635382238E-016));
#7210=DIRECTION('',(2.38908847910204E-017,0.98078528040323,-0.195090322016128));
#7211=CARTESIAN_POINT('',(11.75,0.0,5.5107285922007E-016));
#7212=DIRECTION('',(-1.0,0.0,-1.22460635382238E-016));
#7213=DIRECTION('',(0.0,1.0,0.0));
#7214=CARTESIAN_POINT('',(11.75,6.74030799859152,23.6341547994449));
#7215=DIRECTION('',(-1.0,-4.81482486096811E-033,-1.22460635382238E-016));
#7216=DIRECTION('',(2.38908847910204E-017,0.98078528040323,-0.195090322016128));
#7217=DIRECTION('',(-1.20107588611726E-016,0.195090322016128,0.98078528040323));
#7218=CARTESIAN_POINT('',(11.75,4.76703201846409,23.9654883266529));
#7219=DIRECTION('',(1.0,0.0,1.22460635382238E-016));
#7220=DIRECTION('',(2.38908847910204E-017,0.98078528040323,-0.195090322016128));
#7221=DIRECTION('',(1.20107588611726E-016,-0.195090322016128,-0.98078528040323));
#7222=CARTESIAN_POINT('',(11.75,-2.0,24.495));
#7223=DIRECTION('',(-1.0,0.0,-1.22460635382238E-016));
#7224=DIRECTION('',(7.49830360911069E-033,1.0,-6.12303176911189E-017));
#7225=CARTESIAN_POINT('',(11.75,0.0,5.5107285922007E-016));
#7226=DIRECTION('',(-1.0,0.0,-1.22460635382238E-016));
#7227=DIRECTION('',(0.0,1.0,0.0));
#7228=CARTESIAN_POINT('',(11.75,2.0,24.495));
#7229=DIRECTION('',(-1.0,0.0,-1.22460635382238E-016));
#7230=DIRECTION('',(7.49830360911069E-033,1.0,-6.12303176911189E-017));
#7231=DIRECTION('',(-1.22460635382238E-016,6.12303176911189E-017,1.0));
#7232=CARTESIAN_POINT('',(11.75,1.52266991377259E-015,24.435));
#7233=DIRECTION('',(1.0,0.0,1.22460635382238E-016));
#7234=DIRECTION('',(7.49830360911069E-033,1.0,-6.12303176911189E-017));
#7235=DIRECTION('',(1.22460635382238E-016,-6.12303176911189E-017,-1.0));
#7236=CARTESIAN_POINT('',(11.75,-6.74030799859152,23.6341547994449));
#7237=DIRECTION('',(-1.0,0.0,-1.22460635382238E-016));
#7238=DIRECTION('',(-2.38908847910204E-017,0.98078528040323,0.195090322016128));
#7239=CARTESIAN_POINT('',(11.75,0.0,5.5107285922007E-016));
#7240=DIRECTION('',(-1.0,0.0,-1.22460635382238E-016));
#7241=DIRECTION('',(0.0,1.0,0.0));
#7242=CARTESIAN_POINT('',(11.75,-2.8171668769786,24.4145160875094));
#7243=DIRECTION('',(-1.0,0.0,-1.22460635382238E-016));
#7244=DIRECTION('',(-2.38908847910204E-017,0.98078528040323,0.195090322016128));
#7245=DIRECTION('',(-1.20107588611726E-016,-0.195090322016128,0.98078528040323));
#7246=CARTESIAN_POINT('',(11.75,-4.76703201846409,23.9654883266529));
#7247=DIRECTION('',(1.0,0.0,1.22460635382238E-016));
#7248=DIRECTION('',(-2.38908847910204E-017,0.98078528040323,0.195090322016128));
#7249=DIRECTION('',(1.20107588611726E-016,0.195090322016128,-0.98078528040323));
#7250=CARTESIAN_POINT('',(11.75,-11.2215897408054,21.8650622841338));
#7251=DIRECTION('',(-1.0,0.0,-1.22460635382238E-016));
#7252=DIRECTION('',(-4.68636562776845E-017,0.923879532511287,0.38268343236509));
#7253=CARTESIAN_POINT('',(11.75,0.0,5.5107285922007E-016));
#7254=DIRECTION('',(-1.0,0.0,-1.22460635382238E-016));
#7255=DIRECTION('',(0.0,1.0,0.0));
#7256=CARTESIAN_POINT('',(11.75,-7.5260716107603,23.3957960135942));
#7257=DIRECTION('',(-1.0,0.0,-1.22460635382238E-016));
#7258=DIRECTION('',(-4.68636562776845E-017,0.923879532511287,0.38268343236509));
#7259=DIRECTION('',(-1.13138874567977E-016,-0.38268343236509,0.923879532511287));
#7260=CARTESIAN_POINT('',(11.75,-9.35086966984097,22.5749963769133));
#7261=DIRECTION('',(1.0,0.0,1.22460635382238E-016));
#7262=DIRECTION('',(-4.68636562776845E-017,0.923879532511287,0.38268343236509));
#7263=DIRECTION('',(1.13138874567977E-016,0.38268343236509,-0.923879532511287));
#7264=CARTESIAN_POINT('',(11.75,-15.2716320824202,19.2557076873116));
#7265=DIRECTION('',(-1.0,0.0,-1.22460635382238E-016));
#7266=DIRECTION('',(-6.80354837350383E-017,0.831469612302545,0.555570233019602));
#7267=CARTESIAN_POINT('',(11.75,0.0,5.5107285922007E-016));
#7268=DIRECTION('',(-1.0,0.0,-1.22460635382238E-016));
#7269=DIRECTION('',(0.0,1.0,0.0));
#7270=CARTESIAN_POINT('',(11.75,-11.9457536332101,21.4779886193901));
#7271=DIRECTION('',(-1.0,0.0,-1.22460635382238E-016));
#7272=DIRECTION('',(-6.80354837350383E-017,0.831469612302545,0.555570233019602));
#7273=DIRECTION('',(-1.01822297023593E-016,-0.555570233019602,0.831469612302545));
#7274=CARTESIAN_POINT('',(11.75,-13.575358643834,20.3169599766127));
#7275=DIRECTION('',(1.0,0.0,1.22460635382238E-016));
#7276=DIRECTION('',(-6.80354837350383E-017,0.831469612302545,0.555570233019602));
#7277=DIRECTION('',(1.01822297023593E-016,0.555570233019602,-0.831469612302545));
#7278=CARTESIAN_POINT('',(11.75,-18.7347941675376,15.9063670427914));
#7279=DIRECTION('',(-1.0,0.0,-1.22460635382238E-016));
#7280=DIRECTION('',(-8.65927457071935E-017,0.707106781186547,0.707106781186547));
#7281=CARTESIAN_POINT('',(11.75,0.0,5.5107285922007E-016));
#7282=DIRECTION('',(-1.0,0.0,-1.22460635382238E-016));
#7283=DIRECTION('',(0.0,1.0,0.0));
#7284=CARTESIAN_POINT('',(11.75,-15.9063670427914,18.7347941675376));
#7285=DIRECTION('',(-1.0,0.0,-1.22460635382238E-016));
#7286=DIRECTION('',(-8.65927457071935E-017,0.707106781186547,0.707106781186547));
#7287=DIRECTION('',(-8.65927457071936E-017,-0.707106781186547,0.707106781186547));
#7288=CARTESIAN_POINT('',(11.75,-17.2781541982933,17.2781541982933));
#7289=DIRECTION('',(1.0,0.0,1.22460635382238E-016));
#7290=DIRECTION('',(-8.65927457071935E-017,0.707106781186547,0.707106781186547));
#7291=DIRECTION('',(8.65927457071936E-017,0.707106781186547,-0.707106781186547));
#7292=CARTESIAN_POINT('',(11.75,-21.4779886193901,11.9457536332101));
#7293=DIRECTION('',(-1.0,9.62964972193621E-033,-1.22460635382238E-016));
#7294=DIRECTION('',(-1.01822297023593E-016,0.555570233019602,0.831469612302545));
#7295=CARTESIAN_POINT('',(11.75,0.0,5.5107285922007E-016));
#7296=DIRECTION('',(-1.0,0.0,-1.22460635382238E-016));
#7297=DIRECTION('',(0.0,1.0,0.0));
#7298=CARTESIAN_POINT('',(11.75,-19.2557076873116,15.2716320824202));
#7299=DIRECTION('',(-1.0,9.62964972193621E-033,-1.22460635382238E-016));
#7300=DIRECTION('',(-1.01822297023593E-016,0.555570233019602,0.831469612302545));
#7301=DIRECTION('',(-6.80354837350384E-017,-0.831469612302545,0.555570233019602));
#7302=CARTESIAN_POINT('',(11.75,-20.3169599766127,13.575358643834));
#7303=DIRECTION('',(1.0,0.0,1.22460635382238E-016));
#7304=DIRECTION('',(-1.01822297023593E-016,0.555570233019602,0.831469612302545));
#7305=DIRECTION('',(6.80354837350384E-017,0.831469612302545,-0.555570233019602));
#7306=CARTESIAN_POINT('',(11.75,-23.3957960135942,7.5260716107603));
#7307=DIRECTION('',(-1.0,0.0,-1.22460635382238E-016));
#7308=DIRECTION('',(-1.13138874567977E-016,0.38268343236509,0.923879532511287));
#7309=CARTESIAN_POINT('',(11.75,0.0,5.5107285922007E-016));
#7310=DIRECTION('',(-1.0,0.0,-1.22460635382238E-016));
#7311=DIRECTION('',(0.0,1.0,0.0));
#7312=CARTESIAN_POINT('',(11.75,-21.8650622841338,11.2215897408054));
#7313=DIRECTION('',(-1.0,0.0,-1.22460635382238E-016));
#7314=DIRECTION('',(-1.13138874567977E-016,0.38268343236509,0.923879532511287));
#7315=DIRECTION('',(-4.68636562776845E-017,-0.923879532511287,0.38268343236509));
#7316=CARTESIAN_POINT('',(11.75,-22.5749963769133,9.35086966984097));
#7317=DIRECTION('',(1.0,0.0,1.22460635382238E-016));
#7318=DIRECTION('',(-1.13138874567977E-016,0.38268343236509,0.923879532511287));
#7319=DIRECTION('',(4.68636562776845E-017,0.923879532511287,-0.38268343236509));
#7320=CARTESIAN_POINT('',(11.75,-24.4145160875094,2.81716687697861));
#7321=DIRECTION('',(-1.0,0.0,-1.22460635382238E-016));
#7322=DIRECTION('',(-1.20107588611726E-016,0.195090322016129,0.98078528040323));
#7323=CARTESIAN_POINT('',(11.75,0.0,5.5107285922007E-016));
#7324=DIRECTION('',(-1.0,0.0,-1.22460635382238E-016));
#7325=DIRECTION('',(0.0,1.0,0.0));
#7326=CARTESIAN_POINT('',(11.75,-23.6341547994449,6.74030799859153));
#7327=DIRECTION('',(-1.0,0.0,-1.22460635382238E-016));
#7328=DIRECTION('',(-1.20107588611726E-016,0.195090322016129,0.98078528040323));
#7329=DIRECTION('',(-2.38908847910205E-017,-0.98078528040323,0.195090322016129));
#7330=CARTESIAN_POINT('',(11.75,-23.9654883266529,4.7670320184641));
#7331=DIRECTION('',(1.0,0.0,1.22460635382238E-016));
#7332=DIRECTION('',(-1.20107588611726E-016,0.195090322016129,0.98078528040323));
#7333=DIRECTION('',(2.38908847910205E-017,0.98078528040323,-0.195090322016129));
#7334=CARTESIAN_POINT('',(11.75,-24.495,-2.0));
#7335=DIRECTION('',(-1.0,0.0,-1.22460635382238E-016));
#7336=DIRECTION('',(-1.22460635382238E-016,1.22460635382238E-016,1.0));
#7337=CARTESIAN_POINT('',(11.75,0.0,5.5107285922007E-016));
#7338=DIRECTION('',(-1.0,0.0,-1.22460635382238E-016));
#7339=DIRECTION('',(0.0,1.0,0.0));
#7340=CARTESIAN_POINT('',(11.75,-24.495,2.0));
#7341=DIRECTION('',(-1.0,0.0,-1.22460635382238E-016));
#7342=DIRECTION('',(-1.22460635382238E-016,1.22460635382238E-016,1.0));
#7343=DIRECTION('',(-1.49966072182214E-032,-1.0,1.22460635382238E-016));
#7344=CARTESIAN_POINT('',(11.75,-24.435,3.73828895942572E-015));
#7345=DIRECTION('',(1.0,0.0,1.22460635382238E-016));
#7346=DIRECTION('',(-1.22460635382238E-016,1.22460635382238E-016,1.0));
#7347=DIRECTION('',(1.49966072182214E-032,1.0,-1.22460635382238E-016));
#7348=CARTESIAN_POINT('',(11.75,-23.6341547994449,-6.74030799859153));
#7349=DIRECTION('',(-1.0,0.0,-1.22460635382238E-016));
#7350=DIRECTION('',(-1.20107588611726E-016,-0.195090322016128,0.98078528040323));
#7351=CARTESIAN_POINT('',(11.75,-24.4145160875094,-2.8171668769786));
#7352=DIRECTION('',(-1.0,0.0,-1.22460635382238E-016));
#7353=DIRECTION('',(-1.20107588611726E-016,-0.195090322016128,0.98078528040323));
#7354=DIRECTION('',(2.38908847910204E-017,-0.98078528040323,-0.195090322016128));
#7355=CARTESIAN_POINT('',(11.75,-23.9654883266529,-4.7670320184641));
#7356=DIRECTION('',(1.0,0.0,1.22460635382238E-016));
#7357=DIRECTION('',(-1.20107588611726E-016,-0.195090322016128,0.98078528040323));
#7358=DIRECTION('',(-2.38908847910204E-017,0.98078528040323,0.195090322016128));
#7359=CARTESIAN_POINT('',(13.5603073792141,0.0,7.72764251115781E-016));
#7360=DIRECTION('',(-1.0,0.0,-1.22460635382238E-016));
#7361=DIRECTION('',(0.0,1.0,0.0));
#7362=CARTESIAN_POINT('',(14.5,0.0,8.87839606521224E-016));
#7363=DIRECTION('',(-1.0,0.0,-1.22460635382238E-016));
#7364=DIRECTION('',(0.0,1.0,0.0));
#7365=CARTESIAN_POINT('',(11.75,0.0,7.19456232870647E-016));
#7366=DIRECTION('',(-1.0,-0.0,-6.12303176911189E-017));
#7367=DIRECTION('',(6.12303176911189E-017,0.0,-1.0));
#7368=CARTESIAN_POINT('',(11.75,0.0,7.19456232870647E-016));
#7369=DIRECTION('',(-1.0,-0.0,-6.12303176911189E-017));
#7370=DIRECTION('',(6.12303176911189E-017,0.0,-1.0));
#7371=CARTESIAN_POINT('',(11.75,0.0,7.19456232870647E-016));
#7372=DIRECTION('',(-1.0,-0.0,-6.12303176911189E-017));
#7373=DIRECTION('',(6.12303176911189E-017,0.0,-1.0));
#7374=CARTESIAN_POINT('',(11.75,0.0,7.19456232870647E-016));
#7375=DIRECTION('',(-1.0,-0.0,-6.12303176911189E-017));
#7376=DIRECTION('',(6.12303176911189E-017,0.0,-1.0));
#7377=CARTESIAN_POINT('',(11.75,0.0,7.19456232870647E-016));
#7378=DIRECTION('',(-1.0,-0.0,-6.12303176911189E-017));
#7379=DIRECTION('',(6.12303176911189E-017,0.0,-1.0));
#7380=CARTESIAN_POINT('',(11.75,0.0,7.19456232870647E-016));
#7381=DIRECTION('',(-1.0,-0.0,-6.12303176911189E-017));
#7382=DIRECTION('',(6.12303176911189E-017,0.0,-1.0));
#7383=CARTESIAN_POINT('',(11.75,0.0,7.19456232870647E-016));
#7384=DIRECTION('',(-1.0,-0.0,-6.12303176911189E-017));
#7385=DIRECTION('',(6.12303176911189E-017,0.0,-1.0));
#7386=CARTESIAN_POINT('',(11.75,0.0,7.19456232870647E-016));
#7387=DIRECTION('',(-1.0,-0.0,-6.12303176911189E-017));
#7388=DIRECTION('',(6.12303176911189E-017,0.0,-1.0));
#7389=CARTESIAN_POINT('',(11.75,0.0,7.19456232870647E-016));
#7390=DIRECTION('',(-1.0,-0.0,-6.12303176911189E-017));
#7391=DIRECTION('',(6.12303176911189E-017,0.0,-1.0));
#7392=CARTESIAN_POINT('',(11.75,0.0,7.19456232870647E-016));
#7393=DIRECTION('',(-1.0,-0.0,-6.12303176911189E-017));
#7394=DIRECTION('',(6.12303176911189E-017,0.0,-1.0));
#7395=CARTESIAN_POINT('',(11.75,0.0,7.19456232870647E-016));
#7396=DIRECTION('',(-1.0,-0.0,-6.12303176911189E-017));
#7397=DIRECTION('',(6.12303176911189E-017,0.0,-1.0));
#7398=CARTESIAN_POINT('',(11.75,0.0,7.19456232870647E-016));
#7399=DIRECTION('',(-1.0,-0.0,-6.12303176911189E-017));
#7400=DIRECTION('',(6.12303176911189E-017,0.0,-1.0));
#7401=CARTESIAN_POINT('',(11.75,0.0,7.19456232870647E-016));
#7402=DIRECTION('',(-1.0,-0.0,-6.12303176911189E-017));
#7403=DIRECTION('',(6.12303176911189E-017,0.0,-1.0));
#7404=CARTESIAN_POINT('',(11.75,0.0,7.19456232870647E-016));
#7405=DIRECTION('',(-1.0,-0.0,-6.12303176911189E-017));
#7406=DIRECTION('',(6.12303176911189E-017,0.0,-1.0));
#7407=CARTESIAN_POINT('',(11.75,0.0,7.19456232870647E-016));
#7408=DIRECTION('',(-1.0,-0.0,-6.12303176911189E-017));
#7409=DIRECTION('',(6.12303176911189E-017,0.0,-1.0));
#7410=CARTESIAN_POINT('',(11.75,0.0,7.19456232870647E-016));
#7411=DIRECTION('',(-1.0,-0.0,-6.12303176911189E-017));
#7412=DIRECTION('',(6.12303176911189E-017,0.0,-1.0));
#7413=CARTESIAN_POINT('',(11.75,-21.8650622841338,-11.2215897408054));
#7414=DIRECTION('',(-1.0,0.0,-1.22460635382238E-016));
#7415=DIRECTION('',(-1.13138874567977E-016,-0.38268343236509,0.923879532511287));
#7416=CARTESIAN_POINT('',(11.75,-23.3957960135942,-7.5260716107603));
#7417=DIRECTION('',(-1.0,0.0,-1.22460635382238E-016));
#7418=DIRECTION('',(-1.13138874567977E-016,-0.38268343236509,0.923879532511287));
#7419=DIRECTION('',(4.68636562776845E-017,-0.923879532511287,-0.38268343236509));
#7420=CARTESIAN_POINT('',(11.75,-22.5749963769133,-9.35086966984096));
#7421=DIRECTION('',(1.0,0.0,1.22460635382238E-016));
#7422=DIRECTION('',(-1.13138874567977E-016,-0.38268343236509,0.923879532511287));
#7423=DIRECTION('',(-4.68636562776845E-017,0.923879532511287,0.38268343236509));
#7424=DIRECTION('',(1.0,0.0,6.12303176911189E-017));
#7425=DIRECTION('',(0.0,-0.923879532511287,-0.38268343236509));
#7426=DIRECTION('',(1.0,0.0,6.12303176911189E-017));
#7427=DIRECTION('',(1.0,0.0,6.12303176911189E-017));
#7428=CARTESIAN_POINT('',(2.75,-22.5749963769133,-9.35086966984096));
#7429=DIRECTION('',(-1.0,-0.0,0.0));
#7430=DIRECTION('',(0.0,-0.38268343236509,0.923879532511287));
#7431=DIRECTION('',(1.0,0.0,6.12303176911189E-017));
#7432=DIRECTION('',(-0.0,0.923879532511287,0.38268343236509));
#7433=DIRECTION('',(1.0,0.0,6.12303176911189E-017));
#7434=CARTESIAN_POINT('',(2.75,-23.3957960135942,-7.5260716107603));
#7435=DIRECTION('',(1.0,0.0,0.0));
#7436=DIRECTION('',(0.0,-0.38268343236509,0.923879532511287));
#7437=DIRECTION('',(-1.0,-0.0,-6.12303176911189E-017));
#7438=CARTESIAN_POINT('',(2.75,0.0,1.68383373650577E-016));
#7439=DIRECTION('',(1.0,0.0,6.12303176911189E-017));
#7440=DIRECTION('',(6.12303176911189E-017,0.0,-1.0));
#7441=DIRECTION('',(1.0,0.0,6.12303176911189E-017));
#7442=CARTESIAN_POINT('',(2.75,-23.6341547994449,-6.74030799859153));
#7443=DIRECTION('',(1.0,0.0,0.0));
#7444=DIRECTION('',(0.0,-0.195090322016128,0.98078528040323));
#7445=DIRECTION('',(1.0,0.0,6.12303176911189E-017));
#7446=DIRECTION('',(0.0,-0.98078528040323,-0.195090322016128));
#7447=DIRECTION('',(1.0,0.0,6.12303176911189E-017));
#7448=CARTESIAN_POINT('',(2.75,-23.9654883266529,-4.7670320184641));
#7449=DIRECTION('',(-1.0,-0.0,0.0));
#7450=DIRECTION('',(0.0,-0.195090322016128,0.98078528040323));
#7451=DIRECTION('',(1.0,0.0,6.12303176911189E-017));
#7452=DIRECTION('',(-0.0,0.98078528040323,0.195090322016128));
#7453=DIRECTION('',(1.0,0.0,6.12303176911189E-017));
#7454=CARTESIAN_POINT('',(2.75,-24.4145160875094,-2.8171668769786));
#7455=DIRECTION('',(1.0,0.0,0.0));
#7456=DIRECTION('',(0.0,-0.195090322016128,0.98078528040323));
#7457=DIRECTION('',(-1.0,-0.0,-6.12303176911189E-017));
#7458=CARTESIAN_POINT('',(2.75,0.0,1.68383373650577E-016));
#7459=DIRECTION('',(1.0,0.0,6.12303176911189E-017));
#7460=DIRECTION('',(6.12303176911189E-017,0.0,-1.0));
#7461=DIRECTION('',(1.0,0.0,6.12303176911189E-017));
#7462=CARTESIAN_POINT('',(2.75,-24.495,-2.0));
#7463=DIRECTION('',(1.0,0.0,-0.0));
#7464=DIRECTION('',(0.0,1.22460635382238E-016,1.0));
#7465=DIRECTION('',(1.0,0.0,6.12303176911189E-017));
#7466=DIRECTION('',(0.0,-1.0,1.22460635382238E-016));
#7467=DIRECTION('',(1.0,0.0,6.12303176911189E-017));
#7468=CARTESIAN_POINT('',(2.75,-24.435,3.18721610020565E-015));
#7469=DIRECTION('',(-1.0,0.0,0.0));
#7470=DIRECTION('',(0.0,1.22460635382238E-016,1.0));
#7471=DIRECTION('',(1.0,0.0,6.12303176911189E-017));
#7472=DIRECTION('',(0.0,1.0,-1.22460635382238E-016));
#7473=DIRECTION('',(1.0,0.0,6.12303176911189E-017));
#7474=CARTESIAN_POINT('',(2.75,-24.495,2.0));
#7475=DIRECTION('',(1.0,0.0,-0.0));
#7476=DIRECTION('',(0.0,1.22460635382238E-016,1.0));
#7477=DIRECTION('',(-1.0,-0.0,-6.12303176911189E-017));
#7478=DIRECTION('',(1.0,0.0,6.12303176911189E-017));
#7479=CARTESIAN_POINT('',(2.75,-24.4145160875094,2.81716687697861));
#7480=DIRECTION('',(1.0,0.0,-0.0));
#7481=DIRECTION('',(0.0,0.195090322016129,0.98078528040323));
#7482=DIRECTION('',(1.0,0.0,6.12303176911189E-017));
#7483=DIRECTION('',(0.0,-0.98078528040323,0.195090322016129));
#7484=DIRECTION('',(1.0,0.0,6.12303176911189E-017));
#7485=CARTESIAN_POINT('',(2.75,-23.9654883266529,4.7670320184641));
#7486=DIRECTION('',(-1.0,0.0,0.0));
#7487=DIRECTION('',(0.0,0.195090322016129,0.98078528040323));
#7488=DIRECTION('',(1.0,0.0,6.12303176911189E-017));
#7489=DIRECTION('',(0.0,0.98078528040323,-0.195090322016129));
#7490=DIRECTION('',(1.0,0.0,6.12303176911189E-017));
#7491=CARTESIAN_POINT('',(2.75,-23.6341547994449,6.74030799859153));
#7492=DIRECTION('',(1.0,0.0,-0.0));
#7493=DIRECTION('',(0.0,0.195090322016129,0.98078528040323));
#7494=DIRECTION('',(-1.0,-0.0,-6.12303176911189E-017));
#7495=DIRECTION('',(1.0,0.0,6.12303176911189E-017));
#7496=CARTESIAN_POINT('',(2.75,-23.3957960135942,7.5260716107603));
#7497=DIRECTION('',(1.0,0.0,-0.0));
#7498=DIRECTION('',(0.0,0.38268343236509,0.923879532511287));
#7499=DIRECTION('',(1.0,0.0,6.12303176911189E-017));
#7500=DIRECTION('',(0.0,-0.923879532511287,0.38268343236509));
#7501=DIRECTION('',(1.0,0.0,6.12303176911189E-017));
#7502=CARTESIAN_POINT('',(2.75,-22.5749963769133,9.35086966984097));
#7503=DIRECTION('',(-1.0,0.0,0.0));
#7504=DIRECTION('',(0.0,0.38268343236509,0.923879532511287));
#7505=DIRECTION('',(1.0,0.0,6.12303176911189E-017));
#7506=DIRECTION('',(0.0,0.923879532511287,-0.38268343236509));
#7507=DIRECTION('',(1.0,0.0,6.12303176911189E-017));
#7508=CARTESIAN_POINT('',(2.75,-21.8650622841338,11.2215897408054));
#7509=DIRECTION('',(1.0,0.0,-0.0));
#7510=DIRECTION('',(0.0,0.38268343236509,0.923879532511287));
#7511=DIRECTION('',(-1.0,-0.0,-6.12303176911189E-017));
#7512=DIRECTION('',(1.0,0.0,6.12303176911189E-017));
#7513=CARTESIAN_POINT('',(2.75,-21.4779886193901,11.9457536332101));
#7514=DIRECTION('',(1.0,0.0,-0.0));
#7515=DIRECTION('',(0.0,0.555570233019602,0.831469612302545));
#7516=DIRECTION('',(1.0,0.0,6.12303176911189E-017));
#7517=DIRECTION('',(0.0,-0.831469612302545,0.555570233019602));
#7518=DIRECTION('',(1.0,0.0,6.12303176911189E-017));
#7519=CARTESIAN_POINT('',(2.75,-20.3169599766127,13.575358643834));
#7520=DIRECTION('',(-1.0,0.0,0.0));
#7521=DIRECTION('',(0.0,0.555570233019602,0.831469612302545));
#7522=DIRECTION('',(1.0,0.0,6.12303176911189E-017));
#7523=DIRECTION('',(0.0,0.831469612302545,-0.555570233019602));
#7524=DIRECTION('',(1.0,0.0,6.12303176911189E-017));
#7525=CARTESIAN_POINT('',(2.75,-19.2557076873116,15.2716320824202));
#7526=DIRECTION('',(1.0,0.0,-0.0));
#7527=DIRECTION('',(0.0,0.555570233019602,0.831469612302545));
#7528=DIRECTION('',(-1.0,-0.0,-6.12303176911189E-017));
#7529=DIRECTION('',(1.0,0.0,6.12303176911189E-017));
#7530=CARTESIAN_POINT('',(2.75,-18.7347941675376,15.9063670427914));
#7531=DIRECTION('',(1.0,0.0,-0.0));
#7532=DIRECTION('',(0.0,0.707106781186547,0.707106781186547));
#7533=DIRECTION('',(1.0,0.0,6.12303176911189E-017));
#7534=DIRECTION('',(0.0,-0.707106781186547,0.707106781186547));
#7535=DIRECTION('',(1.0,0.0,6.12303176911189E-017));
#7536=CARTESIAN_POINT('',(2.75,-17.2781541982933,17.2781541982933));
#7537=DIRECTION('',(-1.0,0.0,0.0));
#7538=DIRECTION('',(0.0,0.707106781186547,0.707106781186547));
#7539=DIRECTION('',(1.0,0.0,6.12303176911189E-017));
#7540=DIRECTION('',(0.0,0.707106781186547,-0.707106781186547));
#7541=DIRECTION('',(1.0,0.0,6.12303176911189E-017));
#7542=CARTESIAN_POINT('',(2.75,-15.9063670427914,18.7347941675376));
#7543=DIRECTION('',(1.0,0.0,-0.0));
#7544=DIRECTION('',(0.0,0.707106781186547,0.707106781186547));
#7545=DIRECTION('',(-1.0,-0.0,-6.12303176911189E-017));
#7546=DIRECTION('',(1.0,0.0,6.12303176911189E-017));
#7547=CARTESIAN_POINT('',(2.75,-15.2716320824202,19.2557076873116));
#7548=DIRECTION('',(1.0,0.0,-0.0));
#7549=DIRECTION('',(0.0,0.831469612302545,0.555570233019602));
#7550=DIRECTION('',(1.0,0.0,6.12303176911189E-017));
#7551=DIRECTION('',(0.0,-0.555570233019602,0.831469612302545));
#7552=DIRECTION('',(1.0,0.0,6.12303176911189E-017));
#7553=CARTESIAN_POINT('',(2.75,-13.575358643834,20.3169599766127));
#7554=DIRECTION('',(-1.0,0.0,0.0));
#7555=DIRECTION('',(0.0,0.831469612302545,0.555570233019602));
#7556=DIRECTION('',(1.0,0.0,6.12303176911189E-017));
#7557=DIRECTION('',(0.0,0.555570233019602,-0.831469612302545));
#7558=DIRECTION('',(1.0,0.0,6.12303176911189E-017));
#7559=CARTESIAN_POINT('',(2.75,-11.9457536332101,21.4779886193901));
#7560=DIRECTION('',(1.0,0.0,-0.0));
#7561=DIRECTION('',(0.0,0.831469612302545,0.555570233019602));
#7562=DIRECTION('',(-1.0,-0.0,-6.12303176911189E-017));
#7563=DIRECTION('',(1.0,0.0,6.12303176911189E-017));
#7564=CARTESIAN_POINT('',(2.75,-11.2215897408054,21.8650622841338));
#7565=DIRECTION('',(1.0,0.0,-0.0));
#7566=DIRECTION('',(0.0,0.923879532511287,0.38268343236509));
#7567=DIRECTION('',(1.0,0.0,6.12303176911189E-017));
#7568=DIRECTION('',(0.0,-0.38268343236509,0.923879532511287));
#7569=DIRECTION('',(1.0,0.0,6.12303176911189E-017));
#7570=CARTESIAN_POINT('',(2.75,-9.35086966984097,22.5749963769133));
#7571=DIRECTION('',(-1.0,0.0,0.0));
#7572=DIRECTION('',(0.0,0.923879532511287,0.38268343236509));
#7573=DIRECTION('',(1.0,0.0,6.12303176911189E-017));
#7574=DIRECTION('',(0.0,0.38268343236509,-0.923879532511287));
#7575=DIRECTION('',(1.0,0.0,6.12303176911189E-017));
#7576=CARTESIAN_POINT('',(2.75,-7.5260716107603,23.3957960135942));
#7577=DIRECTION('',(1.0,0.0,-0.0));
#7578=DIRECTION('',(0.0,0.923879532511287,0.38268343236509));
#7579=DIRECTION('',(-1.0,-0.0,-6.12303176911189E-017));
#7580=DIRECTION('',(1.0,0.0,6.12303176911189E-017));
#7581=CARTESIAN_POINT('',(2.75,-6.74030799859152,23.6341547994449));
#7582=DIRECTION('',(1.0,0.0,-0.0));
#7583=DIRECTION('',(0.0,0.98078528040323,0.195090322016128));
#7584=DIRECTION('',(1.0,0.0,6.12303176911189E-017));
#7585=DIRECTION('',(0.0,-0.195090322016128,0.98078528040323));
#7586=DIRECTION('',(1.0,0.0,6.12303176911189E-017));
#7587=CARTESIAN_POINT('',(2.75,-4.76703201846409,23.9654883266529));
#7588=DIRECTION('',(-1.0,0.0,0.0));
#7589=DIRECTION('',(0.0,0.98078528040323,0.195090322016128));
#7590=DIRECTION('',(1.0,0.0,6.12303176911189E-017));
#7591=DIRECTION('',(0.0,0.195090322016128,-0.98078528040323));
#7592=DIRECTION('',(1.0,0.0,6.12303176911189E-017));
#7593=CARTESIAN_POINT('',(2.75,-2.8171668769786,24.4145160875094));
#7594=DIRECTION('',(1.0,0.0,-0.0));
#7595=DIRECTION('',(0.0,0.98078528040323,0.195090322016128));
#7596=DIRECTION('',(-1.0,-0.0,-6.12303176911189E-017));
#7597=DIRECTION('',(1.0,0.0,6.12303176911189E-017));
#7598=CARTESIAN_POINT('',(2.75,-2.0,24.495));
#7599=DIRECTION('',(1.0,0.0,0.0));
#7600=DIRECTION('',(0.0,1.0,-6.12303176911189E-017));
#7601=DIRECTION('',(1.0,0.0,6.12303176911189E-017));
#7602=DIRECTION('',(-0.0,6.12303176911189E-017,1.0));
#7603=DIRECTION('',(1.0,0.0,6.12303176911189E-017));
#7604=CARTESIAN_POINT('',(2.75,1.52266991377259E-015,24.435));
#7605=DIRECTION('',(-1.0,0.0,-0.0));
#7606=DIRECTION('',(0.0,1.0,-6.12303176911189E-017));
#7607=DIRECTION('',(1.0,0.0,6.12303176911189E-017));
#7608=DIRECTION('',(0.0,-6.12303176911189E-017,-1.0));
#7609=DIRECTION('',(1.0,0.0,6.12303176911189E-017));
#7610=CARTESIAN_POINT('',(2.75,2.0,24.495));
#7611=DIRECTION('',(1.0,0.0,0.0));
#7612=DIRECTION('',(0.0,1.0,-6.12303176911189E-017));
#7613=DIRECTION('',(-1.0,-0.0,-6.12303176911189E-017));
#7614=DIRECTION('',(1.0,0.0,6.12303176911189E-017));
#7615=CARTESIAN_POINT('',(2.75,2.8171668769786,24.4145160875094));
#7616=DIRECTION('',(1.0,0.0,0.0));
#7617=DIRECTION('',(0.0,0.98078528040323,-0.195090322016128));
#7618=DIRECTION('',(1.0,0.0,6.12303176911189E-017));
#7619=DIRECTION('',(-0.0,0.195090322016128,0.98078528040323));
#7620=DIRECTION('',(1.0,0.0,6.12303176911189E-017));
#7621=CARTESIAN_POINT('',(2.75,4.76703201846409,23.9654883266529));
#7622=DIRECTION('',(-1.0,0.0,-0.0));
#7623=DIRECTION('',(0.0,0.98078528040323,-0.195090322016128));
#7624=DIRECTION('',(1.0,0.0,6.12303176911189E-017));
#7625=DIRECTION('',(0.0,-0.195090322016128,-0.98078528040323));
#7626=DIRECTION('',(1.0,0.0,6.12303176911189E-017));
#7627=CARTESIAN_POINT('',(2.75,6.74030799859152,23.6341547994449));
#7628=DIRECTION('',(1.0,0.0,0.0));
#7629=DIRECTION('',(0.0,0.98078528040323,-0.195090322016128));
#7630=DIRECTION('',(-1.0,-0.0,-6.12303176911189E-017));
#7631=DIRECTION('',(1.0,0.0,6.12303176911189E-017));
#7632=CARTESIAN_POINT('',(2.75,7.5260716107603,23.3957960135942));
#7633=DIRECTION('',(1.0,0.0,0.0));
#7634=DIRECTION('',(0.0,0.923879532511287,-0.38268343236509));
#7635=DIRECTION('',(1.0,0.0,6.12303176911189E-017));
#7636=DIRECTION('',(-0.0,0.38268343236509,0.923879532511287));
#7637=DIRECTION('',(1.0,0.0,6.12303176911189E-017));
#7638=CARTESIAN_POINT('',(2.75,9.35086966984097,22.5749963769133));
#7639=DIRECTION('',(-1.0,0.0,-0.0));
#7640=DIRECTION('',(0.0,0.923879532511287,-0.38268343236509));
#7641=DIRECTION('',(1.0,0.0,6.12303176911189E-017));
#7642=DIRECTION('',(0.0,-0.38268343236509,-0.923879532511287));
#7643=DIRECTION('',(1.0,0.0,6.12303176911189E-017));
#7644=CARTESIAN_POINT('',(2.75,11.2215897408054,21.8650622841338));
#7645=DIRECTION('',(1.0,0.0,0.0));
#7646=DIRECTION('',(0.0,0.923879532511287,-0.38268343236509));
#7647=DIRECTION('',(-1.0,-0.0,-6.12303176911189E-017));
#7648=DIRECTION('',(1.0,0.0,6.12303176911189E-017));
#7649=CARTESIAN_POINT('',(2.75,11.9457536332101,21.47798861939));
#7650=DIRECTION('',(1.0,0.0,0.0));
#7651=DIRECTION('',(0.0,0.831469612302545,-0.555570233019602));
#7652=DIRECTION('',(1.0,0.0,6.12303176911189E-017));
#7653=DIRECTION('',(-0.0,0.555570233019602,0.831469612302545));
#7654=DIRECTION('',(1.0,0.0,6.12303176911189E-017));
#7655=CARTESIAN_POINT('',(2.75,13.575358643834,20.3169599766127));
#7656=DIRECTION('',(-1.0,0.0,-0.0));
#7657=DIRECTION('',(0.0,0.831469612302545,-0.555570233019602));
#7658=DIRECTION('',(1.0,0.0,6.12303176911189E-017));
#7659=DIRECTION('',(0.0,-0.555570233019602,-0.831469612302545));
#7660=DIRECTION('',(1.0,0.0,6.12303176911189E-017));
#7661=CARTESIAN_POINT('',(2.75,15.2716320824202,19.2557076873116));
#7662=DIRECTION('',(1.0,0.0,0.0));
#7663=DIRECTION('',(0.0,0.831469612302545,-0.555570233019602));
#7664=DIRECTION('',(-1.0,-0.0,-6.12303176911189E-017));
#7665=DIRECTION('',(1.0,0.0,6.12303176911189E-017));
#7666=CARTESIAN_POINT('',(2.75,15.9063670427914,18.7347941675376));
#7667=DIRECTION('',(1.0,0.0,0.0));
#7668=DIRECTION('',(0.0,0.707106781186547,-0.707106781186547));
#7669=DIRECTION('',(1.0,0.0,6.12303176911189E-017));
#7670=DIRECTION('',(-0.0,0.707106781186547,0.707106781186547));
#7671=DIRECTION('',(1.0,0.0,6.12303176911189E-017));
#7672=CARTESIAN_POINT('',(2.75,17.2781541982933,17.2781541982933));
#7673=DIRECTION('',(-1.0,0.0,-0.0));
#7674=DIRECTION('',(0.0,0.707106781186547,-0.707106781186547));
#7675=DIRECTION('',(1.0,0.0,6.12303176911189E-017));
#7676=DIRECTION('',(0.0,-0.707106781186547,-0.707106781186547));
#7677=DIRECTION('',(1.0,0.0,6.12303176911189E-017));
#7678=CARTESIAN_POINT('',(2.75,18.7347941675376,15.9063670427914));
#7679=DIRECTION('',(1.0,0.0,0.0));
#7680=DIRECTION('',(0.0,0.707106781186547,-0.707106781186547));
#7681=DIRECTION('',(-1.0,-0.0,-6.12303176911189E-017));
#7682=DIRECTION('',(1.0,0.0,6.12303176911189E-017));
#7683=CARTESIAN_POINT('',(2.75,19.2557076873116,15.2716320824202));
#7684=DIRECTION('',(1.0,0.0,0.0));
#7685=DIRECTION('',(0.0,0.555570233019602,-0.831469612302545));
#7686=DIRECTION('',(1.0,0.0,6.12303176911189E-017));
#7687=DIRECTION('',(-0.0,0.831469612302545,0.555570233019602));
#7688=DIRECTION('',(1.0,0.0,6.12303176911189E-017));
#7689=CARTESIAN_POINT('',(2.75,20.3169599766127,13.575358643834));
#7690=DIRECTION('',(-1.0,0.0,-0.0));
#7691=DIRECTION('',(0.0,0.555570233019602,-0.831469612302545));
#7692=DIRECTION('',(1.0,0.0,6.12303176911189E-017));
#7693=DIRECTION('',(0.0,-0.831469612302545,-0.555570233019602));
#7694=DIRECTION('',(1.0,0.0,6.12303176911189E-017));
#7695=CARTESIAN_POINT('',(2.75,21.47798861939,11.9457536332101));
#7696=DIRECTION('',(1.0,0.0,0.0));
#7697=DIRECTION('',(0.0,0.555570233019602,-0.831469612302545));
#7698=DIRECTION('',(-1.0,-0.0,-6.12303176911189E-017));
#7699=DIRECTION('',(1.0,0.0,6.12303176911189E-017));
#7700=CARTESIAN_POINT('',(2.75,21.8650622841338,11.2215897408054));
#7701=DIRECTION('',(1.0,0.0,0.0));
#7702=DIRECTION('',(0.0,0.38268343236509,-0.923879532511287));
#7703=CARTESIAN_POINT('',(2.75,0.0,0.0));
#7704=DIRECTION('',(1.0,0.0,0.0));
#7705=DIRECTION('',(0.0,1.0,0.0));
#7706=DIRECTION('',(-0.0,0.923879532511287,0.38268343236509));
#7707=CARTESIAN_POINT('',(2.75,22.5749963769133,9.35086966984097));
#7708=DIRECTION('',(-1.0,0.0,-0.0));
#7709=DIRECTION('',(0.0,0.38268343236509,-0.923879532511287));
#7710=DIRECTION('',(0.0,-0.923879532511287,-0.38268343236509));
#7711=CARTESIAN_POINT('',(2.75,23.3957960135942,7.5260716107603));
#7712=DIRECTION('',(1.0,0.0,0.0));
#7713=DIRECTION('',(0.0,0.38268343236509,-0.923879532511287));
#7714=CARTESIAN_POINT('',(2.75,24.4145160875094,2.8171668769786));
#7715=DIRECTION('',(1.0,0.0,0.0));
#7716=DIRECTION('',(0.0,0.195090322016128,-0.98078528040323));
#7717=CARTESIAN_POINT('',(2.75,23.6341547994449,6.74030799859152));
#7718=DIRECTION('',(1.0,0.0,0.0));
#7719=DIRECTION('',(0.0,0.195090322016128,-0.98078528040323));
#7720=DIRECTION('',(-0.0,0.98078528040323,0.195090322016128));
#7721=CARTESIAN_POINT('',(2.75,23.9654883266529,4.76703201846409));
#7722=DIRECTION('',(-1.0,0.0,-0.0));
#7723=DIRECTION('',(0.0,0.195090322016128,-0.98078528040323));
#7724=DIRECTION('',(0.0,-0.98078528040323,-0.195090322016128));
#7725=CARTESIAN_POINT('',(2.75,24.495,-2.0));
#7726=DIRECTION('',(1.0,0.0,0.0));
#7727=DIRECTION('',(0.0,0.0,-1.0));
#7728=CARTESIAN_POINT('',(2.75,0.0,0.0));
#7729=DIRECTION('',(1.0,0.0,0.0));
#7730=DIRECTION('',(0.0,1.0,0.0));
#7731=CARTESIAN_POINT('',(2.75,24.495,2.0));
#7732=DIRECTION('',(1.0,0.0,0.0));
#7733=DIRECTION('',(0.0,0.0,-1.0));
#7734=DIRECTION('',(0.0,1.0,-0.0));
#7735=CARTESIAN_POINT('',(2.75,24.435,1.41876272660478E-016));
#7736=DIRECTION('',(-1.0,-0.0,-0.0));
#7737=DIRECTION('',(0.0,0.0,-1.0));
#7738=DIRECTION('',(0.0,-1.0,0.0));
#7739=CARTESIAN_POINT('',(2.75,23.6341547994449,-6.74030799859153));
#7740=DIRECTION('',(1.0,0.0,0.0));
#7741=DIRECTION('',(0.0,-0.195090322016129,-0.98078528040323));
#7742=CARTESIAN_POINT('',(2.75,0.0,0.0));
#7743=DIRECTION('',(1.0,0.0,0.0));
#7744=DIRECTION('',(0.0,1.0,0.0));
#7745=CARTESIAN_POINT('',(2.75,24.4145160875094,-2.81716687697861));
#7746=DIRECTION('',(1.0,0.0,0.0));
#7747=DIRECTION('',(0.0,-0.195090322016129,-0.98078528040323));
#7748=DIRECTION('',(0.0,0.98078528040323,-0.195090322016129));
#7749=CARTESIAN_POINT('',(2.75,23.9654883266529,-4.76703201846411));
#7750=DIRECTION('',(-1.0,-0.0,0.0));
#7751=DIRECTION('',(0.0,-0.195090322016129,-0.98078528040323));
#7752=DIRECTION('',(0.0,-0.98078528040323,0.195090322016129));
#7753=CARTESIAN_POINT('',(2.75,21.8650622841338,-11.2215897408055));
#7754=DIRECTION('',(1.0,0.0,0.0));
#7755=DIRECTION('',(0.0,-0.38268343236509,-0.923879532511287));
#7756=CARTESIAN_POINT('',(2.75,0.0,0.0));
#7757=DIRECTION('',(1.0,0.0,0.0));
#7758=DIRECTION('',(0.0,1.0,0.0));
#7759=CARTESIAN_POINT('',(2.75,23.3957960135941,-7.52607161076032));
#7760=DIRECTION('',(1.0,0.0,0.0));
#7761=DIRECTION('',(0.0,-0.38268343236509,-0.923879532511287));
#7762=DIRECTION('',(0.0,0.923879532511287,-0.38268343236509));
#7763=CARTESIAN_POINT('',(2.75,22.5749963769133,-9.35086966984098));
#7764=DIRECTION('',(-1.0,-0.0,0.0));
#7765=DIRECTION('',(0.0,-0.38268343236509,-0.923879532511287));
#7766=DIRECTION('',(0.0,-0.923879532511287,0.38268343236509));
#7767=CARTESIAN_POINT('',(2.75,19.2557076873116,-15.2716320824202));
#7768=DIRECTION('',(1.0,0.0,0.0));
#7769=DIRECTION('',(0.0,-0.555570233019602,-0.831469612302545));
#7770=CARTESIAN_POINT('',(2.75,0.0,0.0));
#7771=DIRECTION('',(1.0,0.0,0.0));
#7772=DIRECTION('',(0.0,1.0,0.0));
#7773=CARTESIAN_POINT('',(2.75,21.47798861939,-11.9457536332101));
#7774=DIRECTION('',(1.0,0.0,0.0));
#7775=DIRECTION('',(0.0,-0.555570233019602,-0.831469612302545));
#7776=DIRECTION('',(0.0,0.831469612302545,-0.555570233019602));
#7777=CARTESIAN_POINT('',(2.75,20.3169599766127,-13.575358643834));
#7778=DIRECTION('',(-1.0,-0.0,0.0));
#7779=DIRECTION('',(0.0,-0.555570233019602,-0.831469612302545));
#7780=DIRECTION('',(0.0,-0.831469612302545,0.555570233019602));
#7781=CARTESIAN_POINT('',(2.75,15.9063670427914,-18.7347941675376));
#7782=DIRECTION('',(1.0,0.0,0.0));
#7783=DIRECTION('',(0.0,-0.707106781186548,-0.707106781186547));
#7784=CARTESIAN_POINT('',(2.75,0.0,0.0));
#7785=DIRECTION('',(1.0,0.0,0.0));
#7786=DIRECTION('',(0.0,1.0,0.0));
#7787=CARTESIAN_POINT('',(2.75,18.7347941675376,-15.9063670427914));
#7788=DIRECTION('',(1.0,0.0,0.0));
#7789=DIRECTION('',(0.0,-0.707106781186548,-0.707106781186547));
#7790=DIRECTION('',(0.0,0.707106781186547,-0.707106781186548));
#7791=CARTESIAN_POINT('',(2.75,17.2781541982933,-17.2781541982933));
#7792=DIRECTION('',(-1.0,-0.0,0.0));
#7793=DIRECTION('',(0.0,-0.707106781186548,-0.707106781186547));
#7794=DIRECTION('',(0.0,-0.707106781186547,0.707106781186548));
#7795=CARTESIAN_POINT('',(2.75,11.9457536332101,-21.4779886193901));
#7796=DIRECTION('',(1.0,0.0,0.0));
#7797=DIRECTION('',(0.0,-0.831469612302545,-0.555570233019602));
#7798=CARTESIAN_POINT('',(2.75,0.0,0.0));
#7799=DIRECTION('',(1.0,0.0,0.0));
#7800=DIRECTION('',(0.0,1.0,0.0));
#7801=CARTESIAN_POINT('',(2.75,15.2716320824202,-19.2557076873116));
#7802=DIRECTION('',(1.0,0.0,0.0));
#7803=DIRECTION('',(0.0,-0.831469612302545,-0.555570233019602));
#7804=DIRECTION('',(0.0,0.555570233019602,-0.831469612302545));
#7805=CARTESIAN_POINT('',(2.75,13.575358643834,-20.3169599766127));
#7806=DIRECTION('',(-1.0,-0.0,0.0));
#7807=DIRECTION('',(0.0,-0.831469612302545,-0.555570233019602));
#7808=DIRECTION('',(0.0,-0.555570233019602,0.831469612302545));
#7809=CARTESIAN_POINT('',(2.75,7.52607161076031,-23.3957960135941));
#7810=DIRECTION('',(1.0,0.0,0.0));
#7811=DIRECTION('',(0.0,-0.923879532511287,-0.38268343236509));
#7812=CARTESIAN_POINT('',(2.75,0.0,0.0));
#7813=DIRECTION('',(1.0,0.0,0.0));
#7814=DIRECTION('',(0.0,1.0,0.0));
#7815=CARTESIAN_POINT('',(2.75,11.2215897408055,-21.8650622841338));
#7816=DIRECTION('',(1.0,0.0,0.0));
#7817=DIRECTION('',(0.0,-0.923879532511287,-0.38268343236509));
#7818=DIRECTION('',(0.0,0.38268343236509,-0.923879532511287));
#7819=CARTESIAN_POINT('',(2.75,9.35086966984097,-22.5749963769133));
#7820=DIRECTION('',(-1.0,-0.0,0.0));
#7821=DIRECTION('',(0.0,-0.923879532511287,-0.38268343236509));
#7822=DIRECTION('',(0.0,-0.38268343236509,0.923879532511287));
#7823=CARTESIAN_POINT('',(2.75,2.8171668769786,-24.4145160875094));
#7824=DIRECTION('',(1.0,0.0,0.0));
#7825=DIRECTION('',(0.0,-0.98078528040323,-0.195090322016128));
#7826=CARTESIAN_POINT('',(2.75,0.0,0.0));
#7827=DIRECTION('',(1.0,0.0,0.0));
#7828=DIRECTION('',(0.0,1.0,0.0));
#7829=CARTESIAN_POINT('',(2.75,6.74030799859152,-23.6341547994449));
#7830=DIRECTION('',(1.0,0.0,0.0));
#7831=DIRECTION('',(0.0,-0.98078528040323,-0.195090322016128));
#7832=DIRECTION('',(0.0,0.195090322016128,-0.98078528040323));
#7833=CARTESIAN_POINT('',(2.75,4.76703201846409,-23.9654883266529));
#7834=DIRECTION('',(-1.0,-0.0,0.0));
#7835=DIRECTION('',(0.0,-0.98078528040323,-0.195090322016128));
#7836=DIRECTION('',(0.0,-0.195090322016128,0.98078528040323));
#7837=CARTESIAN_POINT('',(2.75,-2.0,-24.495));
#7838=DIRECTION('',(1.0,0.0,0.0));
#7839=DIRECTION('',(0.0,-1.0,1.83690953073357E-016));
#7840=CARTESIAN_POINT('',(2.75,0.0,0.0));
#7841=DIRECTION('',(1.0,0.0,0.0));
#7842=DIRECTION('',(0.0,1.0,0.0));
#7843=CARTESIAN_POINT('',(2.75,2.0,-24.495));
#7844=DIRECTION('',(1.0,0.0,0.0));
#7845=DIRECTION('',(0.0,-1.0,1.83690953073357E-016));
#7846=DIRECTION('',(0.0,-1.83690953073357E-016,-1.0));
#7847=CARTESIAN_POINT('',(2.75,-4.51499553933757E-015,-24.435));
#7848=DIRECTION('',(-1.0,-0.0,0.0));
#7849=DIRECTION('',(0.0,-1.0,1.83690953073357E-016));
#7850=DIRECTION('',(-0.0,1.83690953073357E-016,1.0));
#7851=CARTESIAN_POINT('',(2.75,-6.74030799859153,-23.6341547994449));
#7852=DIRECTION('',(1.0,0.0,0.0));
#7853=DIRECTION('',(0.0,-0.98078528040323,0.195090322016129));
#7854=CARTESIAN_POINT('',(2.75,0.0,0.0));
#7855=DIRECTION('',(1.0,0.0,0.0));
#7856=DIRECTION('',(0.0,1.0,0.0));
#7857=CARTESIAN_POINT('',(2.75,-2.81716687697861,-24.4145160875094));
#7858=DIRECTION('',(1.0,0.0,0.0));
#7859=DIRECTION('',(0.0,-0.98078528040323,0.195090322016129));
#7860=DIRECTION('',(0.0,-0.195090322016129,-0.98078528040323));
#7861=CARTESIAN_POINT('',(2.75,-4.7670320184641,-23.9654883266529));
#7862=DIRECTION('',(-1.0,-0.0,0.0));
#7863=DIRECTION('',(0.0,-0.98078528040323,0.195090322016129));
#7864=DIRECTION('',(-0.0,0.195090322016129,0.98078528040323));
#7865=CARTESIAN_POINT('',(2.75,-11.2215897408055,-21.8650622841338));
#7866=DIRECTION('',(1.0,0.0,0.0));
#7867=DIRECTION('',(0.0,-0.923879532511287,0.38268343236509));
#7868=CARTESIAN_POINT('',(2.75,0.0,0.0));
#7869=DIRECTION('',(1.0,0.0,0.0));
#7870=DIRECTION('',(0.0,1.0,0.0));
#7871=CARTESIAN_POINT('',(2.75,-7.52607161076032,-23.3957960135941));
#7872=DIRECTION('',(1.0,0.0,0.0));
#7873=DIRECTION('',(0.0,-0.923879532511287,0.38268343236509));
#7874=DIRECTION('',(0.0,-0.38268343236509,-0.923879532511287));
#7875=CARTESIAN_POINT('',(2.75,-9.35086966984098,-22.5749963769133));
#7876=DIRECTION('',(-1.0,-0.0,0.0));
#7877=DIRECTION('',(0.0,-0.923879532511287,0.38268343236509));
#7878=DIRECTION('',(-0.0,0.38268343236509,0.923879532511287));
#7879=CARTESIAN_POINT('',(2.75,-15.2716320824202,-19.2557076873116));
#7880=DIRECTION('',(1.0,0.0,0.0));
#7881=DIRECTION('',(0.0,-0.831469612302545,0.555570233019602));
#7882=CARTESIAN_POINT('',(2.75,0.0,0.0));
#7883=DIRECTION('',(1.0,0.0,0.0));
#7884=DIRECTION('',(0.0,1.0,0.0));
#7885=CARTESIAN_POINT('',(2.75,-11.9457536332101,-21.47798861939));
#7886=DIRECTION('',(1.0,0.0,0.0));
#7887=DIRECTION('',(0.0,-0.831469612302545,0.555570233019602));
#7888=DIRECTION('',(0.0,-0.555570233019602,-0.831469612302545));
#7889=CARTESIAN_POINT('',(2.75,-13.575358643834,-20.3169599766127));
#7890=DIRECTION('',(-1.0,-0.0,0.0));
#7891=DIRECTION('',(0.0,-0.831469612302545,0.555570233019602));
#7892=DIRECTION('',(-0.0,0.555570233019602,0.831469612302545));
#7893=CARTESIAN_POINT('',(2.75,-18.7347941675376,-15.9063670427914));
#7894=DIRECTION('',(1.0,0.0,0.0));
#7895=DIRECTION('',(0.0,-0.707106781186547,0.707106781186548));
#7896=CARTESIAN_POINT('',(2.75,0.0,0.0));
#7897=DIRECTION('',(1.0,0.0,0.0));
#7898=DIRECTION('',(0.0,1.0,0.0));
#7899=CARTESIAN_POINT('',(2.75,-15.9063670427914,-18.7347941675376));
#7900=DIRECTION('',(1.0,0.0,0.0));
#7901=DIRECTION('',(0.0,-0.707106781186547,0.707106781186548));
#7902=DIRECTION('',(0.0,-0.707106781186548,-0.707106781186547));
#7903=CARTESIAN_POINT('',(2.75,-17.2781541982933,-17.2781541982933));
#7904=DIRECTION('',(-1.0,-0.0,0.0));
#7905=DIRECTION('',(0.0,-0.707106781186547,0.707106781186548));
#7906=DIRECTION('',(-0.0,0.707106781186548,0.707106781186547));
#7907=CARTESIAN_POINT('',(2.75,-21.4779886193901,-11.9457536332101));
#7908=DIRECTION('',(1.0,0.0,0.0));
#7909=DIRECTION('',(0.0,-0.555570233019602,0.831469612302545));
#7910=CARTESIAN_POINT('',(2.75,0.0,0.0));
#7911=DIRECTION('',(1.0,0.0,0.0));
#7912=DIRECTION('',(0.0,1.0,0.0));
#7913=CARTESIAN_POINT('',(2.75,-19.2557076873116,-15.2716320824202));
#7914=DIRECTION('',(1.0,0.0,0.0));
#7915=DIRECTION('',(0.0,-0.555570233019602,0.831469612302545));
#7916=DIRECTION('',(0.0,-0.831469612302545,-0.555570233019602));
#7917=CARTESIAN_POINT('',(2.75,-20.3169599766127,-13.575358643834));
#7918=DIRECTION('',(-1.0,-0.0,0.0));
#7919=DIRECTION('',(0.0,-0.555570233019602,0.831469612302545));
#7920=DIRECTION('',(-0.0,0.831469612302545,0.555570233019602));
#7921=CARTESIAN_POINT('',(2.75,0.0,0.0));
#7922=DIRECTION('',(1.0,0.0,0.0));
#7923=DIRECTION('',(0.0,1.0,0.0));
#7924=CARTESIAN_POINT('',(2.75,-21.8650622841338,-11.2215897408054));
#7925=DIRECTION('',(1.0,0.0,0.0));
#7926=DIRECTION('',(0.0,-0.38268343236509,0.923879532511287));
#7927=CARTESIAN_POINT('',(2.75,0.0,0.0));
#7928=DIRECTION('',(1.0,0.0,0.0));
#7929=DIRECTION('',(0.0,1.0,0.0));
#7930=CARTESIAN_POINT('',(0.939692620785909,0.0,0.0));
#7931=DIRECTION('',(1.0,0.0,0.0));
#7932=DIRECTION('',(0.0,1.0,0.0));
#7933=CARTESIAN_POINT('',(0.0,0.0,0.0));
#7934=DIRECTION('',(1.0,0.0,0.0));
#7935=DIRECTION('',(0.0,1.0,0.0));
#7936=CARTESIAN_POINT('',(2.75,0.0,1.68383373650577E-016));
#7937=DIRECTION('',(1.0,0.0,6.12303176911189E-017));
#7938=DIRECTION('',(6.12303176911189E-017,0.0,-1.0));
#7939=CARTESIAN_POINT('',(2.75,0.0,1.68383373650577E-016));
#7940=DIRECTION('',(1.0,0.0,6.12303176911189E-017));
#7941=DIRECTION('',(6.12303176911189E-017,0.0,-1.0));
#7942=CARTESIAN_POINT('',(2.75,0.0,1.68383373650577E-016));
#7943=DIRECTION('',(1.0,0.0,6.12303176911189E-017));
#7944=DIRECTION('',(6.12303176911189E-017,0.0,-1.0));
#7945=CARTESIAN_POINT('',(2.75,0.0,1.68383373650577E-016));
#7946=DIRECTION('',(1.0,0.0,6.12303176911189E-017));
#7947=DIRECTION('',(6.12303176911189E-017,0.0,-1.0));
#7948=CARTESIAN_POINT('',(2.75,0.0,1.68383373650577E-016));
#7949=DIRECTION('',(1.0,0.0,6.12303176911189E-017));
#7950=DIRECTION('',(6.12303176911189E-017,0.0,-1.0));
#7951=CARTESIAN_POINT('',(2.75,0.0,1.68383373650577E-016));
#7952=DIRECTION('',(1.0,0.0,6.12303176911189E-017));
#7953=DIRECTION('',(6.12303176911189E-017,0.0,-1.0));
#7954=CARTESIAN_POINT('',(2.75,0.0,1.68383373650577E-016));
#7955=DIRECTION('',(1.0,0.0,6.12303176911189E-017));
#7956=DIRECTION('',(6.12303176911189E-017,0.0,-1.0));
#7957=CARTESIAN_POINT('',(2.75,0.0,1.68383373650577E-016));
#7958=DIRECTION('',(1.0,0.0,6.12303176911189E-017));
#7959=DIRECTION('',(6.12303176911189E-017,0.0,-1.0));
#7960=CARTESIAN_POINT('',(2.75,0.0,1.68383373650577E-016));
#7961=DIRECTION('',(1.0,0.0,6.12303176911189E-017));
#7962=DIRECTION('',(6.12303176911189E-017,0.0,-1.0));
#7963=CARTESIAN_POINT('',(2.75,0.0,1.68383373650577E-016));
#7964=DIRECTION('',(1.0,0.0,6.12303176911189E-017));
#7965=DIRECTION('',(6.12303176911189E-017,0.0,-1.0));
#7966=CARTESIAN_POINT('',(2.75,0.0,1.68383373650577E-016));
#7967=DIRECTION('',(1.0,0.0,6.12303176911189E-017));
#7968=DIRECTION('',(6.12303176911189E-017,0.0,-1.0));
#7969=CARTESIAN_POINT('',(2.75,0.0,1.68383373650577E-016));
#7970=DIRECTION('',(1.0,0.0,6.12303176911189E-017));
#7971=DIRECTION('',(6.12303176911189E-017,0.0,-1.0));
#7972=CARTESIAN_POINT('',(2.75,0.0,1.68383373650577E-016));
#7973=DIRECTION('',(1.0,0.0,6.12303176911189E-017));
#7974=DIRECTION('',(6.12303176911189E-017,0.0,-1.0));
#7975=CARTESIAN_POINT('',(2.75,0.0,1.68383373650577E-016));
#7976=DIRECTION('',(1.0,0.0,6.12303176911189E-017));
#7977=DIRECTION('',(6.12303176911189E-017,0.0,-1.0));
#7978=DIRECTION('',(-1.0,-0.0,-6.12303176911189E-017));
#7979=DIRECTION('',(1.0,0.0,6.12303176911189E-017));
#7980=DIRECTION('',(1.0,0.0,6.12303176911189E-017));
#7981=DIRECTION('',(1.0,0.0,6.12303176911189E-017));
#7982=DIRECTION('',(1.0,0.0,6.12303176911189E-017));
#7983=DIRECTION('',(1.0,0.0,6.12303176911189E-017));
#7984=DIRECTION('',(-1.0,-0.0,-6.12303176911189E-017));
#7985=DIRECTION('',(1.0,0.0,6.12303176911189E-017));
#7986=DIRECTION('',(1.0,0.0,6.12303176911189E-017));
#7987=DIRECTION('',(1.0,0.0,6.12303176911189E-017));
#7988=DIRECTION('',(1.0,0.0,6.12303176911189E-017));
#7989=DIRECTION('',(1.0,0.0,6.12303176911189E-017));
#7990=DIRECTION('',(-1.0,-0.0,-6.12303176911189E-017));
#7991=DIRECTION('',(1.0,0.0,6.12303176911189E-017));
#7992=DIRECTION('',(1.0,0.0,6.12303176911189E-017));
#7993=DIRECTION('',(1.0,0.0,6.12303176911189E-017));
#7994=DIRECTION('',(1.0,0.0,6.12303176911189E-017));
#7995=DIRECTION('',(1.0,0.0,6.12303176911189E-017));
#7996=DIRECTION('',(-1.0,-0.0,-6.12303176911189E-017));
#7997=DIRECTION('',(1.0,0.0,6.12303176911189E-017));
#7998=DIRECTION('',(1.0,0.0,6.12303176911189E-017));
#7999=DIRECTION('',(1.0,0.0,6.12303176911189E-017));
#8000=DIRECTION('',(1.0,0.0,6.12303176911189E-017));
#8001=DIRECTION('',(1.0,0.0,6.12303176911189E-017));
#8002=DIRECTION('',(-1.0,-0.0,-6.12303176911189E-017));
#8003=DIRECTION('',(1.0,0.0,6.12303176911189E-017));
#8004=DIRECTION('',(1.0,0.0,6.12303176911189E-017));
#8005=DIRECTION('',(1.0,0.0,6.12303176911189E-017));
#8006=DIRECTION('',(1.0,0.0,6.12303176911189E-017));
#8007=DIRECTION('',(1.0,0.0,6.12303176911189E-017));
#8008=DIRECTION('',(-1.0,-0.0,-6.12303176911189E-017));
#8009=DIRECTION('',(1.0,0.0,6.12303176911189E-017));
#8010=DIRECTION('',(1.0,0.0,6.12303176911189E-017));
#8011=DIRECTION('',(1.0,0.0,6.12303176911189E-017));
#8012=DIRECTION('',(1.0,0.0,6.12303176911189E-017));
#8013=DIRECTION('',(1.0,0.0,6.12303176911189E-017));
#8014=DIRECTION('',(-1.0,-0.0,-6.12303176911189E-017));
#8015=DIRECTION('',(1.0,0.0,6.12303176911189E-017));
#8016=DIRECTION('',(1.0,0.0,6.12303176911189E-017));
#8017=DIRECTION('',(1.0,0.0,6.12303176911189E-017));
#8018=DIRECTION('',(1.0,0.0,6.12303176911189E-017));
#8019=DIRECTION('',(1.0,0.0,6.12303176911189E-017));
#8020=DIRECTION('',(-1.0,-0.0,-6.12303176911189E-017));
#8021=DIRECTION('',(1.0,0.0,6.12303176911189E-017));
#8022=DIRECTION('',(1.0,0.0,6.12303176911189E-017));
#8023=DIRECTION('',(1.0,0.0,6.12303176911189E-017));
#8024=DIRECTION('',(1.0,0.0,6.12303176911189E-017));
#8025=DIRECTION('',(1.0,0.0,6.12303176911189E-017));
#8026=DIRECTION('',(-1.0,-0.0,-6.12303176911189E-017));
#8027=DIRECTION('',(1.0,0.0,6.12303176911189E-017));
#8028=DIRECTION('',(1.0,0.0,6.12303176911189E-017));
#8029=DIRECTION('',(1.0,0.0,6.12303176911189E-017));
#8030=DIRECTION('',(1.0,0.0,6.12303176911189E-017));
#8031=DIRECTION('',(1.0,0.0,6.12303176911189E-017));
#8032=DIRECTION('',(-1.0,-0.0,-6.12303176911189E-017));
#8033=DIRECTION('',(1.0,0.0,6.12303176911189E-017));
#8034=DIRECTION('',(1.0,0.0,6.12303176911189E-017));
#8035=DIRECTION('',(1.0,0.0,6.12303176911189E-017));
#8036=DIRECTION('',(1.0,0.0,6.12303176911189E-017));
#8037=DIRECTION('',(1.0,0.0,6.12303176911189E-017));
#8038=DIRECTION('',(-1.0,-0.0,-6.12303176911189E-017));
#8039=DIRECTION('',(1.0,0.0,6.12303176911189E-017));
#8040=DIRECTION('',(1.0,0.0,6.12303176911189E-017));
#8041=DIRECTION('',(1.0,0.0,6.12303176911189E-017));
#8042=DIRECTION('',(1.0,0.0,6.12303176911189E-017));
#8043=DIRECTION('',(1.0,0.0,6.12303176911189E-017));
#8044=DIRECTION('',(-1.0,-0.0,-6.12303176911189E-017));
#8045=DIRECTION('',(1.0,0.0,6.12303176911189E-017));
#8046=DIRECTION('',(1.0,0.0,6.12303176911189E-017));
#8047=DIRECTION('',(1.0,0.0,6.12303176911189E-017));
#8048=DIRECTION('',(1.0,0.0,6.12303176911189E-017));
#8049=DIRECTION('',(1.0,0.0,6.12303176911189E-017));
#8050=DIRECTION('',(-1.0,-0.0,-6.12303176911189E-017));
#8051=DIRECTION('',(1.0,0.0,6.12303176911189E-017));
#8052=DIRECTION('',(1.0,0.0,6.12303176911189E-017));
#8053=DIRECTION('',(1.0,0.0,6.12303176911189E-017));
#8054=DIRECTION('',(1.0,0.0,6.12303176911189E-017));
#8055=DIRECTION('',(1.0,0.0,6.12303176911189E-017));
#8056=DIRECTION('',(-1.0,-0.0,-6.12303176911189E-017));
#8057=DIRECTION('',(1.0,0.0,6.12303176911189E-017));
#8058=DIRECTION('',(1.0,0.0,6.12303176911189E-017));
#8059=DIRECTION('',(1.0,0.0,6.12303176911189E-017));
#8060=DIRECTION('',(1.0,0.0,6.12303176911189E-017));
#8061=DIRECTION('',(1.0,0.0,6.12303176911189E-017));
#8062=DIRECTION('',(-1.0,-0.0,-6.12303176911189E-017));
#8063=DIRECTION('',(1.0,0.0,6.12303176911189E-017));
#8064=DIRECTION('',(1.0,0.0,6.12303176911189E-017));
#8065=DIRECTION('',(1.0,0.0,6.12303176911189E-017));
#8066=DIRECTION('',(1.0,0.0,6.12303176911189E-017));
#8067=DIRECTION('',(1.0,0.0,6.12303176911189E-017));
#8068=DIRECTION('',(1.0,0.0,6.12303176911189E-017));
#8069=DIRECTION('',(1.0,0.0,6.12303176911189E-017));
#8070=DIRECTION('',(1.0,0.0,6.12303176911189E-017));
#8071=DIRECTION('',(-1.0,-0.0,-6.12303176911189E-017));
#8072=DIRECTION('',(1.0,0.0,6.12303176911189E-017));
ENDSEC;
END-ISO-10303-21;
