ISO-10303-21;
HEADER;
FILE_DESCRIPTION (( 'STEP AP203' ),
    '1' );
FILE_NAME ('am-5748 AM14U6 2026 Front Back Bumper Bracket.STEP',
    '2025-09-22T21:26:45',
    ( '' ),
    ( '' ),
    'SwSTEP 2.0',
    'SolidWorks 2024',
    '' );
FILE_SCHEMA (( 'CONFIG_CONTROL_DESIGN' ));
ENDSEC;

DATA;
#1 = DIRECTION ( 'NONE',  ( 0.000000000000000000, 3.472688127539317590E-15, -1.000000000000000000 ) ) ;
#2 = FACE_OUTER_BOUND ( 'NONE', #1693, .T. ) ;
#3 = CARTESIAN_POINT ( 'NONE',  ( -8.419157771868536299E-16, 0.1249999999999990424, 0.4295000000000004370 ) ) ;
#4 = DIRECTION ( 'NONE',  ( -0.000000000000000000, -0.000000000000000000, -1.000000000000000000 ) ) ;
#5 = EDGE_LOOP ( 'NONE', ( #1408, #229 ) ) ;
#6 = ORIENTED_EDGE ( 'NONE', *, *, #1308, .T. ) ;
#7 = EDGE_CURVE ( 'NONE', #1418, #2126, #2781, .T. ) ;
#8 = VERTEX_POINT ( 'NONE', #271 ) ;
#9 = ORIENTED_EDGE ( 'NONE', *, *, #1737, .T. ) ;
#10 = DIRECTION ( 'NONE',  ( 0.000000000000000000, 0.000000000000000000, 1.000000000000000000 ) ) ;
#11 = CARTESIAN_POINT ( 'NONE',  ( 0.1249999999999991118, -3.059395623007344033E-15, 1.029999999999999583 ) ) ;
#12 = CARTESIAN_POINT ( 'NONE',  ( 4.000000000000000000, 0.1549999999999999989, -6.829619984160658046E-17 ) ) ;
#13 = DIRECTION ( 'NONE',  ( -0.000000000000000000, -0.000000000000000000, -1.000000000000000000 ) ) ;
#14 = EDGE_CURVE ( 'NONE', #2211, #1976, #2137, .T. ) ;
#15 = AXIS2_PLACEMENT_3D ( 'NONE', #2714, #2511, #2543 ) ;
#16 = AXIS2_PLACEMENT_3D ( 'NONE', #1486, #1034, #1941 ) ;
#17 = ORIENTED_EDGE ( 'NONE', *, *, #2145, .F. ) ;
#18 = LINE ( 'NONE', #454, #1806 ) ;
#19 = LINE ( 'NONE', #257, #501 ) ;
#20 = ADVANCED_FACE ( 'NONE', ( #574 ), #1454, .F. ) ;
#21 = EDGE_LOOP ( 'NONE', ( #1350, #1555 ) ) ;
#22 = ORIENTED_EDGE ( 'NONE', *, *, #1934, .T. ) ;
#23 = CARTESIAN_POINT ( 'NONE',  ( 4.000000000000000000, 0.000000000000000000, 0.000000000000000000 ) ) ;
#24 = AXIS2_PLACEMENT_3D ( 'NONE', #1726, #2413, #2195 ) ;
#25 = ORIENTED_EDGE ( 'NONE', *, *, #2743, .T. ) ;
#26 = FACE_OUTER_BOUND ( 'NONE', #403, .T. ) ;
#27 = AXIS2_PLACEMENT_3D ( 'NONE', #1064, #2862, #1515 ) ;
#28 = CARTESIAN_POINT ( 'NONE',  ( -7.635658985891032884E-16, 0.1249999999999978767, 0.7554999999999999494 ) ) ;
#29 = AXIS2_PLACEMENT_3D ( 'NONE', #260, #278, #553 ) ;
#30 = DIRECTION ( 'NONE',  ( -1.000000000000000000, 0.000000000000000000, 0.000000000000000000 ) ) ;
#31 = EDGE_CURVE ( 'NONE', #2369, #1043, #805, .T. ) ;
#32 = ORIENTED_EDGE ( 'NONE', *, *, #2206, .T. ) ;
#33 = ORIENTED_EDGE ( 'NONE', *, *, #1537, .F. ) ;
#34 = CARTESIAN_POINT ( 'NONE',  ( 1.249999999999999556, -2.780077115899892813E-15, 0.9499999999999997335 ) ) ;
#35 = ORIENTED_EDGE ( 'NONE', *, *, #746, .T. ) ;
#36 = CARTESIAN_POINT ( 'NONE',  ( 2.649499999999999744, 1.000000000000000000, 0.000000000000000000 ) ) ;
#37 = ADVANCED_FACE ( 'NONE', ( #2729 ), #1969, .T. ) ;
#38 = CYLINDRICAL_SURFACE ( 'NONE', #56, 0.1004999999999999227 ) ;
#39 = DIRECTION ( 'NONE',  ( 0.000000000000000000, 0.000000000000000000, 1.000000000000000000 ) ) ;
#40 = DIRECTION ( 'NONE',  ( -1.000000000000000000, 0.000000000000000000, 0.000000000000000000 ) ) ;
#41 = DIRECTION ( 'NONE',  ( 0.000000000000000000, 0.000000000000000000, -1.000000000000000000 ) ) ;
#42 = VERTEX_POINT ( 'NONE', #165 ) ;
#43 = DIRECTION ( 'NONE',  ( -1.000000000000000000, 0.000000000000000000, 0.000000000000000000 ) ) ;
#44 = ADVANCED_FACE ( 'NONE', ( #2172 ), #2231, .F. ) ;
#45 = CARTESIAN_POINT ( 'NONE',  ( 0.3505000000000008109, 1.000000000000000000, 0.000000000000000000 ) ) ;
#46 = ORIENTED_EDGE ( 'NONE', *, *, #2865, .T. ) ;
#47 = EDGE_LOOP ( 'NONE', ( #1116, #521, #144, #2592 ) ) ;
#48 = EDGE_LOOP ( 'NONE', ( #1292, #1813, #2564, #1421 ) ) ;
#49 = CARTESIAN_POINT ( 'NONE',  ( 0.1249999999999991118, -3.495830790362735703E-15, 1.154999999999999805 ) ) ;
#50 = DIRECTION ( 'NONE',  ( 0.000000000000000000, 3.491481338843135327E-15, -1.000000000000000000 ) ) ;
#51 = EDGE_CURVE ( 'NONE', #646, #983, #2847, .T. ) ;
#52 = ADVANCED_FACE ( 'NONE', ( #2861 ), #2833, .F. ) ;
#53 = DIRECTION ( 'NONE',  ( 1.000000000000000000, 0.000000000000000000, 0.000000000000000000 ) ) ;
#54 = VECTOR ( 'NONE', #2641, 39.37007874015748143 ) ;
#55 = CARTESIAN_POINT ( 'NONE',  ( 4.000000000000000000, 0.1549999999999999989, 0.1549999999999999156 ) ) ;
#56 = AXIS2_PLACEMENT_3D ( 'NONE', #297, #1180, #71 ) ;
#57 = ORIENTED_EDGE ( 'NONE', *, *, #1249, .T. ) ;
#58 = LINE ( 'NONE', #945, #1717 ) ;
#59 = DIRECTION ( 'NONE',  ( 0.000000000000000000, -1.000000000000000000, -3.491481338843133355E-15 ) ) ;
#60 = CARTESIAN_POINT ( 'NONE',  ( 3.350500000000000256, 0.5000000000000000000, 0.000000000000000000 ) ) ;
#61 = AXIS2_PLACEMENT_3D ( 'NONE', #168, #2617, #2186 ) ;
#62 = ORIENTED_EDGE ( 'NONE', *, *, #2182, .T. ) ;
#63 = VERTEX_POINT ( 'NONE', #2899 ) ;
#64 = CARTESIAN_POINT ( 'NONE',  ( 3.750000000000000000, 1.000000000000000000, 0.1250000000000000278 ) ) ;
#65 = ADVANCED_BREP_SHAPE_REPRESENTATION ( 'am-5748 AM14U6 2026 Front Back Bumper Bracket', ( #101, #2254 ), #1523 ) ;
#66 = EDGE_CURVE ( 'NONE', #1919, #1585, #604, .T. ) ;
#67 = EDGE_LOOP ( 'NONE', ( #2620, #2537 ) ) ;
#68 = DIRECTION ( 'NONE',  ( 1.000000000000000000, 0.000000000000000000, 0.000000000000000000 ) ) ;
#69 = PERSON_AND_ORGANIZATION ( #870, #1860 ) ;
#70 = EDGE_CURVE ( 'NONE', #2577, #1162, #2183, .T. ) ;
#71 = DIRECTION ( 'NONE',  ( 0.000000000000000000, -3.491481338843132961E-15, 1.000000000000000000 ) ) ;
#72 = CIRCLE ( 'NONE', #1716, 0.1005000000000004778 ) ;
#73 = AXIS2_PLACEMENT_3D ( 'NONE', #2013, #1645, #883 ) ;
#74 = CARTESIAN_POINT ( 'NONE',  ( 0.5000000000000006661, 1.419999999999999929, 0.1250000000000000278 ) ) ;
#75 = VECTOR ( 'NONE', #2642, 39.37007874015748143 ) ;
#76 = DIRECTION ( 'NONE',  ( -1.000000000000000000, -0.000000000000000000, -0.000000000000000000 ) ) ;
#77 = ORIENTED_EDGE ( 'NONE', *, *, #2677, .F. ) ;
#78 = CYLINDRICAL_SURFACE ( 'NONE', #2385, 0.1005000000000002003 ) ;
#79 = CARTESIAN_POINT ( 'NONE',  ( 0.6005000000000011440, 1.419999999999999929, 0.1250000000000000278 ) ) ;
#80 = ORIENTED_EDGE ( 'NONE', *, *, #2281, .T. ) ;
#81 = EDGE_LOOP ( 'NONE', ( #1016, #428, #2193, #153, #1144, #2410 ) ) ;
#82 = LINE ( 'NONE', #1253, #1620 ) ;
#83 = VERTEX_POINT ( 'NONE', #633 ) ;
#84 = FACE_OUTER_BOUND ( 'NONE', #2269, .T. ) ;
#85 = DIRECTION ( 'NONE',  ( 0.000000000000000000, -1.000000000000000000, -3.491481338843133355E-15 ) ) ;
#86 = LINE ( 'NONE', #515, #1005 ) ;
#87 = PERSON_AND_ORGANIZATION ( #870, #1860 ) ;
#88 = FACE_BOUND ( 'NONE', #1947, .T. ) ;
#89 = FACE_OUTER_BOUND ( 'NONE', #967, .T. ) ;
#90 = CARTESIAN_POINT ( 'NONE',  ( -1.092739197465705287E-15, 0.1549999999999999989, 0.1549999999999999156 ) ) ;
#91 = EDGE_LOOP ( 'NONE', ( #2866, #2844, #2536, #774 ) ) ;
#92 = VERTEX_POINT ( 'NONE', #2658 ) ;
#93 = EDGE_CURVE ( 'NONE', #368, #1462, #251, .T. ) ;
#94 = DIRECTION ( 'NONE',  ( 0.000000000000000000, 0.000000000000000000, 1.000000000000000000 ) ) ;
#95 = EDGE_LOOP ( 'NONE', ( #1055, #892, #33, #706 ) ) ;
#96 = DIRECTION ( 'NONE',  ( 0.000000000000000000, 0.000000000000000000, -1.000000000000000000 ) ) ;
#97 = CARTESIAN_POINT ( 'NONE',  ( 2.750000000000000000, -1.750090120941168630E-15, 0.6549999999999996936 ) ) ;
#98 = CARTESIAN_POINT ( 'NONE',  ( 0.3995000000000001883, 1.419999999999999929, 1.155000000000000027 ) ) ;
#99 = DATE_TIME_ROLE ( 'creation_date' ) ;
#100 = CARTESIAN_POINT ( 'NONE',  ( 3.875000000000000000, 0.1249999999999974742, 0.8804999999999999494 ) ) ;
#101 = MANIFOLD_SOLID_BREP ( 'Cut-Extrude1', #1272 ) ;
#102 = DIRECTION ( 'NONE',  ( -0.000000000000000000, -1.000000000000000000, -3.491481338843132961E-15 ) ) ;
#103 = ORIENTED_EDGE ( 'NONE', *, *, #70, .F. ) ;
#104 = AXIS2_PLACEMENT_3D ( 'NONE', #924, #2263, #1564 ) ;
#105 = VERTEX_POINT ( 'NONE', #1547 ) ;
#106 = ORIENTED_EDGE ( 'NONE', *, *, #401, .F. ) ;
#107 = VERTEX_POINT ( 'NONE', #2477 ) ;
#108 = CARTESIAN_POINT ( 'NONE',  ( 4.000000000000000000, 1.669999999999999929, 0.000000000000000000 ) ) ;
#109 = EDGE_CURVE ( 'NONE', #2823, #1677, #2272, .T. ) ;
#110 = AXIS2_PLACEMENT_3D ( 'NONE', #2465, #1316, #929 ) ;
#111 = ORIENTED_EDGE ( 'NONE', *, *, #651, .F. ) ;
#112 = DIRECTION ( 'NONE',  ( 7.006492321624085355E-46, 1.000000000000000000, 3.491481338843133750E-15 ) ) ;
#113 = PLANE ( 'NONE',  #594 ) ;
#114 = DIRECTION ( 'NONE',  ( 1.000000000000000000, 0.000000000000000000, 0.000000000000000000 ) ) ;
#115 = DATE_AND_TIME ( #2788, #1670 ) ;
#116 = DIRECTION ( 'NONE',  ( 1.000000000000000000, 8.942059022282653095E-32, -2.561107494060247075E-17 ) ) ;
#117 = CARTESIAN_POINT ( 'NONE',  ( 2.250000000000000444, 0.5000000000000000000, 0.1250000000000000278 ) ) ;
#118 = AXIS2_PLACEMENT_3D ( 'NONE', #1694, #2598, #1637 ) ;
#119 = CARTESIAN_POINT ( 'NONE',  ( 3.350500000000000256, 1.000000000000000000, 1.155000000000000027 ) ) ;
#120 = DIRECTION ( 'NONE',  ( 0.000000000000000000, -1.000000000000000000, -3.414809992080330305E-15 ) ) ;
#121 = AXIS2_PLACEMENT_3D ( 'NONE', #2297, #2242, #43 ) ;
#122 = ORIENTED_EDGE ( 'NONE', *, *, #1143, .F. ) ;
#123 = AXIS2_PLACEMENT_3D ( 'NONE', #2373, #359, #1696 ) ;
#124 = VECTOR ( 'NONE', #547, 39.37007874015748143 ) ;
#125 = EDGE_LOOP ( 'NONE', ( #1945, #1771, #2482, #152 ) ) ;
#126 = EDGE_LOOP ( 'NONE', ( #2906, #1026, #1820, #2532 ) ) ;
#127 = AXIS2_PLACEMENT_3D ( 'NONE', #2568, #981, #745 ) ;
#128 = CARTESIAN_POINT ( 'NONE',  ( 3.500000000000000444, 1.419999999999999929, 0.000000000000000000 ) ) ;
#129 = EDGE_CURVE ( 'NONE', #2472, #2694, #264, .T. ) ;
#130 = VERTEX_POINT ( 'NONE', #49 ) ;
#131 = VERTEX_POINT ( 'NONE', #1330 ) ;
#132 = LINE ( 'NONE', #1020, #262 ) ;
#133 = DIRECTION ( 'NONE',  ( -0.000000000000000000, 1.000000000000000000, 3.491481338843132961E-15 ) ) ;
#134 = FACE_BOUND ( 'NONE', #1372, .T. ) ;
#135 = ORIENTED_EDGE ( 'NONE', *, *, #901, .T. ) ;
#136 = APPROVAL ( #1656, 'UNSPECIFIED' ) ;
#137 = CARTESIAN_POINT ( 'NONE',  ( 0.1250000000000000000, 1.545000000000000151, 0.1250000000000000000 ) ) ;
#138 = FACE_BOUND ( 'NONE', #1373, .T. ) ;
#139 = CARTESIAN_POINT ( 'NONE',  ( 2.249999999999999556, -1.750090120941169025E-15, 0.6549999999999996936 ) ) ;
#140 = ORIENTED_EDGE ( 'NONE', *, *, #109, .F. ) ;
#141 = ORIENTED_EDGE ( 'NONE', *, *, #2491, .T. ) ;
#142 = VERTEX_POINT ( 'NONE', #36 ) ;
#143 = ORIENTED_EDGE ( 'NONE', *, *, #2777, .F. ) ;
#144 = ORIENTED_EDGE ( 'NONE', *, *, #2221, .T. ) ;
#145 = ORIENTED_EDGE ( 'NONE', *, *, #200, .T. ) ;
#146 = LINE ( 'NONE', #385, #821 ) ;
#147 = DIRECTION ( 'NONE',  ( 0.000000000000000000, 0.000000000000000000, 1.000000000000000000 ) ) ;
#148 = LINE ( 'NONE', #2834, #2294 ) ;
#149 = DIRECTION ( 'NONE',  ( -5.463695987328527423E-16, -3.491481338843132961E-15, 1.000000000000000000 ) ) ;
#150 = EDGE_CURVE ( 'NONE', #1807, #1362, #1890, .T. ) ;
#151 = DIRECTION ( 'NONE',  ( 0.000000000000000000, 0.000000000000000000, 1.000000000000000000 ) ) ;
#152 = ORIENTED_EDGE ( 'NONE', *, *, #109, .T. ) ;
#153 = ORIENTED_EDGE ( 'NONE', *, *, #2589, .F. ) ;
#154 = CARTESIAN_POINT ( 'NONE',  ( 2.750000000000000000, 0.5000000000000000000, 1.155000000000000027 ) ) ;
#155 = AXIS2_PLACEMENT_3D ( 'NONE', #1889, #2541, #722 ) ;
#156 = VERTEX_POINT ( 'NONE', #2245 ) ;
#157 = VERTEX_POINT ( 'NONE', #1131 ) ;
#158 = AXIS2_PLACEMENT_3D ( 'NONE', #2849, #2252, #1113 ) ;
#159 = DIRECTION ( 'NONE',  ( -0.000000000000000000, 1.000000000000000000, 3.491481338843133355E-15 ) ) ;
#160 = FACE_OUTER_BOUND ( 'NONE', #1232, .T. ) ;
#161 = FACE_BOUND ( 'NONE', #645, .T. ) ;
#162 = ADVANCED_FACE ( 'NONE', ( #1163 ), #460, .F. ) ;
#163 = CIRCLE ( 'NONE', #1183, 0.1250000000000000000 ) ;
#164 = ORIENTED_EDGE ( 'NONE', *, *, #2404, .F. ) ;
#165 = CARTESIAN_POINT ( 'NONE',  ( 3.350500000000000256, 0.5000000000000000000, 0.1250000000000000278 ) ) ;
#166 = CARTESIAN_POINT ( 'NONE',  ( 0.7499999999999993339, -2.100983995494903864E-15, 0.7554999999999997273 ) ) ;
#167 = EDGE_CURVE ( 'NONE', #1994, #157, #1984, .T. ) ;
#168 = CARTESIAN_POINT ( 'NONE',  ( 3.875000000000000000, -3.055208049546745133E-15, 1.029999999999999583 ) ) ;
#169 = DIRECTION ( 'NONE',  ( 1.000000000000000000, 0.000000000000000000, 0.000000000000000000 ) ) ;
#170 = DIRECTION ( 'NONE',  ( 0.000000000000000000, 0.000000000000000000, -1.000000000000000000 ) ) ;
#171 = VECTOR ( 'NONE', #1270, 39.37007874015748143 ) ;
#172 = DIRECTION ( 'NONE',  ( 1.000000000000000000, 0.000000000000000000, 0.000000000000000000 ) ) ;
#173 = EDGE_LOOP ( 'NONE', ( #704, #2779, #46, #1827 ) ) ;
#174 = ORIENTED_EDGE ( 'NONE', *, *, #182, .F. ) ;
#175 = DIRECTION ( 'NONE',  ( 0.000000000000000000, 0.000000000000000000, -1.000000000000000000 ) ) ;
#176 = AXIS2_PLACEMENT_3D ( 'NONE', #97, #749, #1209 ) ;
#177 = ORIENTED_EDGE ( 'NONE', *, *, #1068, .F. ) ;
#178 = VERTEX_POINT ( 'NONE', #237 ) ;
#179 = DIRECTION ( 'NONE',  ( -0.000000000000000000, -0.000000000000000000, -1.000000000000000000 ) ) ;
#180 = ORIENTED_EDGE ( 'NONE', *, *, #764, .T. ) ;
#181 = CARTESIAN_POINT ( 'NONE',  ( 0.2500000000000003331, 1.000000000000000000, 1.155000000000000027 ) ) ;
#182 = EDGE_CURVE ( 'NONE', #456, #2211, #223, .T. ) ;
#183 = CARTESIAN_POINT ( 'NONE',  ( 0.1494999999999999107, 0.5000000000000000000, 1.155000000000000027 ) ) ;
#184 = EDGE_CURVE ( 'NONE', #2811, #131, #578, .T. ) ;
#185 = DIRECTION ( 'NONE',  ( -0.000000000000000000, 1.000000000000000000, 3.491481338843132961E-15 ) ) ;
#186 = VERTEX_POINT ( 'NONE', #1593 ) ;
#187 = VERTEX_POINT ( 'NONE', #1801 ) ;
#188 = EDGE_CURVE ( 'NONE', #1162, #2577, #347, .T. ) ;
#189 = EDGE_CURVE ( 'NONE', #1465, #2100, #625, .T. ) ;
#190 = ORIENTED_EDGE ( 'NONE', *, *, #31, .F. ) ;
#191 = ORIENTED_EDGE ( 'NONE', *, *, #2530, .F. ) ;
#192 = DIRECTION ( 'NONE',  ( -1.000000000000000000, 0.000000000000000000, 0.000000000000000000 ) ) ;
#193 = DIRECTION ( 'NONE',  ( -0.000000000000000000, -0.000000000000000000, -1.000000000000000000 ) ) ;
#194 = CARTESIAN_POINT ( 'NONE',  ( 3.750000000000000000, 1.000000000000000000, 0.1250000000000000278 ) ) ;
#195 = CALENDAR_DATE ( 2025, 22, 9 ) ;
#196 = CARTESIAN_POINT ( 'NONE',  ( 1.250000000000000000, 0.5000000000000000000, 0.000000000000000000 ) ) ;
#197 = DIRECTION ( 'NONE',  ( 1.000000000000000000, 0.000000000000000000, 0.000000000000000000 ) ) ;
#198 = DIRECTION ( 'NONE',  ( 0.000000000000000000, 3.472688127539317590E-15, -1.000000000000000000 ) ) ;
#199 = FACE_BOUND ( 'NONE', #2446, .T. ) ;
#200 = EDGE_CURVE ( 'NONE', #2648, #178, #1793, .T. ) ;
#201 = ORIENTED_EDGE ( 'NONE', *, *, #635, .T. ) ;
#202 = ORIENTED_EDGE ( 'NONE', *, *, #2898, .T. ) ;
#203 = ORIENTED_EDGE ( 'NONE', *, *, #1796, .F. ) ;
#204 = DIRECTION ( 'NONE',  ( -0.000000000000000000, 1.000000000000000000, 3.491481338843132961E-15 ) ) ;
#205 = LINE ( 'NONE', #2216, #2741 ) ;
#206 = AXIS2_PLACEMENT_3D ( 'NONE', #2700, #1580, #1120 ) ;
#207 = CIRCLE ( 'NONE', #806, 0.1005000000000004778 ) ;
#208 = FACE_OUTER_BOUND ( 'NONE', #81, .T. ) ;
#209 = PRODUCT_DEFINITION_SHAPE ( 'NONE', 'NONE',  #1164 ) ;
#210 = DIRECTION ( 'NONE',  ( 0.000000000000000000, -1.000000000000000000, -3.491481338843133355E-15 ) ) ;
#211 = CIRCLE ( 'NONE', #2188, 0.1004999999999998533 ) ;
#212 = DIRECTION ( 'NONE',  ( 1.000000000000000000, -1.683085396123523550E-30, 4.820548165041020907E-16 ) ) ;
#213 = CARTESIAN_POINT ( 'NONE',  ( 0.7500000000000004441, 1.000000000000000000, 1.155000000000000027 ) ) ;
#214 = VERTEX_POINT ( 'NONE', #2488 ) ;
#215 = EDGE_CURVE ( 'NONE', #1961, #1572, #1354, .T. ) ;
#216 = CIRCLE ( 'NONE', #2000, 0.1005000000000004778 ) ;
#217 = CARTESIAN_POINT ( 'NONE',  ( 1.249999999999999556, -7.201031259824442512E-16, 0.3599999999999997091 ) ) ;
#218 = EDGE_LOOP ( 'NONE', ( #2809, #1205, #919, #1667 ) ) ;
#219 = VECTOR ( 'NONE', #2428, 39.37007874015748143 ) ;
#220 = CARTESIAN_POINT ( 'NONE',  ( 3.875000000000000000, -3.495830790362735703E-15, 1.154999999999999805 ) ) ;
#221 = LINE ( 'NONE', #872, #684 ) ;
#222 = AXIS2_PLACEMENT_3D ( 'NONE', #181, #617, #2660 ) ;
#223 = LINE ( 'NONE', #884, #2874 ) ;
#224 = AXIS2_PLACEMENT_3D ( 'NONE', #128, #2799, #340 ) ;
#225 = FACE_OUTER_BOUND ( 'NONE', #173, .T. ) ;
#226 = DIRECTION ( 'NONE',  ( 0.000000000000000000, 3.491481338843133750E-15, -1.000000000000000000 ) ) ;
#227 = LINE ( 'NONE', #1595, #897 ) ;
#228 = LINE ( 'NONE', #2442, #765 ) ;
#229 = ORIENTED_EDGE ( 'NONE', *, *, #249, .F. ) ;
#230 = EDGE_LOOP ( 'NONE', ( #893, #980 ) ) ;
#231 = DIRECTION ( 'NONE',  ( -1.000000000000000000, 0.000000000000000000, 0.000000000000000000 ) ) ;
#232 = EDGE_LOOP ( 'NONE', ( #800, #623 ) ) ;
#233 = VERTEX_POINT ( 'NONE', #2508 ) ;
#234 = DIRECTION ( 'NONE',  ( -1.000000000000000000, 0.000000000000000000, 0.000000000000000000 ) ) ;
#235 = DIRECTION ( 'NONE',  ( -1.000000000000000000, 0.000000000000000000, 0.000000000000000000 ) ) ;
#236 = EDGE_CURVE ( 'NONE', #292, #1461, #2039, .T. ) ;
#237 = CARTESIAN_POINT ( 'NONE',  ( 0.3995000000000001883, 1.419999999999999929, 0.1250000000000000278 ) ) ;
#238 = LINE ( 'NONE', #1778, #542 ) ;
#239 = CARTESIAN_POINT ( 'NONE',  ( 0.000000000000000000, 1.545000000000000151, 0.1250000000000000000 ) ) ;
#240 = DIRECTION ( 'NONE',  ( 0.000000000000000000, 3.491481338843132566E-15, -1.000000000000000000 ) ) ;
#241 = ADVANCED_FACE ( 'NONE', ( #26 ), #915, .F. ) ;
#242 = ORIENTED_EDGE ( 'NONE', *, *, #66, .F. ) ;
#243 = VERTEX_POINT ( 'NONE', #1367 ) ;
#244 = CARTESIAN_POINT ( 'NONE',  ( 0.8505000000000009219, 0.5000000000000000000, 1.155000000000000027 ) ) ;
#245 = ORIENTED_EDGE ( 'NONE', *, *, #1048, .F. ) ;
#246 = ORIENTED_EDGE ( 'NONE', *, *, #2380, .F. ) ;
#247 = DIRECTION ( 'NONE',  ( 0.000000000000000000, 1.000000000000000000, 3.491481338843132961E-15 ) ) ;
#248 = CYLINDRICAL_SURFACE ( 'NONE', #408, 0.1005000000000004778 ) ;
#249 = EDGE_CURVE ( 'NONE', #2309, #1438, #2278, .T. ) ;
#250 = CYLINDRICAL_SURFACE ( 'NONE', #15, 0.1004999999999999227 ) ;
#251 = CIRCLE ( 'NONE', #752, 0.1005000000000004778 ) ;
#252 = DIRECTION ( 'NONE',  ( 0.000000000000000000, 0.000000000000000000, 1.000000000000000000 ) ) ;
#253 = AXIS2_PLACEMENT_3D ( 'NONE', #958, #1868, #928 ) ;
#254 = CIRCLE ( 'NONE', #353, 0.1005000000000002003 ) ;
#255 = EDGE_LOOP ( 'NONE', ( #2069, #2261, #2258, #1390 ) ) ;
#256 = DIRECTION ( 'NONE',  ( 0.000000000000000000, 0.000000000000000000, 1.000000000000000000 ) ) ;
#257 = CARTESIAN_POINT ( 'NONE',  ( 1.850500000000000700, 0.5000000000000000000, 1.155000000000000027 ) ) ;
#258 = EDGE_CURVE ( 'NONE', #1884, #1017, #984, .T. ) ;
#259 = ORIENTED_EDGE ( 'NONE', *, *, #886, .F. ) ;
#260 = CARTESIAN_POINT ( 'NONE',  ( 0.7499999999999993339, -1.750090120941168630E-15, 0.6549999999999998046 ) ) ;
#261 = VECTOR ( 'NONE', #1210, 39.37007874015748143 ) ;
#262 = VECTOR ( 'NONE', #1044, 39.37007874015748143 ) ;
#263 = ORIENTED_EDGE ( 'NONE', *, *, #834, .T. ) ;
#264 = LINE ( 'NONE', #1776, #848 ) ;
#265 = AXIS2_PLACEMENT_3D ( 'NONE', #404, #1283, #2205 ) ;
#266 = DIRECTION ( 'NONE',  ( -1.000000000000000000, 0.000000000000000000, 0.000000000000000000 ) ) ;
#267 = LINE ( 'NONE', #1370, #1986 ) ;
#268 = AXIS2_PLACEMENT_3D ( 'NONE', #23, #234, #1799 ) ;
#269 = ADVANCED_FACE ( 'NONE', ( #1409 ), #555, .F. ) ;
#270 = LINE ( 'NONE', #1626, #458 ) ;
#271 = CARTESIAN_POINT ( 'NONE',  ( 1.350500000000000478, 1.000000000000000000, 0.000000000000000000 ) ) ;
#272 = EDGE_CURVE ( 'NONE', #1991, #456, #1196, .T. ) ;
#273 = VERTEX_POINT ( 'NONE', #2131 ) ;
#274 = FACE_OUTER_BOUND ( 'NONE', #2595, .T. ) ;
#275 = DIRECTION ( 'NONE',  ( -1.000000000000000000, -0.000000000000000000, -0.000000000000000000 ) ) ;
#276 = EDGE_LOOP ( 'NONE', ( #1931, #1682, #934, #1989, #2196, #1234, #25, #996, #2158, #80, #418, #2366, #1530, #2271, #1171, #201, #1100, #1965 ) ) ;
#277 = ORIENTED_EDGE ( 'NONE', *, *, #1216, .F. ) ;
#278 = DIRECTION ( 'NONE',  ( -0.000000000000000000, 1.000000000000000000, 3.491481338843133355E-15 ) ) ;
#279 = EDGE_CURVE ( 'NONE', #2100, #1465, #299, .T. ) ;
#280 = CYLINDRICAL_SURFACE ( 'NONE', #2197, 0.1005000000000002003 ) ;
#281 = EDGE_CURVE ( 'NONE', #8, #1070, #2548, .T. ) ;
#282 = VERTEX_POINT ( 'NONE', #999 ) ;
#283 = DIRECTION ( 'NONE',  ( 0.000000000000000000, 0.000000000000000000, 1.000000000000000000 ) ) ;
#284 = FACE_OUTER_BOUND ( 'NONE', #276, .T. ) ;
#285 = FACE_OUTER_BOUND ( 'NONE', #2667, .T. ) ;
#286 = DIRECTION ( 'NONE',  ( -0.000000000000000000, -0.000000000000000000, -1.000000000000000000 ) ) ;
#287 = EDGE_LOOP ( 'NONE', ( #2321, #1605 ) ) ;
#288 = DIRECTION ( 'NONE',  ( 0.000000000000000000, 0.000000000000000000, 1.000000000000000000 ) ) ;
#289 = LINE ( 'NONE', #1169, #1519 ) ;
#290 = LINE ( 'NONE', #519, #2237 ) ;
#291 = ORIENTED_EDGE ( 'NONE', *, *, #2567, .T. ) ;
#292 = VERTEX_POINT ( 'NONE', #1650 ) ;
#293 = CARTESIAN_POINT ( 'NONE',  ( 4.000000000000000000, 0.1250000000000000000, 0.1549999999999998046 ) ) ;
#294 = EDGE_LOOP ( 'NONE', ( #441, #902, #479, #1510 ) ) ;
#295 = CYLINDRICAL_SURFACE ( 'NONE', #1557, 0.1249999999999999029 ) ;
#296 = DIRECTION ( 'NONE',  ( -1.000000000000000000, 0.000000000000000000, 0.000000000000000000 ) ) ;
#297 = CARTESIAN_POINT ( 'NONE',  ( 2.249999999999999556, -1.750090120941168630E-15, 0.6549999999999996936 ) ) ;
#298 = DIRECTION ( 'NONE',  ( 0.000000000000000000, 0.000000000000000000, -1.000000000000000000 ) ) ;
#299 = CIRCLE ( 'NONE', #2077, 0.1005000000000002003 ) ;
#300 = CARTESIAN_POINT ( 'NONE',  ( 4.000000000000000000, 0.1250000000000000000, 0.1549999999999997768 ) ) ;
#301 = AXIS2_PLACEMENT_3D ( 'NONE', #688, #1594, #2490 ) ;
#302 = EDGE_LOOP ( 'NONE', ( #242, #913, #2735, #77 ) ) ;
#303 = DIRECTION ( 'NONE',  ( 0.000000000000000000, 0.000000000000000000, -1.000000000000000000 ) ) ;
#304 = LINE ( 'NONE', #2095, #1765 ) ;
#305 = CARTESIAN_POINT ( 'NONE',  ( 4.000000000000000000, -3.059395623007344033E-15, 1.029999999999999583 ) ) ;
#306 = CIRCLE ( 'NONE', #2423, 0.1004999999999997840 ) ;
#307 = EDGE_LOOP ( 'NONE', ( #380, #1027 ) ) ;
#308 = PLANE ( 'NONE',  #2888 ) ;
#309 = EDGE_LOOP ( 'NONE', ( #2114, #2553 ) ) ;
#310 = LINE ( 'NONE', #1683, #672 ) ;
#311 = DIRECTION ( 'NONE',  ( 0.000000000000000000, 3.491481338843135327E-15, -1.000000000000000000 ) ) ;
#312 = DIRECTION ( 'NONE',  ( 0.000000000000000000, 0.000000000000000000, -1.000000000000000000 ) ) ;
#313 = AXIS2_PLACEMENT_3D ( 'NONE', #2785, #808, #1864 ) ;
#314 = CIRCLE ( 'NONE', #1948, 0.1005000000000002003 ) ;
#315 = VECTOR ( 'NONE', #1767, 39.37007874015748143 ) ;
#316 = AXIS2_PLACEMENT_3D ( 'NONE', #2628, #605, #423 ) ;
#317 = DIRECTION ( 'NONE',  ( -0.000000000000000000, 1.000000000000000000, 3.491481338843133355E-15 ) ) ;
#318 = EDGE_CURVE ( 'NONE', #2012, #847, #2825, .T. ) ;
#319 = CC_DESIGN_APPROVAL ( #2608, ( #548 ) ) ;
#320 = CIRCLE ( 'NONE', #1008, 0.1249999999999999029 ) ;
#321 = ADVANCED_FACE ( 'NONE', ( #84 ), #2738, .F. ) ;
#322 = DIRECTION ( 'NONE',  ( 0.000000000000000000, -1.000000000000000000, -3.491481338843133355E-15 ) ) ;
#323 = ORIENTED_EDGE ( 'NONE', *, *, #2865, .F. ) ;
#324 = DIRECTION ( 'NONE',  ( -0.000000000000000000, -0.000000000000000000, -1.000000000000000000 ) ) ;
#325 = ORIENTED_EDGE ( 'NONE', *, *, #2027, .T. ) ;
#326 = EDGE_LOOP ( 'NONE', ( #796, #145, #2382, #1858 ) ) ;
#327 = DIRECTION ( 'NONE',  ( -8.237222340848975794E-16, 0.000000000000000000, -1.000000000000000000 ) ) ;
#328 = VERTEX_POINT ( 'NONE', #2317 ) ;
#329 = DIRECTION ( 'NONE',  ( -1.000000000000000000, 0.000000000000000000, 0.000000000000000000 ) ) ;
#330 = CYLINDRICAL_SURFACE ( 'NONE', #598, 0.1005000000000004362 ) ;
#331 = DIRECTION ( 'NONE',  ( -1.000000000000000000, 0.000000000000000000, 0.000000000000000000 ) ) ;
#332 = PERSON_AND_ORGANIZATION ( #870, #1860 ) ;
#333 = DIRECTION ( 'NONE',  ( 0.000000000000000000, 0.000000000000000000, 1.000000000000000000 ) ) ;
#334 = EDGE_CURVE ( 'NONE', #2755, #2010, #310, .T. ) ;
#335 = DIRECTION ( 'NONE',  ( 1.000000000000000000, 0.000000000000000000, 0.000000000000000000 ) ) ;
#336 = CYLINDRICAL_SURFACE ( 'NONE', #1229, 0.02999999999999998848 ) ;
#337 = EDGE_CURVE ( 'NONE', #1465, #609, #513, .T. ) ;
#338 = ORIENTED_EDGE ( 'NONE', *, *, #1357, .F. ) ;
#339 = ORIENTED_EDGE ( 'NONE', *, *, #694, .F. ) ;
#340 = DIRECTION ( 'NONE',  ( -1.000000000000000000, 0.000000000000000000, 0.000000000000000000 ) ) ;
#341 = EDGE_LOOP ( 'NONE', ( #657, #396, #2176, #1320 ) ) ;
#342 = DIRECTION ( 'NONE',  ( 0.000000000000000000, 0.000000000000000000, 1.000000000000000000 ) ) ;
#343 = DIRECTION ( 'NONE',  ( -1.000000000000000000, 0.000000000000000000, 0.000000000000000000 ) ) ;
#344 = ORIENTED_EDGE ( 'NONE', *, *, #1126, .T. ) ;
#345 = CARTESIAN_POINT ( 'NONE',  ( 2.249999999999999556, 0.1249999999999986122, 0.5545000000000002149 ) ) ;
#346 = DIRECTION ( 'NONE',  ( 0.000000000000000000, 0.000000000000000000, -1.000000000000000000 ) ) ;
#347 = CIRCLE ( 'NONE', #708, 0.2949999999999999845 ) ;
#348 = CIRCLE ( 'NONE', #941, 0.1005000000000004778 ) ;
#349 = ORIENTED_EDGE ( 'NONE', *, *, #1393, .F. ) ;
#350 = DIRECTION ( 'NONE',  ( 1.000000000000000000, 0.000000000000000000, 0.000000000000000000 ) ) ;
#351 = CIRCLE ( 'NONE', #710, 0.1005000000000004778 ) ;
#352 = EDGE_CURVE ( 'NONE', #795, #1351, #1036, .T. ) ;
#353 = AXIS2_PLACEMENT_3D ( 'NONE', #2061, #39, #663 ) ;
#354 = VERTEX_POINT ( 'NONE', #2105 ) ;
#355 = DIRECTION ( 'NONE',  ( 0.000000000000000000, -3.491481338843135327E-15, 1.000000000000000000 ) ) ;
#356 = DIRECTION ( 'NONE',  ( 0.000000000000000000, -1.000000000000000000, -3.491481338843132961E-15 ) ) ;
#357 = CYLINDRICAL_SURFACE ( 'NONE', #176, 0.2949999999999999845 ) ;
#358 = CARTESIAN_POINT ( 'NONE',  ( 0.1249999999999991673, -1.408609121733135679E-15, 0.5544999999999998819 ) ) ;
#359 = DIRECTION ( 'NONE',  ( 0.000000000000000000, 0.000000000000000000, -1.000000000000000000 ) ) ;
#360 = AXIS2_PLACEMENT_3D ( 'NONE', #2014, #2284, #2304 ) ;
#361 = DIRECTION ( 'NONE',  ( 0.000000000000000000, -1.000000000000000000, -3.491481338843132961E-15 ) ) ;
#362 = CARTESIAN_POINT ( 'NONE',  ( 0.6494999999999999662, 1.000000000000000000, 1.155000000000000027 ) ) ;
#363 = CIRCLE ( 'NONE', #409, 0.1249999999999999029 ) ;
#364 = EDGE_LOOP ( 'NONE', ( #2632, #2022 ) ) ;
#365 = AXIS2_PLACEMENT_3D ( 'NONE', #1080, #845, #1273 ) ;
#366 = AXIS2_PLACEMENT_3D ( 'NONE', #1415, #1200, #1434 ) ;
#367 = ADVANCED_FACE ( 'NONE', ( #748 ), #539, .F. ) ;
#368 = VERTEX_POINT ( 'NONE', #1236 ) ;
#369 = ORIENTED_EDGE ( 'NONE', *, *, #1378, .F. ) ;
#370 = VECTOR ( 'NONE', #2803, 39.37007874015748143 ) ;
#371 = ORIENTED_EDGE ( 'NONE', *, *, #150, .T. ) ;
#372 = ORIENTED_EDGE ( 'NONE', *, *, #2618, .F. ) ;
#373 = DIRECTION ( 'NONE',  ( -0.000000000000000000, -0.000000000000000000, -1.000000000000000000 ) ) ;
#374 = ADVANCED_FACE ( 'NONE', ( #2118 ), #1441, .F. ) ;
#375 = FACE_BOUND ( 'NONE', #1394, .T. ) ;
#376 = EDGE_CURVE ( 'NONE', #759, #2524, #487, .T. ) ;
#377 = DIRECTION ( 'NONE',  ( 0.000000000000000000, 0.000000000000000000, 1.000000000000000000 ) ) ;
#378 = CARTESIAN_POINT ( 'NONE',  ( 1.250000000000000000, 1.000000000000000000, 1.155000000000000027 ) ) ;
#379 = CARTESIAN_POINT ( 'NONE',  ( 4.000000000000000000, 0.1549999999999999989, 0.1549999999999999156 ) ) ;
#380 = ORIENTED_EDGE ( 'NONE', *, *, #1521, .F. ) ;
#381 = ORIENTED_EDGE ( 'NONE', *, *, #976, .T. ) ;
#382 = ORIENTED_EDGE ( 'NONE', *, *, #2189, .T. ) ;
#383 = ADVANCED_FACE ( 'NONE', ( #1395 ), #295, .T. ) ;
#384 = ORIENTED_EDGE ( 'NONE', *, *, #936, .T. ) ;
#385 = CARTESIAN_POINT ( 'NONE',  ( 2.249999999999999556, -2.100983995494903075E-15, 0.7554999999999996163 ) ) ;
#386 = DIRECTION ( 'NONE',  ( -1.000000000000000000, 0.000000000000000000, 0.000000000000000000 ) ) ;
#387 = FACE_BOUND ( 'NONE', #611, .T. ) ;
#388 = FACE_BOUND ( 'NONE', #864, .T. ) ;
#389 = CARTESIAN_POINT ( 'NONE',  ( 3.250000000000000000, 0.5000000000000000000, 1.155000000000000027 ) ) ;
#390 = DIRECTION ( 'NONE',  ( 0.000000000000000000, 3.551402391763542381E-15, -1.000000000000000000 ) ) ;
#391 = LINE ( 'NONE', #833, #953 ) ;
#392 = ORIENTED_EDGE ( 'NONE', *, *, #2633, .F. ) ;
#393 = ORIENTED_EDGE ( 'NONE', *, *, #1642, .F. ) ;
#394 = EDGE_CURVE ( 'NONE', #2857, #1678, #2758, .T. ) ;
#395 = ORIENTED_EDGE ( 'NONE', *, *, #2015, .F. ) ;
#396 = ORIENTED_EDGE ( 'NONE', *, *, #2676, .T. ) ;
#397 = DIRECTION ( 'NONE',  ( 0.000000000000000000, 0.000000000000000000, 1.000000000000000000 ) ) ;
#398 = CYLINDRICAL_SURFACE ( 'NONE', #1614, 0.1005000000000004778 ) ;
#399 = PLANE ( 'NONE',  #1946 ) ;
#400 = DATE_AND_TIME ( #1952, #2438 ) ;
#401 = EDGE_CURVE ( 'NONE', #2146, #156, #524, .T. ) ;
#402 = VECTOR ( 'NONE', #425, 39.37007874015748143 ) ;
#403 = EDGE_LOOP ( 'NONE', ( #2869, #2362, #2398, #1785 ) ) ;
#404 = CARTESIAN_POINT ( 'NONE',  ( 1.249999999999999556, -1.750090120941168630E-15, 0.6549999999999996936 ) ) ;
#405 = CARTESIAN_POINT ( 'NONE',  ( 0.7499999999999993339, -1.750090120941168630E-15, 0.6549999999999998046 ) ) ;
#406 = DIRECTION ( 'NONE',  ( -1.000000000000000000, 0.000000000000000000, 0.000000000000000000 ) ) ;
#407 = EDGE_CURVE ( 'NONE', #354, #2343, #348, .T. ) ;
#408 = AXIS2_PLACEMENT_3D ( 'NONE', #1983, #652, #2661 ) ;
#409 = AXIS2_PLACEMENT_3D ( 'NONE', #1252, #2829, #811 ) ;
#410 = VERTEX_POINT ( 'NONE', #2003 ) ;
#411 = ORIENTED_EDGE ( 'NONE', *, *, #2787, .T. ) ;
#412 = EDGE_LOOP ( 'NONE', ( #2412, #584 ) ) ;
#413 = CIRCLE ( 'NONE', #365, 0.1004999999999998533 ) ;
#414 = AXIS2_PLACEMENT_3D ( 'NONE', #2260, #1118, #2066 ) ;
#415 = DIRECTION ( 'NONE',  ( -1.000000000000000000, 0.000000000000000000, 0.000000000000000000 ) ) ;
#416 = VECTOR ( 'NONE', #1672, 39.37007874015748143 ) ;
#417 = VERTEX_POINT ( 'NONE', #888 ) ;
#418 = ORIENTED_EDGE ( 'NONE', *, *, #129, .T. ) ;
#419 = CARTESIAN_POINT ( 'NONE',  ( -8.238227506521160497E-16, -2.533231589389696238E-15, 0.8804999999999996163 ) ) ;
#420 = DIRECTION ( 'NONE',  ( 1.000000000000000000, 0.000000000000000000, 0.000000000000000000 ) ) ;
#421 = APPROVAL_ROLE ( '' ) ;
#422 = ORIENTED_EDGE ( 'NONE', *, *, #2777, .T. ) ;
#423 = DIRECTION ( 'NONE',  ( -1.000000000000000000, 0.000000000000000000, 0.000000000000000000 ) ) ;
#424 = EDGE_CURVE ( 'NONE', #2125, #1961, #1456, .T. ) ;
#425 = DIRECTION ( 'NONE',  ( -0.000000000000000000, -0.000000000000000000, -1.000000000000000000 ) ) ;
#426 = CARTESIAN_POINT ( 'NONE',  ( 0.8505000000000009219, 0.5000000000000000000, 0.1250000000000000278 ) ) ;
#427 = ORIENTED_EDGE ( 'NONE', *, *, #1446, .T. ) ;
#428 = ORIENTED_EDGE ( 'NONE', *, *, #1493, .T. ) ;
#429 = EDGE_CURVE ( 'NONE', #2427, #2755, #207, .T. ) ;
#430 = EDGE_LOOP ( 'NONE', ( #2669, #793, #177, #477 ) ) ;
#431 = ORIENTED_EDGE ( 'NONE', *, *, #595, .T. ) ;
#432 = DIRECTION ( 'NONE',  ( 0.000000000000000000, 0.000000000000000000, -1.000000000000000000 ) ) ;
#433 = CARTESIAN_POINT ( 'NONE',  ( 3.250000000000000000, 1.000000000000000000, 0.1250000000000000278 ) ) ;
#434 = CARTESIAN_POINT ( 'NONE',  ( 2.850500000000000256, 1.000000000000000000, 0.000000000000000000 ) ) ;
#435 = CARTESIAN_POINT ( 'NONE',  ( 4.000000000000000000, -3.491643216902136408E-15, 1.154999999999999805 ) ) ;
#436 = DIRECTION ( 'NONE',  ( 0.000000000000000000, 0.000000000000000000, -1.000000000000000000 ) ) ;
#437 = DIRECTION ( 'NONE',  ( 1.000000000000000000, 0.000000000000000000, 0.000000000000000000 ) ) ;
#438 = DIRECTION ( 'NONE',  ( 3.503246160812042677E-46, 1.000000000000000000, 3.491481338843132961E-15 ) ) ;
#439 = EDGE_CURVE ( 'NONE', #1729, #2316, #2282, .T. ) ;
#440 = EDGE_LOOP ( 'NONE', ( #1185, #2210 ) ) ;
#441 = ORIENTED_EDGE ( 'NONE', *, *, #2378, .T. ) ;
#442 = DIRECTION ( 'NONE',  ( -1.000000000000000000, 0.000000000000000000, 0.000000000000000000 ) ) ;
#443 = ORIENTED_EDGE ( 'NONE', *, *, #1824, .F. ) ;
#444 = CARTESIAN_POINT ( 'NONE',  ( 2.249999999999999556, 0.1249999999999982514, 0.6550000000000001377 ) ) ;
#445 = CYLINDRICAL_SURFACE ( 'NONE', #1431, 0.1005000000000004362 ) ;
#446 = VECTOR ( 'NONE', #247, 39.37007874015748143 ) ;
#447 = CIRCLE ( 'NONE', #301, 0.1005000000000004778 ) ;
#448 = CARTESIAN_POINT ( 'NONE',  ( 0.2500000000000003331, 0.5000000000000000000, 0.000000000000000000 ) ) ;
#449 = CARTESIAN_POINT ( 'NONE',  ( 2.250000000000000444, 0.5000000000000000000, 1.155000000000000027 ) ) ;
#450 = CARTESIAN_POINT ( 'NONE',  ( 1.350500000000000478, 0.5000000000000000000, 0.1250000000000000278 ) ) ;
#451 = CYLINDRICAL_SURFACE ( 'NONE', #1750, 0.1250000000000000278 ) ;
#452 = CARTESIAN_POINT ( 'NONE',  ( 0.1250000000000000000, 1.545000000000000151, 0.000000000000000000 ) ) ;
#453 = ORIENTED_EDGE ( 'NONE', *, *, #272, .T. ) ;
#454 = CARTESIAN_POINT ( 'NONE',  ( 2.850500000000000256, 0.5000000000000000000, 1.155000000000000027 ) ) ;
#455 = CIRCLE ( 'NONE', #638, 0.1250000000000000278 ) ;
#456 = VERTEX_POINT ( 'NONE', #3 ) ;
#457 = AXIS2_PLACEMENT_3D ( 'NONE', #1152, #2265, #898 ) ;
#458 = VECTOR ( 'NONE', #1155, 39.37007874015748143 ) ;
#459 = DIRECTION ( 'NONE',  ( 1.000000000000000000, 0.000000000000000000, 0.000000000000000000 ) ) ;
#460 = PLANE ( 'NONE',  #104 ) ;
#461 = EDGE_CURVE ( 'NONE', #2648, #1337, #619, .T. ) ;
#462 = DIRECTION ( 'NONE',  ( -0.000000000000000000, -0.000000000000000000, -1.000000000000000000 ) ) ;
#463 = FACE_OUTER_BOUND ( 'NONE', #126, .T. ) ;
#464 = ORIENTED_EDGE ( 'NONE', *, *, #580, .F. ) ;
#465 = ORIENTED_EDGE ( 'NONE', *, *, #150, .F. ) ;
#466 = CARTESIAN_POINT ( 'NONE',  ( -9.561467977824920278E-16, 0.1249999999999965167, 1.155000000000000027 ) ) ;
#467 = ORIENTED_EDGE ( 'NONE', *, *, #2043, .T. ) ;
#468 = ORIENTED_EDGE ( 'NONE', *, *, #1303, .F. ) ;
#469 = ADVANCED_FACE ( 'NONE', ( #2275 ), #250, .F. ) ;
#470 = ADVANCED_FACE ( 'NONE', ( #2726 ), #485, .F. ) ;
#471 = VERTEX_POINT ( 'NONE', #2307 ) ;
#472 = DIRECTION ( 'NONE',  ( -8.237222340848975794E-16, 3.491481338843132961E-15, -1.000000000000000000 ) ) ;
#473 = CARTESIAN_POINT ( 'NONE',  ( 1.749999999999999556, -1.750090120941169025E-15, 0.6549999999999996936 ) ) ;
#474 = FACE_OUTER_BOUND ( 'NONE', #2104, .T. ) ;
#475 = CARTESIAN_POINT ( 'NONE',  ( 3.350500000000000256, 1.000000000000000000, 0.000000000000000000 ) ) ;
#476 = APPROVAL ( #2586, 'UNSPECIFIED' ) ;
#477 = ORIENTED_EDGE ( 'NONE', *, *, #272, .F. ) ;
#478 = DIRECTION ( 'NONE',  ( -1.000000000000000000, 0.000000000000000000, 0.000000000000000000 ) ) ;
#479 = ORIENTED_EDGE ( 'NONE', *, *, #694, .T. ) ;
#480 = CARTESIAN_POINT ( 'NONE',  ( 1.249999999999999556, -2.780077115899893601E-15, 0.9499999999999997335 ) ) ;
#481 = ORIENTED_EDGE ( 'NONE', *, *, #2270, .T. ) ;
#482 = DIRECTION ( 'NONE',  ( 0.000000000000000000, -3.491481338843133750E-15, 1.000000000000000000 ) ) ;
#483 = CYLINDRICAL_SURFACE ( 'NONE', #1096, 0.1005000000000004778 ) ;
#484 = DIRECTION ( 'NONE',  ( -0.000000000000000000, 1.000000000000000000, 3.491481338843133355E-15 ) ) ;
#485 = CYLINDRICAL_SURFACE ( 'NONE', #894, 0.1005000000000004778 ) ;
#486 = ADVANCED_FACE ( 'NONE', ( #285 ), #2041, .F. ) ;
#487 = CIRCLE ( 'NONE', #1038, 0.2949999999999999845 ) ;
#488 = AXIS2_PLACEMENT_3D ( 'NONE', #1399, #1417, #2531 ) ;
#489 = VECTOR ( 'NONE', #2174, 39.37007874015748143 ) ;
#490 = ORIENTED_EDGE ( 'NONE', *, *, #2576, .T. ) ;
#491 = DIRECTION ( 'NONE',  ( 0.000000000000000000, -3.491481338843130594E-15, 1.000000000000000000 ) ) ;
#492 = EDGE_CURVE ( 'NONE', #2314, #417, #447, .T. ) ;
#493 = DIRECTION ( 'NONE',  ( -1.000000000000000000, 0.000000000000000000, 0.000000000000000000 ) ) ;
#494 = EDGE_CURVE ( 'NONE', #1976, #680, #267, .T. ) ;
#495 = ORIENTED_EDGE ( 'NONE', *, *, #1378, .T. ) ;
#496 = CIRCLE ( 'NONE', #2144, 0.1004999999999998533 ) ;
#497 = VECTOR ( 'NONE', #1715, 39.37007874015748143 ) ;
#498 = AXIS2_PLACEMENT_3D ( 'NONE', #90, #1544, #1786 ) ;
#499 = ORIENTED_EDGE ( 'NONE', *, *, #1308, .F. ) ;
#500 = DIRECTION ( 'NONE',  ( -0.000000000000000000, -0.000000000000000000, -1.000000000000000000 ) ) ;
#501 = VECTOR ( 'NONE', #1588, 39.37007874015748143 ) ;
#502 = VECTOR ( 'NONE', #1752, 39.37007874015748143 ) ;
#503 = DIRECTION ( 'NONE',  ( 0.000000000000000000, 3.551402391763541592E-15, -1.000000000000000000 ) ) ;
#504 = LOCAL_TIME ( 17, 26, 45.00000000000000000, #1299 ) ;
#505 = AXIS2_PLACEMENT_3D ( 'NONE', #1104, #2634, #1772 ) ;
#506 = DIRECTION ( 'NONE',  ( -1.000000000000000000, 0.000000000000000000, 0.000000000000000000 ) ) ;
#507 = EDGE_CURVE ( 'NONE', #131, #2811, #2880, .T. ) ;
#508 = ADVANCED_FACE ( 'NONE', ( #474 ), #38, .F. ) ;
#509 = ORIENTED_EDGE ( 'NONE', *, *, #334, .T. ) ;
#510 = CYLINDRICAL_SURFACE ( 'NONE', #1470, 0.1250000000000000278 ) ;
#511 = EDGE_LOOP ( 'NONE', ( #1739, #453, #2905, #2525 ) ) ;
#512 = ORIENTED_EDGE ( 'NONE', *, *, #2456, .T. ) ;
#513 = LINE ( 'NONE', #1428, #2325 ) ;
#514 = LINE ( 'NONE', #98, #2837 ) ;
#515 = CARTESIAN_POINT ( 'NONE',  ( 0.6494999999999999662, 0.5000000000000000000, 1.155000000000000027 ) ) ;
#516 = DIRECTION ( 'NONE',  ( 0.000000000000000000, -1.000000000000000000, -3.491481338843133355E-15 ) ) ;
#517 = LINE ( 'NONE', #658, #1240 ) ;
#518 = DIRECTION ( 'NONE',  ( 0.000000000000000000, -1.000000000000000000, -3.491481338843133355E-15 ) ) ;
#519 = CARTESIAN_POINT ( 'NONE',  ( 2.249999999999999556, -1.399196246387433989E-15, 0.5544999999999998819 ) ) ;
#520 = ORIENTED_EDGE ( 'NONE', *, *, #1109, .F. ) ;
#521 = ORIENTED_EDGE ( 'NONE', *, *, #2750, .T. ) ;
#522 = CARTESIAN_POINT ( 'NONE',  ( -1.092739197465705287E-15, 0.1549999999999999989, 0.1249999999999999306 ) ) ;
#523 = ORIENTED_EDGE ( 'NONE', *, *, #1092, .F. ) ;
#524 = LINE ( 'NONE', #2881, #1795 ) ;
#525 = CARTESIAN_POINT ( 'NONE',  ( -1.092739197465705287E-15, 0.000000000000000000, 0.1549999999999993605 ) ) ;
#526 = EDGE_CURVE ( 'NONE', #1189, #1754, #2644, .T. ) ;
#527 = PERSON_AND_ORGANIZATION_ROLE ( 'design_owner' ) ;
#528 = DIRECTION ( 'NONE',  ( -0.000000000000000000, 1.000000000000000000, 3.491481338843133355E-15 ) ) ;
#529 = VECTOR ( 'NONE', #116, 39.37007874015748143 ) ;
#530 = CARTESIAN_POINT ( 'NONE',  ( 0.1249999999999991812, 0.1249999999999974742, 0.8805000000000000604 ) ) ;
#531 = VECTOR ( 'NONE', #1445, 39.37007874015748143 ) ;
#532 = ORIENTED_EDGE ( 'NONE', *, *, #775, .T. ) ;
#533 = CARTESIAN_POINT ( 'NONE',  ( 2.500000000000000000, 1.419999999999999929, 1.155000000000000027 ) ) ;
#534 = AXIS2_PLACEMENT_3D ( 'NONE', #378, #1260, #2160 ) ;
#535 = ORIENTED_EDGE ( 'NONE', *, *, #2765, .T. ) ;
#536 = EDGE_CURVE ( 'NONE', #1919, #1633, #2552, .T. ) ;
#537 = DIRECTION ( 'NONE',  ( -3.503246160812042677E-46, -1.000000000000000000, -3.491481338843132961E-15 ) ) ;
#538 = EDGE_LOOP ( 'NONE', ( #1843, #1449, #731, #1589 ) ) ;
#539 = CYLINDRICAL_SURFACE ( 'NONE', #1745, 0.1005000000000002003 ) ;
#540 = FACE_BOUND ( 'NONE', #2845, .T. ) ;
#541 = DIRECTION ( 'NONE',  ( -1.000000000000000000, 0.000000000000000000, 0.000000000000000000 ) ) ;
#542 = VECTOR ( 'NONE', #462, 39.37007874015748143 ) ;
#543 = AXIS2_PLACEMENT_3D ( 'NONE', #1087, #2416, #2653 ) ;
#544 = EDGE_CURVE ( 'NONE', #968, #2579, #1940, .T. ) ;
#545 = CIRCLE ( 'NONE', #820, 0.1005000000000004778 ) ;
#546 = AXIS2_PLACEMENT_3D ( 'NONE', #1587, #1375, #478 ) ;
#547 = DIRECTION ( 'NONE',  ( -1.000000000000000000, 0.000000000000000000, 0.000000000000000000 ) ) ;
#548 = SECURITY_CLASSIFICATION ( '', '', #573 ) ;
#549 = CIRCLE ( 'NONE', #1054, 0.1005000000000004778 ) ;
#550 = FACE_OUTER_BOUND ( 'NONE', #1895, .T. ) ;
#551 = ORIENTED_EDGE ( 'NONE', *, *, #889, .T. ) ;
#552 = VERTEX_POINT ( 'NONE', #1640 ) ;
#553 = DIRECTION ( 'NONE',  ( 0.000000000000000000, -3.491481338843132961E-15, 1.000000000000000000 ) ) ;
#554 = VERTEX_POINT ( 'NONE', #709 ) ;
#555 = CYLINDRICAL_SURFACE ( 'NONE', #1698, 0.1004999999999999227 ) ;
#556 = FACE_BOUND ( 'NONE', #440, .T. ) ;
#557 = PLANE ( 'NONE',  #1609 ) ;
#558 = CARTESIAN_POINT ( 'NONE',  ( 0.2499999999999992784, -1.408609121733135679E-15, 0.5544999999999998819 ) ) ;
#559 = DIRECTION ( 'NONE',  ( -0.000000000000000000, 1.000000000000000000, 3.491481338843132961E-15 ) ) ;
#560 = MECHANICAL_CONTEXT ( 'NONE', #771, 'mechanical' ) ;
#561 = LINE ( 'NONE', #1700, #124 ) ;
#562 = CARTESIAN_POINT ( 'NONE',  ( 0.7500000000000004441, 0.5000000000000000000, 0.000000000000000000 ) ) ;
#563 = VERTEX_POINT ( 'NONE', #2703 ) ;
#564 = EDGE_CURVE ( 'NONE', #1353, #1724, #2081, .T. ) ;
#565 = CARTESIAN_POINT ( 'NONE',  ( 4.000000000000000000, 0.1549999999999999989, 0.1249999999999999306 ) ) ;
#566 = EDGE_LOOP ( 'NONE', ( #944, #2649 ) ) ;
#567 = DIRECTION ( 'NONE',  ( 0.000000000000000000, 0.000000000000000000, -1.000000000000000000 ) ) ;
#568 = VERTEX_POINT ( 'NONE', #2742 ) ;
#569 = CARTESIAN_POINT ( 'NONE',  ( 0.2499999999999992506, -1.750090120941168630E-15, 0.6549999999999995826 ) ) ;
#570 = LINE ( 'NONE', #587, #1758 ) ;
#571 = FACE_BOUND ( 'NONE', #1711, .T. ) ;
#572 = EDGE_CURVE ( 'NONE', #2211, #2083, #899, .T. ) ;
#573 = SECURITY_CLASSIFICATION_LEVEL ( 'unclassified' ) ;
#574 = FACE_OUTER_BOUND ( 'NONE', #1977, .T. ) ;
#575 = EDGE_CURVE ( 'NONE', #1621, #1461, #628, .T. ) ;
#576 = CARTESIAN_POINT ( 'NONE',  ( 1.649499999999999744, 1.000000000000000000, 0.000000000000000000 ) ) ;
#577 = DIRECTION ( 'NONE',  ( 0.000000000000000000, -1.000000000000000000, -3.491481338843133355E-15 ) ) ;
#578 = CIRCLE ( 'NONE', #1600, 0.1004999999999998533 ) ;
#579 = VECTOR ( 'NONE', #1636, 39.37007874015748143 ) ;
#580 = EDGE_CURVE ( 'NONE', #187, #2857, #1366, .T. ) ;
#581 = EDGE_LOOP ( 'NONE', ( #1577, #1383, #2635, #674 ) ) ;
#582 = EDGE_CURVE ( 'NONE', #1504, #107, #1657, .T. ) ;
#583 = CIRCLE ( 'NONE', #110, 0.1005000000000002003 ) ;
#584 = ORIENTED_EDGE ( 'NONE', *, *, #1219, .F. ) ;
#585 = ORIENTED_EDGE ( 'NONE', *, *, #1690, .T. ) ;
#586 = FACE_OUTER_BOUND ( 'NONE', #218, .T. ) ;
#587 = CARTESIAN_POINT ( 'NONE',  ( 4.000000000000000000, 0.1249999999999978767, 0.7555000000000000604 ) ) ;
#588 = COORDINATED_UNIVERSAL_TIME_OFFSET ( 5, 0, .BEHIND. ) ;
#589 = DIRECTION ( 'NONE',  ( 0.000000000000000000, -3.491481338843132961E-15, 1.000000000000000000 ) ) ;
#590 = AXIS2_PLACEMENT_3D ( 'NONE', #1775, #1979, #648 ) ;
#591 = CYLINDRICAL_SURFACE ( 'NONE', #1086, 0.1005000000000002003 ) ;
#592 = DIRECTION ( 'NONE',  ( 7.006492321624085355E-46, 1.000000000000000000, 3.491481338843133750E-15 ) ) ;
#593 = AXIS2_PLACEMENT_3D ( 'NONE', #1057, #1556, #231 ) ;
#594 = AXIS2_PLACEMENT_3D ( 'NONE', #797, #356, #1000 ) ;
#595 = EDGE_CURVE ( 'NONE', #2679, #1857, #1747, .T. ) ;
#596 = EDGE_CURVE ( 'NONE', #1976, #273, #962, .T. ) ;
#597 = EDGE_LOOP ( 'NONE', ( #1876, #422, #1363, #2259 ) ) ;
#598 = AXIS2_PLACEMENT_3D ( 'NONE', #1921, #2816, #798 ) ;
#599 = LINE ( 'NONE', #1477, #1285 ) ;
#600 = ORIENTED_EDGE ( 'NONE', *, *, #1926, .F. ) ;
#601 = EDGE_LOOP ( 'NONE', ( #1172, #2580, #2057, #2388 ) ) ;
#602 = CARTESIAN_POINT ( 'NONE',  ( 0.000000000000000000, 0.1549999999999999989, 0.1250000000000000000 ) ) ;
#603 = DIRECTION ( 'NONE',  ( 0.000000000000000000, -1.000000000000000000, -3.491481338843133355E-15 ) ) ;
#604 = LINE ( 'NONE', #1718, #2727 ) ;
#605 = DIRECTION ( 'NONE',  ( -0.000000000000000000, -0.000000000000000000, -1.000000000000000000 ) ) ;
#606 = FACE_OUTER_BOUND ( 'NONE', #341, .T. ) ;
#607 = ADVANCED_FACE ( 'NONE', ( #1914 ), #1869, .F. ) ;
#608 = ORIENTED_EDGE ( 'NONE', *, *, #1821, .F. ) ;
#609 = VERTEX_POINT ( 'NONE', #2559 ) ;
#610 = ORIENTED_EDGE ( 'NONE', *, *, #1796, .T. ) ;
#611 = EDGE_LOOP ( 'NONE', ( #190, #2611 ) ) ;
#612 = VERTEX_POINT ( 'NONE', #2748 ) ;
#613 = CARTESIAN_POINT ( 'NONE',  ( 0.1249999999999991673, 0.1249999999999990424, 0.4295000000000002705 ) ) ;
#614 = CARTESIAN_POINT ( 'NONE',  ( 1.750000000000000222, 1.000000000000000000, 1.155000000000000027 ) ) ;
#615 = DIRECTION ( 'NONE',  ( 0.000000000000000000, 0.000000000000000000, 1.000000000000000000 ) ) ;
#616 = EDGE_CURVE ( 'NONE', #568, #1338, #1604, .T. ) ;
#617 = DIRECTION ( 'NONE',  ( -0.000000000000000000, -0.000000000000000000, -1.000000000000000000 ) ) ;
#618 = EDGE_CURVE ( 'NONE', #2583, #563, #2466, .T. ) ;
#619 = LINE ( 'NONE', #1818, #2730 ) ;
#620 = FACE_OUTER_BOUND ( 'NONE', #903, .T. ) ;
#621 = LINE ( 'NONE', #2209, #1193 ) ;
#622 = EDGE_LOOP ( 'NONE', ( #665, #180, #1753, #1427 ) ) ;
#623 = ORIENTED_EDGE ( 'NONE', *, *, #1612, .F. ) ;
#624 = CARTESIAN_POINT ( 'NONE',  ( 3.875000000000000000, -1.408609121733135679E-15, 0.5544999999999998819 ) ) ;
#625 = CIRCLE ( 'NONE', #206, 0.1005000000000002003 ) ;
#626 = ORIENTED_EDGE ( 'NONE', *, *, #2270, .F. ) ;
#627 = ORIENTED_EDGE ( 'NONE', *, *, #2495, .T. ) ;
#628 = CIRCLE ( 'NONE', #2688, 0.1005000000000004778 ) ;
#629 = DIRECTION ( 'NONE',  ( 1.000000000000000000, 0.000000000000000000, 0.000000000000000000 ) ) ;
#630 = DIRECTION ( 'NONE',  ( -0.000000000000000000, -0.000000000000000000, -1.000000000000000000 ) ) ;
#631 = CIRCLE ( 'NONE', #1133, 0.1005000000000002003 ) ;
#632 = ORIENTED_EDGE ( 'NONE', *, *, #2878, .F. ) ;
#633 = CARTESIAN_POINT ( 'NONE',  ( 3.649499999999999744, 0.5000000000000000000, 0.000000000000000000 ) ) ;
#634 = DIRECTION ( 'NONE',  ( -0.000000000000000000, 1.000000000000000000, 3.491481338843133355E-15 ) ) ;
#635 = EDGE_CURVE ( 'NONE', #2267, #1991, #1181, .T. ) ;
#636 = DIRECTION ( 'NONE',  ( -1.000000000000000000, 0.000000000000000000, 0.000000000000000000 ) ) ;
#637 = CARTESIAN_POINT ( 'NONE',  ( -9.561467977824920278E-16, 0.1249999999999965167, 1.155000000000000027 ) ) ;
#638 = AXIS2_PLACEMENT_3D ( 'NONE', #11, #1789, #2684 ) ;
#639 = AXIS2_PLACEMENT_3D ( 'NONE', #2870, #1740, #629 ) ;
#640 = EDGE_LOOP ( 'NONE', ( #2670, #2540, #2493, #1897 ) ) ;
#641 = ORIENTED_EDGE ( 'NONE', *, *, #2082, .T. ) ;
#642 = AXIS2_PLACEMENT_3D ( 'NONE', #1751, #867, #442 ) ;
#643 = AXIS2_PLACEMENT_3D ( 'NONE', #2593, #1071, #2194 ) ;
#644 = AXIS2_PLACEMENT_3D ( 'NONE', #2695, #1602, #683 ) ;
#645 = EDGE_LOOP ( 'NONE', ( #1918, #2473 ) ) ;
#646 = VERTEX_POINT ( 'NONE', #1184 ) ;
#647 = CYLINDRICAL_SURFACE ( 'NONE', #2097, 0.1005000000000004778 ) ;
#648 = DIRECTION ( 'NONE',  ( -1.000000000000000000, 0.000000000000000000, 0.000000000000000000 ) ) ;
#649 = ADVANCED_FACE ( 'NONE', ( #550 ), #336, .F. ) ;
#650 = DIRECTION ( 'NONE',  ( 0.000000000000000000, 3.551402391763541592E-15, -1.000000000000000000 ) ) ;
#651 = EDGE_CURVE ( 'NONE', #1885, #2581, #1849, .T. ) ;
#652 = DIRECTION ( 'NONE',  ( -0.000000000000000000, -0.000000000000000000, -1.000000000000000000 ) ) ;
#653 = DIRECTION ( 'NONE',  ( 0.000000000000000000, 0.000000000000000000, 1.000000000000000000 ) ) ;
#654 = DIRECTION ( 'NONE',  ( 4.820548165041020907E-16, 3.491481338843132961E-15, -1.000000000000000000 ) ) ;
#655 = ORIENTED_EDGE ( 'NONE', *, *, #1964, .F. ) ;
#656 = EDGE_CURVE ( 'NONE', #568, #2604, #1627, .T. ) ;
#657 = ORIENTED_EDGE ( 'NONE', *, *, #2500, .F. ) ;
#658 = CARTESIAN_POINT ( 'NONE',  ( 3.149499999999999744, 1.000000000000000000, 1.155000000000000027 ) ) ;
#659 = CARTESIAN_POINT ( 'NONE',  ( 3.399500000000000188, 1.419999999999999929, 1.155000000000000027 ) ) ;
#660 = DIRECTION ( 'NONE',  ( -1.000000000000000000, 0.000000000000000000, 0.000000000000000000 ) ) ;
#661 = CARTESIAN_POINT ( 'NONE',  ( 4.000000000000000000, 0.1549999999999999989, 0.000000000000000000 ) ) ;
#662 = FACE_OUTER_BOUND ( 'NONE', #601, .T. ) ;
#663 = DIRECTION ( 'NONE',  ( 1.000000000000000000, 0.000000000000000000, 0.000000000000000000 ) ) ;
#664 = CYLINDRICAL_SURFACE ( 'NONE', #2746, 0.1250000000000000000 ) ;
#665 = ORIENTED_EDGE ( 'NONE', *, *, #1737, .F. ) ;
#666 = ORIENTED_EDGE ( 'NONE', *, *, #2049, .F. ) ;
#667 = CARTESIAN_POINT ( 'NONE',  ( 0.2500000000000003331, 1.000000000000000000, 0.000000000000000000 ) ) ;
#668 = ADVANCED_FACE ( 'NONE', ( #89 ), #1458, .F. ) ;
#669 = VERTEX_POINT ( 'NONE', #1437 ) ;
#670 = CARTESIAN_POINT ( 'NONE',  ( 0.5000000000000006661, 1.419999999999999929, 0.000000000000000000 ) ) ;
#671 = CARTESIAN_POINT ( 'NONE',  ( 3.149499999999999744, 0.5000000000000000000, 0.1250000000000000278 ) ) ;
#672 = VECTOR ( 'NONE', #2349, 39.37007874015748143 ) ;
#673 = AXIS2_PLACEMENT_3D ( 'NONE', #1830, #528, #503 ) ;
#674 = ORIENTED_EDGE ( 'NONE', *, *, #1348, .F. ) ;
#675 = VERTEX_POINT ( 'NONE', #2353 ) ;
#676 = DIRECTION ( 'NONE',  ( 0.000000000000000000, 0.000000000000000000, -1.000000000000000000 ) ) ;
#677 = EDGE_CURVE ( 'NONE', #2824, #2823, #1214, .T. ) ;
#678 = CIRCLE ( 'NONE', #2337, 0.1004999999999998533 ) ;
#679 = VECTOR ( 'NONE', #286, 39.37007874015748143 ) ;
#680 = VERTEX_POINT ( 'NONE', #769 ) ;
#681 = CIRCLE ( 'NONE', #2341, 0.1004999999999998533 ) ;
#682 = CIRCLE ( 'NONE', #1198, 0.1005000000000002003 ) ;
#683 = DIRECTION ( 'NONE',  ( 0.000000000000000000, 3.567711932024229895E-15, -1.000000000000000000 ) ) ;
#684 = VECTOR ( 'NONE', #1088, 39.37007874015748143 ) ;
#685 = VERTEX_POINT ( 'NONE', #1676 ) ;
#686 = DIRECTION ( 'NONE',  ( 1.000000000000000000, 0.000000000000000000, 0.000000000000000000 ) ) ;
#687 = LINE ( 'NONE', #2702, #1569 ) ;
#688 = CARTESIAN_POINT ( 'NONE',  ( 1.750000000000000222, 0.5000000000000000000, 0.000000000000000000 ) ) ;
#689 = ORIENTED_EDGE ( 'NONE', *, *, #2441, .F. ) ;
#690 = ORIENTED_EDGE ( 'NONE', *, *, #189, .T. ) ;
#691 = FACE_OUTER_BOUND ( 'NONE', #1309, .T. ) ;
#692 = ORIENTED_EDGE ( 'NONE', *, *, #959, .F. ) ;
#693 = ORIENTED_EDGE ( 'NONE', *, *, #2281, .F. ) ;
#694 = EDGE_CURVE ( 'NONE', #186, #2346, #351, .T. ) ;
#695 = DIRECTION ( 'NONE',  ( -0.000000000000000000, 1.000000000000000000, 3.491481338843133355E-15 ) ) ;
#696 = DIRECTION ( 'NONE',  ( 0.000000000000000000, 0.000000000000000000, -1.000000000000000000 ) ) ;
#697 = DIRECTION ( 'NONE',  ( -1.000000000000000000, 0.000000000000000000, 0.000000000000000000 ) ) ;
#698 = EDGE_CURVE ( 'NONE', #1729, #368, #2591, .T. ) ;
#699 = CARTESIAN_POINT ( 'NONE',  ( 3.850500000000000256, 1.000000000000000000, 0.1250000000000000278 ) ) ;
#700 = ADVANCED_FACE ( 'NONE', ( #620 ), #844, .F. ) ;
#701 = EDGE_LOOP ( 'NONE', ( #1167, #1509, #2797, #1325 ) ) ;
#702 = LINE ( 'NONE', #1631, #2701 ) ;
#703 = ORIENTED_EDGE ( 'NONE', *, *, #1866, .T. ) ;
#704 = ORIENTED_EDGE ( 'NONE', *, *, #656, .F. ) ;
#705 = EDGE_CURVE ( 'NONE', #1579, #1635, #306, .T. ) ;
#706 = ORIENTED_EDGE ( 'NONE', *, *, #215, .F. ) ;
#707 = CARTESIAN_POINT ( 'NONE',  ( 4.000000000000000000, -2.533231589389695844E-15, 0.8804999999999995053 ) ) ;
#708 = AXIS2_PLACEMENT_3D ( 'NONE', #1110, #2725, #1 ) ;
#709 = CARTESIAN_POINT ( 'NONE',  ( 2.850500000000000256, 0.5000000000000000000, 0.000000000000000000 ) ) ;
#710 = AXIS2_PLACEMENT_3D ( 'NONE', #562, #346, #2808 ) ;
#711 = CARTESIAN_POINT ( 'NONE',  ( 0.000000000000000000, 1.545000000000000151, 0.000000000000000000 ) ) ;
#712 = AXIS2_PLACEMENT_3D ( 'NONE', #1704, #832, #2850 ) ;
#713 = EDGE_LOOP ( 'NONE', ( #992, #245, #17, #349 ) ) ;
#714 = CARTESIAN_POINT ( 'NONE',  ( 3.250000000000000000, 0.5000000000000000000, 1.155000000000000027 ) ) ;
#715 = CARTESIAN_POINT ( 'NONE',  ( 1.750000000000000222, 0.5000000000000000000, 0.1250000000000000278 ) ) ;
#716 = EDGE_LOOP ( 'NONE', ( #1825, #106, #2651, #692 ) ) ;
#717 = ORIENTED_EDGE ( 'NONE', *, *, #1535, .F. ) ;
#718 = DIRECTION ( 'NONE',  ( 3.503246160812042677E-46, 1.000000000000000000, 3.491481338843132961E-15 ) ) ;
#719 = AXIS2_PLACEMENT_3D ( 'NONE', #1429, #343, #2133 ) ;
#720 = AXIS2_PLACEMENT_3D ( 'NONE', #2760, #2739, #2843 ) ;
#721 = EDGE_LOOP ( 'NONE', ( #610, #246, #1725, #1915 ) ) ;
#722 = DIRECTION ( 'NONE',  ( 0.000000000000000000, 3.567711932024229895E-15, -1.000000000000000000 ) ) ;
#723 = VECTOR ( 'NONE', #2020, 39.37007874015748143 ) ;
#724 = CARTESIAN_POINT ( 'NONE',  ( 0.7499999999999993339, -1.750090120941169617E-15, 0.6549999999999998046 ) ) ;
#725 = CARTESIAN_POINT ( 'NONE',  ( 3.250000000000000000, -1.750090120941169025E-15, 0.6549999999999996936 ) ) ;
#726 = LINE ( 'NONE', #2308, #679 ) ;
#727 = CARTESIAN_POINT ( 'NONE',  ( 4.000000000000000000, 1.669999999999999929, 0.1250000000000000000 ) ) ;
#728 = DIRECTION ( 'NONE',  ( -0.000000000000000000, -0.000000000000000000, -1.000000000000000000 ) ) ;
#729 = DIRECTION ( 'NONE',  ( -0.000000000000000000, -0.000000000000000000, -1.000000000000000000 ) ) ;
#730 = CARTESIAN_POINT ( 'NONE',  ( -7.635658985891032884E-16, -2.091571120149201582E-15, 0.7554999999999995053 ) ) ;
#731 = ORIENTED_EDGE ( 'NONE', *, *, #2728, .T. ) ;
#732 = DIRECTION ( 'NONE',  ( 0.000000000000000000, 0.000000000000000000, 1.000000000000000000 ) ) ;
#733 = VERTEX_POINT ( 'NONE', #1050 ) ;
#734 = CARTESIAN_POINT ( 'NONE',  ( 0.2499999999999992506, -1.399196246387434975E-15, 0.5544999999999998819 ) ) ;
#735 = CARTESIAN_POINT ( 'NONE',  ( 3.649499999999999744, 0.5000000000000000000, 1.155000000000000027 ) ) ;
#736 = DIRECTION ( 'NONE',  ( 0.000000000000000000, 0.000000000000000000, -1.000000000000000000 ) ) ;
#737 = FACE_BOUND ( 'NONE', #2177, .T. ) ;
#738 = DIRECTION ( 'NONE',  ( 0.000000000000000000, 3.491481338843135327E-15, -1.000000000000000000 ) ) ;
#739 = EDGE_CURVE ( 'NONE', #2755, #2427, #2330, .T. ) ;
#740 = ORIENTED_EDGE ( 'NONE', *, *, #2750, .F. ) ;
#741 = CARTESIAN_POINT ( 'NONE',  ( 0.1494999999999999107, 1.000000000000000000, 0.1250000000000000278 ) ) ;
#742 = DIRECTION ( 'NONE',  ( 0.000000000000000000, 3.491481338843130594E-15, -1.000000000000000000 ) ) ;
#743 = EDGE_LOOP ( 'NONE', ( #62, #2103, #1874, #2127, #1660, #2757 ) ) ;
#744 = ORIENTED_EDGE ( 'NONE', *, *, #2347, .T. ) ;
#745 = DIRECTION ( 'NONE',  ( 0.000000000000000000, 3.567711932024229895E-15, -1.000000000000000000 ) ) ;
#746 = EDGE_CURVE ( 'NONE', #612, #1728, #2468, .T. ) ;
#747 = ORIENTED_EDGE ( 'NONE', *, *, #582, .T. ) ;
#748 = FACE_OUTER_BOUND ( 'NONE', #2487, .T. ) ;
#749 = DIRECTION ( 'NONE',  ( -0.000000000000000000, 1.000000000000000000, 3.491481338843133355E-15 ) ) ;
#750 = FACE_OUTER_BOUND ( 'NONE', #326, .T. ) ;
#751 = CARTESIAN_POINT ( 'NONE',  ( 2.850500000000000256, 1.000000000000000000, 0.1250000000000000278 ) ) ;
#752 = AXIS2_PLACEMENT_3D ( 'NONE', #1077, #1533, #660 ) ;
#753 = AXIS2_PLACEMENT_3D ( 'NONE', #1883, #789, #2778 ) ;
#754 = EDGE_LOOP ( 'NONE', ( #655, #1590 ) ) ;
#755 = AXIS2_PLACEMENT_3D ( 'NONE', #1536, #1744, #169 ) ;
#756 = EDGE_LOOP ( 'NONE', ( #948, #1808 ) ) ;
#757 = CARTESIAN_POINT ( 'NONE',  ( -8.687113622022100575E-16, -9.627610790320435025E-16, 0.4295000000000000484 ) ) ;
#758 = EDGE_CURVE ( 'NONE', #1851, #157, #2208, .T. ) ;
#759 = VERTEX_POINT ( 'NONE', #2863 ) ;
#760 = CARTESIAN_POINT ( 'NONE',  ( 3.149499999999999744, 0.5000000000000000000, 1.155000000000000027 ) ) ;
#761 = CARTESIAN_POINT ( 'NONE',  ( 1.749999999999999556, 0.1249999999999982514, 0.6550000000000001377 ) ) ;
#762 = VECTOR ( 'NONE', #1582, 39.37007874015748143 ) ;
#763 = CIRCLE ( 'NONE', #2433, 0.1005000000000004778 ) ;
#764 = EDGE_CURVE ( 'NONE', #1857, #2679, #2037, .T. ) ;
#765 = VECTOR ( 'NONE', #2678, 39.37007874015748143 ) ;
#766 = CIRCLE ( 'NONE', #2656, 0.1250000000000000278 ) ;
#767 = DIMENSIONAL_EXPONENTS ( 1.000000000000000000, 0.000000000000000000, 0.000000000000000000, 0.000000000000000000, 0.000000000000000000, 0.000000000000000000, 0.000000000000000000 ) ;
#768 = CIRCLE ( 'NONE', #127, 0.1004999999999998533 ) ;
#769 = CARTESIAN_POINT ( 'NONE',  ( 4.000000000000000000, 0.1249999999999990424, 0.4295000000000002705 ) ) ;
#770 = ORIENTED_EDGE ( 'NONE', *, *, #2206, .F. ) ;
#771 = APPLICATION_CONTEXT ( 'configuration controlled 3d designs of mechanical parts and assemblies' ) ;
#772 = ORIENTED_EDGE ( 'NONE', *, *, #994, .F. ) ;
#773 = ORIENTED_EDGE ( 'NONE', *, *, #2619, .T. ) ;
#774 = ORIENTED_EDGE ( 'NONE', *, *, #827, .F. ) ;
#775 = EDGE_CURVE ( 'NONE', #685, #680, #163, .T. ) ;
#776 = CARTESIAN_POINT ( 'NONE',  ( 0.2499999999999992506, -2.091571120149201582E-15, 0.7554999999999995053 ) ) ;
#777 = ORIENTED_EDGE ( 'NONE', *, *, #318, .F. ) ;
#778 = EDGE_CURVE ( 'NONE', #107, #1504, #631, .T. ) ;
#779 = ORIENTED_EDGE ( 'NONE', *, *, #1228, .T. ) ;
#780 = DIRECTION ( 'NONE',  ( -0.000000000000000000, 1.000000000000000000, 3.491481338843133355E-15 ) ) ;
#781 = EDGE_CURVE ( 'NONE', #2867, #552, #211, .T. ) ;
#782 = CARTESIAN_POINT ( 'NONE',  ( 1.500000000000000444, 1.419999999999999929, 0.1250000000000000278 ) ) ;
#783 = PERSON_AND_ORGANIZATION ( #870, #1860 ) ;
#784 = ORIENTED_EDGE ( 'NONE', *, *, #2813, .T. ) ;
#785 = CARTESIAN_POINT ( 'NONE',  ( 3.149499999999999744, 1.000000000000000000, 0.1250000000000000278 ) ) ;
#786 = DIRECTION ( 'NONE',  ( -1.000000000000000000, 0.000000000000000000, 0.000000000000000000 ) ) ;
#787 = ADVANCED_FACE ( 'NONE', ( #1079 ), #2187, .F. ) ;
#788 = ADVANCED_FACE ( 'NONE', ( #2602 ), #1733, .F. ) ;
#789 = DIRECTION ( 'NONE',  ( -0.000000000000000000, -0.000000000000000000, -1.000000000000000000 ) ) ;
#790 = ORIENTED_EDGE ( 'NONE', *, *, #1216, .T. ) ;
#791 = CARTESIAN_POINT ( 'NONE',  ( 0.1249999999999992506, -2.091571120149201582E-15, 0.7554999999999996163 ) ) ;
#792 = EDGE_LOOP ( 'NONE', ( #923, #1782, #1175, #1823 ) ) ;
#793 = ORIENTED_EDGE ( 'NONE', *, *, #2396, .F. ) ;
#794 = ORIENTED_EDGE ( 'NONE', *, *, #1109, .T. ) ;
#795 = VERTEX_POINT ( 'NONE', #2882 ) ;
#796 = ORIENTED_EDGE ( 'NONE', *, *, #461, .F. ) ;
#797 = CARTESIAN_POINT ( 'NONE',  ( 0.2499999999999992506, 0.1249999999999982514, 0.6550000000000000266 ) ) ;
#798 = DIRECTION ( 'NONE',  ( -1.000000000000000000, 0.000000000000000000, 0.000000000000000000 ) ) ;
#799 = APPROVAL_DATE_TIME ( #115, #476 ) ;
#800 = ORIENTED_EDGE ( 'NONE', *, *, #526, .F. ) ;
#801 = CARTESIAN_POINT ( 'NONE',  ( 2.750000000000000000, 1.000000000000000000, 1.155000000000000027 ) ) ;
#802 = CARTESIAN_POINT ( 'NONE',  ( 0.3505000000000008109, 0.5000000000000000000, 0.1250000000000000278 ) ) ;
#803 = EDGE_CURVE ( 'NONE', #2784, #2218, #2883, .T. ) ;
#804 = DIRECTION ( 'NONE',  ( -1.000000000000000000, 0.000000000000000000, 0.000000000000000000 ) ) ;
#805 = CIRCLE ( 'NONE', #2872, 0.1005000000000002003 ) ;
#806 = AXIS2_PLACEMENT_3D ( 'NONE', #1550, #876, #1779 ) ;
#807 = EDGE_LOOP ( 'NONE', ( #371, #291, #2502, #369 ) ) ;
#808 = DIRECTION ( 'NONE',  ( 0.000000000000000000, 0.000000000000000000, 1.000000000000000000 ) ) ;
#809 = ORIENTED_EDGE ( 'NONE', *, *, #1514, .F. ) ;
#810 = VERTEX_POINT ( 'NONE', #1958 ) ;
#811 = DIRECTION ( 'NONE',  ( 1.000000000000000000, 1.311287036958847291E-14, 0.000000000000000000 ) ) ;
#812 = DIRECTION ( 'NONE',  ( 0.000000000000000000, 3.472688127539317590E-15, -1.000000000000000000 ) ) ;
#813 = FACE_BOUND ( 'NONE', #1106, .T. ) ;
#814 = DIRECTION ( 'NONE',  ( -0.000000000000000000, -0.000000000000000000, -1.000000000000000000 ) ) ;
#815 = ADVANCED_FACE ( 'NONE', ( #2822 ), #1065, .T. ) ;
#816 = CIRCLE ( 'NONE', #1424, 0.1005000000000004778 ) ;
#817 = CARTESIAN_POINT ( 'NONE',  ( 3.875000000000000000, 1.669999999999999929, 0.000000000000000000 ) ) ;
#818 = DIRECTION ( 'NONE',  ( 0.000000000000000000, 3.491481338843135327E-15, -1.000000000000000000 ) ) ;
#819 = ADVANCED_FACE ( 'NONE', ( #2395 ), #1500, .T. ) ;
#820 = AXIS2_PLACEMENT_3D ( 'NONE', #920, #2300, #1420 ) ;
#821 = VECTOR ( 'NONE', #204, 39.37007874015748143 ) ;
#822 = AXIS2_PLACEMENT_3D ( 'NONE', #667, #676, #493 ) ;
#823 = EDGE_LOOP ( 'NONE', ( #259, #626 ) ) ;
#824 = ORIENTED_EDGE ( 'NONE', *, *, #873, .F. ) ;
#825 = PLANE ( 'NONE',  #24 ) ;
#826 = CARTESIAN_POINT ( 'NONE',  ( 1.649499999999999744, 0.5000000000000000000, 0.1250000000000000278 ) ) ;
#827 = EDGE_CURVE ( 'NONE', #2819, #1247, #1287, .T. ) ;
#828 = EDGE_LOOP ( 'NONE', ( #2721, #849 ) ) ;
#829 = ORIENTED_EDGE ( 'NONE', *, *, #1368, .T. ) ;
#830 = CYLINDRICAL_SURFACE ( 'NONE', #1333, 0.1005000000000004778 ) ;
#831 = DIRECTION ( 'NONE',  ( -1.000000000000000000, 0.000000000000000000, 0.000000000000000000 ) ) ;
#832 = DIRECTION ( 'NONE',  ( -0.000000000000000000, -0.000000000000000000, -1.000000000000000000 ) ) ;
#833 = CARTESIAN_POINT ( 'NONE',  ( 2.750000000000000000, -7.201031259824442512E-16, 0.3599999999999997091 ) ) ;
#834 = EDGE_CURVE ( 'NONE', #2178, #2125, #227, .T. ) ;
#835 = VERTEX_POINT ( 'NONE', #2499 ) ;
#836 = ORIENTED_EDGE ( 'NONE', *, *, #407, .F. ) ;
#837 = ORIENTED_EDGE ( 'NONE', *, *, #575, .T. ) ;
#838 = ORIENTED_EDGE ( 'NONE', *, *, #2575, .T. ) ;
#839 = DIRECTION ( 'NONE',  ( 0.000000000000000000, 0.000000000000000000, -1.000000000000000000 ) ) ;
#840 = CARTESIAN_POINT ( 'NONE',  ( 1.749999999999999556, 0.1249999999999986122, 0.5545000000000002149 ) ) ;
#841 = ADVANCED_FACE ( 'NONE', ( #1154 ), #2480, .F. ) ;
#842 = DIRECTION ( 'NONE',  ( -0.000000000000000000, 1.000000000000000000, 3.491481338843133355E-15 ) ) ;
#843 = DIRECTION ( 'NONE',  ( 1.000000000000000000, 0.000000000000000000, -0.000000000000000000 ) ) ;
#844 = CYLINDRICAL_SURFACE ( 'NONE', #712, 0.1005000000000002003 ) ;
#845 = DIRECTION ( 'NONE',  ( 0.000000000000000000, -1.000000000000000000, -3.491481338843133355E-15 ) ) ;
#846 = EDGE_LOOP ( 'NONE', ( #1013, #344, #1119, #689 ) ) ;
#847 = VERTEX_POINT ( 'NONE', #475 ) ;
#848 = VECTOR ( 'NONE', #2306, 39.37007874015748143 ) ;
#849 = ORIENTED_EDGE ( 'NONE', *, *, #2157, .F. ) ;
#850 = EDGE_CURVE ( 'NONE', #680, #187, #1356, .T. ) ;
#851 = VERTEX_POINT ( 'NONE', #699 ) ;
#852 = AXIS2_PLACEMENT_3D ( 'NONE', #2141, #322, #2110 ) ;
#853 = DIRECTION ( 'NONE',  ( -0.000000000000000000, -0.000000000000000000, -1.000000000000000000 ) ) ;
#854 = DIRECTION ( 'NONE',  ( 0.000000000000000000, 1.000000000000000000, 3.491481338843133750E-15 ) ) ;
#855 = AXIS2_PLACEMENT_3D ( 'NONE', #2451, #2220, #198 ) ;
#856 = CYLINDRICAL_SURFACE ( 'NONE', #222, 0.1005000000000004362 ) ;
#857 = CARTESIAN_POINT ( 'NONE',  ( 3.350500000000000256, 1.000000000000000000, 0.1250000000000000278 ) ) ;
#858 = EDGE_CURVE ( 'NONE', #1943, #292, #1705, .T. ) ;
#859 = DIRECTION ( 'NONE',  ( 1.000000000000000000, 0.000000000000000000, 0.000000000000000000 ) ) ;
#860 = VECTOR ( 'NONE', #133, 39.37007874015748143 ) ;
#861 = CARTESIAN_POINT ( 'NONE',  ( 0.2499999999999991673, -2.100983995494896764E-15, 0.7554999999999976179 ) ) ;
#862 = VECTOR ( 'NONE', #1003, 39.37007874015748143 ) ;
#863 = VECTOR ( 'NONE', #2401, 39.37007874015748143 ) ;
#864 = EDGE_LOOP ( 'NONE', ( #1930, #1492 ) ) ;
#865 = VECTOR ( 'NONE', #2753, 39.37007874015748143 ) ;
#866 = CIRCLE ( 'NONE', #366, 0.2949999999999999845 ) ;
#867 = DIRECTION ( 'NONE',  ( -0.000000000000000000, -0.000000000000000000, -1.000000000000000000 ) ) ;
#868 = CIRCLE ( 'NONE', #360, 0.1250000000000000000 ) ;
#869 = ORIENTED_EDGE ( 'NONE', *, *, #429, .F. ) ;
#870 = PERSON ( 'UNSPECIFIED', 'UNSPECIFIED', 'UNSPECIFIED', ('UNSPECIFIED'), ('UNSPECIFIED'), ('UNSPECIFIED') ) ;
#871 = CARTESIAN_POINT ( 'NONE',  ( 1.749999999999999556, -1.750090120941168630E-15, 0.6549999999999996936 ) ) ;
#872 = CARTESIAN_POINT ( 'NONE',  ( 0.2499999999999992506, -4.349451519601435153E-18, 0.1549999999999994438 ) ) ;
#873 = EDGE_CURVE ( 'NONE', #2583, #733, #877, .T. ) ;
#874 = CARTESIAN_POINT ( 'NONE',  ( 4.000000000000000000, 0.1549999999999999989, 0.1250000000000000000 ) ) ;
#875 = CARTESIAN_POINT ( 'NONE',  ( 1.850500000000000700, 0.5000000000000000000, 0.000000000000000000 ) ) ;
#876 = DIRECTION ( 'NONE',  ( 0.000000000000000000, 0.000000000000000000, 1.000000000000000000 ) ) ;
#877 = LINE ( 'NONE', #28, #1460 ) ;
#878 = EDGE_CURVE ( 'NONE', #1070, #8, #1506, .T. ) ;
#879 = FACE_OUTER_BOUND ( 'NONE', #2636, .T. ) ;
#880 = ORIENTED_EDGE ( 'NONE', *, *, #2027, .F. ) ;
#881 = ORIENTED_EDGE ( 'NONE', *, *, #803, .F. ) ;
#882 = ORIENTED_EDGE ( 'NONE', *, *, #7, .F. ) ;
#883 = DIRECTION ( 'NONE',  ( 0.000000000000000000, -3.491481338843132566E-15, 1.000000000000000000 ) ) ;
#884 = CARTESIAN_POINT ( 'NONE',  ( -7.389504979262414818E-16, 0.1249999999999985983, 0.5545000000000003260 ) ) ;
#885 = CYLINDRICAL_SURFACE ( 'NONE', #316, 0.1005000000000002003 ) ;
#886 = EDGE_CURVE ( 'NONE', #1150, #2226, #1326, .T. ) ;
#887 = DIRECTION ( 'NONE',  ( 1.000000000000000000, 0.000000000000000000, 0.000000000000000000 ) ) ;
#888 = CARTESIAN_POINT ( 'NONE',  ( 1.649499999999999744, 0.5000000000000000000, 0.000000000000000000 ) ) ;
#889 = EDGE_CURVE ( 'NONE', #675, #2426, #254, .T. ) ;
#890 = CARTESIAN_POINT ( 'NONE',  ( 4.000000000000000000, -1.750090120941168630E-15, 0.6549999999999995826 ) ) ;
#891 = ORIENTED_EDGE ( 'NONE', *, *, #2191, .T. ) ;
#892 = ORIENTED_EDGE ( 'NONE', *, *, #834, .F. ) ;
#893 = ORIENTED_EDGE ( 'NONE', *, *, #2406, .F. ) ;
#894 = AXIS2_PLACEMENT_3D ( 'NONE', #2288, #13, #697 ) ;
#895 = DIRECTION ( 'NONE',  ( 1.000000000000000000, 0.000000000000000000, 0.000000000000000000 ) ) ;
#896 = DIRECTION ( 'NONE',  ( -1.000000000000000000, 0.000000000000000000, -0.000000000000000000 ) ) ;
#897 = VECTOR ( 'NONE', #2687, 39.37007874015748143 ) ;
#898 = DIRECTION ( 'NONE',  ( -1.000000000000000000, 0.000000000000000000, 0.000000000000000000 ) ) ;
#899 = LINE ( 'NONE', #1355, #1841 ) ;
#900 = CARTESIAN_POINT ( 'NONE',  ( 4.000000000000000000, -9.721739543777440095E-16, 0.4294999999999998819 ) ) ;
#901 = EDGE_CURVE ( 'NONE', #1349, #609, #583, .T. ) ;
#902 = ORIENTED_EDGE ( 'NONE', *, *, #1706, .T. ) ;
#903 = EDGE_LOOP ( 'NONE', ( #1207, #2569, #1127, #202 ) ) ;
#904 = DIRECTION ( 'NONE',  ( -1.000000000000000000, 0.000000000000000000, 0.000000000000000000 ) ) ;
#905 = CIRCLE ( 'NONE', #2560, 0.1005000000000004362 ) ;
#906 = CIRCLE ( 'NONE', #2250, 0.1005000000000004778 ) ;
#907 = ORIENTED_EDGE ( 'NONE', *, *, #1743, .F. ) ;
#908 = AXIS2_PLACEMENT_3D ( 'NONE', #2664, #170, #1501 ) ;
#909 = AXIS2_PLACEMENT_3D ( 'NONE', #1301, #2877, #1534 ) ;
#910 = DIRECTION ( 'NONE',  ( -0.000000000000000000, 1.000000000000000000, 3.491481338843132961E-15 ) ) ;
#911 = ADVANCED_FACE ( 'NONE', ( #1114 ), #451, .T. ) ;
#912 = ADVANCED_FACE ( 'NONE', ( #1010 ), #1924, .F. ) ;
#913 = ORIENTED_EDGE ( 'NONE', *, *, #536, .T. ) ;
#914 = ORIENTED_EDGE ( 'NONE', *, *, #249, .T. ) ;
#915 = CYLINDRICAL_SURFACE ( 'NONE', #1177, 0.2949999999999999845 ) ;
#916 = DIRECTION ( 'NONE',  ( 0.000000000000000000, -1.000000000000000000, -3.491481338843132961E-15 ) ) ;
#917 = DIRECTION ( 'NONE',  ( 0.000000000000000000, 0.000000000000000000, -1.000000000000000000 ) ) ;
#918 = CARTESIAN_POINT ( 'NONE',  ( 2.750000000000000000, 0.5000000000000000000, 1.155000000000000027 ) ) ;
#919 = ORIENTED_EDGE ( 'NONE', *, *, #2441, .T. ) ;
#920 = CARTESIAN_POINT ( 'NONE',  ( 1.750000000000000222, 0.5000000000000000000, 0.000000000000000000 ) ) ;
#921 = ADVANCED_FACE ( 'NONE', ( #1856 ), #591, .F. ) ;
#922 = EDGE_LOOP ( 'NONE', ( #1359, #1139 ) ) ;
#923 = ORIENTED_EDGE ( 'NONE', *, *, #439, .T. ) ;
#924 = CARTESIAN_POINT ( 'NONE',  ( 4.000000000000000000, 0.1549999999999999989, 0.1549999999999999156 ) ) ;
#925 = EDGE_CURVE ( 'NONE', #552, #1542, #290, .T. ) ;
#926 = FACE_BOUND ( 'NONE', #2692, .T. ) ;
#927 = DIRECTION ( 'NONE',  ( 0.000000000000000000, 3.491481338843132961E-15, -1.000000000000000000 ) ) ;
#928 = DIRECTION ( 'NONE',  ( -1.000000000000000000, 0.000000000000000000, 0.000000000000000000 ) ) ;
#929 = DIRECTION ( 'NONE',  ( -1.000000000000000000, 0.000000000000000000, 0.000000000000000000 ) ) ;
#930 = ORIENTED_EDGE ( 'NONE', *, *, #2840, .T. ) ;
#931 = FACE_OUTER_BOUND ( 'NONE', #2792, .T. ) ;
#932 = LINE ( 'NONE', #244, #2609 ) ;
#933 = CARTESIAN_POINT ( 'NONE',  ( 2.249999999999999556, -1.750090120941169025E-15, 0.6549999999999996936 ) ) ;
#934 = ORIENTED_EDGE ( 'NONE', *, *, #394, .T. ) ;
#935 = EDGE_LOOP ( 'NONE', ( #6, #773 ) ) ;
#936 = EDGE_CURVE ( 'NONE', #1494, #1994, #1688, .T. ) ;
#937 = ORIENTED_EDGE ( 'NONE', *, *, #2840, .F. ) ;
#938 = DIRECTION ( 'NONE',  ( 0.000000000000000000, -3.491481338843132961E-15, 1.000000000000000000 ) ) ;
#939 = FACE_BOUND ( 'NONE', #922, .T. ) ;
#940 = DIRECTION ( 'NONE',  ( 0.000000000000000000, 0.000000000000000000, -1.000000000000000000 ) ) ;
#941 = AXIS2_PLACEMENT_3D ( 'NONE', #2207, #436, #1094 ) ;
#942 = ORIENTED_EDGE ( 'NONE', *, *, #850, .F. ) ;
#943 = AXIS2_PLACEMENT_3D ( 'NONE', #730, #149, #361 ) ;
#944 = ORIENTED_EDGE ( 'NONE', *, *, #439, .F. ) ;
#945 = CARTESIAN_POINT ( 'NONE',  ( 1.149499999999999522, 1.000000000000000000, 1.155000000000000027 ) ) ;
#946 = DIRECTION ( 'NONE',  ( 0.000000000000000000, 3.567711932024229895E-15, -1.000000000000000000 ) ) ;
#947 = CARTESIAN_POINT ( 'NONE',  ( -8.958899457194792665E-16, 0.1249999999999969608, 1.030000000000000027 ) ) ;
#948 = ORIENTED_EDGE ( 'NONE', *, *, #1709, .F. ) ;
#949 = EDGE_LOOP ( 'NONE', ( #777, #2128 ) ) ;
#950 = PLANE ( 'NONE',  #1474 ) ;
#951 = AXIS2_PLACEMENT_3D ( 'NONE', #1042, #1653, #2607 ) ;
#952 = CARTESIAN_POINT ( 'NONE',  ( 0.1249999999999992506, -2.100983995494903470E-15, 0.7554999999999996163 ) ) ;
#953 = VECTOR ( 'NONE', #185, 39.37007874015748143 ) ;
#954 = VERTEX_POINT ( 'NONE', #60 ) ;
#955 = DIRECTION ( 'NONE',  ( 0.000000000000000000, 0.000000000000000000, 1.000000000000000000 ) ) ;
#956 = CARTESIAN_POINT ( 'NONE',  ( 1.649499999999999744, 1.000000000000000000, 0.1250000000000000278 ) ) ;
#957 = CIRCLE ( 'NONE', #2481, 0.1005000000000004778 ) ;
#958 = CARTESIAN_POINT ( 'NONE',  ( 1.250000000000000000, 0.5000000000000000000, 0.000000000000000000 ) ) ;
#959 = EDGE_CURVE ( 'NONE', #1885, #214, #2535, .T. ) ;
#960 = CIRCLE ( 'NONE', #2901, 0.1005000000000002003 ) ;
#961 = DIRECTION ( 'NONE',  ( 0.000000000000000000, 0.000000000000000000, 1.000000000000000000 ) ) ;
#962 = LINE ( 'NONE', #300, #2235 ) ;
#963 = EDGE_LOOP ( 'NONE', ( #2214, #1478, #1440, #1916 ) ) ;
#964 = CARTESIAN_POINT ( 'NONE',  ( 3.750000000000000000, 0.5000000000000000000, 1.155000000000000027 ) ) ;
#965 = EDGE_CURVE ( 'NONE', #2524, #759, #1988, .T. ) ;
#966 = LINE ( 'NONE', #1722, #2096 ) ;
#967 = EDGE_LOOP ( 'NONE', ( #2078, #690, #32, #135 ) ) ;
#968 = VERTEX_POINT ( 'NONE', #947 ) ;
#969 = CARTESIAN_POINT ( 'NONE',  ( 3.750000000000000000, -2.091571120149201582E-15, 0.7554999999999995053 ) ) ;
#970 = ORIENTED_EDGE ( 'NONE', *, *, #1249, .F. ) ;
#971 = DIRECTION ( 'NONE',  ( 1.000000000000000000, 0.000000000000000000, 0.000000000000000000 ) ) ;
#972 = CARTESIAN_POINT ( 'NONE',  ( 3.250000000000000000, -2.100983995494903075E-15, 0.7554999999999996163 ) ) ;
#973 = DIRECTION ( 'NONE',  ( 0.000000000000000000, 0.000000000000000000, -1.000000000000000000 ) ) ;
#974 =( LENGTH_UNIT ( ) NAMED_UNIT ( * ) SI_UNIT ( $, .METRE. ) );
#975 = FACE_BOUND ( 'NONE', #1839, .T. ) ;
#976 = EDGE_CURVE ( 'NONE', #1543, #2010, #1416, .T. ) ;
#977 = CARTESIAN_POINT ( 'NONE',  ( 0.3505000000000008109, 1.000000000000000000, 1.155000000000000027 ) ) ;
#978 = ADVANCED_FACE ( 'NONE', ( #1720 ), #2754, .T. ) ;
#979 = ORIENTED_EDGE ( 'NONE', *, *, #1642, .T. ) ;
#980 = ORIENTED_EDGE ( 'NONE', *, *, #2030, .F. ) ;
#981 = DIRECTION ( 'NONE',  ( 0.000000000000000000, -1.000000000000000000, -3.491481338843133355E-15 ) ) ;
#982 = ADVANCED_FACE ( 'NONE', ( #606 ), #2324, .F. ) ;
#983 = VERTEX_POINT ( 'NONE', #305 ) ;
#984 = LINE ( 'NONE', #760, #2233 ) ;
#985 = DIRECTION ( 'NONE',  ( 0.000000000000000000, 3.567711932024229895E-15, -1.000000000000000000 ) ) ;
#986 = FACE_BOUND ( 'NONE', #1539, .T. ) ;
#987 = APPROVAL_ROLE ( '' ) ;
#988 = LINE ( 'NONE', #2138, #1719 ) ;
#989 = AXIS2_PLACEMENT_3D ( 'NONE', #1384, #283, #971 ) ;
#990 = ADVANCED_FACE ( 'NONE', ( #1473 ), #2821, .F. ) ;
#991 = AXIS2_PLACEMENT_3D ( 'NONE', #2266, #2685, #240 ) ;
#992 = ORIENTED_EDGE ( 'NONE', *, *, #677, .F. ) ;
#993 = VECTOR ( 'NONE', #2277, 39.37007874015748143 ) ;
#994 = EDGE_CURVE ( 'NONE', #1028, #2339, #1659, .T. ) ;
#995 = ORIENTED_EDGE ( 'NONE', *, *, #2082, .F. ) ;
#996 = ORIENTED_EDGE ( 'NONE', *, *, #2627, .T. ) ;
#997 = ORIENTED_EDGE ( 'NONE', *, *, #2728, .F. ) ;
#998 = ORIENTED_EDGE ( 'NONE', *, *, #2406, .T. ) ;
#999 = CARTESIAN_POINT ( 'NONE',  ( 3.875000000000000000, 0.1249999999999965167, 1.155000000000000027 ) ) ;
#1000 = DIRECTION ( 'NONE',  ( 0.000000000000000000, 3.491481338843132961E-15, -1.000000000000000000 ) ) ;
#1001 = EDGE_CURVE ( 'NONE', #2316, #1729, #763, .T. ) ;
#1002 = LINE ( 'NONE', #1907, #1997 ) ;
#1003 = DIRECTION ( 'NONE',  ( -0.000000000000000000, 1.000000000000000000, 3.491481338843132961E-15 ) ) ;
#1004 = EDGE_CURVE ( 'NONE', #2309, #847, #2835, .T. ) ;
#1005 = VECTOR ( 'NONE', #1880, 39.37007874015748143 ) ;
#1006 = ORIENTED_EDGE ( 'NONE', *, *, #858, .T. ) ;
#1007 = AXIS2_PLACEMENT_3D ( 'NONE', #715, #2768, #2311 ) ;
#1008 = AXIS2_PLACEMENT_3D ( 'NONE', #2393, #2820, #1244 ) ;
#1009 = FACE_OUTER_BOUND ( 'NONE', #1447, .T. ) ;
#1010 = FACE_OUTER_BOUND ( 'NONE', #2383, .T. ) ;
#1011 = CIRCLE ( 'NONE', #644, 0.1004999999999998533 ) ;
#1012 = CARTESIAN_POINT ( 'NONE',  ( 4.000000000000000000, 0.1549999999999999989, 0.000000000000000000 ) ) ;
#1013 = ORIENTED_EDGE ( 'NONE', *, *, #2876, .T. ) ;
#1014 = LINE ( 'NONE', #791, #1102 ) ;
#1015 = ORIENTED_EDGE ( 'NONE', *, *, #1875, .F. ) ;
#1016 = ORIENTED_EDGE ( 'NONE', *, *, #651, .T. ) ;
#1017 = VERTEX_POINT ( 'NONE', #1245 ) ;
#1018 = ADVANCED_FACE ( 'NONE', ( #138, #1024, #556, #540, #1684, #1223, #2132 ), #113, .F. ) ;
#1019 = VERTEX_POINT ( 'NONE', #1920 ) ;
#1020 = CARTESIAN_POINT ( 'NONE',  ( 0.2499999999999992506, -1.399196246387434975E-15, 0.5544999999999998819 ) ) ;
#1021 = FACE_OUTER_BOUND ( 'NONE', #2064, .T. ) ;
#1022 = ORIENTED_EDGE ( 'NONE', *, *, #1926, .T. ) ;
#1023 = CARTESIAN_POINT ( 'NONE',  ( 3.600500000000000700, 1.419999999999999929, 0.1250000000000000278 ) ) ;
#1024 = FACE_BOUND ( 'NONE', #1085, .T. ) ;
#1025 = CARTESIAN_POINT ( 'NONE',  ( 1.750000000000000222, 0.5000000000000000000, 1.155000000000000027 ) ) ;
#1026 = ORIENTED_EDGE ( 'NONE', *, *, #2157, .T. ) ;
#1027 = ORIENTED_EDGE ( 'NONE', *, *, #858, .F. ) ;
#1028 = VERTEX_POINT ( 'NONE', #1237 ) ;
#1029 = ORIENTED_EDGE ( 'NONE', *, *, #1404, .F. ) ;
#1030 = DIRECTION ( 'NONE',  ( 0.000000000000000000, 1.000000000000000000, 0.000000000000000000 ) ) ;
#1031 = FACE_OUTER_BOUND ( 'NONE', #255, .T. ) ;
#1032 = CARTESIAN_POINT ( 'NONE',  ( 0.7500000000000004441, 0.5000000000000000000, 0.1250000000000000278 ) ) ;
#1033 = DIRECTION ( 'NONE',  ( -0.000000000000000000, 1.000000000000000000, 3.491481338843133355E-15 ) ) ;
#1034 = DIRECTION ( 'NONE',  ( 0.000000000000000000, 0.000000000000000000, 1.000000000000000000 ) ) ;
#1035 = CARTESIAN_POINT ( 'NONE',  ( 3.875000000000000000, 0.1249999999999990424, 0.4295000000000002705 ) ) ;
#1036 = CIRCLE ( 'NONE', #155, 0.1004999999999998533 ) ;
#1037 = EDGE_CURVE ( 'NONE', #410, #2267, #132, .T. ) ;
#1038 = AXIS2_PLACEMENT_3D ( 'NONE', #2153, #1622, #2526 ) ;
#1039 = EDGE_LOOP ( 'NONE', ( #431, #9, #2415, #191 ) ) ;
#1040 = ORIENTED_EDGE ( 'NONE', *, *, #1265, .T. ) ;
#1041 = AXIS2_PLACEMENT_3D ( 'NONE', #1403, #2313, #804 ) ;
#1042 = CARTESIAN_POINT ( 'NONE',  ( 3.750000000000000000, 0.5000000000000000000, 0.1250000000000000278 ) ) ;
#1043 = VERTEX_POINT ( 'NONE', #2228 ) ;
#1044 = DIRECTION ( 'NONE',  ( -1.000000000000000000, -0.000000000000000000, -0.000000000000000000 ) ) ;
#1045 = CARTESIAN_POINT ( 'NONE',  ( 2.350500000000000700, 1.000000000000000000, 0.1250000000000000278 ) ) ;
#1046 = FACE_OUTER_BOUND ( 'NONE', #2699, .T. ) ;
#1047 = CIRCLE ( 'NONE', #2561, 0.1005000000000004778 ) ;
#1048 = EDGE_CURVE ( 'NONE', #273, #2824, #1517, .T. ) ;
#1049 = DIRECTION ( 'NONE',  ( 0.000000000000000000, -3.491481338843134539E-15, 1.000000000000000000 ) ) ;
#1050 = CARTESIAN_POINT ( 'NONE',  ( 0.2499999999999992228, 0.1249999999999978767, 0.7554999999999999494 ) ) ;
#1051 = CIRCLE ( 'NONE', #1242, 0.1005000000000002003 ) ;
#1052 = AXIS2_PLACEMENT_3D ( 'NONE', #2184, #1111, #831 ) ;
#1053 = DIRECTION ( 'NONE',  ( -0.000000000000000000, -0.000000000000000000, -1.000000000000000000 ) ) ;
#1054 = AXIS2_PLACEMENT_3D ( 'NONE', #1532, #2201, #2846 ) ;
#1055 = ORIENTED_EDGE ( 'NONE', *, *, #424, .F. ) ;
#1056 = ADVANCED_FACE ( 'NONE', ( #1967 ), #1730, .F. ) ;
#1057 = CARTESIAN_POINT ( 'NONE',  ( 0.2500000000000003331, 0.5000000000000000000, 0.000000000000000000 ) ) ;
#1058 = ORIENTED_EDGE ( 'NONE', *, *, #2587, .T. ) ;
#1059 = EDGE_LOOP ( 'NONE', ( #794, #2458, #627, #323 ) ) ;
#1060 = FACE_OUTER_BOUND ( 'NONE', #2826, .T. ) ;
#1061 = DIRECTION ( 'NONE',  ( 0.000000000000000000, 1.000000000000000000, 0.000000000000000000 ) ) ;
#1062 = DIRECTION ( 'NONE',  ( 1.000000000000000000, 0.000000000000000000, 0.000000000000000000 ) ) ;
#1063 = CARTESIAN_POINT ( 'NONE',  ( 4.000000000000000000, -3.055208049546744344E-15, 1.029999999999999583 ) ) ;
#1064 = CARTESIAN_POINT ( 'NONE',  ( 3.750000000000000000, -1.750090120941169025E-15, 0.6549999999999996936 ) ) ;
#1065 = CYLINDRICAL_SURFACE ( 'NONE', #2832, 0.1250000000000000278 ) ;
#1066 = ADVANCED_FACE ( 'NONE', ( #586 ), #2597, .F. ) ;
#1067 = FACE_OUTER_BOUND ( 'NONE', #792, .T. ) ;
#1068 = EDGE_CURVE ( 'NONE', #456, #2518, #2479, .T. ) ;
#1069 = EDGE_LOOP ( 'NONE', ( #2305, #2854, #1835, #2179 ) ) ;
#1070 = VERTEX_POINT ( 'NONE', #2215 ) ;
#1071 = DIRECTION ( 'NONE',  ( 0.000000000000000000, 0.000000000000000000, -1.000000000000000000 ) ) ;
#1072 = ORIENTED_EDGE ( 'NONE', *, *, #352, .T. ) ;
#1073 = ORIENTED_EDGE ( 'NONE', *, *, #1174, .F. ) ;
#1074 = FACE_OUTER_BOUND ( 'NONE', #2224, .T. ) ;
#1075 = DIRECTION ( 'NONE',  ( -1.000000000000000000, 0.000000000000000000, 0.000000000000000000 ) ) ;
#1076 = ORIENTED_EDGE ( 'NONE', *, *, #2610, .T. ) ;
#1077 = CARTESIAN_POINT ( 'NONE',  ( 0.7500000000000004441, 1.000000000000000000, 0.000000000000000000 ) ) ;
#1078 = DIRECTION ( 'NONE',  ( -1.000000000000000000, 0.000000000000000000, 0.000000000000000000 ) ) ;
#1079 = FACE_OUTER_BOUND ( 'NONE', #302, .T. ) ;
#1080 = CARTESIAN_POINT ( 'NONE',  ( 0.7499999999999993339, 0.1249999999999982514, 0.6550000000000002487 ) ) ;
#1081 = ORIENTED_EDGE ( 'NONE', *, *, #544, .F. ) ;
#1082 = LINE ( 'NONE', #2887, #2516 ) ;
#1083 = EDGE_CURVE ( 'NONE', #1677, #2819, #2390, .T. ) ;
#1084 = VECTOR ( 'NONE', #2408, 39.37007874015748143 ) ;
#1085 = EDGE_LOOP ( 'NONE', ( #35, #382 ) ) ;
#1086 = AXIS2_PLACEMENT_3D ( 'NONE', #389, #1913, #786 ) ;
#1087 = CARTESIAN_POINT ( 'NONE',  ( 0.2500000000000003331, 0.5000000000000000000, 1.155000000000000027 ) ) ;
#1088 = DIRECTION ( 'NONE',  ( 1.000000000000000000, 8.942059022282653095E-32, -2.561107494060247075E-17 ) ) ;
#1089 = CARTESIAN_POINT ( 'NONE',  ( 3.875000000000000000, -2.533231589389696238E-15, 0.8804999999999995053 ) ) ;
#1090 = ADVANCED_FACE ( 'NONE', ( #1074 ), #1714, .F. ) ;
#1091 = LINE ( 'NONE', #661, #75 ) ;
#1092 = EDGE_CURVE ( 'NONE', #563, #2694, #1978, .T. ) ;
#1093 = CARTESIAN_POINT ( 'NONE',  ( 2.250000000000000444, 1.000000000000000000, 0.1250000000000000278 ) ) ;
#1094 = DIRECTION ( 'NONE',  ( -1.000000000000000000, 0.000000000000000000, 0.000000000000000000 ) ) ;
#1095 = DIRECTION ( 'NONE',  ( -1.000000000000000000, 0.000000000000000000, 0.000000000000000000 ) ) ;
#1096 = AXIS2_PLACEMENT_3D ( 'NONE', #1607, #2556, #541 ) ;
#1097 = LINE ( 'NONE', #2903, #2047 ) ;
#1098 = AXIS2_PLACEMENT_3D ( 'NONE', #1549, #896, #2463 ) ;
#1099 = AXIS2_PLACEMENT_3D ( 'NONE', #2291, #2089, #1596 ) ;
#1100 = ORIENTED_EDGE ( 'NONE', *, *, #1763, .T. ) ;
#1101 = EDGE_LOOP ( 'NONE', ( #2707, #1929 ) ) ;
#1102 = VECTOR ( 'NONE', #438, 39.37007874015748143 ) ;
#1103 = AXIS2_PLACEMENT_3D ( 'NONE', #2616, #1033, #589 ) ;
#1104 = CARTESIAN_POINT ( 'NONE',  ( 0.2499999999999992506, 0.1249999999999982514, 0.6550000000000000266 ) ) ;
#1105 = ORIENTED_EDGE ( 'NONE', *, *, #2813, .F. ) ;
#1106 = EDGE_LOOP ( 'NONE', ( #2507, #1661 ) ) ;
#1107 = CYLINDRICAL_SURFACE ( 'NONE', #73, 0.1250000000000000278 ) ;
#1108 = CYLINDRICAL_SURFACE ( 'NONE', #2156, 0.1005000000000002003 ) ;
#1109 = EDGE_CURVE ( 'NONE', #1338, #568, #1047, .T. ) ;
#1110 = CARTESIAN_POINT ( 'NONE',  ( 1.249999999999999556, 0.1249999999999982514, 0.6550000000000001377 ) ) ;
#1111 = DIRECTION ( 'NONE',  ( -0.000000000000000000, -0.000000000000000000, -1.000000000000000000 ) ) ;
#1112 = CARTESIAN_POINT ( 'NONE',  ( 3.250000000000000000, -1.399196246387434777E-15, 0.5544999999999998819 ) ) ;
#1113 = DIRECTION ( 'NONE',  ( 1.000000000000000000, 0.000000000000000000, 0.000000000000000000 ) ) ;
#1114 = FACE_OUTER_BOUND ( 'NONE', #1293, .T. ) ;
#1115 = DIRECTION ( 'NONE',  ( -1.000000000000000000, 0.000000000000000000, 0.000000000000000000 ) ) ;
#1116 = ORIENTED_EDGE ( 'NONE', *, *, #1392, .T. ) ;
#1117 = ORIENTED_EDGE ( 'NONE', *, *, #1831, .F. ) ;
#1118 = DIRECTION ( 'NONE',  ( 0.000000000000000000, -1.000000000000000000, -3.491481338843133355E-15 ) ) ;
#1119 = ORIENTED_EDGE ( 'NONE', *, *, #1939, .F. ) ;
#1120 = DIRECTION ( 'NONE',  ( 1.000000000000000000, 0.000000000000000000, 0.000000000000000000 ) ) ;
#1121 = CARTESIAN_POINT ( 'NONE',  ( 1.249999999999999556, -1.750090120941169025E-15, 0.6549999999999996936 ) ) ;
#1122 = DIRECTION ( 'NONE',  ( -0.000000000000000000, -0.000000000000000000, -1.000000000000000000 ) ) ;
#1123 = CARTESIAN_POINT ( 'NONE',  ( 3.250000000000000000, 1.000000000000000000, 1.155000000000000027 ) ) ;
#1124 = ORIENTED_EDGE ( 'NONE', *, *, #2328, .T. ) ;
#1125 = ORIENTED_EDGE ( 'NONE', *, *, #616, .F. ) ;
#1126 = EDGE_CURVE ( 'NONE', #1353, #2241, #2200, .T. ) ;
#1127 = ORIENTED_EDGE ( 'NONE', *, *, #2056, .T. ) ;
#1128 = EDGE_LOOP ( 'NONE', ( #930, #384, #1553, #2033 ) ) ;
#1129 = AXIS2_PLACEMENT_3D ( 'NONE', #448, #1815, #2286 ) ;
#1130 = EDGE_LOOP ( 'NONE', ( #2192, #2868 ) ) ;
#1131 = CARTESIAN_POINT ( 'NONE',  ( 0.1494999999999999107, 0.5000000000000000000, 0.000000000000000000 ) ) ;
#1132 = LINE ( 'NONE', #2251, #762 ) ;
#1133 = AXIS2_PLACEMENT_3D ( 'NONE', #1971, #151, #437 ) ;
#1134 = CARTESIAN_POINT ( 'NONE',  ( 3.875000000000000000, -1.399196246387434975E-15, 0.5544999999999998819 ) ) ;
#1135 = CARTESIAN_POINT ( 'NONE',  ( 2.250000000000000444, 0.5000000000000000000, 0.000000000000000000 ) ) ;
#1136 = DIRECTION ( 'NONE',  ( 1.000000000000000000, 0.000000000000000000, 0.000000000000000000 ) ) ;
#1137 = CARTESIAN_POINT ( 'NONE',  ( 1.749999999999999556, -1.399196246387434777E-15, 0.5544999999999998819 ) ) ;
#1138 = ADVANCED_FACE ( 'NONE', ( #1060 ), #647, .F. ) ;
#1139 = ORIENTED_EDGE ( 'NONE', *, *, #575, .F. ) ;
#1140 = LINE ( 'NONE', #1444, #502 ) ;
#1141 = AXIS2_PLACEMENT_3D ( 'NONE', #1032, #2786, #114 ) ;
#1142 = AXIS2_PLACEMENT_3D ( 'NONE', #444, #2519, #1871 ) ;
#1143 = EDGE_CURVE ( 'NONE', #42, #1884, #1192, .T. ) ;
#1144 = ORIENTED_EDGE ( 'NONE', *, *, #2124, .T. ) ;
#1145 = VECTOR ( 'NONE', #654, 39.37007874015748143 ) ;
#1146 = CIRCLE ( 'NONE', #27, 0.1004999999999997840 ) ;
#1147 = CARTESIAN_POINT ( 'NONE',  ( 3.875000000000000000, 1.669999999999999929, 0.1250000000000000000 ) ) ;
#1148 = PRODUCT_DEFINITION_FORMATION_WITH_SPECIFIED_SOURCE ( 'ANY', '', #1502, .NOT_KNOWN. ) ;
#1149 = VECTOR ( 'NONE', #1900, 39.37007874015748143 ) ;
#1150 = VERTEX_POINT ( 'NONE', #2447 ) ;
#1151 = DIRECTION ( 'NONE',  ( 0.000000000000000000, 0.000000000000000000, 1.000000000000000000 ) ) ;
#1152 = CARTESIAN_POINT ( 'NONE',  ( 1.250000000000000000, 1.000000000000000000, 1.155000000000000027 ) ) ;
#1153 = DIRECTION ( 'NONE',  ( 0.000000000000000000, 3.491481338843135327E-15, -1.000000000000000000 ) ) ;
#1154 = FACE_OUTER_BOUND ( 'NONE', #2147, .T. ) ;
#1155 = DIRECTION ( 'NONE',  ( 0.000000000000000000, 1.000000000000000000, 3.491481338843132961E-15 ) ) ;
#1156 = ORIENTED_EDGE ( 'NONE', *, *, #2627, .F. ) ;
#1157 = DIRECTION ( 'NONE',  ( -1.000000000000000000, 0.000000000000000000, 0.000000000000000000 ) ) ;
#1158 = DIRECTION ( 'NONE',  ( -0.000000000000000000, -0.000000000000000000, -1.000000000000000000 ) ) ;
#1159 = EDGE_CURVE ( 'NONE', #810, #8, #1511, .T. ) ;
#1160 = ORIENTED_EDGE ( 'NONE', *, *, #1048, .T. ) ;
#1161 = ORIENTED_EDGE ( 'NONE', *, *, #1302, .T. ) ;
#1162 = VERTEX_POINT ( 'NONE', #2434 ) ;
#1163 = FACE_OUTER_BOUND ( 'NONE', #1629, .T. ) ;
#1164 = PRODUCT_DEFINITION ( 'UNKNOWN', '', #1148, #1278 ) ;
#1165 = DIRECTION ( 'NONE',  ( 0.000000000000000000, -3.491481338843132961E-15, 1.000000000000000000 ) ) ;
#1166 = FACE_OUTER_BOUND ( 'NONE', #1039, .T. ) ;
#1167 = ORIENTED_EDGE ( 'NONE', *, *, #2665, .T. ) ;
#1168 = PLANE ( 'NONE',  #498 ) ;
#1169 = CARTESIAN_POINT ( 'NONE',  ( 2.850500000000000256, 1.000000000000000000, 1.155000000000000027 ) ) ;
#1170 = DIRECTION ( 'NONE',  ( -0.000000000000000000, 1.000000000000000000, 3.491481338843132961E-15 ) ) ;
#1171 = ORIENTED_EDGE ( 'NONE', *, *, #1037, .T. ) ;
#1172 = ORIENTED_EDGE ( 'NONE', *, *, #494, .T. ) ;
#1173 = CARTESIAN_POINT ( 'NONE',  ( 0.2499999999999992506, -1.750090120941168630E-15, 0.6549999999999995826 ) ) ;
#1174 = EDGE_CURVE ( 'NONE', #1677, #2211, #2199, .T. ) ;
#1175 = ORIENTED_EDGE ( 'NONE', *, *, #1686, .T. ) ;
#1176 = CARTESIAN_POINT ( 'NONE',  ( 3.875000000000000000, 1.545000000000000151, 0.1250000000000000000 ) ) ;
#1177 = AXIS2_PLACEMENT_3D ( 'NONE', #2710, #695, #482 ) ;
#1178 = DIRECTION ( 'NONE',  ( 0.000000000000000000, -1.000000000000000000, -3.491481338843133355E-15 ) ) ;
#1179 = APPROVAL_ROLE ( '' ) ;
#1180 = DIRECTION ( 'NONE',  ( -0.000000000000000000, 1.000000000000000000, 3.491481338843133355E-15 ) ) ;
#1181 = CIRCLE ( 'NONE', #852, 0.1250000000000000000 ) ;
#1182 = EDGE_CURVE ( 'NONE', #2867, #2756, #146, .T. ) ;
#1183 = AXIS2_PLACEMENT_3D ( 'NONE', #1035, #2645, #390 ) ;
#1184 = CARTESIAN_POINT ( 'NONE',  ( 4.000000000000000000, 0.1249999999999969608, 1.030000000000000027 ) ) ;
#1185 = ORIENTED_EDGE ( 'NONE', *, *, #1875, .T. ) ;
#1186 = DIRECTION ( 'NONE',  ( -1.000000000000000000, 0.000000000000000000, 0.000000000000000000 ) ) ;
#1187 = CARTESIAN_POINT ( 'NONE',  ( 2.249999999999999556, 0.1249999999999982514, 0.6550000000000001377 ) ) ;
#1188 = DIRECTION ( 'NONE',  ( 0.000000000000000000, 0.000000000000000000, 1.000000000000000000 ) ) ;
#1189 = VERTEX_POINT ( 'NONE', #1266 ) ;
#1190 = DIRECTION ( 'NONE',  ( -0.000000000000000000, 1.000000000000000000, 3.491481338843132961E-15 ) ) ;
#1191 = AXIS2_PLACEMENT_3D ( 'NONE', #2085, #973, #331 ) ;
#1192 = CIRCLE ( 'NONE', #639, 0.1005000000000002003 ) ;
#1193 = VECTOR ( 'NONE', #2689, 39.37007874015748143 ) ;
#1194 = AXIS2_PLACEMENT_3D ( 'NONE', #533, #2907, #1836 ) ;
#1195 = ORIENTED_EDGE ( 'NONE', *, *, #1936, .F. ) ;
#1196 = LINE ( 'NONE', #2084, #1319 ) ;
#1197 = CARTESIAN_POINT ( 'NONE',  ( -8.978806545259076007E-16, -3.059395623007344033E-15, 1.029999999999999583 ) ) ;
#1198 = AXIS2_PLACEMENT_3D ( 'NONE', #2072, #1848, #53 ) ;
#1199 = LENGTH_MEASURE_WITH_UNIT ( LENGTH_MEASURE( 0.02539999999999999897 ), #974 );
#1200 = DIRECTION ( 'NONE',  ( 0.000000000000000000, -1.000000000000000000, -3.491481338843133355E-15 ) ) ;
#1201 = ORIENTED_EDGE ( 'NONE', *, *, #1821, .T. ) ;
#1202 = DIRECTION ( 'NONE',  ( -1.000000000000000000, 0.000000000000000000, 0.000000000000000000 ) ) ;
#1203 = LINE ( 'NONE', #2578, #2150 ) ;
#1204 = ORIENTED_EDGE ( 'NONE', *, *, #1521, .T. ) ;
#1205 = ORIENTED_EDGE ( 'NONE', *, *, #564, .T. ) ;
#1206 = CARTESIAN_POINT ( 'NONE',  ( 3.750000000000000000, -1.399196246387434975E-15, 0.5544999999999998819 ) ) ;
#1207 = ORIENTED_EDGE ( 'NONE', *, *, #2273, .F. ) ;
#1208 = CARTESIAN_POINT ( 'NONE',  ( 3.500000000000000444, 1.419999999999999929, 0.1250000000000000278 ) ) ;
#1209 = DIRECTION ( 'NONE',  ( 0.000000000000000000, -3.491481338843133750E-15, 1.000000000000000000 ) ) ;
#1210 = DIRECTION ( 'NONE',  ( -0.000000000000000000, 1.000000000000000000, 3.491481338843132961E-15 ) ) ;
#1211 = APPROVAL_DATE_TIME ( #2350, #136 ) ;
#1212 = DIRECTION ( 'NONE',  ( 0.000000000000000000, 0.000000000000000000, 1.000000000000000000 ) ) ;
#1213 = EDGE_CURVE ( 'NONE', #214, #2146, #363, .T. ) ;
#1214 = LINE ( 'NONE', #1012, #2828 ) ;
#1215 = ORIENTED_EDGE ( 'NONE', *, *, #1436, .T. ) ;
#1216 = EDGE_CURVE ( 'NONE', #1494, #1851, #906, .T. ) ;
#1217 = ORIENTED_EDGE ( 'NONE', *, *, #2351, .T. ) ;
#1218 = ORIENTED_EDGE ( 'NONE', *, *, #2551, .F. ) ;
#1219 = EDGE_CURVE ( 'NONE', #1337, #2889, #1286, .T. ) ;
#1220 = CARTESIAN_POINT ( 'NONE',  ( -7.389504979262414818E-16, -1.408609121733135679E-15, 0.5544999999999998819 ) ) ;
#1221 = EDGE_LOOP ( 'NONE', ( #772, #2810 ) ) ;
#1222 = DIRECTION ( 'NONE',  ( -1.000000000000000000, 0.000000000000000000, 0.000000000000000000 ) ) ;
#1223 = FACE_BOUND ( 'NONE', #1101, .T. ) ;
#1224 = DIRECTION ( 'NONE',  ( 0.000000000000000000, -0.000000000000000000, 1.000000000000000000 ) ) ;
#1225 = DATE_AND_TIME ( #1469, #1573 ) ;
#1226 = AXIS2_PLACEMENT_3D ( 'NONE', #801, #1699, #1386 ) ;
#1227 = DIRECTION ( 'NONE',  ( -1.000000000000000000, 0.000000000000000000, 0.000000000000000000 ) ) ;
#1228 = EDGE_CURVE ( 'NONE', #2010, #1543, #2338, .T. ) ;
#1229 = AXIS2_PLACEMENT_3D ( 'NONE', #55, #1689, #120 ) ;
#1230 = AXIS2_PLACEMENT_3D ( 'NONE', #1927, #1942, #859 ) ;
#1231 = ORIENTED_EDGE ( 'NONE', *, *, #595, .F. ) ;
#1232 = EDGE_LOOP ( 'NONE', ( #2152, #509, #779, #1105 ) ) ;
#1233 = DIRECTION ( 'NONE',  ( -0.000000000000000000, 1.000000000000000000, 3.491481338843132961E-15 ) ) ;
#1234 = ORIENTED_EDGE ( 'NONE', *, *, #424, .T. ) ;
#1235 = CIRCLE ( 'NONE', #1861, 0.1005000000000002003 ) ;
#1236 = CARTESIAN_POINT ( 'NONE',  ( 0.6494999999999999662, 1.000000000000000000, 0.000000000000000000 ) ) ;
#1237 = CARTESIAN_POINT ( 'NONE',  ( 1.149499999999999522, 0.5000000000000000000, 0.1250000000000000278 ) ) ;
#1238 = DIRECTION ( 'NONE',  ( 1.000000000000000000, -1.907639258086967512E-30, 5.463695987328531367E-16 ) ) ;
#1239 =( CONVERSION_BASED_UNIT ( 'INCH', #1199 ) LENGTH_UNIT ( ) NAMED_UNIT ( #767 ) );
#1240 = VECTOR ( 'NONE', #728, 39.37007874015748143 ) ;
#1241 = ORIENTED_EDGE ( 'NONE', *, *, #2484, .F. ) ;
#1242 = AXIS2_PLACEMENT_3D ( 'NONE', #2546, #2522, #2720 ) ;
#1243 = AXIS2_PLACEMENT_3D ( 'NONE', #1687, #1923, #335 ) ;
#1244 = DIRECTION ( 'NONE',  ( 1.000000000000000000, 0.000000000000000000, 0.000000000000000000 ) ) ;
#1245 = CARTESIAN_POINT ( 'NONE',  ( 3.149499999999999744, 0.5000000000000000000, 0.000000000000000000 ) ) ;
#1246 = CIRCLE ( 'NONE', #2052, 0.1004999999999998533 ) ;
#1247 = VERTEX_POINT ( 'NONE', #2545 ) ;
#1248 = DIRECTION ( 'NONE',  ( -0.000000000000000000, -3.491481338843132961E-15, 1.000000000000000000 ) ) ;
#1249 = EDGE_CURVE ( 'NONE', #1438, #2012, #517, .T. ) ;
#1250 = ORIENTED_EDGE ( 'NONE', *, *, #2108, .T. ) ;
#1251 = ORIENTED_EDGE ( 'NONE', *, *, #1846, .T. ) ;
#1252 = CARTESIAN_POINT ( 'NONE',  ( 3.875000000000000000, 1.545000000000000151, 0.000000000000000000 ) ) ;
#1253 = CARTESIAN_POINT ( 'NONE',  ( 1.399499999999999744, 1.419999999999999929, 1.155000000000000027 ) ) ;
#1254 = FACE_BOUND ( 'NONE', #412, .T. ) ;
#1255 = PERSON_AND_ORGANIZATION_ROLE ( 'classification_officer' ) ;
#1256 = DIRECTION ( 'NONE',  ( 1.000000000000000000, 0.000000000000000000, 0.000000000000000000 ) ) ;
#1257 = DIRECTION ( 'NONE',  ( 0.000000000000000000, 1.000000000000000000, 3.491481338843133355E-15 ) ) ;
#1258 = PRODUCT_RELATED_PRODUCT_CATEGORY ( 'detail', '', ( #1502 ) ) ;
#1259 = FACE_BOUND ( 'NONE', #287, .T. ) ;
#1260 = DIRECTION ( 'NONE',  ( -0.000000000000000000, -0.000000000000000000, -1.000000000000000000 ) ) ;
#1261 = DIRECTION ( 'NONE',  ( 0.000000000000000000, -3.491481338843132961E-15, 1.000000000000000000 ) ) ;
#1262 = ORIENTED_EDGE ( 'NONE', *, *, #1174, .T. ) ;
#1263 = ORIENTED_EDGE ( 'NONE', *, *, #544, .T. ) ;
#1264 = ORIENTED_EDGE ( 'NONE', *, *, #1591, .T. ) ;
#1265 = EDGE_CURVE ( 'NONE', #1043, #2369, #2606, .T. ) ;
#1266 = CARTESIAN_POINT ( 'NONE',  ( 1.149499999999999522, 0.5000000000000000000, 0.000000000000000000 ) ) ;
#1267 = DIRECTION ( 'NONE',  ( -1.000000000000000000, 0.000000000000000000, 0.000000000000000000 ) ) ;
#1268 = DIRECTION ( 'NONE',  ( -0.000000000000000000, 1.000000000000000000, 3.491481338843132961E-15 ) ) ;
#1269 = CARTESIAN_POINT ( 'NONE',  ( 0.8505000000000009219, 1.000000000000000000, 1.155000000000000027 ) ) ;
#1270 = DIRECTION ( 'NONE',  ( -0.000000000000000000, -0.000000000000000000, -1.000000000000000000 ) ) ;
#1271 = DIRECTION ( 'NONE',  ( 0.000000000000000000, -1.000000000000000000, -3.491481338843133355E-15 ) ) ;
#1272 = CLOSED_SHELL ( 'NONE', ( #2167, #1352, #1628, #2354, #921, #20, #1887, #1387, #2248, #2539, #990, #470, #2696, #2292, #2154, #2055, #1294, #1723, #1138, #486, #52, #241, #1925, #1651, #508, #269, #2367, #2112, #1552, #1833, #2122, #1284, #162, #819, #649, #2806, #1018, #2335, #1973, #2513, #1525, #2021, #2312, #44, #841, #982, #374, #2223, #1066, #469, #321, #787, #2067, #2851, #1318, #37, #815, #1322, #2711, #911, #978, #383, #912, #2444, #2212, #2724, #1090, #1576, #2364, #607, #2204, #2853, #788, #1613, #2421, #1056, #367, #1307, #1563, #668, #700, #2764 ) ) ;
#1273 = DIRECTION ( 'NONE',  ( 0.000000000000000000, 3.567711932024229895E-15, -1.000000000000000000 ) ) ;
#1274 = AXIS2_PLACEMENT_3D ( 'NONE', #569, #1450, #355 ) ;
#1275 = VERTEX_POINT ( 'NONE', #220 ) ;
#1276 = EDGE_LOOP ( 'NONE', ( #1928, #600 ) ) ;
#1277 = AXIS2_PLACEMENT_3D ( 'NONE', #1347, #212, #2019 ) ;
#1278 = DESIGN_CONTEXT ( 'detailed design', #2008, 'design' ) ;
#1279 = ORIENTED_EDGE ( 'NONE', *, *, #1182, .F. ) ;
#1280 = EDGE_LOOP ( 'NONE', ( #2771, #1599 ) ) ;
#1281 = DIRECTION ( 'NONE',  ( -0.000000000000000000, 1.000000000000000000, 3.491481338843132961E-15 ) ) ;
#1282 = DIRECTION ( 'NONE',  ( -1.000000000000000000, 0.000000000000000000, 0.000000000000000000 ) ) ;
#1283 = DIRECTION ( 'NONE',  ( -0.000000000000000000, 1.000000000000000000, 3.491481338843133355E-15 ) ) ;
#1284 = ADVANCED_FACE ( 'NONE', ( #2111 ), #1168, .T. ) ;
#1285 = VECTOR ( 'NONE', #1879, 39.37007874015748143 ) ;
#1286 = CIRCLE ( 'NONE', #1761, 0.1005000000000004778 ) ;
#1287 = LINE ( 'NONE', #711, #1798 ) ;
#1288 = AXIS2_PLACEMENT_3D ( 'NONE', #1538, #2452, #1115 ) ;
#1289 = LINE ( 'NONE', #1488, #2744 ) ;
#1290 = CC_DESIGN_SECURITY_CLASSIFICATION ( #548, ( #1148 ) ) ;
#1291 = VECTOR ( 'NONE', #910, 39.37007874015748143 ) ;
#1292 = ORIENTED_EDGE ( 'NONE', *, *, #2328, .F. ) ;
#1293 = EDGE_LOOP ( 'NONE', ( #693, #1195, #1081, #880 ) ) ;
#1294 = ADVANCED_FACE ( 'NONE', ( #274 ), #2732, .F. ) ;
#1295 = ORIENTED_EDGE ( 'NONE', *, *, #188, .T. ) ;
#1296 = ORIENTED_EDGE ( 'NONE', *, *, #2633, .T. ) ;
#1297 = CARTESIAN_POINT ( 'NONE',  ( -1.092739197465705287E-15, 0.1549999999999999989, 0.1549999999999999156 ) ) ;
#1298 = DIRECTION ( 'NONE',  ( 0.000000000000000000, 0.000000000000000000, 1.000000000000000000 ) ) ;
#1299 = COORDINATED_UNIVERSAL_TIME_OFFSET ( 5, 0, .BEHIND. ) ;
#1300 = DIRECTION ( 'NONE',  ( 0.000000000000000000, -3.491481338843132961E-15, 1.000000000000000000 ) ) ;
#1301 = CARTESIAN_POINT ( 'NONE',  ( 2.250000000000000444, 0.5000000000000000000, 0.000000000000000000 ) ) ;
#1302 = EDGE_CURVE ( 'NONE', #2068, #63, #2001, .T. ) ;
#1303 = EDGE_CURVE ( 'NONE', #675, #2343, #2459, .T. ) ;
#1304 = FACE_BOUND ( 'NONE', #364, .T. ) ;
#1305 = ORIENTED_EDGE ( 'NONE', *, *, #2722, .F. ) ;
#1306 = ORIENTED_EDGE ( 'NONE', *, *, #1701, .F. ) ;
#1307 = ADVANCED_FACE ( 'NONE', ( #931 ), #1419, .F. ) ;
#1308 = EDGE_CURVE ( 'NONE', #2756, #1542, #2045, .T. ) ;
#1309 = EDGE_LOOP ( 'NONE', ( #2213, #1215, #2453, #1592 ) ) ;
#1310 = ORIENTED_EDGE ( 'NONE', *, *, #2015, .T. ) ;
#1311 = CARTESIAN_POINT ( 'NONE',  ( 0.2500000000000003331, 1.000000000000000000, 0.1250000000000000278 ) ) ;
#1312 = FACE_OUTER_BOUND ( 'NONE', #2073, .T. ) ;
#1313 = DIRECTION ( 'NONE',  ( 0.000000000000000000, 3.491481338843132961E-15, -1.000000000000000000 ) ) ;
#1314 = LINE ( 'NONE', #1269, #2255 ) ;
#1315 = DIRECTION ( 'NONE',  ( -1.000000000000000000, 0.000000000000000000, -0.000000000000000000 ) ) ;
#1316 = DIRECTION ( 'NONE',  ( 0.000000000000000000, 0.000000000000000000, -1.000000000000000000 ) ) ;
#1317 = DIRECTION ( 'NONE',  ( -1.000000000000000000, 0.000000000000000000, 0.000000000000000000 ) ) ;
#1318 = ADVANCED_FACE ( 'NONE', ( #2767 ), #1107, .T. ) ;
#1319 = VECTOR ( 'NONE', #112, 39.37007874015748143 ) ;
#1320 = ORIENTED_EDGE ( 'NONE', *, *, #1957, .F. ) ;
#1321 = LINE ( 'NONE', #466, #1382 ) ;
#1322 = ADVANCED_FACE ( 'NONE', ( #1560 ), #510, .T. ) ;
#1323 = CARTESIAN_POINT ( 'NONE',  ( 2.250000000000000444, 1.000000000000000000, 0.000000000000000000 ) ) ;
#1324 = AXIS2_PLACEMENT_3D ( 'NONE', #725, #2060, #1153 ) ;
#1325 = ORIENTED_EDGE ( 'NONE', *, *, #2380, .T. ) ;
#1326 = CIRCLE ( 'NONE', #1842, 0.1005000000000004778 ) ;
#1327 = DIRECTION ( 'NONE',  ( 0.000000000000000000, 0.000000000000000000, -1.000000000000000000 ) ) ;
#1328 = PLANE ( 'NONE',  #268 ) ;
#1329 = CARTESIAN_POINT ( 'NONE',  ( 2.750000000000000000, 0.1249999999999982514, 0.6550000000000001377 ) ) ;
#1330 = CARTESIAN_POINT ( 'NONE',  ( 3.250000000000000000, -2.100983995494903470E-15, 0.7554999999999996163 ) ) ;
#1331 = CARTESIAN_POINT ( 'NONE',  ( 4.000000000000000000, 0.1249999999999974742, 0.8804999999999999494 ) ) ;
#1332 = CARTESIAN_POINT ( 'NONE',  ( 0.1249999999999991118, -3.055208049546744344E-15, 1.029999999999999583 ) ) ;
#1333 = AXIS2_PLACEMENT_3D ( 'NONE', #614, #193, #1075 ) ;
#1334 = CARTESIAN_POINT ( 'NONE',  ( 2.500000000000000000, 1.419999999999999929, 1.155000000000000027 ) ) ;
#1335 = VECTOR ( 'NONE', #1122, 39.37007874015748143 ) ;
#1336 = AXIS2_PLACEMENT_3D ( 'NONE', #1774, #303, #1157 ) ;
#1337 = VERTEX_POINT ( 'NONE', #2310 ) ;
#1338 = VERTEX_POINT ( 'NONE', #741 ) ;
#1339 = EDGE_CURVE ( 'NONE', #2115, #810, #1568, .T. ) ;
#1340 = CYLINDRICAL_SURFACE ( 'NONE', #642, 0.1005000000000004778 ) ;
#1341 = VECTOR ( 'NONE', #559, 39.37007874015748143 ) ;
#1342 = EDGE_LOOP ( 'NONE', ( #666, #1463 ) ) ;
#1343 = CARTESIAN_POINT ( 'NONE',  ( 3.750000000000000000, 0.5000000000000000000, 0.1250000000000000278 ) ) ;
#1344 = CARTESIAN_POINT ( 'NONE',  ( 0.000000000000000000, 0.1549999999999999989, 0.000000000000000000 ) ) ;
#1345 = PLANE ( 'NONE',  #1098 ) ;
#1346 = CYLINDRICAL_SURFACE ( 'NONE', #457, 0.1005000000000004778 ) ;
#1347 = CARTESIAN_POINT ( 'NONE',  ( -9.561467977824920278E-16, -3.491643216902136408E-15, 1.154999999999999805 ) ) ;
#1348 = EDGE_CURVE ( 'NONE', #2115, #1070, #58, .T. ) ;
#1349 = VERTEX_POINT ( 'NONE', #1852 ) ;
#1350 = ORIENTED_EDGE ( 'NONE', *, *, #2471, .F. ) ;
#1351 = VERTEX_POINT ( 'NONE', #2322 ) ;
#1352 = ADVANCED_FACE ( 'NONE', ( #2533 ), #78, .F. ) ;
#1353 = VERTEX_POINT ( 'NONE', #1137 ) ;
#1354 = LINE ( 'NONE', #707, #446 ) ;
#1355 = CARTESIAN_POINT ( 'NONE',  ( -1.068027530443158561E-15, -1.376232686530238895E-17, 0.1549999999999994438 ) ) ;
#1356 = LINE ( 'NONE', #900, #993 ) ;
#1357 = EDGE_CURVE ( 'NONE', #63, #2068, #2892, .T. ) ;
#1358 = CARTESIAN_POINT ( 'NONE',  ( 3.750000000000000000, 1.000000000000000000, 0.000000000000000000 ) ) ;
#1359 = ORIENTED_EDGE ( 'NONE', *, *, #1674, .F. ) ;
#1360 = CARTESIAN_POINT ( 'NONE',  ( 1.749999999999999556, -2.100983995494903470E-15, 0.7554999999999996163 ) ) ;
#1361 = CARTESIAN_POINT ( 'NONE',  ( 1.249999999999999556, 0.1249999999999992784, 0.3600000000000000422 ) ) ;
#1362 = VERTEX_POINT ( 'NONE', #1385 ) ;
#1363 = ORIENTED_EDGE ( 'NONE', *, *, #1612, .T. ) ;
#1364 = LINE ( 'NONE', #34, #1291 ) ;
#1365 = AXIS2_PLACEMENT_3D ( 'NONE', #1981, #2615, #1484 ) ;
#1366 = CIRCLE ( 'NONE', #1702, 0.1250000000000000000 ) ;
#1367 = CARTESIAN_POINT ( 'NONE',  ( 0.1249999999999999029, 1.669999999999999929, 0.000000000000000000 ) ) ;
#1368 = EDGE_CURVE ( 'NONE', #1275, #282, #270, .T. ) ;
#1369 = AXIS2_PLACEMENT_3D ( 'NONE', #1832, #252, #1136 ) ;
#1370 = CARTESIAN_POINT ( 'NONE',  ( 4.000000000000000000, 0.1249999999999985983, 0.5545000000000003260 ) ) ;
#1371 = EDGE_CURVE ( 'NONE', #554, #471, #314, .T. ) ;
#1372 = EDGE_LOOP ( 'NONE', ( #2331, #338 ) ) ;
#1373 = EDGE_LOOP ( 'NONE', ( #1697, #1072 ) ) ;
#1374 = CARTESIAN_POINT ( 'NONE',  ( 1.750000000000000222, 1.000000000000000000, 0.000000000000000000 ) ) ;
#1375 = DIRECTION ( 'NONE',  ( -0.000000000000000000, -0.000000000000000000, -1.000000000000000000 ) ) ;
#1376 = CARTESIAN_POINT ( 'NONE',  ( 0.1249999999999991118, 0.1249999999999965167, 1.155000000000000027 ) ) ;
#1377 = AXIS2_PLACEMENT_3D ( 'NONE', #2094, #288, #2074 ) ;
#1378 = EDGE_CURVE ( 'NONE', #1807, #417, #726, .T. ) ;
#1379 = ORIENTED_EDGE ( 'NONE', *, *, #778, .T. ) ;
#1380 = CIRCLE ( 'NONE', #123, 0.1005000000000002003 ) ;
#1381 = EDGE_LOOP ( 'NONE', ( #585, #1708, #1388, #829 ) ) ;
#1382 = VECTOR ( 'NONE', #2719, 39.37007874015748143 ) ;
#1383 = ORIENTED_EDGE ( 'NONE', *, *, #1159, .T. ) ;
#1384 = CARTESIAN_POINT ( 'NONE',  ( 3.250000000000000000, 1.000000000000000000, 0.1250000000000000278 ) ) ;
#1385 = CARTESIAN_POINT ( 'NONE',  ( 1.850500000000000700, 0.5000000000000000000, 0.1250000000000000278 ) ) ;
#1386 = DIRECTION ( 'NONE',  ( -1.000000000000000000, 0.000000000000000000, 0.000000000000000000 ) ) ;
#1387 = ADVANCED_FACE ( 'NONE', ( #1166 ), #2062, .F. ) ;
#1388 = ORIENTED_EDGE ( 'NONE', *, *, #2262, .F. ) ;
#1389 = DIRECTION ( 'NONE',  ( 3.503246160812042677E-46, 1.000000000000000000, 3.491481338843133355E-15 ) ) ;
#1390 = ORIENTED_EDGE ( 'NONE', *, *, #2189, .F. ) ;
#1391 = CARTESIAN_POINT ( 'NONE',  ( 3.149499999999999744, 1.000000000000000000, 0.000000000000000000 ) ) ;
#1392 = EDGE_CURVE ( 'NONE', #1884, #42, #682, .T. ) ;
#1393 = EDGE_CURVE ( 'NONE', #2823, #2083, #2387, .T. ) ;
#1394 = EDGE_LOOP ( 'NONE', ( #2795, #2691 ) ) ;
#1395 = FACE_OUTER_BOUND ( 'NONE', #716, .T. ) ;
#1396 = DIRECTION ( 'NONE',  ( -0.000000000000000000, -0.000000000000000000, -1.000000000000000000 ) ) ;
#1397 = LINE ( 'NONE', #2527, #1335 ) ;
#1398 = DIRECTION ( 'NONE',  ( 0.000000000000000000, 3.491481338843133355E-15, -1.000000000000000000 ) ) ;
#1399 = CARTESIAN_POINT ( 'NONE',  ( 0.2500000000000003331, 1.000000000000000000, 0.1250000000000000278 ) ) ;
#1400 = EDGE_LOOP ( 'NONE', ( #937, #277 ) ) ;
#1401 = DIRECTION ( 'NONE',  ( -0.000000000000000000, -0.000000000000000000, -1.000000000000000000 ) ) ;
#1402 = CARTESIAN_POINT ( 'NONE',  ( 3.875000000000000000, -3.059395623007344033E-15, 1.029999999999999583 ) ) ;
#1403 = CARTESIAN_POINT ( 'NONE',  ( 3.250000000000000000, 1.000000000000000000, 1.155000000000000027 ) ) ;
#1404 = EDGE_CURVE ( 'NONE', #178, #2648, #1904, .T. ) ;
#1405 = ORIENTED_EDGE ( 'NONE', *, *, #1591, .F. ) ;
#1406 = ORIENTED_EDGE ( 'NONE', *, *, #705, .T. ) ;
#1407 = LINE ( 'NONE', #1448, #1955 ) ;
#1408 = ORIENTED_EDGE ( 'NONE', *, *, #2191, .F. ) ;
#1409 = FACE_OUTER_BOUND ( 'NONE', #846, .T. ) ;
#1410 = AXIS2_PLACEMENT_3D ( 'NONE', #2461, #1151, #686 ) ;
#1411 = DIRECTION ( 'NONE',  ( -0.000000000000000000, 1.000000000000000000, 3.491481338843132961E-15 ) ) ;
#1412 = COORDINATED_UNIVERSAL_TIME_OFFSET ( 5, 0, .BEHIND. ) ;
#1413 = DIRECTION ( 'NONE',  ( -3.503246160812042677E-46, -1.000000000000000000, -3.491481338843132961E-15 ) ) ;
#1414 = AXIS2_PLACEMENT_3D ( 'NONE', #2319, #333, #1256 ) ;
#1415 = CARTESIAN_POINT ( 'NONE',  ( 1.249999999999999556, -1.750090120941169025E-15, 0.6549999999999996936 ) ) ;
#1416 = CIRCLE ( 'NONE', #2139, 0.1005000000000004778 ) ;
#1417 = DIRECTION ( 'NONE',  ( 0.000000000000000000, 0.000000000000000000, 1.000000000000000000 ) ) ;
#1418 = VERTEX_POINT ( 'NONE', #1882 ) ;
#1419 = CYLINDRICAL_SURFACE ( 'NONE', #2838, 0.1005000000000002003 ) ;
#1420 = DIRECTION ( 'NONE',  ( -1.000000000000000000, 0.000000000000000000, 0.000000000000000000 ) ) ;
#1421 = ORIENTED_EDGE ( 'NONE', *, *, #31, .T. ) ;
#1422 = ORIENTED_EDGE ( 'NONE', *, *, #507, .F. ) ;
#1423 = CARTESIAN_POINT ( 'NONE',  ( 0.3505000000000008109, 0.5000000000000000000, 0.000000000000000000 ) ) ;
#1424 = AXIS2_PLACEMENT_3D ( 'NONE', #1093, #2643, #197 ) ;
#1425 = VECTOR ( 'NONE', #1248, 39.37007874015748143 ) ;
#1426 = AXIS2_PLACEMENT_3D ( 'NONE', #100, #317, #2363 ) ;
#1427 = ORIENTED_EDGE ( 'NONE', *, *, #1964, .T. ) ;
#1428 = CARTESIAN_POINT ( 'NONE',  ( 3.600500000000000700, 1.419999999999999929, 1.155000000000000027 ) ) ;
#1429 = CARTESIAN_POINT ( 'NONE',  ( 0.000000000000000000, 0.000000000000000000, 0.000000000000000000 ) ) ;
#1430 = DIRECTION ( 'NONE',  ( -0.000000000000000000, -0.000000000000000000, -1.000000000000000000 ) ) ;
#1431 = AXIS2_PLACEMENT_3D ( 'NONE', #2417, #179, #1282 ) ;
#1432 = APPLICATION_PROTOCOL_DEFINITION ( 'international standard', 'config_control_design', 1994, #2008 ) ;
#1433 = CARTESIAN_POINT ( 'NONE',  ( 2.750000000000000000, 0.5000000000000000000, 0.1250000000000000278 ) ) ;
#1434 = DIRECTION ( 'NONE',  ( 0.000000000000000000, 3.491481338843133750E-15, -1.000000000000000000 ) ) ;
#1435 = CC_DESIGN_DATE_AND_TIME_ASSIGNMENT ( #1225, #99, ( #1164 ) ) ;
#1436 = EDGE_CURVE ( 'NONE', #1748, #63, #148, .T. ) ;
#1437 = CARTESIAN_POINT ( 'NONE',  ( 3.750000000000000000, -2.100983995494903075E-15, 0.7554999999999995053 ) ) ;
#1438 = VERTEX_POINT ( 'NONE', #785 ) ;
#1439 = CARTESIAN_POINT ( 'NONE',  ( 2.350500000000000700, 0.5000000000000000000, 0.1250000000000000278 ) ) ;
#1440 = ORIENTED_EDGE ( 'NONE', *, *, #2091, .T. ) ;
#1441 = CYLINDRICAL_SURFACE ( 'NONE', #1274, 0.1004999999999997840 ) ;
#1442 = CARTESIAN_POINT ( 'NONE',  ( 1.149499999999999522, 1.000000000000000000, 0.1250000000000000278 ) ) ;
#1443 = LINE ( 'NONE', #558, #862 ) ;
#1444 = CARTESIAN_POINT ( 'NONE',  ( -6.829619984160658046E-16, -1.750090120941169419E-15, 0.6549999999999998046 ) ) ;
#1445 = DIRECTION ( 'NONE',  ( -0.000000000000000000, -0.000000000000000000, -1.000000000000000000 ) ) ;
#1446 = EDGE_CURVE ( 'NONE', #2811, #795, #988, .T. ) ;
#1447 = EDGE_LOOP ( 'NONE', ( #1406, #395, #1692, #1250 ) ) ;
#1448 = CARTESIAN_POINT ( 'NONE',  ( 0.1249999999999991118, -3.491643216902136408E-15, 1.154999999999999805 ) ) ;
#1449 = ORIENTED_EDGE ( 'NONE', *, *, #215, .T. ) ;
#1450 = DIRECTION ( 'NONE',  ( -0.000000000000000000, 1.000000000000000000, 3.491481338843133355E-15 ) ) ;
#1451 = LINE ( 'NONE', #735, #2007 ) ;
#1452 = FACE_OUTER_BOUND ( 'NONE', #743, .T. ) ;
#1453 = VECTOR ( 'NONE', #1606, 39.37007874015748143 ) ;
#1454 = CYLINDRICAL_SURFACE ( 'NONE', #1226, 0.1005000000000002003 ) ;
#1455 = DIRECTION ( 'NONE',  ( 1.000000000000000000, 0.000000000000000000, 0.000000000000000000 ) ) ;
#1456 = CIRCLE ( 'NONE', #991, 0.1250000000000000278 ) ;
#1457 = DIRECTION ( 'NONE',  ( 0.000000000000000000, 3.491481338843133750E-15, -1.000000000000000000 ) ) ;
#1458 = CYLINDRICAL_SURFACE ( 'NONE', #753, 0.1005000000000002003 ) ;
#1459 = EDGE_CURVE ( 'NONE', #156, #1885, #320, .T. ) ;
#1460 = VECTOR ( 'NONE', #2042, 39.37007874015748143 ) ;
#1461 = VERTEX_POINT ( 'NONE', #2776 ) ;
#1462 = VERTEX_POINT ( 'NONE', #1938 ) ;
#1463 = ORIENTED_EDGE ( 'NONE', *, *, #1482, .F. ) ;
#1464 = AXIS2_PLACEMENT_3D ( 'NONE', #1329, #603, #812 ) ;
#1465 = VERTEX_POINT ( 'NONE', #1023 ) ;
#1466 = DIRECTION ( 'NONE',  ( 0.000000000000000000, 3.551402391763542381E-15, -1.000000000000000000 ) ) ;
#1467 = LINE ( 'NONE', #1669, #860 ) ;
#1468 = FACE_BOUND ( 'NONE', #949, .T. ) ;
#1469 = CALENDAR_DATE ( 2025, 22, 9 ) ;
#1470 = AXIS2_PLACEMENT_3D ( 'NONE', #2474, #1389, #491 ) ;
#1471 = AXIS2_PLACEMENT_3D ( 'NONE', #196, #1788, #1078 ) ;
#1472 = FACE_BOUND ( 'NONE', #1280, .T. ) ;
#1473 = FACE_OUTER_BOUND ( 'NONE', #581, .T. ) ;
#1474 = AXIS2_PLACEMENT_3D ( 'NONE', #1220, #1886, #327 ) ;
#1475 = DIRECTION ( 'NONE',  ( 0.000000000000000000, -3.491481338843132566E-15, 1.000000000000000000 ) ) ;
#1476 = ORIENTED_EDGE ( 'NONE', *, *, #2619, .F. ) ;
#1477 = CARTESIAN_POINT ( 'NONE',  ( 0.2499999999999991673, -2.100983995494903864E-15, 0.7554999999999996163 ) ) ;
#1478 = ORIENTED_EDGE ( 'NONE', *, *, #184, .T. ) ;
#1479 = EDGE_LOOP ( 'NONE', ( #2163, #1201, #2326, #2904 ) ) ;
#1480 = CARTESIAN_POINT ( 'NONE',  ( 1.749999999999999556, -1.399196246387433989E-15, 0.5544999999999998819 ) ) ;
#1481 = DIRECTION ( 'NONE',  ( -0.000000000000000000, -0.000000000000000000, -1.000000000000000000 ) ) ;
#1482 = EDGE_CURVE ( 'NONE', #1748, #92, #2897, .T. ) ;
#1483 = DATE_AND_TIME ( #195, #504 ) ;
#1484 = DIRECTION ( 'NONE',  ( 0.000000000000000000, 3.472688127539317590E-15, -1.000000000000000000 ) ) ;
#1485 = PLANE ( 'NONE',  #2563 ) ;
#1486 = CARTESIAN_POINT ( 'NONE',  ( 1.250000000000000000, 0.5000000000000000000, 0.1250000000000000278 ) ) ;
#1487 = DIRECTION ( 'NONE',  ( 1.000000000000000000, 0.000000000000000000, 0.000000000000000000 ) ) ;
#1488 = CARTESIAN_POINT ( 'NONE',  ( 2.649499999999999744, 1.000000000000000000, 1.155000000000000027 ) ) ;
#1489 = EDGE_LOOP ( 'NONE', ( #520, #1125 ) ) ;
#1490 = ORIENTED_EDGE ( 'NONE', *, *, #461, .T. ) ;
#1491 = CARTESIAN_POINT ( 'NONE',  ( 2.399499999999999744, 1.419999999999999929, 0.1250000000000000278 ) ) ;
#1492 = ORIENTED_EDGE ( 'NONE', *, *, #889, .F. ) ;
#1493 = EDGE_CURVE ( 'NONE', #2581, #2819, #1619, .T. ) ;
#1494 = VERTEX_POINT ( 'NONE', #802 ) ;
#1495 = DIRECTION ( 'NONE',  ( -0.000000000000000000, 1.000000000000000000, 3.491481338843133355E-15 ) ) ;
#1496 = CARTESIAN_POINT ( 'NONE',  ( 4.000000000000000000, 1.544999999999999485, 0.000000000000000000 ) ) ;
#1497 = DIRECTION ( 'NONE',  ( 1.000000000000000000, 0.000000000000000000, -0.000000000000000000 ) ) ;
#1498 = DIRECTION ( 'NONE',  ( 0.000000000000000000, 1.000000000000000000, 3.491481338843132961E-15 ) ) ;
#1499 = FACE_OUTER_BOUND ( 'NONE', #2891, .T. ) ;
#1500 = CYLINDRICAL_SURFACE ( 'NONE', #1608, 0.1549999999999999989 ) ;
#1501 = DIRECTION ( 'NONE',  ( -1.000000000000000000, 0.000000000000000000, 0.000000000000000000 ) ) ;
#1502 = PRODUCT ( 'am-5748 AM14U6 2026 Front Back Bumper Bracket', 'am-5748 AM14U6 2026 Front Back Bumper Bracket', '', ( #560 ) ) ;
#1503 = AXIS2_PLACEMENT_3D ( 'NONE', #1123, #2088, #2528 ) ;
#1504 = VERTEX_POINT ( 'NONE', #751 ) ;
#1505 = ORIENTED_EDGE ( 'NONE', *, *, #2273, .T. ) ;
#1506 = CIRCLE ( 'NONE', #2374, 0.1005000000000004778 ) ;
#1507 = DIRECTION ( 'NONE',  ( -0.000000000000000000, -0.000000000000000000, -1.000000000000000000 ) ) ;
#1508 = DIRECTION ( 'NONE',  ( 0.000000000000000000, 0.000000000000000000, -1.000000000000000000 ) ) ;
#1509 = ORIENTED_EDGE ( 'NONE', *, *, #2396, .T. ) ;
#1510 = ORIENTED_EDGE ( 'NONE', *, *, #2351, .F. ) ;
#1511 = LINE ( 'NONE', #2180, #1902 ) ;
#1512 = FACE_OUTER_BOUND ( 'NONE', #701, .T. ) ;
#1513 = APPROVAL_DATE_TIME ( #1483, #2608 ) ;
#1514 = EDGE_CURVE ( 'NONE', #685, #1579, #561, .T. ) ;
#1515 = DIRECTION ( 'NONE',  ( 0.000000000000000000, 3.491481338843132961E-15, -1.000000000000000000 ) ) ;
#1516 = VECTOR ( 'NONE', #1603, 39.37007874015748143 ) ;
#1517 = CIRCLE ( 'NONE', #1664, 0.1549999999999999989 ) ;
#1518 = DIRECTION ( 'NONE',  ( -0.000000000000000000, -0.000000000000000000, 1.000000000000000000 ) ) ;
#1519 = VECTOR ( 'NONE', #2534, 39.37007874015748143 ) ;
#1520 = AXIS2_PLACEMENT_3D ( 'NONE', #918, #2716, #40 ) ;
#1521 = EDGE_CURVE ( 'NONE', #292, #1943, #1766, .T. ) ;
#1522 = CYLINDRICAL_SURFACE ( 'NONE', #2249, 0.1005000000000004778 ) ;
#1523 =( GEOMETRIC_REPRESENTATION_CONTEXT ( 3 ) GLOBAL_UNCERTAINTY_ASSIGNED_CONTEXT ( ( #1993 ) ) GLOBAL_UNIT_ASSIGNED_CONTEXT ( ( #1239, #2599, #2334 ) ) REPRESENTATION_CONTEXT ( 'NONE', 'WORKASPACE' ) );
#1524 = CIRCLE ( 'NONE', #2392, 0.1005000000000002003 ) ;
#1525 = ADVANCED_FACE ( 'NONE', ( #1009 ), #2588, .F. ) ;
#1526 = ORIENTED_EDGE ( 'NONE', *, *, #775, .F. ) ;
#1527 = VERTEX_POINT ( 'NONE', #1912 ) ;
#1528 = CARTESIAN_POINT ( 'NONE',  ( 0.7500000000000004441, 1.000000000000000000, 0.000000000000000000 ) ) ;
#1529 = ORIENTED_EDGE ( 'NONE', *, *, #1404, .T. ) ;
#1530 = ORIENTED_EDGE ( 'NONE', *, *, #2500, .T. ) ;
#1531 = DIRECTION ( 'NONE',  ( -0.000000000000000000, -0.000000000000000000, -1.000000000000000000 ) ) ;
#1532 = CARTESIAN_POINT ( 'NONE',  ( 1.250000000000000000, 1.000000000000000000, 0.1250000000000000278 ) ) ;
#1533 = DIRECTION ( 'NONE',  ( 0.000000000000000000, 0.000000000000000000, -1.000000000000000000 ) ) ;
#1534 = DIRECTION ( 'NONE',  ( -1.000000000000000000, 0.000000000000000000, 0.000000000000000000 ) ) ;
#1535 = EDGE_CURVE ( 'NONE', #1862, #328, #866, .T. ) ;
#1536 = CARTESIAN_POINT ( 'NONE',  ( 2.750000000000000000, 0.5000000000000000000, 0.1250000000000000278 ) ) ;
#1537 = EDGE_CURVE ( 'NONE', #1572, #2178, #2747, .T. ) ;
#1538 = CARTESIAN_POINT ( 'NONE',  ( 2.500000000000000000, 1.419999999999999929, 0.000000000000000000 ) ) ;
#1539 = EDGE_LOOP ( 'NONE', ( #2011, #339 ) ) ;
#1540 = EDGE_LOOP ( 'NONE', ( #1898, #2432, #1217, #744 ) ) ;
#1541 = CARTESIAN_POINT ( 'NONE',  ( 0.1494999999999999107, 1.000000000000000000, 0.000000000000000000 ) ) ;
#1542 = VERTEX_POINT ( 'NONE', #345 ) ;
#1543 = VERTEX_POINT ( 'NONE', #576 ) ;
#1544 = DIRECTION ( 'NONE',  ( -1.000000000000000000, 0.000000000000000000, 0.000000000000000000 ) ) ;
#1545 = CYLINDRICAL_SURFACE ( 'NONE', #2384, 0.1005000000000007415 ) ;
#1546 = DIRECTION ( 'NONE',  ( 0.000000000000000000, 0.000000000000000000, 1.000000000000000000 ) ) ;
#1547 = CARTESIAN_POINT ( 'NONE',  ( 1.749999999999999556, 0.1249999999999979045, 0.7555000000000000604 ) ) ;
#1548 = FACE_BOUND ( 'NONE', #1342, .T. ) ;
#1549 = CARTESIAN_POINT ( 'NONE',  ( 4.000000000000000000, -1.408609121733135679E-15, 0.5544999999999998819 ) ) ;
#1550 = CARTESIAN_POINT ( 'NONE',  ( 1.750000000000000222, 1.000000000000000000, 0.1250000000000000278 ) ) ;
#1551 = DIRECTION ( 'NONE',  ( -1.000000000000000000, 0.000000000000000000, 0.000000000000000000 ) ) ;
#1552 = ADVANCED_FACE ( 'NONE', ( #1892, #2109, #1472, #2807, #88, #1259, #2173, #2376, #975, #1658, #2558, #2352, #2789, #1675, #1999, #1742, #388, #1548, #2405, #2462, #208 ), #1485, .T. ) ;
#1553 = ORIENTED_EDGE ( 'NONE', *, *, #167, .T. ) ;
#1554 = AXIS2_PLACEMENT_3D ( 'NONE', #2554, #96, #1906 ) ;
#1555 = ORIENTED_EDGE ( 'NONE', *, *, #2221, .F. ) ;
#1556 = DIRECTION ( 'NONE',  ( 0.000000000000000000, 0.000000000000000000, -1.000000000000000000 ) ) ;
#1557 = AXIS2_PLACEMENT_3D ( 'NONE', #1176, #955, #1863 ) ;
#1558 = ORIENTED_EDGE ( 'NONE', *, *, #1092, .T. ) ;
#1559 = VECTOR ( 'NONE', #2590, 39.37007874015748143 ) ;
#1560 = FACE_OUTER_BOUND ( 'NONE', #2839, .T. ) ;
#1561 = DIRECTION ( 'NONE',  ( -1.000000000000000000, 0.000000000000000000, 0.000000000000000000 ) ) ;
#1562 = EDGE_CURVE ( 'NONE', #2824, #2146, #1091, .T. ) ;
#1563 = ADVANCED_FACE ( 'NONE', ( #2674 ), #2247, .F. ) ;
#1564 = DIRECTION ( 'NONE',  ( 0.000000000000000000, 0.000000000000000000, 1.000000000000000000 ) ) ;
#1565 = PLANE ( 'NONE',  #1663 ) ;
#1566 = CARTESIAN_POINT ( 'NONE',  ( 3.250000000000000000, -1.750090120941168630E-15, 0.6549999999999996936 ) ) ;
#1567 = CIRCLE ( 'NONE', #313, 0.1005000000000004778 ) ;
#1568 = CIRCLE ( 'NONE', #1377, 0.1005000000000004778 ) ;
#1569 = VECTOR ( 'NONE', #2713, 39.37007874015748143 ) ;
#1570 = VECTOR ( 'NONE', #2693, 39.37007874015748143 ) ;
#1571 = EDGE_LOOP ( 'NONE', ( #1773, #1649, #2454, #1161 ) ) ;
#1572 = VERTEX_POINT ( 'NONE', #1331 ) ;
#1573 = LOCAL_TIME ( 17, 26, 45.00000000000000000, #1673 ) ;
#1574 = AXIS2_PLACEMENT_3D ( 'NONE', #117, #1212, #2601 ) ;
#1575 = FACE_OUTER_BOUND ( 'NONE', #807, .T. ) ;
#1576 = ADVANCED_FACE ( 'NONE', ( #225 ), #856, .F. ) ;
#1577 = ORIENTED_EDGE ( 'NONE', *, *, #1339, .T. ) ;
#1578 = FACE_OUTER_BOUND ( 'NONE', #2494, .T. ) ;
#1579 = VERTEX_POINT ( 'NONE', #2449 ) ;
#1580 = DIRECTION ( 'NONE',  ( 0.000000000000000000, 0.000000000000000000, 1.000000000000000000 ) ) ;
#1581 = EDGE_CURVE ( 'NONE', #2316, #1462, #1314, .T. ) ;
#1582 = DIRECTION ( 'NONE',  ( -0.000000000000000000, -0.000000000000000000, -1.000000000000000000 ) ) ;
#1583 = CARTESIAN_POINT ( 'NONE',  ( 2.249999999999999556, -2.100983995494903470E-15, 0.7554999999999996163 ) ) ;
#1584 = DIRECTION ( 'NONE',  ( -0.000000000000000000, -0.000000000000000000, -1.000000000000000000 ) ) ;
#1585 = VERTEX_POINT ( 'NONE', #2902 ) ;
#1586 = VERTEX_POINT ( 'NONE', #434 ) ;
#1587 = CARTESIAN_POINT ( 'NONE',  ( 1.500000000000000444, 1.419999999999999929, 1.155000000000000027 ) ) ;
#1588 = DIRECTION ( 'NONE',  ( -0.000000000000000000, -0.000000000000000000, -1.000000000000000000 ) ) ;
#1589 = ORIENTED_EDGE ( 'NONE', *, *, #51, .T. ) ;
#1590 = ORIENTED_EDGE ( 'NONE', *, *, #1371, .F. ) ;
#1591 = EDGE_CURVE ( 'NONE', #1943, #1621, #2848, .T. ) ;
#1592 = ORIENTED_EDGE ( 'NONE', *, *, #2035, .F. ) ;
#1593 = CARTESIAN_POINT ( 'NONE',  ( 0.8505000000000009219, 0.5000000000000000000, 0.000000000000000000 ) ) ;
#1594 = DIRECTION ( 'NONE',  ( 0.000000000000000000, 0.000000000000000000, -1.000000000000000000 ) ) ;
#1595 = CARTESIAN_POINT ( 'NONE',  ( 3.875000000000000000, -2.091571120149201188E-15, 0.7554999999999996163 ) ) ;
#1596 = DIRECTION ( 'NONE',  ( -1.000000000000000000, 0.000000000000000000, 0.000000000000000000 ) ) ;
#1597 = CC_DESIGN_PERSON_AND_ORGANIZATION_ASSIGNMENT ( #1867, #1255, ( #548 ) ) ;
#1598 = ORIENTED_EDGE ( 'NONE', *, *, #2878, .T. ) ;
#1599 = ORIENTED_EDGE ( 'NONE', *, *, #189, .F. ) ;
#1600 = AXIS2_PLACEMENT_3D ( 'NONE', #2058, #1787, #1828 ) ;
#1601 = EDGE_LOOP ( 'NONE', ( #2165, #1076, #2827, #1476 ) ) ;
#1602 = DIRECTION ( 'NONE',  ( 0.000000000000000000, -1.000000000000000000, -3.491481338843133355E-15 ) ) ;
#1603 = DIRECTION ( 'NONE',  ( -1.000000000000000000, -0.000000000000000000, -0.000000000000000000 ) ) ;
#1604 = CIRCLE ( 'NONE', #488, 0.1005000000000004778 ) ;
#1605 = ORIENTED_EDGE ( 'NONE', *, *, #582, .F. ) ;
#1606 = DIRECTION ( 'NONE',  ( 0.000000000000000000, 0.000000000000000000, 1.000000000000000000 ) ) ;
#1607 = CARTESIAN_POINT ( 'NONE',  ( 2.250000000000000444, 0.5000000000000000000, 1.155000000000000027 ) ) ;
#1608 = AXIS2_PLACEMENT_3D ( 'NONE', #379, #2662, #2836 ) ;
#1609 = AXIS2_PLACEMENT_3D ( 'NONE', #2119, #2773, #1224 ) ;
#1610 = EDGE_LOOP ( 'NONE', ( #2375, #2117 ) ) ;
#1611 = DIRECTION ( 'NONE',  ( -1.000000000000000000, 0.000000000000000000, 0.000000000000000000 ) ) ;
#1612 = EDGE_CURVE ( 'NONE', #1754, #1189, #2437, .T. ) ;
#1613 = ADVANCED_FACE ( 'NONE', ( #1046 ), #2016, .F. ) ;
#1614 = AXIS2_PLACEMENT_3D ( 'NONE', #1933, #630, #2638 ) ;
#1615 = AXIS2_PLACEMENT_3D ( 'NONE', #613, #1495, #1466 ) ;
#1616 = ORIENTED_EDGE ( 'NONE', *, *, #936, .F. ) ;
#1617 = CIRCLE ( 'NONE', #1805, 0.1250000000000000278 ) ;
#1618 = EDGE_LOOP ( 'NONE', ( #464, #942, #1526, #608 ) ) ;
#1619 = CIRCLE ( 'NONE', #2517, 0.1250000000000000000 ) ;
#1620 = VECTOR ( 'NONE', #2169, 39.37007874015748143 ) ;
#1621 = VERTEX_POINT ( 'NONE', #1970 ) ;
#1622 = DIRECTION ( 'NONE',  ( 0.000000000000000000, -1.000000000000000000, -3.491481338843133355E-15 ) ) ;
#1623 = CARTESIAN_POINT ( 'NONE',  ( 0.6494999999999999662, 0.5000000000000000000, 0.000000000000000000 ) ) ;
#1624 = CARTESIAN_POINT ( 'NONE',  ( 0.000000000000000000, 0.1549999999999999989, 0.000000000000000000 ) ) ;
#1625 = CARTESIAN_POINT ( 'NONE',  ( 3.875000000000000000, -9.627610790320433053E-16, 0.4294999999999998819 ) ) ;
#1626 = CARTESIAN_POINT ( 'NONE',  ( 3.875000000000000000, -3.491643216902136408E-15, 1.154999999999999805 ) ) ;
#1627 = LINE ( 'NONE', #977, #531 ) ;
#1628 = ADVANCED_FACE ( 'NONE', ( #2 ), #885, .F. ) ;
#1629 = EDGE_LOOP ( 'NONE', ( #2023, #2168, #1160, #2496 ) ) ;
#1630 = CARTESIAN_POINT ( 'NONE',  ( 2.600500000000000256, 1.419999999999999929, 1.155000000000000027 ) ) ;
#1631 = CARTESIAN_POINT ( 'NONE',  ( 4.000000000000000000, 0.1549999999999999989, 0.1250000000000000000 ) ) ;
#1632 = CARTESIAN_POINT ( 'NONE',  ( 1.750000000000000222, 1.000000000000000000, 0.000000000000000000 ) ) ;
#1633 = VERTEX_POINT ( 'NONE', #166 ) ;
#1634 = ORIENTED_EDGE ( 'NONE', *, *, #2471, .T. ) ;
#1635 = VERTEX_POINT ( 'NONE', #2232 ) ;
#1636 = DIRECTION ( 'NONE',  ( -1.000000000000000000, -0.000000000000000000, -0.000000000000000000 ) ) ;
#1637 = DIRECTION ( 'NONE',  ( 0.000000000000000000, 3.491481338843132566E-15, -1.000000000000000000 ) ) ;
#1638 = DIRECTION ( 'NONE',  ( -1.000000000000000000, 0.000000000000000000, 0.000000000000000000 ) ) ;
#1639 = FACE_BOUND ( 'NONE', #21, .T. ) ;
#1640 = CARTESIAN_POINT ( 'NONE',  ( 2.249999999999999556, -1.399196246387434777E-15, 0.5544999999999998819 ) ) ;
#1641 = CARTESIAN_POINT ( 'NONE',  ( 2.750000000000000000, 0.5000000000000000000, 0.000000000000000000 ) ) ;
#1642 = EDGE_CURVE ( 'NONE', #282, #646, #766, .T. ) ;
#1643 = CARTESIAN_POINT ( 'NONE',  ( 0.7500000000000004441, 1.000000000000000000, 1.155000000000000027 ) ) ;
#1644 = ORIENTED_EDGE ( 'NONE', *, *, #1824, .T. ) ;
#1645 = DIRECTION ( 'NONE',  ( 0.000000000000000000, 1.000000000000000000, 3.491481338843133355E-15 ) ) ;
#1646 = ORIENTED_EDGE ( 'NONE', *, *, #51, .F. ) ;
#1647 = ORIENTED_EDGE ( 'NONE', *, *, #1219, .T. ) ;
#1648 = DIRECTION ( 'NONE',  ( -1.000000000000000000, 0.000000000000000000, 0.000000000000000000 ) ) ;
#1649 = ORIENTED_EDGE ( 'NONE', *, *, #1482, .T. ) ;
#1650 = CARTESIAN_POINT ( 'NONE',  ( 2.149499999999999744, 0.5000000000000000000, 0.1250000000000000278 ) ) ;
#1651 = ADVANCED_FACE ( 'NONE', ( #1499 ), #2419, .F. ) ;
#1652 = FACE_OUTER_BOUND ( 'NONE', #125, .T. ) ;
#1653 = DIRECTION ( 'NONE',  ( 0.000000000000000000, 0.000000000000000000, 1.000000000000000000 ) ) ;
#1654 = FACE_OUTER_BOUND ( 'NONE', #2389, .T. ) ;
#1655 = EDGE_CURVE ( 'NONE', #1678, #669, #1146, .T. ) ;
#1656 = APPROVAL_STATUS ( 'not_yet_approved' ) ;
#1657 = CIRCLE ( 'NONE', #1414, 0.1005000000000002003 ) ;
#1658 = FACE_BOUND ( 'NONE', #1962, .T. ) ;
#1659 = CIRCLE ( 'NONE', #16, 0.1005000000000004778 ) ;
#1660 = ORIENTED_EDGE ( 'NONE', *, *, #1562, .F. ) ;
#1661 = ORIENTED_EDGE ( 'NONE', *, *, #1686, .F. ) ;
#1662 = LINE ( 'NONE', #108, #1149 ) ;
#1663 = AXIS2_PLACEMENT_3D ( 'NONE', #435, #1315, #2002 ) ;
#1664 = AXIS2_PLACEMENT_3D ( 'NONE', #2893, #2637, #839 ) ;
#1665 = CIRCLE ( 'NONE', #2655, 0.1005000000000002003 ) ;
#1666 = CIRCLE ( 'NONE', #414, 0.1004999999999998533 ) ;
#1667 = ORIENTED_EDGE ( 'NONE', *, *, #2090, .F. ) ;
#1668 = DIRECTION ( 'NONE',  ( -0.000000000000000000, -0.000000000000000000, -1.000000000000000000 ) ) ;
#1669 = CARTESIAN_POINT ( 'NONE',  ( 3.750000000000000000, -1.408609121733135679E-15, 0.5544999999999998819 ) ) ;
#1670 = LOCAL_TIME ( 17, 26, 45.00000000000000000, #588 ) ;
#1671 = CIRCLE ( 'NONE', #224, 0.1005000000000002003 ) ;
#1672 = DIRECTION ( 'NONE',  ( 0.000000000000000000, 1.000000000000000000, 3.491481338843132961E-15 ) ) ;
#1673 = COORDINATED_UNIVERSAL_TIME_OFFSET ( 5, 0, .BEHIND. ) ;
#1674 = EDGE_CURVE ( 'NONE', #1461, #1621, #1954, .T. ) ;
#1675 = FACE_BOUND ( 'NONE', #2359, .T. ) ;
#1676 = CARTESIAN_POINT ( 'NONE',  ( 3.875000000000000000, 0.1249999999999985983, 0.5545000000000003260 ) ) ;
#1677 = VERTEX_POINT ( 'NONE', #522 ) ;
#1678 = VERTEX_POINT ( 'NONE', #1206 ) ;
#1679 = EDGE_LOOP ( 'NONE', ( #1251, #1505, #1794, #2485 ) ) ;
#1680 = CARTESIAN_POINT ( 'NONE',  ( 3.649499999999999744, 1.000000000000000000, 0.1250000000000000278 ) ) ;
#1681 = EDGE_CURVE ( 'NONE', #2889, #1337, #1859, .T. ) ;
#1682 = ORIENTED_EDGE ( 'NONE', *, *, #580, .T. ) ;
#1683 = CARTESIAN_POINT ( 'NONE',  ( 1.850500000000000700, 1.000000000000000000, 1.155000000000000027 ) ) ;
#1684 = FACE_BOUND ( 'NONE', #935, .T. ) ;
#1685 = PERSON_AND_ORGANIZATION_ROLE ( 'design_supplier' ) ;
#1686 = EDGE_CURVE ( 'NONE', #1462, #368, #957, .T. ) ;
#1687 = CARTESIAN_POINT ( 'NONE',  ( 1.500000000000000444, 1.419999999999999929, 0.1250000000000000278 ) ) ;
#1688 = LINE ( 'NONE', #2076, #489 ) ;
#1689 = DIRECTION ( 'NONE',  ( 1.000000000000000000, -0.000000000000000000, -0.000000000000000000 ) ) ;
#1690 = EDGE_CURVE ( 'NONE', #282, #2579, #1321, .T. ) ;
#1691 = ORIENTED_EDGE ( 'NONE', *, *, #764, .F. ) ;
#1692 = ORIENTED_EDGE ( 'NONE', *, *, #1655, .F. ) ;
#1693 = EDGE_LOOP ( 'NONE', ( #2815, #2812, #1022, #770 ) ) ;
#1694 = CARTESIAN_POINT ( 'NONE',  ( 0.1249999999999991812, -2.537419162850295533E-15, 0.8804999999999996163 ) ) ;
#1695 = FACE_BOUND ( 'NONE', #2622, .T. ) ;
#1696 = DIRECTION ( 'NONE',  ( -1.000000000000000000, 0.000000000000000000, 0.000000000000000000 ) ) ;
#1697 = ORIENTED_EDGE ( 'NONE', *, *, #1743, .T. ) ;
#1698 = AXIS2_PLACEMENT_3D ( 'NONE', #1877, #2772, #938 ) ;
#1699 = DIRECTION ( 'NONE',  ( -0.000000000000000000, -0.000000000000000000, -1.000000000000000000 ) ) ;
#1700 = CARTESIAN_POINT ( 'NONE',  ( 4.000000000000000000, 0.1249999999999985983, 0.5545000000000003260 ) ) ;
#1701 = EDGE_CURVE ( 'NONE', #2009, #2369, #1783, .T. ) ;
#1702 = AXIS2_PLACEMENT_3D ( 'NONE', #1625, #516, #1398 ) ;
#1703 = DIRECTION ( 'NONE',  ( 0.000000000000000000, 0.000000000000000000, -1.000000000000000000 ) ) ;
#1704 = CARTESIAN_POINT ( 'NONE',  ( 3.750000000000000000, 0.5000000000000000000, 1.155000000000000027 ) ) ;
#1705 = CIRCLE ( 'NONE', #1369, 0.1005000000000004778 ) ;
#1706 = EDGE_CURVE ( 'NONE', #2784, #186, #932, .T. ) ;
#1707 = ORIENTED_EDGE ( 'NONE', *, *, #781, .T. ) ;
#1708 = ORIENTED_EDGE ( 'NONE', *, *, #1936, .T. ) ;
#1709 = EDGE_CURVE ( 'NONE', #1811, #2604, #2101, .T. ) ;
#1710 = CYLINDRICAL_SURFACE ( 'NONE', #720, 0.1005000000000004778 ) ;
#1711 = EDGE_LOOP ( 'NONE', ( #632, #164 ) ) ;
#1712 = CIRCLE ( 'NONE', #1901, 0.1005000000000002003 ) ;
#1713 = EDGE_LOOP ( 'NONE', ( #641, #263, #1305, #1310 ) ) ;
#1714 = CYLINDRICAL_SURFACE ( 'NONE', #543, 0.1005000000000004362 ) ;
#1715 = DIRECTION ( 'NONE',  ( -0.000000000000000000, -0.000000000000000000, -1.000000000000000000 ) ) ;
#1716 = AXIS2_PLACEMENT_3D ( 'NONE', #2318, #1790, #887 ) ;
#1717 = VECTOR ( 'NONE', #1401, 39.37007874015748143 ) ;
#1718 = CARTESIAN_POINT ( 'NONE',  ( 0.7499999999999993339, -1.399196246387433989E-15, 0.5544999999999999929 ) ) ;
#1719 = VECTOR ( 'NONE', #2574, 39.37007874015748143 ) ;
#1720 = FACE_OUTER_BOUND ( 'NONE', #2885, .T. ) ;
#1721 = DIRECTION ( 'NONE',  ( -0.000000000000000000, 1.000000000000000000, 3.491481338843133355E-15 ) ) ;
#1722 = CARTESIAN_POINT ( 'NONE',  ( 2.149499999999999744, 1.000000000000000000, 1.155000000000000027 ) ) ;
#1723 = ADVANCED_FACE ( 'NONE', ( #691 ), #2239, .F. ) ;
#1724 = VERTEX_POINT ( 'NONE', #1360 ) ;
#1725 = ORIENTED_EDGE ( 'NONE', *, *, #1980, .F. ) ;
#1726 = CARTESIAN_POINT ( 'NONE',  ( 4.000000000000000000, -1.408609121733135679E-15, 0.5544999999999998819 ) ) ;
#1727 = DIRECTION ( 'NONE',  ( 0.000000000000000000, 0.000000000000000000, -1.000000000000000000 ) ) ;
#1728 = VERTEX_POINT ( 'NONE', #2470 ) ;
#1729 = VERTEX_POINT ( 'NONE', #2299 ) ;
#1730 = CYLINDRICAL_SURFACE ( 'NONE', #2791, 0.1005000000000002003 ) ;
#1731 = CARTESIAN_POINT ( 'NONE',  ( -1.092739197465705287E-15, 0.1250000000000000000, 0.1549999999999998046 ) ) ;
#1732 = CARTESIAN_POINT ( 'NONE',  ( 3.875000000000000000, 0.1249999999999969469, 1.030000000000000027 ) ) ;
#1733 = CYLINDRICAL_SURFACE ( 'NONE', #2600, 0.1005000000000004778 ) ;
#1734 = FACE_BOUND ( 'NONE', #1130, .T. ) ;
#1735 = ORIENTED_EDGE ( 'NONE', *, *, #2676, .F. ) ;
#1736 = LINE ( 'NONE', #2668, #219 ) ;
#1737 = EDGE_CURVE ( 'NONE', #1857, #554, #18, .T. ) ;
#1738 = EDGE_LOOP ( 'NONE', ( #1422, #2344 ) ) ;
#1739 = ORIENTED_EDGE ( 'NONE', *, *, #1763, .F. ) ;
#1740 = DIRECTION ( 'NONE',  ( 0.000000000000000000, 0.000000000000000000, 1.000000000000000000 ) ) ;
#1741 = CYLINDRICAL_SURFACE ( 'NONE', #590, 0.1005000000000004778 ) ;
#1742 = FACE_BOUND ( 'NONE', #1400, .T. ) ;
#1743 = EDGE_CURVE ( 'NONE', #1351, #795, #1666, .T. ) ;
#1744 = DIRECTION ( 'NONE',  ( 0.000000000000000000, 0.000000000000000000, 1.000000000000000000 ) ) ;
#1745 = AXIS2_PLACEMENT_3D ( 'NONE', #2584, #2360, #329 ) ;
#1746 = DIRECTION ( 'NONE',  ( -0.000000000000000000, -0.000000000000000000, -1.000000000000000000 ) ) ;
#1747 = CIRCLE ( 'NONE', #2371, 0.1005000000000002003 ) ;
#1748 = VERTEX_POINT ( 'NONE', #1810 ) ;
#1749 = VERTEX_POINT ( 'NONE', #2024 ) ;
#1750 = AXIS2_PLACEMENT_3D ( 'NONE', #1332, #2253, #1049 ) ;
#1751 = CARTESIAN_POINT ( 'NONE',  ( 1.750000000000000222, 0.5000000000000000000, 1.155000000000000027 ) ) ;
#1752 = DIRECTION ( 'NONE',  ( -8.237222340848975794E-16, 3.491481338843132961E-15, -1.000000000000000000 ) ) ;
#1753 = ORIENTED_EDGE ( 'NONE', *, *, #2530, .T. ) ;
#1754 = VERTEX_POINT ( 'NONE', #2268 ) ;
#1755 = EDGE_CURVE ( 'NONE', #2824, #2666, #2706, .T. ) ;
#1756 = DIRECTION ( 'NONE',  ( 0.000000000000000000, -3.491481338843132961E-15, 1.000000000000000000 ) ) ;
#1757 = LINE ( 'NONE', #2654, #1516 ) ;
#1758 = VECTOR ( 'NONE', #1238, 39.37007874015748143 ) ;
#1759 = DIRECTION ( 'NONE',  ( -1.000000000000000000, 0.000000000000000000, 0.000000000000000000 ) ) ;
#1760 = CIRCLE ( 'NONE', #1464, 0.2949999999999999845 ) ;
#1761 = AXIS2_PLACEMENT_3D ( 'NONE', #670, #2749, #1202 ) ;
#1762 = FACE_OUTER_BOUND ( 'NONE', #538, .T. ) ;
#1763 = EDGE_CURVE ( 'NONE', #1991, #2083, #1140, .T. ) ;
#1764 = CARTESIAN_POINT ( 'NONE',  ( 0.1249999999999991673, -9.721739543777440095E-16, 0.4294999999999998819 ) ) ;
#1765 = VECTOR ( 'NONE', #729, 39.37007874015748143 ) ;
#1766 = CIRCLE ( 'NONE', #1574, 0.1005000000000004778 ) ;
#1767 = DIRECTION ( 'NONE',  ( -0.000000000000000000, -3.491481338843132961E-15, 1.000000000000000000 ) ) ;
#1768 = LOCAL_TIME ( 17, 26, 45.00000000000000000, #1412 ) ;
#1769 = VECTOR ( 'NONE', #1190, 39.37007874015748143 ) ;
#1770 = ORIENTED_EDGE ( 'NONE', *, *, #494, .F. ) ;
#1771 = ORIENTED_EDGE ( 'NONE', *, *, #827, .T. ) ;
#1772 = DIRECTION ( 'NONE',  ( 0.000000000000000000, 3.567711932024229895E-15, -1.000000000000000000 ) ) ;
#1773 = ORIENTED_EDGE ( 'NONE', *, *, #1436, .F. ) ;
#1774 = CARTESIAN_POINT ( 'NONE',  ( 1.500000000000000444, 1.419999999999999929, 0.000000000000000000 ) ) ;
#1775 = CARTESIAN_POINT ( 'NONE',  ( 2.250000000000000444, 1.000000000000000000, 1.155000000000000027 ) ) ;
#1776 = CARTESIAN_POINT ( 'NONE',  ( -7.171100983368691195E-16, -1.750090120941168236E-15, 0.6549999999999994715 ) ) ;
#1777 = CARTESIAN_POINT ( 'NONE',  ( 2.350500000000000700, 0.5000000000000000000, 1.155000000000000027 ) ) ;
#1778 = CARTESIAN_POINT ( 'NONE',  ( 3.850500000000000256, 1.000000000000000000, 1.155000000000000027 ) ) ;
#1779 = DIRECTION ( 'NONE',  ( 1.000000000000000000, 0.000000000000000000, 0.000000000000000000 ) ) ;
#1780 = DIRECTION ( 'NONE',  ( 0.000000000000000000, 0.000000000000000000, 1.000000000000000000 ) ) ;
#1781 = LINE ( 'NONE', #890, #315 ) ;
#1782 = ORIENTED_EDGE ( 'NONE', *, *, #1581, .T. ) ;
#1783 = LINE ( 'NONE', #2034, #1570 ) ;
#1784 = EDGE_LOOP ( 'NONE', ( #143, #141, #1899, #2718 ) ) ;
#1785 = ORIENTED_EDGE ( 'NONE', *, *, #2246, .F. ) ;
#1786 = DIRECTION ( 'NONE',  ( 0.000000000000000000, 0.000000000000000000, 1.000000000000000000 ) ) ;
#1787 = DIRECTION ( 'NONE',  ( 0.000000000000000000, -1.000000000000000000, -3.491481338843133355E-15 ) ) ;
#1788 = DIRECTION ( 'NONE',  ( 0.000000000000000000, 0.000000000000000000, -1.000000000000000000 ) ) ;
#1789 = DIRECTION ( 'NONE',  ( 0.000000000000000000, -1.000000000000000000, -3.491481338843133355E-15 ) ) ;
#1790 = DIRECTION ( 'NONE',  ( 0.000000000000000000, 0.000000000000000000, 1.000000000000000000 ) ) ;
#1791 = DIRECTION ( 'NONE',  ( -1.000000000000000000, 0.000000000000000000, 0.000000000000000000 ) ) ;
#1792 = ORIENTED_EDGE ( 'NONE', *, *, #1303, .T. ) ;
#1793 = CIRCLE ( 'NONE', #2594, 0.1005000000000004778 ) ;
#1794 = ORIENTED_EDGE ( 'NONE', *, *, #2752, .T. ) ;
#1795 = VECTOR ( 'NONE', #1518, 39.37007874015748143 ) ;
#1796 = EDGE_CURVE ( 'NONE', #733, #1873, #2151, .T. ) ;
#1797 = ORIENTED_EDGE ( 'NONE', *, *, #2657, .T. ) ;
#1798 = VECTOR ( 'NONE', #2234, 39.37007874015748143 ) ;
#1799 = DIRECTION ( 'NONE',  ( 0.000000000000000000, 0.000000000000000000, 1.000000000000000000 ) ) ;
#1800 = ORIENTED_EDGE ( 'NONE', *, *, #1228, .F. ) ;
#1801 = CARTESIAN_POINT ( 'NONE',  ( 4.000000000000000000, -9.627610790320433053E-16, 0.4294999999999998819 ) ) ;
#1802 = LINE ( 'NONE', #2264, #2289 ) ;
#1803 = DIRECTION ( 'NONE',  ( -1.000000000000000000, 0.000000000000000000, 0.000000000000000000 ) ) ;
#1804 = AXIS2_PLACEMENT_3D ( 'NONE', #1121, #210, #226 ) ;
#1805 = AXIS2_PLACEMENT_3D ( 'NONE', #1402, #1853, #742 ) ;
#1806 = VECTOR ( 'NONE', #1158, 39.37007874015748143 ) ;
#1807 = VERTEX_POINT ( 'NONE', #826 ) ;
#1808 = ORIENTED_EDGE ( 'NONE', *, *, #2495, .F. ) ;
#1809 = VECTOR ( 'NONE', #718, 39.37007874015748143 ) ;
#1810 = CARTESIAN_POINT ( 'NONE',  ( 1.600500000000001144, 1.419999999999999929, 0.1250000000000000278 ) ) ;
#1811 = VERTEX_POINT ( 'NONE', #1541 ) ;
#1812 = FACE_OUTER_BOUND ( 'NONE', #2681, .T. ) ;
#1813 = ORIENTED_EDGE ( 'NONE', *, *, #2030, .T. ) ;
#1814 = ORIENTED_EDGE ( 'NONE', *, *, #258, .T. ) ;
#1815 = DIRECTION ( 'NONE',  ( 0.000000000000000000, 0.000000000000000000, -1.000000000000000000 ) ) ;
#1816 = EDGE_CURVE ( 'NONE', #1976, #2666, #2659, .T. ) ;
#1817 = CARTESIAN_POINT ( 'NONE',  ( 2.750000000000000000, 1.000000000000000000, 0.000000000000000000 ) ) ;
#1818 = CARTESIAN_POINT ( 'NONE',  ( 0.6005000000000011440, 1.419999999999999929, 1.155000000000000027 ) ) ;
#1819 = CARTESIAN_POINT ( 'NONE',  ( 2.250000000000000444, 1.000000000000000000, 0.1250000000000000278 ) ) ;
#1820 = ORIENTED_EDGE ( 'NONE', *, *, #1348, .T. ) ;
#1821 = EDGE_CURVE ( 'NONE', #2857, #685, #2621, .T. ) ;
#1822 = CARTESIAN_POINT ( 'NONE',  ( 0.1249999999999992506, 0.1249999999999978767, 0.7555000000000000604 ) ) ;
#1823 = ORIENTED_EDGE ( 'NONE', *, *, #698, .F. ) ;
#1824 = EDGE_CURVE ( 'NONE', #2126, #1418, #1908, .T. ) ;
#1825 = ORIENTED_EDGE ( 'NONE', *, *, #1459, .F. ) ;
#1826 = DIRECTION ( 'NONE',  ( 0.000000000000000000, 0.000000000000000000, 1.000000000000000000 ) ) ;
#1827 = ORIENTED_EDGE ( 'NONE', *, *, #1709, .T. ) ;
#1828 = DIRECTION ( 'NONE',  ( 0.000000000000000000, 3.491481338843135327E-15, -1.000000000000000000 ) ) ;
#1829 = FACE_OUTER_BOUND ( 'NONE', #963, .T. ) ;
#1830 = CARTESIAN_POINT ( 'NONE',  ( 0.1249999999999991118, 0.1249999999999969469, 1.030000000000000027 ) ) ;
#1831 = EDGE_CURVE ( 'NONE', #328, #2577, #2240, .T. ) ;
#1832 = CARTESIAN_POINT ( 'NONE',  ( 2.250000000000000444, 0.5000000000000000000, 0.1250000000000000278 ) ) ;
#1833 = ADVANCED_FACE ( 'NONE', ( #2361 ), #1328, .F. ) ;
#1834 = DIRECTION ( 'NONE',  ( -1.000000000000000000, 0.000000000000000000, 0.000000000000000000 ) ) ;
#1835 = ORIENTED_EDGE ( 'NONE', *, *, #698, .T. ) ;
#1836 = DIRECTION ( 'NONE',  ( -1.000000000000000000, 0.000000000000000000, 0.000000000000000000 ) ) ;
#1837 = DIRECTION ( 'NONE',  ( 0.000000000000000000, 3.491481338843135327E-15, -1.000000000000000000 ) ) ;
#1838 = VECTOR ( 'NONE', #500, 39.37007874015748143 ) ;
#1839 = EDGE_LOOP ( 'NONE', ( #869, #2549 ) ) ;
#1840 = CARTESIAN_POINT ( 'NONE',  ( 4.000000000000000000, -2.091571120149201582E-15, 0.7554999999999996163 ) ) ;
#1841 = VECTOR ( 'NONE', #1413, 39.37007874015748143 ) ;
#1842 = AXIS2_PLACEMENT_3D ( 'NONE', #1819, #1780, #2715 ) ;
#1843 = ORIENTED_EDGE ( 'NONE', *, *, #2743, .F. ) ;
#1844 = DIRECTION ( 'NONE',  ( 0.000000000000000000, 0.000000000000000000, -1.000000000000000000 ) ) ;
#1845 = CARTESIAN_POINT ( 'NONE',  ( 0.2499999999999992506, -1.750090120941168630E-15, 0.6549999999999995826 ) ) ;
#1846 = EDGE_CURVE ( 'NONE', #233, #1019, #1524, .T. ) ;
#1847 = CARTESIAN_POINT ( 'NONE',  ( 1.749999999999999556, -1.750090120941169025E-15, 0.6549999999999996936 ) ) ;
#1848 = DIRECTION ( 'NONE',  ( 0.000000000000000000, 0.000000000000000000, 1.000000000000000000 ) ) ;
#1849 = LINE ( 'NONE', #727, #2420 ) ;
#1850 = CIRCLE ( 'NONE', #951, 0.1005000000000002003 ) ;
#1851 = VERTEX_POINT ( 'NONE', #2908 ) ;
#1852 = CARTESIAN_POINT ( 'NONE',  ( 3.399500000000000188, 1.419999999999999929, 0.000000000000000000 ) ) ;
#1853 = DIRECTION ( 'NONE',  ( 0.000000000000000000, -1.000000000000000000, -3.491481338843133355E-15 ) ) ;
#1854 = AXIS2_PLACEMENT_3D ( 'NONE', #933, #518, #1837 ) ;
#1856 = FACE_OUTER_BOUND ( 'NONE', #47, .T. ) ;
#1855 = VECTOR ( 'NONE', #1030, 39.37007874015748143 ) ;
#1857 = VERTEX_POINT ( 'NONE', #2683 ) ;
#1858 = ORIENTED_EDGE ( 'NONE', *, *, #1681, .T. ) ;
#1859 = CIRCLE ( 'NONE', #643, 0.1005000000000004778 ) ;
#1860 = ORGANIZATION ( 'UNSPECIFIED', 'UNSPECIFIED', '' ) ;
#1861 = AXIS2_PLACEMENT_3D ( 'NONE', #2315, #567, #1648 ) ;
#1862 = VERTEX_POINT ( 'NONE', #480 ) ;
#1863 = DIRECTION ( 'NONE',  ( 1.000000000000000000, 0.000000000000000000, 0.000000000000000000 ) ) ;
#1864 = DIRECTION ( 'NONE',  ( 1.000000000000000000, 0.000000000000000000, 0.000000000000000000 ) ) ;
#1865 = DIRECTION ( 'NONE',  ( -0.000000000000000000, -0.000000000000000000, -1.000000000000000000 ) ) ;
#1866 = EDGE_CURVE ( 'NONE', #1862, #1162, #1364, .T. ) ;
#1867 = PERSON_AND_ORGANIZATION ( #870, #1860 ) ;
#1868 = DIRECTION ( 'NONE',  ( 0.000000000000000000, 0.000000000000000000, -1.000000000000000000 ) ) ;
#1869 = CYLINDRICAL_SURFACE ( 'NONE', #2185, 0.1005000000000004778 ) ;
#1870 = ORIENTED_EDGE ( 'NONE', *, *, #1866, .F. ) ;
#1871 = DIRECTION ( 'NONE',  ( 0.000000000000000000, 3.567711932024229895E-15, -1.000000000000000000 ) ) ;
#1872 = CC_DESIGN_PERSON_AND_ORGANIZATION_ASSIGNMENT ( #783, #1685, ( #1148 ) ) ;
#1873 = VERTEX_POINT ( 'NONE', #2723 ) ;
#1874 = ORIENTED_EDGE ( 'NONE', *, *, #1992, .F. ) ;
#1875 = EDGE_CURVE ( 'NONE', #835, #1585, #1011, .T. ) ;
#1876 = ORIENTED_EDGE ( 'NONE', *, *, #994, .T. ) ;
#1877 = CARTESIAN_POINT ( 'NONE',  ( 1.749999999999999556, -1.750090120941168630E-15, 0.6549999999999996936 ) ) ;
#1878 = CARTESIAN_POINT ( 'NONE',  ( 3.399500000000000188, 1.419999999999999929, 0.1250000000000000278 ) ) ;
#1879 = DIRECTION ( 'NONE',  ( 1.000000000000000000, -1.907639258086966110E-30, 5.463695987328527423E-16 ) ) ;
#1880 = DIRECTION ( 'NONE',  ( -0.000000000000000000, -0.000000000000000000, -1.000000000000000000 ) ) ;
#1881 = DIRECTION ( 'NONE',  ( 0.000000000000000000, 0.000000000000000000, 1.000000000000000000 ) ) ;
#1882 = CARTESIAN_POINT ( 'NONE',  ( 2.149499999999999744, 1.000000000000000000, 0.000000000000000000 ) ) ;
#1883 = CARTESIAN_POINT ( 'NONE',  ( 3.500000000000000444, 1.419999999999999929, 1.155000000000000027 ) ) ;
#1884 = VERTEX_POINT ( 'NONE', #671 ) ;
#1885 = VERTEX_POINT ( 'NONE', #1147 ) ;
#1886 = DIRECTION ( 'NONE',  ( 1.000000000000000000, 2.876010808697595183E-30, -8.237222340848975794E-16 ) ) ;
#1887 = ADVANCED_FACE ( 'NONE', ( #1578 ), #1108, .F. ) ;
#1888 = EDGE_LOOP ( 'NONE', ( #2050, #427, #907, #2296 ) ) ;
#1889 = CARTESIAN_POINT ( 'NONE',  ( 3.250000000000000000, 0.1249999999999982514, 0.6550000000000001377 ) ) ;
#1890 = CIRCLE ( 'NONE', #1410, 0.1005000000000004778 ) ;
#1891 = AXIS2_PLACEMENT_3D ( 'NONE', #2029, #2763, #738 ) ;
#1892 = FACE_BOUND ( 'NONE', #823, .T. ) ;
#1893 = AXIS2_PLACEMENT_3D ( 'NONE', #2161, #653, #1487 ) ;
#1894 = DIRECTION ( 'NONE',  ( -0.000000000000000000, -0.000000000000000000, -1.000000000000000000 ) ) ;
#1895 = EDGE_LOOP ( 'NONE', ( #2770, #1262, #2025, #2705 ) ) ;
#1896 = CARTESIAN_POINT ( 'NONE',  ( 4.000000000000000000, -1.750090120941168630E-15, 0.6549999999999995826 ) ) ;
#1897 = ORIENTED_EDGE ( 'NONE', *, *, #1755, .F. ) ;
#1898 = ORIENTED_EDGE ( 'NONE', *, *, #1706, .F. ) ;
#1899 = ORIENTED_EDGE ( 'NONE', *, *, #2571, .T. ) ;
#1900 = DIRECTION ( 'NONE',  ( -1.000000000000000000, -0.000000000000000000, -0.000000000000000000 ) ) ;
#1901 = AXIS2_PLACEMENT_3D ( 'NONE', #433, #1298, #420 ) ;
#1902 = VECTOR ( 'NONE', #853, 39.37007874015748143 ) ;
#1903 = CIRCLE ( 'NONE', #908, 0.1005000000000002003 ) ;
#1904 = CIRCLE ( 'NONE', #2793, 0.1005000000000004778 ) ;
#1905 = EDGE_LOOP ( 'NONE', ( #717, #2565 ) ) ;
#1906 = DIRECTION ( 'NONE',  ( -1.000000000000000000, 0.000000000000000000, 0.000000000000000000 ) ) ;
#1907 = CARTESIAN_POINT ( 'NONE',  ( 4.000000000000000000, 0.1549999999999999989, 0.1250000000000000000 ) ) ;
#1908 = CIRCLE ( 'NONE', #2751, 0.1005000000000004778 ) ;
#1909 = LINE ( 'NONE', #358, #2650 ) ;
#1910 = DIRECTION ( 'NONE',  ( 1.000000000000000000, 0.000000000000000000, 0.000000000000000000 ) ) ;
#1911 = EDGE_CURVE ( 'NONE', #1247, #243, #868, .T. ) ;
#1912 = CARTESIAN_POINT ( 'NONE',  ( 0.2499999999999992228, -2.100983995494903470E-15, 0.7554999999999996163 ) ) ;
#1913 = DIRECTION ( 'NONE',  ( -0.000000000000000000, -0.000000000000000000, -1.000000000000000000 ) ) ;
#1914 = FACE_OUTER_BOUND ( 'NONE', #1069, .T. ) ;
#1915 = ORIENTED_EDGE ( 'NONE', *, *, #1957, .T. ) ;
#1916 = ORIENTED_EDGE ( 'NONE', *, *, #352, .F. ) ;
#1917 = EDGE_LOOP ( 'NONE', ( #2504, #2801, #495, #838 ) ) ;
#1918 = ORIENTED_EDGE ( 'NONE', *, *, #878, .F. ) ;
#1919 = VERTEX_POINT ( 'NONE', #2475 ) ;
#1920 = CARTESIAN_POINT ( 'NONE',  ( 3.850500000000000256, 0.5000000000000000000, 0.1250000000000000278 ) ) ;
#1921 = CARTESIAN_POINT ( 'NONE',  ( 0.2500000000000003331, 0.5000000000000000000, 1.155000000000000027 ) ) ;
#1922 = ORIENTED_EDGE ( 'NONE', *, *, #2657, .F. ) ;
#1923 = DIRECTION ( 'NONE',  ( 0.000000000000000000, 0.000000000000000000, 1.000000000000000000 ) ) ;
#1924 = CYLINDRICAL_SURFACE ( 'NONE', #1041, 0.1005000000000002003 ) ;
#1925 = ADVANCED_FACE ( 'NONE', ( #1812 ), #2708, .F. ) ;
#1926 = EDGE_CURVE ( 'NONE', #609, #1349, #1671, .T. ) ;
#1927 = CARTESIAN_POINT ( 'NONE',  ( 0.7500000000000004441, 0.5000000000000000000, 0.1250000000000000278 ) ) ;
#1928 = ORIENTED_EDGE ( 'NONE', *, *, #901, .F. ) ;
#1929 = ORIENTED_EDGE ( 'NONE', *, *, #2090, .T. ) ;
#1930 = ORIENTED_EDGE ( 'NONE', *, *, #1934, .F. ) ;
#1931 = ORIENTED_EDGE ( 'NONE', *, *, #2663, .T. ) ;
#1932 = DIRECTION ( 'NONE',  ( -1.000000000000000000, 0.000000000000000000, 0.000000000000000000 ) ) ;
#1933 = CARTESIAN_POINT ( 'NONE',  ( 1.250000000000000000, 0.5000000000000000000, 1.155000000000000027 ) ) ;
#1934 = EDGE_CURVE ( 'NONE', #2426, #675, #2521, .T. ) ;
#1935 = DIRECTION ( 'NONE',  ( -7.006492321624085355E-46, -1.000000000000000000, -3.491481338843133750E-15 ) ) ;
#1936 = EDGE_CURVE ( 'NONE', #2579, #130, #1407, .T. ) ;
#1937 = CARTESIAN_POINT ( 'NONE',  ( -9.561467977824920278E-16, -3.491643216902136408E-15, 1.154999999999999805 ) ) ;
#1938 = CARTESIAN_POINT ( 'NONE',  ( 0.8505000000000009219, 1.000000000000000000, 0.000000000000000000 ) ) ;
#1939 = EDGE_CURVE ( 'NONE', #105, #2241, #768, .T. ) ;
#1940 = CIRCLE ( 'NONE', #673, 0.1250000000000000278 ) ;
#1941 = DIRECTION ( 'NONE',  ( 1.000000000000000000, 0.000000000000000000, 0.000000000000000000 ) ) ;
#1942 = DIRECTION ( 'NONE',  ( 0.000000000000000000, 0.000000000000000000, 1.000000000000000000 ) ) ;
#1943 = VERTEX_POINT ( 'NONE', #1439 ) ;
#1944 = CARTESIAN_POINT ( 'NONE',  ( 0.2500000000000003331, 1.000000000000000000, 0.000000000000000000 ) ) ;
#1945 = ORIENTED_EDGE ( 'NONE', *, *, #1083, .T. ) ;
#1946 = AXIS2_PLACEMENT_3D ( 'NONE', #2831, #615, #1497 ) ;
#1947 = EDGE_LOOP ( 'NONE', ( #2227, #122 ) ) ;
#1948 = AXIS2_PLACEMENT_3D ( 'NONE', #1641, #2046, #30 ) ;
#1949 = DIRECTION ( 'NONE',  ( -1.000000000000000000, 0.000000000000000000, 0.000000000000000000 ) ) ;
#1950 = CARTESIAN_POINT ( 'NONE',  ( 3.250000000000000000, 0.5000000000000000000, 0.000000000000000000 ) ) ;
#1951 = FACE_BOUND ( 'NONE', #232, .T. ) ;
#1952 = CALENDAR_DATE ( 2025, 22, 9 ) ;
#1953 = AXIS2_PLACEMENT_3D ( 'NONE', #2006, #1746, #406 ) ;
#1954 = CIRCLE ( 'NONE', #909, 0.1005000000000004778 ) ;
#1955 = VECTOR ( 'NONE', #537, 39.37007874015748143 ) ;
#1956 = DIRECTION ( 'NONE',  ( 0.000000000000000000, 0.000000000000000000, 1.000000000000000000 ) ) ;
#1957 = EDGE_CURVE ( 'NONE', #1527, #733, #2148, .T. ) ;
#1958 = CARTESIAN_POINT ( 'NONE',  ( 1.350500000000000478, 1.000000000000000000, 0.1250000000000000278 ) ) ;
#1959 = CYLINDRICAL_SURFACE ( 'NONE', #1953, 0.1005000000000004778 ) ;
#1960 = ORIENTED_EDGE ( 'NONE', *, *, #1690, .F. ) ;
#1961 = VERTEX_POINT ( 'NONE', #2345 ) ;
#1962 = EDGE_LOOP ( 'NONE', ( #465, #372 ) ) ;
#1963 = CC_DESIGN_PERSON_AND_ORGANIZATION_ASSIGNMENT ( #2135, #2120, ( #1164 ) ) ;
#1964 = EDGE_CURVE ( 'NONE', #471, #554, #1235, .T. ) ;
#1965 = ORIENTED_EDGE ( 'NONE', *, *, #2145, .T. ) ;
#1966 = ORIENTED_EDGE ( 'NONE', *, *, #886, .T. ) ;
#1967 = FACE_OUTER_BOUND ( 'NONE', #48, .T. ) ;
#1968 = FACE_OUTER_BOUND ( 'NONE', #1784, .T. ) ;
#1969 = CYLINDRICAL_SURFACE ( 'NONE', #2501, 0.1250000000000000278 ) ;
#1970 = CARTESIAN_POINT ( 'NONE',  ( 2.350500000000000700, 0.5000000000000000000, 0.000000000000000000 ) ) ;
#1971 = CARTESIAN_POINT ( 'NONE',  ( 2.750000000000000000, 1.000000000000000000, 0.1250000000000000278 ) ) ;
#1972 = FACE_BOUND ( 'NONE', #1905, .T. ) ;
#1973 = ADVANCED_FACE ( 'NONE', ( #2358 ), #950, .F. ) ;
#1974 = ORIENTED_EDGE ( 'NONE', *, *, #236, .T. ) ;
#1975 = ORIENTED_EDGE ( 'NONE', *, *, #14, .F. ) ;
#1976 = VERTEX_POINT ( 'NONE', #293 ) ;
#1977 = EDGE_LOOP ( 'NONE', ( #1379, #490, #2731, #2379 ) ) ;
#1978 = LINE ( 'NONE', #419, #863 ) ;
#1979 = DIRECTION ( 'NONE',  ( -0.000000000000000000, -0.000000000000000000, -1.000000000000000000 ) ) ;
#1980 = EDGE_CURVE ( 'NONE', #1527, #410, #1246, .T. ) ;
#1981 = CARTESIAN_POINT ( 'NONE',  ( 1.249999999999999556, 0.1249999999999982514, 0.6550000000000001377 ) ) ;
#1982 = DIRECTION ( 'NONE',  ( -0.000000000000000000, -0.000000000000000000, -1.000000000000000000 ) ) ;
#1983 = CARTESIAN_POINT ( 'NONE',  ( 0.7500000000000004441, 0.5000000000000000000, 1.155000000000000027 ) ) ;
#1984 = CIRCLE ( 'NONE', #1129, 0.1005000000000004362 ) ;
#1985 = DIRECTION ( 'NONE',  ( -0.000000000000000000, 1.000000000000000000, 3.491481338843133355E-15 ) ) ;
#1986 = VECTOR ( 'NONE', #1165, 39.37007874015748143 ) ;
#1987 = FACE_OUTER_BOUND ( 'NONE', #91, .T. ) ;
#1988 = CIRCLE ( 'NONE', #2690, 0.2949999999999999845 ) ;
#1989 = ORIENTED_EDGE ( 'NONE', *, *, #1655, .T. ) ;
#1990 = ORIENTED_EDGE ( 'NONE', *, *, #7, .T. ) ;
#1991 = VERTEX_POINT ( 'NONE', #757 ) ;
#1992 = EDGE_CURVE ( 'NONE', #214, #243, #1662, .T. ) ;
#1993 = UNCERTAINTY_MEASURE_WITH_UNIT (LENGTH_MEASURE( 1.000000000000000082E-05 ), #1239, 'distance_accuracy_value', 'NONE');
#1994 = VERTEX_POINT ( 'NONE', #1423 ) ;
#1995 = DIRECTION ( 'NONE',  ( 1.000000000000000000, 0.000000000000000000, 0.000000000000000000 ) ) ;
#1996 = CARTESIAN_POINT ( 'NONE',  ( 3.875000000000000000, -2.100983995494903864E-15, 0.7554999999999996163 ) ) ;
#1997 = VECTOR ( 'NONE', #2391, 39.37007874015748143 ) ;
#1998 = CARTESIAN_POINT ( 'NONE',  ( 3.250000000000000000, -1.750090120941168630E-15, 0.6549999999999996936 ) ) ;
#1999 = FACE_BOUND ( 'NONE', #1489, .T. ) ;
#2000 = AXIS2_PLACEMENT_3D ( 'NONE', #2740, #312, #266 ) ;
#2001 = CIRCLE ( 'NONE', #1336, 0.1005000000000007415 ) ;
#2002 = DIRECTION ( 'NONE',  ( -0.000000000000000000, 0.000000000000000000, 1.000000000000000000 ) ) ;
#2003 = CARTESIAN_POINT ( 'NONE',  ( 0.2499999999999992506, -1.399196246387434975E-15, 0.5544999999999998819 ) ) ;
#2004 = CIRCLE ( 'NONE', #1007, 0.1005000000000004778 ) ;
#2005 = AXIS2_PLACEMENT_3D ( 'NONE', #449, #2440, #1759 ) ;
#2006 = CARTESIAN_POINT ( 'NONE',  ( 2.250000000000000444, 1.000000000000000000, 1.155000000000000027 ) ) ;
#2007 = VECTOR ( 'NONE', #2585, 39.37007874015748143 ) ;
#2008 = APPLICATION_CONTEXT ( 'configuration controlled 3d designs of mechanical parts and assemblies' ) ;
#2009 = VERTEX_POINT ( 'NONE', #1680 ) ;
#2010 = VERTEX_POINT ( 'NONE', #2582 ) ;
#2011 = ORIENTED_EDGE ( 'NONE', *, *, #2347, .F. ) ;
#2012 = VERTEX_POINT ( 'NONE', #1391 ) ;
#2013 = CARTESIAN_POINT ( 'NONE',  ( 3.875000000000000000, -9.721739543777440095E-16, 0.4294999999999998819 ) ) ;
#2014 = CARTESIAN_POINT ( 'NONE',  ( 0.1250000000000000000, 1.545000000000000151, 0.000000000000000000 ) ) ;
#2015 = EDGE_CURVE ( 'NONE', #669, #1635, #2327, .T. ) ;
#2016 = CYLINDRICAL_SURFACE ( 'NONE', #1052, 0.1005000000000004778 ) ;
#2017 = CARTESIAN_POINT ( 'NONE',  ( 0.1249999999999991673, -1.399196246387434975E-15, 0.5544999999999998819 ) ) ;
#2018 = PLANE ( 'NONE',  #2605 ) ;
#2019 = DIRECTION ( 'NONE',  ( 4.820548165041020907E-16, 0.000000000000000000, -1.000000000000000000 ) ) ;
#2020 = DIRECTION ( 'NONE',  ( 1.000000000000000000, -1.907639258086967512E-30, 5.463695987328531367E-16 ) ) ;
#2021 = ADVANCED_FACE ( 'NONE', ( #2102 ), #308, .F. ) ;
#2022 = ORIENTED_EDGE ( 'NONE', *, *, #564, .F. ) ;
#2023 = ORIENTED_EDGE ( 'NONE', *, *, #1816, .F. ) ;
#2024 = CARTESIAN_POINT ( 'NONE',  ( 3.850500000000000256, 0.5000000000000000000, 0.000000000000000000 ) ) ;
#2025 = ORIENTED_EDGE ( 'NONE', *, *, #14, .T. ) ;
#2026 = CARTESIAN_POINT ( 'NONE',  ( 0.5000000000000006661, 1.419999999999999929, 0.1250000000000000278 ) ) ;
#2027 = EDGE_CURVE ( 'NONE', #2472, #968, #2736, .T. ) ;
#2028 = CYLINDRICAL_SURFACE ( 'NONE', #2293, 0.1004999999999999227 ) ;
#2029 = CARTESIAN_POINT ( 'NONE',  ( 0.7499999999999993339, -1.750090120941169617E-15, 0.6549999999999998046 ) ) ;
#2030 = EDGE_CURVE ( 'NONE', #851, #2009, #960, .T. ) ;
#2031 = ORIENTED_EDGE ( 'NONE', *, *, #2547, .T. ) ;
#2032 = AXIS2_PLACEMENT_3D ( 'NONE', #1998, #842, #1300 ) ;
#2033 = ORIENTED_EDGE ( 'NONE', *, *, #758, .F. ) ;
#2034 = CARTESIAN_POINT ( 'NONE',  ( 3.649499999999999744, 1.000000000000000000, 1.155000000000000027 ) ) ;
#2035 = EDGE_CURVE ( 'NONE', #92, #2068, #82, .T. ) ;
#2036 = ORIENTED_EDGE ( 'NONE', *, *, #618, .T. ) ;
#2037 = CIRCLE ( 'NONE', #755, 0.1005000000000002003 ) ;
#2038 = ORIENTED_EDGE ( 'NONE', *, *, #758, .T. ) ;
#2039 = LINE ( 'NONE', #2497, #1838 ) ;
#2040 = DIRECTION ( 'NONE',  ( 0.000000000000000000, 3.491481338843135327E-15, -1.000000000000000000 ) ) ;
#2041 = CYLINDRICAL_SURFACE ( 'NONE', #1503, 0.1005000000000002003 ) ;
#2042 = DIRECTION ( 'NONE',  ( 1.000000000000000000, -1.907639258086966110E-30, 5.463695987328527423E-16 ) ) ;
#2043 = EDGE_CURVE ( 'NONE', #243, #2581, #2572, .T. ) ;
#2044 = CIRCLE ( 'NONE', #2697, 0.1005000000000002003 ) ;
#2045 = CIRCLE ( 'NONE', #1142, 0.1004999999999998533 ) ;
#2046 = DIRECTION ( 'NONE',  ( 0.000000000000000000, 0.000000000000000000, -1.000000000000000000 ) ) ;
#2047 = VECTOR ( 'NONE', #2646, 39.37007874015748143 ) ;
#2048 = VECTOR ( 'NONE', #256, 39.37007874015748143 ) ;
#2049 = EDGE_CURVE ( 'NONE', #92, #1748, #2798, .T. ) ;
#2050 = ORIENTED_EDGE ( 'NONE', *, *, #507, .T. ) ;
#2051 = CC_DESIGN_APPROVAL ( #136, ( #1164 ) ) ;
#2052 = AXIS2_PLACEMENT_3D ( 'NONE', #1173, #2129, #2783 ) ;
#2053 = LINE ( 'NONE', #2323, #865 ) ;
#2054 = ORIENTED_EDGE ( 'NONE', *, *, #188, .F. ) ;
#2055 = ADVANCED_FACE ( 'NONE', ( #2106 ), #330, .F. ) ;
#2056 = EDGE_CURVE ( 'NONE', #233, #83, #1451, .T. ) ;
#2057 = ORIENTED_EDGE ( 'NONE', *, *, #2663, .F. ) ;
#2058 = CARTESIAN_POINT ( 'NONE',  ( 3.250000000000000000, -1.750090120941169025E-15, 0.6549999999999996936 ) ) ;
#2059 = DIRECTION ( 'NONE',  ( -1.000000000000000000, 0.000000000000000000, 0.000000000000000000 ) ) ;
#2060 = DIRECTION ( 'NONE',  ( 0.000000000000000000, -1.000000000000000000, -3.491481338843133355E-15 ) ) ;
#2061 = CARTESIAN_POINT ( 'NONE',  ( 2.500000000000000000, 1.419999999999999929, 0.1250000000000000278 ) ) ;
#2062 = CYLINDRICAL_SURFACE ( 'NONE', #1520, 0.1005000000000002003 ) ;
#2063 = CARTESIAN_POINT ( 'NONE',  ( -9.158627111571695715E-16, 0.1250000000000000000, 0.1549999999999998879 ) ) ;
#2064 = EDGE_LOOP ( 'NONE', ( #2492, #467, #111, #2425 ) ) ;
#2065 = DIRECTION ( 'NONE',  ( -0.000000000000000000, -0.000000000000000000, -1.000000000000000000 ) ) ;
#2066 = DIRECTION ( 'NONE',  ( 0.000000000000000000, 3.567711932024229895E-15, -1.000000000000000000 ) ) ;
#2067 = ADVANCED_FACE ( 'NONE', ( #1031 ), #357, .F. ) ;
#2068 = VERTEX_POINT ( 'NONE', #2759 ) ;
#2069 = ORIENTED_EDGE ( 'NONE', *, *, #2800, .F. ) ;
#2070 = EDGE_LOOP ( 'NONE', ( #2356, #1073, #140, #2445 ) ) ;
#2071 = DIRECTION ( 'NONE',  ( 0.000000000000000000, -1.000000000000000000, -3.491481338843133355E-15 ) ) ;
#2072 = CARTESIAN_POINT ( 'NONE',  ( 3.250000000000000000, 0.5000000000000000000, 0.1250000000000000278 ) ) ;
#2073 = EDGE_LOOP ( 'NONE', ( #1966, #2709, #1644, #1922 ) ) ;
#2074 = DIRECTION ( 'NONE',  ( 1.000000000000000000, 0.000000000000000000, 0.000000000000000000 ) ) ;
#2075 = CARTESIAN_POINT ( 'NONE',  ( 0.1249999999999999029, 1.669999999999999929, 0.1250000000000000000 ) ) ;
#2076 = CARTESIAN_POINT ( 'NONE',  ( 0.3505000000000008109, 0.5000000000000000000, 1.155000000000000027 ) ) ;
#2077 = AXIS2_PLACEMENT_3D ( 'NONE', #1208, #342, #68 ) ;
#2078 = ORIENTED_EDGE ( 'NONE', *, *, #337, .F. ) ;
#2079 = EDGE_CURVE ( 'NONE', #2694, #2414, #2614, .T. ) ;
#2080 = CARTESIAN_POINT ( 'NONE',  ( -8.958899457194792665E-16, -3.055208049546744344E-15, 1.029999999999999583 ) ) ;
#2081 = CIRCLE ( 'NONE', #2329, 0.1004999999999998533 ) ;
#2082 = EDGE_CURVE ( 'NONE', #1635, #2178, #570, .T. ) ;
#2083 = VERTEX_POINT ( 'NONE', #525 ) ;
#2084 = CARTESIAN_POINT ( 'NONE',  ( -8.419157771868536299E-16, -9.721739543777442067E-16, 0.4295000000000000484 ) ) ;
#2085 = CARTESIAN_POINT ( 'NONE',  ( 3.250000000000000000, 0.5000000000000000000, 0.000000000000000000 ) ) ;
#2086 = FACE_OUTER_BOUND ( 'NONE', #1540, .T. ) ;
#2087 = CARTESIAN_POINT ( 'NONE',  ( 0.000000000000000000, 0.000000000000000000, 0.000000000000000000 ) ) ;
#2088 = DIRECTION ( 'NONE',  ( -0.000000000000000000, -0.000000000000000000, -1.000000000000000000 ) ) ;
#2089 = DIRECTION ( 'NONE',  ( 0.000000000000000000, 0.000000000000000000, -1.000000000000000000 ) ) ;
#2090 = EDGE_CURVE ( 'NONE', #2241, #105, #496, .T. ) ;
#2091 = EDGE_CURVE ( 'NONE', #131, #1351, #2155, .T. ) ;
#2092 = CIRCLE ( 'NONE', #2603, 0.1005000000000002003 ) ;
#2093 = ORIENTED_EDGE ( 'NONE', *, *, #1004, .T. ) ;
#2094 = CARTESIAN_POINT ( 'NONE',  ( 1.250000000000000000, 1.000000000000000000, 0.1250000000000000278 ) ) ;
#2095 = CARTESIAN_POINT ( 'NONE',  ( 2.399499999999999744, 1.419999999999999929, 1.155000000000000027 ) ) ;
#2096 = VECTOR ( 'NONE', #2355, 39.37007874015748143 ) ;
#2097 = AXIS2_PLACEMENT_3D ( 'NONE', #2858, #373, #1932 ) ;
#2098 = EDGE_LOOP ( 'NONE', ( #2794, #1800 ) ) ;
#2099 = APPROVAL_PERSON_ORGANIZATION ( #2818, #476, #987 ) ;
#2100 = VERTEX_POINT ( 'NONE', #1878 ) ;
#2101 = CIRCLE ( 'NONE', #822, 0.1005000000000004362 ) ;
#2102 = FACE_OUTER_BOUND ( 'NONE', #1713, .T. ) ;
#2103 = ORIENTED_EDGE ( 'NONE', *, *, #1911, .T. ) ;
#2104 = EDGE_LOOP ( 'NONE', ( #1707, #2198, #499, #1279 ) ) ;
#2105 = CARTESIAN_POINT ( 'NONE',  ( 2.399499999999999744, 1.419999999999999929, 0.000000000000000000 ) ) ;
#2106 = FACE_OUTER_BOUND ( 'NONE', #1128, .T. ) ;
#2107 = CARTESIAN_POINT ( 'NONE',  ( 1.749999999999999556, -2.100983995494903075E-15, 0.7554999999999996163 ) ) ;
#2108 = EDGE_CURVE ( 'NONE', #1678, #1579, #1467, .T. ) ;
#2109 = FACE_BOUND ( 'NONE', #67, .T. ) ;
#2110 = DIRECTION ( 'NONE',  ( 0.000000000000000000, 3.491481338843133355E-15, -1.000000000000000000 ) ) ;
#2111 = FACE_OUTER_BOUND ( 'NONE', #2070, .T. ) ;
#2112 = ADVANCED_FACE ( 'NONE', ( #1021 ), #557, .T. ) ;
#2113 = DIRECTION ( 'NONE',  ( -1.000000000000000000, 0.000000000000000000, 0.000000000000000000 ) ) ;
#2114 = ORIENTED_EDGE ( 'NONE', *, *, #781, .F. ) ;
#2115 = VERTEX_POINT ( 'NONE', #1442 ) ;
#2116 = CARTESIAN_POINT ( 'NONE',  ( 2.500000000000000000, 1.419999999999999929, 0.1250000000000000278 ) ) ;
#2117 = ORIENTED_EDGE ( 'NONE', *, *, #167, .F. ) ;
#2118 = FACE_OUTER_BOUND ( 'NONE', #721, .T. ) ;
#2119 = CARTESIAN_POINT ( 'NONE',  ( 4.000000000000000000, 1.669999999999999929, 0.1250000000000000000 ) ) ;
#2120 = PERSON_AND_ORGANIZATION_ROLE ( 'creator' ) ;
#2121 = DIRECTION ( 'NONE',  ( 0.000000000000000000, 0.000000000000000000, 1.000000000000000000 ) ) ;
#2122 = ADVANCED_FACE ( 'NONE', ( #1652 ), #2555, .T. ) ;
#2123 = DIRECTION ( 'NONE',  ( -1.000000000000000000, -0.000000000000000000, -0.000000000000000000 ) ) ;
#2124 = EDGE_CURVE ( 'NONE', #2666, #156, #1002, .T. ) ;
#2125 = VERTEX_POINT ( 'NONE', #1996 ) ;
#2126 = VERTEX_POINT ( 'NONE', #2613 ) ;
#2127 = ORIENTED_EDGE ( 'NONE', *, *, #1213, .T. ) ;
#2128 = ORIENTED_EDGE ( 'NONE', *, *, #2587, .F. ) ;
#2129 = DIRECTION ( 'NONE',  ( -0.000000000000000000, 1.000000000000000000, 3.491481338843133355E-15 ) ) ;
#2130 = ORIENTED_EDGE ( 'NONE', *, *, #318, .T. ) ;
#2131 = CARTESIAN_POINT ( 'NONE',  ( 4.000000000000000000, -3.262088639700810587E-18, 0.1549999999999993328 ) ) ;
#2132 = FACE_OUTER_BOUND ( 'NONE', #2164, .T. ) ;
#2133 = DIRECTION ( 'NONE',  ( 0.000000000000000000, 0.000000000000000000, 1.000000000000000000 ) ) ;
#2134 = FACE_BOUND ( 'NONE', #756, .T. ) ;
#2135 = PERSON_AND_ORGANIZATION ( #870, #1860 ) ;
#2136 = AXIS2_PLACEMENT_3D ( 'NONE', #530, #2336, #2790 ) ;
#2137 = LINE ( 'NONE', #2063, #529 ) ;
#2138 = CARTESIAN_POINT ( 'NONE',  ( 3.250000000000000000, -1.399196246387433989E-15, 0.5544999999999998819 ) ) ;
#2139 = AXIS2_PLACEMENT_3D ( 'NONE', #1632, #1703, #2407 ) ;
#2140 = DIRECTION ( 'NONE',  ( 1.000000000000000000, 0.000000000000000000, 0.000000000000000000 ) ) ;
#2141 = CARTESIAN_POINT ( 'NONE',  ( 0.1249999999999991673, -9.627610790320433053E-16, 0.4294999999999998819 ) ) ;
#2142 = ORIENTED_EDGE ( 'NONE', *, *, #618, .F. ) ;
#2143 = LINE ( 'NONE', #1896, #1425 ) ;
#2144 = AXIS2_PLACEMENT_3D ( 'NONE', #761, #85, #985 ) ;
#2145 = EDGE_CURVE ( 'NONE', #2083, #273, #221, .T. ) ;
#2146 = VERTEX_POINT ( 'NONE', #1496 ) ;
#2147 = EDGE_LOOP ( 'NONE', ( #535, #1558, #2166, #325 ) ) ;
#2148 = LINE ( 'NONE', #776, #2704 ) ;
#2149 = CIRCLE ( 'NONE', #2476, 0.1005000000000002003 ) ;
#2150 = VECTOR ( 'NONE', #2113, 39.37007874015748143 ) ;
#2151 = CIRCLE ( 'NONE', #505, 0.1004999999999998533 ) ;
#2152 = ORIENTED_EDGE ( 'NONE', *, *, #429, .T. ) ;
#2153 = CARTESIAN_POINT ( 'NONE',  ( 2.750000000000000000, -1.750090120941169025E-15, 0.6549999999999996936 ) ) ;
#2154 = ADVANCED_FACE ( 'NONE', ( #2243 ), #445, .F. ) ;
#2155 = LINE ( 'NONE', #972, #2510 ) ;
#2156 = AXIS2_PLACEMENT_3D ( 'NONE', #2486, #2505, #1561 ) ;
#2157 = EDGE_CURVE ( 'NONE', #810, #2115, #549, .T. ) ;
#2158 = ORIENTED_EDGE ( 'NONE', *, *, #2262, .T. ) ;
#2159 = DIRECTION ( 'NONE',  ( 1.000000000000000000, 0.000000000000000000, 0.000000000000000000 ) ) ;
#2160 = DIRECTION ( 'NONE',  ( -1.000000000000000000, 0.000000000000000000, 0.000000000000000000 ) ) ;
#2161 = CARTESIAN_POINT ( 'NONE',  ( 1.750000000000000222, 1.000000000000000000, 0.1250000000000000278 ) ) ;
#2162 = ORIENTED_EDGE ( 'NONE', *, *, #536, .F. ) ;
#2163 = ORIENTED_EDGE ( 'NONE', *, *, #394, .F. ) ;
#2164 = EDGE_LOOP ( 'NONE', ( #809, #532, #1770, #1975, #174, #2303, #2737, #203, #824, #2036, #2365, #1263, #1960, #979, #997, #2766, #995, #2886 ) ) ;
#2165 = ORIENTED_EDGE ( 'NONE', *, *, #925, .F. ) ;
#2166 = ORIENTED_EDGE ( 'NONE', *, *, #129, .F. ) ;
#2167 = ADVANCED_FACE ( 'NONE', ( #1312 ), #1741, .F. ) ;
#2168 = ORIENTED_EDGE ( 'NONE', *, *, #596, .T. ) ;
#2169 = DIRECTION ( 'NONE',  ( -0.000000000000000000, -0.000000000000000000, -1.000000000000000000 ) ) ;
#2170 = CARTESIAN_POINT ( 'NONE',  ( 3.649499999999999744, 1.000000000000000000, 0.000000000000000000 ) ) ;
#2171 = APPROVAL_STATUS ( 'not_yet_approved' ) ;
#2172 = FACE_OUTER_BOUND ( 'NONE', #1381, .T. ) ;
#2173 = FACE_BOUND ( 'NONE', #230, .T. ) ;
#2174 = DIRECTION ( 'NONE',  ( -0.000000000000000000, -0.000000000000000000, -1.000000000000000000 ) ) ;
#2175 = DIRECTION ( 'NONE',  ( 0.000000000000000000, 3.567711932024232262E-15, -1.000000000000000000 ) ) ;
#2176 = ORIENTED_EDGE ( 'NONE', *, *, #873, .T. ) ;
#2177 = EDGE_LOOP ( 'NONE', ( #882, #443 ) ) ;
#2178 = VERTEX_POINT ( 'NONE', #2830 ) ;
#2179 = ORIENTED_EDGE ( 'NONE', *, *, #93, .T. ) ;
#2180 = CARTESIAN_POINT ( 'NONE',  ( 1.350500000000000478, 1.000000000000000000, 1.155000000000000027 ) ) ;
#2181 = PLANE ( 'NONE',  #2244 ) ;
#2182 = EDGE_CURVE ( 'NONE', #2823, #1247, #2894, .T. ) ;
#2183 = CIRCLE ( 'NONE', #1365, 0.2949999999999999845 ) ;
#2184 = CARTESIAN_POINT ( 'NONE',  ( 1.750000000000000222, 1.000000000000000000, 1.155000000000000027 ) ) ;
#2185 = AXIS2_PLACEMENT_3D ( 'NONE', #1643, #1894, #2377 ) ;
#2186 = DIRECTION ( 'NONE',  ( 0.000000000000000000, -3.491481338843130594E-15, 1.000000000000000000 ) ) ;
#2187 = CYLINDRICAL_SURFACE ( 'NONE', #2734, 0.1004999999999999227 ) ;
#2188 = AXIS2_PLACEMENT_3D ( 'NONE', #139, #1271, #818 ) ;
#2189 = EDGE_CURVE ( 'NONE', #1728, #612, #1760, .T. ) ;
#2190 = DIRECTION ( 'NONE',  ( 0.000000000000000000, 0.000000000000000000, -1.000000000000000000 ) ) ;
#2191 = EDGE_CURVE ( 'NONE', #1438, #2309, #1712, .T. ) ;
#2192 = ORIENTED_EDGE ( 'NONE', *, *, #965, .F. ) ;
#2193 = ORIENTED_EDGE ( 'NONE', *, *, #1083, .F. ) ;
#2194 = DIRECTION ( 'NONE',  ( -1.000000000000000000, 0.000000000000000000, 0.000000000000000000 ) ) ;
#2195 = DIRECTION ( 'NONE',  ( 0.000000000000000000, 1.000000000000000000, 3.491481338843132961E-15 ) ) ;
#2196 = ORIENTED_EDGE ( 'NONE', *, *, #2722, .T. ) ;
#2197 = AXIS2_PLACEMENT_3D ( 'NONE', #154, #1430, #296 ) ;
#2198 = ORIENTED_EDGE ( 'NONE', *, *, #925, .T. ) ;
#2199 = CIRCLE ( 'NONE', #2290, 0.02999999999999998848 ) ;
#2200 = LINE ( 'NONE', #1480, #2745 ) ;
#2201 = DIRECTION ( 'NONE',  ( 0.000000000000000000, 0.000000000000000000, 1.000000000000000000 ) ) ;
#2202 = FACE_BOUND ( 'NONE', #2098, .T. ) ;
#2203 = VECTOR ( 'NONE', #1982, 39.37007874015748143 ) ;
#2204 = ADVANCED_FACE ( 'NONE', ( #1968 ), #398, .F. ) ;
#2205 = DIRECTION ( 'NONE',  ( 0.000000000000000000, -3.491481338843133750E-15, 1.000000000000000000 ) ) ;
#2206 = EDGE_CURVE ( 'NONE', #2100, #1349, #2672, .T. ) ;
#2207 = CARTESIAN_POINT ( 'NONE',  ( 2.500000000000000000, 1.419999999999999929, 0.000000000000000000 ) ) ;
#2208 = LINE ( 'NONE', #183, #402 ) ;
#2209 = CARTESIAN_POINT ( 'NONE',  ( 3.350500000000000256, 0.5000000000000000000, 1.155000000000000027 ) ) ;
#2210 = ORIENTED_EDGE ( 'NONE', *, *, #2677, .T. ) ;
#2211 = VERTEX_POINT ( 'NONE', #1731 ) ;
#2212 = ADVANCED_FACE ( 'NONE', ( #2435 ), #1545, .F. ) ;
#2213 = ORIENTED_EDGE ( 'NONE', *, *, #2049, .T. ) ;
#2214 = ORIENTED_EDGE ( 'NONE', *, *, #1446, .F. ) ;
#2215 = CARTESIAN_POINT ( 'NONE',  ( 1.149499999999999522, 1.000000000000000000, 0.000000000000000000 ) ) ;
#2216 = CARTESIAN_POINT ( 'NONE',  ( 2.750000000000000000, -2.780077115899892813E-15, 0.9499999999999997335 ) ) ;
#2217 = SHAPE_DEFINITION_REPRESENTATION ( #209, #65 ) ;
#2218 = VERTEX_POINT ( 'NONE', #2859 ) ;
#2219 = DIRECTION ( 'NONE',  ( -0.000000000000000000, -0.000000000000000000, -1.000000000000000000 ) ) ;
#2220 = DIRECTION ( 'NONE',  ( 0.000000000000000000, -1.000000000000000000, -3.491481338843133355E-15 ) ) ;
#2221 = EDGE_CURVE ( 'NONE', #954, #1017, #2092, .T. ) ;
#2222 = FACE_BOUND ( 'NONE', #309, .T. ) ;
#2223 = ADVANCED_FACE ( 'NONE', ( #1512 ), #2181, .F. ) ;
#2224 = EDGE_LOOP ( 'NONE', ( #1616, #790, #2038, #2031 ) ) ;
#2225 = ORIENTED_EDGE ( 'NONE', *, *, #2079, .F. ) ;
#2226 = VERTEX_POINT ( 'NONE', #1045 ) ;
#2227 = ORIENTED_EDGE ( 'NONE', *, *, #1392, .F. ) ;
#2228 = CARTESIAN_POINT ( 'NONE',  ( 3.850500000000000256, 1.000000000000000000, 0.000000000000000000 ) ) ;
#2229 = DIRECTION ( 'NONE',  ( -0.000000000000000000, 1.000000000000000000, 3.491481338843132961E-15 ) ) ;
#2230 = CC_DESIGN_PERSON_AND_ORGANIZATION_ASSIGNMENT ( #87, #527, ( #1502 ) ) ;
#2231 = PLANE ( 'NONE',  #2418 ) ;
#2232 = CARTESIAN_POINT ( 'NONE',  ( 3.750000000000000000, 0.1249999999999978767, 0.7554999999999999494 ) ) ;
#2233 = VECTOR ( 'NONE', #1668, 39.37007874015748143 ) ;
#2234 = DIRECTION ( 'NONE',  ( 0.000000000000000000, 0.000000000000000000, -1.000000000000000000 ) ) ;
#2235 = VECTOR ( 'NONE', #102, 39.37007874015748143 ) ;
#2236 = CARTESIAN_POINT ( 'NONE',  ( 2.249999999999999556, 0.1249999999999979045, 0.7555000000000000604 ) ) ;
#2237 = VECTOR ( 'NONE', #1170, 39.37007874015748143 ) ;
#2238 = ORIENTED_EDGE ( 'NONE', *, *, #2456, .F. ) ;
#2239 = CYLINDRICAL_SURFACE ( 'NONE', #546, 0.1005000000000007415 ) ;
#2240 = LINE ( 'NONE', #217, #1341 ) ;
#2241 = VERTEX_POINT ( 'NONE', #840 ) ;
#2242 = DIRECTION ( 'NONE',  ( 0.000000000000000000, 0.000000000000000000, -1.000000000000000000 ) ) ;
#2243 = FACE_OUTER_BOUND ( 'NONE', #1059, .T. ) ;
#2244 = AXIS2_PLACEMENT_3D ( 'NONE', #2871, #2448, #854 ) ;
#2245 = CARTESIAN_POINT ( 'NONE',  ( 4.000000000000000000, 1.545000000000000151, 0.1250000000000000000 ) ) ;
#2246 = EDGE_CURVE ( 'NONE', #2524, #612, #205, .T. ) ;
#2247 = CYLINDRICAL_SURFACE ( 'NONE', #2005, 0.1005000000000004778 ) ;
#2248 = ADVANCED_FACE ( 'NONE', ( #160 ), #830, .F. ) ;
#2249 = AXIS2_PLACEMENT_3D ( 'NONE', #213, #1053, #1317 ) ;
#2250 = AXIS2_PLACEMENT_3D ( 'NONE', #2340, #2671, #2682 ) ;
#2251 = CARTESIAN_POINT ( 'NONE',  ( 3.850500000000000256, 0.5000000000000000000, 1.155000000000000027 ) ) ;
#2252 = DIRECTION ( 'NONE',  ( 0.000000000000000000, 0.000000000000000000, 1.000000000000000000 ) ) ;
#2253 = DIRECTION ( 'NONE',  ( 3.503246160812042677E-46, 1.000000000000000000, 3.491481338843133355E-15 ) ) ;
#2254 = AXIS2_PLACEMENT_3D ( 'NONE', #2087, #1881, #1910 ) ;
#2255 = VECTOR ( 'NONE', #2219, 39.37007874015748143 ) ;
#2256 = LINE ( 'NONE', #637, #1145 ) ;
#2257 = AXIS2_PLACEMENT_3D ( 'NONE', #782, #147, #2372 ) ;
#2258 = ORIENTED_EDGE ( 'NONE', *, *, #2246, .T. ) ;
#2259 = ORIENTED_EDGE ( 'NONE', *, *, #2571, .F. ) ;
#2260 = CARTESIAN_POINT ( 'NONE',  ( 3.250000000000000000, 0.1249999999999982514, 0.6550000000000001377 ) ) ;
#2261 = ORIENTED_EDGE ( 'NONE', *, *, #376, .T. ) ;
#2262 = EDGE_CURVE ( 'NONE', #1275, #130, #1757, .T. ) ;
#2263 = DIRECTION ( 'NONE',  ( -1.000000000000000000, 0.000000000000000000, 0.000000000000000000 ) ) ;
#2264 = CARTESIAN_POINT ( 'NONE',  ( 0.7499999999999993339, -2.100983995494903075E-15, 0.7554999999999997273 ) ) ;
#2265 = DIRECTION ( 'NONE',  ( -0.000000000000000000, -0.000000000000000000, -1.000000000000000000 ) ) ;
#2266 = CARTESIAN_POINT ( 'NONE',  ( 3.875000000000000000, -2.537419162850295139E-15, 0.8804999999999995053 ) ) ;
#2267 = VERTEX_POINT ( 'NONE', #2017 ) ;
#2268 = CARTESIAN_POINT ( 'NONE',  ( 1.350500000000000478, 0.5000000000000000000, 0.000000000000000000 ) ) ;
#2269 = EDGE_LOOP ( 'NONE', ( #1117, #2411, #703, #103 ) ) ;
#2270 = EDGE_CURVE ( 'NONE', #2226, #1150, #816, .T. ) ;
#2271 = ORIENTED_EDGE ( 'NONE', *, *, #1980, .T. ) ;
#2272 = LINE ( 'NONE', #1344, #1453 ) ;
#2273 = EDGE_CURVE ( 'NONE', #1019, #1749, #1132, .T. ) ;
#2274 = DIRECTION ( 'NONE',  ( 0.000000000000000000, -1.000000000000000000, -3.491481338843133355E-15 ) ) ;
#2275 = FACE_OUTER_BOUND ( 'NONE', #1601, .T. ) ;
#2276 = EDGE_CURVE ( 'NONE', #328, #1862, #2381, .T. ) ;
#2277 = DIRECTION ( 'NONE',  ( -0.000000000000000000, -1.000000000000000000, -3.491481338843132961E-15 ) ) ;
#2278 = CIRCLE ( 'NONE', #989, 0.1005000000000002003 ) ;
#2279 = ORIENTED_EDGE ( 'NONE', *, *, #2780, .F. ) ;
#2280 = CARTESIAN_POINT ( 'NONE',  ( 4.000000000000000000, 0.1549999999999999989, 0.000000000000000000 ) ) ;
#2281 = EDGE_CURVE ( 'NONE', #130, #2472, #455, .T. ) ;
#2282 = CIRCLE ( 'NONE', #158, 0.1005000000000004778 ) ;
#2283 = EDGE_LOOP ( 'NONE', ( #1405, #1006, #1974, #2856 ) ) ;
#2284 = DIRECTION ( 'NONE',  ( -0.000000000000000000, -0.000000000000000000, -1.000000000000000000 ) ) ;
#2285 = ORIENTED_EDGE ( 'NONE', *, *, #1143, .T. ) ;
#2286 = DIRECTION ( 'NONE',  ( -1.000000000000000000, 0.000000000000000000, 0.000000000000000000 ) ) ;
#2287 = DIRECTION ( 'NONE',  ( 0.000000000000000000, -3.491481338843132961E-15, 1.000000000000000000 ) ) ;
#2288 = CARTESIAN_POINT ( 'NONE',  ( 1.250000000000000000, 0.5000000000000000000, 1.155000000000000027 ) ) ;
#2289 = VECTOR ( 'NONE', #2879, 39.37007874015748143 ) ;
#2290 = AXIS2_PLACEMENT_3D ( 'NONE', #1297, #192, #432 ) ;
#2291 = CARTESIAN_POINT ( 'NONE',  ( 1.500000000000000444, 1.419999999999999929, 0.000000000000000000 ) ) ;
#2292 = ADVANCED_FACE ( 'NONE', ( #2450 ), #248, .F. ) ;
#2293 = AXIS2_PLACEMENT_3D ( 'NONE', #1566, #484, #2287 ) ;
#2294 = VECTOR ( 'NONE', #814, 39.37007874015748143 ) ;
#2295 = CARTESIAN_POINT ( 'NONE',  ( 2.250000000000000444, 1.000000000000000000, 0.000000000000000000 ) ) ;
#2296 = ORIENTED_EDGE ( 'NONE', *, *, #2091, .F. ) ;
#2297 = CARTESIAN_POINT ( 'NONE',  ( 3.750000000000000000, 1.000000000000000000, 0.000000000000000000 ) ) ;
#2298 = AXIS2_PLACEMENT_3D ( 'NONE', #2455, #2429, #1727 ) ;
#2299 = CARTESIAN_POINT ( 'NONE',  ( 0.6494999999999999662, 1.000000000000000000, 0.1250000000000000278 ) ) ;
#2300 = DIRECTION ( 'NONE',  ( 0.000000000000000000, 0.000000000000000000, -1.000000000000000000 ) ) ;
#2301 = EDGE_CURVE ( 'NONE', #1633, #835, #1802, .T. ) ;
#2302 = ORIENTED_EDGE ( 'NONE', *, *, #66, .T. ) ;
#2303 = ORIENTED_EDGE ( 'NONE', *, *, #1068, .T. ) ;
#2304 = DIRECTION ( 'NONE',  ( 1.000000000000000000, 0.000000000000000000, 0.000000000000000000 ) ) ;
#2305 = ORIENTED_EDGE ( 'NONE', *, *, #1581, .F. ) ;
#2306 = DIRECTION ( 'NONE',  ( 4.820548165041020907E-16, 3.491481338843132961E-15, -1.000000000000000000 ) ) ;
#2307 = CARTESIAN_POINT ( 'NONE',  ( 2.649499999999999744, 0.5000000000000000000, 0.000000000000000000 ) ) ;
#2308 = CARTESIAN_POINT ( 'NONE',  ( 1.649499999999999744, 0.5000000000000000000, 1.155000000000000027 ) ) ;
#2309 = VERTEX_POINT ( 'NONE', #857 ) ;
#2310 = CARTESIAN_POINT ( 'NONE',  ( 0.6005000000000011440, 1.419999999999999929, 0.000000000000000000 ) ) ;
#2311 = DIRECTION ( 'NONE',  ( 1.000000000000000000, 0.000000000000000000, 0.000000000000000000 ) ) ;
#2312 = ADVANCED_FACE ( 'NONE', ( #1762 ), #1565, .F. ) ;
#2313 = DIRECTION ( 'NONE',  ( -0.000000000000000000, -0.000000000000000000, -1.000000000000000000 ) ) ;
#2314 = VERTEX_POINT ( 'NONE', #875 ) ;
#2315 = CARTESIAN_POINT ( 'NONE',  ( 2.750000000000000000, 0.5000000000000000000, 0.000000000000000000 ) ) ;
#2316 = VERTEX_POINT ( 'NONE', #2675 ) ;
#2317 = CARTESIAN_POINT ( 'NONE',  ( 1.249999999999999556, -7.201031259824444484E-16, 0.3599999999999996536 ) ) ;
#2318 = CARTESIAN_POINT ( 'NONE',  ( 0.2500000000000003331, 0.5000000000000000000, 0.1250000000000000278 ) ) ;
#2319 = CARTESIAN_POINT ( 'NONE',  ( 2.750000000000000000, 1.000000000000000000, 0.1250000000000000278 ) ) ;
#2320 = DIRECTION ( 'NONE',  ( -1.000000000000000000, 0.000000000000000000, 0.000000000000000000 ) ) ;
#2321 = ORIENTED_EDGE ( 'NONE', *, *, #778, .F. ) ;
#2322 = CARTESIAN_POINT ( 'NONE',  ( 3.250000000000000000, 0.1249999999999979045, 0.7555000000000000604 ) ) ;
#2323 = CARTESIAN_POINT ( 'NONE',  ( 1.149499999999999522, 0.5000000000000000000, 1.155000000000000027 ) ) ;
#2324 = PLANE ( 'NONE',  #943 ) ;
#2325 = VECTOR ( 'NONE', #2332, 39.37007874015748143 ) ;
#2326 = ORIENTED_EDGE ( 'NONE', *, *, #1514, .T. ) ;
#2327 = LINE ( 'NONE', #969, #1769 ) ;
#2328 = EDGE_CURVE ( 'NONE', #851, #1043, #238, .T. ) ;
#2329 = AXIS2_PLACEMENT_3D ( 'NONE', #1847, #2071, #50 ) ;
#2330 = CIRCLE ( 'NONE', #1893, 0.1005000000000004778 ) ;
#2331 = ORIENTED_EDGE ( 'NONE', *, *, #1302, .F. ) ;
#2332 = DIRECTION ( 'NONE',  ( -0.000000000000000000, -0.000000000000000000, -1.000000000000000000 ) ) ;
#2333 = CARTESIAN_POINT ( 'NONE',  ( 0.1249999999999999029, 1.669999999999999929, 0.1250000000000000000 ) ) ;
#2334 =( NAMED_UNIT ( * ) SI_UNIT ( $, .STERADIAN. ) SOLID_ANGLE_UNIT ( ) );
#2335 = ADVANCED_FACE ( 'NONE', ( #662 ), #1345, .F. ) ;
#2336 = DIRECTION ( 'NONE',  ( -0.000000000000000000, 1.000000000000000000, 3.491481338843133355E-15 ) ) ;
#2337 = AXIS2_PLACEMENT_3D ( 'NONE', #724, #1178, #311 ) ;
#2338 = CIRCLE ( 'NONE', #2698, 0.1005000000000004778 ) ;
#2339 = VERTEX_POINT ( 'NONE', #450 ) ;
#2340 = CARTESIAN_POINT ( 'NONE',  ( 0.2500000000000003331, 0.5000000000000000000, 0.1250000000000000278 ) ) ;
#2341 = AXIS2_PLACEMENT_3D ( 'NONE', #473, #2274, #2040 ) ;
#2342 = AXIS2_PLACEMENT_3D ( 'NONE', #2529, #2320, #298 ) ;
#2343 = VERTEX_POINT ( 'NONE', #2498 ) ;
#2344 = ORIENTED_EDGE ( 'NONE', *, *, #184, .F. ) ;
#2345 = CARTESIAN_POINT ( 'NONE',  ( 4.000000000000000000, -2.537419162850295139E-15, 0.8804999999999995053 ) ) ;
#2346 = VERTEX_POINT ( 'NONE', #1623 ) ;
#2347 = EDGE_CURVE ( 'NONE', #2346, #186, #216, .T. ) ;
#2348 = ORIENTED_EDGE ( 'NONE', *, *, #236, .F. ) ;
#2349 = DIRECTION ( 'NONE',  ( -0.000000000000000000, -0.000000000000000000, -1.000000000000000000 ) ) ;
#2350 = DATE_AND_TIME ( #2557, #1768 ) ;
#2351 = EDGE_CURVE ( 'NONE', #2218, #2346, #86, .T. ) ;
#2352 = FACE_BOUND ( 'NONE', #1221, .T. ) ;
#2353 = CARTESIAN_POINT ( 'NONE',  ( 2.600500000000000256, 1.419999999999999929, 0.1250000000000000278 ) ) ;
#2354 = ADVANCED_FACE ( 'NONE', ( #1654 ), #483, .F. ) ;
#2355 = DIRECTION ( 'NONE',  ( -0.000000000000000000, -0.000000000000000000, -1.000000000000000000 ) ) ;
#2356 = ORIENTED_EDGE ( 'NONE', *, *, #572, .F. ) ;
#2357 = ORIENTED_EDGE ( 'NONE', *, *, #2301, .F. ) ;
#2358 = FACE_OUTER_BOUND ( 'NONE', #511, .T. ) ;
#2359 = EDGE_LOOP ( 'NONE', ( #2397, #881 ) ) ;
#2360 = DIRECTION ( 'NONE',  ( -0.000000000000000000, -0.000000000000000000, -1.000000000000000000 ) ) ;
#2361 = FACE_OUTER_BOUND ( 'NONE', #640, .T. ) ;
#2362 = ORIENTED_EDGE ( 'NONE', *, *, #2800, .T. ) ;
#2363 = DIRECTION ( 'NONE',  ( 0.000000000000000000, 3.551402391763541592E-15, -1.000000000000000000 ) ) ;
#2364 = ADVANCED_FACE ( 'NONE', ( #2086 ), #2509, .F. ) ;
#2365 = ORIENTED_EDGE ( 'NONE', *, *, #2765, .F. ) ;
#2366 = ORIENTED_EDGE ( 'NONE', *, *, #2079, .T. ) ;
#2367 = ADVANCED_FACE ( 'NONE', ( #737, #926, #2761, #939, #1639, #571, #387, #2817, #2202, #375, #161, #1951, #813, #986, #2134, #2626, #1695, #134, #1254, #1468, #1452 ), #399, .F. ) ;
#2368 = DIRECTION ( 'NONE',  ( -5.463695987328531367E-16, -3.491481338843132961E-15, 1.000000000000000000 ) ) ;
#2369 = VERTEX_POINT ( 'NONE', #2170 ) ;
#2370 = CARTESIAN_POINT ( 'NONE',  ( 1.250000000000000000, 1.000000000000000000, 0.000000000000000000 ) ) ;
#2371 = AXIS2_PLACEMENT_3D ( 'NONE', #1433, #2121, #172 ) ;
#2372 = DIRECTION ( 'NONE',  ( 1.000000000000000000, 0.000000000000000000, 0.000000000000000000 ) ) ;
#2373 = CARTESIAN_POINT ( 'NONE',  ( 3.750000000000000000, 0.5000000000000000000, 0.000000000000000000 ) ) ;
#2374 = AXIS2_PLACEMENT_3D ( 'NONE', #2512, #917, #1095 ) ;
#2375 = ORIENTED_EDGE ( 'NONE', *, *, #2547, .F. ) ;
#2376 = FACE_BOUND ( 'NONE', #2612, .T. ) ;
#2377 = DIRECTION ( 'NONE',  ( -1.000000000000000000, 0.000000000000000000, 0.000000000000000000 ) ) ;
#2378 = EDGE_CURVE ( 'NONE', #2218, #2784, #2431, .T. ) ;
#2379 = ORIENTED_EDGE ( 'NONE', *, *, #2787, .F. ) ;
#2380 = EDGE_CURVE ( 'NONE', #410, #1873, #1443, .T. ) ;
#2381 = CIRCLE ( 'NONE', #1804, 0.2949999999999999845 ) ;
#2382 = ORIENTED_EDGE ( 'NONE', *, *, #2484, .T. ) ;
#2383 = EDGE_LOOP ( 'NONE', ( #2814, #914, #57, #2130 ) ) ;
#2384 = AXIS2_PLACEMENT_3D ( 'NONE', #2460, #1481, #386 ) ;
#2385 = AXIS2_PLACEMENT_3D ( 'NONE', #964, #2515, #506 ) ;
#2386 = CIRCLE ( 'NONE', #1854, 0.1004999999999998533 ) ;
#2387 = CIRCLE ( 'NONE', #2342, 0.1549999999999999989 ) ;
#2388 = ORIENTED_EDGE ( 'NONE', *, *, #596, .F. ) ;
#2389 = EDGE_LOOP ( 'NONE', ( #1204, #1264, #837, #2348 ) ) ;
#2390 = LINE ( 'NONE', #602, #1855 ) ;
#2391 = DIRECTION ( 'NONE',  ( 0.000000000000000000, 1.000000000000000000, 0.000000000000000000 ) ) ;
#2392 = AXIS2_PLACEMENT_3D ( 'NONE', #1343, #1826, #459 ) ;
#2393 = CARTESIAN_POINT ( 'NONE',  ( 3.875000000000000000, 1.545000000000000151, 0.1250000000000000000 ) ) ;
#2394 = CARTESIAN_POINT ( 'NONE',  ( 2.750000000000000000, -1.750090120941169025E-15, 0.6549999999999996936 ) ) ;
#2395 = FACE_OUTER_BOUND ( 'NONE', #713, .T. ) ;
#2396 = EDGE_CURVE ( 'NONE', #2518, #2267, #1909, .T. ) ;
#2397 = ORIENTED_EDGE ( 'NONE', *, *, #2378, .F. ) ;
#2398 = ORIENTED_EDGE ( 'NONE', *, *, #746, .F. ) ;
#2399 = FACE_OUTER_BOUND ( 'NONE', #1479, .T. ) ;
#2400 = ORIENTED_EDGE ( 'NONE', *, *, #200, .F. ) ;
#2401 = DIRECTION ( 'NONE',  ( -3.503246160812042677E-46, -1.000000000000000000, -3.491481338843132961E-15 ) ) ;
#2402 = CARTESIAN_POINT ( 'NONE',  ( 0.000000000000000000, 0.1549999999999999989, 0.000000000000000000 ) ) ;
#2403 = DATE_TIME_ROLE ( 'classification_date' ) ;
#2404 = EDGE_CURVE ( 'NONE', #1586, #142, #2149, .T. ) ;
#2405 = FACE_BOUND ( 'NONE', #2469, .T. ) ;
#2406 = EDGE_CURVE ( 'NONE', #2009, #851, #2044, .T. ) ;
#2407 = DIRECTION ( 'NONE',  ( -1.000000000000000000, 0.000000000000000000, 0.000000000000000000 ) ) ;
#2408 = DIRECTION ( 'NONE',  ( -0.000000000000000000, -0.000000000000000000, -1.000000000000000000 ) ) ;
#2409 = DIRECTION ( 'NONE',  ( -0.000000000000000000, -0.000000000000000000, -1.000000000000000000 ) ) ;
#2410 = ORIENTED_EDGE ( 'NONE', *, *, #1459, .T. ) ;
#2411 = ORIENTED_EDGE ( 'NONE', *, *, #2276, .T. ) ;
#2412 = ORIENTED_EDGE ( 'NONE', *, *, #1681, .F. ) ;
#2413 = DIRECTION ( 'NONE',  ( 0.000000000000000000, 3.491481338843132961E-15, -1.000000000000000000 ) ) ;
#2414 = VERTEX_POINT ( 'NONE', #952 ) ;
#2415 = ORIENTED_EDGE ( 'NONE', *, *, #1371, .T. ) ;
#2416 = DIRECTION ( 'NONE',  ( -0.000000000000000000, -0.000000000000000000, -1.000000000000000000 ) ) ;
#2417 = CARTESIAN_POINT ( 'NONE',  ( 0.2500000000000003331, 1.000000000000000000, 1.155000000000000027 ) ) ;
#2418 = AXIS2_PLACEMENT_3D ( 'NONE', #1937, #1313, #1498 ) ;
#2419 = CYLINDRICAL_SURFACE ( 'NONE', #265, 0.2949999999999999845 ) ;
#2420 = VECTOR ( 'NONE', #76, 39.37007874015748143 ) ;
#2421 = ADVANCED_FACE ( 'NONE', ( #2506 ), #280, .F. ) ;
#2422 = CARTESIAN_POINT ( 'NONE',  ( 3.750000000000000000, 0.1249999999999982514, 0.6550000000000001377 ) ) ;
#2423 = AXIS2_PLACEMENT_3D ( 'NONE', #2422, #1721, #2175 ) ;
#2424 = CARTESIAN_POINT ( 'NONE',  ( 2.649499999999999744, 0.5000000000000000000, 0.1250000000000000278 ) ) ;
#2425 = ORIENTED_EDGE ( 'NONE', *, *, #959, .T. ) ;
#2426 = VERTEX_POINT ( 'NONE', #1491 ) ;
#2427 = VERTEX_POINT ( 'NONE', #956 ) ;
#2428 = DIRECTION ( 'NONE',  ( -0.000000000000000000, -0.000000000000000000, -1.000000000000000000 ) ) ;
#2429 = DIRECTION ( 'NONE',  ( 1.000000000000000000, -0.000000000000000000, -0.000000000000000000 ) ) ;
#2430 = ORIENTED_EDGE ( 'NONE', *, *, #334, .F. ) ;
#2431 = CIRCLE ( 'NONE', #1141, 0.1005000000000004778 ) ;
#2432 = ORIENTED_EDGE ( 'NONE', *, *, #803, .T. ) ;
#2433 = AXIS2_PLACEMENT_3D ( 'NONE', #2733, #1188, #2140 ) ;
#2434 = CARTESIAN_POINT ( 'NONE',  ( 1.249999999999999556, 0.1249999999999972383, 0.9500000000000002887 ) ) ;
#2435 = FACE_OUTER_BOUND ( 'NONE', #1571, .T. ) ;
#2436 = CIRCLE ( 'NONE', #2841, 0.1004999999999998533 ) ;
#2437 = CIRCLE ( 'NONE', #1471, 0.1005000000000004778 ) ;
#2438 = LOCAL_TIME ( 17, 26, 45.00000000000000000, #2639 ) ;
#2439 = AXIS2_PLACEMENT_3D ( 'NONE', #2116, #94, #350 ) ;
#2440 = DIRECTION ( 'NONE',  ( -0.000000000000000000, -0.000000000000000000, -1.000000000000000000 ) ) ;
#2441 = EDGE_CURVE ( 'NONE', #1724, #105, #2542, .T. ) ;
#2442 = CARTESIAN_POINT ( 'NONE',  ( 1.350500000000000478, 0.5000000000000000000, 1.155000000000000027 ) ) ;
#2443 = ORIENTED_EDGE ( 'NONE', *, *, #2576, .F. ) ;
#2444 = ADVANCED_FACE ( 'NONE', ( #750 ), #1710, .F. ) ;
#2445 = ORIENTED_EDGE ( 'NONE', *, *, #1393, .T. ) ;
#2446 = EDGE_LOOP ( 'NONE', ( #2238, #2162 ) ) ;
#2447 = CARTESIAN_POINT ( 'NONE',  ( 2.149499999999999744, 1.000000000000000000, 0.1250000000000000278 ) ) ;
#2448 = DIRECTION ( 'NONE',  ( 0.000000000000000000, 3.491481338843133750E-15, -1.000000000000000000 ) ) ;
#2449 = CARTESIAN_POINT ( 'NONE',  ( 3.750000000000000000, 0.1249999999999985983, 0.5545000000000003260 ) ) ;
#2450 = FACE_OUTER_BOUND ( 'NONE', #294, .T. ) ;
#2451 = CARTESIAN_POINT ( 'NONE',  ( 2.750000000000000000, 0.1249999999999982514, 0.6550000000000001377 ) ) ;
#2452 = DIRECTION ( 'NONE',  ( 0.000000000000000000, 0.000000000000000000, -1.000000000000000000 ) ) ;
#2453 = ORIENTED_EDGE ( 'NONE', *, *, #1357, .T. ) ;
#2454 = ORIENTED_EDGE ( 'NONE', *, *, #2035, .T. ) ;
#2455 = CARTESIAN_POINT ( 'NONE',  ( 4.000000000000000000, 0.1549999999999999989, 0.1549999999999999156 ) ) ;
#2456 = EDGE_CURVE ( 'NONE', #1633, #1919, #678, .T. ) ;
#2457 = EDGE_CURVE ( 'NONE', #1019, #233, #1850, .T. ) ;
#2458 = ORIENTED_EDGE ( 'NONE', *, *, #656, .T. ) ;
#2459 = LINE ( 'NONE', #1630, #2842 ) ;
#2460 = CARTESIAN_POINT ( 'NONE',  ( 1.500000000000000444, 1.419999999999999929, 1.155000000000000027 ) ) ;
#2461 = CARTESIAN_POINT ( 'NONE',  ( 1.750000000000000222, 0.5000000000000000000, 0.1250000000000000278 ) ) ;
#2462 = FACE_BOUND ( 'NONE', #5, .T. ) ;
#2463 = DIRECTION ( 'NONE',  ( -0.000000000000000000, 0.000000000000000000, 1.000000000000000000 ) ) ;
#2464 = AXIS2_PLACEMENT_3D ( 'NONE', #2370, #1844, #1222 ) ;
#2465 = CARTESIAN_POINT ( 'NONE',  ( 3.500000000000000444, 1.419999999999999929, 0.000000000000000000 ) ) ;
#2466 = CIRCLE ( 'NONE', #2136, 0.1250000000000000278 ) ;
#2467 = CYLINDRICAL_SURFACE ( 'NONE', #2478, 0.1005000000000004778 ) ;
#2468 = CIRCLE ( 'NONE', #855, 0.2949999999999999845 ) ;
#2469 = EDGE_LOOP ( 'NONE', ( #1029, #2400 ) ) ;
#2470 = CARTESIAN_POINT ( 'NONE',  ( 2.750000000000000000, 0.1249999999999992784, 0.3600000000000000422 ) ) ;
#2471 = EDGE_CURVE ( 'NONE', #1017, #954, #2514, .T. ) ;
#2472 = VERTEX_POINT ( 'NONE', #1197 ) ;
#2473 = ORIENTED_EDGE ( 'NONE', *, *, #281, .F. ) ;
#2474 = CARTESIAN_POINT ( 'NONE',  ( 0.1249999999999991812, -2.528006287504592857E-15, 0.8804999999999996163 ) ) ;
#2475 = CARTESIAN_POINT ( 'NONE',  ( 0.7499999999999993339, -1.399196246387435172E-15, 0.5544999999999999929 ) ) ;
#2476 = AXIS2_PLACEMENT_3D ( 'NONE', #2895, #2873, #235 ) ;
#2477 = CARTESIAN_POINT ( 'NONE',  ( 2.649499999999999744, 1.000000000000000000, 0.1250000000000000278 ) ) ;
#2478 = AXIS2_PLACEMENT_3D ( 'NONE', #1334, #4, #1791 ) ;
#2479 = CIRCLE ( 'NONE', #1615, 0.1250000000000000000 ) ;
#2480 = PLANE ( 'NONE',  #1277 ) ;
#2481 = AXIS2_PLACEMENT_3D ( 'NONE', #1528, #175, #904 ) ;
#2482 = ORIENTED_EDGE ( 'NONE', *, *, #2182, .F. ) ;
#2483 = ORIENTED_EDGE ( 'NONE', *, *, #70, .T. ) ;
#2484 = EDGE_CURVE ( 'NONE', #178, #2889, #514, .T. ) ;
#2485 = ORIENTED_EDGE ( 'NONE', *, *, #2056, .F. ) ;
#2486 = CARTESIAN_POINT ( 'NONE',  ( 3.750000000000000000, 1.000000000000000000, 1.155000000000000027 ) ) ;
#2487 = EDGE_LOOP ( 'NONE', ( #2443, #747, #411, #1598 ) ) ;
#2488 = CARTESIAN_POINT ( 'NONE',  ( 3.875000000000000000, 1.669999999999999929, 0.000000000000000000 ) ) ;
#2489 = FACE_BOUND ( 'NONE', #1738, .T. ) ;
#2490 = DIRECTION ( 'NONE',  ( -1.000000000000000000, 0.000000000000000000, 0.000000000000000000 ) ) ;
#2491 = EDGE_CURVE ( 'NONE', #2339, #1028, #1567, .T. ) ;
#2492 = ORIENTED_EDGE ( 'NONE', *, *, #1992, .T. ) ;
#2493 = ORIENTED_EDGE ( 'NONE', *, *, #2124, .F. ) ;
#2494 = EDGE_LOOP ( 'NONE', ( #998, #1124, #1040, #1306 ) ) ;
#2495 = EDGE_CURVE ( 'NONE', #2604, #1811, #905, .T. ) ;
#2496 = ORIENTED_EDGE ( 'NONE', *, *, #1755, .T. ) ;
#2497 = CARTESIAN_POINT ( 'NONE',  ( 2.149499999999999744, 0.5000000000000000000, 1.155000000000000027 ) ) ;
#2498 = CARTESIAN_POINT ( 'NONE',  ( 2.600500000000000256, 1.419999999999999929, 0.000000000000000000 ) ) ;
#2499 = CARTESIAN_POINT ( 'NONE',  ( 0.7499999999999993339, 0.1249999999999979045, 0.7555000000000001714 ) ) ;
#2500 = EDGE_CURVE ( 'NONE', #2414, #1527, #599, .T. ) ;
#2501 = AXIS2_PLACEMENT_3D ( 'NONE', #1089, #1257, #2875 ) ;
#2502 = ORIENTED_EDGE ( 'NONE', *, *, #492, .T. ) ;
#2503 = DIRECTION ( 'NONE',  ( -0.000000000000000000, -0.000000000000000000, -1.000000000000000000 ) ) ;
#2504 = ORIENTED_EDGE ( 'NONE', *, *, #2567, .F. ) ;
#2505 = DIRECTION ( 'NONE',  ( -0.000000000000000000, -0.000000000000000000, -1.000000000000000000 ) ) ;
#2506 = FACE_OUTER_BOUND ( 'NONE', #622, .T. ) ;
#2507 = ORIENTED_EDGE ( 'NONE', *, *, #93, .F. ) ;
#2508 = CARTESIAN_POINT ( 'NONE',  ( 3.649499999999999744, 0.5000000000000000000, 0.1250000000000000278 ) ) ;
#2509 = CYLINDRICAL_SURFACE ( 'NONE', #2890, 0.1005000000000004778 ) ;
#2511 = DIRECTION ( 'NONE',  ( -0.000000000000000000, 1.000000000000000000, 3.491481338843133355E-15 ) ) ;
#2510 = VECTOR ( 'NONE', #1411, 39.37007874015748143 ) ;
#2512 = CARTESIAN_POINT ( 'NONE',  ( 1.250000000000000000, 1.000000000000000000, 0.000000000000000000 ) ) ;
#2513 = ADVANCED_FACE ( 'NONE', ( #2399 ), #825, .F. ) ;
#2514 = CIRCLE ( 'NONE', #1191, 0.1005000000000002003 ) ;
#2515 = DIRECTION ( 'NONE',  ( -0.000000000000000000, -0.000000000000000000, -1.000000000000000000 ) ) ;
#2516 = VECTOR ( 'NONE', #1507, 39.37007874015748143 ) ;
#2517 = AXIS2_PLACEMENT_3D ( 'NONE', #137, #377, #2159 ) ;
#2518 = VERTEX_POINT ( 'NONE', #2774 ) ;
#2519 = DIRECTION ( 'NONE',  ( 0.000000000000000000, -1.000000000000000000, -3.491481338843133355E-15 ) ) ;
#2520 = CC_DESIGN_APPROVAL ( #476, ( #1148 ) ) ;
#2521 = CIRCLE ( 'NONE', #2439, 0.1005000000000002003 ) ;
#2522 = DIRECTION ( 'NONE',  ( 0.000000000000000000, 0.000000000000000000, -1.000000000000000000 ) ) ;
#2523 = CC_DESIGN_DATE_AND_TIME_ASSIGNMENT ( #400, #2403, ( #548 ) ) ;
#2524 = VERTEX_POINT ( 'NONE', #2855 ) ;
#2525 = ORIENTED_EDGE ( 'NONE', *, *, #572, .T. ) ;
#2526 = DIRECTION ( 'NONE',  ( 0.000000000000000000, 3.491481338843133750E-15, -1.000000000000000000 ) ) ;
#2527 = CARTESIAN_POINT ( 'NONE',  ( 1.649499999999999744, 1.000000000000000000, 1.155000000000000027 ) ) ;
#2528 = DIRECTION ( 'NONE',  ( -1.000000000000000000, 0.000000000000000000, 0.000000000000000000 ) ) ;
#2529 = CARTESIAN_POINT ( 'NONE',  ( -1.092739197465705287E-15, 0.1549999999999999989, 0.1549999999999999156 ) ) ;
#2530 = EDGE_CURVE ( 'NONE', #2679, #471, #1082, .T. ) ;
#2531 = DIRECTION ( 'NONE',  ( 1.000000000000000000, 0.000000000000000000, 0.000000000000000000 ) ) ;
#2532 = ORIENTED_EDGE ( 'NONE', *, *, #878, .T. ) ;
#2533 = FACE_OUTER_BOUND ( 'NONE', #1679, .T. ) ;
#2534 = DIRECTION ( 'NONE',  ( -0.000000000000000000, -0.000000000000000000, -1.000000000000000000 ) ) ;
#2535 = LINE ( 'NONE', #817, #1559 ) ;
#2536 = ORIENTED_EDGE ( 'NONE', *, *, #1911, .F. ) ;
#2537 = ORIENTED_EDGE ( 'NONE', *, *, #2457, .F. ) ;
#2538 = DIRECTION ( 'NONE',  ( 1.000000000000000000, 0.000000000000000000, 0.000000000000000000 ) ) ;
#2539 = ADVANCED_FACE ( 'NONE', ( #1575 ), #1340, .F. ) ;
#2540 = ORIENTED_EDGE ( 'NONE', *, *, #401, .T. ) ;
#2541 = DIRECTION ( 'NONE',  ( 0.000000000000000000, -1.000000000000000000, -3.491481338843133355E-15 ) ) ;
#2542 = LINE ( 'NONE', #2107, #261 ) ;
#2543 = DIRECTION ( 'NONE',  ( 0.000000000000000000, -3.491481338843132961E-15, 1.000000000000000000 ) ) ;
#2544 = ORIENTED_EDGE ( 'NONE', *, *, #2780, .T. ) ;
#2545 = CARTESIAN_POINT ( 'NONE',  ( 0.000000000000000000, 1.544999999999999485, 0.000000000000000000 ) ) ;
#2546 = CARTESIAN_POINT ( 'NONE',  ( 3.250000000000000000, 1.000000000000000000, 0.000000000000000000 ) ) ;
#2547 = EDGE_CURVE ( 'NONE', #157, #1994, #2896, .T. ) ;
#2548 = CIRCLE ( 'NONE', #2464, 0.1005000000000004778 ) ;
#2549 = ORIENTED_EDGE ( 'NONE', *, *, #739, .F. ) ;
#2550 = DIRECTION ( 'NONE',  ( 0.000000000000000000, -1.000000000000000000, -3.491481338843132961E-15 ) ) ;
#2551 = EDGE_CURVE ( 'NONE', #2226, #2126, #1736, .T. ) ;
#2552 = CIRCLE ( 'NONE', #1891, 0.1004999999999998533 ) ;
#2553 = ORIENTED_EDGE ( 'NONE', *, *, #2610, .F. ) ;
#2554 = CARTESIAN_POINT ( 'NONE',  ( 3.250000000000000000, 1.000000000000000000, 0.000000000000000000 ) ) ;
#2555 = PLANE ( 'NONE',  #719 ) ;
#2556 = DIRECTION ( 'NONE',  ( -0.000000000000000000, -0.000000000000000000, -1.000000000000000000 ) ) ;
#2557 = CALENDAR_DATE ( 2025, 22, 9 ) ;
#2558 = FACE_BOUND ( 'NONE', #828, .T. ) ;
#2559 = CARTESIAN_POINT ( 'NONE',  ( 3.600500000000000700, 1.419999999999999929, 0.000000000000000000 ) ) ;
#2560 = AXIS2_PLACEMENT_3D ( 'NONE', #1944, #736, #1638 ) ;
#2561 = AXIS2_PLACEMENT_3D ( 'NONE', #1311, #397, #1995 ) ;
#2562 = CIRCLE ( 'NONE', #1288, 0.1005000000000004778 ) ;
#2563 = AXIS2_PLACEMENT_3D ( 'NONE', #874, #1956, #843 ) ;
#2564 = ORIENTED_EDGE ( 'NONE', *, *, #1701, .T. ) ;
#2565 = ORIENTED_EDGE ( 'NONE', *, *, #2276, .F. ) ;
#2566 = VECTOR ( 'NONE', #1061, 39.37007874015748143 ) ;
#2567 = EDGE_CURVE ( 'NONE', #1362, #2314, #19, .T. ) ;
#2568 = CARTESIAN_POINT ( 'NONE',  ( 1.749999999999999556, 0.1249999999999982514, 0.6550000000000001377 ) ) ;
#2569 = ORIENTED_EDGE ( 'NONE', *, *, #2457, .T. ) ;
#2570 = DIRECTION ( 'NONE',  ( 0.000000000000000000, -3.491481338843133750E-15, 1.000000000000000000 ) ) ;
#2571 = EDGE_CURVE ( 'NONE', #1028, #1189, #2053, .T. ) ;
#2572 = LINE ( 'NONE', #2333, #370 ) ;
#2573 = PERSON_AND_ORGANIZATION_ROLE ( 'creator' ) ;
#2574 = DIRECTION ( 'NONE',  ( -0.000000000000000000, 1.000000000000000000, 3.491481338843132961E-15 ) ) ;
#2575 = EDGE_CURVE ( 'NONE', #417, #2314, #545, .T. ) ;
#2576 = EDGE_CURVE ( 'NONE', #1504, #1586, #289, .T. ) ;
#2577 = VERTEX_POINT ( 'NONE', #1361 ) ;
#2578 = CARTESIAN_POINT ( 'NONE',  ( -7.389504979262414818E-16, 0.1249999999999985983, 0.5545000000000003260 ) ) ;
#2579 = VERTEX_POINT ( 'NONE', #1376 ) ;
#2580 = ORIENTED_EDGE ( 'NONE', *, *, #850, .T. ) ;
#2581 = VERTEX_POINT ( 'NONE', #2075 ) ;
#2582 = CARTESIAN_POINT ( 'NONE',  ( 1.850500000000000700, 1.000000000000000000, 0.000000000000000000 ) ) ;
#2583 = VERTEX_POINT ( 'NONE', #1822 ) ;
#2584 = CARTESIAN_POINT ( 'NONE',  ( 2.750000000000000000, 1.000000000000000000, 1.155000000000000027 ) ) ;
#2585 = DIRECTION ( 'NONE',  ( -0.000000000000000000, -0.000000000000000000, -1.000000000000000000 ) ) ;
#2586 = APPROVAL_STATUS ( 'not_yet_approved' ) ;
#2587 = EDGE_CURVE ( 'NONE', #847, #2012, #1051, .T. ) ;
#2588 = CYLINDRICAL_SURFACE ( 'NONE', #1103, 0.1004999999999997840 ) ;
#2589 = EDGE_CURVE ( 'NONE', #2666, #1677, #702, .T. ) ;
#2590 = DIRECTION ( 'NONE',  ( 0.000000000000000000, 0.000000000000000000, -1.000000000000000000 ) ) ;
#2591 = LINE ( 'NONE', #362, #1084 ) ;
#2592 = ORIENTED_EDGE ( 'NONE', *, *, #258, .F. ) ;
#2593 = CARTESIAN_POINT ( 'NONE',  ( 0.5000000000000006661, 1.419999999999999929, 0.000000000000000000 ) ) ;
#2594 = AXIS2_PLACEMENT_3D ( 'NONE', #2026, #10, #895 ) ;
#2595 = EDGE_LOOP ( 'NONE', ( #22, #1792, #2544, #392 ) ) ;
#2596 = ORIENTED_EDGE ( 'NONE', *, *, #407, .T. ) ;
#2597 = CYLINDRICAL_SURFACE ( 'NONE', #2652, 0.1004999999999999227 ) ;
#2598 = DIRECTION ( 'NONE',  ( 0.000000000000000000, -1.000000000000000000, -3.491481338843133355E-15 ) ) ;
#2599 =( NAMED_UNIT ( * ) PLANE_ANGLE_UNIT ( ) SI_UNIT ( $, .RADIAN. ) );
#2600 = AXIS2_PLACEMENT_3D ( 'NONE', #1025, #2629, #636 ) ;
#2601 = DIRECTION ( 'NONE',  ( 1.000000000000000000, 0.000000000000000000, 0.000000000000000000 ) ) ;
#2602 = FACE_OUTER_BOUND ( 'NONE', #1917, .T. ) ;
#2603 = AXIS2_PLACEMENT_3D ( 'NONE', #1950, #2625, #1267 ) ;
#2604 = VERTEX_POINT ( 'NONE', #45 ) ;
#2605 = AXIS2_PLACEMENT_3D ( 'NONE', #1845, #916, #927 ) ;
#2606 = CIRCLE ( 'NONE', #121, 0.1005000000000002003 ) ;
#2607 = DIRECTION ( 'NONE',  ( 1.000000000000000000, 0.000000000000000000, 0.000000000000000000 ) ) ;
#2608 = APPROVAL ( #2171, 'UNSPECIFIED' ) ;
#2609 = VECTOR ( 'NONE', #2503, 39.37007874015748143 ) ;
#2610 = EDGE_CURVE ( 'NONE', #552, #2867, #2386, .T. ) ;
#2611 = ORIENTED_EDGE ( 'NONE', *, *, #1265, .F. ) ;
#2612 = EDGE_LOOP ( 'NONE', ( #1231, #1691 ) ) ;
#2613 = CARTESIAN_POINT ( 'NONE',  ( 2.350500000000000700, 1.000000000000000000, 0.000000000000000000 ) ) ;
#2614 = CIRCLE ( 'NONE', #118, 0.1250000000000000278 ) ;
#2615 = DIRECTION ( 'NONE',  ( 0.000000000000000000, -1.000000000000000000, -3.491481338843133355E-15 ) ) ;
#2616 = CARTESIAN_POINT ( 'NONE',  ( 3.750000000000000000, -1.750090120941168630E-15, 0.6549999999999996936 ) ) ;
#2617 = DIRECTION ( 'NONE',  ( 0.000000000000000000, 1.000000000000000000, 3.491481338843133355E-15 ) ) ;
#2618 = EDGE_CURVE ( 'NONE', #1362, #1807, #2004, .T. ) ;
#2619 = EDGE_CURVE ( 'NONE', #1542, #2756, #2436, .T. ) ;
#2620 = ORIENTED_EDGE ( 'NONE', *, *, #1846, .F. ) ;
#2621 = LINE ( 'NONE', #624, #416 ) ;
#2622 = EDGE_LOOP ( 'NONE', ( #836, #2279 ) ) ;
#2623 = ORIENTED_EDGE ( 'NONE', *, *, #2898, .F. ) ;
#2624 = CARTESIAN_POINT ( 'NONE',  ( 3.750000000000000000, 1.000000000000000000, 1.155000000000000027 ) ) ;
#2625 = DIRECTION ( 'NONE',  ( 0.000000000000000000, 0.000000000000000000, -1.000000000000000000 ) ) ;
#2626 = FACE_BOUND ( 'NONE', #1610, .T. ) ;
#2627 = EDGE_CURVE ( 'NONE', #983, #1275, #1617, .T. ) ;
#2628 = CARTESIAN_POINT ( 'NONE',  ( 3.500000000000000444, 1.419999999999999929, 1.155000000000000027 ) ) ;
#2629 = DIRECTION ( 'NONE',  ( -0.000000000000000000, -0.000000000000000000, -1.000000000000000000 ) ) ;
#2630 = LINE ( 'NONE', #861, #723 ) ;
#2631 = EDGE_LOOP ( 'NONE', ( #468, #551, #1296, #2596 ) ) ;
#2632 = ORIENTED_EDGE ( 'NONE', *, *, #2876, .F. ) ;
#2633 = EDGE_CURVE ( 'NONE', #2426, #354, #304, .T. ) ;
#2634 = DIRECTION ( 'NONE',  ( -0.000000000000000000, 1.000000000000000000, 3.491481338843133355E-15 ) ) ;
#2635 = ORIENTED_EDGE ( 'NONE', *, *, #281, .T. ) ;
#2636 = EDGE_LOOP ( 'NONE', ( #1218, #481, #1797, #1990 ) ) ;
#2637 = DIRECTION ( 'NONE',  ( 1.000000000000000000, -0.000000000000000000, -0.000000000000000000 ) ) ;
#2638 = DIRECTION ( 'NONE',  ( -1.000000000000000000, 0.000000000000000000, 0.000000000000000000 ) ) ;
#2639 = COORDINATED_UNIVERSAL_TIME_OFFSET ( 5, 0, .BEHIND. ) ;
#2640 = AXIS2_PLACEMENT_3D ( 'NONE', #2802, #780, #2570 ) ;
#2641 = DIRECTION ( 'NONE',  ( -0.000000000000000000, -1.000000000000000000, -3.491481338843132961E-15 ) ) ;
#2642 = DIRECTION ( 'NONE',  ( 0.000000000000000000, 1.000000000000000000, 0.000000000000000000 ) ) ;
#2643 = DIRECTION ( 'NONE',  ( 0.000000000000000000, 0.000000000000000000, 1.000000000000000000 ) ) ;
#2644 = CIRCLE ( 'NONE', #253, 0.1005000000000004778 ) ;
#2645 = DIRECTION ( 'NONE',  ( -0.000000000000000000, 1.000000000000000000, 3.491481338843133355E-15 ) ) ;
#2646 = DIRECTION ( 'NONE',  ( 0.000000000000000000, -3.491481338843132961E-15, 1.000000000000000000 ) ) ;
#2647 = ORIENTED_EDGE ( 'NONE', *, *, #1831, .T. ) ;
#2648 = VERTEX_POINT ( 'NONE', #79 ) ;
#2649 = ORIENTED_EDGE ( 'NONE', *, *, #1001, .F. ) ;
#2650 = VECTOR ( 'NONE', #1935, 39.37007874015748143 ) ;
#2651 = ORIENTED_EDGE ( 'NONE', *, *, #1213, .F. ) ;
#2652 = AXIS2_PLACEMENT_3D ( 'NONE', #871, #159, #1756 ) ;
#2653 = DIRECTION ( 'NONE',  ( -1.000000000000000000, 0.000000000000000000, 0.000000000000000000 ) ) ;
#2654 = CARTESIAN_POINT ( 'NONE',  ( 0.2499999999999992506, -3.495830790362735703E-15, 1.154999999999999805 ) ) ;
#2655 = AXIS2_PLACEMENT_3D ( 'NONE', #1817, #696, #2762 ) ;
#2656 = AXIS2_PLACEMENT_3D ( 'NONE', #1732, #634, #650 ) ;
#2657 = EDGE_CURVE ( 'NONE', #1150, #1418, #966, .T. ) ;
#2658 = CARTESIAN_POINT ( 'NONE',  ( 1.399499999999999744, 1.419999999999999929, 0.1250000000000000278 ) ) ;
#2659 = CIRCLE ( 'NONE', #2298, 0.02999999999999998848 ) ;
#2660 = DIRECTION ( 'NONE',  ( -1.000000000000000000, 0.000000000000000000, 0.000000000000000000 ) ) ;
#2661 = DIRECTION ( 'NONE',  ( -1.000000000000000000, 0.000000000000000000, 0.000000000000000000 ) ) ;
#2662 = DIRECTION ( 'NONE',  ( 1.000000000000000000, -0.000000000000000000, -0.000000000000000000 ) ) ;
#2663 = EDGE_CURVE ( 'NONE', #273, #187, #2143, .T. ) ;
#2664 = CARTESIAN_POINT ( 'NONE',  ( 3.750000000000000000, 0.5000000000000000000, 0.000000000000000000 ) ) ;
#2665 = EDGE_CURVE ( 'NONE', #1873, #2518, #1203, .T. ) ;
#2666 = VERTEX_POINT ( 'NONE', #565 ) ;
#2667 = EDGE_LOOP ( 'NONE', ( #891, #2093, #1058, #970 ) ) ;
#2668 = CARTESIAN_POINT ( 'NONE',  ( 2.350500000000000700, 1.000000000000000000, 1.155000000000000027 ) ) ;
#2669 = ORIENTED_EDGE ( 'NONE', *, *, #635, .F. ) ;
#2670 = ORIENTED_EDGE ( 'NONE', *, *, #1562, .T. ) ;
#2671 = DIRECTION ( 'NONE',  ( 0.000000000000000000, 0.000000000000000000, 1.000000000000000000 ) ) ;
#2672 = LINE ( 'NONE', #659, #497 ) ;
#2673 = PERSON_AND_ORGANIZATION ( #870, #1860 ) ;
#2674 = FACE_OUTER_BOUND ( 'NONE', #2283, .T. ) ;
#2675 = CARTESIAN_POINT ( 'NONE',  ( 0.8505000000000009219, 1.000000000000000000, 0.1250000000000000278 ) ) ;
#2676 = EDGE_CURVE ( 'NONE', #2414, #2583, #1014, .T. ) ;
#2677 = EDGE_CURVE ( 'NONE', #1585, #835, #413, .T. ) ;
#2678 = DIRECTION ( 'NONE',  ( -0.000000000000000000, -0.000000000000000000, -1.000000000000000000 ) ) ;
#2679 = VERTEX_POINT ( 'NONE', #2424 ) ;
#2680 = ORIENTED_EDGE ( 'NONE', *, *, #739, .T. ) ;
#2681 = EDGE_LOOP ( 'NONE', ( #512, #2302, #1015, #2357 ) ) ;
#2682 = DIRECTION ( 'NONE',  ( 1.000000000000000000, 0.000000000000000000, 0.000000000000000000 ) ) ;
#2683 = CARTESIAN_POINT ( 'NONE',  ( 2.850500000000000256, 0.5000000000000000000, 0.1250000000000000278 ) ) ;
#2684 = DIRECTION ( 'NONE',  ( 0.000000000000000000, 3.491481338843130594E-15, -1.000000000000000000 ) ) ;
#2685 = DIRECTION ( 'NONE',  ( 0.000000000000000000, -1.000000000000000000, -3.491481338843133355E-15 ) ) ;
#2686 = AXIS2_PLACEMENT_3D ( 'NONE', #2295, #2805, #1227 ) ;
#2687 = DIRECTION ( 'NONE',  ( -0.000000000000000000, -1.000000000000000000, -3.491481338843132961E-15 ) ) ;
#2688 = AXIS2_PLACEMENT_3D ( 'NONE', #1135, #940, #1803 ) ;
#2689 = DIRECTION ( 'NONE',  ( -0.000000000000000000, -0.000000000000000000, -1.000000000000000000 ) ) ;
#2690 = AXIS2_PLACEMENT_3D ( 'NONE', #2394, #577, #1457 ) ;
#2691 = ORIENTED_EDGE ( 'NONE', *, *, #492, .F. ) ;
#2692 = EDGE_LOOP ( 'NONE', ( #2623, #2782 ) ) ;
#2693 = DIRECTION ( 'NONE',  ( -0.000000000000000000, -0.000000000000000000, -1.000000000000000000 ) ) ;
#2694 = VERTEX_POINT ( 'NONE', #2884 ) ;
#2695 = CARTESIAN_POINT ( 'NONE',  ( 0.7499999999999993339, 0.1249999999999982514, 0.6550000000000002487 ) ) ;
#2696 = ADVANCED_FACE ( 'NONE', ( #1067 ), #1522, .F. ) ;
#2697 = AXIS2_PLACEMENT_3D ( 'NONE', #194, #1546, #1062 ) ;
#2698 = AXIS2_PLACEMENT_3D ( 'NONE', #1374, #1327, #1186 ) ;
#2699 = EDGE_LOOP ( 'NONE', ( #2430, #2680, #784, #381 ) ) ;
#2700 = CARTESIAN_POINT ( 'NONE',  ( 3.500000000000000444, 1.419999999999999929, 0.1250000000000000278 ) ) ;
#2701 = VECTOR ( 'NONE', #275, 39.37007874015748143 ) ;
#2702 = CARTESIAN_POINT ( 'NONE',  ( 0.1494999999999999107, 1.000000000000000000, 1.155000000000000027 ) ) ;
#2703 = CARTESIAN_POINT ( 'NONE',  ( -8.238227506521160497E-16, 0.1249999999999974742, 0.8805000000000000604 ) ) ;
#2704 = VECTOR ( 'NONE', #1233, 39.37007874015748143 ) ;
#2705 = ORIENTED_EDGE ( 'NONE', *, *, #1816, .T. ) ;
#2706 = LINE ( 'NONE', #2280, #2048 ) ;
#2707 = ORIENTED_EDGE ( 'NONE', *, *, #1939, .T. ) ;
#2708 = CYLINDRICAL_SURFACE ( 'NONE', #29, 0.1004999999999999227 ) ;
#2709 = ORIENTED_EDGE ( 'NONE', *, *, #2551, .T. ) ;
#2710 = CARTESIAN_POINT ( 'NONE',  ( 2.750000000000000000, -1.750090120941168630E-15, 0.6549999999999996936 ) ) ;
#2711 = ADVANCED_FACE ( 'NONE', ( #1987 ), #664, .T. ) ;
#2712 = CARTESIAN_POINT ( 'NONE',  ( 0.7500000000000004441, 0.5000000000000000000, 1.155000000000000027 ) ) ;
#2713 = DIRECTION ( 'NONE',  ( -0.000000000000000000, -0.000000000000000000, -1.000000000000000000 ) ) ;
#2714 = CARTESIAN_POINT ( 'NONE',  ( 2.249999999999999556, -1.750090120941168630E-15, 0.6549999999999996936 ) ) ;
#2715 = DIRECTION ( 'NONE',  ( 1.000000000000000000, 0.000000000000000000, 0.000000000000000000 ) ) ;
#2716 = DIRECTION ( 'NONE',  ( -0.000000000000000000, -0.000000000000000000, -1.000000000000000000 ) ) ;
#2717 = ORIENTED_EDGE ( 'NONE', *, *, #1535, .T. ) ;
#2718 = ORIENTED_EDGE ( 'NONE', *, *, #526, .T. ) ;
#2719 = DIRECTION ( 'NONE',  ( -1.000000000000000000, 0.000000000000000000, 0.000000000000000000 ) ) ;
#2720 = DIRECTION ( 'NONE',  ( -1.000000000000000000, 0.000000000000000000, 0.000000000000000000 ) ) ;
#2721 = ORIENTED_EDGE ( 'NONE', *, *, #1339, .F. ) ;
#2722 = EDGE_CURVE ( 'NONE', #669, #2125, #2630, .T. ) ;
#2723 = CARTESIAN_POINT ( 'NONE',  ( 0.2499999999999992506, 0.1249999999999985983, 0.5545000000000003260 ) ) ;
#2724 = ADVANCED_FACE ( 'NONE', ( #2864 ), #2467, .F. ) ;
#2725 = DIRECTION ( 'NONE',  ( 0.000000000000000000, -1.000000000000000000, -3.491481338843133355E-15 ) ) ;
#2726 = FACE_OUTER_BOUND ( 'NONE', #597, .T. ) ;
#2727 = VECTOR ( 'NONE', #1268, 39.37007874015748143 ) ;
#2728 = EDGE_CURVE ( 'NONE', #1572, #646, #1097, .T. ) ;
#2729 = FACE_OUTER_BOUND ( 'NONE', #95, .T. ) ;
#2730 = VECTOR ( 'NONE', #1584, 39.37007874015748143 ) ;
#2731 = ORIENTED_EDGE ( 'NONE', *, *, #2404, .T. ) ;
#2732 = CYLINDRICAL_SURFACE ( 'NONE', #1194, 0.1005000000000004778 ) ;
#2733 = CARTESIAN_POINT ( 'NONE',  ( 0.7500000000000004441, 1.000000000000000000, 0.1250000000000000278 ) ) ;
#2734 = AXIS2_PLACEMENT_3D ( 'NONE', #405, #1985, #1261 ) ;
#2735 = ORIENTED_EDGE ( 'NONE', *, *, #2301, .T. ) ;
#2736 = LINE ( 'NONE', #2080, #1809 ) ;
#2737 = ORIENTED_EDGE ( 'NONE', *, *, #2665, .F. ) ;
#2738 = CYLINDRICAL_SURFACE ( 'NONE', #2640, 0.2949999999999999845 ) ;
#2739 = DIRECTION ( 'NONE',  ( -0.000000000000000000, -0.000000000000000000, -1.000000000000000000 ) ) ;
#2740 = CARTESIAN_POINT ( 'NONE',  ( 0.7500000000000004441, 0.5000000000000000000, 0.000000000000000000 ) ) ;
#2742 = CARTESIAN_POINT ( 'NONE',  ( 0.3505000000000008109, 1.000000000000000000, 0.1250000000000000278 ) ) ;
#2741 = VECTOR ( 'NONE', #2229, 39.37007874015748143 ) ;
#2743 = EDGE_CURVE ( 'NONE', #1961, #983, #1781, .T. ) ;
#2744 = VECTOR ( 'NONE', #2409, 39.37007874015748143 ) ;
#2745 = VECTOR ( 'NONE', #1281, 39.37007874015748143 ) ;
#2746 = AXIS2_PLACEMENT_3D ( 'NONE', #452, #2190, #1551 ) ;
#2747 = CIRCLE ( 'NONE', #1426, 0.1250000000000000278 ) ;
#2748 = CARTESIAN_POINT ( 'NONE',  ( 2.750000000000000000, 0.1249999999999972383, 0.9500000000000002887 ) ) ;
#2749 = DIRECTION ( 'NONE',  ( 0.000000000000000000, 0.000000000000000000, -1.000000000000000000 ) ) ;
#2750 = EDGE_CURVE ( 'NONE', #42, #954, #621, .T. ) ;
#2751 = AXIS2_PLACEMENT_3D ( 'NONE', #1323, #1508, #415 ) ;
#2752 = EDGE_CURVE ( 'NONE', #1749, #83, #1903, .T. ) ;
#2753 = DIRECTION ( 'NONE',  ( -0.000000000000000000, -0.000000000000000000, -1.000000000000000000 ) ) ;
#2754 = CYLINDRICAL_SURFACE ( 'NONE', #61, 0.1250000000000000278 ) ;
#2755 = VERTEX_POINT ( 'NONE', #2852 ) ;
#2756 = VERTEX_POINT ( 'NONE', #2236 ) ;
#2757 = ORIENTED_EDGE ( 'NONE', *, *, #677, .T. ) ;
#2758 = LINE ( 'NONE', #734, #579 ) ;
#2759 = CARTESIAN_POINT ( 'NONE',  ( 1.399499999999999744, 1.419999999999999929, 0.000000000000000000 ) ) ;
#2760 = CARTESIAN_POINT ( 'NONE',  ( 0.5000000000000006661, 1.419999999999999929, 1.155000000000000027 ) ) ;
#2761 = FACE_BOUND ( 'NONE', #1276, .T. ) ;
#2762 = DIRECTION ( 'NONE',  ( -1.000000000000000000, 0.000000000000000000, 0.000000000000000000 ) ) ;
#2763 = DIRECTION ( 'NONE',  ( 0.000000000000000000, -1.000000000000000000, -3.491481338843133355E-15 ) ) ;
#2764 = ADVANCED_FACE ( 'NONE', ( #879 ), #1959, .F. ) ;
#2765 = EDGE_CURVE ( 'NONE', #968, #563, #2256, .T. ) ;
#2766 = ORIENTED_EDGE ( 'NONE', *, *, #1537, .T. ) ;
#2767 = FACE_OUTER_BOUND ( 'NONE', #1618, .T. ) ;
#2768 = DIRECTION ( 'NONE',  ( 0.000000000000000000, 0.000000000000000000, 1.000000000000000000 ) ) ;
#2769 = ORIENTED_EDGE ( 'NONE', *, *, #1368, .F. ) ;
#2770 = ORIENTED_EDGE ( 'NONE', *, *, #2589, .T. ) ;
#2771 = ORIENTED_EDGE ( 'NONE', *, *, #279, .F. ) ;
#2772 = DIRECTION ( 'NONE',  ( -0.000000000000000000, 1.000000000000000000, 3.491481338843133355E-15 ) ) ;
#2773 = DIRECTION ( 'NONE',  ( -0.000000000000000000, 1.000000000000000000, 0.000000000000000000 ) ) ;
#2774 = CARTESIAN_POINT ( 'NONE',  ( 0.1249999999999991673, 0.1249999999999985983, 0.5545000000000003260 ) ) ;
#2775 = APPLICATION_PROTOCOL_DEFINITION ( 'international standard', 'config_control_design', 1994, #771 ) ;
#2776 = CARTESIAN_POINT ( 'NONE',  ( 2.149499999999999744, 0.5000000000000000000, 0.000000000000000000 ) ) ;
#2777 = EDGE_CURVE ( 'NONE', #2339, #1754, #228, .T. ) ;
#2778 = DIRECTION ( 'NONE',  ( -1.000000000000000000, 0.000000000000000000, 0.000000000000000000 ) ) ;
#2779 = ORIENTED_EDGE ( 'NONE', *, *, #616, .T. ) ;
#2780 = EDGE_CURVE ( 'NONE', #2343, #354, #2562, .T. ) ;
#2781 = CIRCLE ( 'NONE', #2686, 0.1005000000000004778 ) ;
#2782 = ORIENTED_EDGE ( 'NONE', *, *, #2752, .F. ) ;
#2783 = DIRECTION ( 'NONE',  ( 0.000000000000000000, 3.491481338843132961E-15, -1.000000000000000000 ) ) ;
#2784 = VERTEX_POINT ( 'NONE', #426 ) ;
#2785 = CARTESIAN_POINT ( 'NONE',  ( 1.250000000000000000, 0.5000000000000000000, 0.1250000000000000278 ) ) ;
#2786 = DIRECTION ( 'NONE',  ( 0.000000000000000000, 0.000000000000000000, 1.000000000000000000 ) ) ;
#2787 = EDGE_CURVE ( 'NONE', #107, #142, #1289, .T. ) ;
#2788 = CALENDAR_DATE ( 2025, 22, 9 ) ;
#2789 = FACE_BOUND ( 'NONE', #566, .T. ) ;
#2790 = DIRECTION ( 'NONE',  ( 0.000000000000000000, 3.551402391763541592E-15, -1.000000000000000000 ) ) ;
#2791 = AXIS2_PLACEMENT_3D ( 'NONE', #2624, #1531, #1949 ) ;
#2792 = EDGE_LOOP ( 'NONE', ( #740, #2285, #1814, #1634 ) ) ;
#2793 = AXIS2_PLACEMENT_3D ( 'NONE', #74, #961, #1455 ) ;
#2794 = ORIENTED_EDGE ( 'NONE', *, *, #976, .F. ) ;
#2795 = ORIENTED_EDGE ( 'NONE', *, *, #2575, .F. ) ;
#2796 = APPROVAL_PERSON_ORGANIZATION ( #2673, #2608, #421 ) ;
#2797 = ORIENTED_EDGE ( 'NONE', *, *, #1037, .F. ) ;
#2798 = CIRCLE ( 'NONE', #2257, 0.1005000000000007415 ) ;
#2799 = DIRECTION ( 'NONE',  ( 0.000000000000000000, 0.000000000000000000, -1.000000000000000000 ) ) ;
#2800 = EDGE_CURVE ( 'NONE', #759, #1728, #391, .T. ) ;
#2801 = ORIENTED_EDGE ( 'NONE', *, *, #2618, .T. ) ;
#2802 = CARTESIAN_POINT ( 'NONE',  ( 1.249999999999999556, -1.750090120941168630E-15, 0.6549999999999996936 ) ) ;
#2803 = DIRECTION ( 'NONE',  ( -0.000000000000000000, -0.000000000000000000, 1.000000000000000000 ) ) ;
#2804 = CARTESIAN_POINT ( 'NONE',  ( 0.3995000000000001883, 1.419999999999999929, 0.000000000000000000 ) ) ;
#2805 = DIRECTION ( 'NONE',  ( 0.000000000000000000, 0.000000000000000000, -1.000000000000000000 ) ) ;
#2806 = ADVANCED_FACE ( 'NONE', ( #1734, #1972, #1304, #2222, #199, #2489, #284 ), #2018, .T. ) ;
#2807 = FACE_BOUND ( 'NONE', #307, .T. ) ;
#2808 = DIRECTION ( 'NONE',  ( -1.000000000000000000, 0.000000000000000000, 0.000000000000000000 ) ) ;
#2809 = ORIENTED_EDGE ( 'NONE', *, *, #1126, .F. ) ;
#2810 = ORIENTED_EDGE ( 'NONE', *, *, #2491, .F. ) ;
#2811 = VERTEX_POINT ( 'NONE', #1112 ) ;
#2812 = ORIENTED_EDGE ( 'NONE', *, *, #337, .T. ) ;
#2813 = EDGE_CURVE ( 'NONE', #2427, #1543, #1397, .T. ) ;
#2814 = ORIENTED_EDGE ( 'NONE', *, *, #1004, .F. ) ;
#2815 = ORIENTED_EDGE ( 'NONE', *, *, #279, .T. ) ;
#2816 = DIRECTION ( 'NONE',  ( -0.000000000000000000, -0.000000000000000000, -1.000000000000000000 ) ) ;
#2817 = FACE_BOUND ( 'NONE', #754, .T. ) ;
#2818 = PERSON_AND_ORGANIZATION ( #870, #1860 ) ;
#2819 = VERTEX_POINT ( 'NONE', #239 ) ;
#2820 = DIRECTION ( 'NONE',  ( 0.000000000000000000, 0.000000000000000000, 1.000000000000000000 ) ) ;
#2821 = CYLINDRICAL_SURFACE ( 'NONE', #534, 0.1005000000000004778 ) ;
#2822 = FACE_OUTER_BOUND ( 'NONE', #430, .T. ) ;
#2823 = VERTEX_POINT ( 'NONE', #1624 ) ;
#2824 = VERTEX_POINT ( 'NONE', #12 ) ;
#2825 = CIRCLE ( 'NONE', #1554, 0.1005000000000002003 ) ;
#2826 = EDGE_LOOP ( 'NONE', ( #1529, #1490, #1647, #1241 ) ) ;
#2827 = ORIENTED_EDGE ( 'NONE', *, *, #1182, .T. ) ;
#2828 = VECTOR ( 'NONE', #2123, 39.37007874015748143 ) ;
#2829 = DIRECTION ( 'NONE',  ( -0.000000000000000000, -0.000000000000000000, -1.000000000000000000 ) ) ;
#2830 = CARTESIAN_POINT ( 'NONE',  ( 3.875000000000000000, 0.1249999999999978767, 0.7554999999999999494 ) ) ;
#2831 = CARTESIAN_POINT ( 'NONE',  ( 4.000000000000000000, 0.1549999999999999989, 0.000000000000000000 ) ) ;
#2832 = AXIS2_PLACEMENT_3D ( 'NONE', #1764, #592, #1475 ) ;
#2833 = CYLINDRICAL_SURFACE ( 'NONE', #2032, 0.1004999999999999227 ) ;
#2834 = CARTESIAN_POINT ( 'NONE',  ( 1.600500000000001144, 1.419999999999999929, 1.155000000000000027 ) ) ;
#2835 = LINE ( 'NONE', #119, #171 ) ;
#2836 = DIRECTION ( 'NONE',  ( 0.000000000000000000, -1.000000000000000000, -3.524965153115178435E-15 ) ) ;
#2837 = VECTOR ( 'NONE', #1396, 39.37007874015748143 ) ;
#2838 = AXIS2_PLACEMENT_3D ( 'NONE', #714, #324, #1611 ) ;
#2839 = EDGE_LOOP ( 'NONE', ( #2225, #523, #2142, #1735 ) ) ;
#2840 = EDGE_CURVE ( 'NONE', #1851, #1494, #72, .T. ) ;
#2841 = AXIS2_PLACEMENT_3D ( 'NONE', #1187, #59, #946 ) ;
#2842 = VECTOR ( 'NONE', #2065, 39.37007874015748143 ) ;
#2843 = DIRECTION ( 'NONE',  ( -1.000000000000000000, 0.000000000000000000, 0.000000000000000000 ) ) ;
#2844 = ORIENTED_EDGE ( 'NONE', *, *, #2043, .F. ) ;
#2845 = EDGE_LOOP ( 'NONE', ( #1295, #2483 ) ) ;
#2846 = DIRECTION ( 'NONE',  ( 1.000000000000000000, 0.000000000000000000, 0.000000000000000000 ) ) ;
#2847 = LINE ( 'NONE', #1063, #54 ) ;
#2848 = LINE ( 'NONE', #1777, #2203 ) ;
#2849 = CARTESIAN_POINT ( 'NONE',  ( 0.7500000000000004441, 1.000000000000000000, 0.1250000000000000278 ) ) ;
#2850 = DIRECTION ( 'NONE',  ( -1.000000000000000000, 0.000000000000000000, 0.000000000000000000 ) ) ;
#2851 = ADVANCED_FACE ( 'NONE', ( #1829 ), #2028, .F. ) ;
#2852 = CARTESIAN_POINT ( 'NONE',  ( 1.850500000000000700, 1.000000000000000000, 0.1250000000000000278 ) ) ;
#2853 = ADVANCED_FACE ( 'NONE', ( #463 ), #1346, .F. ) ;
#2854 = ORIENTED_EDGE ( 'NONE', *, *, #1001, .T. ) ;
#2855 = CARTESIAN_POINT ( 'NONE',  ( 2.750000000000000000, -2.780077115899893601E-15, 0.9499999999999997335 ) ) ;
#2856 = ORIENTED_EDGE ( 'NONE', *, *, #1674, .T. ) ;
#2857 = VERTEX_POINT ( 'NONE', #1134 ) ;
#2858 = CARTESIAN_POINT ( 'NONE',  ( 0.5000000000000006661, 1.419999999999999929, 1.155000000000000027 ) ) ;
#2859 = CARTESIAN_POINT ( 'NONE',  ( 0.6494999999999999662, 0.5000000000000000000, 0.1250000000000000278 ) ) ;
#2860 = CC_DESIGN_PERSON_AND_ORGANIZATION_ASSIGNMENT ( #69, #2573, ( #1148 ) ) ;
#2861 = FACE_OUTER_BOUND ( 'NONE', #1888, .T. ) ;
#2862 = DIRECTION ( 'NONE',  ( -0.000000000000000000, 1.000000000000000000, 3.491481338843133355E-15 ) ) ;
#2863 = CARTESIAN_POINT ( 'NONE',  ( 2.750000000000000000, -7.201031259824444484E-16, 0.3599999999999996536 ) ) ;
#2864 = FACE_OUTER_BOUND ( 'NONE', #2631, .T. ) ;
#2865 = EDGE_CURVE ( 'NONE', #1338, #1811, #687, .T. ) ;
#2866 = ORIENTED_EDGE ( 'NONE', *, *, #1493, .F. ) ;
#2867 = VERTEX_POINT ( 'NONE', #1583 ) ;
#2868 = ORIENTED_EDGE ( 'NONE', *, *, #376, .F. ) ;
#2869 = ORIENTED_EDGE ( 'NONE', *, *, #965, .T. ) ;
#2870 = CARTESIAN_POINT ( 'NONE',  ( 3.250000000000000000, 0.5000000000000000000, 0.1250000000000000278 ) ) ;
#2871 = CARTESIAN_POINT ( 'NONE',  ( -7.389504979262414818E-16, -1.408609121733135679E-15, 0.5544999999999998819 ) ) ;
#2872 = AXIS2_PLACEMENT_3D ( 'NONE', #1358, #41, #1834 ) ;
#2873 = DIRECTION ( 'NONE',  ( 0.000000000000000000, 0.000000000000000000, -1.000000000000000000 ) ) ;
#2874 = VECTOR ( 'NONE', #472, 39.37007874015748143 ) ;
#2875 = DIRECTION ( 'NONE',  ( 0.000000000000000000, -3.491481338843130594E-15, 1.000000000000000000 ) ) ;
#2876 = EDGE_CURVE ( 'NONE', #1724, #1353, #681, .T. ) ;
#2877 = DIRECTION ( 'NONE',  ( 0.000000000000000000, 0.000000000000000000, -1.000000000000000000 ) ) ;
#2878 = EDGE_CURVE ( 'NONE', #142, #1586, #1665, .T. ) ;
#2879 = DIRECTION ( 'NONE',  ( -0.000000000000000000, 1.000000000000000000, 3.491481338843132961E-15 ) ) ;
#2880 = CIRCLE ( 'NONE', #1324, 0.1004999999999998533 ) ;
#2881 = CARTESIAN_POINT ( 'NONE',  ( 4.000000000000000000, 1.545000000000000151, 0.1250000000000000000 ) ) ;
#2882 = CARTESIAN_POINT ( 'NONE',  ( 3.250000000000000000, 0.1249999999999986122, 0.5545000000000002149 ) ) ;
#2883 = CIRCLE ( 'NONE', #1230, 0.1005000000000004778 ) ;
#2884 = CARTESIAN_POINT ( 'NONE',  ( -8.258134594585441867E-16, -2.537419162850295533E-15, 0.8804999999999996163 ) ) ;
#2885 = EDGE_LOOP ( 'NONE', ( #1156, #1646, #393, #2769 ) ) ;
#2886 = ORIENTED_EDGE ( 'NONE', *, *, #705, .F. ) ;
#2887 = CARTESIAN_POINT ( 'NONE',  ( 2.649499999999999744, 0.5000000000000000000, 1.155000000000000027 ) ) ;
#2888 = AXIS2_PLACEMENT_3D ( 'NONE', #1840, #2368, #2550 ) ;
#2889 = VERTEX_POINT ( 'NONE', #2804 ) ;
#2890 = AXIS2_PLACEMENT_3D ( 'NONE', #2712, #1865, #2059 ) ;
#2891 = EDGE_LOOP ( 'NONE', ( #2717, #2647, #2054, #1870 ) ) ;
#2892 = CIRCLE ( 'NONE', #1099, 0.1005000000000007415 ) ;
#2893 = CARTESIAN_POINT ( 'NONE',  ( 4.000000000000000000, 0.1549999999999999989, 0.1549999999999999156 ) ) ;
#2894 = LINE ( 'NONE', #2402, #2566 ) ;
#2895 = CARTESIAN_POINT ( 'NONE',  ( 2.750000000000000000, 1.000000000000000000, 0.000000000000000000 ) ) ;
#2896 = CIRCLE ( 'NONE', #593, 0.1005000000000004362 ) ;
#2897 = CIRCLE ( 'NONE', #1243, 0.1005000000000007415 ) ;
#2898 = EDGE_CURVE ( 'NONE', #83, #1749, #1380, .T. ) ;
#2899 = CARTESIAN_POINT ( 'NONE',  ( 1.600500000000001144, 1.419999999999999929, 0.000000000000000000 ) ) ;
#2900 = APPROVAL_PERSON_ORGANIZATION ( #332, #136, #1179 ) ;
#2901 = AXIS2_PLACEMENT_3D ( 'NONE', #64, #732, #2538 ) ;
#2902 = CARTESIAN_POINT ( 'NONE',  ( 0.7499999999999993339, 0.1249999999999986122, 0.5545000000000004370 ) ) ;
#2903 = CARTESIAN_POINT ( 'NONE',  ( 4.000000000000000000, 0.1249999999999965167, 1.155000000000000027 ) ) ;
#2904 = ORIENTED_EDGE ( 'NONE', *, *, #2108, .F. ) ;
#2905 = ORIENTED_EDGE ( 'NONE', *, *, #182, .T. ) ;
#2906 = ORIENTED_EDGE ( 'NONE', *, *, #1159, .F. ) ;
#2907 = DIRECTION ( 'NONE',  ( -0.000000000000000000, -0.000000000000000000, -1.000000000000000000 ) ) ;
#2908 = CARTESIAN_POINT ( 'NONE',  ( 0.1494999999999999107, 0.5000000000000000000, 0.1250000000000000278 ) ) ;
ENDSEC;
END-ISO-10303-21;
