ISO-10303-21;
HEADER;
FILE_DESCRIPTION (( 'STEP AP203' ),
    '1' );
FILE_NAME ('7804K128_Corrosion-Resistant 440C Stainless Steel Ball Bearing.STEP',
    '2026-05-06T21:33:05',
    ( 'McMaster Carr Supply' ),
    ( 'McMaster Carr Supply' ),
    'SwSTEP 2.0',
    'SolidWorks 2024',
    '' );
FILE_SCHEMA (( 'CONFIG_CONTROL_DESIGN' ));
ENDSEC;

DATA;
#1 = CARTESIAN_POINT ( 'NONE',  ( -1.818333333333336244, 6.646770502372262748E-16, 0.000000000000000000 ) ) ;
#2 = VERTEX_POINT ( 'NONE', #2825 ) ;
#3 = CARTESIAN_POINT ( 'NONE',  ( 1.789062500000001110, 6.593000853847196429E-16, 0.000000000000000000 ) ) ;
#4 = DIRECTION ( 'NONE',  ( 1.000000000000000000, 1.836970198721029441E-16, 0.000000000000000000 ) ) ;
#5 = DIRECTION ( 'NONE',  ( 1.760917118108675117E-16, -1.000000000000000000, 0.000000000000000000 ) ) ;
#6 = ORIENTED_EDGE ( 'NONE', *, *, #1872, .F. ) ;
#7 = CIRCLE ( 'NONE', #1374, 2.462812499999997407 ) ;
#8 = DIRECTION ( 'NONE',  ( 1.000000000000000000, -1.836970198721029441E-16, -0.000000000000000000 ) ) ;
#9 = CARTESIAN_POINT ( 'NONE',  ( -1.999999999999999556, 1.700000000000000178, 0.000000000000000000 ) ) ;
#10 = ORIENTED_EDGE ( 'NONE', *, *, #796, .F. ) ;
#11 = EDGE_CURVE ( 'NONE', #713, #2363, #353, .T. ) ;
#12 = ORIENTED_EDGE ( 'NONE', *, *, #1819, .F. ) ;
#13 = DIRECTION ( 'NONE',  ( 1.646889375927347793E-16, -1.000000000000000000, 0.000000000000000000 ) ) ;
#14 = DIRECTION ( 'NONE',  ( 1.000000000000000000, -1.836970198721029441E-16, -0.000000000000000000 ) ) ;
#15 = ADVANCED_FACE ( 'NONE', ( #574 ), #399, .F. ) ;
#16 = EDGE_CURVE ( 'NONE', #618, #2204, #2847, .T. ) ;
#17 = AXIS2_PLACEMENT_3D ( 'NONE', #2770, #161, #782 ) ;
#18 = APPLICATION_PROTOCOL_DEFINITION ( 'international standard', 'config_control_design', 1994, #2060 ) ;
#19 = CARTESIAN_POINT ( 'NONE',  ( -1.960625000000000506, -2.462812499999997851, 3.016075445025087971E-16 ) ) ;
#20 = AXIS2_PLACEMENT_3D ( 'NONE', #348, #2134, #2589 ) ;
#21 = CYLINDRICAL_SURFACE ( 'NONE', #1708, 2.549999999999998490 ) ;
#22 = FACE_OUTER_BOUND ( 'NONE', #2694, .T. ) ;
#23 = VECTOR ( 'NONE', #774, 1000.000000000000000 ) ;
#24 = ORIENTED_EDGE ( 'NONE', *, *, #1828, .T. ) ;
#25 = DIRECTION ( 'NONE',  ( -1.688021546523003196E-16, -1.000000000000000000, 0.000000000000000000 ) ) ;
#26 = AXIS2_PLACEMENT_3D ( 'NONE', #501, #261, #1838 ) ;
#27 = CARTESIAN_POINT ( 'NONE',  ( -1.945043223561839119, 6.879532794605236331E-16, 0.000000000000000000 ) ) ;
#28 = VERTEX_POINT ( 'NONE', #1712 ) ;
#29 = EDGE_LOOP ( 'NONE', ( #10, #234, #660, #2266 ) ) ;
#30 = AXIS2_PLACEMENT_3D ( 'NONE', #2711, #2276, #683 ) ;
#31 = DIRECTION ( 'NONE',  ( -1.822259392948775636E-16, -1.000000000000000000, 0.000000000000000000 ) ) ;
#32 = AXIS2_PLACEMENT_3D ( 'NONE', #1452, #544, #2102 ) ;
#33 = DIRECTION ( 'NONE',  ( 2.249639673992786138E-32, -1.224646799147353207E-16, 1.000000000000000000 ) ) ;
#34 = CIRCLE ( 'NONE', #122, 3.950000000000001954 ) ;
#35 = EDGE_CURVE ( 'NONE', #1731, #1188, #2570, .T. ) ;
#36 = COORDINATED_UNIVERSAL_TIME_OFFSET ( 6, 0, .BEHIND. ) ;
#37 = VECTOR ( 'NONE', #1774, 1000.000000000000000 ) ;
#38 = DIRECTION ( 'NONE',  ( 1.836970198721029441E-16, -1.000000000000000000, 0.000000000000000000 ) ) ;
#39 = CIRCLE ( 'NONE', #1404, 3.950000000000001066 ) ;
#40 = CARTESIAN_POINT ( 'NONE',  ( 1.862500000000002931, 6.727903352815775612E-16, 0.000000000000000000 ) ) ;
#41 = DIRECTION ( 'NONE',  ( 1.789527763741387729E-16, -1.000000000000000000, 0.000000000000000000 ) ) ;
#42 = ORIENTED_EDGE ( 'NONE', *, *, #2645, .F. ) ;
#43 = DIRECTION ( 'NONE',  ( -1.836970198721029441E-16, -1.000000000000000000, 0.000000000000000000 ) ) ;
#44 = FACE_BOUND ( 'NONE', #2059, .T. ) ;
#45 = ORIENTED_EDGE ( 'NONE', *, *, #2873, .T. ) ;
#46 = EDGE_LOOP ( 'NONE', ( #2788, #1397, #169, #1506 ) ) ;
#47 = CARTESIAN_POINT ( 'NONE',  ( 1.800000000000000044, 0.000000000000000000, 0.000000000000000000 ) ) ;
#48 = DIRECTION ( 'NONE',  ( 1.000000000000000000, 0.000000000000000000, 0.000000000000000000 ) ) ;
#49 = DIRECTION ( 'NONE',  ( -1.822259392948774650E-16, -1.000000000000000000, 0.000000000000000000 ) ) ;
#50 = ADVANCED_FACE ( 'NONE', ( #1251 ), #907, .F. ) ;
#51 = DIRECTION ( 'NONE',  ( -1.000000000000000000, -1.836970198721029441E-16, -0.000000000000000000 ) ) ;
#52 = CARTESIAN_POINT ( 'NONE',  ( -1.693333333333336688, 4.336808689942017736E-16, 0.000000000000000000 ) ) ;
#53 = ADVANCED_FACE ( 'NONE', ( #1278 ), #1739, .F. ) ;
#54 = ORIENTED_EDGE ( 'NONE', *, *, #2493, .T. ) ;
#55 = DIRECTION ( 'NONE',  ( -1.000000000000000000, -1.836970198721029441E-16, -0.000000000000000000 ) ) ;
#56 = CARTESIAN_POINT ( 'NONE',  ( -1.683333333333336457, 3.552540654437682743, -4.350607541297950867E-16 ) ) ;
#57 = VERTEX_POINT ( 'NONE', #1014 ) ;
#58 = ORIENTED_EDGE ( 'NONE', *, *, #1323, .F. ) ;
#59 = EDGE_CURVE ( 'NONE', #843, #1212, #1037, .T. ) ;
#60 = DIRECTION ( 'NONE',  ( -1.000000000000000000, 1.836970198721029441E-16, 0.000000000000000000 ) ) ;
#61 = CARTESIAN_POINT ( 'NONE',  ( 1.985043223561839376, 3.784467967697247026, 4.677059592665117059E-16 ) ) ;
#62 = DATE_AND_TIME ( #491, #2762 ) ;
#63 = FACE_OUTER_BOUND ( 'NONE', #1170, .T. ) ;
#64 = CARTESIAN_POINT ( 'NONE',  ( 1.683333333333337567, -3.552540654437681855, 0.000000000000000000 ) ) ;
#65 = AXIS2_PLACEMENT_3D ( 'NONE', #1757, #476, #1787 ) ;
#66 = ORIENTED_EDGE ( 'NONE', *, *, #1382, .F. ) ;
#67 = AXIS2_PLACEMENT_3D ( 'NONE', #628, #2558, #1466 ) ;
#68 = DIRECTION ( 'NONE',  ( -1.836970198721029441E-16, -1.000000000000000000, 0.000000000000000000 ) ) ;
#69 = ADVANCED_FACE ( 'NONE', ( #794 ), #1612, .T. ) ;
#70 = DIRECTION ( 'NONE',  ( 0.000000000000000000, 0.000000000000000000, 1.000000000000000000 ) ) ;
#71 = VERTEX_POINT ( 'NONE', #1908 ) ;
#72 = ORIENTED_EDGE ( 'NONE', *, *, #1518, .T. ) ;
#73 = CC_DESIGN_APPROVAL ( #789, ( #1032 ) ) ;
#74 = CARTESIAN_POINT ( 'NONE',  ( 1.945043223561838452, 3.853750000000002007, 4.719482602214114883E-16 ) ) ;
#75 = DIRECTION ( 'NONE',  ( -1.707404996040163772E-16, -1.000000000000000000, 0.000000000000000000 ) ) ;
#76 = CIRCLE ( 'NONE', #1748, 2.549999999999998934 ) ;
#77 = AXIS2_PLACEMENT_3D ( 'NONE', #308, #2495, #761 ) ;
#78 = CARTESIAN_POINT ( 'NONE',  ( -1.683333333333337123, 6.398779525544925691E-16, 0.000000000000000000 ) ) ;
#79 = CIRCLE ( 'NONE', #638, 3.552540654437682299 ) ;
#80 = LINE ( 'NONE', #754, #409 ) ;
#81 = AXIS2_PLACEMENT_3D ( 'NONE', #1459, #148, #2125 ) ;
#82 = ORIENTED_EDGE ( 'NONE', *, *, #851, .T. ) ;
#83 = CONICAL_SURFACE ( 'NONE', #876, 3.476763431606543886, 0.5235987755982952629 ) ;
#84 = DIRECTION ( 'NONE',  ( -1.822259392948775636E-16, -1.000000000000000000, 0.000000000000000000 ) ) ;
#85 = AXIS2_PLACEMENT_3D ( 'NONE', #2617, #1114, #2636 ) ;
#86 = CARTESIAN_POINT ( 'NONE',  ( -1.999999999999998668, -3.673940397442039160E-17, 0.000000000000000000 ) ) ;
#87 = ORIENTED_EDGE ( 'NONE', *, *, #2626, .F. ) ;
#88 = ORIENTED_EDGE ( 'NONE', *, *, #11, .T. ) ;
#89 = EDGE_CURVE ( 'NONE', #199, #843, #490, .T. ) ;
#90 = CARTESIAN_POINT ( 'NONE',  ( -1.950000000000002842, 6.888638245203865889E-16, 0.000000000000000000 ) ) ;
#91 = CARTESIAN_POINT ( 'NONE',  ( 1.700000000000002176, -4.012999999999997236, 0.000000000000000000 ) ) ;
#92 = EDGE_CURVE ( 'NONE', #1295, #978, #2662, .T. ) ;
#93 = APPROVAL_STATUS ( 'not_yet_approved' ) ;
#94 = EDGE_CURVE ( 'NONE', #2142, #713, #854, .T. ) ;
#95 = DIRECTION ( 'NONE',  ( 2.249639673992786138E-32, -1.224646799147353207E-16, 1.000000000000000000 ) ) ;
#96 = CYLINDRICAL_SURFACE ( 'NONE', #171, 4.012999999999999012 ) ;
#97 = ORIENTED_EDGE ( 'NONE', *, *, #2467, .F. ) ;
#98 = DIRECTION ( 'NONE',  ( 0.000000000000000000, -1.000000000000000000, -1.224646799147354933E-16 ) ) ;
#99 = CARTESIAN_POINT ( 'NONE',  ( -1.999999999999999556, 1.700000000000000178, 2.081899558550500526E-16 ) ) ;
#100 = ORIENTED_EDGE ( 'NONE', *, *, #350, .T. ) ;
#101 = CARTESIAN_POINT ( 'NONE',  ( 1.960625000000002727, 6.908156053565276132E-16, 0.000000000000000000 ) ) ;
#102 = CARTESIAN_POINT ( 'NONE',  ( 1.800000000000000488, 2.549999999999998490, -3.122849337825748940E-16 ) ) ;
#103 = EDGE_CURVE ( 'NONE', #2002, #2412, #2712, .T. ) ;
#104 = AXIS2_PLACEMENT_3D ( 'NONE', #2233, #1550, #419 ) ;
#105 = EDGE_CURVE ( 'NONE', #786, #1359, #1330, .T. ) ;
#106 = DIRECTION ( 'NONE',  ( -1.000000000000000000, -1.836970198721029441E-16, -0.000000000000000000 ) ) ;
#107 = DIRECTION ( 'NONE',  ( -1.000000000000000000, -1.836970198721029441E-16, -0.000000000000000000 ) ) ;
#108 = ORIENTED_EDGE ( 'NONE', *, *, #1283, .T. ) ;
#109 = CARTESIAN_POINT ( 'NONE',  ( -1.683333333333337123, 6.398779525544925691E-16, 0.000000000000000000 ) ) ;
#110 = ORIENTED_EDGE ( 'NONE', *, *, #465, .T. ) ;
#111 = AXIS2_PLACEMENT_3D ( 'NONE', #1305, #14, #1076 ) ;
#112 = DIRECTION ( 'NONE',  ( -0.8660254037844405950, 0.4999999999999966693, 6.123233995736727825E-17 ) ) ;
#113 = CARTESIAN_POINT ( 'NONE',  ( 1.960625000000002727, 6.908156053565276132E-16, 0.000000000000000000 ) ) ;
#114 = CIRCLE ( 'NONE', #1339, 0.002500000000000114977 ) ;
#115 = CIRCLE ( 'NONE', #863, 2.462812499999997407 ) ;
#116 = DIRECTION ( 'NONE',  ( 1.000000000000000000, -1.836970198721029441E-16, -0.000000000000000000 ) ) ;
#117 = AXIS2_PLACEMENT_3D ( 'NONE', #1189, #2332, #558 ) ;
#118 = ADVANCED_FACE ( 'NONE', ( #1993 ), #2665, .F. ) ;
#119 = DIRECTION ( 'NONE',  ( -1.000000000000000000, -1.836970198721029441E-16, -0.000000000000000000 ) ) ;
#120 = ADVANCED_FACE ( 'NONE', ( #1082 ), #2390, .T. ) ;
#121 = DIRECTION ( 'NONE',  ( 2.195852501236464052E-16, -1.000000000000000000, 0.000000000000000000 ) ) ;
#122 = AXIS2_PLACEMENT_3D ( 'NONE', #1836, #2290, #1213 ) ;
#123 = ORIENTED_EDGE ( 'NONE', *, *, #94, .T. ) ;
#124 = AXIS2_PLACEMENT_3D ( 'NONE', #382, #1697, #1038 ) ;
#125 = CARTESIAN_POINT ( 'NONE',  ( 1.662500000000001199, 6.360509313071567012E-16, 0.000000000000000000 ) ) ;
#126 = CIRCLE ( 'NONE', #1534, 3.989374999999999893 ) ;
#127 = ORIENTED_EDGE ( 'NONE', *, *, #384, .F. ) ;
#128 = CC_DESIGN_PERSON_AND_ORGANIZATION_ASSIGNMENT ( #533, #2272, ( #179 ) ) ;
#129 = CYLINDRICAL_SURFACE ( 'NONE', #1392, 3.950000000000001954 ) ;
#130 = CIRCLE ( 'NONE', #461, 3.495717967697244966 ) ;
#131 = DIRECTION ( 'NONE',  ( -1.000000000000000000, -1.836970198721029441E-16, -0.000000000000000000 ) ) ;
#132 = CARTESIAN_POINT ( 'NONE',  ( -1.673333333333336004, 3.757500000000001616, -4.633757326273799609E-16 ) ) ;
#133 = EDGE_CURVE ( 'NONE', #2664, #1115, #443, .T. ) ;
#134 = ORIENTED_EDGE ( 'NONE', *, *, #2477, .F. ) ;
#135 = DIRECTION ( 'NONE',  ( 1.860909002106438262E-16, -1.000000000000000000, 0.000000000000000000 ) ) ;
#136 = LINE ( 'NONE', #2149, #1208 ) ;
#137 = EDGE_CURVE ( 'NONE', #2240, #1992, #1975, .T. ) ;
#138 = ORIENTED_EDGE ( 'NONE', *, *, #2769, .T. ) ;
#139 = CARTESIAN_POINT ( 'NONE',  ( -1.945043223561839119, 6.879532794605236331E-16, 0.000000000000000000 ) ) ;
#140 = CARTESIAN_POINT ( 'NONE',  ( 1.960625000000003615, -3.950000000000000178, 4.861465090490260670E-16 ) ) ;
#141 = ORIENTED_EDGE ( 'NONE', *, *, #2370, .F. ) ;
#142 = DIRECTION ( 'NONE',  ( -2.249639673992786138E-32, -1.224646799147353207E-16, -1.000000000000000000 ) ) ;
#143 = ORIENTED_EDGE ( 'NONE', *, *, #608, .F. ) ;
#144 = CIRCLE ( 'NONE', #663, 0.1999999999999994282 ) ;
#145 = CARTESIAN_POINT ( 'NONE',  ( -1.800000000000000044, 0.000000000000000000, 0.000000000000000000 ) ) ;
#146 = ORIENTED_EDGE ( 'NONE', *, *, #910, .F. ) ;
#147 = EDGE_LOOP ( 'NONE', ( #1823, #2704 ) ) ;
#148 = DIRECTION ( 'NONE',  ( -1.000000000000000000, -1.836970198721029441E-16, -0.000000000000000000 ) ) ;
#149 = ORIENTED_EDGE ( 'NONE', *, *, #423, .T. ) ;
#150 = EDGE_CURVE ( 'NONE', #1662, #1982, #1841, .T. ) ;
#151 = CLOSED_SHELL ( 'NONE', ( #894, #2090, #1910, #567, #1367, #696, #753, #229, #2229, #320, #661, #2400, #1384, #1721, #1742, #2661, #1138, #1179, #326, #1613, #1183, #2319, #1857, #1104, #1762, #2298, #53, #120, #991, #556, #15 ) ) ;
#152 = FACE_OUTER_BOUND ( 'NONE', #2162, .T. ) ;
#153 = LINE ( 'NONE', #1028, #1683 ) ;
#154 = ORIENTED_EDGE ( 'NONE', *, *, #1451, .T. ) ;
#155 = AXIS2_PLACEMENT_3D ( 'NONE', #1162, #2483, #284 ) ;
#156 = DIRECTION ( 'NONE',  ( -1.000000000000000000, -1.836970198721029441E-16, -0.000000000000000000 ) ) ;
#157 = ORIENTED_EDGE ( 'NONE', *, *, #1657, .T. ) ;
#158 = FACE_OUTER_BOUND ( 'NONE', #2752, .T. ) ;
#159 = ORIENTED_EDGE ( 'NONE', *, *, #2457, .F. ) ;
#160 = AXIS2_PLACEMENT_3D ( 'NONE', #47, #2659, #2236 ) ;
#161 = DIRECTION ( 'NONE',  ( -1.000000000000000000, -1.836970198721029441E-16, -0.000000000000000000 ) ) ;
#162 = DIRECTION ( 'NONE',  ( -1.899575560196316423E-16, -1.000000000000000000, 0.000000000000000000 ) ) ;
#163 = CIRCLE ( 'NONE', #2126, 0.1999999999999996503 ) ;
#164 = VERTEX_POINT ( 'NONE', #1131 ) ;
#165 = AXIS2_PLACEMENT_3D ( 'NONE', #1378, #855, #1999 ) ;
#166 = LINE ( 'NONE', #2598, #506 ) ;
#167 = CIRCLE ( 'NONE', #1810, 0.02000000000000005246 ) ;
#168 = DIRECTION ( 'NONE',  ( 1.836970198721029441E-16, -1.000000000000000000, 0.000000000000000000 ) ) ;
#169 = ORIENTED_EDGE ( 'NONE', *, *, #2821, .T. ) ;
#170 = EDGE_CURVE ( 'NONE', #786, #1110, #1140, .T. ) ;
#171 = AXIS2_PLACEMENT_3D ( 'NONE', #710, #742, #2274 ) ;
#172 = CARTESIAN_POINT ( 'NONE',  ( 1.950000000000003508, -3.346619058426715920, 0.000000000000000000 ) ) ;
#173 = ORIENTED_EDGE ( 'NONE', *, *, #711, .F. ) ;
#174 = EDGE_CURVE ( 'NONE', #1035, #431, #2303, .T. ) ;
#175 = DIRECTION ( 'NONE',  ( -1.000000000000000000, -1.836970198721029441E-16, -0.000000000000000000 ) ) ;
#176 = EDGE_LOOP ( 'NONE', ( #1865, #1286, #517, #2479 ) ) ;
#177 = EDGE_CURVE ( 'NONE', #2204, #618, #1883, .T. ) ;
#178 = DIRECTION ( 'NONE',  ( -1.000000000000000000, -1.836970198721029441E-16, -0.000000000000000000 ) ) ;
#179 = PRODUCT ( '7804K128_Corrosion-Resistant 440C Stainless Steel Ball Bearing', '7804K128_Corrosion-Resistant 440C Stainless Steel Ball Bearing', '', ( #285 ) ) ;
#180 = FACE_BOUND ( 'NONE', #1335, .T. ) ;
#181 = CONICAL_SURFACE ( 'NONE', #519, 3.740717967697245516, 1.047197551196587639 ) ;
#182 = ORIENTED_EDGE ( 'NONE', *, *, #2682, .F. ) ;
#183 = CARTESIAN_POINT ( 'NONE',  ( 1.800000000000001155, 6.613092715395708453E-16, 0.000000000000000000 ) ) ;
#184 = CARTESIAN_POINT ( 'NONE',  ( -1.818333333333334689, 3.495717967697245854, -4.457828201489221508E-16 ) ) ;
#185 = VERTEX_POINT ( 'NONE', #1575 ) ;
#186 = DIRECTION ( 'NONE',  ( 1.815466737875731925E-16, -1.000000000000000000, 0.000000000000000000 ) ) ;
#187 = ADVANCED_FACE ( 'NONE', ( #2684 ), #2157, .F. ) ;
#188 = PLANE ( 'NONE',  #2803 ) ;
#189 = ORIENTED_EDGE ( 'NONE', *, *, #2739, .F. ) ;
#190 = EDGE_CURVE ( 'NONE', #2073, #837, #807, .T. ) ;
#191 = FACE_OUTER_BOUND ( 'NONE', #2248, .T. ) ;
#192 = ORIENTED_EDGE ( 'NONE', *, *, #2700, .F. ) ;
#193 = DIRECTION ( 'NONE',  ( 1.621034895318472408E-16, -1.000000000000000000, 0.000000000000000000 ) ) ;
#194 = AXIS2_PLACEMENT_3D ( 'NONE', #86, #322, #703 ) ;
#195 = DIRECTION ( 'NONE',  ( -1.700709290173341396E-16, -1.000000000000000000, 0.000000000000000000 ) ) ;
#196 = EDGE_LOOP ( 'NONE', ( #1797, #412 ) ) ;
#197 = DIRECTION ( 'NONE',  ( -1.943816407347898305E-16, -1.000000000000000000, 0.000000000000000000 ) ) ;
#198 = DIRECTION ( 'NONE',  ( 0.000000000000000000, 0.000000000000000000, -1.000000000000000000 ) ) ;
#199 = VERTEX_POINT ( 'NONE', #1559 ) ;
#200 = ORIENTED_EDGE ( 'NONE', *, *, #2210, .T. ) ;
#201 = DIRECTION ( 'NONE',  ( 1.836970198721029441E-16, 1.000000000000000000, 0.000000000000000000 ) ) ;
#202 = CARTESIAN_POINT ( 'NONE',  ( -1.683333333333337123, 6.398779525544925691E-16, 0.000000000000000000 ) ) ;
#203 = CIRCLE ( 'NONE', #576, 3.757500000000001172 ) ;
#204 = ORIENTED_EDGE ( 'NONE', *, *, #952, .T. ) ;
#205 = CIRCLE ( 'NONE', #858, 3.950000000000001954 ) ;
#206 = DIRECTION ( 'NONE',  ( -1.899575560196316423E-16, -1.000000000000000000, 0.000000000000000000 ) ) ;
#207 = ORIENTED_EDGE ( 'NONE', *, *, #1784, .F. ) ;
#208 = EDGE_CURVE ( 'NONE', #1413, #2056, #203, .T. ) ;
#209 = DIRECTION ( 'NONE',  ( -1.000000000000000000, -1.836970198721029441E-16, -0.000000000000000000 ) ) ;
#210 = ADVANCED_FACE ( 'NONE', ( #2413 ), #1192, .F. ) ;
#211 = DIRECTION ( 'NONE',  ( 1.000000000000000000, -1.836970198721029441E-16, -0.000000000000000000 ) ) ;
#212 = AXIS2_PLACEMENT_3D ( 'NONE', #1210, #1671, #186 ) ;
#213 = VERTEX_POINT ( 'NONE', #2837 ) ;
#214 = CONICAL_SURFACE ( 'NONE', #1343, 3.950000000000001066, 0.7853981633974482790 ) ;
#215 = CARTESIAN_POINT ( 'NONE',  ( 1.789062500000001554, -2.598266129032254401, 0.000000000000000000 ) ) ;
#216 = DIRECTION ( 'NONE',  ( -1.000000000000000000, -1.836970198721029441E-16, -0.000000000000000000 ) ) ;
#217 = ORIENTED_EDGE ( 'NONE', *, *, #1518, .F. ) ;
#218 = CIRCLE ( 'NONE', #1668, 3.569861162513371600 ) ;
#219 = EDGE_LOOP ( 'NONE', ( #748, #1030, #1399, #1649 ) ) ;
#220 = ADVANCED_FACE ( 'NONE', ( #428 ), #1191, .T. ) ;
#221 = CIRCLE ( 'NONE', #1012, 0.002500000000000331818 ) ;
#222 = CARTESIAN_POINT ( 'NONE',  ( -1.693333333333336022, 3.569861162513371600, -4.371819046072449286E-16 ) ) ;
#223 = AXIS2_PLACEMENT_3D ( 'NONE', #1875, #1833, #512 ) ;
#224 = DIRECTION ( 'NONE',  ( 2.195852501236464052E-16, -1.000000000000000000, 0.000000000000000000 ) ) ;
#225 = AXIS2_PLACEMENT_3D ( 'NONE', #1754, #1308, #2439 ) ;
#226 = VERTEX_POINT ( 'NONE', #1738 ) ;
#227 = DIRECTION ( 'NONE',  ( -1.000000000000000000, -1.836970198721029441E-16, -0.000000000000000000 ) ) ;
#228 = DIRECTION ( 'NONE',  ( 1.836970198721029441E-16, -1.000000000000000000, 0.000000000000000000 ) ) ;
#229 = ADVANCED_FACE ( 'NONE', ( #2039 ), #1927, .T. ) ;
#230 = EDGE_LOOP ( 'NONE', ( #1187, #701, #1839, #924 ) ) ;
#231 = DIRECTION ( 'NONE',  ( 0.000000000000000000, 0.000000000000000000, -1.000000000000000000 ) ) ;
#232 = ADVANCED_FACE ( 'NONE', ( #253 ), #2616, .T. ) ;
#233 = CARTESIAN_POINT ( 'NONE',  ( 1.800000000000001599, 8.673617379884035472E-16, 0.000000000000000000 ) ) ;
#234 = ORIENTED_EDGE ( 'NONE', *, *, #174, .F. ) ;
#235 = ORIENTED_EDGE ( 'NONE', *, *, #2765, .T. ) ;
#236 = DIRECTION ( 'NONE',  ( 1.000000000000000000, -1.836970198721029441E-16, -0.000000000000000000 ) ) ;
#237 = DIRECTION ( 'NONE',  ( 1.646889375927348039E-16, -1.000000000000000000, 0.000000000000000000 ) ) ;
#238 = CARTESIAN_POINT ( 'NONE',  ( 1.800000000000002487, -4.999999999999998224, 0.000000000000000000 ) ) ;
#239 = ORIENTED_EDGE ( 'NONE', *, *, #1409, .T. ) ;
#240 = DIRECTION ( 'NONE',  ( -1.000000000000000000, 0.000000000000000000, 0.000000000000000000 ) ) ;
#241 = CARTESIAN_POINT ( 'NONE',  ( -1.800000000000000044, 0.000000000000000000, 0.000000000000000000 ) ) ;
#242 = ORIENTED_EDGE ( 'NONE', *, *, #1470, .F. ) ;
#243 = AXIS2_PLACEMENT_3D ( 'NONE', #2557, #788, #1669 ) ;
#244 = CARTESIAN_POINT ( 'NONE',  ( -1.799999999999999600, 1.500000000000000000, 1.959434878635765230E-16 ) ) ;
#245 = DIRECTION ( 'NONE',  ( 1.707404996040163772E-16, -1.000000000000000000, 0.000000000000000000 ) ) ;
#246 = ORIENTED_EDGE ( 'NONE', *, *, #751, .F. ) ;
#247 = EDGE_LOOP ( 'NONE', ( #2260, #1940, #1786, #2785 ) ) ;
#248 = EDGE_CURVE ( 'NONE', #417, #1707, #1741, .T. ) ;
#249 = FACE_OUTER_BOUND ( 'NONE', #597, .T. ) ;
#250 = CARTESIAN_POINT ( 'NONE',  ( -1.800000000000000488, 4.800000000000000711, 5.878304635907295197E-16 ) ) ;
#251 = VECTOR ( 'NONE', #2870, 1000.000000000000000 ) ;
#252 = DIRECTION ( 'NONE',  ( 1.000000000000000000, -1.836970198721029441E-16, -0.000000000000000000 ) ) ;
#253 = FACE_OUTER_BOUND ( 'NONE', #467, .T. ) ;
#254 = DIRECTION ( 'NONE',  ( 2.174179509292567388E-16, -1.000000000000000000, 0.000000000000000000 ) ) ;
#255 = AXIS2_PLACEMENT_3D ( 'NONE', #2325, #762, #2309 ) ;
#256 = CC_DESIGN_APPROVAL ( #1770, ( #2494 ) ) ;
#257 = EDGE_LOOP ( 'NONE', ( #2353, #518, #366, #857 ) ) ;
#258 = DIRECTION ( 'NONE',  ( -1.000000000000000000, -1.836970198721029441E-16, -0.000000000000000000 ) ) ;
#259 = AXIS2_PLACEMENT_3D ( 'NONE', #712, #1133, #2689 ) ;
#260 = AXIS2_PLACEMENT_3D ( 'NONE', #936, #746, #2743 ) ;
#261 = DIRECTION ( 'NONE',  ( 2.249639673992786138E-32, -1.224646799147353207E-16, 1.000000000000000000 ) ) ;
#262 = VERTEX_POINT ( 'NONE', #2820 ) ;
#263 = ORIENTED_EDGE ( 'NONE', *, *, #1323, .T. ) ;
#264 = EDGE_CURVE ( 'NONE', #2216, #1964, #1929, .T. ) ;
#265 = AXIS2_PLACEMENT_3D ( 'NONE', #2878, #1141, #201 ) ;
#266 = DIRECTION ( 'NONE',  ( -1.000000000000000000, -1.836970198721029441E-16, -0.000000000000000000 ) ) ;
#267 = CIRCLE ( 'NONE', #818, 3.569861162513371600 ) ;
#268 = LINE ( 'NONE', #1654, #1282 ) ;
#269 = EDGE_CURVE ( 'NONE', #944, #331, #536, .T. ) ;
#270 = CIRCLE ( 'NONE', #314, 0.002500000000000331818 ) ;
#271 = CARTESIAN_POINT ( 'NONE',  ( -1.909266000730702073, 6.813811102471435520E-16, 0.000000000000000000 ) ) ;
#272 = EDGE_CURVE ( 'NONE', #226, #503, #492, .T. ) ;
#273 = AXIS2_PLACEMENT_3D ( 'NONE', #795, #565, #1714 ) ;
#274 = AXIS2_PLACEMENT_3D ( 'NONE', #1021, #2160, #340 ) ;
#275 = DIRECTION ( 'NONE',  ( 1.871054261493740936E-16, -1.000000000000000000, 0.000000000000000000 ) ) ;
#276 = DIRECTION ( 'NONE',  ( 1.000000000000000000, -1.836970198721029441E-16, -0.000000000000000000 ) ) ;
#277 = APPROVAL ( #2254, 'UNSPECIFIED' ) ;
#278 = ORIENTED_EDGE ( 'NONE', *, *, #248, .F. ) ;
#279 = DIRECTION ( 'NONE',  ( 1.836970198721029441E-16, 1.000000000000000000, 0.000000000000000000 ) ) ;
#280 = CARTESIAN_POINT ( 'NONE',  ( -2.000000000000000000, -3.673940397442059498E-17, 0.000000000000000000 ) ) ;
#281 = EDGE_LOOP ( 'NONE', ( #1961, #539, #138, #1004 ) ) ;
#282 = EDGE_LOOP ( 'NONE', ( #2836, #1275, #2872, #1627 ) ) ;
#283 = DIRECTION ( 'NONE',  ( -1.000000000000000000, -1.836970198721029441E-16, -0.000000000000000000 ) ) ;
#284 = DIRECTION ( 'NONE',  ( 1.836970198721029441E-16, -1.000000000000000000, 0.000000000000000000 ) ) ;
#285 = MECHANICAL_CONTEXT ( 'NONE', #2060, 'mechanical' ) ;
#286 = ADVANCED_FACE ( 'NONE', ( #2156 ), #2530, .F. ) ;
#287 = CARTESIAN_POINT ( 'NONE',  ( 1.862500000000002931, 6.727903352815775612E-16, 0.000000000000000000 ) ) ;
#288 = DIRECTION ( 'NONE',  ( 1.000000000000000000, -1.836970198721029441E-16, -0.000000000000000000 ) ) ;
#289 = ORIENTED_EDGE ( 'NONE', *, *, #639, .T. ) ;
#290 = CARTESIAN_POINT ( 'NONE',  ( 2.000000000000000444, 2.423437499999999911, 2.991965211166874824E-16 ) ) ;
#291 = FACE_OUTER_BOUND ( 'NONE', #514, .T. ) ;
#292 = ORIENTED_EDGE ( 'NONE', *, *, #2331, .F. ) ;
#293 = VERTEX_POINT ( 'NONE', #1290 ) ;
#294 = AXIS2_PLACEMENT_3D ( 'NONE', #2372, #2567, #2777 ) ;
#295 = DIRECTION ( 'NONE',  ( -1.000000000000000000, -1.836970198721029441E-16, -0.000000000000000000 ) ) ;
#296 = CARTESIAN_POINT ( 'NONE',  ( 1.693333333333336688, 4.336808689942017736E-16, 0.000000000000000000 ) ) ;
#297 = PERSON_AND_ORGANIZATION_ROLE ( 'creator' ) ;
#298 = AXIS2_PLACEMENT_3D ( 'NONE', #1069, #2021, #193 ) ;
#299 = CARTESIAN_POINT ( 'NONE',  ( 1.909266000730702073, 6.813811102471435520E-16, 0.000000000000000000 ) ) ;
#300 = EDGE_CURVE ( 'NONE', #652, #1747, #2116, .T. ) ;
#301 = AXIS2_PLACEMENT_3D ( 'NONE', #1915, #142, #613 ) ;
#302 = ORIENTED_EDGE ( 'NONE', *, *, #16, .F. ) ;
#303 = AXIS2_PLACEMENT_3D ( 'NONE', #1505, #1493, #1692 ) ;
#304 = CARTESIAN_POINT ( 'NONE',  ( 1.860000000000002984, 8.673617379884035472E-16, 0.000000000000000000 ) ) ;
#305 = CARTESIAN_POINT ( 'NONE',  ( -1.818333333333336022, -3.495717967697244077, 0.000000000000000000 ) ) ;
#306 = EDGE_LOOP ( 'NONE', ( #1563, #905 ) ) ;
#307 = ORIENTED_EDGE ( 'NONE', *, *, #89, .T. ) ;
#308 = CARTESIAN_POINT ( 'NONE',  ( -1.999999999999998668, -3.673940397442039160E-17, 0.000000000000000000 ) ) ;
#309 = DIRECTION ( 'NONE',  ( 1.000000000000000000, -1.836970198721029441E-16, -0.000000000000000000 ) ) ;
#310 = CC_DESIGN_PERSON_AND_ORGANIZATION_ASSIGNMENT ( #523, #802, ( #1698 ) ) ;
#311 = AXIS2_PLACEMENT_3D ( 'NONE', #1172, #516, #2292 ) ;
#312 = CIRCLE ( 'NONE', #2271, 3.950000000000001066 ) ;
#313 = DIRECTION ( 'NONE',  ( 1.000000000000000000, 0.000000000000000000, 0.000000000000000000 ) ) ;
#314 = AXIS2_PLACEMENT_3D ( 'NONE', #2385, #2140, #2169 ) ;
#315 = PLANE ( 'NONE',  #1198 ) ;
#316 = CARTESIAN_POINT ( 'NONE',  ( 2.000000000000001776, -4.799999999999999822, 0.000000000000000000 ) ) ;
#317 = AXIS2_PLACEMENT_3D ( 'NONE', #1449, #55, #1024 ) ;
#318 = EDGE_LOOP ( 'NONE', ( #289, #2705 ) ) ;
#319 = CIRCLE ( 'NONE', #2587, 0.1049999999999991912 ) ;
#320 = ADVANCED_FACE ( 'NONE', ( #1524 ), #2443, .T. ) ;
#321 = CARTESIAN_POINT ( 'NONE',  ( -1.950000000000002620, 3.346619058426717697, 0.000000000000000000 ) ) ;
#322 = DIRECTION ( 'NONE',  ( -1.000000000000000000, -1.836970198721029441E-16, -0.000000000000000000 ) ) ;
#323 = ORIENTED_EDGE ( 'NONE', *, *, #2206, .T. ) ;
#324 = ORIENTED_EDGE ( 'NONE', *, *, #2834, .F. ) ;
#325 = EDGE_CURVE ( 'NONE', #331, #2216, #1007, .T. ) ;
#326 = ADVANCED_FACE ( 'NONE', ( #1274 ), #1564, .T. ) ;
#327 = CARTESIAN_POINT ( 'NONE',  ( -1.789062499999999334, 2.009186154851227062E-18, 0.000000000000000000 ) ) ;
#328 = DIRECTION ( 'NONE',  ( -1.836970198721029441E-16, -1.000000000000000000, 0.000000000000000000 ) ) ;
#329 = DIRECTION ( 'NONE',  ( 0.000000000000000000, -1.000000000000000000, -1.224646799147353207E-16 ) ) ;
#330 = FACE_OUTER_BOUND ( 'NONE', #957, .T. ) ;
#331 = VERTEX_POINT ( 'NONE', #1031 ) ;
#332 = CARTESIAN_POINT ( 'NONE',  ( -1.960625000000000950, -2.950633381695672483E-17, 0.000000000000000000 ) ) ;
#333 = VERTEX_POINT ( 'NONE', #172 ) ;
#334 = DIRECTION ( 'NONE',  ( 0.000000000000000000, 1.000000000000000000, -1.224646799147354193E-16 ) ) ;
#335 = DIRECTION ( 'NONE',  ( 1.836970198721029441E-16, -1.000000000000000000, 0.000000000000000000 ) ) ;
#336 = EDGE_CURVE ( 'NONE', #1747, #652, #2159, .T. ) ;
#337 = CIRCLE ( 'NONE', #1919, 3.784467967697246138 ) ;
#338 = FACE_OUTER_BOUND ( 'NONE', #1302, .T. ) ;
#339 = DIRECTION ( 'NONE',  ( -1.700709290173341396E-16, -1.000000000000000000, 0.000000000000000000 ) ) ;
#340 = DIRECTION ( 'NONE',  ( 1.700709290173341396E-16, -1.000000000000000000, 0.000000000000000000 ) ) ;
#341 = CARTESIAN_POINT ( 'NONE',  ( 1.818333333333335355, 6.646770502372261762E-16, 0.000000000000000000 ) ) ;
#342 = CARTESIAN_POINT ( 'NONE',  ( -1.673333333333336670, 6.380409823557714077E-16, 0.000000000000000000 ) ) ;
#343 = ORIENTED_EDGE ( 'NONE', *, *, #1645, .T. ) ;
#344 = VECTOR ( 'NONE', #1679, 1000.000000000000227 ) ;
#345 = DIRECTION ( 'NONE',  ( -1.000000000000000000, -1.836970198721029441E-16, -0.000000000000000000 ) ) ;
#346 = CARTESIAN_POINT ( 'NONE',  ( -1.789062499999999334, 0.000000000000000000, 0.000000000000000000 ) ) ;
#347 = EDGE_CURVE ( 'NONE', #2321, #1662, #1236, .T. ) ;
#348 = CARTESIAN_POINT ( 'NONE',  ( -1.778333333333335764, 8.673617379884035472E-16, 0.000000000000000000 ) ) ;
#349 = AXIS2_PLACEMENT_3D ( 'NONE', #1112, #1371, #707 ) ;
#350 = EDGE_CURVE ( 'NONE', #861, #2, #205, .T. ) ;
#351 = DIRECTION ( 'NONE',  ( 1.739027932896416959E-16, -1.000000000000000000, 0.000000000000000000 ) ) ;
#352 = VECTOR ( 'NONE', #874, 1000.000000000000000 ) ;
#353 = LINE ( 'NONE', #1055, #953 ) ;
#354 = AXIS2_PLACEMENT_3D ( 'NONE', #342, #1225, #356 ) ;
#355 = PERSON ( 'UNSPECIFIED', 'UNSPECIFIED', 'UNSPECIFIED', ('UNSPECIFIED'), ('UNSPECIFIED'), ('UNSPECIFIED') ) ;
#356 = DIRECTION ( 'NONE',  ( -1.731260954068669217E-16, -1.000000000000000000, 0.000000000000000000 ) ) ;
#357 = EDGE_CURVE ( 'NONE', #1968, #1548, #1656, .T. ) ;
#358 = CIRCLE ( 'NONE', #1631, 0.2000000000000000944 ) ;
#359 = ORIENTED_EDGE ( 'NONE', *, *, #383, .T. ) ;
#360 = DIRECTION ( 'NONE',  ( 0.000000000000000000, -1.000000000000000000, -1.224646799147353454E-16 ) ) ;
#361 = CONICAL_SURFACE ( 'NONE', #2135, 2.462812499999997851, 0.7853981633974538301 ) ;
#362 = DIRECTION ( 'NONE',  ( 1.760917118108675364E-16, -1.000000000000000000, 0.000000000000000000 ) ) ;
#363 = ORIENTED_EDGE ( 'NONE', *, *, #1822, .T. ) ;
#364 = COORDINATED_UNIVERSAL_TIME_OFFSET ( 6, 0, .BEHIND. ) ;
#365 = DIRECTION ( 'NONE',  ( 0.000000000000000000, -1.000000000000000000, -1.224646799147354193E-16 ) ) ;
#366 = ORIENTED_EDGE ( 'NONE', *, *, #850, .T. ) ;
#367 = DIRECTION ( 'NONE',  ( -1.000000000000000000, -1.836970198721029441E-16, -0.000000000000000000 ) ) ;
#368 = VERTEX_POINT ( 'NONE', #791 ) ;
#369 = EDGE_CURVE ( 'NONE', #2841, #1173, #1039, .T. ) ;
#370 = ORIENTED_EDGE ( 'NONE', *, *, #1086, .T. ) ;
#371 = DIRECTION ( 'NONE',  ( 1.000000000000000000, 0.000000000000000000, 0.000000000000000000 ) ) ;
#372 = ORIENTED_EDGE ( 'NONE', *, *, #711, .T. ) ;
#373 = DIRECTION ( 'NONE',  ( 1.000000000000000000, 1.836970198721029441E-16, 0.000000000000000000 ) ) ;
#374 = LINE ( 'NONE', #1913, #714 ) ;
#375 = ORIENTED_EDGE ( 'NONE', *, *, #384, .T. ) ;
#376 = DIRECTION ( 'NONE',  ( -1.836970198721029441E-16, -1.000000000000000000, 0.000000000000000000 ) ) ;
#377 = ORIENTED_EDGE ( 'NONE', *, *, #1576, .F. ) ;
#378 = AXIS2_PLACEMENT_3D ( 'NONE', #2001, #2215, #654 ) ;
#379 = DIRECTION ( 'NONE',  ( -1.000000000000000000, -1.836970198721029441E-16, 0.000000000000000000 ) ) ;
#380 = ORIENTED_EDGE ( 'NONE', *, *, #1906, .F. ) ;
#381 = DIRECTION ( 'NONE',  ( 1.621034895318472408E-16, -1.000000000000000000, 0.000000000000000000 ) ) ;
#382 = CARTESIAN_POINT ( 'NONE',  ( -2.000000000000000000, 4.800000000000000711, 0.000000000000000000 ) ) ;
#383 = EDGE_CURVE ( 'NONE', #2373, #2664, #1616, .T. ) ;
#384 = EDGE_CURVE ( 'NONE', #2520, #2841, #1977, .T. ) ;
#385 = ORIENTED_EDGE ( 'NONE', *, *, #2790, .T. ) ;
#386 = AXIS2_PLACEMENT_3D ( 'NONE', #341, #1682, #135 ) ;
#387 = CARTESIAN_POINT ( 'NONE',  ( 1.585833333333335871, 3.569861162513372932, 4.371819046072450272E-16 ) ) ;
#388 = DIRECTION ( 'NONE',  ( 0.000000000000000000, -1.000000000000000000, -1.224646799147353947E-16 ) ) ;
#389 = VERTEX_POINT ( 'NONE', #1261 ) ;
#390 = AXIS2_PLACEMENT_3D ( 'NONE', #845, #2143, #2805 ) ;
#391 = CARTESIAN_POINT ( 'NONE',  ( -1.662499999999999645, 2.525834023241420566E-17, 0.000000000000000000 ) ) ;
#392 = CIRCLE ( 'NONE', #1796, 3.346619058426716808 ) ;
#393 = CC_DESIGN_PERSON_AND_ORGANIZATION_ASSIGNMENT ( #1818, #297, ( #1032 ) ) ;
#394 = ORIENTED_EDGE ( 'NONE', *, *, #1593, .F. ) ;
#395 = LOCAL_TIME ( 16, 33, 5.000000000000000000, #364 ) ;
#396 = CARTESIAN_POINT ( 'NONE',  ( 1.950000000000002842, 6.888638245203865889E-16, 0.000000000000000000 ) ) ;
#397 = ORIENTED_EDGE ( 'NONE', *, *, #1949, .T. ) ;
#398 = AXIS2_PLACEMENT_3D ( 'NONE', #1955, #1075, #1874 ) ;
#399 = CYLINDRICAL_SURFACE ( 'NONE', #2075, 2.549999999999998490 ) ;
#400 = FACE_OUTER_BOUND ( 'NONE', #1059, .T. ) ;
#401 = CIRCLE ( 'NONE', #1477, 1.699999999999999956 ) ;
#402 = ORIENTED_EDGE ( 'NONE', *, *, #1886, .T. ) ;
#403 = CIRCLE ( 'NONE', #2222, 3.853750000000001563 ) ;
#404 = ADVANCED_FACE ( 'NONE', ( #2005 ), #1513, .F. ) ;
#405 = CARTESIAN_POINT ( 'NONE',  ( 1.778333333333335764, 8.673617379884035472E-16, 0.000000000000000000 ) ) ;
#406 = LINE ( 'NONE', #1966, #988 ) ;
#407 = ORIENTED_EDGE ( 'NONE', *, *, #2118, .F. ) ;
#408 = EDGE_CURVE ( 'NONE', #1610, #2408, #1783, .T. ) ;
#409 = VECTOR ( 'NONE', #1431, 1000.000000000000000 ) ;
#410 = DIRECTION ( 'NONE',  ( -1.000000000000000000, -1.836970198721029441E-16, -0.000000000000000000 ) ) ;
#411 = DIRECTION ( 'NONE',  ( -0.5000000000000088818, 0.8660254037844336006, 1.060575238724900875E-16 ) ) ;
#412 = ORIENTED_EDGE ( 'NONE', *, *, #2118, .T. ) ;
#413 = DIRECTION ( 'NONE',  ( -1.000000000000000000, -1.836970198721029441E-16, -0.000000000000000000 ) ) ;
#414 = ORIENTED_EDGE ( 'NONE', *, *, #2270, .F. ) ;
#415 = DIRECTION ( 'NONE',  ( 1.831143867920833533E-16, -1.000000000000000000, 0.000000000000000000 ) ) ;
#416 = DIRECTION ( 'NONE',  ( 0.000000000000000000, 0.000000000000000000, -1.000000000000000000 ) ) ;
#417 = VERTEX_POINT ( 'NONE', #422 ) ;
#418 = DIRECTION ( 'NONE',  ( 1.734723475976807094E-16, -1.000000000000000000, 0.000000000000000000 ) ) ;
#419 = DIRECTION ( 'NONE',  ( 1.700709290173341396E-16, -1.000000000000000000, 0.000000000000000000 ) ) ;
#420 = EDGE_LOOP ( 'NONE', ( #1437, #1317 ) ) ;
#421 = DIRECTION ( 'NONE',  ( 1.860909002106438262E-16, -1.000000000000000000, 0.000000000000000000 ) ) ;
#422 = CARTESIAN_POINT ( 'NONE',  ( 1.585833333333337203, -3.569861162513372044, 0.000000000000000000 ) ) ;
#423 = EDGE_CURVE ( 'NONE', #1548, #978, #1817, .T. ) ;
#424 = EDGE_LOOP ( 'NONE', ( #2876, #2391, #1424, #1433 ) ) ;
#425 = DIRECTION ( 'NONE',  ( 1.445602896647339163E-16, -1.000000000000000000, 0.000000000000000000 ) ) ;
#426 = CONICAL_SURFACE ( 'NONE', #1554, 2.423437499999999023, 0.7853981633974538301 ) ;
#427 = ORIENTED_EDGE ( 'NONE', *, *, #1837, .T. ) ;
#428 = FACE_OUTER_BOUND ( 'NONE', #977, .T. ) ;
#429 = CARTESIAN_POINT ( 'NONE',  ( -1.789062499999998890, -2.462812499999998295, 0.000000000000000000 ) ) ;
#430 = ADVANCED_FACE ( 'NONE', ( #1555 ), #1334, .F. ) ;
#431 = VERTEX_POINT ( 'NONE', #2203 ) ;
#432 = DIRECTION ( 'NONE',  ( -1.000000000000000000, 0.000000000000000000, 0.000000000000000000 ) ) ;
#433 = FACE_OUTER_BOUND ( 'NONE', #196, .T. ) ;
#434 = ORIENTED_EDGE ( 'NONE', *, *, #2300, .T. ) ;
#435 = ORIENTED_EDGE ( 'NONE', *, *, #734, .T. ) ;
#436 = DIRECTION ( 'NONE',  ( -1.943816407347898305E-16, -1.000000000000000000, 0.000000000000000000 ) ) ;
#437 = DIRECTION ( 'NONE',  ( 1.789527763741387729E-16, -1.000000000000000000, 0.000000000000000000 ) ) ;
#438 = CLOSED_SHELL ( 'NONE', ( #1706, #2383, #118, #187, #2253, #1177, #1254, #1525, #1996, #2153, #1674, #1362, #883, #1303, #1512, #489, #2037, #507, #2334, #1417 ) ) ;
#439 = EDGE_CURVE ( 'NONE', #293, #2540, #1428, .T. ) ;
#440 = AXIS2_PLACEMENT_3D ( 'NONE', #2469, #1372, #2252 ) ;
#441 = DIRECTION ( 'NONE',  ( -1.000000000000000000, -1.836970198721029441E-16, -0.000000000000000000 ) ) ;
#442 = EDGE_LOOP ( 'NONE', ( #2403, #2545 ) ) ;
#443 = LINE ( 'NONE', #19, #251 ) ;
#444 = CC_DESIGN_SECURITY_CLASSIFICATION ( #2494, ( #1698 ) ) ;
#445 = ADVANCED_FACE ( 'NONE', ( #1799 ), #767, .T. ) ;
#446 = DIRECTION ( 'NONE',  ( -1.836970198721029441E-16, -1.000000000000000000, 0.000000000000000000 ) ) ;
#447 = CIRCLE ( 'NONE', #30, 0.1075000000000001787 ) ;
#448 = VECTOR ( 'NONE', #1853, 1000.000000000000000 ) ;
#449 = ORIENTED_EDGE ( 'NONE', *, *, #999, .T. ) ;
#450 = AXIS2_PLACEMENT_3D ( 'NONE', #841, #373, #1922 ) ;
#451 = CARTESIAN_POINT ( 'NONE',  ( -1.799999999999999600, 8.905709233968017256E-32, 0.000000000000000000 ) ) ;
#452 = CARTESIAN_POINT ( 'NONE',  ( 1.860000000000003650, -3.346619058426715920, 0.000000000000000000 ) ) ;
#453 = ORIENTED_EDGE ( 'NONE', *, *, #700, .F. ) ;
#454 = AXIS2_PLACEMENT_3D ( 'NONE', #653, #903, #482 ) ;
#455 = VERTEX_POINT ( 'NONE', #1768 ) ;
#456 = PLANE ( 'NONE',  #265 ) ;
#457 = AXIS2_PLACEMENT_3D ( 'NONE', #125, #1255, #2608 ) ;
#458 = DIRECTION ( 'NONE',  ( -1.836970198721029688E-16, -1.000000000000000000, 0.000000000000000000 ) ) ;
#459 = CIRCLE ( 'NONE', #223, 2.462812499999998295 ) ;
#460 = DIRECTION ( 'NONE',  ( -1.000000000000000000, 1.836970198721029441E-16, 0.000000000000000000 ) ) ;
#461 = AXIS2_PLACEMENT_3D ( 'NONE', #2663, #460, #2424 ) ;
#462 = ORIENTED_EDGE ( 'NONE', *, *, #2543, .F. ) ;
#463 = DIRECTION ( 'NONE',  ( 1.836970198721029441E-16, -1.000000000000000000, 0.000000000000000000 ) ) ;
#464 = FACE_BOUND ( 'NONE', #2519, .T. ) ;
#465 = EDGE_CURVE ( 'NONE', #2865, #2208, #1469, .T. ) ;
#466 = ADVANCED_FACE ( 'NONE', ( #860 ), #911, .T. ) ;
#467 = EDGE_LOOP ( 'NONE', ( #2792, #872, #925, #1313 ) ) ;
#468 = DIRECTION ( 'NONE',  ( -1.000000000000000000, -1.836970198721029441E-16, -0.000000000000000000 ) ) ;
#469 = PLANE ( 'NONE',  #2340 ) ;
#470 = EDGE_CURVE ( 'NONE', #1924, #213, #2715, .T. ) ;
#471 = ORIENTED_EDGE ( 'NONE', *, *, #2205, .F. ) ;
#472 = ORIENTED_EDGE ( 'NONE', *, *, #1432, .F. ) ;
#473 = FACE_OUTER_BOUND ( 'NONE', #1945, .T. ) ;
#474 = CYLINDRICAL_SURFACE ( 'NONE', #440, 4.012999999999999012 ) ;
#475 =( LENGTH_UNIT ( ) NAMED_UNIT ( * ) SI_UNIT ( .MILLI., .METRE. ) );
#476 = DIRECTION ( 'NONE',  ( -1.000000000000000000, 1.836970198721029441E-16, 0.000000000000000000 ) ) ;
#477 = CARTESIAN_POINT ( 'NONE',  ( -1.800000000000000711, 3.950000000000001954, 4.837354856632048016E-16 ) ) ;
#478 = CARTESIAN_POINT ( 'NONE',  ( 2.000000000000001332, -2.423437499999998135, 0.000000000000000000 ) ) ;
#479 = EDGE_LOOP ( 'NONE', ( #1598, #2590 ) ) ;
#480 = CIRCLE ( 'NONE', #945, 3.757500000000001172 ) ;
#481 = ADVANCED_FACE ( 'NONE', ( #1320 ), #996, .T. ) ;
#482 = DIRECTION ( 'NONE',  ( -2.291898743474294649E-16, -1.000000000000000000, 0.000000000000000000 ) ) ;
#483 = CARTESIAN_POINT ( 'NONE',  ( -1.799999999999999822, -1.500000000000000000, 0.000000000000000000 ) ) ;
#484 = EDGE_LOOP ( 'NONE', ( #2328, #149, #2594, #497 ) ) ;
#485 = VERTEX_POINT ( 'NONE', #674 ) ;
#486 = ADVANCED_FACE ( 'NONE', ( #1113 ), #2212, .T. ) ;
#487 = DIRECTION ( 'NONE',  ( -1.000000000000000000, -1.836970198721029441E-16, -0.000000000000000000 ) ) ;
#488 = DIRECTION ( 'NONE',  ( -1.000000000000000000, 1.836970198721029441E-16, 0.000000000000000000 ) ) ;
#489 = ADVANCED_FACE ( 'NONE', ( #2437 ), #1357, .F. ) ;
#490 = CIRCLE ( 'NONE', #386, 3.495717967697244966 ) ;
#491 = CALENDAR_DATE ( 2026, 6, 5 ) ;
#492 = CIRCLE ( 'NONE', #390, 3.348784121936178249 ) ;
#493 = PRODUCT_DEFINITION_SHAPE ( 'NONE', 'NONE',  #1032 ) ;
#494 = CARTESIAN_POINT ( 'NONE',  ( -1.909266000730702739, -3.740717967697244628, 0.000000000000000000 ) ) ;
#495 = DIRECTION ( 'NONE',  ( -1.000000000000000000, -1.836970198721029441E-16, -0.000000000000000000 ) ) ;
#496 = CIRCLE ( 'NONE', #1147, 3.569861162513373376 ) ;
#497 = ORIENTED_EDGE ( 'NONE', *, *, #2377, .F. ) ;
#498 = FACE_OUTER_BOUND ( 'NONE', #2200, .T. ) ;
#499 = AXIS2_PLACEMENT_3D ( 'NONE', #1036, #1887, #2831 ) ;
#500 = AXIS2_PLACEMENT_3D ( 'NONE', #2086, #1186, #2478 ) ;
#501 = CARTESIAN_POINT ( 'NONE',  ( 1.800000000000000711, 1.700000000000000622, 2.081899558550500280E-16 ) ) ;
#502 = ORIENTED_EDGE ( 'NONE', *, *, #300, .F. ) ;
#503 = VERTEX_POINT ( 'NONE', #2019 ) ;
#504 = CIRCLE ( 'NONE', #867, 1.499999999999999778 ) ;
#505 = CARTESIAN_POINT ( 'NONE',  ( -1.799999999999999378, 1.302827758746164342E-31, 0.000000000000000000 ) ) ;
#506 = VECTOR ( 'NONE', #1687, 1000.000000000000114 ) ;
#507 = ADVANCED_FACE ( 'NONE', ( #693 ), #474, .F. ) ;
#508 = VECTOR ( 'NONE', #1547, 999.9999999999998863 ) ;
#509 = DIRECTION ( 'NONE',  ( -1.815466737875731925E-16, -1.000000000000000000, 0.000000000000000000 ) ) ;
#510 = VECTOR ( 'NONE', #1223, 1000.000000000000000 ) ;
#511 = AXIS2_PLACEMENT_3D ( 'NONE', #1771, #2223, #206 ) ;
#512 = DIRECTION ( 'NONE',  ( 1.760917118108674871E-16, -1.000000000000000000, 0.000000000000000000 ) ) ;
#513 = FACE_OUTER_BOUND ( 'NONE', #655, .T. ) ;
#514 = EDGE_LOOP ( 'NONE', ( #127, #2283, #2155, #2343 ) ) ;
#515 = CARTESIAN_POINT ( 'NONE',  ( -1.861250000000003846, -3.348784121936177360, 0.000000000000000000 ) ) ;
#516 = DIRECTION ( 'NONE',  ( -2.249639673992786138E-32, -1.224646799147353207E-16, -1.000000000000000000 ) ) ;
#517 = ORIENTED_EDGE ( 'NONE', *, *, #2364, .T. ) ;
#518 = ORIENTED_EDGE ( 'NONE', *, *, #2051, .T. ) ;
#519 = AXIS2_PLACEMENT_3D ( 'NONE', #771, #2099, #2756 ) ;
#520 = DIRECTION ( 'NONE',  ( -1.000000000000000000, 1.836970198721029441E-16, 0.000000000000000000 ) ) ;
#521 = DIRECTION ( 'NONE',  ( -1.000000000000000000, -1.836970198721029441E-16, -0.000000000000000000 ) ) ;
#522 = EDGE_CURVE ( 'NONE', #1134, #1033, #2078, .T. ) ;
#523 = PERSON_AND_ORGANIZATION ( #355, #862 ) ;
#524 = LINE ( 'NONE', #477, #1350 ) ;
#525 = EDGE_LOOP ( 'NONE', ( #2384, #1139, #402, #1508 ) ) ;
#526 = DIRECTION ( 'NONE',  ( -1.000000000000000000, -1.836970198721029441E-16, -0.000000000000000000 ) ) ;
#527 = CARTESIAN_POINT ( 'NONE',  ( -2.000000000000000888, 4.800000000000000711, 6.000769315822031726E-16 ) ) ;
#528 = ORIENTED_EDGE ( 'NONE', *, *, #1283, .F. ) ;
#529 = ORIENTED_EDGE ( 'NONE', *, *, #2270, .T. ) ;
#530 = CIRCLE ( 'NONE', #2064, 4.012999999999999012 ) ;
#531 = FACE_OUTER_BOUND ( 'NONE', #1918, .T. ) ;
#532 = FACE_OUTER_BOUND ( 'NONE', #1611, .T. ) ;
#533 = PERSON_AND_ORGANIZATION ( #355, #862 ) ;
#534 = ADVANCED_FACE ( 'NONE', ( #2696, #708 ), #188, .T. ) ;
#535 = CARTESIAN_POINT ( 'NONE',  ( -1.862500000000002931, 6.727903352815775612E-16, 0.000000000000000000 ) ) ;
#536 = CIRCLE ( 'NONE', #301, 0.1924999999999999489 ) ;
#537 = EDGE_CURVE ( 'NONE', #1216, #485, #1882, .T. ) ;
#538 = EDGE_CURVE ( 'NONE', #667, #368, #2532, .T. ) ;
#539 = ORIENTED_EDGE ( 'NONE', *, *, #336, .T. ) ;
#540 = CIRCLE ( 'NONE', #912, 3.569861162513371600 ) ;
#541 = DIRECTION ( 'NONE',  ( -0.8660254037844405950, 0.4999999999999966693, 6.123233995736727825E-17 ) ) ;
#542 = ORIENTED_EDGE ( 'NONE', *, *, #798, .F. ) ;
#543 = ORIENTED_EDGE ( 'NONE', *, *, #2265, .F. ) ;
#544 = DIRECTION ( 'NONE',  ( -1.000000000000000000, -1.836970198721029441E-16, -0.000000000000000000 ) ) ;
#545 = FACE_BOUND ( 'NONE', #479, .T. ) ;
#546 = TOROIDAL_SURFACE ( 'NONE', #1241, 3.346619058426716808, 0.002500000000000182632 ) ;
#547 = AXIS2_PLACEMENT_3D ( 'NONE', #1018, #1490, #1243 ) ;
#548 = AXIS2_PLACEMENT_3D ( 'NONE', #2463, #468, #1365 ) ;
#549 = AXIS2_PLACEMENT_3D ( 'NONE', #2023, #288, #1376 ) ;
#550 = CARTESIAN_POINT ( 'NONE',  ( -1.862500000000002931, 6.727903352815775612E-16, 0.000000000000000000 ) ) ;
#551 = DIRECTION ( 'NONE',  ( -1.000000000000000000, -1.836970198721029441E-16, -0.000000000000000000 ) ) ;
#552 = CIRCLE ( 'NONE', #2544, 3.476763431606543886 ) ;
#553 = ORIENTED_EDGE ( 'NONE', *, *, #2739, .T. ) ;
#554 = AXIS2_PLACEMENT_3D ( 'NONE', #2835, #836, #865 ) ;
#555 = CARTESIAN_POINT ( 'NONE',  ( -1.799999999999999600, -2.462812499999997851, 0.000000000000000000 ) ) ;
#556 = ADVANCED_FACE ( 'NONE', ( #545, #532 ), #1176, .T. ) ;
#557 = ORIENTED_EDGE ( 'NONE', *, *, #133, .F. ) ;
#558 = DIRECTION ( 'NONE',  ( 1.831143867920833533E-16, -1.000000000000000000, 0.000000000000000000 ) ) ;
#559 = FACE_OUTER_BOUND ( 'NONE', #747, .T. ) ;
#560 = PERSON_AND_ORGANIZATION ( #355, #862 ) ;
#561 = CYLINDRICAL_SURFACE ( 'NONE', #2854, 4.999999999999999112 ) ;
#562 = DIRECTION ( 'NONE',  ( 1.836970198721029441E-16, -1.000000000000000000, 0.000000000000000000 ) ) ;
#563 = CARTESIAN_POINT ( 'NONE',  ( -1.861250000000002514, 3.348784121936179137, -4.101077755964620478E-16 ) ) ;
#564 = CARTESIAN_POINT ( 'NONE',  ( 1.800000000000000933, 6.505213034913026604E-16, 0.000000000000000000 ) ) ;
#565 = DIRECTION ( 'NONE',  ( -1.000000000000000000, -1.836970198721029441E-16, -0.000000000000000000 ) ) ;
#566 = ORIENTED_EDGE ( 'NONE', *, *, #835, .F. ) ;
#567 = ADVANCED_FACE ( 'NONE', ( #2496 ), #2761, .F. ) ;
#568 = DIRECTION ( 'NONE',  ( 1.000000000000000000, 1.836970198721029441E-16, 0.000000000000000000 ) ) ;
#569 = EDGE_CURVE ( 'NONE', #2204, #389, #1385, .T. ) ;
#570 = CIRCLE ( 'NONE', #1322, 4.999999999999999112 ) ;
#571 = PERSON_AND_ORGANIZATION_ROLE ( 'design_supplier' ) ;
#572 = EDGE_CURVE ( 'NONE', #588, #1992, #268, .T. ) ;
#573 = DIRECTION ( 'NONE',  ( -1.000000000000000000, -1.836970198721029441E-16, 0.000000000000000000 ) ) ;
#574 = FACE_OUTER_BOUND ( 'NONE', #1780, .T. ) ;
#575 = CARTESIAN_POINT ( 'NONE',  ( -1.950000000000003508, -3.346619058426715920, 0.000000000000000000 ) ) ;
#576 = AXIS2_PLACEMENT_3D ( 'NONE', #868, #1546, #1590 ) ;
#577 = VERTEX_POINT ( 'NONE', #2738 ) ;
#578 = AXIS2_PLACEMENT_3D ( 'NONE', #1926, #2389, #1902 ) ;
#579 = DIRECTION ( 'NONE',  ( 1.836970198721029441E-16, -1.000000000000000000, 0.000000000000000000 ) ) ;
#580 = FACE_OUTER_BOUND ( 'NONE', #219, .T. ) ;
#581 = EDGE_LOOP ( 'NONE', ( #2491, #1017, #2735, #2225 ) ) ;
#582 = LOCAL_TIME ( 16, 33, 5.000000000000000000, #738 ) ;
#583 = CARTESIAN_POINT ( 'NONE',  ( 1.860000000000002318, 3.346619058426717697, 4.098426317867807868E-16 ) ) ;
#584 = EDGE_CURVE ( 'NONE', #1353, #1766, #2394, .T. ) ;
#585 = AXIS2_PLACEMENT_3D ( 'NONE', #1653, #1643, #1175 ) ;
#586 = DIRECTION ( 'NONE',  ( -1.000000000000000000, -1.836970198721029441E-16, -0.000000000000000000 ) ) ;
#587 = CIRCLE ( 'NONE', #2041, 3.346619058426716808 ) ;
#588 = VERTEX_POINT ( 'NONE', #1644 ) ;
#589 = ORIENTED_EDGE ( 'NONE', *, *, #1482, .F. ) ;
#590 = TOROIDAL_SURFACE ( 'NONE', #1581, 3.757500000000001172, 0.1049999999999991357 ) ;
#591 = DIRECTION ( 'NONE',  ( -1.831143867920833533E-16, -1.000000000000000000, 0.000000000000000000 ) ) ;
#592 = AXIS2_PLACEMENT_3D ( 'NONE', #793, #2791, #803 ) ;
#593 = VERTEX_POINT ( 'NONE', #61 ) ;
#594 = CARTESIAN_POINT ( 'NONE',  ( -1.800000000000000044, 0.000000000000000000, 0.000000000000000000 ) ) ;
#595 = CIRCLE ( 'NONE', #511, 3.424561344767316662 ) ;
#596 = DIRECTION ( 'NONE',  ( 0.000000000000000000, -1.000000000000000000, -1.224646799147350495E-16 ) ) ;
#597 = EDGE_LOOP ( 'NONE', ( #1486, #472, #123, #553 ) ) ;
#598 = CARTESIAN_POINT ( 'NONE',  ( 1.662500000000001199, 6.360509313071567012E-16, 0.000000000000000000 ) ) ;
#599 = EDGE_LOOP ( 'NONE', ( #1551, #1928 ) ) ;
#600 = EDGE_CURVE ( 'NONE', #978, #1295, #1885, .T. ) ;
#601 = FACE_OUTER_BOUND ( 'NONE', #2110, .T. ) ;
#602 = CIRCLE ( 'NONE', #2187, 2.423437499999999023 ) ;
#603 = ORIENTED_EDGE ( 'NONE', *, *, #2245, .T. ) ;
#604 = ORIENTED_EDGE ( 'NONE', *, *, #716, .T. ) ;
#605 = EDGE_CURVE ( 'NONE', #2408, #2693, #1430, .T. ) ;
#606 = DIRECTION ( 'NONE',  ( -1.000000000000000000, 1.836970198721029441E-16, 0.000000000000000000 ) ) ;
#607 = ORIENTED_EDGE ( 'NONE', *, *, #1536, .F. ) ;
#608 = EDGE_CURVE ( 'NONE', #455, #2363, #2030, .T. ) ;
#609 = DIRECTION ( 'NONE',  ( 1.646889375927347793E-16, -1.000000000000000000, 0.000000000000000000 ) ) ;
#610 = DIRECTION ( 'NONE',  ( -1.000000000000000000, -1.836970198721029441E-16, -0.000000000000000000 ) ) ;
#611 = ORIENTED_EDGE ( 'NONE', *, *, #1617, .F. ) ;
#612 = DIRECTION ( 'NONE',  ( 1.734723475976807341E-16, -1.000000000000000000, 0.000000000000000000 ) ) ;
#613 = DIRECTION ( 'NONE',  ( 0.000000000000000000, 1.000000000000000000, -1.224646799147353207E-16 ) ) ;
#614 = ORIENTED_EDGE ( 'NONE', *, *, #2286, .F. ) ;
#615 = AXIS2_PLACEMENT_3D ( 'NONE', #233, #1746, #2844 ) ;
#616 = CARTESIAN_POINT ( 'NONE',  ( 1.950000000000002620, 2.549999999999999378, 3.122849337825748940E-16 ) ) ;
#617 = EDGE_CURVE ( 'NONE', #2520, #333, #392, .T. ) ;
#618 = VERTEX_POINT ( 'NONE', #91 ) ;
#619 = DIRECTION ( 'NONE',  ( -1.000000000000000000, -1.836970198721029441E-16, -0.000000000000000000 ) ) ;
#620 = FACE_OUTER_BOUND ( 'NONE', #1723, .T. ) ;
#621 = EDGE_CURVE ( 'NONE', #1099, #57, #1515, .T. ) ;
#622 = ORIENTED_EDGE ( 'NONE', *, *, #2206, .F. ) ;
#623 = DIRECTION ( 'NONE',  ( -1.000000000000000000, -1.836970198721029441E-16, -0.000000000000000000 ) ) ;
#624 = DIRECTION ( 'NONE',  ( 1.899575560196316423E-16, -1.000000000000000000, 0.000000000000000000 ) ) ;
#625 = ORIENTED_EDGE ( 'NONE', *, *, #1442, .F. ) ;
#626 = VECTOR ( 'NONE', #1830, 999.9999999999998863 ) ;
#627 = CARTESIAN_POINT ( 'NONE',  ( -1.585833333333336759, 6.219674931169624787E-16, 0.000000000000000000 ) ) ;
#628 = CARTESIAN_POINT ( 'NONE',  ( -1.999999999999999112, -3.673940397442044707E-17, 0.000000000000000000 ) ) ;
#629 = EDGE_LOOP ( 'NONE', ( #2444, #82, #2653, #2144 ) ) ;
#630 = VECTOR ( 'NONE', #2717, 1000.000000000000114 ) ;
#631 = CIRCLE ( 'NONE', #499, 2.549999999999998490 ) ;
#632 = FACE_BOUND ( 'NONE', #1932, .T. ) ;
#633 = VERTEX_POINT ( 'NONE', #1219 ) ;
#634 = DIRECTION ( 'NONE',  ( 1.000000000000000000, -1.836970198721029441E-16, -0.000000000000000000 ) ) ;
#635 = LINE ( 'NONE', #901, #508 ) ;
#636 = AXIS2_PLACEMENT_3D ( 'NONE', #1897, #1869, #334 ) ;
#637 = ORIENTED_EDGE ( 'NONE', *, *, #11, .F. ) ;
#638 = AXIS2_PLACEMENT_3D ( 'NONE', #975, #2542, #2489 ) ;
#639 = EDGE_CURVE ( 'NONE', #853, #2177, #540, .T. ) ;
#640 = CARTESIAN_POINT ( 'NONE',  ( 1.960625000000003615, -3.950000000000000178, 4.837354856632047030E-16 ) ) ;
#641 = DIRECTION ( 'NONE',  ( 1.760917118108675117E-16, -1.000000000000000000, 0.000000000000000000 ) ) ;
#642 = ORIENTED_EDGE ( 'NONE', *, *, #621, .T. ) ;
#643 = AXIS2_PLACEMENT_3D ( 'NONE', #2454, #1722, #425 ) ;
#644 = FACE_OUTER_BOUND ( 'NONE', #1623, .T. ) ;
#645 = CARTESIAN_POINT ( 'NONE',  ( 1.789062500000001110, 8.673617379884035472E-16, 0.000000000000000000 ) ) ;
#646 = ORIENTED_EDGE ( 'NONE', *, *, #208, .T. ) ;
#647 = EDGE_CURVE ( 'NONE', #2643, #1460, #2161, .T. ) ;
#648 = CARTESIAN_POINT ( 'NONE',  ( -1.999999999999999112, -3.673940397442044707E-17, 0.000000000000000000 ) ) ;
#649 = ORIENTED_EDGE ( 'NONE', *, *, #1344, .T. ) ;
#650 = DIRECTION ( 'NONE',  ( 1.646889375927348039E-16, -1.000000000000000000, 0.000000000000000000 ) ) ;
#651 = LINE ( 'NONE', #1995, #1670 ) ;
#652 = VERTEX_POINT ( 'NONE', #940 ) ;
#653 = CARTESIAN_POINT ( 'NONE',  ( -1.985043223561840264, 6.953011602554079826E-16, 0.000000000000000000 ) ) ;
#654 = DIRECTION ( 'NONE',  ( 2.551063935260009998E-16, -1.000000000000000000, 0.000000000000000000 ) ) ;
#655 = EDGE_LOOP ( 'NONE', ( #2061, #1419, #2528, #1381 ) ) ;
#656 = EDGE_CURVE ( 'NONE', #2089, #2412, #1416, .T. ) ;
#657 = ORIENTED_EDGE ( 'NONE', *, *, #1959, .F. ) ;
#658 = FACE_OUTER_BOUND ( 'NONE', #1917, .T. ) ;
#659 = DIRECTION ( 'NONE',  ( 1.871054261493740936E-16, -1.000000000000000000, 0.000000000000000000 ) ) ;
#660 = ORIENTED_EDGE ( 'NONE', *, *, #2682, .T. ) ;
#661 = ADVANCED_FACE ( 'NONE', ( #750 ), #2310, .T. ) ;
#662 = DIRECTION ( 'NONE',  ( -1.000000000000000000, -1.836970198721029441E-16, -0.000000000000000000 ) ) ;
#663 = AXIS2_PLACEMENT_3D ( 'NONE', #1939, #2799, #811 ) ;
#664 = EDGE_LOOP ( 'NONE', ( #1260, #1040, #66, #801 ) ) ;
#665 = CARTESIAN_POINT ( 'NONE',  ( -1.999999999999999112, -3.673940397442046556E-17, 0.000000000000000000 ) ) ;
#666 = FACE_OUTER_BOUND ( 'NONE', #1585, .T. ) ;
#667 = VERTEX_POINT ( 'NONE', #2747 ) ;
#668 = DIRECTION ( 'NONE',  ( 1.831143867920833533E-16, -1.000000000000000000, 0.000000000000000000 ) ) ;
#669 = DIRECTION ( 'NONE',  ( 0.000000000000000000, 1.000000000000000000, -1.224646799147350495E-16 ) ) ;
#670 = ORIENTED_EDGE ( 'NONE', *, *, #851, .F. ) ;
#671 = ORIENTED_EDGE ( 'NONE', *, *, #522, .T. ) ;
#672 = AXIS2_PLACEMENT_3D ( 'NONE', #665, #2226, #2194 ) ;
#673 = DIRECTION ( 'NONE',  ( -1.000000000000000000, -1.836970198721029441E-16, -0.000000000000000000 ) ) ;
#674 = CARTESIAN_POINT ( 'NONE',  ( 1.960625000000003171, -2.462812499999996518, 0.000000000000000000 ) ) ;
#675 = AXIS2_PLACEMENT_3D ( 'NONE', #1705, #156, #2601 ) ;
#676 = VECTOR ( 'NONE', #2296, 1000.000000000000000 ) ;
#677 = EDGE_CURVE ( 'NONE', #1638, #837, #374, .T. ) ;
#678 = FACE_OUTER_BOUND ( 'NONE', #1447, .T. ) ;
#679 = ORIENTED_EDGE ( 'NONE', *, *, #1344, .F. ) ;
#680 = CARTESIAN_POINT ( 'NONE',  ( 1.818333333333336244, 6.646770502372262748E-16, 0.000000000000000000 ) ) ;
#681 = AXIS2_PLACEMENT_3D ( 'NONE', #271, #970, #1146 ) ;
#682 = DIRECTION ( 'NONE',  ( 2.249639673992786138E-32, -1.224646799147353207E-16, 1.000000000000000000 ) ) ;
#683 = DIRECTION ( 'NONE',  ( -1.000000000000000000, 0.000000000000000000, 0.000000000000000000 ) ) ;
#684 = AXIS2_PLACEMENT_3D ( 'NONE', #765, #1288, #2630 ) ;
#685 = VERTEX_POINT ( 'NONE', #2829 ) ;
#686 = CARTESIAN_POINT ( 'NONE',  ( -1.662500000000000089, 2.549999999999998934, 3.122849337825749433E-16 ) ) ;
#687 = DIRECTION ( 'NONE',  ( -1.836970198721029441E-16, 1.000000000000000000, 0.000000000000000000 ) ) ;
#688 = ORIENTED_EDGE ( 'NONE', *, *, #2423, .F. ) ;
#689 = VECTOR ( 'NONE', #922, 1000.000000000000000 ) ;
#690 = VERTEX_POINT ( 'NONE', #2817 ) ;
#691 = DIRECTION ( 'NONE',  ( 0.000000000000000000, 0.000000000000000000, -1.000000000000000000 ) ) ;
#692 = AXIS2_PLACEMENT_3D ( 'NONE', #698, #211, #446 ) ;
#693 = FACE_OUTER_BOUND ( 'NONE', #1347, .T. ) ;
#694 = AXIS2_PLACEMENT_3D ( 'NONE', #2823, #2327, #351 ) ;
#695 =( NAMED_UNIT ( * ) PLANE_ANGLE_UNIT ( ) SI_UNIT ( $, .RADIAN. ) );
#696 = ADVANCED_FACE ( 'NONE', ( #1019 ), #1182, .F. ) ;
#697 = DIRECTION ( 'NONE',  ( -2.195852501236464052E-16, 1.000000000000000000, 0.000000000000000000 ) ) ;
#698 = CARTESIAN_POINT ( 'NONE',  ( -1.693333333333336688, 4.336808689942017736E-16, 0.000000000000000000 ) ) ;
#699 = CARTESIAN_POINT ( 'NONE',  ( 1.985043223561841153, -3.784467967697245250, 0.000000000000000000 ) ) ;
#700 = EDGE_CURVE ( 'NONE', #1548, #1968, #2839, .T. ) ;
#701 = ORIENTED_EDGE ( 'NONE', *, *, #2605, .F. ) ;
#702 = CARTESIAN_POINT ( 'NONE',  ( 1.683333333333337123, 6.398779525544925691E-16, 0.000000000000000000 ) ) ;
#703 = DIRECTION ( 'NONE',  ( 2.174179509292567388E-16, -1.000000000000000000, 0.000000000000000000 ) ) ;
#704 = ORIENTED_EDGE ( 'NONE', *, *, #1083, .T. ) ;
#705 = VERTEX_POINT ( 'NONE', #140 ) ;
#706 = ADVANCED_FACE ( 'NONE', ( #799 ), #760, .T. ) ;
#707 = DIRECTION ( 'NONE',  ( -1.731260954068669217E-16, -1.000000000000000000, 0.000000000000000000 ) ) ;
#708 = FACE_BOUND ( 'NONE', #2166, .T. ) ;
#709 = DIRECTION ( 'NONE',  ( -1.831143867920833533E-16, -1.000000000000000000, 0.000000000000000000 ) ) ;
#710 = CARTESIAN_POINT ( 'NONE',  ( -1.800000000000000044, 0.000000000000000000, 0.000000000000000000 ) ) ;
#711 = EDGE_CURVE ( 'NONE', #577, #2264, #2607, .T. ) ;
#712 = CARTESIAN_POINT ( 'NONE',  ( 1.818333333333336244, 8.673617379884035472E-16, 0.000000000000000000 ) ) ;
#713 = VERTEX_POINT ( 'NONE', #2112 ) ;
#714 = VECTOR ( 'NONE', #2585, 1000.000000000000000 ) ;
#715 = DIRECTION ( 'NONE',  ( -1.000000000000000000, -1.836970198721029441E-16, -0.000000000000000000 ) ) ;
#716 = EDGE_CURVE ( 'NONE', #2025, #588, #153, .T. ) ;
#717 = DIRECTION ( 'NONE',  ( -1.000000000000000000, 1.836970198721029441E-16, 0.000000000000000000 ) ) ;
#718 = EDGE_LOOP ( 'NONE', ( #1778, #1269, #2418, #377 ) ) ;
#719 = VERTEX_POINT ( 'NONE', #1463 ) ;
#720 = DIRECTION ( 'NONE',  ( 1.000000000000000000, 1.836970198721029441E-16, 0.000000000000000000 ) ) ;
#721 = DIRECTION ( 'NONE',  ( 1.700709290173340903E-16, -1.000000000000000000, 0.000000000000000000 ) ) ;
#722 = AXIS2_PLACEMENT_3D ( 'NONE', #2471, #2181, #887 ) ;
#723 = VECTOR ( 'NONE', #411, 999.9999999999998863 ) ;
#724 = FACE_OUTER_BOUND ( 'NONE', #281, .T. ) ;
#725 = DIRECTION ( 'NONE',  ( -1.836970198721029441E-16, 1.000000000000000000, 0.000000000000000000 ) ) ;
#726 = ORIENTED_EDGE ( 'NONE', *, *, #1779, .F. ) ;
#727 = CARTESIAN_POINT ( 'NONE',  ( -1.860000000000002984, 8.673617379884035472E-16, 0.000000000000000000 ) ) ;
#728 = AXIS2_PLACEMENT_3D ( 'NONE', #1798, #1553, #436 ) ;
#729 = TOROIDAL_SURFACE ( 'NONE', #260, 3.346619058426716808, 0.09000000000000017708 ) ;
#730 = CARTESIAN_POINT ( 'NONE',  ( -1.860000000000003650, -3.346619058426715920, 0.000000000000000000 ) ) ;
#731 = ORIENTED_EDGE ( 'NONE', *, *, #2382, .F. ) ;
#732 = ORIENTED_EDGE ( 'NONE', *, *, #835, .T. ) ;
#733 = CIRCLE ( 'NONE', #1941, 1.500000000000000000 ) ;
#734 = EDGE_CURVE ( 'NONE', #588, #485, #7, .T. ) ;
#735 = DIRECTION ( 'NONE',  ( 0.7071067811865474617, 0.7071067811865476838, 0.000000000000000000 ) ) ;
#736 = CONICAL_SURFACE ( 'NONE', #2453, 3.784467967697246138, 1.047197551196589416 ) ;
#737 = DIRECTION ( 'NONE',  ( 0.000000000000000000, 0.000000000000000000, 1.000000000000000000 ) ) ;
#738 = COORDINATED_UNIVERSAL_TIME_OFFSET ( 6, 0, .BEHIND. ) ;
#739 = TOROIDAL_SURFACE ( 'NONE', #2045, 3.569861162513371156, 0.02000000000000005940 ) ;
#740 = CONICAL_SURFACE ( 'NONE', #549, 3.784467967697246138, 1.047197551196589416 ) ;
#741 = ADVANCED_FACE ( 'NONE', ( #580 ), #2107, .F. ) ;
#742 = DIRECTION ( 'NONE',  ( -1.000000000000000000, -1.836970198721029441E-16, -0.000000000000000000 ) ) ;
#743 = CARTESIAN_POINT ( 'NONE',  ( -1.800000000000000488, 5.000000000000000000, 6.123233995736766282E-16 ) ) ;
#744 = EDGE_LOOP ( 'NONE', ( #2171, #987 ) ) ;
#745 = DIRECTION ( 'NONE',  ( 2.249639673992786138E-32, -1.224646799147353207E-16, 1.000000000000000000 ) ) ;
#746 = DIRECTION ( 'NONE',  ( -1.000000000000000000, -1.836970198721029441E-16, -0.000000000000000000 ) ) ;
#747 = EDGE_LOOP ( 'NONE', ( #2082, #2213, #2069, #2623 ) ) ;
#748 = ORIENTED_EDGE ( 'NONE', *, *, #2300, .F. ) ;
#749 = DIRECTION ( 'NONE',  ( 1.731260954068669217E-16, -1.000000000000000000, 0.000000000000000000 ) ) ;
#750 = FACE_OUTER_BOUND ( 'NONE', #2719, .T. ) ;
#751 = EDGE_CURVE ( 'NONE', #1212, #593, #337, .T. ) ;
#752 = DIRECTION ( 'NONE',  ( -1.000000000000000000, -1.836970198721029441E-16, -0.000000000000000000 ) ) ;
#753 = ADVANCED_FACE ( 'NONE', ( #1044 ), #2522, .F. ) ;
#754 = CARTESIAN_POINT ( 'NONE',  ( -1.799999999999999156, -4.999999999999999112, 0.000000000000000000 ) ) ;
#755 = VERTEX_POINT ( 'NONE', #1285 ) ;
#756 = CARTESIAN_POINT ( 'NONE',  ( -1.673333333333336670, 6.380409823557714077E-16, 0.000000000000000000 ) ) ;
#757 = FACE_OUTER_BOUND ( 'NONE', #2602, .T. ) ;
#758 = EDGE_LOOP ( 'NONE', ( #471, #704, #2818, #637 ) ) ;
#759 = ORIENTED_EDGE ( 'NONE', *, *, #617, .F. ) ;
#760 = CONICAL_SURFACE ( 'NONE', #2654, 2.462812499999997851, 0.7853981633974538301 ) ;
#761 = DIRECTION ( 'NONE',  ( 2.174179509292567388E-16, -1.000000000000000000, 0.000000000000000000 ) ) ;
#762 = DIRECTION ( 'NONE',  ( -1.000000000000000000, -1.836970198721029441E-16, -0.000000000000000000 ) ) ;
#763 = ADVANCED_FACE ( 'NONE', ( #559 ), #2380, .F. ) ;
#764 = AXIS2_PLACEMENT_3D ( 'NONE', #1498, #2379, #2163 ) ;
#765 = CARTESIAN_POINT ( 'NONE',  ( -1.683333333333337123, 6.398779525544925691E-16, 0.000000000000000000 ) ) ;
#766 = CARTESIAN_POINT ( 'NONE',  ( -1.999999999999999556, 2.423437499999999467, 0.000000000000000000 ) ) ;
#767 = TOROIDAL_SURFACE ( 'NONE', #111, 3.688217967697244859, 0.1925000000000000322 ) ;
#768 = ORIENTED_EDGE ( 'NONE', *, *, #137, .F. ) ;
#769 = AXIS2_PLACEMENT_3D ( 'NONE', #2285, #737, #2050 ) ;
#770 = DIRECTION ( 'NONE',  ( -1.000000000000000000, 1.836970198721029441E-16, 0.000000000000000000 ) ) ;
#771 = CARTESIAN_POINT ( 'NONE',  ( 1.909266000730702073, 6.813811102471435520E-16, 0.000000000000000000 ) ) ;
#772 = EDGE_LOOP ( 'NONE', ( #1720, #1105, #1726, #2087 ) ) ;
#773 = CARTESIAN_POINT ( 'NONE',  ( 1.673333333333336670, 6.380409823557714077E-16, 0.000000000000000000 ) ) ;
#774 = DIRECTION ( 'NONE',  ( -1.000000000000000000, -1.836970198721029441E-16, -0.000000000000000000 ) ) ;
#775 = CIRCLE ( 'NONE', #728, 3.346619058426716808 ) ;
#776 = CIRCLE ( 'NONE', #921, 3.495717967697244966 ) ;
#777 = CIRCLE ( 'NONE', #454, 3.784467967697246138 ) ;
#778 = DIRECTION ( 'NONE',  ( 1.807003620809173892E-16, -1.000000000000000000, 0.000000000000000000 ) ) ;
#779 = CARTESIAN_POINT ( 'NONE',  ( 2.000000000000000888, 6.980486755139913108E-16, 0.000000000000000000 ) ) ;
#780 = AXIS2_PLACEMENT_3D ( 'NONE', #1499, #1511, #2772 ) ;
#781 = ADVANCED_FACE ( 'NONE', ( #1953 ), #426, .T. ) ;
#782 = DIRECTION ( 'NONE',  ( 1.836970198721029441E-16, -1.000000000000000000, 0.000000000000000000 ) ) ;
#783 = CIRCLE ( 'NONE', #694, 3.740717967697245516 ) ;
#784 = DIRECTION ( 'NONE',  ( -2.291898743474294649E-16, -1.000000000000000000, 0.000000000000000000 ) ) ;
#785 = EDGE_CURVE ( 'NONE', #2448, #2713, #144, .T. ) ;
#786 = VERTEX_POINT ( 'NONE', #2132 ) ;
#787 = DIRECTION ( 'NONE',  ( 2.249639673992786138E-32, -1.224646799147353207E-16, 1.000000000000000000 ) ) ;
#788 = DIRECTION ( 'NONE',  ( -1.000000000000000000, 1.836970198721029441E-16, 0.000000000000000000 ) ) ;
#789 = APPROVAL ( #1178, 'UNSPECIFIED' ) ;
#790 = PERSON_AND_ORGANIZATION_ROLE ( 'classification_officer' ) ;
#791 = CARTESIAN_POINT ( 'NONE',  ( -1.862500000000002709, 2.549999999999999378, -3.122849337825748940E-16 ) ) ;
#792 = CYLINDRICAL_SURFACE ( 'NONE', #2449, 4.999999999999999112 ) ;
#793 = CARTESIAN_POINT ( 'NONE',  ( 1.778333333333336430, -3.757500000000000284, 0.000000000000000000 ) ) ;
#794 = FACE_OUTER_BOUND ( 'NONE', #2586, .T. ) ;
#795 = CARTESIAN_POINT ( 'NONE',  ( -1.799999999999999600, 8.905709233968017256E-32, 0.000000000000000000 ) ) ;
#796 = EDGE_CURVE ( 'NONE', #431, #1610, #2748, .T. ) ;
#797 = ORIENTED_EDGE ( 'NONE', *, *, #2514, .T. ) ;
#798 = EDGE_CURVE ( 'NONE', #1707, #2540, #2297, .T. ) ;
#799 = FACE_OUTER_BOUND ( 'NONE', #1066, .T. ) ;
#800 = CIRCLE ( 'NONE', #378, 1.700000000000000178 ) ;
#801 = ORIENTED_EDGE ( 'NONE', *, *, #1199, .F. ) ;
#802 = PERSON_AND_ORGANIZATION_ROLE ( 'creator' ) ;
#803 = DIRECTION ( 'NONE',  ( -1.000000000000000000, 0.000000000000000000, 0.000000000000000000 ) ) ;
#804 = ORIENTED_EDGE ( 'NONE', *, *, #982, .T. ) ;
#805 = ORIENTED_EDGE ( 'NONE', *, *, #1984, .T. ) ;
#806 = FACE_OUTER_BOUND ( 'NONE', #744, .T. ) ;
#807 = CIRCLE ( 'NONE', #1467, 3.950000000000001066 ) ;
#808 = ORIENTED_EDGE ( 'NONE', *, *, #177, .T. ) ;
#809 = AXIS2_PLACEMENT_3D ( 'NONE', #250, #33, #928 ) ;
#810 = CARTESIAN_POINT ( 'NONE',  ( 1.818333333333336244, 8.673617379884035472E-16, 0.000000000000000000 ) ) ;
#811 = DIRECTION ( 'NONE',  ( -1.000000000000000000, 0.000000000000000000, 0.000000000000000000 ) ) ;
#812 = EDGE_LOOP ( 'NONE', ( #2360, #2644 ) ) ;
#813 = EDGE_CURVE ( 'NONE', #71, #185, #480, .T. ) ;
#814 = CIRCLE ( 'NONE', #1289, 3.346619058426716808 ) ;
#815 = CARTESIAN_POINT ( 'NONE',  ( -1.818333333333336244, 8.673617379884035472E-16, 0.000000000000000000 ) ) ;
#816 = EDGE_LOOP ( 'NONE', ( #97, #1538, #263, #2529 ) ) ;
#817 = AXIS2_PLACEMENT_3D ( 'NONE', #2550, #495, #2486 ) ;
#818 = AXIS2_PLACEMENT_3D ( 'NONE', #2032, #926, #31 ) ;
#819 = PLANE ( 'NONE',  #2324 ) ;
#820 = CIRCLE ( 'NONE', #1624, 0.2000000000000000944 ) ;
#821 = ORIENTED_EDGE ( 'NONE', *, *, #1617, .T. ) ;
#822 = EDGE_CURVE ( 'NONE', #2713, #1237, #570, .T. ) ;
#823 = VERTEX_POINT ( 'NONE', #1519 ) ;
#824 = AXIS2_PLACEMENT_3D ( 'NONE', #1472, #2579, #784 ) ;
#825 = PLANE ( 'NONE',  #124 ) ;
#826 = CIRCLE ( 'NONE', #1583, 2.423437499999999023 ) ;
#827 = EDGE_LOOP ( 'NONE', ( #2048, #1489, #1503, #2824 ) ) ;
#828 = DIRECTION ( 'NONE',  ( 1.822259392948774650E-16, -1.000000000000000000, 0.000000000000000000 ) ) ;
#829 = DIRECTION ( 'NONE',  ( 2.249639673992786138E-32, -1.224646799147353207E-16, 1.000000000000000000 ) ) ;
#830 = ORIENTED_EDGE ( 'NONE', *, *, #2513, .F. ) ;
#831 = ADVANCED_FACE ( 'NONE', ( #1794, #433 ), #904, .T. ) ;
#832 = CARTESIAN_POINT ( 'NONE',  ( 1.778333333333335764, 8.673617379884035472E-16, 0.000000000000000000 ) ) ;
#833 = VERTEX_POINT ( 'NONE', #2627 ) ;
#834 = EDGE_CURVE ( 'NONE', #1173, #2841, #1782, .T. ) ;
#835 = EDGE_CURVE ( 'NONE', #685, #389, #530, .T. ) ;
#836 = DIRECTION ( 'NONE',  ( 0.000000000000000000, 0.000000000000000000, -1.000000000000000000 ) ) ;
#837 = VERTEX_POINT ( 'NONE', #1136 ) ;
#838 = DIRECTION ( 'NONE',  ( -1.000000000000000000, -1.836970198721029441E-16, -0.000000000000000000 ) ) ;
#839 = DIRECTION ( 'NONE',  ( -1.700709290173341396E-16, -1.000000000000000000, 0.000000000000000000 ) ) ;
#840 = EDGE_LOOP ( 'NONE', ( #1090, #1752, #2306, #2139 ) ) ;
#841 = CARTESIAN_POINT ( 'NONE',  ( 1.862500000000002709, 3.346619058426717697, 0.000000000000000000 ) ) ;
#842 = DIRECTION ( 'NONE',  ( 1.734723475976807341E-16, -1.000000000000000000, 0.000000000000000000 ) ) ;
#843 = VERTEX_POINT ( 'NONE', #2656 ) ;
#844 = CARTESIAN_POINT ( 'NONE',  ( 1.960625000000002727, 6.908156053565276132E-16, 0.000000000000000000 ) ) ;
#845 = CARTESIAN_POINT ( 'NONE',  ( 1.861250000000003180, 6.725607140067374407E-16, 0.000000000000000000 ) ) ;
#846 = ORIENTED_EDGE ( 'NONE', *, *, #2016, .F. ) ;
#847 = AXIS2_PLACEMENT_3D ( 'NONE', #2446, #2859, #1108 ) ;
#848 = CARTESIAN_POINT ( 'NONE',  ( 2.000000000000001332, 6.980486755139914094E-16, 0.000000000000000000 ) ) ;
#849 = EDGE_LOOP ( 'NONE', ( #2003, #2730, #54, #657 ) ) ;
#850 = EDGE_CURVE ( 'NONE', #1992, #2240, #1129, .T. ) ;
#851 = EDGE_CURVE ( 'NONE', #633, #1548, #1272, .T. ) ;
#852 = DIRECTION ( 'NONE',  ( -1.871054261493740936E-16, -1.000000000000000000, 0.000000000000000000 ) ) ;
#853 = VERTEX_POINT ( 'NONE', #1332 ) ;
#854 = CIRCLE ( 'NONE', #2114, 0.09000000000000023259 ) ;
#855 = DIRECTION ( 'NONE',  ( -1.000000000000000000, -1.836970198721029441E-16, -0.000000000000000000 ) ) ;
#856 = CARTESIAN_POINT ( 'NONE',  ( -1.673333333333335782, 3.757500000000001616, 0.000000000000000000 ) ) ;
#857 = ORIENTED_EDGE ( 'NONE', *, *, #1889, .F. ) ;
#858 = AXIS2_PLACEMENT_3D ( 'NONE', #1064, #1957, #1049 ) ;
#859 = DIRECTION ( 'NONE',  ( -1.000000000000000000, -1.836970198721029441E-16, -0.000000000000000000 ) ) ;
#860 = FACE_OUTER_BOUND ( 'NONE', #1641, .T. ) ;
#861 = VERTEX_POINT ( 'NONE', #2028 ) ;
#862 = ORGANIZATION ( 'UNSPECIFIED', 'UNSPECIFIED', '' ) ;
#863 = AXIS2_PLACEMENT_3D ( 'NONE', #844, #410, #1540 ) ;
#864 = AXIS2_PLACEMENT_3D ( 'NONE', #27, #717, #1412 ) ;
#865 = DIRECTION ( 'NONE',  ( -1.000000000000000000, 0.000000000000000000, 0.000000000000000000 ) ) ;
#866 = VERTEX_POINT ( 'NONE', #2247 ) ;
#867 = AXIS2_PLACEMENT_3D ( 'NONE', #183, #2610, #1676 ) ;
#868 = CARTESIAN_POINT ( 'NONE',  ( 1.585833333333336759, 6.219674931169624787E-16, 0.000000000000000000 ) ) ;
#869 = CARTESIAN_POINT ( 'NONE',  ( -1.700000000000000178, 3.950000000000001954, 0.000000000000000000 ) ) ;
#870 = CIRCLE ( 'NONE', #2499, 4.999999999999999112 ) ;
#871 = EDGE_CURVE ( 'NONE', #1110, #786, #800, .T. ) ;
#872 = ORIENTED_EDGE ( 'NONE', *, *, #982, .F. ) ;
#873 = CIRCLE ( 'NONE', #2455, 3.552540654437682299 ) ;
#874 = DIRECTION ( 'NONE',  ( -0.8660254037844403729, -0.4999999999999970579, 0.000000000000000000 ) ) ;
#875 = EDGE_CURVE ( 'NONE', #2693, #2408, #2430, .T. ) ;
#876 = AXIS2_PLACEMENT_3D ( 'NONE', #2524, #2698, #275 ) ;
#877 = DIRECTION ( 'NONE',  ( -1.000000000000000000, 0.000000000000000000, 0.000000000000000000 ) ) ;
#878 = ORIENTED_EDGE ( 'NONE', *, *, #1871, .F. ) ;
#879 = ORIENTED_EDGE ( 'NONE', *, *, #1593, .T. ) ;
#880 = AXIS2_PLACEMENT_3D ( 'NONE', #396, #662, #2393 ) ;
#881 = CARTESIAN_POINT ( 'NONE',  ( 2.000000000000000888, 6.980486755139913108E-16, 0.000000000000000000 ) ) ;
#882 = CARTESIAN_POINT ( 'NONE',  ( 2.000000000000000888, 6.980486755139913108E-16, 0.000000000000000000 ) ) ;
#883 = ADVANCED_FACE ( 'NONE', ( #1584 ), #1876, .T. ) ;
#884 = EDGE_LOOP ( 'NONE', ( #2316, #2462, #2014, #2235 ) ) ;
#885 = DIRECTION ( 'NONE',  ( -1.000000000000000000, -1.836970198721029441E-16, -0.000000000000000000 ) ) ;
#886 = ORIENTED_EDGE ( 'NONE', *, *, #2051, .F. ) ;
#887 = DIRECTION ( 'NONE',  ( 1.700709290173340903E-16, -1.000000000000000000, 0.000000000000000000 ) ) ;
#888 = PLANE ( 'NONE',  #1398 ) ;
#889 = VERTEX_POINT ( 'NONE', #891 ) ;
#890 = DIRECTION ( 'NONE',  ( 1.621034895318471915E-16, -1.000000000000000000, 0.000000000000000000 ) ) ;
#891 = CARTESIAN_POINT ( 'NONE',  ( 1.950000000000003286, -2.549999999999997602, 0.000000000000000000 ) ) ;
#892 = ORIENTED_EDGE ( 'NONE', *, *, #537, .F. ) ;
#893 = ORIENTED_EDGE ( 'NONE', *, *, #1013, .F. ) ;
#894 = ADVANCED_FACE ( 'NONE', ( #1729 ), #2875, .F. ) ;
#895 = DIRECTION ( 'NONE',  ( 1.000000000000000000, -1.836970198721029441E-16, -0.000000000000000000 ) ) ;
#896 = CARTESIAN_POINT ( 'NONE',  ( 1.909266000730701407, 3.740717967697246404, 4.581058285653423790E-16 ) ) ;
#897 = DIRECTION ( 'NONE',  ( -1.000000000000000000, 1.836970198721029441E-16, 0.000000000000000000 ) ) ;
#898 = AXIS2_PLACEMENT_3D ( 'NONE', #1688, #1259, #1923 ) ;
#899 = ORIENTED_EDGE ( 'NONE', *, *, #1121, .F. ) ;
#900 = CARTESIAN_POINT ( 'NONE',  ( 1.683333333333337123, 6.398779525544925691E-16, 0.000000000000000000 ) ) ;
#901 = CARTESIAN_POINT ( 'NONE',  ( -1.960625000000001394, 2.462812499999997851, 0.000000000000000000 ) ) ;
#902 = ORIENTED_EDGE ( 'NONE', *, *, #1657, .F. ) ;
#903 = DIRECTION ( 'NONE',  ( -1.000000000000000000, 1.836970198721029441E-16, 0.000000000000000000 ) ) ;
#904 = PLANE ( 'NONE',  #2148 ) ;
#905 = ORIENTED_EDGE ( 'NONE', *, *, #813, .F. ) ;
#906 = EDGE_LOOP ( 'NONE', ( #359, #2186 ) ) ;
#907 = CONICAL_SURFACE ( 'NONE', #764, 3.740717967697245516, 1.047197551196587639 ) ;
#908 = CARTESIAN_POINT ( 'NONE',  ( 1.818333333333335355, 6.646770502372261762E-16, 0.000000000000000000 ) ) ;
#909 = DIRECTION ( 'NONE',  ( -1.000000000000000000, -1.836970198721029441E-16, -0.000000000000000000 ) ) ;
#910 = EDGE_CURVE ( 'NONE', #618, #685, #406, .T. ) ;
#911 = CONICAL_SURFACE ( 'NONE', #1792, 2.423437499999999023, 0.7853981633974538301 ) ;
#912 = AXIS2_PLACEMENT_3D ( 'NONE', #1632, #2103, #990 ) ;
#913 = APPLICATION_PROTOCOL_DEFINITION ( 'international standard', 'config_control_design', 1994, #1169 ) ;
#914 = DIRECTION ( 'NONE',  ( -1.000000000000000000, -1.836970198721029441E-16, -0.000000000000000000 ) ) ;
#915 = CIRCLE ( 'NONE', #864, 3.853750000000001563 ) ;
#916 = DIRECTION ( 'NONE',  ( 1.000000000000000000, -1.836970198721029441E-16, -0.000000000000000000 ) ) ;
#917 = PLANE ( 'NONE',  #2809 ) ;
#918 = TOROIDAL_SURFACE ( 'NONE', #1048, 3.757500000000001172, 0.1049999999999991357 ) ;
#919 = EDGE_CURVE ( 'NONE', #889, #690, #2464, .T. ) ;
#920 = ORIENTED_EDGE ( 'NONE', *, *, #1248, .F. ) ;
#921 = AXIS2_PLACEMENT_3D ( 'NONE', #1300, #1501, #1258 ) ;
#922 = DIRECTION ( 'NONE',  ( -0.5000000000000086597, -0.8660254037844337116, 0.000000000000000000 ) ) ;
#923 = DIRECTION ( 'NONE',  ( -1.000000000000000000, -1.836970198721029441E-16, -0.000000000000000000 ) ) ;
#924 = ORIENTED_EDGE ( 'NONE', *, *, #190, .T. ) ;
#925 = ORIENTED_EDGE ( 'NONE', *, *, #647, .T. ) ;
#926 = DIRECTION ( 'NONE',  ( -1.000000000000000000, 1.836970198721029441E-16, 0.000000000000000000 ) ) ;
#927 = CONICAL_SURFACE ( 'NONE', #1056, 3.476763431606543886, 0.5235987755982952629 ) ;
#928 = DIRECTION ( 'NONE',  ( 0.000000000000000000, -1.000000000000000000, -1.224646799147353454E-16 ) ) ;
#929 = AXIS2_PLACEMENT_3D ( 'NONE', #973, #2472, #2501 ) ;
#930 = EDGE_CURVE ( 'NONE', #1188, #1731, #1730, .T. ) ;
#931 = EDGE_CURVE ( 'NONE', #333, #1173, #1227, .T. ) ;
#932 = CARTESIAN_POINT ( 'NONE',  ( 2.000000000000001332, 6.980486755139914094E-16, 0.000000000000000000 ) ) ;
#933 = DIRECTION ( 'NONE',  ( -1.000000000000000000, -1.836970198721029441E-16, -0.000000000000000000 ) ) ;
#934 = ORIENTED_EDGE ( 'NONE', *, *, #2686, .T. ) ;
#935 = FACE_OUTER_BOUND ( 'NONE', #963, .T. ) ;
#936 = CARTESIAN_POINT ( 'NONE',  ( 1.860000000000002984, 8.673617379884035472E-16, 0.000000000000000000 ) ) ;
#937 = ORIENTED_EDGE ( 'NONE', *, *, #423, .F. ) ;
#938 = ORIENTED_EDGE ( 'NONE', *, *, #621, .F. ) ;
#939 = FACE_OUTER_BOUND ( 'NONE', #147, .T. ) ;
#940 = CARTESIAN_POINT ( 'NONE',  ( 1.662500000000001643, -2.612999999999995548, 0.000000000000000000 ) ) ;
#941 = FACE_OUTER_BOUND ( 'NONE', #2810, .T. ) ;
#942 = DIRECTION ( 'NONE',  ( -1.836970198721029441E-16, -1.000000000000000000, 0.000000000000000000 ) ) ;
#943 = ADVANCED_FACE ( 'NONE', ( #1351, #2013 ), #469, .F. ) ;
#944 = VERTEX_POINT ( 'NONE', #184 ) ;
#945 = AXIS2_PLACEMENT_3D ( 'NONE', #2170, #2333, #1229 ) ;
#946 = FACE_BOUND ( 'NONE', #1835, .T. ) ;
#947 = LINE ( 'NONE', #1396, #954 ) ;
#948 = EDGE_LOOP ( 'NONE', ( #217, #1699 ) ) ;
#949 = EDGE_LOOP ( 'NONE', ( #607, #2480 ) ) ;
#950 = CARTESIAN_POINT ( 'NONE',  ( -1.662499999999999201, -2.549999999999998934, 0.000000000000000000 ) ) ;
#951 = CARTESIAN_POINT ( 'NONE',  ( -1.869266000730700705, 6.740332294522592025E-16, 0.000000000000000000 ) ) ;
#952 = EDGE_CURVE ( 'NONE', #1951, #1123, #2707, .T. ) ;
#953 = VECTOR ( 'NONE', #1471, 1000.000000000000000 ) ;
#954 = VECTOR ( 'NONE', #2058, 1000.000000000000000 ) ;
#955 = LINE ( 'NONE', #494, #1296 ) ;
#956 = FACE_OUTER_BOUND ( 'NONE', #2671, .T. ) ;
#957 = EDGE_LOOP ( 'NONE', ( #1651, #1265, #2196, #2244 ) ) ;
#958 = EDGE_CURVE ( 'NONE', #2693, #185, #1832, .T. ) ;
#959 = DIRECTION ( 'NONE',  ( -1.000000000000000000, -1.836970198721029441E-16, -0.000000000000000000 ) ) ;
#960 = AXIS2_PLACEMENT_3D ( 'NONE', #52, #1408, #942 ) ;
#961 = DIRECTION ( 'NONE',  ( -1.836970198721029441E-16, 1.000000000000000000, 0.000000000000000000 ) ) ;
#962 = EDGE_LOOP ( 'NONE', ( #611, #1215, #449, #2745 ) ) ;
#963 = EDGE_LOOP ( 'NONE', ( #2675, #1795, #2305, #204 ) ) ;
#964 = AXIS2_PLACEMENT_3D ( 'NONE', #2062, #60, #2521 ) ;
#965 = EDGE_CURVE ( 'NONE', #1033, #2264, #2065, .T. ) ;
#966 = DIRECTION ( 'NONE',  ( -2.249639673992786138E-32, -1.224646799147353207E-16, -1.000000000000000000 ) ) ;
#967 = AXIS2_PLACEMENT_3D ( 'NONE', #2232, #1776, #2625 ) ;
#968 = CARTESIAN_POINT ( 'NONE',  ( 1.662500000000001199, 6.360509313071567012E-16, 0.000000000000000000 ) ) ;
#969 = CIRCLE ( 'NONE', #317, 3.950000000000001066 ) ;
#970 = DIRECTION ( 'NONE',  ( 1.000000000000000000, -1.836970198721029441E-16, -0.000000000000000000 ) ) ;
#971 = CIRCLE ( 'NONE', #2819, 3.757500000000001172 ) ;
#972 = CIRCLE ( 'NONE', #225, 0.1354536290322574943 ) ;
#973 = CARTESIAN_POINT ( 'NONE',  ( -1.789062499999999334, 0.000000000000000000, 0.000000000000000000 ) ) ;
#974 = VERTEX_POINT ( 'NONE', #2508 ) ;
#975 = CARTESIAN_POINT ( 'NONE',  ( 1.683333333333337123, 6.398779525544925691E-16, 0.000000000000000000 ) ) ;
#976 = DIRECTION ( 'NONE',  ( 1.000000000000000000, 1.836970198721029441E-16, 0.000000000000000000 ) ) ;
#977 = EDGE_LOOP ( 'NONE', ( #2146, #1772, #2578, #1514 ) ) ;
#978 = VERTEX_POINT ( 'NONE', #2281 ) ;
#979 = CARTESIAN_POINT ( 'NONE',  ( 1.960625000000001839, 3.950000000000001954, 0.000000000000000000 ) ) ;
#980 = DIRECTION ( 'NONE',  ( 1.000000000000000000, 1.836970198721029441E-16, 0.000000000000000000 ) ) ;
#981 = ADVANCED_FACE ( 'NONE', ( #44, #2046 ), #1156, .F. ) ;
#982 = EDGE_CURVE ( 'NONE', #2643, #2216, #915, .T. ) ;
#983 = DIRECTION ( 'NONE',  ( -1.000000000000000000, -1.836970198721029441E-16, -0.000000000000000000 ) ) ;
#984 = VERTEX_POINT ( 'NONE', #1379 ) ;
#985 = CARTESIAN_POINT ( 'NONE',  ( 1.585833333333336093, 3.757500000000001616, 4.660546475005147331E-16 ) ) ;
#986 = CARTESIAN_POINT ( 'NONE',  ( -1.960625000000000506, -2.462812499999997851, 0.000000000000000000 ) ) ;
#987 = ORIENTED_EDGE ( 'NONE', *, *, #965, .T. ) ;
#988 = VECTOR ( 'NONE', #1073, 1000.000000000000000 ) ;
#989 = LINE ( 'NONE', #979, #2355 ) ;
#990 = DIRECTION ( 'NONE',  ( 1.822259392948775636E-16, -1.000000000000000000, 0.000000000000000000 ) ) ;
#991 = ADVANCED_FACE ( 'NONE', ( #291 ), #729, .T. ) ;
#992 = AXIS2_PLACEMENT_3D ( 'NONE', #1950, #838, #381 ) ;
#993 = CARTESIAN_POINT ( 'NONE',  ( 2.000000000000000000, 4.800000000000001599, 0.000000000000000000 ) ) ;
#994 = EDGE_CURVE ( 'NONE', #333, #2520, #2450, .T. ) ;
#995 = DIRECTION ( 'NONE',  ( 1.789527763741387729E-16, -1.000000000000000000, 0.000000000000000000 ) ) ;
#996 = CONICAL_SURFACE ( 'NONE', #2392, 3.552540654437682299, 0.5235987755982952629 ) ;
#997 = ORIENTED_EDGE ( 'NONE', *, *, #605, .T. ) ;
#998 = CARTESIAN_POINT ( 'NONE',  ( -1.799999999999999156, 0.000000000000000000, 0.000000000000000000 ) ) ;
#999 = EDGE_CURVE ( 'NONE', #837, #2073, #2352, .T. ) ;
#1000 = EDGE_LOOP ( 'NONE', ( #886, #2396, #1574, #1854 ) ) ;
#1001 = VECTOR ( 'NONE', #119, 1000.000000000000000 ) ;
#1002 = CARTESIAN_POINT ( 'NONE',  ( -1.778333333333335098, 3.757500000000002061, -4.601610347796181751E-16 ) ) ;
#1003 = DIRECTION ( 'NONE',  ( 1.739027932896416959E-16, -1.000000000000000000, 0.000000000000000000 ) ) ;
#1004 = ORIENTED_EDGE ( 'NONE', *, *, #35, .F. ) ;
#1005 = CIRCLE ( 'NONE', #2679, 1.500000000000000000 ) ;
#1006 = VECTOR ( 'NONE', #715, 1000.000000000000000 ) ;
#1007 = LINE ( 'NONE', #2176, #344 ) ;
#1008 = AXIS2_PLACEMENT_3D ( 'NONE', #2214, #2476, #890 ) ;
#1009 = ADVANCED_FACE ( 'NONE', ( #757 ), #2577, .T. ) ;
#1010 = CARTESIAN_POINT ( 'NONE',  ( -1.799999999999999156, -1.500000000000000000, 0.000000000000000000 ) ) ;
#1011 = CARTESIAN_POINT ( 'NONE',  ( 1.800000000000001155, 6.613092715395708453E-16, 0.000000000000000000 ) ) ;
#1012 = AXIS2_PLACEMENT_3D ( 'NONE', #1084, #682, #1328 ) ;
#1013 = EDGE_CURVE ( 'NONE', #2841, #974, #2320, .T. ) ;
#1014 = CARTESIAN_POINT ( 'NONE',  ( -1.985043223561841153, -3.784467967697245250, 0.000000000000000000 ) ) ;
#1015 = CIRCLE ( 'NONE', #1758, 3.784467967697246138 ) ;
#1016 = CARTESIAN_POINT ( 'NONE',  ( -1.693333333333337354, -3.569861162513371156, 0.000000000000000000 ) ) ;
#1017 = ORIENTED_EDGE ( 'NONE', *, *, #2127, .T. ) ;
#1018 = CARTESIAN_POINT ( 'NONE',  ( -1.818333333333336910, -3.688217967697243971, 0.000000000000000000 ) ) ;
#1019 = FACE_OUTER_BOUND ( 'NONE', #2323, .T. ) ;
#1020 = DIRECTION ( 'NONE',  ( -1.000000000000000000, -1.836970198721029441E-16, -0.000000000000000000 ) ) ;
#1021 = CARTESIAN_POINT ( 'NONE',  ( 1.950000000000002842, 6.888638245203865889E-16, 0.000000000000000000 ) ) ;
#1022 = ORIENTED_EDGE ( 'NONE', *, *, #1310, .T. ) ;
#1023 = DIRECTION ( 'NONE',  ( 1.700709290173341396E-16, -1.000000000000000000, 0.000000000000000000 ) ) ;
#1024 = DIRECTION ( 'NONE',  ( 2.195852501236464052E-16, -1.000000000000000000, 0.000000000000000000 ) ) ;
#1025 = EDGE_CURVE ( 'NONE', #833, #1359, #1640, .T. ) ;
#1026 = ORIENTED_EDGE ( 'NONE', *, *, #439, .F. ) ;
#1027 = DIRECTION ( 'NONE',  ( 1.445602896647339163E-16, -1.000000000000000000, 0.000000000000000000 ) ) ;
#1028 = CARTESIAN_POINT ( 'NONE',  ( 2.000000000000000444, 2.423437499999999911, 2.967854977308662170E-16 ) ) ;
#1029 = AXIS2_PLACEMENT_3D ( 'NONE', #1061, #2787, #1003 ) ;
#1030 = ORIENTED_EDGE ( 'NONE', *, *, #1230, .T. ) ;
#1031 = CARTESIAN_POINT ( 'NONE',  ( -1.985043223561839376, 3.784467967697247026, -4.677059592665117059E-16 ) ) ;
#1032 = PRODUCT_DEFINITION ( 'UNKNOWN', '', #1698, #1545 ) ;
#1033 = VERTEX_POINT ( 'NONE', #527 ) ;
#1034 = CARTESIAN_POINT ( 'NONE',  ( 1.639583333333336501, 3.476763431606544330, 4.257807207909521823E-16 ) ) ;
#1035 = VERTEX_POINT ( 'NONE', #1436 ) ;
#1036 = CARTESIAN_POINT ( 'NONE',  ( -1.950000000000002842, 6.888638245203865889E-16, 0.000000000000000000 ) ) ;
#1037 = CIRCLE ( 'NONE', #1655, 0.1924999999999999489 ) ;
#1038 = DIRECTION ( 'NONE',  ( -1.836970198721029441E-16, 1.000000000000000000, 0.000000000000000000 ) ) ;
#1039 = CIRCLE ( 'NONE', #2849, 3.424561344767316662 ) ;
#1040 = ORIENTED_EDGE ( 'NONE', *, *, #538, .T. ) ;
#1041 = EDGE_CURVE ( 'NONE', #2795, #2002, #1200, .T. ) ;
#1042 = AXIS2_PLACEMENT_3D ( 'NONE', #1426, #980, #2268 ) ;
#1043 = CARTESIAN_POINT ( 'NONE',  ( 1.662500000000000755, 2.549999999999999378, 3.122849337825749433E-16 ) ) ;
#1044 = FACE_OUTER_BOUND ( 'NONE', #2860, .T. ) ;
#1045 = EDGE_LOOP ( 'NONE', ( #1124, #1380, #1262, #2047 ) ) ;
#1046 = LOCAL_TIME ( 16, 33, 5.000000000000000000, #1465 ) ;
#1047 = EDGE_CURVE ( 'NONE', #2177, #974, #1937, .T. ) ;
#1048 = AXIS2_PLACEMENT_3D ( 'NONE', #2174, #1659, #2536 ) ;
#1049 = DIRECTION ( 'NONE',  ( 1.646889375927347793E-16, -1.000000000000000000, 0.000000000000000000 ) ) ;
#1050 = ORIENTED_EDGE ( 'NONE', *, *, #1886, .F. ) ;
#1051 = AXIS2_PLACEMENT_3D ( 'NONE', #773, #1400, #749 ) ;
#1052 = DIRECTION ( 'NONE',  ( 1.445602896647339410E-16, -1.000000000000000000, 0.000000000000000000 ) ) ;
#1053 = CIRCLE ( 'NONE', #2175, 0.1354536290322572722 ) ;
#1054 = ORIENTED_EDGE ( 'NONE', *, *, #994, .F. ) ;
#1055 = CARTESIAN_POINT ( 'NONE',  ( -1.683333333333337567, -3.552540654437681855, 0.000000000000000000 ) ) ;
#1056 = AXIS2_PLACEMENT_3D ( 'NONE', #2620, #1361, #852 ) ;
#1057 = CARTESIAN_POINT ( 'NONE',  ( -1.945043223561838452, 3.853750000000002007, -4.719482602214114883E-16 ) ) ;
#1058 = TOROIDAL_SURFACE ( 'NONE', #929, 2.598266129032255289, 0.1354536290322572722 ) ;
#1059 = EDGE_LOOP ( 'NONE', ( #1137, #1743, #1599, #2183 ) ) ;
#1060 = CARTESIAN_POINT ( 'NONE',  ( -1.800000000000000711, 4.999999999999999112, 6.123233995736765296E-16 ) ) ;
#1061 = CARTESIAN_POINT ( 'NONE',  ( 1.909266000730702073, 6.813811102471435520E-16, 0.000000000000000000 ) ) ;
#1062 = ORIENTED_EDGE ( 'NONE', *, *, #2473, .F. ) ;
#1063 = FACE_OUTER_BOUND ( 'NONE', #664, .T. ) ;
#1064 = CARTESIAN_POINT ( 'NONE',  ( -1.699999999999999512, 1.836970198721039918E-17, 0.000000000000000000 ) ) ;
#1065 = EDGE_CURVE ( 'NONE', #866, #1924, #1800, .T. ) ;
#1066 = EDGE_LOOP ( 'NONE', ( #557, #1494, #1109, #2465 ) ) ;
#1067 = FACE_OUTER_BOUND ( 'NONE', #1711, .T. ) ;
#1068 = EDGE_LOOP ( 'NONE', ( #2366, #1629, #1569, #2736 ) ) ;
#1069 = CARTESIAN_POINT ( 'NONE',  ( 1.700000000000001510, 6.429395695523605139E-16, 0.000000000000000000 ) ) ;
#1070 = CARTESIAN_POINT ( 'NONE',  ( -1.999999999999999112, -4.800000000000000711, 0.000000000000000000 ) ) ;
#1071 = ORIENTED_EDGE ( 'NONE', *, *, #174, .T. ) ;
#1072 = CARTESIAN_POINT ( 'NONE',  ( 1.662500000000000755, 2.612999999999996437, 3.200002086172028940E-16 ) ) ;
#1073 = DIRECTION ( 'NONE',  ( -1.000000000000000000, -1.836970198721029441E-16, -0.000000000000000000 ) ) ;
#1074 = ORIENTED_EDGE ( 'NONE', *, *, #2838, .T. ) ;
#1075 = DIRECTION ( 'NONE',  ( -1.000000000000000000, -1.836970198721029441E-16, -0.000000000000000000 ) ) ;
#1076 = DIRECTION ( 'NONE',  ( -1.836970198721029441E-16, -1.000000000000000000, 0.000000000000000000 ) ) ;
#1077 = ORIENTED_EDGE ( 'NONE', *, *, #2493, .F. ) ;
#1078 = AXIS2_PLACEMENT_3D ( 'NONE', #2185, #2402, #245 ) ;
#1079 = EDGE_CURVE ( 'NONE', #1747, #1731, #947, .T. ) ;
#1080 = LINE ( 'NONE', #1098, #1997 ) ;
#1081 = ORIENTED_EDGE ( 'NONE', *, *, #2784, .F. ) ;
#1082 = FACE_OUTER_BOUND ( 'NONE', #2429, .T. ) ;
#1083 = EDGE_CURVE ( 'NONE', #1814, #2208, #2071, .T. ) ;
#1084 = CARTESIAN_POINT ( 'NONE',  ( 1.860000000000002318, 3.346619058426717697, 4.098426317867807868E-16 ) ) ;
#1085 = ORIENTED_EDGE ( 'NONE', *, *, #2438, .F. ) ;
#1086 = EDGE_CURVE ( 'NONE', #2475, #2089, #114, .T. ) ;
#1087 = AXIS2_PLACEMENT_3D ( 'NONE', #1974, #2458, #697 ) ;
#1088 = DIRECTION ( 'NONE',  ( -2.291898743474294649E-16, -1.000000000000000000, 0.000000000000000000 ) ) ;
#1089 = DIRECTION ( 'NONE',  ( -1.000000000000000000, -1.836970198721029441E-16, -0.000000000000000000 ) ) ;
#1090 = ORIENTED_EDGE ( 'NONE', *, *, #2167, .F. ) ;
#1091 = AXIS2_PLACEMENT_3D ( 'NONE', #1987, #2660, #659 ) ;
#1092 = ORIENTED_EDGE ( 'NONE', *, *, #248, .T. ) ;
#1093 = CARTESIAN_POINT ( 'NONE',  ( 1.985043223561841153, -3.784467967697245250, 0.000000000000000000 ) ) ;
#1094 = DIRECTION ( 'NONE',  ( -1.000000000000000000, -1.836970198721029441E-16, -0.000000000000000000 ) ) ;
#1095 = ORIENTED_EDGE ( 'NONE', *, *, #994, .T. ) ;
#1096 = CONICAL_SURFACE ( 'NONE', #1888, 3.552540654437682299, 0.5235987755982952629 ) ;
#1097 = AXIS2_PLACEMENT_3D ( 'NONE', #1125, #1600, #2678 ) ;
#1098 = CARTESIAN_POINT ( 'NONE',  ( -1.799999999999999600, -2.612999999999995993, 0.000000000000000000 ) ) ;
#1099 = VERTEX_POINT ( 'NONE', #305 ) ;
#1100 = CIRCLE ( 'NONE', #636, 0.09000000000000023259 ) ;
#1101 = CARTESIAN_POINT ( 'NONE',  ( 1.800000000000000933, 6.505213034913026604E-16, 0.000000000000000000 ) ) ;
#1102 = CARTESIAN_POINT ( 'NONE',  ( -1.799999999999999600, -2.462812499999997851, 0.000000000000000000 ) ) ;
#1103 = CIRCLE ( 'NONE', #1008, 4.012999999999999012 ) ;
#1104 = ADVANCED_FACE ( 'NONE', ( #1879 ), #181, .F. ) ;
#1105 = ORIENTED_EDGE ( 'NONE', *, *, #2592, .T. ) ;
#1106 = AXIS2_PLACEMENT_3D ( 'NONE', #304, #1625, #2506 ) ;
#1107 = DIRECTION ( 'NONE',  ( 0.7071067811865476838, -0.7071067811865474617, 8.659560562354934091E-17 ) ) ;
#1108 = DIRECTION ( 'NONE',  ( 1.659704818194421781E-16, -1.000000000000000000, 0.000000000000000000 ) ) ;
#1109 = ORIENTED_EDGE ( 'NONE', *, *, #2331, .T. ) ;
#1110 = VERTEX_POINT ( 'NONE', #99 ) ;
#1111 = CIRCLE ( 'NONE', #2507, 2.423437499999999467 ) ;
#1112 = CARTESIAN_POINT ( 'NONE',  ( -1.673333333333336670, 6.380409823557714077E-16, 0.000000000000000000 ) ) ;
#1113 = FACE_OUTER_BOUND ( 'NONE', #282, .T. ) ;
#1114 = DIRECTION ( 'NONE',  ( -1.000000000000000000, -1.836970198721029441E-16, -0.000000000000000000 ) ) ;
#1115 = VERTEX_POINT ( 'NONE', #986 ) ;
#1116 = CARTESIAN_POINT ( 'NONE',  ( -1.800000000000000044, 0.000000000000000000, 0.000000000000000000 ) ) ;
#1117 = FACE_OUTER_BOUND ( 'NONE', #1580, .T. ) ;
#1118 = ORIENTED_EDGE ( 'NONE', *, *, #572, .F. ) ;
#1119 = ADVANCED_FACE ( 'NONE', ( #338 ), #2010, .T. ) ;
#1120 = CARTESIAN_POINT ( 'NONE',  ( -1.585833333333336093, 3.757500000000001616, -4.660546475005147331E-16 ) ) ;
#1121 = EDGE_CURVE ( 'NONE', #2025, #1216, #602, .T. ) ;
#1122 = CARTESIAN_POINT ( 'NONE',  ( -1.699999999999999512, 1.836970198721039918E-17, 0.000000000000000000 ) ) ;
#1123 = VERTEX_POINT ( 'NONE', #2067 ) ;
#1124 = ORIENTED_EDGE ( 'NONE', *, *, #1571, .T. ) ;
#1125 = CARTESIAN_POINT ( 'NONE',  ( 1.860000000000002984, 8.673617379884035472E-16, 0.000000000000000000 ) ) ;
#1126 = DIRECTION ( 'NONE',  ( 0.5000000000000088818, 0.8660254037844336006, -1.060575238724900875E-16 ) ) ;
#1127 = ADVANCED_FACE ( 'NONE', ( #2243 ), #740, .T. ) ;
#1128 = CARTESIAN_POINT ( 'NONE',  ( -1.960625000000000950, -2.950633381695672483E-17, 0.000000000000000000 ) ) ;
#1129 = CIRCLE ( 'NONE', #1319, 2.462812499999997851 ) ;
#1130 = ORIENTED_EDGE ( 'NONE', *, *, #1872, .T. ) ;
#1131 = CARTESIAN_POINT ( 'NONE',  ( 2.000000000000002220, -3.989374999999999005, 4.885575324348472338E-16 ) ) ;
#1132 = CARTESIAN_POINT ( 'NONE',  ( 1.800000000000000044, 0.000000000000000000, 0.000000000000000000 ) ) ;
#1133 = DIRECTION ( 'NONE',  ( -1.000000000000000000, -1.836970198721029441E-16, -0.000000000000000000 ) ) ;
#1134 = VERTEX_POINT ( 'NONE', #743 ) ;
#1135 = CARTESIAN_POINT ( 'NONE',  ( -1.778333333333335764, 8.673617379884035472E-16, 0.000000000000000000 ) ) ;
#1136 = CARTESIAN_POINT ( 'NONE',  ( 1.700000000000000844, 3.950000000000001954, 4.837354856632047030E-16 ) ) ;
#1137 = ORIENTED_EDGE ( 'NONE', *, *, #538, .F. ) ;
#1138 = ADVANCED_FACE ( 'NONE', ( #2336 ), #2311, .T. ) ;
#1139 = ORIENTED_EDGE ( 'NONE', *, *, #2555, .F. ) ;
#1140 = CIRCLE ( 'NONE', #672, 1.700000000000000178 ) ;
#1141 = DIRECTION ( 'NONE',  ( -1.000000000000000000, 1.836970198721029441E-16, 0.000000000000000000 ) ) ;
#1142 = DIRECTION ( 'NONE',  ( 1.836970198721029194E-16, -1.000000000000000000, 0.000000000000000000 ) ) ;
#1143 = AXIS2_PLACEMENT_3D ( 'NONE', #598, #131, #2117 ) ;
#1144 = ADVANCED_FACE ( 'NONE', ( #513 ), #1621, .F. ) ;
#1145 = AXIS2_PLACEMENT_3D ( 'NONE', #951, #488, #75 ) ;
#1146 = DIRECTION ( 'NONE',  ( -1.739027932896416959E-16, -1.000000000000000000, 0.000000000000000000 ) ) ;
#1147 = AXIS2_PLACEMENT_3D ( 'NONE', #2484, #1646, #49 ) ;
#1148 = DIRECTION ( 'NONE',  ( -1.000000000000000000, -1.836970198721029441E-16, -0.000000000000000000 ) ) ;
#1149 = LOCAL_TIME ( 16, 33, 5.000000000000000000, #1845 ) ;
#1150 = LINE ( 'NONE', #1636, #1484 ) ;
#1151 = FACE_OUTER_BOUND ( 'NONE', #1826, .T. ) ;
#1152 = AXIS2_PLACEMENT_3D ( 'NONE', #2695, #691, #1816 ) ;
#1153 = EDGE_LOOP ( 'NONE', ( #1586, #671, #1689, #173 ) ) ;
#1154 = AXIS2_PLACEMENT_3D ( 'NONE', #1858, #1218, #2546 ) ;
#1155 = FACE_OUTER_BOUND ( 'NONE', #247, .T. ) ;
#1156 = PLANE ( 'NONE',  #1420 ) ;
#1157 = ORIENTED_EDGE ( 'NONE', *, *, #2068, .F. ) ;
#1158 = AXIS2_PLACEMENT_3D ( 'NONE', #1135, #8, #1793 ) ;
#1159 = ORIENTED_EDGE ( 'NONE', *, *, #1661, .T. ) ;
#1160 = DIRECTION ( 'NONE',  ( -1.000000000000000000, -1.836970198721029441E-16, -0.000000000000000000 ) ) ;
#1161 = TOROIDAL_SURFACE ( 'NONE', #2224, 3.569861162513371156, 0.02000000000000005940 ) ;
#1162 = CARTESIAN_POINT ( 'NONE',  ( 1.693333333333336688, 4.336808689942017736E-16, 0.000000000000000000 ) ) ;
#1163 = CIRCLE ( 'NONE', #274, 2.549999999999998490 ) ;
#1164 = EDGE_CURVE ( 'NONE', #1173, #28, #1168, .T. ) ;
#1165 = APPROVAL_ROLE ( '' ) ;
#1166 = EDGE_CURVE ( 'NONE', #2264, #1033, #2497, .T. ) ;
#1167 = DIRECTION ( 'NONE',  ( 1.760917118108675117E-16, -1.000000000000000000, 0.000000000000000000 ) ) ;
#1168 = LINE ( 'NONE', #64, #2122 ) ;
#1169 = APPLICATION_CONTEXT ( 'configuration controlled 3d designs of mechanical parts and assemblies' ) ;
#1170 = EDGE_LOOP ( 'NONE', ( #1761, #1352, #2375, #146 ) ) ;
#1171 = EDGE_CURVE ( 'NONE', #417, #293, #447, .T. ) ;
#1172 = CARTESIAN_POINT ( 'NONE',  ( -1.693333333333336022, 3.569861162513371600, -4.371819046072449286E-16 ) ) ;
#1173 = VERTEX_POINT ( 'NONE', #1579 ) ;
#1174 = EDGE_LOOP ( 'NONE', ( #2031, #2151 ) ) ;
#1175 = DIRECTION ( 'NONE',  ( 0.000000000000000000, -1.000000000000000000, -1.224646799147351482E-16 ) ) ;
#1176 = PLANE ( 'NONE',  #1042 ) ;
#1177 = ADVANCED_FACE ( 'NONE', ( #956 ), #561, .T. ) ;
#1178 = APPROVAL_STATUS ( 'not_yet_approved' ) ;
#1179 = ADVANCED_FACE ( 'NONE', ( #464, #22 ), #917, .F. ) ;
#1180 = DIRECTION ( 'NONE',  ( 1.700709290173341396E-16, -1.000000000000000000, 0.000000000000000000 ) ) ;
#1181 = CARTESIAN_POINT ( 'NONE',  ( -1.800000000000000044, 0.000000000000000000, 0.000000000000000000 ) ) ;
#1182 = CONICAL_SURFACE ( 'NONE', #1029, 3.740717967697245516, 1.047197551196587639 ) ;
#1183 = ADVANCED_FACE ( 'NONE', ( #2474 ), #1572, .T. ) ;
#1184 = ORIENTED_EDGE ( 'NONE', *, *, #2513, .T. ) ;
#1185 = DIRECTION ( 'NONE',  ( -1.000000000000000000, -1.836970198721029441E-16, -0.000000000000000000 ) ) ;
#1186 = DIRECTION ( 'NONE',  ( -1.000000000000000000, -1.836970198721029441E-16, -0.000000000000000000 ) ) ;
#1187 = ORIENTED_EDGE ( 'NONE', *, *, #677, .F. ) ;
#1188 = VERTEX_POINT ( 'NONE', #1363 ) ;
#1189 = CARTESIAN_POINT ( 'NONE',  ( 1.683333333333337123, 6.398779525544925691E-16, 0.000000000000000000 ) ) ;
#1190 = DIRECTION ( 'NONE',  ( -1.000000000000000000, -1.836970198721029441E-16, -0.000000000000000000 ) ) ;
#1191 = TOROIDAL_SURFACE ( 'NONE', #2797, 1.699999999999999956, 0.1999999999999999833 ) ;
#1192 = TOROIDAL_SURFACE ( 'NONE', #2801, 3.688217967697244859, 0.1050000000000000516 ) ;
#1193 = APPROVAL_DATE_TIME ( #1602, #277 ) ;
#1194 = AXIS2_PLACEMENT_3D ( 'NONE', #222, #1751, #1541 ) ;
#1195 = DIRECTION ( 'NONE',  ( -1.000000000000000000, -1.836970198721029441E-16, -0.000000000000000000 ) ) ;
#1196 = ORIENTED_EDGE ( 'NONE', *, *, #2790, .F. ) ;
#1197 = CARTESIAN_POINT ( 'NONE',  ( 1.700000000000000622, 3.950000000000001954, 0.000000000000000000 ) ) ;
#1198 = AXIS2_PLACEMENT_3D ( 'NONE', #993, #1680, #562 ) ;
#1199 = EDGE_CURVE ( 'NONE', #2833, #2628, #1455, .T. ) ;
#1200 = CIRCLE ( 'NONE', #311, 0.1074999999999999567 ) ;
#1201 = DIRECTION ( 'NONE',  ( 1.000000000000000000, 0.000000000000000000, 0.000000000000000000 ) ) ;
#1202 = ORIENTED_EDGE ( 'NONE', *, *, #1448, .T. ) ;
#1203 = ORIENTED_EDGE ( 'NONE', *, *, #465, .F. ) ;
#1204 = CIRCLE ( 'NONE', #585, 0.1049999999999991912 ) ;
#1205 = CYLINDRICAL_SURFACE ( 'NONE', #2038, 2.462812499999997851 ) ;
#1206 = CIRCLE ( 'NONE', #1851, 3.569861162513373376 ) ;
#1207 = CARTESIAN_POINT ( 'NONE',  ( 2.000000000000001332, -2.423437499999998135, 0.000000000000000000 ) ) ;
#1208 = VECTOR ( 'NONE', #1238, 1000.000000000000000 ) ;
#1209 = AXIS2_PLACEMENT_3D ( 'NONE', #1693, #586, #2365 ) ;
#1210 = CARTESIAN_POINT ( 'NONE',  ( 1.818333333333336244, 6.646770502372262748E-16, 0.000000000000000000 ) ) ;
#1211 = CARTESIAN_POINT ( 'NONE',  ( 1.869266000730700039, 3.810000000000002274, 4.665904304751417467E-16 ) ) ;
#1212 = VERTEX_POINT ( 'NONE', #699 ) ;
#1213 = DIRECTION ( 'NONE',  ( 1.646889375927347793E-16, -1.000000000000000000, 0.000000000000000000 ) ) ;
#1214 = CARTESIAN_POINT ( 'NONE',  ( 1.778333333333336430, -3.757500000000000284, 0.000000000000000000 ) ) ;
#1215 = ORIENTED_EDGE ( 'NONE', *, *, #677, .T. ) ;
#1216 = VERTEX_POINT ( 'NONE', #478 ) ;
#1217 = ADVANCED_FACE ( 'NONE', ( #1151 ), #1700, .T. ) ;
#1218 = DIRECTION ( 'NONE',  ( -1.000000000000000000, -1.836970198721029441E-16, -0.000000000000000000 ) ) ;
#1219 = CARTESIAN_POINT ( 'NONE',  ( -1.818333333333335577, 3.583217967697245765, -4.484617350220569230E-16 ) ) ;
#1220 = APPROVAL_DATE_TIME ( #1925, #1770 ) ;
#1221 = CC_DESIGN_PERSON_AND_ORGANIZATION_ASSIGNMENT ( #560, #571, ( #1698 ) ) ;
#1222 = FACE_BOUND ( 'NONE', #1815, .T. ) ;
#1223 = DIRECTION ( 'NONE',  ( -1.000000000000000000, -1.836970198721029441E-16, -0.000000000000000000 ) ) ;
#1224 = EDGE_LOOP ( 'NONE', ( #670, #157, #1718, #453 ) ) ;
#1225 = DIRECTION ( 'NONE',  ( -1.000000000000000000, 1.836970198721029441E-16, 0.000000000000000000 ) ) ;
#1226 = EDGE_LOOP ( 'NONE', ( #920, #2395, #1775, #1157 ) ) ;
#1227 = CIRCLE ( 'NONE', #1967, 0.09000000000000023259 ) ;
#1228 = CARTESIAN_POINT ( 'NONE',  ( -1.799999999999999600, 0.000000000000000000, 0.000000000000000000 ) ) ;
#1229 = DIRECTION ( 'NONE',  ( 1.731260954068669217E-16, -1.000000000000000000, 0.000000000000000000 ) ) ;
#1230 = EDGE_CURVE ( 'NONE', #2554, #2089, #1619, .T. ) ;
#1231 = DIRECTION ( 'NONE',  ( -1.000000000000000000, -1.836970198721029441E-16, -0.000000000000000000 ) ) ;
#1232 = EDGE_CURVE ( 'NONE', #667, #2833, #631, .T. ) ;
#1233 = AXIS2_PLACEMENT_3D ( 'NONE', #900, #914, #415 ) ;
#1234 = FACE_OUTER_BOUND ( 'NONE', #1277, .T. ) ;
#1235 = CARTESIAN_POINT ( 'NONE',  ( -1.862500000000003375, -2.549999999999997602, 0.000000000000000000 ) ) ;
#1236 = CIRCLE ( 'NONE', #303, 0.1354536290322572722 ) ;
#1237 = VERTEX_POINT ( 'NONE', #2338 ) ;
#1238 = DIRECTION ( 'NONE',  ( -1.000000000000000000, -1.836970198721029441E-16, -0.000000000000000000 ) ) ;
#1239 = APPROVAL_PERSON_ORGANIZATION ( #2778, #1770, #2763 ) ;
#1240 = ORIENTED_EDGE ( 'NONE', *, *, #1863, .T. ) ;
#1241 = AXIS2_PLACEMENT_3D ( 'NONE', #2420, #236, #1356 ) ;
#1242 = MANIFOLD_SOLID_BREP ( 'Revolve1[2]', #1279 ) ;
#1243 = DIRECTION ( 'NONE',  ( 1.000000000000000000, 0.000000000000000000, 0.000000000000000000 ) ) ;
#1244 = DIRECTION ( 'NONE',  ( 1.789527763741387729E-16, -1.000000000000000000, 0.000000000000000000 ) ) ;
#1245 = TOROIDAL_SURFACE ( 'NONE', #1247, 3.346619058426716808, 0.002500000000000182632 ) ;
#1246 = DIRECTION ( 'NONE',  ( -1.739027932896416959E-16, -1.000000000000000000, 0.000000000000000000 ) ) ;
#1247 = AXIS2_PLACEMENT_3D ( 'NONE', #727, #2526, #68 ) ;
#1248 = EDGE_CURVE ( 'NONE', #2147, #984, #2119, .T. ) ;
#1249 = FACE_BOUND ( 'NONE', #442, .T. ) ;
#1250 = AXIS2_PLACEMENT_3D ( 'NONE', #2767, #551, #2145 ) ;
#1252 = MANIFOLD_SOLID_BREP ( 'Mirror1', #2259 ) ;
#1251 = FACE_OUTER_BOUND ( 'NONE', #1880, .T. ) ;
#1253 = AXIS2_PLACEMENT_3D ( 'NONE', #1543, #441, #224 ) ;
#1254 = ADVANCED_FACE ( 'NONE', ( #2388 ), #2269, .T. ) ;
#1255 = DIRECTION ( 'NONE',  ( -1.000000000000000000, -1.836970198721029441E-16, -0.000000000000000000 ) ) ;
#1256 = ORIENTED_EDGE ( 'NONE', *, *, #2361, .F. ) ;
#1257 = PRODUCT_RELATED_PRODUCT_CATEGORY ( 'detail', '', ( #179 ) ) ;
#1258 = DIRECTION ( 'NONE',  ( -1.860909002106438262E-16, -1.000000000000000000, 0.000000000000000000 ) ) ;
#1259 = DIRECTION ( 'NONE',  ( 1.000000000000000000, -1.836970198721029441E-16, -0.000000000000000000 ) ) ;
#1260 = ORIENTED_EDGE ( 'NONE', *, *, #1536, .T. ) ;
#1261 = CARTESIAN_POINT ( 'NONE',  ( -1.700000000000000178, 4.012999999999999012, 4.914507604978327522E-16 ) ) ;
#1262 = ORIENTED_EDGE ( 'NONE', *, *, #2419, .F. ) ;
#1263 = CARTESIAN_POINT ( 'NONE',  ( -1.999999999999998668, -2.423437499999999467, 2.991965211166875317E-16 ) ) ;
#1264 = EDGE_CURVE ( 'NONE', #1414, #1981, #814, .T. ) ;
#1265 = ORIENTED_EDGE ( 'NONE', *, *, #1079, .T. ) ;
#1266 = EDGE_LOOP ( 'NONE', ( #72, #110, #2800, #143 ) ) ;
#1267 = CARTESIAN_POINT ( 'NONE',  ( -1.683333333333336457, 3.552540654437682743, -4.361213293685200323E-16 ) ) ;
#1268 = EDGE_CURVE ( 'NONE', #1460, #1964, #1801, .T. ) ;
#1269 = ORIENTED_EDGE ( 'NONE', *, *, #871, .T. ) ;
#1270 = DIRECTION ( 'NONE',  ( 1.836970198721029441E-16, -1.000000000000000000, 0.000000000000000000 ) ) ;
#1271 = CARTESIAN_POINT ( 'NONE',  ( 1.818333333333336244, 8.673617379884035472E-16, 0.000000000000000000 ) ) ;
#1272 = CIRCLE ( 'NONE', #2482, 0.1050000000000000655 ) ;
#1273 = ORIENTED_EDGE ( 'NONE', *, *, #850, .F. ) ;
#1274 = FACE_OUTER_BOUND ( 'NONE', #1809, .T. ) ;
#1275 = ORIENTED_EDGE ( 'NONE', *, *, #1607, .T. ) ;
#1276 = PLANE ( 'NONE',  #1710 ) ;
#1277 = EDGE_LOOP ( 'NONE', ( #1085, #2609, #1074, #625 ) ) ;
#1278 = FACE_OUTER_BOUND ( 'NONE', #176, .T. ) ;
#1279 = CLOSED_SHELL ( 'NONE', ( #2749, #1479, #2426, #2588, #404, #1556, #466, #69, #1144, #1873, #2173, #2685, #220, #2539, #781, #1119, #430, #2621, #2523, #981, #763, #2720, #706, #943 ) ) ;
#1280 = CARTESIAN_POINT ( 'NONE',  ( 1.985043223561839376, 3.784467967697247026, 4.634636583116121206E-16 ) ) ;
#1281 = EDGE_LOOP ( 'NONE', ( #2509, #2456, #2658, #2856 ) ) ;
#1282 = VECTOR ( 'NONE', #1441, 1000.000000000000000 ) ;
#1283 = EDGE_CURVE ( 'NONE', #199, #593, #2575, .T. ) ;
#1284 = DIRECTION ( 'NONE',  ( 2.249639673992786138E-32, -1.224646799147353207E-16, 1.000000000000000000 ) ) ;
#1285 = CARTESIAN_POINT ( 'NONE',  ( -1.960625000000000950, 3.950000000000001066, 4.861465090490260670E-16 ) ) ;
#1286 = ORIENTED_EDGE ( 'NONE', *, *, #639, .F. ) ;
#1287 = APPROVAL_PERSON_ORGANIZATION ( #2036, #789, #1165 ) ;
#1288 = DIRECTION ( 'NONE',  ( -1.000000000000000000, 1.836970198721029441E-16, 0.000000000000000000 ) ) ;
#1289 = AXIS2_PLACEMENT_3D ( 'NONE', #2095, #859, #1445 ) ;
#1290 = CARTESIAN_POINT ( 'NONE',  ( 1.639583333333337833, -3.476763431606543442, 0.000000000000000000 ) ) ;
#1291 = EDGE_LOOP ( 'NONE', ( #1316, #879, #242, #2191 ) ) ;
#1292 = CARTESIAN_POINT ( 'NONE',  ( 1.862500000000002931, 6.727903352815775612E-16, 0.000000000000000000 ) ) ;
#1293 = AXIS2_PLACEMENT_3D ( 'NONE', #2318, #526, #1421 ) ;
#1294 = ORIENTED_EDGE ( 'NONE', *, *, #2115, .T. ) ;
#1295 = VERTEX_POINT ( 'NONE', #2405 ) ;
#1296 = VECTOR ( 'NONE', #2299, 1000.000000000000000 ) ;
#1297 = CARTESIAN_POINT ( 'NONE',  ( 1.945043223561839119, 6.879532794605236331E-16, 0.000000000000000000 ) ) ;
#1298 = CIRCLE ( 'NONE', #2280, 3.989374999999999893 ) ;
#1299 = ORIENTED_EDGE ( 'NONE', *, *, #1802, .F. ) ;
#1300 = CARTESIAN_POINT ( 'NONE',  ( -1.818333333333335355, 6.646770502372261762E-16, 0.000000000000000000 ) ) ;
#1301 = CARTESIAN_POINT ( 'NONE',  ( 1.800000000000001599, 6.613092715395709439E-16, 0.000000000000000000 ) ) ;
#1302 = EDGE_LOOP ( 'NONE', ( #1118, #435, #529, #1273 ) ) ;
#1303 = ADVANCED_FACE ( 'NONE', ( #2326, #1222 ), #315, .F. ) ;
#1304 = CARTESIAN_POINT ( 'NONE',  ( -1.800000000000000488, 2.462812499999997851, 3.016075445025087971E-16 ) ) ;
#1305 = CARTESIAN_POINT ( 'NONE',  ( -1.818333333333336244, 8.673617379884035472E-16, 0.000000000000000000 ) ) ;
#1306 = ORIENTED_EDGE ( 'NONE', *, *, #369, .T. ) ;
#1307 = EDGE_CURVE ( 'NONE', #719, #2448, #1388, .T. ) ;
#1308 = DIRECTION ( 'NONE',  ( 2.249639673992786138E-32, -1.224646799147353207E-16, 1.000000000000000000 ) ) ;
#1309 = ORIENTED_EDGE ( 'NONE', *, *, #2477, .T. ) ;
#1310 = EDGE_CURVE ( 'NONE', #485, #588, #115, .T. ) ;
#1311 = DIRECTION ( 'NONE',  ( 1.760917118108675117E-16, -1.000000000000000000, 0.000000000000000000 ) ) ;
#1312 = DIRECTION ( 'NONE',  ( -1.000000000000000000, 0.000000000000000000, 0.000000000000000000 ) ) ;
#1313 = ORIENTED_EDGE ( 'NONE', *, *, #1268, .T. ) ;
#1314 = FACE_OUTER_BOUND ( 'NONE', #1068, .T. ) ;
#1315 = DIRECTION ( 'NONE',  ( 1.621034895318471915E-16, -1.000000000000000000, 0.000000000000000000 ) ) ;
#1316 = ORIENTED_EDGE ( 'NONE', *, *, #92, .T. ) ;
#1317 = ORIENTED_EDGE ( 'NONE', *, *, #35, .T. ) ;
#1318 = CARTESIAN_POINT ( 'NONE',  ( 1.862500000000003597, -3.346619058426715920, 0.000000000000000000 ) ) ;
#1319 = AXIS2_PLACEMENT_3D ( 'NONE', #1980, #2432, #641 ) ;
#1320 = FACE_OUTER_BOUND ( 'NONE', #758, .T. ) ;
#1321 = ORIENTED_EDGE ( 'NONE', *, *, #2500, .F. ) ;
#1322 = AXIS2_PLACEMENT_3D ( 'NONE', #1301, #1777, #842 ) ;
#1323 = EDGE_CURVE ( 'NONE', #1982, #1662, #76, .T. ) ;
#1324 = DIRECTION ( 'NONE',  ( 1.000000000000000000, 1.836970198721029441E-16, 0.000000000000000000 ) ) ;
#1325 = ORIENTED_EDGE ( 'NONE', *, *, #439, .T. ) ;
#1327 = MANIFOLD_SOLID_BREP ( 'Revolve1[1]', #438 ) ;
#1326 = DIRECTION ( 'NONE',  ( -1.836970198721029441E-16, -1.000000000000000000, 0.000000000000000000 ) ) ;
#1328 = DIRECTION ( 'NONE',  ( 0.000000000000000000, -1.000000000000000000, -1.224646799147280484E-16 ) ) ;
#1329 = VERTEX_POINT ( 'NONE', #1904 ) ;
#1330 = CIRCLE ( 'NONE', #2024, 0.2000000000000003164 ) ;
#1331 = DIRECTION ( 'NONE',  ( -1.000000000000000000, 1.836970198721029441E-16, 0.000000000000000000 ) ) ;
#1332 = CARTESIAN_POINT ( 'NONE',  ( 1.673333333333337114, -3.569861162513371156, 0.000000000000000000 ) ) ;
#1333 = ORIENTED_EDGE ( 'NONE', *, *, #605, .F. ) ;
#1334 = TOROIDAL_SURFACE ( 'NONE', #2346, 2.598266129032254845, 0.1354536290322572722 ) ;
#1335 = EDGE_LOOP ( 'NONE', ( #1791, #1530 ) ) ;
#1336 = CARTESIAN_POINT ( 'NONE',  ( -1.585833333333337203, -3.757500000000000728, 0.000000000000000000 ) ) ;
#1337 = CARTESIAN_POINT ( 'NONE',  ( -1.860000000000002984, 8.673617379884035472E-16, 0.000000000000000000 ) ) ;
#1338 = CONICAL_SURFACE ( 'NONE', #681, 3.740717967697245516, 1.047197551196587639 ) ;
#1339 = AXIS2_PLACEMENT_3D ( 'NONE', #730, #70, #1201 ) ;
#1340 = AXIS2_PLACEMENT_3D ( 'NONE', #2105, #983, #778 ) ;
#1341 = DIRECTION ( 'NONE',  ( -0.7071067811865476838, 0.7071067811865474617, 8.659560562354934091E-17 ) ) ;
#1342 = ORIENTED_EDGE ( 'NONE', *, *, #965, .F. ) ;
#1343 = AXIS2_PLACEMENT_3D ( 'NONE', #1781, #720, #2451 ) ;
#1344 = EDGE_CURVE ( 'NONE', #431, #1035, #2535, .T. ) ;
#1345 = DIRECTION ( 'NONE',  ( 0.000000000000000000, 0.000000000000000000, 1.000000000000000000 ) ) ;
#1346 = AXIS2_PLACEMENT_3D ( 'NONE', #702, #258, #668 ) ;
#1347 = EDGE_LOOP ( 'NONE', ( #2757, #302, #2440, #732 ) ) ;
#1348 = AXIS2_PLACEMENT_3D ( 'NONE', #2397, #2354, #2164 ) ;
#1349 = LINE ( 'NONE', #1744, #352 ) ;
#1350 = VECTOR ( 'NONE', #1407, 1000.000000000000000 ) ;
#1351 = FACE_BOUND ( 'NONE', #599, .T. ) ;
#1352 = ORIENTED_EDGE ( 'NONE', *, *, #569, .T. ) ;
#1353 = VERTEX_POINT ( 'NONE', #1969 ) ;
#1354 = EDGE_CURVE ( 'NONE', #2293, #1567, #1846, .T. ) ;
#1355 = AXIS2_PLACEMENT_3D ( 'NONE', #1, #1785, #509 ) ;
#1356 = DIRECTION ( 'NONE',  ( -1.836970198721029441E-16, -1.000000000000000000, 0.000000000000000000 ) ) ;
#1357 = CYLINDRICAL_SURFACE ( 'NONE', #1844, 3.950000000000001066 ) ;
#1358 = CARTESIAN_POINT ( 'NONE',  ( -1.818333333333336910, -3.583217967697243989, 0.000000000000000000 ) ) ;
#1359 = VERTEX_POINT ( 'NONE', #1010 ) ;
#1360 = CARTESIAN_POINT ( 'NONE',  ( -1.639583333333337167, 6.318412079350880552E-16, 0.000000000000000000 ) ) ;
#1361 = DIRECTION ( 'NONE',  ( 1.000000000000000000, -1.836970198721029441E-16, -0.000000000000000000 ) ) ;
#1362 = ADVANCED_FACE ( 'NONE', ( #2750 ), #792, .T. ) ;
#1363 = CARTESIAN_POINT ( 'NONE',  ( -1.662499999999998979, -2.612999999999995993, 0.000000000000000000 ) ) ;
#1364 = ORIENTED_EDGE ( 'NONE', *, *, #1382, .T. ) ;
#1365 = DIRECTION ( 'NONE',  ( 1.871054261493740936E-16, -1.000000000000000000, 0.000000000000000000 ) ) ;
#1366 = EDGE_CURVE ( 'NONE', #2208, #2363, #1936, .T. ) ;
#1367 = ADVANCED_FACE ( 'NONE', ( #644 ), #918, .F. ) ;
#1368 = CARTESIAN_POINT ( 'NONE',  ( -1.818333333333335577, 3.688217967697245747, -4.516764328698187088E-16 ) ) ;
#1369 = EDGE_LOOP ( 'NONE', ( #2282, #2808 ) ) ;
#1370 = ORIENTED_EDGE ( 'NONE', *, *, #796, .T. ) ;
#1371 = DIRECTION ( 'NONE',  ( -1.000000000000000000, 1.836970198721029441E-16, 0.000000000000000000 ) ) ;
#1372 = DIRECTION ( 'NONE',  ( -1.000000000000000000, -1.836970198721029441E-16, -0.000000000000000000 ) ) ;
#1373 = DATE_TIME_ROLE ( 'creation_date' ) ;
#1374 = AXIS2_PLACEMENT_3D ( 'NONE', #113, #1899, #362 ) ;
#1375 = CARTESIAN_POINT ( 'NONE',  ( -1.862500000000003597, -3.346619058426715920, 0.000000000000000000 ) ) ;
#1376 = DIRECTION ( 'NONE',  ( -2.291898743474294649E-16, -1.000000000000000000, 0.000000000000000000 ) ) ;
#1377 = ORIENTED_EDGE ( 'NONE', *, *, #1784, .T. ) ;
#1378 = CARTESIAN_POINT ( 'NONE',  ( 2.000000000000000888, 6.980486755139913108E-16, 0.000000000000000000 ) ) ;
#1379 = CARTESIAN_POINT ( 'NONE',  ( -1.960625000000001394, 2.462812499999997851, 3.016075445025087971E-16 ) ) ;
#1380 = ORIENTED_EDGE ( 'NONE', *, *, #1248, .T. ) ;
#1381 = ORIENTED_EDGE ( 'NONE', *, *, #1025, .F. ) ;
#1382 = EDGE_CURVE ( 'NONE', #2628, #368, #2313, .T. ) ;
#1383 = AXIS2_PLACEMENT_3D ( 'NONE', #1892, #2595, #1724 ) ;
#1384 = ADVANCED_FACE ( 'NONE', ( #1234 ), #1435, .F. ) ;
#1385 = LINE ( 'NONE', #2077, #23 ) ;
#1386 = AXIS2_PLACEMENT_3D ( 'NONE', #815, #116, #376 ) ;
#1387 = FACE_OUTER_BOUND ( 'NONE', #2492, .T. ) ;
#1388 = CIRCLE ( 'NONE', #1340, 4.800000000000000711 ) ;
#1389 = AXIS2_PLACEMENT_3D ( 'NONE', #1597, #923, #1609 ) ;
#1390 = DIRECTION ( 'NONE',  ( -1.000000000000000000, -1.836970198721029441E-16, -0.000000000000000000 ) ) ;
#1391 = DIRECTION ( 'NONE',  ( -1.000000000000000000, -1.836970198721029441E-16, -0.000000000000000000 ) ) ;
#1392 = AXIS2_PLACEMENT_3D ( 'NONE', #594, #345, #609 ) ;
#1393 = ORIENTED_EDGE ( 'NONE', *, *, #2569, .F. ) ;
#1394 = AXIS2_PLACEMENT_3D ( 'NONE', #332, #1852, #2085 ) ;
#1395 = FACE_OUTER_BOUND ( 'NONE', #1266, .T. ) ;
#1396 = CARTESIAN_POINT ( 'NONE',  ( -1.800000000000000488, 2.612999999999995993, 3.200002086172028940E-16 ) ) ;
#1397 = ORIENTED_EDGE ( 'NONE', *, *, #2457, .T. ) ;
#1398 = AXIS2_PLACEMENT_3D ( 'NONE', #1976, #2442, #228 ) ;
#1399 = ORIENTED_EDGE ( 'NONE', *, *, #656, .T. ) ;
#1400 = DIRECTION ( 'NONE',  ( -1.000000000000000000, -1.836970198721029441E-16, -0.000000000000000000 ) ) ;
#1401 = TOROIDAL_SURFACE ( 'NONE', #692, 3.569861162513371156, 0.1075000000000000677 ) ;
#1402 = DIRECTION ( 'NONE',  ( 1.943816407347898305E-16, -1.000000000000000000, 0.000000000000000000 ) ) ;
#1403 = ADVANCED_FACE ( 'NONE', ( #1063 ), #2646, .F. ) ;
#1404 = AXIS2_PLACEMENT_3D ( 'NONE', #2593, #1446, #121 ) ;
#1405 =( NAMED_UNIT ( * ) SI_UNIT ( $, .STERADIAN. ) SOLID_ANGLE_UNIT ( ) );
#1406 = ADVANCED_FACE ( 'NONE', ( #658 ), #546, .F. ) ;
#1407 = DIRECTION ( 'NONE',  ( -1.000000000000000000, -1.836970198721029441E-16, -0.000000000000000000 ) ) ;
#1408 = DIRECTION ( 'NONE',  ( 1.000000000000000000, -1.836970198721029441E-16, -0.000000000000000000 ) ) ;
#1409 = EDGE_CURVE ( 'NONE', #843, #199, #2168, .T. ) ;
#1410 = ORIENTED_EDGE ( 'NONE', *, *, #272, .F. ) ;
#1411 = CARTESIAN_POINT ( 'NONE',  ( -1.799999999999999378, -3.950000000000001066, 0.000000000000000000 ) ) ;
#1412 = DIRECTION ( 'NONE',  ( -1.688021546523003196E-16, -1.000000000000000000, 0.000000000000000000 ) ) ;
#1413 = VERTEX_POINT ( 'NONE', #2017 ) ;
#1414 = VERTEX_POINT ( 'NONE', #1318 ) ;
#1415 = LINE ( 'NONE', #2721, #1986 ) ;
#1416 = LINE ( 'NONE', #2708, #676 ) ;
#1417 = ADVANCED_FACE ( 'NONE', ( #473 ), #1587, .F. ) ;
#1418 = DIRECTION ( 'NONE',  ( -1.942559686753377530E-16, -1.000000000000000000, 0.000000000000000000 ) ) ;
#1419 = ORIENTED_EDGE ( 'NONE', *, *, #2361, .T. ) ;
#1420 = AXIS2_PLACEMENT_3D ( 'NONE', #2734, #976, #961 ) ;
#1421 = DIRECTION ( 'NONE',  ( 2.174179509292567388E-16, -1.000000000000000000, 0.000000000000000000 ) ) ;
#1422 = DIRECTION ( 'NONE',  ( -1.000000000000000000, 0.000000000000000000, 0.000000000000000000 ) ) ;
#1423 = ORIENTED_EDGE ( 'NONE', *, *, #1736, .F. ) ;
#1424 = ORIENTED_EDGE ( 'NONE', *, *, #958, .T. ) ;
#1425 = FACE_OUTER_BOUND ( 'NONE', #2525, .T. ) ;
#1426 = CARTESIAN_POINT ( 'NONE',  ( 1.950000000000002620, 3.346619058426717697, 0.000000000000000000 ) ) ;
#1427 = AXIS2_PLACEMENT_3D ( 'NONE', #2255, #1148, #38 ) ;
#1428 = CIRCLE ( 'NONE', #1091, 3.476763431606543886 ) ;
#1429 = CARTESIAN_POINT ( 'NONE',  ( 1.905000000000002469, 3.424561344767317550, 4.272242815325500441E-16 ) ) ;
#1430 = CIRCLE ( 'NONE', #255, 3.810000000000001386 ) ;
#1431 = DIRECTION ( 'NONE',  ( -1.000000000000000000, -1.836970198721029441E-16, -0.000000000000000000 ) ) ;
#1432 = EDGE_CURVE ( 'NONE', #2142, #2637, #775, .T. ) ;
#1433 = ORIENTED_EDGE ( 'NONE', *, *, #1633, .T. ) ;
#1434 = CARTESIAN_POINT ( 'NONE',  ( 1.789062500000000666, 2.462812499999998739, 3.016075445025087971E-16 ) ) ;
#1435 = TOROIDAL_SURFACE ( 'NONE', #1097, 3.346619058426716808, 0.002500000000000182632 ) ;
#1436 = CARTESIAN_POINT ( 'NONE',  ( 1.818333333333336910, -3.583217967697243989, 0.000000000000000000 ) ) ;
#1437 = ORIENTED_EDGE ( 'NONE', *, *, #930, .T. ) ;
#1438 = ORIENTED_EDGE ( 'NONE', *, *, #1171, .F. ) ;
#1439 = AXIS2_PLACEMENT_3D ( 'NONE', #2251, #2862, #2202 ) ;
#1440 = CARTESIAN_POINT ( 'NONE',  ( -1.862500000000002487, 3.346619058426717697, -4.099752036916214173E-16 ) ) ;
#1441 = DIRECTION ( 'NONE',  ( -1.000000000000000000, -1.836970198721029441E-16, -0.000000000000000000 ) ) ;
#1442 = EDGE_CURVE ( 'NONE', #1414, #226, #2399, .T. ) ;
#1443 = VECTOR ( 'NONE', #1740, 1000.000000000000000 ) ;
#1444 = CIRCLE ( 'NONE', #554, 0.1050000000000000655 ) ;
#1445 = DIRECTION ( 'NONE',  ( 1.943816407347898305E-16, -1.000000000000000000, 0.000000000000000000 ) ) ;
#1446 = DIRECTION ( 'NONE',  ( -1.000000000000000000, -1.836970198721029441E-16, -0.000000000000000000 ) ) ;
#1447 = EDGE_LOOP ( 'NONE', ( #1081, #2398, #2128, #292 ) ) ;
#1448 = EDGE_CURVE ( 'NONE', #1123, #1951, #2351, .T. ) ;
#1449 = CARTESIAN_POINT ( 'NONE',  ( -1.960625000000000062, -2.950633381695658924E-17, 0.000000000000000000 ) ) ;
#1450 = ORIENTED_EDGE ( 'NONE', *, *, #1942, .T. ) ;
#1451 = EDGE_CURVE ( 'NONE', #1212, #2293, #1767, .T. ) ;
#1452 = CARTESIAN_POINT ( 'NONE',  ( 1.585833333333336759, 6.219674931169624787E-16, 0.000000000000000000 ) ) ;
#1453 = DIRECTION ( 'NONE',  ( 1.836970198721029441E-16, -1.000000000000000000, 0.000000000000000000 ) ) ;
#1454 = CALENDAR_DATE ( 2026, 6, 5 ) ;
#1455 = LINE ( 'NONE', #1808, #2723 ) ;
#1456 = DIRECTION ( 'NONE',  ( -1.000000000000000000, 1.836970198721029441E-16, 0.000000000000000000 ) ) ;
#1457 = DIRECTION ( 'NONE',  ( 1.836970198721029441E-16, -1.000000000000000000, 0.000000000000000000 ) ) ;
#1458 = DIRECTION ( 'NONE',  ( -1.000000000000000000, -1.836970198721029441E-16, -0.000000000000000000 ) ) ;
#1459 = CARTESIAN_POINT ( 'NONE',  ( 1.985043223561840264, 6.953011602554079826E-16, 0.000000000000000000 ) ) ;
#1460 = VERTEX_POINT ( 'NONE', #1336 ) ;
#1461 = AXIS2_PLACEMENT_3D ( 'NONE', #1271, #610, #335 ) ;
#1462 = LINE ( 'NONE', #1060, #2083 ) ;
#1463 = CARTESIAN_POINT ( 'NONE',  ( 2.000000000000000000, 4.800000000000001599, 6.000769315822031726E-16 ) ) ;
#1464 = ADVANCED_FACE ( 'NONE', ( #2219, #939 ), #456, .F. ) ;
#1465 = COORDINATED_UNIVERSAL_TIME_OFFSET ( 6, 0, .BEHIND. ) ;
#1466 = DIRECTION ( 'NONE',  ( 1.789527763741387482E-16, -1.000000000000000000, 0.000000000000000000 ) ) ;
#1467 = AXIS2_PLACEMENT_3D ( 'NONE', #2209, #227, #650 ) ;
#1468 = CARTESIAN_POINT ( 'NONE',  ( -1.693333333333336688, 4.336808689942017736E-16, 0.000000000000000000 ) ) ;
#1469 = CIRCLE ( 'NONE', #1194, 0.02000000000000005246 ) ;
#1470 = EDGE_CURVE ( 'NONE', #823, #2565, #2404, .T. ) ;
#1471 = DIRECTION ( 'NONE',  ( 0.8660254037844403729, -0.4999999999999970579, 0.000000000000000000 ) ) ;
#1472 = CARTESIAN_POINT ( 'NONE',  ( -1.985043223561840264, 6.953011602554079826E-16, 0.000000000000000000 ) ) ;
#1473 = ORIENTED_EDGE ( 'NONE', *, *, #1594, .F. ) ;
#1474 = AXIS2_PLACEMENT_3D ( 'NONE', #1522, #95, #329 ) ;
#1475 = FACE_OUTER_BOUND ( 'NONE', #29, .T. ) ;
#1476 = ORIENTED_EDGE ( 'NONE', *, *, #2645, .T. ) ;
#1477 = AXIS2_PLACEMENT_3D ( 'NONE', #881, #487, #2706 ) ;
#1478 = CIRCLE ( 'NONE', #548, 3.476763431606543886 ) ;
#1479 = ADVANCED_FACE ( 'NONE', ( #1829 ), #2481, .T. ) ;
#1480 = DIRECTION ( 'NONE',  ( 1.899575560196316423E-16, -1.000000000000000000, 0.000000000000000000 ) ) ;
#1481 = CIRCLE ( 'NONE', #2683, 3.853750000000001563 ) ;
#1482 = EDGE_CURVE ( 'NONE', #213, #1924, #401, .T. ) ;
#1483 = DIRECTION ( 'NONE',  ( 0.000000000000000000, -1.000000000000000000, -1.224646799147354440E-16 ) ) ;
#1484 = VECTOR ( 'NONE', #1604, 1000.000000000000000 ) ;
#1485 = EDGE_LOOP ( 'NONE', ( #1756, #1840, #2701, #1715 ) ) ;
#1486 = ORIENTED_EDGE ( 'NONE', *, *, #1607, .F. ) ;
#1487 = CIRCLE ( 'NONE', #880, 2.549999999999998490 ) ;
#1488 = DIRECTION ( 'NONE',  ( 1.836970198721029441E-16, -1.000000000000000000, 0.000000000000000000 ) ) ;
#1489 = ORIENTED_EDGE ( 'NONE', *, *, #1121, .T. ) ;
#1490 = DIRECTION ( 'NONE',  ( 0.000000000000000000, 0.000000000000000000, 1.000000000000000000 ) ) ;
#1491 = DIRECTION ( 'NONE',  ( -1.000000000000000000, -1.836970198721029441E-16, -0.000000000000000000 ) ) ;
#1492 = ORIENTED_EDGE ( 'NONE', *, *, #2438, .T. ) ;
#1493 = DIRECTION ( 'NONE',  ( 0.000000000000000000, 0.000000000000000000, -1.000000000000000000 ) ) ;
#1494 = ORIENTED_EDGE ( 'NONE', *, *, #383, .F. ) ;
#1495 = CARTESIAN_POINT ( 'NONE',  ( 1.662500000000000755, 2.612999999999996437, 0.000000000000000000 ) ) ;
#1496 = ORIENTED_EDGE ( 'NONE', *, *, #2377, .T. ) ;
#1497 = ADVANCED_FACE ( 'NONE', ( #249 ), #1622, .T. ) ;
#1498 = CARTESIAN_POINT ( 'NONE',  ( -1.909266000730702073, 6.813811102471435520E-16, 0.000000000000000000 ) ) ;
#1499 = CARTESIAN_POINT ( 'NONE',  ( -1.778333333333335764, 8.673617379884035472E-16, 0.000000000000000000 ) ) ;
#1500 = ORIENTED_EDGE ( 'NONE', *, *, #2115, .F. ) ;
#1501 = DIRECTION ( 'NONE',  ( -1.000000000000000000, 1.836970198721029441E-16, 0.000000000000000000 ) ) ;
#1502 = CARTESIAN_POINT ( 'NONE',  ( 1.693333333333336022, 3.569861162513371600, 4.371819046072449286E-16 ) ) ;
#1503 = ORIENTED_EDGE ( 'NONE', *, *, #537, .T. ) ;
#1504 = DIRECTION ( 'NONE',  ( -1.000000000000000000, -1.836970198721029441E-16, -0.000000000000000000 ) ) ;
#1505 = CARTESIAN_POINT ( 'NONE',  ( -1.789062499999998890, -2.598266129032255289, 0.000000000000000000 ) ) ;
#1506 = ORIENTED_EDGE ( 'NONE', *, *, #2210, .F. ) ;
#1507 = CARTESIAN_POINT ( 'NONE',  ( -1.585833333333335871, 3.569861162513372932, -4.371819046072450272E-16 ) ) ;
#1508 = ORIENTED_EDGE ( 'NONE', *, *, #875, .T. ) ;
#1509 = CARTESIAN_POINT ( 'NONE',  ( 1.818333333333336910, -3.688217967697243971, 0.000000000000000000 ) ) ;
#1510 = AXIS2_PLACEMENT_3D ( 'NONE', #680, #178, #2619 ) ;
#1511 = DIRECTION ( 'NONE',  ( 1.000000000000000000, -1.836970198721029441E-16, -0.000000000000000000 ) ) ;
#1512 = ADVANCED_FACE ( 'NONE', ( #2267 ), #214, .F. ) ;
#1513 = TOROIDAL_SURFACE ( 'NONE', #1694, 2.598266129032254845, 0.1354536290322572722 ) ;
#1514 = ORIENTED_EDGE ( 'NONE', *, *, #470, .F. ) ;
#1515 = CIRCLE ( 'NONE', #769, 0.1924999999999999489 ) ;
#1516 = CARTESIAN_POINT ( 'NONE',  ( 1.860000000000002984, 8.673617379884035472E-16, 0.000000000000000000 ) ) ;
#1517 = APPROVAL_PERSON_ORGANIZATION ( #2725, #277, #2697 ) ;
#1518 = EDGE_CURVE ( 'NONE', #455, #2865, #267, .T. ) ;
#1519 = CARTESIAN_POINT ( 'NONE',  ( -1.673333333333337114, -3.757500000000000728, 0.000000000000000000 ) ) ;
#1520 = ORIENTED_EDGE ( 'NONE', *, *, #1561, .F. ) ;
#1521 = AXIS2_PLACEMENT_3D ( 'NONE', #1789, #933, #2668 ) ;
#1522 = CARTESIAN_POINT ( 'NONE',  ( 1.818333333333335577, 3.688217967697245747, 4.516764328698187088E-16 ) ) ;
#1523 = VECTOR ( 'NONE', #1985, 1000.000000000000114 ) ;
#1524 = FACE_OUTER_BOUND ( 'NONE', #1978, .T. ) ;
#1525 = ADVANCED_FACE ( 'NONE', ( #2284 ), #2857, .F. ) ;
#1526 = ORIENTED_EDGE ( 'NONE', *, *, #325, .F. ) ;
#1527 = CIRCLE ( 'NONE', #1896, 0.1049999999999991912 ) ;
#1528 = CARTESIAN_POINT ( 'NONE',  ( -1.999999999999999556, 3.989374999999999893, 4.885575324348472338E-16 ) ) ;
#1529 = AXIS2_PLACEMENT_3D ( 'NONE', #1197, #2098, #1639 ) ;
#1530 = ORIENTED_EDGE ( 'NONE', *, *, #89, .F. ) ;
#1531 = DIRECTION ( 'NONE',  ( -1.000000000000000000, -1.836970198721029441E-16, -0.000000000000000000 ) ) ;
#1532 = TOROIDAL_SURFACE ( 'NONE', #1991, 1.700000000000000178, 0.2000000000000002054 ) ;
#1533 = CARTESIAN_POINT ( 'NONE',  ( -1.683333333333337567, -3.552540654437681855, 0.000000000000000000 ) ) ;
#1534 = AXIS2_PLACEMENT_3D ( 'NONE', #932, #51, #254 ) ;
#1535 = ORIENTED_EDGE ( 'NONE', *, *, #1661, .F. ) ;
#1536 = EDGE_CURVE ( 'NONE', #2833, #667, #2081, .T. ) ;
#1537 = DIRECTION ( 'NONE',  ( -1.000000000000000000, 0.000000000000000000, 0.000000000000000000 ) ) ;
#1538 = ORIENTED_EDGE ( 'NONE', *, *, #2714, .T. ) ;
#1539 = EDGE_CURVE ( 'NONE', #503, #2540, #1415, .T. ) ;
#1540 = DIRECTION ( 'NONE',  ( 1.760917118108675364E-16, -1.000000000000000000, 0.000000000000000000 ) ) ;
#1541 = DIRECTION ( 'NONE',  ( 0.000000000000000000, 1.000000000000000000, -1.224646799147343346E-16 ) ) ;
#1542 = ORIENTED_EDGE ( 'NONE', *, *, #2569, .T. ) ;
#1543 = CARTESIAN_POINT ( 'NONE',  ( -1.960625000000000062, -2.950633381695658924E-17, 0.000000000000000000 ) ) ;
#1544 = ORIENTED_EDGE ( 'NONE', *, *, #269, .F. ) ;
#1545 = DESIGN_CONTEXT ( 'detailed design', #1169, 'design' ) ;
#1546 = DIRECTION ( 'NONE',  ( -1.000000000000000000, -1.836970198721029441E-16, -0.000000000000000000 ) ) ;
#1547 = DIRECTION ( 'NONE',  ( 0.7071067811865435759, 0.7071067811865515695, 0.000000000000000000 ) ) ;
#1548 = VERTEX_POINT ( 'NONE', #2295 ) ;
#1549 = CARTESIAN_POINT ( 'NONE',  ( -1.799999999999999156, 0.000000000000000000, 0.000000000000000000 ) ) ;
#1550 = DIRECTION ( 'NONE',  ( -1.000000000000000000, -1.836970198721029441E-16, -0.000000000000000000 ) ) ;
#1551 = ORIENTED_EDGE ( 'NONE', *, *, #170, .F. ) ;
#1552 = EDGE_LOOP ( 'NONE', ( #397, #2648, #2301, #2741 ) ) ;
#1553 = DIRECTION ( 'NONE',  ( -1.000000000000000000, 1.836970198721029441E-16, 0.000000000000000000 ) ) ;
#1554 = AXIS2_PLACEMENT_3D ( 'NONE', #2154, #2359, #1244 ) ;
#1555 = FACE_OUTER_BOUND ( 'NONE', #1000, .T. ) ;
#1556 = ADVANCED_FACE ( 'NONE', ( #531 ), #1205, .T. ) ;
#1557 = DIRECTION ( 'NONE',  ( 1.836970198721029441E-16, 1.000000000000000000, 0.000000000000000000 ) ) ;
#1558 = ORIENTED_EDGE ( 'NONE', *, *, #208, .F. ) ;
#1559 = CARTESIAN_POINT ( 'NONE',  ( 1.818333333333334689, 3.495717967697245854, 4.457828201489221508E-16 ) ) ;
#1560 = DIRECTION ( 'NONE',  ( -1.000000000000000000, -1.836970198721029441E-16, -0.000000000000000000 ) ) ;
#1561 = EDGE_CURVE ( 'NONE', #974, #28, #1894, .T. ) ;
#1562 = AXIS2_PLACEMENT_3D ( 'NONE', #1360, #2651, #2008 ) ;
#1563 = ORIENTED_EDGE ( 'NONE', *, *, #1633, .F. ) ;
#1564 = TOROIDAL_SURFACE ( 'NONE', #675, 3.757500000000001172, 0.1924999999999991440 ) ;
#1565 = LINE ( 'NONE', #640, #2726 ) ;
#1566 = CARTESIAN_POINT ( 'NONE',  ( 1.905000000000003135, 6.805974586261419545E-16, 0.000000000000000000 ) ) ;
#1567 = VERTEX_POINT ( 'NONE', #74 ) ;
#1568 = AXIS2_PLACEMENT_3D ( 'NONE', #2407, #1231, #1944 ) ;
#1569 = ORIENTED_EDGE ( 'NONE', *, *, #2670, .T. ) ;
#1570 = DIRECTION ( 'NONE',  ( -1.836970198721029688E-16, -1.000000000000000000, 0.000000000000000000 ) ) ;
#1571 = EDGE_CURVE ( 'NONE', #2321, #2147, #2724, .T. ) ;
#1572 = TOROIDAL_SURFACE ( 'NONE', #259, 3.688217967697244859, 0.1925000000000000322 ) ;
#1573 = DIRECTION ( 'NONE',  ( 2.174179509292567388E-16, -1.000000000000000000, 0.000000000000000000 ) ) ;
#1574 = ORIENTED_EDGE ( 'NONE', *, *, #1889, .T. ) ;
#1575 = CARTESIAN_POINT ( 'NONE',  ( 1.673333333333337114, -3.757500000000000728, 0.000000000000000000 ) ) ;
#1576 = EDGE_CURVE ( 'NONE', #1954, #1359, #733, .T. ) ;
#1577 = DIRECTION ( 'NONE',  ( 1.688021546523003196E-16, -1.000000000000000000, 0.000000000000000000 ) ) ;
#1578 = TOROIDAL_SURFACE ( 'NONE', #1943, 1.700000000000000178, 0.2000000000000002054 ) ;
#1579 = CARTESIAN_POINT ( 'NONE',  ( 1.905000000000003801, -3.424561344767315774, 0.000000000000000000 ) ) ;
#1580 = EDGE_LOOP ( 'NONE', ( #566, #2845 ) ) ;
#1581 = AXIS2_PLACEMENT_3D ( 'NONE', #2022, #916, #1806 ) ;
#1582 = CARTESIAN_POINT ( 'NONE',  ( -1.985043223561840264, 6.953011602554079826E-16, 0.000000000000000000 ) ) ;
#1583 = AXIS2_PLACEMENT_3D ( 'NONE', #779, #367, #995 ) ;
#1584 = FACE_OUTER_BOUND ( 'NONE', #884, .T. ) ;
#1585 = EDGE_LOOP ( 'NONE', ( #1071, #649 ) ) ;
#1586 = ORIENTED_EDGE ( 'NONE', *, *, #2190, .T. ) ;
#1587 = CYLINDRICAL_SURFACE ( 'NONE', #2035, 3.950000000000001954 ) ;
#1588 = DIRECTION ( 'NONE',  ( 1.000000000000000000, -1.836970198721029441E-16, -0.000000000000000000 ) ) ;
#1589 = CALENDAR_DATE ( 2026, 6, 5 ) ;
#1590 = DIRECTION ( 'NONE',  ( 1.731260954068669217E-16, -1.000000000000000000, 0.000000000000000000 ) ) ;
#1591 = CARTESIAN_POINT ( 'NONE',  ( 1.673333333333335782, 3.757500000000001616, 0.000000000000000000 ) ) ;
#1592 = DIRECTION ( 'NONE',  ( -1.000000000000000000, -1.836970198721029441E-16, -0.000000000000000000 ) ) ;
#1593 = EDGE_CURVE ( 'NONE', #978, #2565, #1527, .T. ) ;
#1594 = EDGE_CURVE ( 'NONE', #1638, #262, #989, .T. ) ;
#1595 = ORIENTED_EDGE ( 'NONE', *, *, #190, .F. ) ;
#1596 = DIRECTION ( 'NONE',  ( 1.000000000000000000, -1.836970198721029441E-16, -0.000000000000000000 ) ) ;
#1597 = CARTESIAN_POINT ( 'NONE',  ( 1.950000000000002842, 6.888638245203865889E-16, 0.000000000000000000 ) ) ;
#1598 = ORIENTED_EDGE ( 'NONE', *, *, #2626, .T. ) ;
#1599 = ORIENTED_EDGE ( 'NONE', *, *, #1199, .T. ) ;
#1600 = DIRECTION ( 'NONE',  ( -1.000000000000000000, -1.836970198721029441E-16, -0.000000000000000000 ) ) ;
#1601 = CARTESIAN_POINT ( 'NONE',  ( -1.909266000730701407, 3.740717967697246404, -4.581058285653423790E-16 ) ) ;
#1602 = DATE_AND_TIME ( #1635, #582 ) ;
#1603 = VECTOR ( 'NONE', #216, 1000.000000000000000 ) ;
#1604 = DIRECTION ( 'NONE',  ( -0.7071067811865474617, -0.7071067811865476838, 0.000000000000000000 ) ) ;
#1605 = CARTESIAN_POINT ( 'NONE',  ( 2.000000000000000888, 6.980486755139913108E-16, 0.000000000000000000 ) ) ;
#1606 = ORIENTED_EDGE ( 'NONE', *, *, #272, .T. ) ;
#1607 = EDGE_CURVE ( 'NONE', #2637, #1814, #1100, .T. ) ;
#1608 = CARTESIAN_POINT ( 'NONE',  ( -1.693333333333336688, 4.336808689942017736E-16, 0.000000000000000000 ) ) ;
#1609 = DIRECTION ( 'NONE',  ( 1.943816407347898305E-16, -1.000000000000000000, 0.000000000000000000 ) ) ;
#1610 = VERTEX_POINT ( 'NONE', #2076 ) ;
#1611 = EDGE_LOOP ( 'NONE', ( #1054, #759 ) ) ;
#1612 = TOROIDAL_SURFACE ( 'NONE', #2614, 1.699999999999999956, 0.1999999999999999833 ) ;
#1613 = ADVANCED_FACE ( 'NONE', ( #1425 ), #2538, .T. ) ;
#1614 = DIRECTION ( 'NONE',  ( -1.700709290173341396E-16, -1.000000000000000000, 0.000000000000000000 ) ) ;
#1615 = CARTESIAN_POINT ( 'NONE',  ( -1.818333333333334911, 3.495717967697245854, 0.000000000000000000 ) ) ;
#1616 = CIRCLE ( 'NONE', #67, 2.423437499999999467 ) ;
#1617 = EDGE_CURVE ( 'NONE', #1638, #705, #312, .T. ) ;
#1618 = DIRECTION ( 'NONE',  ( 1.942559686753377530E-16, -1.000000000000000000, 0.000000000000000000 ) ) ;
#1619 = CIRCLE ( 'NONE', #1983, 3.348784121936178249 ) ;
#1620 = CYLINDRICAL_SURFACE ( 'NONE', #1250, 2.612999999999995993 ) ;
#1621 = CYLINDRICAL_SURFACE ( 'NONE', #1891, 1.500000000000000000 ) ;
#1622 = TOROIDAL_SURFACE ( 'NONE', #2498, 3.346619058426716808, 0.09000000000000017708 ) ;
#1623 = EDGE_LOOP ( 'NONE', ( #1333, #343, #2387, #2744 ) ) ;
#1624 = AXIS2_PLACEMENT_3D ( 'NONE', #2027, #231, #1537 ) ;
#1625 = DIRECTION ( 'NONE',  ( -1.000000000000000000, -1.836970198721029441E-16, -0.000000000000000000 ) ) ;
#1626 = DIRECTION ( 'NONE',  ( -1.000000000000000000, -1.836970198721029441E-16, -0.000000000000000000 ) ) ;
#1627 = ORIENTED_EDGE ( 'NONE', *, *, #94, .F. ) ;
#1628 = VECTOR ( 'NONE', #2109, 1000.000000000000227 ) ;
#1629 = ORIENTED_EDGE ( 'NONE', *, *, #264, .T. ) ;
#1630 = DIRECTION ( 'NONE',  ( 0.000000000000000000, 1.000000000000000000, -1.224646799147351482E-16 ) ) ;
#1631 = AXIS2_PLACEMENT_3D ( 'NONE', #2350, #1890, #1483 ) ;
#1632 = CARTESIAN_POINT ( 'NONE',  ( 1.673333333333336670, 6.380409823557714077E-16, 0.000000000000000000 ) ) ;
#1633 = EDGE_CURVE ( 'NONE', #185, #71, #2315, .T. ) ;
#1634 = CIRCLE ( 'NONE', #2764, 3.348784121936178249 ) ;
#1635 = CALENDAR_DATE ( 2026, 6, 5 ) ;
#1636 = CARTESIAN_POINT ( 'NONE',  ( -1.999999999999997780, -3.989374999999999893, 0.000000000000000000 ) ) ;
#1637 = DIRECTION ( 'NONE',  ( -1.000000000000000000, -1.836970198721029441E-16, -0.000000000000000000 ) ) ;
#1638 = VERTEX_POINT ( 'NONE', #2746 ) ;
#1639 = DIRECTION ( 'NONE',  ( -1.836970198721029441E-16, 1.000000000000000000, 0.000000000000000000 ) ) ;
#1640 = LINE ( 'NONE', #483, #448 ) ;
#1641 = EDGE_LOOP ( 'NONE', ( #2217, #604, #2330, #892 ) ) ;
#1642 = ORIENTED_EDGE ( 'NONE', *, *, #600, .T. ) ;
#1643 = DIRECTION ( 'NONE',  ( 2.249639673992786138E-32, -1.224646799147353207E-16, 1.000000000000000000 ) ) ;
#1644 = CARTESIAN_POINT ( 'NONE',  ( 1.960625000000002283, 2.462812499999998295, 3.016075445025087478E-16 ) ) ;
#1645 = EDGE_CURVE ( 'NONE', #2408, #71, #1204, .T. ) ;
#1646 = DIRECTION ( 'NONE',  ( -1.000000000000000000, 1.836970198721029441E-16, 0.000000000000000000 ) ) ;
#1647 = CARTESIAN_POINT ( 'NONE',  ( -1.639583333333337167, 6.318412079350880552E-16, 0.000000000000000000 ) ) ;
#1648 = AXIS2_PLACEMENT_3D ( 'NONE', #1502, #2386, #388 ) ;
#1649 = ORIENTED_EDGE ( 'NONE', *, *, #103, .F. ) ;
#1650 = CARTESIAN_POINT ( 'NONE',  ( 1.800000000000001599, 6.613092715395709439E-16, 0.000000000000000000 ) ) ;
#1651 = ORIENTED_EDGE ( 'NONE', *, *, #300, .T. ) ;
#1652 = ORIENTED_EDGE ( 'NONE', *, *, #1354, .T. ) ;
#1653 = CARTESIAN_POINT ( 'NONE',  ( 1.778333333333335098, 3.757500000000002061, 4.601610347796181751E-16 ) ) ;
#1654 = CARTESIAN_POINT ( 'NONE',  ( -1.800000000000000488, 2.462812499999997851, 3.016075445025087971E-16 ) ) ;
#1655 = AXIS2_PLACEMENT_3D ( 'NONE', #1509, #2783, #1672 ) ;
#1656 = CIRCLE ( 'NONE', #2307, 3.740717967697245516 ) ;
#1657 = EDGE_CURVE ( 'NONE', #633, #2718, #2220, .T. ) ;
#1658 = AXIS2_PLACEMENT_3D ( 'NONE', #968, #1860, #721 ) ;
#1659 = DIRECTION ( 'NONE',  ( -1.000000000000000000, -1.836970198721029441E-16, -0.000000000000000000 ) ) ;
#1660 = DIRECTION ( 'NONE',  ( 2.291898743474294649E-16, -1.000000000000000000, 0.000000000000000000 ) ) ;
#1661 = EDGE_CURVE ( 'NONE', #2056, #1413, #2580, .T. ) ;
#1662 = VERTEX_POINT ( 'NONE', #950 ) ;
#1663 = LINE ( 'NONE', #1411, #2541 ) ;
#1664 = AXIS2_PLACEMENT_3D ( 'NONE', #627, #2560, #2613 ) ;
#1665 = VERTEX_POINT ( 'NONE', #1440 ) ;
#1666 = AXIS2_PLACEMENT_3D ( 'NONE', #1516, #2583, #579 ) ;
#1667 = CARTESIAN_POINT ( 'NONE',  ( -1.800000000000000044, 0.000000000000000000, 0.000000000000000000 ) ) ;
#1668 = AXIS2_PLACEMENT_3D ( 'NONE', #756, #2702, #84 ) ;
#1669 = DIRECTION ( 'NONE',  ( -1.739027932896416959E-16, -1.000000000000000000, 0.000000000000000000 ) ) ;
#1670 = VECTOR ( 'NONE', #2652, 1000.000000000000114 ) ;
#1671 = DIRECTION ( 'NONE',  ( -1.000000000000000000, -1.836970198721029441E-16, -0.000000000000000000 ) ) ;
#1672 = DIRECTION ( 'NONE',  ( -1.000000000000000000, 0.000000000000000000, 0.000000000000000000 ) ) ;
#1673 = FACE_OUTER_BOUND ( 'NONE', #718, .T. ) ;
#1674 = ADVANCED_FACE ( 'NONE', ( #2511 ), #2812, .T. ) ;
#1675 = EDGE_LOOP ( 'NONE', ( #1526, #1500, #2434, #804 ) ) ;
#1676 = DIRECTION ( 'NONE',  ( 1.445602896647339410E-16, -1.000000000000000000, 0.000000000000000000 ) ) ;
#1677 = CARTESIAN_POINT ( 'NONE',  ( -1.960625000000000950, -2.950633381695672483E-17, 0.000000000000000000 ) ) ;
#1678 = SHAPE_DEFINITION_REPRESENTATION ( #493, #2782 ) ;
#1679 = DIRECTION ( 'NONE',  ( 0.5000000000000073275, 0.8660254037844343777, -1.060575238724901861E-16 ) ) ;
#1680 = DIRECTION ( 'NONE',  ( -1.000000000000000000, -1.836970198721029441E-16, 0.000000000000000000 ) ) ;
#1681 = DIRECTION ( 'NONE',  ( 1.659704818194421781E-16, -1.000000000000000000, 0.000000000000000000 ) ) ;
#1682 = DIRECTION ( 'NONE',  ( -1.000000000000000000, -1.836970198721029441E-16, -0.000000000000000000 ) ) ;
#1683 = VECTOR ( 'NONE', #1717, 1000.000000000000000 ) ;
#1684 = FACE_OUTER_BOUND ( 'NONE', #1552, .T. ) ;
#1685 = ORIENTED_EDGE ( 'NONE', *, *, #408, .T. ) ;
#1686 = EDGE_CURVE ( 'NONE', #1359, #1954, #1005, .T. ) ;
#1687 = DIRECTION ( 'NONE',  ( 0.5000000000000069944, -0.8660254037844344888, 0.000000000000000000 ) ) ;
#1688 = CARTESIAN_POINT ( 'NONE',  ( -1.639583333333337167, 6.318412079350880552E-16, 0.000000000000000000 ) ) ;
#1689 = ORIENTED_EDGE ( 'NONE', *, *, #1166, .F. ) ;
#1690 = EDGE_CURVE ( 'NONE', #719, #1237, #163, .T. ) ;
#1691 = DATE_TIME_ROLE ( 'classification_date' ) ;
#1692 = DIRECTION ( 'NONE',  ( -1.000000000000000000, 0.000000000000000000, 0.000000000000000000 ) ) ;
#1693 = CARTESIAN_POINT ( 'NONE',  ( 1.639583333333337167, 6.318412079350880552E-16, 0.000000000000000000 ) ) ;
#1694 = AXIS2_PLACEMENT_3D ( 'NONE', #2421, #2864, #1142 ) ;
#1695 = EDGE_LOOP ( 'NONE', ( #1856, #2356, #372, #1342 ) ) ;
#1696 = EDGE_LOOP ( 'NONE', ( #2231, #434, #141, #2869 ) ) ;
#1697 = DIRECTION ( 'NONE',  ( 1.000000000000000000, 1.836970198721029441E-16, 0.000000000000000000 ) ) ;
#1698 = PRODUCT_DEFINITION_FORMATION_WITH_SPECIFIED_SOURCE ( 'ANY', '', #179, .NOT_KNOWN. ) ;
#1699 = ORIENTED_EDGE ( 'NONE', *, *, #2034, .F. ) ;
#1700 = TOROIDAL_SURFACE ( 'NONE', #960, 3.569861162513371156, 0.1075000000000000677 ) ;
#1701 = DIRECTION ( 'NONE',  ( -1.000000000000000000, -1.836970198721029441E-16, -0.000000000000000000 ) ) ;
#1702 = CARTESIAN_POINT ( 'NONE',  ( 1.818333333333335577, 3.688217967697245747, 4.516764328698187088E-16 ) ) ;
#1703 = ORIENTED_EDGE ( 'NONE', *, *, #1779, .T. ) ;
#1704 = CIRCLE ( 'NONE', #2273, 0.1354536290322570502 ) ;
#1705 = CARTESIAN_POINT ( 'NONE',  ( 1.778333333333335764, 8.673617379884035472E-16, 0.000000000000000000 ) ) ;
#1706 = ADVANCED_FACE ( 'NONE', ( #2371 ), #129, .F. ) ;
#1707 = VERTEX_POINT ( 'NONE', #387 ) ;
#1708 = AXIS2_PLACEMENT_3D ( 'NONE', #1132, #2211, #195 ) ;
#1709 = FACE_OUTER_BOUND ( 'NONE', #1970, .T. ) ;
#1710 = AXIS2_PLACEMENT_3D ( 'NONE', #2376, #573, #1457 ) ;
#1711 = EDGE_LOOP ( 'NONE', ( #878, #1321 ) ) ;
#1712 = CARTESIAN_POINT ( 'NONE',  ( 1.683333333333337567, -3.552540654437681855, 0.000000000000000000 ) ) ;
#1713 = AXIS2_PLACEMENT_3D ( 'NONE', #2649, #897, #1557 ) ;
#1714 = DIRECTION ( 'NONE',  ( 1.734723475976807094E-16, -1.000000000000000000, 0.000000000000000000 ) ) ;
#1715 = ORIENTED_EDGE ( 'NONE', *, *, #2686, .F. ) ;
#1716 = CARTESIAN_POINT ( 'NONE',  ( -1.905000000000002469, 3.424561344767317550, -4.272242815325500441E-16 ) ) ;
#1717 = DIRECTION ( 'NONE',  ( -0.7071067811865436870, 0.7071067811865513475, 8.659560562354980929E-17 ) ) ;
#1718 = ORIENTED_EDGE ( 'NONE', *, *, #1727, .T. ) ;
#1719 = DIRECTION ( 'NONE',  ( -1.000000000000000000, -1.836970198721029441E-16, -0.000000000000000000 ) ) ;
#1720 = ORIENTED_EDGE ( 'NONE', *, *, #170, .T. ) ;
#1721 = ADVANCED_FACE ( 'NONE', ( #2798, #2828 ), #2815, .F. ) ;
#1722 = DIRECTION ( 'NONE',  ( -1.000000000000000000, -1.836970198721029441E-16, -0.000000000000000000 ) ) ;
#1723 = EDGE_LOOP ( 'NONE', ( #1998, #2249, #323, #2466 ) ) ;
#1724 = DIRECTION ( 'NONE',  ( 1.659704818194421781E-16, -1.000000000000000000, 0.000000000000000000 ) ) ;
#1725 = CARTESIAN_POINT ( 'NONE',  ( 1.700000000000000844, 4.012999999999999012, 4.914507604978327522E-16 ) ) ;
#1726 = ORIENTED_EDGE ( 'NONE', *, *, #1686, .F. ) ;
#1727 = EDGE_CURVE ( 'NONE', #2718, #1968, #1804, .T. ) ;
#1728 = CARTESIAN_POINT ( 'NONE',  ( -1.662499999999999867, 2.612999999999995993, 3.200002086172028940E-16 ) ) ;
#1729 = FACE_OUTER_BOUND ( 'NONE', #1281, .T. ) ;
#1730 = CIRCLE ( 'NONE', #847, 2.612999999999995993 ) ;
#1731 = VERTEX_POINT ( 'NONE', #1728 ) ;
#1732 = DIRECTION ( 'NONE',  ( 1.836970198721029441E-16, -1.000000000000000000, 0.000000000000000000 ) ) ;
#1733 = CARTESIAN_POINT ( 'NONE',  ( -1.778333333333335098, 3.757500000000002061, -4.601610347796181751E-16 ) ) ;
#1734 = EDGE_LOOP ( 'NONE', ( #1935, #235, #1202, #688 ) ) ;
#1735 = CYLINDRICAL_SURFACE ( 'NONE', #85, 2.462812499999997851 ) ;
#1736 = EDGE_CURVE ( 'NONE', #1099, #944, #776, .T. ) ;
#1737 = ORIENTED_EDGE ( 'NONE', *, *, #798, .T. ) ;
#1738 = CARTESIAN_POINT ( 'NONE',  ( 1.861250000000003846, -3.348784121936177360, 0.000000000000000000 ) ) ;
#1739 = TOROIDAL_SURFACE ( 'NONE', #17, 3.569861162513371156, 0.02000000000000005940 ) ;
#1740 = DIRECTION ( 'NONE',  ( -1.000000000000000000, -1.836970198721029441E-16, -0.000000000000000000 ) ) ;
#1741 = CIRCLE ( 'NONE', #1568, 3.569861162513373376 ) ;
#1742 = ADVANCED_FACE ( 'NONE', ( #152 ), #2768, .F. ) ;
#1743 = ORIENTED_EDGE ( 'NONE', *, *, #1232, .T. ) ;
#1744 = CARTESIAN_POINT ( 'NONE',  ( 1.639583333333337833, -3.476763431606543442, 0.000000000000000000 ) ) ;
#1745 =( GEOMETRIC_REPRESENTATION_CONTEXT ( 3 ) GLOBAL_UNCERTAINTY_ASSIGNED_CONTEXT ( ( #2638 ) ) GLOBAL_UNIT_ASSIGNED_CONTEXT ( ( #475, #695, #1405 ) ) REPRESENTATION_CONTEXT ( 'NONE', 'WORKASPACE' ) );
#1746 = DIRECTION ( 'NONE',  ( -1.000000000000000000, -1.836970198721029441E-16, -0.000000000000000000 ) ) ;
#1747 = VERTEX_POINT ( 'NONE', #1072 ) ;
#1748 = AXIS2_PLACEMENT_3D ( 'NONE', #391, #106, #2188 ) ;
#1749 = DIRECTION ( 'NONE',  ( -1.000000000000000000, -1.836970198721029441E-16, -0.000000000000000000 ) ) ;
#1750 = AXIS2_PLACEMENT_3D ( 'NONE', #405, #2401, #1270 ) ;
#1751 = DIRECTION ( 'NONE',  ( -2.249639673992786138E-32, -1.224646799147353207E-16, -1.000000000000000000 ) ) ;
#1752 = ORIENTED_EDGE ( 'NONE', *, *, #1047, .T. ) ;
#1753 = AXIS2_PLACEMENT_3D ( 'NONE', #1952, #2786, #2566 ) ;
#1754 = CARTESIAN_POINT ( 'NONE',  ( -1.789062499999999778, 2.598266129032255289, 3.181958298252335215E-16 ) ) ;
#1755 = AXIS2_PLACEMENT_3D ( 'NONE', #2871, #1560, #1788 ) ;
#1756 = ORIENTED_EDGE ( 'NONE', *, *, #1942, .F. ) ;
#1757 = CARTESIAN_POINT ( 'NONE',  ( -1.869266000730700705, 6.740332294522592025E-16, 0.000000000000000000 ) ) ;
#1758 = AXIS2_PLACEMENT_3D ( 'NONE', #2106, #2573, #1660 ) ;
#1759 = FACE_OUTER_BOUND ( 'NONE', #1696, .T. ) ;
#1760 = CIRCLE ( 'NONE', #2227, 3.740717967697245516 ) ;
#1761 = ORIENTED_EDGE ( 'NONE', *, *, #177, .F. ) ;
#1762 = ADVANCED_FACE ( 'NONE', ( #1965 ), #2624, .F. ) ;
#1763 = DIRECTION ( 'NONE',  ( 1.836970198721029441E-16, -1.000000000000000000, 0.000000000000000000 ) ) ;
#1764 = DIRECTION ( 'NONE',  ( -1.000000000000000000, -1.836970198721029441E-16, -0.000000000000000000 ) ) ;
#1765 = VERTEX_POINT ( 'NONE', #2184 ) ;
#1766 = VERTEX_POINT ( 'NONE', #1043 ) ;
#1767 = LINE ( 'NONE', #1093, #1523 ) ;
#1768 = CARTESIAN_POINT ( 'NONE',  ( -1.673333333333337114, -3.569861162513371156, 0.000000000000000000 ) ) ;
#1769 = ORIENTED_EDGE ( 'NONE', *, *, #919, .T. ) ;
#1770 = APPROVAL ( #93, 'UNSPECIFIED' ) ;
#1771 = CARTESIAN_POINT ( 'NONE',  ( -1.905000000000003135, 6.805974586261419545E-16, 0.000000000000000000 ) ) ;
#1772 = ORIENTED_EDGE ( 'NONE', *, *, #2576, .T. ) ;
#1773 = CARTESIAN_POINT ( 'NONE',  ( -1.799999999999998934, -1.700000000000000178, 0.000000000000000000 ) ) ;
#1774 = DIRECTION ( 'NONE',  ( -1.000000000000000000, -1.836970198721029441E-16, -0.000000000000000000 ) ) ;
#1775 = ORIENTED_EDGE ( 'NONE', *, *, #2053, .T. ) ;
#1776 = DIRECTION ( 'NONE',  ( -1.000000000000000000, 1.836970198721029441E-16, 0.000000000000000000 ) ) ;
#1777 = DIRECTION ( 'NONE',  ( -1.000000000000000000, -1.836970198721029441E-16, -0.000000000000000000 ) ) ;
#1778 = ORIENTED_EDGE ( 'NONE', *, *, #2592, .F. ) ;
#1779 = EDGE_CURVE ( 'NONE', #833, #866, #504, .T. ) ;
#1780 = EDGE_LOOP ( 'NONE', ( #1850, #87, #1769, #385 ) ) ;
#1781 = CARTESIAN_POINT ( 'NONE',  ( 1.960625000000002727, 6.908156053565276132E-16, 0.000000000000000000 ) ) ;
#1782 = CIRCLE ( 'NONE', #2562, 3.424561344767316662 ) ;
#1783 = LINE ( 'NONE', #896, #723 ) ;
#1784 = EDGE_CURVE ( 'NONE', #1665, #2554, #270, .T. ) ;
#1785 = DIRECTION ( 'NONE',  ( -1.000000000000000000, 1.836970198721029441E-16, 0.000000000000000000 ) ) ;
#1786 = ORIENTED_EDGE ( 'NONE', *, *, #2042, .F. ) ;
#1787 = DIRECTION ( 'NONE',  ( -1.707404996040163772E-16, -1.000000000000000000, 0.000000000000000000 ) ) ;
#1788 = DIRECTION ( 'NONE',  ( 1.836970198721029441E-16, -1.000000000000000000, 0.000000000000000000 ) ) ;
#1789 = CARTESIAN_POINT ( 'NONE',  ( -2.000000000000000000, -3.673940397442059498E-17, 0.000000000000000000 ) ) ;
#1790 = AXIS2_PLACEMENT_3D ( 'NONE', #3, #209, #1311 ) ;
#1791 = ORIENTED_EDGE ( 'NONE', *, *, #1409, .F. ) ;
#1792 = AXIS2_PLACEMENT_3D ( 'NONE', #882, #2033, #437 ) ;
#1793 = DIRECTION ( 'NONE',  ( -1.836970198721029441E-16, -1.000000000000000000, 0.000000000000000000 ) ) ;
#1794 = FACE_BOUND ( 'NONE', #948, .T. ) ;
#1795 = ORIENTED_EDGE ( 'NONE', *, *, #2113, .F. ) ;
#1796 = AXIS2_PLACEMENT_3D ( 'NONE', #2093, #521, #1402 ) ;
#1797 = ORIENTED_EDGE ( 'NONE', *, *, #1470, .T. ) ;
#1798 = CARTESIAN_POINT ( 'NONE',  ( -1.950000000000002842, 6.888638245203865889E-16, 0.000000000000000000 ) ) ;
#1799 = FACE_OUTER_BOUND ( 'NONE', #2690, .T. ) ;
#1800 = CIRCLE ( 'NONE', #26, 0.2000000000000000944 ) ;
#1801 = CIRCLE ( 'NONE', #1664, 3.757500000000001172 ) ;
#1802 = EDGE_CURVE ( 'NONE', #1707, #417, #1206, .T. ) ;
#1803 = APPROVAL_DATE_TIME ( #62, #789 ) ;
#1804 = CIRCLE ( 'NONE', #547, 0.1050000000000000655 ) ;
#1805 = DIRECTION ( 'NONE',  ( -1.000000000000000000, -1.836970198721029441E-16, -0.000000000000000000 ) ) ;
#1806 = DIRECTION ( 'NONE',  ( -1.836970198721029441E-16, -1.000000000000000000, 0.000000000000000000 ) ) ;
#1807 = CIRCLE ( 'NONE', #967, 3.569861162513373376 ) ;
#1808 = CARTESIAN_POINT ( 'NONE',  ( 1.799999999999999600, -2.549999999999998490, 0.000000000000000000 ) ) ;
#1809 = EDGE_LOOP ( 'NONE', ( #2581, #2877, #1476, #1535 ) ) ;
#1810 = AXIS2_PLACEMENT_3D ( 'NONE', #2428, #416, #1312 ) ;
#1811 = LINE ( 'NONE', #2672, #689 ) ;
#1812 = CONICAL_SURFACE ( 'NONE', #1209, 3.476763431606543886, 0.5235987755982952629 ) ;
#1813 = DIRECTION ( 'NONE',  ( 1.000000000000000000, -1.836970198721029441E-16, -0.000000000000000000 ) ) ;
#1814 = VERTEX_POINT ( 'NONE', #1716 ) ;
#1815 = EDGE_LOOP ( 'NONE', ( #1184, #934 ) ) ;
#1816 = DIRECTION ( 'NONE',  ( -1.000000000000000000, 0.000000000000000000, 0.000000000000000000 ) ) ;
#1817 = LINE ( 'NONE', #1601, #2666 ) ;
#1818 = PERSON_AND_ORGANIZATION ( #355, #862 ) ;
#1819 = EDGE_CURVE ( 'NONE', #57, #2643, #166, .T. ) ;
#1820 = CARTESIAN_POINT ( 'NONE',  ( 1.950000000000002398, 3.346619058426717697, 4.146152203610428942E-16 ) ) ;
#1821 = DIRECTION ( 'NONE',  ( -0.8660254037844403729, -0.4999999999999970579, 0.000000000000000000 ) ) ;
#1822 = EDGE_CURVE ( 'NONE', #1567, #2056, #2814, .T. ) ;
#1823 = ORIENTED_EDGE ( 'NONE', *, *, #1268, .F. ) ;
#1824 = CARTESIAN_POINT ( 'NONE',  ( 1.700000000000002176, -3.950000000000000178, 0.000000000000000000 ) ) ;
#1825 = CARTESIAN_POINT ( 'NONE',  ( 1.693333333333336022, 3.569861162513371600, 4.371819046072449286E-16 ) ) ;
#1826 = EDGE_LOOP ( 'NONE', ( #2015, #2674, #2600, #622 ) ) ;
#1827 = ORIENTED_EDGE ( 'NONE', *, *, #1736, .T. ) ;
#1828 = EDGE_CURVE ( 'NONE', #1237, #1134, #1462, .T. ) ;
#1829 = FACE_OUTER_BOUND ( 'NONE', #1045, .T. ) ;
#1830 = DIRECTION ( 'NONE',  ( -0.7071067811865435759, -0.7071067811865515695, 0.000000000000000000 ) ) ;
#1831 = CARTESIAN_POINT ( 'NONE',  ( -1.673333333333336004, 3.569861162513372044, -4.371819046072450272E-16 ) ) ;
#1832 = CIRCLE ( 'NONE', #2198, 0.1049999999999991912 ) ;
#1833 = DIRECTION ( 'NONE',  ( -1.000000000000000000, -1.836970198721029441E-16, -0.000000000000000000 ) ) ;
#1834 = DIRECTION ( 'NONE',  ( 1.445602896647339163E-16, -1.000000000000000000, 0.000000000000000000 ) ) ;
#1835 = EDGE_LOOP ( 'NONE', ( #1595, #1988 ) ) ;
#1836 = CARTESIAN_POINT ( 'NONE',  ( -1.699999999999999512, 1.836970198721039918E-17, 0.000000000000000000 ) ) ;
#1837 = EDGE_CURVE ( 'NONE', #2637, #2142, #2357, .T. ) ;
#1838 = DIRECTION ( 'NONE',  ( 0.000000000000000000, -1.000000000000000000, -1.224646799147351975E-16 ) ) ;
#1839 = ORIENTED_EDGE ( 'NONE', *, *, #2000, .T. ) ;
#1840 = ORIENTED_EDGE ( 'NONE', *, *, #2605, .T. ) ;
#1841 = CIRCLE ( 'NONE', #722, 2.549999999999998934 ) ;
#1842 = DIRECTION ( 'NONE',  ( 1.836970198721029441E-16, -1.000000000000000000, 0.000000000000000000 ) ) ;
#1843 = CARTESIAN_POINT ( 'NONE',  ( -1.693333333333337354, -3.569861162513371156, 0.000000000000000000 ) ) ;
#1844 = AXIS2_PLACEMENT_3D ( 'NONE', #2189, #2680, #237 ) ;
#1845 = COORDINATED_UNIVERSAL_TIME_OFFSET ( 6, 0, .BEHIND. ) ;
#1846 = CIRCLE ( 'NONE', #398, 3.853750000000001563 ) ;
#1847 = CARTESIAN_POINT ( 'NONE',  ( -1.960625000000000950, -2.950633381695672483E-17, 0.000000000000000000 ) ) ;
#1848 = DIRECTION ( 'NONE',  ( 1.734723475976807341E-16, -1.000000000000000000, 0.000000000000000000 ) ) ;
#1849 = AXIS2_PLACEMENT_3D ( 'NONE', #90, #520, #1614 ) ;
#1850 = ORIENTED_EDGE ( 'NONE', *, *, #2549, .F. ) ;
#1851 = AXIS2_PLACEMENT_3D ( 'NONE', #1938, #623, #828 ) ;
#1852 = DIRECTION ( 'NONE',  ( -1.000000000000000000, -1.836970198721029441E-16, -0.000000000000000000 ) ) ;
#1853 = DIRECTION ( 'NONE',  ( -1.000000000000000000, -1.836970198721029441E-16, -0.000000000000000000 ) ) ;
#1854 = ORIENTED_EDGE ( 'NONE', *, *, #137, .T. ) ;
#1855 = AXIS2_PLACEMENT_3D ( 'NONE', #869, #2460, #463 ) ;
#1856 = ORIENTED_EDGE ( 'NONE', *, *, #522, .F. ) ;
#1857 = ADVANCED_FACE ( 'NONE', ( #1475 ), #1898, .F. ) ;
#1858 = CARTESIAN_POINT ( 'NONE',  ( 1.985043223561840264, 6.953011602554079826E-16, 0.000000000000000000 ) ) ;
#1859 = CIRCLE ( 'NONE', #2505, 3.346619058426716808 ) ;
#1860 = DIRECTION ( 'NONE',  ( -1.000000000000000000, -1.836970198721029441E-16, -0.000000000000000000 ) ) ;
#1861 = VECTOR ( 'NONE', #1341, 1000.000000000000000 ) ;
#1862 = CARTESIAN_POINT ( 'NONE',  ( 1.861250000000003180, 6.725607140067374407E-16, 0.000000000000000000 ) ) ;
#1863 = EDGE_CURVE ( 'NONE', #2216, #2643, #403, .T. ) ;
#1864 = CARTESIAN_POINT ( 'NONE',  ( -1.861250000000003180, 6.725607140067374407E-16, 0.000000000000000000 ) ) ;
#1865 = ORIENTED_EDGE ( 'NONE', *, *, #1047, .F. ) ;
#1866 = PLANE ( 'NONE',  #2131 ) ;
#1867 = EDGE_LOOP ( 'NONE', ( #502, #2180 ) ) ;
#1868 = ORIENTED_EDGE ( 'NONE', *, *, #1264, .T. ) ;
#1869 = DIRECTION ( 'NONE',  ( -2.249639673992786138E-32, -1.224646799147353207E-16, -1.000000000000000000 ) ) ;
#1870 = DIRECTION ( 'NONE',  ( 0.000000000000000000, 0.000000000000000000, 1.000000000000000000 ) ) ;
#1871 = EDGE_CURVE ( 'NONE', #2475, #1665, #587, .T. ) ;
#1872 = EDGE_CURVE ( 'NONE', #331, #57, #777, .T. ) ;
#1873 = ADVANCED_FACE ( 'NONE', ( #2691 ), #1578, .T. ) ;
#1874 = DIRECTION ( 'NONE',  ( 1.688021546523003196E-16, -1.000000000000000000, 0.000000000000000000 ) ) ;
#1875 = CARTESIAN_POINT ( 'NONE',  ( -1.789062499999999334, 2.009186154851227062E-18, 0.000000000000000000 ) ) ;
#1876 = TOROIDAL_SURFACE ( 'NONE', #615, 4.800000000000000711, 0.1999999999999994282 ) ;
#1877 = ORIENTED_EDGE ( 'NONE', *, *, #2137, .T. ) ;
#1878 = FACE_OUTER_BOUND ( 'NONE', #2612, .T. ) ;
#1879 = FACE_OUTER_BOUND ( 'NONE', #525, .T. ) ;
#1880 = EDGE_LOOP ( 'NONE', ( #937, #2822, #1496, #2108 ) ) ;
#1881 = CARTESIAN_POINT ( 'NONE',  ( -1.799999999999999378, 1.302827758746164342E-31, 0.000000000000000000 ) ) ;
#1882 = LINE ( 'NONE', #1207, #626 ) ;
#1883 = CIRCLE ( 'NONE', #298, 4.012999999999998124 ) ;
#1884 = AXIS2_PLACEMENT_3D ( 'NONE', #2632, #909, #2237 ) ;
#1885 = CIRCLE ( 'NONE', #1145, 3.810000000000001386 ) ;
#1886 = EDGE_CURVE ( 'NONE', #2100, #2693, #1811, .T. ) ;
#1887 = DIRECTION ( 'NONE',  ( -1.000000000000000000, 1.836970198721029441E-16, 0.000000000000000000 ) ) ;
#1888 = AXIS2_PLACEMENT_3D ( 'NONE', #78, #252, #709 ) ;
#1889 = EDGE_CURVE ( 'NONE', #1353, #2240, #1053, .T. ) ;
#1890 = DIRECTION ( 'NONE',  ( 2.249639673992786138E-32, -1.224646799147353207E-16, 1.000000000000000000 ) ) ;
#1891 = AXIS2_PLACEMENT_3D ( 'NONE', #1181, #1391, #1834 ) ;
#1892 = CARTESIAN_POINT ( 'NONE',  ( -1.662499999999999423, 2.525834023241424880E-17, 0.000000000000000000 ) ) ;
#1893 = LINE ( 'NONE', #1280, #1628 ) ;
#1894 = CIRCLE ( 'NONE', #117, 3.552540654437682299 ) ;
#1895 = EDGE_LOOP ( 'NONE', ( #6, #2806, #1240, #12 ) ) ;
#1896 = AXIS2_PLACEMENT_3D ( 'NONE', #1002, #966, #1630 ) ;
#1897 = CARTESIAN_POINT ( 'NONE',  ( -1.860000000000002318, 3.346619058426717697, -4.098426317867807868E-16 ) ) ;
#1898 = TOROIDAL_SURFACE ( 'NONE', #2317, 3.688217967697244859, 0.1050000000000000516 ) ;
#1899 = DIRECTION ( 'NONE',  ( -1.000000000000000000, -1.836970198721029441E-16, -0.000000000000000000 ) ) ;
#1900 = AXIS2_PLACEMENT_3D ( 'NONE', #1016, #2794, #371 ) ;
#1901 = PERSON_AND_ORGANIZATION ( #355, #862 ) ;
#1902 = DIRECTION ( 'NONE',  ( 1.659704818194421781E-16, -1.000000000000000000, 0.000000000000000000 ) ) ;
#1903 = AXIS2_PLACEMENT_3D ( 'NONE', #1847, #2066, #1167 ) ;
#1904 = CARTESIAN_POINT ( 'NONE',  ( 1.862500000000002709, 2.549999999999999378, 3.122849337825748940E-16 ) ) ;
#1905 = LINE ( 'NONE', #1930, #510 ) ;
#1906 = EDGE_CURVE ( 'NONE', #833, #213, #820, .T. ) ;
#1907 = EDGE_CURVE ( 'NONE', #226, #293, #1349, .T. ) ;
#1908 = CARTESIAN_POINT ( 'NONE',  ( 1.673333333333336004, 3.757500000000001616, 4.633757326273799609E-16 ) ) ;
#1909 = DIRECTION ( 'NONE',  ( -1.000000000000000000, 1.836970198721029441E-16, 0.000000000000000000 ) ) ;
#1910 = ADVANCED_FACE ( 'NONE', ( #1155 ), #2129, .T. ) ;
#1911 = ORIENTED_EDGE ( 'NONE', *, *, #1539, .T. ) ;
#1912 = CARTESIAN_POINT ( 'NONE',  ( 1.778333333333335098, 3.757500000000002061, 4.601610347796181751E-16 ) ) ;
#1913 = CARTESIAN_POINT ( 'NONE',  ( -1.800000000000000711, 3.950000000000001066, 4.837354856632047030E-16 ) ) ;
#1914 = ADVANCED_FACE ( 'NONE', ( #2874 ), #736, .T. ) ;
#1915 = CARTESIAN_POINT ( 'NONE',  ( -1.818333333333335577, 3.688217967697245747, -4.516764328698187088E-16 ) ) ;
#1916 = CYLINDRICAL_SURFACE ( 'NONE', #2547, 2.612999999999995993 ) ;
#1917 = EDGE_LOOP ( 'NONE', ( #207, #2369, #370, #2618 ) ) ;
#1918 = EDGE_LOOP ( 'NONE', ( #1022, #2510, #768, #414 ) ) ;
#1919 = AXIS2_PLACEMENT_3D ( 'NONE', #2345, #2548, #2599 ) ;
#1920 = EDGE_LOOP ( 'NONE', ( #2774, #808 ) ) ;
#1921 = EDGE_CURVE ( 'NONE', #389, #685, #1103, .T. ) ;
#1922 = DIRECTION ( 'NONE',  ( -1.836970198721029441E-16, 1.000000000000000000, 0.000000000000000000 ) ) ;
#1923 = DIRECTION ( 'NONE',  ( -1.871054261493740936E-16, -1.000000000000000000, 0.000000000000000000 ) ) ;
#1924 = VERTEX_POINT ( 'NONE', #2262 ) ;
#1925 = DATE_AND_TIME ( #2335, #1046 ) ;
#1926 = CARTESIAN_POINT ( 'NONE',  ( 1.662500000000001199, 6.360509313071567012E-16, 0.000000000000000000 ) ) ;
#1927 = TOROIDAL_SURFACE ( 'NONE', #1427, 3.688217967697244859, 0.1925000000000000322 ) ;
#1928 = ORIENTED_EDGE ( 'NONE', *, *, #871, .F. ) ;
#1929 = CIRCLE ( 'NONE', #2571, 0.1924999999999990885 ) ;
#1930 = CARTESIAN_POINT ( 'NONE',  ( -1.800000000000000488, 2.549999999999998490, 3.122849337825748940E-16 ) ) ;
#1931 = AXIS2_PLACEMENT_3D ( 'NONE', #1843, #2722, #2760 ) ;
#1932 = EDGE_LOOP ( 'NONE', ( #1364, #603 ) ) ;
#1933 = CARTESIAN_POINT ( 'NONE',  ( -1.800000000000000044, 0.000000000000000000, 0.000000000000000000 ) ) ;
#1934 = DIRECTION ( 'NONE',  ( -1.000000000000000000, 1.836970198721029441E-16, 0.000000000000000000 ) ) ;
#1935 = ORIENTED_EDGE ( 'NONE', *, *, #2821, .F. ) ;
#1936 = CIRCLE ( 'NONE', #684, 3.552540654437682299 ) ;
#1937 = CIRCLE ( 'NONE', #2677, 0.02000000000000005246 ) ;
#1938 = CARTESIAN_POINT ( 'NONE',  ( 1.585833333333336759, 6.219674931169624787E-16, 0.000000000000000000 ) ) ;
#1939 = CARTESIAN_POINT ( 'NONE',  ( 1.800000000000002487, -4.799999999999999822, 0.000000000000000000 ) ) ;
#1940 = ORIENTED_EDGE ( 'NONE', *, *, #1013, .T. ) ;
#1941 = AXIS2_PLACEMENT_3D ( 'NONE', #505, #295, #2759 ) ;
#1942 = EDGE_CURVE ( 'NONE', #705, #164, #1565, .T. ) ;
#1943 = AXIS2_PLACEMENT_3D ( 'NONE', #1549, #2843, #2431 ) ;
#1944 = DIRECTION ( 'NONE',  ( 1.822259392948774650E-16, -1.000000000000000000, 0.000000000000000000 ) ) ;
#1945 = EDGE_LOOP ( 'NONE', ( #159, #846, #200, #2606 ) ) ;
#1946 = CIRCLE ( 'NONE', #2728, 3.424561344767316662 ) ;
#1947 = DIRECTION ( 'NONE',  ( -1.836970198721029441E-16, -1.000000000000000000, 0.000000000000000000 ) ) ;
#1948 = ORIENTED_EDGE ( 'NONE', *, *, #2016, .T. ) ;
#1949 = EDGE_CURVE ( 'NONE', #2448, #719, #2681, .T. ) ;
#1950 = CARTESIAN_POINT ( 'NONE',  ( 1.700000000000001510, 6.429395695523605139E-16, 0.000000000000000000 ) ) ;
#1951 = VERTEX_POINT ( 'NONE', #2445 ) ;
#1952 = CARTESIAN_POINT ( 'NONE',  ( -1.950000000000002842, 6.888638245203865889E-16, 0.000000000000000000 ) ) ;
#1953 = FACE_OUTER_BOUND ( 'NONE', #827, .T. ) ;
#1954 = VERTEX_POINT ( 'NONE', #244 ) ;
#1955 = CARTESIAN_POINT ( 'NONE',  ( 1.945043223561839119, 6.879532794605236331E-16, 0.000000000000000000 ) ) ;
#1956 = EDGE_CURVE ( 'NONE', #2634, #2795, #1807, .T. ) ;
#1957 = DIRECTION ( 'NONE',  ( -1.000000000000000000, -1.836970198721029441E-16, -0.000000000000000000 ) ) ;
#1958 = EDGE_LOOP ( 'NONE', ( #1948, #100 ) ) ;
#1959 = EDGE_CURVE ( 'NONE', #1134, #577, #2275, .T. ) ;
#1960 = FACE_OUTER_BOUND ( 'NONE', #1226, .T. ) ;
#1961 = ORIENTED_EDGE ( 'NONE', *, *, #1079, .F. ) ;
#1962 = CARTESIAN_POINT ( 'NONE',  ( -1.818333333333336244, 8.673617379884035472E-16, 0.000000000000000000 ) ) ;
#1963 = DIRECTION ( 'NONE',  ( -1.836970198721029441E-16, 1.000000000000000000, 0.000000000000000000 ) ) ;
#1964 = VERTEX_POINT ( 'NONE', #1120 ) ;
#1965 = FACE_OUTER_BOUND ( 'NONE', #424, .T. ) ;
#1966 = CARTESIAN_POINT ( 'NONE',  ( -1.799999999999999378, -4.012999999999999012, 0.000000000000000000 ) ) ;
#1967 = AXIS2_PLACEMENT_3D ( 'NONE', #452, #198, #877 ) ;
#1968 = VERTEX_POINT ( 'NONE', #2858 ) ;
#1969 = CARTESIAN_POINT ( 'NONE',  ( 1.662500000000001643, -2.549999999999998490, 0.000000000000000000 ) ) ;
#1970 = EDGE_LOOP ( 'NONE', ( #1203, #1972, #2029, #2848 ) ) ;
#1971 = DIRECTION ( 'NONE',  ( 1.789527763741387482E-16, -1.000000000000000000, 0.000000000000000000 ) ) ;
#1972 = ORIENTED_EDGE ( 'NONE', *, *, #2034, .T. ) ;
#1973 = ADVANCED_FACE ( 'NONE', ( #1314 ), #2406, .T. ) ;
#1974 = CARTESIAN_POINT ( 'NONE',  ( 1.960625000000002727, 6.908156053565276132E-16, 0.000000000000000000 ) ) ;
#1975 = CIRCLE ( 'NONE', #1790, 2.462812499999997851 ) ;
#1976 = CARTESIAN_POINT ( 'NONE',  ( 1.818333333333334911, 3.495717967697245854, 0.000000000000000000 ) ) ;
#1977 = CIRCLE ( 'NONE', #2026, 0.09000000000000023259 ) ;
#1978 = EDGE_LOOP ( 'NONE', ( #1652, #363, #1558, #42 ) ) ;
#1979 = DIRECTION ( 'NONE',  ( 0.000000000000000000, 0.000000000000000000, -1.000000000000000000 ) ) ;
#1980 = CARTESIAN_POINT ( 'NONE',  ( 1.789062500000001110, 6.593000853847196429E-16, 0.000000000000000000 ) ) ;
#1981 = VERTEX_POINT ( 'NONE', #2012 ) ;
#1982 = VERTEX_POINT ( 'NONE', #686 ) ;
#1983 = AXIS2_PLACEMENT_3D ( 'NONE', #2055, #2503, #2288 ) ;
#1984 = EDGE_CURVE ( 'NONE', #2540, #293, #1478, .T. ) ;
#1985 = DIRECTION ( 'NONE',  ( -0.5000000000000069944, -0.8660254037844344888, 0.000000000000000000 ) ) ;
#1986 = VECTOR ( 'NONE', #112, 1000.000000000000114 ) ;
#1987 = CARTESIAN_POINT ( 'NONE',  ( 1.639583333333337167, 6.318412079350880552E-16, 0.000000000000000000 ) ) ;
#1988 = ORIENTED_EDGE ( 'NONE', *, *, #999, .F. ) ;
#1989 = AXIS2_PLACEMENT_3D ( 'NONE', #1912, #1284, #2556 ) ;
#1990 = LINE ( 'NONE', #1528, #1861 ) ;
#1991 = AXIS2_PLACEMENT_3D ( 'NONE', #998, #2368, #1488 ) ;
#1992 = VERTEX_POINT ( 'NONE', #1434 ) ;
#1993 = FACE_OUTER_BOUND ( 'NONE', #962, .T. ) ;
#1994 = CIRCLE ( 'NONE', #592, 0.1924999999999990885 ) ;
#1995 = CARTESIAN_POINT ( 'NONE',  ( -1.639583333333336501, 3.476763431606544330, -4.257807207909521823E-16 ) ) ;
#1996 = ADVANCED_FACE ( 'NONE', ( #935 ), #2771, .F. ) ;
#1997 = VECTOR ( 'NONE', #885, 1000.000000000000000 ) ;
#1998 = ORIENTED_EDGE ( 'NONE', *, *, #1041, .F. ) ;
#1999 = DIRECTION ( 'NONE',  ( 1.807003620809173892E-16, -1.000000000000000000, 0.000000000000000000 ) ) ;
#2000 = EDGE_CURVE ( 'NONE', #705, #2073, #1663, .T. ) ;
#2001 = CARTESIAN_POINT ( 'NONE',  ( -1.999999999999999112, -3.673940397442046556E-17, 0.000000000000000000 ) ) ;
#2002 = VERTEX_POINT ( 'NONE', #2742 ) ;
#2003 = ORIENTED_EDGE ( 'NONE', *, *, #1828, .F. ) ;
#2004 = CARTESIAN_POINT ( 'NONE',  ( -1.860000000000002984, 8.673617379884035472E-16, 0.000000000000000000 ) ) ;
#2005 = FACE_OUTER_BOUND ( 'NONE', #257, .T. ) ;
#2006 = CARTESIAN_POINT ( 'NONE',  ( -1.950000000000003286, -2.549999999999997602, 0.000000000000000000 ) ) ;
#2007 = ORIENTED_EDGE ( 'NONE', *, *, #59, .T. ) ;
#2008 = DIRECTION ( 'NONE',  ( -1.871054261493740936E-16, -1.000000000000000000, 0.000000000000000000 ) ) ;
#2009 = PLANE ( 'NONE',  #1855 ) ;
#2010 = CYLINDRICAL_SURFACE ( 'NONE', #2238, 2.462812499999997851 ) ;
#2011 = ORIENTED_EDGE ( 'NONE', *, *, #1171, .T. ) ;
#2012 = CARTESIAN_POINT ( 'NONE',  ( 1.862500000000002487, 3.346619058426717697, 4.099752036916214173E-16 ) ) ;
#2013 = FACE_OUTER_BOUND ( 'NONE', #906, .T. ) ;
#2014 = ORIENTED_EDGE ( 'NONE', *, *, #785, .T. ) ;
#2015 = ORIENTED_EDGE ( 'NONE', *, *, #2873, .F. ) ;
#2016 = EDGE_CURVE ( 'NONE', #2, #861, #34, .T. ) ;
#2017 = CARTESIAN_POINT ( 'NONE',  ( 1.585833333333337203, -3.757500000000000728, 0.000000000000000000 ) ) ;
#2018 = AXIS2_PLACEMENT_3D ( 'NONE', #1702, #829, #596 ) ;
#2019 = CARTESIAN_POINT ( 'NONE',  ( 1.861250000000002514, 3.348784121936179137, 4.101077755964620478E-16 ) ) ;
#2020 = DIRECTION ( 'NONE',  ( -1.760917118108675117E-16, 1.000000000000000000, 0.000000000000000000 ) ) ;
#2021 = DIRECTION ( 'NONE',  ( -1.000000000000000000, -1.836970198721029441E-16, -0.000000000000000000 ) ) ;
#2022 = CARTESIAN_POINT ( 'NONE',  ( -1.778333333333335764, 8.673617379884035472E-16, 0.000000000000000000 ) ) ;
#2023 = CARTESIAN_POINT ( 'NONE',  ( -1.985043223561840264, 6.953011602554079826E-16, 0.000000000000000000 ) ) ;
#2024 = AXIS2_PLACEMENT_3D ( 'NONE', #1773, #2427, #240 ) ;
#2025 = VERTEX_POINT ( 'NONE', #290 ) ;
#2026 = AXIS2_PLACEMENT_3D ( 'NONE', #583, #2362, #365 ) ;
#2027 = CARTESIAN_POINT ( 'NONE',  ( 1.800000000000001155, -1.699999999999999289, 0.000000000000000000 ) ) ;
#2028 = CARTESIAN_POINT ( 'NONE',  ( -1.700000000000000178, 3.950000000000001954, 4.837354856632048016E-16 ) ) ;
#2029 = ORIENTED_EDGE ( 'NONE', *, *, #608, .T. ) ;
#2030 = CIRCLE ( 'NONE', #1931, 0.02000000000000005246 ) ;
#2031 = ORIENTED_EDGE ( 'NONE', *, *, #952, .F. ) ;
#2032 = CARTESIAN_POINT ( 'NONE',  ( -1.673333333333336670, 6.380409823557714077E-16, 0.000000000000000000 ) ) ;
#2033 = DIRECTION ( 'NONE',  ( -1.000000000000000000, -1.836970198721029441E-16, -0.000000000000000000 ) ) ;
#2034 = EDGE_CURVE ( 'NONE', #2865, #455, #218, .T. ) ;
#2035 = AXIS2_PLACEMENT_3D ( 'NONE', #2049, #266, #13 ) ;
#2036 = PERSON_AND_ORGANIZATION ( #355, #862 ) ;
#2037 = ADVANCED_FACE ( 'NONE', ( #946, #2329 ), #2057, .F. ) ;
#2038 = AXIS2_PLACEMENT_3D ( 'NONE', #1667, #2091, #2775 ) ;
#2039 = FACE_OUTER_BOUND ( 'NONE', #2234, .T. ) ;
#2040 = DIRECTION ( 'NONE',  ( 1.000000000000000000, 0.000000000000000000, 0.000000000000000000 ) ) ;
#2041 = AXIS2_PLACEMENT_3D ( 'NONE', #2416, #2655, #197 ) ;
#2042 = EDGE_CURVE ( 'NONE', #28, #974, #79, .T. ) ;
#2043 = ORIENTED_EDGE ( 'NONE', *, *, #931, .F. ) ;
#2044 = CIRCLE ( 'NONE', #2092, 2.549999999999998490 ) ;
#2045 = AXIS2_PLACEMENT_3D ( 'NONE', #1468, #2807, #1947 ) ;
#2046 = FACE_OUTER_BOUND ( 'NONE', #420, .T. ) ;
#2047 = ORIENTED_EDGE ( 'NONE', *, *, #2053, .F. ) ;
#2048 = ORIENTED_EDGE ( 'NONE', *, *, #716, .F. ) ;
#2049 = CARTESIAN_POINT ( 'NONE',  ( -1.800000000000000044, 0.000000000000000000, 0.000000000000000000 ) ) ;
#2050 = DIRECTION ( 'NONE',  ( 1.000000000000000000, 0.000000000000000000, 0.000000000000000000 ) ) ;
#2051 = EDGE_CURVE ( 'NONE', #1766, #1992, #1704, .T. ) ;
#2052 = CARTESIAN_POINT ( 'NONE',  ( 0.000000000000000000, 0.000000000000000000, 0.000000000000000000 ) ) ;
#2053 = EDGE_CURVE ( 'NONE', #2321, #1115, #2716, .T. ) ;
#2054 = DIRECTION ( 'NONE',  ( -1.943816407347898305E-16, -1.000000000000000000, 0.000000000000000000 ) ) ;
#2055 = CARTESIAN_POINT ( 'NONE',  ( -1.861250000000003180, 6.725607140067374407E-16, 0.000000000000000000 ) ) ;
#2056 = VERTEX_POINT ( 'NONE', #985 ) ;
#2057 = PLANE ( 'NONE',  #1529 ) ;
#2058 = DIRECTION ( 'NONE',  ( -1.000000000000000000, -1.836970198721029441E-16, -0.000000000000000000 ) ) ;
#2059 = EDGE_LOOP ( 'NONE', ( #2597, #58 ) ) ;
#2060 = APPLICATION_CONTEXT ( 'configuration controlled 3d designs of mechanical parts and assemblies' ) ;
#2061 = ORIENTED_EDGE ( 'NONE', *, *, #2576, .F. ) ;
#2062 = CARTESIAN_POINT ( 'NONE',  ( -1.818333333333336244, 6.646770502372262748E-16, 0.000000000000000000 ) ) ;
#2063 = DIRECTION ( 'NONE',  ( 1.000000000000000000, -1.836970198721029441E-16, -0.000000000000000000 ) ) ;
#2064 = AXIS2_PLACEMENT_3D ( 'NONE', #1122, #1764, #1315 ) ;
#2065 = CIRCLE ( 'NONE', #2433, 4.800000000000000711 ) ;
#2066 = DIRECTION ( 'NONE',  ( -1.000000000000000000, -1.836970198721029441E-16, -0.000000000000000000 ) ) ;
#2067 = CARTESIAN_POINT ( 'NONE',  ( -1.999999999999999556, 3.989374999999999893, 4.885575324348472338E-16 ) ) ;
#2068 = EDGE_CURVE ( 'NONE', #984, #1115, #2629, .T. ) ;
#2069 = ORIENTED_EDGE ( 'NONE', *, *, #347, .T. ) ;
#2070 = FACE_OUTER_BOUND ( 'NONE', #2289, .T. ) ;
#2071 = LINE ( 'NONE', #56, #630 ) ;
#2072 = EDGE_CURVE ( 'NONE', #1237, #2713, #870, .T. ) ;
#2073 = VERTEX_POINT ( 'NONE', #1824 ) ;
#2074 = ORIENTED_EDGE ( 'NONE', *, *, #1686, .T. ) ;
#2075 = AXIS2_PLACEMENT_3D ( 'NONE', #1933, #619, #1023 ) ;
#2076 = CARTESIAN_POINT ( 'NONE',  ( 1.909266000730701407, 3.740717967697246404, 4.581058285653422804E-16 ) ) ;
#2077 = CARTESIAN_POINT ( 'NONE',  ( -1.800000000000000711, 4.012999999999999012, 4.914507604978327522E-16 ) ) ;
#2078 = CIRCLE ( 'NONE', #809, 0.1999999999999996503 ) ;
#2079 = ADVANCED_FACE ( 'NONE', ( #1878 ), #1245, .F. ) ;
#2080 = DIRECTION ( 'NONE',  ( 1.739027932896416959E-16, -1.000000000000000000, 0.000000000000000000 ) ) ;
#2081 = CIRCLE ( 'NONE', #1849, 2.549999999999998490 ) ;
#2082 = ORIENTED_EDGE ( 'NONE', *, *, #2714, .F. ) ;
#2083 = VECTOR ( 'NONE', #2130, 1000.000000000000000 ) ;
#2084 = ADVANCED_FACE ( 'NONE', ( #1395 ), #1161, .F. ) ;
#2085 = DIRECTION ( 'NONE',  ( 1.760917118108675117E-16, -1.000000000000000000, 0.000000000000000000 ) ) ;
#2086 = CARTESIAN_POINT ( 'NONE',  ( 1.700000000000001510, 6.429395695523605139E-16, 0.000000000000000000 ) ) ;
#2087 = ORIENTED_EDGE ( 'NONE', *, *, #105, .F. ) ;
#2088 = CIRCLE ( 'NONE', #1900, 0.1075000000000001787 ) ;
#2089 = VERTEX_POINT ( 'NONE', #515 ) ;
#2090 = ADVANCED_FACE ( 'NONE', ( #498 ), #2502, .T. ) ;
#2091 = DIRECTION ( 'NONE',  ( -1.000000000000000000, -1.836970198721029441E-16, -0.000000000000000000 ) ) ;
#2092 = AXIS2_PLACEMENT_3D ( 'NONE', #287, #1390, #1180 ) ;
#2093 = CARTESIAN_POINT ( 'NONE',  ( 1.950000000000002842, 6.888638245203865889E-16, 0.000000000000000000 ) ) ;
#2094 = SECURITY_CLASSIFICATION_LEVEL ( 'unclassified' ) ;
#2095 = CARTESIAN_POINT ( 'NONE',  ( 1.862500000000002931, 6.727903352815775612E-16, 0.000000000000000000 ) ) ;
#2096 = CARTESIAN_POINT ( 'NONE',  ( -1.778333333333336430, -3.757500000000000284, 0.000000000000000000 ) ) ;
#2097 = ORIENTED_EDGE ( 'NONE', *, *, #2700, .T. ) ;
#2098 = DIRECTION ( 'NONE',  ( 1.000000000000000000, 1.836970198721029441E-16, 0.000000000000000000 ) ) ;
#2099 = DIRECTION ( 'NONE',  ( -1.000000000000000000, -1.836970198721029441E-16, -0.000000000000000000 ) ) ;
#2100 = VERTEX_POINT ( 'NONE', #2279 ) ;
#2101 = ORIENTED_EDGE ( 'NONE', *, *, #1264, .F. ) ;
#2102 = DIRECTION ( 'NONE',  ( 1.731260954068669217E-16, -1.000000000000000000, 0.000000000000000000 ) ) ;
#2103 = DIRECTION ( 'NONE',  ( -1.000000000000000000, -1.836970198721029441E-16, -0.000000000000000000 ) ) ;
#2104 = ADVANCED_FACE ( 'NONE', ( #2732, #2070 ), #1866, .T. ) ;
#2105 = CARTESIAN_POINT ( 'NONE',  ( 2.000000000000000888, 6.980486755139913108E-16, 0.000000000000000000 ) ) ;
#2106 = CARTESIAN_POINT ( 'NONE',  ( 1.985043223561840264, 6.953011602554079826E-16, 0.000000000000000000 ) ) ;
#2107 = CONICAL_SURFACE ( 'NONE', #898, 3.476763431606543886, 0.5235987755982952629 ) ;
#2108 = ORIENTED_EDGE ( 'NONE', *, *, #600, .F. ) ;
#2109 = DIRECTION ( 'NONE',  ( -0.5000000000000073275, 0.8660254037844343777, 1.060575238724901861E-16 ) ) ;
#2110 = EDGE_LOOP ( 'NONE', ( #462, #899 ) ) ;
#2111 = DIRECTION ( 'NONE',  ( -1.000000000000000000, -1.836970198721029441E-16, -0.000000000000000000 ) ) ;
#2112 = CARTESIAN_POINT ( 'NONE',  ( -1.905000000000003801, -3.424561344767315774, 0.000000000000000000 ) ) ;
#2113 = EDGE_CURVE ( 'NONE', #1765, #755, #969, .T. ) ;
#2114 = AXIS2_PLACEMENT_3D ( 'NONE', #2639, #1345, #2241 ) ;
#2115 = EDGE_CURVE ( 'NONE', #57, #331, #2584, .T. ) ;
#2116 = CIRCLE ( 'NONE', #1143, 2.612999999999995993 ) ;
#2117 = DIRECTION ( 'NONE',  ( 1.659704818194421781E-16, -1.000000000000000000, 0.000000000000000000 ) ) ;
#2118 = EDGE_CURVE ( 'NONE', #2565, #823, #2358, .T. ) ;
#2119 = LINE ( 'NONE', #1304, #1001 ) ;
#2120 = EDGE_CURVE ( 'NONE', #1766, #1353, #2322, .T. ) ;
#2121 = CARTESIAN_POINT ( 'NONE',  ( -1.950000000000002398, 3.346619058426717697, -4.146152203610428942E-16 ) ) ;
#2122 = VECTOR ( 'NONE', #1821, 1000.000000000000000 ) ;
#2123 = VECTOR ( 'NONE', #541, 1000.000000000000114 ) ;
#2124 = ORIENTED_EDGE ( 'NONE', *, *, #1065, .T. ) ;
#2125 = DIRECTION ( 'NONE',  ( 2.291898743474294649E-16, -1.000000000000000000, 0.000000000000000000 ) ) ;
#2126 = AXIS2_PLACEMENT_3D ( 'NONE', #2344, #787, #360 ) ;
#2127 = EDGE_CURVE ( 'NONE', #593, #1567, #1893, .T. ) ;
#2128 = ORIENTED_EDGE ( 'NONE', *, *, #2419, .T. ) ;
#2129 = CONICAL_SURFACE ( 'NONE', #1346, 3.552540654437682299, 0.5235987755982952629 ) ;
#2130 = DIRECTION ( 'NONE',  ( -1.000000000000000000, -1.836970198721029441E-16, -0.000000000000000000 ) ) ;
#2131 = AXIS2_PLACEMENT_3D ( 'NONE', #321, #770, #279 ) ;
#2132 = CARTESIAN_POINT ( 'NONE',  ( -1.999999999999999112, -1.700000000000000178, 0.000000000000000000 ) ) ;
#2133 = CIRCLE ( 'NONE', #2411, 1.499999999999999778 ) ;
#2134 = DIRECTION ( 'NONE',  ( 1.000000000000000000, -1.836970198721029441E-16, -0.000000000000000000 ) ) ;
#2135 = AXIS2_PLACEMENT_3D ( 'NONE', #1128, #1324, #2020 ) ;
#2136 = CARTESIAN_POINT ( 'NONE',  ( -1.585833333333337203, -3.569861162513372044, 0.000000000000000000 ) ) ;
#2137 = EDGE_CURVE ( 'NONE', #2363, #2208, #873, .T. ) ;
#2138 = CARTESIAN_POINT ( 'NONE',  ( 1.673333333333336004, 3.569861162513372044, 4.371819046072450272E-16 ) ) ;
#2139 = ORIENTED_EDGE ( 'NONE', *, *, #2364, .F. ) ;
#2140 = DIRECTION ( 'NONE',  ( -2.249639673992786138E-32, -1.224646799147353207E-16, -1.000000000000000000 ) ) ;
#2141 = DIRECTION ( 'NONE',  ( -1.760917118108675117E-16, 1.000000000000000000, 0.000000000000000000 ) ) ;
#2142 = VERTEX_POINT ( 'NONE', #575 ) ;
#2143 = DIRECTION ( 'NONE',  ( -1.000000000000000000, -1.836970198721029441E-16, -0.000000000000000000 ) ) ;
#2144 = ORIENTED_EDGE ( 'NONE', *, *, #1727, .F. ) ;
#2145 = DIRECTION ( 'NONE',  ( 1.659704818194421781E-16, -1.000000000000000000, 0.000000000000000000 ) ) ;
#2146 = ORIENTED_EDGE ( 'NONE', *, *, #1065, .F. ) ;
#2147 = VERTEX_POINT ( 'NONE', #2381 ) ;
#2148 = AXIS2_PLACEMENT_3D ( 'NONE', #856, #2611, #2642 ) ;
#2149 = CARTESIAN_POINT ( 'NONE',  ( -1.799999999999999378, -3.950000000000001954, 0.000000000000000000 ) ) ;
#2150 = ADVANCED_FACE ( 'NONE', ( #2564 ), #2773, .F. ) ;
#2151 = ORIENTED_EDGE ( 'NONE', *, *, #1448, .F. ) ;
#2152 = DIRECTION ( 'NONE',  ( -1.000000000000000000, -1.836970198721029441E-16, -0.000000000000000000 ) ) ;
#2153 = ADVANCED_FACE ( 'NONE', ( #2553, #806 ), #825, .F. ) ;
#2154 = CARTESIAN_POINT ( 'NONE',  ( 2.000000000000000888, 6.980486755139913108E-16, 0.000000000000000000 ) ) ;
#2155 = ORIENTED_EDGE ( 'NONE', *, *, #931, .T. ) ;
#2156 = FACE_OUTER_BOUND ( 'NONE', #629, .T. ) ;
#2157 = CONICAL_SURFACE ( 'NONE', #1087, 3.950000000000001066, 0.7853981633974482790 ) ;
#2158 = ORIENTED_EDGE ( 'NONE', *, *, #834, .F. ) ;
#2159 = CIRCLE ( 'NONE', #578, 2.612999999999995993 ) ;
#2160 = DIRECTION ( 'NONE',  ( -1.000000000000000000, -1.836970198721029441E-16, -0.000000000000000000 ) ) ;
#2161 = CIRCLE ( 'NONE', #2669, 0.1924999999999990885 ) ;
#2162 = EDGE_LOOP ( 'NONE', ( #614, #2101, #2851, #1606 ) ) ;
#2163 = DIRECTION ( 'NONE',  ( -1.739027932896416959E-16, -1.000000000000000000, 0.000000000000000000 ) ) ;
#2164 = DIRECTION ( 'NONE',  ( 1.822259392948775636E-16, -1.000000000000000000, 0.000000000000000000 ) ) ;
#2165 = AXIS2_PLACEMENT_3D ( 'NONE', #2052, #2709, #313 ) ;
#2166 = EDGE_LOOP ( 'NONE', ( #1827, #2097 ) ) ;
#2167 = EDGE_CURVE ( 'NONE', #2177, #853, #2409, .T. ) ;
#2168 = CIRCLE ( 'NONE', #2218, 3.495717967697244966 ) ;
#2169 = DIRECTION ( 'NONE',  ( 0.000000000000000000, 1.000000000000000000, -1.224646799147280484E-16 ) ) ;
#2170 = CARTESIAN_POINT ( 'NONE',  ( 1.673333333333336670, 6.380409823557714077E-16, 0.000000000000000000 ) ) ;
#2171 = ORIENTED_EDGE ( 'NONE', *, *, #1166, .T. ) ;
#2172 = AXIS2_PLACEMENT_3D ( 'NONE', #1228, #2111, #1842 ) ;
#2173 = ADVANCED_FACE ( 'NONE', ( #1673 ), #1532, .T. ) ;
#2174 = CARTESIAN_POINT ( 'NONE',  ( 1.778333333333335764, 8.673617379884035472E-16, 0.000000000000000000 ) ) ;
#2175 = AXIS2_PLACEMENT_3D ( 'NONE', #215, #1979, #432 ) ;
#2176 = CARTESIAN_POINT ( 'NONE',  ( -1.985043223561839376, 3.784467967697247026, -4.634636583116121206E-16 ) ) ;
#2177 = VERTEX_POINT ( 'NONE', #2138 ) ;
#2178 = CONICAL_SURFACE ( 'NONE', #81, 3.784467967697246138, 1.047197551196589416 ) ;
#2179 = CARTESIAN_POINT ( 'NONE',  ( 1.869266000730701371, -3.810000000000000497, 0.000000000000000000 ) ) ;
#2180 = ORIENTED_EDGE ( 'NONE', *, *, #336, .F. ) ;
#2181 = DIRECTION ( 'NONE',  ( -1.000000000000000000, -1.836970198721029441E-16, -0.000000000000000000 ) ) ;
#2182 = FACE_OUTER_BOUND ( 'NONE', #306, .T. ) ;
#2183 = ORIENTED_EDGE ( 'NONE', *, *, #2245, .F. ) ;
#2184 = CARTESIAN_POINT ( 'NONE',  ( -1.960624999999999174, -3.950000000000001066, 0.000000000000000000 ) ) ;
#2185 = CARTESIAN_POINT ( 'NONE',  ( 1.869266000730700705, 6.740332294522592025E-16, 0.000000000000000000 ) ) ;
#2186 = ORIENTED_EDGE ( 'NONE', *, *, #2784, .T. ) ;
#2187 = AXIS2_PLACEMENT_3D ( 'NONE', #1605, #1637, #41 ) ;
#2188 = DIRECTION ( 'NONE',  ( 1.700709290173340903E-16, -1.000000000000000000, 0.000000000000000000 ) ) ;
#2189 = CARTESIAN_POINT ( 'NONE',  ( -1.800000000000000044, 0.000000000000000000, 0.000000000000000000 ) ) ;
#2190 = EDGE_CURVE ( 'NONE', #577, #1134, #2863, .T. ) ;
#2191 = ORIENTED_EDGE ( 'NONE', *, *, #2514, .F. ) ;
#2192 = DIRECTION ( 'NONE',  ( -1.731260954068669217E-16, -1.000000000000000000, 0.000000000000000000 ) ) ;
#2193 = ORIENTED_EDGE ( 'NONE', *, *, #1802, .T. ) ;
#2194 = DIRECTION ( 'NONE',  ( 2.551063935260009998E-16, -1.000000000000000000, 0.000000000000000000 ) ) ;
#2195 = DIRECTION ( 'NONE',  ( -1.000000000000000000, -1.836970198721029441E-16, -0.000000000000000000 ) ) ;
#2196 = ORIENTED_EDGE ( 'NONE', *, *, #930, .F. ) ;
#2197 = CARTESIAN_POINT ( 'NONE',  ( -1.799999999999999600, -2.549999999999998490, 0.000000000000000000 ) ) ;
#2198 = AXIS2_PLACEMENT_3D ( 'NONE', #1214, #2304, #1422 ) ;
#2199 = ORIENTED_EDGE ( 'NONE', *, *, #1432, .T. ) ;
#2200 = EDGE_LOOP ( 'NONE', ( #1095, #375, #2158, #2043 ) ) ;
#2201 = MANIFOLD_SOLID_BREP ( 'Revolve-Thin1', #151 ) ;
#2202 = DIRECTION ( 'NONE',  ( 1.760917118108675117E-16, -1.000000000000000000, 0.000000000000000000 ) ) ;
#2203 = CARTESIAN_POINT ( 'NONE',  ( 1.818333333333335577, 3.583217967697245765, 4.484617350220569230E-16 ) ) ;
#2204 = VERTEX_POINT ( 'NONE', #1725 ) ;
#2205 = EDGE_CURVE ( 'NONE', #1814, #713, #1946, .T. ) ;
#2206 = EDGE_CURVE ( 'NONE', #2634, #2412, #2088, .T. ) ;
#2207 = CYLINDRICAL_SURFACE ( 'NONE', #643, 1.500000000000000000 ) ;
#2208 = VERTEX_POINT ( 'NONE', #1267 ) ;
#2209 = CARTESIAN_POINT ( 'NONE',  ( 1.700000000000001510, 6.429395695523605139E-16, 0.000000000000000000 ) ) ;
#2210 = EDGE_CURVE ( 'NONE', #2, #1765, #136, .T. ) ;
#2211 = DIRECTION ( 'NONE',  ( 1.000000000000000000, -1.836970198721029441E-16, -0.000000000000000000 ) ) ;
#2212 = TOROIDAL_SURFACE ( 'NONE', #2758, 3.346619058426716808, 0.09000000000000017708 ) ;
#2213 = ORIENTED_EDGE ( 'NONE', *, *, #1571, .F. ) ;
#2214 = CARTESIAN_POINT ( 'NONE',  ( -1.699999999999999512, 1.836970198721039918E-17, 0.000000000000000000 ) ) ;
#2215 = DIRECTION ( 'NONE',  ( -1.000000000000000000, -1.836970198721029441E-16, -0.000000000000000000 ) ) ;
#2216 = VERTEX_POINT ( 'NONE', #1057 ) ;
#2217 = ORIENTED_EDGE ( 'NONE', *, *, #2543, .T. ) ;
#2218 = AXIS2_PLACEMENT_3D ( 'NONE', #908, #1160, #421 ) ;
#2219 = FACE_BOUND ( 'NONE', #2294, .T. ) ;
#2220 = CIRCLE ( 'NONE', #964, 3.583217967697244877 ) ;
#2221 = DIRECTION ( 'NONE',  ( 1.836970198721029194E-16, -1.000000000000000000, 0.000000000000000000 ) ) ;
#2222 = AXIS2_PLACEMENT_3D ( 'NONE', #139, #1331, #25 ) ;
#2223 = DIRECTION ( 'NONE',  ( -1.000000000000000000, 1.836970198721029441E-16, 0.000000000000000000 ) ) ;
#2224 = AXIS2_PLACEMENT_3D ( 'NONE', #1608, #2753, #43 ) ;
#2225 = ORIENTED_EDGE ( 'NONE', *, *, #1451, .F. ) ;
#2226 = DIRECTION ( 'NONE',  ( -1.000000000000000000, -1.836970198721029441E-16, -0.000000000000000000 ) ) ;
#2227 = AXIS2_PLACEMENT_3D ( 'NONE', #299, #1195, #2080 ) ;
#2228 = CARTESIAN_POINT ( 'NONE',  ( 1.945043223561839785, -3.853750000000000231, 0.000000000000000000 ) ) ;
#2229 = ADVANCED_FACE ( 'NONE', ( #2826 ), #2178, .T. ) ;
#2230 = AXIS2_PLACEMENT_3D ( 'NONE', #1292, #175, #2867 ) ;
#2231 = ORIENTED_EDGE ( 'NONE', *, *, #2473, .T. ) ;
#2232 = CARTESIAN_POINT ( 'NONE',  ( -1.585833333333336759, 6.219674931169624787E-16, 0.000000000000000000 ) ) ;
#2233 = CARTESIAN_POINT ( 'NONE',  ( -1.800000000000000044, 0.000000000000000000, 0.000000000000000000 ) ) ;
#2234 = EDGE_LOOP ( 'NONE', ( #239, #108, #246, #2604 ) ) ;
#2235 = ORIENTED_EDGE ( 'NONE', *, *, #2072, .F. ) ;
#2236 = DIRECTION ( 'NONE',  ( -1.700709290173341396E-16, -1.000000000000000000, 0.000000000000000000 ) ) ;
#2237 = DIRECTION ( 'NONE',  ( 2.551063935260010491E-16, -1.000000000000000000, 0.000000000000000000 ) ) ;
#2238 = AXIS2_PLACEMENT_3D ( 'NONE', #2461, #1592, #5 ) ;
#2239 = DIRECTION ( 'NONE',  ( -1.000000000000000000, 1.836970198721029441E-16, 0.000000000000000000 ) ) ;
#2240 = VERTEX_POINT ( 'NONE', #2811 ) ;
#2241 = DIRECTION ( 'NONE',  ( 1.000000000000000000, 0.000000000000000000, 0.000000000000000000 ) ) ;
#2242 = FACE_OUTER_BOUND ( 'NONE', #2615, .T. ) ;
#2243 = FACE_OUTER_BOUND ( 'NONE', #1895, .T. ) ;
#2244 = ORIENTED_EDGE ( 'NONE', *, *, #2769, .F. ) ;
#2245 = EDGE_CURVE ( 'NONE', #368, #2628, #2278, .T. ) ;
#2246 = DIRECTION ( 'NONE',  ( -1.000000000000000000, -1.836970198721029441E-16, -0.000000000000000000 ) ) ;
#2247 = CARTESIAN_POINT ( 'NONE',  ( 1.800000000000000933, 1.500000000000000666, 1.836970198721030427E-16 ) ) ;
#2248 = EDGE_LOOP ( 'NONE', ( #1256, #726, #2277, #2074 ) ) ;
#2249 = ORIENTED_EDGE ( 'NONE', *, *, #1956, .F. ) ;
#2250 = ADVANCED_FACE ( 'NONE', ( #620 ), #1401, .T. ) ;
#2251 = CARTESIAN_POINT ( 'NONE',  ( -1.800000000000000044, 0.000000000000000000, 0.000000000000000000 ) ) ;
#2252 = DIRECTION ( 'NONE',  ( 1.621034895318471915E-16, -1.000000000000000000, 0.000000000000000000 ) ) ;
#2253 = ADVANCED_FACE ( 'NONE', ( #1684 ), #2631, .T. ) ;
#2254 = APPROVAL_STATUS ( 'not_yet_approved' ) ;
#2255 = CARTESIAN_POINT ( 'NONE',  ( 1.818333333333336244, 8.673617379884035472E-16, 0.000000000000000000 ) ) ;
#2256 = ADVANCED_FACE ( 'NONE', ( #400 ), #21, .F. ) ;
#2257 = FACE_OUTER_BOUND ( 'NONE', #816, .T. ) ;
#2258 = DIRECTION ( 'NONE',  ( 1.000000000000000000, 1.836970198721029441E-16, 0.000000000000000000 ) ) ;
#2259 = CLOSED_SHELL ( 'NONE', ( #1403, #486, #481, #2084, #2150, #2855, #286, #445, #1127, #1973, #1217, #2337, #2079, #2802, #1406, #741, #2250, #1464, #232, #1914, #1009, #534, #210, #50, #2348, #831, #2552, #2842, #1497, #2104, #2256 ) ) ;
#2260 = ORIENTED_EDGE ( 'NONE', *, *, #834, .T. ) ;
#2261 = VECTOR ( 'NONE', #309, 1000.000000000000000 ) ;
#2262 = CARTESIAN_POINT ( 'NONE',  ( 2.000000000000000888, 1.700000000000000622, 2.081899558550500526E-16 ) ) ;
#2263 = DIRECTION ( 'NONE',  ( 0.000000000000000000, -1.000000000000000000, -1.224646799147343346E-16 ) ) ;
#2264 = VERTEX_POINT ( 'NONE', #1070 ) ;
#2265 = EDGE_CURVE ( 'NONE', #1567, #2293, #1481, .T. ) ;
#2266 = ORIENTED_EDGE ( 'NONE', *, *, #2555, .T. ) ;
#2267 = FACE_OUTER_BOUND ( 'NONE', #1485, .T. ) ;
#2268 = DIRECTION ( 'NONE',  ( -1.836970198721029441E-16, 1.000000000000000000, 0.000000000000000000 ) ) ;
#2269 = TOROIDAL_SURFACE ( 'NONE', #2622, 4.800000000000000711, 0.1999999999999996503 ) ;
#2270 = EDGE_CURVE ( 'NONE', #485, #2240, #2640, .T. ) ;
#2271 = AXIS2_PLACEMENT_3D ( 'NONE', #101, #2308, #2737 ) ;
#2272 = PERSON_AND_ORGANIZATION_ROLE ( 'design_owner' ) ;
#2273 = AXIS2_PLACEMENT_3D ( 'NONE', #2517, #745, #98 ) ;
#2274 = DIRECTION ( 'NONE',  ( 1.621034895318471915E-16, -1.000000000000000000, 0.000000000000000000 ) ) ;
#2275 = CIRCLE ( 'NONE', #2582, 5.000000000000000000 ) ;
#2276 = DIRECTION ( 'NONE',  ( 0.000000000000000000, 0.000000000000000000, -1.000000000000000000 ) ) ;
#2277 = ORIENTED_EDGE ( 'NONE', *, *, #1025, .T. ) ;
#2278 = CIRCLE ( 'NONE', #2635, 2.549999999999998490 ) ;
#2279 = CARTESIAN_POINT ( 'NONE',  ( 1.909266000730702739, -3.740717967697244628, 0.000000000000000000 ) ) ;
#2280 = AXIS2_PLACEMENT_3D ( 'NONE', #848, #413, #1573 ) ;
#2281 = CARTESIAN_POINT ( 'NONE',  ( -1.869266000730700039, 3.810000000000002274, -4.665904304751417467E-16 ) ) ;
#2282 = ORIENTED_EDGE ( 'NONE', *, *, #1949, .F. ) ;
#2283 = ORIENTED_EDGE ( 'NONE', *, *, #617, .T. ) ;
#2284 = FACE_OUTER_BOUND ( 'NONE', #1734, .T. ) ;
#2285 = CARTESIAN_POINT ( 'NONE',  ( -1.818333333333336910, -3.688217967697243971, 0.000000000000000000 ) ) ;
#2286 = EDGE_CURVE ( 'NONE', #1981, #503, #221, .T. ) ;
#2287 = DIRECTION ( 'NONE',  ( -1.871054261493740936E-16, -1.000000000000000000, 0.000000000000000000 ) ) ;
#2288 = DIRECTION ( 'NONE',  ( -1.942559686753377530E-16, -1.000000000000000000, 0.000000000000000000 ) ) ;
#2289 = EDGE_LOOP ( 'NONE', ( #2199, #427 ) ) ;
#2290 = DIRECTION ( 'NONE',  ( -1.000000000000000000, -1.836970198721029441E-16, -0.000000000000000000 ) ) ;
#2291 = CC_DESIGN_DATE_AND_TIME_ASSIGNMENT ( #2804, #1691, ( #2494 ) ) ;
#2292 = DIRECTION ( 'NONE',  ( 0.000000000000000000, 1.000000000000000000, -1.224646799147353947E-16 ) ) ;
#2293 = VERTEX_POINT ( 'NONE', #2228 ) ;
#2294 = EDGE_LOOP ( 'NONE', ( #2516, #45 ) ) ;
#2295 = CARTESIAN_POINT ( 'NONE',  ( -1.909266000730701407, 3.740717967697246404, -4.581058285653422804E-16 ) ) ;
#2296 = DIRECTION ( 'NONE',  ( 0.8660254037844403729, -0.4999999999999970579, 0.000000000000000000 ) ) ;
#2297 = CIRCLE ( 'NONE', #1648, 0.1074999999999999567 ) ;
#2298 = ADVANCED_FACE ( 'NONE', ( #2667, #2182 ), #2853, .T. ) ;
#2299 = DIRECTION ( 'NONE',  ( 0.5000000000000086597, -0.8660254037844337116, 0.000000000000000000 ) ) ;
#2300 = EDGE_CURVE ( 'NONE', #2554, #2002, #651, .T. ) ;
#2301 = ORIENTED_EDGE ( 'NONE', *, *, #822, .F. ) ;
#2302 = DIRECTION ( 'NONE',  ( 1.734723475976807341E-16, -1.000000000000000000, 0.000000000000000000 ) ) ;
#2303 = CIRCLE ( 'NONE', #1510, 3.583217967697244877 ) ;
#2304 = DIRECTION ( 'NONE',  ( 0.000000000000000000, 0.000000000000000000, -1.000000000000000000 ) ) ;
#2305 = ORIENTED_EDGE ( 'NONE', *, *, #2423, .T. ) ;
#2306 = ORIENTED_EDGE ( 'NONE', *, *, #1561, .T. ) ;
#2307 = AXIS2_PLACEMENT_3D ( 'NONE', #2779, #2832, #1246 ) ;
#2308 = DIRECTION ( 'NONE',  ( -1.000000000000000000, -1.836970198721029441E-16, -0.000000000000000000 ) ) ;
#2309 = DIRECTION ( 'NONE',  ( 1.707404996040163772E-16, -1.000000000000000000, 0.000000000000000000 ) ) ;
#2310 = TOROIDAL_SURFACE ( 'NONE', #2533, 3.569861162513371156, 0.1075000000000000677 ) ;
#2311 = TOROIDAL_SURFACE ( 'NONE', #817, 3.569861162513371156, 0.1075000000000000677 ) ;
#2312 = FACE_OUTER_BOUND ( 'NONE', #484, .T. ) ;
#2313 = CIRCLE ( 'NONE', #2676, 2.549999999999998490 ) ;
#2314 = DIRECTION ( 'NONE',  ( -1.000000000000000000, 1.836970198721029441E-16, 0.000000000000000000 ) ) ;
#2315 = CIRCLE ( 'NONE', #1051, 3.757500000000001172 ) ;
#2316 = ORIENTED_EDGE ( 'NONE', *, *, #1690, .F. ) ;
#2317 = AXIS2_PLACEMENT_3D ( 'NONE', #810, #1701, #1763 ) ;
#2318 = CARTESIAN_POINT ( 'NONE',  ( -1.999999999999998668, -3.673940397442039160E-17, 0.000000000000000000 ) ) ;
#2319 = ADVANCED_FACE ( 'NONE', ( #666, #180 ), #888, .T. ) ;
#2320 = LINE ( 'NONE', #2527, #2123 ) ;
#2321 = VERTEX_POINT ( 'NONE', #429 ) ;
#2322 = CIRCLE ( 'NONE', #457, 2.549999999999998934 ) ;
#2323 = EDGE_LOOP ( 'NONE', ( #134, #1685, #997, #1050 ) ) ;
#2324 = AXIS2_PLACEMENT_3D ( 'NONE', #1495, #379, #2339 ) ;
#2325 = CARTESIAN_POINT ( 'NONE',  ( 1.869266000730700705, 6.740332294522592025E-16, 0.000000000000000000 ) ) ;
#2326 = FACE_OUTER_BOUND ( 'NONE', #1369, .T. ) ;
#2327 = DIRECTION ( 'NONE',  ( -1.000000000000000000, -1.836970198721029441E-16, -0.000000000000000000 ) ) ;
#2328 = ORIENTED_EDGE ( 'NONE', *, *, #357, .T. ) ;
#2329 = FACE_OUTER_BOUND ( 'NONE', #1920, .T. ) ;
#2330 = ORIENTED_EDGE ( 'NONE', *, *, #1310, .F. ) ;
#2331 = EDGE_CURVE ( 'NONE', #2373, #984, #635, .T. ) ;
#2332 = DIRECTION ( 'NONE',  ( -1.000000000000000000, -1.836970198721029441E-16, -0.000000000000000000 ) ) ;
#2333 = DIRECTION ( 'NONE',  ( -1.000000000000000000, -1.836970198721029441E-16, -0.000000000000000000 ) ) ;
#2334 = ADVANCED_FACE ( 'NONE', ( #1117, #2840 ), #2009, .F. ) ;
#2335 = CALENDAR_DATE ( 2026, 6, 5 ) ;
#2336 = FACE_OUTER_BOUND ( 'NONE', #2568, .T. ) ;
#2337 = ADVANCED_FACE ( 'NONE', ( #1759 ), #927, .F. ) ;
#2338 = CARTESIAN_POINT ( 'NONE',  ( 1.800000000000000711, 5.000000000000000000, 6.123233995736766282E-16 ) ) ;
#2339 = DIRECTION ( 'NONE',  ( 1.836970198721029441E-16, -1.000000000000000000, 0.000000000000000000 ) ) ;
#2340 = AXIS2_PLACEMENT_3D ( 'NONE', #9, #2673, #687 ) ;
#2341 = DIRECTION ( 'NONE',  ( 1.836970198721029441E-16, -1.000000000000000000, 0.000000000000000000 ) ) ;
#2342 = CARTESIAN_POINT ( 'NONE',  ( -1.905000000000003135, 6.805974586261419545E-16, 0.000000000000000000 ) ) ;
#2343 = ORIENTED_EDGE ( 'NONE', *, *, #369, .F. ) ;
#2344 = CARTESIAN_POINT ( 'NONE',  ( 1.800000000000000711, 4.800000000000001599, 5.878304635907295197E-16 ) ) ;
#2345 = CARTESIAN_POINT ( 'NONE',  ( 1.985043223561840264, 6.953011602554079826E-16, 0.000000000000000000 ) ) ;
#2346 = AXIS2_PLACEMENT_3D ( 'NONE', #645, #1094, #2221 ) ;
#2347 = DIRECTION ( 'NONE',  ( -2.249639673992786138E-32, -1.224646799147353207E-16, -1.000000000000000000 ) ) ;
#2348 = ADVANCED_FACE ( 'NONE', ( #2242 ), #590, .F. ) ;
#2349 = CC_DESIGN_APPROVAL ( #277, ( #1698 ) ) ;
#2350 = CARTESIAN_POINT ( 'NONE',  ( -1.799999999999999378, 1.700000000000000178, 2.081899558550500526E-16 ) ) ;
#2351 = CIRCLE ( 'NONE', #2766, 3.989374999999999893 ) ;
#2352 = CIRCLE ( 'NONE', #500, 3.950000000000001066 ) ;
#2353 = ORIENTED_EDGE ( 'NONE', *, *, #2120, .F. ) ;
#2354 = DIRECTION ( 'NONE',  ( -1.000000000000000000, -1.836970198721029441E-16, -0.000000000000000000 ) ) ;
#2355 = VECTOR ( 'NONE', #735, 1000.000000000000000 ) ;
#2356 = ORIENTED_EDGE ( 'NONE', *, *, #1959, .T. ) ;
#2357 = CIRCLE ( 'NONE', #1753, 3.346619058426716808 ) ;
#2358 = CIRCLE ( 'NONE', #354, 3.757500000000001172 ) ;
#2359 = DIRECTION ( 'NONE',  ( -1.000000000000000000, -1.836970198721029441E-16, -0.000000000000000000 ) ) ;
#2360 = ORIENTED_EDGE ( 'NONE', *, *, #1482, .T. ) ;
#2361 = EDGE_CURVE ( 'NONE', #866, #1954, #2688, .T. ) ;
#2362 = DIRECTION ( 'NONE',  ( 2.249639673992786138E-32, -1.224646799147353207E-16, 1.000000000000000000 ) ) ;
#2363 = VERTEX_POINT ( 'NONE', #1533 ) ;
#2364 = EDGE_CURVE ( 'NONE', #853, #28, #167, .T. ) ;
#2365 = DIRECTION ( 'NONE',  ( 1.871054261493740936E-16, -1.000000000000000000, 0.000000000000000000 ) ) ;
#2366 = ORIENTED_EDGE ( 'NONE', *, *, #1863, .F. ) ;
#2367 = ORIENTED_EDGE ( 'NONE', *, *, #2190, .F. ) ;
#2368 = DIRECTION ( 'NONE',  ( -1.000000000000000000, -1.836970198721029441E-16, -0.000000000000000000 ) ) ;
#2369 = ORIENTED_EDGE ( 'NONE', *, *, #2500, .T. ) ;
#2370 = EDGE_CURVE ( 'NONE', #2412, #2002, #552, .T. ) ;
#2371 = FACE_OUTER_BOUND ( 'NONE', #46, .T. ) ;
#2372 = CARTESIAN_POINT ( 'NONE',  ( -1.799999999999998712, -4.800000000000000711, 0.000000000000000000 ) ) ;
#2373 = VERTEX_POINT ( 'NONE', #766 ) ;
#2374 = DIRECTION ( 'NONE',  ( 0.000000000000000000, 1.000000000000000000, -1.224646799147353700E-16 ) ) ;
#2375 = ORIENTED_EDGE ( 'NONE', *, *, #1921, .T. ) ;
#2376 = CARTESIAN_POINT ( 'NONE',  ( 2.000000000000000444, 1.700000000000000622, 0.000000000000000000 ) ) ;
#2377 = EDGE_CURVE ( 'NONE', #1968, #1295, #955, .T. ) ;
#2378 = ORIENTED_EDGE ( 'NONE', *, *, #1083, .F. ) ;
#2379 = DIRECTION ( 'NONE',  ( 1.000000000000000000, -1.836970198721029441E-16, -0.000000000000000000 ) ) ;
#2380 = TOROIDAL_SURFACE ( 'NONE', #2559, 2.598266129032255289, 0.1354536290322572722 ) ;
#2381 = CARTESIAN_POINT ( 'NONE',  ( -1.789062499999999778, 2.462812499999998295, 3.069462391425418949E-16 ) ) ;
#2382 = EDGE_CURVE ( 'NONE', #1329, #690, #2044, .T. ) ;
#2383 = ADVANCED_FACE ( 'NONE', ( #63 ), #96, .F. ) ;
#2384 = ORIENTED_EDGE ( 'NONE', *, *, #408, .F. ) ;
#2385 = CARTESIAN_POINT ( 'NONE',  ( -1.860000000000002318, 3.346619058426717697, -4.098426317867807868E-16 ) ) ;
#2386 = DIRECTION ( 'NONE',  ( 2.249639673992786138E-32, -1.224646799147353207E-16, 1.000000000000000000 ) ) ;
#2387 = ORIENTED_EDGE ( 'NONE', *, *, #813, .T. ) ;
#2388 = FACE_OUTER_BOUND ( 'NONE', #1153, .T. ) ;
#2389 = DIRECTION ( 'NONE',  ( -1.000000000000000000, -1.836970198721029441E-16, -0.000000000000000000 ) ) ;
#2390 = CONICAL_SURFACE ( 'NONE', #1233, 3.552540654437682299, 0.5235987755982952629 ) ;
#2391 = ORIENTED_EDGE ( 'NONE', *, *, #875, .F. ) ;
#2392 = AXIS2_PLACEMENT_3D ( 'NONE', #202, #1588, #2647 ) ;
#2393 = DIRECTION ( 'NONE',  ( 1.700709290173341396E-16, -1.000000000000000000, 0.000000000000000000 ) ) ;
#2394 = CIRCLE ( 'NONE', #1658, 2.549999999999998934 ) ;
#2395 = ORIENTED_EDGE ( 'NONE', *, *, #2467, .T. ) ;
#2396 = ORIENTED_EDGE ( 'NONE', *, *, #584, .F. ) ;
#2397 = CARTESIAN_POINT ( 'NONE',  ( 1.673333333333336670, 6.380409823557714077E-16, 0.000000000000000000 ) ) ;
#2398 = ORIENTED_EDGE ( 'NONE', *, *, #133, .T. ) ;
#2399 = CIRCLE ( 'NONE', #1152, 0.002500000000000114977 ) ;
#2400 = ADVANCED_FACE ( 'NONE', ( #941 ), #83, .F. ) ;
#2401 = DIRECTION ( 'NONE',  ( -1.000000000000000000, -1.836970198721029441E-16, -0.000000000000000000 ) ) ;
#2402 = DIRECTION ( 'NONE',  ( -1.000000000000000000, -1.836970198721029441E-16, -0.000000000000000000 ) ) ;
#2403 = ORIENTED_EDGE ( 'NONE', *, *, #584, .T. ) ;
#2404 = CIRCLE ( 'NONE', #349, 3.757500000000001172 ) ;
#2405 = CARTESIAN_POINT ( 'NONE',  ( -1.869266000730701371, -3.810000000000000497, 0.000000000000000000 ) ) ;
#2406 = TOROIDAL_SURFACE ( 'NONE', #1158, 3.757500000000001172, 0.1924999999999991440 ) ;
#2407 = CARTESIAN_POINT ( 'NONE',  ( 1.585833333333336759, 6.219674931169624787E-16, 0.000000000000000000 ) ) ;
#2408 = VERTEX_POINT ( 'NONE', #1211 ) ;
#2409 = CIRCLE ( 'NONE', #1348, 3.569861162513371600 ) ;
#2410 = PLANE ( 'NONE',  #1713 ) ;
#2411 = AXIS2_PLACEMENT_3D ( 'NONE', #1011, #107, #1052 ) ;
#2412 = VERTEX_POINT ( 'NONE', #2727 ) ;
#2413 = FACE_OUTER_BOUND ( 'NONE', #1224, .T. ) ;
#2414 = CARTESIAN_POINT ( 'NONE',  ( -1.800000000000000266, 1.500000000000000000, 1.836970198721029934E-16 ) ) ;
#2415 = ORIENTED_EDGE ( 'NONE', *, *, #1984, .F. ) ;
#2416 = CARTESIAN_POINT ( 'NONE',  ( -1.862500000000002931, 6.727903352815775612E-16, 0.000000000000000000 ) ) ;
#2417 = DIRECTION ( 'NONE',  ( -2.249639673992786138E-32, -1.224646799147353207E-16, -1.000000000000000000 ) ) ;
#2418 = ORIENTED_EDGE ( 'NONE', *, *, #105, .T. ) ;
#2419 = EDGE_CURVE ( 'NONE', #1115, #984, #2687, .T. ) ;
#2420 = CARTESIAN_POINT ( 'NONE',  ( -1.860000000000002984, 8.673617379884035472E-16, 0.000000000000000000 ) ) ;
#2421 = CARTESIAN_POINT ( 'NONE',  ( 1.789062500000001110, 8.673617379884035472E-16, 0.000000000000000000 ) ) ;
#2422 = ORIENTED_EDGE ( 'NONE', *, *, #1871, .T. ) ;
#2423 = EDGE_CURVE ( 'NONE', #1765, #1951, #1150, .T. ) ;
#2424 = DIRECTION ( 'NONE',  ( -1.860909002106438262E-16, -1.000000000000000000, 0.000000000000000000 ) ) ;
#2425 = ORIENTED_EDGE ( 'NONE', *, *, #822, .T. ) ;
#2426 = ADVANCED_FACE ( 'NONE', ( #2257 ), #1058, .F. ) ;
#2427 = DIRECTION ( 'NONE',  ( 0.000000000000000000, 0.000000000000000000, -1.000000000000000000 ) ) ;
#2428 = CARTESIAN_POINT ( 'NONE',  ( 1.693333333333337354, -3.569861162513371156, 0.000000000000000000 ) ) ;
#2429 = EDGE_LOOP ( 'NONE', ( #893, #1306, #2827, #1520 ) ) ;
#2430 = CIRCLE ( 'NONE', #1078, 3.810000000000001386 ) ;
#2431 = DIRECTION ( 'NONE',  ( 1.836970198721029441E-16, -1.000000000000000000, 0.000000000000000000 ) ) ;
#2432 = DIRECTION ( 'NONE',  ( -1.000000000000000000, -1.836970198721029441E-16, -0.000000000000000000 ) ) ;
#2433 = AXIS2_PLACEMENT_3D ( 'NONE', #280, #1626, #2703 ) ;
#2434 = ORIENTED_EDGE ( 'NONE', *, *, #1819, .T. ) ;
#2435 = EDGE_LOOP ( 'NONE', ( #1196, #731 ) ) ;
#2436 = DIRECTION ( 'NONE',  ( 2.174179509292567388E-16, -1.000000000000000000, 0.000000000000000000 ) ) ;
#2437 = FACE_OUTER_BOUND ( 'NONE', #230, .T. ) ;
#2438 = EDGE_CURVE ( 'NONE', #1981, #1414, #2866, .T. ) ;
#2439 = DIRECTION ( 'NONE',  ( 0.000000000000000000, -1.000000000000000000, -1.224646799147350742E-16 ) ) ;
#2440 = ORIENTED_EDGE ( 'NONE', *, *, #910, .T. ) ;
#2441 = DIRECTION ( 'NONE',  ( 1.836970198721029441E-16, -1.000000000000000000, 0.000000000000000000 ) ) ;
#2442 = DIRECTION ( 'NONE',  ( -1.000000000000000000, -1.836970198721029441E-16, 0.000000000000000000 ) ) ;
#2443 = TOROIDAL_SURFACE ( 'NONE', #2488, 3.757500000000001172, 0.1924999999999991440 ) ;
#2444 = ORIENTED_EDGE ( 'NONE', *, *, #2834, .T. ) ;
#2445 = CARTESIAN_POINT ( 'NONE',  ( -1.999999999999997780, -3.989374999999999893, 0.000000000000000000 ) ) ;
#2446 = CARTESIAN_POINT ( 'NONE',  ( -1.662499999999999423, 2.525834023241424880E-17, 0.000000000000000000 ) ) ;
#2447 = ORIENTED_EDGE ( 'NONE', *, *, #1907, .T. ) ;
#2448 = VERTEX_POINT ( 'NONE', #316 ) ;
#2449 = AXIS2_PLACEMENT_3D ( 'NONE', #2846, #1749, #612 ) ;
#2450 = CIRCLE ( 'NONE', #1389, 3.346619058426716808 ) ;
#2451 = DIRECTION ( 'NONE',  ( -2.195852501236464052E-16, 1.000000000000000000, 0.000000000000000000 ) ) ;
#2452 = AXIS2_PLACEMENT_3D ( 'NONE', #327, #283, #2531 ) ;
#2453 = AXIS2_PLACEMENT_3D ( 'NONE', #1582, #1596, #1088 ) ;
#2454 = CARTESIAN_POINT ( 'NONE',  ( -1.800000000000000044, 0.000000000000000000, 0.000000000000000000 ) ) ;
#2455 = AXIS2_PLACEMENT_3D ( 'NONE', #109, #1909, #591 ) ;
#2456 = ORIENTED_EDGE ( 'NONE', *, *, #2549, .T. ) ;
#2457 = EDGE_CURVE ( 'NONE', #861, #755, #524, .T. ) ;
#2458 = DIRECTION ( 'NONE',  ( 1.000000000000000000, 1.836970198721029441E-16, 0.000000000000000000 ) ) ;
#2459 = CIRCLE ( 'NONE', #2776, 3.348784121936178249 ) ;
#2460 = DIRECTION ( 'NONE',  ( -1.000000000000000000, -1.836970198721029441E-16, 0.000000000000000000 ) ) ;
#2461 = CARTESIAN_POINT ( 'NONE',  ( -1.800000000000000044, 0.000000000000000000, 0.000000000000000000 ) ) ;
#2462 = ORIENTED_EDGE ( 'NONE', *, *, #1307, .T. ) ;
#2463 = CARTESIAN_POINT ( 'NONE',  ( 1.639583333333337167, 6.318412079350880552E-16, 0.000000000000000000 ) ) ;
#2464 = LINE ( 'NONE', #2197, #1603 ) ;
#2465 = ORIENTED_EDGE ( 'NONE', *, *, #2068, .T. ) ;
#2466 = ORIENTED_EDGE ( 'NONE', *, *, #2370, .T. ) ;
#2467 = EDGE_CURVE ( 'NONE', #2147, #2321, #459, .T. ) ;
#2468 = CARTESIAN_POINT ( 'NONE',  ( -1.999999999999998668, -3.673940397442039160E-17, 0.000000000000000000 ) ) ;
#2469 = CARTESIAN_POINT ( 'NONE',  ( -1.800000000000000044, 0.000000000000000000, 0.000000000000000000 ) ) ;
#2470 = DATE_AND_TIME ( #1589, #1149 ) ;
#2471 = CARTESIAN_POINT ( 'NONE',  ( -1.662499999999999645, 2.525834023241420566E-17, 0.000000000000000000 ) ) ;
#2472 = DIRECTION ( 'NONE',  ( -1.000000000000000000, -1.836970198721029441E-16, -0.000000000000000000 ) ) ;
#2473 = EDGE_CURVE ( 'NONE', #2089, #2554, #2459, .T. ) ;
#2474 = FACE_OUTER_BOUND ( 'NONE', #2813, .T. ) ;
#2475 = VERTEX_POINT ( 'NONE', #1375 ) ;
#2476 = DIRECTION ( 'NONE',  ( -1.000000000000000000, -1.836970198721029441E-16, -0.000000000000000000 ) ) ;
#2477 = EDGE_CURVE ( 'NONE', #1610, #2100, #1760, .T. ) ;
#2478 = DIRECTION ( 'NONE',  ( 1.646889375927348039E-16, -1.000000000000000000, 0.000000000000000000 ) ) ;
#2479 = ORIENTED_EDGE ( 'NONE', *, *, #2042, .T. ) ;
#2480 = ORIENTED_EDGE ( 'NONE', *, *, #1232, .F. ) ;
#2481 = CYLINDRICAL_SURFACE ( 'NONE', #1439, 2.462812499999997851 ) ;
#2482 = AXIS2_PLACEMENT_3D ( 'NONE', #1368, #2417, #669 ) ;
#2483 = DIRECTION ( 'NONE',  ( -1.000000000000000000, -1.836970198721029441E-16, -0.000000000000000000 ) ) ;
#2484 = CARTESIAN_POINT ( 'NONE',  ( -1.585833333333336759, 6.219674931169624787E-16, 0.000000000000000000 ) ) ;
#2485 = DIRECTION ( 'NONE',  ( 1.943816407347898305E-16, -1.000000000000000000, 0.000000000000000000 ) ) ;
#2486 = DIRECTION ( 'NONE',  ( 1.836970198721029441E-16, -1.000000000000000000, 0.000000000000000000 ) ) ;
#2487 = ORIENTED_EDGE ( 'NONE', *, *, #2838, .F. ) ;
#2488 = AXIS2_PLACEMENT_3D ( 'NONE', #832, #1020, #2789 ) ;
#2489 = DIRECTION ( 'NONE',  ( 1.831143867920833533E-16, -1.000000000000000000, 0.000000000000000000 ) ) ;
#2490 = CARTESIAN_POINT ( 'NONE',  ( -1.818333333333336244, 8.673617379884035472E-16, 0.000000000000000000 ) ) ;
#2491 = ORIENTED_EDGE ( 'NONE', *, *, #751, .T. ) ;
#2492 = EDGE_LOOP ( 'NONE', ( #2378, #189, #88, #1877 ) ) ;
#2493 = EDGE_CURVE ( 'NONE', #2713, #577, #80, .T. ) ;
#2494 = SECURITY_CLASSIFICATION ( '', '', #2094 ) ;
#2495 = DIRECTION ( 'NONE',  ( -1.000000000000000000, -1.836970198721029441E-16, -0.000000000000000000 ) ) ;
#2496 = FACE_OUTER_BOUND ( 'NONE', #840, .T. ) ;
#2497 = CIRCLE ( 'NONE', #1521, 4.800000000000000711 ) ;
#2498 = AXIS2_PLACEMENT_3D ( 'NONE', #2004, #895, #1570 ) ;
#2499 = AXIS2_PLACEMENT_3D ( 'NONE', #1650, #1185, #2302 ) ;
#2500 = EDGE_CURVE ( 'NONE', #1665, #2475, #1859, .T. ) ;
#2501 = DIRECTION ( 'NONE',  ( 1.836970198721029441E-16, -1.000000000000000000, 0.000000000000000000 ) ) ;
#2502 = TOROIDAL_SURFACE ( 'NONE', #1106, 3.346619058426716808, 0.09000000000000017708 ) ;
#2503 = DIRECTION ( 'NONE',  ( -1.000000000000000000, 1.836970198721029441E-16, 0.000000000000000000 ) ) ;
#2504 = ORIENTED_EDGE ( 'NONE', *, *, #1086, .F. ) ;
#2505 = AXIS2_PLACEMENT_3D ( 'NONE', #535, #2314, #2054 ) ;
#2506 = DIRECTION ( 'NONE',  ( 1.836970198721029688E-16, -1.000000000000000000, 0.000000000000000000 ) ) ;
#2507 = AXIS2_PLACEMENT_3D ( 'NONE', #648, #2603, #1971 ) ;
#2508 = CARTESIAN_POINT ( 'NONE',  ( 1.683333333333336457, 3.552540654437682743, 4.361213293685200323E-16 ) ) ;
#2509 = ORIENTED_EDGE ( 'NONE', *, *, #2796, .F. ) ;
#2510 = ORIENTED_EDGE ( 'NONE', *, *, #572, .T. ) ;
#2511 = FACE_OUTER_BOUND ( 'NONE', #1695, .T. ) ;
#2512 = CARTESIAN_POINT ( 'NONE',  ( -1.778333333333336430, -3.757500000000000284, 0.000000000000000000 ) ) ;
#2513 = EDGE_CURVE ( 'NONE', #262, #164, #126, .T. ) ;
#2514 = EDGE_CURVE ( 'NONE', #1295, #823, #319, .T. ) ;
#2515 = DIRECTION ( 'NONE',  ( -1.000000000000000000, -1.836970198721029441E-16, -0.000000000000000000 ) ) ;
#2516 = ORIENTED_EDGE ( 'NONE', *, *, #1956, .T. ) ;
#2517 = CARTESIAN_POINT ( 'NONE',  ( 1.789062500000000666, 2.598266129032255733, 3.181958298252335215E-16 ) ) ;
#2518 = DIRECTION ( 'NONE',  ( 2.249639673992786138E-32, -1.224646799147353207E-16, 1.000000000000000000 ) ) ;
#2519 = EDGE_LOOP ( 'NONE', ( #278, #1299 ) ) ;
#2520 = VERTEX_POINT ( 'NONE', #1820 ) ;
#2521 = DIRECTION ( 'NONE',  ( -1.815466737875731925E-16, -1.000000000000000000, 0.000000000000000000 ) ) ;
#2522 = TOROIDAL_SURFACE ( 'NONE', #1461, 3.688217967697244859, 0.1050000000000000516 ) ;
#2523 = ADVANCED_FACE ( 'NONE', ( #724 ), #1620, .T. ) ;
#2524 = CARTESIAN_POINT ( 'NONE',  ( 1.639583333333337167, 6.318412079350880552E-16, 0.000000000000000000 ) ) ;
#2525 = EDGE_LOOP ( 'NONE', ( #2657, #1542, #154, #543 ) ) ;
#2526 = DIRECTION ( 'NONE',  ( 1.000000000000000000, -1.836970198721029441E-16, -0.000000000000000000 ) ) ;
#2527 = CARTESIAN_POINT ( 'NONE',  ( 1.683333333333336457, 3.552540654437682743, 4.350607541297950867E-16 ) ) ;
#2528 = ORIENTED_EDGE ( 'NONE', *, *, #1576, .T. ) ;
#2529 = ORIENTED_EDGE ( 'NONE', *, *, #347, .F. ) ;
#2530 = TOROIDAL_SURFACE ( 'NONE', #1386, 3.688217967697244859, 0.1050000000000000516 ) ;
#2531 = DIRECTION ( 'NONE',  ( 1.760917118108674871E-16, -1.000000000000000000, 0.000000000000000000 ) ) ;
#2532 = LINE ( 'NONE', #102, #2261 ) ;
#2533 = AXIS2_PLACEMENT_3D ( 'NONE', #296, #1190, #168 ) ;
#2534 = AXIS2_PLACEMENT_3D ( 'NONE', #2490, #1813, #2692 ) ;
#2535 = CIRCLE ( 'NONE', #212, 3.583217967697244877 ) ;
#2536 = DIRECTION ( 'NONE',  ( 1.836970198721029441E-16, -1.000000000000000000, 0.000000000000000000 ) ) ;
#2537 = DIRECTION ( 'NONE',  ( -1.000000000000000000, -1.836970198721029441E-16, -0.000000000000000000 ) ) ;
#2538 = CONICAL_SURFACE ( 'NONE', #1154, 3.784467967697246138, 1.047197551196589416 ) ;
#2539 = ADVANCED_FACE ( 'NONE', ( #601, #2551 ), #1276, .F. ) ;
#2540 = VERTEX_POINT ( 'NONE', #1034 ) ;
#2541 = VECTOR ( 'NONE', #959, 1000.000000000000000 ) ;
#2542 = DIRECTION ( 'NONE',  ( -1.000000000000000000, -1.836970198721029441E-16, -0.000000000000000000 ) ) ;
#2543 = EDGE_CURVE ( 'NONE', #1216, #2025, #826, .T. ) ;
#2544 = AXIS2_PLACEMENT_3D ( 'NONE', #1647, #2751, #2287 ) ;
#2545 = ORIENTED_EDGE ( 'NONE', *, *, #2120, .T. ) ;
#2546 = DIRECTION ( 'NONE',  ( 2.291898743474294649E-16, -1.000000000000000000, 0.000000000000000000 ) ) ;
#2547 = AXIS2_PLACEMENT_3D ( 'NONE', #145, #2537, #1681 ) ;
#2548 = DIRECTION ( 'NONE',  ( -1.000000000000000000, -1.836970198721029441E-16, -0.000000000000000000 ) ) ;
#2549 = EDGE_CURVE ( 'NONE', #2793, #1329, #1905, .T. ) ;
#2550 = CARTESIAN_POINT ( 'NONE',  ( 1.693333333333336688, 4.336808689942017736E-16, 0.000000000000000000 ) ) ;
#2551 = FACE_BOUND ( 'NONE', #812, .T. ) ;
#2552 = ADVANCED_FACE ( 'NONE', ( #1709 ), #739, .F. ) ;
#2553 = FACE_BOUND ( 'NONE', #1174, .T. ) ;
#2554 = VERTEX_POINT ( 'NONE', #563 ) ;
#2555 = EDGE_CURVE ( 'NONE', #2100, #1610, #783, .T. ) ;
#2556 = DIRECTION ( 'NONE',  ( 0.000000000000000000, -1.000000000000000000, -1.224646799147353700E-16 ) ) ;
#2557 = CARTESIAN_POINT ( 'NONE',  ( -1.909266000730702073, 6.813811102471435520E-16, 0.000000000000000000 ) ) ;
#2558 = DIRECTION ( 'NONE',  ( -1.000000000000000000, -1.836970198721029441E-16, -0.000000000000000000 ) ) ;
#2559 = AXIS2_PLACEMENT_3D ( 'NONE', #346, #1491, #1453 ) ;
#2560 = DIRECTION ( 'NONE',  ( -1.000000000000000000, 1.836970198721029441E-16, 0.000000000000000000 ) ) ;
#2561 = FACE_OUTER_BOUND ( 'NONE', #1867, .T. ) ;
#2562 = AXIS2_PLACEMENT_3D ( 'NONE', #1566, #1089, #624 ) ;
#2563 = ORIENTED_EDGE ( 'NONE', *, *, #1539, .F. ) ;
#2564 = FACE_OUTER_BOUND ( 'NONE', #1291, .T. ) ;
#2565 = VERTEX_POINT ( 'NONE', #132 ) ;
#2566 = DIRECTION ( 'NONE',  ( -1.943816407347898305E-16, -1.000000000000000000, 0.000000000000000000 ) ) ;
#2567 = DIRECTION ( 'NONE',  ( 0.000000000000000000, 0.000000000000000000, -1.000000000000000000 ) ) ;
#2568 = EDGE_LOOP ( 'NONE', ( #542, #2193, #2011, #2415 ) ) ;
#2569 = EDGE_CURVE ( 'NONE', #593, #1212, #1015, .T. ) ;
#2570 = CIRCLE ( 'NONE', #1383, 2.612999999999995993 ) ;
#2571 = AXIS2_PLACEMENT_3D ( 'NONE', #1733, #2347, #2374 ) ;
#2572 = CARTESIAN_POINT ( 'NONE',  ( 1.905000000000003135, 6.805974586261419545E-16, 0.000000000000000000 ) ) ;
#2573 = DIRECTION ( 'NONE',  ( -1.000000000000000000, -1.836970198721029441E-16, -0.000000000000000000 ) ) ;
#2574 = EDGE_LOOP ( 'NONE', ( #324, #902 ) ) ;
#2575 = CIRCLE ( 'NONE', #1474, 0.1924999999999999489 ) ;
#2576 = EDGE_CURVE ( 'NONE', #866, #833, #2133, .T. ) ;
#2577 = TOROIDAL_SURFACE ( 'NONE', #2534, 3.688217967697244859, 0.1925000000000000322 ) ;
#2578 = ORIENTED_EDGE ( 'NONE', *, *, #1906, .T. ) ;
#2579 = DIRECTION ( 'NONE',  ( -1.000000000000000000, 1.836970198721029441E-16, 0.000000000000000000 ) ) ;
#2580 = CIRCLE ( 'NONE', #32, 3.757500000000001172 ) ;
#2581 = ORIENTED_EDGE ( 'NONE', *, *, #1822, .F. ) ;
#2582 = AXIS2_PLACEMENT_3D ( 'NONE', #451, #2246, #418 ) ;
#2583 = DIRECTION ( 'NONE',  ( -1.000000000000000000, -1.836970198721029441E-16, -0.000000000000000000 ) ) ;
#2584 = CIRCLE ( 'NONE', #824, 3.784467967697246138 ) ;
#2585 = DIRECTION ( 'NONE',  ( -1.000000000000000000, -1.836970198721029441E-16, -0.000000000000000000 ) ) ;
#2586 = EDGE_LOOP ( 'NONE', ( #1703, #2124, #589, #380 ) ) ;
#2587 = AXIS2_PLACEMENT_3D ( 'NONE', #2096, #2710, #2040 ) ;
#2588 = ADVANCED_FACE ( 'NONE', ( #330 ), #1916, .T. ) ;
#2589 = DIRECTION ( 'NONE',  ( -1.836970198721029441E-16, -1.000000000000000000, 0.000000000000000000 ) ) ;
#2590 = ORIENTED_EDGE ( 'NONE', *, *, #2796, .T. ) ;
#2591 = CIRCLE ( 'NONE', #1253, 3.950000000000001066 ) ;
#2592 = EDGE_CURVE ( 'NONE', #1110, #1954, #358, .T. ) ;
#2593 = CARTESIAN_POINT ( 'NONE',  ( 1.960625000000002727, 6.908156053565276132E-16, 0.000000000000000000 ) ) ;
#2594 = ORIENTED_EDGE ( 'NONE', *, *, #92, .F. ) ;
#2595 = DIRECTION ( 'NONE',  ( -1.000000000000000000, -1.836970198721029441E-16, -0.000000000000000000 ) ) ;
#2596 = CARTESIAN_POINT ( 'NONE',  ( -1.862500000000002931, 6.727903352815775612E-16, 0.000000000000000000 ) ) ;
#2597 = ORIENTED_EDGE ( 'NONE', *, *, #150, .F. ) ;
#2598 = CARTESIAN_POINT ( 'NONE',  ( -1.985043223561841153, -3.784467967697245250, 0.000000000000000000 ) ) ;
#2599 = DIRECTION ( 'NONE',  ( 2.291898743474294649E-16, -1.000000000000000000, 0.000000000000000000 ) ) ;
#2600 = ORIENTED_EDGE ( 'NONE', *, *, #103, .T. ) ;
#2601 = DIRECTION ( 'NONE',  ( 1.836970198721029441E-16, -1.000000000000000000, 0.000000000000000000 ) ) ;
#2602 = EDGE_LOOP ( 'NONE', ( #1544, #1423, #642, #1294 ) ) ;
#2603 = DIRECTION ( 'NONE',  ( -1.000000000000000000, -1.836970198721029441E-16, -0.000000000000000000 ) ) ;
#2604 = ORIENTED_EDGE ( 'NONE', *, *, #59, .F. ) ;
#2605 = EDGE_CURVE ( 'NONE', #705, #1638, #39, .T. ) ;
#2606 = ORIENTED_EDGE ( 'NONE', *, *, #2113, .T. ) ;
#2607 = CIRCLE ( 'NONE', #294, 0.1999999999999996503 ) ;
#2608 = DIRECTION ( 'NONE',  ( 1.700709290173340903E-16, -1.000000000000000000, 0.000000000000000000 ) ) ;
#2609 = ORIENTED_EDGE ( 'NONE', *, *, #2286, .T. ) ;
#2610 = DIRECTION ( 'NONE',  ( -1.000000000000000000, -1.836970198721029441E-16, -0.000000000000000000 ) ) ;
#2611 = DIRECTION ( 'NONE',  ( -1.000000000000000000, 1.836970198721029441E-16, 0.000000000000000000 ) ) ;
#2612 = EDGE_LOOP ( 'NONE', ( #2422, #1377, #1062, #2504 ) ) ;
#2613 = DIRECTION ( 'NONE',  ( -1.731260954068669217E-16, -1.000000000000000000, 0.000000000000000000 ) ) ;
#2614 = AXIS2_PLACEMENT_3D ( 'NONE', #564, #1458, #2341 ) ;
#2615 = EDGE_LOOP ( 'NONE', ( #394, #1642, #797, #407 ) ) ;
#2616 = TOROIDAL_SURFACE ( 'NONE', #20, 3.757500000000001172, 0.1924999999999991440 ) ;
#2617 = CARTESIAN_POINT ( 'NONE',  ( -1.800000000000000044, 0.000000000000000000, 0.000000000000000000 ) ) ;
#2618 = ORIENTED_EDGE ( 'NONE', *, *, #1230, .F. ) ;
#2619 = DIRECTION ( 'NONE',  ( 1.815466737875731925E-16, -1.000000000000000000, 0.000000000000000000 ) ) ;
#2620 = CARTESIAN_POINT ( 'NONE',  ( -1.639583333333337167, 6.318412079350880552E-16, 0.000000000000000000 ) ) ;
#2621 = ADVANCED_FACE ( 'NONE', ( #2561, #1249 ), #819, .F. ) ;
#2622 = AXIS2_PLACEMENT_3D ( 'NONE', #2780, #1504, #1732 ) ;
#2623 = ORIENTED_EDGE ( 'NONE', *, *, #150, .T. ) ;
#2624 = TOROIDAL_SURFACE ( 'NONE', #1750, 3.757500000000001172, 0.1049999999999991357 ) ;
#2625 = DIRECTION ( 'NONE',  ( -1.822259392948774650E-16, -1.000000000000000000, 0.000000000000000000 ) ) ;
#2626 = EDGE_CURVE ( 'NONE', #889, #2793, #1163, .T. ) ;
#2627 = CARTESIAN_POINT ( 'NONE',  ( 1.800000000000001377, -1.499999999999999112, 0.000000000000000000 ) ) ;
#2628 = VERTEX_POINT ( 'NONE', #1235 ) ;
#2629 = CIRCLE ( 'NONE', #1394, 2.462812499999997851 ) ;
#2630 = DIRECTION ( 'NONE',  ( -1.831143867920833533E-16, -1.000000000000000000, 0.000000000000000000 ) ) ;
#2631 = TOROIDAL_SURFACE ( 'NONE', #1755, 4.800000000000000711, 0.1999999999999994282 ) ;
#2632 = CARTESIAN_POINT ( 'NONE',  ( 2.000000000000000888, 6.980486755139913108E-16, 0.000000000000000000 ) ) ;
#2633 = CC_DESIGN_PERSON_AND_ORGANIZATION_ASSIGNMENT ( #1901, #790, ( #2494 ) ) ;
#2634 = VERTEX_POINT ( 'NONE', #2136 ) ;
#2635 = AXIS2_PLACEMENT_3D ( 'NONE', #2596, #606, #839 ) ;
#2636 = DIRECTION ( 'NONE',  ( 1.760917118108675117E-16, -1.000000000000000000, 0.000000000000000000 ) ) ;
#2637 = VERTEX_POINT ( 'NONE', #2121 ) ;
#2638 = UNCERTAINTY_MEASURE_WITH_UNIT (LENGTH_MEASURE( 1.000000000000000082E-05 ), #475, 'distance_accuracy_value', 'NONE');
#2639 = CARTESIAN_POINT ( 'NONE',  ( -1.860000000000003650, -3.346619058426715920, 0.000000000000000000 ) ) ;
#2640 = LINE ( 'NONE', #1102, #37 ) ;
#2641 = EDGE_LOOP ( 'NONE', ( #1868, #1492 ) ) ;
#2642 = DIRECTION ( 'NONE',  ( 1.836970198721029441E-16, 1.000000000000000000, 0.000000000000000000 ) ) ;
#2643 = VERTEX_POINT ( 'NONE', #2781 ) ;
#2644 = ORIENTED_EDGE ( 'NONE', *, *, #470, .T. ) ;
#2645 = EDGE_CURVE ( 'NONE', #2293, #1413, #1994, .T. ) ;
#2646 = CYLINDRICAL_SURFACE ( 'NONE', #160, 2.549999999999998490 ) ;
#2647 = DIRECTION ( 'NONE',  ( -1.831143867920833533E-16, -1.000000000000000000, 0.000000000000000000 ) ) ;
#2648 = ORIENTED_EDGE ( 'NONE', *, *, #1690, .T. ) ;
#2649 = CARTESIAN_POINT ( 'NONE',  ( -1.862500000000002709, 3.346619058426717697, 0.000000000000000000 ) ) ;
#2650 = ORIENTED_EDGE ( 'NONE', *, *, #269, .T. ) ;
#2651 = DIRECTION ( 'NONE',  ( -1.000000000000000000, 1.836970198721029441E-16, 0.000000000000000000 ) ) ;
#2652 = DIRECTION ( 'NONE',  ( 0.8660254037844405950, 0.4999999999999966693, -6.123233995736727825E-17 ) ) ;
#2653 = ORIENTED_EDGE ( 'NONE', *, *, #357, .F. ) ;
#2654 = AXIS2_PLACEMENT_3D ( 'NONE', #1677, #568, #2141 ) ;
#2655 = DIRECTION ( 'NONE',  ( -1.000000000000000000, 1.836970198721029441E-16, 0.000000000000000000 ) ) ;
#2656 = CARTESIAN_POINT ( 'NONE',  ( 1.818333333333336022, -3.495717967697244077, 0.000000000000000000 ) ) ;
#2657 = ORIENTED_EDGE ( 'NONE', *, *, #2127, .F. ) ;
#2658 = ORIENTED_EDGE ( 'NONE', *, *, #2382, .T. ) ;
#2659 = DIRECTION ( 'NONE',  ( 1.000000000000000000, -1.836970198721029441E-16, -0.000000000000000000 ) ) ;
#2660 = DIRECTION ( 'NONE',  ( -1.000000000000000000, -1.836970198721029441E-16, -0.000000000000000000 ) ) ;
#2661 = ADVANCED_FACE ( 'NONE', ( #158 ), #1812, .F. ) ;
#2662 = CIRCLE ( 'NONE', #65, 3.810000000000001386 ) ;
#2663 = CARTESIAN_POINT ( 'NONE',  ( -1.818333333333335355, 6.646770502372261762E-16, 0.000000000000000000 ) ) ;
#2664 = VERTEX_POINT ( 'NONE', #1263 ) ;
#2665 = CYLINDRICAL_SURFACE ( 'NONE', #2755, 3.950000000000001066 ) ;
#2666 = VECTOR ( 'NONE', #1126, 999.9999999999998863 ) ;
#2667 = FACE_BOUND ( 'NONE', #318, .T. ) ;
#2668 = DIRECTION ( 'NONE',  ( 1.807003620809173892E-16, -1.000000000000000000, 0.000000000000000000 ) ) ;
#2669 = AXIS2_PLACEMENT_3D ( 'NONE', #2512, #1870, #48 ) ;
#2670 = EDGE_CURVE ( 'NONE', #1964, #1460, #971, .T. ) ;
#2671 = EDGE_LOOP ( 'NONE', ( #2425, #24, #2367, #1077 ) ) ;
#2672 = CARTESIAN_POINT ( 'NONE',  ( 1.909266000730702739, -3.740717967697244628, 0.000000000000000000 ) ) ;
#2673 = DIRECTION ( 'NONE',  ( 1.000000000000000000, 1.836970198721029441E-16, 0.000000000000000000 ) ) ;
#2674 = ORIENTED_EDGE ( 'NONE', *, *, #1041, .T. ) ;
#2675 = ORIENTED_EDGE ( 'NONE', *, *, #2765, .F. ) ;
#2676 = AXIS2_PLACEMENT_3D ( 'NONE', #550, #1456, #339 ) ;
#2677 = AXIS2_PLACEMENT_3D ( 'NONE', #1825, #2518, #2263 ) ;
#2678 = DIRECTION ( 'NONE',  ( 1.836970198721029441E-16, -1.000000000000000000, 0.000000000000000000 ) ) ;
#2679 = AXIS2_PLACEMENT_3D ( 'NONE', #1881, #2152, #1027 ) ;
#2680 = DIRECTION ( 'NONE',  ( -1.000000000000000000, -1.836970198721029441E-16, -0.000000000000000000 ) ) ;
#2681 = CIRCLE ( 'NONE', #165, 4.800000000000000711 ) ;
#2682 = EDGE_CURVE ( 'NONE', #1035, #2100, #1444, .T. ) ;
#2683 = AXIS2_PLACEMENT_3D ( 'NONE', #1297, #2195, #1577 ) ;
#2684 = FACE_OUTER_BOUND ( 'NONE', #2830, .T. ) ;
#2685 = ADVANCED_FACE ( 'NONE', ( #191 ), #2207, .F. ) ;
#2686 = EDGE_CURVE ( 'NONE', #164, #262, #1298, .T. ) ;
#2687 = CIRCLE ( 'NONE', #1903, 2.462812499999997851 ) ;
#2688 = LINE ( 'NONE', #2414, #1443 ) ;
#2689 = DIRECTION ( 'NONE',  ( 1.836970198721029441E-16, -1.000000000000000000, 0.000000000000000000 ) ) ;
#2690 = EDGE_LOOP ( 'NONE', ( #192, #2650, #1130, #938 ) ) ;
#2691 = FACE_OUTER_BOUND ( 'NONE', #772, .T. ) ;
#2692 = DIRECTION ( 'NONE',  ( -1.836970198721029441E-16, -1.000000000000000000, 0.000000000000000000 ) ) ;
#2693 = VERTEX_POINT ( 'NONE', #2179 ) ;
#2694 = EDGE_LOOP ( 'NONE', ( #646, #1159 ) ) ;
#2695 = CARTESIAN_POINT ( 'NONE',  ( 1.860000000000003650, -3.346619058426715920, 0.000000000000000000 ) ) ;
#2696 = FACE_OUTER_BOUND ( 'NONE', #2574, .T. ) ;
#2697 = APPROVAL_ROLE ( '' ) ;
#2698 = DIRECTION ( 'NONE',  ( -1.000000000000000000, -1.836970198721029441E-16, -0.000000000000000000 ) ) ;
#2699 = DIRECTION ( 'NONE',  ( -1.000000000000000000, -1.836970198721029441E-16, -0.000000000000000000 ) ) ;
#2700 = EDGE_CURVE ( 'NONE', #944, #1099, #130, .T. ) ;
#2701 = ORIENTED_EDGE ( 'NONE', *, *, #1594, .T. ) ;
#2702 = DIRECTION ( 'NONE',  ( -1.000000000000000000, 1.836970198721029441E-16, 0.000000000000000000 ) ) ;
#2703 = DIRECTION ( 'NONE',  ( 1.807003620809173892E-16, -1.000000000000000000, 0.000000000000000000 ) ) ;
#2704 = ORIENTED_EDGE ( 'NONE', *, *, #2670, .F. ) ;
#2705 = ORIENTED_EDGE ( 'NONE', *, *, #2167, .T. ) ;
#2706 = DIRECTION ( 'NONE',  ( 2.551063935260010491E-16, -1.000000000000000000, 0.000000000000000000 ) ) ;
#2707 = CIRCLE ( 'NONE', #194, 3.989374999999999893 ) ;
#2708 = CARTESIAN_POINT ( 'NONE',  ( -1.639583333333337833, -3.476763431606543442, 0.000000000000000000 ) ) ;
#2709 = DIRECTION ( 'NONE',  ( 0.000000000000000000, 0.000000000000000000, 1.000000000000000000 ) ) ;
#2710 = DIRECTION ( 'NONE',  ( 0.000000000000000000, 0.000000000000000000, 1.000000000000000000 ) ) ;
#2711 = CARTESIAN_POINT ( 'NONE',  ( 1.693333333333337354, -3.569861162513371156, 0.000000000000000000 ) ) ;
#2712 = CIRCLE ( 'NONE', #1562, 3.476763431606543886 ) ;
#2713 = VERTEX_POINT ( 'NONE', #238 ) ;
#2714 = EDGE_CURVE ( 'NONE', #2147, #1982, #972, .T. ) ;
#2715 = CIRCLE ( 'NONE', #1884, 1.699999999999999956 ) ;
#2716 = LINE ( 'NONE', #555, #1006 ) ;
#2717 = DIRECTION ( 'NONE',  ( 0.8660254037844405950, 0.4999999999999966693, -6.123233995736727825E-17 ) ) ;
#2718 = VERTEX_POINT ( 'NONE', #1358 ) ;
#2719 = EDGE_LOOP ( 'NONE', ( #1092, #1737, #1026, #1438 ) ) ;
#2720 = ADVANCED_FACE ( 'NONE', ( #1960 ), #1735, .T. ) ;
#2721 = CARTESIAN_POINT ( 'NONE',  ( 1.639583333333336501, 3.476763431606544330, 4.257807207909521823E-16 ) ) ;
#2722 = DIRECTION ( 'NONE',  ( 0.000000000000000000, 0.000000000000000000, 1.000000000000000000 ) ) ;
#2723 = VECTOR ( 'NONE', #276, 1000.000000000000000 ) ;
#2724 = CIRCLE ( 'NONE', #2452, 2.462812499999998295 ) ;
#2725 = PERSON_AND_ORGANIZATION ( #355, #862 ) ;
#2726 = VECTOR ( 'NONE', #1107, 1000.000000000000000 ) ;
#2727 = CARTESIAN_POINT ( 'NONE',  ( -1.639583333333337833, -3.476763431606543442, 0.000000000000000000 ) ) ;
#2728 = AXIS2_PLACEMENT_3D ( 'NONE', #2342, #1934, #162 ) ;
#2729 = CARTESIAN_POINT ( 'NONE',  ( 1.585833333333335871, 3.757500000000001616, 0.000000000000000000 ) ) ;
#2730 = ORIENTED_EDGE ( 'NONE', *, *, #2072, .T. ) ;
#2731 = AXIS2_PLACEMENT_3D ( 'NONE', #40, #2515, #2485 ) ;
#2732 = FACE_BOUND ( 'NONE', #949, .T. ) ;
#2733 = CIRCLE ( 'NONE', #2230, 2.549999999999998490 ) ;
#2734 = CARTESIAN_POINT ( 'NONE',  ( -1.662499999999999867, 2.549999999999998934, 0.000000000000000000 ) ) ;
#2735 = ORIENTED_EDGE ( 'NONE', *, *, #1354, .F. ) ;
#2736 = ORIENTED_EDGE ( 'NONE', *, *, #647, .F. ) ;
#2737 = DIRECTION ( 'NONE',  ( 2.195852501236464052E-16, -1.000000000000000000, 0.000000000000000000 ) ) ;
#2738 = CARTESIAN_POINT ( 'NONE',  ( -1.799999999999998712, -5.000000000000000000, 0.000000000000000000 ) ) ;
#2739 = EDGE_CURVE ( 'NONE', #713, #1814, #595, .T. ) ;
#2740 = DIRECTION ( 'NONE',  ( -1.000000000000000000, 1.836970198721029441E-16, 0.000000000000000000 ) ) ;
#2741 = ORIENTED_EDGE ( 'NONE', *, *, #785, .F. ) ;
#2742 = CARTESIAN_POINT ( 'NONE',  ( -1.639583333333336501, 3.476763431606544330, -4.257807207909521823E-16 ) ) ;
#2743 = DIRECTION ( 'NONE',  ( 1.836970198721029688E-16, -1.000000000000000000, 0.000000000000000000 ) ) ;
#2744 = ORIENTED_EDGE ( 'NONE', *, *, #958, .F. ) ;
#2745 = ORIENTED_EDGE ( 'NONE', *, *, #2000, .F. ) ;
#2746 = CARTESIAN_POINT ( 'NONE',  ( 1.960625000000001839, 3.950000000000001954, 0.000000000000000000 ) ) ;
#2747 = CARTESIAN_POINT ( 'NONE',  ( -1.950000000000002620, 2.549999999999999378, -3.122849337825748940E-16 ) ) ;
#2748 = CIRCLE ( 'NONE', #2018, 0.1050000000000000655 ) ;
#2749 = ADVANCED_FACE ( 'NONE', ( #678 ), #361, .T. ) ;
#2750 = FACE_OUTER_BOUND ( 'NONE', #849, .T. ) ;
#2751 = DIRECTION ( 'NONE',  ( -1.000000000000000000, 1.836970198721029441E-16, 0.000000000000000000 ) ) ;
#2752 = EDGE_LOOP ( 'NONE', ( #2563, #1410, #2447, #1325 ) ) ;
#2753 = DIRECTION ( 'NONE',  ( 1.000000000000000000, -1.836970198721029441E-16, -0.000000000000000000 ) ) ;
#2754 = CC_DESIGN_DATE_AND_TIME_ASSIGNMENT ( #2470, #1373, ( #1032 ) ) ;
#2755 = AXIS2_PLACEMENT_3D ( 'NONE', #1116, #1805, #2852 ) ;
#2756 = DIRECTION ( 'NONE',  ( 1.739027932896416959E-16, -1.000000000000000000, 0.000000000000000000 ) ) ;
#2757 = ORIENTED_EDGE ( 'NONE', *, *, #569, .F. ) ;
#2758 = AXIS2_PLACEMENT_3D ( 'NONE', #1337, #2879, #458 ) ;
#2759 = DIRECTION ( 'NONE',  ( 1.445602896647339163E-16, -1.000000000000000000, 0.000000000000000000 ) ) ;
#2760 = DIRECTION ( 'NONE',  ( 1.000000000000000000, 0.000000000000000000, 0.000000000000000000 ) ) ;
#2761 = TOROIDAL_SURFACE ( 'NONE', #155, 3.569861162513371156, 0.02000000000000005940 ) ;
#2762 = LOCAL_TIME ( 16, 33, 5.000000000000000000, #36 ) ;
#2763 = APPROVAL_ROLE ( '' ) ;
#2764 = AXIS2_PLACEMENT_3D ( 'NONE', #1862, #752, #1618 ) ;
#2765 = EDGE_CURVE ( 'NONE', #755, #1123, #1990, .T. ) ;
#2766 = AXIS2_PLACEMENT_3D ( 'NONE', #2468, #673, #2436 ) ;
#2767 = CARTESIAN_POINT ( 'NONE',  ( -1.800000000000000044, 0.000000000000000000, 0.000000000000000000 ) ) ;
#2768 = TOROIDAL_SURFACE ( 'NONE', #1666, 3.346619058426716808, 0.002500000000000182632 ) ;
#2769 = EDGE_CURVE ( 'NONE', #652, #1188, #1080, .T. ) ;
#2770 = CARTESIAN_POINT ( 'NONE',  ( 1.693333333333336688, 4.336808689942017736E-16, 0.000000000000000000 ) ) ;
#2771 = CONICAL_SURFACE ( 'NONE', #1293, 3.989374999999999893, 0.7853981633974482790 ) ;
#2772 = DIRECTION ( 'NONE',  ( -1.836970198721029441E-16, -1.000000000000000000, 0.000000000000000000 ) ) ;
#2773 = TOROIDAL_SURFACE ( 'NONE', #780, 3.757500000000001172, 0.1049999999999991357 ) ;
#2774 = ORIENTED_EDGE ( 'NONE', *, *, #16, .T. ) ;
#2775 = DIRECTION ( 'NONE',  ( 1.760917118108675117E-16, -1.000000000000000000, 0.000000000000000000 ) ) ;
#2776 = AXIS2_PLACEMENT_3D ( 'NONE', #1864, #2740, #1418 ) ;
#2777 = DIRECTION ( 'NONE',  ( -1.000000000000000000, 0.000000000000000000, 0.000000000000000000 ) ) ;
#2778 = PERSON_AND_ORGANIZATION ( #355, #862 ) ;
#2779 = CARTESIAN_POINT ( 'NONE',  ( -1.909266000730702073, 6.813811102471435520E-16, 0.000000000000000000 ) ) ;
#2780 = CARTESIAN_POINT ( 'NONE',  ( -1.799999999999999600, 0.000000000000000000, 0.000000000000000000 ) ) ;
#2781 = CARTESIAN_POINT ( 'NONE',  ( -1.945043223561839785, -3.853750000000000231, 0.000000000000000000 ) ) ;
#2782 = ADVANCED_BREP_SHAPE_REPRESENTATION ( '7804K128_Corrosion-Resistant 440C Stainless Steel Ball Bearing', ( #1327, #1242, #2201, #1252, #2165 ), #1745 ) ;
#2783 = DIRECTION ( 'NONE',  ( 0.000000000000000000, 0.000000000000000000, -1.000000000000000000 ) ) ;
#2784 = EDGE_CURVE ( 'NONE', #2664, #2373, #1111, .T. ) ;
#2785 = ORIENTED_EDGE ( 'NONE', *, *, #1164, .F. ) ;
#2786 = DIRECTION ( 'NONE',  ( -1.000000000000000000, 1.836970198721029441E-16, 0.000000000000000000 ) ) ;
#2787 = DIRECTION ( 'NONE',  ( -1.000000000000000000, -1.836970198721029441E-16, -0.000000000000000000 ) ) ;
#2788 = ORIENTED_EDGE ( 'NONE', *, *, #350, .F. ) ;
#2789 = DIRECTION ( 'NONE',  ( 1.836970198721029441E-16, -1.000000000000000000, 0.000000000000000000 ) ) ;
#2790 = EDGE_CURVE ( 'NONE', #690, #1329, #2733, .T. ) ;
#2791 = DIRECTION ( 'NONE',  ( 0.000000000000000000, 0.000000000000000000, -1.000000000000000000 ) ) ;
#2792 = ORIENTED_EDGE ( 'NONE', *, *, #264, .F. ) ;
#2793 = VERTEX_POINT ( 'NONE', #616 ) ;
#2794 = DIRECTION ( 'NONE',  ( 0.000000000000000000, 0.000000000000000000, 1.000000000000000000 ) ) ;
#2795 = VERTEX_POINT ( 'NONE', #1507 ) ;
#2796 = EDGE_CURVE ( 'NONE', #2793, #889, #1487, .T. ) ;
#2797 = AXIS2_PLACEMENT_3D ( 'NONE', #1101, #1531, #2441 ) ;
#2798 = FACE_BOUND ( 'NONE', #2435, .T. ) ;
#2799 = DIRECTION ( 'NONE',  ( 0.000000000000000000, 0.000000000000000000, -1.000000000000000000 ) ) ;
#2800 = ORIENTED_EDGE ( 'NONE', *, *, #2137, .F. ) ;
#2801 = AXIS2_PLACEMENT_3D ( 'NONE', #1962, #634, #1326 ) ;
#2802 = ADVANCED_FACE ( 'NONE', ( #632, #1067 ), #2410, .F. ) ;
#2803 = AXIS2_PLACEMENT_3D ( 'NONE', #1615, #2063, #328 ) ;
#2804 = DATE_AND_TIME ( #1454, #395 ) ;
#2805 = DIRECTION ( 'NONE',  ( 1.942559686753377530E-16, -1.000000000000000000, 0.000000000000000000 ) ) ;
#2806 = ORIENTED_EDGE ( 'NONE', *, *, #325, .T. ) ;
#2807 = DIRECTION ( 'NONE',  ( 1.000000000000000000, -1.836970198721029441E-16, -0.000000000000000000 ) ) ;
#2808 = ORIENTED_EDGE ( 'NONE', *, *, #1307, .F. ) ;
#2809 = AXIS2_PLACEMENT_3D ( 'NONE', #2729, #2258, #725 ) ;
#2810 = EDGE_LOOP ( 'NONE', ( #2487, #1911, #805, #2861 ) ) ;
#2811 = CARTESIAN_POINT ( 'NONE',  ( 1.789062500000001554, -2.462812499999996962, 0.000000000000000000 ) ) ;
#2812 = TOROIDAL_SURFACE ( 'NONE', #2172, 4.800000000000000711, 0.1999999999999996503 ) ;
#2813 = EDGE_LOOP ( 'NONE', ( #528, #307, #2007, #1393 ) ) ;
#2814 = CIRCLE ( 'NONE', #1989, 0.1924999999999990885 ) ;
#2815 = PLANE ( 'NONE',  #450 ) ;
#2816 = AXIS2_PLACEMENT_3D ( 'NONE', #1591, #4, #1963 ) ;
#2817 = CARTESIAN_POINT ( 'NONE',  ( 1.862500000000003375, -2.549999999999997602, 0.000000000000000000 ) ) ;
#2818 = ORIENTED_EDGE ( 'NONE', *, *, #1366, .T. ) ;
#2819 = AXIS2_PLACEMENT_3D ( 'NONE', #2850, #2239, #2192 ) ;
#2820 = CARTESIAN_POINT ( 'NONE',  ( 2.000000000000000444, 3.989375000000000782, 0.000000000000000000 ) ) ;
#2821 = EDGE_CURVE ( 'NONE', #755, #1765, #2591, .T. ) ;
#2822 = ORIENTED_EDGE ( 'NONE', *, *, #700, .T. ) ;
#2823 = CARTESIAN_POINT ( 'NONE',  ( 1.909266000730702073, 6.813811102471435520E-16, 0.000000000000000000 ) ) ;
#2824 = ORIENTED_EDGE ( 'NONE', *, *, #734, .F. ) ;
#2825 = CARTESIAN_POINT ( 'NONE',  ( -1.699999999999998845, -3.950000000000001954, 0.000000000000000000 ) ) ;
#2826 = FACE_OUTER_BOUND ( 'NONE', #581, .T. ) ;
#2827 = ORIENTED_EDGE ( 'NONE', *, *, #1164, .T. ) ;
#2828 = FACE_OUTER_BOUND ( 'NONE', #2641, .T. ) ;
#2829 = CARTESIAN_POINT ( 'NONE',  ( -1.699999999999998845, -4.012999999999999012, 0.000000000000000000 ) ) ;
#2830 = EDGE_LOOP ( 'NONE', ( #821, #1450, #830, #1473 ) ) ;
#2831 = DIRECTION ( 'NONE',  ( -1.700709290173341396E-16, -1.000000000000000000, 0.000000000000000000 ) ) ;
#2832 = DIRECTION ( 'NONE',  ( -1.000000000000000000, 1.836970198721029441E-16, 0.000000000000000000 ) ) ;
#2833 = VERTEX_POINT ( 'NONE', #2006 ) ;
#2834 = EDGE_CURVE ( 'NONE', #2718, #633, #2868, .T. ) ;
#2835 = CARTESIAN_POINT ( 'NONE',  ( 1.818333333333336910, -3.688217967697243971, 0.000000000000000000 ) ) ;
#2836 = ORIENTED_EDGE ( 'NONE', *, *, #1837, .F. ) ;
#2837 = CARTESIAN_POINT ( 'NONE',  ( 2.000000000000001332, -1.699999999999999289, 0.000000000000000000 ) ) ;
#2838 = EDGE_CURVE ( 'NONE', #503, #226, #1634, .T. ) ;
#2839 = CIRCLE ( 'NONE', #243, 3.740717967697245516 ) ;
#2840 = FACE_BOUND ( 'NONE', #1958, .T. ) ;
#2841 = VERTEX_POINT ( 'NONE', #1429 ) ;
#2842 = ADVANCED_FACE ( 'NONE', ( #1387 ), #1096, .T. ) ;
#2843 = DIRECTION ( 'NONE',  ( -1.000000000000000000, -1.836970198721029441E-16, -0.000000000000000000 ) ) ;
#2844 = DIRECTION ( 'NONE',  ( 1.836970198721029441E-16, -1.000000000000000000, 0.000000000000000000 ) ) ;
#2845 = ORIENTED_EDGE ( 'NONE', *, *, #1921, .F. ) ;
#2846 = CARTESIAN_POINT ( 'NONE',  ( -1.800000000000000044, 0.000000000000000000, 0.000000000000000000 ) ) ;
#2847 = CIRCLE ( 'NONE', #992, 4.012999999999998124 ) ;
#2848 = ORIENTED_EDGE ( 'NONE', *, *, #1366, .F. ) ;
#2849 = AXIS2_PLACEMENT_3D ( 'NONE', #2572, #1719, #1480 ) ;
#2850 = CARTESIAN_POINT ( 'NONE',  ( -1.585833333333336759, 6.219674931169624787E-16, 0.000000000000000000 ) ) ;
#2851 = ORIENTED_EDGE ( 'NONE', *, *, #1442, .T. ) ;
#2852 = DIRECTION ( 'NONE',  ( 1.646889375927348039E-16, -1.000000000000000000, 0.000000000000000000 ) ) ;
#2853 = PLANE ( 'NONE',  #2816 ) ;
#2854 = AXIS2_PLACEMENT_3D ( 'NONE', #241, #2699, #1848 ) ;
#2855 = ADVANCED_FACE ( 'NONE', ( #2312 ), #1338, .F. ) ;
#2856 = ORIENTED_EDGE ( 'NONE', *, *, #919, .F. ) ;
#2857 = CONICAL_SURFACE ( 'NONE', #77, 3.989374999999999893, 0.7853981633974482790 ) ;
#2858 = CARTESIAN_POINT ( 'NONE',  ( -1.909266000730702739, -3.740717967697244628, 0.000000000000000000 ) ) ;
#2859 = DIRECTION ( 'NONE',  ( -1.000000000000000000, -1.836970198721029441E-16, -0.000000000000000000 ) ) ;
#2860 = EDGE_LOOP ( 'NONE', ( #679, #1370, #1309, #182 ) ) ;
#2861 = ORIENTED_EDGE ( 'NONE', *, *, #1907, .F. ) ;
#2862 = DIRECTION ( 'NONE',  ( -1.000000000000000000, -1.836970198721029441E-16, -0.000000000000000000 ) ) ;
#2863 = CIRCLE ( 'NONE', #273, 5.000000000000000000 ) ;
#2864 = DIRECTION ( 'NONE',  ( -1.000000000000000000, -1.836970198721029441E-16, -0.000000000000000000 ) ) ;
#2865 = VERTEX_POINT ( 'NONE', #1831 ) ;
#2866 = CIRCLE ( 'NONE', #2731, 3.346619058426716808 ) ;
#2867 = DIRECTION ( 'NONE',  ( 1.700709290173341396E-16, -1.000000000000000000, 0.000000000000000000 ) ) ;
#2868 = CIRCLE ( 'NONE', #1355, 3.583217967697244877 ) ;
#2869 = ORIENTED_EDGE ( 'NONE', *, *, #656, .F. ) ;
#2870 = DIRECTION ( 'NONE',  ( 0.7071067811865436870, -0.7071067811865513475, 8.659560562354980929E-17 ) ) ;
#2871 = CARTESIAN_POINT ( 'NONE',  ( 1.800000000000001599, 8.673617379884035472E-16, 0.000000000000000000 ) ) ;
#2872 = ORIENTED_EDGE ( 'NONE', *, *, #2205, .T. ) ;
#2873 = EDGE_CURVE ( 'NONE', #2795, #2634, #496, .T. ) ;
#2874 = FACE_OUTER_BOUND ( 'NONE', #1675, .T. ) ;
#2875 = CYLINDRICAL_SURFACE ( 'NONE', #104, 2.549999999999998490 ) ;
#2876 = ORIENTED_EDGE ( 'NONE', *, *, #1645, .F. ) ;
#2877 = ORIENTED_EDGE ( 'NONE', *, *, #2265, .T. ) ;
#2878 = CARTESIAN_POINT ( 'NONE',  ( -1.585833333333335871, 3.757500000000001616, 0.000000000000000000 ) ) ;
#2879 = DIRECTION ( 'NONE',  ( 1.000000000000000000, -1.836970198721029441E-16, -0.000000000000000000 ) ) ;
ENDSEC;
END-ISO-10303-21;
