ISO-10303-21;
HEADER;
FILE_DESCRIPTION(('STEP AP214'),'1');
FILE_NAME('pulley_26_5m__09_2.stp','2019-01-26T16:36:36',('TraceParts'),('TraceParts S.A.'),'Spatial InterOp 3D',' ',' ');
FILE_SCHEMA(('automotive_design'));
ENDSEC;
DATA;
#1=PRODUCT_DEFINITION_CONTEXT('',#9,'design');
#2=APPLICATION_PROTOCOL_DEFINITION('INTERNATIONAL STANDARD','automotive_design',1994,#9);
#3=PRODUCT_CATEGORY_RELATIONSHIP('NONE','NONE',#10,#11);
#4=SHAPE_DEFINITION_REPRESENTATION(#12,#13);
#5= (GEOMETRIC_REPRESENTATION_CONTEXT(3)GLOBAL_UNCERTAINTY_ASSIGNED_CONTEXT((#16))GLOBAL_UNIT_ASSIGNED_CONTEXT((#18,#19,#20))REPRESENTATION_CONTEXT('NONE','WORKSPACE'));
#9=APPLICATION_CONTEXT(' ');
#10=PRODUCT_CATEGORY('part','NONE');
#11=PRODUCT_RELATED_PRODUCT_CATEGORY('detail',' ',(#22));
#12=PRODUCT_DEFINITION_SHAPE('NONE','NONE',#23);
#13=ADVANCED_BREP_SHAPE_REPRESENTATION('pulley_26_5m__09_2',(#24,#25),#5);
#16=UNCERTAINTY_MEASURE_WITH_UNIT(LENGTH_MEASURE(1.0E-006),#18,'','');
#18= (CONVERSION_BASED_UNIT('MILLIMETRE',#28)LENGTH_UNIT()NAMED_UNIT(#31));
#19= (NAMED_UNIT(#33)PLANE_ANGLE_UNIT()SI_UNIT($,.RADIAN.));
#20= (NAMED_UNIT(#33)SOLID_ANGLE_UNIT()SI_UNIT($,.STERADIAN.));
#22=PRODUCT('pulley_26_5m__09_2','pulley_26_5m__09_2','PART-pulley_26_5m__09_2-DESC',(#39));
#23=PRODUCT_DEFINITION('NONE','NONE',#40,#1);
#24=MANIFOLD_SOLID_BREP('pulley_26_5m__09_2',#41);
#25=AXIS2_PLACEMENT_3D('',#42,#43,#44);
#28=LENGTH_MEASURE_WITH_UNIT(LENGTH_MEASURE(1.0),#45);
#31=DIMENSIONAL_EXPONENTS(1.0,0.0,0.0,0.0,0.0,0.0,0.0);
#33=DIMENSIONAL_EXPONENTS(0.0,0.0,0.0,0.0,0.0,0.0,0.0);
#39=PRODUCT_CONTEXT('',#9,'mechanical');
#40=PRODUCT_DEFINITION_FORMATION_WITH_SPECIFIED_SOURCE(' ','NONE',#22,.NOT_KNOWN.);
#41=CLOSED_SHELL('',(#46,#47,#48,#49,#50,#51,#52,#53,#54,#55,#56,#57,#58,#59,#60,#61,#62,#63,#64,#65,#66,#67,#68,#69,#70,#71,#72,#73,#74,#75,#76,#77,#78,#79,#80,#81,#82,#83,#84,#85,#86,#87,#88,#89,#90,#91,#92,#93,#94,#95,#96,#97,#98,#99,#100,#101,#102,#103,#104,#105,#106,#107,#108,#109,#110,#111,#112,#113,#114,#115,#116,#117,#118,#119,#120,#121,#122,#123,#124,#125,#126,#127,#128,#129,#130,#131,#132,#133,#134,#135,#136,#137,#138,#139,#140,#141,#142,#143,#144,#145,#146,#147,#148,#149,#150,#151,#152,#153,#154,#155,#156,#157,#158,#159,#160,#161,#162,#163,#164,#165,#166,#167,#168,#169,#170,#171,#172,#173,#174,#175,#176,#177,#178,#179,#180,#181,#182,#183,#184,#185,#186,#187,#188,#189,#190,#191,#192,#193,#194,#195,#196,#197,#198,#199,#200,#201,#202,#203,#204,#205,#206,#207,#208,#209,#210,#211,#212,#213,#214,#215,#216,#217,#218,#219,#220,#221,#222,#223,#224,#225,#226,#227,#228,#229,#230,#231,#232,#233,#234,#235,#236,#237,#238,#239,#240,#241,#242,#243,#244,#245,#246,#247,#248,#249,#250,#251,#252,#253,#254,#255,#256,#257,#258,#259,#260,#261,#262,#263,#264,#265,#266,#267,#268,#269,#270));
#42=CARTESIAN_POINT('',(0.0,0.0,0.0));
#43=DIRECTION('',(0.0,0.0,1.0));
#44=DIRECTION('',(1.0,0.0,0.0));
#45= (NAMED_UNIT(#31)LENGTH_UNIT()SI_UNIT(.MILLI.,.METRE.));
#46=ADVANCED_FACE('',(#272),#273,.T.);
#47=ADVANCED_FACE('',(#274),#275,.T.);
#48=ADVANCED_FACE('',(#276),#277,.T.);
#49=ADVANCED_FACE('',(#278),#279,.T.);
#50=ADVANCED_FACE('',(#280),#281,.T.);
#51=ADVANCED_FACE('',(#282),#283,.T.);
#52=ADVANCED_FACE('',(#284),#285,.T.);
#53=ADVANCED_FACE('',(#286),#287,.F.);
#54=ADVANCED_FACE('',(#288),#289,.F.);
#55=ADVANCED_FACE('',(#290),#291,.T.);
#56=ADVANCED_FACE('',(#292,#293),#294,.T.);
#57=ADVANCED_FACE('',(#295),#296,.T.);
#58=ADVANCED_FACE('',(#297),#298,.T.);
#59=ADVANCED_FACE('',(#299),#300,.T.);
#60=ADVANCED_FACE('',(#301),#302,.T.);
#61=ADVANCED_FACE('',(#303),#304,.T.);
#62=ADVANCED_FACE('',(#305),#306,.T.);
#63=ADVANCED_FACE('',(#307),#308,.T.);
#64=ADVANCED_FACE('',(#309),#310,.T.);
#65=ADVANCED_FACE('',(#311),#312,.T.);
#66=ADVANCED_FACE('',(#313),#314,.T.);
#67=ADVANCED_FACE('',(#315),#316,.T.);
#68=ADVANCED_FACE('',(#317),#318,.T.);
#69=ADVANCED_FACE('',(#319),#320,.T.);
#70=ADVANCED_FACE('',(#321),#322,.T.);
#71=ADVANCED_FACE('',(#323),#324,.T.);
#72=ADVANCED_FACE('',(#325),#326,.T.);
#73=ADVANCED_FACE('',(#327),#328,.T.);
#74=ADVANCED_FACE('',(#329),#330,.T.);
#75=ADVANCED_FACE('',(#331),#332,.T.);
#76=ADVANCED_FACE('',(#333),#334,.T.);
#77=ADVANCED_FACE('',(#335),#336,.T.);
#78=ADVANCED_FACE('',(#337),#338,.T.);
#79=ADVANCED_FACE('',(#339),#340,.T.);
#80=ADVANCED_FACE('',(#341),#342,.T.);
#81=ADVANCED_FACE('',(#343),#344,.T.);
#82=ADVANCED_FACE('',(#345),#346,.T.);
#83=ADVANCED_FACE('',(#347),#348,.T.);
#84=ADVANCED_FACE('',(#349),#350,.T.);
#85=ADVANCED_FACE('',(#351),#352,.F.);
#86=ADVANCED_FACE('',(#353),#354,.F.);
#87=ADVANCED_FACE('',(#355),#356,.F.);
#88=ADVANCED_FACE('',(#357),#358,.T.);
#89=ADVANCED_FACE('',(#359),#360,.T.);
#90=ADVANCED_FACE('',(#361),#362,.T.);
#91=ADVANCED_FACE('',(#363),#364,.F.);
#92=ADVANCED_FACE('',(#365),#366,.F.);
#93=ADVANCED_FACE('',(#367),#368,.F.);
#94=ADVANCED_FACE('',(#369),#370,.T.);
#95=ADVANCED_FACE('',(#371),#372,.T.);
#96=ADVANCED_FACE('',(#373),#374,.T.);
#97=ADVANCED_FACE('',(#375),#376,.F.);
#98=ADVANCED_FACE('',(#377),#378,.F.);
#99=ADVANCED_FACE('',(#379),#380,.F.);
#100=ADVANCED_FACE('',(#381),#382,.T.);
#101=ADVANCED_FACE('',(#383),#384,.T.);
#102=ADVANCED_FACE('',(#385),#386,.T.);
#103=ADVANCED_FACE('',(#387),#388,.F.);
#104=ADVANCED_FACE('',(#389),#390,.F.);
#105=ADVANCED_FACE('',(#391),#392,.F.);
#106=ADVANCED_FACE('',(#393),#394,.T.);
#107=ADVANCED_FACE('',(#395),#396,.T.);
#108=ADVANCED_FACE('',(#397),#398,.T.);
#109=ADVANCED_FACE('',(#399),#400,.F.);
#110=ADVANCED_FACE('',(#401),#402,.F.);
#111=ADVANCED_FACE('',(#403),#404,.F.);
#112=ADVANCED_FACE('',(#405),#406,.T.);
#113=ADVANCED_FACE('',(#407),#408,.T.);
#114=ADVANCED_FACE('',(#409),#410,.T.);
#115=ADVANCED_FACE('',(#411),#412,.F.);
#116=ADVANCED_FACE('',(#413),#414,.F.);
#117=ADVANCED_FACE('',(#415),#416,.F.);
#118=ADVANCED_FACE('',(#417),#418,.T.);
#119=ADVANCED_FACE('',(#419),#420,.T.);
#120=ADVANCED_FACE('',(#421),#422,.T.);
#121=ADVANCED_FACE('',(#423),#424,.F.);
#122=ADVANCED_FACE('',(#425),#426,.F.);
#123=ADVANCED_FACE('',(#427),#428,.F.);
#124=ADVANCED_FACE('',(#429),#430,.T.);
#125=ADVANCED_FACE('',(#431),#432,.T.);
#126=ADVANCED_FACE('',(#433),#434,.T.);
#127=ADVANCED_FACE('',(#435),#436,.F.);
#128=ADVANCED_FACE('',(#437),#438,.F.);
#129=ADVANCED_FACE('',(#439),#440,.F.);
#130=ADVANCED_FACE('',(#441),#442,.T.);
#131=ADVANCED_FACE('',(#443),#444,.T.);
#132=ADVANCED_FACE('',(#445),#446,.T.);
#133=ADVANCED_FACE('',(#447),#448,.F.);
#134=ADVANCED_FACE('',(#449),#450,.F.);
#135=ADVANCED_FACE('',(#451),#452,.F.);
#136=ADVANCED_FACE('',(#453),#454,.T.);
#137=ADVANCED_FACE('',(#455),#456,.T.);
#138=ADVANCED_FACE('',(#457),#458,.T.);
#139=ADVANCED_FACE('',(#459),#460,.F.);
#140=ADVANCED_FACE('',(#461),#462,.F.);
#141=ADVANCED_FACE('',(#463),#464,.F.);
#142=ADVANCED_FACE('',(#465),#466,.T.);
#143=ADVANCED_FACE('',(#467),#468,.T.);
#144=ADVANCED_FACE('',(#469),#470,.T.);
#145=ADVANCED_FACE('',(#471),#472,.F.);
#146=ADVANCED_FACE('',(#473),#474,.F.);
#147=ADVANCED_FACE('',(#475),#476,.F.);
#148=ADVANCED_FACE('',(#477),#478,.T.);
#149=ADVANCED_FACE('',(#479),#480,.T.);
#150=ADVANCED_FACE('',(#481),#482,.T.);
#151=ADVANCED_FACE('',(#483),#484,.F.);
#152=ADVANCED_FACE('',(#485),#486,.F.);
#153=ADVANCED_FACE('',(#487),#488,.F.);
#154=ADVANCED_FACE('',(#489),#490,.T.);
#155=ADVANCED_FACE('',(#491),#492,.T.);
#156=ADVANCED_FACE('',(#493),#494,.T.);
#157=ADVANCED_FACE('',(#495),#496,.F.);
#158=ADVANCED_FACE('',(#497),#498,.F.);
#159=ADVANCED_FACE('',(#499),#500,.F.);
#160=ADVANCED_FACE('',(#501),#502,.T.);
#161=ADVANCED_FACE('',(#503),#504,.T.);
#162=ADVANCED_FACE('',(#505),#506,.T.);
#163=ADVANCED_FACE('',(#507),#508,.T.);
#164=ADVANCED_FACE('',(#509),#510,.T.);
#165=ADVANCED_FACE('',(#511),#512,.T.);
#166=ADVANCED_FACE('',(#513),#514,.T.);
#167=ADVANCED_FACE('',(#515),#516,.T.);
#168=ADVANCED_FACE('',(#517),#518,.T.);
#169=ADVANCED_FACE('',(#519),#520,.T.);
#170=ADVANCED_FACE('',(#521),#522,.T.);
#171=ADVANCED_FACE('',(#523),#524,.T.);
#172=ADVANCED_FACE('',(#525),#526,.T.);
#173=ADVANCED_FACE('',(#527),#528,.T.);
#174=ADVANCED_FACE('',(#529),#530,.T.);
#175=ADVANCED_FACE('',(#531),#532,.T.);
#176=ADVANCED_FACE('',(#533),#534,.T.);
#177=ADVANCED_FACE('',(#535),#536,.T.);
#178=ADVANCED_FACE('',(#537),#538,.T.);
#179=ADVANCED_FACE('',(#539),#540,.T.);
#180=ADVANCED_FACE('',(#541),#542,.T.);
#181=ADVANCED_FACE('',(#543),#544,.T.);
#182=ADVANCED_FACE('',(#545),#546,.T.);
#183=ADVANCED_FACE('',(#547),#548,.T.);
#184=ADVANCED_FACE('',(#549),#550,.T.);
#185=ADVANCED_FACE('',(#551),#552,.T.);
#186=ADVANCED_FACE('',(#553),#554,.T.);
#187=ADVANCED_FACE('',(#555),#556,.T.);
#188=ADVANCED_FACE('',(#557),#558,.T.);
#189=ADVANCED_FACE('',(#559),#560,.T.);
#190=ADVANCED_FACE('',(#561),#562,.T.);
#191=ADVANCED_FACE('',(#563),#564,.T.);
#192=ADVANCED_FACE('',(#565),#566,.T.);
#193=ADVANCED_FACE('',(#567),#568,.T.);
#194=ADVANCED_FACE('',(#569),#570,.F.);
#195=ADVANCED_FACE('',(#571),#572,.F.);
#196=ADVANCED_FACE('',(#573),#574,.F.);
#197=ADVANCED_FACE('',(#575),#576,.T.);
#198=ADVANCED_FACE('',(#577),#578,.T.);
#199=ADVANCED_FACE('',(#579),#580,.T.);
#200=ADVANCED_FACE('',(#581),#582,.F.);
#201=ADVANCED_FACE('',(#583),#584,.F.);
#202=ADVANCED_FACE('',(#585),#586,.F.);
#203=ADVANCED_FACE('',(#587),#588,.T.);
#204=ADVANCED_FACE('',(#589),#590,.T.);
#205=ADVANCED_FACE('',(#591),#592,.T.);
#206=ADVANCED_FACE('',(#593),#594,.F.);
#207=ADVANCED_FACE('',(#595),#596,.F.);
#208=ADVANCED_FACE('',(#597),#598,.F.);
#209=ADVANCED_FACE('',(#599),#600,.T.);
#210=ADVANCED_FACE('',(#601),#602,.T.);
#211=ADVANCED_FACE('',(#603),#604,.T.);
#212=ADVANCED_FACE('',(#605),#606,.F.);
#213=ADVANCED_FACE('',(#607),#608,.F.);
#214=ADVANCED_FACE('',(#609),#610,.F.);
#215=ADVANCED_FACE('',(#611),#612,.T.);
#216=ADVANCED_FACE('',(#613),#614,.T.);
#217=ADVANCED_FACE('',(#615),#616,.T.);
#218=ADVANCED_FACE('',(#617),#618,.F.);
#219=ADVANCED_FACE('',(#619),#620,.F.);
#220=ADVANCED_FACE('',(#621),#622,.F.);
#221=ADVANCED_FACE('',(#623),#624,.T.);
#222=ADVANCED_FACE('',(#625),#626,.T.);
#223=ADVANCED_FACE('',(#627),#628,.T.);
#224=ADVANCED_FACE('',(#629),#630,.F.);
#225=ADVANCED_FACE('',(#631),#632,.F.);
#226=ADVANCED_FACE('',(#633),#634,.F.);
#227=ADVANCED_FACE('',(#635),#636,.T.);
#228=ADVANCED_FACE('',(#637),#638,.T.);
#229=ADVANCED_FACE('',(#639),#640,.T.);
#230=ADVANCED_FACE('',(#641),#642,.F.);
#231=ADVANCED_FACE('',(#643),#644,.F.);
#232=ADVANCED_FACE('',(#645),#646,.F.);
#233=ADVANCED_FACE('',(#647),#648,.T.);
#234=ADVANCED_FACE('',(#649),#650,.T.);
#235=ADVANCED_FACE('',(#651),#652,.T.);
#236=ADVANCED_FACE('',(#653),#654,.F.);
#237=ADVANCED_FACE('',(#655),#656,.F.);
#238=ADVANCED_FACE('',(#657),#658,.F.);
#239=ADVANCED_FACE('',(#659),#660,.T.);
#240=ADVANCED_FACE('',(#661),#662,.T.);
#241=ADVANCED_FACE('',(#663),#664,.T.);
#242=ADVANCED_FACE('',(#665),#666,.F.);
#243=ADVANCED_FACE('',(#667),#668,.F.);
#244=ADVANCED_FACE('',(#669),#670,.F.);
#245=ADVANCED_FACE('',(#671),#672,.T.);
#246=ADVANCED_FACE('',(#673),#674,.T.);
#247=ADVANCED_FACE('',(#675),#676,.T.);
#248=ADVANCED_FACE('',(#677),#678,.F.);
#249=ADVANCED_FACE('',(#679),#680,.F.);
#250=ADVANCED_FACE('',(#681),#682,.F.);
#251=ADVANCED_FACE('',(#683),#684,.T.);
#252=ADVANCED_FACE('',(#685),#686,.T.);
#253=ADVANCED_FACE('',(#687),#688,.T.);
#254=ADVANCED_FACE('',(#689),#690,.F.);
#255=ADVANCED_FACE('',(#691),#692,.F.);
#256=ADVANCED_FACE('',(#693),#694,.F.);
#257=ADVANCED_FACE('',(#695),#696,.T.);
#258=ADVANCED_FACE('',(#697),#698,.T.);
#259=ADVANCED_FACE('',(#699),#700,.T.);
#260=ADVANCED_FACE('',(#701),#702,.F.);
#261=ADVANCED_FACE('',(#703),#704,.F.);
#262=ADVANCED_FACE('',(#705,#706),#707,.T.);
#263=ADVANCED_FACE('',(#708),#709,.F.);
#264=ADVANCED_FACE('',(#710),#711,.F.);
#265=ADVANCED_FACE('',(#712),#713,.T.);
#266=ADVANCED_FACE('',(#714),#715,.F.);
#267=ADVANCED_FACE('',(#716),#717,.T.);
#268=ADVANCED_FACE('',(#718),#719,.F.);
#269=ADVANCED_FACE('',(#720),#721,.T.);
#270=ADVANCED_FACE('',(#722,#723),#724,.T.);
#272=FACE_OUTER_BOUND('',#725,.T.);
#273=CYLINDRICAL_SURFACE('',#726,20.12);
#274=FACE_OUTER_BOUND('',#727,.T.);
#275=CONICAL_SURFACE('',#728,21.0490249545297,0.79841211781642);
#276=FACE_OUTER_BOUND('',#729,.T.);
#277=CONICAL_SURFACE('',#730,21.8070398373966,0.349065850398866);
#278=FACE_OUTER_BOUND('',#731,.T.);
#279=CYLINDRICAL_SURFACE('',#732,20.12);
#280=FACE_OUTER_BOUND('',#733,.T.);
#281=CONICAL_SURFACE('',#734,21.0490249545297,0.79841211781642);
#282=FACE_OUTER_BOUND('',#735,.T.);
#283=CONICAL_SURFACE('',#736,21.8070398373966,0.349065850398866);
#284=FACE_OUTER_BOUND('',#737,.T.);
#285=CYLINDRICAL_SURFACE('',#738,15.0);
#286=FACE_OUTER_BOUND('',#739,.T.);
#287=CYLINDRICAL_SURFACE('',#740,1.0);
#288=FACE_OUTER_BOUND('',#741,.T.);
#289=CYLINDRICAL_SURFACE('',#742,1.0);
#290=FACE_OUTER_BOUND('',#743,.T.);
#291=CYLINDRICAL_SURFACE('',#744,15.0);
#292=FACE_BOUND('',#745,.T.);
#293=FACE_OUTER_BOUND('',#746,.T.);
#294=PLANE('',#747);
#295=FACE_OUTER_BOUND('',#748,.T.);
#296=PLANE('',#749);
#297=FACE_OUTER_BOUND('',#750,.T.);
#298=PLANE('',#751);
#299=FACE_OUTER_BOUND('',#752,.T.);
#300=PLANE('',#753);
#301=FACE_OUTER_BOUND('',#754,.T.);
#302=PLANE('',#755);
#303=FACE_OUTER_BOUND('',#756,.T.);
#304=PLANE('',#757);
#305=FACE_OUTER_BOUND('',#758,.T.);
#306=PLANE('',#759);
#307=FACE_OUTER_BOUND('',#760,.T.);
#308=PLANE('',#761);
#309=FACE_OUTER_BOUND('',#762,.T.);
#310=PLANE('',#763);
#311=FACE_OUTER_BOUND('',#764,.T.);
#312=PLANE('',#765);
#313=FACE_OUTER_BOUND('',#766,.T.);
#314=PLANE('',#767);
#315=FACE_OUTER_BOUND('',#768,.T.);
#316=PLANE('',#769);
#317=FACE_OUTER_BOUND('',#770,.T.);
#318=PLANE('',#771);
#319=FACE_OUTER_BOUND('',#772,.T.);
#320=PLANE('',#773);
#321=FACE_OUTER_BOUND('',#774,.T.);
#322=PLANE('',#775);
#323=FACE_OUTER_BOUND('',#776,.T.);
#324=PLANE('',#777);
#325=FACE_OUTER_BOUND('',#778,.T.);
#326=PLANE('',#779);
#327=FACE_OUTER_BOUND('',#780,.T.);
#328=PLANE('',#781);
#329=FACE_OUTER_BOUND('',#782,.T.);
#330=PLANE('',#783);
#331=FACE_OUTER_BOUND('',#784,.T.);
#332=PLANE('',#785);
#333=FACE_OUTER_BOUND('',#786,.T.);
#334=PLANE('',#787);
#335=FACE_OUTER_BOUND('',#788,.T.);
#336=PLANE('',#789);
#337=FACE_OUTER_BOUND('',#790,.T.);
#338=PLANE('',#791);
#339=FACE_OUTER_BOUND('',#792,.T.);
#340=PLANE('',#793);
#341=FACE_OUTER_BOUND('',#794,.T.);
#342=PLANE('',#795);
#343=FACE_OUTER_BOUND('',#796,.T.);
#344=PLANE('',#797);
#345=FACE_OUTER_BOUND('',#798,.T.);
#346=CONICAL_SURFACE('',#799,21.8070398373966,0.349065850398866);
#347=FACE_OUTER_BOUND('',#800,.T.);
#348=CONICAL_SURFACE('',#801,21.0490249545297,0.79841211781642);
#349=FACE_OUTER_BOUND('',#802,.T.);
#350=PLANE('',#803);
#351=FACE_OUTER_BOUND('',#804,.T.);
#352=PLANE('',#805);
#353=FACE_OUTER_BOUND('',#806,.T.);
#354=CYLINDRICAL_SURFACE('',#807,1.6);
#355=FACE_OUTER_BOUND('',#808,.T.);
#356=PLANE('',#809);
#357=FACE_OUTER_BOUND('',#810,.T.);
#358=CYLINDRICAL_SURFACE('',#811,0.399999999999999);
#359=FACE_OUTER_BOUND('',#812,.T.);
#360=CYLINDRICAL_SURFACE('',#813,20.12);
#361=FACE_OUTER_BOUND('',#814,.T.);
#362=CYLINDRICAL_SURFACE('',#815,0.399999999999999);
#363=FACE_OUTER_BOUND('',#816,.T.);
#364=PLANE('',#817);
#365=FACE_OUTER_BOUND('',#818,.T.);
#366=CYLINDRICAL_SURFACE('',#819,1.6);
#367=FACE_OUTER_BOUND('',#820,.T.);
#368=PLANE('',#821);
#369=FACE_OUTER_BOUND('',#822,.T.);
#370=CYLINDRICAL_SURFACE('',#823,0.399999999999999);
#371=FACE_OUTER_BOUND('',#824,.T.);
#372=CYLINDRICAL_SURFACE('',#825,20.12);
#373=FACE_OUTER_BOUND('',#826,.T.);
#374=CYLINDRICAL_SURFACE('',#827,0.399999999999999);
#375=FACE_OUTER_BOUND('',#828,.T.);
#376=PLANE('',#829);
#377=FACE_OUTER_BOUND('',#830,.T.);
#378=CYLINDRICAL_SURFACE('',#831,1.6);
#379=FACE_OUTER_BOUND('',#832,.T.);
#380=PLANE('',#833);
#381=FACE_OUTER_BOUND('',#834,.T.);
#382=CYLINDRICAL_SURFACE('',#835,0.399999999999999);
#383=FACE_OUTER_BOUND('',#836,.T.);
#384=CYLINDRICAL_SURFACE('',#837,20.12);
#385=FACE_OUTER_BOUND('',#838,.T.);
#386=CYLINDRICAL_SURFACE('',#839,0.399999999999999);
#387=FACE_OUTER_BOUND('',#840,.T.);
#388=PLANE('',#841);
#389=FACE_OUTER_BOUND('',#842,.T.);
#390=CYLINDRICAL_SURFACE('',#843,1.6);
#391=FACE_OUTER_BOUND('',#844,.T.);
#392=PLANE('',#845);
#393=FACE_OUTER_BOUND('',#846,.T.);
#394=CYLINDRICAL_SURFACE('',#847,0.399999999999999);
#395=FACE_OUTER_BOUND('',#848,.T.);
#396=CYLINDRICAL_SURFACE('',#849,20.12);
#397=FACE_OUTER_BOUND('',#850,.T.);
#398=CYLINDRICAL_SURFACE('',#851,0.399999999999999);
#399=FACE_OUTER_BOUND('',#852,.T.);
#400=PLANE('',#853);
#401=FACE_OUTER_BOUND('',#854,.T.);
#402=CYLINDRICAL_SURFACE('',#855,1.6);
#403=FACE_OUTER_BOUND('',#856,.T.);
#404=PLANE('',#857);
#405=FACE_OUTER_BOUND('',#858,.T.);
#406=CYLINDRICAL_SURFACE('',#859,0.399999999999999);
#407=FACE_OUTER_BOUND('',#860,.T.);
#408=CYLINDRICAL_SURFACE('',#861,20.12);
#409=FACE_OUTER_BOUND('',#862,.T.);
#410=CYLINDRICAL_SURFACE('',#863,0.399999999999999);
#411=FACE_OUTER_BOUND('',#864,.T.);
#412=PLANE('',#865);
#413=FACE_OUTER_BOUND('',#866,.T.);
#414=CYLINDRICAL_SURFACE('',#867,1.6);
#415=FACE_OUTER_BOUND('',#868,.T.);
#416=PLANE('',#869);
#417=FACE_OUTER_BOUND('',#870,.T.);
#418=CYLINDRICAL_SURFACE('',#871,0.399999999999999);
#419=FACE_OUTER_BOUND('',#872,.T.);
#420=CYLINDRICAL_SURFACE('',#873,20.12);
#421=FACE_OUTER_BOUND('',#874,.T.);
#422=CYLINDRICAL_SURFACE('',#875,0.399999999999999);
#423=FACE_OUTER_BOUND('',#876,.T.);
#424=PLANE('',#877);
#425=FACE_OUTER_BOUND('',#878,.T.);
#426=CYLINDRICAL_SURFACE('',#879,1.6);
#427=FACE_OUTER_BOUND('',#880,.T.);
#428=PLANE('',#881);
#429=FACE_OUTER_BOUND('',#882,.T.);
#430=CYLINDRICAL_SURFACE('',#883,0.399999999999999);
#431=FACE_OUTER_BOUND('',#884,.T.);
#432=CYLINDRICAL_SURFACE('',#885,20.12);
#433=FACE_OUTER_BOUND('',#886,.T.);
#434=CYLINDRICAL_SURFACE('',#887,0.399999999999999);
#435=FACE_OUTER_BOUND('',#888,.T.);
#436=PLANE('',#889);
#437=FACE_OUTER_BOUND('',#890,.T.);
#438=CYLINDRICAL_SURFACE('',#891,1.6);
#439=FACE_OUTER_BOUND('',#892,.T.);
#440=PLANE('',#893);
#441=FACE_OUTER_BOUND('',#894,.T.);
#442=CYLINDRICAL_SURFACE('',#895,0.399999999999999);
#443=FACE_OUTER_BOUND('',#896,.T.);
#444=CYLINDRICAL_SURFACE('',#897,20.12);
#445=FACE_OUTER_BOUND('',#898,.T.);
#446=CYLINDRICAL_SURFACE('',#899,0.399999999999999);
#447=FACE_OUTER_BOUND('',#900,.T.);
#448=PLANE('',#901);
#449=FACE_OUTER_BOUND('',#902,.T.);
#450=CYLINDRICAL_SURFACE('',#903,1.6);
#451=FACE_OUTER_BOUND('',#904,.T.);
#452=PLANE('',#905);
#453=FACE_OUTER_BOUND('',#906,.T.);
#454=CYLINDRICAL_SURFACE('',#907,0.399999999999999);
#455=FACE_OUTER_BOUND('',#908,.T.);
#456=CYLINDRICAL_SURFACE('',#909,20.12);
#457=FACE_OUTER_BOUND('',#910,.T.);
#458=CYLINDRICAL_SURFACE('',#911,0.399999999999999);
#459=FACE_OUTER_BOUND('',#912,.T.);
#460=PLANE('',#913);
#461=FACE_OUTER_BOUND('',#914,.T.);
#462=CYLINDRICAL_SURFACE('',#915,1.6);
#463=FACE_OUTER_BOUND('',#916,.T.);
#464=PLANE('',#917);
#465=FACE_OUTER_BOUND('',#918,.T.);
#466=CYLINDRICAL_SURFACE('',#919,0.399999999999999);
#467=FACE_OUTER_BOUND('',#920,.T.);
#468=CYLINDRICAL_SURFACE('',#921,20.12);
#469=FACE_OUTER_BOUND('',#922,.T.);
#470=CYLINDRICAL_SURFACE('',#923,0.399999999999999);
#471=FACE_OUTER_BOUND('',#924,.T.);
#472=PLANE('',#925);
#473=FACE_OUTER_BOUND('',#926,.T.);
#474=CYLINDRICAL_SURFACE('',#927,1.6);
#475=FACE_OUTER_BOUND('',#928,.T.);
#476=PLANE('',#929);
#477=FACE_OUTER_BOUND('',#930,.T.);
#478=CYLINDRICAL_SURFACE('',#931,0.399999999999999);
#479=FACE_OUTER_BOUND('',#932,.T.);
#480=CYLINDRICAL_SURFACE('',#933,20.12);
#481=FACE_OUTER_BOUND('',#934,.T.);
#482=CYLINDRICAL_SURFACE('',#935,0.399999999999999);
#483=FACE_OUTER_BOUND('',#936,.T.);
#484=PLANE('',#937);
#485=FACE_OUTER_BOUND('',#938,.T.);
#486=CYLINDRICAL_SURFACE('',#939,1.6);
#487=FACE_OUTER_BOUND('',#940,.T.);
#488=PLANE('',#941);
#489=FACE_OUTER_BOUND('',#942,.T.);
#490=CYLINDRICAL_SURFACE('',#943,0.399999999999999);
#491=FACE_OUTER_BOUND('',#944,.T.);
#492=CYLINDRICAL_SURFACE('',#945,20.12);
#493=FACE_OUTER_BOUND('',#946,.T.);
#494=CYLINDRICAL_SURFACE('',#947,0.399999999999999);
#495=FACE_OUTER_BOUND('',#948,.T.);
#496=PLANE('',#949);
#497=FACE_OUTER_BOUND('',#950,.T.);
#498=CYLINDRICAL_SURFACE('',#951,1.6);
#499=FACE_OUTER_BOUND('',#952,.T.);
#500=PLANE('',#953);
#501=FACE_OUTER_BOUND('',#954,.T.);
#502=CYLINDRICAL_SURFACE('',#955,0.399999999999999);
#503=FACE_OUTER_BOUND('',#956,.T.);
#504=CYLINDRICAL_SURFACE('',#957,20.12);
#505=FACE_OUTER_BOUND('',#958,.T.);
#506=CYLINDRICAL_SURFACE('',#959,0.399999999999999);
#507=FACE_OUTER_BOUND('',#960,.T.);
#508=PLANE('',#961);
#509=FACE_OUTER_BOUND('',#962,.T.);
#510=PLANE('',#963);
#511=FACE_OUTER_BOUND('',#964,.T.);
#512=PLANE('',#965);
#513=FACE_OUTER_BOUND('',#966,.T.);
#514=PLANE('',#967);
#515=FACE_OUTER_BOUND('',#968,.T.);
#516=PLANE('',#969);
#517=FACE_OUTER_BOUND('',#970,.T.);
#518=PLANE('',#971);
#519=FACE_OUTER_BOUND('',#972,.T.);
#520=PLANE('',#973);
#521=FACE_OUTER_BOUND('',#974,.T.);
#522=PLANE('',#975);
#523=FACE_OUTER_BOUND('',#976,.T.);
#524=PLANE('',#977);
#525=FACE_OUTER_BOUND('',#978,.T.);
#526=PLANE('',#979);
#527=FACE_OUTER_BOUND('',#980,.T.);
#528=PLANE('',#981);
#529=FACE_OUTER_BOUND('',#982,.T.);
#530=PLANE('',#983);
#531=FACE_OUTER_BOUND('',#984,.T.);
#532=PLANE('',#985);
#533=FACE_OUTER_BOUND('',#986,.T.);
#534=PLANE('',#987);
#535=FACE_OUTER_BOUND('',#988,.T.);
#536=PLANE('',#989);
#537=FACE_OUTER_BOUND('',#990,.T.);
#538=PLANE('',#991);
#539=FACE_OUTER_BOUND('',#992,.T.);
#540=PLANE('',#993);
#541=FACE_OUTER_BOUND('',#994,.T.);
#542=PLANE('',#995);
#543=FACE_OUTER_BOUND('',#996,.T.);
#544=PLANE('',#997);
#545=FACE_OUTER_BOUND('',#998,.T.);
#546=PLANE('',#999);
#547=FACE_OUTER_BOUND('',#1000,.T.);
#548=PLANE('',#1001);
#549=FACE_OUTER_BOUND('',#1002,.T.);
#550=PLANE('',#1003);
#551=FACE_OUTER_BOUND('',#1004,.T.);
#552=PLANE('',#1005);
#553=FACE_OUTER_BOUND('',#1006,.T.);
#554=PLANE('',#1007);
#555=FACE_OUTER_BOUND('',#1008,.T.);
#556=PLANE('',#1009);
#557=FACE_OUTER_BOUND('',#1010,.T.);
#558=PLANE('',#1011);
#559=FACE_OUTER_BOUND('',#1012,.T.);
#560=CONICAL_SURFACE('',#1013,21.8070398373966,0.349065850398866);
#561=FACE_OUTER_BOUND('',#1014,.T.);
#562=CONICAL_SURFACE('',#1015,21.0490249545297,0.79841211781642);
#563=FACE_OUTER_BOUND('',#1016,.T.);
#564=CYLINDRICAL_SURFACE('',#1017,0.399999999999999);
#565=FACE_OUTER_BOUND('',#1018,.T.);
#566=CYLINDRICAL_SURFACE('',#1019,20.12);
#567=FACE_OUTER_BOUND('',#1020,.T.);
#568=CYLINDRICAL_SURFACE('',#1021,0.399999999999999);
#569=FACE_OUTER_BOUND('',#1022,.T.);
#570=PLANE('',#1023);
#571=FACE_OUTER_BOUND('',#1024,.T.);
#572=CYLINDRICAL_SURFACE('',#1025,1.6);
#573=FACE_OUTER_BOUND('',#1026,.T.);
#574=PLANE('',#1027);
#575=FACE_OUTER_BOUND('',#1028,.T.);
#576=CYLINDRICAL_SURFACE('',#1029,0.399999999999999);
#577=FACE_OUTER_BOUND('',#1030,.T.);
#578=CYLINDRICAL_SURFACE('',#1031,20.12);
#579=FACE_OUTER_BOUND('',#1032,.T.);
#580=CYLINDRICAL_SURFACE('',#1033,0.399999999999999);
#581=FACE_OUTER_BOUND('',#1034,.T.);
#582=PLANE('',#1035);
#583=FACE_OUTER_BOUND('',#1036,.T.);
#584=CYLINDRICAL_SURFACE('',#1037,1.6);
#585=FACE_OUTER_BOUND('',#1038,.T.);
#586=PLANE('',#1039);
#587=FACE_OUTER_BOUND('',#1040,.T.);
#588=CYLINDRICAL_SURFACE('',#1041,0.399999999999999);
#589=FACE_OUTER_BOUND('',#1042,.T.);
#590=CYLINDRICAL_SURFACE('',#1043,20.12);
#591=FACE_OUTER_BOUND('',#1044,.T.);
#592=CYLINDRICAL_SURFACE('',#1045,0.399999999999999);
#593=FACE_OUTER_BOUND('',#1046,.T.);
#594=PLANE('',#1047);
#595=FACE_OUTER_BOUND('',#1048,.T.);
#596=CYLINDRICAL_SURFACE('',#1049,1.6);
#597=FACE_OUTER_BOUND('',#1050,.T.);
#598=PLANE('',#1051);
#599=FACE_OUTER_BOUND('',#1052,.T.);
#600=CYLINDRICAL_SURFACE('',#1053,0.399999999999999);
#601=FACE_OUTER_BOUND('',#1054,.T.);
#602=CYLINDRICAL_SURFACE('',#1055,20.12);
#603=FACE_OUTER_BOUND('',#1056,.T.);
#604=CYLINDRICAL_SURFACE('',#1057,0.399999999999999);
#605=FACE_OUTER_BOUND('',#1058,.T.);
#606=PLANE('',#1059);
#607=FACE_OUTER_BOUND('',#1060,.T.);
#608=CYLINDRICAL_SURFACE('',#1061,1.6);
#609=FACE_OUTER_BOUND('',#1062,.T.);
#610=PLANE('',#1063);
#611=FACE_OUTER_BOUND('',#1064,.T.);
#612=CYLINDRICAL_SURFACE('',#1065,0.399999999999999);
#613=FACE_OUTER_BOUND('',#1066,.T.);
#614=CYLINDRICAL_SURFACE('',#1067,20.12);
#615=FACE_OUTER_BOUND('',#1068,.T.);
#616=CYLINDRICAL_SURFACE('',#1069,0.399999999999999);
#617=FACE_OUTER_BOUND('',#1070,.T.);
#618=PLANE('',#1071);
#619=FACE_OUTER_BOUND('',#1072,.T.);
#620=CYLINDRICAL_SURFACE('',#1073,1.6);
#621=FACE_OUTER_BOUND('',#1074,.T.);
#622=PLANE('',#1075);
#623=FACE_OUTER_BOUND('',#1076,.T.);
#624=CYLINDRICAL_SURFACE('',#1077,0.399999999999999);
#625=FACE_OUTER_BOUND('',#1078,.T.);
#626=CYLINDRICAL_SURFACE('',#1079,20.12);
#627=FACE_OUTER_BOUND('',#1080,.T.);
#628=CYLINDRICAL_SURFACE('',#1081,0.399999999999999);
#629=FACE_OUTER_BOUND('',#1082,.T.);
#630=PLANE('',#1083);
#631=FACE_OUTER_BOUND('',#1084,.T.);
#632=CYLINDRICAL_SURFACE('',#1085,1.6);
#633=FACE_OUTER_BOUND('',#1086,.T.);
#634=PLANE('',#1087);
#635=FACE_OUTER_BOUND('',#1088,.T.);
#636=CYLINDRICAL_SURFACE('',#1089,0.399999999999999);
#637=FACE_OUTER_BOUND('',#1090,.T.);
#638=CYLINDRICAL_SURFACE('',#1091,20.12);
#639=FACE_OUTER_BOUND('',#1092,.T.);
#640=CYLINDRICAL_SURFACE('',#1093,0.399999999999999);
#641=FACE_OUTER_BOUND('',#1094,.T.);
#642=PLANE('',#1095);
#643=FACE_OUTER_BOUND('',#1096,.T.);
#644=CYLINDRICAL_SURFACE('',#1097,1.6);
#645=FACE_OUTER_BOUND('',#1098,.T.);
#646=PLANE('',#1099);
#647=FACE_OUTER_BOUND('',#1100,.T.);
#648=CYLINDRICAL_SURFACE('',#1101,0.399999999999999);
#649=FACE_OUTER_BOUND('',#1102,.T.);
#650=CYLINDRICAL_SURFACE('',#1103,20.12);
#651=FACE_OUTER_BOUND('',#1104,.T.);
#652=CYLINDRICAL_SURFACE('',#1105,0.399999999999999);
#653=FACE_OUTER_BOUND('',#1106,.T.);
#654=PLANE('',#1107);
#655=FACE_OUTER_BOUND('',#1108,.T.);
#656=CYLINDRICAL_SURFACE('',#1109,1.6);
#657=FACE_OUTER_BOUND('',#1110,.T.);
#658=PLANE('',#1111);
#659=FACE_OUTER_BOUND('',#1112,.T.);
#660=CYLINDRICAL_SURFACE('',#1113,0.399999999999999);
#661=FACE_OUTER_BOUND('',#1114,.T.);
#662=CYLINDRICAL_SURFACE('',#1115,20.12);
#663=FACE_OUTER_BOUND('',#1116,.T.);
#664=CYLINDRICAL_SURFACE('',#1117,0.399999999999999);
#665=FACE_OUTER_BOUND('',#1118,.T.);
#666=PLANE('',#1119);
#667=FACE_OUTER_BOUND('',#1120,.T.);
#668=CYLINDRICAL_SURFACE('',#1121,1.6);
#669=FACE_OUTER_BOUND('',#1122,.T.);
#670=PLANE('',#1123);
#671=FACE_OUTER_BOUND('',#1124,.T.);
#672=CYLINDRICAL_SURFACE('',#1125,0.399999999999999);
#673=FACE_OUTER_BOUND('',#1126,.T.);
#674=CYLINDRICAL_SURFACE('',#1127,20.12);
#675=FACE_OUTER_BOUND('',#1128,.T.);
#676=CYLINDRICAL_SURFACE('',#1129,0.399999999999999);
#677=FACE_OUTER_BOUND('',#1130,.T.);
#678=PLANE('',#1131);
#679=FACE_OUTER_BOUND('',#1132,.T.);
#680=CYLINDRICAL_SURFACE('',#1133,1.6);
#681=FACE_OUTER_BOUND('',#1134,.T.);
#682=PLANE('',#1135);
#683=FACE_OUTER_BOUND('',#1136,.T.);
#684=CYLINDRICAL_SURFACE('',#1137,0.399999999999999);
#685=FACE_OUTER_BOUND('',#1138,.T.);
#686=CYLINDRICAL_SURFACE('',#1139,20.12);
#687=FACE_OUTER_BOUND('',#1140,.T.);
#688=CYLINDRICAL_SURFACE('',#1141,0.399999999999999);
#689=FACE_OUTER_BOUND('',#1142,.T.);
#690=PLANE('',#1143);
#691=FACE_OUTER_BOUND('',#1144,.T.);
#692=CYLINDRICAL_SURFACE('',#1145,1.6);
#693=FACE_OUTER_BOUND('',#1146,.T.);
#694=PLANE('',#1147);
#695=FACE_OUTER_BOUND('',#1148,.T.);
#696=CYLINDRICAL_SURFACE('',#1149,0.399999999999999);
#697=FACE_OUTER_BOUND('',#1150,.T.);
#698=CYLINDRICAL_SURFACE('',#1151,20.12);
#699=FACE_OUTER_BOUND('',#1152,.T.);
#700=CYLINDRICAL_SURFACE('',#1153,0.399999999999999);
#701=FACE_OUTER_BOUND('',#1154,.T.);
#702=PLANE('',#1155);
#703=FACE_OUTER_BOUND('',#1156,.T.);
#704=CYLINDRICAL_SURFACE('',#1157,1.6);
#705=FACE_BOUND('',#1158,.T.);
#706=FACE_OUTER_BOUND('',#1159,.T.);
#707=PLANE('',#1160);
#708=FACE_OUTER_BOUND('',#1161,.T.);
#709=PLANE('',#1162);
#710=FACE_OUTER_BOUND('',#1163,.T.);
#711=CYLINDRICAL_SURFACE('',#1164,1.6);
#712=FACE_OUTER_BOUND('',#1165,.T.);
#713=CYLINDRICAL_SURFACE('',#1166,0.399999999999999);
#714=FACE_OUTER_BOUND('',#1167,.T.);
#715=PLANE('',#1168);
#716=FACE_OUTER_BOUND('',#1169,.T.);
#717=CYLINDRICAL_SURFACE('',#1170,20.12);
#718=FACE_OUTER_BOUND('',#1171,.T.);
#719=PLANE('',#1172);
#720=FACE_OUTER_BOUND('',#1173,.T.);
#721=CYLINDRICAL_SURFACE('',#1174,0.399999999999999);
#722=FACE_BOUND('',#1175,.T.);
#723=FACE_OUTER_BOUND('',#1176,.T.);
#724=PLANE('',#1177);
#725=EDGE_LOOP('',(#1178,#1179,#1180,#1181));
#726=AXIS2_PLACEMENT_3D('',#1182,#1183,#1184);
#727=EDGE_LOOP('',(#1185,#1186,#1187,#1188,#1189,#1190,#1191,#1192,#1193,#1194,#1195,#1196,#1197,#1198,#1199,#1200,#1201,#1202,#1203,#1204,#1205,#1206,#1207,#1208,#1209,#1210,#1211,#1212,#1213,#1214,#1215));
#728=AXIS2_PLACEMENT_3D('',#1216,#1217,#1218);
#729=EDGE_LOOP('',(#1219,#1220,#1221,#1222));
#730=AXIS2_PLACEMENT_3D('',#1223,#1224,#1225);
#731=EDGE_LOOP('',(#1226,#1227,#1228,#1229));
#732=AXIS2_PLACEMENT_3D('',#1230,#1231,#1232);
#733=EDGE_LOOP('',(#1233,#1234,#1235,#1236,#1237,#1238,#1239,#1240,#1241,#1242,#1243,#1244,#1245,#1246,#1247,#1248,#1249,#1250,#1251,#1252,#1253,#1254,#1255,#1256,#1257,#1258,#1259,#1260,#1261,#1262,#1263));
#734=AXIS2_PLACEMENT_3D('',#1264,#1265,#1266);
#735=EDGE_LOOP('',(#1267,#1268,#1269,#1270));
#736=AXIS2_PLACEMENT_3D('',#1271,#1272,#1273);
#737=EDGE_LOOP('',(#1274,#1275,#1276,#1277));
#738=AXIS2_PLACEMENT_3D('',#1278,#1279,#1280);
#739=EDGE_LOOP('',(#1281,#1282,#1283,#1284));
#740=AXIS2_PLACEMENT_3D('',#1285,#1286,#1287);
#741=EDGE_LOOP('',(#1288,#1289,#1290,#1291));
#742=AXIS2_PLACEMENT_3D('',#1292,#1293,#1294);
#743=EDGE_LOOP('',(#1295,#1296,#1297,#1298));
#744=AXIS2_PLACEMENT_3D('',#1299,#1300,#1301);
#745=EDGE_LOOP('',(#1302,#1303));
#746=EDGE_LOOP('',(#1304,#1305));
#747=AXIS2_PLACEMENT_3D('',#1306,#1307,#1308);
#748=EDGE_LOOP('',(#1309,#1310,#1311,#1312,#1313,#1314));
#749=AXIS2_PLACEMENT_3D('',#1315,#1316,#1317);
#750=EDGE_LOOP('',(#1318,#1319,#1320,#1321,#1322,#1323));
#751=AXIS2_PLACEMENT_3D('',#1324,#1325,#1326);
#752=EDGE_LOOP('',(#1327,#1328,#1329,#1330,#1331,#1332));
#753=AXIS2_PLACEMENT_3D('',#1333,#1334,#1335);
#754=EDGE_LOOP('',(#1336,#1337,#1338,#1339,#1340,#1341));
#755=AXIS2_PLACEMENT_3D('',#1342,#1343,#1344);
#756=EDGE_LOOP('',(#1345,#1346,#1347,#1348,#1349,#1350));
#757=AXIS2_PLACEMENT_3D('',#1351,#1352,#1353);
#758=EDGE_LOOP('',(#1354,#1355,#1356,#1357,#1358,#1359));
#759=AXIS2_PLACEMENT_3D('',#1360,#1361,#1362);
#760=EDGE_LOOP('',(#1363,#1364,#1365,#1366,#1367,#1368));
#761=AXIS2_PLACEMENT_3D('',#1369,#1370,#1371);
#762=EDGE_LOOP('',(#1372,#1373,#1374,#1375,#1376,#1377));
#763=AXIS2_PLACEMENT_3D('',#1378,#1379,#1380);
#764=EDGE_LOOP('',(#1381,#1382,#1383,#1384,#1385,#1386));
#765=AXIS2_PLACEMENT_3D('',#1387,#1388,#1389);
#766=EDGE_LOOP('',(#1390,#1391,#1392,#1393,#1394,#1395));
#767=AXIS2_PLACEMENT_3D('',#1396,#1397,#1398);
#768=EDGE_LOOP('',(#1399,#1400,#1401,#1402,#1403,#1404,#1405));
#769=AXIS2_PLACEMENT_3D('',#1406,#1407,#1408);
#770=EDGE_LOOP('',(#1409,#1410,#1411,#1412,#1413,#1414));
#771=AXIS2_PLACEMENT_3D('',#1415,#1416,#1417);
#772=EDGE_LOOP('',(#1418,#1419,#1420,#1421,#1422,#1423));
#773=AXIS2_PLACEMENT_3D('',#1424,#1425,#1426);
#774=EDGE_LOOP('',(#1427,#1428,#1429,#1430,#1431,#1432));
#775=AXIS2_PLACEMENT_3D('',#1433,#1434,#1435);
#776=EDGE_LOOP('',(#1436,#1437,#1438,#1439,#1440,#1441));
#777=AXIS2_PLACEMENT_3D('',#1442,#1443,#1444);
#778=EDGE_LOOP('',(#1445,#1446,#1447,#1448,#1449,#1450));
#779=AXIS2_PLACEMENT_3D('',#1451,#1452,#1453);
#780=EDGE_LOOP('',(#1454,#1455,#1456,#1457,#1458,#1459));
#781=AXIS2_PLACEMENT_3D('',#1460,#1461,#1462);
#782=EDGE_LOOP('',(#1463,#1464,#1465,#1466,#1467,#1468));
#783=AXIS2_PLACEMENT_3D('',#1469,#1470,#1471);
#784=EDGE_LOOP('',(#1472,#1473,#1474,#1475,#1476,#1477));
#785=AXIS2_PLACEMENT_3D('',#1478,#1479,#1480);
#786=EDGE_LOOP('',(#1481,#1482,#1483,#1484,#1485,#1486));
#787=AXIS2_PLACEMENT_3D('',#1487,#1488,#1489);
#788=EDGE_LOOP('',(#1490,#1491,#1492,#1493,#1494,#1495));
#789=AXIS2_PLACEMENT_3D('',#1496,#1497,#1498);
#790=EDGE_LOOP('',(#1499,#1500,#1501,#1502,#1503,#1504));
#791=AXIS2_PLACEMENT_3D('',#1505,#1506,#1507);
#792=EDGE_LOOP('',(#1508,#1509,#1510,#1511,#1512,#1513));
#793=AXIS2_PLACEMENT_3D('',#1514,#1515,#1516);
#794=EDGE_LOOP('',(#1517,#1518,#1519,#1520,#1521,#1522,#1523));
#795=AXIS2_PLACEMENT_3D('',#1524,#1525,#1526);
#796=EDGE_LOOP('',(#1527,#1528,#1529,#1530,#1531,#1532));
#797=AXIS2_PLACEMENT_3D('',#1533,#1534,#1535);
#798=EDGE_LOOP('',(#1536,#1537,#1538,#1539));
#799=AXIS2_PLACEMENT_3D('',#1540,#1541,#1542);
#800=EDGE_LOOP('',(#1543,#1544,#1545,#1546,#1547,#1548,#1549,#1550,#1551,#1552,#1553,#1554,#1555,#1556,#1557,#1558,#1559,#1560,#1561,#1562,#1563,#1564,#1565,#1566,#1567,#1568,#1569,#1570,#1571,#1572,#1573));
#801=AXIS2_PLACEMENT_3D('',#1574,#1575,#1576);
#802=EDGE_LOOP('',(#1577,#1578,#1579,#1580,#1581,#1582));
#803=AXIS2_PLACEMENT_3D('',#1583,#1584,#1585);
#804=EDGE_LOOP('',(#1586,#1587,#1588,#1589));
#805=AXIS2_PLACEMENT_3D('',#1590,#1591,#1592);
#806=EDGE_LOOP('',(#1593,#1594,#1595,#1596));
#807=AXIS2_PLACEMENT_3D('',#1597,#1598,#1599);
#808=EDGE_LOOP('',(#1600,#1601,#1602,#1603));
#809=AXIS2_PLACEMENT_3D('',#1604,#1605,#1606);
#810=EDGE_LOOP('',(#1607,#1608,#1609,#1610));
#811=AXIS2_PLACEMENT_3D('',#1611,#1612,#1613);
#812=EDGE_LOOP('',(#1614,#1615,#1616,#1617));
#813=AXIS2_PLACEMENT_3D('',#1618,#1619,#1620);
#814=EDGE_LOOP('',(#1621,#1622,#1623,#1624));
#815=AXIS2_PLACEMENT_3D('',#1625,#1626,#1627);
#816=EDGE_LOOP('',(#1628,#1629,#1630,#1631));
#817=AXIS2_PLACEMENT_3D('',#1632,#1633,#1634);
#818=EDGE_LOOP('',(#1635,#1636,#1637,#1638));
#819=AXIS2_PLACEMENT_3D('',#1639,#1640,#1641);
#820=EDGE_LOOP('',(#1642,#1643,#1644,#1645));
#821=AXIS2_PLACEMENT_3D('',#1646,#1647,#1648);
#822=EDGE_LOOP('',(#1649,#1650,#1651,#1652));
#823=AXIS2_PLACEMENT_3D('',#1653,#1654,#1655);
#824=EDGE_LOOP('',(#1656,#1657,#1658,#1659));
#825=AXIS2_PLACEMENT_3D('',#1660,#1661,#1662);
#826=EDGE_LOOP('',(#1663,#1664,#1665,#1666));
#827=AXIS2_PLACEMENT_3D('',#1667,#1668,#1669);
#828=EDGE_LOOP('',(#1670,#1671,#1672,#1673));
#829=AXIS2_PLACEMENT_3D('',#1674,#1675,#1676);
#830=EDGE_LOOP('',(#1677,#1678,#1679,#1680));
#831=AXIS2_PLACEMENT_3D('',#1681,#1682,#1683);
#832=EDGE_LOOP('',(#1684,#1685,#1686,#1687));
#833=AXIS2_PLACEMENT_3D('',#1688,#1689,#1690);
#834=EDGE_LOOP('',(#1691,#1692,#1693,#1694));
#835=AXIS2_PLACEMENT_3D('',#1695,#1696,#1697);
#836=EDGE_LOOP('',(#1698,#1699,#1700,#1701));
#837=AXIS2_PLACEMENT_3D('',#1702,#1703,#1704);
#838=EDGE_LOOP('',(#1705,#1706,#1707,#1708));
#839=AXIS2_PLACEMENT_3D('',#1709,#1710,#1711);
#840=EDGE_LOOP('',(#1712,#1713,#1714,#1715));
#841=AXIS2_PLACEMENT_3D('',#1716,#1717,#1718);
#842=EDGE_LOOP('',(#1719,#1720,#1721,#1722));
#843=AXIS2_PLACEMENT_3D('',#1723,#1724,#1725);
#844=EDGE_LOOP('',(#1726,#1727,#1728,#1729));
#845=AXIS2_PLACEMENT_3D('',#1730,#1731,#1732);
#846=EDGE_LOOP('',(#1733,#1734,#1735,#1736));
#847=AXIS2_PLACEMENT_3D('',#1737,#1738,#1739);
#848=EDGE_LOOP('',(#1740,#1741,#1742,#1743));
#849=AXIS2_PLACEMENT_3D('',#1744,#1745,#1746);
#850=EDGE_LOOP('',(#1747,#1748,#1749,#1750));
#851=AXIS2_PLACEMENT_3D('',#1751,#1752,#1753);
#852=EDGE_LOOP('',(#1754,#1755,#1756,#1757));
#853=AXIS2_PLACEMENT_3D('',#1758,#1759,#1760);
#854=EDGE_LOOP('',(#1761,#1762,#1763,#1764));
#855=AXIS2_PLACEMENT_3D('',#1765,#1766,#1767);
#856=EDGE_LOOP('',(#1768,#1769,#1770,#1771));
#857=AXIS2_PLACEMENT_3D('',#1772,#1773,#1774);
#858=EDGE_LOOP('',(#1775,#1776,#1777,#1778));
#859=AXIS2_PLACEMENT_3D('',#1779,#1780,#1781);
#860=EDGE_LOOP('',(#1782,#1783,#1784,#1785));
#861=AXIS2_PLACEMENT_3D('',#1786,#1787,#1788);
#862=EDGE_LOOP('',(#1789,#1790,#1791,#1792));
#863=AXIS2_PLACEMENT_3D('',#1793,#1794,#1795);
#864=EDGE_LOOP('',(#1796,#1797,#1798,#1799));
#865=AXIS2_PLACEMENT_3D('',#1800,#1801,#1802);
#866=EDGE_LOOP('',(#1803,#1804,#1805,#1806));
#867=AXIS2_PLACEMENT_3D('',#1807,#1808,#1809);
#868=EDGE_LOOP('',(#1810,#1811,#1812,#1813));
#869=AXIS2_PLACEMENT_3D('',#1814,#1815,#1816);
#870=EDGE_LOOP('',(#1817,#1818,#1819,#1820));
#871=AXIS2_PLACEMENT_3D('',#1821,#1822,#1823);
#872=EDGE_LOOP('',(#1824,#1825,#1826,#1827));
#873=AXIS2_PLACEMENT_3D('',#1828,#1829,#1830);
#874=EDGE_LOOP('',(#1831,#1832,#1833,#1834));
#875=AXIS2_PLACEMENT_3D('',#1835,#1836,#1837);
#876=EDGE_LOOP('',(#1838,#1839,#1840,#1841));
#877=AXIS2_PLACEMENT_3D('',#1842,#1843,#1844);
#878=EDGE_LOOP('',(#1845,#1846,#1847,#1848));
#879=AXIS2_PLACEMENT_3D('',#1849,#1850,#1851);
#880=EDGE_LOOP('',(#1852,#1853,#1854,#1855));
#881=AXIS2_PLACEMENT_3D('',#1856,#1857,#1858);
#882=EDGE_LOOP('',(#1859,#1860,#1861,#1862));
#883=AXIS2_PLACEMENT_3D('',#1863,#1864,#1865);
#884=EDGE_LOOP('',(#1866,#1867,#1868,#1869));
#885=AXIS2_PLACEMENT_3D('',#1870,#1871,#1872);
#886=EDGE_LOOP('',(#1873,#1874,#1875,#1876));
#887=AXIS2_PLACEMENT_3D('',#1877,#1878,#1879);
#888=EDGE_LOOP('',(#1880,#1881,#1882,#1883));
#889=AXIS2_PLACEMENT_3D('',#1884,#1885,#1886);
#890=EDGE_LOOP('',(#1887,#1888,#1889,#1890));
#891=AXIS2_PLACEMENT_3D('',#1891,#1892,#1893);
#892=EDGE_LOOP('',(#1894,#1895,#1896,#1897));
#893=AXIS2_PLACEMENT_3D('',#1898,#1899,#1900);
#894=EDGE_LOOP('',(#1901,#1902,#1903,#1904));
#895=AXIS2_PLACEMENT_3D('',#1905,#1906,#1907);
#896=EDGE_LOOP('',(#1908,#1909,#1910,#1911));
#897=AXIS2_PLACEMENT_3D('',#1912,#1913,#1914);
#898=EDGE_LOOP('',(#1915,#1916,#1917,#1918));
#899=AXIS2_PLACEMENT_3D('',#1919,#1920,#1921);
#900=EDGE_LOOP('',(#1922,#1923,#1924,#1925));
#901=AXIS2_PLACEMENT_3D('',#1926,#1927,#1928);
#902=EDGE_LOOP('',(#1929,#1930,#1931,#1932));
#903=AXIS2_PLACEMENT_3D('',#1933,#1934,#1935);
#904=EDGE_LOOP('',(#1936,#1937,#1938,#1939));
#905=AXIS2_PLACEMENT_3D('',#1940,#1941,#1942);
#906=EDGE_LOOP('',(#1943,#1944,#1945,#1946));
#907=AXIS2_PLACEMENT_3D('',#1947,#1948,#1949);
#908=EDGE_LOOP('',(#1950,#1951,#1952,#1953));
#909=AXIS2_PLACEMENT_3D('',#1954,#1955,#1956);
#910=EDGE_LOOP('',(#1957,#1958,#1959,#1960));
#911=AXIS2_PLACEMENT_3D('',#1961,#1962,#1963);
#912=EDGE_LOOP('',(#1964,#1965,#1966,#1967));
#913=AXIS2_PLACEMENT_3D('',#1968,#1969,#1970);
#914=EDGE_LOOP('',(#1971,#1972,#1973,#1974));
#915=AXIS2_PLACEMENT_3D('',#1975,#1976,#1977);
#916=EDGE_LOOP('',(#1978,#1979,#1980,#1981));
#917=AXIS2_PLACEMENT_3D('',#1982,#1983,#1984);
#918=EDGE_LOOP('',(#1985,#1986,#1987,#1988));
#919=AXIS2_PLACEMENT_3D('',#1989,#1990,#1991);
#920=EDGE_LOOP('',(#1992,#1993,#1994,#1995));
#921=AXIS2_PLACEMENT_3D('',#1996,#1997,#1998);
#922=EDGE_LOOP('',(#1999,#2000,#2001,#2002));
#923=AXIS2_PLACEMENT_3D('',#2003,#2004,#2005);
#924=EDGE_LOOP('',(#2006,#2007,#2008,#2009));
#925=AXIS2_PLACEMENT_3D('',#2010,#2011,#2012);
#926=EDGE_LOOP('',(#2013,#2014,#2015,#2016));
#927=AXIS2_PLACEMENT_3D('',#2017,#2018,#2019);
#928=EDGE_LOOP('',(#2020,#2021,#2022,#2023));
#929=AXIS2_PLACEMENT_3D('',#2024,#2025,#2026);
#930=EDGE_LOOP('',(#2027,#2028,#2029,#2030));
#931=AXIS2_PLACEMENT_3D('',#2031,#2032,#2033);
#932=EDGE_LOOP('',(#2034,#2035,#2036,#2037));
#933=AXIS2_PLACEMENT_3D('',#2038,#2039,#2040);
#934=EDGE_LOOP('',(#2041,#2042,#2043,#2044));
#935=AXIS2_PLACEMENT_3D('',#2045,#2046,#2047);
#936=EDGE_LOOP('',(#2048,#2049,#2050,#2051));
#937=AXIS2_PLACEMENT_3D('',#2052,#2053,#2054);
#938=EDGE_LOOP('',(#2055,#2056,#2057,#2058));
#939=AXIS2_PLACEMENT_3D('',#2059,#2060,#2061);
#940=EDGE_LOOP('',(#2062,#2063,#2064,#2065));
#941=AXIS2_PLACEMENT_3D('',#2066,#2067,#2068);
#942=EDGE_LOOP('',(#2069,#2070,#2071,#2072));
#943=AXIS2_PLACEMENT_3D('',#2073,#2074,#2075);
#944=EDGE_LOOP('',(#2076,#2077,#2078,#2079));
#945=AXIS2_PLACEMENT_3D('',#2080,#2081,#2082);
#946=EDGE_LOOP('',(#2083,#2084,#2085,#2086));
#947=AXIS2_PLACEMENT_3D('',#2087,#2088,#2089);
#948=EDGE_LOOP('',(#2090,#2091,#2092,#2093));
#949=AXIS2_PLACEMENT_3D('',#2094,#2095,#2096);
#950=EDGE_LOOP('',(#2097,#2098,#2099,#2100));
#951=AXIS2_PLACEMENT_3D('',#2101,#2102,#2103);
#952=EDGE_LOOP('',(#2104,#2105,#2106,#2107));
#953=AXIS2_PLACEMENT_3D('',#2108,#2109,#2110);
#954=EDGE_LOOP('',(#2111,#2112,#2113,#2114));
#955=AXIS2_PLACEMENT_3D('',#2115,#2116,#2117);
#956=EDGE_LOOP('',(#2118,#2119,#2120,#2121));
#957=AXIS2_PLACEMENT_3D('',#2122,#2123,#2124);
#958=EDGE_LOOP('',(#2125,#2126,#2127,#2128));
#959=AXIS2_PLACEMENT_3D('',#2129,#2130,#2131);
#960=EDGE_LOOP('',(#2132,#2133,#2134,#2135,#2136,#2137,#2138));
#961=AXIS2_PLACEMENT_3D('',#2139,#2140,#2141);
#962=EDGE_LOOP('',(#2142,#2143,#2144,#2145,#2146,#2147));
#963=AXIS2_PLACEMENT_3D('',#2148,#2149,#2150);
#964=EDGE_LOOP('',(#2151,#2152,#2153,#2154,#2155,#2156));
#965=AXIS2_PLACEMENT_3D('',#2157,#2158,#2159);
#966=EDGE_LOOP('',(#2160,#2161,#2162,#2163,#2164,#2165));
#967=AXIS2_PLACEMENT_3D('',#2166,#2167,#2168);
#968=EDGE_LOOP('',(#2169,#2170,#2171,#2172,#2173,#2174));
#969=AXIS2_PLACEMENT_3D('',#2175,#2176,#2177);
#970=EDGE_LOOP('',(#2178,#2179,#2180,#2181,#2182,#2183));
#971=AXIS2_PLACEMENT_3D('',#2184,#2185,#2186);
#972=EDGE_LOOP('',(#2187,#2188,#2189,#2190,#2191,#2192));
#973=AXIS2_PLACEMENT_3D('',#2193,#2194,#2195);
#974=EDGE_LOOP('',(#2196,#2197,#2198,#2199,#2200,#2201));
#975=AXIS2_PLACEMENT_3D('',#2202,#2203,#2204);
#976=EDGE_LOOP('',(#2205,#2206,#2207,#2208,#2209,#2210));
#977=AXIS2_PLACEMENT_3D('',#2211,#2212,#2213);
#978=EDGE_LOOP('',(#2214,#2215,#2216,#2217,#2218,#2219));
#979=AXIS2_PLACEMENT_3D('',#2220,#2221,#2222);
#980=EDGE_LOOP('',(#2223,#2224,#2225,#2226,#2227,#2228));
#981=AXIS2_PLACEMENT_3D('',#2229,#2230,#2231);
#982=EDGE_LOOP('',(#2232,#2233,#2234,#2235,#2236,#2237));
#983=AXIS2_PLACEMENT_3D('',#2238,#2239,#2240);
#984=EDGE_LOOP('',(#2241,#2242,#2243,#2244,#2245,#2246));
#985=AXIS2_PLACEMENT_3D('',#2247,#2248,#2249);
#986=EDGE_LOOP('',(#2250,#2251,#2252,#2253,#2254,#2255,#2256));
#987=AXIS2_PLACEMENT_3D('',#2257,#2258,#2259);
#988=EDGE_LOOP('',(#2260,#2261,#2262,#2263,#2264,#2265));
#989=AXIS2_PLACEMENT_3D('',#2266,#2267,#2268);
#990=EDGE_LOOP('',(#2269,#2270,#2271,#2272,#2273,#2274));
#991=AXIS2_PLACEMENT_3D('',#2275,#2276,#2277);
#992=EDGE_LOOP('',(#2278,#2279,#2280,#2281,#2282,#2283));
#993=AXIS2_PLACEMENT_3D('',#2284,#2285,#2286);
#994=EDGE_LOOP('',(#2287,#2288,#2289,#2290,#2291,#2292));
#995=AXIS2_PLACEMENT_3D('',#2293,#2294,#2295);
#996=EDGE_LOOP('',(#2296,#2297,#2298,#2299,#2300,#2301));
#997=AXIS2_PLACEMENT_3D('',#2302,#2303,#2304);
#998=EDGE_LOOP('',(#2305,#2306,#2307,#2308,#2309,#2310));
#999=AXIS2_PLACEMENT_3D('',#2311,#2312,#2313);
#1000=EDGE_LOOP('',(#2314,#2315,#2316,#2317,#2318,#2319));
#1001=AXIS2_PLACEMENT_3D('',#2320,#2321,#2322);
#1002=EDGE_LOOP('',(#2323,#2324,#2325,#2326,#2327,#2328));
#1003=AXIS2_PLACEMENT_3D('',#2329,#2330,#2331);
#1004=EDGE_LOOP('',(#2332,#2333,#2334,#2335,#2336,#2337));
#1005=AXIS2_PLACEMENT_3D('',#2338,#2339,#2340);
#1006=EDGE_LOOP('',(#2341,#2342,#2343,#2344,#2345,#2346));
#1007=AXIS2_PLACEMENT_3D('',#2347,#2348,#2349);
#1008=EDGE_LOOP('',(#2350,#2351,#2352,#2353,#2354,#2355));
#1009=AXIS2_PLACEMENT_3D('',#2356,#2357,#2358);
#1010=EDGE_LOOP('',(#2359,#2360,#2361,#2362,#2363,#2364));
#1011=AXIS2_PLACEMENT_3D('',#2365,#2366,#2367);
#1012=EDGE_LOOP('',(#2368,#2369,#2370,#2371));
#1013=AXIS2_PLACEMENT_3D('',#2372,#2373,#2374);
#1014=EDGE_LOOP('',(#2375,#2376,#2377,#2378,#2379,#2380,#2381,#2382,#2383,#2384,#2385,#2386,#2387,#2388,#2389,#2390,#2391,#2392,#2393,#2394,#2395,#2396,#2397,#2398,#2399,#2400,#2401,#2402,#2403,#2404,#2405));
#1015=AXIS2_PLACEMENT_3D('',#2406,#2407,#2408);
#1016=EDGE_LOOP('',(#2409,#2410,#2411,#2412));
#1017=AXIS2_PLACEMENT_3D('',#2413,#2414,#2415);
#1018=EDGE_LOOP('',(#2416,#2417,#2418,#2419));
#1019=AXIS2_PLACEMENT_3D('',#2420,#2421,#2422);
#1020=EDGE_LOOP('',(#2423,#2424,#2425,#2426));
#1021=AXIS2_PLACEMENT_3D('',#2427,#2428,#2429);
#1022=EDGE_LOOP('',(#2430,#2431,#2432,#2433));
#1023=AXIS2_PLACEMENT_3D('',#2434,#2435,#2436);
#1024=EDGE_LOOP('',(#2437,#2438,#2439,#2440));
#1025=AXIS2_PLACEMENT_3D('',#2441,#2442,#2443);
#1026=EDGE_LOOP('',(#2444,#2445,#2446,#2447));
#1027=AXIS2_PLACEMENT_3D('',#2448,#2449,#2450);
#1028=EDGE_LOOP('',(#2451,#2452,#2453,#2454));
#1029=AXIS2_PLACEMENT_3D('',#2455,#2456,#2457);
#1030=EDGE_LOOP('',(#2458,#2459,#2460,#2461));
#1031=AXIS2_PLACEMENT_3D('',#2462,#2463,#2464);
#1032=EDGE_LOOP('',(#2465,#2466,#2467,#2468));
#1033=AXIS2_PLACEMENT_3D('',#2469,#2470,#2471);
#1034=EDGE_LOOP('',(#2472,#2473,#2474,#2475));
#1035=AXIS2_PLACEMENT_3D('',#2476,#2477,#2478);
#1036=EDGE_LOOP('',(#2479,#2480,#2481,#2482));
#1037=AXIS2_PLACEMENT_3D('',#2483,#2484,#2485);
#1038=EDGE_LOOP('',(#2486,#2487,#2488,#2489));
#1039=AXIS2_PLACEMENT_3D('',#2490,#2491,#2492);
#1040=EDGE_LOOP('',(#2493,#2494,#2495,#2496));
#1041=AXIS2_PLACEMENT_3D('',#2497,#2498,#2499);
#1042=EDGE_LOOP('',(#2500,#2501,#2502,#2503));
#1043=AXIS2_PLACEMENT_3D('',#2504,#2505,#2506);
#1044=EDGE_LOOP('',(#2507,#2508,#2509,#2510));
#1045=AXIS2_PLACEMENT_3D('',#2511,#2512,#2513);
#1046=EDGE_LOOP('',(#2514,#2515,#2516,#2517));
#1047=AXIS2_PLACEMENT_3D('',#2518,#2519,#2520);
#1048=EDGE_LOOP('',(#2521,#2522,#2523,#2524));
#1049=AXIS2_PLACEMENT_3D('',#2525,#2526,#2527);
#1050=EDGE_LOOP('',(#2528,#2529,#2530,#2531));
#1051=AXIS2_PLACEMENT_3D('',#2532,#2533,#2534);
#1052=EDGE_LOOP('',(#2535,#2536,#2537,#2538));
#1053=AXIS2_PLACEMENT_3D('',#2539,#2540,#2541);
#1054=EDGE_LOOP('',(#2542,#2543,#2544,#2545));
#1055=AXIS2_PLACEMENT_3D('',#2546,#2547,#2548);
#1056=EDGE_LOOP('',(#2549,#2550,#2551,#2552));
#1057=AXIS2_PLACEMENT_3D('',#2553,#2554,#2555);
#1058=EDGE_LOOP('',(#2556,#2557,#2558,#2559));
#1059=AXIS2_PLACEMENT_3D('',#2560,#2561,#2562);
#1060=EDGE_LOOP('',(#2563,#2564,#2565,#2566));
#1061=AXIS2_PLACEMENT_3D('',#2567,#2568,#2569);
#1062=EDGE_LOOP('',(#2570,#2571,#2572,#2573));
#1063=AXIS2_PLACEMENT_3D('',#2574,#2575,#2576);
#1064=EDGE_LOOP('',(#2577,#2578,#2579,#2580));
#1065=AXIS2_PLACEMENT_3D('',#2581,#2582,#2583);
#1066=EDGE_LOOP('',(#2584,#2585,#2586,#2587));
#1067=AXIS2_PLACEMENT_3D('',#2588,#2589,#2590);
#1068=EDGE_LOOP('',(#2591,#2592,#2593,#2594));
#1069=AXIS2_PLACEMENT_3D('',#2595,#2596,#2597);
#1070=EDGE_LOOP('',(#2598,#2599,#2600,#2601));
#1071=AXIS2_PLACEMENT_3D('',#2602,#2603,#2604);
#1072=EDGE_LOOP('',(#2605,#2606,#2607,#2608));
#1073=AXIS2_PLACEMENT_3D('',#2609,#2610,#2611);
#1074=EDGE_LOOP('',(#2612,#2613,#2614,#2615));
#1075=AXIS2_PLACEMENT_3D('',#2616,#2617,#2618);
#1076=EDGE_LOOP('',(#2619,#2620,#2621,#2622));
#1077=AXIS2_PLACEMENT_3D('',#2623,#2624,#2625);
#1078=EDGE_LOOP('',(#2626,#2627,#2628,#2629));
#1079=AXIS2_PLACEMENT_3D('',#2630,#2631,#2632);
#1080=EDGE_LOOP('',(#2633,#2634,#2635,#2636));
#1081=AXIS2_PLACEMENT_3D('',#2637,#2638,#2639);
#1082=EDGE_LOOP('',(#2640,#2641,#2642,#2643));
#1083=AXIS2_PLACEMENT_3D('',#2644,#2645,#2646);
#1084=EDGE_LOOP('',(#2647,#2648,#2649,#2650));
#1085=AXIS2_PLACEMENT_3D('',#2651,#2652,#2653);
#1086=EDGE_LOOP('',(#2654,#2655,#2656,#2657));
#1087=AXIS2_PLACEMENT_3D('',#2658,#2659,#2660);
#1088=EDGE_LOOP('',(#2661,#2662,#2663,#2664));
#1089=AXIS2_PLACEMENT_3D('',#2665,#2666,#2667);
#1090=EDGE_LOOP('',(#2668,#2669,#2670,#2671));
#1091=AXIS2_PLACEMENT_3D('',#2672,#2673,#2674);
#1092=EDGE_LOOP('',(#2675,#2676,#2677,#2678));
#1093=AXIS2_PLACEMENT_3D('',#2679,#2680,#2681);
#1094=EDGE_LOOP('',(#2682,#2683,#2684,#2685));
#1095=AXIS2_PLACEMENT_3D('',#2686,#2687,#2688);
#1096=EDGE_LOOP('',(#2689,#2690,#2691,#2692));
#1097=AXIS2_PLACEMENT_3D('',#2693,#2694,#2695);
#1098=EDGE_LOOP('',(#2696,#2697,#2698,#2699));
#1099=AXIS2_PLACEMENT_3D('',#2700,#2701,#2702);
#1100=EDGE_LOOP('',(#2703,#2704,#2705,#2706));
#1101=AXIS2_PLACEMENT_3D('',#2707,#2708,#2709);
#1102=EDGE_LOOP('',(#2710,#2711,#2712,#2713));
#1103=AXIS2_PLACEMENT_3D('',#2714,#2715,#2716);
#1104=EDGE_LOOP('',(#2717,#2718,#2719,#2720));
#1105=AXIS2_PLACEMENT_3D('',#2721,#2722,#2723);
#1106=EDGE_LOOP('',(#2724,#2725,#2726,#2727));
#1107=AXIS2_PLACEMENT_3D('',#2728,#2729,#2730);
#1108=EDGE_LOOP('',(#2731,#2732,#2733,#2734));
#1109=AXIS2_PLACEMENT_3D('',#2735,#2736,#2737);
#1110=EDGE_LOOP('',(#2738,#2739,#2740,#2741));
#1111=AXIS2_PLACEMENT_3D('',#2742,#2743,#2744);
#1112=EDGE_LOOP('',(#2745,#2746,#2747,#2748));
#1113=AXIS2_PLACEMENT_3D('',#2749,#2750,#2751);
#1114=EDGE_LOOP('',(#2752,#2753,#2754,#2755));
#1115=AXIS2_PLACEMENT_3D('',#2756,#2757,#2758);
#1116=EDGE_LOOP('',(#2759,#2760,#2761,#2762));
#1117=AXIS2_PLACEMENT_3D('',#2763,#2764,#2765);
#1118=EDGE_LOOP('',(#2766,#2767,#2768,#2769));
#1119=AXIS2_PLACEMENT_3D('',#2770,#2771,#2772);
#1120=EDGE_LOOP('',(#2773,#2774,#2775,#2776));
#1121=AXIS2_PLACEMENT_3D('',#2777,#2778,#2779);
#1122=EDGE_LOOP('',(#2780,#2781,#2782,#2783));
#1123=AXIS2_PLACEMENT_3D('',#2784,#2785,#2786);
#1124=EDGE_LOOP('',(#2787,#2788,#2789,#2790));
#1125=AXIS2_PLACEMENT_3D('',#2791,#2792,#2793);
#1126=EDGE_LOOP('',(#2794,#2795,#2796,#2797));
#1127=AXIS2_PLACEMENT_3D('',#2798,#2799,#2800);
#1128=EDGE_LOOP('',(#2801,#2802,#2803,#2804));
#1129=AXIS2_PLACEMENT_3D('',#2805,#2806,#2807);
#1130=EDGE_LOOP('',(#2808,#2809,#2810,#2811));
#1131=AXIS2_PLACEMENT_3D('',#2812,#2813,#2814);
#1132=EDGE_LOOP('',(#2815,#2816,#2817,#2818));
#1133=AXIS2_PLACEMENT_3D('',#2819,#2820,#2821);
#1134=EDGE_LOOP('',(#2822,#2823,#2824,#2825));
#1135=AXIS2_PLACEMENT_3D('',#2826,#2827,#2828);
#1136=EDGE_LOOP('',(#2829,#2830,#2831,#2832));
#1137=AXIS2_PLACEMENT_3D('',#2833,#2834,#2835);
#1138=EDGE_LOOP('',(#2836,#2837,#2838,#2839));
#1139=AXIS2_PLACEMENT_3D('',#2840,#2841,#2842);
#1140=EDGE_LOOP('',(#2843,#2844,#2845,#2846));
#1141=AXIS2_PLACEMENT_3D('',#2847,#2848,#2849);
#1142=EDGE_LOOP('',(#2850,#2851,#2852,#2853));
#1143=AXIS2_PLACEMENT_3D('',#2854,#2855,#2856);
#1144=EDGE_LOOP('',(#2857,#2858,#2859,#2860));
#1145=AXIS2_PLACEMENT_3D('',#2861,#2862,#2863);
#1146=EDGE_LOOP('',(#2864,#2865,#2866,#2867));
#1147=AXIS2_PLACEMENT_3D('',#2868,#2869,#2870);
#1148=EDGE_LOOP('',(#2871,#2872,#2873,#2874));
#1149=AXIS2_PLACEMENT_3D('',#2875,#2876,#2877);
#1150=EDGE_LOOP('',(#2878,#2879,#2880,#2881));
#1151=AXIS2_PLACEMENT_3D('',#2882,#2883,#2884);
#1152=EDGE_LOOP('',(#2885,#2886,#2887,#2888));
#1153=AXIS2_PLACEMENT_3D('',#2889,#2890,#2891);
#1154=EDGE_LOOP('',(#2892,#2893,#2894,#2895));
#1155=AXIS2_PLACEMENT_3D('',#2896,#2897,#2898);
#1156=EDGE_LOOP('',(#2899,#2900,#2901,#2902));
#1157=AXIS2_PLACEMENT_3D('',#2903,#2904,#2905);
#1158=EDGE_LOOP('',(#2906,#2907));
#1159=EDGE_LOOP('',(#2908,#2909));
#1160=AXIS2_PLACEMENT_3D('',#2910,#2911,#2912);
#1161=EDGE_LOOP('',(#2913,#2914,#2915,#2916));
#1162=AXIS2_PLACEMENT_3D('',#2917,#2918,#2919);
#1163=EDGE_LOOP('',(#2920,#2921,#2922,#2923));
#1164=AXIS2_PLACEMENT_3D('',#2924,#2925,#2926);
#1165=EDGE_LOOP('',(#2927,#2928,#2929,#2930));
#1166=AXIS2_PLACEMENT_3D('',#2931,#2932,#2933);
#1167=EDGE_LOOP('',(#2934,#2935,#2936,#2937));
#1168=AXIS2_PLACEMENT_3D('',#2938,#2939,#2940);
#1169=EDGE_LOOP('',(#2941,#2942,#2943,#2944));
#1170=AXIS2_PLACEMENT_3D('',#2945,#2946,#2947);
#1171=EDGE_LOOP('',(#2948,#2949,#2950,#2951));
#1172=AXIS2_PLACEMENT_3D('',#2952,#2953,#2954);
#1173=EDGE_LOOP('',(#2955,#2956,#2957,#2958));
#1174=AXIS2_PLACEMENT_3D('',#2959,#2960,#2961);
#1175=EDGE_LOOP('',(#2962,#2963));
#1176=EDGE_LOOP('',(#2964,#2965));
#1177=AXIS2_PLACEMENT_3D('',#2966,#2967,#2968);
#1178=ORIENTED_EDGE('',*,*,#2969,.F.);
#1179=ORIENTED_EDGE('',*,*,#2970,.T.);
#1180=ORIENTED_EDGE('',*,*,#2971,.T.);
#1181=ORIENTED_EDGE('',*,*,#2972,.T.);
#1182=CARTESIAN_POINT('',(7.25,0.0,4.43919803260612E-016));
#1183=DIRECTION('',(1.0,0.0,6.12303176911189E-017));
#1184=DIRECTION('',(6.12303176911189E-017,0.0,-1.0));
#1185=ORIENTED_EDGE('',*,*,#2973,.F.);
#1186=ORIENTED_EDGE('',*,*,#2974,.T.);
#1187=ORIENTED_EDGE('',*,*,#2975,.F.);
#1188=ORIENTED_EDGE('',*,*,#2976,.F.);
#1189=ORIENTED_EDGE('',*,*,#2977,.F.);
#1190=ORIENTED_EDGE('',*,*,#2978,.F.);
#1191=ORIENTED_EDGE('',*,*,#2979,.F.);
#1192=ORIENTED_EDGE('',*,*,#2980,.F.);
#1193=ORIENTED_EDGE('',*,*,#2981,.F.);
#1194=ORIENTED_EDGE('',*,*,#2982,.F.);
#1195=ORIENTED_EDGE('',*,*,#2983,.F.);
#1196=ORIENTED_EDGE('',*,*,#2984,.F.);
#1197=ORIENTED_EDGE('',*,*,#2985,.F.);
#1198=ORIENTED_EDGE('',*,*,#2986,.F.);
#1199=ORIENTED_EDGE('',*,*,#2987,.F.);
#1200=ORIENTED_EDGE('',*,*,#2988,.F.);
#1201=ORIENTED_EDGE('',*,*,#2989,.F.);
#1202=ORIENTED_EDGE('',*,*,#2990,.F.);
#1203=ORIENTED_EDGE('',*,*,#2991,.F.);
#1204=ORIENTED_EDGE('',*,*,#2992,.F.);
#1205=ORIENTED_EDGE('',*,*,#2993,.F.);
#1206=ORIENTED_EDGE('',*,*,#2994,.F.);
#1207=ORIENTED_EDGE('',*,*,#2995,.F.);
#1208=ORIENTED_EDGE('',*,*,#2996,.F.);
#1209=ORIENTED_EDGE('',*,*,#2997,.F.);
#1210=ORIENTED_EDGE('',*,*,#2998,.F.);
#1211=ORIENTED_EDGE('',*,*,#2999,.F.);
#1212=ORIENTED_EDGE('',*,*,#3000,.F.);
#1213=ORIENTED_EDGE('',*,*,#3001,.F.);
#1214=ORIENTED_EDGE('',*,*,#3002,.F.);
#1215=ORIENTED_EDGE('',*,*,#3003,.F.);
#1216=CARTESIAN_POINT('',(1.84484631039295,0.0,0.0));
#1217=DIRECTION('',(-1.0,-0.0,-0.0));
#1218=DIRECTION('',(0.0,1.0,0.0));
#1219=ORIENTED_EDGE('',*,*,#3004,.F.);
#1220=ORIENTED_EDGE('',*,*,#3005,.T.);
#1221=ORIENTED_EDGE('',*,*,#3006,.F.);
#1222=ORIENTED_EDGE('',*,*,#2974,.F.);
#1223=CARTESIAN_POINT('',(0.469846310392954,0.0,0.0));
#1224=DIRECTION('',(1.0,-0.0,-0.0));
#1225=DIRECTION('',(0.0,1.0,0.0));
#1226=ORIENTED_EDGE('',*,*,#3007,.F.);
#1227=ORIENTED_EDGE('',*,*,#3008,.T.);
#1228=ORIENTED_EDGE('',*,*,#3009,.T.);
#1229=ORIENTED_EDGE('',*,*,#2990,.T.);
#1230=CARTESIAN_POINT('',(7.25,0.0,4.43919803260612E-016));
#1231=DIRECTION('',(1.0,0.0,6.12303176911189E-017));
#1232=DIRECTION('',(6.12303176911189E-017,0.0,-1.0));
#1233=ORIENTED_EDGE('',*,*,#3010,.F.);
#1234=ORIENTED_EDGE('',*,*,#3011,.T.);
#1235=ORIENTED_EDGE('',*,*,#3012,.F.);
#1236=ORIENTED_EDGE('',*,*,#3013,.F.);
#1237=ORIENTED_EDGE('',*,*,#3014,.F.);
#1238=ORIENTED_EDGE('',*,*,#3015,.F.);
#1239=ORIENTED_EDGE('',*,*,#3016,.F.);
#1240=ORIENTED_EDGE('',*,*,#3017,.F.);
#1241=ORIENTED_EDGE('',*,*,#3018,.F.);
#1242=ORIENTED_EDGE('',*,*,#3019,.F.);
#1243=ORIENTED_EDGE('',*,*,#3020,.F.);
#1244=ORIENTED_EDGE('',*,*,#3021,.F.);
#1245=ORIENTED_EDGE('',*,*,#3022,.F.);
#1246=ORIENTED_EDGE('',*,*,#3023,.F.);
#1247=ORIENTED_EDGE('',*,*,#3024,.F.);
#1248=ORIENTED_EDGE('',*,*,#3025,.F.);
#1249=ORIENTED_EDGE('',*,*,#3026,.F.);
#1250=ORIENTED_EDGE('',*,*,#2972,.F.);
#1251=ORIENTED_EDGE('',*,*,#3027,.F.);
#1252=ORIENTED_EDGE('',*,*,#3028,.F.);
#1253=ORIENTED_EDGE('',*,*,#3029,.F.);
#1254=ORIENTED_EDGE('',*,*,#3030,.F.);
#1255=ORIENTED_EDGE('',*,*,#3031,.F.);
#1256=ORIENTED_EDGE('',*,*,#3032,.F.);
#1257=ORIENTED_EDGE('',*,*,#3033,.F.);
#1258=ORIENTED_EDGE('',*,*,#3034,.F.);
#1259=ORIENTED_EDGE('',*,*,#3035,.F.);
#1260=ORIENTED_EDGE('',*,*,#3036,.F.);
#1261=ORIENTED_EDGE('',*,*,#3037,.F.);
#1262=ORIENTED_EDGE('',*,*,#3038,.F.);
#1263=ORIENTED_EDGE('',*,*,#3039,.F.);
#1264=CARTESIAN_POINT('',(12.655153689607,0.0,6.61918555167925E-016));
#1265=DIRECTION('',(1.0,-0.0,1.22460635382238E-016));
#1266=DIRECTION('',(0.0,1.0,0.0));
#1267=ORIENTED_EDGE('',*,*,#3040,.F.);
#1268=ORIENTED_EDGE('',*,*,#3041,.T.);
#1269=ORIENTED_EDGE('',*,*,#3042,.F.);
#1270=ORIENTED_EDGE('',*,*,#3011,.F.);
#1271=CARTESIAN_POINT('',(14.030153689607,0.0,8.30301928818502E-016));
#1272=DIRECTION('',(-1.0,0.0,-1.22460635382238E-016));
#1273=DIRECTION('',(0.0,1.0,0.0));
#1274=ORIENTED_EDGE('',*,*,#3043,.F.);
#1275=ORIENTED_EDGE('',*,*,#3044,.F.);
#1276=ORIENTED_EDGE('',*,*,#3045,.F.);
#1277=ORIENTED_EDGE('',*,*,#3046,.F.);
#1278=CARTESIAN_POINT('',(3.25,0.0,0.0));
#1279=DIRECTION('',(1.0,0.0,0.0));
#1280=DIRECTION('',(0.0,0.0,-1.0));
#1281=ORIENTED_EDGE('',*,*,#3047,.F.);
#1282=ORIENTED_EDGE('',*,*,#3048,.F.);
#1283=ORIENTED_EDGE('',*,*,#3049,.F.);
#1284=ORIENTED_EDGE('',*,*,#3050,.F.);
#1285=CARTESIAN_POINT('',(3.25,0.0,0.0));
#1286=DIRECTION('',(1.0,0.0,0.0));
#1287=DIRECTION('',(0.0,0.0,-1.0));
#1288=ORIENTED_EDGE('',*,*,#3047,.T.);
#1289=ORIENTED_EDGE('',*,*,#3051,.F.);
#1290=ORIENTED_EDGE('',*,*,#3049,.T.);
#1291=ORIENTED_EDGE('',*,*,#3052,.F.);
#1292=CARTESIAN_POINT('',(3.25,0.0,0.0));
#1293=DIRECTION('',(1.0,0.0,0.0));
#1294=DIRECTION('',(0.0,0.0,-1.0));
#1295=ORIENTED_EDGE('',*,*,#3043,.T.);
#1296=ORIENTED_EDGE('',*,*,#3053,.F.);
#1297=ORIENTED_EDGE('',*,*,#3045,.T.);
#1298=ORIENTED_EDGE('',*,*,#3054,.F.);
#1299=CARTESIAN_POINT('',(3.25,0.0,0.0));
#1300=DIRECTION('',(1.0,0.0,0.0));
#1301=DIRECTION('',(0.0,0.0,-1.0));
#1302=ORIENTED_EDGE('',*,*,#3050,.T.);
#1303=ORIENTED_EDGE('',*,*,#3051,.T.);
#1304=ORIENTED_EDGE('',*,*,#3054,.T.);
#1305=ORIENTED_EDGE('',*,*,#3044,.T.);
#1306=CARTESIAN_POINT('',(-8.0,0.0,0.0));
#1307=DIRECTION('',(-1.0,0.0,0.0));
#1308=DIRECTION('',(0.0,0.0,1.0));
#1309=ORIENTED_EDGE('',*,*,#3055,.F.);
#1310=ORIENTED_EDGE('',*,*,#3056,.F.);
#1311=ORIENTED_EDGE('',*,*,#3057,.F.);
#1312=ORIENTED_EDGE('',*,*,#3058,.F.);
#1313=ORIENTED_EDGE('',*,*,#3059,.F.);
#1314=ORIENTED_EDGE('',*,*,#3019,.T.);
#1315=CARTESIAN_POINT('',(11.75,10.06,5.5107285922007E-016));
#1316=DIRECTION('',(-1.0,0.0,-1.22460635382238E-016));
#1317=DIRECTION('',(0.0,1.0,0.0));
#1318=ORIENTED_EDGE('',*,*,#3060,.F.);
#1319=ORIENTED_EDGE('',*,*,#3061,.F.);
#1320=ORIENTED_EDGE('',*,*,#3062,.F.);
#1321=ORIENTED_EDGE('',*,*,#3063,.F.);
#1322=ORIENTED_EDGE('',*,*,#3064,.F.);
#1323=ORIENTED_EDGE('',*,*,#3021,.T.);
#1324=CARTESIAN_POINT('',(11.75,10.06,5.5107285922007E-016));
#1325=DIRECTION('',(-1.0,0.0,-1.22460635382238E-016));
#1326=DIRECTION('',(0.0,1.0,0.0));
#1327=ORIENTED_EDGE('',*,*,#3065,.F.);
#1328=ORIENTED_EDGE('',*,*,#3066,.F.);
#1329=ORIENTED_EDGE('',*,*,#3067,.F.);
#1330=ORIENTED_EDGE('',*,*,#3068,.F.);
#1331=ORIENTED_EDGE('',*,*,#3069,.F.);
#1332=ORIENTED_EDGE('',*,*,#3023,.T.);
#1333=CARTESIAN_POINT('',(11.75,10.06,5.5107285922007E-016));
#1334=DIRECTION('',(-1.0,0.0,-1.22460635382238E-016));
#1335=DIRECTION('',(0.0,1.0,0.0));
#1336=ORIENTED_EDGE('',*,*,#3070,.F.);
#1337=ORIENTED_EDGE('',*,*,#3071,.F.);
#1338=ORIENTED_EDGE('',*,*,#3072,.F.);
#1339=ORIENTED_EDGE('',*,*,#3073,.F.);
#1340=ORIENTED_EDGE('',*,*,#3074,.F.);
#1341=ORIENTED_EDGE('',*,*,#3025,.T.);
#1342=CARTESIAN_POINT('',(11.75,10.06,5.5107285922007E-016));
#1343=DIRECTION('',(-1.0,0.0,-1.22460635382238E-016));
#1344=DIRECTION('',(0.0,1.0,0.0));
#1345=ORIENTED_EDGE('',*,*,#3075,.F.);
#1346=ORIENTED_EDGE('',*,*,#3076,.F.);
#1347=ORIENTED_EDGE('',*,*,#3077,.F.);
#1348=ORIENTED_EDGE('',*,*,#3078,.F.);
#1349=ORIENTED_EDGE('',*,*,#3079,.F.);
#1350=ORIENTED_EDGE('',*,*,#3027,.T.);
#1351=CARTESIAN_POINT('',(11.75,10.06,5.5107285922007E-016));
#1352=DIRECTION('',(-1.0,0.0,-1.22460635382238E-016));
#1353=DIRECTION('',(0.0,1.0,0.0));
#1354=ORIENTED_EDGE('',*,*,#3080,.F.);
#1355=ORIENTED_EDGE('',*,*,#3081,.F.);
#1356=ORIENTED_EDGE('',*,*,#3082,.F.);
#1357=ORIENTED_EDGE('',*,*,#3083,.F.);
#1358=ORIENTED_EDGE('',*,*,#3084,.F.);
#1359=ORIENTED_EDGE('',*,*,#3029,.T.);
#1360=CARTESIAN_POINT('',(11.75,10.06,5.5107285922007E-016));
#1361=DIRECTION('',(-1.0,0.0,-1.22460635382238E-016));
#1362=DIRECTION('',(0.0,1.0,0.0));
#1363=ORIENTED_EDGE('',*,*,#3085,.F.);
#1364=ORIENTED_EDGE('',*,*,#3086,.F.);
#1365=ORIENTED_EDGE('',*,*,#3087,.F.);
#1366=ORIENTED_EDGE('',*,*,#3088,.F.);
#1367=ORIENTED_EDGE('',*,*,#3089,.F.);
#1368=ORIENTED_EDGE('',*,*,#3031,.T.);
#1369=CARTESIAN_POINT('',(11.75,10.06,5.5107285922007E-016));
#1370=DIRECTION('',(-1.0,0.0,-1.22460635382238E-016));
#1371=DIRECTION('',(0.0,1.0,0.0));
#1372=ORIENTED_EDGE('',*,*,#3090,.F.);
#1373=ORIENTED_EDGE('',*,*,#3091,.F.);
#1374=ORIENTED_EDGE('',*,*,#3092,.F.);
#1375=ORIENTED_EDGE('',*,*,#3093,.F.);
#1376=ORIENTED_EDGE('',*,*,#3094,.F.);
#1377=ORIENTED_EDGE('',*,*,#3033,.T.);
#1378=CARTESIAN_POINT('',(11.75,10.06,5.5107285922007E-016));
#1379=DIRECTION('',(-1.0,0.0,-1.22460635382238E-016));
#1380=DIRECTION('',(0.0,1.0,0.0));
#1381=ORIENTED_EDGE('',*,*,#3095,.F.);
#1382=ORIENTED_EDGE('',*,*,#3096,.F.);
#1383=ORIENTED_EDGE('',*,*,#3097,.F.);
#1384=ORIENTED_EDGE('',*,*,#3098,.F.);
#1385=ORIENTED_EDGE('',*,*,#3099,.F.);
#1386=ORIENTED_EDGE('',*,*,#3035,.T.);
#1387=CARTESIAN_POINT('',(11.75,10.06,5.5107285922007E-016));
#1388=DIRECTION('',(-1.0,0.0,-1.22460635382238E-016));
#1389=DIRECTION('',(0.0,1.0,0.0));
#1390=ORIENTED_EDGE('',*,*,#3100,.F.);
#1391=ORIENTED_EDGE('',*,*,#3101,.F.);
#1392=ORIENTED_EDGE('',*,*,#3102,.F.);
#1393=ORIENTED_EDGE('',*,*,#3103,.F.);
#1394=ORIENTED_EDGE('',*,*,#3104,.F.);
#1395=ORIENTED_EDGE('',*,*,#3037,.T.);
#1396=CARTESIAN_POINT('',(11.75,10.06,5.5107285922007E-016));
#1397=DIRECTION('',(-1.0,0.0,-1.22460635382238E-016));
#1398=DIRECTION('',(0.0,1.0,0.0));
#1399=ORIENTED_EDGE('',*,*,#3105,.F.);
#1400=ORIENTED_EDGE('',*,*,#3106,.F.);
#1401=ORIENTED_EDGE('',*,*,#3107,.F.);
#1402=ORIENTED_EDGE('',*,*,#3108,.F.);
#1403=ORIENTED_EDGE('',*,*,#3109,.F.);
#1404=ORIENTED_EDGE('',*,*,#3110,.T.);
#1405=ORIENTED_EDGE('',*,*,#3039,.T.);
#1406=CARTESIAN_POINT('',(11.75,10.06,5.5107285922007E-016));
#1407=DIRECTION('',(-1.0,0.0,-1.22460635382238E-016));
#1408=DIRECTION('',(0.0,1.0,0.0));
#1409=ORIENTED_EDGE('',*,*,#3111,.F.);
#1410=ORIENTED_EDGE('',*,*,#3112,.F.);
#1411=ORIENTED_EDGE('',*,*,#3113,.F.);
#1412=ORIENTED_EDGE('',*,*,#3114,.F.);
#1413=ORIENTED_EDGE('',*,*,#3115,.F.);
#1414=ORIENTED_EDGE('',*,*,#3116,.T.);
#1415=CARTESIAN_POINT('',(11.75,10.06,5.5107285922007E-016));
#1416=DIRECTION('',(-1.0,0.0,-1.22460635382238E-016));
#1417=DIRECTION('',(0.0,1.0,0.0));
#1418=ORIENTED_EDGE('',*,*,#3117,.F.);
#1419=ORIENTED_EDGE('',*,*,#3118,.F.);
#1420=ORIENTED_EDGE('',*,*,#3119,.F.);
#1421=ORIENTED_EDGE('',*,*,#3120,.F.);
#1422=ORIENTED_EDGE('',*,*,#3121,.F.);
#1423=ORIENTED_EDGE('',*,*,#3122,.T.);
#1424=CARTESIAN_POINT('',(11.75,10.06,5.5107285922007E-016));
#1425=DIRECTION('',(-1.0,0.0,-1.22460635382238E-016));
#1426=DIRECTION('',(0.0,1.0,0.0));
#1427=ORIENTED_EDGE('',*,*,#3123,.F.);
#1428=ORIENTED_EDGE('',*,*,#3124,.T.);
#1429=ORIENTED_EDGE('',*,*,#3125,.F.);
#1430=ORIENTED_EDGE('',*,*,#3126,.F.);
#1431=ORIENTED_EDGE('',*,*,#3127,.F.);
#1432=ORIENTED_EDGE('',*,*,#3128,.F.);
#1433=CARTESIAN_POINT('',(11.75,10.06,5.5107285922007E-016));
#1434=DIRECTION('',(-1.0,0.0,-1.22460635382238E-016));
#1435=DIRECTION('',(0.0,1.0,0.0));
#1436=ORIENTED_EDGE('',*,*,#3129,.F.);
#1437=ORIENTED_EDGE('',*,*,#3130,.T.);
#1438=ORIENTED_EDGE('',*,*,#3131,.F.);
#1439=ORIENTED_EDGE('',*,*,#3132,.F.);
#1440=ORIENTED_EDGE('',*,*,#3133,.F.);
#1441=ORIENTED_EDGE('',*,*,#3134,.F.);
#1442=CARTESIAN_POINT('',(11.75,10.06,5.5107285922007E-016));
#1443=DIRECTION('',(-1.0,0.0,-1.22460635382238E-016));
#1444=DIRECTION('',(0.0,1.0,0.0));
#1445=ORIENTED_EDGE('',*,*,#3135,.F.);
#1446=ORIENTED_EDGE('',*,*,#3136,.T.);
#1447=ORIENTED_EDGE('',*,*,#3137,.F.);
#1448=ORIENTED_EDGE('',*,*,#3138,.F.);
#1449=ORIENTED_EDGE('',*,*,#3139,.F.);
#1450=ORIENTED_EDGE('',*,*,#3140,.F.);
#1451=CARTESIAN_POINT('',(11.75,10.06,5.5107285922007E-016));
#1452=DIRECTION('',(-1.0,0.0,-1.22460635382238E-016));
#1453=DIRECTION('',(0.0,1.0,0.0));
#1454=ORIENTED_EDGE('',*,*,#3141,.F.);
#1455=ORIENTED_EDGE('',*,*,#3142,.T.);
#1456=ORIENTED_EDGE('',*,*,#3143,.F.);
#1457=ORIENTED_EDGE('',*,*,#3144,.F.);
#1458=ORIENTED_EDGE('',*,*,#3145,.F.);
#1459=ORIENTED_EDGE('',*,*,#3146,.F.);
#1460=CARTESIAN_POINT('',(11.75,10.06,5.5107285922007E-016));
#1461=DIRECTION('',(-1.0,0.0,-1.22460635382238E-016));
#1462=DIRECTION('',(0.0,1.0,0.0));
#1463=ORIENTED_EDGE('',*,*,#3147,.F.);
#1464=ORIENTED_EDGE('',*,*,#3148,.T.);
#1465=ORIENTED_EDGE('',*,*,#3149,.F.);
#1466=ORIENTED_EDGE('',*,*,#3150,.F.);
#1467=ORIENTED_EDGE('',*,*,#3151,.F.);
#1468=ORIENTED_EDGE('',*,*,#3152,.F.);
#1469=CARTESIAN_POINT('',(11.75,10.06,5.5107285922007E-016));
#1470=DIRECTION('',(-1.0,0.0,-1.22460635382238E-016));
#1471=DIRECTION('',(0.0,1.0,0.0));
#1472=ORIENTED_EDGE('',*,*,#3153,.F.);
#1473=ORIENTED_EDGE('',*,*,#3154,.T.);
#1474=ORIENTED_EDGE('',*,*,#3155,.F.);
#1475=ORIENTED_EDGE('',*,*,#3156,.F.);
#1476=ORIENTED_EDGE('',*,*,#3157,.F.);
#1477=ORIENTED_EDGE('',*,*,#3158,.F.);
#1478=CARTESIAN_POINT('',(11.75,10.06,5.5107285922007E-016));
#1479=DIRECTION('',(-1.0,0.0,-1.22460635382238E-016));
#1480=DIRECTION('',(0.0,1.0,0.0));
#1481=ORIENTED_EDGE('',*,*,#3159,.F.);
#1482=ORIENTED_EDGE('',*,*,#3160,.T.);
#1483=ORIENTED_EDGE('',*,*,#3161,.F.);
#1484=ORIENTED_EDGE('',*,*,#3162,.F.);
#1485=ORIENTED_EDGE('',*,*,#3163,.F.);
#1486=ORIENTED_EDGE('',*,*,#3164,.F.);
#1487=CARTESIAN_POINT('',(11.75,10.06,5.5107285922007E-016));
#1488=DIRECTION('',(-1.0,0.0,-1.22460635382238E-016));
#1489=DIRECTION('',(0.0,1.0,0.0));
#1490=ORIENTED_EDGE('',*,*,#3165,.F.);
#1491=ORIENTED_EDGE('',*,*,#3166,.T.);
#1492=ORIENTED_EDGE('',*,*,#3167,.F.);
#1493=ORIENTED_EDGE('',*,*,#3168,.F.);
#1494=ORIENTED_EDGE('',*,*,#3169,.F.);
#1495=ORIENTED_EDGE('',*,*,#3170,.F.);
#1496=CARTESIAN_POINT('',(11.75,10.06,5.5107285922007E-016));
#1497=DIRECTION('',(-1.0,0.0,-1.22460635382238E-016));
#1498=DIRECTION('',(0.0,1.0,0.0));
#1499=ORIENTED_EDGE('',*,*,#3171,.F.);
#1500=ORIENTED_EDGE('',*,*,#3172,.T.);
#1501=ORIENTED_EDGE('',*,*,#3173,.F.);
#1502=ORIENTED_EDGE('',*,*,#3174,.F.);
#1503=ORIENTED_EDGE('',*,*,#3175,.F.);
#1504=ORIENTED_EDGE('',*,*,#3176,.F.);
#1505=CARTESIAN_POINT('',(11.75,10.06,5.5107285922007E-016));
#1506=DIRECTION('',(-1.0,0.0,-1.22460635382238E-016));
#1507=DIRECTION('',(0.0,1.0,0.0));
#1508=ORIENTED_EDGE('',*,*,#3177,.F.);
#1509=ORIENTED_EDGE('',*,*,#3178,.T.);
#1510=ORIENTED_EDGE('',*,*,#3179,.F.);
#1511=ORIENTED_EDGE('',*,*,#3180,.F.);
#1512=ORIENTED_EDGE('',*,*,#3181,.F.);
#1513=ORIENTED_EDGE('',*,*,#3182,.F.);
#1514=CARTESIAN_POINT('',(11.75,10.06,5.5107285922007E-016));
#1515=DIRECTION('',(-1.0,0.0,-1.22460635382238E-016));
#1516=DIRECTION('',(0.0,1.0,0.0));
#1517=ORIENTED_EDGE('',*,*,#3183,.F.);
#1518=ORIENTED_EDGE('',*,*,#3013,.T.);
#1519=ORIENTED_EDGE('',*,*,#3184,.T.);
#1520=ORIENTED_EDGE('',*,*,#3185,.F.);
#1521=ORIENTED_EDGE('',*,*,#3186,.F.);
#1522=ORIENTED_EDGE('',*,*,#3187,.F.);
#1523=ORIENTED_EDGE('',*,*,#3188,.F.);
#1524=CARTESIAN_POINT('',(11.75,10.06,5.5107285922007E-016));
#1525=DIRECTION('',(-1.0,0.0,-1.22460635382238E-016));
#1526=DIRECTION('',(0.0,1.0,0.0));
#1527=ORIENTED_EDGE('',*,*,#3189,.F.);
#1528=ORIENTED_EDGE('',*,*,#3015,.T.);
#1529=ORIENTED_EDGE('',*,*,#3190,.F.);
#1530=ORIENTED_EDGE('',*,*,#3191,.F.);
#1531=ORIENTED_EDGE('',*,*,#3192,.F.);
#1532=ORIENTED_EDGE('',*,*,#3193,.F.);
#1533=CARTESIAN_POINT('',(11.75,10.06,5.5107285922007E-016));
#1534=DIRECTION('',(-1.0,0.0,-1.22460635382238E-016));
#1535=DIRECTION('',(0.0,1.0,0.0));
#1536=ORIENTED_EDGE('',*,*,#3040,.T.);
#1537=ORIENTED_EDGE('',*,*,#3194,.F.);
#1538=ORIENTED_EDGE('',*,*,#3042,.T.);
#1539=ORIENTED_EDGE('',*,*,#3195,.T.);
#1540=CARTESIAN_POINT('',(14.030153689607,0.0,8.30301928818502E-016));
#1541=DIRECTION('',(-1.0,0.0,-1.22460635382238E-016));
#1542=DIRECTION('',(0.0,1.0,0.0));
#1543=ORIENTED_EDGE('',*,*,#3010,.T.);
#1544=ORIENTED_EDGE('',*,*,#3110,.F.);
#1545=ORIENTED_EDGE('',*,*,#3196,.F.);
#1546=ORIENTED_EDGE('',*,*,#3116,.F.);
#1547=ORIENTED_EDGE('',*,*,#3197,.F.);
#1548=ORIENTED_EDGE('',*,*,#3122,.F.);
#1549=ORIENTED_EDGE('',*,*,#3198,.F.);
#1550=ORIENTED_EDGE('',*,*,#3124,.F.);
#1551=ORIENTED_EDGE('',*,*,#3199,.F.);
#1552=ORIENTED_EDGE('',*,*,#3130,.F.);
#1553=ORIENTED_EDGE('',*,*,#3200,.F.);
#1554=ORIENTED_EDGE('',*,*,#3136,.F.);
#1555=ORIENTED_EDGE('',*,*,#3201,.F.);
#1556=ORIENTED_EDGE('',*,*,#3142,.F.);
#1557=ORIENTED_EDGE('',*,*,#3008,.F.);
#1558=ORIENTED_EDGE('',*,*,#3202,.F.);
#1559=ORIENTED_EDGE('',*,*,#3148,.F.);
#1560=ORIENTED_EDGE('',*,*,#3203,.F.);
#1561=ORIENTED_EDGE('',*,*,#3154,.F.);
#1562=ORIENTED_EDGE('',*,*,#3204,.F.);
#1563=ORIENTED_EDGE('',*,*,#3160,.F.);
#1564=ORIENTED_EDGE('',*,*,#3205,.F.);
#1565=ORIENTED_EDGE('',*,*,#3166,.F.);
#1566=ORIENTED_EDGE('',*,*,#3206,.F.);
#1567=ORIENTED_EDGE('',*,*,#3172,.F.);
#1568=ORIENTED_EDGE('',*,*,#3207,.F.);
#1569=ORIENTED_EDGE('',*,*,#3178,.F.);
#1570=ORIENTED_EDGE('',*,*,#3208,.F.);
#1571=ORIENTED_EDGE('',*,*,#3184,.F.);
#1572=ORIENTED_EDGE('',*,*,#3012,.T.);
#1573=ORIENTED_EDGE('',*,*,#3194,.T.);
#1574=CARTESIAN_POINT('',(12.655153689607,0.0,6.61918555167925E-016));
#1575=DIRECTION('',(1.0,-0.0,1.22460635382238E-016));
#1576=DIRECTION('',(0.0,1.0,0.0));
#1577=ORIENTED_EDGE('',*,*,#3209,.F.);
#1578=ORIENTED_EDGE('',*,*,#3017,.T.);
#1579=ORIENTED_EDGE('',*,*,#3210,.F.);
#1580=ORIENTED_EDGE('',*,*,#3211,.F.);
#1581=ORIENTED_EDGE('',*,*,#3212,.F.);
#1582=ORIENTED_EDGE('',*,*,#3213,.F.);
#1583=CARTESIAN_POINT('',(11.75,10.06,5.5107285922007E-016));
#1584=DIRECTION('',(-1.0,0.0,-1.22460635382238E-016));
#1585=DIRECTION('',(0.0,1.0,0.0));
#1586=ORIENTED_EDGE('',*,*,#3213,.T.);
#1587=ORIENTED_EDGE('',*,*,#3214,.F.);
#1588=ORIENTED_EDGE('',*,*,#3215,.T.);
#1589=ORIENTED_EDGE('',*,*,#3216,.T.);
#1590=CARTESIAN_POINT('',(-1.0,-16.6910720698417,-10.5671288985869));
#1591=DIRECTION('',(5.42167537522615E-017,0.464723172043769,-0.88545602565321));
#1592=DIRECTION('',(-2.84551474626644E-017,0.88545602565321,0.464723172043769));
#1593=ORIENTED_EDGE('',*,*,#3212,.T.);
#1594=ORIENTED_EDGE('',*,*,#3217,.F.);
#1595=ORIENTED_EDGE('',*,*,#3218,.T.);
#1596=ORIENTED_EDGE('',*,*,#3214,.T.);
#1597=CARTESIAN_POINT('',(-1.0,-17.4080654643421,-9.13645756238049));
#1598=DIRECTION('',(1.0,0.0,6.12303176911189E-017));
#1599=DIRECTION('',(-5.42167537522615E-017,-0.464723172043769,0.88545602565321));
#1600=ORIENTED_EDGE('',*,*,#3211,.T.);
#1601=ORIENTED_EDGE('',*,*,#3219,.F.);
#1602=ORIENTED_EDGE('',*,*,#3220,.T.);
#1603=ORIENTED_EDGE('',*,*,#3217,.T.);
#1604=CARTESIAN_POINT('',(-1.0,-18.1781862203817,-7.73366961649667));
#1605=DIRECTION('',(-5.42167537522615E-017,-0.464723172043769,0.88545602565321));
#1606=DIRECTION('',(2.84551474626644E-017,-0.88545602565321,-0.464723172043769));
#1607=ORIENTED_EDGE('',*,*,#3210,.T.);
#1608=ORIENTED_EDGE('',*,*,#3221,.F.);
#1609=ORIENTED_EDGE('',*,*,#3222,.T.);
#1610=ORIENTED_EDGE('',*,*,#3219,.T.);
#1611=CARTESIAN_POINT('',(-1.0,-18.3906391699688,-7.3934289013967));
#1612=DIRECTION('',(1.0,0.0,6.12303176911189E-017));
#1613=DIRECTION('',(-5.42167537522615E-017,-0.464723172043769,0.88545602565321));
#1614=ORIENTED_EDGE('',*,*,#3016,.T.);
#1615=ORIENTED_EDGE('',*,*,#3223,.T.);
#1616=ORIENTED_EDGE('',*,*,#3224,.T.);
#1617=ORIENTED_EDGE('',*,*,#3221,.T.);
#1618=CARTESIAN_POINT('',(7.25,0.0,4.43919803260612E-016));
#1619=DIRECTION('',(1.0,0.0,6.12303176911189E-017));
#1620=DIRECTION('',(6.12303176911189E-017,0.0,-1.0));
#1621=ORIENTED_EDGE('',*,*,#3189,.T.);
#1622=ORIENTED_EDGE('',*,*,#3225,.F.);
#1623=ORIENTED_EDGE('',*,*,#3226,.T.);
#1624=ORIENTED_EDGE('',*,*,#3223,.F.);
#1625=CARTESIAN_POINT('',(-1.0,-18.6683413110666,-6.66118853460274));
#1626=DIRECTION('',(1.0,0.0,6.12303176911189E-017));
#1627=DIRECTION('',(-5.94510759405895E-017,-0.239315664287557,0.970941817426052));
#1628=ORIENTED_EDGE('',*,*,#3193,.T.);
#1629=ORIENTED_EDGE('',*,*,#3227,.F.);
#1630=ORIENTED_EDGE('',*,*,#3228,.T.);
#1631=ORIENTED_EDGE('',*,*,#3225,.T.);
#1632=CARTESIAN_POINT('',(-1.0,-18.7349393222589,-6.26563233770369));
#1633=DIRECTION('',(5.94510759405895E-017,0.239315664287557,-0.970941817426052));
#1634=DIRECTION('',(-1.46533741527883E-017,0.970941817426052,0.239315664287557));
#1635=ORIENTED_EDGE('',*,*,#3192,.T.);
#1636=ORIENTED_EDGE('',*,*,#3229,.F.);
#1637=ORIENTED_EDGE('',*,*,#3230,.T.);
#1638=ORIENTED_EDGE('',*,*,#3227,.T.);
#1639=CARTESIAN_POINT('',(-1.0,-19.0887161305962,-4.70494595989338));
#1640=DIRECTION('',(1.0,0.0,6.12303176911189E-017));
#1641=DIRECTION('',(-5.94510759405895E-017,-0.239315664287557,0.970941817426052));
#1642=ORIENTED_EDGE('',*,*,#3191,.T.);
#1643=ORIENTED_EDGE('',*,*,#3231,.F.);
#1644=ORIENTED_EDGE('',*,*,#3232,.T.);
#1645=ORIENTED_EDGE('',*,*,#3229,.T.);
#1646=CARTESIAN_POINT('',(-1.0,-19.5007494479791,-3.15861852194032));
#1647=DIRECTION('',(-5.94510759405895E-017,-0.239315664287557,0.970941817426052));
#1648=DIRECTION('',(1.46533741527883E-017,-0.970941817426052,-0.239315664287557));
#1649=ORIENTED_EDGE('',*,*,#3190,.T.);
#1650=ORIENTED_EDGE('',*,*,#3233,.F.);
#1651=ORIENTED_EDGE('',*,*,#3234,.T.);
#1652=ORIENTED_EDGE('',*,*,#3231,.T.);
#1653=CARTESIAN_POINT('',(-1.0,-19.6256039682169,-2.77742126489853));
#1654=DIRECTION('',(1.0,0.0,6.12303176911189E-017));
#1655=DIRECTION('',(-5.94510759405895E-017,-0.239315664287557,0.970941817426052));
#1656=ORIENTED_EDGE('',*,*,#3014,.T.);
#1657=ORIENTED_EDGE('',*,*,#3235,.T.);
#1658=ORIENTED_EDGE('',*,*,#3236,.T.);
#1659=ORIENTED_EDGE('',*,*,#3233,.T.);
#1660=CARTESIAN_POINT('',(7.25,0.0,4.43919803260612E-016));
#1661=DIRECTION('',(1.0,0.0,6.12303176911189E-017));
#1662=DIRECTION('',(6.12303176911189E-017,0.0,-1.0));
#1663=ORIENTED_EDGE('',*,*,#3183,.T.);
#1664=ORIENTED_EDGE('',*,*,#3237,.F.);
#1665=ORIENTED_EDGE('',*,*,#3238,.T.);
#1666=ORIENTED_EDGE('',*,*,#3235,.F.);
#1667=CARTESIAN_POINT('',(-1.0,-19.72,-2.0));
#1668=DIRECTION('',(1.0,0.0,6.12303176911189E-017));
#1669=DIRECTION('',(-6.12303176911189E-017,1.22460635382238E-016,1.0));
#1670=ORIENTED_EDGE('',*,*,#3188,.T.);
#1671=ORIENTED_EDGE('',*,*,#3239,.F.);
#1672=ORIENTED_EDGE('',*,*,#3240,.T.);
#1673=ORIENTED_EDGE('',*,*,#3237,.T.);
#1674=CARTESIAN_POINT('',(-1.0,-19.69,-1.6));
#1675=DIRECTION('',(6.12303176911189E-017,-1.22460635382238E-016,-1.0));
#1676=DIRECTION('',(7.49830360911069E-033,1.0,-1.22460635382238E-016));
#1677=ORIENTED_EDGE('',*,*,#3187,.T.);
#1678=ORIENTED_EDGE('',*,*,#3241,.F.);
#1679=ORIENTED_EDGE('',*,*,#3242,.T.);
#1680=ORIENTED_EDGE('',*,*,#3239,.T.);
#1681=CARTESIAN_POINT('',(-1.0,-19.66,2.37285287491377E-015));
#1682=DIRECTION('',(1.0,0.0,6.12303176911189E-017));
#1683=DIRECTION('',(-6.12303176911189E-017,1.22460635382238E-016,1.0));
#1684=ORIENTED_EDGE('',*,*,#3186,.T.);
#1685=ORIENTED_EDGE('',*,*,#3243,.F.);
#1686=ORIENTED_EDGE('',*,*,#3244,.T.);
#1687=ORIENTED_EDGE('',*,*,#3241,.T.);
#1688=CARTESIAN_POINT('',(-1.0,-19.69,1.6));
#1689=DIRECTION('',(-6.12303176911189E-017,1.22460635382238E-016,1.0));
#1690=DIRECTION('',(-7.49830360911069E-033,-1.0,1.22460635382238E-016));
#1691=ORIENTED_EDGE('',*,*,#3185,.T.);
#1692=ORIENTED_EDGE('',*,*,#3245,.F.);
#1693=ORIENTED_EDGE('',*,*,#3246,.T.);
#1694=ORIENTED_EDGE('',*,*,#3243,.T.);
#1695=CARTESIAN_POINT('',(-1.0,-19.72,2.0));
#1696=DIRECTION('',(1.0,0.0,6.12303176911189E-017));
#1697=DIRECTION('',(-6.12303176911189E-017,1.22460635382238E-016,1.0));
#1698=ORIENTED_EDGE('',*,*,#3208,.T.);
#1699=ORIENTED_EDGE('',*,*,#3247,.T.);
#1700=ORIENTED_EDGE('',*,*,#2977,.T.);
#1701=ORIENTED_EDGE('',*,*,#3245,.T.);
#1702=CARTESIAN_POINT('',(7.25,0.0,4.43919803260612E-016));
#1703=DIRECTION('',(1.0,0.0,6.12303176911189E-017));
#1704=DIRECTION('',(6.12303176911189E-017,0.0,-1.0));
#1705=ORIENTED_EDGE('',*,*,#3177,.T.);
#1706=ORIENTED_EDGE('',*,*,#3248,.F.);
#1707=ORIENTED_EDGE('',*,*,#3249,.T.);
#1708=ORIENTED_EDGE('',*,*,#3247,.F.);
#1709=CARTESIAN_POINT('',(-1.0,-19.6256039682169,2.77742126489854));
#1710=DIRECTION('',(1.0,0.0,6.12303176911189E-017));
#1711=DIRECTION('',(-5.94510759405895E-017,0.239315664287558,0.970941817426052));
#1712=ORIENTED_EDGE('',*,*,#3182,.T.);
#1713=ORIENTED_EDGE('',*,*,#3250,.F.);
#1714=ORIENTED_EDGE('',*,*,#3251,.T.);
#1715=ORIENTED_EDGE('',*,*,#3248,.T.);
#1716=CARTESIAN_POINT('',(-1.0,-19.5007494479791,3.15861852194034));
#1717=DIRECTION('',(5.94510759405895E-017,-0.239315664287558,-0.970941817426052));
#1718=DIRECTION('',(1.46533741527883E-017,0.970941817426052,-0.239315664287558));
#1719=ORIENTED_EDGE('',*,*,#3181,.T.);
#1720=ORIENTED_EDGE('',*,*,#3252,.F.);
#1721=ORIENTED_EDGE('',*,*,#3253,.T.);
#1722=ORIENTED_EDGE('',*,*,#3250,.T.);
#1723=CARTESIAN_POINT('',(-1.0,-19.0887161305962,4.70494595989339));
#1724=DIRECTION('',(1.0,0.0,6.12303176911189E-017));
#1725=DIRECTION('',(-5.94510759405895E-017,0.239315664287558,0.970941817426052));
#1726=ORIENTED_EDGE('',*,*,#3180,.T.);
#1727=ORIENTED_EDGE('',*,*,#3254,.F.);
#1728=ORIENTED_EDGE('',*,*,#3255,.T.);
#1729=ORIENTED_EDGE('',*,*,#3252,.T.);
#1730=CARTESIAN_POINT('',(-1.0,-18.7349393222589,6.2656323377037));
#1731=DIRECTION('',(-5.94510759405895E-017,0.239315664287558,0.970941817426052));
#1732=DIRECTION('',(-1.46533741527883E-017,-0.970941817426052,0.239315664287558));
#1733=ORIENTED_EDGE('',*,*,#3179,.T.);
#1734=ORIENTED_EDGE('',*,*,#3256,.F.);
#1735=ORIENTED_EDGE('',*,*,#3257,.T.);
#1736=ORIENTED_EDGE('',*,*,#3254,.T.);
#1737=CARTESIAN_POINT('',(-1.0,-18.6683413110666,6.66118853460275));
#1738=DIRECTION('',(1.0,0.0,6.12303176911189E-017));
#1739=DIRECTION('',(-5.94510759405895E-017,0.239315664287558,0.970941817426052));
#1740=ORIENTED_EDGE('',*,*,#3207,.T.);
#1741=ORIENTED_EDGE('',*,*,#3258,.T.);
#1742=ORIENTED_EDGE('',*,*,#2979,.T.);
#1743=ORIENTED_EDGE('',*,*,#3256,.T.);
#1744=CARTESIAN_POINT('',(7.25,0.0,4.43919803260612E-016));
#1745=DIRECTION('',(1.0,0.0,6.12303176911189E-017));
#1746=DIRECTION('',(6.12303176911189E-017,0.0,-1.0));
#1747=ORIENTED_EDGE('',*,*,#3171,.T.);
#1748=ORIENTED_EDGE('',*,*,#3259,.F.);
#1749=ORIENTED_EDGE('',*,*,#3260,.T.);
#1750=ORIENTED_EDGE('',*,*,#3258,.F.);
#1751=CARTESIAN_POINT('',(-1.0,-18.3906391699688,7.3934289013967));
#1752=DIRECTION('',(1.0,0.0,6.12303176911189E-017));
#1753=DIRECTION('',(-5.42167537522615E-017,0.464723172043769,0.88545602565321));
#1754=ORIENTED_EDGE('',*,*,#3176,.T.);
#1755=ORIENTED_EDGE('',*,*,#3261,.F.);
#1756=ORIENTED_EDGE('',*,*,#3262,.T.);
#1757=ORIENTED_EDGE('',*,*,#3259,.T.);
#1758=CARTESIAN_POINT('',(-1.0,-18.1781862203817,7.73366961649667));
#1759=DIRECTION('',(5.42167537522615E-017,-0.464723172043769,-0.88545602565321));
#1760=DIRECTION('',(2.84551474626644E-017,0.88545602565321,-0.464723172043769));
#1761=ORIENTED_EDGE('',*,*,#3175,.T.);
#1762=ORIENTED_EDGE('',*,*,#3263,.F.);
#1763=ORIENTED_EDGE('',*,*,#3264,.T.);
#1764=ORIENTED_EDGE('',*,*,#3261,.T.);
#1765=CARTESIAN_POINT('',(-1.0,-17.4080654643421,9.13645756238049));
#1766=DIRECTION('',(1.0,0.0,6.12303176911189E-017));
#1767=DIRECTION('',(-5.42167537522615E-017,0.464723172043769,0.88545602565321));
#1768=ORIENTED_EDGE('',*,*,#3174,.T.);
#1769=ORIENTED_EDGE('',*,*,#3265,.F.);
#1770=ORIENTED_EDGE('',*,*,#3266,.T.);
#1771=ORIENTED_EDGE('',*,*,#3263,.T.);
#1772=CARTESIAN_POINT('',(-1.0,-16.6910720698417,10.5671288985869));
#1773=DIRECTION('',(-5.42167537522615E-017,0.464723172043769,0.88545602565321));
#1774=DIRECTION('',(-2.84551474626644E-017,-0.88545602565321,0.464723172043769));
#1775=ORIENTED_EDGE('',*,*,#3173,.T.);
#1776=ORIENTED_EDGE('',*,*,#3267,.F.);
#1777=ORIENTED_EDGE('',*,*,#3268,.T.);
#1778=ORIENTED_EDGE('',*,*,#3265,.T.);
#1779=CARTESIAN_POINT('',(-1.0,-16.5317464817938,10.9352530040095));
#1780=DIRECTION('',(1.0,0.0,6.12303176911189E-017));
#1781=DIRECTION('',(-5.42167537522615E-017,0.464723172043769,0.88545602565321));
#1782=ORIENTED_EDGE('',*,*,#3206,.T.);
#1783=ORIENTED_EDGE('',*,*,#3269,.T.);
#1784=ORIENTED_EDGE('',*,*,#2981,.T.);
#1785=ORIENTED_EDGE('',*,*,#3267,.T.);
#1786=CARTESIAN_POINT('',(7.25,0.0,4.43919803260612E-016));
#1787=DIRECTION('',(1.0,0.0,6.12303176911189E-017));
#1788=DIRECTION('',(6.12303176911189E-017,0.0,-1.0));
#1789=ORIENTED_EDGE('',*,*,#3165,.T.);
#1790=ORIENTED_EDGE('',*,*,#3270,.F.);
#1791=ORIENTED_EDGE('',*,*,#3271,.T.);
#1792=ORIENTED_EDGE('',*,*,#3269,.F.);
#1793=CARTESIAN_POINT('',(-1.0,-16.0868772704157,11.5797573241663));
#1794=DIRECTION('',(1.0,0.0,6.12303176911189E-017));
#1795=DIRECTION('',(-4.58315509057336E-017,0.663122658240795,0.748510748171101));
#1796=ORIENTED_EDGE('',*,*,#3170,.T.);
#1797=ORIENTED_EDGE('',*,*,#3272,.F.);
#1798=ORIENTED_EDGE('',*,*,#3273,.T.);
#1799=ORIENTED_EDGE('',*,*,#3270,.T.);
#1800=CARTESIAN_POINT('',(-1.0,-15.7991728846743,11.8592679436875));
#1801=DIRECTION('',(4.58315509057336E-017,-0.663122658240795,-0.748510748171101));
#1802=DIRECTION('',(4.06032110322631E-017,0.748510748171101,-0.663122658240796));
#1803=ORIENTED_EDGE('',*,*,#3169,.T.);
#1804=ORIENTED_EDGE('',*,*,#3274,.F.);
#1805=ORIENTED_EDGE('',*,*,#3275,.T.);
#1806=ORIENTED_EDGE('',*,*,#3272,.T.);
#1807=CARTESIAN_POINT('',(-1.0,-14.7157213090438,13.036991461014));
#1808=DIRECTION('',(1.0,0.0,6.12303176911189E-017));
#1809=DIRECTION('',(-4.58315509057336E-017,0.663122658240795,0.748510748171101));
#1810=ORIENTED_EDGE('',*,*,#3168,.T.);
#1811=ORIENTED_EDGE('',*,*,#3276,.F.);
#1812=ORIENTED_EDGE('',*,*,#3277,.T.);
#1813=ORIENTED_EDGE('',*,*,#3274,.T.);
#1814=CARTESIAN_POINT('',(-1.0,-13.6771803783037,14.254502337835));
#1815=DIRECTION('',(-4.58315509057336E-017,0.663122658240795,0.748510748171101));
#1816=DIRECTION('',(-4.06032110322631E-017,-0.748510748171101,0.663122658240796));
#1817=ORIENTED_EDGE('',*,*,#3167,.T.);
#1818=ORIENTED_EDGE('',*,*,#3278,.F.);
#1819=ORIENTED_EDGE('',*,*,#3279,.T.);
#1820=ORIENTED_EDGE('',*,*,#3276,.T.);
#1821=CARTESIAN_POINT('',(-1.0,-13.4343866374525,14.5738003168507));
#1822=DIRECTION('',(1.0,0.0,6.12303176911189E-017));
#1823=DIRECTION('',(-4.58315509057336E-017,0.663122658240795,0.748510748171101));
#1824=ORIENTED_EDGE('',*,*,#3205,.T.);
#1825=ORIENTED_EDGE('',*,*,#3280,.T.);
#1826=ORIENTED_EDGE('',*,*,#2983,.T.);
#1827=ORIENTED_EDGE('',*,*,#3278,.T.);
#1828=CARTESIAN_POINT('',(7.25,0.0,4.43919803260612E-016));
#1829=DIRECTION('',(1.0,0.0,6.12303176911189E-017));
#1830=DIRECTION('',(6.12303176911189E-017,0.0,-1.0));
#1831=ORIENTED_EDGE('',*,*,#3159,.T.);
#1832=ORIENTED_EDGE('',*,*,#3281,.F.);
#1833=ORIENTED_EDGE('',*,*,#3282,.T.);
#1834=ORIENTED_EDGE('',*,*,#3280,.F.);
#1835=CARTESIAN_POINT('',(-1.0,-12.8482045373257,15.0931123419606));
#1836=DIRECTION('',(1.0,0.0,6.12303176911189E-017));
#1837=DIRECTION('',(-3.47827849114736E-017,0.822983865893656,0.568064746731156));
#1838=ORIENTED_EDGE('',*,*,#3164,.T.);
#1839=ORIENTED_EDGE('',*,*,#3283,.F.);
#1840=ORIENTED_EDGE('',*,*,#3284,.T.);
#1841=ORIENTED_EDGE('',*,*,#3281,.T.);
#1842=CARTESIAN_POINT('',(-1.0,-12.5019690485663,15.2956487246762));
#1843=DIRECTION('',(3.47827849114736E-017,-0.822983865893656,-0.568064746731156));
#1844=DIRECTION('',(5.03915635633337E-017,0.568064746731156,-0.822983865893656));
#1845=ORIENTED_EDGE('',*,*,#3163,.T.);
#1846=ORIENTED_EDGE('',*,*,#3285,.F.);
#1847=ORIENTED_EDGE('',*,*,#3286,.T.);
#1848=ORIENTED_EDGE('',*,*,#3283,.T.);
#1849=CARTESIAN_POINT('',(-1.0,-11.1681529207345,16.1798628034693));
#1850=DIRECTION('',(1.0,0.0,6.12303176911189E-017));
#1851=DIRECTION('',(-3.47827849114736E-017,0.822983865893656,0.568064746731156));
#1852=ORIENTED_EDGE('',*,*,#3162,.T.);
#1853=ORIENTED_EDGE('',*,*,#3287,.F.);
#1854=ORIENTED_EDGE('',*,*,#3288,.T.);
#1855=ORIENTED_EDGE('',*,*,#3285,.T.);
#1856=CARTESIAN_POINT('',(-1.0,-9.86842067770661,17.1134559142159));
#1857=DIRECTION('',(-3.47827849114736E-017,0.822983865893656,0.568064746731156));
#1858=DIRECTION('',(-5.03915635633337E-017,-0.568064746731156,0.822983865893656));
#1859=ORIENTED_EDGE('',*,*,#3161,.T.);
#1860=ORIENTED_EDGE('',*,*,#3289,.F.);
#1861=ORIENTED_EDGE('',*,*,#3290,.T.);
#1862=ORIENTED_EDGE('',*,*,#3287,.T.);
#1863=CARTESIAN_POINT('',(-1.0,-9.55626907375108,17.3653713288852));
#1864=DIRECTION('',(1.0,0.0,6.12303176911189E-017));
#1865=DIRECTION('',(-3.47827849114736E-017,0.822983865893656,0.568064746731156));
#1866=ORIENTED_EDGE('',*,*,#3204,.T.);
#1867=ORIENTED_EDGE('',*,*,#3291,.T.);
#1868=ORIENTED_EDGE('',*,*,#2985,.T.);
#1869=ORIENTED_EDGE('',*,*,#3289,.T.);
#1870=CARTESIAN_POINT('',(7.25,0.0,4.43919803260612E-016));
#1871=DIRECTION('',(1.0,0.0,6.12303176911189E-017));
#1872=DIRECTION('',(6.12303176911189E-017,0.0,-1.0));
#1873=ORIENTED_EDGE('',*,*,#3153,.T.);
#1874=ORIENTED_EDGE('',*,*,#3292,.F.);
#1875=ORIENTED_EDGE('',*,*,#3293,.T.);
#1876=ORIENTED_EDGE('',*,*,#3291,.F.);
#1877=CARTESIAN_POINT('',(-1.0,-8.86284085784963,17.7293105316713));
#1878=DIRECTION('',(1.0,2.40741243048405E-033,6.12303176911189E-017));
#1879=DIRECTION('',(-2.17125698884378E-017,0.935016242685415,0.354604887042536));
#1880=ORIENTED_EDGE('',*,*,#3158,.T.);
#1881=ORIENTED_EDGE('',*,*,#3294,.F.);
#1882=ORIENTED_EDGE('',*,*,#3295,.T.);
#1883=ORIENTED_EDGE('',*,*,#3292,.T.);
#1884=CARTESIAN_POINT('',(-1.0,-8.47819621416419,17.8431019992078));
#1885=DIRECTION('',(2.17125698884378E-017,-0.935016242685415,-0.354604887042536));
#1886=DIRECTION('',(5.72513415859843E-017,0.354604887042536,-0.935016242685415));
#1887=ORIENTED_EDGE('',*,*,#3157,.T.);
#1888=ORIENTED_EDGE('',*,*,#3296,.F.);
#1889=ORIENTED_EDGE('',*,*,#3297,.T.);
#1890=ORIENTED_EDGE('',*,*,#3294,.T.);
#1891=CARTESIAN_POINT('',(-1.0,-6.97153207925625,18.3824193311953));
#1892=DIRECTION('',(1.0,2.40741243048405E-033,6.12303176911189E-017));
#1893=DIRECTION('',(-2.17125698884378E-017,0.935016242685415,0.354604887042536));
#1894=ORIENTED_EDGE('',*,*,#3156,.T.);
#1895=ORIENTED_EDGE('',*,*,#3298,.F.);
#1896=ORIENTED_EDGE('',*,*,#3299,.T.);
#1897=ORIENTED_EDGE('',*,*,#3296,.T.);
#1898=CARTESIAN_POINT('',(-1.0,-5.48614423757086,18.9778376377439));
#1899=DIRECTION('',(-2.17125698884378E-017,0.935016242685415,0.354604887042536));
#1900=DIRECTION('',(-5.72513415859843E-017,-0.354604887042536,0.935016242685415));
#1901=ORIENTED_EDGE('',*,*,#3155,.T.);
#1902=ORIENTED_EDGE('',*,*,#3300,.F.);
#1903=ORIENTED_EDGE('',*,*,#3301,.T.);
#1904=ORIENTED_EDGE('',*,*,#3298,.T.);
#1905=CARTESIAN_POINT('',(-1.0,-5.12277588710797,19.1477300798415));
#1906=DIRECTION('',(1.0,2.40741243048405E-033,6.12303176911189E-017));
#1907=DIRECTION('',(-2.17125698884378E-017,0.935016242685415,0.354604887042536));
#1908=ORIENTED_EDGE('',*,*,#3203,.T.);
#1909=ORIENTED_EDGE('',*,*,#3302,.T.);
#1910=ORIENTED_EDGE('',*,*,#2987,.T.);
#1911=ORIENTED_EDGE('',*,*,#3300,.T.);
#1912=CARTESIAN_POINT('',(7.25,0.0,4.43919803260612E-016));
#1913=DIRECTION('',(1.0,0.0,6.12303176911189E-017));
#1914=DIRECTION('',(6.12303176911189E-017,0.0,-1.0));
#1915=ORIENTED_EDGE('',*,*,#3147,.T.);
#1916=ORIENTED_EDGE('',*,*,#3303,.F.);
#1917=ORIENTED_EDGE('',*,*,#3304,.T.);
#1918=ORIENTED_EDGE('',*,*,#3302,.F.);
#1919=CARTESIAN_POINT('',(-1.0,-4.36240108283107,19.335145636703));
#1920=DIRECTION('',(1.0,1.20370621524203E-033,6.12303176911189E-017));
#1921=DIRECTION('',(-7.38049922546624E-018,0.992708874098054,0.120536680255323));
#1922=ORIENTED_EDGE('',*,*,#3152,.T.);
#1923=ORIENTED_EDGE('',*,*,#3305,.F.);
#1924=ORIENTED_EDGE('',*,*,#3306,.T.);
#1925=ORIENTED_EDGE('',*,*,#3303,.T.);
#1926=CARTESIAN_POINT('',(-1.0,-3.96170143278419,19.3535790425822));
#1927=DIRECTION('',(7.38049922546623E-018,-0.992708874098054,-0.120536680255323));
#1928=DIRECTION('',(6.07838797358168E-017,0.120536680255323,-0.992708874098054));
#1929=ORIENTED_EDGE('',*,*,#3151,.T.);
#1930=ORIENTED_EDGE('',*,*,#3307,.F.);
#1931=ORIENTED_EDGE('',*,*,#3308,.T.);
#1932=ORIENTED_EDGE('',*,*,#3305,.T.);
#1933=CARTESIAN_POINT('',(-1.0,-2.36975113381965,19.5166564647677));
#1934=DIRECTION('',(1.0,-1.20370621524202E-033,6.12303176911189E-017));
#1935=DIRECTION('',(-7.38049922546624E-018,0.992708874098054,0.120536680255323));
#1936=ORIENTED_EDGE('',*,*,#3150,.T.);
#1937=ORIENTED_EDGE('',*,*,#3309,.F.);
#1938=ORIENTED_EDGE('',*,*,#3310,.T.);
#1939=ORIENTED_EDGE('',*,*,#3307,.T.);
#1940=CARTESIAN_POINT('',(-1.0,-0.785033035670422,19.7392964193992));
#1941=DIRECTION('',(-7.38049922546623E-018,0.992708874098054,0.120536680255323));
#1942=DIRECTION('',(-6.07838797358168E-017,-0.120536680255323,0.992708874098054));
#1943=ORIENTED_EDGE('',*,*,#3149,.T.);
#1944=ORIENTED_EDGE('',*,*,#3311,.F.);
#1945=ORIENTED_EDGE('',*,*,#3312,.T.);
#1946=ORIENTED_EDGE('',*,*,#3309,.T.);
#1947=CARTESIAN_POINT('',(-1.0,-0.39156558643886,19.8172923577243));
#1948=DIRECTION('',(1.0,1.20370621524203E-033,6.12303176911189E-017));
#1949=DIRECTION('',(-7.38049922546624E-018,0.992708874098054,0.120536680255323));
#1950=ORIENTED_EDGE('',*,*,#3007,.T.);
#1951=ORIENTED_EDGE('',*,*,#2989,.T.);
#1952=ORIENTED_EDGE('',*,*,#3311,.T.);
#1953=ORIENTED_EDGE('',*,*,#3202,.T.);
#1954=CARTESIAN_POINT('',(7.25,0.0,4.43919803260612E-016));
#1955=DIRECTION('',(1.0,0.0,6.12303176911189E-017));
#1956=DIRECTION('',(6.12303176911189E-017,0.0,-1.0));
#1957=ORIENTED_EDGE('',*,*,#3141,.T.);
#1958=ORIENTED_EDGE('',*,*,#3313,.F.);
#1959=ORIENTED_EDGE('',*,*,#3314,.T.);
#1960=ORIENTED_EDGE('',*,*,#3009,.F.);
#1961=CARTESIAN_POINT('',(-1.0,0.391565586438867,19.8172923577243));
#1962=DIRECTION('',(1.0,0.0,6.12303176911189E-017));
#1963=DIRECTION('',(7.38049922546626E-018,0.992708874098054,-0.120536680255323));
#1964=ORIENTED_EDGE('',*,*,#3146,.T.);
#1965=ORIENTED_EDGE('',*,*,#3315,.F.);
#1966=ORIENTED_EDGE('',*,*,#3316,.T.);
#1967=ORIENTED_EDGE('',*,*,#3313,.T.);
#1968=CARTESIAN_POINT('',(-1.0,0.785033035670428,19.7392964193992));
#1969=DIRECTION('',(-7.38049922546625E-018,-0.992708874098054,0.120536680255323));
#1970=DIRECTION('',(6.07838797358168E-017,-0.120536680255323,-0.992708874098054));
#1971=ORIENTED_EDGE('',*,*,#3145,.T.);
#1972=ORIENTED_EDGE('',*,*,#3317,.F.);
#1973=ORIENTED_EDGE('',*,*,#3318,.T.);
#1974=ORIENTED_EDGE('',*,*,#3315,.T.);
#1975=CARTESIAN_POINT('',(-1.0,2.36975113381965,19.5166564647677));
#1976=DIRECTION('',(1.0,0.0,6.12303176911189E-017));
#1977=DIRECTION('',(7.38049922546626E-018,0.992708874098054,-0.120536680255323));
#1978=ORIENTED_EDGE('',*,*,#3144,.T.);
#1979=ORIENTED_EDGE('',*,*,#3319,.F.);
#1980=ORIENTED_EDGE('',*,*,#3320,.T.);
#1981=ORIENTED_EDGE('',*,*,#3317,.T.);
#1982=CARTESIAN_POINT('',(-1.0,3.9617014327842,19.3535790425822));
#1983=DIRECTION('',(7.38049922546625E-018,0.992708874098054,-0.120536680255323));
#1984=DIRECTION('',(-6.07838797358168E-017,0.120536680255323,0.992708874098054));
#1985=ORIENTED_EDGE('',*,*,#3143,.T.);
#1986=ORIENTED_EDGE('',*,*,#3321,.F.);
#1987=ORIENTED_EDGE('',*,*,#3322,.T.);
#1988=ORIENTED_EDGE('',*,*,#3319,.T.);
#1989=CARTESIAN_POINT('',(-1.0,4.36240108283108,19.335145636703));
#1990=DIRECTION('',(1.0,0.0,6.12303176911189E-017));
#1991=DIRECTION('',(7.38049922546626E-018,0.992708874098054,-0.120536680255323));
#1992=ORIENTED_EDGE('',*,*,#3201,.T.);
#1993=ORIENTED_EDGE('',*,*,#3323,.T.);
#1994=ORIENTED_EDGE('',*,*,#2992,.T.);
#1995=ORIENTED_EDGE('',*,*,#3321,.T.);
#1996=CARTESIAN_POINT('',(7.25,0.0,4.43919803260612E-016));
#1997=DIRECTION('',(1.0,0.0,6.12303176911189E-017));
#1998=DIRECTION('',(6.12303176911189E-017,0.0,-1.0));
#1999=ORIENTED_EDGE('',*,*,#3135,.T.);
#2000=ORIENTED_EDGE('',*,*,#3324,.F.);
#2001=ORIENTED_EDGE('',*,*,#3325,.T.);
#2002=ORIENTED_EDGE('',*,*,#3323,.F.);
#2003=CARTESIAN_POINT('',(-1.0,5.12277588710798,19.1477300798415));
#2004=DIRECTION('',(1.0,0.0,6.12303176911189E-017));
#2005=DIRECTION('',(2.17125698884378E-017,0.935016242685415,-0.354604887042536));
#2006=ORIENTED_EDGE('',*,*,#3140,.T.);
#2007=ORIENTED_EDGE('',*,*,#3326,.F.);
#2008=ORIENTED_EDGE('',*,*,#3327,.T.);
#2009=ORIENTED_EDGE('',*,*,#3324,.T.);
#2010=CARTESIAN_POINT('',(-1.0,5.48614423757087,18.9778376377439));
#2011=DIRECTION('',(-2.17125698884378E-017,-0.935016242685415,0.354604887042536));
#2012=DIRECTION('',(5.72513415859843E-017,-0.354604887042536,-0.935016242685415));
#2013=ORIENTED_EDGE('',*,*,#3139,.T.);
#2014=ORIENTED_EDGE('',*,*,#3328,.F.);
#2015=ORIENTED_EDGE('',*,*,#3329,.T.);
#2016=ORIENTED_EDGE('',*,*,#3326,.T.);
#2017=CARTESIAN_POINT('',(-1.0,6.97153207925625,18.3824193311953));
#2018=DIRECTION('',(1.0,0.0,6.12303176911189E-017));
#2019=DIRECTION('',(2.17125698884378E-017,0.935016242685415,-0.354604887042536));
#2020=ORIENTED_EDGE('',*,*,#3138,.T.);
#2021=ORIENTED_EDGE('',*,*,#3330,.F.);
#2022=ORIENTED_EDGE('',*,*,#3331,.T.);
#2023=ORIENTED_EDGE('',*,*,#3328,.T.);
#2024=CARTESIAN_POINT('',(-1.0,8.47819621416419,17.8431019992078));
#2025=DIRECTION('',(2.17125698884378E-017,0.935016242685415,-0.354604887042536));
#2026=DIRECTION('',(-5.72513415859843E-017,0.354604887042536,0.935016242685415));
#2027=ORIENTED_EDGE('',*,*,#3137,.T.);
#2028=ORIENTED_EDGE('',*,*,#3332,.F.);
#2029=ORIENTED_EDGE('',*,*,#3333,.T.);
#2030=ORIENTED_EDGE('',*,*,#3330,.T.);
#2031=CARTESIAN_POINT('',(-1.0,8.86284085784964,17.7293105316713));
#2032=DIRECTION('',(1.0,0.0,6.12303176911189E-017));
#2033=DIRECTION('',(2.17125698884378E-017,0.935016242685415,-0.354604887042536));
#2034=ORIENTED_EDGE('',*,*,#3200,.T.);
#2035=ORIENTED_EDGE('',*,*,#3334,.T.);
#2036=ORIENTED_EDGE('',*,*,#2994,.T.);
#2037=ORIENTED_EDGE('',*,*,#3332,.T.);
#2038=CARTESIAN_POINT('',(7.25,0.0,4.43919803260612E-016));
#2039=DIRECTION('',(1.0,0.0,6.12303176911189E-017));
#2040=DIRECTION('',(6.12303176911189E-017,0.0,-1.0));
#2041=ORIENTED_EDGE('',*,*,#3129,.T.);
#2042=ORIENTED_EDGE('',*,*,#3335,.F.);
#2043=ORIENTED_EDGE('',*,*,#3336,.T.);
#2044=ORIENTED_EDGE('',*,*,#3334,.F.);
#2045=CARTESIAN_POINT('',(-1.0,9.55626907375108,17.3653713288852));
#2046=DIRECTION('',(1.0,0.0,6.12303176911189E-017));
#2047=DIRECTION('',(3.47827849114737E-017,0.822983865893656,-0.568064746731156));
#2048=ORIENTED_EDGE('',*,*,#3134,.T.);
#2049=ORIENTED_EDGE('',*,*,#3337,.F.);
#2050=ORIENTED_EDGE('',*,*,#3338,.T.);
#2051=ORIENTED_EDGE('',*,*,#3335,.T.);
#2052=CARTESIAN_POINT('',(-1.0,9.86842067770661,17.1134559142159));
#2053=DIRECTION('',(-3.47827849114737E-017,-0.822983865893656,0.568064746731156));
#2054=DIRECTION('',(5.03915635633337E-017,-0.568064746731156,-0.822983865893656));
#2055=ORIENTED_EDGE('',*,*,#3133,.T.);
#2056=ORIENTED_EDGE('',*,*,#3339,.F.);
#2057=ORIENTED_EDGE('',*,*,#3340,.T.);
#2058=ORIENTED_EDGE('',*,*,#3337,.T.);
#2059=CARTESIAN_POINT('',(-1.0,11.1681529207345,16.1798628034693));
#2060=DIRECTION('',(1.0,4.81482486096809E-033,6.12303176911189E-017));
#2061=DIRECTION('',(3.47827849114736E-017,0.822983865893656,-0.568064746731156));
#2062=ORIENTED_EDGE('',*,*,#3132,.T.);
#2063=ORIENTED_EDGE('',*,*,#3341,.F.);
#2064=ORIENTED_EDGE('',*,*,#3342,.T.);
#2065=ORIENTED_EDGE('',*,*,#3339,.T.);
#2066=CARTESIAN_POINT('',(-1.0,12.5019690485663,15.2956487246762));
#2067=DIRECTION('',(3.47827849114737E-017,0.822983865893656,-0.568064746731156));
#2068=DIRECTION('',(-5.03915635633337E-017,0.568064746731156,0.822983865893656));
#2069=ORIENTED_EDGE('',*,*,#3131,.T.);
#2070=ORIENTED_EDGE('',*,*,#3343,.F.);
#2071=ORIENTED_EDGE('',*,*,#3344,.T.);
#2072=ORIENTED_EDGE('',*,*,#3341,.T.);
#2073=CARTESIAN_POINT('',(-1.0,12.8482045373257,15.0931123419606));
#2074=DIRECTION('',(1.0,0.0,6.12303176911189E-017));
#2075=DIRECTION('',(3.47827849114737E-017,0.822983865893656,-0.568064746731156));
#2076=ORIENTED_EDGE('',*,*,#3199,.T.);
#2077=ORIENTED_EDGE('',*,*,#3345,.T.);
#2078=ORIENTED_EDGE('',*,*,#2996,.T.);
#2079=ORIENTED_EDGE('',*,*,#3343,.T.);
#2080=CARTESIAN_POINT('',(7.25,0.0,4.43919803260612E-016));
#2081=DIRECTION('',(1.0,0.0,6.12303176911189E-017));
#2082=DIRECTION('',(6.12303176911189E-017,0.0,-1.0));
#2083=ORIENTED_EDGE('',*,*,#3123,.T.);
#2084=ORIENTED_EDGE('',*,*,#3346,.F.);
#2085=ORIENTED_EDGE('',*,*,#3347,.T.);
#2086=ORIENTED_EDGE('',*,*,#3345,.F.);
#2087=CARTESIAN_POINT('',(-1.0,13.4343866374525,14.5738003168507));
#2088=DIRECTION('',(1.0,4.81482486096811E-033,6.12303176911189E-017));
#2089=DIRECTION('',(4.58315509057336E-017,0.663122658240795,-0.748510748171101));
#2090=ORIENTED_EDGE('',*,*,#3128,.T.);
#2091=ORIENTED_EDGE('',*,*,#3348,.F.);
#2092=ORIENTED_EDGE('',*,*,#3349,.T.);
#2093=ORIENTED_EDGE('',*,*,#3346,.T.);
#2094=CARTESIAN_POINT('',(-1.0,13.6771803783037,14.254502337835));
#2095=DIRECTION('',(-4.58315509057336E-017,-0.663122658240795,0.748510748171101));
#2096=DIRECTION('',(4.06032110322631E-017,-0.748510748171101,-0.663122658240795));
#2097=ORIENTED_EDGE('',*,*,#3127,.T.);
#2098=ORIENTED_EDGE('',*,*,#3350,.F.);
#2099=ORIENTED_EDGE('',*,*,#3351,.T.);
#2100=ORIENTED_EDGE('',*,*,#3348,.T.);
#2101=CARTESIAN_POINT('',(-1.0,14.7157213090438,13.036991461014));
#2102=DIRECTION('',(1.0,4.81482486096809E-033,6.12303176911189E-017));
#2103=DIRECTION('',(4.58315509057336E-017,0.663122658240795,-0.748510748171101));
#2104=ORIENTED_EDGE('',*,*,#3126,.T.);
#2105=ORIENTED_EDGE('',*,*,#3352,.F.);
#2106=ORIENTED_EDGE('',*,*,#3353,.T.);
#2107=ORIENTED_EDGE('',*,*,#3350,.T.);
#2108=CARTESIAN_POINT('',(-1.0,15.7991728846743,11.8592679436875));
#2109=DIRECTION('',(4.58315509057336E-017,0.663122658240795,-0.748510748171101));
#2110=DIRECTION('',(-4.06032110322631E-017,0.748510748171101,0.663122658240795));
#2111=ORIENTED_EDGE('',*,*,#3125,.T.);
#2112=ORIENTED_EDGE('',*,*,#3354,.F.);
#2113=ORIENTED_EDGE('',*,*,#3355,.T.);
#2114=ORIENTED_EDGE('',*,*,#3352,.T.);
#2115=CARTESIAN_POINT('',(-1.0,16.0868772704157,11.5797573241663));
#2116=DIRECTION('',(1.0,4.81482486096811E-033,6.12303176911189E-017));
#2117=DIRECTION('',(4.58315509057336E-017,0.663122658240795,-0.748510748171101));
#2118=ORIENTED_EDGE('',*,*,#3198,.T.);
#2119=ORIENTED_EDGE('',*,*,#3356,.T.);
#2120=ORIENTED_EDGE('',*,*,#2998,.T.);
#2121=ORIENTED_EDGE('',*,*,#3354,.T.);
#2122=CARTESIAN_POINT('',(7.25,0.0,4.43919803260612E-016));
#2123=DIRECTION('',(1.0,0.0,6.12303176911189E-017));
#2124=DIRECTION('',(6.12303176911189E-017,0.0,-1.0));
#2125=ORIENTED_EDGE('',*,*,#3121,.T.);
#2126=ORIENTED_EDGE('',*,*,#3357,.F.);
#2127=ORIENTED_EDGE('',*,*,#3358,.T.);
#2128=ORIENTED_EDGE('',*,*,#3356,.F.);
#2129=CARTESIAN_POINT('',(-1.0,16.5317464817938,10.9352530040095));
#2130=DIRECTION('',(1.0,0.0,6.12303176911189E-017));
#2131=DIRECTION('',(5.42167537522615E-017,0.464723172043769,-0.88545602565321));
#2132=ORIENTED_EDGE('',*,*,#3238,.F.);
#2133=ORIENTED_EDGE('',*,*,#3240,.F.);
#2134=ORIENTED_EDGE('',*,*,#3242,.F.);
#2135=ORIENTED_EDGE('',*,*,#3244,.F.);
#2136=ORIENTED_EDGE('',*,*,#3246,.F.);
#2137=ORIENTED_EDGE('',*,*,#2976,.T.);
#2138=ORIENTED_EDGE('',*,*,#3359,.T.);
#2139=CARTESIAN_POINT('',(2.75,10.06,0.0));
#2140=DIRECTION('',(1.0,0.0,0.0));
#2141=DIRECTION('',(-0.0,1.0,-0.0));
#2142=ORIENTED_EDGE('',*,*,#3249,.F.);
#2143=ORIENTED_EDGE('',*,*,#3251,.F.);
#2144=ORIENTED_EDGE('',*,*,#3253,.F.);
#2145=ORIENTED_EDGE('',*,*,#3255,.F.);
#2146=ORIENTED_EDGE('',*,*,#3257,.F.);
#2147=ORIENTED_EDGE('',*,*,#2978,.T.);
#2148=CARTESIAN_POINT('',(2.75,10.06,0.0));
#2149=DIRECTION('',(1.0,0.0,0.0));
#2150=DIRECTION('',(-0.0,1.0,-0.0));
#2151=ORIENTED_EDGE('',*,*,#3260,.F.);
#2152=ORIENTED_EDGE('',*,*,#3262,.F.);
#2153=ORIENTED_EDGE('',*,*,#3264,.F.);
#2154=ORIENTED_EDGE('',*,*,#3266,.F.);
#2155=ORIENTED_EDGE('',*,*,#3268,.F.);
#2156=ORIENTED_EDGE('',*,*,#2980,.T.);
#2157=CARTESIAN_POINT('',(2.75,10.06,0.0));
#2158=DIRECTION('',(1.0,0.0,0.0));
#2159=DIRECTION('',(-0.0,1.0,-0.0));
#2160=ORIENTED_EDGE('',*,*,#3271,.F.);
#2161=ORIENTED_EDGE('',*,*,#3273,.F.);
#2162=ORIENTED_EDGE('',*,*,#3275,.F.);
#2163=ORIENTED_EDGE('',*,*,#3277,.F.);
#2164=ORIENTED_EDGE('',*,*,#3279,.F.);
#2165=ORIENTED_EDGE('',*,*,#2982,.T.);
#2166=CARTESIAN_POINT('',(2.75,10.06,0.0));
#2167=DIRECTION('',(1.0,0.0,0.0));
#2168=DIRECTION('',(-0.0,1.0,-0.0));
#2169=ORIENTED_EDGE('',*,*,#3282,.F.);
#2170=ORIENTED_EDGE('',*,*,#3284,.F.);
#2171=ORIENTED_EDGE('',*,*,#3286,.F.);
#2172=ORIENTED_EDGE('',*,*,#3288,.F.);
#2173=ORIENTED_EDGE('',*,*,#3290,.F.);
#2174=ORIENTED_EDGE('',*,*,#2984,.T.);
#2175=CARTESIAN_POINT('',(2.75,10.06,0.0));
#2176=DIRECTION('',(1.0,0.0,0.0));
#2177=DIRECTION('',(-0.0,1.0,-0.0));
#2178=ORIENTED_EDGE('',*,*,#3293,.F.);
#2179=ORIENTED_EDGE('',*,*,#3295,.F.);
#2180=ORIENTED_EDGE('',*,*,#3297,.F.);
#2181=ORIENTED_EDGE('',*,*,#3299,.F.);
#2182=ORIENTED_EDGE('',*,*,#3301,.F.);
#2183=ORIENTED_EDGE('',*,*,#2986,.T.);
#2184=CARTESIAN_POINT('',(2.75,10.06,0.0));
#2185=DIRECTION('',(1.0,0.0,0.0));
#2186=DIRECTION('',(-0.0,1.0,-0.0));
#2187=ORIENTED_EDGE('',*,*,#3304,.F.);
#2188=ORIENTED_EDGE('',*,*,#3306,.F.);
#2189=ORIENTED_EDGE('',*,*,#3308,.F.);
#2190=ORIENTED_EDGE('',*,*,#3310,.F.);
#2191=ORIENTED_EDGE('',*,*,#3312,.F.);
#2192=ORIENTED_EDGE('',*,*,#2988,.T.);
#2193=CARTESIAN_POINT('',(2.75,10.06,0.0));
#2194=DIRECTION('',(1.0,0.0,0.0));
#2195=DIRECTION('',(-0.0,1.0,-0.0));
#2196=ORIENTED_EDGE('',*,*,#3314,.F.);
#2197=ORIENTED_EDGE('',*,*,#3316,.F.);
#2198=ORIENTED_EDGE('',*,*,#3318,.F.);
#2199=ORIENTED_EDGE('',*,*,#3320,.F.);
#2200=ORIENTED_EDGE('',*,*,#3322,.F.);
#2201=ORIENTED_EDGE('',*,*,#2991,.T.);
#2202=CARTESIAN_POINT('',(2.75,10.06,0.0));
#2203=DIRECTION('',(1.0,0.0,0.0));
#2204=DIRECTION('',(-0.0,1.0,-0.0));
#2205=ORIENTED_EDGE('',*,*,#3325,.F.);
#2206=ORIENTED_EDGE('',*,*,#3327,.F.);
#2207=ORIENTED_EDGE('',*,*,#3329,.F.);
#2208=ORIENTED_EDGE('',*,*,#3331,.F.);
#2209=ORIENTED_EDGE('',*,*,#3333,.F.);
#2210=ORIENTED_EDGE('',*,*,#2993,.T.);
#2211=CARTESIAN_POINT('',(2.75,10.06,0.0));
#2212=DIRECTION('',(1.0,0.0,0.0));
#2213=DIRECTION('',(-0.0,1.0,-0.0));
#2214=ORIENTED_EDGE('',*,*,#3336,.F.);
#2215=ORIENTED_EDGE('',*,*,#3338,.F.);
#2216=ORIENTED_EDGE('',*,*,#3340,.F.);
#2217=ORIENTED_EDGE('',*,*,#3342,.F.);
#2218=ORIENTED_EDGE('',*,*,#3344,.F.);
#2219=ORIENTED_EDGE('',*,*,#2995,.T.);
#2220=CARTESIAN_POINT('',(2.75,10.06,0.0));
#2221=DIRECTION('',(1.0,0.0,0.0));
#2222=DIRECTION('',(-0.0,1.0,-0.0));
#2223=ORIENTED_EDGE('',*,*,#3347,.F.);
#2224=ORIENTED_EDGE('',*,*,#3349,.F.);
#2225=ORIENTED_EDGE('',*,*,#3351,.F.);
#2226=ORIENTED_EDGE('',*,*,#3353,.F.);
#2227=ORIENTED_EDGE('',*,*,#3355,.F.);
#2228=ORIENTED_EDGE('',*,*,#2997,.T.);
#2229=CARTESIAN_POINT('',(2.75,10.06,0.0));
#2230=DIRECTION('',(1.0,0.0,0.0));
#2231=DIRECTION('',(-0.0,1.0,-0.0));
#2232=ORIENTED_EDGE('',*,*,#3358,.F.);
#2233=ORIENTED_EDGE('',*,*,#3360,.F.);
#2234=ORIENTED_EDGE('',*,*,#3361,.F.);
#2235=ORIENTED_EDGE('',*,*,#3362,.F.);
#2236=ORIENTED_EDGE('',*,*,#3363,.F.);
#2237=ORIENTED_EDGE('',*,*,#2999,.T.);
#2238=CARTESIAN_POINT('',(2.75,10.06,0.0));
#2239=DIRECTION('',(1.0,0.0,0.0));
#2240=DIRECTION('',(-0.0,1.0,-0.0));
#2241=ORIENTED_EDGE('',*,*,#3364,.F.);
#2242=ORIENTED_EDGE('',*,*,#3001,.T.);
#2243=ORIENTED_EDGE('',*,*,#3365,.F.);
#2244=ORIENTED_EDGE('',*,*,#3366,.F.);
#2245=ORIENTED_EDGE('',*,*,#3367,.F.);
#2246=ORIENTED_EDGE('',*,*,#3368,.F.);
#2247=CARTESIAN_POINT('',(2.75,10.06,0.0));
#2248=DIRECTION('',(1.0,0.0,0.0));
#2249=DIRECTION('',(-0.0,1.0,-0.0));
#2250=ORIENTED_EDGE('',*,*,#3369,.F.);
#2251=ORIENTED_EDGE('',*,*,#3370,.T.);
#2252=ORIENTED_EDGE('',*,*,#3003,.T.);
#2253=ORIENTED_EDGE('',*,*,#3371,.F.);
#2254=ORIENTED_EDGE('',*,*,#3372,.F.);
#2255=ORIENTED_EDGE('',*,*,#3373,.F.);
#2256=ORIENTED_EDGE('',*,*,#3374,.F.);
#2257=CARTESIAN_POINT('',(2.75,10.06,0.0));
#2258=DIRECTION('',(1.0,0.0,0.0));
#2259=DIRECTION('',(-0.0,1.0,-0.0));
#2260=ORIENTED_EDGE('',*,*,#3375,.F.);
#2261=ORIENTED_EDGE('',*,*,#3376,.T.);
#2262=ORIENTED_EDGE('',*,*,#3377,.F.);
#2263=ORIENTED_EDGE('',*,*,#3378,.F.);
#2264=ORIENTED_EDGE('',*,*,#3379,.F.);
#2265=ORIENTED_EDGE('',*,*,#3380,.F.);
#2266=CARTESIAN_POINT('',(2.75,10.06,0.0));
#2267=DIRECTION('',(1.0,0.0,0.0));
#2268=DIRECTION('',(-0.0,1.0,-0.0));
#2269=ORIENTED_EDGE('',*,*,#3381,.F.);
#2270=ORIENTED_EDGE('',*,*,#3382,.T.);
#2271=ORIENTED_EDGE('',*,*,#3383,.F.);
#2272=ORIENTED_EDGE('',*,*,#3384,.F.);
#2273=ORIENTED_EDGE('',*,*,#3385,.F.);
#2274=ORIENTED_EDGE('',*,*,#3386,.F.);
#2275=CARTESIAN_POINT('',(2.75,10.06,0.0));
#2276=DIRECTION('',(1.0,0.0,0.0));
#2277=DIRECTION('',(-0.0,1.0,-0.0));
#2278=ORIENTED_EDGE('',*,*,#3387,.F.);
#2279=ORIENTED_EDGE('',*,*,#3388,.T.);
#2280=ORIENTED_EDGE('',*,*,#3389,.F.);
#2281=ORIENTED_EDGE('',*,*,#3390,.F.);
#2282=ORIENTED_EDGE('',*,*,#3391,.F.);
#2283=ORIENTED_EDGE('',*,*,#3392,.F.);
#2284=CARTESIAN_POINT('',(2.75,10.06,0.0));
#2285=DIRECTION('',(1.0,0.0,0.0));
#2286=DIRECTION('',(-0.0,1.0,-0.0));
#2287=ORIENTED_EDGE('',*,*,#3393,.F.);
#2288=ORIENTED_EDGE('',*,*,#3394,.T.);
#2289=ORIENTED_EDGE('',*,*,#3395,.F.);
#2290=ORIENTED_EDGE('',*,*,#3396,.F.);
#2291=ORIENTED_EDGE('',*,*,#3397,.F.);
#2292=ORIENTED_EDGE('',*,*,#3398,.F.);
#2293=CARTESIAN_POINT('',(2.75,10.06,0.0));
#2294=DIRECTION('',(1.0,0.0,0.0));
#2295=DIRECTION('',(-0.0,1.0,-0.0));
#2296=ORIENTED_EDGE('',*,*,#3399,.F.);
#2297=ORIENTED_EDGE('',*,*,#3400,.T.);
#2298=ORIENTED_EDGE('',*,*,#3401,.F.);
#2299=ORIENTED_EDGE('',*,*,#3402,.F.);
#2300=ORIENTED_EDGE('',*,*,#3403,.F.);
#2301=ORIENTED_EDGE('',*,*,#3404,.F.);
#2302=CARTESIAN_POINT('',(2.75,10.06,0.0));
#2303=DIRECTION('',(1.0,0.0,0.0));
#2304=DIRECTION('',(-0.0,1.0,-0.0));
#2305=ORIENTED_EDGE('',*,*,#3405,.F.);
#2306=ORIENTED_EDGE('',*,*,#3406,.T.);
#2307=ORIENTED_EDGE('',*,*,#3407,.F.);
#2308=ORIENTED_EDGE('',*,*,#3408,.F.);
#2309=ORIENTED_EDGE('',*,*,#3409,.F.);
#2310=ORIENTED_EDGE('',*,*,#3410,.F.);
#2311=CARTESIAN_POINT('',(2.75,10.06,0.0));
#2312=DIRECTION('',(1.0,0.0,0.0));
#2313=DIRECTION('',(-0.0,1.0,-0.0));
#2314=ORIENTED_EDGE('',*,*,#3411,.F.);
#2315=ORIENTED_EDGE('',*,*,#3412,.T.);
#2316=ORIENTED_EDGE('',*,*,#3413,.F.);
#2317=ORIENTED_EDGE('',*,*,#3414,.F.);
#2318=ORIENTED_EDGE('',*,*,#3415,.F.);
#2319=ORIENTED_EDGE('',*,*,#3416,.F.);
#2320=CARTESIAN_POINT('',(2.75,10.06,0.0));
#2321=DIRECTION('',(1.0,0.0,0.0));
#2322=DIRECTION('',(-0.0,1.0,-0.0));
#2323=ORIENTED_EDGE('',*,*,#3417,.F.);
#2324=ORIENTED_EDGE('',*,*,#3418,.T.);
#2325=ORIENTED_EDGE('',*,*,#3419,.F.);
#2326=ORIENTED_EDGE('',*,*,#3420,.F.);
#2327=ORIENTED_EDGE('',*,*,#3421,.F.);
#2328=ORIENTED_EDGE('',*,*,#3422,.F.);
#2329=CARTESIAN_POINT('',(2.75,10.06,0.0));
#2330=DIRECTION('',(1.0,0.0,0.0));
#2331=DIRECTION('',(-0.0,1.0,-0.0));
#2332=ORIENTED_EDGE('',*,*,#3423,.F.);
#2333=ORIENTED_EDGE('',*,*,#3424,.T.);
#2334=ORIENTED_EDGE('',*,*,#3425,.F.);
#2335=ORIENTED_EDGE('',*,*,#3426,.F.);
#2336=ORIENTED_EDGE('',*,*,#3427,.F.);
#2337=ORIENTED_EDGE('',*,*,#3428,.F.);
#2338=CARTESIAN_POINT('',(2.75,10.06,0.0));
#2339=DIRECTION('',(1.0,0.0,0.0));
#2340=DIRECTION('',(-0.0,1.0,-0.0));
#2341=ORIENTED_EDGE('',*,*,#3429,.F.);
#2342=ORIENTED_EDGE('',*,*,#3430,.T.);
#2343=ORIENTED_EDGE('',*,*,#3431,.F.);
#2344=ORIENTED_EDGE('',*,*,#3432,.F.);
#2345=ORIENTED_EDGE('',*,*,#3433,.F.);
#2346=ORIENTED_EDGE('',*,*,#3434,.F.);
#2347=CARTESIAN_POINT('',(2.75,10.06,0.0));
#2348=DIRECTION('',(1.0,0.0,0.0));
#2349=DIRECTION('',(-0.0,1.0,-0.0));
#2350=ORIENTED_EDGE('',*,*,#3222,.F.);
#2351=ORIENTED_EDGE('',*,*,#3435,.T.);
#2352=ORIENTED_EDGE('',*,*,#3436,.F.);
#2353=ORIENTED_EDGE('',*,*,#3215,.F.);
#2354=ORIENTED_EDGE('',*,*,#3218,.F.);
#2355=ORIENTED_EDGE('',*,*,#3220,.F.);
#2356=CARTESIAN_POINT('',(2.75,10.06,0.0));
#2357=DIRECTION('',(1.0,0.0,0.0));
#2358=DIRECTION('',(-0.0,1.0,-0.0));
#2359=ORIENTED_EDGE('',*,*,#3226,.F.);
#2360=ORIENTED_EDGE('',*,*,#3228,.F.);
#2361=ORIENTED_EDGE('',*,*,#3230,.F.);
#2362=ORIENTED_EDGE('',*,*,#3232,.F.);
#2363=ORIENTED_EDGE('',*,*,#3234,.F.);
#2364=ORIENTED_EDGE('',*,*,#3437,.T.);
#2365=CARTESIAN_POINT('',(2.75,10.06,0.0));
#2366=DIRECTION('',(1.0,0.0,0.0));
#2367=DIRECTION('',(-0.0,1.0,-0.0));
#2368=ORIENTED_EDGE('',*,*,#3004,.T.);
#2369=ORIENTED_EDGE('',*,*,#3438,.F.);
#2370=ORIENTED_EDGE('',*,*,#3006,.T.);
#2371=ORIENTED_EDGE('',*,*,#3439,.T.);
#2372=CARTESIAN_POINT('',(0.469846310392954,0.0,0.0));
#2373=DIRECTION('',(1.0,-0.0,-0.0));
#2374=DIRECTION('',(0.0,1.0,0.0));
#2375=ORIENTED_EDGE('',*,*,#2973,.T.);
#2376=ORIENTED_EDGE('',*,*,#3370,.F.);
#2377=ORIENTED_EDGE('',*,*,#3440,.F.);
#2378=ORIENTED_EDGE('',*,*,#3376,.F.);
#2379=ORIENTED_EDGE('',*,*,#3441,.F.);
#2380=ORIENTED_EDGE('',*,*,#3382,.F.);
#2381=ORIENTED_EDGE('',*,*,#3442,.F.);
#2382=ORIENTED_EDGE('',*,*,#3388,.F.);
#2383=ORIENTED_EDGE('',*,*,#3443,.F.);
#2384=ORIENTED_EDGE('',*,*,#3394,.F.);
#2385=ORIENTED_EDGE('',*,*,#3444,.F.);
#2386=ORIENTED_EDGE('',*,*,#3400,.F.);
#2387=ORIENTED_EDGE('',*,*,#3445,.F.);
#2388=ORIENTED_EDGE('',*,*,#3406,.F.);
#2389=ORIENTED_EDGE('',*,*,#2970,.F.);
#2390=ORIENTED_EDGE('',*,*,#3446,.F.);
#2391=ORIENTED_EDGE('',*,*,#3412,.F.);
#2392=ORIENTED_EDGE('',*,*,#3447,.F.);
#2393=ORIENTED_EDGE('',*,*,#3418,.F.);
#2394=ORIENTED_EDGE('',*,*,#3448,.F.);
#2395=ORIENTED_EDGE('',*,*,#3424,.F.);
#2396=ORIENTED_EDGE('',*,*,#3449,.F.);
#2397=ORIENTED_EDGE('',*,*,#3430,.F.);
#2398=ORIENTED_EDGE('',*,*,#3450,.F.);
#2399=ORIENTED_EDGE('',*,*,#3435,.F.);
#2400=ORIENTED_EDGE('',*,*,#3224,.F.);
#2401=ORIENTED_EDGE('',*,*,#3437,.F.);
#2402=ORIENTED_EDGE('',*,*,#3236,.F.);
#2403=ORIENTED_EDGE('',*,*,#3359,.F.);
#2404=ORIENTED_EDGE('',*,*,#2975,.T.);
#2405=ORIENTED_EDGE('',*,*,#3438,.T.);
#2406=CARTESIAN_POINT('',(1.84484631039295,0.0,0.0));
#2407=DIRECTION('',(-1.0,-0.0,-0.0));
#2408=DIRECTION('',(0.0,1.0,0.0));
#2409=ORIENTED_EDGE('',*,*,#3209,.T.);
#2410=ORIENTED_EDGE('',*,*,#3216,.F.);
#2411=ORIENTED_EDGE('',*,*,#3436,.T.);
#2412=ORIENTED_EDGE('',*,*,#3451,.F.);
#2413=CARTESIAN_POINT('',(-1.0,-16.5317464817938,-10.9352530040095));
#2414=DIRECTION('',(1.0,0.0,6.12303176911189E-017));
#2415=DIRECTION('',(-5.42167537522615E-017,-0.464723172043769,0.88545602565321));
#2416=ORIENTED_EDGE('',*,*,#3018,.T.);
#2417=ORIENTED_EDGE('',*,*,#3451,.T.);
#2418=ORIENTED_EDGE('',*,*,#3450,.T.);
#2419=ORIENTED_EDGE('',*,*,#3452,.T.);
#2420=CARTESIAN_POINT('',(7.25,0.0,4.43919803260612E-016));
#2421=DIRECTION('',(1.0,0.0,6.12303176911189E-017));
#2422=DIRECTION('',(6.12303176911189E-017,0.0,-1.0));
#2423=ORIENTED_EDGE('',*,*,#3055,.T.);
#2424=ORIENTED_EDGE('',*,*,#3452,.F.);
#2425=ORIENTED_EDGE('',*,*,#3429,.T.);
#2426=ORIENTED_EDGE('',*,*,#3453,.T.);
#2427=CARTESIAN_POINT('',(-1.0,-16.0868772704157,-11.5797573241663));
#2428=DIRECTION('',(1.0,4.8148248609681E-033,6.12303176911189E-017));
#2429=DIRECTION('',(-4.58315509057336E-017,-0.663122658240795,0.748510748171101));
#2430=ORIENTED_EDGE('',*,*,#3056,.T.);
#2431=ORIENTED_EDGE('',*,*,#3453,.F.);
#2432=ORIENTED_EDGE('',*,*,#3434,.T.);
#2433=ORIENTED_EDGE('',*,*,#3454,.T.);
#2434=CARTESIAN_POINT('',(-1.0,-15.7991728846743,-11.8592679436875));
#2435=DIRECTION('',(-4.58315509057336E-017,-0.663122658240795,0.748510748171101));
#2436=DIRECTION('',(4.06032110322631E-017,-0.748510748171101,-0.663122658240795));
#2437=ORIENTED_EDGE('',*,*,#3057,.T.);
#2438=ORIENTED_EDGE('',*,*,#3454,.F.);
#2439=ORIENTED_EDGE('',*,*,#3433,.T.);
#2440=ORIENTED_EDGE('',*,*,#3455,.T.);
#2441=CARTESIAN_POINT('',(-1.0,-14.7157213090439,-13.036991461014));
#2442=DIRECTION('',(1.0,4.81482486096809E-033,6.12303176911189E-017));
#2443=DIRECTION('',(-4.58315509057336E-017,-0.663122658240795,0.748510748171101));
#2444=ORIENTED_EDGE('',*,*,#3058,.T.);
#2445=ORIENTED_EDGE('',*,*,#3455,.F.);
#2446=ORIENTED_EDGE('',*,*,#3432,.T.);
#2447=ORIENTED_EDGE('',*,*,#3456,.T.);
#2448=CARTESIAN_POINT('',(-1.0,-13.6771803783037,-14.254502337835));
#2449=DIRECTION('',(4.58315509057336E-017,0.663122658240795,-0.748510748171101));
#2450=DIRECTION('',(-4.06032110322631E-017,0.748510748171101,0.663122658240795));
#2451=ORIENTED_EDGE('',*,*,#3059,.T.);
#2452=ORIENTED_EDGE('',*,*,#3456,.F.);
#2453=ORIENTED_EDGE('',*,*,#3431,.T.);
#2454=ORIENTED_EDGE('',*,*,#3457,.F.);
#2455=CARTESIAN_POINT('',(-0.999999999999998,-13.4343866374525,-14.5738003168507));
#2456=DIRECTION('',(1.0,4.8148248609681E-033,6.12303176911189E-017));
#2457=DIRECTION('',(-4.58315509057336E-017,-0.663122658240795,0.748510748171101));
#2458=ORIENTED_EDGE('',*,*,#3020,.T.);
#2459=ORIENTED_EDGE('',*,*,#3457,.T.);
#2460=ORIENTED_EDGE('',*,*,#3449,.T.);
#2461=ORIENTED_EDGE('',*,*,#3458,.T.);
#2462=CARTESIAN_POINT('',(7.25,0.0,4.43919803260612E-016));
#2463=DIRECTION('',(1.0,0.0,6.12303176911189E-017));
#2464=DIRECTION('',(6.12303176911189E-017,0.0,-1.0));
#2465=ORIENTED_EDGE('',*,*,#3060,.T.);
#2466=ORIENTED_EDGE('',*,*,#3458,.F.);
#2467=ORIENTED_EDGE('',*,*,#3423,.T.);
#2468=ORIENTED_EDGE('',*,*,#3459,.T.);
#2469=CARTESIAN_POINT('',(-0.999999999999998,-12.8482045373257,-15.0931123419606));
#2470=DIRECTION('',(1.0,0.0,6.12303176911189E-017));
#2471=DIRECTION('',(-3.47827849114737E-017,-0.822983865893656,0.568064746731156));
#2472=ORIENTED_EDGE('',*,*,#3061,.T.);
#2473=ORIENTED_EDGE('',*,*,#3459,.F.);
#2474=ORIENTED_EDGE('',*,*,#3428,.T.);
#2475=ORIENTED_EDGE('',*,*,#3460,.T.);
#2476=CARTESIAN_POINT('',(-0.999999999999998,-12.5019690485663,-15.2956487246762));
#2477=DIRECTION('',(-3.47827849114737E-017,-0.822983865893656,0.568064746731156));
#2478=DIRECTION('',(5.03915635633337E-017,-0.568064746731156,-0.822983865893656));
#2479=ORIENTED_EDGE('',*,*,#3062,.T.);
#2480=ORIENTED_EDGE('',*,*,#3460,.F.);
#2481=ORIENTED_EDGE('',*,*,#3427,.T.);
#2482=ORIENTED_EDGE('',*,*,#3461,.T.);
#2483=CARTESIAN_POINT('',(-0.999999999999998,-11.1681529207345,-16.1798628034693));
#2484=DIRECTION('',(1.0,4.81482486096809E-033,6.12303176911189E-017));
#2485=DIRECTION('',(-3.47827849114736E-017,-0.822983865893656,0.568064746731156));
#2486=ORIENTED_EDGE('',*,*,#3063,.T.);
#2487=ORIENTED_EDGE('',*,*,#3461,.F.);
#2488=ORIENTED_EDGE('',*,*,#3426,.T.);
#2489=ORIENTED_EDGE('',*,*,#3462,.T.);
#2490=CARTESIAN_POINT('',(-0.999999999999998,-9.86842067770661,-17.1134559142159));
#2491=DIRECTION('',(3.47827849114737E-017,0.822983865893656,-0.568064746731156));
#2492=DIRECTION('',(-5.03915635633337E-017,0.568064746731156,0.822983865893656));
#2493=ORIENTED_EDGE('',*,*,#3064,.T.);
#2494=ORIENTED_EDGE('',*,*,#3462,.F.);
#2495=ORIENTED_EDGE('',*,*,#3425,.T.);
#2496=ORIENTED_EDGE('',*,*,#3463,.F.);
#2497=CARTESIAN_POINT('',(-0.999999999999998,-9.55626907375108,-17.3653713288852));
#2498=DIRECTION('',(1.0,0.0,6.12303176911189E-017));
#2499=DIRECTION('',(-3.47827849114737E-017,-0.822983865893656,0.568064746731156));
#2500=ORIENTED_EDGE('',*,*,#3022,.T.);
#2501=ORIENTED_EDGE('',*,*,#3463,.T.);
#2502=ORIENTED_EDGE('',*,*,#3448,.T.);
#2503=ORIENTED_EDGE('',*,*,#3464,.T.);
#2504=CARTESIAN_POINT('',(7.25,0.0,4.43919803260612E-016));
#2505=DIRECTION('',(1.0,0.0,6.12303176911189E-017));
#2506=DIRECTION('',(6.12303176911189E-017,0.0,-1.0));
#2507=ORIENTED_EDGE('',*,*,#3065,.T.);
#2508=ORIENTED_EDGE('',*,*,#3464,.F.);
#2509=ORIENTED_EDGE('',*,*,#3417,.T.);
#2510=ORIENTED_EDGE('',*,*,#3465,.T.);
#2511=CARTESIAN_POINT('',(-0.999999999999998,-8.86284085784964,-17.7293105316713));
#2512=DIRECTION('',(1.0,0.0,6.12303176911189E-017));
#2513=DIRECTION('',(-2.17125698884378E-017,-0.935016242685415,0.354604887042536));
#2514=ORIENTED_EDGE('',*,*,#3066,.T.);
#2515=ORIENTED_EDGE('',*,*,#3465,.F.);
#2516=ORIENTED_EDGE('',*,*,#3422,.T.);
#2517=ORIENTED_EDGE('',*,*,#3466,.T.);
#2518=CARTESIAN_POINT('',(-0.999999999999998,-8.4781962141642,-17.8431019992078));
#2519=DIRECTION('',(-2.17125698884378E-017,-0.935016242685415,0.354604887042536));
#2520=DIRECTION('',(5.72513415859842E-017,-0.354604887042536,-0.935016242685415));
#2521=ORIENTED_EDGE('',*,*,#3067,.T.);
#2522=ORIENTED_EDGE('',*,*,#3466,.F.);
#2523=ORIENTED_EDGE('',*,*,#3421,.T.);
#2524=ORIENTED_EDGE('',*,*,#3467,.T.);
#2525=CARTESIAN_POINT('',(-0.999999999999998,-6.97153207925626,-18.3824193311953));
#2526=DIRECTION('',(1.0,0.0,6.12303176911189E-017));
#2527=DIRECTION('',(-2.17125698884378E-017,-0.935016242685415,0.354604887042536));
#2528=ORIENTED_EDGE('',*,*,#3068,.T.);
#2529=ORIENTED_EDGE('',*,*,#3467,.F.);
#2530=ORIENTED_EDGE('',*,*,#3420,.T.);
#2531=ORIENTED_EDGE('',*,*,#3468,.T.);
#2532=CARTESIAN_POINT('',(-0.999999999999998,-5.48614423757087,-18.9778376377439));
#2533=DIRECTION('',(2.17125698884378E-017,0.935016242685415,-0.354604887042536));
#2534=DIRECTION('',(-5.72513415859842E-017,0.354604887042536,0.935016242685415));
#2535=ORIENTED_EDGE('',*,*,#3069,.T.);
#2536=ORIENTED_EDGE('',*,*,#3468,.F.);
#2537=ORIENTED_EDGE('',*,*,#3419,.T.);
#2538=ORIENTED_EDGE('',*,*,#3469,.F.);
#2539=CARTESIAN_POINT('',(-0.999999999999998,-5.12277588710798,-19.1477300798415));
#2540=DIRECTION('',(1.0,0.0,6.12303176911189E-017));
#2541=DIRECTION('',(-2.17125698884378E-017,-0.935016242685415,0.354604887042536));
#2542=ORIENTED_EDGE('',*,*,#3024,.T.);
#2543=ORIENTED_EDGE('',*,*,#3469,.T.);
#2544=ORIENTED_EDGE('',*,*,#3447,.T.);
#2545=ORIENTED_EDGE('',*,*,#3470,.T.);
#2546=CARTESIAN_POINT('',(7.25,0.0,4.43919803260612E-016));
#2547=DIRECTION('',(1.0,0.0,6.12303176911189E-017));
#2548=DIRECTION('',(6.12303176911189E-017,0.0,-1.0));
#2549=ORIENTED_EDGE('',*,*,#3070,.T.);
#2550=ORIENTED_EDGE('',*,*,#3470,.F.);
#2551=ORIENTED_EDGE('',*,*,#3411,.T.);
#2552=ORIENTED_EDGE('',*,*,#3471,.T.);
#2553=CARTESIAN_POINT('',(-0.999999999999998,-4.36240108283109,-19.335145636703));
#2554=DIRECTION('',(1.0,0.0,6.12303176911189E-017));
#2555=DIRECTION('',(-7.38049922546628E-018,-0.992708874098054,0.120536680255324));
#2556=ORIENTED_EDGE('',*,*,#3071,.T.);
#2557=ORIENTED_EDGE('',*,*,#3471,.F.);
#2558=ORIENTED_EDGE('',*,*,#3416,.T.);
#2559=ORIENTED_EDGE('',*,*,#3472,.T.);
#2560=CARTESIAN_POINT('',(-0.999999999999998,-3.96170143278421,-19.3535790425822));
#2561=DIRECTION('',(-7.38049922546628E-018,-0.992708874098054,0.120536680255324));
#2562=DIRECTION('',(6.07838797358168E-017,-0.120536680255324,-0.992708874098054));
#2563=ORIENTED_EDGE('',*,*,#3072,.T.);
#2564=ORIENTED_EDGE('',*,*,#3472,.F.);
#2565=ORIENTED_EDGE('',*,*,#3415,.T.);
#2566=ORIENTED_EDGE('',*,*,#3473,.T.);
#2567=CARTESIAN_POINT('',(-0.999999999999998,-2.36975113381966,-19.5166564647677));
#2568=DIRECTION('',(1.0,0.0,6.12303176911189E-017));
#2569=DIRECTION('',(-7.38049922546628E-018,-0.992708874098054,0.120536680255324));
#2570=ORIENTED_EDGE('',*,*,#3073,.T.);
#2571=ORIENTED_EDGE('',*,*,#3473,.F.);
#2572=ORIENTED_EDGE('',*,*,#3414,.T.);
#2573=ORIENTED_EDGE('',*,*,#3474,.T.);
#2574=CARTESIAN_POINT('',(-0.999999999999998,-0.785033035670435,-19.7392964193992));
#2575=DIRECTION('',(7.38049922546628E-018,0.992708874098054,-0.120536680255324));
#2576=DIRECTION('',(-6.07838797358168E-017,0.120536680255324,0.992708874098054));
#2577=ORIENTED_EDGE('',*,*,#3074,.T.);
#2578=ORIENTED_EDGE('',*,*,#3474,.F.);
#2579=ORIENTED_EDGE('',*,*,#3413,.T.);
#2580=ORIENTED_EDGE('',*,*,#3475,.F.);
#2581=CARTESIAN_POINT('',(-0.999999999999998,-0.391565586438874,-19.8172923577243));
#2582=DIRECTION('',(1.0,0.0,6.12303176911189E-017));
#2583=DIRECTION('',(-7.38049922546628E-018,-0.992708874098054,0.120536680255324));
#2584=ORIENTED_EDGE('',*,*,#2969,.T.);
#2585=ORIENTED_EDGE('',*,*,#3026,.T.);
#2586=ORIENTED_EDGE('',*,*,#3475,.T.);
#2587=ORIENTED_EDGE('',*,*,#3446,.T.);
#2588=CARTESIAN_POINT('',(7.25,0.0,4.43919803260612E-016));
#2589=DIRECTION('',(1.0,0.0,6.12303176911189E-017));
#2590=DIRECTION('',(6.12303176911189E-017,0.0,-1.0));
#2591=ORIENTED_EDGE('',*,*,#3075,.T.);
#2592=ORIENTED_EDGE('',*,*,#2971,.F.);
#2593=ORIENTED_EDGE('',*,*,#3405,.T.);
#2594=ORIENTED_EDGE('',*,*,#3476,.T.);
#2595=CARTESIAN_POINT('',(-0.999999999999998,0.391565586438849,-19.8172923577243));
#2596=DIRECTION('',(1.0,-1.20370621524203E-033,6.12303176911189E-017));
#2597=DIRECTION('',(7.3804992254662E-018,-0.992708874098054,-0.120536680255322));
#2598=ORIENTED_EDGE('',*,*,#3076,.T.);
#2599=ORIENTED_EDGE('',*,*,#3476,.F.);
#2600=ORIENTED_EDGE('',*,*,#3410,.T.);
#2601=ORIENTED_EDGE('',*,*,#3477,.T.);
#2602=CARTESIAN_POINT('',(-0.999999999999998,0.78503303567041,-19.7392964193992));
#2603=DIRECTION('',(7.3804992254662E-018,-0.992708874098054,-0.120536680255322));
#2604=DIRECTION('',(6.07838797358168E-017,0.120536680255322,-0.992708874098054));
#2605=ORIENTED_EDGE('',*,*,#3077,.T.);
#2606=ORIENTED_EDGE('',*,*,#3477,.F.);
#2607=ORIENTED_EDGE('',*,*,#3409,.T.);
#2608=ORIENTED_EDGE('',*,*,#3478,.T.);
#2609=CARTESIAN_POINT('',(-0.999999999999998,2.36975113381964,-19.5166564647677));
#2610=DIRECTION('',(1.0,0.0,6.12303176911189E-017));
#2611=DIRECTION('',(7.3804992254662E-018,-0.992708874098054,-0.120536680255322));
#2612=ORIENTED_EDGE('',*,*,#3078,.T.);
#2613=ORIENTED_EDGE('',*,*,#3478,.F.);
#2614=ORIENTED_EDGE('',*,*,#3408,.T.);
#2615=ORIENTED_EDGE('',*,*,#3479,.T.);
#2616=CARTESIAN_POINT('',(-0.999999999999998,3.96170143278418,-19.3535790425822));
#2617=DIRECTION('',(-7.3804992254662E-018,0.992708874098054,0.120536680255322));
#2618=DIRECTION('',(-6.07838797358168E-017,-0.120536680255322,0.992708874098054));
#2619=ORIENTED_EDGE('',*,*,#3079,.T.);
#2620=ORIENTED_EDGE('',*,*,#3479,.F.);
#2621=ORIENTED_EDGE('',*,*,#3407,.T.);
#2622=ORIENTED_EDGE('',*,*,#3480,.F.);
#2623=CARTESIAN_POINT('',(-0.999999999999998,4.36240108283106,-19.335145636703));
#2624=DIRECTION('',(1.0,-1.20370621524203E-033,6.12303176911189E-017));
#2625=DIRECTION('',(7.3804992254662E-018,-0.992708874098054,-0.120536680255322));
#2626=ORIENTED_EDGE('',*,*,#3028,.T.);
#2627=ORIENTED_EDGE('',*,*,#3480,.T.);
#2628=ORIENTED_EDGE('',*,*,#3445,.T.);
#2629=ORIENTED_EDGE('',*,*,#3481,.T.);
#2630=CARTESIAN_POINT('',(7.25,0.0,4.43919803260612E-016));
#2631=DIRECTION('',(1.0,0.0,6.12303176911189E-017));
#2632=DIRECTION('',(6.12303176911189E-017,0.0,-1.0));
#2633=ORIENTED_EDGE('',*,*,#3080,.T.);
#2634=ORIENTED_EDGE('',*,*,#3481,.F.);
#2635=ORIENTED_EDGE('',*,*,#3399,.T.);
#2636=ORIENTED_EDGE('',*,*,#3482,.T.);
#2637=CARTESIAN_POINT('',(-0.999999999999998,5.12277588710797,-19.1477300798415));
#2638=DIRECTION('',(1.0,0.0,6.12303176911189E-017));
#2639=DIRECTION('',(2.17125698884378E-017,-0.935016242685415,-0.354604887042536));
#2640=ORIENTED_EDGE('',*,*,#3081,.T.);
#2641=ORIENTED_EDGE('',*,*,#3482,.F.);
#2642=ORIENTED_EDGE('',*,*,#3404,.T.);
#2643=ORIENTED_EDGE('',*,*,#3483,.T.);
#2644=CARTESIAN_POINT('',(-0.999999999999998,5.48614423757086,-18.9778376377439));
#2645=DIRECTION('',(2.17125698884378E-017,-0.935016242685415,-0.354604887042536));
#2646=DIRECTION('',(5.72513415859843E-017,0.354604887042536,-0.935016242685415));
#2647=ORIENTED_EDGE('',*,*,#3082,.T.);
#2648=ORIENTED_EDGE('',*,*,#3483,.F.);
#2649=ORIENTED_EDGE('',*,*,#3403,.T.);
#2650=ORIENTED_EDGE('',*,*,#3484,.T.);
#2651=CARTESIAN_POINT('',(-0.999999999999998,6.97153207925625,-18.3824193311953));
#2652=DIRECTION('',(1.0,0.0,6.12303176911189E-017));
#2653=DIRECTION('',(2.17125698884378E-017,-0.935016242685415,-0.354604887042536));
#2654=ORIENTED_EDGE('',*,*,#3083,.T.);
#2655=ORIENTED_EDGE('',*,*,#3484,.F.);
#2656=ORIENTED_EDGE('',*,*,#3402,.T.);
#2657=ORIENTED_EDGE('',*,*,#3485,.T.);
#2658=CARTESIAN_POINT('',(-0.999999999999998,8.47819621416419,-17.8431019992078));
#2659=DIRECTION('',(-2.17125698884378E-017,0.935016242685415,0.354604887042536));
#2660=DIRECTION('',(-5.72513415859843E-017,-0.354604887042536,0.935016242685415));
#2661=ORIENTED_EDGE('',*,*,#3084,.T.);
#2662=ORIENTED_EDGE('',*,*,#3485,.F.);
#2663=ORIENTED_EDGE('',*,*,#3401,.T.);
#2664=ORIENTED_EDGE('',*,*,#3486,.F.);
#2665=CARTESIAN_POINT('',(-0.999999999999998,8.86284085784963,-17.7293105316713));
#2666=DIRECTION('',(1.0,0.0,6.12303176911189E-017));
#2667=DIRECTION('',(2.17125698884378E-017,-0.935016242685415,-0.354604887042536));
#2668=ORIENTED_EDGE('',*,*,#3030,.T.);
#2669=ORIENTED_EDGE('',*,*,#3486,.T.);
#2670=ORIENTED_EDGE('',*,*,#3444,.T.);
#2671=ORIENTED_EDGE('',*,*,#3487,.T.);
#2672=CARTESIAN_POINT('',(7.25,0.0,4.43919803260612E-016));
#2673=DIRECTION('',(1.0,0.0,6.12303176911189E-017));
#2674=DIRECTION('',(6.12303176911189E-017,0.0,-1.0));
#2675=ORIENTED_EDGE('',*,*,#3085,.T.);
#2676=ORIENTED_EDGE('',*,*,#3487,.F.);
#2677=ORIENTED_EDGE('',*,*,#3393,.T.);
#2678=ORIENTED_EDGE('',*,*,#3488,.T.);
#2679=CARTESIAN_POINT('',(-0.999999999999998,9.55626907375107,-17.3653713288852));
#2680=DIRECTION('',(1.0,0.0,6.12303176911189E-017));
#2681=DIRECTION('',(3.47827849114736E-017,-0.822983865893657,-0.568064746731155));
#2682=ORIENTED_EDGE('',*,*,#3086,.T.);
#2683=ORIENTED_EDGE('',*,*,#3488,.F.);
#2684=ORIENTED_EDGE('',*,*,#3398,.T.);
#2685=ORIENTED_EDGE('',*,*,#3489,.T.);
#2686=CARTESIAN_POINT('',(-0.999999999999998,9.8684206777066,-17.1134559142159));
#2687=DIRECTION('',(3.47827849114736E-017,-0.822983865893657,-0.568064746731155));
#2688=DIRECTION('',(5.03915635633338E-017,0.568064746731155,-0.822983865893657));
#2689=ORIENTED_EDGE('',*,*,#3087,.T.);
#2690=ORIENTED_EDGE('',*,*,#3489,.F.);
#2691=ORIENTED_EDGE('',*,*,#3397,.T.);
#2692=ORIENTED_EDGE('',*,*,#3490,.T.);
#2693=CARTESIAN_POINT('',(-0.999999999999998,11.1681529207345,-16.1798628034693));
#2694=DIRECTION('',(1.0,4.81482486096809E-033,6.12303176911189E-017));
#2695=DIRECTION('',(3.47827849114736E-017,-0.822983865893657,-0.568064746731155));
#2696=ORIENTED_EDGE('',*,*,#3088,.T.);
#2697=ORIENTED_EDGE('',*,*,#3490,.F.);
#2698=ORIENTED_EDGE('',*,*,#3396,.T.);
#2699=ORIENTED_EDGE('',*,*,#3491,.T.);
#2700=CARTESIAN_POINT('',(-0.999999999999998,12.5019690485663,-15.2956487246763));
#2701=DIRECTION('',(-3.47827849114736E-017,0.822983865893657,0.568064746731155));
#2702=DIRECTION('',(-5.03915635633338E-017,-0.568064746731155,0.822983865893657));
#2703=ORIENTED_EDGE('',*,*,#3089,.T.);
#2704=ORIENTED_EDGE('',*,*,#3491,.F.);
#2705=ORIENTED_EDGE('',*,*,#3395,.T.);
#2706=ORIENTED_EDGE('',*,*,#3492,.F.);
#2707=CARTESIAN_POINT('',(-0.999999999999998,12.8482045373257,-15.0931123419606));
#2708=DIRECTION('',(1.0,0.0,6.12303176911189E-017));
#2709=DIRECTION('',(3.47827849114736E-017,-0.822983865893657,-0.568064746731155));
#2710=ORIENTED_EDGE('',*,*,#3032,.T.);
#2711=ORIENTED_EDGE('',*,*,#3492,.T.);
#2712=ORIENTED_EDGE('',*,*,#3443,.T.);
#2713=ORIENTED_EDGE('',*,*,#3493,.T.);
#2714=CARTESIAN_POINT('',(7.25,0.0,4.43919803260612E-016));
#2715=DIRECTION('',(1.0,0.0,6.12303176911189E-017));
#2716=DIRECTION('',(6.12303176911189E-017,0.0,-1.0));
#2717=ORIENTED_EDGE('',*,*,#3090,.T.);
#2718=ORIENTED_EDGE('',*,*,#3493,.F.);
#2719=ORIENTED_EDGE('',*,*,#3387,.T.);
#2720=ORIENTED_EDGE('',*,*,#3494,.T.);
#2721=CARTESIAN_POINT('',(-0.999999999999998,13.4343866374525,-14.5738003168507));
#2722=DIRECTION('',(1.0,0.0,6.12303176911189E-017));
#2723=DIRECTION('',(4.58315509057336E-017,-0.663122658240796,-0.748510748171101));
#2724=ORIENTED_EDGE('',*,*,#3091,.T.);
#2725=ORIENTED_EDGE('',*,*,#3494,.F.);
#2726=ORIENTED_EDGE('',*,*,#3392,.T.);
#2727=ORIENTED_EDGE('',*,*,#3495,.T.);
#2728=CARTESIAN_POINT('',(-1.0,13.6771803783037,-14.254502337835));
#2729=DIRECTION('',(4.58315509057336E-017,-0.663122658240796,-0.748510748171101));
#2730=DIRECTION('',(4.06032110322631E-017,0.748510748171101,-0.663122658240796));
#2731=ORIENTED_EDGE('',*,*,#3092,.T.);
#2732=ORIENTED_EDGE('',*,*,#3495,.F.);
#2733=ORIENTED_EDGE('',*,*,#3391,.T.);
#2734=ORIENTED_EDGE('',*,*,#3496,.T.);
#2735=CARTESIAN_POINT('',(-1.0,14.7157213090438,-13.036991461014));
#2736=DIRECTION('',(1.0,0.0,6.12303176911189E-017));
#2737=DIRECTION('',(4.58315509057336E-017,-0.663122658240796,-0.748510748171101));
#2738=ORIENTED_EDGE('',*,*,#3093,.T.);
#2739=ORIENTED_EDGE('',*,*,#3496,.F.);
#2740=ORIENTED_EDGE('',*,*,#3390,.T.);
#2741=ORIENTED_EDGE('',*,*,#3497,.T.);
#2742=CARTESIAN_POINT('',(-1.0,15.7991728846742,-11.8592679436875));
#2743=DIRECTION('',(-4.58315509057336E-017,0.663122658240796,0.748510748171101));
#2744=DIRECTION('',(-4.06032110322631E-017,-0.748510748171101,0.663122658240796));
#2745=ORIENTED_EDGE('',*,*,#3094,.T.);
#2746=ORIENTED_EDGE('',*,*,#3497,.F.);
#2747=ORIENTED_EDGE('',*,*,#3389,.T.);
#2748=ORIENTED_EDGE('',*,*,#3498,.F.);
#2749=CARTESIAN_POINT('',(-1.0,16.0868772704157,-11.5797573241663));
#2750=DIRECTION('',(1.0,0.0,6.12303176911189E-017));
#2751=DIRECTION('',(4.58315509057336E-017,-0.663122658240796,-0.748510748171101));
#2752=ORIENTED_EDGE('',*,*,#3034,.T.);
#2753=ORIENTED_EDGE('',*,*,#3498,.T.);
#2754=ORIENTED_EDGE('',*,*,#3442,.T.);
#2755=ORIENTED_EDGE('',*,*,#3499,.T.);
#2756=CARTESIAN_POINT('',(7.25,0.0,4.43919803260612E-016));
#2757=DIRECTION('',(1.0,0.0,6.12303176911189E-017));
#2758=DIRECTION('',(6.12303176911189E-017,0.0,-1.0));
#2759=ORIENTED_EDGE('',*,*,#3095,.T.);
#2760=ORIENTED_EDGE('',*,*,#3499,.F.);
#2761=ORIENTED_EDGE('',*,*,#3381,.T.);
#2762=ORIENTED_EDGE('',*,*,#3500,.T.);
#2763=CARTESIAN_POINT('',(-1.0,16.5317464817938,-10.9352530040095));
#2764=DIRECTION('',(1.0,0.0,6.12303176911189E-017));
#2765=DIRECTION('',(5.42167537522615E-017,-0.464723172043769,-0.88545602565321));
#2766=ORIENTED_EDGE('',*,*,#3096,.T.);
#2767=ORIENTED_EDGE('',*,*,#3500,.F.);
#2768=ORIENTED_EDGE('',*,*,#3386,.T.);
#2769=ORIENTED_EDGE('',*,*,#3501,.T.);
#2770=CARTESIAN_POINT('',(-1.0,16.6910720698417,-10.5671288985869));
#2771=DIRECTION('',(5.42167537522615E-017,-0.464723172043769,-0.88545602565321));
#2772=DIRECTION('',(2.84551474626645E-017,0.88545602565321,-0.464723172043769));
#2773=ORIENTED_EDGE('',*,*,#3097,.T.);
#2774=ORIENTED_EDGE('',*,*,#3501,.F.);
#2775=ORIENTED_EDGE('',*,*,#3385,.T.);
#2776=ORIENTED_EDGE('',*,*,#3502,.T.);
#2777=CARTESIAN_POINT('',(-1.0,17.4080654643421,-9.1364575623805));
#2778=DIRECTION('',(1.0,0.0,6.12303176911189E-017));
#2779=DIRECTION('',(5.42167537522615E-017,-0.464723172043769,-0.88545602565321));
#2780=ORIENTED_EDGE('',*,*,#3098,.T.);
#2781=ORIENTED_EDGE('',*,*,#3502,.F.);
#2782=ORIENTED_EDGE('',*,*,#3384,.T.);
#2783=ORIENTED_EDGE('',*,*,#3503,.T.);
#2784=CARTESIAN_POINT('',(-1.0,18.1781862203817,-7.73366961649668));
#2785=DIRECTION('',(-5.42167537522615E-017,0.464723172043769,0.88545602565321));
#2786=DIRECTION('',(-2.84551474626645E-017,-0.88545602565321,0.464723172043769));
#2787=ORIENTED_EDGE('',*,*,#3099,.T.);
#2788=ORIENTED_EDGE('',*,*,#3503,.F.);
#2789=ORIENTED_EDGE('',*,*,#3383,.T.);
#2790=ORIENTED_EDGE('',*,*,#3504,.F.);
#2791=CARTESIAN_POINT('',(-1.0,18.3906391699688,-7.39342890139671));
#2792=DIRECTION('',(1.0,0.0,6.12303176911189E-017));
#2793=DIRECTION('',(5.42167537522615E-017,-0.464723172043769,-0.88545602565321));
#2794=ORIENTED_EDGE('',*,*,#3036,.T.);
#2795=ORIENTED_EDGE('',*,*,#3504,.T.);
#2796=ORIENTED_EDGE('',*,*,#3441,.T.);
#2797=ORIENTED_EDGE('',*,*,#3505,.T.);
#2798=CARTESIAN_POINT('',(7.25,0.0,4.43919803260612E-016));
#2799=DIRECTION('',(1.0,0.0,6.12303176911189E-017));
#2800=DIRECTION('',(6.12303176911189E-017,0.0,-1.0));
#2801=ORIENTED_EDGE('',*,*,#3100,.T.);
#2802=ORIENTED_EDGE('',*,*,#3505,.F.);
#2803=ORIENTED_EDGE('',*,*,#3375,.T.);
#2804=ORIENTED_EDGE('',*,*,#3506,.T.);
#2805=CARTESIAN_POINT('',(-1.0,18.6683413110666,-6.66118853460276));
#2806=DIRECTION('',(1.0,-2.40741243048405E-033,6.12303176911189E-017));
#2807=DIRECTION('',(5.94510759405895E-017,-0.239315664287559,-0.970941817426052));
#2808=ORIENTED_EDGE('',*,*,#3101,.T.);
#2809=ORIENTED_EDGE('',*,*,#3506,.F.);
#2810=ORIENTED_EDGE('',*,*,#3380,.T.);
#2811=ORIENTED_EDGE('',*,*,#3507,.T.);
#2812=CARTESIAN_POINT('',(-1.0,18.7349393222589,-6.26563233770371));
#2813=DIRECTION('',(5.94510759405895E-017,-0.239315664287559,-0.970941817426052));
#2814=DIRECTION('',(1.46533741527884E-017,0.970941817426052,-0.239315664287559));
#2815=ORIENTED_EDGE('',*,*,#3102,.T.);
#2816=ORIENTED_EDGE('',*,*,#3507,.F.);
#2817=ORIENTED_EDGE('',*,*,#3379,.T.);
#2818=ORIENTED_EDGE('',*,*,#3508,.T.);
#2819=CARTESIAN_POINT('',(-1.0,19.0887161305962,-4.7049459598934));
#2820=DIRECTION('',(1.0,0.0,6.12303176911189E-017));
#2821=DIRECTION('',(5.94510759405895E-017,-0.239315664287559,-0.970941817426052));
#2822=ORIENTED_EDGE('',*,*,#3103,.T.);
#2823=ORIENTED_EDGE('',*,*,#3508,.F.);
#2824=ORIENTED_EDGE('',*,*,#3378,.T.);
#2825=ORIENTED_EDGE('',*,*,#3509,.T.);
#2826=CARTESIAN_POINT('',(-1.0,19.5007494479791,-3.15861852194035));
#2827=DIRECTION('',(-5.94510759405895E-017,0.239315664287559,0.970941817426052));
#2828=DIRECTION('',(-1.46533741527884E-017,-0.970941817426052,0.239315664287559));
#2829=ORIENTED_EDGE('',*,*,#3104,.T.);
#2830=ORIENTED_EDGE('',*,*,#3509,.F.);
#2831=ORIENTED_EDGE('',*,*,#3377,.T.);
#2832=ORIENTED_EDGE('',*,*,#3510,.F.);
#2833=CARTESIAN_POINT('',(-1.0,19.6256039682169,-2.77742126489855));
#2834=DIRECTION('',(1.0,-2.40741243048405E-033,6.12303176911189E-017));
#2835=DIRECTION('',(5.94510759405895E-017,-0.239315664287559,-0.970941817426052));
#2836=ORIENTED_EDGE('',*,*,#3038,.T.);
#2837=ORIENTED_EDGE('',*,*,#3510,.T.);
#2838=ORIENTED_EDGE('',*,*,#3440,.T.);
#2839=ORIENTED_EDGE('',*,*,#3511,.T.);
#2840=CARTESIAN_POINT('',(7.25,0.0,4.43919803260612E-016));
#2841=DIRECTION('',(1.0,0.0,6.12303176911189E-017));
#2842=DIRECTION('',(6.12303176911189E-017,0.0,-1.0));
#2843=ORIENTED_EDGE('',*,*,#3105,.T.);
#2844=ORIENTED_EDGE('',*,*,#3511,.F.);
#2845=ORIENTED_EDGE('',*,*,#3369,.T.);
#2846=ORIENTED_EDGE('',*,*,#3512,.T.);
#2847=CARTESIAN_POINT('',(-1.0,19.72,-2.0));
#2848=DIRECTION('',(1.0,0.0,6.12303176911189E-017));
#2849=DIRECTION('',(6.12303176911189E-017,0.0,-1.0));
#2850=ORIENTED_EDGE('',*,*,#3106,.T.);
#2851=ORIENTED_EDGE('',*,*,#3512,.F.);
#2852=ORIENTED_EDGE('',*,*,#3374,.T.);
#2853=ORIENTED_EDGE('',*,*,#3513,.T.);
#2854=CARTESIAN_POINT('',(-1.0,19.69,-1.6));
#2855=DIRECTION('',(6.12303176911189E-017,0.0,-1.0));
#2856=DIRECTION('',(0.0,1.0,0.0));
#2857=ORIENTED_EDGE('',*,*,#3107,.T.);
#2858=ORIENTED_EDGE('',*,*,#3513,.F.);
#2859=ORIENTED_EDGE('',*,*,#3373,.T.);
#2860=ORIENTED_EDGE('',*,*,#3514,.T.);
#2861=CARTESIAN_POINT('',(-1.0,19.66,-8.77374186812174E-017));
#2862=DIRECTION('',(1.0,0.0,6.12303176911189E-017));
#2863=DIRECTION('',(6.12303176911189E-017,0.0,-1.0));
#2864=ORIENTED_EDGE('',*,*,#3108,.T.);
#2865=ORIENTED_EDGE('',*,*,#3514,.F.);
#2866=ORIENTED_EDGE('',*,*,#3372,.T.);
#2867=ORIENTED_EDGE('',*,*,#3515,.T.);
#2868=CARTESIAN_POINT('',(-1.0,19.69,1.6));
#2869=DIRECTION('',(-6.12303176911189E-017,0.0,1.0));
#2870=DIRECTION('',(0.0,-1.0,0.0));
#2871=ORIENTED_EDGE('',*,*,#3109,.T.);
#2872=ORIENTED_EDGE('',*,*,#3515,.F.);
#2873=ORIENTED_EDGE('',*,*,#3371,.T.);
#2874=ORIENTED_EDGE('',*,*,#3516,.F.);
#2875=CARTESIAN_POINT('',(-1.0,19.72,2.0));
#2876=DIRECTION('',(1.0,0.0,6.12303176911189E-017));
#2877=DIRECTION('',(6.12303176911189E-017,0.0,-1.0));
#2878=ORIENTED_EDGE('',*,*,#3196,.T.);
#2879=ORIENTED_EDGE('',*,*,#3516,.T.);
#2880=ORIENTED_EDGE('',*,*,#3002,.T.);
#2881=ORIENTED_EDGE('',*,*,#3517,.T.);
#2882=CARTESIAN_POINT('',(7.25,0.0,4.43919803260612E-016));
#2883=DIRECTION('',(1.0,0.0,6.12303176911189E-017));
#2884=DIRECTION('',(6.12303176911189E-017,0.0,-1.0));
#2885=ORIENTED_EDGE('',*,*,#3111,.T.);
#2886=ORIENTED_EDGE('',*,*,#3517,.F.);
#2887=ORIENTED_EDGE('',*,*,#3364,.T.);
#2888=ORIENTED_EDGE('',*,*,#3518,.T.);
#2889=CARTESIAN_POINT('',(-1.0,19.6256039682169,2.77742126489854));
#2890=DIRECTION('',(1.0,0.0,6.12303176911189E-017));
#2891=DIRECTION('',(5.94510759405895E-017,0.239315664287558,-0.970941817426052));
#2892=ORIENTED_EDGE('',*,*,#3112,.T.);
#2893=ORIENTED_EDGE('',*,*,#3518,.F.);
#2894=ORIENTED_EDGE('',*,*,#3368,.T.);
#2895=ORIENTED_EDGE('',*,*,#3519,.T.);
#2896=CARTESIAN_POINT('',(-1.0,19.5007494479791,3.15861852194033));
#2897=DIRECTION('',(5.94510759405895E-017,0.239315664287558,-0.970941817426052));
#2898=DIRECTION('',(-1.46533741527883E-017,0.970941817426052,0.239315664287558));
#2899=ORIENTED_EDGE('',*,*,#3113,.T.);
#2900=ORIENTED_EDGE('',*,*,#3519,.F.);
#2901=ORIENTED_EDGE('',*,*,#3367,.T.);
#2902=ORIENTED_EDGE('',*,*,#3520,.T.);
#2903=CARTESIAN_POINT('',(-1.0,19.0887161305962,4.70494595989338));
#2904=DIRECTION('',(1.0,-2.40741243048405E-033,6.12303176911189E-017));
#2905=DIRECTION('',(5.94510759405895E-017,0.239315664287558,-0.970941817426052));
#2906=ORIENTED_EDGE('',*,*,#3053,.T.);
#2907=ORIENTED_EDGE('',*,*,#3046,.T.);
#2908=ORIENTED_EDGE('',*,*,#3005,.F.);
#2909=ORIENTED_EDGE('',*,*,#3439,.F.);
#2910=CARTESIAN_POINT('',(0.0,0.0,0.0));
#2911=DIRECTION('',(-1.0,0.0,-6.12303176911189E-017));
#2912=DIRECTION('',(-6.12303176911189E-017,0.0,1.0));
#2913=ORIENTED_EDGE('',*,*,#3120,.T.);
#2914=ORIENTED_EDGE('',*,*,#3521,.F.);
#2915=ORIENTED_EDGE('',*,*,#3360,.T.);
#2916=ORIENTED_EDGE('',*,*,#3357,.T.);
#2917=CARTESIAN_POINT('',(-1.0,16.6910720698417,10.5671288985869));
#2918=DIRECTION('',(-5.42167537522615E-017,-0.464723172043769,0.88545602565321));
#2919=DIRECTION('',(2.84551474626644E-017,-0.88545602565321,-0.464723172043769));
#2920=ORIENTED_EDGE('',*,*,#3119,.T.);
#2921=ORIENTED_EDGE('',*,*,#3522,.F.);
#2922=ORIENTED_EDGE('',*,*,#3361,.T.);
#2923=ORIENTED_EDGE('',*,*,#3521,.T.);
#2924=CARTESIAN_POINT('',(-1.0,17.4080654643421,9.13645756238049));
#2925=DIRECTION('',(1.0,0.0,6.12303176911189E-017));
#2926=DIRECTION('',(5.42167537522615E-017,0.464723172043769,-0.88545602565321));
#2927=ORIENTED_EDGE('',*,*,#3117,.T.);
#2928=ORIENTED_EDGE('',*,*,#3523,.F.);
#2929=ORIENTED_EDGE('',*,*,#3363,.T.);
#2930=ORIENTED_EDGE('',*,*,#3524,.T.);
#2931=CARTESIAN_POINT('',(-1.0,18.3906391699688,7.3934289013967));
#2932=DIRECTION('',(1.0,0.0,6.12303176911189E-017));
#2933=DIRECTION('',(5.42167537522615E-017,0.464723172043769,-0.88545602565321));
#2934=ORIENTED_EDGE('',*,*,#3118,.T.);
#2935=ORIENTED_EDGE('',*,*,#3524,.F.);
#2936=ORIENTED_EDGE('',*,*,#3362,.T.);
#2937=ORIENTED_EDGE('',*,*,#3522,.T.);
#2938=CARTESIAN_POINT('',(-1.0,18.1781862203817,7.73366961649667));
#2939=DIRECTION('',(5.42167537522615E-017,0.464723172043769,-0.88545602565321));
#2940=DIRECTION('',(-2.84551474626644E-017,0.88545602565321,0.464723172043769));
#2941=ORIENTED_EDGE('',*,*,#3197,.T.);
#2942=ORIENTED_EDGE('',*,*,#3525,.T.);
#2943=ORIENTED_EDGE('',*,*,#3000,.T.);
#2944=ORIENTED_EDGE('',*,*,#3523,.T.);
#2945=CARTESIAN_POINT('',(7.25,0.0,4.43919803260612E-016));
#2946=DIRECTION('',(1.0,0.0,6.12303176911189E-017));
#2947=DIRECTION('',(6.12303176911189E-017,0.0,-1.0));
#2948=ORIENTED_EDGE('',*,*,#3114,.T.);
#2949=ORIENTED_EDGE('',*,*,#3520,.F.);
#2950=ORIENTED_EDGE('',*,*,#3366,.T.);
#2951=ORIENTED_EDGE('',*,*,#3526,.T.);
#2952=CARTESIAN_POINT('',(-1.0,18.7349393222589,6.26563233770369));
#2953=DIRECTION('',(-5.94510759405895E-017,-0.239315664287558,0.970941817426052));
#2954=DIRECTION('',(1.46533741527883E-017,-0.970941817426052,-0.239315664287558));
#2955=ORIENTED_EDGE('',*,*,#3115,.T.);
#2956=ORIENTED_EDGE('',*,*,#3526,.F.);
#2957=ORIENTED_EDGE('',*,*,#3365,.T.);
#2958=ORIENTED_EDGE('',*,*,#3525,.F.);
#2959=CARTESIAN_POINT('',(-1.0,18.6683413110666,6.66118853460274));
#2960=DIRECTION('',(1.0,0.0,6.12303176911189E-017));
#2961=DIRECTION('',(5.94510759405895E-017,0.239315664287558,-0.970941817426052));
#2962=ORIENTED_EDGE('',*,*,#3052,.T.);
#2963=ORIENTED_EDGE('',*,*,#3048,.T.);
#2964=ORIENTED_EDGE('',*,*,#3041,.F.);
#2965=ORIENTED_EDGE('',*,*,#3195,.F.);
#2966=CARTESIAN_POINT('',(14.5,0.0,8.87839606521224E-016));
#2967=DIRECTION('',(1.0,0.0,6.12303176911189E-017));
#2968=DIRECTION('',(6.12303176911189E-017,0.0,-1.0));
#2969=EDGE_CURVE('',#3527,#3528,#3529,.T.);
#2970=EDGE_CURVE('',#3527,#3530,#3531,.T.);
#2971=EDGE_CURVE('',#3530,#3532,#3533,.T.);
#2972=EDGE_CURVE('',#3532,#3528,#3534,.T.);
#2973=EDGE_CURVE('',#3535,#3536,#3537,.T.);
#2974=EDGE_CURVE('',#3535,#3538,#3539,.T.);
#2975=EDGE_CURVE('',#3540,#3538,#3541,.T.);
#2976=EDGE_CURVE('',#3542,#3540,#3543,.T.);
#2977=EDGE_CURVE('',#3544,#3542,#3545,.T.);
#2978=EDGE_CURVE('',#3546,#3544,#3547,.T.);
#2979=EDGE_CURVE('',#3548,#3546,#3549,.T.);
#2980=EDGE_CURVE('',#3550,#3548,#3551,.T.);
#2981=EDGE_CURVE('',#3552,#3550,#3553,.T.);
#2982=EDGE_CURVE('',#3554,#3552,#3555,.T.);
#2983=EDGE_CURVE('',#3556,#3554,#3557,.T.);
#2984=EDGE_CURVE('',#3558,#3556,#3559,.T.);
#2985=EDGE_CURVE('',#3560,#3558,#3561,.T.);
#2986=EDGE_CURVE('',#3562,#3560,#3563,.T.);
#2987=EDGE_CURVE('',#3564,#3562,#3565,.T.);
#2988=EDGE_CURVE('',#3566,#3564,#3567,.T.);
#2989=EDGE_CURVE('',#3568,#3566,#3569,.T.);
#2990=EDGE_CURVE('',#3570,#3568,#3571,.T.);
#2991=EDGE_CURVE('',#3572,#3570,#3573,.T.);
#2992=EDGE_CURVE('',#3574,#3572,#3575,.T.);
#2993=EDGE_CURVE('',#3576,#3574,#3577,.T.);
#2994=EDGE_CURVE('',#3578,#3576,#3579,.T.);
#2995=EDGE_CURVE('',#3580,#3578,#3581,.T.);
#2996=EDGE_CURVE('',#3582,#3580,#3583,.T.);
#2997=EDGE_CURVE('',#3584,#3582,#3585,.T.);
#2998=EDGE_CURVE('',#3586,#3584,#3587,.T.);
#2999=EDGE_CURVE('',#3588,#3586,#3589,.T.);
#3000=EDGE_CURVE('',#3590,#3588,#3591,.T.);
#3001=EDGE_CURVE('',#3592,#3590,#3593,.T.);
#3002=EDGE_CURVE('',#3594,#3592,#3595,.T.);
#3003=EDGE_CURVE('',#3536,#3594,#3596,.T.);
#3004=EDGE_CURVE('',#3597,#3535,#3598,.T.);
#3005=EDGE_CURVE('',#3597,#3599,#3600,.T.);
#3006=EDGE_CURVE('',#3538,#3599,#3601,.T.);
#3007=EDGE_CURVE('',#3602,#3568,#3603,.T.);
#3008=EDGE_CURVE('',#3602,#3604,#3605,.T.);
#3009=EDGE_CURVE('',#3604,#3570,#3606,.T.);
#3010=EDGE_CURVE('',#3607,#3608,#3609,.T.);
#3011=EDGE_CURVE('',#3607,#3610,#3611,.T.);
#3012=EDGE_CURVE('',#3612,#3610,#3613,.T.);
#3013=EDGE_CURVE('',#3614,#3612,#3615,.T.);
#3014=EDGE_CURVE('',#3616,#3614,#3617,.T.);
#3015=EDGE_CURVE('',#3618,#3616,#3619,.T.);
#3016=EDGE_CURVE('',#3620,#3618,#3621,.T.);
#3017=EDGE_CURVE('',#3622,#3620,#3623,.T.);
#3018=EDGE_CURVE('',#3624,#3622,#3625,.T.);
#3019=EDGE_CURVE('',#3626,#3624,#3627,.T.);
#3020=EDGE_CURVE('',#3628,#3626,#3629,.T.);
#3021=EDGE_CURVE('',#3630,#3628,#3631,.T.);
#3022=EDGE_CURVE('',#3632,#3630,#3633,.T.);
#3023=EDGE_CURVE('',#3634,#3632,#3635,.T.);
#3024=EDGE_CURVE('',#3636,#3634,#3637,.T.);
#3025=EDGE_CURVE('',#3638,#3636,#3639,.T.);
#3026=EDGE_CURVE('',#3528,#3638,#3640,.T.);
#3027=EDGE_CURVE('',#3641,#3532,#3642,.T.);
#3028=EDGE_CURVE('',#3643,#3641,#3644,.T.);
#3029=EDGE_CURVE('',#3645,#3643,#3646,.T.);
#3030=EDGE_CURVE('',#3647,#3645,#3648,.T.);
#3031=EDGE_CURVE('',#3649,#3647,#3650,.T.);
#3032=EDGE_CURVE('',#3651,#3649,#3652,.T.);
#3033=EDGE_CURVE('',#3653,#3651,#3654,.T.);
#3034=EDGE_CURVE('',#3655,#3653,#3656,.T.);
#3035=EDGE_CURVE('',#3657,#3655,#3658,.T.);
#3036=EDGE_CURVE('',#3659,#3657,#3660,.T.);
#3037=EDGE_CURVE('',#3661,#3659,#3662,.T.);
#3038=EDGE_CURVE('',#3663,#3661,#3664,.T.);
#3039=EDGE_CURVE('',#3608,#3663,#3665,.T.);
#3040=EDGE_CURVE('',#3666,#3607,#3667,.T.);
#3041=EDGE_CURVE('',#3666,#3668,#3669,.T.);
#3042=EDGE_CURVE('',#3610,#3668,#3670,.T.);
#3043=EDGE_CURVE('',#3671,#3672,#3673,.T.);
#3044=EDGE_CURVE('',#3674,#3671,#3675,.T.);
#3045=EDGE_CURVE('',#3676,#3674,#3677,.T.);
#3046=EDGE_CURVE('',#3672,#3676,#3678,.T.);
#3047=EDGE_CURVE('',#3679,#3680,#3681,.T.);
#3048=EDGE_CURVE('',#3682,#3679,#3683,.T.);
#3049=EDGE_CURVE('',#3684,#3682,#3685,.T.);
#3050=EDGE_CURVE('',#3680,#3684,#3686,.T.);
#3051=EDGE_CURVE('',#3684,#3680,#3687,.T.);
#3052=EDGE_CURVE('',#3679,#3682,#3688,.T.);
#3053=EDGE_CURVE('',#3676,#3672,#3689,.T.);
#3054=EDGE_CURVE('',#3671,#3674,#3690,.T.);
#3055=EDGE_CURVE('',#3691,#3624,#3692,.T.);
#3056=EDGE_CURVE('',#3693,#3691,#3694,.T.);
#3057=EDGE_CURVE('',#3695,#3693,#3696,.T.);
#3058=EDGE_CURVE('',#3697,#3695,#3698,.T.);
#3059=EDGE_CURVE('',#3626,#3697,#3699,.T.);
#3060=EDGE_CURVE('',#3700,#3628,#3701,.T.);
#3061=EDGE_CURVE('',#3702,#3700,#3703,.T.);
#3062=EDGE_CURVE('',#3704,#3702,#3705,.T.);
#3063=EDGE_CURVE('',#3706,#3704,#3707,.T.);
#3064=EDGE_CURVE('',#3630,#3706,#3708,.T.);
#3065=EDGE_CURVE('',#3709,#3632,#3710,.T.);
#3066=EDGE_CURVE('',#3711,#3709,#3712,.T.);
#3067=EDGE_CURVE('',#3713,#3711,#3714,.T.);
#3068=EDGE_CURVE('',#3715,#3713,#3716,.T.);
#3069=EDGE_CURVE('',#3634,#3715,#3717,.T.);
#3070=EDGE_CURVE('',#3718,#3636,#3719,.T.);
#3071=EDGE_CURVE('',#3720,#3718,#3721,.T.);
#3072=EDGE_CURVE('',#3722,#3720,#3723,.T.);
#3073=EDGE_CURVE('',#3724,#3722,#3725,.T.);
#3074=EDGE_CURVE('',#3638,#3724,#3726,.T.);
#3075=EDGE_CURVE('',#3727,#3532,#3728,.T.);
#3076=EDGE_CURVE('',#3729,#3727,#3730,.T.);
#3077=EDGE_CURVE('',#3731,#3729,#3732,.T.);
#3078=EDGE_CURVE('',#3733,#3731,#3734,.T.);
#3079=EDGE_CURVE('',#3641,#3733,#3735,.T.);
#3080=EDGE_CURVE('',#3736,#3643,#3737,.T.);
#3081=EDGE_CURVE('',#3738,#3736,#3739,.T.);
#3082=EDGE_CURVE('',#3740,#3738,#3741,.T.);
#3083=EDGE_CURVE('',#3742,#3740,#3743,.T.);
#3084=EDGE_CURVE('',#3645,#3742,#3744,.T.);
#3085=EDGE_CURVE('',#3745,#3647,#3746,.T.);
#3086=EDGE_CURVE('',#3747,#3745,#3748,.T.);
#3087=EDGE_CURVE('',#3749,#3747,#3750,.T.);
#3088=EDGE_CURVE('',#3751,#3749,#3752,.T.);
#3089=EDGE_CURVE('',#3649,#3751,#3753,.T.);
#3090=EDGE_CURVE('',#3754,#3651,#3755,.T.);
#3091=EDGE_CURVE('',#3756,#3754,#3757,.T.);
#3092=EDGE_CURVE('',#3758,#3756,#3759,.T.);
#3093=EDGE_CURVE('',#3760,#3758,#3761,.T.);
#3094=EDGE_CURVE('',#3653,#3760,#3762,.T.);
#3095=EDGE_CURVE('',#3763,#3655,#3764,.T.);
#3096=EDGE_CURVE('',#3765,#3763,#3766,.T.);
#3097=EDGE_CURVE('',#3767,#3765,#3768,.T.);
#3098=EDGE_CURVE('',#3769,#3767,#3770,.T.);
#3099=EDGE_CURVE('',#3657,#3769,#3771,.T.);
#3100=EDGE_CURVE('',#3772,#3659,#3773,.T.);
#3101=EDGE_CURVE('',#3774,#3772,#3775,.T.);
#3102=EDGE_CURVE('',#3776,#3774,#3777,.T.);
#3103=EDGE_CURVE('',#3778,#3776,#3779,.T.);
#3104=EDGE_CURVE('',#3661,#3778,#3780,.T.);
#3105=EDGE_CURVE('',#3781,#3663,#3782,.T.);
#3106=EDGE_CURVE('',#3783,#3781,#3784,.T.);
#3107=EDGE_CURVE('',#3785,#3783,#3786,.T.);
#3108=EDGE_CURVE('',#3787,#3785,#3788,.T.);
#3109=EDGE_CURVE('',#3789,#3787,#3790,.T.);
#3110=EDGE_CURVE('',#3789,#3608,#3791,.T.);
#3111=EDGE_CURVE('',#3792,#3793,#3794,.T.);
#3112=EDGE_CURVE('',#3795,#3792,#3796,.T.);
#3113=EDGE_CURVE('',#3797,#3795,#3798,.T.);
#3114=EDGE_CURVE('',#3799,#3797,#3800,.T.);
#3115=EDGE_CURVE('',#3801,#3799,#3802,.T.);
#3116=EDGE_CURVE('',#3801,#3793,#3803,.T.);
#3117=EDGE_CURVE('',#3804,#3805,#3806,.T.);
#3118=EDGE_CURVE('',#3807,#3804,#3808,.T.);
#3119=EDGE_CURVE('',#3809,#3807,#3810,.T.);
#3120=EDGE_CURVE('',#3811,#3809,#3812,.T.);
#3121=EDGE_CURVE('',#3813,#3811,#3814,.T.);
#3122=EDGE_CURVE('',#3813,#3805,#3815,.T.);
#3123=EDGE_CURVE('',#3816,#3817,#3818,.T.);
#3124=EDGE_CURVE('',#3816,#3819,#3820,.T.);
#3125=EDGE_CURVE('',#3821,#3819,#3822,.T.);
#3126=EDGE_CURVE('',#3823,#3821,#3824,.T.);
#3127=EDGE_CURVE('',#3825,#3823,#3826,.T.);
#3128=EDGE_CURVE('',#3817,#3825,#3827,.T.);
#3129=EDGE_CURVE('',#3828,#3829,#3830,.T.);
#3130=EDGE_CURVE('',#3828,#3831,#3832,.T.);
#3131=EDGE_CURVE('',#3833,#3831,#3834,.T.);
#3132=EDGE_CURVE('',#3835,#3833,#3836,.T.);
#3133=EDGE_CURVE('',#3837,#3835,#3838,.T.);
#3134=EDGE_CURVE('',#3829,#3837,#3839,.T.);
#3135=EDGE_CURVE('',#3840,#3841,#3842,.T.);
#3136=EDGE_CURVE('',#3840,#3843,#3844,.T.);
#3137=EDGE_CURVE('',#3845,#3843,#3846,.T.);
#3138=EDGE_CURVE('',#3847,#3845,#3848,.T.);
#3139=EDGE_CURVE('',#3849,#3847,#3850,.T.);
#3140=EDGE_CURVE('',#3841,#3849,#3851,.T.);
#3141=EDGE_CURVE('',#3604,#3852,#3853,.T.);
#3142=EDGE_CURVE('',#3604,#3854,#3855,.T.);
#3143=EDGE_CURVE('',#3856,#3854,#3857,.T.);
#3144=EDGE_CURVE('',#3858,#3856,#3859,.T.);
#3145=EDGE_CURVE('',#3860,#3858,#3861,.T.);
#3146=EDGE_CURVE('',#3852,#3860,#3862,.T.);
#3147=EDGE_CURVE('',#3863,#3864,#3865,.T.);
#3148=EDGE_CURVE('',#3863,#3866,#3867,.T.);
#3149=EDGE_CURVE('',#3868,#3866,#3869,.T.);
#3150=EDGE_CURVE('',#3870,#3868,#3871,.T.);
#3151=EDGE_CURVE('',#3872,#3870,#3873,.T.);
#3152=EDGE_CURVE('',#3864,#3872,#3874,.T.);
#3153=EDGE_CURVE('',#3875,#3876,#3877,.T.);
#3154=EDGE_CURVE('',#3875,#3878,#3879,.T.);
#3155=EDGE_CURVE('',#3880,#3878,#3881,.T.);
#3156=EDGE_CURVE('',#3882,#3880,#3883,.T.);
#3157=EDGE_CURVE('',#3884,#3882,#3885,.T.);
#3158=EDGE_CURVE('',#3876,#3884,#3886,.T.);
#3159=EDGE_CURVE('',#3887,#3888,#3889,.T.);
#3160=EDGE_CURVE('',#3887,#3890,#3891,.T.);
#3161=EDGE_CURVE('',#3892,#3890,#3893,.T.);
#3162=EDGE_CURVE('',#3894,#3892,#3895,.T.);
#3163=EDGE_CURVE('',#3896,#3894,#3897,.T.);
#3164=EDGE_CURVE('',#3888,#3896,#3898,.T.);
#3165=EDGE_CURVE('',#3899,#3900,#3901,.T.);
#3166=EDGE_CURVE('',#3899,#3902,#3903,.T.);
#3167=EDGE_CURVE('',#3904,#3902,#3905,.T.);
#3168=EDGE_CURVE('',#3906,#3904,#3907,.T.);
#3169=EDGE_CURVE('',#3908,#3906,#3909,.T.);
#3170=EDGE_CURVE('',#3900,#3908,#3910,.T.);
#3171=EDGE_CURVE('',#3911,#3912,#3913,.T.);
#3172=EDGE_CURVE('',#3911,#3914,#3915,.T.);
#3173=EDGE_CURVE('',#3916,#3914,#3917,.T.);
#3174=EDGE_CURVE('',#3918,#3916,#3919,.T.);
#3175=EDGE_CURVE('',#3920,#3918,#3921,.T.);
#3176=EDGE_CURVE('',#3912,#3920,#3922,.T.);
#3177=EDGE_CURVE('',#3923,#3924,#3925,.T.);
#3178=EDGE_CURVE('',#3923,#3926,#3927,.T.);
#3179=EDGE_CURVE('',#3928,#3926,#3929,.T.);
#3180=EDGE_CURVE('',#3930,#3928,#3931,.T.);
#3181=EDGE_CURVE('',#3932,#3930,#3933,.T.);
#3182=EDGE_CURVE('',#3924,#3932,#3934,.T.);
#3183=EDGE_CURVE('',#3614,#3935,#3936,.T.);
#3184=EDGE_CURVE('',#3612,#3937,#3938,.T.);
#3185=EDGE_CURVE('',#3939,#3937,#3940,.T.);
#3186=EDGE_CURVE('',#3941,#3939,#3942,.T.);
#3187=EDGE_CURVE('',#3943,#3941,#3944,.T.);
#3188=EDGE_CURVE('',#3935,#3943,#3945,.T.);
#3189=EDGE_CURVE('',#3618,#3946,#3947,.T.);
#3190=EDGE_CURVE('',#3948,#3616,#3949,.T.);
#3191=EDGE_CURVE('',#3950,#3948,#3951,.T.);
#3192=EDGE_CURVE('',#3952,#3950,#3953,.T.);
#3193=EDGE_CURVE('',#3946,#3952,#3954,.T.);
#3194=EDGE_CURVE('',#3610,#3607,#3955,.T.);
#3195=EDGE_CURVE('',#3668,#3666,#3956,.T.);
#3196=EDGE_CURVE('',#3793,#3789,#3957,.T.);
#3197=EDGE_CURVE('',#3805,#3801,#3958,.T.);
#3198=EDGE_CURVE('',#3819,#3813,#3959,.T.);
#3199=EDGE_CURVE('',#3831,#3816,#3960,.T.);
#3200=EDGE_CURVE('',#3843,#3828,#3961,.T.);
#3201=EDGE_CURVE('',#3854,#3840,#3962,.T.);
#3202=EDGE_CURVE('',#3866,#3602,#3963,.T.);
#3203=EDGE_CURVE('',#3878,#3863,#3964,.T.);
#3204=EDGE_CURVE('',#3890,#3875,#3965,.T.);
#3205=EDGE_CURVE('',#3902,#3887,#3966,.T.);
#3206=EDGE_CURVE('',#3914,#3899,#3967,.T.);
#3207=EDGE_CURVE('',#3926,#3911,#3968,.T.);
#3208=EDGE_CURVE('',#3937,#3923,#3969,.T.);
#3209=EDGE_CURVE('',#3622,#3970,#3971,.T.);
#3210=EDGE_CURVE('',#3972,#3620,#3973,.T.);
#3211=EDGE_CURVE('',#3974,#3972,#3975,.T.);
#3212=EDGE_CURVE('',#3976,#3974,#3977,.T.);
#3213=EDGE_CURVE('',#3970,#3976,#3978,.T.);
#3214=EDGE_CURVE('',#3979,#3976,#3980,.T.);
#3215=EDGE_CURVE('',#3979,#3981,#3982,.T.);
#3216=EDGE_CURVE('',#3981,#3970,#3983,.T.);
#3217=EDGE_CURVE('',#3984,#3974,#3985,.T.);
#3218=EDGE_CURVE('',#3984,#3979,#3986,.T.);
#3219=EDGE_CURVE('',#3987,#3972,#3988,.T.);
#3220=EDGE_CURVE('',#3987,#3984,#3989,.T.);
#3221=EDGE_CURVE('',#3990,#3620,#3991,.T.);
#3222=EDGE_CURVE('',#3990,#3987,#3992,.T.);
#3223=EDGE_CURVE('',#3618,#3993,#3994,.T.);
#3224=EDGE_CURVE('',#3993,#3990,#3995,.T.);
#3225=EDGE_CURVE('',#3996,#3946,#3997,.T.);
#3226=EDGE_CURVE('',#3996,#3993,#3998,.T.);
#3227=EDGE_CURVE('',#3999,#3952,#4000,.T.);
#3228=EDGE_CURVE('',#3999,#3996,#4001,.T.);
#3229=EDGE_CURVE('',#4002,#3950,#4003,.T.);
#3230=EDGE_CURVE('',#4002,#3999,#4004,.T.);
#3231=EDGE_CURVE('',#4005,#3948,#4006,.T.);
#3232=EDGE_CURVE('',#4005,#4002,#4007,.T.);
#3233=EDGE_CURVE('',#4008,#3616,#4009,.T.);
#3234=EDGE_CURVE('',#4008,#4005,#4010,.T.);
#3235=EDGE_CURVE('',#3614,#4011,#4012,.T.);
#3236=EDGE_CURVE('',#4011,#4008,#4013,.T.);
#3237=EDGE_CURVE('',#4014,#3935,#4015,.T.);
#3238=EDGE_CURVE('',#4014,#4011,#4016,.T.);
#3239=EDGE_CURVE('',#4017,#3943,#4018,.T.);
#3240=EDGE_CURVE('',#4017,#4014,#4019,.T.);
#3241=EDGE_CURVE('',#4020,#3941,#4021,.T.);
#3242=EDGE_CURVE('',#4020,#4017,#4022,.T.);
#3243=EDGE_CURVE('',#4023,#3939,#4024,.T.);
#3244=EDGE_CURVE('',#4023,#4020,#4025,.T.);
#3245=EDGE_CURVE('',#3542,#3937,#4026,.T.);
#3246=EDGE_CURVE('',#3542,#4023,#4027,.T.);
#3247=EDGE_CURVE('',#3923,#3544,#4028,.T.);
#3248=EDGE_CURVE('',#4029,#3924,#4030,.T.);
#3249=EDGE_CURVE('',#4029,#3544,#4031,.T.);
#3250=EDGE_CURVE('',#4032,#3932,#4033,.T.);
#3251=EDGE_CURVE('',#4032,#4029,#4034,.T.);
#3252=EDGE_CURVE('',#4035,#3930,#4036,.T.);
#3253=EDGE_CURVE('',#4035,#4032,#4037,.T.);
#3254=EDGE_CURVE('',#4038,#3928,#4039,.T.);
#3255=EDGE_CURVE('',#4038,#4035,#4040,.T.);
#3256=EDGE_CURVE('',#3546,#3926,#4041,.T.);
#3257=EDGE_CURVE('',#3546,#4038,#4042,.T.);
#3258=EDGE_CURVE('',#3911,#3548,#4043,.T.);
#3259=EDGE_CURVE('',#4044,#3912,#4045,.T.);
#3260=EDGE_CURVE('',#4044,#3548,#4046,.T.);
#3261=EDGE_CURVE('',#4047,#3920,#4048,.T.);
#3262=EDGE_CURVE('',#4047,#4044,#4049,.T.);
#3263=EDGE_CURVE('',#4050,#3918,#4051,.T.);
#3264=EDGE_CURVE('',#4050,#4047,#4052,.T.);
#3265=EDGE_CURVE('',#4053,#3916,#4054,.T.);
#3266=EDGE_CURVE('',#4053,#4050,#4055,.T.);
#3267=EDGE_CURVE('',#3550,#3914,#4056,.T.);
#3268=EDGE_CURVE('',#3550,#4053,#4057,.T.);
#3269=EDGE_CURVE('',#3899,#3552,#4058,.T.);
#3270=EDGE_CURVE('',#4059,#3900,#4060,.T.);
#3271=EDGE_CURVE('',#4059,#3552,#4061,.T.);
#3272=EDGE_CURVE('',#4062,#3908,#4063,.T.);
#3273=EDGE_CURVE('',#4062,#4059,#4064,.T.);
#3274=EDGE_CURVE('',#4065,#3906,#4066,.T.);
#3275=EDGE_CURVE('',#4065,#4062,#4067,.T.);
#3276=EDGE_CURVE('',#4068,#3904,#4069,.T.);
#3277=EDGE_CURVE('',#4068,#4065,#4070,.T.);
#3278=EDGE_CURVE('',#3554,#3902,#4071,.T.);
#3279=EDGE_CURVE('',#3554,#4068,#4072,.T.);
#3280=EDGE_CURVE('',#3887,#3556,#4073,.T.);
#3281=EDGE_CURVE('',#4074,#3888,#4075,.T.);
#3282=EDGE_CURVE('',#4074,#3556,#4076,.T.);
#3283=EDGE_CURVE('',#4077,#3896,#4078,.T.);
#3284=EDGE_CURVE('',#4077,#4074,#4079,.T.);
#3285=EDGE_CURVE('',#4080,#3894,#4081,.T.);
#3286=EDGE_CURVE('',#4080,#4077,#4082,.T.);
#3287=EDGE_CURVE('',#4083,#3892,#4084,.T.);
#3288=EDGE_CURVE('',#4083,#4080,#4085,.T.);
#3289=EDGE_CURVE('',#3558,#3890,#4086,.T.);
#3290=EDGE_CURVE('',#3558,#4083,#4087,.T.);
#3291=EDGE_CURVE('',#3875,#3560,#4088,.T.);
#3292=EDGE_CURVE('',#4089,#3876,#4090,.T.);
#3293=EDGE_CURVE('',#4089,#3560,#4091,.T.);
#3294=EDGE_CURVE('',#4092,#3884,#4093,.T.);
#3295=EDGE_CURVE('',#4092,#4089,#4094,.T.);
#3296=EDGE_CURVE('',#4095,#3882,#4096,.T.);
#3297=EDGE_CURVE('',#4095,#4092,#4097,.T.);
#3298=EDGE_CURVE('',#4098,#3880,#4099,.T.);
#3299=EDGE_CURVE('',#4098,#4095,#4100,.T.);
#3300=EDGE_CURVE('',#3562,#3878,#4101,.T.);
#3301=EDGE_CURVE('',#3562,#4098,#4102,.T.);
#3302=EDGE_CURVE('',#3863,#3564,#4103,.T.);
#3303=EDGE_CURVE('',#4104,#3864,#4105,.T.);
#3304=EDGE_CURVE('',#4104,#3564,#4106,.T.);
#3305=EDGE_CURVE('',#4107,#3872,#4108,.T.);
#3306=EDGE_CURVE('',#4107,#4104,#4109,.T.);
#3307=EDGE_CURVE('',#4110,#3870,#4111,.T.);
#3308=EDGE_CURVE('',#4110,#4107,#4112,.T.);
#3309=EDGE_CURVE('',#4113,#3868,#4114,.T.);
#3310=EDGE_CURVE('',#4113,#4110,#4115,.T.);
#3311=EDGE_CURVE('',#3566,#3866,#4116,.T.);
#3312=EDGE_CURVE('',#3566,#4113,#4117,.T.);
#3313=EDGE_CURVE('',#4118,#3852,#4119,.T.);
#3314=EDGE_CURVE('',#4118,#3570,#4120,.T.);
#3315=EDGE_CURVE('',#4121,#3860,#4122,.T.);
#3316=EDGE_CURVE('',#4121,#4118,#4123,.T.);
#3317=EDGE_CURVE('',#4124,#3858,#4125,.T.);
#3318=EDGE_CURVE('',#4124,#4121,#4126,.T.);
#3319=EDGE_CURVE('',#4127,#3856,#4128,.T.);
#3320=EDGE_CURVE('',#4127,#4124,#4129,.T.);
#3321=EDGE_CURVE('',#3572,#3854,#4130,.T.);
#3322=EDGE_CURVE('',#3572,#4127,#4131,.T.);
#3323=EDGE_CURVE('',#3840,#3574,#4132,.T.);
#3324=EDGE_CURVE('',#4133,#3841,#4134,.T.);
#3325=EDGE_CURVE('',#4133,#3574,#4135,.T.);
#3326=EDGE_CURVE('',#4136,#3849,#4137,.T.);
#3327=EDGE_CURVE('',#4136,#4133,#4138,.T.);
#3328=EDGE_CURVE('',#4139,#3847,#4140,.T.);
#3329=EDGE_CURVE('',#4139,#4136,#4141,.T.);
#3330=EDGE_CURVE('',#4142,#3845,#4143,.T.);
#3331=EDGE_CURVE('',#4142,#4139,#4144,.T.);
#3332=EDGE_CURVE('',#3576,#3843,#4145,.T.);
#3333=EDGE_CURVE('',#3576,#4142,#4146,.T.);
#3334=EDGE_CURVE('',#3828,#3578,#4147,.T.);
#3335=EDGE_CURVE('',#4148,#3829,#4149,.T.);
#3336=EDGE_CURVE('',#4148,#3578,#4150,.T.);
#3337=EDGE_CURVE('',#4151,#3837,#4152,.T.);
#3338=EDGE_CURVE('',#4151,#4148,#4153,.T.);
#3339=EDGE_CURVE('',#4154,#3835,#4155,.T.);
#3340=EDGE_CURVE('',#4154,#4151,#4156,.T.);
#3341=EDGE_CURVE('',#4157,#3833,#4158,.T.);
#3342=EDGE_CURVE('',#4157,#4154,#4159,.T.);
#3343=EDGE_CURVE('',#3580,#3831,#4160,.T.);
#3344=EDGE_CURVE('',#3580,#4157,#4161,.T.);
#3345=EDGE_CURVE('',#3816,#3582,#4162,.T.);
#3346=EDGE_CURVE('',#4163,#3817,#4164,.T.);
#3347=EDGE_CURVE('',#4163,#3582,#4165,.T.);
#3348=EDGE_CURVE('',#4166,#3825,#4167,.T.);
#3349=EDGE_CURVE('',#4166,#4163,#4168,.T.);
#3350=EDGE_CURVE('',#4169,#3823,#4170,.T.);
#3351=EDGE_CURVE('',#4169,#4166,#4171,.T.);
#3352=EDGE_CURVE('',#4172,#3821,#4173,.T.);
#3353=EDGE_CURVE('',#4172,#4169,#4174,.T.);
#3354=EDGE_CURVE('',#3584,#3819,#4175,.T.);
#3355=EDGE_CURVE('',#3584,#4172,#4176,.T.);
#3356=EDGE_CURVE('',#3813,#3586,#4177,.T.);
#3357=EDGE_CURVE('',#4178,#3811,#4179,.T.);
#3358=EDGE_CURVE('',#4178,#3586,#4180,.T.);
#3359=EDGE_CURVE('',#3540,#4011,#4181,.T.);
#3360=EDGE_CURVE('',#4182,#4178,#4183,.T.);
#3361=EDGE_CURVE('',#4184,#4182,#4185,.T.);
#3362=EDGE_CURVE('',#4186,#4184,#4187,.T.);
#3363=EDGE_CURVE('',#3588,#4186,#4188,.T.);
#3364=EDGE_CURVE('',#3592,#4189,#4190,.T.);
#3365=EDGE_CURVE('',#4191,#3590,#4192,.T.);
#3366=EDGE_CURVE('',#4193,#4191,#4194,.T.);
#3367=EDGE_CURVE('',#4195,#4193,#4196,.T.);
#3368=EDGE_CURVE('',#4189,#4195,#4197,.T.);
#3369=EDGE_CURVE('',#4198,#4199,#4200,.T.);
#3370=EDGE_CURVE('',#4198,#3536,#4201,.T.);
#3371=EDGE_CURVE('',#4202,#3594,#4203,.T.);
#3372=EDGE_CURVE('',#4204,#4202,#4205,.T.);
#3373=EDGE_CURVE('',#4206,#4204,#4207,.T.);
#3374=EDGE_CURVE('',#4199,#4206,#4208,.T.);
#3375=EDGE_CURVE('',#4209,#4210,#4211,.T.);
#3376=EDGE_CURVE('',#4209,#4212,#4213,.T.);
#3377=EDGE_CURVE('',#4214,#4212,#4215,.T.);
#3378=EDGE_CURVE('',#4216,#4214,#4217,.T.);
#3379=EDGE_CURVE('',#4218,#4216,#4219,.T.);
#3380=EDGE_CURVE('',#4210,#4218,#4220,.T.);
#3381=EDGE_CURVE('',#4221,#4222,#4223,.T.);
#3382=EDGE_CURVE('',#4221,#4224,#4225,.T.);
#3383=EDGE_CURVE('',#4226,#4224,#4227,.T.);
#3384=EDGE_CURVE('',#4228,#4226,#4229,.T.);
#3385=EDGE_CURVE('',#4230,#4228,#4231,.T.);
#3386=EDGE_CURVE('',#4222,#4230,#4232,.T.);
#3387=EDGE_CURVE('',#4233,#4234,#4235,.T.);
#3388=EDGE_CURVE('',#4233,#4236,#4237,.T.);
#3389=EDGE_CURVE('',#4238,#4236,#4239,.T.);
#3390=EDGE_CURVE('',#4240,#4238,#4241,.T.);
#3391=EDGE_CURVE('',#4242,#4240,#4243,.T.);
#3392=EDGE_CURVE('',#4234,#4242,#4244,.T.);
#3393=EDGE_CURVE('',#4245,#4246,#4247,.T.);
#3394=EDGE_CURVE('',#4245,#4248,#4249,.T.);
#3395=EDGE_CURVE('',#4250,#4248,#4251,.T.);
#3396=EDGE_CURVE('',#4252,#4250,#4253,.T.);
#3397=EDGE_CURVE('',#4254,#4252,#4255,.T.);
#3398=EDGE_CURVE('',#4246,#4254,#4256,.T.);
#3399=EDGE_CURVE('',#4257,#4258,#4259,.T.);
#3400=EDGE_CURVE('',#4257,#4260,#4261,.T.);
#3401=EDGE_CURVE('',#4262,#4260,#4263,.T.);
#3402=EDGE_CURVE('',#4264,#4262,#4265,.T.);
#3403=EDGE_CURVE('',#4266,#4264,#4267,.T.);
#3404=EDGE_CURVE('',#4258,#4266,#4268,.T.);
#3405=EDGE_CURVE('',#3530,#4269,#4270,.T.);
#3406=EDGE_CURVE('',#3530,#4271,#4272,.T.);
#3407=EDGE_CURVE('',#4273,#4271,#4274,.T.);
#3408=EDGE_CURVE('',#4275,#4273,#4276,.T.);
#3409=EDGE_CURVE('',#4277,#4275,#4278,.T.);
#3410=EDGE_CURVE('',#4269,#4277,#4279,.T.);
#3411=EDGE_CURVE('',#4280,#4281,#4282,.T.);
#3412=EDGE_CURVE('',#4280,#4283,#4284,.T.);
#3413=EDGE_CURVE('',#4285,#4283,#4286,.T.);
#3414=EDGE_CURVE('',#4287,#4285,#4288,.T.);
#3415=EDGE_CURVE('',#4289,#4287,#4290,.T.);
#3416=EDGE_CURVE('',#4281,#4289,#4291,.T.);
#3417=EDGE_CURVE('',#4292,#4293,#4294,.T.);
#3418=EDGE_CURVE('',#4292,#4295,#4296,.T.);
#3419=EDGE_CURVE('',#4297,#4295,#4298,.T.);
#3420=EDGE_CURVE('',#4299,#4297,#4300,.T.);
#3421=EDGE_CURVE('',#4301,#4299,#4302,.T.);
#3422=EDGE_CURVE('',#4293,#4301,#4303,.T.);
#3423=EDGE_CURVE('',#4304,#4305,#4306,.T.);
#3424=EDGE_CURVE('',#4304,#4307,#4308,.T.);
#3425=EDGE_CURVE('',#4309,#4307,#4310,.T.);
#3426=EDGE_CURVE('',#4311,#4309,#4312,.T.);
#3427=EDGE_CURVE('',#4313,#4311,#4314,.T.);
#3428=EDGE_CURVE('',#4305,#4313,#4315,.T.);
#3429=EDGE_CURVE('',#4316,#4317,#4318,.T.);
#3430=EDGE_CURVE('',#4316,#4319,#4320,.T.);
#3431=EDGE_CURVE('',#4321,#4319,#4322,.T.);
#3432=EDGE_CURVE('',#4323,#4321,#4324,.T.);
#3433=EDGE_CURVE('',#4325,#4323,#4326,.T.);
#3434=EDGE_CURVE('',#4317,#4325,#4327,.T.);
#3435=EDGE_CURVE('',#3990,#4328,#4329,.T.);
#3436=EDGE_CURVE('',#3981,#4328,#4330,.T.);
#3437=EDGE_CURVE('',#4008,#3993,#4331,.T.);
#3438=EDGE_CURVE('',#3538,#3535,#4332,.T.);
#3439=EDGE_CURVE('',#3599,#3597,#4333,.T.);
#3440=EDGE_CURVE('',#4212,#4198,#4334,.T.);
#3441=EDGE_CURVE('',#4224,#4209,#4335,.T.);
#3442=EDGE_CURVE('',#4236,#4221,#4336,.T.);
#3443=EDGE_CURVE('',#4248,#4233,#4337,.T.);
#3444=EDGE_CURVE('',#4260,#4245,#4338,.T.);
#3445=EDGE_CURVE('',#4271,#4257,#4339,.T.);
#3446=EDGE_CURVE('',#4283,#3527,#4340,.T.);
#3447=EDGE_CURVE('',#4295,#4280,#4341,.T.);
#3448=EDGE_CURVE('',#4307,#4292,#4342,.T.);
#3449=EDGE_CURVE('',#4319,#4304,#4343,.T.);
#3450=EDGE_CURVE('',#4328,#4316,#4344,.T.);
#3451=EDGE_CURVE('',#3622,#4328,#4345,.T.);
#3452=EDGE_CURVE('',#4316,#3624,#4346,.T.);
#3453=EDGE_CURVE('',#4317,#3691,#4347,.T.);
#3454=EDGE_CURVE('',#4325,#3693,#4348,.T.);
#3455=EDGE_CURVE('',#4323,#3695,#4349,.T.);
#3456=EDGE_CURVE('',#4321,#3697,#4350,.T.);
#3457=EDGE_CURVE('',#3626,#4319,#4351,.T.);
#3458=EDGE_CURVE('',#4304,#3628,#4352,.T.);
#3459=EDGE_CURVE('',#4305,#3700,#4353,.T.);
#3460=EDGE_CURVE('',#4313,#3702,#4354,.T.);
#3461=EDGE_CURVE('',#4311,#3704,#4355,.T.);
#3462=EDGE_CURVE('',#4309,#3706,#4356,.T.);
#3463=EDGE_CURVE('',#3630,#4307,#4357,.T.);
#3464=EDGE_CURVE('',#4292,#3632,#4358,.T.);
#3465=EDGE_CURVE('',#4293,#3709,#4359,.T.);
#3466=EDGE_CURVE('',#4301,#3711,#4360,.T.);
#3467=EDGE_CURVE('',#4299,#3713,#4361,.T.);
#3468=EDGE_CURVE('',#4297,#3715,#4362,.T.);
#3469=EDGE_CURVE('',#3634,#4295,#4363,.T.);
#3470=EDGE_CURVE('',#4280,#3636,#4364,.T.);
#3471=EDGE_CURVE('',#4281,#3718,#4365,.T.);
#3472=EDGE_CURVE('',#4289,#3720,#4366,.T.);
#3473=EDGE_CURVE('',#4287,#3722,#4367,.T.);
#3474=EDGE_CURVE('',#4285,#3724,#4368,.T.);
#3475=EDGE_CURVE('',#3638,#4283,#4369,.T.);
#3476=EDGE_CURVE('',#4269,#3727,#4370,.T.);
#3477=EDGE_CURVE('',#4277,#3729,#4371,.T.);
#3478=EDGE_CURVE('',#4275,#3731,#4372,.T.);
#3479=EDGE_CURVE('',#4273,#3733,#4373,.T.);
#3480=EDGE_CURVE('',#3641,#4271,#4374,.T.);
#3481=EDGE_CURVE('',#4257,#3643,#4375,.T.);
#3482=EDGE_CURVE('',#4258,#3736,#4376,.T.);
#3483=EDGE_CURVE('',#4266,#3738,#4377,.T.);
#3484=EDGE_CURVE('',#4264,#3740,#4378,.T.);
#3485=EDGE_CURVE('',#4262,#3742,#4379,.T.);
#3486=EDGE_CURVE('',#3645,#4260,#4380,.T.);
#3487=EDGE_CURVE('',#4245,#3647,#4381,.T.);
#3488=EDGE_CURVE('',#4246,#3745,#4382,.T.);
#3489=EDGE_CURVE('',#4254,#3747,#4383,.T.);
#3490=EDGE_CURVE('',#4252,#3749,#4384,.T.);
#3491=EDGE_CURVE('',#4250,#3751,#4385,.T.);
#3492=EDGE_CURVE('',#3649,#4248,#4386,.T.);
#3493=EDGE_CURVE('',#4233,#3651,#4387,.T.);
#3494=EDGE_CURVE('',#4234,#3754,#4388,.T.);
#3495=EDGE_CURVE('',#4242,#3756,#4389,.T.);
#3496=EDGE_CURVE('',#4240,#3758,#4390,.T.);
#3497=EDGE_CURVE('',#4238,#3760,#4391,.T.);
#3498=EDGE_CURVE('',#3653,#4236,#4392,.T.);
#3499=EDGE_CURVE('',#4221,#3655,#4393,.T.);
#3500=EDGE_CURVE('',#4222,#3763,#4394,.T.);
#3501=EDGE_CURVE('',#4230,#3765,#4395,.T.);
#3502=EDGE_CURVE('',#4228,#3767,#4396,.T.);
#3503=EDGE_CURVE('',#4226,#3769,#4397,.T.);
#3504=EDGE_CURVE('',#3657,#4224,#4398,.T.);
#3505=EDGE_CURVE('',#4209,#3659,#4399,.T.);
#3506=EDGE_CURVE('',#4210,#3772,#4400,.T.);
#3507=EDGE_CURVE('',#4218,#3774,#4401,.T.);
#3508=EDGE_CURVE('',#4216,#3776,#4402,.T.);
#3509=EDGE_CURVE('',#4214,#3778,#4403,.T.);
#3510=EDGE_CURVE('',#3661,#4212,#4404,.T.);
#3511=EDGE_CURVE('',#4198,#3663,#4405,.T.);
#3512=EDGE_CURVE('',#4199,#3781,#4406,.T.);
#3513=EDGE_CURVE('',#4206,#3783,#4407,.T.);
#3514=EDGE_CURVE('',#4204,#3785,#4408,.T.);
#3515=EDGE_CURVE('',#4202,#3787,#4409,.T.);
#3516=EDGE_CURVE('',#3789,#3594,#4410,.T.);
#3517=EDGE_CURVE('',#3592,#3793,#4411,.T.);
#3518=EDGE_CURVE('',#4189,#3792,#4412,.T.);
#3519=EDGE_CURVE('',#4195,#3795,#4413,.T.);
#3520=EDGE_CURVE('',#4193,#3797,#4414,.T.);
#3521=EDGE_CURVE('',#4182,#3809,#4415,.T.);
#3522=EDGE_CURVE('',#4184,#3807,#4416,.T.);
#3523=EDGE_CURVE('',#3588,#3805,#4417,.T.);
#3524=EDGE_CURVE('',#4186,#3804,#4418,.T.);
#3525=EDGE_CURVE('',#3801,#3590,#4419,.T.);
#3526=EDGE_CURVE('',#4191,#3799,#4420,.T.);
#3527=VERTEX_POINT('',#4421);
#3528=VERTEX_POINT('',#4422);
#3529=LINE('',#4423,#4424);
#3530=VERTEX_POINT('',#4425);
#3531=CIRCLE('',#4426,20.12);
#3532=VERTEX_POINT('',#4427);
#3533=LINE('',#4428,#4429);
#3534=CIRCLE('',#4430,20.12);
#3535=VERTEX_POINT('',#4431);
#3536=VERTEX_POINT('',#4432);
#3537=LINE('',#4433,#4434);
#3538=VERTEX_POINT('',#4435);
#3539=CIRCLE('',#4436,21.9780499090595);
#3540=VERTEX_POINT('',#4437);
#3541=LINE('',#4438,#4439);
#3542=VERTEX_POINT('',#4440);
#3543=CIRCLE('',#4441,20.12);
#3544=VERTEX_POINT('',#4442);
#3545=CIRCLE('',#4443,20.12);
#3546=VERTEX_POINT('',#4444);
#3547=CIRCLE('',#4445,20.12);
#3548=VERTEX_POINT('',#4446);
#3549=CIRCLE('',#4447,20.12);
#3550=VERTEX_POINT('',#4448);
#3551=CIRCLE('',#4449,20.12);
#3552=VERTEX_POINT('',#4450);
#3553=CIRCLE('',#4451,20.12);
#3554=VERTEX_POINT('',#4452);
#3555=CIRCLE('',#4453,20.12);
#3556=VERTEX_POINT('',#4454);
#3557=CIRCLE('',#4455,20.12);
#3558=VERTEX_POINT('',#4456);
#3559=CIRCLE('',#4457,20.12);
#3560=VERTEX_POINT('',#4458);
#3561=CIRCLE('',#4459,20.12);
#3562=VERTEX_POINT('',#4460);
#3563=CIRCLE('',#4461,20.12);
#3564=VERTEX_POINT('',#4462);
#3565=CIRCLE('',#4463,20.12);
#3566=VERTEX_POINT('',#4464);
#3567=CIRCLE('',#4465,20.12);
#3568=VERTEX_POINT('',#4466);
#3569=CIRCLE('',#4467,20.12);
#3570=VERTEX_POINT('',#4468);
#3571=CIRCLE('',#4469,20.12);
#3572=VERTEX_POINT('',#4470);
#3573=CIRCLE('',#4471,20.12);
#3574=VERTEX_POINT('',#4472);
#3575=CIRCLE('',#4473,20.12);
#3576=VERTEX_POINT('',#4474);
#3577=CIRCLE('',#4475,20.12);
#3578=VERTEX_POINT('',#4476);
#3579=CIRCLE('',#4477,20.12);
#3580=VERTEX_POINT('',#4478);
#3581=CIRCLE('',#4479,20.12);
#3582=VERTEX_POINT('',#4480);
#3583=CIRCLE('',#4481,20.12);
#3584=VERTEX_POINT('',#4482);
#3585=CIRCLE('',#4483,20.12);
#3586=VERTEX_POINT('',#4484);
#3587=CIRCLE('',#4485,20.12);
#3588=VERTEX_POINT('',#4486);
#3589=CIRCLE('',#4487,20.12);
#3590=VERTEX_POINT('',#4488);
#3591=CIRCLE('',#4489,20.12);
#3592=VERTEX_POINT('',#4490);
#3593=CIRCLE('',#4491,20.12);
#3594=VERTEX_POINT('',#4492);
#3595=CIRCLE('',#4493,20.12);
#3596=CIRCLE('',#4494,20.12);
#3597=VERTEX_POINT('',#4495);
#3598=LINE('',#4496,#4497);
#3599=VERTEX_POINT('',#4498);
#3600=CIRCLE('',#4499,21.6360297657338);
#3601=LINE('',#4500,#4501);
#3602=VERTEX_POINT('',#4502);
#3603=LINE('',#4503,#4504);
#3604=VERTEX_POINT('',#4505);
#3605=CIRCLE('',#4506,20.12);
#3606=LINE('',#4507,#4508);
#3607=VERTEX_POINT('',#4509);
#3608=VERTEX_POINT('',#4510);
#3609=LINE('',#4511,#4512);
#3610=VERTEX_POINT('',#4513);
#3611=CIRCLE('',#4514,21.9780499090595);
#3612=VERTEX_POINT('',#4515);
#3613=LINE('',#4516,#4517);
#3614=VERTEX_POINT('',#4518);
#3615=CIRCLE('',#4519,20.12);
#3616=VERTEX_POINT('',#4520);
#3617=CIRCLE('',#4521,20.12);
#3618=VERTEX_POINT('',#4522);
#3619=CIRCLE('',#4523,20.12);
#3620=VERTEX_POINT('',#4524);
#3621=CIRCLE('',#4525,20.12);
#3622=VERTEX_POINT('',#4526);
#3623=CIRCLE('',#4527,20.12);
#3624=VERTEX_POINT('',#4528);
#3625=CIRCLE('',#4529,20.12);
#3626=VERTEX_POINT('',#4530);
#3627=CIRCLE('',#4531,20.12);
#3628=VERTEX_POINT('',#4532);
#3629=CIRCLE('',#4533,20.12);
#3630=VERTEX_POINT('',#4534);
#3631=CIRCLE('',#4535,20.12);
#3632=VERTEX_POINT('',#4536);
#3633=CIRCLE('',#4537,20.12);
#3634=VERTEX_POINT('',#4538);
#3635=CIRCLE('',#4539,20.12);
#3636=VERTEX_POINT('',#4540);
#3637=CIRCLE('',#4541,20.12);
#3638=VERTEX_POINT('',#4542);
#3639=CIRCLE('',#4543,20.12);
#3640=CIRCLE('',#4544,20.12);
#3641=VERTEX_POINT('',#4545);
#3642=CIRCLE('',#4546,20.12);
#3643=VERTEX_POINT('',#4547);
#3644=CIRCLE('',#4548,20.12);
#3645=VERTEX_POINT('',#4549);
#3646=CIRCLE('',#4550,20.12);
#3647=VERTEX_POINT('',#4551);
#3648=CIRCLE('',#4552,20.12);
#3649=VERTEX_POINT('',#4553);
#3650=CIRCLE('',#4554,20.12);
#3651=VERTEX_POINT('',#4555);
#3652=CIRCLE('',#4556,20.12);
#3653=VERTEX_POINT('',#4557);
#3654=CIRCLE('',#4558,20.12);
#3655=VERTEX_POINT('',#4559);
#3656=CIRCLE('',#4560,20.12);
#3657=VERTEX_POINT('',#4561);
#3658=CIRCLE('',#4562,20.12);
#3659=VERTEX_POINT('',#4563);
#3660=CIRCLE('',#4564,20.12);
#3661=VERTEX_POINT('',#4565);
#3662=CIRCLE('',#4566,20.12);
#3663=VERTEX_POINT('',#4567);
#3664=CIRCLE('',#4568,20.12);
#3665=CIRCLE('',#4569,20.12);
#3666=VERTEX_POINT('',#4570);
#3667=LINE('',#4571,#4572);
#3668=VERTEX_POINT('',#4573);
#3669=CIRCLE('',#4574,21.6360297657338);
#3670=LINE('',#4575,#4576);
#3671=VERTEX_POINT('',#4577);
#3672=VERTEX_POINT('',#4578);
#3673=LINE('',#4579,#4580);
#3674=VERTEX_POINT('',#4581);
#3675=CIRCLE('',#4582,15.0);
#3676=VERTEX_POINT('',#4583);
#3677=LINE('',#4584,#4585);
#3678=CIRCLE('',#4586,15.0);
#3679=VERTEX_POINT('',#4587);
#3680=VERTEX_POINT('',#4588);
#3681=LINE('',#4589,#4590);
#3682=VERTEX_POINT('',#4591);
#3683=CIRCLE('',#4592,1.0);
#3684=VERTEX_POINT('',#4593);
#3685=LINE('',#4594,#4595);
#3686=CIRCLE('',#4596,1.0);
#3687=CIRCLE('',#4597,1.0);
#3688=CIRCLE('',#4598,1.0);
#3689=CIRCLE('',#4599,15.0);
#3690=CIRCLE('',#4600,15.0);
#3691=VERTEX_POINT('',#4601);
#3692=CIRCLE('',#4602,0.399999999999999);
#3693=VERTEX_POINT('',#4603);
#3694=LINE('',#4604,#4605);
#3695=VERTEX_POINT('',#4606);
#3696=CIRCLE('',#4607,1.6);
#3697=VERTEX_POINT('',#4608);
#3698=LINE('',#4609,#4610);
#3699=CIRCLE('',#4611,0.399999999999999);
#3700=VERTEX_POINT('',#4612);
#3701=CIRCLE('',#4613,0.399999999999999);
#3702=VERTEX_POINT('',#4614);
#3703=LINE('',#4615,#4616);
#3704=VERTEX_POINT('',#4617);
#3705=CIRCLE('',#4618,1.6);
#3706=VERTEX_POINT('',#4619);
#3707=LINE('',#4620,#4621);
#3708=CIRCLE('',#4622,0.399999999999999);
#3709=VERTEX_POINT('',#4623);
#3710=CIRCLE('',#4624,0.399999999999999);
#3711=VERTEX_POINT('',#4625);
#3712=LINE('',#4626,#4627);
#3713=VERTEX_POINT('',#4628);
#3714=CIRCLE('',#4629,1.6);
#3715=VERTEX_POINT('',#4630);
#3716=LINE('',#4631,#4632);
#3717=CIRCLE('',#4633,0.399999999999999);
#3718=VERTEX_POINT('',#4634);
#3719=CIRCLE('',#4635,0.399999999999999);
#3720=VERTEX_POINT('',#4636);
#3721=LINE('',#4637,#4638);
#3722=VERTEX_POINT('',#4639);
#3723=CIRCLE('',#4640,1.6);
#3724=VERTEX_POINT('',#4641);
#3725=LINE('',#4642,#4643);
#3726=CIRCLE('',#4644,0.399999999999999);
#3727=VERTEX_POINT('',#4645);
#3728=CIRCLE('',#4646,0.399999999999999);
#3729=VERTEX_POINT('',#4647);
#3730=LINE('',#4648,#4649);
#3731=VERTEX_POINT('',#4650);
#3732=CIRCLE('',#4651,1.6);
#3733=VERTEX_POINT('',#4652);
#3734=LINE('',#4653,#4654);
#3735=CIRCLE('',#4655,0.399999999999999);
#3736=VERTEX_POINT('',#4656);
#3737=CIRCLE('',#4657,0.399999999999999);
#3738=VERTEX_POINT('',#4658);
#3739=LINE('',#4659,#4660);
#3740=VERTEX_POINT('',#4661);
#3741=CIRCLE('',#4662,1.6);
#3742=VERTEX_POINT('',#4663);
#3743=LINE('',#4664,#4665);
#3744=CIRCLE('',#4666,0.399999999999999);
#3745=VERTEX_POINT('',#4667);
#3746=CIRCLE('',#4668,0.399999999999999);
#3747=VERTEX_POINT('',#4669);
#3748=LINE('',#4670,#4671);
#3749=VERTEX_POINT('',#4672);
#3750=CIRCLE('',#4673,1.6);
#3751=VERTEX_POINT('',#4674);
#3752=LINE('',#4675,#4676);
#3753=CIRCLE('',#4677,0.399999999999999);
#3754=VERTEX_POINT('',#4678);
#3755=CIRCLE('',#4679,0.399999999999999);
#3756=VERTEX_POINT('',#4680);
#3757=LINE('',#4681,#4682);
#3758=VERTEX_POINT('',#4683);
#3759=CIRCLE('',#4684,1.6);
#3760=VERTEX_POINT('',#4685);
#3761=LINE('',#4686,#4687);
#3762=CIRCLE('',#4688,0.399999999999999);
#3763=VERTEX_POINT('',#4689);
#3764=CIRCLE('',#4690,0.399999999999999);
#3765=VERTEX_POINT('',#4691);
#3766=LINE('',#4692,#4693);
#3767=VERTEX_POINT('',#4694);
#3768=CIRCLE('',#4695,1.6);
#3769=VERTEX_POINT('',#4696);
#3770=LINE('',#4697,#4698);
#3771=CIRCLE('',#4699,0.399999999999999);
#3772=VERTEX_POINT('',#4700);
#3773=CIRCLE('',#4701,0.399999999999999);
#3774=VERTEX_POINT('',#4702);
#3775=LINE('',#4703,#4704);
#3776=VERTEX_POINT('',#4705);
#3777=CIRCLE('',#4706,1.6);
#3778=VERTEX_POINT('',#4707);
#3779=LINE('',#4708,#4709);
#3780=CIRCLE('',#4710,0.399999999999999);
#3781=VERTEX_POINT('',#4711);
#3782=CIRCLE('',#4712,0.399999999999999);
#3783=VERTEX_POINT('',#4713);
#3784=LINE('',#4714,#4715);
#3785=VERTEX_POINT('',#4716);
#3786=CIRCLE('',#4717,1.6);
#3787=VERTEX_POINT('',#4718);
#3788=LINE('',#4719,#4720);
#3789=VERTEX_POINT('',#4721);
#3790=CIRCLE('',#4722,0.399999999999999);
#3791=CIRCLE('',#4723,20.12);
#3792=VERTEX_POINT('',#4724);
#3793=VERTEX_POINT('',#4725);
#3794=CIRCLE('',#4726,0.399999999999999);
#3795=VERTEX_POINT('',#4727);
#3796=LINE('',#4728,#4729);
#3797=VERTEX_POINT('',#4730);
#3798=CIRCLE('',#4731,1.6);
#3799=VERTEX_POINT('',#4732);
#3800=LINE('',#4733,#4734);
#3801=VERTEX_POINT('',#4735);
#3802=CIRCLE('',#4736,0.399999999999999);
#3803=CIRCLE('',#4737,20.12);
#3804=VERTEX_POINT('',#4738);
#3805=VERTEX_POINT('',#4739);
#3806=CIRCLE('',#4740,0.399999999999999);
#3807=VERTEX_POINT('',#4741);
#3808=LINE('',#4742,#4743);
#3809=VERTEX_POINT('',#4744);
#3810=CIRCLE('',#4745,1.6);
#3811=VERTEX_POINT('',#4746);
#3812=LINE('',#4747,#4748);
#3813=VERTEX_POINT('',#4749);
#3814=CIRCLE('',#4750,0.399999999999999);
#3815=CIRCLE('',#4751,20.12);
#3816=VERTEX_POINT('',#4752);
#3817=VERTEX_POINT('',#4753);
#3818=CIRCLE('',#4754,0.399999999999999);
#3819=VERTEX_POINT('',#4755);
#3820=CIRCLE('',#4756,20.12);
#3821=VERTEX_POINT('',#4757);
#3822=CIRCLE('',#4758,0.399999999999999);
#3823=VERTEX_POINT('',#4759);
#3824=LINE('',#4760,#4761);
#3825=VERTEX_POINT('',#4762);
#3826=CIRCLE('',#4763,1.6);
#3827=LINE('',#4764,#4765);
#3828=VERTEX_POINT('',#4766);
#3829=VERTEX_POINT('',#4767);
#3830=CIRCLE('',#4768,0.399999999999999);
#3831=VERTEX_POINT('',#4769);
#3832=CIRCLE('',#4770,20.12);
#3833=VERTEX_POINT('',#4771);
#3834=CIRCLE('',#4772,0.399999999999999);
#3835=VERTEX_POINT('',#4773);
#3836=LINE('',#4774,#4775);
#3837=VERTEX_POINT('',#4776);
#3838=CIRCLE('',#4777,1.6);
#3839=LINE('',#4778,#4779);
#3840=VERTEX_POINT('',#4780);
#3841=VERTEX_POINT('',#4781);
#3842=CIRCLE('',#4782,0.399999999999999);
#3843=VERTEX_POINT('',#4783);
#3844=CIRCLE('',#4784,20.12);
#3845=VERTEX_POINT('',#4785);
#3846=CIRCLE('',#4786,0.399999999999999);
#3847=VERTEX_POINT('',#4787);
#3848=LINE('',#4788,#4789);
#3849=VERTEX_POINT('',#4790);
#3850=CIRCLE('',#4791,1.6);
#3851=LINE('',#4792,#4793);
#3852=VERTEX_POINT('',#4794);
#3853=CIRCLE('',#4795,0.399999999999999);
#3854=VERTEX_POINT('',#4796);
#3855=CIRCLE('',#4797,20.12);
#3856=VERTEX_POINT('',#4798);
#3857=CIRCLE('',#4799,0.399999999999999);
#3858=VERTEX_POINT('',#4800);
#3859=LINE('',#4801,#4802);
#3860=VERTEX_POINT('',#4803);
#3861=CIRCLE('',#4804,1.6);
#3862=LINE('',#4805,#4806);
#3863=VERTEX_POINT('',#4807);
#3864=VERTEX_POINT('',#4808);
#3865=CIRCLE('',#4809,0.399999999999999);
#3866=VERTEX_POINT('',#4810);
#3867=CIRCLE('',#4811,20.12);
#3868=VERTEX_POINT('',#4812);
#3869=CIRCLE('',#4813,0.399999999999999);
#3870=VERTEX_POINT('',#4814);
#3871=LINE('',#4815,#4816);
#3872=VERTEX_POINT('',#4817);
#3873=CIRCLE('',#4818,1.6);
#3874=LINE('',#4819,#4820);
#3875=VERTEX_POINT('',#4821);
#3876=VERTEX_POINT('',#4822);
#3877=CIRCLE('',#4823,0.399999999999999);
#3878=VERTEX_POINT('',#4824);
#3879=CIRCLE('',#4825,20.12);
#3880=VERTEX_POINT('',#4826);
#3881=CIRCLE('',#4827,0.399999999999999);
#3882=VERTEX_POINT('',#4828);
#3883=LINE('',#4829,#4830);
#3884=VERTEX_POINT('',#4831);
#3885=CIRCLE('',#4832,1.6);
#3886=LINE('',#4833,#4834);
#3887=VERTEX_POINT('',#4835);
#3888=VERTEX_POINT('',#4836);
#3889=CIRCLE('',#4837,0.399999999999999);
#3890=VERTEX_POINT('',#4838);
#3891=CIRCLE('',#4839,20.12);
#3892=VERTEX_POINT('',#4840);
#3893=CIRCLE('',#4841,0.399999999999999);
#3894=VERTEX_POINT('',#4842);
#3895=LINE('',#4843,#4844);
#3896=VERTEX_POINT('',#4845);
#3897=CIRCLE('',#4846,1.6);
#3898=LINE('',#4847,#4848);
#3899=VERTEX_POINT('',#4849);
#3900=VERTEX_POINT('',#4850);
#3901=CIRCLE('',#4851,0.399999999999999);
#3902=VERTEX_POINT('',#4852);
#3903=CIRCLE('',#4853,20.12);
#3904=VERTEX_POINT('',#4854);
#3905=CIRCLE('',#4855,0.399999999999999);
#3906=VERTEX_POINT('',#4856);
#3907=LINE('',#4857,#4858);
#3908=VERTEX_POINT('',#4859);
#3909=CIRCLE('',#4860,1.6);
#3910=LINE('',#4861,#4862);
#3911=VERTEX_POINT('',#4863);
#3912=VERTEX_POINT('',#4864);
#3913=CIRCLE('',#4865,0.399999999999999);
#3914=VERTEX_POINT('',#4866);
#3915=CIRCLE('',#4867,20.12);
#3916=VERTEX_POINT('',#4868);
#3917=CIRCLE('',#4869,0.399999999999999);
#3918=VERTEX_POINT('',#4870);
#3919=LINE('',#4871,#4872);
#3920=VERTEX_POINT('',#4873);
#3921=CIRCLE('',#4874,1.6);
#3922=LINE('',#4875,#4876);
#3923=VERTEX_POINT('',#4877);
#3924=VERTEX_POINT('',#4878);
#3925=CIRCLE('',#4879,0.399999999999999);
#3926=VERTEX_POINT('',#4880);
#3927=CIRCLE('',#4881,20.12);
#3928=VERTEX_POINT('',#4882);
#3929=CIRCLE('',#4883,0.399999999999999);
#3930=VERTEX_POINT('',#4884);
#3931=LINE('',#4885,#4886);
#3932=VERTEX_POINT('',#4887);
#3933=CIRCLE('',#4888,1.6);
#3934=LINE('',#4889,#4890);
#3935=VERTEX_POINT('',#4891);
#3936=CIRCLE('',#4892,0.399999999999999);
#3937=VERTEX_POINT('',#4893);
#3938=CIRCLE('',#4894,20.12);
#3939=VERTEX_POINT('',#4895);
#3940=CIRCLE('',#4896,0.399999999999999);
#3941=VERTEX_POINT('',#4897);
#3942=LINE('',#4898,#4899);
#3943=VERTEX_POINT('',#4900);
#3944=CIRCLE('',#4901,1.6);
#3945=LINE('',#4902,#4903);
#3946=VERTEX_POINT('',#4904);
#3947=CIRCLE('',#4905,0.399999999999999);
#3948=VERTEX_POINT('',#4906);
#3949=CIRCLE('',#4907,0.399999999999999);
#3950=VERTEX_POINT('',#4908);
#3951=LINE('',#4909,#4910);
#3952=VERTEX_POINT('',#4911);
#3953=CIRCLE('',#4912,1.6);
#3954=LINE('',#4913,#4914);
#3955=CIRCLE('',#4915,21.9780499090595);
#3956=CIRCLE('',#4916,21.6360297657338);
#3957=CIRCLE('',#4917,20.12);
#3958=CIRCLE('',#4918,20.12);
#3959=CIRCLE('',#4919,20.12);
#3960=CIRCLE('',#4920,20.12);
#3961=CIRCLE('',#4921,20.12);
#3962=CIRCLE('',#4922,20.12);
#3963=CIRCLE('',#4923,20.12);
#3964=CIRCLE('',#4924,20.12);
#3965=CIRCLE('',#4925,20.12);
#3966=CIRCLE('',#4926,20.12);
#3967=CIRCLE('',#4927,20.12);
#3968=CIRCLE('',#4928,20.12);
#3969=CIRCLE('',#4929,20.12);
#3970=VERTEX_POINT('',#4930);
#3971=CIRCLE('',#4931,0.399999999999999);
#3972=VERTEX_POINT('',#4932);
#3973=CIRCLE('',#4933,0.399999999999999);
#3974=VERTEX_POINT('',#4934);
#3975=LINE('',#4935,#4936);
#3976=VERTEX_POINT('',#4937);
#3977=CIRCLE('',#4938,1.6);
#3978=LINE('',#4939,#4940);
#3979=VERTEX_POINT('',#4941);
#3980=LINE('',#4942,#4943);
#3981=VERTEX_POINT('',#4944);
#3982=LINE('',#4945,#4946);
#3983=LINE('',#4947,#4948);
#3984=VERTEX_POINT('',#4949);
#3985=LINE('',#4950,#4951);
#3986=CIRCLE('',#4952,1.6);
#3987=VERTEX_POINT('',#4953);
#3988=LINE('',#4954,#4955);
#3989=LINE('',#4956,#4957);
#3990=VERTEX_POINT('',#4958);
#3991=LINE('',#4959,#4960);
#3992=CIRCLE('',#4961,0.399999999999999);
#3993=VERTEX_POINT('',#4962);
#3994=LINE('',#4963,#4964);
#3995=CIRCLE('',#4965,20.12);
#3996=VERTEX_POINT('',#4966);
#3997=LINE('',#4967,#4968);
#3998=CIRCLE('',#4969,0.399999999999999);
#3999=VERTEX_POINT('',#4970);
#4000=LINE('',#4971,#4972);
#4001=LINE('',#4973,#4974);
#4002=VERTEX_POINT('',#4975);
#4003=LINE('',#4976,#4977);
#4004=CIRCLE('',#4978,1.6);
#4005=VERTEX_POINT('',#4979);
#4006=LINE('',#4980,#4981);
#4007=LINE('',#4982,#4983);
#4008=VERTEX_POINT('',#4984);
#4009=LINE('',#4985,#4986);
#4010=CIRCLE('',#4987,0.399999999999999);
#4011=VERTEX_POINT('',#4988);
#4012=LINE('',#4989,#4990);
#4013=CIRCLE('',#4991,20.12);
#4014=VERTEX_POINT('',#4992);
#4015=LINE('',#4993,#4994);
#4016=CIRCLE('',#4995,0.399999999999999);
#4017=VERTEX_POINT('',#4996);
#4018=LINE('',#4997,#4998);
#4019=LINE('',#4999,#5000);
#4020=VERTEX_POINT('',#5001);
#4021=LINE('',#5002,#5003);
#4022=CIRCLE('',#5004,1.6);
#4023=VERTEX_POINT('',#5005);
#4024=LINE('',#5006,#5007);
#4025=LINE('',#5008,#5009);
#4026=LINE('',#5010,#5011);
#4027=CIRCLE('',#5012,0.399999999999999);
#4028=LINE('',#5013,#5014);
#4029=VERTEX_POINT('',#5015);
#4030=LINE('',#5016,#5017);
#4031=CIRCLE('',#5018,0.399999999999999);
#4032=VERTEX_POINT('',#5019);
#4033=LINE('',#5020,#5021);
#4034=LINE('',#5022,#5023);
#4035=VERTEX_POINT('',#5024);
#4036=LINE('',#5025,#5026);
#4037=CIRCLE('',#5027,1.6);
#4038=VERTEX_POINT('',#5028);
#4039=LINE('',#5029,#5030);
#4040=LINE('',#5031,#5032);
#4041=LINE('',#5033,#5034);
#4042=CIRCLE('',#5035,0.399999999999999);
#4043=LINE('',#5036,#5037);
#4044=VERTEX_POINT('',#5038);
#4045=LINE('',#5039,#5040);
#4046=CIRCLE('',#5041,0.399999999999999);
#4047=VERTEX_POINT('',#5042);
#4048=LINE('',#5043,#5044);
#4049=LINE('',#5045,#5046);
#4050=VERTEX_POINT('',#5047);
#4051=LINE('',#5048,#5049);
#4052=CIRCLE('',#5050,1.6);
#4053=VERTEX_POINT('',#5051);
#4054=LINE('',#5052,#5053);
#4055=LINE('',#5054,#5055);
#4056=LINE('',#5056,#5057);
#4057=CIRCLE('',#5058,0.399999999999999);
#4058=LINE('',#5059,#5060);
#4059=VERTEX_POINT('',#5061);
#4060=LINE('',#5062,#5063);
#4061=CIRCLE('',#5064,0.399999999999999);
#4062=VERTEX_POINT('',#5065);
#4063=LINE('',#5066,#5067);
#4064=LINE('',#5068,#5069);
#4065=VERTEX_POINT('',#5070);
#4066=LINE('',#5071,#5072);
#4067=CIRCLE('',#5073,1.6);
#4068=VERTEX_POINT('',#5074);
#4069=LINE('',#5075,#5076);
#4070=LINE('',#5077,#5078);
#4071=LINE('',#5079,#5080);
#4072=CIRCLE('',#5081,0.399999999999999);
#4073=LINE('',#5082,#5083);
#4074=VERTEX_POINT('',#5084);
#4075=LINE('',#5085,#5086);
#4076=CIRCLE('',#5087,0.399999999999999);
#4077=VERTEX_POINT('',#5088);
#4078=LINE('',#5089,#5090);
#4079=LINE('',#5091,#5092);
#4080=VERTEX_POINT('',#5093);
#4081=LINE('',#5094,#5095);
#4082=CIRCLE('',#5096,1.6);
#4083=VERTEX_POINT('',#5097);
#4084=LINE('',#5098,#5099);
#4085=LINE('',#5100,#5101);
#4086=LINE('',#5102,#5103);
#4087=CIRCLE('',#5104,0.399999999999999);
#4088=LINE('',#5105,#5106);
#4089=VERTEX_POINT('',#5107);
#4090=LINE('',#5108,#5109);
#4091=CIRCLE('',#5110,0.399999999999999);
#4092=VERTEX_POINT('',#5111);
#4093=LINE('',#5112,#5113);
#4094=LINE('',#5114,#5115);
#4095=VERTEX_POINT('',#5116);
#4096=LINE('',#5117,#5118);
#4097=CIRCLE('',#5119,1.6);
#4098=VERTEX_POINT('',#5120);
#4099=LINE('',#5121,#5122);
#4100=LINE('',#5123,#5124);
#4101=LINE('',#5125,#5126);
#4102=CIRCLE('',#5127,0.399999999999999);
#4103=LINE('',#5128,#5129);
#4104=VERTEX_POINT('',#5130);
#4105=LINE('',#5131,#5132);
#4106=CIRCLE('',#5133,0.399999999999999);
#4107=VERTEX_POINT('',#5134);
#4108=LINE('',#5135,#5136);
#4109=LINE('',#5137,#5138);
#4110=VERTEX_POINT('',#5139);
#4111=LINE('',#5140,#5141);
#4112=CIRCLE('',#5142,1.6);
#4113=VERTEX_POINT('',#5143);
#4114=LINE('',#5144,#5145);
#4115=LINE('',#5146,#5147);
#4116=LINE('',#5148,#5149);
#4117=CIRCLE('',#5150,0.399999999999999);
#4118=VERTEX_POINT('',#5151);
#4119=LINE('',#5152,#5153);
#4120=CIRCLE('',#5154,0.399999999999999);
#4121=VERTEX_POINT('',#5155);
#4122=LINE('',#5156,#5157);
#4123=LINE('',#5158,#5159);
#4124=VERTEX_POINT('',#5160);
#4125=LINE('',#5161,#5162);
#4126=CIRCLE('',#5163,1.6);
#4127=VERTEX_POINT('',#5164);
#4128=LINE('',#5165,#5166);
#4129=LINE('',#5167,#5168);
#4130=LINE('',#5169,#5170);
#4131=CIRCLE('',#5171,0.399999999999999);
#4132=LINE('',#5172,#5173);
#4133=VERTEX_POINT('',#5174);
#4134=LINE('',#5175,#5176);
#4135=CIRCLE('',#5177,0.399999999999999);
#4136=VERTEX_POINT('',#5178);
#4137=LINE('',#5179,#5180);
#4138=LINE('',#5181,#5182);
#4139=VERTEX_POINT('',#5183);
#4140=LINE('',#5184,#5185);
#4141=CIRCLE('',#5186,1.6);
#4142=VERTEX_POINT('',#5187);
#4143=LINE('',#5188,#5189);
#4144=LINE('',#5190,#5191);
#4145=LINE('',#5192,#5193);
#4146=CIRCLE('',#5194,0.399999999999999);
#4147=LINE('',#5195,#5196);
#4148=VERTEX_POINT('',#5197);
#4149=LINE('',#5198,#5199);
#4150=CIRCLE('',#5200,0.399999999999999);
#4151=VERTEX_POINT('',#5201);
#4152=LINE('',#5202,#5203);
#4153=LINE('',#5204,#5205);
#4154=VERTEX_POINT('',#5206);
#4155=LINE('',#5207,#5208);
#4156=CIRCLE('',#5209,1.6);
#4157=VERTEX_POINT('',#5210);
#4158=LINE('',#5211,#5212);
#4159=LINE('',#5213,#5214);
#4160=LINE('',#5215,#5216);
#4161=CIRCLE('',#5217,0.399999999999999);
#4162=LINE('',#5218,#5219);
#4163=VERTEX_POINT('',#5220);
#4164=LINE('',#5221,#5222);
#4165=CIRCLE('',#5223,0.399999999999999);
#4166=VERTEX_POINT('',#5224);
#4167=LINE('',#5225,#5226);
#4168=LINE('',#5227,#5228);
#4169=VERTEX_POINT('',#5229);
#4170=LINE('',#5230,#5231);
#4171=CIRCLE('',#5232,1.6);
#4172=VERTEX_POINT('',#5233);
#4173=LINE('',#5234,#5235);
#4174=LINE('',#5236,#5237);
#4175=LINE('',#5238,#5239);
#4176=CIRCLE('',#5240,0.399999999999999);
#4177=LINE('',#5241,#5242);
#4178=VERTEX_POINT('',#5243);
#4179=LINE('',#5244,#5245);
#4180=CIRCLE('',#5246,0.399999999999999);
#4181=CIRCLE('',#5247,20.12);
#4182=VERTEX_POINT('',#5248);
#4183=LINE('',#5249,#5250);
#4184=VERTEX_POINT('',#5251);
#4185=CIRCLE('',#5252,1.6);
#4186=VERTEX_POINT('',#5253);
#4187=LINE('',#5254,#5255);
#4188=CIRCLE('',#5256,0.399999999999999);
#4189=VERTEX_POINT('',#5257);
#4190=CIRCLE('',#5258,0.399999999999999);
#4191=VERTEX_POINT('',#5259);
#4192=CIRCLE('',#5260,0.399999999999999);
#4193=VERTEX_POINT('',#5261);
#4194=LINE('',#5262,#5263);
#4195=VERTEX_POINT('',#5264);
#4196=CIRCLE('',#5265,1.6);
#4197=LINE('',#5266,#5267);
#4198=VERTEX_POINT('',#5268);
#4199=VERTEX_POINT('',#5269);
#4200=CIRCLE('',#5270,0.399999999999999);
#4201=CIRCLE('',#5271,20.12);
#4202=VERTEX_POINT('',#5272);
#4203=CIRCLE('',#5273,0.399999999999999);
#4204=VERTEX_POINT('',#5274);
#4205=LINE('',#5275,#5276);
#4206=VERTEX_POINT('',#5277);
#4207=CIRCLE('',#5278,1.6);
#4208=LINE('',#5279,#5280);
#4209=VERTEX_POINT('',#5281);
#4210=VERTEX_POINT('',#5282);
#4211=CIRCLE('',#5283,0.399999999999999);
#4212=VERTEX_POINT('',#5284);
#4213=CIRCLE('',#5285,20.12);
#4214=VERTEX_POINT('',#5286);
#4215=CIRCLE('',#5287,0.399999999999999);
#4216=VERTEX_POINT('',#5288);
#4217=LINE('',#5289,#5290);
#4218=VERTEX_POINT('',#5291);
#4219=CIRCLE('',#5292,1.6);
#4220=LINE('',#5293,#5294);
#4221=VERTEX_POINT('',#5295);
#4222=VERTEX_POINT('',#5296);
#4223=CIRCLE('',#5297,0.399999999999999);
#4224=VERTEX_POINT('',#5298);
#4225=CIRCLE('',#5299,20.12);
#4226=VERTEX_POINT('',#5300);
#4227=CIRCLE('',#5301,0.399999999999999);
#4228=VERTEX_POINT('',#5302);
#4229=LINE('',#5303,#5304);
#4230=VERTEX_POINT('',#5305);
#4231=CIRCLE('',#5306,1.6);
#4232=LINE('',#5307,#5308);
#4233=VERTEX_POINT('',#5309);
#4234=VERTEX_POINT('',#5310);
#4235=CIRCLE('',#5311,0.399999999999999);
#4236=VERTEX_POINT('',#5312);
#4237=CIRCLE('',#5313,20.12);
#4238=VERTEX_POINT('',#5314);
#4239=CIRCLE('',#5315,0.399999999999999);
#4240=VERTEX_POINT('',#5316);
#4241=LINE('',#5317,#5318);
#4242=VERTEX_POINT('',#5319);
#4243=CIRCLE('',#5320,1.6);
#4244=LINE('',#5321,#5322);
#4245=VERTEX_POINT('',#5323);
#4246=VERTEX_POINT('',#5324);
#4247=CIRCLE('',#5325,0.399999999999999);
#4248=VERTEX_POINT('',#5326);
#4249=CIRCLE('',#5327,20.12);
#4250=VERTEX_POINT('',#5328);
#4251=CIRCLE('',#5329,0.399999999999999);
#4252=VERTEX_POINT('',#5330);
#4253=LINE('',#5331,#5332);
#4254=VERTEX_POINT('',#5333);
#4255=CIRCLE('',#5334,1.6);
#4256=LINE('',#5335,#5336);
#4257=VERTEX_POINT('',#5337);
#4258=VERTEX_POINT('',#5338);
#4259=CIRCLE('',#5339,0.399999999999999);
#4260=VERTEX_POINT('',#5340);
#4261=CIRCLE('',#5341,20.12);
#4262=VERTEX_POINT('',#5342);
#4263=CIRCLE('',#5343,0.399999999999999);
#4264=VERTEX_POINT('',#5344);
#4265=LINE('',#5345,#5346);
#4266=VERTEX_POINT('',#5347);
#4267=CIRCLE('',#5348,1.6);
#4268=LINE('',#5349,#5350);
#4269=VERTEX_POINT('',#5351);
#4270=CIRCLE('',#5352,0.399999999999999);
#4271=VERTEX_POINT('',#5353);
#4272=CIRCLE('',#5354,20.12);
#4273=VERTEX_POINT('',#5355);
#4274=CIRCLE('',#5356,0.399999999999999);
#4275=VERTEX_POINT('',#5357);
#4276=LINE('',#5358,#5359);
#4277=VERTEX_POINT('',#5360);
#4278=CIRCLE('',#5361,1.6);
#4279=LINE('',#5362,#5363);
#4280=VERTEX_POINT('',#5364);
#4281=VERTEX_POINT('',#5365);
#4282=CIRCLE('',#5366,0.399999999999999);
#4283=VERTEX_POINT('',#5367);
#4284=CIRCLE('',#5368,20.12);
#4285=VERTEX_POINT('',#5369);
#4286=CIRCLE('',#5370,0.399999999999999);
#4287=VERTEX_POINT('',#5371);
#4288=LINE('',#5372,#5373);
#4289=VERTEX_POINT('',#5374);
#4290=CIRCLE('',#5375,1.6);
#4291=LINE('',#5376,#5377);
#4292=VERTEX_POINT('',#5378);
#4293=VERTEX_POINT('',#5379);
#4294=CIRCLE('',#5380,0.399999999999999);
#4295=VERTEX_POINT('',#5381);
#4296=CIRCLE('',#5382,20.12);
#4297=VERTEX_POINT('',#5383);
#4298=CIRCLE('',#5384,0.399999999999999);
#4299=VERTEX_POINT('',#5385);
#4300=LINE('',#5386,#5387);
#4301=VERTEX_POINT('',#5388);
#4302=CIRCLE('',#5389,1.6);
#4303=LINE('',#5390,#5391);
#4304=VERTEX_POINT('',#5392);
#4305=VERTEX_POINT('',#5393);
#4306=CIRCLE('',#5394,0.399999999999999);
#4307=VERTEX_POINT('',#5395);
#4308=CIRCLE('',#5396,20.12);
#4309=VERTEX_POINT('',#5397);
#4310=CIRCLE('',#5398,0.399999999999999);
#4311=VERTEX_POINT('',#5399);
#4312=LINE('',#5400,#5401);
#4313=VERTEX_POINT('',#5402);
#4314=CIRCLE('',#5403,1.6);
#4315=LINE('',#5404,#5405);
#4316=VERTEX_POINT('',#5406);
#4317=VERTEX_POINT('',#5407);
#4318=CIRCLE('',#5408,0.399999999999999);
#4319=VERTEX_POINT('',#5409);
#4320=CIRCLE('',#5410,20.12);
#4321=VERTEX_POINT('',#5411);
#4322=CIRCLE('',#5412,0.399999999999999);
#4323=VERTEX_POINT('',#5413);
#4324=LINE('',#5414,#5415);
#4325=VERTEX_POINT('',#5416);
#4326=CIRCLE('',#5417,1.6);
#4327=LINE('',#5418,#5419);
#4328=VERTEX_POINT('',#5420);
#4329=CIRCLE('',#5421,20.12);
#4330=CIRCLE('',#5422,0.399999999999999);
#4331=CIRCLE('',#5423,20.12);
#4332=CIRCLE('',#5424,21.9780499090595);
#4333=CIRCLE('',#5425,21.6360297657338);
#4334=CIRCLE('',#5426,20.12);
#4335=CIRCLE('',#5427,20.12);
#4336=CIRCLE('',#5428,20.12);
#4337=CIRCLE('',#5429,20.12);
#4338=CIRCLE('',#5430,20.12);
#4339=CIRCLE('',#5431,20.12);
#4340=CIRCLE('',#5432,20.12);
#4341=CIRCLE('',#5433,20.12);
#4342=CIRCLE('',#5434,20.12);
#4343=CIRCLE('',#5435,20.12);
#4344=CIRCLE('',#5436,20.12);
#4345=LINE('',#5437,#5438);
#4346=LINE('',#5439,#5440);
#4347=LINE('',#5441,#5442);
#4348=LINE('',#5443,#5444);
#4349=LINE('',#5445,#5446);
#4350=LINE('',#5447,#5448);
#4351=LINE('',#5449,#5450);
#4352=LINE('',#5451,#5452);
#4353=LINE('',#5453,#5454);
#4354=LINE('',#5455,#5456);
#4355=LINE('',#5457,#5458);
#4356=LINE('',#5459,#5460);
#4357=LINE('',#5461,#5462);
#4358=LINE('',#5463,#5464);
#4359=LINE('',#5465,#5466);
#4360=LINE('',#5467,#5468);
#4361=LINE('',#5469,#5470);
#4362=LINE('',#5471,#5472);
#4363=LINE('',#5473,#5474);
#4364=LINE('',#5475,#5476);
#4365=LINE('',#5477,#5478);
#4366=LINE('',#5479,#5480);
#4367=LINE('',#5481,#5482);
#4368=LINE('',#5483,#5484);
#4369=LINE('',#5485,#5486);
#4370=LINE('',#5487,#5488);
#4371=LINE('',#5489,#5490);
#4372=LINE('',#5491,#5492);
#4373=LINE('',#5493,#5494);
#4374=LINE('',#5495,#5496);
#4375=LINE('',#5497,#5498);
#4376=LINE('',#5499,#5500);
#4377=LINE('',#5501,#5502);
#4378=LINE('',#5503,#5504);
#4379=LINE('',#5505,#5506);
#4380=LINE('',#5507,#5508);
#4381=LINE('',#5509,#5510);
#4382=LINE('',#5511,#5512);
#4383=LINE('',#5513,#5514);
#4384=LINE('',#5515,#5516);
#4385=LINE('',#5517,#5518);
#4386=LINE('',#5519,#5520);
#4387=LINE('',#5521,#5522);
#4388=LINE('',#5523,#5524);
#4389=LINE('',#5525,#5526);
#4390=LINE('',#5527,#5528);
#4391=LINE('',#5529,#5530);
#4392=LINE('',#5531,#5532);
#4393=LINE('',#5533,#5534);
#4394=LINE('',#5535,#5536);
#4395=LINE('',#5537,#5538);
#4396=LINE('',#5539,#5540);
#4397=LINE('',#5541,#5542);
#4398=LINE('',#5543,#5544);
#4399=LINE('',#5545,#5546);
#4400=LINE('',#5547,#5548);
#4401=LINE('',#5549,#5550);
#4402=LINE('',#5551,#5552);
#4403=LINE('',#5553,#5554);
#4404=LINE('',#5555,#5556);
#4405=LINE('',#5557,#5558);
#4406=LINE('',#5559,#5560);
#4407=LINE('',#5561,#5562);
#4408=LINE('',#5563,#5564);
#4409=LINE('',#5565,#5566);
#4410=LINE('',#5567,#5568);
#4411=LINE('',#5569,#5570);
#4412=LINE('',#5571,#5572);
#4413=LINE('',#5573,#5574);
#4414=LINE('',#5575,#5576);
#4415=LINE('',#5577,#5578);
#4416=LINE('',#5579,#5580);
#4417=LINE('',#5581,#5582);
#4418=LINE('',#5583,#5584);
#4419=LINE('',#5585,#5586);
#4420=LINE('',#5587,#5588);
#4421=CARTESIAN_POINT('',(2.75,-2.46390798389062E-015,-20.12));
#4422=CARTESIAN_POINT('',(11.75,-2.46390798389062E-015,-20.12));
#4423=CARTESIAN_POINT('',(7.25,-2.46390798389062E-015,-20.12));
#4424=VECTOR('',#5589,1.0);
#4425=CARTESIAN_POINT('',(2.75,0.665257674297584,-20.108998787279));
#4426=AXIS2_PLACEMENT_3D('',#5590,#5591,#5592);
#4427=CARTESIAN_POINT('',(11.75,0.665257674297509,-20.108998787279));
#4428=CARTESIAN_POINT('',(-0.999999999999998,0.66525767429751,-20.108998787279));
#4429=VECTOR('',#5593,1.0);
#4430=AXIS2_PLACEMENT_3D('',#5594,#5595,#5596);
#4431=CARTESIAN_POINT('',(0.939692620785909,21.9780499090595,0.0));
#4432=CARTESIAN_POINT('',(2.75,20.12,-2.46390798389062E-015));
#4433=CARTESIAN_POINT('',(1.84484631039295,21.0490249545297,-2.57767697010829E-015));
#4434=VECTOR('',#5597,1.0);
#4435=CARTESIAN_POINT('',(0.939692620785909,-21.9780499090595,2.69144595632596E-015));
#4436=AXIS2_PLACEMENT_3D('',#5598,#5599,#5600);
#4437=CARTESIAN_POINT('',(2.75,-20.12,2.46390798389062E-015));
#4438=CARTESIAN_POINT('',(1.84484631039295,-21.0490249545297,2.57767697010829E-015));
#4439=VECTOR('',#5601,1.0);
#4440=CARTESIAN_POINT('',(2.75,-20.0425694969331,1.76346476023987));
#4441=AXIS2_PLACEMENT_3D('',#5602,#5603,#5604);
#4442=CARTESIAN_POINT('',(2.75,-19.8821935937847,3.08427915391392));
#4443=AXIS2_PLACEMENT_3D('',#5605,#5606,#5607);
#4444=CARTESIAN_POINT('',(2.75,-19.0381441126956,6.50872251246218));
#4445=AXIS2_PLACEMENT_3D('',#5608,#5609,#5610);
#4446=CARTESIAN_POINT('',(2.75,-18.5663368677987,7.75277597454087));
#4447=AXIS2_PLACEMENT_3D('',#5611,#5612,#5613);
#4448=CARTESIAN_POINT('',(2.75,-16.9272909934665,10.8757169705039));
#4449=AXIS2_PLACEMENT_3D('',#5614,#5615,#5616);
#4450=CARTESIAN_POINT('',(2.75,-16.1714721289449,11.9707096357216));
#4451=AXIS2_PLACEMENT_3D('',#5617,#5618,#5619);
#4452=CARTESIAN_POINT('',(2.75,-13.8326852498964,14.6106542898427));
#4453=AXIS2_PLACEMENT_3D('',#5620,#5621,#5622);
#4454=CARTESIAN_POINT('',(2.75,-12.8367802108664,15.4929491646332));
#4455=AXIS2_PLACEMENT_3D('',#5623,#5624,#5625);
#4456=CARTESIAN_POINT('',(2.75,-9.93417411936744,17.4964734894232));
#4457=AXIS2_PLACEMENT_3D('',#5626,#5627,#5628);
#4458=CARTESIAN_POINT('',(2.75,-8.75606128672981,18.1147948026753));
#4459=AXIS2_PLACEMENT_3D('',#5629,#5630,#5631);
#4460=CARTESIAN_POINT('',(2.75,-5.4583248982745,19.365461246892));
#4461=AXIS2_PLACEMENT_3D('',#5632,#5633,#5634);
#4462=CARTESIAN_POINT('',(2.75,-4.1664719075963,19.6838744113859));
#4463=AXIS2_PLACEMENT_3D('',#5635,#5636,#5637);
#4464=CARTESIAN_POINT('',(2.75,-0.665257674297596,20.108998787279));
#4465=AXIS2_PLACEMENT_3D('',#5638,#5639,#5640);
#4466=CARTESIAN_POINT('',(2.75,2.46390798389062E-015,20.12));
#4467=AXIS2_PLACEMENT_3D('',#5641,#5642,#5643);
#4468=CARTESIAN_POINT('',(2.75,0.665257674297528,20.108998787279));
#4469=AXIS2_PLACEMENT_3D('',#5644,#5645,#5646);
#4470=CARTESIAN_POINT('',(2.75,4.16647190759623,19.6838744113859));
#4471=AXIS2_PLACEMENT_3D('',#5647,#5648,#5649);
#4472=CARTESIAN_POINT('',(2.75,5.45832489827444,19.365461246892));
#4473=AXIS2_PLACEMENT_3D('',#5650,#5651,#5652);
#4474=CARTESIAN_POINT('',(2.75,8.75606128672974,18.1147948026753));
#4475=AXIS2_PLACEMENT_3D('',#5653,#5654,#5655);
#4476=CARTESIAN_POINT('',(2.75,9.93417411936738,17.4964734894233));
#4477=AXIS2_PLACEMENT_3D('',#5656,#5657,#5658);
#4478=CARTESIAN_POINT('',(2.75,12.8367802108663,15.4929491646333));
#4479=AXIS2_PLACEMENT_3D('',#5659,#5660,#5661);
#4480=CARTESIAN_POINT('',(2.75,13.8326852498964,14.6106542898427));
#4481=AXIS2_PLACEMENT_3D('',#5662,#5663,#5664);
#4482=CARTESIAN_POINT('',(2.75,16.1714721289449,11.9707096357216));
#4483=AXIS2_PLACEMENT_3D('',#5665,#5666,#5667);
#4484=CARTESIAN_POINT('',(2.75,16.9272909934665,10.875716970504));
#4485=AXIS2_PLACEMENT_3D('',#5668,#5669,#5670);
#4486=CARTESIAN_POINT('',(2.75,18.5663368677987,7.75277597454093));
#4487=AXIS2_PLACEMENT_3D('',#5671,#5672,#5673);
#4488=CARTESIAN_POINT('',(2.75,19.0381441126956,6.50872251246225));
#4489=AXIS2_PLACEMENT_3D('',#5674,#5675,#5676);
#4490=CARTESIAN_POINT('',(2.75,19.8821935937847,3.08427915391399));
#4491=AXIS2_PLACEMENT_3D('',#5677,#5678,#5679);
#4492=CARTESIAN_POINT('',(2.75,20.0425694969331,1.76346476023994));
#4493=AXIS2_PLACEMENT_3D('',#5680,#5681,#5682);
#4494=AXIS2_PLACEMENT_3D('',#5683,#5684,#5685);
#4495=CARTESIAN_POINT('',(0.0,21.6360297657338,0.0));
#4496=CARTESIAN_POINT('',(0.469846310392954,21.8070398373966,-2.67050395429336E-015));
#4497=VECTOR('',#5686,1.0);
#4498=CARTESIAN_POINT('',(0.0,-21.6360297657338,2.64956195226077E-015));
#4499=AXIS2_PLACEMENT_3D('',#5687,#5688,#5689);
#4500=CARTESIAN_POINT('',(0.469846310392954,-21.8070398373966,2.67050395429336E-015));
#4501=VECTOR('',#5690,1.0);
#4502=CARTESIAN_POINT('',(11.75,2.46390798389062E-015,20.12));
#4503=CARTESIAN_POINT('',(7.25,2.46390798389062E-015,20.12));
#4504=VECTOR('',#5691,1.0);
#4505=CARTESIAN_POINT('',(11.75,0.665257674297528,20.108998787279));
#4506=AXIS2_PLACEMENT_3D('',#5692,#5693,#5694);
#4507=CARTESIAN_POINT('',(-1.0,0.665257674297528,20.108998787279));
#4508=VECTOR('',#5695,1.0);
#4509=CARTESIAN_POINT('',(13.5603073792141,21.9780499090595,7.72764251115781E-016));
#4510=CARTESIAN_POINT('',(11.75,20.12,3.01498084311069E-015));
#4511=CARTESIAN_POINT('',(12.655153689607,21.0490249545297,3.23959552527621E-015));
#4512=VECTOR('',#5696,1.0);
#4513=CARTESIAN_POINT('',(13.5603073792141,-21.9780499090595,-1.91868170521017E-015));
#4514=AXIS2_PLACEMENT_3D('',#5697,#5698,#5699);
#4515=CARTESIAN_POINT('',(11.75,-20.12,-1.91283512467055E-015));
#4516=CARTESIAN_POINT('',(12.655153689607,-21.0490249545297,-1.91575841494036E-015));
#4517=VECTOR('',#5700,1.0);
#4518=CARTESIAN_POINT('',(11.75,-20.0425694969331,-1.76346476023994));
#4519=AXIS2_PLACEMENT_3D('',#5701,#5702,#5703);
#4520=CARTESIAN_POINT('',(11.75,-19.8821935937847,-3.08427915391398));
#4521=AXIS2_PLACEMENT_3D('',#5704,#5705,#5706);
#4522=CARTESIAN_POINT('',(11.75,-19.0381441126957,-6.50872251246217));
#4523=AXIS2_PLACEMENT_3D('',#5707,#5708,#5709);
#4524=CARTESIAN_POINT('',(11.75,-18.5663368677987,-7.75277597454086));
#4525=AXIS2_PLACEMENT_3D('',#5710,#5711,#5712);
#4526=CARTESIAN_POINT('',(11.75,-16.9272909934665,-10.8757169705039));
#4527=AXIS2_PLACEMENT_3D('',#5713,#5714,#5715);
#4528=CARTESIAN_POINT('',(11.75,-16.1714721289449,-11.9707096357216));
#4529=AXIS2_PLACEMENT_3D('',#5716,#5717,#5718);
#4530=CARTESIAN_POINT('',(11.75,-13.8326852498964,-14.6106542898427));
#4531=AXIS2_PLACEMENT_3D('',#5719,#5720,#5721);
#4532=CARTESIAN_POINT('',(11.75,-12.8367802108664,-15.4929491646332));
#4533=AXIS2_PLACEMENT_3D('',#5722,#5723,#5724);
#4534=CARTESIAN_POINT('',(11.75,-9.93417411936744,-17.4964734894232));
#4535=AXIS2_PLACEMENT_3D('',#5725,#5726,#5727);
#4536=CARTESIAN_POINT('',(11.75,-8.75606128672981,-18.1147948026753));
#4537=AXIS2_PLACEMENT_3D('',#5728,#5729,#5730);
#4538=CARTESIAN_POINT('',(11.75,-5.45832489827451,-19.365461246892));
#4539=AXIS2_PLACEMENT_3D('',#5731,#5732,#5733);
#4540=CARTESIAN_POINT('',(11.75,-4.16647190759631,-19.6838744113859));
#4541=AXIS2_PLACEMENT_3D('',#5734,#5735,#5736);
#4542=CARTESIAN_POINT('',(11.75,-0.66525767429761,-20.108998787279));
#4543=AXIS2_PLACEMENT_3D('',#5737,#5738,#5739);
#4544=AXIS2_PLACEMENT_3D('',#5740,#5741,#5742);
#4545=CARTESIAN_POINT('',(11.75,4.16647190759621,-19.6838744113859));
#4546=AXIS2_PLACEMENT_3D('',#5743,#5744,#5745);
#4547=CARTESIAN_POINT('',(11.75,5.45832489827443,-19.365461246892));
#4548=AXIS2_PLACEMENT_3D('',#5746,#5747,#5748);
#4549=CARTESIAN_POINT('',(11.75,8.75606128672974,-18.1147948026753));
#4550=AXIS2_PLACEMENT_3D('',#5749,#5750,#5751);
#4551=CARTESIAN_POINT('',(11.75,9.93417411936737,-17.4964734894233));
#4552=AXIS2_PLACEMENT_3D('',#5752,#5753,#5754);
#4553=CARTESIAN_POINT('',(11.75,12.8367802108663,-15.4929491646333));
#4554=AXIS2_PLACEMENT_3D('',#5755,#5756,#5757);
#4555=CARTESIAN_POINT('',(11.75,13.8326852498964,-14.6106542898427));
#4556=AXIS2_PLACEMENT_3D('',#5758,#5759,#5760);
#4557=CARTESIAN_POINT('',(11.75,16.1714721289449,-11.9707096357216));
#4558=AXIS2_PLACEMENT_3D('',#5761,#5762,#5763);
#4559=CARTESIAN_POINT('',(11.75,16.9272909934665,-10.875716970504));
#4560=AXIS2_PLACEMENT_3D('',#5764,#5765,#5766);
#4561=CARTESIAN_POINT('',(11.75,18.5663368677987,-7.75277597454095));
#4562=AXIS2_PLACEMENT_3D('',#5767,#5768,#5769);
#4563=CARTESIAN_POINT('',(11.75,19.0381441126956,-6.50872251246226));
#4564=AXIS2_PLACEMENT_3D('',#5770,#5771,#5772);
#4565=CARTESIAN_POINT('',(11.75,19.8821935937847,-3.084279153914));
#4566=AXIS2_PLACEMENT_3D('',#5773,#5774,#5775);
#4567=CARTESIAN_POINT('',(11.75,20.0425694969331,-1.76346476023994));
#4568=AXIS2_PLACEMENT_3D('',#5776,#5777,#5778);
#4569=AXIS2_PLACEMENT_3D('',#5779,#5780,#5781);
#4570=CARTESIAN_POINT('',(14.5,21.6360297657338,8.87839606521224E-016));
#4571=CARTESIAN_POINT('',(14.030153689607,21.8070398373966,3.50080588311186E-015));
#4572=VECTOR('',#5782,1.0);
#4573=CARTESIAN_POINT('',(14.5,-21.6360297657338,-1.76172234573955E-015));
#4574=AXIS2_PLACEMENT_3D('',#5783,#5784,#5785);
#4575=CARTESIAN_POINT('',(14.030153689607,-21.8070398373966,-1.84020202547486E-015));
#4576=VECTOR('',#5786,1.0);
#4577=CARTESIAN_POINT('',(-8.0,0.0,-15.0));
#4578=CARTESIAN_POINT('',(9.18454765366783E-016,-1.83690953073357E-015,-15.0));
#4579=CARTESIAN_POINT('',(-4.0,-1.83690953073357E-015,-15.0));
#4580=VECTOR('',#5787,1.0);
#4581=CARTESIAN_POINT('',(-8.0,1.83690953073357E-015,15.0));
#4582=AXIS2_PLACEMENT_3D('',#5788,#5789,#5790);
#4583=CARTESIAN_POINT('',(0.0,-1.83690953073357E-015,15.0));
#4584=CARTESIAN_POINT('',(-4.0,1.83690953073357E-015,15.0));
#4585=VECTOR('',#5791,1.0);
#4586=AXIS2_PLACEMENT_3D('',#5792,#5793,#5794);
#4587=CARTESIAN_POINT('',(14.5,0.0,-1.0));
#4588=CARTESIAN_POINT('',(-8.0,0.0,-1.0));
#4589=CARTESIAN_POINT('',(3.25,-1.22460635382238E-016,-1.0));
#4590=VECTOR('',#5795,1.0);
#4591=CARTESIAN_POINT('',(14.5,1.22460635382238E-016,1.0));
#4592=AXIS2_PLACEMENT_3D('',#5796,#5797,#5798);
#4593=CARTESIAN_POINT('',(-8.0,1.22460635382238E-016,1.0));
#4594=CARTESIAN_POINT('',(3.25,1.22460635382238E-016,1.0));
#4595=VECTOR('',#5799,1.0);
#4596=AXIS2_PLACEMENT_3D('',#5800,#5801,#5802);
#4597=AXIS2_PLACEMENT_3D('',#5803,#5804,#5805);
#4598=AXIS2_PLACEMENT_3D('',#5806,#5807,#5808);
#4599=AXIS2_PLACEMENT_3D('',#5809,#5810,#5811);
#4600=AXIS2_PLACEMENT_3D('',#5812,#5813,#5814);
#4601=CARTESIAN_POINT('',(11.75,-15.8216282071194,-11.8791616234347));
#4602=AXIS2_PLACEMENT_3D('',#5815,#5816,#5817);
#4603=CARTESIAN_POINT('',(11.75,-15.7767175622291,-11.8393742639403));
#4604=CARTESIAN_POINT('',(11.75,-5.61193481808762,-2.83416255495026));
#4605=VECTOR('',#5818,1.0);
#4606=CARTESIAN_POINT('',(11.75,-13.6547250558586,-14.2346086580878));
#4607=AXIS2_PLACEMENT_3D('',#5819,#5820,#5821);
#4608=CARTESIAN_POINT('',(11.75,-13.6996357007488,-14.2743960175822));
#4609=CARTESIAN_POINT('',(11.75,-3.48994231171708,-5.22939694909778));
#4610=VECTOR('',#5822,1.0);
#4611=AXIS2_PLACEMENT_3D('',#5823,#5824,#5825);
#4612=CARTESIAN_POINT('',(11.75,-12.5190109909682,-15.3203382406531));
#4613=AXIS2_PLACEMENT_3D('',#5826,#5827,#5828);
#4614=CARTESIAN_POINT('',(11.75,-12.4849271061644,-15.2709592086994));
#4615=CARTESIAN_POINT('',(11.75,-5.28620290791006,-4.84180671459938));
#4616=VECTOR('',#5829,1.0);
#4617=CARTESIAN_POINT('',(11.75,-9.85137873530468,-17.0887663982391));
#4618=AXIS2_PLACEMENT_3D('',#5830,#5831,#5832);
#4619=CARTESIAN_POINT('',(11.75,-9.88546262010855,-17.1381454301928));
#4620=CARTESIAN_POINT('',(11.75,-2.65265453705036,-6.65961390413908));
#4621=VECTOR('',#5833,1.0);
#4622=AXIS2_PLACEMENT_3D('',#5834,#5835,#5836);
#4623=CARTESIAN_POINT('',(11.75,-8.48883436077547,-17.8711524864883));
#4624=AXIS2_PLACEMENT_3D('',#5837,#5838,#5839);
#4625=CARTESIAN_POINT('',(11.75,-8.46755806755292,-17.8150515119272));
#4626=CARTESIAN_POINT('',(11.75,-4.35461563288075,-6.97011360449425));
#4627=VECTOR('',#5840,1.0);
#4628=CARTESIAN_POINT('',(11.75,-5.47550609095959,-18.9497871504633));
#4629=AXIS2_PLACEMENT_3D('',#5841,#5842,#5843);
#4630=CARTESIAN_POINT('',(11.75,-5.49678238418215,-19.0058881250244));
#4631=CARTESIAN_POINT('',(11.75,-1.36256365628742,-8.10484924303037));
#4632=VECTOR('',#5844,1.0);
#4633=AXIS2_PLACEMENT_3D('',#5845,#5846,#5847);
#4634=CARTESIAN_POINT('',(11.75,-3.96531753319187,-19.3833603088051));
#4635=AXIS2_PLACEMENT_3D('',#5848,#5849,#5850);
#4636=CARTESIAN_POINT('',(11.75,-3.95808533237655,-19.3237977763592));
#4637=CARTESIAN_POINT('',(11.75,-2.70193648649707,-8.97848128140361));
#4638=VECTOR('',#5851,1.0);
#4639=CARTESIAN_POINT('',(11.75,-0.781416935262775,-19.7095151531763));
#4640=AXIS2_PLACEMENT_3D('',#5852,#5853,#5854);
#4641=CARTESIAN_POINT('',(11.75,-0.788649136078095,-19.7690776856221));
#4642=CARTESIAN_POINT('',(11.75,0.474731910616704,-9.36419865822065));
#4643=VECTOR('',#5855,1.0);
#4644=AXIS2_PLACEMENT_3D('',#5856,#5857,#5858);
#4645=CARTESIAN_POINT('',(11.75,0.78864913607807,-19.7690776856221));
#4646=AXIS2_PLACEMENT_3D('',#5859,#5860,#5861);
#4647=CARTESIAN_POINT('',(11.75,0.78141693526275,-19.7095151531763));
#4648=CARTESIAN_POINT('',(11.75,-0.328569252269761,-10.5679564495871));
#4649=VECTOR('',#5862,1.0);
#4650=CARTESIAN_POINT('',(11.75,3.95808533237652,-19.3237977763592));
#4651=AXIS2_PLACEMENT_3D('',#5863,#5864,#5865);
#4652=CARTESIAN_POINT('',(11.75,3.96531753319184,-19.3833603088051));
#4653=CARTESIAN_POINT('',(11.75,2.84809914484401,-10.18223907277));
#4654=VECTOR('',#5866,1.0);
#4655=AXIS2_PLACEMENT_3D('',#5867,#5868,#5869);
#4656=CARTESIAN_POINT('',(11.75,5.49678238418214,-19.0058881250244));
#4657=AXIS2_PLACEMENT_3D('',#5870,#5871,#5872);
#4658=CARTESIAN_POINT('',(11.75,5.47550609095959,-18.9497871504633));
#4659=CARTESIAN_POINT('',(11.75,2.62755459298678,-11.4403562139816));
#4660=VECTOR('',#5873,1.0);
#4661=CARTESIAN_POINT('',(11.75,8.46755806755291,-17.8150515119272));
#4662=AXIS2_PLACEMENT_3D('',#5874,#5875,#5876);
#4663=CARTESIAN_POINT('',(11.75,8.48883436077547,-17.8711524864883));
#4664=CARTESIAN_POINT('',(11.75,5.61960656958011,-10.3056205754455));
#4665=VECTOR('',#5877,1.0);
#4666=AXIS2_PLACEMENT_3D('',#5878,#5879,#5880);
#4667=CARTESIAN_POINT('',(11.75,9.88546262010854,-17.1381454301928));
#4668=AXIS2_PLACEMENT_3D('',#5881,#5882,#5883);
#4669=CARTESIAN_POINT('',(11.75,9.85137873530467,-17.0887663982391));
#4670=CARTESIAN_POINT('',(11.75,5.8989919552264,-11.3627456048467));
#4671=VECTOR('',#5884,1.0);
#4672=CARTESIAN_POINT('',(11.75,12.4849271061644,-15.2709592086994));
#4673=AXIS2_PLACEMENT_3D('',#5885,#5886,#5887);
#4674=CARTESIAN_POINT('',(11.75,12.5190109909682,-15.3203382406531));
#4675=CARTESIAN_POINT('',(11.75,8.5325403260861,-9.54493841530702));
#4676=VECTOR('',#5888,1.0);
#4677=AXIS2_PLACEMENT_3D('',#5889,#5890,#5891);
#4678=CARTESIAN_POINT('',(11.75,13.6996357007488,-14.2743960175822));
#4679=AXIS2_PLACEMENT_3D('',#5892,#5893,#5894);
#4680=CARTESIAN_POINT('',(11.75,13.6547250558586,-14.2346086580878));
#4681=CARTESIAN_POINT('',(11.75,9.12624181340135,-10.222722585811));
#4682=VECTOR('',#5895,1.0);
#4683=CARTESIAN_POINT('',(11.75,15.7767175622291,-11.8393742639403));
#4684=AXIS2_PLACEMENT_3D('',#5896,#5897,#5898);
#4685=CARTESIAN_POINT('',(11.75,15.8216282071194,-11.8791616234347));
#4686=CARTESIAN_POINT('',(11.75,11.2482343197719,-7.82748819166348));
#4687=VECTOR('',#5899,1.0);
#4688=AXIS2_PLACEMENT_3D('',#5900,#5901,#5902);
#4689=CARTESIAN_POINT('',(11.75,16.7176357506113,-10.5810705937483));
#4690=AXIS2_PLACEMENT_3D('',#5903,#5904,#5905);
#4691=CARTESIAN_POINT('',(11.75,16.6645083890721,-10.5531872034256));
#4692=CARTESIAN_POINT('',(11.75,11.9174403353147,-8.06173369253859));
#4693=VECTOR('',#5906,1.0);
#4694=CARTESIAN_POINT('',(11.75,18.1516225396121,-7.71972792133537));
#4695=AXIS2_PLACEMENT_3D('',#5907,#5908,#5909);
#4696=CARTESIAN_POINT('',(11.75,18.2047499011513,-7.74761131165799));
#4697=CARTESIAN_POINT('',(11.75,13.4045544858547,-5.22827441044832));
#4698=VECTOR('',#5910,1.0);
#4699=AXIS2_PLACEMENT_3D('',#5911,#5912,#5913);
#4700=CARTESIAN_POINT('',(11.75,18.7640675767816,-6.27281180763234));
#4701=AXIS2_PLACEMENT_3D('',#5914,#5915,#5916);
#4702=CARTESIAN_POINT('',(11.75,18.7058110677361,-6.25845286777509));
#4703=CARTESIAN_POINT('',(11.75,13.9179390342172,-5.07834840048278));
#4704=VECTOR('',#5917,1.0);
#4705=CARTESIAN_POINT('',(11.75,19.4716211934563,-3.15143905201172));
#4706=AXIS2_PLACEMENT_3D('',#5918,#5919,#5920);
#4707=CARTESIAN_POINT('',(11.75,19.5298777025018,-3.16579799186897));
#4708=CARTESIAN_POINT('',(11.75,14.6837491599374,-1.97133458471941));
#4709=VECTOR('',#5921,1.0);
#4710=AXIS2_PLACEMENT_3D('',#5922,#5923,#5924);
#4711=CARTESIAN_POINT('',(11.75,19.72,-1.6));
#4712=AXIS2_PLACEMENT_3D('',#5925,#5926,#5927);
#4713=CARTESIAN_POINT('',(11.75,19.66,-1.6));
#4714=CARTESIAN_POINT('',(11.75,14.875,-1.6));
#4715=VECTOR('',#5928,1.0);
#4716=CARTESIAN_POINT('',(11.75,19.66,1.6));
#4717=AXIS2_PLACEMENT_3D('',#5929,#5930,#5931);
#4718=CARTESIAN_POINT('',(11.75,19.72,1.6));
#4719=CARTESIAN_POINT('',(11.75,14.875,1.6));
#4720=VECTOR('',#5932,1.0);
#4721=CARTESIAN_POINT('',(11.75,20.0425694969331,1.76346476023987));
#4722=AXIS2_PLACEMENT_3D('',#5933,#5934,#5935);
#4723=AXIS2_PLACEMENT_3D('',#5936,#5937,#5938);
#4724=CARTESIAN_POINT('',(11.75,19.5298777025018,3.16579799186896));
#4725=CARTESIAN_POINT('',(11.75,19.8821935937847,3.08427915391392));
#4726=AXIS2_PLACEMENT_3D('',#5939,#5940,#5941);
#4727=CARTESIAN_POINT('',(11.75,19.4716211934563,3.1514390520117));
#4728=CARTESIAN_POINT('',(11.75,14.6837491599374,1.9713345847194));
#4729=VECTOR('',#5942,1.0);
#4730=CARTESIAN_POINT('',(11.75,18.7058110677361,6.25845286777507));
#4731=AXIS2_PLACEMENT_3D('',#5943,#5944,#5945);
#4732=CARTESIAN_POINT('',(11.75,18.7640675767817,6.27281180763232));
#4733=CARTESIAN_POINT('',(11.75,13.9179390342172,5.07834840048277));
#4734=VECTOR('',#5946,1.0);
#4735=CARTESIAN_POINT('',(11.75,19.0381441126956,6.50872251246225));
#4736=AXIS2_PLACEMENT_3D('',#5947,#5948,#5949);
#4737=AXIS2_PLACEMENT_3D('',#5950,#5951,#5952);
#4738=CARTESIAN_POINT('',(11.75,18.2047499011513,7.74761131165798));
#4739=CARTESIAN_POINT('',(11.75,18.5663368677987,7.75277597454093));
#4740=AXIS2_PLACEMENT_3D('',#5953,#5954,#5955);
#4741=CARTESIAN_POINT('',(11.75,18.1516225396121,7.71972792133535));
#4742=CARTESIAN_POINT('',(11.75,13.4045544858547,5.22827441044831));
#4743=VECTOR('',#5956,1.0);
#4744=CARTESIAN_POINT('',(11.75,16.6645083890721,10.5531872034256));
#4745=AXIS2_PLACEMENT_3D('',#5957,#5958,#5959);
#4746=CARTESIAN_POINT('',(11.75,16.7176357506113,10.5810705937483));
#4747=CARTESIAN_POINT('',(11.75,11.9174403353147,8.06173369253858));
#4748=VECTOR('',#5960,1.0);
#4749=CARTESIAN_POINT('',(11.75,16.9272909934665,10.875716970504));
#4750=AXIS2_PLACEMENT_3D('',#5961,#5962,#5963);
#4751=AXIS2_PLACEMENT_3D('',#5964,#5965,#5966);
#4752=CARTESIAN_POINT('',(11.75,13.8326852498964,14.6106542898427));
#4753=CARTESIAN_POINT('',(11.75,13.6996357007488,14.2743960175822));
#4754=AXIS2_PLACEMENT_3D('',#5967,#5968,#5969);
#4755=CARTESIAN_POINT('',(11.75,16.1714721289449,11.9707096357216));
#4756=AXIS2_PLACEMENT_3D('',#5970,#5971,#5972);
#4757=CARTESIAN_POINT('',(11.75,15.8216282071194,11.8791616234347));
#4758=AXIS2_PLACEMENT_3D('',#5973,#5974,#5975);
#4759=CARTESIAN_POINT('',(11.75,15.7767175622291,11.8393742639403));
#4760=CARTESIAN_POINT('',(11.75,11.2482343197719,7.82748819166347));
#4761=VECTOR('',#5976,1.0);
#4762=CARTESIAN_POINT('',(11.75,13.6547250558586,14.2346086580878));
#4763=AXIS2_PLACEMENT_3D('',#5977,#5978,#5979);
#4764=CARTESIAN_POINT('',(11.75,9.12624181340136,10.222722585811));
#4765=VECTOR('',#5980,1.0);
#4766=CARTESIAN_POINT('',(11.75,9.93417411936738,17.4964734894233));
#4767=CARTESIAN_POINT('',(11.75,9.88546262010855,17.1381454301928));
#4768=AXIS2_PLACEMENT_3D('',#5981,#5982,#5983);
#4769=CARTESIAN_POINT('',(11.75,12.8367802108663,15.4929491646333));
#4770=AXIS2_PLACEMENT_3D('',#5984,#5985,#5986);
#4771=CARTESIAN_POINT('',(11.75,12.5190109909682,15.3203382406531));
#4772=AXIS2_PLACEMENT_3D('',#5987,#5988,#5989);
#4773=CARTESIAN_POINT('',(11.75,12.4849271061644,15.2709592086994));
#4774=CARTESIAN_POINT('',(11.75,8.5325403260861,9.54493841530702));
#4775=VECTOR('',#5990,1.0);
#4776=CARTESIAN_POINT('',(11.75,9.85137873530468,17.0887663982391));
#4777=AXIS2_PLACEMENT_3D('',#5991,#5992,#5993);
#4778=CARTESIAN_POINT('',(11.75,5.8989919552264,11.3627456048467));
#4779=VECTOR('',#5994,1.0);
#4780=CARTESIAN_POINT('',(11.75,5.45832489827444,19.365461246892));
#4781=CARTESIAN_POINT('',(11.75,5.49678238418214,19.0058881250244));
#4782=AXIS2_PLACEMENT_3D('',#5995,#5996,#5997);
#4783=CARTESIAN_POINT('',(11.75,8.75606128672974,18.1147948026753));
#4784=AXIS2_PLACEMENT_3D('',#5998,#5999,#6000);
#4785=CARTESIAN_POINT('',(11.75,8.48883436077547,17.8711524864883));
#4786=AXIS2_PLACEMENT_3D('',#6001,#6002,#6003);
#4787=CARTESIAN_POINT('',(11.75,8.46755806755292,17.8150515119272));
#4788=CARTESIAN_POINT('',(11.75,5.61960656958011,10.3056205754455));
#4789=VECTOR('',#6004,1.0);
#4790=CARTESIAN_POINT('',(11.75,5.47550609095959,18.9497871504633));
#4791=AXIS2_PLACEMENT_3D('',#6005,#6006,#6007);
#4792=CARTESIAN_POINT('',(11.75,2.62755459298678,11.4403562139816));
#4793=VECTOR('',#6008,1.0);
#4794=CARTESIAN_POINT('',(11.75,0.788649136078088,19.7690776856221));
#4795=AXIS2_PLACEMENT_3D('',#6009,#6010,#6011);
#4796=CARTESIAN_POINT('',(11.75,4.16647190759623,19.6838744113859));
#4797=AXIS2_PLACEMENT_3D('',#6012,#6013,#6014);
#4798=CARTESIAN_POINT('',(11.75,3.96531753319186,19.3833603088051));
#4799=AXIS2_PLACEMENT_3D('',#6015,#6016,#6017);
#4800=CARTESIAN_POINT('',(11.75,3.95808533237654,19.3237977763592));
#4801=CARTESIAN_POINT('',(11.75,2.84809914484402,10.18223907277));
#4802=VECTOR('',#6018,1.0);
#4803=CARTESIAN_POINT('',(11.75,0.781416935262768,19.7095151531763));
#4804=AXIS2_PLACEMENT_3D('',#6019,#6020,#6021);
#4805=CARTESIAN_POINT('',(11.75,-0.328569252269748,10.5679564495871));
#4806=VECTOR('',#6022,1.0);
#4807=CARTESIAN_POINT('',(11.75,-4.1664719075963,19.6838744113859));
#4808=CARTESIAN_POINT('',(11.75,-3.96531753319185,19.3833603088051));
#4809=AXIS2_PLACEMENT_3D('',#6023,#6024,#6025);
#4810=CARTESIAN_POINT('',(11.75,-0.665257674297596,20.108998787279));
#4811=AXIS2_PLACEMENT_3D('',#6026,#6027,#6028);
#4812=CARTESIAN_POINT('',(11.75,-0.788649136078081,19.7690776856221));
#4813=AXIS2_PLACEMENT_3D('',#6029,#6030,#6031);
#4814=CARTESIAN_POINT('',(11.75,-0.781416935262762,19.7095151531763));
#4815=CARTESIAN_POINT('',(11.75,0.474731910616711,9.36419865822065));
#4816=VECTOR('',#6032,1.0);
#4817=CARTESIAN_POINT('',(11.75,-3.95808533237653,19.3237977763592));
#4818=AXIS2_PLACEMENT_3D('',#6033,#6034,#6035);
#4819=CARTESIAN_POINT('',(11.75,-2.70193648649706,8.97848128140362));
#4820=VECTOR('',#6036,1.0);
#4821=CARTESIAN_POINT('',(11.75,-8.75606128672981,18.1147948026753));
#4822=CARTESIAN_POINT('',(11.75,-8.48883436077546,17.8711524864883));
#4823=AXIS2_PLACEMENT_3D('',#6037,#6038,#6039);
#4824=CARTESIAN_POINT('',(11.75,-5.4583248982745,19.365461246892));
#4825=AXIS2_PLACEMENT_3D('',#6040,#6041,#6042);
#4826=CARTESIAN_POINT('',(11.75,-5.49678238418214,19.0058881250244));
#4827=AXIS2_PLACEMENT_3D('',#6043,#6044,#6045);
#4828=CARTESIAN_POINT('',(11.75,-5.47550609095958,18.9497871504633));
#4829=CARTESIAN_POINT('',(11.75,-1.36256365628742,8.10484924303037));
#4830=VECTOR('',#6046,1.0);
#4831=CARTESIAN_POINT('',(11.75,-8.46755806755291,17.8150515119272));
#4832=AXIS2_PLACEMENT_3D('',#6047,#6048,#6049);
#4833=CARTESIAN_POINT('',(11.75,-4.35461563288075,6.97011360449425));
#4834=VECTOR('',#6050,1.0);
#4835=CARTESIAN_POINT('',(11.75,-12.8367802108664,15.4929491646332));
#4836=CARTESIAN_POINT('',(11.75,-12.5190109909682,15.3203382406531));
#4837=AXIS2_PLACEMENT_3D('',#6051,#6052,#6053);
#4838=CARTESIAN_POINT('',(11.75,-9.93417411936744,17.4964734894232));
#4839=AXIS2_PLACEMENT_3D('',#6054,#6055,#6056);
#4840=CARTESIAN_POINT('',(11.75,-9.88546262010854,17.1381454301928));
#4841=AXIS2_PLACEMENT_3D('',#6057,#6058,#6059);
#4842=CARTESIAN_POINT('',(11.75,-9.85137873530467,17.0887663982391));
#4843=CARTESIAN_POINT('',(11.75,-2.65265453705035,6.65961390413908));
#4844=VECTOR('',#6060,1.0);
#4845=CARTESIAN_POINT('',(11.75,-12.4849271061644,15.2709592086994));
#4846=AXIS2_PLACEMENT_3D('',#6061,#6062,#6063);
#4847=CARTESIAN_POINT('',(11.75,-5.28620290791005,4.84180671459938));
#4848=VECTOR('',#6064,1.0);
#4849=CARTESIAN_POINT('',(11.75,-16.1714721289449,11.9707096357216));
#4850=CARTESIAN_POINT('',(11.75,-15.8216282071194,11.8791616234347));
#4851=AXIS2_PLACEMENT_3D('',#6065,#6066,#6067);
#4852=CARTESIAN_POINT('',(11.75,-13.8326852498964,14.6106542898427));
#4853=AXIS2_PLACEMENT_3D('',#6068,#6069,#6070);
#4854=CARTESIAN_POINT('',(11.75,-13.6996357007488,14.2743960175822));
#4855=AXIS2_PLACEMENT_3D('',#6071,#6072,#6073);
#4856=CARTESIAN_POINT('',(11.75,-13.6547250558586,14.2346086580878));
#4857=CARTESIAN_POINT('',(11.75,-3.48994231171708,5.22939694909779));
#4858=VECTOR('',#6074,1.0);
#4859=CARTESIAN_POINT('',(11.75,-15.7767175622291,11.8393742639403));
#4860=AXIS2_PLACEMENT_3D('',#6075,#6076,#6077);
#4861=CARTESIAN_POINT('',(11.75,-5.61193481808763,2.83416255495026));
#4862=VECTOR('',#6078,1.0);
#4863=CARTESIAN_POINT('',(11.75,-18.5663368677987,7.75277597454087));
#4864=CARTESIAN_POINT('',(11.75,-18.2047499011513,7.74761131165798));
#4865=AXIS2_PLACEMENT_3D('',#6079,#6080,#6081);
#4866=CARTESIAN_POINT('',(11.75,-16.9272909934665,10.8757169705039));
#4867=AXIS2_PLACEMENT_3D('',#6082,#6083,#6084);
#4868=CARTESIAN_POINT('',(11.75,-16.7176357506113,10.5810705937483));
#4869=AXIS2_PLACEMENT_3D('',#6085,#6086,#6087);
#4870=CARTESIAN_POINT('',(11.75,-16.6645083890721,10.5531872034256));
#4871=CARTESIAN_POINT('',(11.75,-4.03007465925697,3.92212484709349));
#4872=VECTOR('',#6088,1.0);
#4873=CARTESIAN_POINT('',(11.75,-18.1516225396121,7.71972792133536));
#4874=AXIS2_PLACEMENT_3D('',#6089,#6090,#6091);
#4875=CARTESIAN_POINT('',(11.75,-5.51718880979703,1.08866556500322));
#4876=VECTOR('',#6092,1.0);
#4877=CARTESIAN_POINT('',(11.75,-19.8821935937847,3.08427915391392));
#4878=CARTESIAN_POINT('',(11.75,-19.5298777025018,3.16579799186896));
#4879=AXIS2_PLACEMENT_3D('',#6093,#6094,#6095);
#4880=CARTESIAN_POINT('',(11.75,-19.0381441126956,6.50872251246218));
#4881=AXIS2_PLACEMENT_3D('',#6096,#6097,#6098);
#4882=CARTESIAN_POINT('',(11.75,-18.7640675767816,6.27281180763233));
#4883=AXIS2_PLACEMENT_3D('',#6099,#6100,#6101);
#4884=CARTESIAN_POINT('',(11.75,-18.7058110677361,6.25845286777508));
#4885=CARTESIAN_POINT('',(11.75,-4.43409522518157,2.74079084510261));
#4886=VECTOR('',#6102,1.0);
#4887=CARTESIAN_POINT('',(11.75,-19.4716211934563,3.15143905201171));
#4888=AXIS2_PLACEMENT_3D('',#6103,#6104,#6105);
#4889=CARTESIAN_POINT('',(11.75,-5.19990535090175,-0.366222970660754));
#4890=VECTOR('',#6106,1.0);
#4891=CARTESIAN_POINT('',(11.75,-19.72,-1.6));
#4892=AXIS2_PLACEMENT_3D('',#6107,#6108,#6109);
#4893=CARTESIAN_POINT('',(11.75,-20.0425694969331,1.76346476023987));
#4894=AXIS2_PLACEMENT_3D('',#6110,#6111,#6112);
#4895=CARTESIAN_POINT('',(11.75,-19.72,1.6));
#4896=AXIS2_PLACEMENT_3D('',#6113,#6114,#6115);
#4897=CARTESIAN_POINT('',(11.75,-19.66,1.6));
#4898=CARTESIAN_POINT('',(11.75,-4.815,1.6));
#4899=VECTOR('',#6116,1.0);
#4900=CARTESIAN_POINT('',(11.75,-19.66,-1.6));
#4901=AXIS2_PLACEMENT_3D('',#6117,#6118,#6119);
#4902=CARTESIAN_POINT('',(11.75,-4.815,-1.6));
#4903=VECTOR('',#6120,1.0);
#4904=CARTESIAN_POINT('',(11.75,-18.7640675767817,-6.27281180763232));
#4905=AXIS2_PLACEMENT_3D('',#6121,#6122,#6123);
#4906=CARTESIAN_POINT('',(11.75,-19.5298777025018,-3.16579799186895));
#4907=AXIS2_PLACEMENT_3D('',#6124,#6125,#6126);
#4908=CARTESIAN_POINT('',(11.75,-19.4716211934563,-3.15143905201169));
#4909=CARTESIAN_POINT('',(11.75,-5.19990535090175,0.366222970660758));
#4910=VECTOR('',#6127,1.0);
#4911=CARTESIAN_POINT('',(11.75,-18.7058110677361,-6.25845286777506));
#4912=AXIS2_PLACEMENT_3D('',#6128,#6129,#6130);
#4913=CARTESIAN_POINT('',(11.75,-4.43409522518157,-2.74079084510261));
#4914=VECTOR('',#6131,1.0);
#4915=AXIS2_PLACEMENT_3D('',#6132,#6133,#6134);
#4916=AXIS2_PLACEMENT_3D('',#6135,#6136,#6137);
#4917=AXIS2_PLACEMENT_3D('',#6138,#6139,#6140);
#4918=AXIS2_PLACEMENT_3D('',#6141,#6142,#6143);
#4919=AXIS2_PLACEMENT_3D('',#6144,#6145,#6146);
#4920=AXIS2_PLACEMENT_3D('',#6147,#6148,#6149);
#4921=AXIS2_PLACEMENT_3D('',#6150,#6151,#6152);
#4922=AXIS2_PLACEMENT_3D('',#6153,#6154,#6155);
#4923=AXIS2_PLACEMENT_3D('',#6156,#6157,#6158);
#4924=AXIS2_PLACEMENT_3D('',#6159,#6160,#6161);
#4925=AXIS2_PLACEMENT_3D('',#6162,#6163,#6164);
#4926=AXIS2_PLACEMENT_3D('',#6165,#6166,#6167);
#4927=AXIS2_PLACEMENT_3D('',#6168,#6169,#6170);
#4928=AXIS2_PLACEMENT_3D('',#6171,#6172,#6173);
#4929=AXIS2_PLACEMENT_3D('',#6174,#6175,#6176);
#4930=CARTESIAN_POINT('',(11.75,-16.7176357506113,-10.5810705937483));
#4931=AXIS2_PLACEMENT_3D('',#6177,#6178,#6179);
#4932=CARTESIAN_POINT('',(11.75,-18.2047499011513,-7.74761131165798));
#4933=AXIS2_PLACEMENT_3D('',#6180,#6181,#6182);
#4934=CARTESIAN_POINT('',(11.75,-18.1516225396121,-7.71972792133535));
#4935=CARTESIAN_POINT('',(11.75,-5.51718880979702,-1.08866556500322));
#4936=VECTOR('',#6183,1.0);
#4937=CARTESIAN_POINT('',(11.75,-16.6645083890721,-10.5531872034256));
#4938=AXIS2_PLACEMENT_3D('',#6184,#6185,#6186);
#4939=CARTESIAN_POINT('',(11.75,-4.03007465925697,-3.92212484709349));
#4940=VECTOR('',#6187,1.0);
#4941=CARTESIAN_POINT('',(2.75,-16.6645083890721,-10.5531872034256));
#4942=CARTESIAN_POINT('',(-1.0,-16.6645083890721,-10.5531872034256));
#4943=VECTOR('',#6188,1.0);
#4944=CARTESIAN_POINT('',(2.75,-16.7176357506113,-10.5810705937483));
#4945=CARTESIAN_POINT('',(2.75,-4.03007465925697,-3.92212484709349));
#4946=VECTOR('',#6189,1.0);
#4947=CARTESIAN_POINT('',(-1.0,-16.7176357506113,-10.5810705937483));
#4948=VECTOR('',#6190,1.0);
#4949=CARTESIAN_POINT('',(2.75,-18.1516225396121,-7.71972792133535));
#4950=CARTESIAN_POINT('',(-1.0,-18.1516225396121,-7.71972792133535));
#4951=VECTOR('',#6191,1.0);
#4952=AXIS2_PLACEMENT_3D('',#6192,#6193,#6194);
#4953=CARTESIAN_POINT('',(2.75,-18.2047499011513,-7.74761131165798));
#4954=CARTESIAN_POINT('',(-1.0,-18.2047499011513,-7.74761131165798));
#4955=VECTOR('',#6195,1.0);
#4956=CARTESIAN_POINT('',(2.75,-5.51718880979702,-1.08866556500322));
#4957=VECTOR('',#6196,1.0);
#4958=CARTESIAN_POINT('',(2.75,-18.5663368677987,-7.75277597454093));
#4959=CARTESIAN_POINT('',(-0.999999999999998,-18.5663368677987,-7.75277597454086));
#4960=VECTOR('',#6197,1.0);
#4961=AXIS2_PLACEMENT_3D('',#6198,#6199,#6200);
#4962=CARTESIAN_POINT('',(2.75,-19.0381441126956,-6.50872251246224));
#4963=CARTESIAN_POINT('',(-0.999999999999998,-19.0381441126956,-6.50872251246224));
#4964=VECTOR('',#6201,1.0);
#4965=AXIS2_PLACEMENT_3D('',#6202,#6203,#6204);
#4966=CARTESIAN_POINT('',(2.75,-18.7640675767817,-6.27281180763232));
#4967=CARTESIAN_POINT('',(-1.0,-18.7640675767817,-6.27281180763232));
#4968=VECTOR('',#6205,1.0);
#4969=AXIS2_PLACEMENT_3D('',#6206,#6207,#6208);
#4970=CARTESIAN_POINT('',(2.75,-18.7058110677361,-6.25845286777506));
#4971=CARTESIAN_POINT('',(-1.0,-18.7058110677361,-6.25845286777506));
#4972=VECTOR('',#6209,1.0);
#4973=CARTESIAN_POINT('',(2.75,-4.43409522518157,-2.74079084510261));
#4974=VECTOR('',#6210,1.0);
#4975=CARTESIAN_POINT('',(2.75,-19.4716211934563,-3.15143905201169));
#4976=CARTESIAN_POINT('',(-1.0,-19.4716211934563,-3.1514390520117));
#4977=VECTOR('',#6211,1.0);
#4978=AXIS2_PLACEMENT_3D('',#6212,#6213,#6214);
#4979=CARTESIAN_POINT('',(2.75,-19.5298777025018,-3.16579799186895));
#4980=CARTESIAN_POINT('',(-1.0,-19.5298777025018,-3.16579799186895));
#4981=VECTOR('',#6215,1.0);
#4982=CARTESIAN_POINT('',(2.75,-5.19990535090175,0.366222970660757));
#4983=VECTOR('',#6216,1.0);
#4984=CARTESIAN_POINT('',(2.75,-19.8821935937847,-3.08427915391398));
#4985=CARTESIAN_POINT('',(-1.0,-19.8821935937847,-3.08427915391391));
#4986=VECTOR('',#6217,1.0);
#4987=AXIS2_PLACEMENT_3D('',#6218,#6219,#6220);
#4988=CARTESIAN_POINT('',(2.75,-20.0425694969331,-1.76346476023994));
#4989=CARTESIAN_POINT('',(-1.0,-20.0425694969331,-1.76346476023994));
#4990=VECTOR('',#6221,1.0);
#4991=AXIS2_PLACEMENT_3D('',#6222,#6223,#6224);
#4992=CARTESIAN_POINT('',(2.75,-19.72,-1.6));
#4993=CARTESIAN_POINT('',(-1.0,-19.72,-1.6));
#4994=VECTOR('',#6225,1.0);
#4995=AXIS2_PLACEMENT_3D('',#6226,#6227,#6228);
#4996=CARTESIAN_POINT('',(2.75,-19.66,-1.6));
#4997=CARTESIAN_POINT('',(-1.0,-19.66,-1.6));
#4998=VECTOR('',#6229,1.0);
#4999=CARTESIAN_POINT('',(2.75,-4.815,-1.6));
#5000=VECTOR('',#6230,1.0);
#5001=CARTESIAN_POINT('',(2.75,-19.66,1.6));
#5002=CARTESIAN_POINT('',(-1.0,-19.66,1.6));
#5003=VECTOR('',#6231,1.0);
#5004=AXIS2_PLACEMENT_3D('',#6232,#6233,#6234);
#5005=CARTESIAN_POINT('',(2.75,-19.72,1.6));
#5006=CARTESIAN_POINT('',(-1.0,-19.72,1.6));
#5007=VECTOR('',#6235,1.0);
#5008=CARTESIAN_POINT('',(2.75,-4.815,1.6));
#5009=VECTOR('',#6236,1.0);
#5010=CARTESIAN_POINT('',(-1.0,-20.0425694969331,1.76346476023995));
#5011=VECTOR('',#6237,1.0);
#5012=AXIS2_PLACEMENT_3D('',#6238,#6239,#6240);
#5013=CARTESIAN_POINT('',(-0.999999999999998,-19.8821935937847,3.08427915391392));
#5014=VECTOR('',#6241,1.0);
#5015=CARTESIAN_POINT('',(2.75,-19.5298777025018,3.16579799186896));
#5016=CARTESIAN_POINT('',(-1.0,-19.5298777025018,3.16579799186896));
#5017=VECTOR('',#6242,1.0);
#5018=AXIS2_PLACEMENT_3D('',#6243,#6244,#6245);
#5019=CARTESIAN_POINT('',(2.75,-19.4716211934563,3.15143905201171));
#5020=CARTESIAN_POINT('',(-1.0,-19.4716211934563,3.15143905201171));
#5021=VECTOR('',#6246,1.0);
#5022=CARTESIAN_POINT('',(2.75,-5.19990535090175,-0.366222970660754));
#5023=VECTOR('',#6247,1.0);
#5024=CARTESIAN_POINT('',(2.75,-18.7058110677361,6.25845286777507));
#5025=CARTESIAN_POINT('',(-1.0,-18.7058110677361,6.25845286777507));
#5026=VECTOR('',#6248,1.0);
#5027=AXIS2_PLACEMENT_3D('',#6249,#6250,#6251);
#5028=CARTESIAN_POINT('',(2.75,-18.7640675767816,6.27281180763233));
#5029=CARTESIAN_POINT('',(-1.0,-18.7640675767816,6.27281180763233));
#5030=VECTOR('',#6252,1.0);
#5031=CARTESIAN_POINT('',(2.75,-4.43409522518157,2.74079084510261));
#5032=VECTOR('',#6253,1.0);
#5033=CARTESIAN_POINT('',(-0.999999999999998,-19.0381441126956,6.50872251246226));
#5034=VECTOR('',#6254,1.0);
#5035=AXIS2_PLACEMENT_3D('',#6255,#6256,#6257);
#5036=CARTESIAN_POINT('',(-1.0,-18.5663368677987,7.75277597454087));
#5037=VECTOR('',#6258,1.0);
#5038=CARTESIAN_POINT('',(2.75,-18.2047499011513,7.74761131165798));
#5039=CARTESIAN_POINT('',(-1.0,-18.2047499011513,7.74761131165798));
#5040=VECTOR('',#6259,1.0);
#5041=AXIS2_PLACEMENT_3D('',#6260,#6261,#6262);
#5042=CARTESIAN_POINT('',(2.75,-18.1516225396121,7.71972792133536));
#5043=CARTESIAN_POINT('',(-1.0,-18.1516225396121,7.71972792133536));
#5044=VECTOR('',#6263,1.0);
#5045=CARTESIAN_POINT('',(2.75,-5.51718880979703,1.08866556500322));
#5046=VECTOR('',#6264,1.0);
#5047=CARTESIAN_POINT('',(2.75,-16.6645083890721,10.5531872034256));
#5048=CARTESIAN_POINT('',(-1.0,-16.6645083890721,10.5531872034256));
#5049=VECTOR('',#6265,1.0);
#5050=AXIS2_PLACEMENT_3D('',#6266,#6267,#6268);
#5051=CARTESIAN_POINT('',(2.75,-16.7176357506113,10.5810705937483));
#5052=CARTESIAN_POINT('',(-1.0,-16.7176357506113,10.5810705937483));
#5053=VECTOR('',#6269,1.0);
#5054=CARTESIAN_POINT('',(2.75,-4.03007465925697,3.92212484709349));
#5055=VECTOR('',#6270,1.0);
#5056=CARTESIAN_POINT('',(-0.999999999999998,-16.9272909934665,10.875716970504));
#5057=VECTOR('',#6271,1.0);
#5058=AXIS2_PLACEMENT_3D('',#6272,#6273,#6274);
#5059=CARTESIAN_POINT('',(-1.0,-16.1714721289449,11.9707096357216));
#5060=VECTOR('',#6275,1.0);
#5061=CARTESIAN_POINT('',(2.75,-15.8216282071194,11.8791616234347));
#5062=CARTESIAN_POINT('',(-1.0,-15.8216282071194,11.8791616234347));
#5063=VECTOR('',#6276,1.0);
#5064=AXIS2_PLACEMENT_3D('',#6277,#6278,#6279);
#5065=CARTESIAN_POINT('',(2.75,-15.7767175622291,11.8393742639403));
#5066=CARTESIAN_POINT('',(-1.0,-15.7767175622291,11.8393742639403));
#5067=VECTOR('',#6280,1.0);
#5068=CARTESIAN_POINT('',(2.75,-5.61193481808763,2.83416255495026));
#5069=VECTOR('',#6281,1.0);
#5070=CARTESIAN_POINT('',(2.75,-13.6547250558586,14.2346086580878));
#5071=CARTESIAN_POINT('',(-1.0,-13.6547250558586,14.2346086580878));
#5072=VECTOR('',#6282,1.0);
#5073=AXIS2_PLACEMENT_3D('',#6283,#6284,#6285);
#5074=CARTESIAN_POINT('',(2.75,-13.6996357007488,14.2743960175822));
#5075=CARTESIAN_POINT('',(-1.0,-13.6996357007488,14.2743960175822));
#5076=VECTOR('',#6286,1.0);
#5077=CARTESIAN_POINT('',(2.75,-3.48994231171708,5.22939694909779));
#5078=VECTOR('',#6287,1.0);
#5079=CARTESIAN_POINT('',(-1.0,-13.8326852498964,14.6106542898427));
#5080=VECTOR('',#6288,1.0);
#5081=AXIS2_PLACEMENT_3D('',#6289,#6290,#6291);
#5082=CARTESIAN_POINT('',(-1.0,-12.8367802108664,15.4929491646332));
#5083=VECTOR('',#6292,1.0);
#5084=CARTESIAN_POINT('',(2.75,-12.5190109909682,15.3203382406531));
#5085=CARTESIAN_POINT('',(-1.0,-12.5190109909682,15.3203382406531));
#5086=VECTOR('',#6293,1.0);
#5087=AXIS2_PLACEMENT_3D('',#6294,#6295,#6296);
#5088=CARTESIAN_POINT('',(2.75,-12.4849271061644,15.2709592086994));
#5089=CARTESIAN_POINT('',(-1.0,-12.4849271061644,15.2709592086994));
#5090=VECTOR('',#6297,1.0);
#5091=CARTESIAN_POINT('',(2.75,-5.28620290791005,4.84180671459938));
#5092=VECTOR('',#6298,1.0);
#5093=CARTESIAN_POINT('',(2.75,-9.85137873530467,17.0887663982391));
#5094=CARTESIAN_POINT('',(-1.0,-9.85137873530467,17.0887663982391));
#5095=VECTOR('',#6299,1.0);
#5096=AXIS2_PLACEMENT_3D('',#6300,#6301,#6302);
#5097=CARTESIAN_POINT('',(2.75,-9.88546262010854,17.1381454301928));
#5098=CARTESIAN_POINT('',(-1.0,-9.88546262010854,17.1381454301928));
#5099=VECTOR('',#6303,1.0);
#5100=CARTESIAN_POINT('',(2.75,-2.65265453705035,6.65961390413908));
#5101=VECTOR('',#6304,1.0);
#5102=CARTESIAN_POINT('',(-1.0,-9.93417411936737,17.4964734894233));
#5103=VECTOR('',#6305,1.0);
#5104=AXIS2_PLACEMENT_3D('',#6306,#6307,#6308);
#5105=CARTESIAN_POINT('',(-1.0,-8.75606128672981,18.1147948026753));
#5106=VECTOR('',#6309,1.0);
#5107=CARTESIAN_POINT('',(2.75,-8.48883436077546,17.8711524864883));
#5108=CARTESIAN_POINT('',(-1.0,-8.48883436077546,17.8711524864883));
#5109=VECTOR('',#6310,1.0);
#5110=AXIS2_PLACEMENT_3D('',#6311,#6312,#6313);
#5111=CARTESIAN_POINT('',(2.75,-8.46755806755291,17.8150515119272));
#5112=CARTESIAN_POINT('',(-1.0,-8.46755806755291,17.8150515119272));
#5113=VECTOR('',#6314,1.0);
#5114=CARTESIAN_POINT('',(2.75,-4.35461563288075,6.97011360449425));
#5115=VECTOR('',#6315,1.0);
#5116=CARTESIAN_POINT('',(2.75,-5.47550609095958,18.9497871504633));
#5117=CARTESIAN_POINT('',(-1.0,-5.47550609095958,18.9497871504633));
#5118=VECTOR('',#6316,1.0);
#5119=AXIS2_PLACEMENT_3D('',#6317,#6318,#6319);
#5120=CARTESIAN_POINT('',(2.75,-5.49678238418214,19.0058881250244));
#5121=CARTESIAN_POINT('',(-1.0,-5.49678238418214,19.0058881250244));
#5122=VECTOR('',#6320,1.0);
#5123=CARTESIAN_POINT('',(2.75,-1.36256365628742,8.10484924303037));
#5124=VECTOR('',#6321,1.0);
#5125=CARTESIAN_POINT('',(-1.0,-5.45832489827443,19.365461246892));
#5126=VECTOR('',#6322,1.0);
#5127=AXIS2_PLACEMENT_3D('',#6323,#6324,#6325);
#5128=CARTESIAN_POINT('',(-1.0,-4.1664719075963,19.6838744113859));
#5129=VECTOR('',#6326,1.0);
#5130=CARTESIAN_POINT('',(2.75,-3.96531753319185,19.3833603088051));
#5131=CARTESIAN_POINT('',(-1.0,-3.96531753319185,19.3833603088051));
#5132=VECTOR('',#6327,1.0);
#5133=AXIS2_PLACEMENT_3D('',#6328,#6329,#6330);
#5134=CARTESIAN_POINT('',(2.75,-3.95808533237653,19.3237977763592));
#5135=CARTESIAN_POINT('',(-1.0,-3.95808533237653,19.3237977763592));
#5136=VECTOR('',#6331,1.0);
#5137=CARTESIAN_POINT('',(2.75,-2.70193648649706,8.97848128140362));
#5138=VECTOR('',#6332,1.0);
#5139=CARTESIAN_POINT('',(2.75,-0.781416935262762,19.7095151531763));
#5140=CARTESIAN_POINT('',(-1.0,-0.781416935262762,19.7095151531763));
#5141=VECTOR('',#6333,1.0);
#5142=AXIS2_PLACEMENT_3D('',#6334,#6335,#6336);
#5143=CARTESIAN_POINT('',(2.75,-0.788649136078081,19.7690776856221));
#5144=CARTESIAN_POINT('',(-1.0,-0.788649136078081,19.7690776856221));
#5145=VECTOR('',#6337,1.0);
#5146=CARTESIAN_POINT('',(2.75,0.474731910616711,9.36419865822065));
#5147=VECTOR('',#6338,1.0);
#5148=CARTESIAN_POINT('',(-1.0,-0.665257674297521,20.108998787279));
#5149=VECTOR('',#6339,1.0);
#5150=AXIS2_PLACEMENT_3D('',#6340,#6341,#6342);
#5151=CARTESIAN_POINT('',(2.75,0.788649136078088,19.7690776856221));
#5152=CARTESIAN_POINT('',(-1.0,0.788649136078088,19.7690776856221));
#5153=VECTOR('',#6343,1.0);
#5154=AXIS2_PLACEMENT_3D('',#6344,#6345,#6346);
#5155=CARTESIAN_POINT('',(2.75,0.781416935262768,19.7095151531763));
#5156=CARTESIAN_POINT('',(-1.0,0.781416935262768,19.7095151531763));
#5157=VECTOR('',#6347,1.0);
#5158=CARTESIAN_POINT('',(2.75,-0.328569252269748,10.5679564495871));
#5159=VECTOR('',#6348,1.0);
#5160=CARTESIAN_POINT('',(2.75,3.95808533237654,19.3237977763592));
#5161=CARTESIAN_POINT('',(-1.0,3.95808533237654,19.3237977763592));
#5162=VECTOR('',#6349,1.0);
#5163=AXIS2_PLACEMENT_3D('',#6350,#6351,#6352);
#5164=CARTESIAN_POINT('',(2.75,3.96531753319186,19.3833603088051));
#5165=CARTESIAN_POINT('',(-1.0,3.96531753319186,19.3833603088051));
#5166=VECTOR('',#6353,1.0);
#5167=CARTESIAN_POINT('',(2.75,2.84809914484402,10.18223907277));
#5168=VECTOR('',#6354,1.0);
#5169=CARTESIAN_POINT('',(-1.0,4.16647190759631,19.6838744113859));
#5170=VECTOR('',#6355,1.0);
#5171=AXIS2_PLACEMENT_3D('',#6356,#6357,#6358);
#5172=CARTESIAN_POINT('',(-1.0,5.45832489827444,19.365461246892));
#5173=VECTOR('',#6359,1.0);
#5174=CARTESIAN_POINT('',(2.75,5.49678238418214,19.0058881250244));
#5175=CARTESIAN_POINT('',(-1.0,5.49678238418214,19.0058881250244));
#5176=VECTOR('',#6360,1.0);
#5177=AXIS2_PLACEMENT_3D('',#6361,#6362,#6363);
#5178=CARTESIAN_POINT('',(2.75,5.47550609095959,18.9497871504633));
#5179=CARTESIAN_POINT('',(-1.0,5.47550609095959,18.9497871504633));
#5180=VECTOR('',#6364,1.0);
#5181=CARTESIAN_POINT('',(2.75,2.62755459298678,11.4403562139816));
#5182=VECTOR('',#6365,1.0);
#5183=CARTESIAN_POINT('',(2.75,8.46755806755292,17.8150515119272));
#5184=CARTESIAN_POINT('',(-1.0,8.46755806755292,17.8150515119272));
#5185=VECTOR('',#6366,1.0);
#5186=AXIS2_PLACEMENT_3D('',#6367,#6368,#6369);
#5187=CARTESIAN_POINT('',(2.75,8.48883436077547,17.8711524864883));
#5188=CARTESIAN_POINT('',(-1.0,8.48883436077547,17.8711524864883));
#5189=VECTOR('',#6370,1.0);
#5190=CARTESIAN_POINT('',(2.75,5.61960656958011,10.3056205754455));
#5191=VECTOR('',#6371,1.0);
#5192=CARTESIAN_POINT('',(-1.0,8.75606128672981,18.1147948026753));
#5193=VECTOR('',#6372,1.0);
#5194=AXIS2_PLACEMENT_3D('',#6373,#6374,#6375);
#5195=CARTESIAN_POINT('',(-1.0,9.93417411936738,17.4964734894233));
#5196=VECTOR('',#6376,1.0);
#5197=CARTESIAN_POINT('',(2.75,9.88546262010855,17.1381454301928));
#5198=CARTESIAN_POINT('',(-1.0,9.88546262010855,17.1381454301928));
#5199=VECTOR('',#6377,1.0);
#5200=AXIS2_PLACEMENT_3D('',#6378,#6379,#6380);
#5201=CARTESIAN_POINT('',(2.75,9.85137873530468,17.0887663982391));
#5202=CARTESIAN_POINT('',(-1.0,9.85137873530468,17.0887663982391));
#5203=VECTOR('',#6381,1.0);
#5204=CARTESIAN_POINT('',(2.75,5.8989919552264,11.3627456048467));
#5205=VECTOR('',#6382,1.0);
#5206=CARTESIAN_POINT('',(2.75,12.4849271061644,15.2709592086994));
#5207=CARTESIAN_POINT('',(-1.0,12.4849271061644,15.2709592086994));
#5208=VECTOR('',#6383,1.0);
#5209=AXIS2_PLACEMENT_3D('',#6384,#6385,#6386);
#5210=CARTESIAN_POINT('',(2.75,12.5190109909682,15.3203382406531));
#5211=CARTESIAN_POINT('',(-1.0,12.5190109909682,15.3203382406531));
#5212=VECTOR('',#6387,1.0);
#5213=CARTESIAN_POINT('',(2.75,8.5325403260861,9.54493841530702));
#5214=VECTOR('',#6388,1.0);
#5215=CARTESIAN_POINT('',(-1.0,12.8367802108664,15.4929491646332));
#5216=VECTOR('',#6389,1.0);
#5217=AXIS2_PLACEMENT_3D('',#6390,#6391,#6392);
#5218=CARTESIAN_POINT('',(-1.0,13.8326852498964,14.6106542898427));
#5219=VECTOR('',#6393,1.0);
#5220=CARTESIAN_POINT('',(2.75,13.6996357007488,14.2743960175822));
#5221=CARTESIAN_POINT('',(-1.0,13.6996357007488,14.2743960175822));
#5222=VECTOR('',#6394,1.0);
#5223=AXIS2_PLACEMENT_3D('',#6395,#6396,#6397);
#5224=CARTESIAN_POINT('',(2.75,13.6547250558586,14.2346086580878));
#5225=CARTESIAN_POINT('',(-1.0,13.6547250558586,14.2346086580878));
#5226=VECTOR('',#6398,1.0);
#5227=CARTESIAN_POINT('',(2.75,9.12624181340136,10.222722585811));
#5228=VECTOR('',#6399,1.0);
#5229=CARTESIAN_POINT('',(2.75,15.7767175622291,11.8393742639403));
#5230=CARTESIAN_POINT('',(-1.0,15.7767175622291,11.8393742639403));
#5231=VECTOR('',#6400,1.0);
#5232=AXIS2_PLACEMENT_3D('',#6401,#6402,#6403);
#5233=CARTESIAN_POINT('',(2.75,15.8216282071194,11.8791616234347));
#5234=CARTESIAN_POINT('',(-1.0,15.8216282071194,11.8791616234347));
#5235=VECTOR('',#6404,1.0);
#5236=CARTESIAN_POINT('',(2.75,11.2482343197719,7.82748819166347));
#5237=VECTOR('',#6405,1.0);
#5238=CARTESIAN_POINT('',(-0.999999999999998,16.1714721289449,11.9707096357216));
#5239=VECTOR('',#6406,1.0);
#5240=AXIS2_PLACEMENT_3D('',#6407,#6408,#6409);
#5241=CARTESIAN_POINT('',(-0.999999999999998,16.9272909934665,10.875716970504));
#5242=VECTOR('',#6410,1.0);
#5243=CARTESIAN_POINT('',(2.75,16.7176357506113,10.5810705937483));
#5244=CARTESIAN_POINT('',(-1.0,16.7176357506113,10.5810705937483));
#5245=VECTOR('',#6411,1.0);
#5246=AXIS2_PLACEMENT_3D('',#6412,#6413,#6414);
#5247=AXIS2_PLACEMENT_3D('',#6415,#6416,#6417);
#5248=CARTESIAN_POINT('',(2.75,16.6645083890721,10.5531872034256));
#5249=CARTESIAN_POINT('',(2.75,11.9174403353147,8.06173369253858));
#5250=VECTOR('',#6418,1.0);
#5251=CARTESIAN_POINT('',(2.75,18.1516225396121,7.71972792133535));
#5252=AXIS2_PLACEMENT_3D('',#6419,#6420,#6421);
#5253=CARTESIAN_POINT('',(2.75,18.2047499011513,7.74761131165798));
#5254=CARTESIAN_POINT('',(2.75,13.4045544858547,5.22827441044831));
#5255=VECTOR('',#6422,1.0);
#5256=AXIS2_PLACEMENT_3D('',#6423,#6424,#6425);
#5257=CARTESIAN_POINT('',(2.75,19.5298777025018,3.16579799186896));
#5258=AXIS2_PLACEMENT_3D('',#6426,#6427,#6428);
#5259=CARTESIAN_POINT('',(2.75,18.7640675767817,6.27281180763232));
#5260=AXIS2_PLACEMENT_3D('',#6429,#6430,#6431);
#5261=CARTESIAN_POINT('',(2.75,18.7058110677361,6.25845286777507));
#5262=CARTESIAN_POINT('',(2.75,13.9179390342172,5.07834840048277));
#5263=VECTOR('',#6432,1.0);
#5264=CARTESIAN_POINT('',(2.75,19.4716211934563,3.1514390520117));
#5265=AXIS2_PLACEMENT_3D('',#6433,#6434,#6435);
#5266=CARTESIAN_POINT('',(2.75,14.6837491599374,1.9713345847194));
#5267=VECTOR('',#6436,1.0);
#5268=CARTESIAN_POINT('',(2.75,20.0425694969331,-1.76346476023987));
#5269=CARTESIAN_POINT('',(2.75,19.72,-1.6));
#5270=AXIS2_PLACEMENT_3D('',#6437,#6438,#6439);
#5271=AXIS2_PLACEMENT_3D('',#6440,#6441,#6442);
#5272=CARTESIAN_POINT('',(2.75,19.72,1.6));
#5273=AXIS2_PLACEMENT_3D('',#6443,#6444,#6445);
#5274=CARTESIAN_POINT('',(2.75,19.66,1.6));
#5275=CARTESIAN_POINT('',(2.75,14.875,1.6));
#5276=VECTOR('',#6446,1.0);
#5277=CARTESIAN_POINT('',(2.75,19.66,-1.6));
#5278=AXIS2_PLACEMENT_3D('',#6447,#6448,#6449);
#5279=CARTESIAN_POINT('',(2.75,14.875,-1.6));
#5280=VECTOR('',#6450,1.0);
#5281=CARTESIAN_POINT('',(2.75,19.0381441126956,-6.5087225124622));
#5282=CARTESIAN_POINT('',(2.75,18.7640675767816,-6.27281180763234));
#5283=AXIS2_PLACEMENT_3D('',#6451,#6452,#6453);
#5284=CARTESIAN_POINT('',(2.75,19.8821935937847,-3.084279153914));
#5285=AXIS2_PLACEMENT_3D('',#6454,#6455,#6456);
#5286=CARTESIAN_POINT('',(2.75,19.5298777025018,-3.16579799186897));
#5287=AXIS2_PLACEMENT_3D('',#6457,#6458,#6459);
#5288=CARTESIAN_POINT('',(2.75,19.4716211934563,-3.15143905201172));
#5289=CARTESIAN_POINT('',(2.75,14.6837491599374,-1.97133458471941));
#5290=VECTOR('',#6460,1.0);
#5291=CARTESIAN_POINT('',(2.75,18.7058110677361,-6.25845286777509));
#5292=AXIS2_PLACEMENT_3D('',#6461,#6462,#6463);
#5293=CARTESIAN_POINT('',(2.75,13.9179390342172,-5.07834840048278));
#5294=VECTOR('',#6464,1.0);
#5295=CARTESIAN_POINT('',(2.75,16.9272909934665,-10.8757169705039));
#5296=CARTESIAN_POINT('',(2.75,16.7176357506113,-10.5810705937483));
#5297=AXIS2_PLACEMENT_3D('',#6465,#6466,#6467);
#5298=CARTESIAN_POINT('',(2.75,18.5663368677987,-7.75277597454088));
#5299=AXIS2_PLACEMENT_3D('',#6468,#6469,#6470);
#5300=CARTESIAN_POINT('',(2.75,18.2047499011513,-7.74761131165799));
#5301=AXIS2_PLACEMENT_3D('',#6471,#6472,#6473);
#5302=CARTESIAN_POINT('',(2.75,18.1516225396121,-7.71972792133537));
#5303=CARTESIAN_POINT('',(2.75,13.4045544858547,-5.22827441044832));
#5304=VECTOR('',#6474,1.0);
#5305=CARTESIAN_POINT('',(2.75,16.6645083890721,-10.5531872034256));
#5306=AXIS2_PLACEMENT_3D('',#6475,#6476,#6477);
#5307=CARTESIAN_POINT('',(2.75,11.9174403353147,-8.06173369253859));
#5308=VECTOR('',#6478,1.0);
#5309=CARTESIAN_POINT('',(2.75,13.8326852498964,-14.6106542898427));
#5310=CARTESIAN_POINT('',(2.75,13.6996357007488,-14.2743960175822));
#5311=AXIS2_PLACEMENT_3D('',#6479,#6480,#6481);
#5312=CARTESIAN_POINT('',(2.75,16.1714721289449,-11.9707096357216));
#5313=AXIS2_PLACEMENT_3D('',#6482,#6483,#6484);
#5314=CARTESIAN_POINT('',(2.75,15.8216282071194,-11.8791616234347));
#5315=AXIS2_PLACEMENT_3D('',#6485,#6486,#6487);
#5316=CARTESIAN_POINT('',(2.75,15.7767175622291,-11.8393742639403));
#5317=CARTESIAN_POINT('',(2.75,11.2482343197719,-7.82748819166348));
#5318=VECTOR('',#6488,1.0);
#5319=CARTESIAN_POINT('',(2.75,13.6547250558586,-14.2346086580878));
#5320=AXIS2_PLACEMENT_3D('',#6489,#6490,#6491);
#5321=CARTESIAN_POINT('',(2.75,9.12624181340135,-10.222722585811));
#5322=VECTOR('',#6492,1.0);
#5323=CARTESIAN_POINT('',(2.75,9.93417411936743,-17.4964734894232));
#5324=CARTESIAN_POINT('',(2.75,9.88546262010854,-17.1381454301928));
#5325=AXIS2_PLACEMENT_3D('',#6493,#6494,#6495);
#5326=CARTESIAN_POINT('',(2.75,12.8367802108664,-15.4929491646332));
#5327=AXIS2_PLACEMENT_3D('',#6496,#6497,#6498);
#5328=CARTESIAN_POINT('',(2.75,12.5190109909682,-15.3203382406531));
#5329=AXIS2_PLACEMENT_3D('',#6499,#6500,#6501);
#5330=CARTESIAN_POINT('',(2.75,12.4849271061644,-15.2709592086994));
#5331=CARTESIAN_POINT('',(2.75,8.5325403260861,-9.54493841530702));
#5332=VECTOR('',#6502,1.0);
#5333=CARTESIAN_POINT('',(2.75,9.85137873530467,-17.0887663982391));
#5334=AXIS2_PLACEMENT_3D('',#6503,#6504,#6505);
#5335=CARTESIAN_POINT('',(2.75,5.8989919552264,-11.3627456048467));
#5336=VECTOR('',#6506,1.0);
#5337=CARTESIAN_POINT('',(2.75,5.45832489827451,-19.365461246892));
#5338=CARTESIAN_POINT('',(2.75,5.49678238418214,-19.0058881250244));
#5339=AXIS2_PLACEMENT_3D('',#6507,#6508,#6509);
#5340=CARTESIAN_POINT('',(2.75,8.75606128672981,-18.1147948026753));
#5341=AXIS2_PLACEMENT_3D('',#6510,#6511,#6512);
#5342=CARTESIAN_POINT('',(2.75,8.48883436077547,-17.8711524864883));
#5343=AXIS2_PLACEMENT_3D('',#6513,#6514,#6515);
#5344=CARTESIAN_POINT('',(2.75,8.46755806755291,-17.8150515119272));
#5345=CARTESIAN_POINT('',(2.75,5.61960656958011,-10.3056205754455));
#5346=VECTOR('',#6516,1.0);
#5347=CARTESIAN_POINT('',(2.75,5.47550609095959,-18.9497871504633));
#5348=AXIS2_PLACEMENT_3D('',#6517,#6518,#6519);
#5349=CARTESIAN_POINT('',(2.75,2.62755459298678,-11.4403562139816));
#5350=VECTOR('',#6520,1.0);
#5351=CARTESIAN_POINT('',(2.75,0.78864913607807,-19.7690776856221));
#5352=AXIS2_PLACEMENT_3D('',#6521,#6522,#6523);
#5353=CARTESIAN_POINT('',(2.75,4.16647190759628,-19.6838744113859));
#5354=AXIS2_PLACEMENT_3D('',#6524,#6525,#6526);
#5355=CARTESIAN_POINT('',(2.75,3.96531753319184,-19.3833603088051));
#5356=AXIS2_PLACEMENT_3D('',#6527,#6528,#6529);
#5357=CARTESIAN_POINT('',(2.75,3.95808533237652,-19.3237977763592));
#5358=CARTESIAN_POINT('',(2.75,2.84809914484401,-10.18223907277));
#5359=VECTOR('',#6530,1.0);
#5360=CARTESIAN_POINT('',(2.75,0.78141693526275,-19.7095151531763));
#5361=AXIS2_PLACEMENT_3D('',#6531,#6532,#6533);
#5362=CARTESIAN_POINT('',(2.75,-0.328569252269761,-10.5679564495871));
#5363=VECTOR('',#6534,1.0);
#5364=CARTESIAN_POINT('',(2.75,-4.16647190759624,-19.6838744113859));
#5365=CARTESIAN_POINT('',(2.75,-3.96531753319187,-19.3833603088051));
#5366=AXIS2_PLACEMENT_3D('',#6535,#6536,#6537);
#5367=CARTESIAN_POINT('',(2.75,-0.665257674297535,-20.108998787279));
#5368=AXIS2_PLACEMENT_3D('',#6538,#6539,#6540);
#5369=CARTESIAN_POINT('',(2.75,-0.788649136078095,-19.7690776856221));
#5370=AXIS2_PLACEMENT_3D('',#6541,#6542,#6543);
#5371=CARTESIAN_POINT('',(2.75,-0.781416935262775,-19.7095151531763));
#5372=CARTESIAN_POINT('',(2.75,0.474731910616704,-9.36419865822065));
#5373=VECTOR('',#6544,1.0);
#5374=CARTESIAN_POINT('',(2.75,-3.95808533237655,-19.3237977763592));
#5375=AXIS2_PLACEMENT_3D('',#6545,#6546,#6547);
#5376=CARTESIAN_POINT('',(2.75,-2.70193648649707,-8.97848128140361));
#5377=VECTOR('',#6548,1.0);
#5378=CARTESIAN_POINT('',(2.75,-8.75606128672975,-18.1147948026753));
#5379=CARTESIAN_POINT('',(2.75,-8.48883436077547,-17.8711524864883));
#5380=AXIS2_PLACEMENT_3D('',#6549,#6550,#6551);
#5381=CARTESIAN_POINT('',(2.75,-5.45832489827444,-19.365461246892));
#5382=AXIS2_PLACEMENT_3D('',#6552,#6553,#6554);
#5383=CARTESIAN_POINT('',(2.75,-5.49678238418215,-19.0058881250244));
#5384=AXIS2_PLACEMENT_3D('',#6555,#6556,#6557);
#5385=CARTESIAN_POINT('',(2.75,-5.47550609095959,-18.9497871504633));
#5386=CARTESIAN_POINT('',(2.75,-1.36256365628742,-8.10484924303037));
#5387=VECTOR('',#6558,1.0);
#5388=CARTESIAN_POINT('',(2.75,-8.46755806755292,-17.8150515119272));
#5389=AXIS2_PLACEMENT_3D('',#6559,#6560,#6561);
#5390=CARTESIAN_POINT('',(2.75,-4.35461563288075,-6.97011360449425));
#5391=VECTOR('',#6562,1.0);
#5392=CARTESIAN_POINT('',(2.75,-12.8367802108663,-15.4929491646333));
#5393=CARTESIAN_POINT('',(2.75,-12.5190109909682,-15.3203382406531));
#5394=AXIS2_PLACEMENT_3D('',#6563,#6564,#6565);
#5395=CARTESIAN_POINT('',(2.75,-9.93417411936738,-17.4964734894233));
#5396=AXIS2_PLACEMENT_3D('',#6566,#6567,#6568);
#5397=CARTESIAN_POINT('',(2.75,-9.88546262010855,-17.1381454301928));
#5398=AXIS2_PLACEMENT_3D('',#6569,#6570,#6571);
#5399=CARTESIAN_POINT('',(2.75,-9.85137873530468,-17.0887663982391));
#5400=CARTESIAN_POINT('',(2.75,-2.65265453705036,-6.65961390413908));
#5401=VECTOR('',#6572,1.0);
#5402=CARTESIAN_POINT('',(2.75,-12.4849271061644,-15.2709592086994));
#5403=AXIS2_PLACEMENT_3D('',#6573,#6574,#6575);
#5404=CARTESIAN_POINT('',(2.75,-5.28620290791006,-4.84180671459938));
#5405=VECTOR('',#6576,1.0);
#5406=CARTESIAN_POINT('',(2.75,-16.1714721289449,-11.9707096357216));
#5407=CARTESIAN_POINT('',(2.75,-15.8216282071194,-11.8791616234347));
#5408=AXIS2_PLACEMENT_3D('',#6577,#6578,#6579);
#5409=CARTESIAN_POINT('',(2.75,-13.8326852498964,-14.6106542898427));
#5410=AXIS2_PLACEMENT_3D('',#6580,#6581,#6582);
#5411=CARTESIAN_POINT('',(2.75,-13.6996357007488,-14.2743960175822));
#5412=AXIS2_PLACEMENT_3D('',#6583,#6584,#6585);
#5413=CARTESIAN_POINT('',(2.75,-13.6547250558586,-14.2346086580878));
#5414=CARTESIAN_POINT('',(2.75,-3.48994231171708,-5.22939694909778));
#5415=VECTOR('',#6586,1.0);
#5416=CARTESIAN_POINT('',(2.75,-15.7767175622291,-11.8393742639403));
#5417=AXIS2_PLACEMENT_3D('',#6587,#6588,#6589);
#5418=CARTESIAN_POINT('',(2.75,-5.61193481808763,-2.83416255495026));
#5419=VECTOR('',#6590,1.0);
#5420=CARTESIAN_POINT('',(2.75,-16.9272909934665,-10.875716970504));
#5421=AXIS2_PLACEMENT_3D('',#6591,#6592,#6593);
#5422=AXIS2_PLACEMENT_3D('',#6594,#6595,#6596);
#5423=AXIS2_PLACEMENT_3D('',#6597,#6598,#6599);
#5424=AXIS2_PLACEMENT_3D('',#6600,#6601,#6602);
#5425=AXIS2_PLACEMENT_3D('',#6603,#6604,#6605);
#5426=AXIS2_PLACEMENT_3D('',#6606,#6607,#6608);
#5427=AXIS2_PLACEMENT_3D('',#6609,#6610,#6611);
#5428=AXIS2_PLACEMENT_3D('',#6612,#6613,#6614);
#5429=AXIS2_PLACEMENT_3D('',#6615,#6616,#6617);
#5430=AXIS2_PLACEMENT_3D('',#6618,#6619,#6620);
#5431=AXIS2_PLACEMENT_3D('',#6621,#6622,#6623);
#5432=AXIS2_PLACEMENT_3D('',#6624,#6625,#6626);
#5433=AXIS2_PLACEMENT_3D('',#6627,#6628,#6629);
#5434=AXIS2_PLACEMENT_3D('',#6630,#6631,#6632);
#5435=AXIS2_PLACEMENT_3D('',#6633,#6634,#6635);
#5436=AXIS2_PLACEMENT_3D('',#6636,#6637,#6638);
#5437=CARTESIAN_POINT('',(-0.999999999999998,-16.9272909934665,-10.875716970504));
#5438=VECTOR('',#6639,1.0);
#5439=CARTESIAN_POINT('',(-1.0,-16.1714721289449,-11.9707096357216));
#5440=VECTOR('',#6640,1.0);
#5441=CARTESIAN_POINT('',(-1.0,-15.8216282071194,-11.8791616234347));
#5442=VECTOR('',#6641,1.0);
#5443=CARTESIAN_POINT('',(-1.0,-15.7767175622291,-11.8393742639403));
#5444=VECTOR('',#6642,1.0);
#5445=CARTESIAN_POINT('',(-1.0,-13.6547250558586,-14.2346086580878));
#5446=VECTOR('',#6643,1.0);
#5447=CARTESIAN_POINT('',(-1.0,-13.6996357007488,-14.2743960175822));
#5448=VECTOR('',#6644,1.0);
#5449=CARTESIAN_POINT('',(-0.999999999999998,-13.8326852498964,-14.6106542898427));
#5450=VECTOR('',#6645,1.0);
#5451=CARTESIAN_POINT('',(-0.999999999999998,-12.8367802108664,-15.4929491646332));
#5452=VECTOR('',#6646,1.0);
#5453=CARTESIAN_POINT('',(-0.999999999999998,-12.5190109909682,-15.3203382406531));
#5454=VECTOR('',#6647,1.0);
#5455=CARTESIAN_POINT('',(-0.999999999999998,-12.4849271061644,-15.2709592086994));
#5456=VECTOR('',#6648,1.0);
#5457=CARTESIAN_POINT('',(-0.999999999999998,-9.85137873530468,-17.0887663982391));
#5458=VECTOR('',#6649,1.0);
#5459=CARTESIAN_POINT('',(-0.999999999999998,-9.88546262010855,-17.1381454301928));
#5460=VECTOR('',#6650,1.0);
#5461=CARTESIAN_POINT('',(-0.999999999999998,-9.93417411936738,-17.4964734894233));
#5462=VECTOR('',#6651,1.0);
#5463=CARTESIAN_POINT('',(-0.999999999999998,-8.75606128672981,-18.1147948026753));
#5464=VECTOR('',#6652,1.0);
#5465=CARTESIAN_POINT('',(-0.999999999999998,-8.48883436077547,-17.8711524864883));
#5466=VECTOR('',#6653,1.0);
#5467=CARTESIAN_POINT('',(-0.999999999999998,-8.46755806755292,-17.8150515119272));
#5468=VECTOR('',#6654,1.0);
#5469=CARTESIAN_POINT('',(-0.999999999999998,-5.47550609095959,-18.9497871504633));
#5470=VECTOR('',#6655,1.0);
#5471=CARTESIAN_POINT('',(-0.999999999999998,-5.49678238418215,-19.0058881250244));
#5472=VECTOR('',#6656,1.0);
#5473=CARTESIAN_POINT('',(-0.999999999999998,-5.45832489827444,-19.365461246892));
#5474=VECTOR('',#6657,1.0);
#5475=CARTESIAN_POINT('',(-0.999999999999998,-4.16647190759631,-19.6838744113859));
#5476=VECTOR('',#6658,1.0);
#5477=CARTESIAN_POINT('',(-0.999999999999998,-3.96531753319187,-19.3833603088051));
#5478=VECTOR('',#6659,1.0);
#5479=CARTESIAN_POINT('',(-0.999999999999998,-3.95808533237655,-19.3237977763592));
#5480=VECTOR('',#6660,1.0);
#5481=CARTESIAN_POINT('',(-0.999999999999998,-0.781416935262775,-19.7095151531763));
#5482=VECTOR('',#6661,1.0);
#5483=CARTESIAN_POINT('',(-0.999999999999998,-0.788649136078095,-19.7690776856221));
#5484=VECTOR('',#6662,1.0);
#5485=CARTESIAN_POINT('',(-0.999999999999998,-0.665257674297535,-20.108998787279));
#5486=VECTOR('',#6663,1.0);
#5487=CARTESIAN_POINT('',(-0.999999999999998,0.78864913607807,-19.7690776856221));
#5488=VECTOR('',#6664,1.0);
#5489=CARTESIAN_POINT('',(-0.999999999999998,0.78141693526275,-19.7095151531763));
#5490=VECTOR('',#6665,1.0);
#5491=CARTESIAN_POINT('',(-0.999999999999998,3.95808533237652,-19.3237977763592));
#5492=VECTOR('',#6666,1.0);
#5493=CARTESIAN_POINT('',(-0.999999999999998,3.96531753319184,-19.3833603088051));
#5494=VECTOR('',#6667,1.0);
#5495=CARTESIAN_POINT('',(-0.999999999999998,4.16647190759628,-19.6838744113859));
#5496=VECTOR('',#6668,1.0);
#5497=CARTESIAN_POINT('',(-0.999999999999996,5.45832489827443,-19.365461246892));
#5498=VECTOR('',#6669,1.0);
#5499=CARTESIAN_POINT('',(-0.999999999999998,5.49678238418214,-19.0058881250244));
#5500=VECTOR('',#6670,1.0);
#5501=CARTESIAN_POINT('',(-0.999999999999998,5.47550609095959,-18.9497871504633));
#5502=VECTOR('',#6671,1.0);
#5503=CARTESIAN_POINT('',(-0.999999999999998,8.46755806755291,-17.8150515119272));
#5504=VECTOR('',#6672,1.0);
#5505=CARTESIAN_POINT('',(-0.999999999999998,8.48883436077547,-17.8711524864883));
#5506=VECTOR('',#6673,1.0);
#5507=CARTESIAN_POINT('',(-0.999999999999996,8.75606128672981,-18.1147948026753));
#5508=VECTOR('',#6674,1.0);
#5509=CARTESIAN_POINT('',(-0.999999999999998,9.93417411936737,-17.4964734894233));
#5510=VECTOR('',#6675,1.0);
#5511=CARTESIAN_POINT('',(-0.999999999999998,9.88546262010854,-17.1381454301928));
#5512=VECTOR('',#6676,1.0);
#5513=CARTESIAN_POINT('',(-0.999999999999998,9.85137873530467,-17.0887663982391));
#5514=VECTOR('',#6677,1.0);
#5515=CARTESIAN_POINT('',(-0.999999999999998,12.4849271061644,-15.2709592086994));
#5516=VECTOR('',#6678,1.0);
#5517=CARTESIAN_POINT('',(-0.999999999999998,12.5190109909682,-15.3203382406531));
#5518=VECTOR('',#6679,1.0);
#5519=CARTESIAN_POINT('',(-0.999999999999998,12.8367802108664,-15.4929491646332));
#5520=VECTOR('',#6680,1.0);
#5521=CARTESIAN_POINT('',(-0.999999999999996,13.8326852498964,-14.6106542898427));
#5522=VECTOR('',#6681,1.0);
#5523=CARTESIAN_POINT('',(-1.0,13.6996357007488,-14.2743960175822));
#5524=VECTOR('',#6682,1.0);
#5525=CARTESIAN_POINT('',(-1.0,13.6547250558586,-14.2346086580878));
#5526=VECTOR('',#6683,1.0);
#5527=CARTESIAN_POINT('',(-1.0,15.7767175622291,-11.8393742639403));
#5528=VECTOR('',#6684,1.0);
#5529=CARTESIAN_POINT('',(-1.0,15.8216282071194,-11.8791616234347));
#5530=VECTOR('',#6685,1.0);
#5531=CARTESIAN_POINT('',(-0.999999999999998,16.1714721289449,-11.9707096357216));
#5532=VECTOR('',#6686,1.0);
#5533=CARTESIAN_POINT('',(-1.0,16.9272909934665,-10.875716970504));
#5534=VECTOR('',#6687,1.0);
#5535=CARTESIAN_POINT('',(-1.0,16.7176357506113,-10.5810705937483));
#5536=VECTOR('',#6688,1.0);
#5537=CARTESIAN_POINT('',(-1.0,16.6645083890721,-10.5531872034256));
#5538=VECTOR('',#6689,1.0);
#5539=CARTESIAN_POINT('',(-1.0,18.1516225396121,-7.71972792133537));
#5540=VECTOR('',#6690,1.0);
#5541=CARTESIAN_POINT('',(-1.0,18.2047499011513,-7.74761131165799));
#5542=VECTOR('',#6691,1.0);
#5543=CARTESIAN_POINT('',(-1.0,18.5663368677987,-7.75277597454088));
#5544=VECTOR('',#6692,1.0);
#5545=CARTESIAN_POINT('',(-1.0,19.0381441126956,-6.50872251246227));
#5546=VECTOR('',#6693,1.0);
#5547=CARTESIAN_POINT('',(-1.0,18.7640675767816,-6.27281180763234));
#5548=VECTOR('',#6694,1.0);
#5549=CARTESIAN_POINT('',(-1.0,18.7058110677361,-6.25845286777509));
#5550=VECTOR('',#6695,1.0);
#5551=CARTESIAN_POINT('',(-1.0,19.4716211934563,-3.15143905201172));
#5552=VECTOR('',#6696,1.0);
#5553=CARTESIAN_POINT('',(-1.0,19.5298777025018,-3.16579799186897));
#5554=VECTOR('',#6697,1.0);
#5555=CARTESIAN_POINT('',(-0.999999999999998,19.8821935937847,-3.08427915391393));
#5556=VECTOR('',#6698,1.0);
#5557=CARTESIAN_POINT('',(-1.0,20.0425694969331,-1.76346476023994));
#5558=VECTOR('',#6699,1.0);
#5559=CARTESIAN_POINT('',(-1.0,19.72,-1.6));
#5560=VECTOR('',#6700,1.0);
#5561=CARTESIAN_POINT('',(-1.0,19.66,-1.6));
#5562=VECTOR('',#6701,1.0);
#5563=CARTESIAN_POINT('',(-1.0,19.66,1.6));
#5564=VECTOR('',#6702,1.0);
#5565=CARTESIAN_POINT('',(-1.0,19.72,1.6));
#5566=VECTOR('',#6703,1.0);
#5567=CARTESIAN_POINT('',(-1.0,20.0425694969331,1.76346476023994));
#5568=VECTOR('',#6704,1.0);
#5569=CARTESIAN_POINT('',(-1.0,19.8821935937847,3.08427915391392));
#5570=VECTOR('',#6705,1.0);
#5571=CARTESIAN_POINT('',(-1.0,19.5298777025018,3.16579799186896));
#5572=VECTOR('',#6706,1.0);
#5573=CARTESIAN_POINT('',(-1.0,19.4716211934563,3.1514390520117));
#5574=VECTOR('',#6707,1.0);
#5575=CARTESIAN_POINT('',(-1.0,18.7058110677361,6.25845286777507));
#5576=VECTOR('',#6708,1.0);
#5577=CARTESIAN_POINT('',(-1.0,16.6645083890721,10.5531872034256));
#5578=VECTOR('',#6709,1.0);
#5579=CARTESIAN_POINT('',(-1.0,18.1516225396121,7.71972792133535));
#5580=VECTOR('',#6710,1.0);
#5581=CARTESIAN_POINT('',(-0.999999999999998,18.5663368677987,7.75277597454086));
#5582=VECTOR('',#6711,1.0);
#5583=CARTESIAN_POINT('',(-1.0,18.2047499011513,7.74761131165798));
#5584=VECTOR('',#6712,1.0);
#5585=CARTESIAN_POINT('',(-1.0,19.0381441126956,6.50872251246225));
#5586=VECTOR('',#6713,1.0);
#5587=CARTESIAN_POINT('',(-1.0,18.7640675767817,6.27281180763232));
#5588=VECTOR('',#6714,1.0);
#5589=DIRECTION('',(1.0,0.0,6.12303176911189E-017));
#5590=CARTESIAN_POINT('',(2.75,0.0,1.68383373650577E-016));
#5591=DIRECTION('',(1.0,0.0,6.12303176911189E-017));
#5592=DIRECTION('',(6.12303176911189E-017,0.0,-1.0));
#5593=DIRECTION('',(1.0,0.0,6.12303176911189E-017));
#5594=CARTESIAN_POINT('',(11.75,0.0,7.19456232870647E-016));
#5595=DIRECTION('',(-1.0,-0.0,-6.12303176911189E-017));
#5596=DIRECTION('',(6.12303176911189E-017,0.0,-1.0));
#5597=DIRECTION('',(0.697844907497061,-0.716248898833652,8.77122952429971E-017));
#5598=CARTESIAN_POINT('',(0.939692620785909,0.0,0.0));
#5599=DIRECTION('',(1.0,0.0,0.0));
#5600=DIRECTION('',(0.0,1.0,0.0));
#5601=DIRECTION('',(-0.697844907497061,-0.716248898833652,8.77122952429971E-017));
#5602=CARTESIAN_POINT('',(2.75,0.0,0.0));
#5603=DIRECTION('',(1.0,0.0,0.0));
#5604=DIRECTION('',(0.0,1.0,0.0));
#5605=CARTESIAN_POINT('',(2.75,0.0,1.68383373650577E-016));
#5606=DIRECTION('',(1.0,0.0,6.12303176911189E-017));
#5607=DIRECTION('',(6.12303176911189E-017,0.0,-1.0));
#5608=CARTESIAN_POINT('',(2.75,0.0,0.0));
#5609=DIRECTION('',(1.0,0.0,0.0));
#5610=DIRECTION('',(0.0,1.0,0.0));
#5611=CARTESIAN_POINT('',(2.75,0.0,1.68383373650577E-016));
#5612=DIRECTION('',(1.0,0.0,6.12303176911189E-017));
#5613=DIRECTION('',(6.12303176911189E-017,0.0,-1.0));
#5614=CARTESIAN_POINT('',(2.75,0.0,0.0));
#5615=DIRECTION('',(1.0,0.0,0.0));
#5616=DIRECTION('',(0.0,1.0,0.0));
#5617=CARTESIAN_POINT('',(2.75,0.0,1.68383373650577E-016));
#5618=DIRECTION('',(1.0,0.0,6.12303176911189E-017));
#5619=DIRECTION('',(6.12303176911189E-017,0.0,-1.0));
#5620=CARTESIAN_POINT('',(2.75,0.0,0.0));
#5621=DIRECTION('',(1.0,0.0,0.0));
#5622=DIRECTION('',(0.0,1.0,0.0));
#5623=CARTESIAN_POINT('',(2.75,0.0,1.68383373650577E-016));
#5624=DIRECTION('',(1.0,0.0,6.12303176911189E-017));
#5625=DIRECTION('',(6.12303176911189E-017,0.0,-1.0));
#5626=CARTESIAN_POINT('',(2.75,0.0,0.0));
#5627=DIRECTION('',(1.0,0.0,0.0));
#5628=DIRECTION('',(0.0,1.0,0.0));
#5629=CARTESIAN_POINT('',(2.75,0.0,1.68383373650577E-016));
#5630=DIRECTION('',(1.0,0.0,6.12303176911189E-017));
#5631=DIRECTION('',(6.12303176911189E-017,0.0,-1.0));
#5632=CARTESIAN_POINT('',(2.75,0.0,0.0));
#5633=DIRECTION('',(1.0,0.0,0.0));
#5634=DIRECTION('',(0.0,1.0,0.0));
#5635=CARTESIAN_POINT('',(2.75,0.0,1.68383373650577E-016));
#5636=DIRECTION('',(1.0,0.0,6.12303176911189E-017));
#5637=DIRECTION('',(6.12303176911189E-017,0.0,-1.0));
#5638=CARTESIAN_POINT('',(2.75,0.0,0.0));
#5639=DIRECTION('',(1.0,0.0,0.0));
#5640=DIRECTION('',(0.0,1.0,0.0));
#5641=CARTESIAN_POINT('',(2.75,0.0,1.68383373650577E-016));
#5642=DIRECTION('',(1.0,0.0,6.12303176911189E-017));
#5643=DIRECTION('',(6.12303176911189E-017,0.0,-1.0));
#5644=CARTESIAN_POINT('',(2.75,0.0,1.68383373650577E-016));
#5645=DIRECTION('',(1.0,0.0,6.12303176911189E-017));
#5646=DIRECTION('',(6.12303176911189E-017,0.0,-1.0));
#5647=CARTESIAN_POINT('',(2.75,0.0,0.0));
#5648=DIRECTION('',(1.0,0.0,0.0));
#5649=DIRECTION('',(0.0,1.0,0.0));
#5650=CARTESIAN_POINT('',(2.75,0.0,1.68383373650577E-016));
#5651=DIRECTION('',(1.0,0.0,6.12303176911189E-017));
#5652=DIRECTION('',(6.12303176911189E-017,0.0,-1.0));
#5653=CARTESIAN_POINT('',(2.75,0.0,0.0));
#5654=DIRECTION('',(1.0,0.0,0.0));
#5655=DIRECTION('',(0.0,1.0,0.0));
#5656=CARTESIAN_POINT('',(2.75,0.0,1.68383373650577E-016));
#5657=DIRECTION('',(1.0,0.0,6.12303176911189E-017));
#5658=DIRECTION('',(6.12303176911189E-017,0.0,-1.0));
#5659=CARTESIAN_POINT('',(2.75,0.0,0.0));
#5660=DIRECTION('',(1.0,0.0,0.0));
#5661=DIRECTION('',(0.0,1.0,0.0));
#5662=CARTESIAN_POINT('',(2.75,0.0,1.68383373650577E-016));
#5663=DIRECTION('',(1.0,0.0,6.12303176911189E-017));
#5664=DIRECTION('',(6.12303176911189E-017,0.0,-1.0));
#5665=CARTESIAN_POINT('',(2.75,0.0,0.0));
#5666=DIRECTION('',(1.0,0.0,0.0));
#5667=DIRECTION('',(0.0,1.0,0.0));
#5668=CARTESIAN_POINT('',(2.75,0.0,1.68383373650577E-016));
#5669=DIRECTION('',(1.0,0.0,6.12303176911189E-017));
#5670=DIRECTION('',(6.12303176911189E-017,0.0,-1.0));
#5671=CARTESIAN_POINT('',(2.75,0.0,0.0));
#5672=DIRECTION('',(1.0,0.0,0.0));
#5673=DIRECTION('',(0.0,1.0,0.0));
#5674=CARTESIAN_POINT('',(2.75,0.0,1.68383373650577E-016));
#5675=DIRECTION('',(1.0,0.0,6.12303176911189E-017));
#5676=DIRECTION('',(6.12303176911189E-017,0.0,-1.0));
#5677=CARTESIAN_POINT('',(2.75,0.0,0.0));
#5678=DIRECTION('',(1.0,0.0,0.0));
#5679=DIRECTION('',(0.0,1.0,0.0));
#5680=CARTESIAN_POINT('',(2.75,0.0,1.68383373650577E-016));
#5681=DIRECTION('',(1.0,0.0,6.12303176911189E-017));
#5682=DIRECTION('',(6.12303176911189E-017,0.0,-1.0));
#5683=CARTESIAN_POINT('',(2.75,0.0,0.0));
#5684=DIRECTION('',(1.0,0.0,0.0));
#5685=DIRECTION('',(0.0,1.0,0.0));
#5686=DIRECTION('',(0.939692620785908,0.342020143325669,-4.18840040651855E-017));
#5687=CARTESIAN_POINT('',(0.0,0.0,0.0));
#5688=DIRECTION('',(1.0,0.0,0.0));
#5689=DIRECTION('',(0.0,1.0,0.0));
#5690=DIRECTION('',(-0.939692620785908,0.342020143325669,-4.18840040651855E-017));
#5691=DIRECTION('',(-1.0,-0.0,-6.12303176911189E-017));
#5692=CARTESIAN_POINT('',(11.75,0.0,7.19456232870647E-016));
#5693=DIRECTION('',(-1.0,-0.0,-6.12303176911189E-017));
#5694=DIRECTION('',(6.12303176911189E-017,0.0,-1.0));
#5695=DIRECTION('',(-1.0,-0.0,-6.12303176911189E-017));
#5696=DIRECTION('',(-0.697844907497061,-0.716248898833652,-1.73170826013346E-016));
#5697=CARTESIAN_POINT('',(13.5603073792141,0.0,7.72764251115781E-016));
#5698=DIRECTION('',(-1.0,0.0,-1.22460635382238E-016));
#5699=DIRECTION('',(0.0,1.0,0.0));
#5700=DIRECTION('',(0.697844907497061,-0.716248898833652,-2.25376447264805E-018));
#5701=CARTESIAN_POINT('',(11.75,0.0,5.5107285922007E-016));
#5702=DIRECTION('',(-1.0,0.0,-1.22460635382238E-016));
#5703=DIRECTION('',(0.0,1.0,0.0));
#5704=CARTESIAN_POINT('',(11.75,0.0,7.19456232870647E-016));
#5705=DIRECTION('',(-1.0,-0.0,-6.12303176911189E-017));
#5706=DIRECTION('',(6.12303176911189E-017,0.0,-1.0));
#5707=CARTESIAN_POINT('',(11.75,0.0,5.5107285922007E-016));
#5708=DIRECTION('',(-1.0,0.0,-1.22460635382238E-016));
#5709=DIRECTION('',(0.0,1.0,0.0));
#5710=CARTESIAN_POINT('',(11.75,0.0,7.19456232870647E-016));
#5711=DIRECTION('',(-1.0,-0.0,-6.12303176911189E-017));
#5712=DIRECTION('',(6.12303176911189E-017,0.0,-1.0));
#5713=CARTESIAN_POINT('',(11.75,0.0,5.5107285922007E-016));
#5714=DIRECTION('',(-1.0,0.0,-1.22460635382238E-016));
#5715=DIRECTION('',(0.0,1.0,0.0));
#5716=CARTESIAN_POINT('',(11.75,0.0,7.19456232870647E-016));
#5717=DIRECTION('',(-1.0,-0.0,-6.12303176911189E-017));
#5718=DIRECTION('',(6.12303176911189E-017,0.0,-1.0));
#5719=CARTESIAN_POINT('',(11.75,0.0,5.5107285922007E-016));
#5720=DIRECTION('',(-1.0,0.0,-1.22460635382238E-016));
#5721=DIRECTION('',(0.0,1.0,0.0));
#5722=CARTESIAN_POINT('',(11.75,0.0,7.19456232870647E-016));
#5723=DIRECTION('',(-1.0,-0.0,-6.12303176911189E-017));
#5724=DIRECTION('',(6.12303176911189E-017,0.0,-1.0));
#5725=CARTESIAN_POINT('',(11.75,0.0,5.5107285922007E-016));
#5726=DIRECTION('',(-1.0,0.0,-1.22460635382238E-016));
#5727=DIRECTION('',(0.0,1.0,0.0));
#5728=CARTESIAN_POINT('',(11.75,0.0,7.19456232870647E-016));
#5729=DIRECTION('',(-1.0,-0.0,-6.12303176911189E-017));
#5730=DIRECTION('',(6.12303176911189E-017,0.0,-1.0));
#5731=CARTESIAN_POINT('',(11.75,0.0,5.5107285922007E-016));
#5732=DIRECTION('',(-1.0,0.0,-1.22460635382238E-016));
#5733=DIRECTION('',(0.0,1.0,0.0));
#5734=CARTESIAN_POINT('',(11.75,0.0,7.19456232870647E-016));
#5735=DIRECTION('',(-1.0,-0.0,-6.12303176911189E-017));
#5736=DIRECTION('',(6.12303176911189E-017,0.0,-1.0));
#5737=CARTESIAN_POINT('',(11.75,0.0,5.5107285922007E-016));
#5738=DIRECTION('',(-1.0,0.0,-1.22460635382238E-016));
#5739=DIRECTION('',(0.0,1.0,0.0));
#5740=CARTESIAN_POINT('',(11.75,0.0,7.19456232870647E-016));
#5741=DIRECTION('',(-1.0,-0.0,-6.12303176911189E-017));
#5742=DIRECTION('',(6.12303176911189E-017,0.0,-1.0));
#5743=CARTESIAN_POINT('',(11.75,0.0,5.5107285922007E-016));
#5744=DIRECTION('',(-1.0,0.0,-1.22460635382238E-016));
#5745=DIRECTION('',(0.0,1.0,0.0));
#5746=CARTESIAN_POINT('',(11.75,0.0,7.19456232870647E-016));
#5747=DIRECTION('',(-1.0,-0.0,-6.12303176911189E-017));
#5748=DIRECTION('',(6.12303176911189E-017,0.0,-1.0));
#5749=CARTESIAN_POINT('',(11.75,0.0,5.5107285922007E-016));
#5750=DIRECTION('',(-1.0,0.0,-1.22460635382238E-016));
#5751=DIRECTION('',(0.0,1.0,0.0));
#5752=CARTESIAN_POINT('',(11.75,0.0,7.19456232870647E-016));
#5753=DIRECTION('',(-1.0,-0.0,-6.12303176911189E-017));
#5754=DIRECTION('',(6.12303176911189E-017,0.0,-1.0));
#5755=CARTESIAN_POINT('',(11.75,0.0,5.5107285922007E-016));
#5756=DIRECTION('',(-1.0,0.0,-1.22460635382238E-016));
#5757=DIRECTION('',(0.0,1.0,0.0));
#5758=CARTESIAN_POINT('',(11.75,0.0,7.19456232870647E-016));
#5759=DIRECTION('',(-1.0,-0.0,-6.12303176911189E-017));
#5760=DIRECTION('',(6.12303176911189E-017,0.0,-1.0));
#5761=CARTESIAN_POINT('',(11.75,0.0,5.5107285922007E-016));
#5762=DIRECTION('',(-1.0,0.0,-1.22460635382238E-016));
#5763=DIRECTION('',(0.0,1.0,0.0));
#5764=CARTESIAN_POINT('',(11.75,0.0,7.19456232870647E-016));
#5765=DIRECTION('',(-1.0,-0.0,-6.12303176911189E-017));
#5766=DIRECTION('',(6.12303176911189E-017,0.0,-1.0));
#5767=CARTESIAN_POINT('',(11.75,0.0,5.5107285922007E-016));
#5768=DIRECTION('',(-1.0,0.0,-1.22460635382238E-016));
#5769=DIRECTION('',(0.0,1.0,0.0));
#5770=CARTESIAN_POINT('',(11.75,0.0,7.19456232870647E-016));
#5771=DIRECTION('',(-1.0,-0.0,-6.12303176911189E-017));
#5772=DIRECTION('',(6.12303176911189E-017,0.0,-1.0));
#5773=CARTESIAN_POINT('',(11.75,0.0,5.5107285922007E-016));
#5774=DIRECTION('',(-1.0,0.0,-1.22460635382238E-016));
#5775=DIRECTION('',(0.0,1.0,0.0));
#5776=CARTESIAN_POINT('',(11.75,0.0,7.19456232870647E-016));
#5777=DIRECTION('',(-1.0,-0.0,-6.12303176911189E-017));
#5778=DIRECTION('',(6.12303176911189E-017,0.0,-1.0));
#5779=CARTESIAN_POINT('',(11.75,0.0,5.5107285922007E-016));
#5780=DIRECTION('',(-1.0,0.0,-1.22460635382238E-016));
#5781=DIRECTION('',(0.0,1.0,0.0));
#5782=DIRECTION('',(-0.939692620785908,0.342020143325669,-7.3191351340257E-017));
#5783=CARTESIAN_POINT('',(14.5,0.0,8.87839606521224E-016));
#5784=DIRECTION('',(-1.0,0.0,-1.22460635382238E-016));
#5785=DIRECTION('',(0.0,1.0,0.0));
#5786=DIRECTION('',(0.939692620785908,0.342020143325669,1.56959359470628E-016));
#5787=DIRECTION('',(1.0,0.0,0.0));
#5788=CARTESIAN_POINT('',(-8.0,0.0,0.0));
#5789=DIRECTION('',(-1.0,0.0,0.0));
#5790=DIRECTION('',(0.0,0.0,-1.0));
#5791=DIRECTION('',(-1.0,-0.0,-0.0));
#5792=CARTESIAN_POINT('',(0.0,0.0,0.0));
#5793=DIRECTION('',(1.0,-0.0,6.12303176911189E-017));
#5794=DIRECTION('',(6.12303176911189E-017,0.0,-1.0));
#5795=DIRECTION('',(-1.0,0.0,0.0));
#5796=CARTESIAN_POINT('',(14.5,0.0,0.0));
#5797=DIRECTION('',(-1.0,-0.0,-6.12303176911189E-017));
#5798=DIRECTION('',(6.12303176911189E-017,0.0,-1.0));
#5799=DIRECTION('',(1.0,0.0,0.0));
#5800=CARTESIAN_POINT('',(-8.0,0.0,0.0));
#5801=DIRECTION('',(1.0,-0.0,0.0));
#5802=DIRECTION('',(0.0,0.0,-1.0));
#5803=CARTESIAN_POINT('',(-8.0,0.0,0.0));
#5804=DIRECTION('',(1.0,-0.0,0.0));
#5805=DIRECTION('',(0.0,0.0,-1.0));
#5806=CARTESIAN_POINT('',(14.5,0.0,0.0));
#5807=DIRECTION('',(-1.0,-0.0,-6.12303176911189E-017));
#5808=DIRECTION('',(6.12303176911189E-017,0.0,-1.0));
#5809=CARTESIAN_POINT('',(0.0,0.0,0.0));
#5810=DIRECTION('',(1.0,-0.0,6.12303176911189E-017));
#5811=DIRECTION('',(6.12303176911189E-017,0.0,-1.0));
#5812=CARTESIAN_POINT('',(-8.0,0.0,0.0));
#5813=DIRECTION('',(-1.0,0.0,0.0));
#5814=DIRECTION('',(0.0,0.0,-1.0));
#5815=CARTESIAN_POINT('',(11.75,-16.0868772704157,-11.5797573241663));
#5816=DIRECTION('',(-1.0,-9.62964972193621E-033,-1.22460635382238E-016));
#5817=DIRECTION('',(-9.16631018114672E-017,-0.663122658240795,0.748510748171101));
#5818=DIRECTION('',(8.12064220645262E-017,-0.748510748171101,-0.663122658240795));
#5819=CARTESIAN_POINT('',(11.75,-14.7157213090439,-13.036991461014));
#5820=DIRECTION('',(1.0,9.62964972193618E-033,1.22460635382238E-016));
#5821=DIRECTION('',(-9.16631018114672E-017,-0.663122658240795,0.748510748171101));
#5822=DIRECTION('',(-8.12064220645262E-017,0.748510748171101,0.663122658240795));
#5823=CARTESIAN_POINT('',(11.75,-13.4343866374525,-14.5738003168507));
#5824=DIRECTION('',(-1.0,-9.62964972193621E-033,-1.22460635382238E-016));
#5825=DIRECTION('',(-9.16631018114672E-017,-0.663122658240795,0.748510748171101));
#5826=CARTESIAN_POINT('',(11.75,-12.8482045373257,-15.0931123419606));
#5827=DIRECTION('',(-1.0,0.0,-1.22460635382238E-016));
#5828=DIRECTION('',(-6.95655698229473E-017,-0.822983865893656,0.568064746731156));
#5829=DIRECTION('',(1.00783127126667E-016,-0.568064746731156,-0.822983865893656));
#5830=CARTESIAN_POINT('',(11.75,-11.1681529207345,-16.1798628034693));
#5831=DIRECTION('',(1.0,9.62964972193618E-033,1.22460635382238E-016));
#5832=DIRECTION('',(-6.95655698229473E-017,-0.822983865893656,0.568064746731156));
#5833=DIRECTION('',(-1.00783127126667E-016,0.568064746731156,0.822983865893656));
#5834=CARTESIAN_POINT('',(11.75,-9.55626907375108,-17.3653713288852));
#5835=DIRECTION('',(-1.0,0.0,-1.22460635382238E-016));
#5836=DIRECTION('',(-6.95655698229473E-017,-0.822983865893656,0.568064746731156));
#5837=CARTESIAN_POINT('',(11.75,-8.86284085784964,-17.7293105316713));
#5838=DIRECTION('',(-1.0,0.0,-1.22460635382238E-016));
#5839=DIRECTION('',(-4.34251397768756E-017,-0.935016242685415,0.354604887042536));
#5840=DIRECTION('',(1.14502683171968E-016,-0.354604887042536,-0.935016242685415));
#5841=CARTESIAN_POINT('',(11.75,-6.97153207925626,-18.3824193311953));
#5842=DIRECTION('',(1.0,0.0,1.22460635382238E-016));
#5843=DIRECTION('',(-4.34251397768756E-017,-0.935016242685415,0.354604887042536));
#5844=DIRECTION('',(-1.14502683171968E-016,0.354604887042536,0.935016242685415));
#5845=CARTESIAN_POINT('',(11.75,-5.12277588710798,-19.1477300798415));
#5846=DIRECTION('',(-1.0,0.0,-1.22460635382238E-016));
#5847=DIRECTION('',(-4.34251397768756E-017,-0.935016242685415,0.354604887042536));
#5848=CARTESIAN_POINT('',(11.75,-4.36240108283109,-19.335145636703));
#5849=DIRECTION('',(-1.0,0.0,-1.22460635382238E-016));
#5850=DIRECTION('',(-1.47609984509326E-017,-0.992708874098054,0.120536680255324));
#5851=DIRECTION('',(1.21567759471634E-016,-0.120536680255324,-0.992708874098054));
#5852=CARTESIAN_POINT('',(11.75,-2.36975113381966,-19.5166564647677));
#5853=DIRECTION('',(1.0,0.0,1.22460635382238E-016));
#5854=DIRECTION('',(-1.47609984509326E-017,-0.992708874098054,0.120536680255324));
#5855=DIRECTION('',(-1.21567759471634E-016,0.120536680255324,0.992708874098054));
#5856=CARTESIAN_POINT('',(11.75,-0.391565586438874,-19.8172923577243));
#5857=DIRECTION('',(-1.0,0.0,-1.22460635382238E-016));
#5858=DIRECTION('',(-1.47609984509326E-017,-0.992708874098054,0.120536680255324));
#5859=CARTESIAN_POINT('',(11.75,0.391565586438849,-19.8172923577243));
#5860=DIRECTION('',(-1.0,2.40741243048405E-033,-1.22460635382238E-016));
#5861=DIRECTION('',(1.47609984509324E-017,-0.992708874098054,-0.120536680255322));
#5862=DIRECTION('',(1.21567759471634E-016,0.120536680255322,-0.992708874098054));
#5863=CARTESIAN_POINT('',(11.75,2.36975113381964,-19.5166564647677));
#5864=DIRECTION('',(1.0,0.0,1.22460635382238E-016));
#5865=DIRECTION('',(1.47609984509324E-017,-0.992708874098054,-0.120536680255322));
#5866=DIRECTION('',(-1.21567759471634E-016,-0.120536680255322,0.992708874098054));
#5867=CARTESIAN_POINT('',(11.75,4.36240108283106,-19.335145636703));
#5868=DIRECTION('',(-1.0,2.40741243048405E-033,-1.22460635382238E-016));
#5869=DIRECTION('',(1.47609984509324E-017,-0.992708874098054,-0.120536680255322));
#5870=CARTESIAN_POINT('',(11.75,5.12277588710797,-19.1477300798415));
#5871=DIRECTION('',(-1.0,0.0,-1.22460635382238E-016));
#5872=DIRECTION('',(4.34251397768756E-017,-0.935016242685415,-0.354604887042536));
#5873=DIRECTION('',(1.14502683171968E-016,0.354604887042536,-0.935016242685415));
#5874=CARTESIAN_POINT('',(11.75,6.97153207925625,-18.3824193311953));
#5875=DIRECTION('',(1.0,0.0,1.22460635382238E-016));
#5876=DIRECTION('',(4.34251397768755E-017,-0.935016242685415,-0.354604887042536));
#5877=DIRECTION('',(-1.14502683171968E-016,-0.354604887042536,0.935016242685415));
#5878=CARTESIAN_POINT('',(11.75,8.86284085784963,-17.7293105316713));
#5879=DIRECTION('',(-1.0,0.0,-1.22460635382238E-016));
#5880=DIRECTION('',(4.34251397768756E-017,-0.935016242685415,-0.354604887042536));
#5881=CARTESIAN_POINT('',(11.75,9.55626907375107,-17.3653713288852));
#5882=DIRECTION('',(-1.0,0.0,-1.22460635382238E-016));
#5883=DIRECTION('',(6.95655698229472E-017,-0.822983865893657,-0.568064746731155));
#5884=DIRECTION('',(1.00783127126668E-016,0.568064746731155,-0.822983865893657));
#5885=CARTESIAN_POINT('',(11.75,11.1681529207345,-16.1798628034693));
#5886=DIRECTION('',(1.0,9.62964972193618E-033,1.22460635382238E-016));
#5887=DIRECTION('',(6.95655698229473E-017,-0.822983865893657,-0.568064746731155));
#5888=DIRECTION('',(-1.00783127126668E-016,-0.568064746731155,0.822983865893657));
#5889=CARTESIAN_POINT('',(11.75,12.8482045373257,-15.0931123419606));
#5890=DIRECTION('',(-1.0,0.0,-1.22460635382238E-016));
#5891=DIRECTION('',(6.95655698229472E-017,-0.822983865893657,-0.568064746731155));
#5892=CARTESIAN_POINT('',(11.75,13.4343866374525,-14.5738003168507));
#5893=DIRECTION('',(-1.0,0.0,-1.22460635382238E-016));
#5894=DIRECTION('',(9.16631018114671E-017,-0.663122658240796,-0.748510748171101));
#5895=DIRECTION('',(8.12064220645263E-017,0.748510748171101,-0.663122658240796));
#5896=CARTESIAN_POINT('',(11.75,14.7157213090438,-13.036991461014));
#5897=DIRECTION('',(1.0,0.0,1.22460635382238E-016));
#5898=DIRECTION('',(9.16631018114671E-017,-0.663122658240796,-0.748510748171101));
#5899=DIRECTION('',(-8.12064220645263E-017,-0.748510748171101,0.663122658240796));
#5900=CARTESIAN_POINT('',(11.75,16.0868772704157,-11.5797573241663));
#5901=DIRECTION('',(-1.0,0.0,-1.22460635382238E-016));
#5902=DIRECTION('',(9.16631018114671E-017,-0.663122658240796,-0.748510748171101));
#5903=CARTESIAN_POINT('',(11.75,16.5317464817938,-10.9352530040095));
#5904=DIRECTION('',(-1.0,0.0,-1.22460635382238E-016));
#5905=DIRECTION('',(1.08433507504523E-016,-0.464723172043769,-0.88545602565321));
#5906=DIRECTION('',(5.69102949253289E-017,0.88545602565321,-0.464723172043769));
#5907=CARTESIAN_POINT('',(11.75,17.4080654643421,-9.1364575623805));
#5908=DIRECTION('',(1.0,0.0,1.22460635382238E-016));
#5909=DIRECTION('',(1.08433507504523E-016,-0.464723172043769,-0.88545602565321));
#5910=DIRECTION('',(-5.69102949253289E-017,-0.88545602565321,0.464723172043769));
#5911=CARTESIAN_POINT('',(11.75,18.3906391699688,-7.39342890139671));
#5912=DIRECTION('',(-1.0,0.0,-1.22460635382238E-016));
#5913=DIRECTION('',(1.08433507504523E-016,-0.464723172043769,-0.88545602565321));
#5914=CARTESIAN_POINT('',(11.75,18.6683413110666,-6.66118853460276));
#5915=DIRECTION('',(-1.0,4.81482486096811E-033,-1.22460635382238E-016));
#5916=DIRECTION('',(1.18902151881179E-016,-0.239315664287559,-0.970941817426052));
#5917=DIRECTION('',(2.93067483055767E-017,0.970941817426052,-0.239315664287559));
#5918=CARTESIAN_POINT('',(11.75,19.0887161305962,-4.7049459598934));
#5919=DIRECTION('',(1.0,0.0,1.22460635382238E-016));
#5920=DIRECTION('',(1.18902151881179E-016,-0.239315664287559,-0.970941817426052));
#5921=DIRECTION('',(-2.93067483055767E-017,-0.970941817426052,0.239315664287559));
#5922=CARTESIAN_POINT('',(11.75,19.6256039682169,-2.77742126489855));
#5923=DIRECTION('',(-1.0,4.81482486096811E-033,-1.22460635382238E-016));
#5924=DIRECTION('',(1.18902151881179E-016,-0.239315664287559,-0.970941817426052));
#5925=CARTESIAN_POINT('',(11.75,19.72,-2.0));
#5926=DIRECTION('',(-1.0,0.0,-1.22460635382238E-016));
#5927=DIRECTION('',(1.22460635382238E-016,0.0,-1.0));
#5928=DIRECTION('',(0.0,1.0,0.0));
#5929=CARTESIAN_POINT('',(11.75,19.66,6.92949131880548E-016));
#5930=DIRECTION('',(1.0,-0.0,1.22460635382238E-016));
#5931=DIRECTION('',(1.22460635382238E-016,0.0,-1.0));
#5932=DIRECTION('',(-0.0,-1.0,0.0));
#5933=CARTESIAN_POINT('',(11.75,19.72,2.0));
#5934=DIRECTION('',(-1.0,0.0,-1.22460635382238E-016));
#5935=DIRECTION('',(1.22460635382238E-016,0.0,-1.0));
#5936=CARTESIAN_POINT('',(11.75,0.0,5.5107285922007E-016));
#5937=DIRECTION('',(-1.0,0.0,-1.22460635382238E-016));
#5938=DIRECTION('',(0.0,1.0,0.0));
#5939=CARTESIAN_POINT('',(11.75,19.6256039682169,2.77742126489854));
#5940=DIRECTION('',(-1.0,0.0,-1.22460635382238E-016));
#5941=DIRECTION('',(1.18902151881179E-016,0.239315664287558,-0.970941817426052));
#5942=DIRECTION('',(-2.93067483055766E-017,0.970941817426052,0.239315664287558));
#5943=CARTESIAN_POINT('',(11.75,19.0887161305962,4.70494595989339));
#5944=DIRECTION('',(1.0,-4.81482486096809E-033,1.22460635382238E-016));
#5945=DIRECTION('',(1.18902151881179E-016,0.239315664287558,-0.970941817426052));
#5946=DIRECTION('',(2.93067483055766E-017,-0.970941817426052,-0.239315664287558));
#5947=CARTESIAN_POINT('',(11.75,18.6683413110666,6.66118853460274));
#5948=DIRECTION('',(-1.0,0.0,-1.22460635382238E-016));
#5949=DIRECTION('',(1.18902151881179E-016,0.239315664287558,-0.970941817426052));
#5950=CARTESIAN_POINT('',(11.75,0.0,5.5107285922007E-016));
#5951=DIRECTION('',(-1.0,0.0,-1.22460635382238E-016));
#5952=DIRECTION('',(0.0,1.0,0.0));
#5953=CARTESIAN_POINT('',(11.75,18.3906391699688,7.3934289013967));
#5954=DIRECTION('',(-1.0,0.0,-1.22460635382238E-016));
#5955=DIRECTION('',(1.08433507504523E-016,0.464723172043769,-0.88545602565321));
#5956=DIRECTION('',(-5.69102949253289E-017,0.88545602565321,0.464723172043769));
#5957=CARTESIAN_POINT('',(11.75,17.4080654643421,9.13645756238049));
#5958=DIRECTION('',(1.0,0.0,1.22460635382238E-016));
#5959=DIRECTION('',(1.08433507504523E-016,0.464723172043769,-0.88545602565321));
#5960=DIRECTION('',(5.69102949253289E-017,-0.88545602565321,-0.464723172043769));
#5961=CARTESIAN_POINT('',(11.75,16.5317464817938,10.9352530040095));
#5962=DIRECTION('',(-1.0,0.0,-1.22460635382238E-016));
#5963=DIRECTION('',(1.08433507504523E-016,0.464723172043769,-0.88545602565321));
#5964=CARTESIAN_POINT('',(11.75,0.0,5.5107285922007E-016));
#5965=DIRECTION('',(-1.0,0.0,-1.22460635382238E-016));
#5966=DIRECTION('',(0.0,1.0,0.0));
#5967=CARTESIAN_POINT('',(11.75,13.4343866374525,14.5738003168507));
#5968=DIRECTION('',(-1.0,-9.62964972193621E-033,-1.22460635382238E-016));
#5969=DIRECTION('',(9.16631018114672E-017,0.663122658240795,-0.748510748171101));
#5970=CARTESIAN_POINT('',(11.75,0.0,5.5107285922007E-016));
#5971=DIRECTION('',(-1.0,0.0,-1.22460635382238E-016));
#5972=DIRECTION('',(0.0,1.0,0.0));
#5973=CARTESIAN_POINT('',(11.75,16.0868772704157,11.5797573241663));
#5974=DIRECTION('',(-1.0,-9.62964972193621E-033,-1.22460635382238E-016));
#5975=DIRECTION('',(9.16631018114672E-017,0.663122658240795,-0.748510748171101));
#5976=DIRECTION('',(-8.12064220645262E-017,0.748510748171101,0.663122658240795));
#5977=CARTESIAN_POINT('',(11.75,14.7157213090438,13.036991461014));
#5978=DIRECTION('',(1.0,9.62964972193618E-033,1.22460635382238E-016));
#5979=DIRECTION('',(9.16631018114672E-017,0.663122658240795,-0.748510748171101));
#5980=DIRECTION('',(8.12064220645262E-017,-0.748510748171101,-0.663122658240795));
#5981=CARTESIAN_POINT('',(11.75,9.55626907375108,17.3653713288852));
#5982=DIRECTION('',(-1.0,0.0,-1.22460635382238E-016));
#5983=DIRECTION('',(6.95655698229473E-017,0.822983865893656,-0.568064746731156));
#5984=CARTESIAN_POINT('',(11.75,0.0,5.5107285922007E-016));
#5985=DIRECTION('',(-1.0,0.0,-1.22460635382238E-016));
#5986=DIRECTION('',(0.0,1.0,0.0));
#5987=CARTESIAN_POINT('',(11.75,12.8482045373257,15.0931123419606));
#5988=DIRECTION('',(-1.0,0.0,-1.22460635382238E-016));
#5989=DIRECTION('',(6.95655698229473E-017,0.822983865893656,-0.568064746731156));
#5990=DIRECTION('',(-1.00783127126667E-016,0.568064746731156,0.822983865893656));
#5991=CARTESIAN_POINT('',(11.75,11.1681529207345,16.1798628034693));
#5992=DIRECTION('',(1.0,9.62964972193618E-033,1.22460635382238E-016));
#5993=DIRECTION('',(6.95655698229473E-017,0.822983865893656,-0.568064746731156));
#5994=DIRECTION('',(1.00783127126667E-016,-0.568064746731156,-0.822983865893656));
#5995=CARTESIAN_POINT('',(11.75,5.12277588710798,19.1477300798415));
#5996=DIRECTION('',(-1.0,0.0,-1.22460635382238E-016));
#5997=DIRECTION('',(4.34251397768756E-017,0.935016242685415,-0.354604887042536));
#5998=CARTESIAN_POINT('',(11.75,0.0,5.5107285922007E-016));
#5999=DIRECTION('',(-1.0,0.0,-1.22460635382238E-016));
#6000=DIRECTION('',(0.0,1.0,0.0));
#6001=CARTESIAN_POINT('',(11.75,8.86284085784964,17.7293105316713));
#6002=DIRECTION('',(-1.0,0.0,-1.22460635382238E-016));
#6003=DIRECTION('',(4.34251397768756E-017,0.935016242685415,-0.354604887042536));
#6004=DIRECTION('',(-1.14502683171968E-016,0.354604887042536,0.935016242685415));
#6005=CARTESIAN_POINT('',(11.75,6.97153207925625,18.3824193311953));
#6006=DIRECTION('',(1.0,0.0,1.22460635382238E-016));
#6007=DIRECTION('',(4.34251397768756E-017,0.935016242685415,-0.354604887042536));
#6008=DIRECTION('',(1.14502683171968E-016,-0.354604887042536,-0.935016242685415));
#6009=CARTESIAN_POINT('',(11.75,0.391565586438867,19.8172923577243));
#6010=DIRECTION('',(-1.0,0.0,-1.22460635382238E-016));
#6011=DIRECTION('',(1.47609984509325E-017,0.992708874098054,-0.120536680255323));
#6012=CARTESIAN_POINT('',(11.75,0.0,5.5107285922007E-016));
#6013=DIRECTION('',(-1.0,0.0,-1.22460635382238E-016));
#6014=DIRECTION('',(0.0,1.0,0.0));
#6015=CARTESIAN_POINT('',(11.75,4.36240108283108,19.335145636703));
#6016=DIRECTION('',(-1.0,0.0,-1.22460635382238E-016));
#6017=DIRECTION('',(1.47609984509325E-017,0.992708874098054,-0.120536680255323));
#6018=DIRECTION('',(-1.21567759471634E-016,0.120536680255323,0.992708874098054));
#6019=CARTESIAN_POINT('',(11.75,2.36975113381965,19.5166564647677));
#6020=DIRECTION('',(1.0,0.0,1.22460635382238E-016));
#6021=DIRECTION('',(1.47609984509325E-017,0.992708874098054,-0.120536680255323));
#6022=DIRECTION('',(1.21567759471634E-016,-0.120536680255323,-0.992708874098054));
#6023=CARTESIAN_POINT('',(11.75,-4.36240108283107,19.335145636703));
#6024=DIRECTION('',(-1.0,-2.40741243048405E-033,-1.22460635382238E-016));
#6025=DIRECTION('',(-1.47609984509325E-017,0.992708874098054,0.120536680255323));
#6026=CARTESIAN_POINT('',(11.75,0.0,5.5107285922007E-016));
#6027=DIRECTION('',(-1.0,0.0,-1.22460635382238E-016));
#6028=DIRECTION('',(0.0,1.0,0.0));
#6029=CARTESIAN_POINT('',(11.75,-0.39156558643886,19.8172923577243));
#6030=DIRECTION('',(-1.0,-2.40741243048405E-033,-1.22460635382238E-016));
#6031=DIRECTION('',(-1.47609984509325E-017,0.992708874098054,0.120536680255323));
#6032=DIRECTION('',(-1.21567759471634E-016,-0.120536680255323,0.992708874098054));
#6033=CARTESIAN_POINT('',(11.75,-2.36975113381965,19.5166564647677));
#6034=DIRECTION('',(1.0,-2.40741243048405E-033,1.22460635382238E-016));
#6035=DIRECTION('',(-1.47609984509325E-017,0.992708874098054,0.120536680255323));
#6036=DIRECTION('',(1.21567759471634E-016,0.120536680255323,-0.992708874098054));
#6037=CARTESIAN_POINT('',(11.75,-8.86284085784963,17.7293105316713));
#6038=DIRECTION('',(-1.0,-4.81482486096811E-033,-1.22460635382238E-016));
#6039=DIRECTION('',(-4.34251397768755E-017,0.935016242685415,0.354604887042536));
#6040=CARTESIAN_POINT('',(11.75,0.0,5.5107285922007E-016));
#6041=DIRECTION('',(-1.0,0.0,-1.22460635382238E-016));
#6042=DIRECTION('',(0.0,1.0,0.0));
#6043=CARTESIAN_POINT('',(11.75,-5.12277588710797,19.1477300798415));
#6044=DIRECTION('',(-1.0,-4.81482486096811E-033,-1.22460635382238E-016));
#6045=DIRECTION('',(-4.34251397768755E-017,0.935016242685415,0.354604887042536));
#6046=DIRECTION('',(-1.14502683171969E-016,-0.354604887042536,0.935016242685415));
#6047=CARTESIAN_POINT('',(11.75,-6.97153207925625,18.3824193311953));
#6048=DIRECTION('',(1.0,4.81482486096809E-033,1.22460635382238E-016));
#6049=DIRECTION('',(-4.34251397768755E-017,0.935016242685415,0.354604887042536));
#6050=DIRECTION('',(1.14502683171969E-016,0.354604887042536,-0.935016242685415));
#6051=CARTESIAN_POINT('',(11.75,-12.8482045373257,15.0931123419606));
#6052=DIRECTION('',(-1.0,0.0,-1.22460635382238E-016));
#6053=DIRECTION('',(-6.95655698229473E-017,0.822983865893656,0.568064746731156));
#6054=CARTESIAN_POINT('',(11.75,0.0,5.5107285922007E-016));
#6055=DIRECTION('',(-1.0,0.0,-1.22460635382238E-016));
#6056=DIRECTION('',(0.0,1.0,0.0));
#6057=CARTESIAN_POINT('',(11.75,-9.55626907375108,17.3653713288852));
#6058=DIRECTION('',(-1.0,0.0,-1.22460635382238E-016));
#6059=DIRECTION('',(-6.95655698229473E-017,0.822983865893656,0.568064746731156));
#6060=DIRECTION('',(-1.00783127126668E-016,-0.568064746731156,0.822983865893656));
#6061=CARTESIAN_POINT('',(11.75,-11.1681529207345,16.1798628034693));
#6062=DIRECTION('',(1.0,0.0,1.22460635382238E-016));
#6063=DIRECTION('',(-6.95655698229473E-017,0.822983865893656,0.568064746731156));
#6064=DIRECTION('',(1.00783127126668E-016,0.568064746731156,-0.822983865893656));
#6065=CARTESIAN_POINT('',(11.75,-16.0868772704157,11.5797573241663));
#6066=DIRECTION('',(-1.0,0.0,-1.22460635382238E-016));
#6067=DIRECTION('',(-9.16631018114671E-017,0.663122658240795,0.748510748171101));
#6068=CARTESIAN_POINT('',(11.75,0.0,5.5107285922007E-016));
#6069=DIRECTION('',(-1.0,0.0,-1.22460635382238E-016));
#6070=DIRECTION('',(0.0,1.0,0.0));
#6071=CARTESIAN_POINT('',(11.75,-13.4343866374525,14.5738003168507));
#6072=DIRECTION('',(-1.0,0.0,-1.22460635382238E-016));
#6073=DIRECTION('',(-9.16631018114671E-017,0.663122658240795,0.748510748171101));
#6074=DIRECTION('',(-8.12064220645263E-017,-0.748510748171101,0.663122658240795));
#6075=CARTESIAN_POINT('',(11.75,-14.7157213090438,13.036991461014));
#6076=DIRECTION('',(1.0,0.0,1.22460635382238E-016));
#6077=DIRECTION('',(-9.16631018114671E-017,0.663122658240795,0.748510748171101));
#6078=DIRECTION('',(8.12064220645263E-017,0.748510748171101,-0.663122658240795));
#6079=CARTESIAN_POINT('',(11.75,-18.3906391699688,7.3934289013967));
#6080=DIRECTION('',(-1.0,0.0,-1.22460635382238E-016));
#6081=DIRECTION('',(-1.08433507504523E-016,0.464723172043769,0.88545602565321));
#6082=CARTESIAN_POINT('',(11.75,0.0,5.5107285922007E-016));
#6083=DIRECTION('',(-1.0,0.0,-1.22460635382238E-016));
#6084=DIRECTION('',(0.0,1.0,0.0));
#6085=CARTESIAN_POINT('',(11.75,-16.5317464817938,10.9352530040095));
#6086=DIRECTION('',(-1.0,0.0,-1.22460635382238E-016));
#6087=DIRECTION('',(-1.08433507504523E-016,0.464723172043769,0.88545602565321));
#6088=DIRECTION('',(-5.69102949253289E-017,-0.88545602565321,0.464723172043769));
#6089=CARTESIAN_POINT('',(11.75,-17.4080654643421,9.13645756238049));
#6090=DIRECTION('',(1.0,0.0,1.22460635382238E-016));
#6091=DIRECTION('',(-1.08433507504523E-016,0.464723172043769,0.88545602565321));
#6092=DIRECTION('',(5.69102949253289E-017,0.88545602565321,-0.464723172043769));
#6093=CARTESIAN_POINT('',(11.75,-19.6256039682169,2.77742126489854));
#6094=DIRECTION('',(-1.0,0.0,-1.22460635382238E-016));
#6095=DIRECTION('',(-1.18902151881179E-016,0.239315664287558,0.970941817426052));
#6096=CARTESIAN_POINT('',(11.75,0.0,5.5107285922007E-016));
#6097=DIRECTION('',(-1.0,0.0,-1.22460635382238E-016));
#6098=DIRECTION('',(0.0,1.0,0.0));
#6099=CARTESIAN_POINT('',(11.75,-18.6683413110666,6.66118853460275));
#6100=DIRECTION('',(-1.0,0.0,-1.22460635382238E-016));
#6101=DIRECTION('',(-1.18902151881179E-016,0.239315664287558,0.970941817426052));
#6102=DIRECTION('',(-2.93067483055767E-017,-0.970941817426052,0.239315664287558));
#6103=CARTESIAN_POINT('',(11.75,-19.0887161305962,4.70494595989339));
#6104=DIRECTION('',(1.0,0.0,1.22460635382238E-016));
#6105=DIRECTION('',(-1.18902151881179E-016,0.239315664287558,0.970941817426052));
#6106=DIRECTION('',(2.93067483055767E-017,0.970941817426052,-0.239315664287558));
#6107=CARTESIAN_POINT('',(11.75,-19.72,-2.0));
#6108=DIRECTION('',(-1.0,0.0,-1.22460635382238E-016));
#6109=DIRECTION('',(-1.22460635382238E-016,1.22460635382238E-016,1.0));
#6110=CARTESIAN_POINT('',(11.75,0.0,5.5107285922007E-016));
#6111=DIRECTION('',(-1.0,0.0,-1.22460635382238E-016));
#6112=DIRECTION('',(0.0,1.0,0.0));
#6113=CARTESIAN_POINT('',(11.75,-19.72,2.0));
#6114=DIRECTION('',(-1.0,0.0,-1.22460635382238E-016));
#6115=DIRECTION('',(-1.22460635382238E-016,1.22460635382238E-016,1.0));
#6116=DIRECTION('',(-1.49966072182214E-032,-1.0,1.22460635382238E-016));
#6117=CARTESIAN_POINT('',(11.75,-19.66,3.15353942547554E-015));
#6118=DIRECTION('',(1.0,0.0,1.22460635382238E-016));
#6119=DIRECTION('',(-1.22460635382238E-016,1.22460635382238E-016,1.0));
#6120=DIRECTION('',(1.49966072182214E-032,1.0,-1.22460635382238E-016));
#6121=CARTESIAN_POINT('',(11.75,-18.6683413110666,-6.66118853460274));
#6122=DIRECTION('',(-1.0,0.0,-1.22460635382238E-016));
#6123=DIRECTION('',(-1.18902151881179E-016,-0.239315664287557,0.970941817426052));
#6124=CARTESIAN_POINT('',(11.75,-19.6256039682169,-2.77742126489853));
#6125=DIRECTION('',(-1.0,0.0,-1.22460635382238E-016));
#6126=DIRECTION('',(-1.18902151881179E-016,-0.239315664287557,0.970941817426052));
#6127=DIRECTION('',(2.93067483055766E-017,-0.970941817426052,-0.239315664287557));
#6128=CARTESIAN_POINT('',(11.75,-19.0887161305962,-4.70494595989338));
#6129=DIRECTION('',(1.0,0.0,1.22460635382238E-016));
#6130=DIRECTION('',(-1.18902151881179E-016,-0.239315664287557,0.970941817426052));
#6131=DIRECTION('',(-2.93067483055766E-017,0.970941817426052,0.239315664287557));
#6132=CARTESIAN_POINT('',(13.5603073792141,0.0,7.72764251115781E-016));
#6133=DIRECTION('',(-1.0,0.0,-1.22460635382238E-016));
#6134=DIRECTION('',(0.0,1.0,0.0));
#6135=CARTESIAN_POINT('',(14.5,0.0,8.87839606521224E-016));
#6136=DIRECTION('',(-1.0,0.0,-1.22460635382238E-016));
#6137=DIRECTION('',(0.0,1.0,0.0));
#6138=CARTESIAN_POINT('',(11.75,0.0,7.19456232870647E-016));
#6139=DIRECTION('',(-1.0,-0.0,-6.12303176911189E-017));
#6140=DIRECTION('',(6.12303176911189E-017,0.0,-1.0));
#6141=CARTESIAN_POINT('',(11.75,0.0,7.19456232870647E-016));
#6142=DIRECTION('',(-1.0,-0.0,-6.12303176911189E-017));
#6143=DIRECTION('',(6.12303176911189E-017,0.0,-1.0));
#6144=CARTESIAN_POINT('',(11.75,0.0,7.19456232870647E-016));
#6145=DIRECTION('',(-1.0,-0.0,-6.12303176911189E-017));
#6146=DIRECTION('',(6.12303176911189E-017,0.0,-1.0));
#6147=CARTESIAN_POINT('',(11.75,0.0,7.19456232870647E-016));
#6148=DIRECTION('',(-1.0,-0.0,-6.12303176911189E-017));
#6149=DIRECTION('',(6.12303176911189E-017,0.0,-1.0));
#6150=CARTESIAN_POINT('',(11.75,0.0,7.19456232870647E-016));
#6151=DIRECTION('',(-1.0,-0.0,-6.12303176911189E-017));
#6152=DIRECTION('',(6.12303176911189E-017,0.0,-1.0));
#6153=CARTESIAN_POINT('',(11.75,0.0,7.19456232870647E-016));
#6154=DIRECTION('',(-1.0,-0.0,-6.12303176911189E-017));
#6155=DIRECTION('',(6.12303176911189E-017,0.0,-1.0));
#6156=CARTESIAN_POINT('',(11.75,0.0,7.19456232870647E-016));
#6157=DIRECTION('',(-1.0,-0.0,-6.12303176911189E-017));
#6158=DIRECTION('',(6.12303176911189E-017,0.0,-1.0));
#6159=CARTESIAN_POINT('',(11.75,0.0,7.19456232870647E-016));
#6160=DIRECTION('',(-1.0,-0.0,-6.12303176911189E-017));
#6161=DIRECTION('',(6.12303176911189E-017,0.0,-1.0));
#6162=CARTESIAN_POINT('',(11.75,0.0,7.19456232870647E-016));
#6163=DIRECTION('',(-1.0,-0.0,-6.12303176911189E-017));
#6164=DIRECTION('',(6.12303176911189E-017,0.0,-1.0));
#6165=CARTESIAN_POINT('',(11.75,0.0,7.19456232870647E-016));
#6166=DIRECTION('',(-1.0,-0.0,-6.12303176911189E-017));
#6167=DIRECTION('',(6.12303176911189E-017,0.0,-1.0));
#6168=CARTESIAN_POINT('',(11.75,0.0,7.19456232870647E-016));
#6169=DIRECTION('',(-1.0,-0.0,-6.12303176911189E-017));
#6170=DIRECTION('',(6.12303176911189E-017,0.0,-1.0));
#6171=CARTESIAN_POINT('',(11.75,0.0,7.19456232870647E-016));
#6172=DIRECTION('',(-1.0,-0.0,-6.12303176911189E-017));
#6173=DIRECTION('',(6.12303176911189E-017,0.0,-1.0));
#6174=CARTESIAN_POINT('',(11.75,0.0,7.19456232870647E-016));
#6175=DIRECTION('',(-1.0,-0.0,-6.12303176911189E-017));
#6176=DIRECTION('',(6.12303176911189E-017,0.0,-1.0));
#6177=CARTESIAN_POINT('',(11.75,-16.5317464817938,-10.9352530040095));
#6178=DIRECTION('',(-1.0,0.0,-1.22460635382238E-016));
#6179=DIRECTION('',(-1.08433507504523E-016,-0.464723172043769,0.88545602565321));
#6180=CARTESIAN_POINT('',(11.75,-18.3906391699688,-7.3934289013967));
#6181=DIRECTION('',(-1.0,0.0,-1.22460635382238E-016));
#6182=DIRECTION('',(-1.08433507504523E-016,-0.464723172043769,0.88545602565321));
#6183=DIRECTION('',(5.69102949253289E-017,-0.88545602565321,-0.464723172043769));
#6184=CARTESIAN_POINT('',(11.75,-17.4080654643421,-9.13645756238049));
#6185=DIRECTION('',(1.0,0.0,1.22460635382238E-016));
#6186=DIRECTION('',(-1.08433507504523E-016,-0.464723172043769,0.88545602565321));
#6187=DIRECTION('',(-5.69102949253289E-017,0.88545602565321,0.464723172043769));
#6188=DIRECTION('',(1.0,0.0,6.12303176911189E-017));
#6189=DIRECTION('',(0.0,-0.88545602565321,-0.464723172043769));
#6190=DIRECTION('',(1.0,0.0,6.12303176911189E-017));
#6191=DIRECTION('',(1.0,0.0,6.12303176911189E-017));
#6192=CARTESIAN_POINT('',(2.75,-17.4080654643421,-9.13645756238049));
#6193=DIRECTION('',(-1.0,-0.0,0.0));
#6194=DIRECTION('',(0.0,-0.464723172043769,0.88545602565321));
#6195=DIRECTION('',(1.0,0.0,6.12303176911189E-017));
#6196=DIRECTION('',(-0.0,0.88545602565321,0.464723172043769));
#6197=DIRECTION('',(1.0,0.0,6.12303176911189E-017));
#6198=CARTESIAN_POINT('',(2.75,-18.3906391699688,-7.3934289013967));
#6199=DIRECTION('',(1.0,0.0,0.0));
#6200=DIRECTION('',(0.0,-0.464723172043769,0.88545602565321));
#6201=DIRECTION('',(-1.0,-0.0,-6.12303176911189E-017));
#6202=CARTESIAN_POINT('',(2.75,0.0,1.68383373650577E-016));
#6203=DIRECTION('',(1.0,0.0,6.12303176911189E-017));
#6204=DIRECTION('',(6.12303176911189E-017,0.0,-1.0));
#6205=DIRECTION('',(1.0,0.0,6.12303176911189E-017));
#6206=CARTESIAN_POINT('',(2.75,-18.6683413110666,-6.66118853460274));
#6207=DIRECTION('',(1.0,0.0,0.0));
#6208=DIRECTION('',(0.0,-0.239315664287557,0.970941817426052));
#6209=DIRECTION('',(1.0,0.0,6.12303176911189E-017));
#6210=DIRECTION('',(0.0,-0.970941817426052,-0.239315664287557));
#6211=DIRECTION('',(1.0,0.0,6.12303176911189E-017));
#6212=CARTESIAN_POINT('',(2.75,-19.0887161305962,-4.70494595989338));
#6213=DIRECTION('',(-1.0,-0.0,0.0));
#6214=DIRECTION('',(0.0,-0.239315664287557,0.970941817426052));
#6215=DIRECTION('',(1.0,0.0,6.12303176911189E-017));
#6216=DIRECTION('',(-0.0,0.970941817426052,0.239315664287557));
#6217=DIRECTION('',(1.0,0.0,6.12303176911189E-017));
#6218=CARTESIAN_POINT('',(2.75,-19.6256039682169,-2.77742126489853));
#6219=DIRECTION('',(1.0,0.0,0.0));
#6220=DIRECTION('',(0.0,-0.239315664287557,0.970941817426052));
#6221=DIRECTION('',(-1.0,-0.0,-6.12303176911189E-017));
#6222=CARTESIAN_POINT('',(2.75,0.0,1.68383373650577E-016));
#6223=DIRECTION('',(1.0,0.0,6.12303176911189E-017));
#6224=DIRECTION('',(6.12303176911189E-017,0.0,-1.0));
#6225=DIRECTION('',(1.0,0.0,6.12303176911189E-017));
#6226=CARTESIAN_POINT('',(2.75,-19.72,-2.0));
#6227=DIRECTION('',(1.0,0.0,-0.0));
#6228=DIRECTION('',(0.0,1.22460635382238E-016,1.0));
#6229=DIRECTION('',(1.0,0.0,6.12303176911189E-017));
#6230=DIRECTION('',(0.0,-1.0,1.22460635382238E-016));
#6231=DIRECTION('',(1.0,0.0,6.12303176911189E-017));
#6232=CARTESIAN_POINT('',(2.75,-19.66,2.60246656625547E-015));
#6233=DIRECTION('',(-1.0,0.0,0.0));
#6234=DIRECTION('',(0.0,1.22460635382238E-016,1.0));
#6235=DIRECTION('',(1.0,0.0,6.12303176911189E-017));
#6236=DIRECTION('',(0.0,1.0,-1.22460635382238E-016));
#6237=DIRECTION('',(1.0,0.0,6.12303176911189E-017));
#6238=CARTESIAN_POINT('',(2.75,-19.72,2.0));
#6239=DIRECTION('',(1.0,0.0,-0.0));
#6240=DIRECTION('',(0.0,1.22460635382238E-016,1.0));
#6241=DIRECTION('',(-1.0,-0.0,-6.12303176911189E-017));
#6242=DIRECTION('',(1.0,0.0,6.12303176911189E-017));
#6243=CARTESIAN_POINT('',(2.75,-19.6256039682169,2.77742126489854));
#6244=DIRECTION('',(1.0,0.0,-0.0));
#6245=DIRECTION('',(0.0,0.239315664287558,0.970941817426052));
#6246=DIRECTION('',(1.0,0.0,6.12303176911189E-017));
#6247=DIRECTION('',(0.0,-0.970941817426052,0.239315664287558));
#6248=DIRECTION('',(1.0,0.0,6.12303176911189E-017));
#6249=CARTESIAN_POINT('',(2.75,-19.0887161305962,4.70494595989339));
#6250=DIRECTION('',(-1.0,0.0,0.0));
#6251=DIRECTION('',(0.0,0.239315664287558,0.970941817426052));
#6252=DIRECTION('',(1.0,0.0,6.12303176911189E-017));
#6253=DIRECTION('',(0.0,0.970941817426052,-0.239315664287558));
#6254=DIRECTION('',(1.0,0.0,6.12303176911189E-017));
#6255=CARTESIAN_POINT('',(2.75,-18.6683413110666,6.66118853460275));
#6256=DIRECTION('',(1.0,0.0,-0.0));
#6257=DIRECTION('',(0.0,0.239315664287558,0.970941817426052));
#6258=DIRECTION('',(-1.0,-0.0,-6.12303176911189E-017));
#6259=DIRECTION('',(1.0,0.0,6.12303176911189E-017));
#6260=CARTESIAN_POINT('',(2.75,-18.3906391699688,7.3934289013967));
#6261=DIRECTION('',(1.0,0.0,-0.0));
#6262=DIRECTION('',(0.0,0.464723172043769,0.88545602565321));
#6263=DIRECTION('',(1.0,0.0,6.12303176911189E-017));
#6264=DIRECTION('',(0.0,-0.88545602565321,0.464723172043769));
#6265=DIRECTION('',(1.0,0.0,6.12303176911189E-017));
#6266=CARTESIAN_POINT('',(2.75,-17.4080654643421,9.13645756238049));
#6267=DIRECTION('',(-1.0,0.0,0.0));
#6268=DIRECTION('',(0.0,0.464723172043769,0.88545602565321));
#6269=DIRECTION('',(1.0,0.0,6.12303176911189E-017));
#6270=DIRECTION('',(0.0,0.88545602565321,-0.464723172043769));
#6271=DIRECTION('',(1.0,0.0,6.12303176911189E-017));
#6272=CARTESIAN_POINT('',(2.75,-16.5317464817938,10.9352530040095));
#6273=DIRECTION('',(1.0,0.0,-0.0));
#6274=DIRECTION('',(0.0,0.464723172043769,0.88545602565321));
#6275=DIRECTION('',(-1.0,-0.0,-6.12303176911189E-017));
#6276=DIRECTION('',(1.0,0.0,6.12303176911189E-017));
#6277=CARTESIAN_POINT('',(2.75,-16.0868772704157,11.5797573241663));
#6278=DIRECTION('',(1.0,0.0,-0.0));
#6279=DIRECTION('',(0.0,0.663122658240795,0.748510748171101));
#6280=DIRECTION('',(1.0,0.0,6.12303176911189E-017));
#6281=DIRECTION('',(0.0,-0.748510748171101,0.663122658240795));
#6282=DIRECTION('',(1.0,0.0,6.12303176911189E-017));
#6283=CARTESIAN_POINT('',(2.75,-14.7157213090438,13.036991461014));
#6284=DIRECTION('',(-1.0,0.0,0.0));
#6285=DIRECTION('',(0.0,0.663122658240795,0.748510748171101));
#6286=DIRECTION('',(1.0,0.0,6.12303176911189E-017));
#6287=DIRECTION('',(0.0,0.748510748171101,-0.663122658240795));
#6288=DIRECTION('',(1.0,0.0,6.12303176911189E-017));
#6289=CARTESIAN_POINT('',(2.75,-13.4343866374525,14.5738003168507));
#6290=DIRECTION('',(1.0,0.0,-0.0));
#6291=DIRECTION('',(0.0,0.663122658240795,0.748510748171101));
#6292=DIRECTION('',(-1.0,-0.0,-6.12303176911189E-017));
#6293=DIRECTION('',(1.0,0.0,6.12303176911189E-017));
#6294=CARTESIAN_POINT('',(2.75,-12.8482045373257,15.0931123419606));
#6295=DIRECTION('',(1.0,0.0,-0.0));
#6296=DIRECTION('',(0.0,0.822983865893656,0.568064746731156));
#6297=DIRECTION('',(1.0,0.0,6.12303176911189E-017));
#6298=DIRECTION('',(0.0,-0.568064746731156,0.822983865893656));
#6299=DIRECTION('',(1.0,0.0,6.12303176911189E-017));
#6300=CARTESIAN_POINT('',(2.75,-11.1681529207345,16.1798628034693));
#6301=DIRECTION('',(-1.0,0.0,0.0));
#6302=DIRECTION('',(0.0,0.822983865893656,0.568064746731156));
#6303=DIRECTION('',(1.0,0.0,6.12303176911189E-017));
#6304=DIRECTION('',(0.0,0.568064746731156,-0.822983865893656));
#6305=DIRECTION('',(1.0,0.0,6.12303176911189E-017));
#6306=CARTESIAN_POINT('',(2.75,-9.55626907375108,17.3653713288852));
#6307=DIRECTION('',(1.0,0.0,-0.0));
#6308=DIRECTION('',(0.0,0.822983865893656,0.568064746731156));
#6309=DIRECTION('',(-1.0,-0.0,-6.12303176911189E-017));
#6310=DIRECTION('',(1.0,0.0,6.12303176911189E-017));
#6311=CARTESIAN_POINT('',(2.75,-8.86284085784963,17.7293105316713));
#6312=DIRECTION('',(1.0,0.0,-0.0));
#6313=DIRECTION('',(0.0,0.935016242685415,0.354604887042536));
#6314=DIRECTION('',(1.0,0.0,6.12303176911189E-017));
#6315=DIRECTION('',(0.0,-0.354604887042536,0.935016242685415));
#6316=DIRECTION('',(1.0,0.0,6.12303176911189E-017));
#6317=CARTESIAN_POINT('',(2.75,-6.97153207925625,18.3824193311953));
#6318=DIRECTION('',(-1.0,0.0,0.0));
#6319=DIRECTION('',(0.0,0.935016242685415,0.354604887042536));
#6320=DIRECTION('',(1.0,0.0,6.12303176911189E-017));
#6321=DIRECTION('',(0.0,0.354604887042536,-0.935016242685415));
#6322=DIRECTION('',(1.0,0.0,6.12303176911189E-017));
#6323=CARTESIAN_POINT('',(2.75,-5.12277588710797,19.1477300798415));
#6324=DIRECTION('',(1.0,0.0,-0.0));
#6325=DIRECTION('',(0.0,0.935016242685415,0.354604887042536));
#6326=DIRECTION('',(-1.0,-0.0,-6.12303176911189E-017));
#6327=DIRECTION('',(1.0,0.0,6.12303176911189E-017));
#6328=CARTESIAN_POINT('',(2.75,-4.36240108283107,19.335145636703));
#6329=DIRECTION('',(1.0,0.0,-0.0));
#6330=DIRECTION('',(0.0,0.992708874098054,0.120536680255323));
#6331=DIRECTION('',(1.0,0.0,6.12303176911189E-017));
#6332=DIRECTION('',(0.0,-0.120536680255323,0.992708874098054));
#6333=DIRECTION('',(1.0,0.0,6.12303176911189E-017));
#6334=CARTESIAN_POINT('',(2.75,-2.36975113381965,19.5166564647677));
#6335=DIRECTION('',(-1.0,0.0,0.0));
#6336=DIRECTION('',(0.0,0.992708874098054,0.120536680255323));
#6337=DIRECTION('',(1.0,0.0,6.12303176911189E-017));
#6338=DIRECTION('',(0.0,0.120536680255323,-0.992708874098054));
#6339=DIRECTION('',(1.0,0.0,6.12303176911189E-017));
#6340=CARTESIAN_POINT('',(2.75,-0.39156558643886,19.8172923577243));
#6341=DIRECTION('',(1.0,0.0,-0.0));
#6342=DIRECTION('',(0.0,0.992708874098054,0.120536680255323));
#6343=DIRECTION('',(1.0,0.0,6.12303176911189E-017));
#6344=CARTESIAN_POINT('',(2.75,0.391565586438867,19.8172923577243));
#6345=DIRECTION('',(1.0,0.0,0.0));
#6346=DIRECTION('',(0.0,0.992708874098054,-0.120536680255323));
#6347=DIRECTION('',(1.0,0.0,6.12303176911189E-017));
#6348=DIRECTION('',(-0.0,0.120536680255323,0.992708874098054));
#6349=DIRECTION('',(1.0,0.0,6.12303176911189E-017));
#6350=CARTESIAN_POINT('',(2.75,2.36975113381965,19.5166564647677));
#6351=DIRECTION('',(-1.0,0.0,-0.0));
#6352=DIRECTION('',(0.0,0.992708874098054,-0.120536680255323));
#6353=DIRECTION('',(1.0,0.0,6.12303176911189E-017));
#6354=DIRECTION('',(0.0,-0.120536680255323,-0.992708874098054));
#6355=DIRECTION('',(1.0,0.0,6.12303176911189E-017));
#6356=CARTESIAN_POINT('',(2.75,4.36240108283108,19.335145636703));
#6357=DIRECTION('',(1.0,0.0,0.0));
#6358=DIRECTION('',(0.0,0.992708874098054,-0.120536680255323));
#6359=DIRECTION('',(-1.0,-0.0,-6.12303176911189E-017));
#6360=DIRECTION('',(1.0,0.0,6.12303176911189E-017));
#6361=CARTESIAN_POINT('',(2.75,5.12277588710798,19.1477300798415));
#6362=DIRECTION('',(1.0,0.0,0.0));
#6363=DIRECTION('',(0.0,0.935016242685415,-0.354604887042536));
#6364=DIRECTION('',(1.0,0.0,6.12303176911189E-017));
#6365=DIRECTION('',(-0.0,0.354604887042536,0.935016242685415));
#6366=DIRECTION('',(1.0,0.0,6.12303176911189E-017));
#6367=CARTESIAN_POINT('',(2.75,6.97153207925625,18.3824193311953));
#6368=DIRECTION('',(-1.0,0.0,-0.0));
#6369=DIRECTION('',(0.0,0.935016242685415,-0.354604887042536));
#6370=DIRECTION('',(1.0,0.0,6.12303176911189E-017));
#6371=DIRECTION('',(0.0,-0.354604887042536,-0.935016242685415));
#6372=DIRECTION('',(1.0,0.0,6.12303176911189E-017));
#6373=CARTESIAN_POINT('',(2.75,8.86284085784964,17.7293105316713));
#6374=DIRECTION('',(1.0,0.0,0.0));
#6375=DIRECTION('',(0.0,0.935016242685415,-0.354604887042536));
#6376=DIRECTION('',(-1.0,-0.0,-6.12303176911189E-017));
#6377=DIRECTION('',(1.0,0.0,6.12303176911189E-017));
#6378=CARTESIAN_POINT('',(2.75,9.55626907375108,17.3653713288852));
#6379=DIRECTION('',(1.0,0.0,0.0));
#6380=DIRECTION('',(0.0,0.822983865893656,-0.568064746731156));
#6381=DIRECTION('',(1.0,0.0,6.12303176911189E-017));
#6382=DIRECTION('',(-0.0,0.568064746731156,0.822983865893656));
#6383=DIRECTION('',(1.0,0.0,6.12303176911189E-017));
#6384=CARTESIAN_POINT('',(2.75,11.1681529207345,16.1798628034693));
#6385=DIRECTION('',(-1.0,0.0,-0.0));
#6386=DIRECTION('',(0.0,0.822983865893656,-0.568064746731156));
#6387=DIRECTION('',(1.0,0.0,6.12303176911189E-017));
#6388=DIRECTION('',(0.0,-0.568064746731156,-0.822983865893656));
#6389=DIRECTION('',(1.0,0.0,6.12303176911189E-017));
#6390=CARTESIAN_POINT('',(2.75,12.8482045373257,15.0931123419606));
#6391=DIRECTION('',(1.0,0.0,0.0));
#6392=DIRECTION('',(0.0,0.822983865893656,-0.568064746731156));
#6393=DIRECTION('',(-1.0,-0.0,-6.12303176911189E-017));
#6394=DIRECTION('',(1.0,0.0,6.12303176911189E-017));
#6395=CARTESIAN_POINT('',(2.75,13.4343866374525,14.5738003168507));
#6396=DIRECTION('',(1.0,0.0,0.0));
#6397=DIRECTION('',(0.0,0.663122658240795,-0.748510748171101));
#6398=DIRECTION('',(1.0,0.0,6.12303176911189E-017));
#6399=DIRECTION('',(-0.0,0.748510748171101,0.663122658240795));
#6400=DIRECTION('',(1.0,0.0,6.12303176911189E-017));
#6401=CARTESIAN_POINT('',(2.75,14.7157213090438,13.036991461014));
#6402=DIRECTION('',(-1.0,0.0,-0.0));
#6403=DIRECTION('',(0.0,0.663122658240795,-0.748510748171101));
#6404=DIRECTION('',(1.0,0.0,6.12303176911189E-017));
#6405=DIRECTION('',(0.0,-0.748510748171101,-0.663122658240795));
#6406=DIRECTION('',(1.0,0.0,6.12303176911189E-017));
#6407=CARTESIAN_POINT('',(2.75,16.0868772704157,11.5797573241663));
#6408=DIRECTION('',(1.0,0.0,0.0));
#6409=DIRECTION('',(0.0,0.663122658240795,-0.748510748171101));
#6410=DIRECTION('',(-1.0,-0.0,-6.12303176911189E-017));
#6411=DIRECTION('',(1.0,0.0,6.12303176911189E-017));
#6412=CARTESIAN_POINT('',(2.75,16.5317464817938,10.9352530040095));
#6413=DIRECTION('',(1.0,0.0,0.0));
#6414=DIRECTION('',(0.0,0.464723172043769,-0.88545602565321));
#6415=CARTESIAN_POINT('',(2.75,0.0,0.0));
#6416=DIRECTION('',(1.0,0.0,0.0));
#6417=DIRECTION('',(0.0,1.0,0.0));
#6418=DIRECTION('',(-0.0,0.88545602565321,0.464723172043769));
#6419=CARTESIAN_POINT('',(2.75,17.4080654643421,9.13645756238049));
#6420=DIRECTION('',(-1.0,0.0,-0.0));
#6421=DIRECTION('',(0.0,0.464723172043769,-0.88545602565321));
#6422=DIRECTION('',(0.0,-0.88545602565321,-0.464723172043769));
#6423=CARTESIAN_POINT('',(2.75,18.3906391699688,7.3934289013967));
#6424=DIRECTION('',(1.0,0.0,0.0));
#6425=DIRECTION('',(0.0,0.464723172043769,-0.88545602565321));
#6426=CARTESIAN_POINT('',(2.75,19.6256039682169,2.77742126489854));
#6427=DIRECTION('',(1.0,0.0,0.0));
#6428=DIRECTION('',(0.0,0.239315664287558,-0.970941817426052));
#6429=CARTESIAN_POINT('',(2.75,18.6683413110666,6.66118853460274));
#6430=DIRECTION('',(1.0,0.0,0.0));
#6431=DIRECTION('',(0.0,0.239315664287558,-0.970941817426052));
#6432=DIRECTION('',(-0.0,0.970941817426052,0.239315664287558));
#6433=CARTESIAN_POINT('',(2.75,19.0887161305962,4.70494595989338));
#6434=DIRECTION('',(-1.0,0.0,-0.0));
#6435=DIRECTION('',(0.0,0.239315664287558,-0.970941817426052));
#6436=DIRECTION('',(0.0,-0.970941817426052,-0.239315664287558));
#6437=CARTESIAN_POINT('',(2.75,19.72,-2.0));
#6438=DIRECTION('',(1.0,0.0,0.0));
#6439=DIRECTION('',(0.0,0.0,-1.0));
#6440=CARTESIAN_POINT('',(2.75,0.0,0.0));
#6441=DIRECTION('',(1.0,0.0,0.0));
#6442=DIRECTION('',(0.0,1.0,0.0));
#6443=CARTESIAN_POINT('',(2.75,19.72,2.0));
#6444=DIRECTION('',(1.0,0.0,0.0));
#6445=DIRECTION('',(0.0,0.0,-1.0));
#6446=DIRECTION('',(0.0,1.0,-0.0));
#6447=CARTESIAN_POINT('',(2.75,19.66,1.41876272660478E-016));
#6448=DIRECTION('',(-1.0,-0.0,-0.0));
#6449=DIRECTION('',(0.0,0.0,-1.0));
#6450=DIRECTION('',(0.0,-1.0,0.0));
#6451=CARTESIAN_POINT('',(2.75,18.6683413110666,-6.66118853460276));
#6452=DIRECTION('',(1.0,0.0,0.0));
#6453=DIRECTION('',(0.0,-0.239315664287559,-0.970941817426052));
#6454=CARTESIAN_POINT('',(2.75,0.0,0.0));
#6455=DIRECTION('',(1.0,0.0,0.0));
#6456=DIRECTION('',(0.0,1.0,0.0));
#6457=CARTESIAN_POINT('',(2.75,19.6256039682169,-2.77742126489855));
#6458=DIRECTION('',(1.0,0.0,0.0));
#6459=DIRECTION('',(0.0,-0.239315664287559,-0.970941817426052));
#6460=DIRECTION('',(0.0,0.970941817426052,-0.239315664287559));
#6461=CARTESIAN_POINT('',(2.75,19.0887161305962,-4.7049459598934));
#6462=DIRECTION('',(-1.0,-0.0,0.0));
#6463=DIRECTION('',(0.0,-0.239315664287559,-0.970941817426052));
#6464=DIRECTION('',(0.0,-0.970941817426052,0.239315664287559));
#6465=CARTESIAN_POINT('',(2.75,16.5317464817938,-10.9352530040095));
#6466=DIRECTION('',(1.0,0.0,0.0));
#6467=DIRECTION('',(0.0,-0.464723172043769,-0.88545602565321));
#6468=CARTESIAN_POINT('',(2.75,0.0,0.0));
#6469=DIRECTION('',(1.0,0.0,0.0));
#6470=DIRECTION('',(0.0,1.0,0.0));
#6471=CARTESIAN_POINT('',(2.75,18.3906391699688,-7.39342890139671));
#6472=DIRECTION('',(1.0,0.0,0.0));
#6473=DIRECTION('',(0.0,-0.464723172043769,-0.88545602565321));
#6474=DIRECTION('',(0.0,0.88545602565321,-0.464723172043769));
#6475=CARTESIAN_POINT('',(2.75,17.4080654643421,-9.1364575623805));
#6476=DIRECTION('',(-1.0,-0.0,0.0));
#6477=DIRECTION('',(0.0,-0.464723172043769,-0.88545602565321));
#6478=DIRECTION('',(0.0,-0.88545602565321,0.464723172043769));
#6479=CARTESIAN_POINT('',(2.75,13.4343866374525,-14.5738003168507));
#6480=DIRECTION('',(1.0,0.0,0.0));
#6481=DIRECTION('',(0.0,-0.663122658240796,-0.748510748171101));
#6482=CARTESIAN_POINT('',(2.75,0.0,0.0));
#6483=DIRECTION('',(1.0,0.0,0.0));
#6484=DIRECTION('',(0.0,1.0,0.0));
#6485=CARTESIAN_POINT('',(2.75,16.0868772704157,-11.5797573241663));
#6486=DIRECTION('',(1.0,0.0,0.0));
#6487=DIRECTION('',(0.0,-0.663122658240796,-0.748510748171101));
#6488=DIRECTION('',(0.0,0.748510748171101,-0.663122658240796));
#6489=CARTESIAN_POINT('',(2.75,14.7157213090438,-13.036991461014));
#6490=DIRECTION('',(-1.0,-0.0,0.0));
#6491=DIRECTION('',(0.0,-0.663122658240796,-0.748510748171101));
#6492=DIRECTION('',(0.0,-0.748510748171101,0.663122658240796));
#6493=CARTESIAN_POINT('',(2.75,9.55626907375107,-17.3653713288852));
#6494=DIRECTION('',(1.0,0.0,0.0));
#6495=DIRECTION('',(0.0,-0.822983865893657,-0.568064746731155));
#6496=CARTESIAN_POINT('',(2.75,0.0,0.0));
#6497=DIRECTION('',(1.0,0.0,0.0));
#6498=DIRECTION('',(0.0,1.0,0.0));
#6499=CARTESIAN_POINT('',(2.75,12.8482045373257,-15.0931123419606));
#6500=DIRECTION('',(1.0,0.0,0.0));
#6501=DIRECTION('',(0.0,-0.822983865893657,-0.568064746731155));
#6502=DIRECTION('',(0.0,0.568064746731155,-0.822983865893657));
#6503=CARTESIAN_POINT('',(2.75,11.1681529207345,-16.1798628034693));
#6504=DIRECTION('',(-1.0,-0.0,0.0));
#6505=DIRECTION('',(0.0,-0.822983865893657,-0.568064746731155));
#6506=DIRECTION('',(0.0,-0.568064746731155,0.822983865893657));
#6507=CARTESIAN_POINT('',(2.75,5.12277588710797,-19.1477300798415));
#6508=DIRECTION('',(1.0,0.0,0.0));
#6509=DIRECTION('',(0.0,-0.935016242685415,-0.354604887042536));
#6510=CARTESIAN_POINT('',(2.75,0.0,0.0));
#6511=DIRECTION('',(1.0,0.0,0.0));
#6512=DIRECTION('',(0.0,1.0,0.0));
#6513=CARTESIAN_POINT('',(2.75,8.86284085784963,-17.7293105316713));
#6514=DIRECTION('',(1.0,0.0,0.0));
#6515=DIRECTION('',(0.0,-0.935016242685415,-0.354604887042536));
#6516=DIRECTION('',(0.0,0.354604887042536,-0.935016242685415));
#6517=CARTESIAN_POINT('',(2.75,6.97153207925625,-18.3824193311953));
#6518=DIRECTION('',(-1.0,-0.0,0.0));
#6519=DIRECTION('',(0.0,-0.935016242685415,-0.354604887042536));
#6520=DIRECTION('',(0.0,-0.354604887042536,0.935016242685415));
#6521=CARTESIAN_POINT('',(2.75,0.391565586438849,-19.8172923577243));
#6522=DIRECTION('',(1.0,0.0,0.0));
#6523=DIRECTION('',(0.0,-0.992708874098054,-0.120536680255322));
#6524=CARTESIAN_POINT('',(2.75,0.0,0.0));
#6525=DIRECTION('',(1.0,0.0,0.0));
#6526=DIRECTION('',(0.0,1.0,0.0));
#6527=CARTESIAN_POINT('',(2.75,4.36240108283106,-19.335145636703));
#6528=DIRECTION('',(1.0,0.0,0.0));
#6529=DIRECTION('',(0.0,-0.992708874098054,-0.120536680255322));
#6530=DIRECTION('',(0.0,0.120536680255322,-0.992708874098054));
#6531=CARTESIAN_POINT('',(2.75,2.36975113381964,-19.5166564647677));
#6532=DIRECTION('',(-1.0,-0.0,0.0));
#6533=DIRECTION('',(0.0,-0.992708874098054,-0.120536680255322));
#6534=DIRECTION('',(0.0,-0.120536680255322,0.992708874098054));
#6535=CARTESIAN_POINT('',(2.75,-4.36240108283109,-19.335145636703));
#6536=DIRECTION('',(1.0,0.0,0.0));
#6537=DIRECTION('',(0.0,-0.992708874098054,0.120536680255324));
#6538=CARTESIAN_POINT('',(2.75,0.0,0.0));
#6539=DIRECTION('',(1.0,0.0,0.0));
#6540=DIRECTION('',(0.0,1.0,0.0));
#6541=CARTESIAN_POINT('',(2.75,-0.391565586438874,-19.8172923577243));
#6542=DIRECTION('',(1.0,0.0,0.0));
#6543=DIRECTION('',(0.0,-0.992708874098054,0.120536680255324));
#6544=DIRECTION('',(0.0,-0.120536680255324,-0.992708874098054));
#6545=CARTESIAN_POINT('',(2.75,-2.36975113381966,-19.5166564647677));
#6546=DIRECTION('',(-1.0,-0.0,0.0));
#6547=DIRECTION('',(0.0,-0.992708874098054,0.120536680255324));
#6548=DIRECTION('',(-0.0,0.120536680255324,0.992708874098054));
#6549=CARTESIAN_POINT('',(2.75,-8.86284085784964,-17.7293105316713));
#6550=DIRECTION('',(1.0,0.0,0.0));
#6551=DIRECTION('',(0.0,-0.935016242685415,0.354604887042536));
#6552=CARTESIAN_POINT('',(2.75,0.0,0.0));
#6553=DIRECTION('',(1.0,0.0,0.0));
#6554=DIRECTION('',(0.0,1.0,0.0));
#6555=CARTESIAN_POINT('',(2.75,-5.12277588710798,-19.1477300798415));
#6556=DIRECTION('',(1.0,0.0,0.0));
#6557=DIRECTION('',(0.0,-0.935016242685415,0.354604887042536));
#6558=DIRECTION('',(0.0,-0.354604887042536,-0.935016242685415));
#6559=CARTESIAN_POINT('',(2.75,-6.97153207925626,-18.3824193311953));
#6560=DIRECTION('',(-1.0,-0.0,0.0));
#6561=DIRECTION('',(0.0,-0.935016242685415,0.354604887042536));
#6562=DIRECTION('',(-0.0,0.354604887042536,0.935016242685415));
#6563=CARTESIAN_POINT('',(2.75,-12.8482045373257,-15.0931123419606));
#6564=DIRECTION('',(1.0,0.0,0.0));
#6565=DIRECTION('',(0.0,-0.822983865893656,0.568064746731156));
#6566=CARTESIAN_POINT('',(2.75,0.0,0.0));
#6567=DIRECTION('',(1.0,0.0,0.0));
#6568=DIRECTION('',(0.0,1.0,0.0));
#6569=CARTESIAN_POINT('',(2.75,-9.55626907375108,-17.3653713288852));
#6570=DIRECTION('',(1.0,0.0,0.0));
#6571=DIRECTION('',(0.0,-0.822983865893656,0.568064746731156));
#6572=DIRECTION('',(0.0,-0.568064746731156,-0.822983865893656));
#6573=CARTESIAN_POINT('',(2.75,-11.1681529207345,-16.1798628034693));
#6574=DIRECTION('',(-1.0,-0.0,0.0));
#6575=DIRECTION('',(0.0,-0.822983865893656,0.568064746731156));
#6576=DIRECTION('',(-0.0,0.568064746731156,0.822983865893656));
#6577=CARTESIAN_POINT('',(2.75,-16.0868772704157,-11.5797573241663));
#6578=DIRECTION('',(1.0,0.0,0.0));
#6579=DIRECTION('',(0.0,-0.663122658240795,0.748510748171101));
#6580=CARTESIAN_POINT('',(2.75,0.0,0.0));
#6581=DIRECTION('',(1.0,0.0,0.0));
#6582=DIRECTION('',(0.0,1.0,0.0));
#6583=CARTESIAN_POINT('',(2.75,-13.4343866374525,-14.5738003168507));
#6584=DIRECTION('',(1.0,0.0,0.0));
#6585=DIRECTION('',(0.0,-0.663122658240795,0.748510748171101));
#6586=DIRECTION('',(0.0,-0.748510748171101,-0.663122658240795));
#6587=CARTESIAN_POINT('',(2.75,-14.7157213090439,-13.036991461014));
#6588=DIRECTION('',(-1.0,-0.0,0.0));
#6589=DIRECTION('',(0.0,-0.663122658240795,0.748510748171101));
#6590=DIRECTION('',(-0.0,0.748510748171101,0.663122658240795));
#6591=CARTESIAN_POINT('',(2.75,0.0,0.0));
#6592=DIRECTION('',(1.0,0.0,0.0));
#6593=DIRECTION('',(0.0,1.0,0.0));
#6594=CARTESIAN_POINT('',(2.75,-16.5317464817938,-10.9352530040095));
#6595=DIRECTION('',(1.0,0.0,0.0));
#6596=DIRECTION('',(0.0,-0.464723172043769,0.88545602565321));
#6597=CARTESIAN_POINT('',(2.75,0.0,0.0));
#6598=DIRECTION('',(1.0,0.0,0.0));
#6599=DIRECTION('',(0.0,1.0,0.0));
#6600=CARTESIAN_POINT('',(0.939692620785909,0.0,0.0));
#6601=DIRECTION('',(1.0,0.0,0.0));
#6602=DIRECTION('',(0.0,1.0,0.0));
#6603=CARTESIAN_POINT('',(0.0,0.0,0.0));
#6604=DIRECTION('',(1.0,0.0,0.0));
#6605=DIRECTION('',(0.0,1.0,0.0));
#6606=CARTESIAN_POINT('',(2.75,0.0,1.68383373650577E-016));
#6607=DIRECTION('',(1.0,0.0,6.12303176911189E-017));
#6608=DIRECTION('',(6.12303176911189E-017,0.0,-1.0));
#6609=CARTESIAN_POINT('',(2.75,0.0,1.68383373650577E-016));
#6610=DIRECTION('',(1.0,0.0,6.12303176911189E-017));
#6611=DIRECTION('',(6.12303176911189E-017,0.0,-1.0));
#6612=CARTESIAN_POINT('',(2.75,0.0,1.68383373650577E-016));
#6613=DIRECTION('',(1.0,0.0,6.12303176911189E-017));
#6614=DIRECTION('',(6.12303176911189E-017,0.0,-1.0));
#6615=CARTESIAN_POINT('',(2.75,0.0,1.68383373650577E-016));
#6616=DIRECTION('',(1.0,0.0,6.12303176911189E-017));
#6617=DIRECTION('',(6.12303176911189E-017,0.0,-1.0));
#6618=CARTESIAN_POINT('',(2.75,0.0,1.68383373650577E-016));
#6619=DIRECTION('',(1.0,0.0,6.12303176911189E-017));
#6620=DIRECTION('',(6.12303176911189E-017,0.0,-1.0));
#6621=CARTESIAN_POINT('',(2.75,0.0,1.68383373650577E-016));
#6622=DIRECTION('',(1.0,0.0,6.12303176911189E-017));
#6623=DIRECTION('',(6.12303176911189E-017,0.0,-1.0));
#6624=CARTESIAN_POINT('',(2.75,0.0,1.68383373650577E-016));
#6625=DIRECTION('',(1.0,0.0,6.12303176911189E-017));
#6626=DIRECTION('',(6.12303176911189E-017,0.0,-1.0));
#6627=CARTESIAN_POINT('',(2.75,0.0,1.68383373650577E-016));
#6628=DIRECTION('',(1.0,0.0,6.12303176911189E-017));
#6629=DIRECTION('',(6.12303176911189E-017,0.0,-1.0));
#6630=CARTESIAN_POINT('',(2.75,0.0,1.68383373650577E-016));
#6631=DIRECTION('',(1.0,0.0,6.12303176911189E-017));
#6632=DIRECTION('',(6.12303176911189E-017,0.0,-1.0));
#6633=CARTESIAN_POINT('',(2.75,0.0,1.68383373650577E-016));
#6634=DIRECTION('',(1.0,0.0,6.12303176911189E-017));
#6635=DIRECTION('',(6.12303176911189E-017,0.0,-1.0));
#6636=CARTESIAN_POINT('',(2.75,0.0,1.68383373650577E-016));
#6637=DIRECTION('',(1.0,0.0,6.12303176911189E-017));
#6638=DIRECTION('',(6.12303176911189E-017,0.0,-1.0));
#6639=DIRECTION('',(-1.0,-0.0,-6.12303176911189E-017));
#6640=DIRECTION('',(1.0,0.0,6.12303176911189E-017));
#6641=DIRECTION('',(1.0,0.0,6.12303176911189E-017));
#6642=DIRECTION('',(1.0,0.0,6.12303176911189E-017));
#6643=DIRECTION('',(1.0,0.0,6.12303176911189E-017));
#6644=DIRECTION('',(1.0,0.0,6.12303176911189E-017));
#6645=DIRECTION('',(-1.0,-0.0,-6.12303176911189E-017));
#6646=DIRECTION('',(1.0,0.0,6.12303176911189E-017));
#6647=DIRECTION('',(1.0,0.0,6.12303176911189E-017));
#6648=DIRECTION('',(1.0,0.0,6.12303176911189E-017));
#6649=DIRECTION('',(1.0,0.0,6.12303176911189E-017));
#6650=DIRECTION('',(1.0,0.0,6.12303176911189E-017));
#6651=DIRECTION('',(-1.0,-0.0,-6.12303176911189E-017));
#6652=DIRECTION('',(1.0,0.0,6.12303176911189E-017));
#6653=DIRECTION('',(1.0,0.0,6.12303176911189E-017));
#6654=DIRECTION('',(1.0,0.0,6.12303176911189E-017));
#6655=DIRECTION('',(1.0,0.0,6.12303176911189E-017));
#6656=DIRECTION('',(1.0,0.0,6.12303176911189E-017));
#6657=DIRECTION('',(-1.0,-0.0,-6.12303176911189E-017));
#6658=DIRECTION('',(1.0,0.0,6.12303176911189E-017));
#6659=DIRECTION('',(1.0,0.0,6.12303176911189E-017));
#6660=DIRECTION('',(1.0,0.0,6.12303176911189E-017));
#6661=DIRECTION('',(1.0,0.0,6.12303176911189E-017));
#6662=DIRECTION('',(1.0,0.0,6.12303176911189E-017));
#6663=DIRECTION('',(-1.0,-0.0,-6.12303176911189E-017));
#6664=DIRECTION('',(1.0,0.0,6.12303176911189E-017));
#6665=DIRECTION('',(1.0,0.0,6.12303176911189E-017));
#6666=DIRECTION('',(1.0,0.0,6.12303176911189E-017));
#6667=DIRECTION('',(1.0,0.0,6.12303176911189E-017));
#6668=DIRECTION('',(-1.0,-0.0,-6.12303176911189E-017));
#6669=DIRECTION('',(1.0,0.0,6.12303176911189E-017));
#6670=DIRECTION('',(1.0,0.0,6.12303176911189E-017));
#6671=DIRECTION('',(1.0,0.0,6.12303176911189E-017));
#6672=DIRECTION('',(1.0,0.0,6.12303176911189E-017));
#6673=DIRECTION('',(1.0,0.0,6.12303176911189E-017));
#6674=DIRECTION('',(-1.0,-0.0,-6.12303176911189E-017));
#6675=DIRECTION('',(1.0,0.0,6.12303176911189E-017));
#6676=DIRECTION('',(1.0,0.0,6.12303176911189E-017));
#6677=DIRECTION('',(1.0,0.0,6.12303176911189E-017));
#6678=DIRECTION('',(1.0,0.0,6.12303176911189E-017));
#6679=DIRECTION('',(1.0,0.0,6.12303176911189E-017));
#6680=DIRECTION('',(-1.0,-0.0,-6.12303176911189E-017));
#6681=DIRECTION('',(1.0,0.0,6.12303176911189E-017));
#6682=DIRECTION('',(1.0,0.0,6.12303176911189E-017));
#6683=DIRECTION('',(1.0,0.0,6.12303176911189E-017));
#6684=DIRECTION('',(1.0,0.0,6.12303176911189E-017));
#6685=DIRECTION('',(1.0,0.0,6.12303176911189E-017));
#6686=DIRECTION('',(-1.0,-0.0,-6.12303176911189E-017));
#6687=DIRECTION('',(1.0,0.0,6.12303176911189E-017));
#6688=DIRECTION('',(1.0,0.0,6.12303176911189E-017));
#6689=DIRECTION('',(1.0,0.0,6.12303176911189E-017));
#6690=DIRECTION('',(1.0,0.0,6.12303176911189E-017));
#6691=DIRECTION('',(1.0,0.0,6.12303176911189E-017));
#6692=DIRECTION('',(-1.0,-0.0,-6.12303176911189E-017));
#6693=DIRECTION('',(1.0,0.0,6.12303176911189E-017));
#6694=DIRECTION('',(1.0,0.0,6.12303176911189E-017));
#6695=DIRECTION('',(1.0,0.0,6.12303176911189E-017));
#6696=DIRECTION('',(1.0,0.0,6.12303176911189E-017));
#6697=DIRECTION('',(1.0,0.0,6.12303176911189E-017));
#6698=DIRECTION('',(-1.0,-0.0,-6.12303176911189E-017));
#6699=DIRECTION('',(1.0,0.0,6.12303176911189E-017));
#6700=DIRECTION('',(1.0,0.0,6.12303176911189E-017));
#6701=DIRECTION('',(1.0,0.0,6.12303176911189E-017));
#6702=DIRECTION('',(1.0,0.0,6.12303176911189E-017));
#6703=DIRECTION('',(1.0,0.0,6.12303176911189E-017));
#6704=DIRECTION('',(-1.0,-0.0,-6.12303176911189E-017));
#6705=DIRECTION('',(1.0,0.0,6.12303176911189E-017));
#6706=DIRECTION('',(1.0,0.0,6.12303176911189E-017));
#6707=DIRECTION('',(1.0,0.0,6.12303176911189E-017));
#6708=DIRECTION('',(1.0,0.0,6.12303176911189E-017));
#6709=DIRECTION('',(1.0,0.0,6.12303176911189E-017));
#6710=DIRECTION('',(1.0,0.0,6.12303176911189E-017));
#6711=DIRECTION('',(1.0,0.0,6.12303176911189E-017));
#6712=DIRECTION('',(1.0,0.0,6.12303176911189E-017));
#6713=DIRECTION('',(-1.0,-0.0,-6.12303176911189E-017));
#6714=DIRECTION('',(1.0,0.0,6.12303176911189E-017));
ENDSEC;
END-ISO-10303-21;
