ISO-10303-21;
HEADER;
FILE_DESCRIPTION (( 'STEP AP214' ),
    '1' );
FILE_NAME ('am-3571 2IN Molded 375Hex Compliant Wheel.STEP',
    '2023-07-27T17:55:28',
    ( '' ),
    ( '' ),
    'SwSTEP 2.0',
    'SolidWorks 2022',
    '' );
FILE_SCHEMA (( 'AUTOMOTIVE_DESIGN' ));
ENDSEC;

DATA;
#1 = CARTESIAN_POINT ( 'NONE',  ( 0.7845073384454098742, 0.2129648871045544400, 0.01038462063788531987 ) ) ;
#2 = CARTESIAN_POINT ( 'NONE',  ( -0.4162299583496126831, -0.1077527542386904208, 0.5000000000000000000 ) ) ;
#3 = CARTESIAN_POINT ( 'NONE',  ( -0.3194678765916727503, -0.3196064688128242848, 0.01042152944120965791 ) ) ;
#4 = CARTESIAN_POINT ( 'NONE',  ( -0.1147983566763609020, -0.4143420948662498438, 0.5000000000000001110 ) ) ;
#5 = DIRECTION ( 'NONE',  ( 0.1547469916382244737, -0.9879541328315394333, 0.000000000000000000 ) ) ;
#6 = CARTESIAN_POINT ( 'NONE',  ( -0.5010756907753638467, 0.09338860513229048366, 0.01034899496703637831 ) ) ;
#7 = ORIENTED_EDGE ( 'NONE', *, *, #2203, .F. ) ;
#8 = CARTESIAN_POINT ( 'NONE',  ( 0.000000000000000000, 0.000000000000000000, 0.000000000000000000 ) ) ;
#9 = CARTESIAN_POINT ( 'NONE',  ( -0.3002772841442368779, -0.6869490974512902914, 0.4904903611685590969 ) ) ;
#10 = LINE ( 'NONE', #5439, #236 ) ;
#11 = DIRECTION ( 'NONE',  ( 0.3393434259387310692, -0.9406625533485242219, 0.000000000000000000 ) ) ;
#12 = CARTESIAN_POINT ( 'NONE',  ( 0.2901994164328213777, -0.3269027046459184183, 0.1684179820175749631 ) ) ;
#13 = CARTESIAN_POINT ( 'NONE',  ( 0.4385645985888728671, -0.6113795068448367731, 0.4999999999999999445 ) ) ;
#14 = EDGE_LOOP ( 'NONE', ( #8277, #2898, #1204, #4590 ) ) ;
#15 = ORIENTED_EDGE ( 'NONE', *, *, #6132, .F. ) ;
#16 = ORIENTED_EDGE ( 'NONE', *, *, #4726, .F. ) ;
#17 = VERTEX_POINT ( 'NONE', #1377 ) ;
#18 = CARTESIAN_POINT ( 'NONE',  ( 0.2569403922685266628, 0.7862585189358827220, 0.5000000000000000000 ) ) ;
#19 = CARTESIAN_POINT ( 'NONE',  ( 0.1098644940465999392, 0.4238366943331075554, 0.000000000000000000 ) ) ;
#20 = CARTESIAN_POINT ( 'NONE',  ( 0.2345680585247094385, 0.7853153347202311840, 0.000000000000000000 ) ) ;
#21 = CARTESIAN_POINT ( 'NONE',  ( 0.5080782147696868423, -0.6251128175459728098, 0.4905613818148976124 ) ) ;
#22 = CARTESIAN_POINT ( 'NONE',  ( -0.1693479637828859963, 0.4808192774303037265, -2.134256245050205639E-18 ) ) ;
#23 = CARTESIAN_POINT ( 'NONE',  ( -0.4905442574714319326, 0.5952441863497153207, -7.700214222571754959E-15 ) ) ;
#24 = EDGE_CURVE ( 'NONE', #3581, #8101, #8599, .T. ) ;
#25 = CARTESIAN_POINT ( 'NONE',  ( 0.7372787456119976879, 0.1077103995431552691, 0.000000000000000000 ) ) ;
#26 = ORIENTED_EDGE ( 'NONE', *, *, #5322, .F. ) ;
#27 = CARTESIAN_POINT ( 'NONE',  ( 0.4488132840983443117, 0.1085079526397592919, 3.841661241090369843E-17 ) ) ;
#28 = CARTESIAN_POINT ( 'NONE',  ( 0.1044319626833833531, 0.4226189711987460296, 0.000000000000000000 ) ) ;
#29 = CARTESIAN_POINT ( 'NONE',  ( -1.001162528036041260E-15, -0.08339469686209473320, 0.000000000000000000 ) ) ;
#30 = DIRECTION ( 'NONE',  ( -0.000000000000000000, -0.000000000000000000, -1.000000000000000000 ) ) ;
#31 = DIRECTION ( 'NONE',  ( -0.8660254037844327124, 0.5000000000000103251, 0.000000000000000000 ) ) ;
#32 = EDGE_CURVE ( 'NONE', #3017, #7812, #2067, .T. ) ;
#33 = CARTESIAN_POINT ( 'NONE',  ( -7.879492197718002470E-16, -0.06663272750605526984, 0.4899999999999999911 ) ) ;
#34 = CARTESIAN_POINT ( 'NONE',  ( -0.3987376623598042347, -0.1465214600382234167, 0.3635569265345392487 ) ) ;
#35 = DIRECTION ( 'NONE',  ( 0.000000000000000000, 0.000000000000000000, 1.000000000000000000 ) ) ;
#36 = CARTESIAN_POINT ( 'NONE',  ( -0.2099865250899003721, -0.7911696661734953784, 0.1732836465128083647 ) ) ;
#37 = CIRCLE ( 'NONE', #4399, 0.01000000000000000021 ) ;
#38 = CARTESIAN_POINT ( 'NONE',  ( -0.4496564914547024339, -0.08474037474526426028, 0.4904181029472116649 ) ) ;
#39 = CARTESIAN_POINT ( 'NONE',  ( -0.1743684968332457896, 0.4386913484509186167, 0.5000000000000001110 ) ) ;
#40 = EDGE_CURVE ( 'NONE', #5132, #3088, #8169, .T. ) ;
#41 = DIRECTION ( 'NONE',  ( 0.000000000000000000, 0.000000000000000000, 1.000000000000000000 ) ) ;
#42 = VECTOR ( 'NONE', #3098, 39.37007874015748143 ) ;
#43 = DIRECTION ( 'NONE',  ( 0.5000000000000114353, 0.8660254037844320463, -0.000000000000000000 ) ) ;
#44 = VERTEX_POINT ( 'NONE', #8162 ) ;
#45 = B_SPLINE_CURVE_WITH_KNOTS ( 'NONE', 3,
 ( #4692, #2054, #7377, #3419, #2629, #4031, #6725, #4739, #7418, #4076, #6769, #728, #5437, #5555, #842, #2878, #2835, #1640 ),
 .UNSPECIFIED., .F., .F.,
 ( 4, 2, 2, 2, 2, 2, 2, 2, 4 ),
 ( 8.673617379884034509E-19, 0.0006407458898095793904, 0.001281491779619157913, 0.001922237669428736436, 0.002562983559238314960, 0.003203729449047893266, 0.003844475338857472006, 0.004485221228667050745, 0.005125967118476629052 ),
 .UNSPECIFIED. ) ;
#46 = CARTESIAN_POINT ( 'NONE',  ( 0.9728827275060553115, 0.000000000000000000, 0.4899999999999999911 ) ) ;
#47 = CARTESIAN_POINT ( 'NONE',  ( -0.3007399994255651188, -0.6868732753060704521, 0.4999999999999998335 ) ) ;
#48 = CARTESIAN_POINT ( 'NONE',  ( 0.5010756907753659561, 0.09338860513227950633, 0.01034899496702501066 ) ) ;
#49 = CIRCLE ( 'NONE', #2876, 0.01000000000000006786 ) ;
#50 = CARTESIAN_POINT ( 'NONE',  ( 0.4203605064649951761, -0.5748324831402805701, 0.4903489949670250536 ) ) ;
#51 = DIRECTION ( 'NONE',  ( -0.8660254037844384856, -0.5000000000000004441, 0.000000000000000000 ) ) ;
#52 = CARTESIAN_POINT ( 'NONE',  ( 0.5288425654857620284, 0.5961938812700251500, 0.01055190533826929136 ) ) ;
#53 = EDGE_LOOP ( 'NONE', ( #8191, #1292, #7768, #5324 ) ) ;
#54 = ORIENTED_EDGE ( 'NONE', *, *, #1416, .T. ) ;
#55 = VECTOR ( 'NONE', #30, 39.37007874015748143 ) ;
#56 = ORIENTED_EDGE ( 'NONE', *, *, #4247, .T. ) ;
#57 = ORIENTED_EDGE ( 'NONE', *, *, #6459, .T. ) ;
#58 = DIRECTION ( 'NONE',  ( -0.000000000000000000, -0.000000000000000000, -1.000000000000000000 ) ) ;
#59 = CARTESIAN_POINT ( 'NONE',  ( -0.09468095156779567090, 0.4117349837032185378, 0.4903936940980125336 ) ) ;
#60 = CARTESIAN_POINT ( 'NONE',  ( 0.2751469177230408958, 0.6433578351329032330, 0.000000000000000000 ) ) ;
#61 = CARTESIAN_POINT ( 'NONE',  ( -0.3953621233729968654, 0.1186031973534003164, 0.5000000000000000000 ) ) ;
#62 = CARTESIAN_POINT ( 'NONE',  ( -0.5763377827354060345, 0.5967492661558785327, 0.4903489949670350456 ) ) ;
#63 = CARTESIAN_POINT ( 'NONE',  ( 0.09021097956088186542, 0.1562499999999989730, 0.01000000000000002970 ) ) ;
#64 = CARTESIAN_POINT ( 'NONE',  ( -0.5134329566716578919, 0.5972297062211218144, -1.368811615769132831E-15 ) ) ;
#66 = B_SPLINE_CURVE_WITH_KNOTS ( 'NONE', 3,
 ( #7655, #7081, #3603, #871, #962, #1049, #1627, #1579, #4301, #248, #2954, #3734, #384, #3648, #6342, #7789, #3039, #8461 ),
 .UNSPECIFIED., .F., .F.,
 ( 4, 2, 2, 2, 2, 2, 2, 2, 4 ),
 ( 0.000000000000000000, 0.0006407458898095781978, 0.001281491779619156396, 0.001922237669428734485, 0.002562983559238312791, 0.003203729449047891097, 0.003844475338857468970, 0.004485221228667047276, 0.005125967118476625582 ),
 .UNSPECIFIED. ) ;
#65 = COLOUR_RGB ( '',0.000000000000000000, 1.000000000000000000, 0.000000000000000000 ) ;
#67 =( BOUNDED_SURFACE ( )  B_SPLINE_SURFACE ( 3, 2, ( 
 ( #1692, #2970, #4365 ),
 ( #7103, #7053, #1022 ),
 ( #402, #5740, #2396 ),
 ( #5076, #3103, #8478 ),
 ( #4571, #5328, #1986 ),
 ( #3819, #2462, #5993 ),
 ( #7263, #8501, #4525 ),
 ( #1223, #7173, #6512 ),
 ( #7831, #6695, #7307 ),
 ( #3915, #5140, #609 ),
 ( #2512, #4479, #5903 ),
 ( #3263, #5946, #471 ),
 ( #3171, #2600, #5279 ),
 ( #3307, #7977, #1942 ),
 ( #1273, #3958, #7347 ),
 ( #6648, #6199, #4162 ) ),
 .UNSPECIFIED., .F., .F., .T. ) 
 B_SPLINE_SURFACE_WITH_KNOTS ( ( 4, 2, 2, 2, 2, 2, 2, 4 ),
 ( 3, 3 ),
 ( -1.973247953923618070E-17, 0.0006407458898095682231, 0.001281491779619156179, 0.001922237669428744243, 0.002562983559238332307, 0.003203729449047920154, 0.003844475338857508435, 0.005125967118476684563 ),
 ( 0.000000000000000000, 1.000000000000000000 ),
 .UNSPECIFIED. ) 
 GEOMETRIC_REPRESENTATION_ITEM ( )  RATIONAL_B_SPLINE_SURFACE ( (
 ( 1.000000000000000000, 0.6946583704589972541, 1.000000000000000000),
 ( 1.000000000000000000, 0.6933767352690172192, 1.000000000000000000),
 ( 1.000000000000000000, 0.6922265565842889989, 1.000000000000000000),
 ( 1.000000000000000000, 0.6901872757727699481, 1.000000000000000000),
 ( 1.000000000000000000, 0.6892945585908084594, 1.000000000000000000),
 ( 1.000000000000000000, 0.6878675034584250669, 1.000000000000000000),
 ( 1.000000000000000000, 0.6873171547182268526, 1.000000000000000000),
 ( 1.000000000000000000, 0.6865733876658481893, 1.000000000000000000),
 ( 1.000000000000000000, 0.6863887938870536498, 1.000000000000000000),
 ( 1.000000000000000000, 0.6863856629342734994, 1.000000000000000000),
 ( 1.000000000000000000, 0.6865740075849587898, 1.000000000000000000),
 ( 1.000000000000000000, 0.6873061741181695217, 1.000000000000000000),
 ( 1.000000000000000000, 0.6878546578927288158, 1.000000000000000000),
 ( 1.000000000000000000, 0.6900093297037558360, 1.000000000000000000),
 ( 1.000000000000000000, 0.6920776673055381023, 1.000000000000000000),
 ( 1.000000000000000000, 0.6946583704589985864, 1.000000000000000000) ) ) 
 REPRESENTATION_ITEM ( '' )  SURFACE ( )  );
#68 = CARTESIAN_POINT ( 'NONE',  ( -0.4356599629973840759, -0.5798870069319802534, 0.000000000000000000 ) ) ;
#69 = B_SPLINE_CURVE_WITH_KNOTS ( 'NONE', 3,
 ( #8674, #2547, #2632, #7965, #456, #5181, #1840, #3903, #8011, #4512, #7204, #5223, #1165, #6547 ),
 .UNSPECIFIED., .F., .F.,
 ( 4, 2, 2, 2, 2, 2, 4 ),
 ( 2.168404344971008627E-19, 0.0008346611135208344395, 0.001251991670281251117, 0.001669322227041667795, 0.002086652783802084472, 0.002503983340562500933, 0.003338644454083330819 ),
 .UNSPECIFIED. ) ;
#70 = ORIENTED_EDGE ( 'NONE', *, *, #2415, .F. ) ;
#71 = CARTESIAN_POINT ( 'NONE',  ( 0.07417598251891673045, -0.4137806659619445160, 0.4903489949670250536 ) ) ;
#72 = CARTESIAN_POINT ( 'NONE',  ( 0.4580650778245312638, 0.09200576433174954827, 0.000000000000000000 ) ) ;
#73 = ADVANCED_FACE ( 'NONE', ( #7408 ), #6145, .T. ) ;
#74 = CARTESIAN_POINT ( 'NONE',  ( 0.08757497785236627308, 0.4306726796976173000, -2.992811583564934930E-16 ) ) ;
#75 = DIRECTION ( 'NONE',  ( -0.8660254037844338226, 0.5000000000000083267, 0.000000000000000000 ) ) ;
#76 = CARTESIAN_POINT ( 'NONE',  ( -0.3860316643059775177, -0.1392606806979861112, 0.4899999999999999911 ) ) ;
#77 = FACE_OUTER_BOUND ( 'NONE', #4919, .T. ) ;
#78 = CARTESIAN_POINT ( 'NONE',  ( -0.3277554493044957384, 0.7550923267932144745, 0.001385477198296083306 ) ) ;
#79 = CARTESIAN_POINT ( 'NONE',  ( -0.5246942137974619502, 0.6336843036479519187, 0.5000000000000000000 ) ) ;
#80 = AXIS2_PLACEMENT_3D ( 'NONE', #6101, #41, #3531 ) ;
#81 = FACE_OUTER_BOUND ( 'NONE', #5712, .T. ) ;
#82 = EDGE_LOOP ( 'NONE', ( #6776, #6898 ) ) ;
#83 = EDGE_CURVE ( 'NONE', #8484, #3493, #1067, .T. ) ;
#84 = CARTESIAN_POINT ( 'NONE',  ( 0.7824032136805713078, 0.2204288059410589584, 0.01034899496702500372 ) ) ;
#85 = AXIS2_PLACEMENT_3D ( 'NONE', #7290, #5927, #6062 ) ;
#86 = CARTESIAN_POINT ( 'NONE',  ( -0.3860316643059805708, -0.1392606806979874989, 0.5000000000000000000 ) ) ;
#87 = CARTESIAN_POINT ( 'NONE',  ( -0.3232087277152453919, -0.3051104266161476231, 0.01041052122085309520 ) ) ;
#88 = CARTESIAN_POINT ( 'NONE',  ( 0.2003046611694404844, -0.7877954620204934422, 0.01034899496702894155 ) ) ;
#89 = VECTOR ( 'NONE', #7297, 39.37007874015748143 ) ;
#90 = ADVANCED_FACE ( 'NONE', ( #4811 ), #1775, .F. ) ;
#91 = CARTESIAN_POINT ( 'NONE',  ( 9.449174421913144345E-16, 0.08339469686209423360, 0.01000000000000000021 ) ) ;
#92 = CARTESIAN_POINT ( 'NONE',  ( -0.2864395980398462549, -0.7712406701912873919, 0.5000000000000000000 ) ) ;
#93 = AXIS2_PLACEMENT_3D ( 'NONE', #5907, #8596, #2423 ) ;
#94 = FACE_OUTER_BOUND ( 'NONE', #2455, .T. ) ;
#95 = CIRCLE ( 'NONE', #8274, 0.009999999999999995004 ) ;
#96 = CARTESIAN_POINT ( 'NONE',  ( 0.3110813693342872610, 0.3855554654225804012, 0.4903489949670249426 ) ) ;
#97 = LINE ( 'NONE', #1556, #5441 ) ;
#98 = APPLICATION_CONTEXT ( 'automotive_design' ) ;
#99 = CARTESIAN_POINT ( 'NONE',  ( 0.5833022986546299027, 0.5804498415277568046, 0.000000000000000000 ) ) ;
#100 = ORIENTED_EDGE ( 'NONE', *, *, #8519, .F. ) ;
#101 = ORIENTED_EDGE ( 'NONE', *, *, #8074, .F. ) ;
#102 = AXIS2_PLACEMENT_3D ( 'NONE', #1387, #2251, #6723 ) ;
#103 = ORIENTED_EDGE ( 'NONE', *, *, #4685, .F. ) ;
#104 = EDGE_CURVE ( 'NONE', #6076, #1980, #3745, .T. ) ;
#105 = ORIENTED_EDGE ( 'NONE', *, *, #3552, .F. ) ;
#106 = DIRECTION ( 'NONE',  ( 1.000000000000000000, 8.881784197001252323E-16, 0.000000000000000000 ) ) ;
#107 = CARTESIAN_POINT ( 'NONE',  ( -0.1783601429567440444, 0.4621821011988322958, 0.4903489949670249426 ) ) ;
#108 = CARTESIAN_POINT ( 'NONE',  ( 0.2027673521306191662, 0.7974811915099392357, 0.000000000000000000 ) ) ;
#109 = CARTESIAN_POINT ( 'NONE',  ( 0.4691324253459756566, -0.07817533043818565563, 0.4903933090338112866 ) ) ;
#110 = CARTESIAN_POINT ( 'NONE',  ( 0.1329496489048074548, 0.4100487624153859589, 0.5000000000000001110 ) ) ;
#111 = PLANE ( 'NONE',  #3730 ) ;
#112 = VECTOR ( 'NONE', #6943, 39.37007874015748143 ) ;
#113 = CARTESIAN_POINT ( 'NONE',  ( -0.4689061962408259121, -0.5881806272834756433, 2.803002303253346357E-15 ) ) ;
#114 = EDGE_LOOP ( 'NONE', ( #7299, #4877, #7390, #2945 ) ) ;
#115 = ORIENTED_EDGE ( 'NONE', *, *, #7699, .F. ) ;
#116 = CARTESIAN_POINT ( 'NONE',  ( 0.4291740151376676748, 0.1237301193523274723, 0.01041516670673435160 ) ) ;
#117 = DIRECTION ( 'NONE',  ( -1.000000000000000000, 0.000000000000000000, 0.000000000000000000 ) ) ;
#118 = DIRECTION ( 'NONE',  ( 0.9691633370640090339, 0.2464192080397835938, 0.000000000000000000 ) ) ;
#119 = CARTESIAN_POINT ( 'NONE',  ( 0.7708057805522163797, -0.08593589803294818252, 0.5000000000000000000 ) ) ;
#120 = DIRECTION ( 'NONE',  ( -1.000000000000000000, 1.178029542708651755E-14, 0.000000000000000000 ) ) ;
#121 = CARTESIAN_POINT ( 'NONE',  ( 0.9896446968620942197, 0.000000000000000000, 0.01000000000000000021 ) ) ;
#122 = CARTESIAN_POINT ( 'NONE',  ( -0.4386141641400045921, 0.5988375196985573634, 0.5000000000000000000 ) ) ;
#123 = CARTESIAN_POINT ( 'NONE',  ( -0.09468145427319772656, 0.4117350022747753857, 0.4903936949262462930 ) ) ;
#124 = ORIENTED_EDGE ( 'NONE', *, *, #3931, .F. ) ;
#125 = CARTESIAN_POINT ( 'NONE',  ( 0.7375586629631946112, 0.1072167556488975299, 0.01053680002881214259 ) ) ;
#126 = FACE_OUTER_BOUND ( 'NONE', #14, .T. ) ;
#127 = CARTESIAN_POINT ( 'NONE',  ( -0.3954325595773463542, -0.1426520477689101618, 0.4903489949670249426 ) ) ;
#128 = DIRECTION ( 'NONE',  ( 1.000000000000000000, 0.000000000000000000, 0.000000000000000000 ) ) ;
#129 = EDGE_CURVE ( 'NONE', #3853, #1836, #1634, .T. ) ;
#130 = CARTESIAN_POINT ( 'NONE',  ( 0.2003046611694411228, -0.7877954620204978831, 0.01034899496702501066 ) ) ;
#131 = CARTESIAN_POINT ( 'NONE',  ( -0.2991652065726023713, -0.7246865234686230561, 0.5000000000000000000 ) ) ;
#132 = LINE ( 'NONE', #730, #3762 ) ;
#133 = CARTESIAN_POINT ( 'NONE',  ( -0.4078358373339457388, 0.1573533917115213787, 0.01034899496702451106 ) ) ;
#134 = CARTESIAN_POINT ( 'NONE',  ( 0.4282057550059867324, 0.08786871447156759107, 0.1684179820175940867 ) ) ;
#135 = CARTESIAN_POINT ( 'NONE',  ( 0.5449605687937414400, 0.6175994005158916833, 0.4904903334465834375 ) ) ;
#136 = EDGE_CURVE ( 'NONE', #1532, #4249, #2170, .T. ) ;
#137 = B_SPLINE_CURVE_WITH_KNOTS ( 'NONE', 3,
 ( #5966, #8473, #3144, #1108, #2483, #5211, #2435, #7802, #5876, #4450, #6488, #5825, #8522, #7858, #1198, #1829 ),
 .UNSPECIFIED., .F., .F.,
 ( 4, 2, 2, 2, 2, 2, 2, 4 ),
 ( 8.673617379884035472E-19, 0.0004286688775617925442, 0.0008573377551235842210, 0.001286006632685375789, 0.001714675510247168659, 0.002143344387808961745, 0.002572013265370754181, 0.003429351020494338185 ),
 .UNSPECIFIED. ) ;
#138 = CARTESIAN_POINT ( 'NONE',  ( 0.5764098383381957014, 0.5726322939764879605, -3.255551903789247398E-14 ) ) ;
#139 = ORIENTED_EDGE ( 'NONE', *, *, #2001, .F. ) ;
#140 = ORIENTED_EDGE ( 'NONE', *, *, #1655, .T. ) ;
#141 = ORIENTED_EDGE ( 'NONE', *, *, #4102, .F. ) ;
#142 = CARTESIAN_POINT ( 'NONE',  ( 0.2986465907146059751, 0.7245679161984437400, 0.4905614448161027541 ) ) ;
#143 = LINE ( 'NONE', #5526, #4256 ) ;
#144 = CARTESIAN_POINT ( 'NONE',  ( 0.2622275360085930540, 0.6409686257750349947, 0.01034899496702500893 ) ) ;
#145 = CARTESIAN_POINT ( 'NONE',  ( 0.4404238069888279927, -0.08887124342953478529, 0.4904263066565967000 ) ) ;
#146 = CARTESIAN_POINT ( 'NONE',  ( 0.09470235715290102607, 0.4016803911754579515, 0.5000000000000000000 ) ) ;
#147 = CARTESIAN_POINT ( 'NONE',  ( 0.2313852965306354981, 0.8071047074696074963, 0.5000000000000000000 ) ) ;
#148 = DIRECTION ( 'NONE',  ( 0.5000000000000103251, 0.8660254037844326014, 0.000000000000000000 ) ) ;
#149 = CARTESIAN_POINT ( 'NONE',  ( 0.8180704370084791455, -0.1702442331649550999, 0.5000000000000000000 ) ) ;
#150 = EDGE_CURVE ( 'NONE', #4170, #4195, #6566, .T. ) ;
#151 = ORIENTED_EDGE ( 'NONE', *, *, #8294, .T. ) ;
#152 = VERTEX_POINT ( 'NONE', #3563 ) ;
#153 = ORIENTED_EDGE ( 'NONE', *, *, #2887, .F. ) ;
#154 = DIRECTION ( 'NONE',  ( 0.2464192080398438234, 0.9691633370639937128, 0.000000000000000000 ) ) ;
#155 = B_SPLINE_CURVE_WITH_KNOTS ( 'NONE', 3,
 ( #8030, #576, #5381, #1996, #7275, #6615, #5957 ),
 .UNSPECIFIED., .F., .F.,
 ( 4, 3, 4 ),
 ( 0.0002456008890775214634, 0.006241211021260299058, 0.01246129959652395730 ),
 .UNSPECIFIED. ) ;
#156 = DIRECTION ( 'NONE',  ( -1.365923996832132280E-14, -1.000000000000000000, 0.000000000000000000 ) ) ;
#157 = CARTESIAN_POINT ( 'NONE',  ( -0.2793659149528389674, 0.6480988665397191539, 0.3332843519825628986 ) ) ;
#158 = CARTESIAN_POINT ( 'NONE',  ( -0.2978380400375006398, -0.3472052902737215452, 0.4904196434101644742 ) ) ;
#159 = CARTESIAN_POINT ( 'NONE',  ( -0.4616317655848913293, 0.5851361610829619586, 0.01053680002881214085 ) ) ;
#160 = CARTESIAN_POINT ( 'NONE',  ( -0.4078358373339516785, -0.1573533917115129965, 0.01034899496703158527 ) ) ;
#161 = DIRECTION ( 'NONE',  ( 1.000000000000000000, 0.000000000000000000, 0.000000000000000000 ) ) ;
#162 = DIRECTION ( 'NONE',  ( 1.000000000000000000, -0.000000000000000000, 0.000000000000000000 ) ) ;
#163 = DIRECTION ( 'NONE',  ( 1.224646799147353207E-16, 1.000000000000000000, -0.000000000000000000 ) ) ;
#164 = CARTESIAN_POINT ( 'NONE',  ( -0.06764588407316197982, -0.4318728915606565577, 0.01034899496703158527 ) ) ;
#165 = CARTESIAN_POINT ( 'NONE',  ( -0.2695344871812926368, -0.7488431330126893437, 0.000000000000000000 ) ) ;
#166 = CARTESIAN_POINT ( 'NONE',  ( 0.4802476088217092487, 0.6036528324992109784, 0.000000000000000000 ) ) ;
#167 = AXIS2_PLACEMENT_3D ( 'NONE', #2362, #5703, #273 ) ;
#168 = CARTESIAN_POINT ( 'NONE',  ( 0.7894895971863064021, 0.1022751311477845537, 0.5000000000000000000 ) ) ;
#169 = CARTESIAN_POINT ( 'NONE',  ( -0.3954325595773454105, 0.1426520477689198207, 0.4903489949670250536 ) ) ;
#170 = EDGE_CURVE ( 'NONE', #2471, #1937, #3342, .T. ) ;
#171 = CARTESIAN_POINT ( 'NONE',  ( -0.2962942585325517020, -0.6464621647814223770, 0.5000000000000000000 ) ) ;
#172 = CARTESIAN_POINT ( 'NONE',  ( 0.4288574301066839789, 0.1235119288620131067, 0.01041668432707556179 ) ) ;
#173 = CARTESIAN_POINT ( 'NONE',  ( -0.4485814341027026808, -0.1081316668865432568, 0.01042312752873345884 ) ) ;
#174 = CARTESIAN_POINT ( 'NONE',  ( -0.2735762313122903633, -0.6693745446964198820, 0.01047287214295883166 ) ) ;
#175 = AXIS2_PLACEMENT_3D ( 'NONE', #928, #6312, #2964 ) ;
#176 = CARTESIAN_POINT ( 'NONE',  ( 0.5832805319173883785, 0.6039378985925204502, 0.5000000000000000000 ) ) ;
#177 = CARTESIAN_POINT ( 'NONE',  ( -0.3227597714111629101, -0.3922469289992507879, 0.000000000000000000 ) ) ;
#178 = ORIENTED_EDGE ( 'NONE', *, *, #3242, .F. ) ;
#179 = ORIENTED_EDGE ( 'NONE', *, *, #6349, .F. ) ;
#180 = VERTEX_POINT ( 'NONE', #204 ) ;
#181 = CIRCLE ( 'NONE', #3570, 0.01000000000000000021 ) ;
#182 = DIRECTION ( 'NONE',  ( -0.5000000000000103251, -0.8660254037844327124, 0.000000000000000000 ) ) ;
#183 = EDGE_CURVE ( 'NONE', #6072, #1519, #1931, .T. ) ;
#184 = CARTESIAN_POINT ( 'NONE',  ( 0.2988688624674943339, 0.6793793119831698091, 0.4904669564920931535 ) ) ;
#185 = CARTESIAN_POINT ( 'NONE',  ( 1.000000000000000000, 0.000000000000000000, 0.000000000000000000 ) ) ;
#186 = CARTESIAN_POINT ( 'NONE',  ( 0.4258380164193940609, -0.1273514465262658713, 0.01041052164822890182 ) ) ;
#187 = CARTESIAN_POINT ( 'NONE',  ( -0.4360313212714005959, 0.09145130306622238636, 0.5000000000000000000 ) ) ;
#188 = CARTESIAN_POINT ( 'NONE',  ( -0.1026294203092562723, 0.4324622633795030535, 0.01041052164822897641 ) ) ;
#189 = CARTESIAN_POINT ( 'NONE',  ( 0.3902637444257295307, -0.1288079109958114588, 0.5000000000000001110 ) ) ;
#190 = FACE_OUTER_BOUND ( 'NONE', #6643, .T. ) ;
#191 = AXIS2_PLACEMENT_3D ( 'NONE', #1288, #1822, #6659 ) ;
#192 = ORIENTED_EDGE ( 'NONE', *, *, #6499, .F. ) ;
#193 = ORIENTED_EDGE ( 'NONE', *, *, #3049, .T. ) ;
#194 = ORIENTED_EDGE ( 'NONE', *, *, #4039, .F. ) ;
#195 = DIRECTION ( 'NONE',  ( -0.000000000000000000, -0.000000000000000000, -1.000000000000000000 ) ) ;
#196 = ADVANCED_FACE ( 'NONE', ( #252 ), #8389, .T. ) ;
#197 = CARTESIAN_POINT ( 'NONE',  ( 0.7195075215990152095, 0.08821249405817079003, -0.000000000000000000 ) ) ;
#198 = ADVANCED_FACE ( 'NONE', ( #4931 ), #6271, .T. ) ;
#199 = CARTESIAN_POINT ( 'NONE',  ( 0.2994479437524233956, 0.7248324110776122042, 0.4905662028763859150 ) ) ;
#200 = CARTESIAN_POINT ( 'NONE',  ( 0.7653948670907246843, -0.09374219860717618313, 0.5000000000000000000 ) ) ;
#201 = CARTESIAN_POINT ( 'NONE',  ( -0.9728827275060553115, 1.197557222073068217E-16, 0.5000000000000000000 ) ) ;
#202 = CARTESIAN_POINT ( 'NONE',  ( -0.2993659384566330073, -0.3166425700085640504, 0.4904246938222636687 ) ) ;
#203 = CARTESIAN_POINT ( 'NONE',  ( -0.3227597714111629101, -0.3922469289992507879, 0.01000000000000000021 ) ) ;
#204 = CARTESIAN_POINT ( 'NONE',  ( -0.3024263908892105279, -0.3905524195576759450, 0.5000000000000000000 ) ) ;
#205 = CARTESIAN_POINT ( 'NONE',  ( 0.6862088809542765677, -0.09338860513229330085, 0.01034899496702500546 ) ) ;
#206 = CARTESIAN_POINT ( 'NONE',  ( 0.3263642677356637933, 0.3785039699137415781, 0.01037314513849274533 ) ) ;
#207 = ADVANCED_FACE ( 'NONE', ( #7707 ), #2800, .T. ) ;
#208 = CARTESIAN_POINT ( 'NONE',  ( 0.4299983619705401439, 0.1092800921813754378, -0.000000000000000000 ) ) ;
#209 = CARTESIAN_POINT ( 'NONE',  ( 0.3262601377725899421, -0.2720562150301010784, 0.3635569265345392487 ) ) ;
#210 = AXIS2_PLACEMENT_3D ( 'NONE', #7793, #7085, #1234 ) ;
#211 = DIRECTION ( 'NONE',  ( -0.5000000000000062172, 0.8660254037844350439, 0.000000000000000000 ) ) ;
#212 = CARTESIAN_POINT ( 'NONE',  ( 0.000000000000000000, 0.000000000000000000, 0.5000000000000000000 ) ) ;
#213 = CIRCLE ( 'NONE', #8256, 0.8128553031379056604 ) ;
#214 = CARTESIAN_POINT ( 'NONE',  ( 0.7487524835620135155, 0.07411833018001108553, 0.5000000000000000000 ) ) ;
#215 = CARTESIAN_POINT ( 'NONE',  ( 0.2610158856654806181, -0.7435935604654857478, 0.01057234243720710058 ) ) ;
#216 = CARTESIAN_POINT ( 'NONE',  ( 0.2340350955347577921, 0.7844947107019303312, 0.000000000000000000 ) ) ;
#217 = DIRECTION ( 'NONE',  ( -0.4999999999999904521, 0.8660254037844440367, 0.000000000000000000 ) ) ;
#218 = DIRECTION ( 'NONE',  ( 6.829619984160661399E-15, -1.000000000000000000, 0.000000000000000000 ) ) ;
#219 = DIRECTION ( 'NONE',  ( 0.000000000000000000, 0.000000000000000000, 1.000000000000000000 ) ) ;
#220 = CARTESIAN_POINT ( 'NONE',  ( 0.7079997865524694234, 0.06663272750604717909, 0.5000000000000000000 ) ) ;
#221 = CARTESIAN_POINT ( 'NONE',  ( 0.5137579199558254262, 0.6078523355634890546, 0.000000000000000000 ) ) ;
#222 = VERTEX_POINT ( 'NONE', #2611 ) ;
#223 = ORIENTED_EDGE ( 'NONE', *, *, #8610, .F. ) ;
#224 = AXIS2_PLACEMENT_3D ( 'NONE', #3687, #7706, #5632 ) ;
#225 = EDGE_LOOP ( 'NONE', ( #2063, #7921, #7722, #5984 ) ) ;
#226 = AXIS2_PLACEMENT_3D ( 'NONE', #8571, #7287, #1877 ) ;
#227 = CARTESIAN_POINT ( 'NONE',  ( -0.4217468447038279500, 0.08976207757012337474, 0.5000000000000001110 ) ) ;
#228 = CARTESIAN_POINT ( 'NONE',  ( -0.3183619351152292554, -0.3395714118060716991, 0.000000000000000000 ) ) ;
#229 = LINE ( 'NONE', #185, #8351 ) ;
#230 = CARTESIAN_POINT ( 'NONE',  ( 0.4168975367932207243, -0.1392944220799852140, 0.000000000000000000 ) ) ;
#231 = DIRECTION ( 'NONE',  ( -0.4999999999999746314, 0.8660254037844532515, 0.000000000000000000 ) ) ;
#232 = CARTESIAN_POINT ( 'NONE',  ( -0.1494019245059761691, 0.4427365517439715292, 0.000000000000000000 ) ) ;
#233 = CARTESIAN_POINT ( 'NONE',  ( 0.3879514854741651364, -0.1339389218425022787, 0.5000000000000000000 ) ) ;
#234 = DIRECTION ( 'NONE',  ( 0.000000000000000000, 0.000000000000000000, 1.000000000000000000 ) ) ;
#235 = CARTESIAN_POINT ( 'NONE',  ( -0.1514908156653363980, 0.4318218181834583280, 0.4904180468953600602 ) ) ;
#236 = VECTOR ( 'NONE', #6847, 39.37007874015748143 ) ;
#237 = ADVANCED_FACE ( 'NONE', ( #4395 ), #7938, .T. ) ;
#238 = ORIENTED_EDGE ( 'NONE', *, *, #83, .F. ) ;
#239 = ORIENTED_EDGE ( 'NONE', *, *, #913, .T. ) ;
#240 = ORIENTED_EDGE ( 'NONE', *, *, #1598, .F. ) ;
#241 = DIRECTION ( 'NONE',  ( 0.2755842502421206319, 0.9612769221293562261, 0.000000000000000000 ) ) ;
#242 = CARTESIAN_POINT ( 'NONE',  ( -0.6862088809542763457, 0.09338860513229296778, 0.01034899496702499679 ) ) ;
#243 = CARTESIAN_POINT ( 'NONE',  ( -0.3083854962667056387, 0.7268622491401468544, 0.4999999999999999445 ) ) ;
#244 = VECTOR ( 'NONE', #6469, 39.37007874015748143 ) ;
#245 = CARTESIAN_POINT ( 'NONE',  ( 0.4203605064650085543, 0.5748324831402717994, 0.4903489949670346570 ) ) ;
#246 = CARTESIAN_POINT ( 'NONE',  ( 0.000000000000000000, 0.000000000000000000, 0.01000000000000000021 ) ) ;
#247 = CARTESIAN_POINT ( 'NONE',  ( -0.5766300511462991718, 0.5858602346129251348, -0.000000000000000000 ) ) ;
#248 = CARTESIAN_POINT ( 'NONE',  ( -0.4886043012996721946, -0.6056935685082462939, -0.000000000000000000 ) ) ;
#249 = EDGE_CURVE ( 'NONE', #8608, #1039, #3787, .T. ) ;
#250 = CARTESIAN_POINT ( 'NONE',  ( -0.1919689645055476512, -1.086122276674095735E-15, 0.000000000000000000 ) ) ;
#251 = VECTOR ( 'NONE', #7487, 39.37007874015748143 ) ;
#252 = FACE_OUTER_BOUND ( 'NONE', #8494, .T. ) ;
#253 = CARTESIAN_POINT ( 'NONE',  ( -0.2965825097664474552, 0.7319717953805801036, 0.4905663007732030678 ) ) ;
#254 = CARTESIAN_POINT ( 'NONE',  ( 0.3232085961101396343, 0.3051108168532349341, 0.01041052164822898335 ) ) ;
#255 = CARTESIAN_POINT ( 'NONE',  ( -0.2313852965306179565, 0.8071047074696126034, 0.4899999999999999911 ) ) ;
#256 = FACE_OUTER_BOUND ( 'NONE', #2400, .T. ) ;
#257 = CARTESIAN_POINT ( 'NONE',  ( 0.3211081924094353335, 0.2711008630349315274, 0.4941086989442873834 ) ) ;
#258 = CARTESIAN_POINT ( 'NONE',  ( -0.4881746326265675728, 0.6694365506097945673, 0.1631304822317849179 ) ) ;
#259 = EDGE_CURVE ( 'NONE', #603, #7603, #5151, .T. ) ;
#260 = CARTESIAN_POINT ( 'NONE',  ( 0.7246195483037216611, 0.06757899391588491345, 0.5000000000000000000 ) ) ;
#261 = B_SPLINE_CURVE_WITH_KNOTS ( 'NONE', 3,
 ( #7900, #7851, #6662, #6009, #6622, #7189, #1244, #1151, #581, #5160, #8035, #5962, #6531, #626, #1824, #2619, #4681, #8705 ),
 .UNSPECIFIED., .F., .F.,
 ( 4, 2, 2, 2, 2, 2, 2, 2, 4 ),
 ( 0.000000000000000000, 0.0005890685110653349002, 0.001178137022130669800, 0.001767205533196004484, 0.002356274044261339601, 0.002945342555326675368, 0.003534411066392010269, 0.004123479577457345169, 0.004712548088522680069 ),
 .UNSPECIFIED. ) ;
#262 = CARTESIAN_POINT ( 'NONE',  ( 0.2826638409883621694, 0.7177272712469625615, -0.000000000000000000 ) ) ;
#263 = CARTESIAN_POINT ( 'NONE',  ( 0.4362173492308977218, 0.1166306271663096472, 0.01042306977814714056 ) ) ;
#264 = CARTESIAN_POINT ( 'NONE',  ( -0.3401899532607906007, 0.2745194998491434224, 0.01034899496702501066 ) ) ;
#265 = CARTESIAN_POINT ( 'NONE',  ( -0.2240387489162403989, 0.7959614442445853699, 0.4118156074920660825 ) ) ;
#266 = CARTESIAN_POINT ( 'NONE',  ( -0.2286311328130096188, -0.7974977940875972449, 0.4903489949670350456 ) ) ;
#267 = CARTESIAN_POINT ( 'NONE',  ( 0.4568757976300312218, 0.5939568659653940985, 0.000000000000000000 ) ) ;
#268 = ORIENTED_EDGE ( 'NONE', *, *, #2139, .F. ) ;
#269 = CARTESIAN_POINT ( 'NONE',  ( -0.7704962057032456180, -0.1390124008745028117, 0.01057748734879389481 ) ) ;
#270 = ORIENTED_EDGE ( 'NONE', *, *, #8063, .F. ) ;
#271 = DIRECTION ( 'NONE',  ( -0.4999999999999998890, -0.8660254037844385966, 0.000000000000000000 ) ) ;
#272 = CARTESIAN_POINT ( 'NONE',  ( -0.3095395495455228185, -0.3562608440143899546, 0.000000000000000000 ) ) ;
#273 = DIRECTION ( 'NONE',  ( -1.200511022531336859E-14, -1.000000000000000000, 0.000000000000000000 ) ) ;
#274 = CARTESIAN_POINT ( 'NONE',  ( 0.4365214163486955123, -0.1168639352718194441, 0.01042152950794385941 ) ) ;
#275 = CARTESIAN_POINT ( 'NONE',  ( 0.2350535715450952634, -0.7717127769191352016, 0.01049746206309111647 ) ) ;
#276 = DIRECTION ( 'NONE',  ( 0.000000000000000000, 0.000000000000000000, -1.000000000000000000 ) ) ;
#277 = CARTESIAN_POINT ( 'NONE',  ( 0.1810050409463266063, 0.4476431436397945163, 0.4999999999999999445 ) ) ;
#278 = CARTESIAN_POINT ( 'NONE',  ( 0.4173519017404983544, -0.09337712771036708881, 0.4999999999999999445 ) ) ;
#279 = CARTESIAN_POINT ( 'NONE',  ( 0.5892552948225924236, 0.5743422737581783677, 0.01000000000000000021 ) ) ;
#280 = CARTESIAN_POINT ( 'NONE',  ( -0.1432553684923933979, 0.4258386720832709749, 0.4999999999999951705 ) ) ;
#281 = CARTESIAN_POINT ( 'NONE',  ( 0.8052147011333476989, 0.2005310206600300071, 0.4956723049532018033 ) ) ;
#282 = ORIENTED_EDGE ( 'NONE', *, *, #4360, .F. ) ;
#283 = ORIENTED_EDGE ( 'NONE', *, *, #2162, .T. ) ;
#284 = B_SPLINE_CURVE_WITH_KNOTS ( 'NONE', 3,
 ( #2087, #4775, #1424, #5390, #1502, #838, #1461, #4111, #8204, #8083, #2048, #6801, #762, #4731 ),
 .UNSPECIFIED., .F., .F.,
 ( 4, 2, 2, 2, 2, 2, 4 ),
 ( 0.000000000000000000, 0.0008346611135472026700, 0.001251991670320804547, 0.001669322227094406424, 0.002086652783868007868, 0.002503983340641609961, 0.003338644454188815884 ),
 .UNSPECIFIED. ) ;
#285 = ORIENTED_EDGE ( 'NONE', *, *, #4409, .F. ) ;
#286 = LINE ( 'NONE', #2284, #112 ) ;
#287 = CARTESIAN_POINT ( 'NONE',  ( -0.2615993877355879405, 0.7935918971168576252, 0.5000000000000000000 ) ) ;
#288 = DIRECTION ( 'NONE',  ( -0.000000000000000000, -0.000000000000000000, -1.000000000000000000 ) ) ;
#289 = EDGE_CURVE ( 'NONE', #8145, #2581, #5433, .T. ) ;
#290 = CARTESIAN_POINT ( 'NONE',  ( -0.7195075215932995594, -0.08821249409177815692, 0.000000000000000000 ) ) ;
#291 = CARTESIAN_POINT ( 'NONE',  ( -0.2755101341471639098, 0.7002219023777718210, 0.01055220344049790336 ) ) ;
#292 = CARTESIAN_POINT ( 'NONE',  ( -0.5137499330478726423, 0.6078452796013547044, 0.000000000000000000 ) ) ;
#293 = CARTESIAN_POINT ( 'NONE',  ( -0.3093414371646334149, 0.2876479071698272438, 0.4903933132263862404 ) ) ;
#294 = CARTESIAN_POINT ( 'NONE',  ( 0.3217404341412291036, -0.3098105400772277473, 0.01041516670673398905 ) ) ;
#295 = CARTESIAN_POINT ( 'NONE',  ( 0.2922170403066104427, 0.3038841477005391201, 0.5000000000000001110 ) ) ;
#296 = CARTESIAN_POINT ( 'NONE',  ( 0.2986424845535285977, -0.7245546176318341525, 0.4905613951453547394 ) ) ;
#297 = CARTESIAN_POINT ( 'NONE',  ( 0.4219855913717912022, 0.1167729043482740592, 0.000000000000000000 ) ) ;
#298 = EDGE_CURVE ( 'NONE', #2724, #5186, #7327, .T. ) ;
#299 = CARTESIAN_POINT ( 'NONE',  ( -0.4435080313086640080, 0.09950788507293617524, 0.000000000000000000 ) ) ;
#300 = CARTESIAN_POINT ( 'NONE',  ( -0.2784825319157041013, -0.6510900786715374533, -0.000000000000000000 ) ) ;
#301 = CARTESIAN_POINT ( 'NONE',  ( -0.7853263528178491271, 0.1823392971509332772, 0.000000000000000000 ) ) ;
#302 = CARTESIAN_POINT ( 'NONE',  ( 0.4884119206022152770, -0.6056543416807329550, 0.000000000000000000 ) ) ;
#303 = CARTESIAN_POINT ( 'NONE',  ( 0.2642331329745488677, -0.7366520767545954307, -3.414809992080328407E-17 ) ) ;
#304 = CARTESIAN_POINT ( 'NONE',  ( -0.8166959123575446844, 0.1950265021399671117, 0.5000000000000000000 ) ) ;
#305 = EDGE_CURVE ( 'NONE', #1719, #5364, #2768, .T. ) ;
#306 = CARTESIAN_POINT ( 'NONE',  ( 0.4596491382895476763, -0.6244944581552509533, 0.5000000000000000000 ) ) ;
#307 =( BOUNDED_SURFACE ( )  B_SPLINE_SURFACE ( 3, 2, ( 
 ( #2109, #22, #8150 ),
 ( #1320, #5373, #8065 ),
 ( #2069, #6786, #2028 ),
 ( #4711, #4203, #1567 ),
 ( #1443, #2144, #232 ),
 ( #3475, #5530, #1480 ),
 ( #4165, #4242, #7475 ),
 ( #4796, #6896, #820 ),
 ( #6859, #4957, #6328 ),
 ( #7514, #6936, #2982 ),
 ( #188, #902, #8223 ),
 ( #3590, #5661, #8354 ),
 ( #4129, #4286, #2939 ),
 ( #8185, #6820, #5616 ) ),
 .UNSPECIFIED., .F., .F., .T. ) 
 B_SPLINE_SURFACE_WITH_KNOTS ( ( 4, 2, 2, 2, 2, 2, 4 ),
 ( 3, 3 ),
 ( 0.000000000000000000, 0.0008346611135472076573, 0.001251991670320811486, 0.001669322227094415315, 0.002086652783868019143, 0.002503983340641622972, 0.003338644454188830629 ),
 ( 0.000000000000000000, 1.000000000000000000 ),
 .UNSPECIFIED. ) 
 GEOMETRIC_REPRESENTATION_ITEM ( )  RATIONAL_B_SPLINE_SURFACE ( (
 ( 1.000000000000000000, 0.6946583704589972541, 1.000000000000000000),
 ( 1.000000000000000000, 0.6937907826656557475, 1.000000000000000000),
 ( 1.000000000000000000, 0.6931277949525848081, 1.000000000000000000),
 ( 1.000000000000000000, 0.6924456476120475212, 1.000000000000000000),
 ( 1.000000000000000000, 0.6922729346304348219, 1.000000000000000000),
 ( 1.000000000000000000, 0.6920444512837726769, 1.000000000000000000),
 ( 1.000000000000000000, 0.6919866958678417834, 1.000000000000000000),
 ( 1.000000000000000000, 0.6919852496725751312, 1.000000000000000000),
 ( 1.000000000000000000, 0.6920430171153493237, 1.000000000000000000),
 ( 1.000000000000000000, 0.6922710330113714949, 1.000000000000000000),
 ( 1.000000000000000000, 0.6924405880961581605, 1.000000000000000000),
 ( 1.000000000000000000, 0.6931142014349588321, 1.000000000000000000),
 ( 1.000000000000000000, 0.6937913703810766330, 1.000000000000000000),
 ( 1.000000000000000000, 0.6946583704589996966, 1.000000000000000000) ) ) 
 REPRESENTATION_ITEM ( '' )  SURFACE ( )  );
#308 = CARTESIAN_POINT ( 'NONE',  ( 0.4972426265158053638, 0.08780124419658243140, 0.1703500779047158464 ) ) ;
#309 = CARTESIAN_POINT ( 'NONE',  ( -0.2051573802583196715, 0.7894969949488946925, 0.09181531335406455108 ) ) ;
#310 = CARTESIAN_POINT ( 'NONE',  ( 0.4571363235612947440, 0.6124658458923034621, 0.5000000000000000000 ) ) ;
#311 = CARTESIAN_POINT ( 'NONE',  ( -0.7079997865524670919, 0.06663272750606331896, 0.5000000000000000000 ) ) ;
#312 = ORIENTED_EDGE ( 'NONE', *, *, #4555, .T. ) ;
#313 = CARTESIAN_POINT ( 'NONE',  ( -0.2619145588723547080, -0.6411493232088922856, 3.201384367575308305E-17 ) ) ;
#314 = VERTEX_POINT ( 'NONE', #2777 ) ;
#315 = CARTESIAN_POINT ( 'NONE',  ( -0.3024263908892084185, 0.3905524195576984825, 0.4900000000000628853 ) ) ;
#316 = CARTESIAN_POINT ( 'NONE',  ( -0.3179219316635482073, -0.3395825422074347233, 0.01042148981070840918 ) ) ;
#317 = CARTESIAN_POINT ( 'NONE',  ( -0.2940082354549096166, 0.2984410597763370587, 0.5000000000000000000 ) ) ;
#318 = CARTESIAN_POINT ( 'NONE',  ( 0.4114534770530581254, -0.1479746927026026337, 0.01037303490638372301 ) ) ;
#319 = AXIS2_PLACEMENT_3D ( 'NONE', #7349, #704, #7979 ) ;
#320 = CARTESIAN_POINT ( 'NONE',  ( 0.1919689645055534244, -9.745614539123321305E-16, 0.5000000000000000000 ) ) ;
#321 = CARTESIAN_POINT ( 'NONE',  ( 0.7428196334932313238, -0.09868761413917472025, 0.000000000000000000 ) ) ;
#322 = CARTESIAN_POINT ( 'NONE',  ( -0.1433050919414015356, 0.4148596502033488620, 0.5000000000000000000 ) ) ;
#323 = DIRECTION ( 'NONE',  ( 0.2464192080397827611, -0.9691633370640091449, 0.000000000000000000 ) ) ;
#324 = ORIENTED_EDGE ( 'NONE', *, *, #4894, .F. ) ;
#325 = ORIENTED_EDGE ( 'NONE', *, *, #4232, .F. ) ;
#326 = CIRCLE ( 'NONE', #2449, 0.009999999999999955105 ) ;
#327 = ORIENTED_EDGE ( 'NONE', *, *, #4274, .F. ) ;
#328 = CARTESIAN_POINT ( 'NONE',  ( 0.4894415122910466542, 0.07662663577624069522, 0.4903489949670249426 ) ) ;
#329 = CARTESIAN_POINT ( 'NONE',  ( -0.5010756907753658451, -0.09338860513227968674, 0.01034899496702501066 ) ) ;
#330 = CARTESIAN_POINT ( 'NONE',  ( -0.4205761363715698198, 0.5752059650940987146, 0.4903489949670249426 ) ) ;
#331 = CARTESIAN_POINT ( 'NONE',  ( -0.4893492933187069127, 0.07649534402030461200, 0.4941086989442872168 ) ) ;
#332 = CARTESIAN_POINT ( 'NONE',  ( -0.7015158398261336359, -0.09470820417865390140, 0.000000000000000000 ) ) ;
#333 = CARTESIAN_POINT ( 'NONE',  ( 0.8071768133345870178, -0.1934235252488724910, 0.5000000000000000000 ) ) ;
#334 = CARTESIAN_POINT ( 'NONE',  ( -0.4972592146417719183, -0.08782464998001153489, 0.1696798239621595816 ) ) ;
#335 = CIRCLE ( 'NONE', #1191, 0.009999999999999967248 ) ;
#336 = CARTESIAN_POINT ( 'NONE',  ( 0.3197978211154826056, 0.2865937547914317873, -0.000000000000000000 ) ) ;
#337 = CARTESIAN_POINT ( 'NONE',  ( -0.3401899532607942089, -0.2745194998491342075, 0.01034899496702450759 ) ) ;
#338 = EDGE_LOOP ( 'NONE', ( #6321, #5062, #3815, #2442 ) ) ;
#339 = EDGE_CURVE ( 'NONE', #3249, #2663, #6014, .T. ) ;
#340 = CARTESIAN_POINT ( 'NONE',  ( 0.2939584863809097670, 0.2985857830153428316, 0.5000000000000001110 ) ) ;
#341 = CIRCLE ( 'NONE', #4577, 0.009999999999999967248 ) ;
#342 = CARTESIAN_POINT ( 'NONE',  ( 0.4488921497361391677, 0.5766776923000428434, 0.01049755734695470913 ) ) ;
#343 = CARTESIAN_POINT ( 'NONE',  ( -0.4894415122910324434, -0.07662663577624088951, 0.4903489949670249426 ) ) ;
#344 = CARTESIAN_POINT ( 'NONE',  ( 0.2394507956356574374, -0.8047924450273118424, 0.5000000000000001110 ) ) ;
#345 = CARTESIAN_POINT ( 'NONE',  ( 0.3403036930698961071, 0.2745389866033929316, 0.007463728527815760919 ) ) ;
#346 = CARTESIAN_POINT ( 'NONE',  ( -0.7739416270022604349, 0.1460340860309907729, 9.228442048179686259E-16 ) ) ;
#347 = CARTESIAN_POINT ( 'NONE',  ( 0.4427234639820704643, -0.5845636917241697761, 0.000000000000000000 ) ) ;
#348 = ADVANCED_FACE ( 'NONE', ( #1327 ), #720, .T. ) ;
#349 = CARTESIAN_POINT ( 'NONE',  ( 0.7997045569129987985, 0.1153291356962845293, 0.5000000000000000000 ) ) ;
#350 = CARTESIAN_POINT ( 'NONE',  ( -0.7587324390033662880, 0.09009571008850970897, 0.4905280687624671843 ) ) ;
#351 = CARTESIAN_POINT ( 'NONE',  ( 0.4117055280199177769, -0.5798294372753752812, 0.5000000000000000000 ) ) ;
#352 = CARTESIAN_POINT ( 'NONE',  ( -0.3199162583824361472, 0.3196038494592074453, 0.000000000000000000 ) ) ;
#353 = CARTESIAN_POINT ( 'NONE',  ( 0.3953343303521260066, 0.1425374202055148254, 0.4941087076981939274 ) ) ;
#354 = DIRECTION ( 'NONE',  ( -0.5000000000000103251, -0.8660254037844324904, -1.733417409103411182E-18 ) ) ;
#355 = VECTOR ( 'NONE', #5112, 39.37007874015748143 ) ;
#356 = CARTESIAN_POINT ( 'NONE',  ( -0.2471007136487922973, 0.8016149383023368769, 0.5000000000000000000 ) ) ;
#357 = ADVANCED_FACE ( 'NONE', ( #7400 ), #3684, .T. ) ;
#358 = ORIENTED_EDGE ( 'NONE', *, *, #3124, .T. ) ;
#359 = B_SPLINE_CURVE_WITH_KNOTS ( 'NONE', 3,
 ( #8268, #2143, #4871, #7556, #8105, #2233, #1526, #4916, #21, #4795, #2769, #1442, #6858, #7598, #1566, #4833 ),
 .UNSPECIFIED., .F., .F.,
 ( 4, 2, 2, 2, 2, 2, 2, 4 ),
 ( 1.734723475976807094E-18, 0.0005730326344334795048, 0.001146065268866957275, 0.002292130537733915851, 0.002865163172167398391, 0.003438195806600881366, 0.004011228441034364774, 0.004584261075467847314 ),
 .UNSPECIFIED. ) ;
#360 = CARTESIAN_POINT ( 'NONE',  ( -0.2878549099940500011, -0.6518326008703370089, 0.4903489949670249426 ) ) ;
#362 = ORIENTED_EDGE ( 'NONE', *, *, #702, .T. ) ;
#361 =( BOUNDED_SURFACE ( )  B_SPLINE_SURFACE ( 3, 2, ( 
 ( #264, #5118, #4988 ),
 ( #3753, #1734, #5691 ),
 ( #2925, #8301, #5737 ),
 ( #7011, #4364, #7052 ),
 ( #2264, #400, #5779 ),
 ( #3703, #352, #8476 ),
 ( #2968, #2438, #7806 ),
 ( #7906, #1966, #6491 ),
 ( #3197, #3244, #3147 ),
 ( #3983, #8525, #8664 ),
 ( #3329, #547, #2625 ),
 ( #5969, #5214, #7196 ),
 ( #4501, #633, #5828 ),
 ( #6629, #1878, #8711 ) ),
 .UNSPECIFIED., .F., .F., .F. ) 
 B_SPLINE_SURFACE_WITH_KNOTS ( ( 4, 2, 2, 2, 2, 2, 4 ),
 ( 3, 3 ),
 ( 1.084202172485504434E-19, 0.0008346611135208147070, 0.001251991670281222060, 0.001669322227041629414, 0.002086652783802036767, 0.002503983340562444121, 0.003338644454083258828 ),
 ( 0.000000000000000000, 1.000000000000000000 ),
 .UNSPECIFIED. ) 
 GEOMETRIC_REPRESENTATION_ITEM ( )  RATIONAL_B_SPLINE_SURFACE ( (
 ( 1.000000000000000000, 0.6946583704589971431, 1.000000000000000000),
 ( 1.000000000000000000, 0.6937906805724091130, 1.000000000000000000),
 ( 1.000000000000000000, 0.6931276611513774721, 1.000000000000000000),
 ( 1.000000000000000000, 0.6924455310724865198, 1.000000000000000000),
 ( 1.000000000000000000, 0.6922728347063137333, 1.000000000000000000),
 ( 1.000000000000000000, 0.6920443954557510269, 1.000000000000000000),
 ( 1.000000000000000000, 0.6919866675712492698, 1.000000000000000000),
 ( 1.000000000000000000, 0.6919852769385143043, 1.000000000000000000),
 ( 1.000000000000000000, 0.6920430725235148239, 1.000000000000000000),
 ( 1.000000000000000000, 0.6922711327391907199, 1.000000000000000000),
 ( 1.000000000000000000, 0.6924407042322031636, 1.000000000000000000),
 ( 1.000000000000000000, 0.6931143354385812527, 1.000000000000000000),
 ( 1.000000000000000000, 0.6937914730024185017, 1.000000000000000000),
 ( 1.000000000000000000, 0.6946583704589976982, 1.000000000000000000) ) ) 
 REPRESENTATION_ITEM ( '' )  SURFACE ( )  );
#363 = CARTESIAN_POINT ( 'NONE',  ( -0.7901105207564925736, -0.1563753042875414001, -0.000000000000000000 ) ) ;
#364 = CARTESIAN_POINT ( 'NONE',  ( -0.3221409772468943333, -0.3099839102693744963, 1.490586729893551382E-16 ) ) ;
#365 = CARTESIAN_POINT ( 'NONE',  ( -0.2968059099265142331, 0.3808174606635741366, 0.5000000000000000000 ) ) ;
#366 = CARTESIAN_POINT ( 'NONE',  ( 0.4487396798492268024, -0.1080343706549433541, 0.01042308825612711827 ) ) ;
#367 = CONICAL_SURFACE ( 'NONE', #6428, 0.4375000000000001110, 0.03490658503988666728 ) ;
#368 = CARTESIAN_POINT ( 'NONE',  ( 0.000000000000000000, 0.000000000000000000, 0.000000000000000000 ) ) ;
#369 = CARTESIAN_POINT ( 'NONE',  ( 0.7438324633617741100, -0.1119943642947377471, -1.493979371535144102E-17 ) ) ;
#370 = CARTESIAN_POINT ( 'NONE',  ( 0.4173519017617415838, -0.09337712772927068972, 0.5000000000000000000 ) ) ;
#371 = ORIENTED_EDGE ( 'NONE', *, *, #7643, .F. ) ;
#372 = EDGE_CURVE ( 'NONE', #5051, #1160, #5303, .T. ) ;
#373 = EDGE_LOOP ( 'NONE', ( #4475, #8189, #3868, #1269, #1800 ) ) ;
#374 = VECTOR ( 'NONE', #5129, 39.37007874015748143 ) ;
#375 = ORIENTED_EDGE ( 'NONE', *, *, #5972, .T. ) ;
#376 = CARTESIAN_POINT ( 'NONE',  ( -0.1804219591217551821, -1.045321728494220803E-15, 0.4899999999999999911 ) ) ;
#377 = B_SPLINE_CURVE_WITH_KNOTS ( 'NONE', 3,
 ( #6405, #5741, #4504, #3846, #3756, #8437, #2398, #6448, #5781, #1386, #4689, #2669, #5308, #3199 ),
 .UNSPECIFIED., .F., .F.,
 ( 4, 2, 2, 2, 2, 2, 4 ),
 ( 0.000000000000000000, 0.0008346611135472046215, 0.001251991670320806932, 0.001669322227094409243, 0.002086652783868011337, 0.002503983340641613865, 0.003338644454188817619 ),
 .UNSPECIFIED. ) ;
#378 = DIRECTION ( 'NONE',  ( -0.4999999999999967248, 0.8660254037844404840, 0.000000000000000000 ) ) ;
#379 = CARTESIAN_POINT ( 'NONE',  ( 0.5772617210032842117, -0.5866472651538834349, 0.000000000000000000 ) ) ;
#380 = CARTESIAN_POINT ( 'NONE',  ( 0.1804219591217609275, -9.572035194145888967E-16, 0.4899999999999999911 ) ) ;
#381 = B_SPLINE_CURVE_WITH_KNOTS ( 'NONE', 3,
 ( #48, #2757, #8134, #4783, #5031, #5647, #6222, #263, #172, #8338, #8383, #6266 ),
 .UNSPECIFIED., .F., .F.,
 ( 4, 2, 2, 2, 2, 4 ),
 ( 0.000000000000000000, 0.0007662348527962424462, 0.001149352279194363561, 0.001532469705592484892, 0.002298704558388727122, 0.003064939411184969785 ),
 .UNSPECIFIED. ) ;
#382 = AXIS2_PLACEMENT_3D ( 'NONE', #7317, #3367, #6569 ) ;
#383 = CARTESIAN_POINT ( 'NONE',  ( -0.5892552948225956433, -0.5743422737581818094, 0.000000000000000000 ) ) ;
#384 = CARTESIAN_POINT ( 'NONE',  ( -0.4568757975804916271, -0.5939568660218546015, 0.000000000000000000 ) ) ;
#385 = ORIENTED_EDGE ( 'NONE', *, *, #298, .T. ) ;
#386 = CARTESIAN_POINT ( 'NONE',  ( 0.5706685437807426098, 0.6148029644382767556, 0.5000000000000001110 ) ) ;
#387 = CARTESIAN_POINT ( 'NONE',  ( 0.2429197196889295585, -0.7925091320097076286, 0.4904132927943277154 ) ) ;
#388 = CIRCLE ( 'NONE', #1520, 0.4203766357762464545 ) ;
#389 = CARTESIAN_POINT ( 'NONE',  ( 0.5058147271439255022, 0.5977716203057457101, 0.01057740845385125687 ) ) ;
#390 = CARTESIAN_POINT ( 'NONE',  ( -0.2895429156268451987, -0.3147487853787778733, 0.5000000000000000000 ) ) ;
#391 = CARTESIAN_POINT ( 'NONE',  ( 0.2876264501105292304, 0.3315356752145958708, 0.5000000000000000000 ) ) ;
#392 = CARTESIAN_POINT ( 'NONE',  ( 0.000000000000000000, 0.000000000000000000, 0.000000000000000000 ) ) ;
#393 = CARTESIAN_POINT ( 'NONE',  ( -0.7700759787073162554, 0.1394934326997812890, 0.000000000000000000 ) ) ;
#394 = CARTESIAN_POINT ( 'NONE',  ( -1.104416422344761404E-15, -0.09339469686209418697, 0.01000000000000000021 ) ) ;
#395 = CIRCLE ( 'NONE', #5194, 0.01000000000000000021 ) ;
#396 = CARTESIAN_POINT ( 'NONE',  ( 0.1755116190006711097, -0.4683149925402718128, 0.3318948755274548357 ) ) ;
#397 = CARTESIAN_POINT ( 'NONE',  ( 0.7836888454630610568, 0.09636485511190079345, 0.5000000000000000000 ) ) ;
#398 = CARTESIAN_POINT ( 'NONE',  ( -0.8177692574473024445, 0.1868119738380426831, 0.5000000000000000000 ) ) ;
#399 = CARTESIAN_POINT ( 'NONE',  ( -0.2995976619064600888, 0.3856529172387329063, 0.5000000000000001110 ) ) ;
#400 = CARTESIAN_POINT ( 'NONE',  ( -0.3221568706271470961, 0.3099304804701276672, 0.000000000000000000 ) ) ;
#401 = EDGE_CURVE ( 'NONE', #3479, #5226, #4736, .T. ) ;
#402 = CARTESIAN_POINT ( 'NONE',  ( -0.2149729506869561269, 0.7831515245640079392, 0.01041646868185652948 ) ) ;
#403 = CARTESIAN_POINT ( 'NONE',  ( 0.4280531724769183755, 0.5881613595260634098, 0.4904175502648566720 ) ) ;
#404 = CARTESIAN_POINT ( 'NONE',  ( -0.2808124464460231562, 0.7775992033736053299, 0.5000000000000000000 ) ) ;
#405 = CARTESIAN_POINT ( 'NONE',  ( 0.1783601429567437113, -0.4621821011988322403, 0.4903489949670249426 ) ) ;
#406 = ORIENTED_EDGE ( 'NONE', *, *, #4461, .T. ) ;
#407 = FACE_OUTER_BOUND ( 'NONE', #7426, .T. ) ;
#408 = ORIENTED_EDGE ( 'NONE', *, *, #3978, .F. ) ;
#409 = CARTESIAN_POINT ( 'NONE',  ( -0.7920226469532127833, -0.2231389177517497380, 0.000000000000000000 ) ) ;
#410 = CARTESIAN_POINT ( 'NONE',  ( 0.2793614224475050589, 0.6481159773638255350, 0.3329279441485979985 ) ) ;
#411 = CARTESIAN_POINT ( 'NONE',  ( 0.1554348382399317885, 0.4349083069291460046, 0.4904132021346768178 ) ) ;
#412 = CARTESIAN_POINT ( 'NONE',  ( -0.5005052719893218205, -0.6254543752753087826, 0.5000000000000000000 ) ) ;
#413 = EDGE_CURVE ( 'NONE', #4085, #3076, #8609, .T. ) ;
#414 = CARTESIAN_POINT ( 'NONE',  ( -0.5246942137940667772, 0.6336843036227919335, 0.5000000000000001110 ) ) ;
#415 = CARTESIAN_POINT ( 'NONE',  ( 0.3194678765916729168, 0.3196064688128240072, 0.01042152944120965791 ) ) ;
#416 = CARTESIAN_POINT ( 'NONE',  ( 0.4406127534651339550, -0.08921269328337823323, 0.4904246540408355171 ) ) ;
#417 = ORIENTED_EDGE ( 'NONE', *, *, #6275, .T. ) ;
#418 = ORIENTED_EDGE ( 'NONE', *, *, #4735, .T. ) ;
#419 =( BOUNDED_SURFACE ( )  B_SPLINE_SURFACE ( 3, 2, ( 
 ( #5305, #8001, #1298 ),
 ( #8663, #2624, #1965 ),
 ( #4645, #7328, #6323 ),
 ( #3713, #2271, #2316 ) ),
 .UNSPECIFIED., .F., .F., .T. ) 
 B_SPLINE_SURFACE_WITH_KNOTS ( ( 4, 4 ),
 ( 3, 3 ),
 ( 0.02928490207540813267, 0.04170594225001116734 ),
 ( 0.000000000000000000, 1.000000000000000000 ),
 .UNSPECIFIED. ) 
 GEOMETRIC_REPRESENTATION_ITEM ( )  RATIONAL_B_SPLINE_SURFACE ( (
 ( 1.000000000000000000, 0.6163818357170528506, 1.000000000000000000),
 ( 1.000000000000000000, 0.6124652104007416442, 1.000000000000000000),
 ( 1.000000000000000000, 0.6084201088897305265, 1.000000000000000000),
 ( 1.000000000000000000, 0.6042316834830050443, 1.000000000000000000) ) ) 
 REPRESENTATION_ITEM ( '' )  SURFACE ( )  );
#420 = ORIENTED_EDGE ( 'NONE', *, *, #1899, .F. ) ;
#421 = EDGE_LOOP ( 'NONE', ( #3595, #5261, #4058, #7169 ) ) ;
#422 = CARTESIAN_POINT ( 'NONE',  ( 0.1074876962894667359, -0.4335535204987491786, 0.01041521630865950565 ) ) ;
#423 = CARTESIAN_POINT ( 'NONE',  ( 0.3179303493936587177, 0.3346027771080511970, 0.01042308825612715470 ) ) ;
#424 = CARTESIAN_POINT ( 'NONE',  ( -0.4404238069888280482, 0.08887124342953454936, 0.4904263066565967000 ) ) ;
#425 = DIRECTION ( 'NONE',  ( -6.829619984160661399E-15, -1.000000000000000000, 0.000000000000000000 ) ) ;
#426 = CARTESIAN_POINT ( 'NONE',  ( -0.2886096618241101863, -0.3203624426943836867, 0.4999999999999999445 ) ) ;
#427 = EDGE_CURVE ( 'NONE', #4157, #8540, #878, .T. ) ;
#428 = CARTESIAN_POINT ( 'NONE',  ( -0.7612277100896437387, -0.1267945040007301405, 0.01057741574509992247 ) ) ;
#429 = CARTESIAN_POINT ( 'NONE',  ( -0.7588396124331745485, -0.08958488728537389312, 0.5000000000000000000 ) ) ;
#430 = CARTESIAN_POINT ( 'NONE',  ( 0.1919689645055534244, -9.745614539123321305E-16, 0.5000000000000000000 ) ) ;
#431 = CARTESIAN_POINT ( 'NONE',  ( 0.3338457778986793634, -0.2823799831869018839, 0.01037315220453600972 ) ) ;
#432 = CARTESIAN_POINT ( 'NONE',  ( 0.2830530363483106382, -0.3258544801419452908, 0.3306376160481224735 ) ) ;
#433 = ORIENTED_EDGE ( 'NONE', *, *, #4939, .F. ) ;
#434 = CARTESIAN_POINT ( 'NONE',  ( -0.4153263665006212135, -0.5525769747778440655, 0.000000000000000000 ) ) ;
#435 = CARTESIAN_POINT ( 'NONE',  ( 0.2359642314807062491, -0.7953967343790985245, 0.4903829658246940393 ) ) ;
#436 = CARTESIAN_POINT ( 'NONE',  ( 0.4325230760947579300, 0.5605587489260688283, 0.01041710402079409556 ) ) ;
#437 = CARTESIAN_POINT ( 'NONE',  ( -0.2882856955168351942, -0.3482580790056102327, 0.5000000000000000000 ) ) ;
#438 = CARTESIAN_POINT ( 'NONE',  ( 0.3136191193857640336, 0.2646828876051628421, 0.5000000000000000000 ) ) ;
#439 = CARTESIAN_POINT ( 'NONE',  ( -0.1044319626833844772, -0.4226189711987412556, 0.000000000000000000 ) ) ;
#440 = CARTESIAN_POINT ( 'NONE',  ( -0.2562385005933714432, -0.7851284986355495654, 0.4904674462092140086 ) ) ;
#441 = ORIENTED_EDGE ( 'NONE', *, *, #2630, .F. ) ;
#442 = CARTESIAN_POINT ( 'NONE',  ( 0.1406717394702103052, -0.4080583604082784199, 0.3306376102141760920 ) ) ;
#443 = CARTESIAN_POINT ( 'NONE',  ( 0.4894415122910331650, 0.07662663577624070910, 0.4903489949670244985 ) ) ;
#444 = CARTESIAN_POINT ( 'NONE',  ( -0.4029715976114808251, 0.1515341416758737014, 0.1998400020993878756 ) ) ;
#445 = CARTESIAN_POINT ( 'NONE',  ( 0.5522144856494856091, -0.6152495788006087096, 0.4904714806062666632 ) ) ;
#446 = DIRECTION ( 'NONE',  ( 0.5000000000000003331, -0.8660254037844383745, -0.000000000000000000 ) ) ;
#447 = CARTESIAN_POINT ( 'NONE',  ( -0.2286311328129883857, 0.7974977940876003535, 0.4903489949670249426 ) ) ;
#448 = LINE ( 'NONE', #5833, #1500 ) ;
#449 = VERTEX_POINT ( 'NONE', #2166 ) ;
#450 = EDGE_CURVE ( 'NONE', #6734, #3581, #2484, .T. ) ;
#451 = CARTESIAN_POINT ( 'NONE',  ( -0.2749493661066834682, -0.6999984134435622840, 0.000000000000000000 ) ) ;
#452 = EDGE_LOOP ( 'NONE', ( #8346, #7736, #1474, #3239 ) ) ;
#453 = DIRECTION ( 'NONE',  ( 1.000000000000000000, 0.000000000000000000, 0.000000000000000000 ) ) ;
#454 = FACE_OUTER_BOUND ( 'NONE', #5458, .T. ) ;
#455 = CARTESIAN_POINT ( 'NONE',  ( 0.1804219591217609275, -9.343816482146568113E-16, 0.004142135623730981708 ) ) ;
#456 = CARTESIAN_POINT ( 'NONE',  ( -0.1098644940465998976, -0.4238366943331074999, 0.000000000000000000 ) ) ;
#457 = CARTESIAN_POINT ( 'NONE',  ( 0.3178821608341548810, -0.3861602139398742084, 0.3303501167231955860 ) ) ;
#458 = CARTESIAN_POINT ( 'NONE',  ( 0.7858493365013319298, -0.1822912030994351396, 0.01049747041122666737 ) ) ;
#459 = B_SPLINE_CURVE_WITH_KNOTS ( 'NONE', 3,
 ( #8747, #6089, #5382, #2116, #8073, #4720, #1372 ),
 .UNSPECIFIED., .F., .F.,
 ( 4, 3, 4 ),
 ( 0.0002456008890775213550, 0.006241211021260299925, 0.01246129959652395557 ),
 .UNSPECIFIED. ) ;
#460 = CARTESIAN_POINT ( 'NONE',  ( 0.3953621233729870954, -0.1186031973533932665, 0.5000000000000000000 ) ) ;
#461 = ORIENTED_EDGE ( 'NONE', *, *, #8728, .F. ) ;
#462 = ORIENTED_EDGE ( 'NONE', *, *, #5494, .F. ) ;
#463 = B_SPLINE_CURVE_WITH_KNOTS ( 'NONE', 3,
 ( #7794, #2564, #436, #1188, #342, #3136, #6432, #6568, #3740, #389, #3231, #3882, #5814, #1722, #7086, #6481, #5727, #5242 ),
 .UNSPECIFIED., .F., .F.,
 ( 4, 2, 2, 2, 2, 2, 2, 2, 4 ),
 ( 0.000000000000000000, 0.0005890685110653337076, 0.001178137022130667415, 0.001767205533196001231, 0.002356274044261334830, 0.002945342555326668429, 0.003534411066392002462, 0.004123479577457335628, 0.004712548088522669661 ),
 .UNSPECIFIED. ) ;
#464 = ADVANCED_FACE ( 'NONE', ( #7537 ), #8694, .T. ) ;
#465 = VERTEX_POINT ( 'NONE', #5430 ) ;
#466 = ORIENTED_EDGE ( 'NONE', *, *, #863, .T. ) ;
#467 = AXIS2_PLACEMENT_3D ( 'NONE', #6379, #3035, #5717 ) ;
#468 = CARTESIAN_POINT ( 'NONE',  ( 0.4307603182151488741, 0.08343163481300817919, 0.5000000000000000000 ) ) ;
#469 = CARTESIAN_POINT ( 'NONE',  ( 0.3183721282705886946, 0.3346145883315493341, 0.000000000000000000 ) ) ;
#470 = DIRECTION ( 'NONE',  ( -0.5000000000000062172, 0.8660254037844350439, 0.000000000000000000 ) ) ;
#471 = CARTESIAN_POINT ( 'NONE',  ( -0.2854811915832832225, 0.7011477019524154919, 0.000000000000000000 ) ) ;
#472 = CARTESIAN_POINT ( 'NONE',  ( -0.5507960834644565207, -0.5894187526678830169, 0.01049746206309111300 ) ) ;
#473 = CARTESIAN_POINT ( 'NONE',  ( -0.7559401716256241022, -0.1212670522028406195, 0.01057235682384341340 ) ) ;
#474 = CARTESIAN_POINT ( 'NONE',  ( 0.8073370546056738428, -0.1631499963782550300, 0.4904903334465831044 ) ) ;
#475 = CARTESIAN_POINT ( 'NONE',  ( -0.7771795423903556932, -0.1032585929140234920, 0.5000000000000000000 ) ) ;
#476 = CARTESIAN_POINT ( 'NONE',  ( -0.4239813449456852901, 0.5475800206427573480, 0.01034899496702500546 ) ) ;
#477 = LINE ( 'NONE', #8552, #6166 ) ;
#478 = DIRECTION ( 'NONE',  ( 0.000000000000000000, 1.000000000000000000, 0.000000000000000000 ) ) ;
#479 = AXIS2_PLACEMENT_3D ( 'NONE', #6041, #5372, #5995 ) ;
#480 = ORIENTED_EDGE ( 'NONE', *, *, #3978, .T. ) ;
#481 = CARTESIAN_POINT ( 'NONE',  ( 0.3263879083672802661, -0.3785449087931833656, 0.01037303208737832237 ) ) ;
#482 = CARTESIAN_POINT ( 'NONE',  ( 0.1473395595144156023, -0.4538706977364445616, 0.01041038153440496800 ) ) ;
#483 = EDGE_CURVE ( 'NONE', #1980, #2371, #3596, .T. ) ;
#484 = B_SPLINE_CURVE_WITH_KNOTS ( 'NONE', 3,
 ( #3893, #3843, #499, #1252, #3196, #5878, #2537 ),
 .UNSPECIFIED., .F., .F.,
 ( 4, 3, 4 ),
 ( 0.0002630746159416517634, 0.005080000040960758537, 0.01246485972435598839 ),
 .UNSPECIFIED. ) ;
#485 = CARTESIAN_POINT ( 'NONE',  ( -0.4322587621524520141, -0.6059972603306762462, 0.4999999999999999445 ) ) ;
#486 = DIRECTION ( 'NONE',  ( -0.000000000000000000, -0.000000000000000000, -1.000000000000000000 ) ) ;
#487 = CIRCLE ( 'NONE', #5415, 0.01000000000000001929 ) ;
#488 = CARTESIAN_POINT ( 'NONE',  ( -0.2989659499024012179, -0.3165646911735482405, 0.4999999999999950595 ) ) ;
#489 = CARTESIAN_POINT ( 'NONE',  ( 0.2886096618623553156, 0.3203624426937091707, 0.5000000000000000000 ) ) ;
#490 = DIRECTION ( 'NONE',  ( -0.6449659546191912618, -0.7642113041444462684, 0.000000000000000000 ) ) ;
#491 = CARTESIAN_POINT ( 'NONE',  ( -0.3985118519898073752, -0.1537559620992448584, 0.000000000000000000 ) ) ;
#492 = CARTESIAN_POINT ( 'NONE',  ( 0.4221802417851975298, -0.5615300296021247251, 0.2547538490329978034 ) ) ;
#493 = ORIENTED_EDGE ( 'NONE', *, *, #5282, .T. ) ;
#494 = CIRCLE ( 'NONE', #5420, 0.01000000000000000368 ) ;
#495 = CARTESIAN_POINT ( 'NONE',  ( -0.7376818773761006920, 0.1072846873319808769, 0.01053712970575454433 ) ) ;
#496 = ADVANCED_FACE ( 'NONE', ( #6915 ), #2202, .T. ) ;
#497 = DIRECTION ( 'NONE',  ( 0.8660254037845201980, -0.4999999999998587241, 0.000000000000000000 ) ) ;
#498 = CARTESIAN_POINT ( 'NONE',  ( -0.7836739209406137219, 0.09636145064443545072, 0.4999999999999999445 ) ) ;
#499 = CARTESIAN_POINT ( 'NONE',  ( -0.06939055551218670237, 0.4271291106826556883, 0.1366764093872297470 ) ) ;
#500 = CARTESIAN_POINT ( 'NONE',  ( 0.1406717395662912817, 0.4080583601664359295, 0.3306376160480939963 ) ) ;
#501 = B_SPLINE_CURVE_WITH_KNOTS ( 'NONE', 3,
 ( #1636, #2258, #7143, #7005, #347, #971, #3655, #3048, #302, #3001, #5684, #8377, #5732, #3887, #2480, #8607, #8656, #2662 ),
 .UNSPECIFIED., .F., .F.,
 ( 4, 2, 2, 2, 2, 2, 2, 2, 4 ),
 ( 0.000000000000000000, 0.0006407458912126982225, 0.001281491782425396445, 0.001922237673638094776, 0.002562983564850792890, 0.003203729456063491004, 0.003844475347276189552, 0.004485221238488887666, 0.005125967129701585780 ),
 .UNSPECIFIED. ) ;
#502 = CARTESIAN_POINT ( 'NONE',  ( -0.1431262438802439474, -0.4147651959230902463, 0.5000000000000000000 ) ) ;
#503 = B_SPLINE_CURVE_WITH_KNOTS ( 'NONE', 3,
 ( #242, #999, #7781, #7740, #1041, #3078, #5715 ),
 .UNSPECIFIED., .F., .F.,
 ( 4, 3, 4 ),
 ( 0.0002633041030030386733, 0.006481459598394695085, 0.01247528583322763882 ),
 .UNSPECIFIED. ) ;
#504 = CARTESIAN_POINT ( 'NONE',  ( 0.4381159057445319638, 0.5995808522014538511, 0.5000000000000000000 ) ) ;
#505 = B_SPLINE_CURVE_WITH_KNOTS ( 'NONE', 3,
 ( #672, #6135, #2155, #2660, #8116, #3446, #7404, #793, #5384, #7361, #2741, #8160 ),
 .UNSPECIFIED., .F., .F.,
 ( 4, 2, 2, 2, 2, 4 ),
 ( 0.000000000000000000, 0.0007662348527962449399, 0.001149352279194368331, 0.001532469705592491398, 0.002298704558388731892, 0.003064939411184971086 ),
 .UNSPECIFIED. ) ;
#506 = ORIENTED_EDGE ( 'NONE', *, *, #593, .T. ) ;
#507 = CARTESIAN_POINT ( 'NONE',  ( -0.2520090566256500964, -0.7559475229403117558, 0.01055218162561874680 ) ) ;
#508 = ORIENTED_EDGE ( 'NONE', *, *, #6217, .T. ) ;
#509 = CARTESIAN_POINT ( 'NONE',  ( 0.1783601429567437668, -0.4621821011988323513, 0.4903489949670249426 ) ) ;
#510 = CARTESIAN_POINT ( 'NONE',  ( 0.1666981309525889243, 0.4451922046833737823, 0.4903936907271714274 ) ) ;
#511 = DIRECTION ( 'NONE',  ( -0.4999999999999898970, 0.8660254037844443697, 0.000000000000000000 ) ) ;
#512 = CARTESIAN_POINT ( 'NONE',  ( 0.7376795999178220598, -0.1072833177670928506, 0.01053712401242833455 ) ) ;
#513 = CARTESIAN_POINT ( 'NONE',  ( 0.6862088809542747914, -0.09338860513229330085, 0.01034899496702500372 ) ) ;
#514 = CARTESIAN_POINT ( 'NONE',  ( 0.5081955304484688796, -0.6351246623718911355, 0.4999999999999999445 ) ) ;
#515 = EDGE_LOOP ( 'NONE', ( #939, #2135, #105, #3639 ) ) ;
#516 = ORIENTED_EDGE ( 'NONE', *, *, #3411, .T. ) ;
#517 = ORIENTED_EDGE ( 'NONE', *, *, #8141, .F. ) ;
#518 = ORIENTED_EDGE ( 'NONE', *, *, #4666, .F. ) ;
#519 = AXIS2_PLACEMENT_3D ( 'NONE', #5859, #4082, #4486 ) ;
#520 = CARTESIAN_POINT ( 'NONE',  ( 0.4054616570261127539, 0.1053980709376181601, 0.5000000000000000000 ) ) ;
#521 = CARTESIAN_POINT ( 'NONE',  ( -0.4292124665175102716, 0.1236894265325238218, 0.01041521659827388674 ) ) ;
#522 = CARTESIAN_POINT ( 'NONE',  ( 0.7832945242544676612, -0.1410012423409705840, -0.000000000000000000 ) ) ;
#523 = DIRECTION ( 'NONE',  ( -0.000000000000000000, -0.000000000000000000, -1.000000000000000000 ) ) ;
#524 = CARTESIAN_POINT ( 'NONE',  ( 0.1783601429567546193, 0.4621821011988286321, 0.4903489949670250536 ) ) ;
#525 = DIRECTION ( 'NONE',  ( 1.000000000000000000, 0.000000000000000000, 0.000000000000000000 ) ) ;
#526 = EDGE_CURVE ( 'NONE', #8145, #3553, #711, .T. ) ;
#527 = FACE_OUTER_BOUND ( 'NONE', #7156, .T. ) ;
#528 = AXIS2_PLACEMENT_3D ( 'NONE', #7875, #3157, #7773 ) ;
#529 = VERTEX_POINT ( 'NONE', #4897 ) ;
#530 = CARTESIAN_POINT ( 'NONE',  ( 0.3199162583824359807, -0.3196038494592029489, 0.000000000000000000 ) ) ;
#531 = CARTESIAN_POINT ( 'NONE',  ( 0.1305986698367070376, -0.4430256451050220146, 4.537309550695447592E-15 ) ) ;
#532 = CARTESIAN_POINT ( 'NONE',  ( -0.4209383755305976527, -0.5938793550357405193, 0.5000000000000000000 ) ) ;
#533 = VECTOR ( 'NONE', #6897, 39.37007874015748143 ) ;
#534 = CARTESIAN_POINT ( 'NONE',  ( 0.2520076309844996865, 0.7559492507895725355, 0.01055217792421046970 ) ) ;
#535 = VECTOR ( 'NONE', #217, 39.37007874015748854 ) ;
#536 = CARTESIAN_POINT ( 'NONE',  ( -0.3056150975354511856, -0.3768102710905044672, 0.4999999999999999445 ) ) ;
#537 = CARTESIAN_POINT ( 'NONE',  ( 0.2939584863558382111, 0.2985857830070389185, 0.5000000000000000000 ) ) ;
#538 = CARTESIAN_POINT ( 'NONE',  ( -0.1657364585360693587, -0.4572671204771454612, 0.000000000000000000 ) ) ;
#539 = ADVANCED_FACE ( 'NONE', ( #6261 ), #839, .T. ) ;
#540 = CARTESIAN_POINT ( 'NONE',  ( -0.08118988160479076455, 0.04687500000000109635, 0.000000000000000000 ) ) ;
#541 = CARTESIAN_POINT ( 'NONE',  ( 0.3021988464447061262, -0.3669613976168947245, 0.4903936898990761128 ) ) ;
#542 = EDGE_LOOP ( 'NONE', ( #7822, #5444, #7314, #461 ) ) ;
#543 = VECTOR ( 'NONE', #1601, 39.37007874015748854 ) ;
#544 = CARTESIAN_POINT ( 'NONE',  ( -0.2876392800874617017, 0.6514591189165258589, 0.4903489949670347126 ) ) ;
#545 = CARTESIAN_POINT ( 'NONE',  ( 0.5832805319173705039, -0.6039378985925292209, 0.5000000000000000000 ) ) ;
#546 = CARTESIAN_POINT ( 'NONE',  ( 0.09598448225277816936, -0.1662500000000009803, 0.000000000000000000 ) ) ;
#547 = CARTESIAN_POINT ( 'NONE',  ( -0.3197933772088959459, 0.3543241491720975356, 1.508757217966909656E-16 ) ) ;
#548 = AXIS2_PLACEMENT_3D ( 'NONE', #4210, #8192, #2860 ) ;
#549 = EDGE_CURVE ( 'NONE', #8320, #3017, #5862, .T. ) ;
#550 = CARTESIAN_POINT ( 'NONE',  ( -0.1480901075523911314, -0.4175480305250906521, 0.5000000000000000000 ) ) ;
#551 = ORIENTED_EDGE ( 'NONE', *, *, #765, .T. ) ;
#552 = CARTESIAN_POINT ( 'NONE',  ( 0.2808124464460152736, -0.7775992033736198739, 0.5000000000000000000 ) ) ;
#553 = ORIENTED_EDGE ( 'NONE', *, *, #6848, .F. ) ;
#554 = CARTESIAN_POINT ( 'NONE',  ( 0.09444247782545214798, 0.4113405319876105581, 0.5000000000000000000 ) ) ;
#555 = CARTESIAN_POINT ( 'NONE',  ( 0.1852048853565229358, -9.327886137653817724E-16, 2.188738712686478155E-17 ) ) ;
#556 = CARTESIAN_POINT ( 'NONE',  ( 0.3860316643059744091, -0.1392606806979949374, 0.4899999999999999911 ) ) ;
#557 = DIRECTION ( 'NONE',  ( 0.9406625533485237778, 0.3393434259387317353, 0.000000000000000000 ) ) ;
#558 = CARTESIAN_POINT ( 'NONE',  ( 0.4997302397591761314, -0.6348998939936802977, 0.5000000000000001110 ) ) ;
#559 = ORIENTED_EDGE ( 'NONE', *, *, #713, .T. ) ;
#560 = ORIENTED_EDGE ( 'NONE', *, *, #2952, .F. ) ;
#561 = ORIENTED_EDGE ( 'NONE', *, *, #2571, .T. ) ;
#562 = ORIENTED_EDGE ( 'NONE', *, *, #5941, .T. ) ;
#563 = CARTESIAN_POINT ( 'NONE',  ( 0.1583925183045468699, -0.4641105707610319597, 0.01039148047315507396 ) ) ;
#564 = CARTESIAN_POINT ( 'NONE',  ( -0.4633007160629068477, 0.08993869137521895429, 0.000000000000000000 ) ) ;
#565 = DIRECTION ( 'NONE',  ( 0.4999999999999900635, -0.8660254037844443697, 1.733665442999072805E-18 ) ) ;
#566 = CARTESIAN_POINT ( 'NONE',  ( -0.4430502521476405997, -0.5717439737445946246, 0.01047352876204864398 ) ) ;
#567 = CARTESIAN_POINT ( 'NONE',  ( -0.4781291712609478384, 0.06663272775110057333, 0.5000000000000000000 ) ) ;
#568 = DIRECTION ( 'NONE',  ( -0.2464192080397827611, 0.9691633370640091449, 0.000000000000000000 ) ) ;
#569 = CARTESIAN_POINT ( 'NONE',  ( -0.7706526344298073594, -0.08582060150875672755, 0.5000000000000000000 ) ) ;
#570 = LINE ( 'NONE', #4625, #3721 ) ;
#571 = ORIENTED_EDGE ( 'NONE', *, *, #2795, .F. ) ;
#572 = DIRECTION ( 'NONE',  ( -0.7161104662940385168, -0.6979869626749016787, 0.000000000000000000 ) ) ;
#573 = CARTESIAN_POINT ( 'NONE',  ( 0.1217892462942397752, -0.4383150319588271504, 0.01042312828344339921 ) ) ;
#574 = EDGE_CURVE ( 'NONE', #4563, #8555, #7674, .T. ) ;
#575 = CARTESIAN_POINT ( 'NONE',  ( 0.1214478067110824760, 0.4386513099396076032, 0.000000000000000000 ) ) ;
#576 = CARTESIAN_POINT ( 'NONE',  ( 0.8013422056068821853, -0.2039574741287458470, 0.4118156074920660825 ) ) ;
#577 = CARTESIAN_POINT ( 'NONE',  ( -0.2972148123002399944, -0.3318885495336172387, 0.5000000000000001110 ) ) ;
#578 = CARTESIAN_POINT ( 'NONE',  ( 0.4781728546951661274, 0.06706660814733449161, 0.5000000000000001110 ) ) ;
#579 = CARTESIAN_POINT ( 'NONE',  ( 0.000000000000000000, 0.000000000000000000, 0.000000000000000000 ) ) ;
#580 = CYLINDRICAL_SURFACE ( 'NONE', #1331, 0.01000000000000000541 ) ;
#581 = CARTESIAN_POINT ( 'NONE',  ( -0.7613456868373079667, 0.1269276564125076945, 0.01057749445276294324 ) ) ;
#582 = EDGE_LOOP ( 'NONE', ( #560, #5176, #6554, #3348 ) ) ;
#583 = CARTESIAN_POINT ( 'NONE',  ( 0.7079997865524704226, 0.07662663577623811395, 0.4903489949670250536 ) ) ;
#584 = ADVANCED_FACE ( 'NONE', ( #3415 ), #3891, .T. ) ;
#585 = CARTESIAN_POINT ( 'NONE',  ( 0.7706526344968437359, 0.08582060144911755895, 0.4999999999999999445 ) ) ;
#586 = CARTESIAN_POINT ( 'NONE',  ( -0.7896068699870372187, 0.1024039488121824548, 0.5000000000000000000 ) ) ;
#587 = CARTESIAN_POINT ( 'NONE',  ( 0.7976845859270876860, 0.2071716128187180428, 0.3332838527124498129 ) ) ;
#588 = CARTESIAN_POINT ( 'NONE',  ( 0.5567459687119661327, -0.6242806747199586281, 0.5000000000000000000 ) ) ;
#589 = CARTESIAN_POINT ( 'NONE',  ( -0.1005129965826218191, 0.4024196302306102813, 0.5000000000000001110 ) ) ;
#590 = CARTESIAN_POINT ( 'NONE',  ( -0.1669873790022710081, -0.4449437714401686117, 0.5000000000000001110 ) ) ;
#591 = LINE ( 'NONE', #2710, #4448 ) ;
#592 = DIMENSIONAL_EXPONENTS ( 1.000000000000000000, 0.000000000000000000, 0.000000000000000000, 0.000000000000000000, 0.000000000000000000, 0.000000000000000000, 0.000000000000000000 ) ;
#593 = EDGE_CURVE ( 'NONE', #3120, #8495, #3473, .T. ) ;
#594 = DIRECTION ( 'NONE',  ( 0.4999999999999998335, 0.8660254037844388186, -0.000000000000000000 ) ) ;
#595 = EDGE_CURVE ( 'NONE', #4952, #1036, #2126, .T. ) ;
#596 = ORIENTED_EDGE ( 'NONE', *, *, #1778, .T. ) ;
#597 = DIRECTION ( 'NONE',  ( 0.000000000000000000, 0.000000000000000000, -1.000000000000000000 ) ) ;
#598 = FACE_BOUND ( 'NONE', #1126, .T. ) ;
#599 = CARTESIAN_POINT ( 'NONE',  ( -0.4524410584771483834, -0.6207397245909137551, 0.5000000000000000000 ) ) ;
#600 = DIRECTION ( 'NONE',  ( -0.4999999999999746314, 0.8660254037844532515, 0.000000000000000000 ) ) ;
#601 = CARTESIAN_POINT ( 'NONE',  ( -0.1074876962894673188, 0.4335535204987493452, 0.01041521630865950739 ) ) ;
#602 = ORIENTED_EDGE ( 'NONE', *, *, #953, .T. ) ;
#603 = VERTEX_POINT ( 'NONE', #6184 ) ;
#604 = ORIENTED_EDGE ( 'NONE', *, *, #3454, .T. ) ;
#605 = ORIENTED_EDGE ( 'NONE', *, *, #401, .F. ) ;
#606 = DIRECTION ( 'NONE',  ( -0.2711763743891102973, -0.9625296743338239702, -0.000000000000000000 ) ) ;
#607 = CARTESIAN_POINT ( 'NONE',  ( -0.06760589019211203643, -0.4319811365038460638, 0.007463728475605220340 ) ) ;
#608 = CARTESIAN_POINT ( 'NONE',  ( -0.4278989402375205642, 0.09765066111133616222, 0.4904263678629615097 ) ) ;
#609 = CARTESIAN_POINT ( 'NONE',  ( -0.2802438665494154657, 0.7259905215584185889, 0.000000000000000000 ) ) ;
#610 = CARTESIAN_POINT ( 'NONE',  ( -0.4219855913842708861, -0.1167729043631943187, 0.000000000000000000 ) ) ;
#611 = CARTESIAN_POINT ( 'NONE',  ( -0.4691318693366693382, 0.07817545084187703386, 0.4903933099792158745 ) ) ;
#612 = CARTESIAN_POINT ( 'NONE',  ( -0.1582261623300185993, -0.4639331930142333582, 0.01039185364183538296 ) ) ;
#613 = CARTESIAN_POINT ( 'NONE',  ( -0.4802381293775043747, 0.6036577027334060208, 0.000000000000000000 ) ) ;
#614 =( BOUNDED_SURFACE ( )  B_SPLINE_SURFACE ( 3, 2, ( 
 ( #4414, #3897, #405 ),
 ( #1784, #7910, #4505 ),
 ( #7199, #3848, #2504 ),
 ( #4518, #1127, #5187 ),
 ( #7823, #1170, #7879 ),
 ( #5133, #3163, #8539 ),
 ( #5845, #1845, #7211 ),
 ( #3863, #6462, #6553 ),
 ( #8660, #2535, #6013 ),
 ( #4643, #1295, #7192 ),
 ( #4594, #1875, #6580 ),
 ( #8613, #7950, #3980 ),
 ( #8041, #7367, #678 ),
 ( #7820, #1796, #5751 ) ),
 .UNSPECIFIED., .F., .F., .T. ) 
 B_SPLINE_SURFACE_WITH_KNOTS ( ( 4, 2, 2, 2, 2, 2, 4 ),
 ( 3, 3 ),
 ( -3.794707603699265519E-18, 0.0008499630636326863803, 0.001274944595449031522, 0.001699926127265376664, 0.002124907659081722022, 0.002549889190898066947, 0.003399852254530757231 ),
 ( 0.000000000000000000, 1.000000000000000000 ),
 .UNSPECIFIED. ) 
 GEOMETRIC_REPRESENTATION_ITEM ( )  RATIONAL_B_SPLINE_SURFACE ( (
 ( 1.000000000000000000, 0.7193398003386507478, 1.000000000000000000),
 ( 1.000000000000000000, 0.7202131089109286011, 1.000000000000000000),
 ( 1.000000000000000000, 0.7208784273513217933, 1.000000000000000000),
 ( 1.000000000000000000, 0.7215629346519446541, 1.000000000000000000),
 ( 1.000000000000000000, 0.7217356565186976436, 1.000000000000000000),
 ( 1.000000000000000000, 0.7219644832678036028, 1.000000000000000000),
 ( 1.000000000000000000, 0.7220224049890955342, 1.000000000000000000),
 ( 1.000000000000000000, 0.7220238173294857287, 1.000000000000000000),
 ( 1.000000000000000000, 0.7219658634063005342, 1.000000000000000000),
 ( 1.000000000000000000, 0.7217377061593072129, 1.000000000000000000),
 ( 1.000000000000000000, 0.7215679889611176234, 1.000000000000000000),
 ( 1.000000000000000000, 0.7208917738735040048, 1.000000000000000000),
 ( 1.000000000000000000, 0.7202113677850200402, 1.000000000000000000),
 ( 1.000000000000000000, 0.7193398003386507478, 1.000000000000000000) ) ) 
 REPRESENTATION_ITEM ( '' )  SURFACE ( )  );
#615 = CARTESIAN_POINT ( 'NONE',  ( 0.7789129509567294107, 0.1335891310638983587, 0.000000000000000000 ) ) ;
#616 = ORIENTED_EDGE ( 'NONE', *, *, #6141, .T. ) ;
#617 = VECTOR ( 'NONE', #5668, 39.37007874015748854 ) ;
#618 = CARTESIAN_POINT ( 'NONE',  ( -0.3985118519898102063, -0.1537559620992459686, 0.01000000000000063859 ) ) ;
#619 = CARTESIAN_POINT ( 'NONE',  ( 0.1216178504541742533, 0.4382433957946925696, 0.01042308903936574500 ) ) ;
#620 = CARTESIAN_POINT ( 'NONE',  ( 0.2749648473189793552, 0.6770781872424271874, 0.01049749389316012062 ) ) ;
#621 = CARTESIAN_POINT ( 'NONE',  ( 0.2886378205521578644, -0.3201621545760727772, 0.5000000000000000000 ) ) ;
#622 = CARTESIAN_POINT ( 'NONE',  ( 0.3030073953000346210, 0.3018139713076389286, 0.5000000000000000000 ) ) ;
#623 = CIRCLE ( 'NONE', #2870, 0.8128553031379056604 ) ;
#624 = CARTESIAN_POINT ( 'NONE',  ( -0.7976845859270826899, 0.2071716128187362782, 0.3332838527124466488 ) ) ;
#625 = CARTESIAN_POINT ( 'NONE',  ( 0.4079095832627219198, -0.1574421498984960033, 0.007463728527815797348 ) ) ;
#626 = CARTESIAN_POINT ( 'NONE',  ( -0.7858496550095520616, 0.1822940242512516018, 0.01049746206309111474 ) ) ;
#627 = EDGE_CURVE ( 'NONE', #3335, #7399, #7985, .T. ) ;
#628 = ORIENTED_EDGE ( 'NONE', *, *, #5538, .T. ) ;
#629 = CARTESIAN_POINT ( 'NONE',  ( 0.07222192602347558832, -0.04169734843104799804, 0.01000000000000000021 ) ) ;
#630 = CIRCLE ( 'NONE', #6252, 0.009999999999999995004 ) ;
#631 = CARTESIAN_POINT ( 'NONE',  ( 0.7744703166079823786, 0.1457484380708129468, 0.01057231001183497193 ) ) ;
#632 = CARTESIAN_POINT ( 'NONE',  ( -0.3954325595773454105, 0.1426520477689198207, 0.4903489949670250536 ) ) ;
#633 = CARTESIAN_POINT ( 'NONE',  ( -0.3267351047334619008, 0.3783718961987362905, -3.000715666032096371E-16 ) ) ;
#634 = CARTESIAN_POINT ( 'NONE',  ( -0.1554344994360877807, -0.4349080291820334732, 0.4904132026006209899 ) ) ;
#635 = CIRCLE ( 'NONE', #4013, 0.8296233642237538231 ) ;
#636 = EDGE_CURVE ( 'NONE', #8153, #7430, #7227, .T. ) ;
#637 =( CONVERSION_BASED_UNIT ( 'INCH', #6673 ) LENGTH_UNIT ( ) NAMED_UNIT ( #3302 ) );
#638 = CARTESIAN_POINT ( 'NONE',  ( -0.2729497379631004028, -0.7152969184703674710, 0.01057235682384281145 ) ) ;
#639 = ORIENTED_EDGE ( 'NONE', *, *, #790, .T. ) ;
#640 = PRODUCT_DEFINITION_FORMATION_WITH_SPECIFIED_SOURCE ( 'ANY', '', #5081, .NOT_KNOWN. ) ;
#641 = CARTESIAN_POINT ( 'NONE',  ( -0.3109215578521674073, -0.3855412473278102548, 0.4941086989442873834 ) ) ;
#642 = CARTESIAN_POINT ( 'NONE',  ( 0.1480901075523790855, 0.4175480305250898194, 0.5000000000000000000 ) ) ;
#643 = CARTESIAN_POINT ( 'NONE',  ( -0.8041768617274132058, -0.1482666892168833794, 0.4905280380405526164 ) ) ;
#644 = CARTESIAN_POINT ( 'NONE',  ( -0.4997302397591762979, 0.6348998939936799646, 0.5000000000000001110 ) ) ;
#645 = FACE_OUTER_BOUND ( 'NONE', #2137, .T. ) ;
#646 = EDGE_CURVE ( 'NONE', #6734, #6777, #2344, .T. ) ;
#647 = CARTESIAN_POINT ( 'NONE',  ( 0.4833176603493269385, -0.6325804815800051273, 0.4999999999999999445 ) ) ;
#648 = ORIENTED_EDGE ( 'NONE', *, *, #1106, .F. ) ;
#649 = ORIENTED_EDGE ( 'NONE', *, *, #627, .T. ) ;
#650 = ORIENTED_EDGE ( 'NONE', *, *, #2364, .F. ) ;
#651 = EDGE_LOOP ( 'NONE', ( #6714, #3117, #7882, #2551 ) ) ;
#652 = CARTESIAN_POINT ( 'NONE',  ( -0.07206249532810395098, -0.4197816553878198076, 0.3318948811265338694 ) ) ;
#653 = DIRECTION ( 'NONE',  ( 0.9625296743338405125, 0.2711763743890514000, 0.000000000000000000 ) ) ;
#654 = CARTESIAN_POINT ( 'NONE',  ( 0.2708065935199353569, 0.7226397870026683989, 0.01057741574509991379 ) ) ;
#655 = AXIS2_PLACEMENT_3D ( 'NONE', #2910, #5588, #6953 ) ;
#656 = DIRECTION ( 'NONE',  ( -0.8660254037844300479, 0.5000000000000149880, 0.000000000000000000 ) ) ;
#657 = CARTESIAN_POINT ( 'NONE',  ( -0.4405405191543669829, -0.08925251187435936928, 0.4904246920857202041 ) ) ;
#658 = CARTESIAN_POINT ( 'NONE',  ( -0.06764588407316197982, -0.4318728915606565577, 0.01034899496703158527 ) ) ;
#659 = CARTESIAN_POINT ( 'NONE',  ( 0.2394508370634539640, 0.8047924331505722506, 0.5000000000000001110 ) ) ;
#660 = CARTESIAN_POINT ( 'NONE',  ( -0.4619193150621419552, 0.5846469235987612478, 5.975917486140575174E-17 ) ) ;
#661 = CARTESIAN_POINT ( 'NONE',  ( -0.4617522033546141991, -0.5852089020531084929, 0.01053712970575421473 ) ) ;
#662 = EDGE_CURVE ( 'NONE', #864, #4827, #4369, .T. ) ;
#663 = ORIENTED_EDGE ( 'NONE', *, *, #8141, .T. ) ;
#664 = VECTOR ( 'NONE', #5553, 39.37007874015748854 ) ;
#665 = CARTESIAN_POINT ( 'NONE',  ( 0.07422613817141883452, -0.4136382835073383335, 0.4941086989442872168 ) ) ;
#666 = CARTESIAN_POINT ( 'NONE',  ( 0.4910234616717931155, 0.09338776573754054011, 0.01037303208737830502 ) ) ;
#667 = CARTESIAN_POINT ( 'NONE',  ( 0.1168269235877482798, 0.4368575315724642083, -4.690083333936088610E-15 ) ) ;
#668 =( BOUNDED_CURVE ( )  B_SPLINE_CURVE ( 3, ( #6327, #988, #2980, #7816 ),
 .UNSPECIFIED., .F., .T. ) 
 B_SPLINE_CURVE_WITH_KNOTS ( ( 4, 4 ),
 ( 1.570796326794895892, 3.141592653589795781 ),
 .UNSPECIFIED. ) 
 CURVE ( )  GEOMETRIC_REPRESENTATION_ITEM ( )  RATIONAL_B_SPLINE_CURVE ( ( 1.000000000000000000, 0.8047378541243641603, 0.8047378541243641603, 1.000000000000000000 ) ) 
 REPRESENTATION_ITEM ( '' )  );
#669 = CARTESIAN_POINT ( 'NONE',  ( 0.5832805319173839376, 0.6039378985925162313, 0.5000000000000000000 ) ) ;
#670 = CARTESIAN_POINT ( 'NONE',  ( 0.06898480904474096898, 0.4282485489824185421, 0.1069530981035216877 ) ) ;
#671 = VECTOR ( 'NONE', #2841, 39.37007874015748143 ) ;
#672 = CARTESIAN_POINT ( 'NONE',  ( -0.3314147498562310390, 0.3872499748641627382, 0.01034899496702501413 ) ) ;
#673 = CARTESIAN_POINT ( 'NONE',  ( 0.1472332194256464333, 0.4537840807061680470, 0.01041051800422894240 ) ) ;
#674 = CARTESIAN_POINT ( 'NONE',  ( -0.4278576551316189969, 0.5542964757774105911, 0.01038463202135236560 ) ) ;
#675 = CIRCLE ( 'NONE', #7844, 0.009999999999999995004 ) ;
#676 = AXIS2_PLACEMENT_3D ( 'NONE', #8254, #7500, #1555 ) ;
#677 = CARTESIAN_POINT ( 'NONE',  ( -0.1755116190007662003, 0.4683149925404354597, 0.3318948755274589435 ) ) ;
#678 = CARTESIAN_POINT ( 'NONE',  ( 0.08423514851359208133, -0.4119765318278578725, 0.4903740157860139726 ) ) ;
#679 = CARTESIAN_POINT ( 'NONE',  ( -0.3952166014487271117, -0.1188255484454107253, 0.5000000000000000000 ) ) ;
#680 = CARTESIAN_POINT ( 'NONE',  ( -0.1481679776542704774, 0.4175950594397800919, 0.5000000000000001110 ) ) ;
#681 = CARTESIAN_POINT ( 'NONE',  ( -0.1574026187371624086, -0.4237503228587595205, 0.5000000000000000000 ) ) ;
#682 = CIRCLE ( 'NONE', #5589, 0.01000000000000006092 ) ;
#683 = CARTESIAN_POINT ( 'NONE',  ( -0.1696609409191247031, 0.4806385799964465466, 0.01034899496703166506 ) ) ;
#684 = CARTESIAN_POINT ( 'NONE',  ( 0.3015143081449334628, -0.7097224981303490443, 0.5000000000000000000 ) ) ;
#685 = ORIENTED_EDGE ( 'NONE', *, *, #7099, .T. ) ;
#686 = CIRCLE ( 'NONE', #7566, 0.009999999999999995004 ) ;
#687 = CARTESIAN_POINT ( 'NONE',  ( -0.1384626288808921968, -0.4236155476027884115, 0.4904263670073868986 ) ) ;
#688 = ADVANCED_FACE ( 'NONE', ( #7756 ), #3966, .F. ) ;
#689 = CARTESIAN_POINT ( 'NONE',  ( -0.2948191652466167212, -0.6648194422902934386, 0.4999999999999999445 ) ) ;
#690 = PLANE ( 'NONE',  #3214 ) ;
#691 = CARTESIAN_POINT ( 'NONE',  ( -0.1727603273109157012, 0.4660190581589344627, 0.000000000000000000 ) ) ;
#692 = CARTESIAN_POINT ( 'NONE',  ( 0.1890822131596053002, 0.004999999999999046006, 0.4899999999999999911 ) ) ;
#693 = B_SPLINE_CURVE_WITH_KNOTS ( 'NONE', 3,
 ( #2047, #8164, #4145, #1460, #5428, #6097, #6878, #837, #5471, #2667, #7411, #2086, #4729, #7493, #3529, #800 ),
 .UNSPECIFIED., .F., .F.,
 ( 4, 2, 2, 2, 2, 2, 2, 4 ),
 ( 2.453269466693398698E-18, 0.0005730326344334815648, 0.001146065268866960528, 0.002292130537733921922, 0.002865163172167402728, 0.003438195806600883100, 0.004011228441034363906, 0.004584261075467844712 ),
 .UNSPECIFIED. ) ;
#694 = CIRCLE ( 'NONE', #4771, 0.4371386051322854183 ) ;
#695 = CARTESIAN_POINT ( 'NONE',  ( 0.000000000000000000, 0.000000000000000000, 0.4899999999999999911 ) ) ;
#696 = ORIENTED_EDGE ( 'NONE', *, *, #5524, .F. ) ;
#697 = ORIENTED_EDGE ( 'NONE', *, *, #4039, .T. ) ;
#698 = ORIENTED_EDGE ( 'NONE', *, *, #2008, .T. ) ;
#699 = ORIENTED_EDGE ( 'NONE', *, *, #7373, .F. ) ;
#700 = CARTESIAN_POINT ( 'NONE',  ( -0.4183158703536986600, 0.1207561857979870534, 0.000000000000000000 ) ) ;
#701 = CARTESIAN_POINT ( 'NONE',  ( -0.1432471490185263374, 0.4258538269985469027, 0.4904263066565968110 ) ) ;
#702 = EDGE_CURVE ( 'NONE', #4328, #2886, #3245, .T. ) ;
#703 = CARTESIAN_POINT ( 'NONE',  ( 0.2749493661066946815, 0.6999984134435476291, 0.000000000000000000 ) ) ;
#704 = DIRECTION ( 'NONE',  ( -1.000000000000000000, -6.833782940085117942E-15, -0.000000000000000000 ) ) ;
#705 = CARTESIAN_POINT ( 'NONE',  ( -0.5773034566906289911, 0.5920039701158533729, 0.4118156074920727994 ) ) ;
#706 = CARTESIAN_POINT ( 'NONE',  ( -0.8041318573848259543, -0.1225479082817806098, 0.5000000000000000000 ) ) ;
#707 = CARTESIAN_POINT ( 'NONE',  ( 0.4435080313086638970, -0.09950788507293634177, 0.000000000000000000 ) ) ;
#708 = CARTESIAN_POINT ( 'NONE',  ( 0.7015692056756834827, 0.09427478940431768817, 0.01041648865680679971 ) ) ;
#709 = ORIENTED_EDGE ( 'NONE', *, *, #4449, .T. ) ;
#710 = CARTESIAN_POINT ( 'NONE',  ( 0.4294861048078200128, 0.1240307937317380593, -8.919017517489837476E-16 ) ) ;
#711 = B_SPLINE_CURVE_WITH_KNOTS ( 'NONE', 3,
 ( #6843, #4777, #4732, #3457, #1547, #6144, #88 ),
 .UNSPECIFIED., .F., .F.,
 ( 4, 3, 4 ),
 ( 0.0002456008890775214092, 0.006241211021260299925, 0.01246129959652395557 ),
 .UNSPECIFIED. ) ;
#712 = CARTESIAN_POINT ( 'NONE',  ( -0.2758928509020380226, 0.3247496900209387860, 0.4923897055261295397 ) ) ;
#713 = EDGE_CURVE ( 'NONE', #1533, #152, #2433, .T. ) ;
#714 = ADVANCED_FACE ( 'NONE', ( #6394 ), #6438, .T. ) ;
#715 = CARTESIAN_POINT ( 'NONE',  ( 0.2027673521306029569, -0.7974811915099431214, 0.01000000000000000021 ) ) ;
#716 = CARTESIAN_POINT ( 'NONE',  ( 0.2848925437666993687, -0.6757055592718714809, -0.000000000000000000 ) ) ;
#717 = DIRECTION ( 'NONE',  ( 1.000000000000000000, 0.000000000000000000, 0.000000000000000000 ) ) ;
#718 = CARTESIAN_POINT ( 'NONE',  ( -0.4488844868407693700, 0.5766656365471587442, 0.01049749389316011715 ) ) ;
#719 = DIRECTION ( 'NONE',  ( 0.000000000000000000, 0.000000000000000000, 1.000000000000000000 ) ) ;
#720 =( BOUNDED_SURFACE ( )  B_SPLINE_SURFACE ( 3, 2, ( 
 ( #8695, #8155, #2114 ),
 ( #3315, #5498, #4763 ),
 ( #3440, #4802, #4010 ),
 ( #5417, #1950, #4673 ),
 ( #116, #710, #7480 ),
 ( #3403, #6704, #3483 ),
 ( #6087, #4630, #7315 ),
 ( #2075, #27, #6170 ),
 ( #7443, #3965, #6128 ),
 ( #8743, #6655, #72 ),
 ( #1447, #2821, #5336 ),
 ( #4135, #4717, #6790 ),
 ( #666, #6828, #750 ),
 ( #5459, #5379, #8071 ) ),
 .UNSPECIFIED., .F., .F., .F. ) 
 B_SPLINE_SURFACE_WITH_KNOTS ( ( 4, 2, 2, 2, 2, 2, 4 ),
 ( 3, 3 ),
 ( 4.336808689942017736E-19, 0.0008346611135208148154, 0.001251991670281222060, 0.001669322227041629197, 0.002086652783802036334, 0.002503983340562443687, 0.003338644454083257961 ),
 ( 0.000000000000000000, 1.000000000000000000 ),
 .UNSPECIFIED. ) 
 GEOMETRIC_REPRESENTATION_ITEM ( )  RATIONAL_B_SPLINE_SURFACE ( (
 ( 1.000000000000000000, 0.6946583704589972541, 1.000000000000000000),
 ( 1.000000000000000000, 0.6937906805724555204, 1.000000000000000000),
 ( 1.000000000000000000, 0.6931276611513155217, 1.000000000000000000),
 ( 1.000000000000000000, 0.6924455310725180501, 1.000000000000000000),
 ( 1.000000000000000000, 0.6922728347062749865, 1.000000000000000000),
 ( 1.000000000000000000, 0.6920443954557897737, 1.000000000000000000),
 ( 1.000000000000000000, 0.6919866675712507131, 1.000000000000000000),
 ( 1.000000000000000000, 0.6919852769385157476, 1.000000000000000000),
 ( 1.000000000000000000, 0.6920430725235914293, 1.000000000000000000),
 ( 1.000000000000000000, 0.6922711327391121161, 1.000000000000000000),
 ( 1.000000000000000000, 0.6924407042322023864, 1.000000000000000000),
 ( 1.000000000000000000, 0.6931143354385804756, 1.000000000000000000),
 ( 1.000000000000000000, 0.6937914730024198340, 1.000000000000000000),
 ( 1.000000000000000000, 0.6946583704589975872, 1.000000000000000000) ) ) 
 REPRESENTATION_ITEM ( '' )  SURFACE ( )  );
#721 = CARTESIAN_POINT ( 'NONE',  ( -0.2003046611694584700, -0.7877954620204887792, 0.01034899496702500893 ) ) ;
#722 = CARTESIAN_POINT ( 'NONE',  ( -0.4456798538261179110, -0.07556049498080551208, 0.5000000000000000000 ) ) ;
#723 = CARTESIAN_POINT ( 'NONE',  ( -0.1278089861406477290, 0.4081259130802020185, 0.5000000000000001110 ) ) ;
#724 = DIRECTION ( 'NONE',  ( -0.2711763743891102973, -0.9625296743338239702, -0.000000000000000000 ) ) ;
#725 = DIRECTION ( 'NONE',  ( -0.000000000000000000, -0.000000000000000000, -1.000000000000000000 ) ) ;
#726 = CARTESIAN_POINT ( 'NONE',  ( 0.2956834935332988135, -0.6645859345132684171, 0.5000000000000000000 ) ) ;
#727 = ORIENTED_EDGE ( 'NONE', *, *, #2692, .T. ) ;
#728 = CARTESIAN_POINT ( 'NONE',  ( -0.2854811915677703538, 0.7011477019502311281, -0.000000000000000000 ) ) ;
#729 = CARTESIAN_POINT ( 'NONE',  ( -0.2567145220842619313, -0.7858565623105145947, 0.4904714806062671628 ) ) ;
#730 = CARTESIAN_POINT ( 'NONE',  ( 0.1804219591217609275, -9.572035194145888967E-16, 0.4899999999999999911 ) ) ;
#731 = DIRECTION ( 'NONE',  ( 0.5000000000000095479, 0.8660254037844330455, -0.000000000000000000 ) ) ;
#732 = CARTESIAN_POINT ( 'NONE',  ( 0.4684915098514016996, -0.5886416118197723701, 0.01055193097138350591 ) ) ;
#733 = DIRECTION ( 'NONE',  ( 1.000000000000000000, -1.178029542708651597E-14, 4.342579616287176648E-32 ) ) ;
#734 = CARTESIAN_POINT ( 'NONE',  ( -0.09598448225277238233, -0.1662500000000009803, 0.000000000000000000 ) ) ;
#735 = EDGE_CURVE ( 'NONE', #4249, #2583, #8295, .T. ) ;
#736 = ORIENTED_EDGE ( 'NONE', *, *, #1189, .T. ) ;
#737 = ORIENTED_EDGE ( 'NONE', *, *, #5295, .T. ) ;
#738 = VERTEX_POINT ( 'NONE', #7093 ) ;
#739 = VERTEX_POINT ( 'NONE', #7665 ) ;
#740 = CARTESIAN_POINT ( 'NONE',  ( 0.3101878849590306575, 0.6854978370013937727, 0.5000000000000000000 ) ) ;
#741 = CARTESIAN_POINT ( 'NONE',  ( -0.5782744942946735911, -0.5872399805563861541, 0.3329279416348590592 ) ) ;
#742 = FACE_OUTER_BOUND ( 'NONE', #3201, .T. ) ;
#743 = CARTESIAN_POINT ( 'NONE',  ( -0.3951155369924747029, 0.1425376820703311009, 0.5000000000000000000 ) ) ;
#744 = CARTESIAN_POINT ( 'NONE',  ( -0.1472332194256462945, -0.4537840807061679915, 0.01041051800422893372 ) ) ;
#745 = CARTESIAN_POINT ( 'NONE',  ( 0.3101878849863944909, 0.6854978370009069399, 0.5000000000000001110 ) ) ;
#746 = CARTESIAN_POINT ( 'NONE',  ( -0.4432541242417672445, 0.5712561514632600312, -5.488483304188514359E-15 ) ) ;
#747 = CARTESIAN_POINT ( 'NONE',  ( 0.7629019704460465734, 0.1140695685401368342, 0.000000000000000000 ) ) ;
#748 = EDGE_CURVE ( 'NONE', #739, #1698, #501, .T. ) ;
#749 = EDGE_LOOP ( 'NONE', ( #3162, #5469, #8406, #7210, #6331, #3166, #8633, #1472 ) ) ;
#750 = CARTESIAN_POINT ( 'NONE',  ( 0.4900188749600429272, 0.08339469699577196915, 0.000000000000000000 ) ) ;
#751 = FACE_OUTER_BOUND ( 'NONE', #651, .T. ) ;
#752 = CARTESIAN_POINT ( 'NONE',  ( 0.2968059099265371592, -0.3808174606635663095, 0.5000000000000000000 ) ) ;
#753 = CARTESIAN_POINT ( 'NONE',  ( 0.000000000000000000, 0.000000000000000000, 0.4903489949670249426 ) ) ;
#754 = CARTESIAN_POINT ( 'NONE',  ( -0.5010756907753638467, 0.09339469686209991850, 0.01000000000000000021 ) ) ;
#755 = CARTESIAN_POINT ( 'NONE',  ( -0.5081955304450753719, 0.6351246623467308172, 0.5000000000000000000 ) ) ;
#756 = EDGE_CURVE ( 'NONE', #4195, #6540, #261, .T. ) ;
#757 = CARTESIAN_POINT ( 'NONE',  ( -0.1148595898265918763, 0.4143559176375867792, 0.5000000000000000000 ) ) ;
#758 = ORIENTED_EDGE ( 'NONE', *, *, #2212, .T. ) ;
#759 = CARTESIAN_POINT ( 'NONE',  ( 0.6939636568172332654, 0.09338736065891772853, 0.01038463202135236386 ) ) ;
#760 = AXIS2_PLACEMENT_3D ( 'NONE', #2770, #1945, #2648 ) ;
#761 = CARTESIAN_POINT ( 'NONE',  ( -0.4543586512995028692, -0.08284378945484940915, 0.4904132026006207679 ) ) ;
#762 = CARTESIAN_POINT ( 'NONE',  ( -0.3254347416836447238, -0.2768903755650305998, 0.000000000000000000 ) ) ;
#763 = CARTESIAN_POINT ( 'NONE',  ( 0.4781266287946000504, -0.06663272750606093198, 0.5000000000000000000 ) ) ;
#764 = CARTESIAN_POINT ( 'NONE',  ( 0.4427319079244627642, 0.5845769598866671357, -0.000000000000000000 ) ) ;
#765 = EDGE_CURVE ( 'NONE', #1883, #17, #6263, .T. ) ;
#766 = CARTESIAN_POINT ( 'NONE',  ( 0.2785857008347366048, -0.7650373486725270400, 0.4905419968494945659 ) ) ;
#767 = DIRECTION ( 'NONE',  ( 0.4999999999999998335, 0.8660254037844388186, -0.000000000000000000 ) ) ;
#768 = CARTESIAN_POINT ( 'NONE',  ( -0.7009530400637182801, -0.08211145396920251083, 0.3332843519825594569 ) ) ;
#769 = AXIS2_PLACEMENT_3D ( 'NONE', #2485, #3145, #7238 ) ;
#770 = UNCERTAINTY_MEASURE_WITH_UNIT (LENGTH_MEASURE( 1.000000000000000082E-05 ), #637, 'distance_accuracy_value', 'NONE');
#771 = CARTESIAN_POINT ( 'NONE',  ( -0.2003046611694584700, -0.7877954620204887792, 0.01034899496702500893 ) ) ;
#772 = CARTESIAN_POINT ( 'NONE',  ( 0.5710980932223788109, 0.6023238630691021278, 0.4999999999999418243 ) ) ;
#773 = CARTESIAN_POINT ( 'NONE',  ( 0.5820985525111297409, 0.5673666560794193847, 0.01034899496702500893 ) ) ;
#774 = ORIENTED_EDGE ( 'NONE', *, *, #8037, .T. ) ;
#775 = AXIS2_PLACEMENT_3D ( 'NONE', #7569, #4212, #8284 ) ;
#776 = EDGE_LOOP ( 'NONE', ( #5563, #194, #8542, #285 ) ) ;
#777 = ORIENTED_EDGE ( 'NONE', *, *, #3737, .F. ) ;
#778 = CARTESIAN_POINT ( 'NONE',  ( 0.000000000000000000, 0.000000000000000000, 0.01034899496702338870 ) ) ;
#779 = CARTESIAN_POINT ( 'NONE',  ( 0.7197125501567110950, -0.08827574339142636728, 0.000000000000000000 ) ) ;
#780 = CARTESIAN_POINT ( 'NONE',  ( 0.2648600599157100444, 0.7367749402691758931, 0.01057748732870016951 ) ) ;
#781 = CARTESIAN_POINT ( 'NONE',  ( -0.3988997165827283253, 0.1330384874096062209, 0.4903740157860126403 ) ) ;
#782 = CARTESIAN_POINT ( 'NONE',  ( 0.1574026187195819160, 0.4237503228811118627, 0.5000000000000001110 ) ) ;
#783 = CARTESIAN_POINT ( 'NONE',  ( 0.4344296177870269338, -0.1057235071454222936, -0.000000000000000000 ) ) ;
#784 = CARTESIAN_POINT ( 'NONE',  ( 0.7699799877703612516, 0.1393442965257519206, -1.143060067925845130E-15 ) ) ;
#785 = ORIENTED_EDGE ( 'NONE', *, *, #7197, .F. ) ;
#786 = ORIENTED_EDGE ( 'NONE', *, *, #1951, .T. ) ;
#787 = CARTESIAN_POINT ( 'NONE',  ( -0.08354738834730128516, -0.4019474918382313078, 0.5000000000000000000 ) ) ;
#788 = CARTESIAN_POINT ( 'NONE',  ( 0.5782744942951810740, 0.5872399805558982111, 0.3329279416348926435 ) ) ;
#789 = CARTESIAN_POINT ( 'NONE',  ( 0.2882772350889672985, -0.3481898278779582134, 0.5000000000000000000 ) ) ;
#790 = EDGE_CURVE ( 'NONE', #2628, #1185, #1978, .T. ) ;
#791 = CARTESIAN_POINT ( 'NONE',  ( 0.7914652982809100568, -0.1210202921556595562, 0.4905662271648500994 ) ) ;
#792 = CARTESIAN_POINT ( 'NONE',  ( -0.2708968104585541270, 0.6446046035781461958, 0.1732842076590086211 ) ) ;
#793 = CARTESIAN_POINT ( 'NONE',  ( -0.3191137606007846683, 0.3194599924223107124, 0.01042306977814713709 ) ) ;
#794 = CARTESIAN_POINT ( 'NONE',  ( -0.4238610177736751861, 0.5816351924121933026, 0.5000000000000289768 ) ) ;
#795 = AXIS2_PLACEMENT_3D ( 'NONE', #1923, #4600, #1254 ) ;
#796 = CARTESIAN_POINT ( 'NONE',  ( -0.1098748687194697621, 0.4133190875182077839, 0.5000000000000000000 ) ) ;
#797 = ORIENTED_EDGE ( 'NONE', *, *, #7389, .F. ) ;
#798 = CARTESIAN_POINT ( 'NONE',  ( 0.7164834760098874877, 0.09776330616015881103, 0.01047287214295883340 ) ) ;
#799 = AXIS2_PLACEMENT_3D ( 'NONE', #2971, #2928, #8304 ) ;
#800 = CARTESIAN_POINT ( 'NONE',  ( -0.5763377827354060345, 0.5967492661558785327, 0.4903489949670350456 ) ) ;
#801 = EDGE_CURVE ( 'NONE', #6983, #996, #4257, .T. ) ;
#802 = CARTESIAN_POINT ( 'NONE',  ( -0.1331371828797178747, 0.4101245202645071308, 0.5000000000000001110 ) ) ;
#803 = CARTESIAN_POINT ( 'NONE',  ( 0.1868967427717303231, 0.4569801092618675509, 0.5000000000000000000 ) ) ;
#804 = CIRCLE ( 'NONE', #2651, 0.4371386051322854183 ) ;
#805 = CARTESIAN_POINT ( 'NONE',  ( 0.2078209286779829912, -0.7858856615804586943, 0.01038462188171378718 ) ) ;
#806 = CARTESIAN_POINT ( 'NONE',  ( -0.2917803434772048288, -0.6578920052719989808, 0.4999999999999998335 ) ) ;
#807 = EDGE_CURVE ( 'NONE', #1335, #6506, #4810, .T. ) ;
#808 = CYLINDRICAL_SURFACE ( 'NONE', #2220, 0.01000000000000000194 ) ;
#809 = DIRECTION ( 'NONE',  ( -0.4999999999999899525, 0.8660254037844445918, 0.000000000000000000 ) ) ;
#810 = TOROIDAL_SURFACE ( 'NONE', #5172, 0.4103827275060554780, 0.01000000000000000021 ) ;
#811 = CARTESIAN_POINT ( 'NONE',  ( 0.4079095832640600161, 0.1574421499000927260, 0.007463728475605217738 ) ) ;
#812 = CARTESIAN_POINT ( 'NONE',  ( 0.4686569389284412357, 0.5887106302713089878, 0.01055220714150030027 ) ) ;
#813 = EDGE_LOOP ( 'NONE', ( #1709, #3402, #6505, #1752 ) ) ;
#814 = AXIS2_PLACEMENT_3D ( 'NONE', #8019, #7926, #1939 ) ;
#815 = VERTEX_POINT ( 'NONE', #8117 ) ;
#816 = CARTESIAN_POINT ( 'NONE',  ( 0.2864395980398462549, 0.7712406701912872808, 0.5000000000000000000 ) ) ;
#817 = CARTESIAN_POINT ( 'NONE',  ( 0.6947385653340953926, -0.08339469686210246313, -0.000000000000000000 ) ) ;
#818 = CARTESIAN_POINT ( 'NONE',  ( 0.2619145588723548190, 0.6411493232088923966, -2.134256245050205639E-18 ) ) ;
#819 = CARTESIAN_POINT ( 'NONE',  ( 0.4496076217241434803, -0.08433266374898160112, 0.4904196434101645852 ) ) ;
#820 = CARTESIAN_POINT ( 'NONE',  ( -0.1256555659111175394, 0.4290888387613848165, 0.000000000000000000 ) ) ;
#821 = CARTESIAN_POINT ( 'NONE',  ( 0.5010756907753637357, -0.08339469686210011778, 0.000000000000000000 ) ) ;
#822 = AXIS2_PLACEMENT_3D ( 'NONE', #6529, #490, #7232 ) ;
#823 = CARTESIAN_POINT ( 'NONE',  ( 0.7867719830156716387, 0.1898369271640329425, 0.000000000000000000 ) ) ;
#824 = ORIENTED_EDGE ( 'NONE', *, *, #2756, .T. ) ;
#825 = ORIENTED_EDGE ( 'NONE', *, *, #3099, .F. ) ;
#826 = ADVANCED_BREP_SHAPE_REPRESENTATION ( 'am-3571 2IN Molded 375Hex Compliant Wheel', ( #1487, #6701 ), #4424 ) ;
#827 = ORIENTED_EDGE ( 'NONE', *, *, #5029, .T. ) ;
#828 = CARTESIAN_POINT ( 'NONE',  ( 0.2027673521306249671, 0.7974811915099506709, 0.000000000000000000 ) ) ;
#829 = DIRECTION ( 'NONE',  ( 0.6946981095146400609, 0.7193014226572788106, 0.000000000000000000 ) ) ;
#830 = CARTESIAN_POINT ( 'NONE',  ( 0.4233961676958171161, 0.5522562372222817872, 0.09181588974872856301 ) ) ;
#831 = CARTESIAN_POINT ( 'NONE',  ( -0.3059373732690935932, -0.3766475615751164741, 0.4903741761330088766 ) ) ;
#832 = CARTESIAN_POINT ( 'NONE',  ( -0.4241737041896421201, 0.5814395087188823918, 0.4903829773254069213 ) ) ;
#833 = CARTESIAN_POINT ( 'NONE',  ( -0.7079997865524698675, 0.07662663577625393463, 0.4903489949670347126 ) ) ;
#834 = ADVANCED_FACE ( 'NONE', ( #8199 ), #2865, .T. ) ;
#835 = CARTESIAN_POINT ( 'NONE',  ( 0.2890798856021855046, 0.3538635690248302379, 0.5000000000000001110 ) ) ;
#836 = FACE_OUTER_BOUND ( 'NONE', #2020, .T. ) ;
#837 = CARTESIAN_POINT ( 'NONE',  ( -0.5003817934507456267, 0.6249088180354442912, 0.4905662946009490821 ) ) ;
#838 = CARTESIAN_POINT ( 'NONE',  ( -0.3079210382643033372, -0.3398130151926259668, -0.000000000000000000 ) ) ;
#839 = CYLINDRICAL_SURFACE ( 'NONE', #923, 0.01000000000000000194 ) ;
#840 = EDGE_CURVE ( 'NONE', #8441, #3227, #4299, .T. ) ;
#841 = CARTESIAN_POINT ( 'NONE',  ( 0.7918237493586145481, 0.1205905477475629900, 0.5000000000000000000 ) ) ;
#842 = CARTESIAN_POINT ( 'NONE',  ( -0.2834072387634245516, 0.6674272235539064901, 0.000000000000000000 ) ) ;
#843 = CARTESIAN_POINT ( 'NONE',  ( -0.2622699390431815769, -0.7942964897191127083, 0.5000000000000000000 ) ) ;
#844 = CARTESIAN_POINT ( 'NONE',  ( 0.4159003414491544426, -0.5870950669022464430, 0.5000000000000000000 ) ) ;
#845 = CARTESIAN_POINT ( 'NONE',  ( -0.4258377442667142243, 0.1273517556181760768, 0.01041052122085309520 ) ) ;
#846 = CARTESIAN_POINT ( 'NONE',  ( -0.2749648473189792441, -0.6770781872424269654, 0.01049749389316011715 ) ) ;
#847 = DIRECTION ( 'NONE',  ( 0.5000000000000077716, 0.8660254037844341557, 4.207219408436023958E-15 ) ) ;
#848 = CARTESIAN_POINT ( 'NONE',  ( -0.7079997865524694234, -0.06663272750604729011, 0.5000000000000000000 ) ) ;
#849 = ADVANCED_FACE ( 'NONE', ( #6136 ), #1265, .T. ) ;
#850 = ORIENTED_EDGE ( 'NONE', *, *, #372, .T. ) ;
#851 = EDGE_CURVE ( 'NONE', #2503, #7190, #7612, .T. ) ;
#852 = ORIENTED_EDGE ( 'NONE', *, *, #595, .T. ) ;
#853 = ORIENTED_EDGE ( 'NONE', *, *, #2112, .T. ) ;
#854 = FACE_OUTER_BOUND ( 'NONE', #6552, .T. ) ;
#855 = CARTESIAN_POINT ( 'NONE',  ( 0.2740449478043874842, 0.7709212007219187202, 0.5000000000000000000 ) ) ;
#856 = CARTESIAN_POINT ( 'NONE',  ( -0.2926575371453504770, 0.3700986037848247867, 0.5000000000000000000 ) ) ;
#857 = CARTESIAN_POINT ( 'NONE',  ( 0.4292124665175115483, -0.1236894265325227948, 0.01041521659827367684 ) ) ;
#858 = CARTESIAN_POINT ( 'NONE',  ( -0.4162725457958577624, 0.1077066361607085798, 0.5000000000000049960 ) ) ;
#859 = CARTESIAN_POINT ( 'NONE',  ( -0.4227955568657951746, -0.5569058214503588289, 0.1732842076590086211 ) ) ;
#860 = CARTESIAN_POINT ( 'NONE',  ( 0.3860316643059743535, -0.1392606806979949097, 0.5000000000000000000 ) ) ;
#861 = CARTESIAN_POINT ( 'NONE',  ( 0.7829860781466636555, 0.1671162310773959270, 0.01053710018373526548 ) ) ;
#862 = VERTEX_POINT ( 'NONE', #7039 ) ;
#863 = EDGE_CURVE ( 'NONE', #6540, #1335, #5868, .T. ) ;
#864 = VERTEX_POINT ( 'NONE', #337 ) ;
#865 = EDGE_LOOP ( 'NONE', ( #5289, #5848, #648, #7562 ) ) ;
#866 = CARTESIAN_POINT ( 'NONE',  ( -0.3079360257768002374, 0.3341310172537100831, -0.000000000000000000 ) ) ;
#867 = CARTESIAN_POINT ( 'NONE',  ( -0.3001942967569269372, 0.6792099302775265190, 0.5000000000000000000 ) ) ;
#868 = CARTESIAN_POINT ( 'NONE',  ( 0.3002769114918776294, 0.6869465046692071475, 0.4904903537286846582 ) ) ;
#869 = FACE_OUTER_BOUND ( 'NONE', #7738, .T. ) ;
#870 = DIRECTION ( 'NONE',  ( 1.000000000000000000, -1.366756588017052618E-14, 0.000000000000000000 ) ) ;
#871 = CARTESIAN_POINT ( 'NONE',  ( -0.5625632016295442073, -0.5948250175806026885, -0.000000000000000000 ) ) ;
#872 = CARTESIAN_POINT ( 'NONE',  ( 0.3136191193857640336, 0.2646828876051628421, 0.5000000000000000000 ) ) ;
#873 = CARTESIAN_POINT ( 'NONE',  ( 0.3137358597420199513, 0.3018940776335004017, 0.000000000000000000 ) ) ;
#874 = CARTESIAN_POINT ( 'NONE',  ( 0.7822646348063969635, -0.2205478973489392314, 0.007454521230928080021 ) ) ;
#875 = CARTESIAN_POINT ( 'NONE',  ( -0.4633007160549537096, 0.08993869132848408832, -0.000000000000000000 ) ) ;
#876 = EDGE_CURVE ( 'NONE', #1521, #4157, #8702, .T. ) ;
#877 = CARTESIAN_POINT ( 'NONE',  ( 0.2901994165595125907, 0.3269027046630842981, 0.1684179791202168874 ) ) ;
#878 = LINE ( 'NONE', #803, #664 ) ;
#879 =( BOUNDED_SURFACE ( )  B_SPLINE_SURFACE ( 3, 2, ( 
 ( #5571, #8269, #2234 ),
 ( #4917, #3859, #7065 ),
 ( #6415, #4514, #1795 ),
 ( #3209, #5130, #5002 ),
 ( #458, #3158, #5706 ),
 ( #5842, #8535, #4377 ),
 ( #3719, #7732, #1034 ),
 ( #2501, #7876, #8490 ),
 ( #6503, #2322, #7687 ),
 ( #1660, #6457, #5183 ),
 ( #4468, #6549, #1842 ),
 ( #4334, #369, #1704 ),
 ( #7207, #7025, #321 ),
 ( #990, #5088, #1167 ),
 ( #3672, #3070, #3024 ),
 ( #513, #6369, #5750 ) ),
 .UNSPECIFIED., .F., .F., .F. ) 
 B_SPLINE_SURFACE_WITH_KNOTS ( ( 4, 2, 2, 2, 2, 2, 2, 4 ),
 ( 3, 3 ),
 ( -1.843143693225357538E-17, 0.0006407458898095699578, 0.001281491779619158347, 0.001922237669428746845, 0.002562983559238335343, 0.003203729449047923623, 0.003844475338857512338, 0.005125967118476688900 ),
 ( 0.000000000000000000, 1.000000000000000000 ),
 .UNSPECIFIED. ) 
 GEOMETRIC_REPRESENTATION_ITEM ( )  RATIONAL_B_SPLINE_SURFACE ( (
 ( 1.000000000000000000, 0.6946583704589973651, 1.000000000000000000),
 ( 1.000000000000000000, 0.6933767352690257679, 1.000000000000000000),
 ( 1.000000000000000000, 0.6922265565842771196, 1.000000000000000000),
 ( 1.000000000000000000, 0.6901872757727818275, 1.000000000000000000),
 ( 1.000000000000000000, 0.6892945585908084594, 1.000000000000000000),
 ( 1.000000000000000000, 0.6878675034584250669, 1.000000000000000000),
 ( 1.000000000000000000, 0.6873171547182388430, 1.000000000000000000),
 ( 1.000000000000000000, 0.6865733876658361989, 1.000000000000000000),
 ( 1.000000000000000000, 0.6863887938871847672, 1.000000000000000000),
 ( 1.000000000000000000, 0.6863856629341430482, 1.000000000000000000),
 ( 1.000000000000000000, 0.6865740075849569024, 1.000000000000000000),
 ( 1.000000000000000000, 0.6873061741181676343, 1.000000000000000000),
 ( 1.000000000000000000, 0.6878546578927408062, 1.000000000000000000),
 ( 1.000000000000000000, 0.6900093297037319662, 1.000000000000000000),
 ( 1.000000000000000000, 0.6920776673055577533, 1.000000000000000000),
 ( 1.000000000000000000, 0.6946583704589974761, 1.000000000000000000) ) ) 
 REPRESENTATION_ITEM ( '' )  SURFACE ( )  );
#880 = AXIS2_PLACEMENT_3D ( 'NONE', #1272, #6468, #3170 ) ;
#881 = CARTESIAN_POINT ( 'NONE',  ( 0.7836888455301130874, 0.09636485505225915460, 0.5000000000000000000 ) ) ;
#882 = CARTESIAN_POINT ( 'NONE',  ( 0.2826548835843747387, -0.7177330455937244169, 0.000000000000000000 ) ) ;
#883 = CARTESIAN_POINT ( 'NONE',  ( -0.8052959206159024941, 0.2008300786409127625, 0.5000000000000000000 ) ) ;
#884 = FACE_OUTER_BOUND ( 'NONE', #5743, .T. ) ;
#885 = CARTESIAN_POINT ( 'NONE',  ( -0.5820985525111259662, -0.5673666560794167202, 0.01034899496702886695 ) ) ;
#886 = EDGE_CURVE ( 'NONE', #8153, #935, #1235, .T. ) ;
#887 = CARTESIAN_POINT ( 'NONE',  ( -0.2708068472627382928, -0.7226391771820226406, 0.01057741572469213243 ) ) ;
#888 = CIRCLE ( 'NONE', #5824, 0.01000000000000001929 ) ;
#889 = CARTESIAN_POINT ( 'NONE',  ( -0.7900567166564845811, 0.2138521731746755306, 0.1701881930209756255 ) ) ;
#890 = CARTESIAN_POINT ( 'NONE',  ( -0.1804219591217551821, -1.045321728494220803E-15, 0.01000000000000002970 ) ) ;
#891 = ORIENTED_EDGE ( 'NONE', *, *, #3299, .T. ) ;
#892 = ORIENTED_EDGE ( 'NONE', *, *, #7220, .T. ) ;
#893 = B_SPLINE_CURVE_WITH_KNOTS ( 'NONE', 3,
 ( #4050, #4002, #8736, #4710, #2688, #7395, #1944, #7930, #3265, #8549, #4623, #2514, #4527, #7309, #1901, #5196, #7265, #1225 ),
 .UNSPECIFIED., .F., .F.,
 ( 4, 2, 2, 2, 2, 2, 2, 2, 4 ),
 ( 8.673617379884035472E-19, 0.0006407458898095800409, 0.001281491779619159214, 0.001922237669428738388, 0.002562983559238317562, 0.003203729449047896735, 0.003844475338857475909, 0.004485221228667055082, 0.005125967118476634256 ),
 .UNSPECIFIED. ) ;
#894 = ORIENTED_EDGE ( 'NONE', *, *, #4628, .F. ) ;
#895 = AXIS2_PLACEMENT_3D ( 'NONE', #5716, #288, #3523 ) ;
#896 = CARTESIAN_POINT ( 'NONE',  ( 0.2027673521306249671, 0.7974811915099506709, 0.01000000000000000021 ) ) ;
#897 = CARTESIAN_POINT ( 'NONE',  ( 0.2622699390431817434, 0.7942964897191127083, 0.5000000000000000000 ) ) ;
#898 = FACE_OUTER_BOUND ( 'NONE', #8680, .T. ) ;
#899 = CARTESIAN_POINT ( 'NONE',  ( 0.4489707981072900700, -0.1084110567734763303, -2.850152563412643347E-15 ) ) ;
#900 = EDGE_CURVE ( 'NONE', #1215, #5190, #4879, .T. ) ;
#901 = CARTESIAN_POINT ( 'NONE',  ( -0.4217468447223697847, 0.08976207760358158316, 0.5000000000000000000 ) ) ;
#902 = CARTESIAN_POINT ( 'NONE',  ( -0.1025478433201202355, 0.4328825930300023161, 1.487414640869275559E-16 ) ) ;
#903 = CARTESIAN_POINT ( 'NONE',  ( 0.7824032136805665338, -0.2204288059410769440, 0.01034899496702893461 ) ) ;
#904 = CARTESIAN_POINT ( 'NONE',  ( -0.1619148974094382354, 0.4272823091991781452, 0.5000000000000000000 ) ) ;
#905 = AXIS2_PLACEMENT_3D ( 'NONE', #7308, #2687, #8252 ) ;
#906 = ORIENTED_EDGE ( 'NONE', *, *, #3370, .T. ) ;
#907 = ORIENTED_EDGE ( 'NONE', *, *, #1728, .F. ) ;
#908 = ORIENTED_EDGE ( 'NONE', *, *, #4746, .T. ) ;
#909 = CARTESIAN_POINT ( 'NONE',  ( -0.3137827837963011457, 0.3017502182270960787, -0.000000000000000000 ) ) ;
#910 = CARTESIAN_POINT ( 'NONE',  ( -0.3113558414800342011, 0.7021953126322407757, 0.4999999999999999445 ) ) ;
#911 = CIRCLE ( 'NONE', #1622, 0.009999999999999993269 ) ;
#912 = DIRECTION ( 'NONE',  ( -1.000000000000000000, -0.000000000000000000, 0.000000000000000000 ) ) ;
#913 = EDGE_CURVE ( 'NONE', #8320, #4772, #66, .T. ) ;
#914 = CARTESIAN_POINT ( 'NONE',  ( 0.7589791432736912036, -0.08965874625055832159, 0.5000000000000000000 ) ) ;
#915 = DIRECTION ( 'NONE',  ( -0.1547469916382755162, -0.9879541328315314397, 0.000000000000000000 ) ) ;
#916 = CARTESIAN_POINT ( 'NONE',  ( 0.4894415122910311111, -0.06663272750606105688, 0.4899999999999999911 ) ) ;
#917 = CARTESIAN_POINT ( 'NONE',  ( -0.2975652022119512075, 0.3368930250468873955, 0.4904246920857203151 ) ) ;
#918 = CARTESIAN_POINT ( 'NONE',  ( 0.000000000000000000, 0.000000000000000000, 0.01000000000000000021 ) ) ;
#919 = CARTESIAN_POINT ( 'NONE',  ( 0.2965823039938666472, -0.7319722979148453046, 0.4905663007568343836 ) ) ;
#920 = CARTESIAN_POINT ( 'NONE',  ( 0.3193937745159226571, 0.3545351503901197909, 0.01041038153440467656 ) ) ;
#921 = DIRECTION ( 'NONE',  ( -0.000000000000000000, -0.000000000000000000, -1.000000000000000000 ) ) ;
#922 = CARTESIAN_POINT ( 'NONE',  ( -0.4220278892058587084, 0.1167281441616350862, -0.000000000000000000 ) ) ;
#923 = AXIS2_PLACEMENT_3D ( 'NONE', #4185, #2792, #8084 ) ;
#924 = CARTESIAN_POINT ( 'NONE',  ( -0.2855064448437321101, -0.7009521562795292260, 0.000000000000000000 ) ) ;
#925 = CARTESIAN_POINT ( 'NONE',  ( -0.7901831813305385532, 0.1565585968613798507, 0.000000000000000000 ) ) ;
#926 = CARTESIAN_POINT ( 'NONE',  ( -0.05770563474369064250, -0.03331636375302716307, 0.4899999999999999911 ) ) ;
#927 = AXIS2_PLACEMENT_3D ( 'NONE', #3381, #5216, #1344 ) ;
#928 = CARTESIAN_POINT ( 'NONE',  ( 0.000000000000000000, 0.000000000000000000, 0.01000000000000000021 ) ) ;
#929 = CARTESIAN_POINT ( 'NONE',  ( 0.3970887494656012429, 0.1445849600350654629, 0.4269530013571828930 ) ) ;
#930 = DIRECTION ( 'NONE',  ( 0.4999999999999312772, -0.8660254037844783426, -5.914624404477037136E-15 ) ) ;
#931 = DIRECTION ( 'NONE',  ( 0.8660254037844377084, 0.5000000000000017764, 0.000000000000000000 ) ) ;
#932 = CARTESIAN_POINT ( 'NONE',  ( -0.5010756907753638467, 0.09338860513229048366, 0.01034899496703637831 ) ) ;
#933 = CARTESIAN_POINT ( 'NONE',  ( -0.2735743026696528246, 0.7706784052283642827, 0.4905276818448557341 ) ) ;
#934 = EDGE_LOOP ( 'NONE', ( #6663, #2326, #571, #3391 ) ) ;
#935 = VERTEX_POINT ( 'NONE', #5017 ) ;
#936 = ADVANCED_FACE ( 'NONE', ( #7705 ), #4349, .T. ) ;
#937 = CARTESIAN_POINT ( 'NONE',  ( -0.7164834760098869326, -0.09776330616015888042, 0.01047287214295882819 ) ) ;
#938 = CIRCLE ( 'NONE', #5882, 0.01000000000000000368 ) ;
#939 = ORIENTED_EDGE ( 'NONE', *, *, #1457, .F. ) ;
#940 = TOROIDAL_SURFACE ( 'NONE', #2084, 0.8396172724939445775, 0.01000000000000000021 ) ;
#941 = CARTESIAN_POINT ( 'NONE',  ( -0.4173519017404985210, 0.09337712771036686676, 0.4999999999999999445 ) ) ;
#942 = CARTESIAN_POINT ( 'NONE',  ( 0.2620732496059128835, 0.6409035483882046247, 0.007454521212993931931 ) ) ;
#943 = CARTESIAN_POINT ( 'NONE',  ( -0.3018157250682972914, 0.3067061505359375273, 0.4904180500256414832 ) ) ;
#944 = CARTESIAN_POINT ( 'NONE',  ( -0.5706685437985105080, -0.6148029644642833969, 0.5000000000000000000 ) ) ;
#945 = CARTESIAN_POINT ( 'NONE',  ( -0.2027673521306248006, -0.7974811915099506709, 0.000000000000000000 ) ) ;
#946 = CARTESIAN_POINT ( 'NONE',  ( -0.4239813449456978911, -0.5475800206427484662, 0.01034899496702505230 ) ) ;
#947 = DIRECTION ( 'NONE',  ( -0.6979869626749026779, 0.7161104662940377397, 0.000000000000000000 ) ) ;
#948 = CARTESIAN_POINT ( 'NONE',  ( -0.1813589506745623969, 0.4473883724779353366, 0.5000000000000000000 ) ) ;
#949 = VECTOR ( 'NONE', #2642, 39.37007874015748143 ) ;
#950 = ORIENTED_EDGE ( 'NONE', *, *, #7001, .T. ) ;
#951 = ORIENTED_EDGE ( 'NONE', *, *, #735, .T. ) ;
#952 = ORIENTED_EDGE ( 'NONE', *, *, #1383, .F. ) ;
#953 = EDGE_CURVE ( 'NONE', #3031, #6811, #5720, .T. ) ;
#954 = CARTESIAN_POINT ( 'NONE',  ( -0.3121210973251914433, 0.3070637899848333019, 0.000000000000000000 ) ) ;
#955 = CARTESIAN_POINT ( 'NONE',  ( 0.7687180061089625704, 0.1201499599123000001, 0.000000000000000000 ) ) ;
#956 = CIRCLE ( 'NONE', #5894, 0.8228553031379056693 ) ;
#957 = LINE ( 'NONE', #1575, #8667 ) ;
#958 = CARTESIAN_POINT ( 'NONE',  ( -0.7832844202146571622, -0.1409978534172914577, 0.000000000000000000 ) ) ;
#959 = CARTESIAN_POINT ( 'NONE',  ( 0.5056656945489470534, -0.5971500815518897554, -8.110173731190781122E-17 ) ) ;
#960 = CARTESIAN_POINT ( 'NONE',  ( -0.2749714564595538979, 0.6770908513809257290, 0.01049755734695470913 ) ) ;
#961 = CARTESIAN_POINT ( 'NONE',  ( -0.2708825144536557428, 0.6359716716399460568, 0.01000000000000000021 ) ) ;
#962 = CARTESIAN_POINT ( 'NONE',  ( -0.5548208895358718307, -0.5985914537979348804, 0.000000000000000000 ) ) ;
#963 = CARTESIAN_POINT ( 'NONE',  ( 0.3137827838376718859, -0.3017502182502543318, 0.000000000000000000 ) ) ;
#964 = ADVANCED_FACE ( 'NONE', ( #645 ), #2017, .T. ) ;
#965 = CARTESIAN_POINT ( 'NONE',  ( 0.2982491244699380095, 0.2882566235663537868, 0.5000000000000001110 ) ) ;
#966 = ADVANCED_FACE ( 'NONE', ( #7383 ), #4601, .F. ) ;
#967 = CARTESIAN_POINT ( 'NONE',  ( 0.2863241562470034696, -0.7713937065577113339, 0.5000000000000000000 ) ) ;
#968 = CARTESIAN_POINT ( 'NONE',  ( 0.5892552948225880938, -0.5743422737582010162, 0.01000000000000000021 ) ) ;
#969 = CARTESIAN_POINT ( 'NONE',  ( 0.3061190138743271616, -0.7350215828175820088, 0.5000000000000001110 ) ) ;
#970 = CARTESIAN_POINT ( 'NONE',  ( 0.3246879854030956247, 0.3867267871639284427, 0.1696798210789264294 ) ) ;
#971 = CARTESIAN_POINT ( 'NONE',  ( 0.4567458472686114490, -0.5938782789681559260, -0.000000000000000000 ) ) ;
#972 = CARTESIAN_POINT ( 'NONE',  ( 0.7706526344297928155, 0.08582060150876026638, 0.5000000000000000000 ) ) ;
#973 = CARTESIAN_POINT ( 'NONE',  ( 0.2466653189918291411, -0.7617382788558254569, 0.01053677613729708633 ) ) ;
#974 = FACE_OUTER_BOUND ( 'NONE', #3298, .T. ) ;
#975 = CARTESIAN_POINT ( 'NONE',  ( 0.4522943555171870522, -0.6206481216597652395, 0.5000000000000000000 ) ) ;
#976 = CARTESIAN_POINT ( 'NONE',  ( 0.2914571759834249098, -0.3646365152866790638, 0.5000000000000002220 ) ) ;
#977 = CARTESIAN_POINT ( 'NONE',  ( 0.4404865151718293514, -0.1136849743752642583, 0.01042312829154354997 ) ) ;
#978 = DIRECTION ( 'NONE',  ( 0.000000000000000000, 0.000000000000000000, 1.000000000000000000 ) ) ;
#979 = DIRECTION ( 'NONE',  ( -0.6449659546191711668, 0.7642113041444633659, 2.609636397453244803E-15 ) ) ;
#980 = DIRECTION ( 'NONE',  ( 1.178029542708652071E-14, 1.000000000000000000, 0.000000000000000000 ) ) ;
#981 = ORIENTED_EDGE ( 'NONE', *, *, #6038, .F. ) ;
#982 = CARTESIAN_POINT ( 'NONE',  ( -0.07222192602347582424, 0.04169734843104807437, 0.01000000000000000021 ) ) ;
#983 = ORIENTED_EDGE ( 'NONE', *, *, #1246, .T. ) ;
#984 = CARTESIAN_POINT ( 'NONE',  ( 0.3227597714111630212, 0.3922469289992507879, 0.000000000000000000 ) ) ;
#985 = CARTESIAN_POINT ( 'NONE',  ( 0.000000000000000000, 0.000000000000000000, 0.01000000000000000021 ) ) ;
#986 = DIRECTION ( 'NONE',  ( -0.2755842502421206319, -0.9612769221293562261, 0.000000000000000000 ) ) ;
#987 = CARTESIAN_POINT ( 'NONE',  ( 0.4404865756840551372, -0.1136849347808403243, 0.01042312828344362820 ) ) ;
#988 = CARTESIAN_POINT ( 'NONE',  ( -0.09260244267825716580, 0.1603921356237298645, -6.395068531361306974E-18 ) ) ;
#989 = CARTESIAN_POINT ( 'NONE',  ( 0.7913778081929750963, 0.1208889357018410604, 0.4905662946009493042 ) ) ;
#990 = CARTESIAN_POINT ( 'NONE',  ( 0.7169584382541760448, -0.09697901243046652686, 0.01047778377301297921 ) ) ;
#991 = CARTESIAN_POINT ( 'NONE',  ( -0.06764588407315169638, 0.4318728915606556695, 0.01034899496702451106 ) ) ;
#992 = ADVANCED_FACE ( 'NONE', ( #5199 ), #7180, .T. ) ;
#993 = CARTESIAN_POINT ( 'NONE',  ( 0.8146658284480013945, -0.2031668088770963720, 0.5000000000000000000 ) ) ;
#994 = CARTESIAN_POINT ( 'NONE',  ( 0.8238363753632806930, 0.08805335803323285915, 0.1631304822317964365 ) ) ;
#995 = ORIENTED_EDGE ( 'NONE', *, *, #3701, .F. ) ;
#996 = VERTEX_POINT ( 'NONE', #2759 ) ;
#997 = VERTEX_POINT ( 'NONE', #2058 ) ;
#998 = CARTESIAN_POINT ( 'NONE',  ( 0.4358749966794626118, 0.09154955010755093381, 0.4999999999999998335 ) ) ;
#999 = CARTESIAN_POINT ( 'NONE',  ( -0.6899660146808098693, 0.09054371847841266585, 0.09181588974872856301 ) ) ;
#1000 = CARTESIAN_POINT ( 'NONE',  ( -0.3061190138743276057, 0.7350215828175821198, 0.5000000000000001110 ) ) ;
#1001 = CARTESIAN_POINT ( 'NONE',  ( 0.2430571046346811648, 0.7924464550209940894, 0.4904138798737704974 ) ) ;
#1002 = CARTESIAN_POINT ( 'NONE',  ( -0.7966822951855715429, -0.2065996824442374036, 0.000000000000000000 ) ) ;
#1003 = CARTESIAN_POINT ( 'NONE',  ( 0.8049689155484133218, -0.2007485279317406945, 0.4903489949670249426 ) ) ;
#1004 = CARTESIAN_POINT ( 'NONE',  ( -0.09598448225277243784, 0.1662499999999989542, 0.5000000000000000000 ) ) ;
#1005 = EDGE_CURVE ( 'NONE', #4788, #3031, #3343, .T. ) ;
#1006 = CARTESIAN_POINT ( 'NONE',  ( 0.3137358597610560573, 0.3018940776398085224, 0.000000000000000000 ) ) ;
#1007 = CARTESIAN_POINT ( 'NONE',  ( 0.000000000000000000, 0.000000000000000000, 0.01034899496702338870 ) ) ;
#1008 = CARTESIAN_POINT ( 'NONE',  ( -0.4028812526924183124, -0.1514175364829032921, 0.2035570278951271128 ) ) ;
#1009 = CARTESIAN_POINT ( 'NONE',  ( -0.4356522555004971320, -0.08052422004661355381, 0.5000000000000001110 ) ) ;
#1010 = CARTESIAN_POINT ( 'NONE',  ( 0.000000000000000000, 0.000000000000000000, 0.000000000000000000 ) ) ;
#1011 = CARTESIAN_POINT ( 'NONE',  ( 0.8358636820749275609, -0.07663964713416313024, 0.4899763984264464134 ) ) ;
#1012 = CARTESIAN_POINT ( 'NONE',  ( -0.4791335614756486727, 0.08504065974977022269, -0.000000000000000000 ) ) ;
#1013 = DIRECTION ( 'NONE',  ( -0.8660254037844338226, -0.5000000000000083267, 0.000000000000000000 ) ) ;
#1014 = EDGE_CURVE ( 'NONE', #7678, #5051, #4698, .T. ) ;
#1015 = CARTESIAN_POINT ( 'NONE',  ( -0.3250784036649246866, -0.2718432444256339564, 0.3935128503261025590 ) ) ;
#1016 = CARTESIAN_POINT ( 'NONE',  ( 0.1353027212072291652, -0.4214443850822461313, 0.005824649011643581384 ) ) ;
#1017 = CARTESIAN_POINT ( 'NONE',  ( 0.7079997865524695344, 0.07662663577623814171, 0.4903489949670249426 ) ) ;
#1018 = CARTESIAN_POINT ( 'NONE',  ( -0.7958681916343866014, 0.1271803568923810801, 0.5000000000000001110 ) ) ;
#1019 = CARTESIAN_POINT ( 'NONE',  ( 0.4780143358177568746, -0.6214279305545831189, 0.5000000000000000000 ) ) ;
#1020 = CARTESIAN_POINT ( 'NONE',  ( 0.3063214047564272180, -0.2733298494706966064, 0.5000000000000000000 ) ) ;
#1021 = ADVANCED_FACE ( 'NONE', ( #6684 ), #5401, .T. ) ;
#1022 = CARTESIAN_POINT ( 'NONE',  ( -0.2110331590584009209, 0.7953795294847783026, 0.000000000000000000 ) ) ;
#1023 = CARTESIAN_POINT ( 'NONE',  ( 0.2707502685225993133, -0.7228085340690746374, 0.01057749445276294324 ) ) ;
#1024 = CARTESIAN_POINT ( 'NONE',  ( 0.5820985525111129766, -0.5673666560794295988, 0.01034899496702500546 ) ) ;
#1025 = AXIS2_PLACEMENT_3D ( 'NONE', #1316, #4830, #653 ) ;
#1026 = CARTESIAN_POINT ( 'NONE',  ( -0.2623764858119282395, 0.7807493968941466855, 0.4904903334465830489 ) ) ;
#1027 = ORIENTED_EDGE ( 'NONE', *, *, #3638, .T. ) ;
#1028 = ORIENTED_EDGE ( 'NONE', *, *, #6038, .T. ) ;
#1029 = CARTESIAN_POINT ( 'NONE',  ( -0.4055621164906101361, 0.1052826253562181291, 0.4999999999999999445 ) ) ;
#1030 = FACE_BOUND ( 'NONE', #6826, .T. ) ;
#1031 = CARTESIAN_POINT ( 'NONE',  ( -0.2976305200585407928, 0.3317198470795585385, 0.4904263669987758978 ) ) ;
#1032 = CARTESIAN_POINT ( 'NONE',  ( 0.4183158703536938861, -0.1207561857979896486, 0.000000000000000000 ) ) ;
#1033 = CARTESIAN_POINT ( 'NONE',  ( 0.3110813693342786568, -0.3855554654225878397, 0.4903489949670244985 ) ) ;
#1034 = CARTESIAN_POINT ( 'NONE',  ( 0.7901831813305385532, -0.1565585968613728840, 0.000000000000000000 ) ) ;
#1035 = CARTESIAN_POINT ( 'NONE',  ( 0.4360313212713962105, -0.09145130306622337168, 0.4999999999999999445 ) ) ;
#1036 = VERTEX_POINT ( 'NONE', #3828 ) ;
#1037 = ORIENTED_EDGE ( 'NONE', *, *, #3447, .F. ) ;
#1038 = CIRCLE ( 'NONE', #769, 0.01000000000000002970 ) ;
#1039 = VERTEX_POINT ( 'NONE', #6109 ) ;
#1040 = CARTESIAN_POINT ( 'NONE',  ( 0.4238415107004820936, 0.1009916586421341772, 0.4904246557902655623 ) ) ;
#1041 = CARTESIAN_POINT ( 'NONE',  ( -0.7009530400637166148, 0.08211145396921827599, 0.3332843519825628986 ) ) ;
#1042 = CARTESIAN_POINT ( 'NONE',  ( -0.4203605064650083878, -0.5748324831402719104, 0.4903489949670345460 ) ) ;
#1043 = CARTESIAN_POINT ( 'NONE',  ( -0.4326329043671512387, 0.09354659877449883476, 0.005824649011643580516 ) ) ;
#1044 = CARTESIAN_POINT ( 'NONE',  ( -0.7872858896458494460, -0.1898578115419520818, 0.01047775075923099847 ) ) ;
#1045 = CARTESIAN_POINT ( 'NONE',  ( 0.8046977188877093567, -0.1482839696512619487, 0.4999999999999999445 ) ) ;
#1046 = CYLINDRICAL_SURFACE ( 'NONE', #8099, 0.01000000000000000194 ) ;
#1047 = TOROIDAL_SURFACE ( 'NONE', #8367, 0.4103827275060554780, 0.01000000000000000021 ) ;
#1048 = CARTESIAN_POINT ( 'NONE',  ( 7.549931687547294073E-16, 0.06663272750605529759, 0.4899999999999999911 ) ) ;
#1049 = CARTESIAN_POINT ( 'NONE',  ( -0.5389356162361269575, -0.6041634251892041840, -0.000000000000000000 ) ) ;
#1050 = ORIENTED_EDGE ( 'NONE', *, *, #4234, .F. ) ;
#1051 = CARTESIAN_POINT ( 'NONE',  ( 0.5330144408539924106, 0.6319903139814714299, 0.4999999999999999445 ) ) ;
#1052 = CARTESIAN_POINT ( 'NONE',  ( 0.1646119195107259014, -0.4718917317034556635, 0.01037314513849150500 ) ) ;
#1053 = AXIS2_PLACEMENT_3D ( 'NONE', #3798, #5075, #218 ) ;
#1054 = ADVANCED_FACE ( 'NONE', ( #6519 ), #7132, .T. ) ;
#1055 = CARTESIAN_POINT ( 'NONE',  ( 0.1870151214018206109, -0.4571851470637369741, 0.5000000000000000000 ) ) ;
#1056 = CARTESIAN_POINT ( 'NONE',  ( 0.4117055280199308220, 0.5798294372753646231, 0.4899999999999999911 ) ) ;
#1057 = CARTESIAN_POINT ( 'NONE',  ( 0.2875639411257754907, 0.3371147623961491813, 0.5000000000000000000 ) ) ;
#1058 = CARTESIAN_POINT ( 'NONE',  ( -0.7852839659564369024, 0.2053375653600829076, 2.134256245050205254E-18 ) ) ;
#1059 = CARTESIAN_POINT ( 'NONE',  ( -0.4843037223568272265, 0.6855593593586438717, 0.4899764014357801400 ) ) ;
#1060 = ADVANCED_FACE ( 'NONE', ( #4656 ), #5362, .T. ) ;
#1061 = CARTESIAN_POINT ( 'NONE',  ( 0.4161987001464790281, 0.1077967883686405115, 0.4904196468800218200 ) ) ;
#1062 = CARTESIAN_POINT ( 'NONE',  ( -0.8180704369770764872, 0.1702442331625708682, 0.5000000000000000000 ) ) ;
#1063 = DIRECTION ( 'NONE',  ( 0.6279918923336884617, -0.7782198809868283718, -3.310062206486843049E-14 ) ) ;
#1064 = CARTESIAN_POINT ( 'NONE',  ( 0.3136191193857579829, -0.2646828876051700585, 0.5000000000000000000 ) ) ;
#1065 = CARTESIAN_POINT ( 'NONE',  ( 0.4165477655175680027, -0.1390797378980203891, 0.01039185735669843035 ) ) ;
#1066 = CARTESIAN_POINT ( 'NONE',  ( 0.000000000000000000, 0.000000000000000000, 0.01000000000000000021 ) ) ;
#1067 = CIRCLE ( 'NONE', #6420, 0.9728827275060553115 ) ;
#1068 = CARTESIAN_POINT ( 'NONE',  ( 0.4428391861617267389, 0.5720612495706866030, -1.285357175547060129E-14 ) ) ;
#1069 = ORIENTED_EDGE ( 'NONE', *, *, #2756, .F. ) ;
#1070 = CARTESIAN_POINT ( 'NONE',  ( -0.7829867785714966777, -0.1671187937871704277, 0.01053709449109379616 ) ) ;
#1071 = EDGE_CURVE ( 'NONE', #17, #739, #4037, .T. ) ;
#1072 = ORIENTED_EDGE ( 'NONE', *, *, #4982, .F. ) ;
#1073 = CARTESIAN_POINT ( 'NONE',  ( -0.7651030988080097517, 0.09416701677728805953, 0.4905422711844488193 ) ) ;
#1074 = CARTESIAN_POINT ( 'NONE',  ( -0.3290812765233485093, -0.2913966465980942222, 1.783162889810543852E-15 ) ) ;
#1075 = CARTESIAN_POINT ( 'NONE',  ( -0.5233371958988484174, -0.6242885595723093317, 0.5000000000000000000 ) ) ;
#1076 = CARTESIAN_POINT ( 'NONE',  ( -0.5487800373926141617, 0.6268664299430185549, 0.5000000000000001110 ) ) ;
#1077 = CARTESIAN_POINT ( 'NONE',  ( 0.3338457559544817377, 0.2823800103759356306, 0.01037315228809505482 ) ) ;
#1078 = CARTESIAN_POINT ( 'NONE',  ( 0.4543516324534337403, -0.08242104327078191017, 0.5000000000000048850 ) ) ;
#1079 = ORIENTED_EDGE ( 'NONE', *, *, #4326, .F. ) ;
#1080 = VERTEX_POINT ( 'NONE', #3388 ) ;
#1081 = AXIS2_PLACEMENT_3D ( 'NONE', #695, #7425, #2591 ) ;
#1082 = AXIS2_PLACEMENT_3D ( 'NONE', #7206, #8400, #2365 ) ;
#1083 = EDGE_LOOP ( 'NONE', ( #3030, #5794, #5610, #6031 ) ) ;
#1084 = CARTESIAN_POINT ( 'NONE',  ( 0.4277541221318027498, 0.09776382645623460377, 0.4904263279545302279 ) ) ;
#1085 = CARTESIAN_POINT ( 'NONE',  ( -0.3436006683034701359, -0.7598603171822978508, 0.3260738260461852889 ) ) ;
#1086 = CARTESIAN_POINT ( 'NONE',  ( -0.3985118519898040446, 0.1537559620992535181, 0.009999999999999998473 ) ) ;
#1087 = CARTESIAN_POINT ( 'NONE',  ( -0.2471007136351576761, 0.8016149382739332641, 0.5000000000000001110 ) ) ;
#1088 = DIRECTION ( 'NONE',  ( 0.000000000000000000, 0.000000000000000000, 1.000000000000000000 ) ) ;
#1089 = DIRECTION ( 'NONE',  ( 1.000000000000000000, 1.892679809432641924E-16, -0.000000000000000000 ) ) ;
#1090 = CARTESIAN_POINT ( 'NONE',  ( 0.8138268873070959586, -0.1456088893656938554, 0.5000000000000000000 ) ) ;
#1091 = CARTESIAN_POINT ( 'NONE',  ( -0.7379155868682288899, -0.08043224875564627951, 0.5000000000000000000 ) ) ;
#1092 = CARTESIAN_POINT ( 'NONE',  ( -0.7822646348055434240, -0.2205478973496590722, 0.007454521212993938870 ) ) ;
#1093 = TOROIDAL_SURFACE ( 'NONE', #2657, 0.8228553031379056693, 0.01000000000000000021 ) ;
#1094 = CARTESIAN_POINT ( 'NONE',  ( 0.3314147498562309280, -0.3872499748641630157, 0.01034899496702501413 ) ) ;
#1095 = CARTESIAN_POINT ( 'NONE',  ( -0.09021097956087610614, -0.1562500000000009992, 0.5000000000000000000 ) ) ;
#1096 = ORIENTED_EDGE ( 'NONE', *, *, #5029, .F. ) ;
#1097 = DIRECTION ( 'NONE',  ( 1.000000000000000000, -1.133066583063283441E-14, 4.926668592314091391E-32 ) ) ;
#1098 = CARTESIAN_POINT ( 'NONE',  ( 0.1433766995561784607, -0.4507223480762741485, 0.01041516393984834310 ) ) ;
#1099 = AXIS2_PLACEMENT_3D ( 'NONE', #2974, #5609, #5038 ) ;
#1100 = LINE ( 'NONE', #3788, #2931 ) ;
#1101 = CARTESIAN_POINT ( 'NONE',  ( -0.3146645680691395053, -0.2789380444182520402, 0.4903740157860144167 ) ) ;
#1102 = CARTESIAN_POINT ( 'NONE',  ( 0.3898712956324135726, 0.1286171935066530714, 0.5000000000000001110 ) ) ;
#1103 = CARTESIAN_POINT ( 'NONE',  ( 0.3131367133409699854, -0.3721655436706423625, -0.000000000000000000 ) ) ;
#1104 = CARTESIAN_POINT ( 'NONE',  ( -0.3325720595188605966, 0.2731966312986803258, 0.2035570278951271128 ) ) ;
#1105 = AXIS2_PLACEMENT_3D ( 'NONE', #7529, #6055, #4016 ) ;
#1106 = EDGE_CURVE ( 'NONE', #7202, #4618, #6980, .T. ) ;
#1107 = CARTESIAN_POINT ( 'NONE',  ( -0.7438324633617744430, 0.1119943642947464207, -2.150866378140500124E-16 ) ) ;
#1108 = CARTESIAN_POINT ( 'NONE',  ( -0.1739463467238197281, -0.4388653994981382978, 0.4999999999999998335 ) ) ;
#1109 = CARTESIAN_POINT ( 'NONE',  ( -0.7409384031463635001, 0.07134843886710048877, 0.4999999999999998335 ) ) ;
#1110 = CARTESIAN_POINT ( 'NONE',  ( -0.2922374109365034611, 0.3038184603222768287, 0.5000000000000000000 ) ) ;
#1111 = CARTESIAN_POINT ( 'NONE',  ( 0.2995976619064598112, -0.3856529172387331839, 0.5000000000000000000 ) ) ;
#1112 = CARTESIAN_POINT ( 'NONE',  ( 0.4619357473977701023, -0.1008194062685843079, 0.01041668125975882438 ) ) ;
#1113 = EDGE_CURVE ( 'NONE', #1354, #6599, #7827, .T. ) ;
#1114 = CARTESIAN_POINT ( 'NONE',  ( 0.4316064409420232728, 0.6066969874674713603, 0.5000000000000000000 ) ) ;
#1115 = ORIENTED_EDGE ( 'NONE', *, *, #790, .F. ) ;
#1116 = CARTESIAN_POINT ( 'NONE',  ( -0.3227597714111543059, 0.3922469289992581709, 0.01000000000000000194 ) ) ;
#1117 = EDGE_LOOP ( 'NONE', ( #7935, #3259, #8140, #5091 ) ) ;
#1118 = CARTESIAN_POINT ( 'NONE',  ( -0.8077929008960269552, 0.1858799176740456860, 0.4904132927943277154 ) ) ;
#1119 = DIRECTION ( 'NONE',  ( 0.5000000000000102141, 0.8660254037844328234, -1.735777005508474435E-18 ) ) ;
#1120 = CARTESIAN_POINT ( 'NONE',  ( 0.1732176521230157917, 0.4532732870998495978, 0.4903741762203596699 ) ) ;
#1121 = CARTESIAN_POINT ( 'NONE',  ( -0.4280531724769128799, -0.5881613595260539729, 0.4904175502648532303 ) ) ;
#1122 = FACE_OUTER_BOUND ( 'NONE', #5931, .T. ) ;
#1123 = CARTESIAN_POINT ( 'NONE',  ( 0.3314147498562395322, 0.3872499748641555772, 0.01034899496703638004 ) ) ;
#1124 = ADVANCED_FACE ( 'NONE', ( #8507 ), #2677, .T. ) ;
#1125 = CARTESIAN_POINT ( 'NONE',  ( 0.7082376937018280971, 0.07644074169527774465, 0.4956723049532018033 ) ) ;
#1126 = EDGE_LOOP ( 'NONE', ( #4124, #5897, #6577, #3106, #7465, #4041, #4168, #7029 ) ) ;
#1127 = CARTESIAN_POINT ( 'NONE',  ( 0.1557970989478013601, -0.4346905775909944980, 0.5000000000000047740 ) ) ;
#1128 = ORIENTED_EDGE ( 'NONE', *, *, #249, .F. ) ;
#1129 = ORIENTED_EDGE ( 'NONE', *, *, #1706, .T. ) ;
#1130 = VERTEX_POINT ( 'NONE', #7463 ) ;
#1131 = CARTESIAN_POINT ( 'NONE',  ( 0.3985901733288904070, 0.1328343088133773497, 0.5000000000000000000 ) ) ;
#1132 = CARTESIAN_POINT ( 'NONE',  ( 0.3186973293898122117, 0.3246300971779916833, 0.01042312828344359177 ) ) ;
#1133 = DIRECTION ( 'NONE',  ( 1.000000000000000000, 0.000000000000000000, 0.000000000000000000 ) ) ;
#1134 = CARTESIAN_POINT ( 'NONE',  ( -0.4488921497361389457, -0.5766776923000428434, 0.01049755734695470913 ) ) ;
#1135 = CARTESIAN_POINT ( 'NONE',  ( -0.7806742871070574408, -0.1597275164485979781, 0.01055218162561945630 ) ) ;
#1136 = FACE_OUTER_BOUND ( 'NONE', #3759, .T. ) ;
#1137 = CARTESIAN_POINT ( 'NONE',  ( -0.7652546931779137251, -0.09363697150131512770, 0.5000000000000000000 ) ) ;
#1138 = CARTESIAN_POINT ( 'NONE',  ( -0.2285676771675802799, 0.7760954172107045190, 0.01047284203978484686 ) ) ;
#1139 = CARTESIAN_POINT ( 'NONE',  ( -0.1783601429567545638, -0.4621821011988286321, 0.4903489949670244985 ) ) ;
#1140 = EDGE_CURVE ( 'NONE', #5132, #1324, #8398, .T. ) ;
#1141 = DIRECTION ( 'NONE',  ( -0.000000000000000000, -0.000000000000000000, -1.000000000000000000 ) ) ;
#1142 = ORIENTED_EDGE ( 'NONE', *, *, #1846, .T. ) ;
#1143 = CARTESIAN_POINT ( 'NONE',  ( 0.5564710492728921487, 0.6233476639519029971, 0.5000000000000001110 ) ) ;
#1144 = CARTESIAN_POINT ( 'NONE',  ( 0.2880974078990410359, -0.7529237340545840151, 0.4905661903357160236 ) ) ;
#1145 = CARTESIAN_POINT ( 'NONE',  ( -0.2876392800874617017, 0.6514591189165258589, 0.4903489949670347126 ) ) ;
#1146 = DIRECTION ( 'NONE',  ( -1.000000000000000000, 1.133066583063283756E-14, 0.000000000000000000 ) ) ;
#1147 = CARTESIAN_POINT ( 'NONE',  ( 0.3063230447456617433, -0.2733279066476970165, 0.5000000000000000000 ) ) ;
#1148 = CARTESIAN_POINT ( 'NONE',  ( -0.5820985525111259662, -0.5673666560794167202, 0.01034899496702886695 ) ) ;
#1149 = CARTESIAN_POINT ( 'NONE',  ( -0.1727875113407691676, -0.4660661425471635533, 0.000000000000000000 ) ) ;
#1150 = FACE_OUTER_BOUND ( 'NONE', #582, .T. ) ;
#1151 = CARTESIAN_POINT ( 'NONE',  ( -0.7559397368629474645, 0.1212758017270946093, 0.01057232438201181207 ) ) ;
#1152 = EDGE_LOOP ( 'NONE', ( #7642, #2561, #8726, #5377 ) ) ;
#1153 = CARTESIAN_POINT ( 'NONE',  ( -0.7559406447449651401, 0.1212767301143749255, 0.01057232532173356734 ) ) ;
#1154 = CARTESIAN_POINT ( 'NONE',  ( 0.7163901877650110661, 0.06663272750604701256, 0.5000000000000001110 ) ) ;
#1155 = DIRECTION ( 'NONE',  ( 0.000000000000000000, 0.000000000000000000, 1.000000000000000000 ) ) ;
#1156 = CARTESIAN_POINT ( 'NONE',  ( 0.3033806913086088408, 0.3019487764806186858, 0.4904132057727216831 ) ) ;
#1157 = FACE_OUTER_BOUND ( 'NONE', #6597, .T. ) ;
#1158 = ORIENTED_EDGE ( 'NONE', *, *, #7758, .F. ) ;
#1159 = CARTESIAN_POINT ( 'NONE',  ( 0.2360787201122436785, -0.7957473883179869700, 0.5000000000000000000 ) ) ;
#1160 = VERTEX_POINT ( 'NONE', #220 ) ;
#1161 = CARTESIAN_POINT ( 'NONE',  ( -0.7768030964241310343, 0.1036444827155566517, 0.4905613943066130522 ) ) ;
#1162 = EDGE_CURVE ( 'NONE', #6928, #7902, #97, .T. ) ;
#1163 = CARTESIAN_POINT ( 'NONE',  ( 0.1556883179146675567, 0.4346029092571573882, 0.4999999999999950595 ) ) ;
#1164 = CARTESIAN_POINT ( 'NONE',  ( -0.4078358373339457388, 0.1573533917115213787, 0.01034899496702451106 ) ) ;
#1165 = CARTESIAN_POINT ( 'NONE',  ( -0.1727603114359652359, -0.4660190306626918466, -0.000000000000000000 ) ) ;
#1166 = CARTESIAN_POINT ( 'NONE',  ( 0.8080604753502077520, 0.1706551983762812086, 0.4904674462092140086 ) ) ;
#1167 = CARTESIAN_POINT ( 'NONE',  ( 0.7200268608263239445, -0.08734909190154034608, 0.000000000000000000 ) ) ;
#1168 = CARTESIAN_POINT ( 'NONE',  ( 0.4309315420519280737, -0.08332397498875789010, 0.5000000000000000000 ) ) ;
#1169 = ORIENTED_EDGE ( 'NONE', *, *, #4389, .F. ) ;
#1170 = CARTESIAN_POINT ( 'NONE',  ( 0.1517310425714976652, -0.4315001287882219705, 0.4999999999999950595 ) ) ;
#1171 = ORIENTED_EDGE ( 'NONE', *, *, #7538, .F. ) ;
#1172 = ORIENTED_EDGE ( 'NONE', *, *, #3049, .F. ) ;
#1173 = EDGE_LOOP ( 'NONE', ( #4133, #7563, #2820, #15, #1603, #3164 ) ) ;
#1174 = CIRCLE ( 'NONE', #3847, 0.8296233642237538231 ) ;
#1175 = CARTESIAN_POINT ( 'NONE',  ( 0.4496564914547074299, 0.08474037474526224800, 0.4904181029472116649 ) ) ;
#1176 = CARTESIAN_POINT ( 'NONE',  ( -0.4081730067734603562, 0.1574834802178079751, -6.402768735150616918E-18 ) ) ;
#1177 = CARTESIAN_POINT ( 'NONE',  ( 0.7958058502452066696, -0.1811932579893776318, 0.000000000000000000 ) ) ;
#1178 = EDGE_CURVE ( 'NONE', #7691, #3581, #5479, .T. ) ;
#1179 = CARTESIAN_POINT ( 'NONE',  ( -0.5134642071452754086, -0.5978431743852103963, 0.01057234158383331055 ) ) ;
#1180 = CARTESIAN_POINT ( 'NONE',  ( -0.4543516324534392359, 0.08242104327078288162, 0.5000000000000000000 ) ) ;
#1181 = CARTESIAN_POINT ( 'NONE',  ( -0.7918237493586287590, -0.1205905477475574805, 0.4999999999999999445 ) ) ;
#1182 = CARTESIAN_POINT ( 'NONE',  ( -0.1783159193642117335, -0.4756416258613468950, 0.000000000000000000 ) ) ;
#1183 = DIRECTION ( 'NONE',  ( 0.5000000000000095479, 0.8660254037844330455, -0.000000000000000000 ) ) ;
#1184 = AXIS2_PLACEMENT_3D ( 'NONE', #3536, #1429, #6221 ) ;
#1185 = VERTEX_POINT ( 'NONE', #266 ) ;
#1186 = CARTESIAN_POINT ( 'NONE',  ( 0.3087118681181659219, -0.3506931118166620731, 0.000000000000000000 ) ) ;
#1187 = CARTESIAN_POINT ( 'NONE',  ( 0.1204463556985684025, -0.4270599002518509213, 0.000000000000000000 ) ) ;
#1188 = CARTESIAN_POINT ( 'NONE',  ( 0.4430502521476408773, 0.5717439737445942916, 0.01047352876204864398 ) ) ;
#1189 = EDGE_CURVE ( 'NONE', #7069, #2886, #8543, .T. ) ;
#1190 = CARTESIAN_POINT ( 'NONE',  ( 0.000000000000000000, 0.000000000000000000, 0.4899999999999999911 ) ) ;
#1191 = AXIS2_PLACEMENT_3D ( 'NONE', #255, #5815, #5155 ) ;
#1192 = CARTESIAN_POINT ( 'NONE',  ( -0.2985545335056346006, -0.3522695343202181251, 0.5000000000000001110 ) ) ;
#1193 = CARTESIAN_POINT ( 'NONE',  ( -0.5811457637080580385, -0.5724200005520161394, 0.09181531335406446781 ) ) ;
#1194 = FACE_OUTER_BOUND ( 'NONE', #7324, .T. ) ;
#1195 = CARTESIAN_POINT ( 'NONE',  ( -0.5010756907753656231, -0.08339469686208871024, 0.000000000000000000 ) ) ;
#1196 = CARTESIAN_POINT ( 'NONE',  ( 0.2976305112216248716, -0.3317199278870238133, 0.4904263670073868986 ) ) ;
#1197 = ORIENTED_EDGE ( 'NONE', *, *, #5686, .T. ) ;
#1198 = CARTESIAN_POINT ( 'NONE',  ( -0.08354989087598641007, -0.4019470429773492892, 0.4999999999999998335 ) ) ;
#1199 = DIRECTION ( 'NONE',  ( -1.000000000000000000, 1.133066583063283441E-14, -9.263955397627661586E-32 ) ) ;
#1200 = CARTESIAN_POINT ( 'NONE',  ( 0.000000000000000000, 0.000000000000000000, 0.01000000000000000021 ) ) ;
#1201 = CARTESIAN_POINT ( 'NONE',  ( 0.1755116191060140385, 0.4683149923163302253, 0.3318948813460266822 ) ) ;
#1202 = CARTESIAN_POINT ( 'NONE',  ( -0.1666981309526058275, -0.4451922046833908797, 0.4903936907271712053 ) ) ;
#1203 = CARTESIAN_POINT ( 'NONE',  ( 0.7587303323998408899, -0.09009446690500190480, 0.4905280637116635201 ) ) ;
#1204 = ORIENTED_EDGE ( 'NONE', *, *, #840, .T. ) ;
#1205 = CARTESIAN_POINT ( 'NONE',  ( 0.2471007136487881894, -0.8016149383023369879, 0.5000000000000000000 ) ) ;
#1206 = ORIENTED_EDGE ( 'NONE', *, *, #4776, .T. ) ;
#1207 = CARTESIAN_POINT ( 'NONE',  ( 0.08430093044536135505, -0.4119647336896737899, 0.4903741794150590083 ) ) ;
#1208 = CARTESIAN_POINT ( 'NONE',  ( 0.1786520112905070901, 0.4620135909377679484, 0.5000000000000000000 ) ) ;
#1209 = DIRECTION ( 'NONE',  ( 0.3393434259387514973, 0.9406625533485168944, -0.000000000000000000 ) ) ;
#1210 = CARTESIAN_POINT ( 'NONE',  ( -0.06609935683363091230, 0.4219993685819812823, 0.000000000000000000 ) ) ;
#1211 = CARTESIAN_POINT ( 'NONE',  ( 0.4327776306785930949, -0.5601764363572917516, 5.700324412515053731E-15 ) ) ;
#1212 = B_SPLINE_CURVE_WITH_KNOTS ( 'NONE', 3,
 ( #5411, #1989, #4757, #5331, #3399, #5453, #4093 ),
 .UNSPECIFIED., .F., .F.,
 ( 4, 3, 4 ),
 ( 0.0002455294063582034070, 0.006239355698587184876, 0.01245751125352316177 ),
 .UNSPECIFIED. ) ;
#1213 = CARTESIAN_POINT ( 'NONE',  ( -0.07762538452923327392, 0.4303089107901724719, 0.01037315228810353415 ) ) ;
#1214 = EDGE_CURVE ( 'NONE', #4828, #3017, #213, .T. ) ;
#1215 = VERTEX_POINT ( 'NONE', #6850 ) ;
#1216 = ORIENTED_EDGE ( 'NONE', *, *, #3609, .F. ) ;
#1217 = ORIENTED_EDGE ( 'NONE', *, *, #1614, .F. ) ;
#1218 = VERTEX_POINT ( 'NONE', #7590 ) ;
#1219 = AXIS2_PLACEMENT_3D ( 'NONE', #7423, #51, #7891 ) ;
#1220 = LINE ( 'NONE', #8684, #949 ) ;
#1221 = CARTESIAN_POINT ( 'NONE',  ( -0.4899668708880285384, 0.08339469710277205849, 0.000000000000000000 ) ) ;
#1222 = FACE_OUTER_BOUND ( 'NONE', #4246, .T. ) ;
#1223 = CARTESIAN_POINT ( 'NONE',  ( -0.2610158856654799520, 0.7435935604654874131, 0.01057234243720716477 ) ) ;
#1224 = CARTESIAN_POINT ( 'NONE',  ( -0.4081730067734665734, -0.1574834802178006199, -2.134256245050205639E-18 ) ) ;
#1225 = CARTESIAN_POINT ( 'NONE',  ( -0.6862088809542765677, 0.08339469686210201904, 0.000000000000000000 ) ) ;
#1226 = CARTESIAN_POINT ( 'NONE',  ( -0.4164108620978295705, -0.1392807220922280542, 0.01039148418246292789 ) ) ;
#1227 = CARTESIAN_POINT ( 'NONE',  ( 0.4904204615781471155, -0.5958451978393149995, 0.01057741572469213590 ) ) ;
#1228 =( BOUNDED_SURFACE ( )  B_SPLINE_SURFACE ( 3, 2, ( 
 ( #1490, #7834, #3823 ),
 ( #2333, #2421, #1759 ),
 ( #4968, #332, #7700 ),
 ( #1809, #2287, #290 ),
 ( #7651, #5057, #6471 ),
 ( #4482, #5014, #1624 ),
 ( #4297, #7077, #2992 ),
 ( #473, #7784, #6425 ),
 ( #428, #1713, #5853 ),
 ( #6990, #4388, #7175 ),
 ( #8365, #5671, #958 ),
 ( #1135, #1673, #7036 ),
 ( #5144, #5098, #4434 ),
 ( #1044, #3645, #3173 ),
 ( #4346, #3126, #1002 ),
 ( #5803, #3732, #6514 ) ),
 .UNSPECIFIED., .F., .F., .T. ) 
 B_SPLINE_SURFACE_WITH_KNOTS ( ( 4, 2, 2, 2, 2, 2, 2, 4 ),
 ( 3, 3 ),
 ( 1.745565497701662139E-17, 0.0006407458912127002824, 0.001281491782425383001, 0.001922237673638065719, 0.002562983564850748654, 0.003203729456063431590, 0.003844475347276114091, 0.005125967129701479962 ),
 ( 0.000000000000000000, 1.000000000000000000 ),
 .UNSPECIFIED. ) 
 GEOMETRIC_REPRESENTATION_ITEM ( )  RATIONAL_B_SPLINE_SURFACE ( (
 ( 1.000000000000000000, 0.6946583704589972541, 1.000000000000000000),
 ( 1.000000000000000000, 0.6933763159456192149, 1.000000000000000000),
 ( 1.000000000000000000, 0.6922258354536059421, 1.000000000000000000),
 ( 1.000000000000000000, 0.6901861854565043419, 1.000000000000000000),
 ( 1.000000000000000000, 0.6892934039797921075, 1.000000000000000000),
 ( 1.000000000000000000, 0.6878664290910755374, 1.000000000000000000),
 ( 1.000000000000000000, 0.6873162222458749637, 1.000000000000000000),
 ( 1.000000000000000000, 0.6865728636986162536, 1.000000000000000000),
 ( 1.000000000000000000, 0.6863885290837425934, 1.000000000000000000),
 ( 1.000000000000000000, 0.6863859216618966030, 1.000000000000000000),
 ( 1.000000000000000000, 0.6865745309141048081, 1.000000000000000000),
 ( 1.000000000000000000, 0.6873071023373359401, 1.000000000000000000),
 ( 1.000000000000000000, 0.6878557309092453442, 1.000000000000000000),
 ( 1.000000000000000000, 0.6900105260091990989, 1.000000000000000000),
 ( 1.000000000000000000, 0.6920785204202675178, 1.000000000000000000),
 ( 1.000000000000000000, 0.6946583704589970321, 1.000000000000000000) ) ) 
 REPRESENTATION_ITEM ( '' )  SURFACE ( )  );
#1229 = CARTESIAN_POINT ( 'NONE',  ( -0.1696609409191350559, -0.4806385799964424943, 0.01034899496702501066 ) ) ;
#1230 = CIRCLE ( 'NONE', #3362, 0.009999999999999986330 ) ;
#1231 = EDGE_CURVE ( 'NONE', #5988, #8540, #4743, .T. ) ;
#1232 = ORIENTED_EDGE ( 'NONE', *, *, #8492, .T. ) ;
#1233 = CARTESIAN_POINT ( 'NONE',  ( 0.3183594180196955281, -0.3394884708261516892, 0.000000000000000000 ) ) ;
#1234 = DIRECTION ( 'NONE',  ( 1.200511022531336859E-14, 1.000000000000000000, 0.000000000000000000 ) ) ;
#1235 = B_SPLINE_CURVE_WITH_KNOTS ( 'NONE', 3,
 ( #4971, #2907, #293, #1676, #2336, #5765, #917, #3686, #6908, #5061, #6383, #2290 ),
 .UNSPECIFIED., .F., .F.,
 ( 4, 2, 2, 2, 2, 4 ),
 ( 1.250926888277100303E-17, 0.0007727098128124543913, 0.001545419625624897507, 0.001931774532031116463, 0.002318129438437335418, 0.003090839251249777667 ),
 .UNSPECIFIED. ) ;
#1236 = DIRECTION ( 'NONE',  ( 1.000000000000000000, -1.128261002834003365E-14, 6.829619984158125527E-14 ) ) ;
#1237 = CIRCLE ( 'NONE', #93, 0.01000000000000001929 ) ;
#1238 = DIRECTION ( 'NONE',  ( 0.000000000000000000, 0.000000000000000000, 1.000000000000000000 ) ) ;
#1239 = AXIS2_PLACEMENT_3D ( 'NONE', #8, #8719, #7497 ) ;
#1240 = CARTESIAN_POINT ( 'NONE',  ( -0.3136191193857580939, 0.2646828876051698920, 0.5000000000000000000 ) ) ;
#1241 = CARTESIAN_POINT ( 'NONE',  ( -0.5782581726075609607, -0.5872293092107562229, 0.3332838527124466488 ) ) ;
#1242 = CARTESIAN_POINT ( 'NONE',  ( 0.000000000000000000, 0.000000000000000000, 0.01000000000000000021 ) ) ;
#1243 = FACE_OUTER_BOUND ( 'NONE', #6768, .T. ) ;
#1244 = CARTESIAN_POINT ( 'NONE',  ( -0.7441650228189993221, 0.1115121760173836962, 0.01055220344049790163 ) ) ;
#1245 = ADVANCED_FACE ( 'NONE', ( #7628 ), #6124, .F. ) ;
#1246 = EDGE_CURVE ( 'NONE', #1039, #4671, #6226, .T. ) ;
#1247 = ORIENTED_EDGE ( 'NONE', *, *, #7472, .T. ) ;
#1248 = CARTESIAN_POINT ( 'NONE',  ( -0.2286311328129897735, 0.7974977940876062377, 0.4903489949670249426 ) ) ;
#1249 = AXIS2_PLACEMENT_3D ( 'NONE', #7456, #4933, #7709 ) ;
#1250 = CARTESIAN_POINT ( 'NONE',  ( 0.7407678131563356638, 0.07129575095375118021, 0.5000000000000000000 ) ) ;
#1251 = CARTESIAN_POINT ( 'NONE',  ( -0.3979623573522439450, 0.1456045335827000631, 0.3935128503261025590 ) ) ;
#1252 = CARTESIAN_POINT ( 'NONE',  ( -0.07025338257376365081, 0.4247507113730799033, 0.1998400020993878756 ) ) ;
#1253 = CARTESIAN_POINT ( 'NONE',  ( -0.09484161785253721055, 0.4021152600780865116, 0.4999999999999998335 ) ) ;
#1254 = DIRECTION ( 'NONE',  ( 8.195543980992764964E-14, 0.000000000000000000, -1.000000000000000000 ) ) ;
#1255 = CARTESIAN_POINT ( 'NONE',  ( -0.4239813449456978911, -0.5475800206427484662, 0.01034899496702505230 ) ) ;
#1256 = ADVANCED_FACE ( 'NONE', ( #6968 ), #6671, .T. ) ;
#1257 = CARTESIAN_POINT ( 'NONE',  ( 0.2394500509143382416, -0.8047926583384982235, 0.5000000000000000000 ) ) ;
#1258 = EDGE_LOOP ( 'NONE', ( #3216, #8493, #6520, #2985, #5795, #758, #8682, #4235 ) ) ;
#1259 = CARTESIAN_POINT ( 'NONE',  ( -0.4671021005955696692, 0.06833812634816213705, 0.5000000000000001110 ) ) ;
#1260 = CARTESIAN_POINT ( 'NONE',  ( 0.1429751277076462268, 0.4261454293187432740, 0.4904246921605973086 ) ) ;
#1261 = CARTESIAN_POINT ( 'NONE',  ( -0.4203605064650073886, -0.5748324831402694679, 0.4903489949670249426 ) ) ;
#1262 = CARTESIAN_POINT ( 'NONE',  ( -0.4117055280199182210, 0.5798294372753749482, 0.5000000000000000000 ) ) ;
#1263 = CARTESIAN_POINT ( 'NONE',  ( 0.4619193150621406785, -0.5846469235987533652, 4.320049379500570359E-15 ) ) ;
#1264 = CARTESIAN_POINT ( 'NONE',  ( -0.7997045569381621144, -0.1153291356738945783, 0.5000000000000001110 ) ) ;
#1265 =( BOUNDED_SURFACE ( )  B_SPLINE_SURFACE ( 3, 2, ( 
 ( #3526, #1495, #2041 ),
 ( #4065, #794, #832 ),
 ( #4770, #8161, #8078 ),
 ( #7450, #122, #7571 ),
 ( #1376, #2826, #1539 ),
 ( #5504, #6057, #6212 ),
 ( #4847, #6760, #8751 ),
 ( #7530, #1420, #5466 ),
 ( #6092, #4107, #4724 ),
 ( #6796, #5544, #7406 ),
 ( #755, #8236, #3448 ),
 ( #79, #2120, #4809 ),
 ( #7488, #4140, #2156 ),
 ( #6995, #8420, #5631 ),
 ( #8325, #4929, #8287 ),
 ( #1717, #4255, #5585 ) ),
 .UNSPECIFIED., .F., .F., .F. ) 
 B_SPLINE_SURFACE_WITH_KNOTS ( ( 4, 2, 2, 2, 2, 2, 2, 4 ),
 ( 3, 3 ),
 ( 1.853985714950212582E-17, 0.0006302862164564773922, 0.001260572432912936136, 0.001890858649369394880, 0.002521144865825853624, 0.003151431082282312585, 0.003781717298738771112, 0.005042289731651689033 ),
 ( 0.000000000000000000, 1.000000000000000000 ),
 .UNSPECIFIED. ) 
 GEOMETRIC_REPRESENTATION_ITEM ( )  RATIONAL_B_SPLINE_SURFACE ( (
 ( 1.000000000000000000, 0.7193398003386507478, 1.000000000000000000),
 ( 1.000000000000000000, 0.7205203109738927969, 1.000000000000000000),
 ( 1.000000000000000000, 0.7215723838607327467, 1.000000000000000000),
 ( 1.000000000000000000, 0.7234284248571530851, 1.000000000000000000),
 ( 1.000000000000000000, 0.7242364760473105623, 1.000000000000000000),
 ( 1.000000000000000000, 0.7255244946208438961, 1.000000000000000000),
 ( 1.000000000000000000, 0.7260172650832382724, 1.000000000000000000),
 ( 1.000000000000000000, 0.7266858690948606592, 1.000000000000000000),
 ( 1.000000000000000000, 0.7268505164664964546, 1.000000000000000000),
 ( 1.000000000000000000, 0.7268526187167458907, 1.000000000000000000),
 ( 1.000000000000000000, 0.7266837284338528713, 1.000000000000000000),
 ( 1.000000000000000000, 0.7260252910178867092, 1.000000000000000000),
 ( 1.000000000000000000, 0.7255360622058737441, 1.000000000000000000),
 ( 1.000000000000000000, 0.7235853240588526747, 1.000000000000000000),
 ( 1.000000000000000000, 0.7217167785968522375, 1.000000000000000000),
 ( 1.000000000000000000, 0.7193398003386524131, 1.000000000000000000) ) ) 
 REPRESENTATION_ITEM ( '' )  SURFACE ( )  );
#1266 = ORIENTED_EDGE ( 'NONE', *, *, #5748, .T. ) ;
#1267 = ORIENTED_EDGE ( 'NONE', *, *, #4805, .F. ) ;
#1268 = ORIENTED_EDGE ( 'NONE', *, *, #5217, .T. ) ;
#1269 = ORIENTED_EDGE ( 'NONE', *, *, #4401, .T. ) ;
#1270 = CARTESIAN_POINT ( 'NONE',  ( 0.1436557066758269441, -0.4504577952969125443, 0.01041668125975882438 ) ) ;
#1271 = CARTESIAN_POINT ( 'NONE',  ( -0.1725712293594823532, -0.4745514371352688165, 0.1696798239621500892 ) ) ;
#1272 = CARTESIAN_POINT ( 'NONE',  ( 0.000000000000000000, 0.000000000000000000, 0.009999999999999998473 ) ) ;
#1273 = CARTESIAN_POINT ( 'NONE',  ( -0.2700418544510546637, 0.6544984076236116666, 0.01042079636764188175 ) ) ;
#1274 = CARTESIAN_POINT ( 'NONE',  ( -0.4403388390260560281, -0.1137975498503700916, 0.01042308903936517775 ) ) ;
#1275 = ADVANCED_FACE ( 'NONE', ( #1157 ), #7055, .T. ) ;
#1276 = CARTESIAN_POINT ( 'NONE',  ( -0.4496568439595236555, -0.08474021738927368930, 0.4904181026315471703 ) ) ;
#1277 = CARTESIAN_POINT ( 'NONE',  ( -0.07762535001074015450, -0.4303089161998847056, 0.01037315220453600799 ) ) ;
#1278 = CARTESIAN_POINT ( 'NONE',  ( -0.7163894130984551634, -0.06663272768644017130, 0.5000000000000000000 ) ) ;
#1279 = CARTESIAN_POINT ( 'NONE',  ( -0.2518962736350054410, 0.7560898447365230757, 0.01055190147764095698 ) ) ;
#1280 = CARTESIAN_POINT ( 'NONE',  ( -0.5288425654857616953, -0.5961938812700254831, 0.01055190533826952035 ) ) ;
#1281 = ORIENTED_EDGE ( 'NONE', *, *, #5711, .T. ) ;
#1282 = DIRECTION ( 'NONE',  ( 0.8660254037844377084, -0.5000000000000017764, 0.000000000000000000 ) ) ;
#1283 = DIRECTION ( 'NONE',  ( 0.8660254037844326014, -0.5000000000000104361, 0.000000000000000000 ) ) ;
#1284 = CARTESIAN_POINT ( 'NONE',  ( 0.2759268973783034484, 0.6923529167318593913, 0.01053680002881214085 ) ) ;
#1285 =( BOUNDED_SURFACE ( )  B_SPLINE_SURFACE ( 3, 2, ( 
 ( #5638, #8374, #2297 ),
 ( #4979, #7662, #1633 ),
 ( #4308, #2341, #7711 ),
 ( #8469, #1683, #4354 ),
 ( #5068, #4398, #7090 ),
 ( #1057, #3743, #6435 ),
 ( #391, #3276, #2659 ),
 ( #489, #3929, #4586 ),
 ( #6619, #8701, #7230 ),
 ( #8562, #6483, #3885 ),
 ( #537, #622, #4492 ),
 ( #6527, #8604, #5959 ),
 ( #7942, #1912, #4634 ),
 ( #438, #7848, #7277 ) ),
 .UNSPECIFIED., .F., .F., .F. ) 
 B_SPLINE_SURFACE_WITH_KNOTS ( ( 4, 2, 2, 2, 2, 2, 4 ),
 ( 3, 3 ),
 ( -4.336808689942017736E-18, 0.0008499630636326863803, 0.001274944595449031739, 0.001699926127265377097, 0.002124907659081722456, 0.002549889190898067814, 0.003399852254530758532 ),
 ( 0.000000000000000000, 1.000000000000000000 ),
 .UNSPECIFIED. ) 
 GEOMETRIC_REPRESENTATION_ITEM ( )  RATIONAL_B_SPLINE_SURFACE ( (
 ( 1.000000000000000000, 0.7193398003386507478, 1.000000000000000000),
 ( 1.000000000000000000, 0.7202131089109917728, 1.000000000000000000),
 ( 1.000000000000000000, 0.7208784273512388596, 1.000000000000000000),
 ( 1.000000000000000000, 0.7215629346519808474, 1.000000000000000000),
 ( 1.000000000000000000, 0.7217356565186191508, 1.000000000000000000),
 ( 1.000000000000000000, 0.7219644832678825397, 1.000000000000000000),
 ( 1.000000000000000000, 0.7220224049890855422, 1.000000000000000000),
 ( 1.000000000000000000, 0.7220238173294917239, 1.000000000000000000),
 ( 1.000000000000000000, 0.7219658634064028968, 1.000000000000000000),
 ( 1.000000000000000000, 0.7217377061592044063, 1.000000000000000000),
 ( 1.000000000000000000, 0.7215679889611176234, 1.000000000000000000),
 ( 1.000000000000000000, 0.7208917738735040048, 1.000000000000000000),
 ( 1.000000000000000000, 0.7202113677850197071, 1.000000000000000000),
 ( 1.000000000000000000, 0.7193398003386507478, 1.000000000000000000) ) ) 
 REPRESENTATION_ITEM ( '' )  SURFACE ( )  );
#1286 = CARTESIAN_POINT ( 'NONE',  ( 0.2876340743349097284, -0.3313335611100880485, 0.5000000000000000000 ) ) ;
#1287 = EDGE_CURVE ( 'NONE', #3908, #2148, #6152, .T. ) ;
#1288 = CARTESIAN_POINT ( 'NONE',  ( 0.2027673521306249671, 0.7974811915099506709, 0.01000000000000000021 ) ) ;
#1289 = CARTESIAN_POINT ( 'NONE',  ( -0.06764588407316166063, -0.4318728915606571683, 0.01034899496702501066 ) ) ;
#1290 = DIRECTION ( 'NONE',  ( 0.4999999999999905076, -0.8660254037844442587, 0.000000000000000000 ) ) ;
#1291 = CARTESIAN_POINT ( 'NONE',  ( 0.2982156029610886772, -0.3470441411598464976, 0.4904181026315469483 ) ) ;
#1292 = ORIENTED_EDGE ( 'NONE', *, *, #4932, .T. ) ;
#1293 = CARTESIAN_POINT ( 'NONE',  ( -0.1246700895462681258, 0.4171944530687975994, 0.5000000000000000000 ) ) ;
#1294 = CARTESIAN_POINT ( 'NONE',  ( 0.09598448225277808610, 0.1662499999999989819, 0.5000000000000000000 ) ) ;
#1295 = CARTESIAN_POINT ( 'NONE',  ( 0.1148595898265904747, -0.4143559176375868347, 0.5000000000000000000 ) ) ;
#1296 = CARTESIAN_POINT ( 'NONE',  ( -0.8177692574159001193, 0.1868119738356565085, 0.5000000000000001110 ) ) ;
#1297 = ADVANCED_FACE ( 'NONE', ( #6494 ), #3051, .T. ) ;
#1298 = CARTESIAN_POINT ( 'NONE',  ( 0.5762723087050820592, -0.5970708763521583862, 0.4956723049532018033 ) ) ;
#1299 = CARTESIAN_POINT ( 'NONE',  ( 0.07422613828818988568, 0.4136382831758080303, 0.4941087076981939274 ) ) ;
#1300 = CARTESIAN_POINT ( 'NONE',  ( 0.5137579199596801205, 0.6078523354791298683, -0.000000000000000000 ) ) ;
#1301 = SURFACE_STYLE_USAGE ( .BOTH. , #6586 ) ;
#1302 = CARTESIAN_POINT ( 'NONE',  ( -0.2515665290499923823, -0.7555638974103120464, 3.190489534529092230E-15 ) ) ;
#1303 = VERTEX_POINT ( 'NONE', #1736 ) ;
#1304 = CARTESIAN_POINT ( 'NONE',  ( -0.1732176521230240629, -0.4532732870998647523, 0.4903741762202948329 ) ) ;
#1305 = DIRECTION ( 'NONE',  ( 0.8660254037844423713, -0.4999999999999936717, 0.000000000000000000 ) ) ;
#1306 = EDGE_CURVE ( 'NONE', #8018, #449, #448, .T. ) ;
#1307 = CARTESIAN_POINT ( 'NONE',  ( 0.1813576796536052471, -0.4473861705149662082, 0.4999999999999999445 ) ) ;
#1308 = CARTESIAN_POINT ( 'NONE',  ( -0.4321278380860055779, 0.6058758690223554622, 0.5000000000000000000 ) ) ;
#1309 = DIRECTION ( 'NONE',  ( -0.8660254037844381525, -0.5000000000000008882, 0.000000000000000000 ) ) ;
#1310 = CARTESIAN_POINT ( 'NONE',  ( -0.7487524835752672470, -0.07411833015607037500, 0.5000000000000001110 ) ) ;
#1311 = ORIENTED_EDGE ( 'NONE', *, *, #3370, .F. ) ;
#1312 = VERTEX_POINT ( 'NONE', #1024 ) ;
#1313 = ORIENTED_EDGE ( 'NONE', *, *, #7685, .F. ) ;
#1314 = VERTEX_POINT ( 'NONE', #8527 ) ;
#1315 = CARTESIAN_POINT ( 'NONE',  ( -0.4581220632471907916, 0.09198241387553185433, 0.000000000000000000 ) ) ;
#1316 = CARTESIAN_POINT ( 'NONE',  ( -0.7920226469532127833, -0.2231389177517497380, 0.01000000000000000021 ) ) ;
#1317 = B_SPLINE_CURVE_WITH_KNOTS ( 'NONE', 3,
 ( #3241, #2575, #2124, #4181, #5508, #2746, #4813 ),
 .UNSPECIFIED., .F., .F.,
 ( 4, 3, 4 ),
 ( 0.0002633041030030383481, 0.006481459598394695085, 0.01247528583322763882 ),
 .UNSPECIFIED. ) ;
#1318 = CARTESIAN_POINT ( 'NONE',  ( -0.5010756907753656231, -0.09374999999999437950, 0.000000000000000000 ) ) ;
#1319 = CARTESIAN_POINT ( 'NONE',  ( -0.3989223779517332980, -0.1329756530931062997, 0.4903741793276565342 ) ) ;
#1320 = CARTESIAN_POINT ( 'NONE',  ( -0.1646119195107281219, 0.4718917317034591052, 0.01037314513849164899 ) ) ;
#1321 = CARTESIAN_POINT ( 'NONE',  ( -0.8090840729587407409, -0.1859131458236808199, 0.5000000000000000000 ) ) ;
#1322 = CARTESIAN_POINT ( 'NONE',  ( 0.4300679003804624423, -0.1092203462758357529, 0.000000000000000000 ) ) ;
#1323 = CARTESIAN_POINT ( 'NONE',  ( -0.4644711259042329510, -0.5978078151899922643, 0.000000000000000000 ) ) ;
#1324 = VERTEX_POINT ( 'NONE', #3104 ) ;
#1325 = CARTESIAN_POINT ( 'NONE',  ( 0.2027673521306029569, -0.7974811915099431214, 0.000000000000000000 ) ) ;
#1326 = AXIS2_PLACEMENT_3D ( 'NONE', #2978, #8349, #986 ) ;
#1327 = FACE_OUTER_BOUND ( 'NONE', #2733, .T. ) ;
#1328 = CARTESIAN_POINT ( 'NONE',  ( 0.4078358373339516785, 0.1573533917115128578, 0.01034899496703158873 ) ) ;
#1329 = CARTESIAN_POINT ( 'NONE',  ( 0.2976305200585401822, -0.3317198470795637011, 0.4904263669987758423 ) ) ;
#1330 = CARTESIAN_POINT ( 'NONE',  ( -0.3086399750703307521, -0.6771716199761068644, 0.5000000000000000000 ) ) ;
#1331 = AXIS2_PLACEMENT_3D ( 'NONE', #1957, #5961, #6056 ) ;
#1332 = FACE_OUTER_BOUND ( 'NONE', #1993, .T. ) ;
#1333 = CARTESIAN_POINT ( 'NONE',  ( 0.4191879071257618161, -0.07655537289885783192, 0.4923896967737305119 ) ) ;
#1334 = CARTESIAN_POINT ( 'NONE',  ( -0.2914543864429133269, -0.6580647036717133247, 0.4903829760152204620 ) ) ;
#1335 = VERTEX_POINT ( 'NONE', #5173 ) ;
#1336 = B_SPLINE_CURVE_WITH_KNOTS ( 'NONE', 3,
 ( #3266, #3356, #612, #744, #6651, #3309, #6120, #1408, #7396, #6745, #1277, #658 ),
 .UNSPECIFIED., .F., .F.,
 ( 4, 2, 2, 2, 2, 4 ),
 ( 0.000000000000000000, 0.0007662348527962421210, 0.001149352279194363778, 0.001532469705592485326, 0.002298704558388729724, 0.003064939411184974122 ),
 .UNSPECIFIED. ) ;
#1337 = EDGE_CURVE ( 'NONE', #1664, #3785, #3012, .T. ) ;
#1338 = AXIS2_PLACEMENT_3D ( 'NONE', #6989, #8282, #6209 ) ;
#1339 = DIRECTION ( 'NONE',  ( 0.4999999999999901190, -0.8660254037844444808, 0.000000000000000000 ) ) ;
#1340 = CARTESIAN_POINT ( 'NONE',  ( -0.4092332102570955810, -0.1011757916587370520, 0.5000000000000000000 ) ) ;
#1341 = CARTESIAN_POINT ( 'NONE',  ( -0.1783159193642117890, -0.4756416258613468950, 0.01000000000000000021 ) ) ;
#1342 = CARTESIAN_POINT ( 'NONE',  ( -0.08429901774788416124, -0.4119650767361873744, 0.4903741746603185181 ) ) ;
#1343 = CIRCLE ( 'NONE', #5986, 0.009999999999999989800 ) ;
#1344 = DIRECTION ( 'NONE',  ( 1.000000000000000000, 1.892679809432641924E-16, 0.000000000000000000 ) ) ;
#1345 = EDGE_CURVE ( 'NONE', #6506, #3314, #5694, .T. ) ;
#1346 = CARTESIAN_POINT ( 'NONE',  ( 0.2430770196979001596, -0.7928755306624414301, 0.5000000000000000000 ) ) ;
#1347 = ORIENTED_EDGE ( 'NONE', *, *, #1827, .T. ) ;
#1348 = CARTESIAN_POINT ( 'NONE',  ( -0.08430089531241004297, -0.4119647399908515362, 0.4903741793276566452 ) ) ;
#1349 = CARTESIAN_POINT ( 'NONE',  ( -0.2914545332196727401, -0.6580649578050126181, 0.4903829773254081426 ) ) ;
#1350 = CARTESIAN_POINT ( 'NONE',  ( -0.6973893915158665413, -0.08485379956077521157, 0.2547538490329978034 ) ) ;
#1351 = B_SPLINE_CURVE_WITH_KNOTS ( 'NONE', 3,
 ( #8436, #4455, #1781, #3055, #7151, #5119, #8340 ),
 .UNSPECIFIED., .F., .F.,
 ( 4, 3, 4 ),
 ( 0.0002630746159416516550, 0.005080000040960759404, 0.01246485972435598839 ),
 .UNSPECIFIED. ) ;
#1352 = DIRECTION ( 'NONE',  ( -0.5000000000000096589, -0.8660254037844331565, 0.000000000000000000 ) ) ;
#1353 = CARTESIAN_POINT ( 'NONE',  ( 0.3109215574800513471, -0.3855412472946952440, 0.4941087076981939274 ) ) ;
#1354 = VERTEX_POINT ( 'NONE', #3058 ) ;
#1355 = EDGE_CURVE ( 'NONE', #1036, #6737, #377, .T. ) ;
#1356 = ORIENTED_EDGE ( 'NONE', *, *, #1641, .F. ) ;
#1357 = ORIENTED_EDGE ( 'NONE', *, *, #3455, .F. ) ;
#1358 = EDGE_LOOP ( 'NONE', ( #2507, #2843, #6738, #8585 ) ) ;
#1359 = CARTESIAN_POINT ( 'NONE',  ( -0.4220278891812888622, 0.1167281441397656078, 0.000000000000000000 ) ) ;
#1360 = CARTESIAN_POINT ( 'NONE',  ( -0.4203184710669194968, -0.5751314636469598840, 0.4956723019460249624 ) ) ;
#1361 = CARTESIAN_POINT ( 'NONE',  ( 0.2604996191463900823, 0.7432608367283467521, 3.193893770127076054E-15 ) ) ;
#1362 = CARTESIAN_POINT ( 'NONE',  ( -0.4153263665006212135, -0.5525769747778440655, 0.01000000000000000021 ) ) ;
#1363 = DIRECTION ( 'NONE',  ( 0.000000000000000000, 0.000000000000000000, 1.000000000000000000 ) ) ;
#1364 = CARTESIAN_POINT ( 'NONE',  ( -0.4808910119741648947, -0.09493872038600045804, 0.01039185364183538296 ) ) ;
#1365 = CARTESIAN_POINT ( 'NONE',  ( 0.2684922344140058814, 0.7886906684432872794, 0.5000000000000001110 ) ) ;
#1366 = CARTESIAN_POINT ( 'NONE',  ( -0.5892552948225812104, 0.5743422737581900250, 0.000000000000000000 ) ) ;
#1367 = CARTESIAN_POINT ( 'NONE',  ( 0.7440243444862302269, 0.1114047430787453302, 0.01055193097138302019 ) ) ;
#1368 = EDGE_LOOP ( 'NONE', ( #283, #327, #70, #2858 ) ) ;
#1369 = VECTOR ( 'NONE', #6254, 39.37007874015748143 ) ;
#1370 = CARTESIAN_POINT ( 'NONE',  ( 0.1696609409191244533, -0.4806385799964462691, 0.01034899496703637484 ) ) ;
#1371 = CARTESIAN_POINT ( 'NONE',  ( 0.07765993606110002667, 0.4306955329837313662, 1.276360305692779463E-15 ) ) ;
#1372 = CARTESIAN_POINT ( 'NONE',  ( 0.5820985525111261882, 0.5673666560794164981, 0.01034899496702894675 ) ) ;
#1373 = CARTESIAN_POINT ( 'NONE',  ( 0.2802438665871553880, -0.7259905215779854926, -0.000000000000000000 ) ) ;
#1374 = CIRCLE ( 'NONE', #6433, 0.8396172724939445775 ) ;
#1375 = CARTESIAN_POINT ( 'NONE',  ( 0.07762535001074018226, 0.4303089161998847612, 0.01037315220453600625 ) ) ;
#1376 = CARTESIAN_POINT ( 'NONE',  ( -0.4385645986029761967, 0.6113795068213769834, 0.5000000000000000000 ) ) ;
#1377 = CARTESIAN_POINT ( 'NONE',  ( 0.4239813449456860672, -0.5475800206427597905, 0.01034899496702857552 ) ) ;
#1378 = AXIS2_PLACEMENT_3D ( 'NONE', #7209, #1798, #323 ) ;
#1379 = AXIS2_PLACEMENT_3D ( 'NONE', #6501, #1209, #5979 ) ;
#1380 = CARTESIAN_POINT ( 'NONE',  ( -0.1353027212072294427, 0.4214443850822460202, 0.005824649011643577047 ) ) ;
#1381 = CARTESIAN_POINT ( 'NONE',  ( -0.4358749966794597808, -0.09154955010755401468, 0.4999999999999950595 ) ) ;
#1382 = CARTESIAN_POINT ( 'NONE',  ( -0.3401899532607942089, -0.2745194998491342075, 0.01034899496702450759 ) ) ;
#1383 = EDGE_CURVE ( 'NONE', #8717, #314, #3481, .T. ) ;
#1384 = CARTESIAN_POINT ( 'NONE',  ( -0.5892552948225923126, -0.5743422737581784787, 0.01000000000000000021 ) ) ;
#1385 = VECTOR ( 'NONE', #4619, 39.37007874015748143 ) ;
#1386 = CARTESIAN_POINT ( 'NONE',  ( 0.1099244064223410117, -0.4238509452386156062, -0.000000000000000000 ) ) ;
#1387 = CARTESIAN_POINT ( 'NONE',  ( -0.08118988160479184701, -0.04687499999999921590, 0.000000000000000000 ) ) ;
#1388 = ORIENTED_EDGE ( 'NONE', *, *, #6840, .T. ) ;
#1389 = TOROIDAL_SURFACE ( 'NONE', #8567, 0.4271446968620944973, 0.01000000000000000021 ) ;
#1390 = CARTESIAN_POINT ( 'NONE',  ( -0.8049689155484152092, -0.2007485279317184346, 0.4903489949670350456 ) ) ;
#1391 = CARTESIAN_POINT ( 'NONE',  ( -0.3010214655600709777, -0.7095113064819794646, 0.4905420191444054834 ) ) ;
#1392 = CARTESIAN_POINT ( 'NONE',  ( 0.07798123386597720363, -0.4029453027777877283, 0.5000000000000001110 ) ) ;
#1393 = EDGE_CURVE ( 'NONE', #8018, #4248, #1602, .T. ) ;
#1394 = CARTESIAN_POINT ( 'NONE',  ( -0.4208348996694694644, 0.5937494399317913008, 0.5000000000000001110 ) ) ;
#1395 = CARTESIAN_POINT ( 'NONE',  ( 0.4361480216113095554, -0.5790055448678841366, 0.000000000000000000 ) ) ;
#1396 = CARTESIAN_POINT ( 'NONE',  ( 0.4153263665006082239, -0.5525769747778529473, 0.01000000000000042001 ) ) ;
#1397 = AXIS2_PLACEMENT_3D ( 'NONE', #1419, #8198, #4106 ) ;
#1398 = CARTESIAN_POINT ( 'NONE',  ( -0.8180605934401358192, -0.1700659635149620319, 0.4999999999999998335 ) ) ;
#1399 = ORIENTED_EDGE ( 'NONE', *, *, #2453, .T. ) ;
#1400 = EDGE_LOOP ( 'NONE', ( #3923, #4097, #3280, #8409 ) ) ;
#1401 = ORIENTED_EDGE ( 'NONE', *, *, #4677, .F. ) ;
#1402 = VERTEX_POINT ( 'NONE', #683 ) ;
#1403 = CARTESIAN_POINT ( 'NONE',  ( 0.2286311328130042619, 0.7974977940875959126, 0.4903489949670249426 ) ) ;
#1404 = CARTESIAN_POINT ( 'NONE',  ( -0.1696556653263566750, 0.4806416258613508963, 0.01000000000000000021 ) ) ;
#1405 = CARTESIAN_POINT ( 'NONE',  ( 0.2759268538163714424, 0.6923555513693847585, 0.01053680569702414652 ) ) ;
#1406 = EDGE_CURVE ( 'NONE', #8101, #1849, #591, .T. ) ;
#1407 = CARTESIAN_POINT ( 'NONE',  ( -0.4165656350408528663, 0.1079811123355568642, 0.4904181060706520601 ) ) ;
#1408 = CARTESIAN_POINT ( 'NONE',  ( -0.1171035886301132062, -0.4360906195886204428, 0.01042306977814714056 ) ) ;
#1409 = CARTESIAN_POINT ( 'NONE',  ( 0.3110034962254265012, 0.7103150596922293003, 0.5000000000000001110 ) ) ;
#1410 = CARTESIAN_POINT ( 'NONE',  ( 0.4220278892058586528, -0.1167281441616352944, -0.000000000000000000 ) ) ;
#1411 = CARTESIAN_POINT ( 'NONE',  ( 0.7436910917042519609, 0.1118860709189533065, -2.304614613420380140E-16 ) ) ;
#1412 = ORIENTED_EDGE ( 'NONE', *, *, #5156, .T. ) ;
#1413 = CARTESIAN_POINT ( 'NONE',  ( -0.07411651482679071368, -0.4134489335005802624, 0.5000000000000000000 ) ) ;
#1414 = CARTESIAN_POINT ( 'NONE',  ( 0.1024138952548370868, 0.4328541288548666821, 1.497879905420086342E-16 ) ) ;
#1415 = CARTESIAN_POINT ( 'NONE',  ( 0.2985330010179879645, -0.3521314930151518419, 0.5000000000000000000 ) ) ;
#1416 = EDGE_CURVE ( 'NONE', #3345, #8101, #3534, .T. ) ;
#1417 = CARTESIAN_POINT ( 'NONE',  ( 0.7079997865524673140, -0.07628961525413439915, 0.5000000000000000000 ) ) ;
#1418 = CARTESIAN_POINT ( 'NONE',  ( -0.2665698469849933083, 0.6427999557006945919, 0.09181588974872856301 ) ) ;
#1419 = CARTESIAN_POINT ( 'NONE',  ( -0.5010756907753638467, 0.08339469686209992350, 0.01000000000000000021 ) ) ;
#1420 = CARTESIAN_POINT ( 'NONE',  ( -0.4780143358177644797, 0.6214279305545972187, 0.5000000000000000000 ) ) ;
#1421 = CARTESIAN_POINT ( 'NONE',  ( 0.6899660146808099803, -0.09054371847841299892, 0.09181588974872856301 ) ) ;
#1422 = CARTESIAN_POINT ( 'NONE',  ( 0.7440224540616326987, 0.1114033579068125640, 0.01055192711114469328 ) ) ;
#1423 = CARTESIAN_POINT ( 'NONE',  ( -0.4542213189326504419, -0.08247141624201415055, 0.5000000000000000000 ) ) ;
#1424 = CARTESIAN_POINT ( 'NONE',  ( -0.3132141524357142104, -0.3724215061687393691, -0.000000000000000000 ) ) ;
#1425 = CARTESIAN_POINT ( 'NONE',  ( 0.000000000000000000, 0.000000000000000000, 0.4899999999999999911 ) ) ;
#1426 = CARTESIAN_POINT ( 'NONE',  ( 0.3227597714111540839, -0.3922469289992583930, 0.01000000000000000021 ) ) ;
#1427 = VERTEX_POINT ( 'NONE', #2010 ) ;
#1428 = CARTESIAN_POINT ( 'NONE',  ( -0.3403036930698961071, -0.2745389866033929316, 0.007463728527815763521 ) ) ;
#1429 = DIRECTION ( 'NONE',  ( 0.8660254037844385966, 0.5000000000000003331, -0.000000000000000000 ) ) ;
#1430 = CARTESIAN_POINT ( 'NONE',  ( 0.4933656356198401483, -0.08221391972234291801, 0.3303501167231997493 ) ) ;
#1431 = DIRECTION ( 'NONE',  ( -0.000000000000000000, -0.000000000000000000, -1.000000000000000000 ) ) ;
#1432 = CARTESIAN_POINT ( 'NONE',  ( -0.7977019884268563565, 0.2071804121423648781, 0.3329279416348974174 ) ) ;
#1433 = CARTESIAN_POINT ( 'NONE',  ( -0.09260244267825706865, -0.1603921356237319462, -3.586907429118606898E-19 ) ) ;
#1434 = ORIENTED_EDGE ( 'NONE', *, *, #3252, .F. ) ;
#1435 = ORIENTED_EDGE ( 'NONE', *, *, #8173, .F. ) ;
#1436 = ADVANCED_FACE ( 'NONE', ( #7957 ), #5973, .T. ) ;
#1437 = EDGE_LOOP ( 'NONE', ( #6600, #5987 ) ) ;
#1438 = EDGE_LOOP ( 'NONE', ( #1232, #995, #952, #907 ) ) ;
#1439 = DIRECTION ( 'NONE',  ( -0.5000000000000139888, -0.8660254037844307140, 8.804954281412528779E-14 ) ) ;
#1440 = DIRECTION ( 'NONE',  ( -1.000000000000000000, 1.182525838673188523E-14, -0.000000000000000000 ) ) ;
#1441 = DIRECTION ( 'NONE',  ( 1.000000000000000000, 0.000000000000000000, 0.000000000000000000 ) ) ;
#1442 = CARTESIAN_POINT ( 'NONE',  ( 0.5449750287595033216, -0.6176003263271024890, 0.4904903272535687808 ) ) ;
#1443 = CARTESIAN_POINT ( 'NONE',  ( -0.1433766995561787383, 0.4507223480762741485, 0.01041516393984834310 ) ) ;
#1444 = CARTESIAN_POINT ( 'NONE',  ( 0.4080963827730896276, -0.1336561597652035360, -0.000000000000000000 ) ) ;
#1445 = CARTESIAN_POINT ( 'NONE',  ( 0.7607687155695793679, 0.1272016954759770391, 1.143055725720516620E-15 ) ) ;
#1446 = ORIENTED_EDGE ( 'NONE', *, *, #2819, .T. ) ;
#1447 = CARTESIAN_POINT ( 'NONE',  ( 0.4666047651416334041, 0.09938447468196916212, 0.01041051843158980611 ) ) ;
#1448 = EDGE_CURVE ( 'NONE', #4762, #5496, #3895, .T. ) ;
#1449 = CARTESIAN_POINT ( 'NONE',  ( -0.3095154525162356896, 0.3561114561701804182, 0.000000000000000000 ) ) ;
#1450 = CARTESIAN_POINT ( 'NONE',  ( 0.2989241518634215278, -0.3520642397271884771, 0.4904132026006208789 ) ) ;
#1451 = CARTESIAN_POINT ( 'NONE',  ( 0.7825948578007935197, -0.1087774221853360368, 0.5000000000000000000 ) ) ;
#1452 = B_SPLINE_CURVE_WITH_KNOTS ( 'NONE', 3,
 ( #2830, #5509, #7536, #6879, #5551, #8243, #6259, #4936, #969, #5730, #5109, #5771, #2960, #6391, #7045, #5023, #344, #2431 ),
 .UNSPECIFIED., .F., .F.,
 ( 4, 2, 2, 2, 2, 2, 2, 2, 4 ),
 ( 0.000000000000000000, 0.0006380346551507833390, 0.001276069310301566678, 0.001914103965452349908, 0.002552138620603133356, 0.003190173275753916803, 0.003828207930904699817, 0.004466242586055483264, 0.005104277241206266712 ),
 .UNSPECIFIED. ) ;
#1453 = CARTESIAN_POINT ( 'NONE',  ( 0.2695366042947873741, -0.7488535778201006465, -0.000000000000000000 ) ) ;
#1454 = FACE_OUTER_BOUND ( 'NONE', #4629, .T. ) ;
#1455 = CARTESIAN_POINT ( 'NONE',  ( -0.5056363734500085583, 0.5977630872212794655, 0.01057748734879389134 ) ) ;
#1456 = ORIENTED_EDGE ( 'NONE', *, *, #5066, .F. ) ;
#1457 = EDGE_CURVE ( 'NONE', #4789, #1532, #3896, .T. ) ;
#1458 = FACE_OUTER_BOUND ( 'NONE', #1083, .T. ) ;
#1459 = AXIS2_PLACEMENT_3D ( 'NONE', #1620, #3728, #2948 ) ;
#1460 = CARTESIAN_POINT ( 'NONE',  ( -0.4389234853388064295, 0.5985159525186448670, 0.4904669482438976380 ) ) ;
#1461 = CARTESIAN_POINT ( 'NONE',  ( -0.3079303720043572445, -0.3343352793592588856, 0.000000000000000000 ) ) ;
#1462 = CARTESIAN_POINT ( 'NONE',  ( 0.1784398515063020663, -0.4758562826281611535, 0.000000000000000000 ) ) ;
#1463 = AXIS2_PLACEMENT_3D ( 'NONE', #4068, #8202, #4683 ) ;
#1464 = DIRECTION ( 'NONE',  ( 0.000000000000000000, -1.000000000000000000, 0.000000000000000000 ) ) ;
#1465 = CARTESIAN_POINT ( 'NONE',  ( -0.4153263665006084460, 0.5525769747778526142, 0.01000000000000040613 ) ) ;
#1466 = CARTESIAN_POINT ( 'NONE',  ( -0.7231098720547426417, -0.07748441072820243247, 0.4904133102372343900 ) ) ;
#1467 = CIRCLE ( 'NONE', #6396, 0.8396172724939445775 ) ;
#1468 = CARTESIAN_POINT ( 'NONE',  ( -0.2467642684162458522, -0.7616458379638422205, 0.01053709449109379616 ) ) ;
#1469 = CARTESIAN_POINT ( 'NONE',  ( 0.5521755395899506924, 0.6147943100745333345, 0.5000000000000000000 ) ) ;
#1470 = CARTESIAN_POINT ( 'NONE',  ( 0.5058140715570753621, 0.5977715414485693657, 0.01057740847479220377 ) ) ;
#1471 = ORIENTED_EDGE ( 'NONE', *, *, #7671, .F. ) ;
#1472 = ORIENTED_EDGE ( 'NONE', *, *, #6000, .T. ) ;
#1473 = AXIS2_PLACEMENT_3D ( 'NONE', #246, #2288, #5629 ) ;
#1474 = ORIENTED_EDGE ( 'NONE', *, *, #4182, .F. ) ;
#1475 = ORIENTED_EDGE ( 'NONE', *, *, #4685, .T. ) ;
#1476 = CARTESIAN_POINT ( 'NONE',  ( 0.2991652065725952658, 0.7246865234686227231, 0.5000000000000000000 ) ) ;
#1477 = DIRECTION ( 'NONE',  ( 0.4999999999999777400, -0.8660254037844515862, 0.000000000000000000 ) ) ;
#1478 = CARTESIAN_POINT ( 'NONE',  ( 0.5010756907753637357, -0.08339469686210014554, 0.000000000000000000 ) ) ;
#1479 = CARTESIAN_POINT ( 'NONE',  ( -0.3898462110709987605, 0.1286867285489078361, 0.5000000000000000000 ) ) ;
#1480 = CARTESIAN_POINT ( 'NONE',  ( -0.1403261845712574507, 0.4365739490762278741, 0.000000000000000000 ) ) ;
#1481 = CARTESIAN_POINT ( 'NONE',  ( -0.4278578186015304374, 0.5542967590207710238, 0.01038463352716625585 ) ) ;
#1482 = ADVANCED_FACE ( 'NONE', ( #4073 ), #367, .T. ) ;
#1483 = CARTESIAN_POINT ( 'NONE',  ( 0.7637968998978933444, -0.08145558797773061466, 0.4999999999999999445 ) ) ;
#1484 = EDGE_LOOP ( 'NONE', ( #698, #7167, #4030, #2592 ) ) ;
#1485 = VERTEX_POINT ( 'NONE', #1255 ) ;
#1486 = ORIENTED_EDGE ( 'NONE', *, *, #5180, .F. ) ;
#1487 = MANIFOLD_SOLID_BREP ( 'Fillet3', #5569 ) ;
#1488 = CARTESIAN_POINT ( 'NONE',  ( 0.5762723087420921209, 0.5970708761704905942, 0.4956723019460246848 ) ) ;
#1489 = DIRECTION ( 'NONE',  ( -0.4999999999999900635, 0.8660254037844443697, 0.000000000000000000 ) ) ;
#1490 = CARTESIAN_POINT ( 'NONE',  ( -0.6862088809542779000, -0.09338860513227742466, 0.01034899496702500893 ) ) ;
#1491 = CARTESIAN_POINT ( 'NONE',  ( 0.5134329566716371307, -0.5972297062211293639, 6.758687829042581782E-16 ) ) ;
#1492 = DIRECTION ( 'NONE',  ( 0.4999999999999938383, -0.8660254037844423713, 0.000000000000000000 ) ) ;
#1493 = ADVANCED_FACE ( 'NONE', ( #8125 ), #8708, .T. ) ;
#1494 = CARTESIAN_POINT ( 'NONE',  ( 0.3079303720043573556, 0.3343352793592588856, 0.000000000000000000 ) ) ;
#1495 = CARTESIAN_POINT ( 'NONE',  ( -0.4200686381312422335, 0.5750009934013396995, 0.5000000000000000000 ) ) ;
#1496 = AXIS2_PLACEMENT_3D ( 'NONE', #1425, #2049, #128 ) ;
#1497 = CARTESIAN_POINT ( 'NONE',  ( -0.07161837485719038665, -0.4209694916754282423, 0.3001607736890145040 ) ) ;
#1498 = DIRECTION ( 'NONE',  ( 0.7161104662940385168, 0.6979869626749016787, 0.000000000000000000 ) ) ;
#1499 = CARTESIAN_POINT ( 'NONE',  ( 0.3221409772468992738, 0.3099839102693744408, 0.000000000000000000 ) ) ;
#1500 = VECTOR ( 'NONE', #4412, 39.37007874015748854 ) ;
#1501 = CARTESIAN_POINT ( 'NONE',  ( -0.4405403313504751006, -0.08925262195522859487, 0.4904246921605976417 ) ) ;
#1502 = CARTESIAN_POINT ( 'NONE',  ( -0.3087201387217746174, -0.3507541378687860645, 0.000000000000000000 ) ) ;
#1503 = EDGE_CURVE ( 'NONE', #17, #3793, #5841, .T. ) ;
#1504 = ADVANCED_FACE ( 'NONE', ( #4333 ), #1794, .T. ) ;
#1505 = DIRECTION ( 'NONE',  ( -0.000000000000000000, -0.000000000000000000, -1.000000000000000000 ) ) ;
#1506 =( BOUNDED_SURFACE ( )  B_SPLINE_SURFACE ( 3, 2, ( 
 ( #7178, #8643, #2605 ),
 ( #5286, #7981, #1946 ),
 ( #6517, #5806, #2422 ),
 ( #7129, #8505, #1092 ) ),
 .UNSPECIFIED., .F., .F., .F. ) 
 B_SPLINE_SURFACE_WITH_KNOTS ( ( 4, 4 ),
 ( 3, 3 ),
 ( 0.02928490207540813961, 0.04170594225001117428 ),
 ( 0.000000000000000000, 1.000000000000000000 ),
 .UNSPECIFIED. ) 
 GEOMETRIC_REPRESENTATION_ITEM ( )  RATIONAL_B_SPLINE_SURFACE ( (
 ( 1.000000000000000000, 0.6163818357170526285, 1.000000000000000000),
 ( 1.000000000000000000, 0.6124652104007418663, 1.000000000000000000),
 ( 1.000000000000000000, 0.6084201088897301934, 1.000000000000000000),
 ( 1.000000000000000000, 0.6042316834830048222, 1.000000000000000000) ) ) 
 REPRESENTATION_ITEM ( '' )  SURFACE ( )  );
#1507 = AXIS2_PLACEMENT_3D ( 'NONE', #2451, #2409, #276 ) ;
#1508 = B_SPLINE_CURVE_WITH_KNOTS ( 'NONE', 3,
 ( #7762, #1111, #8384, #8435, #976, #4272, #5032, #6402, #1691, #1780, #5648, #4453, #7101, #7670, #1020, #1064 ),
 .UNSPECIFIED., .F., .F.,
 ( 4, 2, 2, 2, 2, 2, 2, 4 ),
 ( 0.000000000000000000, 0.0004286688775617935199, 0.0008573377551235870399, 0.001286006632685380560, 0.001714675510247174080, 0.002143344387808967817, 0.002572013265370758518, 0.003429351020494343389 ),
 .UNSPECIFIED. ) ;
#1509 = CARTESIAN_POINT ( 'NONE',  ( 0.2514562026477301093, -0.7557036879405181207, 3.226459483428281092E-15 ) ) ;
#1510 = CARTESIAN_POINT ( 'NONE',  ( -0.2993014227282141393, -0.6792697684541874059, 0.5000000000000000000 ) ) ;
#1511 = CARTESIAN_POINT ( 'NONE',  ( 0.4833176603425234363, -0.6325804816130112807, 0.5000000000000000000 ) ) ;
#1512 = FACE_OUTER_BOUND ( 'NONE', #6853, .T. ) ;
#1513 = TOROIDAL_SURFACE ( 'NONE', #7561, 0.4103827275060554780, 0.01000000000000000021 ) ;
#1514 = EDGE_CURVE ( 'NONE', #5051, #5574, #7094, .T. ) ;
#1515 = CARTESIAN_POINT ( 'NONE',  ( 0.3227597714111630212, 0.3922469289992507879, 0.01000000000000000021 ) ) ;
#1516 = CARTESIAN_POINT ( 'NONE',  ( -0.8358636820749275609, 0.07663964713416261676, 0.4899763984264463024 ) ) ;
#1517 = CARTESIAN_POINT ( 'NONE',  ( 0.4829990515394472217, 0.5940254370451417687, 0.01057232532173356040 ) ) ;
#1518 = EDGE_LOOP ( 'NONE', ( #7133, #358, #1983, #5578 ) ) ;
#1519 = VERTEX_POINT ( 'NONE', #4467 ) ;
#1520 = AXIS2_PLACEMENT_3D ( 'NONE', #7260, #7304, #3912 ) ;
#1521 = VERTEX_POINT ( 'NONE', #6502 ) ;
#1522 = CARTESIAN_POINT ( 'NONE',  ( 0.09021097956088187930, -0.1562500000000009992, 0.5000000000000000000 ) ) ;
#1523 = CARTESIAN_POINT ( 'NONE',  ( 0.2962942585325517575, 0.6464621647814221550, 0.5000000000000000000 ) ) ;
#1524 = CARTESIAN_POINT ( 'NONE',  ( -0.2982155629829642551, 0.3470437572037232132, 0.4904181029472115538 ) ) ;
#1525 = CARTESIAN_POINT ( 'NONE',  ( 0.2749652339618201546, 0.6770810009797216811, 0.01049750224473805851 ) ) ;
#1526 = CARTESIAN_POINT ( 'NONE',  ( 0.4779993096033260391, -0.6217457319394182891, 0.4905662028763858040 ) ) ;
#1527 = DIRECTION ( 'NONE',  ( 1.000000000000000000, -1.200511022531335597E-14, -4.926668592314091391E-32 ) ) ;
#1528 = CARTESIAN_POINT ( 'NONE',  ( 0.2003031600502051257, -0.7877895581393029589, 0.009999999999999998473 ) ) ;
#1529 = B_SPLINE_CURVE_WITH_KNOTS ( 'NONE', 3,
 ( #84, #1, #3327, #2705, #8040, #8709, #4144, #631, #5388, #7325, #7366, #1422, #125, #6139, #798, #3497, #759, #6181 ),
 .UNSPECIFIED., .F., .F.,
 ( 4, 2, 2, 2, 2, 2, 2, 2, 4 ),
 ( 0.000000000000000000, 0.0005890685094930300054, 0.001178137018986060011, 0.001767205528479089908, 0.002356274037972120889, 0.002945342547465152304, 0.003534411056958182851, 0.004123479566451214266, 0.004712548075944245247 ),
 .UNSPECIFIED. ) ;
#1530 = CARTESIAN_POINT ( 'NONE',  ( -3.146580183181747114E-17, 0.1662499999999989542, 0.5000000000000000000 ) ) ;
#1531 = CARTESIAN_POINT ( 'NONE',  ( 0.8112086243960195953, -0.1377328602011990699, 0.4999999999999999445 ) ) ;
#1532 = VERTEX_POINT ( 'NONE', #3858 ) ;
#1533 = VERTEX_POINT ( 'NONE', #320 ) ;
#1534 = EDGE_CURVE ( 'NONE', #3793, #996, #7832, .T. ) ;
#1535 = CARTESIAN_POINT ( 'NONE',  ( 0.4843037223927241786, 0.6855593592106055123, 0.4899763984264460248 ) ) ;
#1536 = DIRECTION ( 'NONE',  ( 1.000000000000000000, 0.000000000000000000, 0.000000000000000000 ) ) ;
#1537 = CARTESIAN_POINT ( 'NONE',  ( -0.5011448068649245746, -0.09348936085834880227, 0.007463728475605217738 ) ) ;
#1538 = CARTESIAN_POINT ( 'NONE',  ( -0.3017973110439437501, -0.3067654952037527361, 0.4904181057549968359 ) ) ;
#1539 = CARTESIAN_POINT ( 'NONE',  ( -0.4447767274275032379, 0.6035223049739603107, 0.4904903611685593190 ) ) ;
#1540 = CARTESIAN_POINT ( 'NONE',  ( -0.07247752458721433422, -0.4185776750683243286, 0.3635569265345392487 ) ) ;
#1541 = CARTESIAN_POINT ( 'NONE',  ( -0.4781728546951518055, -0.06706660814733608755, 0.5000000000000001110 ) ) ;
#1542 = ADVANCED_FACE ( 'NONE', ( #1122 ), #5046, .T. ) ;
#1543 = CARTESIAN_POINT ( 'NONE',  ( 0.3217244188154512741, 0.3098641863588738055, 0.01041521659827398215 ) ) ;
#1544 = CARTESIAN_POINT ( 'NONE',  ( 0.8238363753278252766, -0.08805335806705906487, 0.1631304812544205618 ) ) ;
#1545 = CARTESIAN_POINT ( 'NONE',  ( 0.3401899532607897680, -0.2745194998491437000, 0.01034899496703158873 ) ) ;
#1546 = CARTESIAN_POINT ( 'NONE',  ( -0.2708825144536697871, -0.6359716716399393954, 0.000000000000000000 ) ) ;
#1547 = CARTESIAN_POINT ( 'NONE',  ( 0.2099865250898822200, -0.7911696661735001523, 0.1732836465128099745 ) ) ;
#1548 = ADVANCED_FACE ( 'NONE', ( #5087 ), #7114, .T. ) ;
#1549 = CARTESIAN_POINT ( 'NONE',  ( 0.8090840729589328095, 0.1859131458237299750, 0.5000000000000000000 ) ) ;
#1550 = CARTESIAN_POINT ( 'NONE',  ( 0.2595078686024676062, -0.7625980071061362331, 0.000000000000000000 ) ) ;
#1551 = CARTESIAN_POINT ( 'NONE',  ( -0.8077930889082726162, 0.1858782505161679643, 0.4904132994323607275 ) ) ;
#1552 = CARTESIAN_POINT ( 'NONE',  ( 0.4639440829056440951, -0.6154478895004332761, 0.4905420191444064271 ) ) ;
#1553 =( BOUNDED_SURFACE ( )  B_SPLINE_SURFACE ( 3, 2, ( 
 ( #7757, #5378, #665 ),
 ( #396, #442, #3097 ),
 ( #1828, #2482, #1687 ),
 ( #4359, #1016, #5775 ) ),
 .UNSPECIFIED., .F., .F., .T. ) 
 B_SPLINE_SURFACE_WITH_KNOTS ( ( 4, 4 ),
 ( 3, 3 ),
 ( 0.01979716286801407391, 0.03216910638057764865 ),
 ( 0.000000000000000000, 1.000000000000000000 ),
 .UNSPECIFIED. ) 
 GEOMETRIC_REPRESENTATION_ITEM ( )  RATIONAL_B_SPLINE_SURFACE ( (
 ( 1.000000000000000000, 0.8185296408697565473, 1.000000000000000000),
 ( 1.000000000000000000, 0.8207248282202060929, 1.000000000000000000),
 ( 1.000000000000000000, 0.8228396131667767843, 1.000000000000000000),
 ( 1.000000000000000000, 0.8248823227260290158, 1.000000000000000000) ) ) 
 REPRESENTATION_ITEM ( '' )  SURFACE ( )  );
#1554 = CYLINDRICAL_SURFACE ( 'NONE', #7387, 0.01000000000000000194 ) ;
#1555 = DIRECTION ( 'NONE',  ( -0.9625296743338386252, -0.2711763743890581724, 0.000000000000000000 ) ) ;
#1556 = CARTESIAN_POINT ( 'NONE',  ( -0.06636061318876661230, 0.03831331788812401828, 0.4903489949670248871 ) ) ;
#1557 = CARTESIAN_POINT ( 'NONE',  ( -0.1852048853565171349, -1.091988233824541186E-15, -3.586907429118606898E-19 ) ) ;
#1558 = EDGE_LOOP ( 'NONE', ( #6889, #508, #4613, #628 ) ) ;
#1559 = ORIENTED_EDGE ( 'NONE', *, *, #4173, .F. ) ;
#1560 = ADVANCED_FACE ( 'NONE', ( #1659 ), #8353, .T. ) ;
#1561 = ORIENTED_EDGE ( 'NONE', *, *, #3821, .T. ) ;
#1562 = DIRECTION ( 'NONE',  ( -0.9843093805579223865, 0.1764512492040769820, 3.647876007873773986E-16 ) ) ;
#1563 = FACE_OUTER_BOUND ( 'NONE', #1739, .T. ) ;
#1564 = CARTESIAN_POINT ( 'NONE',  ( -0.3030529474789557254, 0.3016818953842360096, 0.4999999999999951705 ) ) ;
#1565 = CARTESIAN_POINT ( 'NONE',  ( -0.5710980932224065665, -0.6023238630691254425, 0.5000000000000073275 ) ) ;
#1566 = CARTESIAN_POINT ( 'NONE',  ( 0.5708516282382092299, -0.6020494189617497938, 0.4903829660357256759 ) ) ;
#1567 = CARTESIAN_POINT ( 'NONE',  ( -0.1537611665173889419, 0.4461995353896114902, 0.000000000000000000 ) ) ;
#1568 = CARTESIAN_POINT ( 'NONE',  ( -0.1783601429567439334, 0.4621821011988320738, 0.4903489949670249426 ) ) ;
#1569 = ORIENTED_EDGE ( 'NONE', *, *, #8285, .F. ) ;
#1570 = ORIENTED_EDGE ( 'NONE', *, *, #3921, .F. ) ;
#1571 = ORIENTED_EDGE ( 'NONE', *, *, #7519, .T. ) ;
#1572 = CARTESIAN_POINT ( 'NONE',  ( 0.000000000000000000, 0.000000000000000000, 0.5000000000000000000 ) ) ;
#1573 = CARTESIAN_POINT ( 'NONE',  ( -0.6862088809542777890, -0.08339469686208650367, 0.000000000000000000 ) ) ;
#1574 = CARTESIAN_POINT ( 'NONE',  ( -0.4781603032058347469, -0.6209089738839317363, 0.4905613943066131633 ) ) ;
#1575 = CARTESIAN_POINT ( 'NONE',  ( 0.3023080122591005892, -0.3903473817558175685, 0.5000000000000000000 ) ) ;
#1576 = CARTESIAN_POINT ( 'NONE',  ( 0.7771659621376333371, -0.1032555862939800451, 0.5000000000000000000 ) ) ;
#1577 = DIRECTION ( 'NONE',  ( 0.000000000000000000, 0.000000000000000000, 1.000000000000000000 ) ) ;
#1578 = CARTESIAN_POINT ( 'NONE',  ( -0.5304802464157791775, 0.6060681306287034609, -0.000000000000000000 ) ) ;
#1579 = CARTESIAN_POINT ( 'NONE',  ( -0.5137579199596803425, -0.6078523354791300903, -0.000000000000000000 ) ) ;
#1580 = CARTESIAN_POINT ( 'NONE',  ( 0.09021097956088187930, -0.1562500000000009992, 0.4899999999999999911 ) ) ;
#1581 = DIRECTION ( 'NONE',  ( 0.000000000000000000, 0.000000000000000000, 1.000000000000000000 ) ) ;
#1582 = CARTESIAN_POINT ( 'NONE',  ( -0.2791717411344425415, 0.7656447409702880069, 0.4905463522166766954 ) ) ;
#1583 = CARTESIAN_POINT ( 'NONE',  ( 0.06609935683363071801, -0.4219993685819813378, 0.000000000000000000 ) ) ;
#1584 = CARTESIAN_POINT ( 'NONE',  ( -0.4117055280199305445, -0.5798294372753648451, 0.5000000000000000000 ) ) ;
#1585 = CARTESIAN_POINT ( 'NONE',  ( 0.3237586231283250959, -0.2715964645766723584, 0.4269530013571828930 ) ) ;
#1586 = DIRECTION ( 'NONE',  ( 0.5000000000000003331, -0.8660254037844385966, 0.000000000000000000 ) ) ;
#1587 = CARTESIAN_POINT ( 'NONE',  ( -0.4900514125535708199, 0.6613907087222014036, 0.001385477180347220640 ) ) ;
#1588 = EDGE_CURVE ( 'NONE', #529, #6156, #7693, .T. ) ;
#1589 = CIRCLE ( 'NONE', #319, 0.009999999999999995004 ) ;
#1590 = CARTESIAN_POINT ( 'NONE',  ( 0.7231115359433583079, 0.07748463182415703254, 0.4904133168798602282 ) ) ;
#1591 = CARTESIAN_POINT ( 'NONE',  ( 0.2843668978289397575, -0.6672360988335204190, 0.000000000000000000 ) ) ;
#1592 = CARTESIAN_POINT ( 'NONE',  ( -0.8138268873071106135, 0.1456088893656917183, 0.5000000000000000000 ) ) ;
#1593 = CARTESIAN_POINT ( 'NONE',  ( 0.4200686381312419004, -0.5750009934013399215, 0.5000000000000000000 ) ) ;
#1594 = CARTESIAN_POINT ( 'NONE',  ( 0.000000000000000000, 0.000000000000000000, 0.4899999999999999911 ) ) ;
#1595 = CARTESIAN_POINT ( 'NONE',  ( 0.000000000000000000, 0.000000000000000000, 0.5000000000000000000 ) ) ;
#1596 = AXIS2_PLACEMENT_3D ( 'NONE', #7285, #5922, #8612 ) ;
#1597 = CARTESIAN_POINT ( 'NONE',  ( -0.8178068618578727689, 0.09370161807013133171, 0.001385477198296067693 ) ) ;
#1598 = EDGE_CURVE ( 'NONE', #6034, #2581, #3904, .T. ) ;
#1599 = CARTESIAN_POINT ( 'NONE',  ( 0.4239813449456972805, 0.5475800206427469119, 0.01034899496702500372 ) ) ;
#1600 = ORIENTED_EDGE ( 'NONE', *, *, #756, .F. ) ;
#1601 = DIRECTION ( 'NONE',  ( -0.5000000000000102141, -0.8660254037844328234, 1.733665442999072420E-18 ) ) ;
#1603 = ORIENTED_EDGE ( 'NONE', *, *, #1706, .F. ) ;
#1602 =( BOUNDED_CURVE ( )  B_SPLINE_CURVE ( 3, ( #4602, #8618, #1924, #1880 ),
 .UNSPECIFIED., .F., .T. ) 
 B_SPLINE_CURVE_WITH_KNOTS ( ( 4, 4 ),
 ( 1.570796326794896558, 3.141592653589793116 ),
 .UNSPECIFIED. ) 
 CURVE ( )  GEOMETRIC_REPRESENTATION_ITEM ( )  RATIONAL_B_SPLINE_CURVE ( ( 1.000000000000000000, 0.8047378541243649375, 0.8047378541243649375, 1.000000000000000000 ) ) 
 REPRESENTATION_ITEM ( '' )  );
#1604 = AXIS2_PLACEMENT_3D ( 'NONE', #8523, #3195, #5877 ) ;
#1605 = DIRECTION ( 'NONE',  ( 0.5000000000000104361, 0.8660254037844324904, -0.000000000000000000 ) ) ;
#1606 = CARTESIAN_POINT ( 'NONE',  ( 0.2098269437633620005, 0.7911352736631076521, 0.1701881940113513791 ) ) ;
#1607 = DIRECTION ( 'NONE',  ( -0.4999999999999905076, 0.8660254037844442587, 0.000000000000000000 ) ) ;
#1608 = CARTESIAN_POINT ( 'NONE',  ( 0.4024918883122983737, -0.1434403192643470271, 0.000000000000000000 ) ) ;
#1609 = CARTESIAN_POINT ( 'NONE',  ( 0.3989223900612290374, -0.1329756195164888688, 0.4903741794150590083 ) ) ;
#1610 = CARTESIAN_POINT ( 'NONE',  ( 0.07241254492021974298, 0.4039435683031560309, 0.5000000000000000000 ) ) ;
#1611 = DIRECTION ( 'NONE',  ( -0.7161104662940385168, -0.6979869626749016787, 0.000000000000000000 ) ) ;
#1612 = EDGE_CURVE ( 'NONE', #8097, #6942, #6158, .T. ) ;
#1613 = CARTESIAN_POINT ( 'NONE',  ( 0.8166960999852720393, -0.1950257505367808120, 0.5000000000000001110 ) ) ;
#1614 = EDGE_CURVE ( 'NONE', #2103, #2503, #1967, .T. ) ;
#1615 = AXIS2_PLACEMENT_3D ( 'NONE', #2219, #6649, #4049 ) ;
#1616 = EDGE_LOOP ( 'NONE', ( #4086, #602, #3519, #4553 ) ) ;
#1617 = EDGE_LOOP ( 'NONE', ( #7996, #1844, #6409, #5836 ) ) ;
#1618 = EDGE_LOOP ( 'NONE', ( #3346, #5896, #4865, #2019 ) ) ;
#1619 = CARTESIAN_POINT ( 'NONE',  ( -0.1804219591217551821, -1.045321728494220803E-15, 0.5000000000000000000 ) ) ;
#1620 = CARTESIAN_POINT ( 'NONE',  ( -0.08118988160479080618, 0.04687500000000102002, 0.000000000000000000 ) ) ;
#1621 = CARTESIAN_POINT ( 'NONE',  ( -0.2863241563278812740, 0.7713937065965813522, 0.4999999999999999445 ) ) ;
#1622 = AXIS2_PLACEMENT_3D ( 'NONE', #279, #947, #1611 ) ;
#1623 = CARTESIAN_POINT ( 'NONE',  ( 0.2786893745346266105, 0.7648998536333355691, 0.4905422489912566464 ) ) ;
#1624 = CARTESIAN_POINT ( 'NONE',  ( -0.7426865999880206681, -0.09861436730283776320, 0.000000000000000000 ) ) ;
#1625 = CARTESIAN_POINT ( 'NONE',  ( 0.6862088809542777890, 0.08339469686208637877, 0.000000000000000000 ) ) ;
#1626 = CARTESIAN_POINT ( 'NONE',  ( 0.3024263908892106389, 0.3905524195576759450, 0.5000000000000000000 ) ) ;
#1627 = CARTESIAN_POINT ( 'NONE',  ( -0.5306753127242185286, -0.6060394103291267820, 0.000000000000000000 ) ) ;
#1628 = CARTESIAN_POINT ( 'NONE',  ( 0.3324124951561693853, -0.2682434064827369236, 0.000000000000000000 ) ) ;
#1629 = CARTESIAN_POINT ( 'NONE',  ( 0.2886096618241102418, 0.3203624426943836867, 0.5000000000000001110 ) ) ;
#1630 = CARTESIAN_POINT ( 'NONE',  ( 0.3024263908892106389, 0.3905524195576759450, 0.4899999999999999911 ) ) ;
#1631 = CARTESIAN_POINT ( 'NONE',  ( 0.3314147498562396987, 0.3872499748641551887, 0.01034899496702501066 ) ) ;
#1632 = CARTESIAN_POINT ( 'NONE',  ( 0.4182147464803142034, 0.1208687529242485903, -0.000000000000000000 ) ) ;
#1633 = CARTESIAN_POINT ( 'NONE',  ( 0.3059383272137944920, 0.3766492135298576960, 0.4903741714660407869 ) ) ;
#1634 = CIRCLE ( 'NONE', #8118, 0.8228553031379056693 ) ;
#1635 = CARTESIAN_POINT ( 'NONE',  ( 0.3096385169422464223, -0.3177494589614963116, -0.000000000000000000 ) ) ;
#1636 = CARTESIAN_POINT ( 'NONE',  ( 0.4153263665006081684, -0.5525769747778529473, 0.000000000000000000 ) ) ;
#1637 = B_SPLINE_CURVE_WITH_KNOTS ( 'NONE', 3,
 ( #6895, #7474, #7513, #4128, #5452, #6819, #4756, #6935, #2728, #3516, #3474, #4202, #2068, #7435, #6162, #2812 ),
 .UNSPECIFIED., .F., .F.,
 ( 4, 2, 2, 2, 2, 2, 2, 4 ),
 ( 2.742838647325547909E-17, 0.0005730326345398828892, 0.001146065269079738240, 0.002292130538159452193, 0.002865163172699309278, 0.003438195807239166363, 0.004011228441779026918, 0.004584261076318887039 ),
 .UNSPECIFIED. ) ;
#1638 = AXIS2_PLACEMENT_3D ( 'NONE', #8053, #2470, #5148 ) ;
#1639 = CARTESIAN_POINT ( 'NONE',  ( 0.7636442179270209740, 0.08137434103632129601, 0.5000000000000000000 ) ) ;
#1640 = CARTESIAN_POINT ( 'NONE',  ( -0.2708825144536557428, 0.6359716716399460568, 0.000000000000000000 ) ) ;
#1641 = EDGE_CURVE ( 'NONE', #6230, #3954, #2353, .T. ) ;
#1642 = CARTESIAN_POINT ( 'NONE',  ( -0.7708057805522163797, 0.08593589803294791885, 0.5000000000000000000 ) ) ;
#1643 = CARTESIAN_POINT ( 'NONE',  ( 0.4241737041896381788, -0.5814395087188766187, 0.4903829773254077540 ) ) ;
#1644 = CARTESIAN_POINT ( 'NONE',  ( -0.4619357473977702133, 0.1008194062685840858, 0.01041668125975882438 ) ) ;
#1645 = CARTESIAN_POINT ( 'NONE',  ( 0.4078358373339456278, -0.1573533917115215452, 0.01034899496702450933 ) ) ;
#1646 = CARTESIAN_POINT ( 'NONE',  ( 0.8049689155484152092, 0.2007485279317182958, 0.4903489949670350456 ) ) ;
#1647 = CARTESIAN_POINT ( 'NONE',  ( 0.4780049418820693785, 0.6214176730207855437, 0.5000000000000000000 ) ) ;
#1648 = CARTESIAN_POINT ( 'NONE',  ( -0.2360787201122430679, 0.7957473883179922991, 0.5000000000000000000 ) ) ;
#1649 = ORIENTED_EDGE ( 'NONE', *, *, #1777, .F. ) ;
#1650 = CARTESIAN_POINT ( 'NONE',  ( -0.7744703166079821566, -0.1457484380708126137, 0.01057231001183497367 ) ) ;
#1651 = CIRCLE ( 'NONE', #4456, 0.4103827275060554780 ) ;
#1652 = ORIENTED_EDGE ( 'NONE', *, *, #1588, .F. ) ;
#1653 = CIRCLE ( 'NONE', #1239, 0.4271446968620944973 ) ;
#1654 = CARTESIAN_POINT ( 'NONE',  ( -0.4221802417851977518, 0.5615300296021245030, 0.2547538490329978034 ) ) ;
#1655 = EDGE_CURVE ( 'NONE', #5496, #314, #3107, .T. ) ;
#1656 = FACE_OUTER_BOUND ( 'NONE', #5200, .T. ) ;
#1657 = CARTESIAN_POINT ( 'NONE',  ( -0.2886378205521581419, 0.3201621545760772736, 0.5000000000000000000 ) ) ;
#1658 = CARTESIAN_POINT ( 'NONE',  ( -0.5487668238413949684, -0.6268643136269378413, 0.5000000000000000000 ) ) ;
#1659 = FACE_OUTER_BOUND ( 'NONE', #5135, .T. ) ;
#1660 = CARTESIAN_POINT ( 'NONE',  ( 0.7613460426069424969, -0.1269281313960486379, 0.01057749443219733326 ) ) ;
#1661 = CARTESIAN_POINT ( 'NONE',  ( -0.5820941901596438095, 0.5673624041314468958, 0.009999999999999998473 ) ) ;
#1662 = TOROIDAL_SURFACE ( 'NONE', #8718, 0.9896446968620942197, 0.01000000000000000021 ) ;
#1663 = CARTESIAN_POINT ( 'NONE',  ( 0.4162725457958528774, -0.1077066361607087602, 0.5000000000000048850 ) ) ;
#1664 = VERTEX_POINT ( 'NONE', #7422 ) ;
#1665 = EDGE_LOOP ( 'NONE', ( #7969, #2520, #2239, #8421, #4661 ) ) ;
#1666 = ORIENTED_EDGE ( 'NONE', *, *, #1140, .T. ) ;
#1667 = DIRECTION ( 'NONE',  ( 0.4999999999999900635, -0.8660254037844443697, -0.000000000000000000 ) ) ;
#1668 = CARTESIAN_POINT ( 'NONE',  ( 0.3401899532607942644, 0.2745194998491340965, 0.01034899496702450759 ) ) ;
#1669 = EDGE_CURVE ( 'NONE', #3581, #6273, #3361, .T. ) ;
#1670 = CARTESIAN_POINT ( 'NONE',  ( 0.5010756907753658451, 0.08339469686208854371, 0.000000000000000000 ) ) ;
#1671 = AXIS2_PLACEMENT_3D ( 'NONE', #4846, #5343, #6795 ) ;
#1672 = DIRECTION ( 'NONE',  ( -1.365923996832132280E-14, -1.000000000000000000, 0.000000000000000000 ) ) ;
#1673 = CARTESIAN_POINT ( 'NONE',  ( -0.7801207938647047868, -0.1599189438059884227, 6.836763288277324490E-16 ) ) ;
#1674 = FACE_OUTER_BOUND ( 'NONE', #3724, .T. ) ;
#1675 = CARTESIAN_POINT ( 'NONE',  ( -0.4246192823237084357, 0.5667179864849786197, -0.000000000000000000 ) ) ;
#1676 = CARTESIAN_POINT ( 'NONE',  ( -0.3014541072468573391, 0.3065402531645924356, 0.4904196468800218756 ) ) ;
#1677 = B_SPLINE_CURVE_WITH_KNOTS ( 'NONE', 3,
 ( #4293, #7481, #4881, #909, #954, #2197, #8278, #866, #6986, #6246, #1449, #3485, #6171, #3642 ),
 .UNSPECIFIED., .F., .F.,
 ( 4, 2, 2, 2, 2, 2, 4 ),
 ( 0.000000000000000000, 0.0008346611135208345479, 0.001251991670281251984, 0.001669322227041666494, 0.002086652783802081003, 0.002503983340562495729, 0.003338644454083331686 ),
 .UNSPECIFIED. ) ;
#1678 = CARTESIAN_POINT ( 'NONE',  ( 0.000000000000000000, 0.000000000000000000, 0.4903489949670249426 ) ) ;
#1679 = CARTESIAN_POINT ( 'NONE',  ( 0.000000000000000000, 0.000000000000000000, 0.000000000000000000 ) ) ;
#1680 = CARTESIAN_POINT ( 'NONE',  ( 0.2970934179296983446, -0.7321357388192106797, 0.4999999999999999445 ) ) ;
#1681 = EDGE_CURVE ( 'NONE', #5226, #6076, #1888, .T. ) ;
#1682 = CARTESIAN_POINT ( 'NONE',  ( 0.5010756907753658451, 0.08339469686208854371, 0.000000000000000000 ) ) ;
#1683 = CARTESIAN_POINT ( 'NONE',  ( 0.2985545335056296046, 0.3522695343202126850, 0.5000000000000048850 ) ) ;
#1684 = CARTESIAN_POINT ( 'NONE',  ( 0.3137827837963011457, -0.3017502182270964117, -0.000000000000000000 ) ) ;
#1685 = CARTESIAN_POINT ( 'NONE',  ( -0.7845074117376098499, 0.2129646271170188010, 0.01038462188171614467 ) ) ;
#1686 = CARTESIAN_POINT ( 'NONE',  ( -0.7939945179476736170, -0.2103911204519422207, 0.2547538490329978034 ) ) ;
#1687 = CARTESIAN_POINT ( 'NONE',  ( 0.06985467807338957558, -0.4258955332191845522, 0.1696798208681130349 ) ) ;
#1688 = CARTESIAN_POINT ( 'NONE',  ( 0.7588396124331603376, 0.08958488728536838364, 0.5000000000000000000 ) ) ;
#1689 = CARTESIAN_POINT ( 'NONE',  ( -0.8041321654960946752, 0.1225326033267866016, 0.5000000000000000000 ) ) ;
#1690 = CARTESIAN_POINT ( 'NONE',  ( 0.4389253117492706857, -0.5985176832885912290, 0.4904669564920935976 ) ) ;
#1691 = CARTESIAN_POINT ( 'NONE',  ( 0.2876340742973785836, -0.3313335611026731464, 0.5000000000000000000 ) ) ;
#1692 = CARTESIAN_POINT ( 'NONE',  ( -0.2003046611694415391, 0.7877954620204977720, 0.01034899496702500893 ) ) ;
#1693 = CARTESIAN_POINT ( 'NONE',  ( 0.4834878561152634036, 0.6326176339718138086, 0.5000000000000000000 ) ) ;
#1694 = CARTESIAN_POINT ( 'NONE',  ( -0.2970934179296991218, 0.7321357388192238913, 0.5000000000000000000 ) ) ;
#1695 = FACE_OUTER_BOUND ( 'NONE', #3191, .T. ) ;
#1696 = ORIENTED_EDGE ( 'NONE', *, *, #4982, .T. ) ;
#1697 = FACE_OUTER_BOUND ( 'NONE', #5259, .T. ) ;
#1698 = VERTEX_POINT ( 'NONE', #4560 ) ;
#1699 = CARTESIAN_POINT ( 'NONE',  ( 0.05770563474368983758, -0.03331636375302846065, 0.4899999999999999911 ) ) ;
#1700 = DIRECTION ( 'NONE',  ( 0.000000000000000000, 0.000000000000000000, 1.000000000000000000 ) ) ;
#1701 = CARTESIAN_POINT ( 'NONE',  ( -0.2985430183481739275, 0.3215640231115353131, 0.4904263279545302834 ) ) ;
#1702 = CARTESIAN_POINT ( 'NONE',  ( -0.5307665441358575542, -0.6227466820985126938, 0.5000000000000072164 ) ) ;
#1703 = CARTESIAN_POINT ( 'NONE',  ( -0.5705332722320087813, 0.6148993325221262518, 0.5000000000000001110 ) ) ;
#1704 = CARTESIAN_POINT ( 'NONE',  ( 0.7499523174875231124, -0.1033398867624236855, 0.000000000000000000 ) ) ;
#1705 = FACE_OUTER_BOUND ( 'NONE', #934, .T. ) ;
#1706 = EDGE_CURVE ( 'NONE', #4952, #6508, #4306, .T. ) ;
#1707 = ORIENTED_EDGE ( 'NONE', *, *, #7934, .F. ) ;
#1708 = VERTEX_POINT ( 'NONE', #8012 ) ;
#1709 = ORIENTED_EDGE ( 'NONE', *, *, #7389, .T. ) ;
#1710 = CARTESIAN_POINT ( 'NONE',  ( 0.07762538452923291310, -0.4303089107901688082, 0.01037315228809505309 ) ) ;
#1711 = CARTESIAN_POINT ( 'NONE',  ( -0.5449629934867724623, -0.6175984118946031831, 0.4904903260095139772 ) ) ;
#1712 = CARTESIAN_POINT ( 'NONE',  ( -0.4617498785474916101, -0.5852076144988286321, 0.01053712401242833455 ) ) ;
#1713 = CARTESIAN_POINT ( 'NONE',  ( -0.7607687155695642689, -0.1272016954759821183, 2.286111451441229371E-16 ) ) ;
#1714 = CARTESIAN_POINT ( 'NONE',  ( 0.8112086243219432946, -0.1377328602518178013, 0.5000000000000000000 ) ) ;
#1715 = CARTESIAN_POINT ( 'NONE',  ( 0.4209803452624935050, 0.5704212167929409993, 0.4118160943908694138 ) ) ;
#1716 = CARTESIAN_POINT ( 'NONE',  ( -0.5505736398498348727, -0.5889429232261701452, 2.347681869555226357E-17 ) ) ;
#1717 = CARTESIAN_POINT ( 'NONE',  ( -0.5832805319173720582, 0.6039378985925277776, 0.5000000000000000000 ) ) ;
#1718 = ADVANCED_FACE ( 'NONE', ( #7381 ), #4655, .T. ) ;
#1719 = VERTEX_POINT ( 'NONE', #7338 ) ;
#1720 = CARTESIAN_POINT ( 'NONE',  ( 0.3131367133805443848, -0.3721655436640634584, 0.000000000000000000 ) ) ;
#1721 = CARTESIAN_POINT ( 'NONE',  ( 0.3008212215507412579, 0.2831928804353560092, 0.4999999999999999445 ) ) ;
#1722 = CARTESIAN_POINT ( 'NONE',  ( 0.5507960834644568537, 0.5894187526678827949, 0.01049746206309111647 ) ) ;
#1723 = DIRECTION ( 'NONE',  ( -0.8660254037845248609, 0.4999999999998505640, 0.000000000000000000 ) ) ;
#1724 = CARTESIAN_POINT ( 'NONE',  ( -0.4183158703686739588, 0.1207561858113221365, 0.000000000000000000 ) ) ;
#1725 = FACE_OUTER_BOUND ( 'NONE', #4749, .T. ) ;
#1726 = CARTESIAN_POINT ( 'NONE',  ( -0.7857155906284212232, 0.2054037258606081773, 0.01041646868185577314 ) ) ;
#1727 = CARTESIAN_POINT ( 'NONE',  ( 0.1439767233791655332, -0.08312500000000148936, 0.5000000000000000000 ) ) ;
#1728 = EDGE_CURVE ( 'NONE', #7960, #8717, #3489, .T. ) ;
#1729 = DIRECTION ( 'NONE',  ( 0.2711763743891098533, 0.9625296743338240812, 0.000000000000000000 ) ) ;
#1730 = CARTESIAN_POINT ( 'NONE',  ( 0.7649655484657069682, 0.09406341698153813935, 0.4905420191444052613 ) ) ;
#1731 = B_SPLINE_CURVE_WITH_KNOTS ( 'NONE', 3,
 ( #721, #3451, #36, #2745, #2085, #4773, #3817 ),
 .UNSPECIFIED., .F., .F.,
 ( 4, 3, 4 ),
 ( 0.0002633878902120763811, 0.006483476376054285971, 0.01247908642204295822 ),
 .UNSPECIFIED. ) ;
#1732 = CARTESIAN_POINT ( 'NONE',  ( 0.2737648943478975805, 0.7413529684105650830, -0.000000000000000000 ) ) ;
#1733 = CARTESIAN_POINT ( 'NONE',  ( 0.5652697721138550957, -0.6074420287422874765, 0.4904175297014692902 ) ) ;
#1734 = CARTESIAN_POINT ( 'NONE',  ( -0.3341633048298457975, 0.2826032439770483906, 3.917137754962281400E-15 ) ) ;
#1735 = CARTESIAN_POINT ( 'NONE',  ( 0.4114711404837144149, -0.1479289004142332609, 0.01037315228809505135 ) ) ;
#1736 = CARTESIAN_POINT ( 'NONE',  ( 0.3324124951561670538, -0.2682434064827350362, 0.000000000000000000 ) ) ;
#1737 = CIRCLE ( 'NONE', #880, 0.8128553031379056604 ) ;
#1738 = CARTESIAN_POINT ( 'NONE',  ( 0.4424655075257711845, 0.5724147147704816696, 0.01047778377301292196 ) ) ;
#1739 = EDGE_LOOP ( 'NONE', ( #1561, #115, #7083, #7922 ) ) ;
#1740 = CARTESIAN_POINT ( 'NONE',  ( -0.2687382091475497559, -0.6548846405359219913, 3.682355723930802507E-15 ) ) ;
#1741 = ORIENTED_EDGE ( 'NONE', *, *, #4120, .T. ) ;
#1742 = CARTESIAN_POINT ( 'NONE',  ( -0.8049689155484073266, 0.2007485279317385574, 0.4903489949670249426 ) ) ;
#1743 = CARTESIAN_POINT ( 'NONE',  ( -0.3401899532607939314, -0.2745194998491344296, 0.01034899496702501066 ) ) ;
#1744 = CARTESIAN_POINT ( 'NONE',  ( 0.07417598251892590366, 0.4137806659619404637, 0.4903489949670249426 ) ) ;
#1745 = CARTESIAN_POINT ( 'NONE',  ( -0.5330144408610805185, -0.6319903140079153880, 0.5000000000000000000 ) ) ;
#1746 = AXIS2_PLACEMENT_3D ( 'NONE', #4544, #3890, #6837 ) ;
#1747 = DIRECTION ( 'NONE',  ( -0.8660254037844327124, 0.5000000000000103251, 0.000000000000000000 ) ) ;
#1748 = CARTESIAN_POINT ( 'NONE',  ( 0.3287204689301510552, 0.2912010778788473031, 0.01039185735669843728 ) ) ;
#1749 = B_SPLINE_CURVE_WITH_KNOTS ( 'NONE', 3,
 ( #491, #7322, #5871, #4017, #2661, #5344, #7899, #8564, #8034, #2002, #6574, #3278, #8606, #1195 ),
 .UNSPECIFIED., .F., .F.,
 ( 4, 2, 2, 2, 2, 2, 4 ),
 ( 4.336808689942017736E-19, 0.0008346611135208307532, 0.001251991670281247431, 0.001669322227041664108, 0.002086652783802081003, 0.002503983340562497464, 0.003338644454083330819 ),
 .UNSPECIFIED. ) ;
#1750 = B_SPLINE_CURVE_WITH_KNOTS ( 'NONE', 3,
 ( #8650, #2613, #5293, #7741, #1711, #8280, #3643, #2285, #1574, #5096, #5581, #3599, #2419, #2243, #8363, #1042 ),
 .UNSPECIFIED., .F., .F.,
 ( 4, 2, 2, 2, 2, 2, 2, 4 ),
 ( 2.602085213965210642E-17, 0.0005730326345398810460, 0.001146065269079736071, 0.002292130538159449157, 0.002865163172699305809, 0.003438195807239162460, 0.004011228441779022581, 0.004584261076318881835 ),
 .UNSPECIFIED. ) ;
#1751 = CARTESIAN_POINT ( 'NONE',  ( 0.8178068618572059689, 0.09370161807073947025, 0.001385477180347218038 ) ) ;
#1752 = ORIENTED_EDGE ( 'NONE', *, *, #2997, .F. ) ;
#1753 = ORIENTED_EDGE ( 'NONE', *, *, #2351, .F. ) ;
#1754 = CIRCLE ( 'NONE', #2457, 0.01000000000000000021 ) ;
#1755 = VERTEX_POINT ( 'NONE', #4035 ) ;
#1756 = LINE ( 'NONE', #3032, #2089 ) ;
#1757 = CARTESIAN_POINT ( 'NONE',  ( -0.5707440684721486468, -0.5777466806497759677, 0.01041646126645639873 ) ) ;
#1758 = EDGE_CURVE ( 'NONE', #7925, #2104, #3610, .T. ) ;
#1759 = CARTESIAN_POINT ( 'NONE',  ( -0.6947376878103787012, -0.08339469704537399997, 0.000000000000000000 ) ) ;
#1760 = CARTESIAN_POINT ( 'NONE',  ( 0.5580646327251755912, -0.5868806747033613602, 0.01047775075923039131 ) ) ;
#1761 = CARTESIAN_POINT ( 'NONE',  ( 0.4324278558540481932, -0.5604379235994222386, 0.01041648123579024497 ) ) ;
#1762 = CIRCLE ( 'NONE', #2181, 0.01000000000000002970 ) ;
#1763 = LINE ( 'NONE', #3269, #5026 ) ;
#1764 = CARTESIAN_POINT ( 'NONE',  ( 0.3315365649193628972, -0.3872594532904965470, 0.007463728475605220340 ) ) ;
#1765 = ORIENTED_EDGE ( 'NONE', *, *, #5311, .F. ) ;
#1766 = CARTESIAN_POINT ( 'NONE',  ( 8.682308037062609786E-16, 0.07662663577624626021, 0.4903489949670248871 ) ) ;
#1767 = CARTESIAN_POINT ( 'NONE',  ( 0.1494019245059759193, -0.4427365517439715292, 0.000000000000000000 ) ) ;
#1768 = CARTESIAN_POINT ( 'NONE',  ( -0.5772453043496145186, -0.6097666944905308917, 0.4999999999999997224 ) ) ;
#1769 = CARTESIAN_POINT ( 'NONE',  ( -0.3017972039319197775, -0.3067658661211981608, 0.4904181060706522821 ) ) ;
#1770 = CARTESIAN_POINT ( 'NONE',  ( -0.5792013140159038009, -0.5824238627822804215, 0.2547538490329981919 ) ) ;
#1771 = CARTESIAN_POINT ( 'NONE',  ( -0.1430707721576594815, -0.4510336322913849894, 8.051302339012955215E-15 ) ) ;
#1772 = CARTESIAN_POINT ( 'NONE',  ( -0.7824032136805706417, 0.2204288059410783596, 0.01034899496702500893 ) ) ;
#1773 = CARTESIAN_POINT ( 'NONE',  ( -0.8013422056068871813, -0.2039574741287270565, 0.4118156074920727994 ) ) ;
#1774 = CARTESIAN_POINT ( 'NONE',  ( 0.4496568439595239330, 0.08474021738927337011, 0.4904181026315468928 ) ) ;
#1775 = CONICAL_SURFACE ( 'NONE', #2901, 0.8125000000000000000, 0.03490658503988666728 ) ;
#1776 = CARTESIAN_POINT ( 'NONE',  ( -0.4078358373339457388, 0.1573533917115213787, 0.01034899496702451106 ) ) ;
#1777 = EDGE_CURVE ( 'NONE', #2082, #6207, #6578, .T. ) ;
#1778 = EDGE_CURVE ( 'NONE', #3300, #1215, #4229, .T. ) ;
#1779 = CARTESIAN_POINT ( 'NONE',  ( 0.5832805319173719472, -0.6039378985925281107, 0.5000000000000000000 ) ) ;
#1780 = CARTESIAN_POINT ( 'NONE',  ( 0.2886378205896892868, -0.3201621545834851812, 0.5000000000000001110 ) ) ;
#1781 = CARTESIAN_POINT ( 'NONE',  ( 0.4045999383031284036, -0.1534705714850601310, 0.1366764093872297470 ) ) ;
#1782 = CARTESIAN_POINT ( 'NONE',  ( 0.4201680628176447940, 0.5944869774396339679, 0.5000000000000000000 ) ) ;
#1783 = AXIS2_PLACEMENT_3D ( 'NONE', #692, #7131, #1309 ) ;
#1784 = CARTESIAN_POINT ( 'NONE',  ( 0.1813589506745482693, -0.4473883724779414428, 0.5000000000000000000 ) ) ;
#1785 = ORIENTED_EDGE ( 'NONE', *, *, #2245, .T. ) ;
#1786 = CARTESIAN_POINT ( 'NONE',  ( -0.2735768533678789582, -0.6693771989207732975, 0.01047288138762532926 ) ) ;
#1787 = ORIENTED_EDGE ( 'NONE', *, *, #3889, .T. ) ;
#1788 = FACE_OUTER_BOUND ( 'NONE', #813, .T. ) ;
#1789 = CARTESIAN_POINT ( 'NONE',  ( -0.3121034827522915500, -0.3071228010666325337, 0.000000000000000000 ) ) ;
#1790 = CARTESIAN_POINT ( 'NONE',  ( 0.1147445928996217029, 0.4143370415332331969, 0.4904196468800218200 ) ) ;
#1791 = ADVANCED_FACE ( 'NONE', ( #3540 ), #2214, .F. ) ;
#1792 = CARTESIAN_POINT ( 'NONE',  ( -0.4571363235612944664, -0.6124658458922892512, 0.5000000000000000000 ) ) ;
#1793 = VECTOR ( 'NONE', #3747, 39.37007874015748854 ) ;
#1794 = CYLINDRICAL_SURFACE ( 'NONE', #1507, 0.01000000000000002970 ) ;
#1795 = CARTESIAN_POINT ( 'NONE',  ( 0.7956628387326353247, -0.2066139215221606262, 0.000000000000000000 ) ) ;
#1796 = CARTESIAN_POINT ( 'NONE',  ( 0.07411651482678086045, -0.4134489335005787081, 0.5000000000000000000 ) ) ;
#1797 =( BOUNDED_CURVE ( )  B_SPLINE_CURVE ( 3, ( #63, #6860, #8186, #6202 ),
 .UNSPECIFIED., .F., .T. ) 
 B_SPLINE_CURVE_WITH_KNOTS ( ( 4, 4 ),
 ( 3.141592653589790451, 4.712388980384688786 ),
 .UNSPECIFIED. ) 
 CURVE ( )  GEOMETRIC_REPRESENTATION_ITEM ( )  RATIONAL_B_SPLINE_CURVE ( ( 1.000000000000000000, 0.8047378541243646044, 0.8047378541243646044, 1.000000000000000000 ) ) 
 REPRESENTATION_ITEM ( '' )  );
#1798 = DIRECTION ( 'NONE',  ( -0.9691633370640090339, -0.2464192080397836493, -0.000000000000000000 ) ) ;
#1799 = VERTEX_POINT ( 'NONE', #4945 ) ;
#1800 = ORIENTED_EDGE ( 'NONE', *, *, #8688, .F. ) ;
#1801 = CIRCLE ( 'NONE', #6727, 0.8296233642237538231 ) ;
#1802 = CIRCLE ( 'NONE', #4608, 0.009999999999999975922 ) ;
#1803 = ORIENTED_EDGE ( 'NONE', *, *, #3189, .F. ) ;
#1804 = ORIENTED_EDGE ( 'NONE', *, *, #7273, .F. ) ;
#1805 = DIRECTION ( 'NONE',  ( -0.000000000000000000, -0.000000000000000000, -1.000000000000000000 ) ) ;
#1806 = CARTESIAN_POINT ( 'NONE',  ( 0.3985118519898102618, 0.1537559620992458020, 0.01000000000000064379 ) ) ;
#1807 = CARTESIAN_POINT ( 'NONE',  ( -0.4131856567281494419, 0.1117609974506305476, 0.4904132057727219052 ) ) ;
#1808 = CARTESIAN_POINT ( 'NONE',  ( -0.4118232408909247022, -0.1480922890066734554, 5.726032529403866509E-15 ) ) ;
#1809 = CARTESIAN_POINT ( 'NONE',  ( -0.7164860856633853414, -0.09776409455639006874, 0.01047288138762551661 ) ) ;
#1810 = CARTESIAN_POINT ( 'NONE',  ( 0.5892552948225808773, -0.5743422737581902471, 0.000000000000000000 ) ) ;
#1811 = CARTESIAN_POINT ( 'NONE',  ( 0.5286674396633337381, -0.5962196357748970055, 0.01055217792421046970 ) ) ;
#1812 = AXIS2_PLACEMENT_3D ( 'NONE', #1200, #1155, #3938 ) ;
#1813 = CARTESIAN_POINT ( 'NONE',  ( -0.5707426399414751161, -0.5777477987034010942, 0.01041646868185494394 ) ) ;
#1814 = CARTESIAN_POINT ( 'NONE',  ( 0.3275103299444219740, -0.2722987793082196628, 0.3318948811265316490 ) ) ;
#1815 = ORIENTED_EDGE ( 'NONE', *, *, #1355, .F. ) ;
#1816 = CARTESIAN_POINT ( 'NONE',  ( 0.06609935683363105108, -0.4219993685819812268, 0.009999999999999998473 ) ) ;
#1817 = CARTESIAN_POINT ( 'NONE',  ( 0.2286311328129879139, -0.7974977940876006866, 0.4903489949670249426 ) ) ;
#1818 = VECTOR ( 'NONE', #2269, 39.37007874015748143 ) ;
#1819 = DIRECTION ( 'NONE',  ( 0.000000000000000000, 0.000000000000000000, 1.000000000000000000 ) ) ;
#1820 = CARTESIAN_POINT ( 'NONE',  ( 0.2003046611694586088, 0.7877954620204887792, 0.01034899496702500372 ) ) ;
#1821 = FACE_OUTER_BOUND ( 'NONE', #8586, .T. ) ;
#1822 = DIRECTION ( 'NONE',  ( -0.9691633370639956002, 0.2464192080398365792, 0.000000000000000000 ) ) ;
#1823 = CARTESIAN_POINT ( 'NONE',  ( -0.1073292341806826589, -0.4339612742018661984, 4.310858466785553016E-15 ) ) ;
#1824 = CARTESIAN_POINT ( 'NONE',  ( -0.7864021856489428197, 0.1901022936942275421, 0.01047284203978484859 ) ) ;
#1825 = TOROIDAL_SURFACE ( 'NONE', #4325, 0.4271446968620944973, 0.01000000000000000021 ) ;
#1826 = ORIENTED_EDGE ( 'NONE', *, *, #24, .T. ) ;
#1827 = EDGE_CURVE ( 'NONE', #2182, #7200, #2919, .T. ) ;
#1828 = CARTESIAN_POINT ( 'NONE',  ( 0.1725712293065712055, -0.4745514372450150842, 0.1696798210789353945 ) ) ;
#1829 = CARTESIAN_POINT ( 'NONE',  ( -0.07241254492021971523, -0.4039435683031560309, 0.5000000000000000000 ) ) ;
#1830 = CARTESIAN_POINT ( 'NONE',  ( -1.125479083623132299E-15, -0.09375000000000043021, 0.000000000000000000 ) ) ;
#1831 = CARTESIAN_POINT ( 'NONE',  ( 0.5711063052180861410, -0.6156957124614633736, 0.5000000000000000000 ) ) ;
#1832 = CARTESIAN_POINT ( 'NONE',  ( 0.2985174233375227359, 0.3217460219424638224, 0.4904263678629613987 ) ) ;
#1833 = CARTESIAN_POINT ( 'NONE',  ( -0.09444024499487541080, -0.4117215170231520172, 0.4903933141719573618 ) ) ;
#1834 = CARTESIAN_POINT ( 'NONE',  ( 0.4598255610696687645, 0.6245694383256418236, 0.5000000000000000000 ) ) ;
#1835 = EDGE_CURVE ( 'NONE', #1218, #3554, #8379, .T. ) ;
#1836 = VERTEX_POINT ( 'NONE', #6923 ) ;
#1837 = ORIENTED_EDGE ( 'NONE', *, *, #1835, .F. ) ;
#1838 = CARTESIAN_POINT ( 'NONE',  ( 0.000000000000000000, 0.000000000000000000, 0.4899999999999999911 ) ) ;
#1839 = LINE ( 'NONE', #3806, #2039 ) ;
#1840 = CARTESIAN_POINT ( 'NONE',  ( -0.1254670312927347597, -0.4290100373027019298, 0.000000000000000000 ) ) ;
#1841 = DIRECTION ( 'NONE',  ( -1.181805475883047461E-14, -0.9993908270190957621, 0.03489949670250104552 ) ) ;
#1842 = CARTESIAN_POINT ( 'NONE',  ( 0.7629024924119467421, -0.1140802131090780797, 0.000000000000000000 ) ) ;
#1843 = FACE_OUTER_BOUND ( 'NONE', #5621, .T. ) ;
#1844 = ORIENTED_EDGE ( 'NONE', *, *, #4449, .F. ) ;
#1845 = CARTESIAN_POINT ( 'NONE',  ( 0.1388165089711606015, -0.4233398525998288697, 0.4999999999999999445 ) ) ;
#1846 = EDGE_CURVE ( 'NONE', #1719, #864, #7838, .T. ) ;
#1847 = ORIENTED_EDGE ( 'NONE', *, *, #6848, .T. ) ;
#1848 = VERTEX_POINT ( 'NONE', #4154 ) ;
#1849 = VERTEX_POINT ( 'NONE', #6807 ) ;
#1850 = CARTESIAN_POINT ( 'NONE',  ( 0.4215874694693242941, 0.08988660780310765708, 0.5000000000000000000 ) ) ;
#1851 = CARTESIAN_POINT ( 'NONE',  ( -0.4344296178032818201, 0.1057235071747540667, 0.000000000000000000 ) ) ;
#1852 = CARTESIAN_POINT ( 'NONE',  ( 0.7920226469531952418, -0.2231389177517649203, 0.000000000000000000 ) ) ;
#1853 = B_SPLINE_CURVE_WITH_KNOTS ( 'NONE', 3,
 ( #1776, #8661, #8000, #444, #2436, #1251, #632 ),
 .UNSPECIFIED., .F., .F.,
 ( 4, 3, 4 ),
 ( 0.0002630746159416517634, 0.005080000040960758537, 0.01246485972435598666 ),
 .UNSPECIFIED. ) ;
#1854 = CARTESIAN_POINT ( 'NONE',  ( -0.4791348159390018124, 0.07626530270049204641, 0.5000000000000000000 ) ) ;
#1855 = CARTESIAN_POINT ( 'NONE',  ( 0.8023183498310476613, -0.1410790266075595267, 0.5000000000000072164 ) ) ;
#1856 = CARTESIAN_POINT ( 'NONE',  ( -0.7894895971862919692, -0.1022751311477919089, 0.5000000000000000000 ) ) ;
#1857 =( BOUNDED_CURVE ( )  B_SPLINE_CURVE ( 3, ( #380, #7222, #3224, #430 ),
 .UNSPECIFIED., .F., .F. ) 
 B_SPLINE_CURVE_WITH_KNOTS ( ( 4, 4 ),
 ( 3.141592653589793116, 4.712388980384689674 ),
 .UNSPECIFIED. ) 
 CURVE ( )  GEOMETRIC_REPRESENTATION_ITEM ( )  RATIONAL_B_SPLINE_CURVE ( ( 1.000000000000000000, 0.8047378541243649375, 0.8047378541243649375, 1.000000000000000000 ) ) 
 REPRESENTATION_ITEM ( '' )  );
#1858 = CARTESIAN_POINT ( 'NONE',  ( -0.09021097956087617553, 0.1562499999999989453, 0.01000000000000002970 ) ) ;
#1859 = DIRECTION ( 'NONE',  ( 0.000000000000000000, 0.000000000000000000, 1.000000000000000000 ) ) ;
#1860 = VERTEX_POINT ( 'NONE', #2265 ) ;
#1861 = CARTESIAN_POINT ( 'NONE',  ( 0.5487668238484819661, 0.6268643136533823546, 0.5000000000000002220 ) ) ;
#1862 = CARTESIAN_POINT ( 'NONE',  ( 0.1470632954554376981, -0.4541976289863926541, 3.592777545087466161E-15 ) ) ;
#1863 = CARTESIAN_POINT ( 'NONE',  ( -0.2708968104585686154, -0.6446046035781399786, 0.1732842076590095648 ) ) ;
#1864 = DIRECTION ( 'NONE',  ( 0.4999999999999904521, -0.8660254037844440367, 0.000000000000000000 ) ) ;
#1865 = CARTESIAN_POINT ( 'NONE',  ( -0.3212565770584267510, -0.2711286181930230299, 0.4903489949670249426 ) ) ;
#1866 = CARTESIAN_POINT ( 'NONE',  ( -0.2472518066182522456, -0.8015459737182456523, 0.5000000000000001110 ) ) ;
#1867 = CARTESIAN_POINT ( 'NONE',  ( -0.1402482382811239270, -0.4365256837630799303, 0.000000000000000000 ) ) ;
#1868 = CARTESIAN_POINT ( 'NONE',  ( 0.3995728254229259924, -0.1474828762578601071, 0.3318948753079535297 ) ) ;
#1869 = CARTESIAN_POINT ( 'NONE',  ( 0.3212565770584205338, -0.2711286181930304129, 0.4903489949670249426 ) ) ;
#1870 = ORIENTED_EDGE ( 'NONE', *, *, #7751, .F. ) ;
#1871 = B_SPLINE_CURVE_WITH_KNOTS ( 'NONE', 3,
 ( #5893, #5047, #8401, #2366, #8448, #7115, #2410 ),
 .UNSPECIFIED., .F., .F.,
 ( 4, 3, 4 ),
 ( 0.0002633878902122728386, 0.006483476376054481127, 0.01247908642204315077 ),
 .UNSPECIFIED. ) ;
#1872 = CARTESIAN_POINT ( 'NONE',  ( -0.7373989533584062173, 0.1077769785697090671, 0.000000000000000000 ) ) ;
#1873 = B_SPLINE_CURVE_WITH_KNOTS ( 'NONE', 3,
 ( #3525, #3560, #1675, #5719, #2864, #4213, #6341, #8418, #5060, #4970, #292, #1578, #2382, #6950, #4886, #247, #8368, #2994 ),
 .UNSPECIFIED., .F., .F.,
 ( 4, 2, 2, 2, 2, 2, 2, 2, 4 ),
 ( 0.000000000000000000, 0.0006407458912126987646, 0.001281491782425397529, 0.001922237673638096294, 0.002562983564850795058, 0.003203729456063494040, 0.003844475347276192587, 0.004485221238488891135, 0.005125967129701590116 ),
 .UNSPECIFIED. ) ;
#1874 = DIRECTION ( 'NONE',  ( -1.182525838673188366E-14, -1.000000000000000000, 0.000000000000000000 ) ) ;
#1875 = CARTESIAN_POINT ( 'NONE',  ( 0.1098748687194683327, -0.4133190875181980140, 0.5000000000000000000 ) ) ;
#1876 = CARTESIAN_POINT ( 'NONE',  ( -0.7079997865524673140, 0.07628961525413405220, 0.5000000000000000000 ) ) ;
#1877 = DIRECTION ( 'NONE',  ( 1.000000000000000000, 0.000000000000000000, 0.000000000000000000 ) ) ;
#1878 = CARTESIAN_POINT ( 'NONE',  ( -0.3317277269924692185, 0.3870692774303051142, 0.000000000000000000 ) ) ;
#1879 = EDGE_CURVE ( 'NONE', #7467, #8230, #1374, .T. ) ;
#1880 = CARTESIAN_POINT ( 'NONE',  ( -0.09021097956087610614, -0.1562500000000009992, 0.4899999999999999911 ) ) ;
#1881 = ORIENTED_EDGE ( 'NONE', *, *, #662, .F. ) ;
#1882 = LINE ( 'NONE', #8529, #7708 ) ;
#1883 = VERTEX_POINT ( 'NONE', #50 ) ;
#1884 = CARTESIAN_POINT ( 'NONE',  ( -0.7687180061089626815, -0.1201499599123000972, 0.000000000000000000 ) ) ;
#1885 = CARTESIAN_POINT ( 'NONE',  ( 0.1245914269279689013, 0.4171678553482092711, 0.5000000000000000000 ) ) ;
#1886 = DIRECTION ( 'NONE',  ( 0.9406625533485158952, -0.3393434259387535512, 0.000000000000000000 ) ) ;
#1887 = EDGE_CURVE ( 'NONE', #5083, #4248, #6849, .T. ) ;
#1888 = LINE ( 'NONE', #7253, #89 ) ;
#1889 = CARTESIAN_POINT ( 'NONE',  ( 0.5563117414431025809, -0.6234282739966499065, 0.4999999999999998335 ) ) ;
#1890 =( BOUNDED_SURFACE ( )  B_SPLINE_SURFACE ( 3, 2, ( 
 ( #130, #3658, #7583 ),
 ( #805, #6919, #8337 ),
 ( #5512, #2216, #7540 ),
 ( #4315, #7008, #4186 ),
 ( #7845, #6962, #8381 ),
 ( #973, #6220, #3504 ),
 ( #2171, #1509, #1550 ),
 ( #215, #6353, #6881 ),
 ( #4901, #303, #3535 ),
 ( #3005, #5688, #5600 ),
 ( #4225, #6264, #882 ),
 ( #2965, #5643, #2259 ),
 ( #2347, #2303, #4941 ),
 ( #5154, #7623, #1591 ),
 ( #4269, #4985, #7667 ),
 ( #5865, #3927, #6525 ) ),
 .UNSPECIFIED., .F., .F., .F. ) 
 B_SPLINE_SURFACE_WITH_KNOTS ( ( 4, 2, 2, 2, 2, 2, 2, 4 ),
 ( 3, 3 ),
 ( -1.984089975648473114E-17, 0.0006407458898095678979, 0.001281491779619155745, 0.001922237669428743592, 0.002562983559238331439, 0.003203729449047919287, 0.003844475338857507134, 0.005125967118476682828 ),
 ( 0.000000000000000000, 1.000000000000000000 ),
 .UNSPECIFIED. ) 
 GEOMETRIC_REPRESENTATION_ITEM ( )  RATIONAL_B_SPLINE_SURFACE ( (
 ( 1.000000000000000000, 0.6946583704589971431, 1.000000000000000000),
 ( 1.000000000000000000, 0.6933767352690168861, 1.000000000000000000),
 ( 1.000000000000000000, 0.6922265565842889989, 1.000000000000000000),
 ( 1.000000000000000000, 0.6901872757727699481, 1.000000000000000000),
 ( 1.000000000000000000, 0.6892945585907135353, 1.000000000000000000),
 ( 1.000000000000000000, 0.6878675034585199910, 1.000000000000000000),
 ( 1.000000000000000000, 0.6873171547183347663, 1.000000000000000000),
 ( 1.000000000000000000, 0.6865733876657402757, 1.000000000000000000),
 ( 1.000000000000000000, 0.6863887938871832128, 1.000000000000000000),
 ( 1.000000000000000000, 0.6863856629341414939, 1.000000000000000000),
 ( 1.000000000000000000, 0.6865740075848152379, 1.000000000000000000),
 ( 1.000000000000000000, 0.6873061741183106310, 1.000000000000000000),
 ( 1.000000000000000000, 0.6878546578927169364, 1.000000000000000000),
 ( 1.000000000000000000, 0.6900093297037798168, 1.000000000000000000),
 ( 1.000000000000000000, 0.6920776673055226702, 1.000000000000000000),
 ( 1.000000000000000000, 0.6946583704589963659, 1.000000000000000000) ) ) 
 REPRESENTATION_ITEM ( '' )  SURFACE ( )  );
#1891 = VERTEX_POINT ( 'NONE', #96 ) ;
#1892 = ORIENTED_EDGE ( 'NONE', *, *, #150, .F. ) ;
#1893 = EDGE_LOOP ( 'NONE', ( #7725, #8359, #6103, #2986 ) ) ;
#1894 = EDGE_LOOP ( 'NONE', ( #2897, #3109, #6542, #4519 ) ) ;
#1895 = CARTESIAN_POINT ( 'NONE',  ( -0.1783601429567545638, -0.4621821011988286321, 0.4903489949670244985 ) ) ;
#1896 = CARTESIAN_POINT ( 'NONE',  ( 0.3401899532607939869, 0.2745194998491343741, 0.01034899496702501066 ) ) ;
#1897 = CARTESIAN_POINT ( 'NONE',  ( 0.7499523174778655044, -0.1033398867747751249, -0.000000000000000000 ) ) ;
#1898 = CARTESIAN_POINT ( 'NONE',  ( -0.2967689491409949420, -0.3807534430089053457, 0.4999999999999997780 ) ) ;
#1899 = EDGE_CURVE ( 'NONE', #3449, #222, #7139, .T. ) ;
#1900 = ADVANCED_FACE ( 'NONE', ( #2801 ), #7923, .F. ) ;
#1901 = CARTESIAN_POINT ( 'NONE',  ( -0.7197125501567109840, 0.08827574339142592319, 0.000000000000000000 ) ) ;
#1902 = CARTESIAN_POINT ( 'NONE',  ( -0.7407678131510639918, -0.07129575098480668560, 0.5000000000000000000 ) ) ;
#1903 = CARTESIAN_POINT ( 'NONE',  ( 0.5134570082352182263, -0.5978367496240832857, 0.01057231001183497020 ) ) ;
#1904 = CARTESIAN_POINT ( 'NONE',  ( 0.3186411731935414049, -0.3494739208460015401, 0.01041521354719345156 ) ) ;
#1905 = AXIS2_PLACEMENT_3D ( 'NONE', #1806, #6305, #4976 ) ;
#1906 = ORIENTED_EDGE ( 'NONE', *, *, #3682, .F. ) ;
#1907 = CARTESIAN_POINT ( 'NONE',  ( 0.5772453043496150737, 0.6097666944905312247, 0.5000000000000002220 ) ) ;
#1908 = CARTESIAN_POINT ( 'NONE',  ( 0.1025478433201211653, -0.4328825930299928237, 1.487414640869274080E-16 ) ) ;
#1909 = CARTESIAN_POINT ( 'NONE',  ( 0.1646355533045187336, 0.4719326745307216298, 0.01037303208737758511 ) ) ;
#1910 = CARTESIAN_POINT ( 'NONE',  ( 0.2622275360085942753, 0.6409686257750367711, 0.01034899496702867787 ) ) ;
#1911 = CARTESIAN_POINT ( 'NONE',  ( -0.2971594236917451393, -0.3369821243845492198, 0.4999999999999950595 ) ) ;
#1912 = CARTESIAN_POINT ( 'NONE',  ( 0.3143750277155218931, 0.2787224685926549261, 0.5000000000000000000 ) ) ;
#1913 = CARTESIAN_POINT ( 'NONE',  ( 0.3227597714111540839, -0.3922469289992583930, 0.000000000000000000 ) ) ;
#1914 = CARTESIAN_POINT ( 'NONE',  ( 0.1696609409191351669, 0.4806385799964424943, 0.01034899496702501066 ) ) ;
#1915 = CARTESIAN_POINT ( 'NONE',  ( -0.2988682767819845765, -0.6793768648803353294, 0.4904669482438978600 ) ) ;
#1916 = VERTEX_POINT ( 'NONE', #6492 ) ;
#1917 = CARTESIAN_POINT ( 'NONE',  ( -0.2959497354752251286, 0.7576651849832038987, 0.5000000000000000000 ) ) ;
#1918 = CIRCLE ( 'NONE', #6830, 0.009999999999999995004 ) ;
#1919 = CARTESIAN_POINT ( 'NONE',  ( 0.4688973157668261948, 0.07823117920702085670, 0.4903936898990761128 ) ) ;
#1920 = CARTESIAN_POINT ( 'NONE',  ( -0.7079997865524672029, 0.07662663577625426770, 0.4903489949670249426 ) ) ;
#1921 = CARTESIAN_POINT ( 'NONE',  ( 0.09021097956088186542, -0.1562500000000010270, 0.004142135623730968698 ) ) ;
#1922 = DIRECTION ( 'NONE',  ( 0.5000000000000114353, 0.8660254037844322683, -1.707404996040203609E-15 ) ) ;
#1923 = CARTESIAN_POINT ( 'NONE',  ( 0.7079997865524702005, 0.06663272750604717909, 0.4899999999999999911 ) ) ;
#1924 = CARTESIAN_POINT ( 'NONE',  ( -0.09021097956087606451, -0.1562500000000009992, 0.4958578643762689420 ) ) ;
#1925 = EDGE_CURVE ( 'NONE', #3493, #8484, #2499, .T. ) ;
#1926 = CARTESIAN_POINT ( 'NONE',  ( -0.2027673521306189164, -0.7974811915099390136, 0.000000000000000000 ) ) ;
#1927 = EDGE_LOOP ( 'NONE', ( #3467, #6155, #7549, #8057 ) ) ;
#1928 = CARTESIAN_POINT ( 'NONE',  ( -0.7960997847530286720, 0.1269621930222746553, 0.4905661903357159681 ) ) ;
#1929 = CARTESIAN_POINT ( 'NONE',  ( -0.4638805589457654643, -0.6159802995231838940, 0.5000000000000071054 ) ) ;
#1930 = CARTESIAN_POINT ( 'NONE',  ( 0.7857153366309158615, -0.2054055220312780428, 0.01041646126645639873 ) ) ;
#1931 = CIRCLE ( 'NONE', #655, 0.009999999999999946432 ) ;
#1932 = CARTESIAN_POINT ( 'NONE',  ( 0.5772452733501581834, -0.6097667244296853806, 0.5000000000000000000 ) ) ;
#1933 = ORIENTED_EDGE ( 'NONE', *, *, #549, .T. ) ;
#1934 = VERTEX_POINT ( 'NONE', #5649 ) ;
#1935 = EDGE_CURVE ( 'NONE', #1883, #815, #1230, .T. ) ;
#1936 = EDGE_LOOP ( 'NONE', ( #2384, #8622, #3438, #5697 ) ) ;
#1937 = VERTEX_POINT ( 'NONE', #7012 ) ;
#1938 = COLOUR_RGB ( '',0.000000000000000000, 1.000000000000000000, 0.000000000000000000 ) ;
#1939 = DIRECTION ( 'NONE',  ( 0.8660254037844330455, -0.5000000000000098810, 0.000000000000000000 ) ) ;
#1940 = CARTESIAN_POINT ( 'NONE',  ( -0.5010756907753638467, 0.08339469686209989574, 0.000000000000000000 ) ) ;
#1941 = CARTESIAN_POINT ( 'NONE',  ( -0.3989223900612290374, 0.1329756195164887300, 0.4903741794150588973 ) ) ;
#1942 = CARTESIAN_POINT ( 'NONE',  ( -0.2843668978289403126, 0.6672360988335203080, 0.000000000000000000 ) ) ;
#1943 = CARTESIAN_POINT ( 'NONE',  ( -0.4788731719166088863, -0.08510157681307504995, 0.000000000000000000 ) ) ;
#1944 = CARTESIAN_POINT ( 'NONE',  ( -0.7901831814016744282, 0.1565585968158610675, 0.000000000000000000 ) ) ;
#1945 = DIRECTION ( 'NONE',  ( 0.000000000000000000, 0.000000000000000000, 1.000000000000000000 ) ) ;
#1946 = CARTESIAN_POINT ( 'NONE',  ( -0.7977019885208439520, -0.2071804120600905241, 0.3329279436336294307 ) ) ;
#1947 = CARTESIAN_POINT ( 'NONE',  ( -0.4802476088275718924, -0.6036528324846757165, 0.000000000000000000 ) ) ;
#1948 = CONICAL_SURFACE ( 'NONE', #6854, 0.4375000000000001110, 0.03490658503988666728 ) ;
#1949 = ORIENTED_EDGE ( 'NONE', *, *, #1246, .F. ) ;
#1950 = CARTESIAN_POINT ( 'NONE',  ( 0.4260696193487151784, 0.1277340294362250550, 1.067128122525102820E-17 ) ) ;
#1951 = EDGE_CURVE ( 'NONE', #1934, #2444, #1351, .T. ) ;
#1952 = CARTESIAN_POINT ( 'NONE',  ( -0.3403036930719480768, 0.2745389866037530324, 0.007463728475605216003 ) ) ;
#1953 = VECTOR ( 'NONE', #1864, 39.37007874015748854 ) ;
#1954 = CARTESIAN_POINT ( 'NONE',  ( -0.3136191193857639781, -0.2646828876051628976, 0.5000000000000000000 ) ) ;
#1955 = DIRECTION ( 'NONE',  ( -0.4999999999999903411, 0.8660254037844441477, -0.000000000000000000 ) ) ;
#1956 = FACE_OUTER_BOUND ( 'NONE', #7676, .T. ) ;
#1957 = CARTESIAN_POINT ( 'NONE',  ( 0.07222192602347651813, 0.04169734843104634658, 0.01000000000000000021 ) ) ;
#1958 = CARTESIAN_POINT ( 'NONE',  ( -0.2909960147422296362, -0.7457977537372855181, 0.4905662946009492487 ) ) ;
#1959 = ORIENTED_EDGE ( 'NONE', *, *, #40, .T. ) ;
#1960 = CARTESIAN_POINT ( 'NONE',  ( 0.3985118519898038780, -0.1537559620992539899, 0.000000000000000000 ) ) ;
#1961 = AXIS2_PLACEMENT_3D ( 'NONE', #5653, #2313, #4995 ) ;
#1962 = EDGE_CURVE ( 'NONE', #738, #1303, #8263, .T. ) ;
#1963 = CARTESIAN_POINT ( 'NONE',  ( 0.4543590612374864834, 0.08284363491566712479, 0.4904132021346769288 ) ) ;
#1964 = CARTESIAN_POINT ( 'NONE',  ( -0.7487444492769591564, 0.07410762847612184512, 0.4999999999999999445 ) ) ;
#1965 = CARTESIAN_POINT ( 'NONE',  ( 0.5782744942703130775, -0.5872399806790177257, 0.3329279436335828568 ) ) ;
#1966 = CARTESIAN_POINT ( 'NONE',  ( -0.3183772855478512187, 0.3344297292652100850, 0.000000000000000000 ) ) ;
#1967 = B_SPLINE_CURVE_WITH_KNOTS ( 'NONE', 3,
 ( #5749, #7731, #1703, #8447, #1076, #3766, #414, #3115, #644, #2057, #8051, #6731, #8628, #3208, #1308, #1394, #3905, #1262 ),
 .UNSPECIFIED., .F., .F.,
 ( 4, 2, 2, 2, 2, 2, 2, 2, 4 ),
 ( 2.333831747142486494E-17, 0.0006380346546931609008, 0.001276069309386298600, 0.001914103964079436190, 0.002552138618772573780, 0.003190173273465711154, 0.003828207928158848961, 0.004466242582851986768, 0.005104277237545124142 ),
 .UNSPECIFIED. ) ;
#1968 = AXIS2_PLACEMENT_3D ( 'NONE', #392, #8563, #3277 ) ;
#1969 = CARTESIAN_POINT ( 'NONE',  ( 0.5767643241599571535, 0.5857572704010689524, -0.000000000000000000 ) ) ;
#1970 = CARTESIAN_POINT ( 'NONE',  ( 0.000000000000000000, 0.000000000000000000, 0.000000000000000000 ) ) ;
#1971 = CARTESIAN_POINT ( 'NONE',  ( -0.2289823900074030860, -0.7762829878594003086, 0.000000000000000000 ) ) ;
#1972 = ORIENTED_EDGE ( 'NONE', *, *, #2900, .T. ) ;
#1973 = CARTESIAN_POINT ( 'NONE',  ( -0.1783601429567545638, -0.4621821011988286321, 0.4903489949670244985 ) ) ;
#1974 = CARTESIAN_POINT ( 'NONE',  ( 0.000000000000000000, 0.000000000000000000, 0.5000000000000000000 ) ) ;
#1975 = CARTESIAN_POINT ( 'NONE',  ( -0.7774472533557489351, -0.1030866791381939568, 0.4905662028763858040 ) ) ;
#1976 = CARTESIAN_POINT ( 'NONE',  ( -0.1204463557052245920, 0.4270599002196334704, 0.000000000000000000 ) ) ;
#1977 = CARTESIAN_POINT ( 'NONE',  ( 0.4427234639942987937, -0.5845636917038420366, 0.000000000000000000 ) ) ;
#1978 = B_SPLINE_CURVE_WITH_KNOTS ( 'NONE', 3,
 ( #5345, #1334, #5208, #1915, #3188, #7363, #2530, #1958, #4018, #5872, #8565, #4637, #440, #3142, #3279, #5820 ),
 .UNSPECIFIED., .F., .F.,
 ( 4, 2, 2, 2, 2, 2, 2, 4 ),
 ( 8.673617379884035472E-19, 0.0005730326344334853595, 0.001146065268866969852, 0.002292130537733928428, 0.002865163172167408366, 0.003438195806600888305, 0.004011228441034368243, 0.004584261075467848182 ),
 .UNSPECIFIED. ) ;
#1979 = DIRECTION ( 'NONE',  ( 1.000000000000000000, 0.000000000000000000, 0.000000000000000000 ) ) ;
#1980 = VERTEX_POINT ( 'NONE', #6317 ) ;
#1981 = EDGE_LOOP ( 'NONE', ( #5887, #616, #4108, #7342 ) ) ;
#1982 = ORIENTED_EDGE ( 'NONE', *, *, #8728, .T. ) ;
#1983 = ORIENTED_EDGE ( 'NONE', *, *, #5739, .T. ) ;
#1984 = LINE ( 'NONE', #6645, #1385 ) ;
#1985 = CARTESIAN_POINT ( 'NONE',  ( 0.3341928238766862513, 0.2825664763833252713, 8.980805745101487807E-15 ) ) ;
#1986 = CARTESIAN_POINT ( 'NONE',  ( -0.2409849606930814236, 0.7797847117700307251, 0.000000000000000000 ) ) ;
#1987 = CARTESIAN_POINT ( 'NONE',  ( -0.4809653998091356630, -0.09534231969153382502, 2.134256245050205639E-18 ) ) ;
#1988 = CARTESIAN_POINT ( 'NONE',  ( -0.4509947830588845741, 0.07341874019186854505, 0.5000000000000000000 ) ) ;
#1989 = CARTESIAN_POINT ( 'NONE',  ( 0.2835090919690856914, 0.6497902818877270281, 0.4118160943908628635 ) ) ;
#1990 = CARTESIAN_POINT ( 'NONE',  ( 0.4899645066687927097, -0.08339469686210002064, 0.000000000000000000 ) ) ;
#1991 = EDGE_CURVE ( 'NONE', #1934, #7691, #3539, .T. ) ;
#1992 = CARTESIAN_POINT ( 'NONE',  ( 0.6939639838481325151, 0.09338736060633352765, 0.01038463352716471541 ) ) ;
#1993 = EDGE_LOOP ( 'NONE', ( #139, #6611, #124, #179 ) ) ;
#1994 = CARTESIAN_POINT ( 'NONE',  ( -0.1870151214018415109, -0.4571851470637464110, 0.4900000000000628853 ) ) ;
#1995 = CARTESIAN_POINT ( 'NONE',  ( -0.3315365649193630637, 0.3872594532904963249, 0.007463728475605216003 ) ) ;
#1996 = CARTESIAN_POINT ( 'NONE',  ( 0.7939945179476687320, -0.2103911204519604838, 0.2547538490329981919 ) ) ;
#1997 = LINE ( 'NONE', #3971, #3313 ) ;
#1998 = B_SPLINE_CURVE_WITH_KNOTS ( 'NONE', 3,
 ( #3320, #5867, #578, #8652, #2567, #2616, #7141, #6571, #7991, #2527, #2477, #3235, #5245, #5915, #1102, #7186 ),
 .UNSPECIFIED., .F., .F.,
 ( 4, 2, 2, 2, 2, 2, 2, 4 ),
 ( 0.000000000000000000, 0.0004286688775617931405, 0.0008573377551235862809, 0.001286006632685379476, 0.001714675510247172562, 0.002143344387808965648, 0.002572013265370758951, 0.003429351020494342088 ),
 .UNSPECIFIED. ) ;
#1999 = CARTESIAN_POINT ( 'NONE',  ( -0.3110034962254264457, -0.7103150596922290783, 0.4999999999999999445 ) ) ;
#2000 = CARTESIAN_POINT ( 'NONE',  ( -0.3515599596822038264, 0.7621990063447681152, 0.4899763984264461358 ) ) ;
#2001 = EDGE_CURVE ( 'NONE', #44, #7399, #8408, .T. ) ;
#2002 = CARTESIAN_POINT ( 'NONE',  ( -0.4580650778360878528, -0.09200576436254478963, -0.000000000000000000 ) ) ;
#2003 = CARTESIAN_POINT ( 'NONE',  ( 0.4209803452624804598, -0.5704212167929504362, 0.4118160943908628635 ) ) ;
#2004 = ORIENTED_EDGE ( 'NONE', *, *, #713, .F. ) ;
#2005 = CARTESIAN_POINT ( 'NONE',  ( -0.1170628715684979004, 0.4050094541466499609, 0.5000000000000000000 ) ) ;
#2006 = CARTESIAN_POINT ( 'NONE',  ( -0.4037814155241479241, -0.1240731072063971513, 0.4903933141719577504 ) ) ;
#2007 = CARTESIAN_POINT ( 'NONE',  ( 0.3146214596158677934, 0.2789891141731846158, 0.4903741794150588973 ) ) ;
#2008 = EDGE_CURVE ( 'NONE', #4994, #862, #3130, .T. ) ;
#2009 = CARTESIAN_POINT ( 'NONE',  ( -0.1386532622415578286, -0.4232535950526402635, 0.4999999999999999445 ) ) ;
#2010 = CARTESIAN_POINT ( 'NONE',  ( 0.2313852965306354981, 0.8071047074696074963, 0.5000000000000000000 ) ) ;
#2011 = CARTESIAN_POINT ( 'NONE',  ( 0.2313852965306188170, -0.8071047074696185986, 0.5000000000000000000 ) ) ;
#2012 = ORIENTED_EDGE ( 'NONE', *, *, #3331, .F. ) ;
#2013 = CARTESIAN_POINT ( 'NONE',  ( -0.1666984693221199854, -0.4451925768239156089, 0.4903936898990762239 ) ) ;
#2014 = FACE_BOUND ( 'NONE', #1258, .T. ) ;
#2015 = CARTESIAN_POINT ( 'NONE',  ( -0.7653615075113624489, -0.09331804063599254129, 0.4905463769172029864 ) ) ;
#2016 = CARTESIAN_POINT ( 'NONE',  ( 0.6862088809542765677, -0.09338860513229330085, 0.01034899496702500546 ) ) ;
#2017 = CYLINDRICAL_SURFACE ( 'NONE', #519, 0.01000000000000000194 ) ;
#2018 = CARTESIAN_POINT ( 'NONE',  ( 0.4208348996694691868, -0.5937494399317914118, 0.5000000000000001110 ) ) ;
#2019 = ORIENTED_EDGE ( 'NONE', *, *, #6459, .F. ) ;
#2020 = EDGE_LOOP ( 'NONE', ( #2594, #1347, #2180, #639 ) ) ;
#2021 = ORIENTED_EDGE ( 'NONE', *, *, #289, .F. ) ;
#2022 = ORIENTED_EDGE ( 'NONE', *, *, #7145, .F. ) ;
#2023 = CARTESIAN_POINT ( 'NONE',  ( -0.1784277356239188927, -0.4620365910092956718, 0.4941087076981939274 ) ) ;
#2024 = CARTESIAN_POINT ( 'NONE',  ( -0.5762723087420917878, -0.5970708761704907053, 0.4956723019460249624 ) ) ;
#2025 = CARTESIAN_POINT ( 'NONE',  ( 0.2730952771144425362, 0.6694974076572429711, 0.000000000000000000 ) ) ;
#2026 = CARTESIAN_POINT ( 'NONE',  ( -0.09598448225277238233, -0.1662500000000009803, 0.000000000000000000 ) ) ;
#2027 = DIRECTION ( 'NONE',  ( -1.000000000000000000, 0.000000000000000000, 0.000000000000000000 ) ) ;
#2028 = CARTESIAN_POINT ( 'NONE',  ( -0.1659194091129221338, 0.4574621658579928751, 0.000000000000000000 ) ) ;
#2029 = CARTESIAN_POINT ( 'NONE',  ( -0.8022501686459112547, -0.1409175560906119617, 0.5000000000000000000 ) ) ;
#2030 = CARTESIAN_POINT ( 'NONE',  ( -0.5577895930082514830, 0.5864460606954373656, 1.475809045597930364E-14 ) ) ;
#2031 = CARTESIAN_POINT ( 'NONE',  ( 0.7497955965343078288, 0.1032202440170504609, 0.000000000000000000 ) ) ;
#2032 = ORIENTED_EDGE ( 'NONE', *, *, #4296, .T. ) ;
#2033 = AXIS2_PLACEMENT_3D ( 'NONE', #6278, #1607, #7062 ) ;
#2034 = CARTESIAN_POINT ( 'NONE',  ( 0.1783601429567437668, -0.4621821011988323513, 0.4903489949670249426 ) ) ;
#2035 = EDGE_CURVE ( 'NONE', #2103, #3383, #1802, .T. ) ;
#2036 = CARTESIAN_POINT ( 'NONE',  ( 0.1350552828614218492, 0.4450758612897588451, 0.01042152797426115080 ) ) ;
#2037 = CARTESIAN_POINT ( 'NONE',  ( 0.06852132840650414225, -0.4295031469972244165, 0.07351273936240264317 ) ) ;
#2038 = CARTESIAN_POINT ( 'NONE',  ( -0.2962942585325518130, -0.6464621647814221550, 0.5000000000000000000 ) ) ;
#2039 = VECTOR ( 'NONE', #1119, 39.37007874015748854 ) ;
#2040 = CARTESIAN_POINT ( 'NONE',  ( -0.2194274941322852668, 0.7944203926980052399, 0.3329279416348624454 ) ) ;
#2041 = CARTESIAN_POINT ( 'NONE',  ( -0.4203605064649950096, 0.5748324831402796820, 0.4903489949670249426 ) ) ;
#2042 = CARTESIAN_POINT ( 'NONE',  ( -0.09468475495063366498, 0.4113537207945071050, 0.5000000000000000000 ) ) ;
#2043 = CARTESIAN_POINT ( 'NONE',  ( -0.4972426265158051972, -0.08780124419658259793, 0.1703500779047160130 ) ) ;
#2044 = AXIS2_PLACEMENT_3D ( 'NONE', #7526, #6248, #7567 ) ;
#2045 = ADVANCED_FACE ( 'NONE', ( #7763 ), #67, .T. ) ;
#2046 = CARTESIAN_POINT ( 'NONE',  ( -0.1725712293066069825, 0.4745514372450763130, 0.1696798210789373929 ) ) ;
#2047 = CARTESIAN_POINT ( 'NONE',  ( -0.4203605064649954537, 0.5748324831402802371, 0.4903489949670249426 ) ) ;
#2048 = CARTESIAN_POINT ( 'NONE',  ( -0.3137358597610560573, -0.3018940776398085224, 0.000000000000000000 ) ) ;
#2049 = DIRECTION ( 'NONE',  ( 0.000000000000000000, 0.000000000000000000, 1.000000000000000000 ) ) ;
#2050 = CARTESIAN_POINT ( 'NONE',  ( 0.7651030988080098627, -0.09416701677728846198, 0.4905422711844488193 ) ) ;
#2051 = CARTESIAN_POINT ( 'NONE',  ( 0.2998970857063859574, -0.7503851775048873129, 0.5000000000000000000 ) ) ;
#2052 = ADVANCED_FACE ( 'NONE', ( #6818 ), #2159, .T. ) ;
#2053 = EDGE_LOOP ( 'NONE', ( #6035, #5844, #441, #892 ) ) ;
#2054 = CARTESIAN_POINT ( 'NONE',  ( -0.2110339598914364179, 0.7953793260557966427, 0.000000000000000000 ) ) ;
#2055 = CARTESIAN_POINT ( 'NONE',  ( -0.2736873934196089597, -0.7705691609221340110, 0.4905280430908285361 ) ) ;
#2056 = CARTESIAN_POINT ( 'NONE',  ( -0.6899660146808119787, -0.09054371847839698395, 0.09181588974873092224 ) ) ;
#2057 = CARTESIAN_POINT ( 'NONE',  ( -0.4833176603493271051, 0.6325804815800046832, 0.4999999999999999445 ) ) ;
#2058 = CARTESIAN_POINT ( 'NONE',  ( -0.3324124951561671648, 0.2682434064827348141, 0.000000000000000000 ) ) ;
#2059 = CARTESIAN_POINT ( 'NONE',  ( 0.4752988352904434777, -0.6305120212775574551, 0.5000000000000000000 ) ) ;
#2060 = ORIENTED_EDGE ( 'NONE', *, *, #6275, .F. ) ;
#2061 = ORIENTED_EDGE ( 'NONE', *, *, #8091, .T. ) ;
#2062 = VERTEX_POINT ( 'NONE', #4091 ) ;
#2063 = ORIENTED_EDGE ( 'NONE', *, *, #5513, .F. ) ;
#2064 = CARTESIAN_POINT ( 'NONE',  ( 0.2313852965306338327, 0.8071047074696080514, 0.5000000000000000000 ) ) ;
#2065 = CARTESIAN_POINT ( 'NONE',  ( -0.07417598251891699412, 0.4137806659619445160, 0.4903489949670250536 ) ) ;
#2066 = CARTESIAN_POINT ( 'NONE',  ( 0.2803060855470840274, 0.7258043016064179564, 0.000000000000000000 ) ) ;
#2067 = CIRCLE ( 'NONE', #3194, 0.009999999999999993269 ) ;
#2068 = CARTESIAN_POINT ( 'NONE',  ( 0.4390425199129033285, 0.5986263603933656974, 0.4904674725033129068 ) ) ;
#2069 = CARTESIAN_POINT ( 'NONE',  ( -0.1583921620542965703, 0.4641101749389086040, 0.01039148133693230253 ) ) ;
#2070 = CARTESIAN_POINT ( 'NONE',  ( 0.3061719368118152040, 0.7348556127501786328, 0.5000000000000001110 ) ) ;
#2071 = CARTESIAN_POINT ( 'NONE',  ( -0.4429092322955038852, 0.5716131043643626342, 0.01047288138762510722 ) ) ;
#2072 = CARTESIAN_POINT ( 'NONE',  ( 0.7555214108460797107, 0.1217072301573541709, 2.307109840164115177E-16 ) ) ;
#2073 = VERTEX_POINT ( 'NONE', #6784 ) ;
#2074 = AXIS2_PLACEMENT_3D ( 'NONE', #3087, #3561, #2424 ) ;
#2075 = CARTESIAN_POINT ( 'NONE',  ( 0.4485814341027083985, 0.1081316668865393155, 0.01042312752873336343 ) ) ;
#2076 = CARTESIAN_POINT ( 'NONE',  ( 0.1348259310175284054, 0.4454515789521671931, -4.023776071814929915E-15 ) ) ;
#2077 = DIRECTION ( 'NONE',  ( -1.000000000000000000, 1.200511022531335912E-14, -0.000000000000000000 ) ) ;
#2078 = CARTESIAN_POINT ( 'NONE',  ( -0.3101878849863944909, -0.6854978370009069399, 0.4999999999999999445 ) ) ;
#2079 = AXIS2_PLACEMENT_3D ( 'NONE', #3069, #6368, #7686 ) ;
#2080 = DIRECTION ( 'NONE',  ( 0.000000000000000000, 0.000000000000000000, 1.000000000000000000 ) ) ;
#2081 = CARTESIAN_POINT ( 'NONE',  ( -0.4684893650450060454, 0.5886406672500076320, 0.01055192711114468981 ) ) ;
#2082 = VERTEX_POINT ( 'NONE', #3472 ) ;
#2083 = TOROIDAL_SURFACE ( 'NONE', #7231, 0.4271446968620944973, 0.01000000000000000021 ) ;
#2084 = AXIS2_PLACEMENT_3D ( 'NONE', #1838, #7769, #453 ) ;
#2085 = CARTESIAN_POINT ( 'NONE',  ( -0.2194264133195401034, -0.7944009220294877549, 0.3332838527124498684 ) ) ;
#2086 = CARTESIAN_POINT ( 'NONE',  ( -0.5449750287595035436, 0.6176003263271019339, 0.4904903272535685588 ) ) ;
#2087 = CARTESIAN_POINT ( 'NONE',  ( -0.3227597714111629101, -0.3922469289992507879, 0.000000000000000000 ) ) ;
#2088 = CARTESIAN_POINT ( 'NONE',  ( 0.4363053113932870430, 0.5791514801624804143, 0.000000000000000000 ) ) ;
#2089 = VECTOR ( 'NONE', #1667, 39.37007874015748854 ) ;
#2090 = ADVANCED_FACE ( 'NONE', ( #742 ), #1948, .T. ) ;
#2091 =( NAMED_UNIT ( * ) PLANE_ANGLE_UNIT ( ) SI_UNIT ( $, .RADIAN. ) );
#2092 = CARTESIAN_POINT ( 'NONE',  ( 0.2873372493597486921, -0.7525572873227011073, 0.4905614323235328866 ) ) ;
#2093 = ORIENTED_EDGE ( 'NONE', *, *, #8026, .F. ) ;
#2094 = AXIS2_PLACEMENT_3D ( 'NONE', #6656, #3273, #1283 ) ;
#2095 = CARTESIAN_POINT ( 'NONE',  ( 0.7079997865524704226, 0.07662663577623811395, 0.4903489949670250536 ) ) ;
#2096 = CARTESIAN_POINT ( 'NONE',  ( -0.2914773968736318333, -0.7460347561381749371, 0.5000000000000000000 ) ) ;
#2097 = CARTESIAN_POINT ( 'NONE',  ( 0.4894415122910309446, -0.07662663577625201949, 0.4903489949670249426 ) ) ;
#2098 = CARTESIAN_POINT ( 'NONE',  ( -0.2648598322532373928, -0.7367754880957823049, 0.01057748734879389481 ) ) ;
#2099 = CARTESIAN_POINT ( 'NONE',  ( 0.000000000000000000, 0.000000000000000000, 0.009999999999999998473 ) ) ;
#2100 = ADVANCED_FACE ( 'NONE', ( #4127 ), #2525, .T. ) ;
#2101 = CARTESIAN_POINT ( 'NONE',  ( -0.2286311328129883857, 0.7974977940876003535, 0.4903489949670249426 ) ) ;
#2102 = ORIENTED_EDGE ( 'NONE', *, *, #6475, .T. ) ;
#2103 = VERTEX_POINT ( 'NONE', #2231 ) ;
#2104 = VERTEX_POINT ( 'NONE', #3717 ) ;
#2105 = EDGE_LOOP ( 'NONE', ( #5008, #140, #2179, #3640, #727, #3029, #4067, #3133 ) ) ;
#2106 = CARTESIAN_POINT ( 'NONE',  ( 0.3086399750407959885, 0.6771716199870519981, 0.5000000000000000000 ) ) ;
#2107 = CARTESIAN_POINT ( 'NONE',  ( 0.2610139593321763041, 0.7435840644874489591, 0.01057231095252441321 ) ) ;
#2108 = CARTESIAN_POINT ( 'NONE',  ( -0.3860316643059744091, 0.1392606806979948264, 0.5000000000000000000 ) ) ;
#2109 = CARTESIAN_POINT ( 'NONE',  ( -0.1696609409191242590, 0.4806385799964463246, 0.01034899496702501066 ) ) ;
#2110 = CARTESIAN_POINT ( 'NONE',  ( -0.5285542648147019129, 0.5956449536043222359, 1.367352657655426047E-15 ) ) ;
#2111 = CARTESIAN_POINT ( 'NONE',  ( -0.4428391861617345659, -0.5720612495706919320, 0.000000000000000000 ) ) ;
#2112 = EDGE_CURVE ( 'NONE', #738, #1934, #804, .T. ) ;
#2113 = ORIENTED_EDGE ( 'NONE', *, *, #6743, .F. ) ;
#2114 = CARTESIAN_POINT ( 'NONE',  ( 0.3985118519898102618, 0.1537559620992458020, 0.000000000000000000 ) ) ;
#2115 = CARTESIAN_POINT ( 'NONE',  ( -0.2027673521306248006, -0.7974811915099506709, 0.01000000000000000021 ) ) ;
#2116 = CARTESIAN_POINT ( 'NONE',  ( 0.5792013140159039120, 0.5824238627822801995, 0.2547538490329981919 ) ) ;
#2117 = DIRECTION ( 'NONE',  ( -0.3393434259387326790, 0.9406625533485236668, -7.114947001095418094E-16 ) ) ;
#2118 = CARTESIAN_POINT ( 'NONE',  ( 0.2027673521306029569, -0.7974811915099431214, 0.000000000000000000 ) ) ;
#2119 = FACE_OUTER_BOUND ( 'NONE', #3167, .T. ) ;
#2120 = CARTESIAN_POINT ( 'NONE',  ( -0.5231632677366376827, 0.6243102481924187597, 0.4999999999999998335 ) ) ;
#2121 = CARTESIAN_POINT ( 'NONE',  ( -0.1116036301150456350, 0.4038684083456983154, 0.5000000000000000000 ) ) ;
#2122 = VERTEX_POINT ( 'NONE', #5747 ) ;
#2123 = DIRECTION ( 'NONE',  ( 0.5000000000000143219, 0.8660254037844304920, 0.000000000000000000 ) ) ;
#2124 = CARTESIAN_POINT ( 'NONE',  ( 0.2708968104585537939, -0.6446046035781464179, 0.1732842076590085933 ) ) ;
#2125 = FACE_BOUND ( 'NONE', #7269, .T. ) ;
#2126 = LINE ( 'NONE', #1462, #3046 ) ;
#2127 =( BOUNDED_SURFACE ( )  B_SPLINE_SURFACE ( 3, 2, ( 
 ( #5525, #8219, #4867 ),
 ( #2405, #4464, #3020 ),
 ( #4330, #2272, #8395 ),
 ( #5042, #5126, #272 ),
 ( #7770, #3586, #6277 ),
 ( #316, #228, #7727 ),
 ( #5612, #5746, #7814 ),
 ( #6365, #8444, #4282 ),
 ( #8486, #5085, #4420 ),
 ( #5702, #364, #1789 ),
 ( #3714, #7680, #5788 ),
 ( #7635, #1074, #8311 ),
 ( #2935, #6324, #6411 ),
 ( #1743, #3764, #2446 ) ),
 .UNSPECIFIED., .F., .F., .T. ) 
 B_SPLINE_SURFACE_WITH_KNOTS ( ( 4, 2, 2, 2, 2, 2, 4 ),
 ( 3, 3 ),
 ( 0.000000000000000000, 0.0008346611135472063563, 0.001251991670320809534, 0.001669322227094412713, 0.002086652783868016107, 0.002503983340641619069, 0.003338644454188825425 ),
 ( 0.000000000000000000, 1.000000000000000000 ),
 .UNSPECIFIED. ) 
 GEOMETRIC_REPRESENTATION_ITEM ( )  RATIONAL_B_SPLINE_SURFACE ( (
 ( 1.000000000000000000, 0.6946583704589971431, 1.000000000000000000),
 ( 1.000000000000000000, 0.6937907826654561294, 1.000000000000000000),
 ( 1.000000000000000000, 0.6931277949528497073, 1.000000000000000000),
 ( 1.000000000000000000, 0.6924456476119151827, 1.000000000000000000),
 ( 1.000000000000000000, 0.6922729346303030384, 1.000000000000000000),
 ( 1.000000000000000000, 0.6920444512839037943, 1.000000000000000000),
 ( 1.000000000000000000, 0.6919866958679966595, 1.000000000000000000),
 ( 1.000000000000000000, 0.6919852496724198110, 1.000000000000000000),
 ( 1.000000000000000000, 0.6920430171157218036, 1.000000000000000000),
 ( 1.000000000000000000, 0.6922710330109994592, 1.000000000000000000),
 ( 1.000000000000000000, 0.6924405880961194137, 1.000000000000000000),
 ( 1.000000000000000000, 0.6931142014350361036, 1.000000000000000000),
 ( 1.000000000000000000, 0.6937913703810216770, 1.000000000000000000),
 ( 1.000000000000000000, 0.6946583704589972541, 1.000000000000000000) ) ) 
 REPRESENTATION_ITEM ( '' )  SURFACE ( )  );
#2128 = CARTESIAN_POINT ( 'NONE',  ( -0.3246879854034535606, -0.3867267871645495014, 0.1696798210789426387 ) ) ;
#2129 = ADVANCED_FACE ( 'NONE', ( #6979 ), #3061, .T. ) ;
#2130 = CARTESIAN_POINT ( 'NONE',  ( 0.1439767233791646173, 0.08312500000000104527, 0.01000000000000000021 ) ) ;
#2131 = CARTESIAN_POINT ( 'NONE',  ( -0.8049689155484152092, -0.2007485279317184346, 0.4903489949670350456 ) ) ;
#2132 = DIRECTION ( 'NONE',  ( 1.000000000000000000, 0.000000000000000000, 0.000000000000000000 ) ) ;
#2133 = DIRECTION ( 'NONE',  ( -0.8660254037844338226, 0.5000000000000083267, 0.000000000000000000 ) ) ;
#2134 = CARTESIAN_POINT ( 'NONE',  ( 0.5361964718785132700, 0.5939419226636197813, 9.820425921814989138E-15 ) ) ;
#2135 = ORIENTED_EDGE ( 'NONE', *, *, #8036, .F. ) ;
#2136 = ORIENTED_EDGE ( 'NONE', *, *, #4141, .T. ) ;
#2137 = EDGE_LOOP ( 'NONE', ( #2372, #7255, #3303, #7181 ) ) ;
#2138 = EDGE_LOOP ( 'NONE', ( #650, #5123, #5134, #1028 ) ) ;
#2139 = EDGE_CURVE ( 'NONE', #6508, #5209, #3947, .T. ) ;
#2140 = CARTESIAN_POINT ( 'NONE',  ( 0.2917803434771956139, 0.6578920052720016454, 0.4999999999999999445 ) ) ;
#2141 = CARTESIAN_POINT ( 'NONE',  ( 0.1044319626840132381, 0.4226189711513452796, -0.000000000000000000 ) ) ;
#2142 = CARTESIAN_POINT ( 'NONE',  ( 0.2657532159559534146, 0.6478721091224193263, 6.926710335577917563E-16 ) ) ;
#2143 = CARTESIAN_POINT ( 'NONE',  ( 0.4241735574921259855, -0.5814392545398264778, 0.4903829760152204620 ) ) ;
#2144 = CARTESIAN_POINT ( 'NONE',  ( -0.1431148993854765850, 0.4510676930004416940, 3.427493632886475327E-15 ) ) ;
#2145 = CARTESIAN_POINT ( 'NONE',  ( -0.4195907700873887092, 0.5599631380875571551, 0.000000000000000000 ) ) ;
#2146 = CARTESIAN_POINT ( 'NONE',  ( 0.7920226469531997937, 0.2231389177517489053, 0.000000000000000000 ) ) ;
#2147 = EDGE_LOOP ( 'NONE', ( #1707, #5485, #8111, #5713 ) ) ;
#2148 = VERTEX_POINT ( 'NONE', #3294 ) ;
#2149 = EDGE_LOOP ( 'NONE', ( #1696, #7779, #1399, #2113 ) ) ;
#2150 = DIRECTION ( 'NONE',  ( 0.9612769221293562261, -0.2755842502421210760, 0.000000000000000000 ) ) ;
#2151 = EDGE_CURVE ( 'NONE', #2581, #2724, #3807, .T. ) ;
#2152 = EDGE_CURVE ( 'NONE', #2444, #7603, #2914, .T. ) ;
#2153 = CARTESIAN_POINT ( 'NONE',  ( 0.3110813693342854291, -0.3855554654225996636, 0.4903489949670249426 ) ) ;
#2154 = CARTESIAN_POINT ( 'NONE',  ( 0.2188985145387779552, -0.7923711919196201325, -0.000000000000000000 ) ) ;
#2155 = CARTESIAN_POINT ( 'NONE',  ( -0.3226648496441465452, 0.3689944726282330389, 0.01039185364183538296 ) ) ;
#2156 = CARTESIAN_POINT ( 'NONE',  ( -0.5304887720216153735, 0.6223048158579966849, 0.4905280430908287026 ) ) ;
#2157 = CIRCLE ( 'NONE', #1326, 0.009999999999999967248 ) ;
#2158 = CARTESIAN_POINT ( 'NONE',  ( 0.06609935683364054348, 0.4219993685819797835, 0.000000000000000000 ) ) ;
#2159 =( BOUNDED_SURFACE ( )  B_SPLINE_SURFACE ( 3, 2, ( 
 ( #144, #818, #7393 ),
 ( #5488, #2142, #60 ),
 ( #2850, #4201, #5527 ),
 ( #2767, #2025, #3432 ),
 ( #1525, #6857, #7555 ),
 ( #1405, #2811, #8221 ),
 ( #2727, #703, #4755 ),
 ( #2187, #4869, #8148 ),
 ( #654, #4708, #2066 ),
 ( #780, #3352, #6039 ),
 ( #2107, #1361, #8734 ),
 ( #2686, #6079, #4048 ),
 ( #5370, #8061, #5451 ),
 ( #6741, #4793, #20 ),
 ( #8104, #3397, #5409 ),
 ( #7434, #7473, #108 ) ),
 .UNSPECIFIED., .F., .F., .T. ) 
 B_SPLINE_SURFACE_WITH_KNOTS ( ( 4, 2, 2, 2, 2, 2, 2, 4 ),
 ( 3, 3 ),
 ( 1.788933584601082316E-17, 0.0006407458912127004993, 0.001281491782425383001, 0.001922237673638065719, 0.002562983564850748221, 0.003203729456063430722, 0.003844475347276113224, 0.005125967129701478227 ),
 ( 0.000000000000000000, 1.000000000000000000 ),
 .UNSPECIFIED. ) 
 GEOMETRIC_REPRESENTATION_ITEM ( )  RATIONAL_B_SPLINE_SURFACE ( (
 ( 1.000000000000000000, 0.6946583704589972541, 1.000000000000000000),
 ( 1.000000000000000000, 0.6933763159456186598, 1.000000000000000000),
 ( 1.000000000000000000, 0.6922258354536059421, 1.000000000000000000),
 ( 1.000000000000000000, 0.6901861854565043419, 1.000000000000000000),
 ( 1.000000000000000000, 0.6892934039797919965, 1.000000000000000000),
 ( 1.000000000000000000, 0.6878664290910754264, 1.000000000000000000),
 ( 1.000000000000000000, 0.6873162222458625292, 1.000000000000000000),
 ( 1.000000000000000000, 0.6865728636986278000, 1.000000000000000000),
 ( 1.000000000000000000, 0.6863885290838614983, 1.000000000000000000),
 ( 1.000000000000000000, 0.6863859216617776982, 1.000000000000000000),
 ( 1.000000000000000000, 0.6865745309142708974, 1.000000000000000000),
 ( 1.000000000000000000, 0.6873071023371698507, 1.000000000000000000),
 ( 1.000000000000000000, 0.6878557309093291661, 1.000000000000000000),
 ( 1.000000000000000000, 0.6900105260090315662, 1.000000000000000000),
 ( 1.000000000000000000, 0.6920785204203929730, 1.000000000000000000),
 ( 1.000000000000000000, 0.6946583704589975872, 1.000000000000000000) ) ) 
 REPRESENTATION_ITEM ( '' )  SURFACE ( )  );
#2160 = CARTESIAN_POINT ( 'NONE',  ( 0.6973893915158648760, -0.08485379956079132369, 0.2547538490329981919 ) ) ;
#2161 = CARTESIAN_POINT ( 'NONE',  ( 0.3227351206247858206, 0.3692267235688120874, 0.01039148133693253671 ) ) ;
#2162 = EDGE_CURVE ( 'NONE', #2899, #1080, #6585, .T. ) ;
#2163 = VECTOR ( 'NONE', #162, 39.37007874015748143 ) ;
#2164 = CARTESIAN_POINT ( 'NONE',  ( -0.3954325595773493518, -0.1426520477689115218, 0.4903489949670249426 ) ) ;
#2165 = DIRECTION ( 'NONE',  ( 0.8660254037844377084, 0.5000000000000017764, 0.000000000000000000 ) ) ;
#2166 = CARTESIAN_POINT ( 'NONE',  ( -0.1919689645055476512, -1.067714316560537620E-15, 0.5000000000000000000 ) ) ;
#2167 = B_SPLINE_CURVE_WITH_KNOTS ( 'NONE', 3,
 ( #4092, #6785, #109, #819, #145, #2408, #3114, #5790, #8488, #5128, #1609, #3635 ),
 .UNSPECIFIED., .F., .F.,
 ( 4, 2, 2, 2, 2, 4 ),
 ( 0.000000000000000000, 0.0007727098134046546168, 0.001545419626809309234, 0.001931774533511638114, 0.002318129440213967211, 0.003090839253618621069 ),
 .UNSPECIFIED. ) ;
#2168 = B_SPLINE_CURVE_WITH_KNOTS ( 'NONE', 3,
 ( #1820, #5340, #6657, #7940, #6707, #6052, #534, #7358, #8746, #3232, #8602, #4632, #1284, #620, #4491, #2565, #5243, #1910 ),
 .UNSPECIFIED., .F., .F.,
 ( 4, 2, 2, 2, 2, 2, 2, 2, 4 ),
 ( 8.673617379884035472E-19, 0.0005890685094930316317, 0.001178137018986062396, 0.001767205528479093160, 0.002356274037972123925, 0.002945342547465154906, 0.003534411056958185453, 0.004123479566451216001, 0.004712548075944246982 ),
 .UNSPECIFIED. ) ;
#2169 = CIRCLE ( 'NONE', #4983, 0.009999999999999982861 ) ;
#2170 = B_SPLINE_CURVE_WITH_KNOTS ( 'NONE', 3,
 ( #872, #6301, #2338, #1721, #965, #340, #295, #3528, #1629, #5677, #7750, #2868, #835, #3651, #7573, #4889 ),
 .UNSPECIFIED., .F., .F.,
 ( 4, 2, 2, 2, 2, 2, 2, 4 ),
 ( 0.000000000000000000, 0.0004286688780641572413, 0.0008573377561283144826, 0.001286006634192471670, 0.001714675512256628965, 0.002143344390320785827, 0.002572013268384943339, 0.003429351024513263135 ),
 .UNSPECIFIED. ) ;
#2171 = CARTESIAN_POINT ( 'NONE',  ( 0.2518977640178055033, -0.7560880369482162466, 0.01055190533826881952 ) ) ;
#2172 = CARTESIAN_POINT ( 'NONE',  ( 0.3212565770584205338, -0.2711286181930304129, 0.4903489949670249426 ) ) ;
#2173 = CARTESIAN_POINT ( 'NONE',  ( 0.5811457637080448269, -0.5724200005520291290, 0.09181531335406174776 ) ) ;
#2174 =( BOUNDED_SURFACE ( )  B_SPLINE_SURFACE ( 3, 2, ( 
 ( #773, #2885, #6110 ),
 ( #4083, #138, #99 ),
 ( #3466, #4231, #5606 ),
 ( #6810, #5561, #2267 ),
 ( #2177, #4908, #7503 ),
 ( #8176, #2134, #5519 ),
 ( #52, #6272, #7591 ),
 ( #4822, #2760, #221 ),
 ( #1470, #4862, #4156 ),
 ( #6851, #5443, #2929 ),
 ( #1517, #4787, #7547 ),
 ( #812, #4947, #8138 ),
 ( #7283, #3281, #267 ),
 ( #1738, #1068, #3757 ),
 ( #8390, #7016, #3626 ),
 ( #1599, #8342, #4592 ) ),
 .UNSPECIFIED., .F., .F., .F. ) 
 B_SPLINE_SURFACE_WITH_KNOTS ( ( 4, 2, 2, 2, 2, 2, 2, 4 ),
 ( 3, 3 ),
 ( -2.114194236346733646E-17, 0.0006407458898095674642, 0.001281491779619155962, 0.001922237669428744460, 0.002562983559238333174, 0.003203729449047921889, 0.003844475338857510169, 0.005125967118476687165 ),
 ( 0.000000000000000000, 1.000000000000000000 ),
 .UNSPECIFIED. ) 
 GEOMETRIC_REPRESENTATION_ITEM ( )  RATIONAL_B_SPLINE_SURFACE ( (
 ( 1.000000000000000000, 0.6946583704590009178, 1.000000000000000000),
 ( 1.000000000000000000, 0.6933767352691907471, 1.000000000000000000),
 ( 1.000000000000000000, 0.6922265565840535206, 1.000000000000000000),
 ( 1.000000000000000000, 0.6901872757730096453, 1.000000000000000000),
 ( 1.000000000000000000, 0.6892945585904524108, 1.000000000000000000),
 ( 1.000000000000000000, 0.6878675034587811155, 1.000000000000000000),
 ( 1.000000000000000000, 0.6873171547182294061, 1.000000000000000000),
 ( 1.000000000000000000, 0.6865733876658507429, 1.000000000000000000),
 ( 1.000000000000000000, 0.6863887938871724437, 1.000000000000000000),
 ( 1.000000000000000000, 0.6863856629341544835, 1.000000000000000000),
 ( 1.000000000000000000, 0.6865740075851930468, 1.000000000000000000),
 ( 1.000000000000000000, 0.6873061741179294915, 1.000000000000000000),
 ( 1.000000000000000000, 0.6878546578929441990, 1.000000000000000000),
 ( 1.000000000000000000, 0.6900093297033251805, 1.000000000000000000),
 ( 1.000000000000000000, 0.6920776673058649520, 1.000000000000000000),
 ( 1.000000000000000000, 0.6946583704589953667, 1.000000000000000000) ) ) 
 REPRESENTATION_ITEM ( '' )  SURFACE ( )  );
#2175 = CARTESIAN_POINT ( 'NONE',  ( -0.4079458186981987367, -0.1338771667508391605, 0.000000000000000000 ) ) ;
#2176 = CARTESIAN_POINT ( 'NONE',  ( 0.5233371958988408679, 0.6242885595722944547, 0.5000000000000000000 ) ) ;
#2177 = CARTESIAN_POINT ( 'NONE',  ( 0.5507934810212075094, 0.5894198874075808892, 0.01049747041122635859 ) ) ;
#2178 = EDGE_CURVE ( 'NONE', #4703, #7069, #7144, .T. ) ;
#2179 = ORIENTED_EDGE ( 'NONE', *, *, #3701, .T. ) ;
#2180 = ORIENTED_EDGE ( 'NONE', *, *, #3649, .F. ) ;
#2181 = AXIS2_PLACEMENT_3D ( 'NONE', #3972, #3835, #7319 ) ;
#2182 = VERTEX_POINT ( 'NONE', #2448 ) ;
#2183 = CARTESIAN_POINT ( 'NONE',  ( -0.4227955568657827401, 0.5569058214503681548, 0.1732842076590096203 ) ) ;
#2184 = CARTESIAN_POINT ( 'NONE',  ( 0.2476549753837512524, 0.8024404248110689197, 0.5000000000000000000 ) ) ;
#2185 = CARTESIAN_POINT ( 'NONE',  ( -0.3143329725910073980, 0.2787720613950000481, 0.4999999999999607536 ) ) ;
#2186 = B_SPLINE_CURVE_WITH_KNOTS ( 'NONE', 3,
 ( #6298, #7654, #2953, #3038, #6907, #4300, #1494, #5673, #3647, #7611, #1006, #336, #8235, #7038 ),
 .UNSPECIFIED., .F., .F.,
 ( 4, 2, 2, 2, 2, 2, 4 ),
 ( 0.000000000000000000, 0.0008346611135472034289, 0.001251991670320804547, 0.001669322227094405774, 0.002086652783868006567, 0.002503983340641610395, 0.003338644454188816751 ),
 .UNSPECIFIED. ) ;
#2187 = CARTESIAN_POINT ( 'NONE',  ( 0.2729497379630977938, 0.7152969184703836802, 0.01057235682384233613 ) ) ;
#2188 = CARTESIAN_POINT ( 'NONE',  ( -0.4035851496246327108, 0.1236774572589061233, 0.5000000000000000000 ) ) ;
#2189 = CARTESIAN_POINT ( 'NONE',  ( -0.4215871251108779250, -0.5659874125705008918, 0.3332843519825628431 ) ) ;
#2190 = CIRCLE ( 'NONE', #8678, 0.4203766357762464545 ) ;
#2191 = CARTESIAN_POINT ( 'NONE',  ( 0.7163902308983673972, -0.06663272750606362427, 0.5000000000000000000 ) ) ;
#2192 = EDGE_CURVE ( 'NONE', #6942, #8631, #69, .T. ) ;
#2193 = ORIENTED_EDGE ( 'NONE', *, *, #7531, .F. ) ;
#2194 = ORIENTED_EDGE ( 'NONE', *, *, #8404, .T. ) ;
#2195 = DIRECTION ( 'NONE',  ( 0.8660254037844441477, 0.4999999999999904521, 0.000000000000000000 ) ) ;
#2196 = ORIENTED_EDGE ( 'NONE', *, *, #1534, .T. ) ;
#2197 = CARTESIAN_POINT ( 'NONE',  ( -0.3096385169422465333, 0.3177494589614962006, -0.000000000000000000 ) ) ;
#2198 = CARTESIAN_POINT ( 'NONE',  ( 0.2876392800874755795, 0.6514591189165185314, 0.4903489949670250536 ) ) ;
#2199 = DIRECTION ( 'NONE',  ( -0.9612769221293427924, -0.2755842502421671503, 0.000000000000000000 ) ) ;
#2200 = CARTESIAN_POINT ( 'NONE',  ( -0.3110813693342872055, -0.3855554654225803457, 0.4903489949670249426 ) ) ;
#2201 = DIRECTION ( 'NONE',  ( 1.182525838673189628E-14, 1.000000000000000000, 0.000000000000000000 ) ) ;
#2202 = TOROIDAL_SURFACE ( 'NONE', #1496, 0.8396172724939445775, 0.01000000000000000021 ) ;
#2203 = EDGE_CURVE ( 'NONE', #3479, #2886, #7853, .T. ) ;
#2204 = CARTESIAN_POINT ( 'NONE',  ( -0.4053665270749693961, -0.1543816773832452360, 0.1069530981035216877 ) ) ;
#2205 = CARTESIAN_POINT ( 'NONE',  ( -0.4054616569822389605, -0.1053980709128021220, 0.5000000000000001110 ) ) ;
#2206 = CARTESIAN_POINT ( 'NONE',  ( 0.3087201387412209508, 0.3507541378684452815, 0.000000000000000000 ) ) ;
#2207 = VECTOR ( 'NONE', #1141, 39.37007874015748143 ) ;
#2208 = CARTESIAN_POINT ( 'NONE',  ( -0.09887123359872056205, 0.1612499999999989220, 0.4899999999999999911 ) ) ;
#2209 = CARTESIAN_POINT ( 'NONE',  ( -0.3287204689301508886, -0.2912010778788476362, 0.01039185735669843381 ) ) ;
#2210 = CARTESIAN_POINT ( 'NONE',  ( -0.2803060855067476820, -0.7258043015930331077, 0.000000000000000000 ) ) ;
#2211 = DIRECTION ( 'NONE',  ( 1.000000000000000000, 0.000000000000000000, 0.000000000000000000 ) ) ;
#2212 = EDGE_CURVE ( 'NONE', #1937, #3676, #6806, .T. ) ;
#2213 = CONICAL_SURFACE ( 'NONE', #7420, 1.000000000000000000, 0.03490658503988666728 ) ;
#2214 = CONICAL_SURFACE ( 'NONE', #3056, 0.8125000000000000000, 0.03490658503988666728 ) ;
#2215 = CARTESIAN_POINT ( 'NONE',  ( 0.8041761654412314941, 0.1482643450641384919, 0.4905280430908278699 ) ) ;
#2216 = CARTESIAN_POINT ( 'NONE',  ( 0.2148144350251448842, -0.7827446463829035306, -2.258787813107474733E-16 ) ) ;
#2217 = CARTESIAN_POINT ( 'NONE',  ( -0.2966304122165751012, -0.7318214146058663605, 0.4905662334674584790 ) ) ;
#2218 = CARTESIAN_POINT ( 'NONE',  ( 0.4637193426425362808, -0.6159115189067003726, 0.5000000000000000000 ) ) ;
#2219 = CARTESIAN_POINT ( 'NONE',  ( 0.000000000000000000, 0.000000000000000000, 0.000000000000000000 ) ) ;
#2220 = AXIS2_PLACEMENT_3D ( 'NONE', #3506, #6681, #4695 ) ;
#2221 = CARTESIAN_POINT ( 'NONE',  ( -0.08088218006132015525, 0.04669734843104816902, 0.01000000000000000021 ) ) ;
#2222 = CARTESIAN_POINT ( 'NONE',  ( 0.5081824300208916956, 0.6351325816564279414, 0.5000000000000000000 ) ) ;
#2223 = CARTESIAN_POINT ( 'NONE',  ( -0.5892552948225884268, 0.5743422737582007942, 0.01000000000000000021 ) ) ;
#2224 = ORIENTED_EDGE ( 'NONE', *, *, #6000, .F. ) ;
#2225 = VERTEX_POINT ( 'NONE', #5359 ) ;
#2226 = CIRCLE ( 'NONE', #7429, 0.009999999999999968983 ) ;
#2227 = EDGE_LOOP ( 'NONE', ( #736, #7, #2806, #433 ) ) ;
#2228 = CARTESIAN_POINT ( 'NONE',  ( 0.4117055280199308220, 0.5798294372753646231, 0.5000000000000000000 ) ) ;
#2229 = CARTESIAN_POINT ( 'NONE',  ( 0.3110034961402600717, 0.7103150596639965508, 0.5000000000000000000 ) ) ;
#2230 = DIRECTION ( 'NONE',  ( 0.03489949670250104552, 0.000000000000000000, -0.9993908270190957621 ) ) ;
#2231 = CARTESIAN_POINT ( 'NONE',  ( -0.5832805319173707259, 0.6039378985925291099, 0.5000000000000000000 ) ) ;
#2232 = CARTESIAN_POINT ( 'NONE',  ( 0.2518962736350050524, -0.7560898447365232977, 0.01055190147764095698 ) ) ;
#2233 = CARTESIAN_POINT ( 'NONE',  ( 0.4634965475778394239, -0.6161634882655983025, 0.4905463769172030419 ) ) ;
#2234 = CARTESIAN_POINT ( 'NONE',  ( 0.7920226469531997937, -0.2231389177517661970, 0.000000000000000000 ) ) ;
#2235 = CIRCLE ( 'NONE', #3230, 0.4103827275060554780 ) ;
#2236 = CARTESIAN_POINT ( 'NONE',  ( 0.7247837960093682641, -0.06760364911938154808, 0.5000000000000001110 ) ) ;
#2237 = EDGE_LOOP ( 'NONE', ( #1804, #1652, #6888, #6972 ) ) ;
#2238 = ORIENTED_EDGE ( 'NONE', *, *, #8082, .T. ) ;
#2239 = ORIENTED_EDGE ( 'NONE', *, *, #4951, .F. ) ;
#2240 = ORIENTED_EDGE ( 'NONE', *, *, #3234, .F. ) ;
#2241 = CARTESIAN_POINT ( 'NONE',  ( 0.4862580038801895821, 0.6774970660010387613, 0.3260738240583212488 ) ) ;
#2242 = CARTESIAN_POINT ( 'NONE',  ( 0.7832844202291645574, 0.1409978534113340842, 0.000000000000000000 ) ) ;
#2243 = CARTESIAN_POINT ( 'NONE',  ( -0.4287524622658188678, -0.5876074494650894708, 0.4904138974439160026 ) ) ;
#2244 = CARTESIAN_POINT ( 'NONE',  ( 0.2359642770354317687, 0.7953967213268743341, 0.4903829660357256759 ) ) ;
#2245 = EDGE_CURVE ( 'NONE', #1849, #7691, #6906, .T. ) ;
#2246 = CARTESIAN_POINT ( 'NONE',  ( 0.7919120138911631690, -0.1207230926331399057, 0.5000000000000000000 ) ) ;
#2247 = CARTESIAN_POINT ( 'NONE',  ( 0.4221802417852105194, 0.5615300296021149551, 0.2547538490329981919 ) ) ;
#2248 = DIRECTION ( 'NONE',  ( 0.8660254037844499209, 0.4999999999999804601, 0.000000000000000000 ) ) ;
#2249 = DIRECTION ( 'NONE',  ( -0.8660254037844330455, 0.5000000000000098810, 0.000000000000000000 ) ) ;
#2250 = CARTESIAN_POINT ( 'NONE',  ( -0.4508520974605508824, -0.07347406294990496689, 0.5000000000000002220 ) ) ;
#2251 = DIRECTION ( 'NONE',  ( -0.8654978445076820792, -0.4996954135095382776, 0.03489949670250104552 ) ) ;
#2252 = CARTESIAN_POINT ( 'NONE',  ( 0.3290812765233493420, 0.2913966465980876164, -1.783162889810903967E-15 ) ) ;
#2253 = DIRECTION ( 'NONE',  ( -0.5000000000000089928, -0.8660254037844334896, 7.792769900117982660E-14 ) ) ;
#2254 = EDGE_CURVE ( 'NONE', #3735, #6811, #10, .T. ) ;
#2255 = DIRECTION ( 'NONE',  ( 0.000000000000000000, 0.000000000000000000, 1.000000000000000000 ) ) ;
#2256 = CARTESIAN_POINT ( 'NONE',  ( 0.3199139368247512216, -0.2863528590311792410, -0.000000000000000000 ) ) ;
#2257 = CARTESIAN_POINT ( 'NONE',  ( 0.4509947830504238420, -0.07341874014217690536, 0.4999999999999999445 ) ) ;
#2258 = CARTESIAN_POINT ( 'NONE',  ( 0.4195911830608517468, -0.5599638537451558928, 0.000000000000000000 ) ) ;
#2259 = CARTESIAN_POINT ( 'NONE',  ( 0.2854811915832901059, -0.7011477019524449128, 0.000000000000000000 ) ) ;
#2260 = CARTESIAN_POINT ( 'NONE',  ( 0.2110340095257630666, 0.7953793134357860506, -0.000000000000000000 ) ) ;
#2261 = ADVANCED_FACE ( 'NONE', ( #94 ), #808, .T. ) ;
#2262 = ADVANCED_FACE ( 'NONE', ( #6728 ), #690, .T. ) ;
#2263 = CARTESIAN_POINT ( 'NONE',  ( 0.5246942137974617282, -0.6336843036479521407, 0.5000000000000000000 ) ) ;
#2264 = CARTESIAN_POINT ( 'NONE',  ( -0.3217404341412303248, 0.3098105400772229179, 0.01041516670673403415 ) ) ;
#2265 = CARTESIAN_POINT ( 'NONE',  ( 0.2003046611694586088, 0.7877954620204887792, 0.01034899496702500372 ) ) ;
#2266 = CARTESIAN_POINT ( 'NONE',  ( -0.5010756907753656231, -0.08339469686208871024, 0.01000000000000000021 ) ) ;
#2267 = CARTESIAN_POINT ( 'NONE',  ( 0.5625632016094735954, 0.5948250175530497286, 0.000000000000000000 ) ) ;
#2268 = ORIENTED_EDGE ( 'NONE', *, *, #2292, .T. ) ;
#2269 = DIRECTION ( 'NONE',  ( 0.4999999999999998890, 0.8660254037844385966, -0.000000000000000000 ) ) ;
#2270 = EDGE_LOOP ( 'NONE', ( #561, #7533, #1434, #2804 ) ) ;
#2271 = CARTESIAN_POINT ( 'NONE',  ( 0.4900514125535704868, -0.6613907087222015146, 0.001385477180347222375 ) ) ;
#2272 = CARTESIAN_POINT ( 'NONE',  ( -0.3231212670672979348, -0.3690888225661045352, 0.000000000000000000 ) ) ;
#2273 = LINE ( 'NONE', #3668, #7368 ) ;
#2274 = CARTESIAN_POINT ( 'NONE',  ( 0.4910000755463125310, -0.09377507033719875706, 9.023130011451240143E-16 ) ) ;
#2275 = CARTESIAN_POINT ( 'NONE',  ( 0.2466634632903464963, -0.7617401483939716389, 0.01053677046980052920 ) ) ;
#2276 = CARTESIAN_POINT ( 'NONE',  ( 0.1169957993095098597, 0.4049942519683415454, 0.5000000000000001110 ) ) ;
#2277 = CARTESIAN_POINT ( 'NONE',  ( 0.4092799118693545291, -0.1011253064739562613, 0.5000000000000001110 ) ) ;
#2278 = LENGTH_MEASURE_WITH_UNIT ( LENGTH_MEASURE( 0.02539999999999999897 ), #8316 );
#2279 = CARTESIAN_POINT ( 'NONE',  ( 0.7801207938647048978, 0.1599189438059865909, 6.836763288277447750E-16 ) ) ;
#2280 = VERTEX_POINT ( 'NONE', #7337 ) ;
#2281 = B_SPLINE_CURVE_WITH_KNOTS ( 'NONE', 3,
 ( #2200, #831, #4348, #158, #5630, #4177, #202, #1538, #2335, #6211, #8286, #3685 ),
 .UNSPECIFIED., .F., .F.,
 ( 4, 2, 2, 2, 2, 4 ),
 ( 0.000000000000000000, 0.0007727098134046540747, 0.001545419626809308149, 0.001931774533511634862, 0.002318129440213962007, 0.003090839253618620202 ),
 .UNSPECIFIED. ) ;
#2282 = ORIENTED_EDGE ( 'NONE', *, *, #3866, .T. ) ;
#2283 = VERTEX_POINT ( 'NONE', #2716 ) ;
#2284 = CARTESIAN_POINT ( 'NONE',  ( -0.09021097956087610614, -0.1562500000000009992, 0.4899999999999999911 ) ) ;
#2285 = CARTESIAN_POINT ( 'NONE',  ( -0.4856149147700640767, -0.6228338854661794599, 0.4905663007732030123 ) ) ;
#2286 = CARTESIAN_POINT ( 'NONE',  ( -0.07241254492021062528, 0.4039435683031576962, 0.4899999999999999911 ) ) ;
#2287 = CARTESIAN_POINT ( 'NONE',  ( -0.7163494013562188290, -0.09824125619396723019, 0.000000000000000000 ) ) ;
#2288 = DIRECTION ( 'NONE',  ( 0.000000000000000000, 0.000000000000000000, 1.000000000000000000 ) ) ;
#2289 = CARTESIAN_POINT ( 'NONE',  ( 0.3178821608341635963, 0.3861602139398667144, 0.3303501167231997493 ) ) ;
#2290 = CARTESIAN_POINT ( 'NONE',  ( -0.3110813693342787678, 0.3855554654225875622, 0.4903489949670244985 ) ) ;
#2291 = CARTESIAN_POINT ( 'NONE',  ( 0.3404711979317326387, -0.2747464528959995267, -2.134256245050205639E-18 ) ) ;
#2292 = EDGE_CURVE ( 'NONE', #3479, #5885, #5971, .T. ) ;
#2293 = CARTESIAN_POINT ( 'NONE',  ( -0.4837840543255355064, -0.06663272750605002404, 0.5000000000000001110 ) ) ;
#2294 = CARTESIAN_POINT ( 'NONE',  ( -0.3013410691197730418, 0.7021269759325737825, 0.4905280637116634646 ) ) ;
#2295 = CARTESIAN_POINT ( 'NONE',  ( -0.2620732496059127725, -0.6409035483882046247, 0.007454521212993828715 ) ) ;
#2296 = CARTESIAN_POINT ( 'NONE',  ( 0.4433339620224501232, 0.09961491243627330905, -0.000000000000000000 ) ) ;
#2297 = CARTESIAN_POINT ( 'NONE',  ( 0.3110813693342872610, 0.3855554654225802347, 0.4903489949670249426 ) ) ;
#2298 = CYLINDRICAL_SURFACE ( 'NONE', #6874, 0.01000000000000000194 ) ;
#2299 = CARTESIAN_POINT ( 'NONE',  ( -0.8049689155484152092, -0.2007485279317184346, 0.4903489949670350456 ) ) ;
#2300 = EDGE_CURVE ( 'NONE', #3735, #4788, #132, .T. ) ;
#2301 = VECTOR ( 'NONE', #565, 39.37007874015748143 ) ;
#2302 = CARTESIAN_POINT ( 'NONE',  ( 0.2194274941315791094, -0.7944203926982092989, 0.3329279416348997489 ) ) ;
#2303 = CARTESIAN_POINT ( 'NONE',  ( 0.2753618752946934145, -0.6924947156172790441, 0.000000000000000000 ) ) ;
#2304 = CARTESIAN_POINT ( 'NONE',  ( -0.7821977568576560236, 0.1091383393858093992, 0.4905663007568338285 ) ) ;
#2305 = LINE ( 'NONE', #3054, #535 ) ;
#2306 = CARTESIAN_POINT ( 'NONE',  ( -0.3110813693342787678, 0.3855554654225875622, 0.4903489949670244985 ) ) ;
#2307 = CARTESIAN_POINT ( 'NONE',  ( 0.000000000000000000, 0.000000000000000000, 0.009999999999999998473 ) ) ;
#2308 = AXIS2_PLACEMENT_3D ( 'NONE', #2534, #7904, #1874 ) ;
#2309 = CARTESIAN_POINT ( 'NONE',  ( 0.5005052719893081647, 0.6254543752753088937, 0.5000000000000000000 ) ) ;
#2310 = CARTESIAN_POINT ( 'NONE',  ( -0.2873372493597631805, 0.7525572873226809012, 0.4905614323235334417 ) ) ;
#2311 = EDGE_CURVE ( 'NONE', #2456, #3725, #381, .T. ) ;
#2312 = ORIENTED_EDGE ( 'NONE', *, *, #2900, .F. ) ;
#2313 = DIRECTION ( 'NONE',  ( -0.000000000000000000, -0.000000000000000000, -1.000000000000000000 ) ) ;
#2314 = ORIENTED_EDGE ( 'NONE', *, *, #8580, .F. ) ;
#2315 = CIRCLE ( 'NONE', #6949, 0.01000000000000002970 ) ;
#2316 = CARTESIAN_POINT ( 'NONE',  ( 0.5821323992588190999, -0.5671870975489275990, 0.007454521212993834786 ) ) ;
#2317 = CARTESIAN_POINT ( 'NONE',  ( 0.2001322355467246017, 0.7877349948985867822, 0.007454521212993931931 ) ) ;
#2318 = CARTESIAN_POINT ( 'NONE',  ( -0.3063230447456894434, 0.2733279066477137809, 0.5000000000000000000 ) ) ;
#2319 = CARTESIAN_POINT ( 'NONE',  ( 0.4530480740651096072, -0.1055371981371376888, 0.01042148981070854623 ) ) ;
#2320 = CARTESIAN_POINT ( 'NONE',  ( 0.2759297213703304497, -0.6924909322659215105, 0.01053712401242833455 ) ) ;
#2321 = CARTESIAN_POINT ( 'NONE',  ( 0.8017673918647808540, 0.1410978487048853425, 0.4905422489912569795 ) ) ;
#2322 = CARTESIAN_POINT ( 'NONE',  ( 0.7700759787073016005, -0.1394934326997744334, 1.067128122525103128E-17 ) ) ;
#2323 = CARTESIAN_POINT ( 'NONE',  ( -0.1732186236253909495, 0.4532749701233935724, 0.4903741714660399542 ) ) ;
#2324 = CIRCLE ( 'NONE', #5287, 0.01000000000000002623 ) ;
#2325 = CARTESIAN_POINT ( 'NONE',  ( 0.4671021005786385460, -0.06833812624878590758, 0.5000000000000000000 ) ) ;
#2326 = ORIENTED_EDGE ( 'NONE', *, *, #6687, .T. ) ;
#2327 = EDGE_CURVE ( 'NONE', #5356, #1402, #6297, .T. ) ;
#2328 = ORIENTED_EDGE ( 'NONE', *, *, #3455, .T. ) ;
#2329 = CARTESIAN_POINT ( 'NONE',  ( 0.4688262988239853546, 0.07785657339273187316, 0.5000000000000000000 ) ) ;
#2330 = CARTESIAN_POINT ( 'NONE',  ( 0.7926542558734404054, 0.1645023110685295276, 0.000000000000000000 ) ) ;
#2331 = CARTESIAN_POINT ( 'NONE',  ( 0.6862088809542802315, 0.09338860513227721649, 0.01034899496702865185 ) ) ;
#2332 = CARTESIAN_POINT ( 'NONE',  ( 0.2873244728412362448, 0.7525650498729811178, 0.4905613818148976124 ) ) ;
#2333 = CARTESIAN_POINT ( 'NONE',  ( -0.6939639838481420631, -0.09338736060633361091, 0.01038463352716526532 ) ) ;
#2334 = DIRECTION ( 'NONE',  ( 1.000000000000000000, 0.000000000000000000, 0.000000000000000000 ) ) ;
#2335 = CARTESIAN_POINT ( 'NONE',  ( -0.3033806913086088963, -0.3019487764806187413, 0.4904132057727221272 ) ) ;
#2336 = CARTESIAN_POINT ( 'NONE',  ( -0.2989992934248571488, 0.3164858576033728332, 0.4904263084148324792 ) ) ;
#2337 = DIRECTION ( 'NONE',  ( 0.8660254037844445918, 0.4999999999999897859, 0.000000000000000000 ) ) ;
#2338 = CARTESIAN_POINT ( 'NONE',  ( 0.3066827953436424004, 0.2735743613508134220, 0.5000000000000000000 ) ) ;
#2339 = FACE_OUTER_BOUND ( 'NONE', #1400, .T. ) ;
#2340 = CARTESIAN_POINT ( 'NONE',  ( 0.6935818778224167591, -0.08780689731628207872, 0.1701881937375538389 ) ) ;
#2341 = CARTESIAN_POINT ( 'NONE',  ( 0.3019087287374371265, 0.3673195745607023555, 0.4999999999999902855 ) ) ;
#2342 = AXIS2_PLACEMENT_3D ( 'NONE', #1994, #2653, #1282 ) ;
#2343 = DIRECTION ( 'NONE',  ( -0.5000000000000003331, 0.8660254037844385966, 0.000000000000000000 ) ) ;
#2344 = LINE ( 'NONE', #394, #355 ) ;
#2345 = AXIS2_PLACEMENT_3D ( 'NONE', #8553, #1859, #3784 ) ;
#2346 = CARTESIAN_POINT ( 'NONE',  ( 0.7156282374093232423, 0.07662544908613411199, 0.4903829773254078650 ) ) ;
#2347 = CARTESIAN_POINT ( 'NONE',  ( 0.2759296740214830512, -0.6924935893850744373, 0.01053712970575425290 ) ) ;
#2348 = CARTESIAN_POINT ( 'NONE',  ( -0.8112086243219288617, 0.1377328602518174405, 0.5000000000000000000 ) ) ;
#2349 = CARTESIAN_POINT ( 'NONE',  ( -0.1783159193642011309, 0.4756416258613509473, 0.01000000000000000021 ) ) ;
#2350 = CARTESIAN_POINT ( 'NONE',  ( -0.3314147498562310390, 0.3872499748641627382, 0.01034899496702501413 ) ) ;
#2351 = EDGE_CURVE ( 'NONE', #1130, #4122, #2305, .T. ) ;
#2352 = CARTESIAN_POINT ( 'NONE',  ( 0.4365212595015811603, -0.1168640624150487362, 0.01042152944120965964 ) ) ;
#2353 = CIRCLE ( 'NONE', #6028, 0.009999999999999991535 ) ;
#2354 = CARTESIAN_POINT ( 'NONE',  ( 0.5080651039446737460, 0.6251200010604381907, 0.4905614323235333862 ) ) ;
#2355 = CARTESIAN_POINT ( 'NONE',  ( -0.1804219591217551821, -1.045321728494220803E-15, 0.4899999999999999911 ) ) ;
#2356 = ORIENTED_EDGE ( 'NONE', *, *, #1178, .T. ) ;
#2357 = CARTESIAN_POINT ( 'NONE',  ( -0.7806750706478329249, -0.1597296150146747806, 0.01055217792421047317 ) ) ;
#2358 = ORIENTED_EDGE ( 'NONE', *, *, #8753, .T. ) ;
#2359 = AXIS2_PLACEMENT_3D ( 'NONE', #46, #1464, #597 ) ;
#2360 = CARTESIAN_POINT ( 'NONE',  ( -0.07222192602347575485, 0.04169734843104812988, 0.000000000000000000 ) ) ;
#2361 = CARTESIAN_POINT ( 'NONE',  ( 0.2707479352591989352, 0.6445629744766550040, 0.1701881947280573237 ) ) ;
#2362 = CARTESIAN_POINT ( 'NONE',  ( -7.999332383234687979E-16, -0.06663272750605579720, 0.4899999999999999911 ) ) ;
#2363 = CARTESIAN_POINT ( 'NONE',  ( -0.5651118417437581698, -0.6069486394658042405, 0.4999999999999999445 ) ) ;
#2364 = EDGE_CURVE ( 'NONE', #1312, #4618, #2606, .T. ) ;
#2365 = DIRECTION ( 'NONE',  ( 0.1547469916382747113, 0.9879541328315316617, 0.000000000000000000 ) ) ;
#2366 = CARTESIAN_POINT ( 'NONE',  ( 0.2147932039317833330, 0.7928149832342358261, 0.2547538490329978034 ) ) ;
#2367 = SURFACE_SIDE_STYLE ('',( #5531 ) ) ;
#2368 = CARTESIAN_POINT ( 'NONE',  ( -0.1295351736500578443, 0.4190175512003881386, 0.5000000000000048850 ) ) ;
#2369 = CIRCLE ( 'NONE', #7293, 0.01000000000000001929 ) ;
#2370 = CARTESIAN_POINT ( 'NONE',  ( -0.7823973502098681143, -0.2204271540078574509, 0.009999999999999998473 ) ) ;
#2371 = VERTEX_POINT ( 'NONE', #2880 ) ;
#2372 = ORIENTED_EDGE ( 'NONE', *, *, #5524, .T. ) ;
#2373 = ORIENTED_EDGE ( 'NONE', *, *, #4077, .F. ) ;
#2374 = DIRECTION ( 'NONE',  ( 0.2464192080397827611, -0.9691633370640091449, 0.000000000000000000 ) ) ;
#2375 = CARTESIAN_POINT ( 'NONE',  ( -0.2879311484212128125, 0.6512906086554636209, 0.5000000000000000000 ) ) ;
#2376 = CARTESIAN_POINT ( 'NONE',  ( -0.1919689645055476512, -1.067714316560537620E-15, 0.5000000000000000000 ) ) ;
#2377 = AXIS2_PLACEMENT_3D ( 'NONE', #7619, #211, #1013 ) ;
#2378 = DIRECTION ( 'NONE',  ( 0.9843093805579263833, 0.1764512492040542779, -3.647876007872188375E-16 ) ) ;
#2379 = EDGE_CURVE ( 'NONE', #4671, #7865, #2924, .T. ) ;
#2380 = CARTESIAN_POINT ( 'NONE',  ( 0.1725832052997812727, 0.4745253685054763304, 0.1703500779047160130 ) ) ;
#2381 = CARTESIAN_POINT ( 'NONE',  ( -0.07222192602347576873, 0.04169734843104813682, 0.01000000000000000021 ) ) ;
#2382 = CARTESIAN_POINT ( 'NONE',  ( -0.5387903083033173113, 0.6042075664699849691, 0.000000000000000000 ) ) ;
#2383 = DIRECTION ( 'NONE',  ( -1.000000000000000000, 0.000000000000000000, 0.000000000000000000 ) ) ;
#2384 = ORIENTED_EDGE ( 'NONE', *, *, #6576, .T. ) ;
#2385 = CARTESIAN_POINT ( 'NONE',  ( 0.4117055280199308220, 0.5798294372753646231, 0.5000000000000000000 ) ) ;
#2386 = CARTESIAN_POINT ( 'NONE',  ( 0.1693479637828857187, -0.4808192774303037265, -2.134256245050205639E-18 ) ) ;
#2387 = CARTESIAN_POINT ( 'NONE',  ( -0.2752091497306691781, -0.6463838291628999366, 0.2547538490329978034 ) ) ;
#2388 = DIRECTION ( 'NONE',  ( 0.8660254037844380415, -0.5000000000000009992, 0.000000000000000000 ) ) ;
#2389 = CARTESIAN_POINT ( 'NONE',  ( 0.2830530366050681979, 0.3258544801800857815, 0.3306376102141763695 ) ) ;
#2390 = CARTESIAN_POINT ( 'NONE',  ( -0.7943354577131033212, 0.2149296879569149721, 0.000000000000000000 ) ) ;
#2391 = CARTESIAN_POINT ( 'NONE',  ( -0.3288989896030216076, -0.2725389833905179637, 0.2966765156263425074 ) ) ;
#2392 = CARTESIAN_POINT ( 'NONE',  ( 0.3436006682052186179, -0.7598603171522776423, 0.3260738240583951897 ) ) ;
#2393 = CARTESIAN_POINT ( 'NONE',  ( 0.2833595000139480513, 0.6672180389478131746, -0.000000000000000000 ) ) ;
#2394 = CARTESIAN_POINT ( 'NONE',  ( 0.5304887720216218128, -0.6223048158579947975, 0.4905280430908288136 ) ) ;
#2395 = CARTESIAN_POINT ( 'NONE',  ( 0.06764588407316202145, 0.4318728915606565577, 0.01034899496703158527 ) ) ;
#2396 = CARTESIAN_POINT ( 'NONE',  ( -0.2188985145526177734, 0.7923711919507963053, 0.000000000000000000 ) ) ;
#2397 = LINE ( 'NONE', #8255, #8497 ) ;
#2398 = CARTESIAN_POINT ( 'NONE',  ( 0.1355776593043067912, -0.4338431644321953939, 0.000000000000000000 ) ) ;
#2399 = CARTESIAN_POINT ( 'NONE',  ( -0.3010003182882109996, 0.7096842907037917980, 0.4905422744904086030 ) ) ;
#2400 = EDGE_LOOP ( 'NONE', ( #2505, #4716, #8587, #3867 ) ) ;
#2401 = ADVANCED_FACE ( 'NONE', ( #884 ), #4856, .T. ) ;
#2402 = CARTESIAN_POINT ( 'NONE',  ( -0.2751469177229858842, -0.6433578351329442002, 0.000000000000000000 ) ) ;
#2403 = ORIENTED_EDGE ( 'NONE', *, *, #2212, .F. ) ;
#2404 = CARTESIAN_POINT ( 'NONE',  ( 0.07417598251891673045, -0.4137806659619445160, 0.4903489949670250536 ) ) ;
#2405 = CARTESIAN_POINT ( 'NONE',  ( -0.3263642677356602961, -0.3785039699137356939, 0.01037314513849108000 ) ) ;
#2406 = CARTESIAN_POINT ( 'NONE',  ( -0.5765719102550084241, -0.5969916854968918551, 0.5000000000000000000 ) ) ;
#2407 = B_SPLINE_CURVE_WITH_KNOTS ( 'NONE', 3,
 ( #8115, #1418, #792, #3524, #157, #3444, #2780 ),
 .UNSPECIFIED., .F., .F.,
 ( 4, 3, 4 ),
 ( 0.0002633041030030394323, 0.006481459598394695085, 0.01247528583322763882 ),
 .UNSPECIFIED. ) ;
#2408 = CARTESIAN_POINT ( 'NONE',  ( 0.4278989402375205087, -0.09765066111133631488, 0.4904263678629613432 ) ) ;
#2409 = DIRECTION ( 'NONE',  ( 1.000000000000000000, 0.000000000000000000, 0.000000000000000000 ) ) ;
#2410 = CARTESIAN_POINT ( 'NONE',  ( 0.2286311328130097020, 0.7974977940875971338, 0.4903489949670350456 ) ) ;
#2411 = APPLICATION_PROTOCOL_DEFINITION ( 'draft international standard', 'automotive_design', 1998, #5354 ) ;
#2412 = CARTESIAN_POINT ( 'NONE',  ( 0.8298586721574187086, 0.08236325108313004295, 0.3260738260462579530 ) ) ;
#2413 = ORIENTED_EDGE ( 'NONE', *, *, #5646, .T. ) ;
#2414 = ORIENTED_EDGE ( 'NONE', *, *, #7568, .T. ) ;
#2415 = EDGE_CURVE ( 'NONE', #8153, #7431, #3495, .T. ) ;
#2416 = ORIENTED_EDGE ( 'NONE', *, *, #1758, .F. ) ;
#2417 = CARTESIAN_POINT ( 'NONE',  ( -0.09021097956087617553, 0.1562499999999989453, 0.4899999999999999911 ) ) ;
#2418 = CARTESIAN_POINT ( 'NONE',  ( -0.3047567932729199902, 0.6611197049787771451, 0.5000000000000000000 ) ) ;
#2419 = CARTESIAN_POINT ( 'NONE',  ( -0.4390425199129031619, -0.5986263603933656974, 0.4904674725033129068 ) ) ;
#2420 = CARTESIAN_POINT ( 'NONE',  ( -0.4325230760947578190, -0.5605587489260691614, 0.01041710402079409729 ) ) ;
#2421 = CARTESIAN_POINT ( 'NONE',  ( -0.6939503128813946375, -0.09378701840601810780, 6.926710335556409271E-16 ) ) ;
#2422 = CARTESIAN_POINT ( 'NONE',  ( -0.7900567167038878846, -0.2138521731340271015, 0.1701881940113506853 ) ) ;
#2423 = DIRECTION ( 'NONE',  ( -0.9329668726250511801, 0.3599622404978494727, 0.000000000000000000 ) ) ;
#2424 = DIRECTION ( 'NONE',  ( 0.4999999999999898970, -0.8660254037844445918, 0.000000000000000000 ) ) ;
#2425 = EDGE_LOOP ( 'NONE', ( #7892, #6691, #6010, #3953, #3063 ) ) ;
#2426 = LINE ( 'NONE', #5105, #3213 ) ;
#2427 = CARTESIAN_POINT ( 'NONE',  ( 0.08782776221395284522, -0.4302808411154355195, 0.01039185810727245862 ) ) ;
#2428 = EDGE_CURVE ( 'NONE', #864, #1755, #5321, .T. ) ;
#2429 = CARTESIAN_POINT ( 'NONE',  ( -0.4834878561127099461, -0.6326176340053993874, 0.5000000000000001110 ) ) ;
#2430 = CARTESIAN_POINT ( 'NONE',  ( 0.7823973502098569011, -0.2204271540078737712, 0.009999999999999998473 ) ) ;
#2431 = CARTESIAN_POINT ( 'NONE',  ( 0.2313852965306174569, -0.8071047074696127144, 0.5000000000000000000 ) ) ;
#2432 = CARTESIAN_POINT ( 'NONE',  ( -0.1074335809964392374, -0.4335406594295516669, 0.01041516670673441405 ) ) ;
#2433 = LINE ( 'NONE', #1727, #6716 ) ;
#2434 = EDGE_CURVE ( 'NONE', #7190, #7431, #3949, .T. ) ;
#2435 = CARTESIAN_POINT ( 'NONE',  ( -0.1574026187195899928, -0.4237503228811178024, 0.5000000000000001110 ) ) ;
#2436 = CARTESIAN_POINT ( 'NONE',  ( -0.4004751779392846656, 0.1485653885799915197, 0.2966765156263425074 ) ) ;
#2437 = CARTESIAN_POINT ( 'NONE',  ( -0.3063214047564271625, 0.2733298494706964399, 0.5000000000000001110 ) ) ;
#2438 = CARTESIAN_POINT ( 'NONE',  ( -0.3191592744554826999, 0.3245025408155050584, 0.000000000000000000 ) ) ;
#2439 = CARTESIAN_POINT ( 'NONE',  ( 0.4893492931039702953, 0.07649534371460035842, 0.4941087076981939274 ) ) ;
#2440 = DIRECTION ( 'NONE',  ( -0.9702823597568110969, 0.2419754994720630104, 0.000000000000000000 ) ) ;
#2441 = CIRCLE ( 'NONE', #5528, 0.01000000000000001929 ) ;
#2442 = ORIENTED_EDGE ( 'NONE', *, *, #3889, .F. ) ;
#2443 = CARTESIAN_POINT ( 'NONE',  ( -0.7375586629631945002, -0.1072167556488975299, 0.01053680002881214259 ) ) ;
#2444 = VERTEX_POINT ( 'NONE', #3243 ) ;
#2445 = CARTESIAN_POINT ( 'NONE',  ( -0.4509947830504239530, 0.07341874014217666944, 0.4999999999999999445 ) ) ;
#2446 = CARTESIAN_POINT ( 'NONE',  ( -0.3324124951561726604, -0.2682434064827279308, 0.000000000000000000 ) ) ;
#2447 = CARTESIAN_POINT ( 'NONE',  ( 0.1429753169424162751, 0.4261455369212466815, 0.4904246920857203151 ) ) ;
#2448 = CARTESIAN_POINT ( 'NONE',  ( -0.2003046611694584700, -0.7877954620204887792, 0.01034899496702500893 ) ) ;
#2449 = AXIS2_PLACEMENT_3D ( 'NONE', #3794, #1729, #6487 ) ;
#2450 = CARTESIAN_POINT ( 'NONE',  ( -0.4894415122910324434, -0.06663272750604992689, 0.5000000000000000000 ) ) ;
#2451 = CARTESIAN_POINT ( 'NONE',  ( -0.09021097956087610614, -0.1662500000000009803, 0.4899999999999999911 ) ) ;
#2452 = CARTESIAN_POINT ( 'NONE',  ( 0.3182800407219430472, 0.3496383890283280560, 0.01041668125975882264 ) ) ;
#2453 = EDGE_CURVE ( 'NONE', #6372, #2122, #5758, .T. ) ;
#2454 = CARTESIAN_POINT ( 'NONE',  ( 0.4278990077071052056, -0.09765061573400929396, 0.4904263678543379634 ) ) ;
#2455 = EDGE_LOOP ( 'NONE', ( #1129, #3212, #1765, #4704 ) ) ;
#2456 = VERTEX_POINT ( 'NONE', #4500 ) ;
#2457 = AXIS2_PLACEMENT_3D ( 'NONE', #2698, #6053, #75 ) ;
#2458 = ORIENTED_EDGE ( 'NONE', *, *, #1728, .T. ) ;
#2459 = ORIENTED_EDGE ( 'NONE', *, *, #8715, .T. ) ;
#2460 = CARTESIAN_POINT ( 'NONE',  ( 0.4127906590040656964, 0.1116106035164096399, 0.5000000000000000000 ) ) ;
#2461 = LINE ( 'NONE', #2644, #2301 ) ;
#2462 = CARTESIAN_POINT ( 'NONE',  ( -0.2462705574600076719, 0.7613307273981870793, 0.000000000000000000 ) ) ;
#2463 = CARTESIAN_POINT ( 'NONE',  ( -0.2890798856021854490, -0.3538635690248302379, 0.4999999999999999445 ) ) ;
#2464 = CARTESIAN_POINT ( 'NONE',  ( -0.1870151214018208607, 0.4571851470637369186, 0.4899999999999999911 ) ) ;
#2465 = FACE_OUTER_BOUND ( 'NONE', #1665, .T. ) ;
#2466 =( BOUNDED_SURFACE ( )  B_SPLINE_SURFACE ( 3, 2, ( 
 ( #5099, #7835, #1003 ),
 ( #8504, #333, #4528 ),
 ( #7785, #7078, #6515 ),
 ( #3036, #5762, #4483 ),
 ( #7744, #4435, #474 ),
 ( #1090, #1045, #2515 ),
 ( #1714, #1855, #7176 ),
 ( #4730, #5583, #8158 ),
 ( #8283, #2246, #791 ),
 ( #6174, #1451, #3487 ),
 ( #4925, #1576, #6250 ),
 ( #119, #200, #7609 ),
 ( #6947, #914, #6294 ),
 ( #3443, #4806, #2950 ),
 ( #4767, #5463, #5501 ),
 ( #7446, #1417, #6793 ) ),
 .UNSPECIFIED., .F., .F., .F. ) 
 B_SPLINE_SURFACE_WITH_KNOTS ( ( 4, 2, 2, 2, 2, 2, 2, 4 ),
 ( 3, 3 ),
 ( -1.810617628050792405E-17, 0.0006302862152585677821, 0.001260572430517153562, 0.001890858645775739342, 0.002521144861034325339, 0.003151431076292910902, 0.003781717291551496898, 0.005042289722068668892 ),
 ( 0.000000000000000000, 1.000000000000000000 ),
 .UNSPECIFIED. ) 
 GEOMETRIC_REPRESENTATION_ITEM ( )  RATIONAL_B_SPLINE_SURFACE ( (
 ( 1.000000000000000000, 0.7193398003386507478, 1.000000000000000000),
 ( 1.000000000000000000, 0.7205199565867538292, 1.000000000000000000),
 ( 1.000000000000000000, 0.7215717791702050965, 1.000000000000000000),
 ( 1.000000000000000000, 0.7234275177348291619, 1.000000000000000000),
 ( 1.000000000000000000, 0.7242355191403992976, 1.000000000000000000),
 ( 1.000000000000000000, 0.7255236088335830225, 1.000000000000000000),
 ( 1.000000000000000000, 0.7260164974477943955, 1.000000000000000000),
 ( 1.000000000000000000, 0.7266854393936054146, 1.000000000000000000),
 ( 1.000000000000000000, 0.7268502996888318579, 1.000000000000000000),
 ( 1.000000000000000000, 0.7268528309979490620, 1.000000000000000000),
 ( 1.000000000000000000, 0.7266841580817061663, 1.000000000000000000),
 ( 1.000000000000000000, 0.7260260551323146627, 1.000000000000000000),
 ( 1.000000000000000000, 0.7255369467475146772, 1.000000000000000000),
 ( 1.000000000000000000, 0.7235863180380093240, 1.000000000000000000),
 ( 1.000000000000000000, 0.7217174982280631923, 1.000000000000000000),
 ( 1.000000000000000000, 0.7193398003386507478, 1.000000000000000000) ) ) 
 REPRESENTATION_ITEM ( '' )  SURFACE ( )  );
#2467 = CIRCLE ( 'NONE', #7658, 0.8396172724939445775 ) ;
#2468 = EDGE_CURVE ( 'NONE', #6927, #7165, #4616, .T. ) ;
#2469 = CARTESIAN_POINT ( 'NONE',  ( -0.2313852965306179565, 0.8071047074696126034, 0.5000000000000000000 ) ) ;
#2470 = DIRECTION ( 'NONE',  ( 0.8660254037844388186, -0.4999999999999998335, 0.000000000000000000 ) ) ;
#2471 = VERTEX_POINT ( 'NONE', #5827 ) ;
#2472 = CARTESIAN_POINT ( 'NONE',  ( 0.5832805319173839376, 0.6039378985925162313, 0.5000000000000000000 ) ) ;
#2473 = CARTESIAN_POINT ( 'NONE',  ( 0.2623744172942650277, -0.7807510024292597661, 0.4904903260095137552 ) ) ;
#2474 = MECHANICAL_DESIGN_GEOMETRIC_PRESENTATION_REPRESENTATION (  '', ( #6960 ), #3330 ) ;
#2475 = CARTESIAN_POINT ( 'NONE',  ( -0.4999040834918921927, -0.6349110834615061538, 0.4999999999999999445 ) ) ;
#2476 = CARTESIAN_POINT ( 'NONE',  ( -0.3110813693342871500, -0.3855554654225802347, 0.4903489949670249426 ) ) ;
#2477 = CARTESIAN_POINT ( 'NONE',  ( 0.4172835518016565493, 0.09343715900665558460, 0.5000000000000001110 ) ) ;
#2478 = CARTESIAN_POINT ( 'NONE',  ( -0.1536438413766617883, -0.4461039728124969739, 0.000000000000000000 ) ) ;
#2479 = EDGE_CURVE ( 'NONE', #5574, #4701, #4057, .T. ) ;
#2480 = CARTESIAN_POINT ( 'NONE',  ( 0.5623748008350171190, -0.5949276934611832379, 0.000000000000000000 ) ) ;
#2481 = EDGE_LOOP ( 'NONE', ( #2761, #8319, #7386, #6891 ) ) ;
#2482 = CARTESIAN_POINT ( 'NONE',  ( 0.1380063385245080820, -0.4147714192354723384, 0.1684179791202119747 ) ) ;
#2483 = CARTESIAN_POINT ( 'NONE',  ( -0.1700558973939842733, -0.4347275761602569788, 0.4999999999999999445 ) ) ;
#2484 = CIRCLE ( 'NONE', #2635, 0.009999999999999995004 ) ;
#2485 = CARTESIAN_POINT ( 'NONE',  ( 0.4894415122910498184, 0.06663272750604755379, 0.4900000000000628853 ) ) ;
#2486 = DIRECTION ( 'NONE',  ( 0.000000000000000000, 0.000000000000000000, 1.000000000000000000 ) ) ;
#2487 = CARTESIAN_POINT ( 'NONE',  ( 0.1439767233791646173, 0.08312500000000104527, 0.5000000000000000000 ) ) ;
#2488 = EDGE_CURVE ( 'NONE', #7430, #5534, #3368, .T. ) ;
#2489 = CARTESIAN_POINT ( 'NONE',  ( 0.4117055280199182765, -0.5798294372753759474, 0.4899999999999999911 ) ) ;
#2490 = CARTESIAN_POINT ( 'NONE',  ( -0.08087690446855248794, 0.04669430256614372221, 0.01034899496702500893 ) ) ;
#2491 = AXIS2_PLACEMENT_3D ( 'NONE', #3801, #7015, #2440 ) ;
#2492 = ORIENTED_EDGE ( 'NONE', *, *, #2292, .F. ) ;
#2493 = CARTESIAN_POINT ( 'NONE',  ( 0.2615993877219542907, -0.7935918970884553447, 0.5000000000000000000 ) ) ;
#2494 = EDGE_LOOP ( 'NONE', ( #4075, #6138, #4949, #7810, #5666, #153 ) ) ;
#2495 = CARTESIAN_POINT ( 'NONE',  ( -0.7426865999765103199, -0.09861436732358680457, -0.000000000000000000 ) ) ;
#2496 = CARTESIAN_POINT ( 'NONE',  ( 0.1147074553269089997, 0.4147331604387347048, 0.4904180500256364317 ) ) ;
#2497 = CARTESIAN_POINT ( 'NONE',  ( 0.7901662921548511243, 0.2137311679064756165, 0.1732836465128083647 ) ) ;
#2498 = CARTESIAN_POINT ( 'NONE',  ( 0.000000000000000000, 0.000000000000000000, 0.5000000000000000000 ) ) ;
#2499 = CIRCLE ( 'NONE', #8554, 0.9728827275060553115 ) ;
#2500 = CARTESIAN_POINT ( 'NONE',  ( 0.7156279439350391458, 0.07662544913188691631, 0.4903829760152203510 ) ) ;
#2501 = CARTESIAN_POINT ( 'NONE',  ( 0.7744788562863716974, -0.1457503924551436791, 0.01057234243720663568 ) ) ;
#2502 = CARTESIAN_POINT ( 'NONE',  ( 0.4039136987338022844, -0.1238709564695381765, 0.4903936949262460154 ) ) ;
#2503 = VERTEX_POINT ( 'NONE', #7860 ) ;
#2504 = CARTESIAN_POINT ( 'NONE',  ( 0.1668640082869666807, -0.4453678419913754682, 0.4903933099792157080 ) ) ;
#2505 = ORIENTED_EDGE ( 'NONE', *, *, #7531, .T. ) ;
#2506 = VECTOR ( 'NONE', #3546, 39.37007874015748143 ) ;
#2507 = ORIENTED_EDGE ( 'NONE', *, *, #5143, .F. ) ;
#2508 = EDGE_LOOP ( 'NONE', ( #8055, #3726, #1172, #54 ) ) ;
#2509 = CARTESIAN_POINT ( 'NONE',  ( 0.3898704330929908535, 0.1286195851905068965, 0.5000000000000000000 ) ) ;
#2510 = CARTESIAN_POINT ( 'NONE',  ( -0.4487396798492317984, 0.1080343706549397459, 0.01042308825612712868 ) ) ;
#2511 = CARTESIAN_POINT ( 'NONE',  ( 0.000000000000000000, 0.000000000000000000, 0.009999999999999998473 ) ) ;
#2512 = CARTESIAN_POINT ( 'NONE',  ( -0.2729415932055229144, 0.7153021671595248820, 0.01057232532173369745 ) ) ;
#2513 = CARTESIAN_POINT ( 'NONE',  ( -0.2922170403066104427, -0.3038841477005392866, 0.5000000000000001110 ) ) ;
#2514 = CARTESIAN_POINT ( 'NONE',  ( -0.7499523174778655044, 0.1033398867747746669, -0.000000000000000000 ) ) ;
#2515 = CARTESIAN_POINT ( 'NONE',  ( 0.8042142284106679195, -0.1484169066796523218, 0.4905276818448556231 ) ) ;
#2516 = CARTESIAN_POINT ( 'NONE',  ( 0.5706220108349484565, -0.5778403159962215430, 0.01041708390066037673 ) ) ;
#2517 = CIRCLE ( 'NONE', #814, 0.009999999999999968983 ) ;
#2518 = CARTESIAN_POINT ( 'NONE',  ( -0.5548208895290407394, -0.5985914537752171638, 0.000000000000000000 ) ) ;
#2519 = DIRECTION ( 'NONE',  ( -0.7193014226572390646, -0.6946981095146812502, 0.000000000000000000 ) ) ;
#2520 = ORIENTED_EDGE ( 'NONE', *, *, #807, .F. ) ;
#2521 = CARTESIAN_POINT ( 'NONE',  ( 0.3179354875286539706, -0.3344170841557279616, 0.01042312752873308240 ) ) ;
#2522 = CARTESIAN_POINT ( 'NONE',  ( 0.2965825097664468446, -0.7319717953805801036, 0.4905663007732029013 ) ) ;
#2523 = ADVANCED_FACE ( 'NONE', ( #7239 ), #7703, .T. ) ;
#2524 = CARTESIAN_POINT ( 'NONE',  ( 0.06609935683364101533, 0.4219993685819827256, 0.000000000000000000 ) ) ;
#2525 =( BOUNDED_SURFACE ( )  B_SPLINE_SURFACE ( 3, 2, ( 
 ( #4831, #7512, #1478 ),
 ( #2892, #2274, #6413 ),
 ( #5086, #8397, #6367 ),
 ( #6894, #4375, #8350 ),
 ( #6235, #5614, #6933 ),
 ( #2319, #7063, #6326 ),
 ( #366, #899, #4240 ),
 ( #987, #5568, #7638 ),
 ( #274, #3588, #3669 ),
 ( #857, #3549, #2979 ),
 ( #186, #6279, #1032 ),
 ( #3068, #230, #2937 ),
 ( #318, #8267, #1608 ),
 ( #5658, #8313, #3022 ) ),
 .UNSPECIFIED., .F., .F., .F. ) 
 B_SPLINE_SURFACE_WITH_KNOTS ( ( 4, 2, 2, 2, 2, 2, 4 ),
 ( 3, 3 ),
 ( 1.084202172485504434E-19, 0.0008346611135472067899, 0.001251991670320810185, 0.001669322227094413363, 0.002086652783868016541, 0.002503983340641619936, 0.003338644454188826726 ),
 ( 0.000000000000000000, 1.000000000000000000 ),
 .UNSPECIFIED. ) 
 GEOMETRIC_REPRESENTATION_ITEM ( )  RATIONAL_B_SPLINE_SURFACE ( (
 ( 1.000000000000000000, 0.6946583704589971431, 1.000000000000000000),
 ( 1.000000000000000000, 0.6937907826654695631, 1.000000000000000000),
 ( 1.000000000000000000, 0.6931277949528333870, 1.000000000000000000),
 ( 1.000000000000000000, 0.6924456476119221771, 1.000000000000000000),
 ( 1.000000000000000000, 0.6922729346302334275, 1.000000000000000000),
 ( 1.000000000000000000, 0.6920444512839734053, 1.000000000000000000),
 ( 1.000000000000000000, 0.6919866958679030677, 1.000000000000000000),
 ( 1.000000000000000000, 0.6919852496725122926, 1.000000000000000000),
 ( 1.000000000000000000, 0.6920430171156847221, 1.000000000000000000),
 ( 1.000000000000000000, 0.6922710330110398713, 1.000000000000000000),
 ( 1.000000000000000000, 0.6924405880961503890, 1.000000000000000000),
 ( 1.000000000000000000, 0.6931142014349742642, 1.000000000000000000),
 ( 1.000000000000000000, 0.6937913703810673072, 1.000000000000000000),
 ( 1.000000000000000000, 0.6946583704589971431, 1.000000000000000000) ) ) 
 REPRESENTATION_ITEM ( '' )  SURFACE ( )  );
#2526 = CARTESIAN_POINT ( 'NONE',  ( -0.3022678610497015472, -0.3671923911494971993, 0.4903933099792158745 ) ) ;
#2527 = CARTESIAN_POINT ( 'NONE',  ( 0.4215874694945031531, 0.08988660783190340064, 0.4999999999999998335 ) ) ;
#2528 = CARTESIAN_POINT ( 'NONE',  ( -0.1216178504541759325, -0.4382433957946934577, 0.01042308903936533561 ) ) ;
#2529 = CARTESIAN_POINT ( 'NONE',  ( 0.5011448068636719100, -0.09348936085653700157, 0.007463728527815797348 ) ) ;
#2530 = CARTESIAN_POINT ( 'NONE',  ( -0.2994479437524233956, -0.7248324110776122042, 0.4905662028763859150 ) ) ;
#2531 = TOROIDAL_SURFACE ( 'NONE', #2796, 0.4103827275060554780, 0.01000000000000000021 ) ;
#2532 = ORIENTED_EDGE ( 'NONE', *, *, #953, .F. ) ;
#2533 = EDGE_CURVE ( 'NONE', #8717, #7631, #484, .T. ) ;
#2534 = CARTESIAN_POINT ( 'NONE',  ( -9.861638384774427728E-16, -0.08339469686209419197, 0.01000000000000000021 ) ) ;
#2535 = CARTESIAN_POINT ( 'NONE',  ( 0.1246700895462691389, -0.4171944530687975994, 0.5000000000000000000 ) ) ;
#2536 = LINE ( 'NONE', #5212, #4564 ) ;
#2537 = CARTESIAN_POINT ( 'NONE',  ( -0.07417598251891699412, 0.4137806659619445160, 0.4903489949670250536 ) ) ;
#2538 = CARTESIAN_POINT ( 'NONE',  ( 0.1725712293598067049, 0.4745514371358294792, 0.1696798239621650217 ) ) ;
#2539 = CARTESIAN_POINT ( 'NONE',  ( -0.1429751277076544147, -0.4261454293187481035, 0.4904246921605975307 ) ) ;
#2540 = ORIENTED_EDGE ( 'NONE', *, *, #2533, .T. ) ;
#2541 = EDGE_CURVE ( 'NONE', #4614, #1303, #4060, .T. ) ;
#2542 = CARTESIAN_POINT ( 'NONE',  ( -0.2610139593321666451, -0.7435840644874619487, 0.01057231095252479137 ) ) ;
#2543 = ADVANCED_FACE ( 'NONE', ( #3982 ), #419, .F. ) ;
#2544 = ORIENTED_EDGE ( 'NONE', *, *, #4496, .T. ) ;
#2545 = CARTESIAN_POINT ( 'NONE',  ( -0.4894415122910312221, 0.06663272750606080708, 0.5000000000000000000 ) ) ;
#2546 = CARTESIAN_POINT ( 'NONE',  ( 0.1813946401760689053, 0.4474501883214999087, 0.5000000000000000000 ) ) ;
#2547 = CARTESIAN_POINT ( 'NONE',  ( -0.07707669708368744543, -0.4202799462693108667, 0.000000000000000000 ) ) ;
#2548 = CARTESIAN_POINT ( 'NONE',  ( -0.1537611665538826111, 0.4461995353593529168, -0.000000000000000000 ) ) ;
#2549 = CARTESIAN_POINT ( 'NONE',  ( -0.8111338118138227138, -0.1375563665529690172, 0.5000000000000002220 ) ) ;
#2550 = EDGE_LOOP ( 'NONE', ( #663, #853, #786, #417 ) ) ;
#2551 = ORIENTED_EDGE ( 'NONE', *, *, #6051, .T. ) ;
#2552 = ORIENTED_EDGE ( 'NONE', *, *, #249, .T. ) ;
#2553 = ORIENTED_EDGE ( 'NONE', *, *, #6938, .T. ) ;
#2554 = CARTESIAN_POINT ( 'NONE',  ( 0.1646110338483755264, -0.4718901973955926810, 0.01037314937198704178 ) ) ;
#2555 = CARTESIAN_POINT ( 'NONE',  ( -0.4024918883123207447, 0.1434403192643491365, 0.000000000000000000 ) ) ;
#2556 = CARTESIAN_POINT ( 'NONE',  ( 0.3250784036649247422, 0.2718432444256338454, 0.3935128503261026145 ) ) ;
#2557 = CARTESIAN_POINT ( 'NONE',  ( -0.4686548886718361340, -0.5887097263603883190, 0.01055220344049790336 ) ) ;
#2558 = CARTESIAN_POINT ( 'NONE',  ( -0.4894415122910329985, -0.07662663577624088951, 0.4903489949670250536 ) ) ;
#2559 = CARTESIAN_POINT ( 'NONE',  ( 0.5056363734500088913, -0.5977630872212797986, 0.01057748734879389134 ) ) ;
#2560 = CARTESIAN_POINT ( 'NONE',  ( 0.3213931831182618160, -0.3096454646430909508, 0.01041668432707556179 ) ) ;
#2561 = ORIENTED_EDGE ( 'NONE', *, *, #1162, .F. ) ;
#2562 = CARTESIAN_POINT ( 'NONE',  ( 0.3190711974466828305, -0.3494197393732796364, 0.000000000000000000 ) ) ;
#2563 = CARTESIAN_POINT ( 'NONE',  ( 0.07761333486747323818, -0.4307027134313024530, 2.940488354842614600E-14 ) ) ;
#2564 = CARTESIAN_POINT ( 'NONE',  ( 0.4278576833040950711, 0.5542965245916281480, 0.01038463228035733411 ) ) ;
#2565 = CARTESIAN_POINT ( 'NONE',  ( 0.2691395511542782337, 0.6547124702733518875, 0.01041648123579024497 ) ) ;
#2566 = CARTESIAN_POINT ( 'NONE',  ( -0.2975668354560019879, -0.3369754910905288781, 0.4904246540408356281 ) ) ;
#2567 = CARTESIAN_POINT ( 'NONE',  ( 0.4615130733774090999, 0.07009106087357813708, 0.4999999999999999445 ) ) ;
#2568 = CARTESIAN_POINT ( 'NONE',  ( -0.1203598450349658289, -0.4270295511246314790, 0.000000000000000000 ) ) ;
#2569 = DIRECTION ( 'NONE',  ( -0.5000000000000104361, -0.8660254037844324904, 0.000000000000000000 ) ) ;
#2570 = CARTESIAN_POINT ( 'NONE',  ( -0.5820985525111133096, 0.5673666560794293767, 0.01034899496702500546 ) ) ;
#2571 = EDGE_CURVE ( 'NONE', #935, #7190, #95, .T. ) ;
#2572 = ORIENTED_EDGE ( 'NONE', *, *, #5645, .F. ) ;
#2573 = DIRECTION ( 'NONE',  ( -1.000000000000000000, -1.892679809432641924E-16, 0.000000000000000000 ) ) ;
#2574 = CARTESIAN_POINT ( 'NONE',  ( 0.7079997865524694234, 0.06663272750604717909, 0.5000000000000000000 ) ) ;
#2575 = CARTESIAN_POINT ( 'NONE',  ( 0.2665698469849928642, -0.6427999557006945919, 0.09181588974872853526 ) ) ;
#2576 = CARTESIAN_POINT ( 'NONE',  ( -0.3005142443835656096, 0.2828548426804102789, 0.5000000000000001110 ) ) ;
#2577 = CARTESIAN_POINT ( 'NONE',  ( 0.1353027212063708240, 0.4214443850843852535, 0.005824648959441177526 ) ) ;
#2578 = CARTESIAN_POINT ( 'NONE',  ( -0.1735520973954687574, -0.4531319624734269635, 0.5000000000000681677 ) ) ;
#2579 = ADVANCED_FACE ( 'NONE', ( #2889 ), #1093, .T. ) ;
#2580 = CARTESIAN_POINT ( 'NONE',  ( 0.8077929008960269552, -0.1858799176740460191, 0.4904132927943277154 ) ) ;
#2581 = VERTEX_POINT ( 'NONE', #4912 ) ;
#2582 = CARTESIAN_POINT ( 'NONE',  ( -0.2708065935199369667, -0.7226397870026645132, 0.01057741574510049840 ) ) ;
#2583 = VERTEX_POINT ( 'NONE', #2228 ) ;
#2584 = CARTESIAN_POINT ( 'NONE',  ( -0.8080693969630685647, 0.1708173079839484798, 0.4904669220042781053 ) ) ;
#2585 = CARTESIAN_POINT ( 'NONE',  ( 0.1293639660815388559, 0.4189484293538109361, 0.5000000000000000000 ) ) ;
#2586 = CARTESIAN_POINT ( 'NONE',  ( -0.4781614630217170814, -0.6209092870885719595, 0.4905613951453544064 ) ) ;
#2587 = CARTESIAN_POINT ( 'NONE',  ( -0.07707672846090835028, 0.4202799413545781348, 0.000000000000000000 ) ) ;
#2588 = CARTESIAN_POINT ( 'NONE',  ( 0.4429092322955072158, -0.5716131043643667420, 0.01047288138762532926 ) ) ;
#2589 = CIRCLE ( 'NONE', #3693, 0.01000000000000001062 ) ;
#2590 = ADVANCED_FACE ( 'NONE', ( #8218 ), #810, .T. ) ;
#2591 = DIRECTION ( 'NONE',  ( 1.000000000000000000, 0.000000000000000000, 0.000000000000000000 ) ) ;
#2592 = ORIENTED_EDGE ( 'NONE', *, *, #5823, .T. ) ;
#2593 = VERTEX_POINT ( 'NONE', #3019 ) ;
#2594 = ORIENTED_EDGE ( 'NONE', *, *, #6730, .F. ) ;
#2595 = EDGE_LOOP ( 'NONE', ( #3934, #5313, #605, #7388 ) ) ;
#2596 = CIRCLE ( 'NONE', #4134, 0.009999999999999989800 ) ;
#2597 = CARTESIAN_POINT ( 'NONE',  ( 0.1696609409191244533, -0.4806385799964462691, 0.01034899496703637484 ) ) ;
#2598 = CARTESIAN_POINT ( 'NONE',  ( -0.4300679004050325660, 0.1092203462977046902, 0.000000000000000000 ) ) ;
#2599 = DIRECTION ( 'NONE',  ( 0.5000000000000102141, 0.8660254037844326014, 0.000000000000000000 ) ) ;
#2600 = CARTESIAN_POINT ( 'NONE',  ( -0.2753618752946975223, 0.6924947156172784890, 0.000000000000000000 ) ) ;
#2601 = CARTESIAN_POINT ( 'NONE',  ( -0.4294861048078309484, -0.1240307937317297049, 6.837913430072715708E-15 ) ) ;
#2602 = CARTESIAN_POINT ( 'NONE',  ( -0.4495555945525860353, 0.08434712698449045587, 0.5000000000000048850 ) ) ;
#2603 = CARTESIAN_POINT ( 'NONE',  ( -0.5792013140158908113, 0.5824238627822933001, 0.2547538490329978034 ) ) ;
#2604 = CARTESIAN_POINT ( 'NONE',  ( -0.7820911421904236382, -0.1090212347883190436, 0.4905662334674567582 ) ) ;
#2605 = CARTESIAN_POINT ( 'NONE',  ( -0.8052147011333475879, -0.2005310206600301459, 0.4956723049532018033 ) ) ;
#2606 = B_SPLINE_CURVE_WITH_KNOTS ( 'NONE', 3,
 ( #4987, #2173, #4858, #8209, #7625, #4227, #7542 ),
 .UNSPECIFIED., .F., .F.,
 ( 4, 3, 4 ),
 ( 0.0002633878902120755138, 0.006483476376054284236, 0.01247908642204295301 ),
 .UNSPECIFIED. ) ;
#2607 = CARTESIAN_POINT ( 'NONE',  ( -0.5704695309312850515, -0.5774070810228059125, -2.258787813107515655E-16 ) ) ;
#2608 = ADVANCED_FACE ( 'NONE', ( #854 ), #3584, .T. ) ;
#2609 = VERTEX_POINT ( 'NONE', #984 ) ;
#2610 = CARTESIAN_POINT ( 'NONE',  ( 0.5892552948225924236, 0.5743422737581783677, 0.01000000000000000021 ) ) ;
#2611 = CARTESIAN_POINT ( 'NONE',  ( 0.3314147498562395322, 0.3872499748641555772, 0.01034899496703638004 ) ) ;
#2612 = CARTESIAN_POINT ( 'NONE',  ( 0.1643121218194582012, 0.4721468491067231654, 0.000000000000000000 ) ) ;
#2613 = CARTESIAN_POINT ( 'NONE',  ( -0.5708516623191294270, -0.6020493860363128613, 0.4903829658246939838 ) ) ;
#2614 = AXIS2_PLACEMENT_3D ( 'NONE', #8233, #6869, #1672 ) ;
#2615 = CARTESIAN_POINT ( 'NONE',  ( 0.3093411705292797298, -0.2876484098167629844, 0.4903933141719572508 ) ) ;
#2616 = CARTESIAN_POINT ( 'NONE',  ( 0.4508520974605610410, 0.07347406294990090070, 0.5000000000000000000 ) ) ;
#2617 = CARTESIAN_POINT ( 'NONE',  ( -0.08757497785236108279, -0.4306726796976261262, -1.017555938412610081E-14 ) ) ;
#2618 = DIRECTION ( 'NONE',  ( 0.8654978445076819682, 0.4996954135095383887, 0.03489949670250105246 ) ) ;
#2619 = CARTESIAN_POINT ( 'NONE',  ( -0.7857153366309158615, 0.2054055220312776542, 0.01041646126645639873 ) ) ;
#2620 = ORIENTED_EDGE ( 'NONE', *, *, #5598, .T. ) ;
#2621 = DIRECTION ( 'NONE',  ( -0.5000000000000114353, -0.8660254037844322683, -1.707404996040203609E-15 ) ) ;
#2622 = CARTESIAN_POINT ( 'NONE',  ( 0.2622222604158108705, -0.6409716716399461722, 0.01000000000000000021 ) ) ;
#2623 = PLANE ( 'NONE',  #3712 ) ;
#2624 = CARTESIAN_POINT ( 'NONE',  ( 0.4862580038552273831, -0.6774970661006730621, 0.3260738260461087945 ) ) ;
#2625 = CARTESIAN_POINT ( 'NONE',  ( -0.3095154524964485732, 0.3561114561734698980, 0.000000000000000000 ) ) ;
#2626 = CARTESIAN_POINT ( 'NONE',  ( 0.5833017220635482447, 0.5804504333551080419, 0.000000000000000000 ) ) ;
#2627 = CARTESIAN_POINT ( 'NONE',  ( -0.2833594999819860627, -0.6672180389596736871, 0.000000000000000000 ) ) ;
#2628 = VERTEX_POINT ( 'NONE', #5565 ) ;
#2629 = CARTESIAN_POINT ( 'NONE',  ( -0.2409849607093351442, 0.7797847117873120126, 0.000000000000000000 ) ) ;
#2630 = EDGE_CURVE ( 'NONE', #6735, #6506, #3009, .T. ) ;
#2631 = CARTESIAN_POINT ( 'NONE',  ( 0.08354738834730172925, 0.4019474918382220929, 0.5000000000000000000 ) ) ;
#2632 = CARTESIAN_POINT ( 'NONE',  ( -0.08803188195492987755, -0.4202300258305141090, -0.000000000000000000 ) ) ;
#2633 = CARTESIAN_POINT ( 'NONE',  ( 0.7705927724181244054, -0.1391625931620608658, 0.01057740845385126208 ) ) ;
#2634 = CARTESIAN_POINT ( 'NONE',  ( 0.4488867302873359999, -0.5766673782583355834, 0.01049750224473788157 ) ) ;
#2635 = AXIS2_PLACEMENT_3D ( 'NONE', #4815, #4853, #7581 ) ;
#2636 = CARTESIAN_POINT ( 'NONE',  ( -0.8146658284480057244, -0.2031668088770782754, 0.5000000000000000000 ) ) ;
#2637 = ORIENTED_EDGE ( 'NONE', *, *, #2008, .F. ) ;
#2638 = ORIENTED_EDGE ( 'NONE', *, *, #8467, .T. ) ;
#2639 = ORIENTED_EDGE ( 'NONE', *, *, #7671, .T. ) ;
#2640 = ORIENTED_EDGE ( 'NONE', *, *, #6217, .F. ) ;
#2641 = STYLED_ITEM ( 'NONE', ( #4028 ), #1487 ) ;
#2642 = DIRECTION ( 'NONE',  ( -0.4999999999999904521, 0.8660254037844441477, -1.735775719201646076E-18 ) ) ;
#2643 = CARTESIAN_POINT ( 'NONE',  ( -0.07422613828818978854, -0.4136382831758080303, 0.4941087076981939274 ) ) ;
#2644 = CARTESIAN_POINT ( 'NONE',  ( 0.4205761363715693202, -0.5752059650940986035, 0.4903489949670249426 ) ) ;
#2645 = EDGE_CURVE ( 'NONE', #4170, #8306, #6930, .T. ) ;
#2646 = CARTESIAN_POINT ( 'NONE',  ( -0.4164111528487521308, -0.1392802758433177857, 0.01039148504638526607 ) ) ;
#2647 = CARTESIAN_POINT ( 'NONE',  ( -0.4791550075468548608, -0.07662575642749781812, 0.4903741762203596699 ) ) ;
#2648 = DIRECTION ( 'NONE',  ( 1.000000000000000000, 0.000000000000000000, 0.000000000000000000 ) ) ;
#2649 = CARTESIAN_POINT ( 'NONE',  ( -0.5708792706629078895, 0.5782524639067041505, -4.487965054756772270E-14 ) ) ;
#2650 = CARTESIAN_POINT ( 'NONE',  ( -0.5134400418224237539, -0.5972360670147213169, -7.646978659452197149E-16 ) ) ;
#2651 = AXIS2_PLACEMENT_3D ( 'NONE', #4956, #4284, #4915 ) ;
#2652 = ORIENTED_EDGE ( 'NONE', *, *, #1935, .T. ) ;
#2653 = DIRECTION ( 'NONE',  ( -0.5000000000000025535, -0.8660254037844372643, 1.737875511072086230E-13 ) ) ;
#2654 = CARTESIAN_POINT ( 'NONE',  ( 0.1582258502441523940, 0.4639328466131971695, 0.01039185439229435917 ) ) ;
#2655 = EDGE_CURVE ( 'NONE', #3853, #6654, #682, .T. ) ;
#2656 = CARTESIAN_POINT ( 'NONE',  ( 0.000000000000000000, 0.000000000000000000, 0.5000000000000000000 ) ) ;
#2657 = AXIS2_PLACEMENT_3D ( 'NONE', #7679, #4953, #2847 ) ;
#2658 = CARTESIAN_POINT ( 'NONE',  ( 0.3018389198217050762, -0.3670871980474319507, 0.5000000000000001110 ) ) ;
#2659 = CARTESIAN_POINT ( 'NONE',  ( 0.2976235907116677737, 0.3319035873316592555, 0.4904263270675874309 ) ) ;
#2660 = CARTESIAN_POINT ( 'NONE',  ( -0.3193719320116865656, 0.3543997486566620170, 0.01041051800422893372 ) ) ;
#2661 = CARTESIAN_POINT ( 'NONE',  ( -0.4219855913717909246, -0.1167729043482741980, 0.000000000000000000 ) ) ;
#2662 = CARTESIAN_POINT ( 'NONE',  ( 0.5892552948225880938, -0.5743422737582010162, 0.000000000000000000 ) ) ;
#2663 = VERTEX_POINT ( 'NONE', #6364 ) ;
#2664 = CARTESIAN_POINT ( 'NONE',  ( -0.3954325595773463542, -0.1426520477689101618, 0.4903489949670249426 ) ) ;
#2665 = AXIS2_PLACEMENT_3D ( 'NONE', #4537, #1238, #6004 ) ;
#2666 = CARTESIAN_POINT ( 'NONE',  ( -0.1432950558362796056, 0.4013050629795705815, 0.4923896967737305119 ) ) ;
#2667 = CARTESIAN_POINT ( 'NONE',  ( -0.5230780173301549096, 0.6238020049284500601, 0.4905422489912568129 ) ) ;
#2668 = DIRECTION ( 'NONE',  ( 0.000000000000000000, 0.000000000000000000, 1.000000000000000000 ) ) ;
#2669 = CARTESIAN_POINT ( 'NONE',  ( 0.08829856165760698039, -0.4202499145566354066, -0.000000000000000000 ) ) ;
#2670 = CARTESIAN_POINT ( 'NONE',  ( -0.2723591522825331568, -0.7151543499744206223, 0.000000000000000000 ) ) ;
#2671 = ORIENTED_EDGE ( 'NONE', *, *, #5562, .F. ) ;
#2672 = CARTESIAN_POINT ( 'NONE',  ( -0.2973301831599221012, -0.3278977863077469634, 0.005824649011643551026 ) ) ;
#2673 = CARTESIAN_POINT ( 'NONE',  ( 0.1292111037836214393, 0.4193278495677667528, 0.4904263279545302279 ) ) ;
#2674 = CARTESIAN_POINT ( 'NONE',  ( -0.8080604753502077520, -0.1706551983762813196, 0.4904674462092140086 ) ) ;
#2675 = CARTESIAN_POINT ( 'NONE',  ( -0.1099244064223411921, 0.4238509452386156062, -0.000000000000000000 ) ) ;
#2676 = CARTESIAN_POINT ( 'NONE',  ( 0.4242943220819234140, -0.5473993232089002792, 3.628235616585349741E-17 ) ) ;
#2677 = PLANE ( 'NONE',  #1638 ) ;
#2678 = CARTESIAN_POINT ( 'NONE',  ( 0.4321278380860053003, -0.6058758690223556842, 0.5000000000000000000 ) ) ;
#2679 = EDGE_CURVE ( 'NONE', #4801, #2471, #6033, .T. ) ;
#2680 = ORIENTED_EDGE ( 'NONE', *, *, #8509, .F. ) ;
#2681 = ORIENTED_EDGE ( 'NONE', *, *, #8388, .F. ) ;
#2682 = ORIENTED_EDGE ( 'NONE', *, *, #3638, .F. ) ;
#2683 = EDGE_LOOP ( 'NONE', ( #5319, #2553, #406, #604 ) ) ;
#2684 = CARTESIAN_POINT ( 'NONE',  ( -0.4258380164193970585, 0.1273514465262618744, 0.01041052164822881161 ) ) ;
#2685 = CARTESIAN_POINT ( 'NONE',  ( 0.7032692688033459483, -0.08439637880717917873, -0.000000000000000000 ) ) ;
#2686 = CARTESIAN_POINT ( 'NONE',  ( 0.2520090566256408815, 0.7559475229403247454, 0.01055218162561912497 ) ) ;
#2687 = DIRECTION ( 'NONE',  ( 1.000000000000000000, -1.133066583063283756E-14, 0.000000000000000000 ) ) ;
#2688 = CARTESIAN_POINT ( 'NONE',  ( -0.7958058502452067806, 0.1811932579893771600, 0.000000000000000000 ) ) ;
#2689 = CARTESIAN_POINT ( 'NONE',  ( -0.8089290077337430995, -0.1706069835098944776, 0.4904714806062672738 ) ) ;
#2690 = CARTESIAN_POINT ( 'NONE',  ( -0.4884119205936245933, 0.6056543417223584358, 0.000000000000000000 ) ) ;
#2691 = CARTESIAN_POINT ( 'NONE',  ( 0.7031018142451433972, 0.08437209215295309039, 0.000000000000000000 ) ) ;
#2692 = EDGE_CURVE ( 'NONE', #5985, #7735, #8394, .T. ) ;
#2693 = EDGE_LOOP ( 'NONE', ( #1571, #3770, #8538, #3583, #3040, #7385, #4738, #312 ) ) ;
#2694 = CARTESIAN_POINT ( 'NONE',  ( -0.7200268608263239445, 0.08734909190153992975, 0.000000000000000000 ) ) ;
#2695 = CARTESIAN_POINT ( 'NONE',  ( 0.1754834747856767740, -0.4683741336622097573, 0.3303501167231997493 ) ) ;
#2696 = CARTESIAN_POINT ( 'NONE',  ( 0.1353979362341268811, 0.4337459297214863452, 0.000000000000000000 ) ) ;
#2697 = CARTESIAN_POINT ( 'NONE',  ( 0.09021097956088186542, 0.1562499999999989730, 0.01000000000000002970 ) ) ;
#2698 = CARTESIAN_POINT ( 'NONE',  ( -0.2708825144536701202, -0.6359716716399399505, 0.01000000000000373333 ) ) ;
#2699 = CARTESIAN_POINT ( 'NONE',  ( -0.2809368253450680863, -0.7774790261832627003, 0.4999999999999999445 ) ) ;
#2700 = CARTESIAN_POINT ( 'NONE',  ( 1.100145357981850230E-15, 0.09338860513228541826, 0.01034899496702501066 ) ) ;
#2701 = CARTESIAN_POINT ( 'NONE',  ( -0.4324278558540484152, 0.5604379235994220165, 0.01041648123579024497 ) ) ;
#2702 = ADVANCED_FACE ( 'NONE', ( #5040 ), #7726, .T. ) ;
#2703 = EDGE_CURVE ( 'NONE', #1080, #2225, #8168, .T. ) ;
#2704 =( BOUNDED_CURVE ( )  B_SPLINE_CURVE ( 3, ( #6100, #3456, #6143, #5510 ),
 .UNSPECIFIED., .F., .T. ) 
 B_SPLINE_CURVE_WITH_KNOTS ( ( 4, 4 ),
 ( 0.000000000000000000, 1.570796326794894116 ),
 .UNSPECIFIED. ) 
 CURVE ( )  GEOMETRIC_REPRESENTATION_ITEM ( )  RATIONAL_B_SPLINE_CURVE ( ( 1.000000000000000000, 0.8047378541243654926, 0.8047378541243654926, 1.000000000000000000 ) ) 
 REPRESENTATION_ITEM ( '' )  );
#2705 = CARTESIAN_POINT ( 'NONE',  ( 0.7863974213623867726, 0.1899072371498330136, 0.01047349858041839513 ) ) ;
#2706 = CARTESIAN_POINT ( 'NONE',  ( -0.4238415107004737670, -0.1009916586421415047, 0.4904246557902704473 ) ) ;
#2707 = DIRECTION ( 'NONE',  ( 0.000000000000000000, 0.000000000000000000, 1.000000000000000000 ) ) ;
#2708 = CARTESIAN_POINT ( 'NONE',  ( -0.1617956437127330838, -0.4271864012045248349, 0.5000000000000000000 ) ) ;
#2709 = B_SPLINE_CURVE_WITH_KNOTS ( 'NONE', 3,
 ( #2385, #7792, #8556, #7134, #5240, #5767, #5063, #7748, #7084, #7840, #3736, #8598, #1051, #1861, #1143, #386, #1907, #2472 ),
 .UNSPECIFIED., .F., .F.,
 ( 4, 2, 2, 2, 2, 2, 2, 2, 4 ),
 ( 0.000000000000000000, 0.0006380346551507851821, 0.001276069310301570364, 0.001914103965452352511, 0.002552138620603135091, 0.003190173275753917237, 0.003828207930904699383, 0.004466242586055482397, 0.005104277241206266712 ),
 .UNSPECIFIED. ) ;
#2710 = CARTESIAN_POINT ( 'NONE',  ( -9.061297673601052179E-16, -0.07662663577624623246, 0.4903489949670248871 ) ) ;
#2711 = EDGE_CURVE ( 'NONE', #5121, #465, #4799, .T. ) ;
#2712 = CYLINDRICAL_SURFACE ( 'NONE', #6172, 0.01000000000000000715 ) ;
#2713 = ORIENTED_EDGE ( 'NONE', *, *, #6071, .F. ) ;
#2714 = CARTESIAN_POINT ( 'NONE',  ( 0.6899660146808119787, 0.09054371847839688681, 0.09181588974873090836 ) ) ;
#2715 = CARTESIAN_POINT ( 'NONE',  ( -0.3018370180322959562, -0.7019668254077672254, 0.5000000000000000000 ) ) ;
#2716 = CARTESIAN_POINT ( 'NONE',  ( 0.2622275360085785101, -0.6409686257750416560, 0.01034899496702498464 ) ) ;
#2717 = CARTESIAN_POINT ( 'NONE',  ( 0.7744794800693601822, -0.1457514601292387024, 0.01057234158383331055 ) ) ;
#2718 = CARTESIAN_POINT ( 'NONE',  ( 0.4239813449456851235, -0.5475800206427575700, 0.01034899496702500546 ) ) ;
#2719 = DIRECTION ( 'NONE',  ( -0.8660254037844774544, -0.4999999999999327760, 0.000000000000000000 ) ) ;
#2720 = CARTESIAN_POINT ( 'NONE',  ( -0.08782729658741769696, 0.4302808157768677755, 0.01039185735669843208 ) ) ;
#2721 = ORIENTED_EDGE ( 'NONE', *, *, #1214, .T. ) ;
#2722 = EDGE_LOOP ( 'NONE', ( #5039, #4863, #5522, #824 ) ) ;
#2723 = ORIENTED_EDGE ( 'NONE', *, *, #5337, .F. ) ;
#2724 = VERTEX_POINT ( 'NONE', #509 ) ;
#2725 = CARTESIAN_POINT ( 'NONE',  ( 0.2914773968736318888, 0.7460347561381749371, 0.5000000000000000000 ) ) ;
#2726 = CARTESIAN_POINT ( 'NONE',  ( -0.4900514125533773080, -0.6613907087230831428, 0.001385477198296203001 ) ) ;
#2727 = CARTESIAN_POINT ( 'NONE',  ( 0.2755328346348437374, 0.7000463548985088602, 0.01055193097138378867 ) ) ;
#2728 = CARTESIAN_POINT ( 'NONE',  ( 0.4781603032058349689, 0.6209089738839316253, 0.4905613943066131633 ) ) ;
#2729 = CARTESIAN_POINT ( 'NONE',  ( -0.4909743807338479149, -0.09338776163895466664, 0.01037314945552554254 ) ) ;
#2730 = CARTESIAN_POINT ( 'NONE',  ( 0.2809368253450683639, 0.7774790261832625893, 0.4999999999999998335 ) ) ;
#2731 = CARTESIAN_POINT ( 'NONE',  ( -0.5628190005868580759, 0.5957995649589193921, 0.000000000000000000 ) ) ;
#2732 = CARTESIAN_POINT ( 'NONE',  ( -0.5058140715570761392, -0.5977715414485695877, 0.01057740847479262183 ) ) ;
#2733 = EDGE_LOOP ( 'NONE', ( #2639, #8318, #5754, #8100 ) ) ;
#2734 = CIRCLE ( 'NONE', #5110, 0.8128553031379056604 ) ;
#2735 = CARTESIAN_POINT ( 'NONE',  ( -0.07241254492022004829, -0.4039435683031593616, 0.5000000000000000000 ) ) ;
#2736 = CARTESIAN_POINT ( 'NONE',  ( 0.1098644940399181175, 0.4238366943513711127, 0.000000000000000000 ) ) ;
#2737 = CARTESIAN_POINT ( 'NONE',  ( 0.2926575371453551955, -0.3700986037848155163, 0.5000000000000000000 ) ) ;
#2738 = ADVANCED_FACE ( 'NONE', ( #5221 ), #3617, .T. ) ;
#2739 = CARTESIAN_POINT ( 'NONE',  ( 0.2785452263672412720, -0.6512472418881939396, -0.000000000000000000 ) ) ;
#2740 = AXIS2_PLACEMENT_3D ( 'NONE', #4642, #5470, #8163 ) ;
#2741 = CARTESIAN_POINT ( 'NONE',  ( -0.3338457778986796964, 0.2823799831869016619, 0.01037315220453600972 ) ) ;
#2742 = CARTESIAN_POINT ( 'NONE',  ( -0.4904204615781468934, 0.5958451978393146664, 0.01057741572469213590 ) ) ;
#2743 = DIRECTION ( 'NONE',  ( 1.000000000000000000, 0.000000000000000000, 0.000000000000000000 ) ) ;
#2744 = CIRCLE ( 'NONE', #7653, 0.9996386051322854183 ) ;
#2745 = CARTESIAN_POINT ( 'NONE',  ( -0.2147932039317831665, -0.7928149832342358261, 0.2547538490329978034 ) ) ;
#2746 = CARTESIAN_POINT ( 'NONE',  ( 0.2835090919690708700, -0.6497902818877338005, 0.4118160943908694693 ) ) ;
#2747 = ADVANCED_FACE ( 'NONE', ( #5125 ), #5787, .T. ) ;
#2748 = CARTESIAN_POINT ( 'NONE',  ( 0.3024263908892081965, -0.3905524195576989266, 0.4900000000000628853 ) ) ;
#2749 = CARTESIAN_POINT ( 'NONE',  ( 0.6862088809542784551, 0.08339469686208624000, 0.01000000000000410803 ) ) ;
#2750 = AXIS2_PLACEMENT_3D ( 'NONE', #6060, #2707, #5472 ) ;
#2751 = CARTESIAN_POINT ( 'NONE',  ( 0.2003046611694404844, -0.7877954620204934422, 0.01034899496702894155 ) ) ;
#2752 = ORIENTED_EDGE ( 'NONE', *, *, #5210, .F. ) ;
#2753 = CIRCLE ( 'NONE', #4725, 0.009999999999999995004 ) ;
#2754 = CARTESIAN_POINT ( 'NONE',  ( 0.6936923673243509114, 0.08769878212777154625, 0.1732842076590095648 ) ) ;
#2755 = CARTESIAN_POINT ( 'NONE',  ( -0.2435365292995743391, -0.7936439338950239675, 0.5000000000000000000 ) ) ;
#2756 = EDGE_CURVE ( 'NONE', #2724, #6373, #8068, .T. ) ;
#2757 = CARTESIAN_POINT ( 'NONE',  ( 0.4909743807338480259, 0.09338776163895477767, 0.01037314945551698168 ) ) ;
#2758 = DIRECTION ( 'NONE',  ( 0.000000000000000000, 0.000000000000000000, 1.000000000000000000 ) ) ;
#2759 = CARTESIAN_POINT ( 'NONE',  ( 0.3110813693342786568, -0.3855554654225878397, 0.4903489949670244985 ) ) ;
#2760 = CARTESIAN_POINT ( 'NONE',  ( 0.5134400418224167595, 0.5972360670147282002, 7.469896857675719584E-17 ) ) ;
#2761 = ORIENTED_EDGE ( 'NONE', *, *, #1951, .F. ) ;
#2762 = ORIENTED_EDGE ( 'NONE', *, *, #1113, .F. ) ;
#2763 = ORIENTED_EDGE ( 'NONE', *, *, #8580, .T. ) ;
#2764 = ORIENTED_EDGE ( 'NONE', *, *, #8744, .T. ) ;
#2765 = CARTESIAN_POINT ( 'NONE',  ( 0.2287240103609089470, 0.7978217641377941538, 0.5000000000000001110 ) ) ;
#2766 = CARTESIAN_POINT ( 'NONE',  ( 0.06609935683364054348, 0.4219993685819797835, 0.000000000000000000 ) ) ;
#2767 = CARTESIAN_POINT ( 'NONE',  ( 0.2735768533678754055, 0.6693771989207607520, 0.01047288138762544375 ) ) ;
#2768 = CIRCLE ( 'NONE', #4292, 0.009999999999999974187 ) ;
#2769 = CARTESIAN_POINT ( 'NONE',  ( 0.5304911502605398343, -0.6223042467831439994, 0.4905280380405525054 ) ) ;
#2770 = CARTESIAN_POINT ( 'NONE',  ( 0.000000000000000000, 0.000000000000000000, 0.01000000000000000021 ) ) ;
#2771 = CARTESIAN_POINT ( 'NONE',  ( 0.3086399750703307521, 0.6771716199761066424, 0.5000000000000001110 ) ) ;
#2772 = CARTESIAN_POINT ( 'NONE',  ( -0.4281970969254840775, 0.5540850907164326378, 3.556849575692069053E-14 ) ) ;
#2773 = CARTESIAN_POINT ( 'NONE',  ( -0.4686569389284386267, -0.5887106302713083217, 0.01055220714149991516 ) ) ;
#2774 = ORIENTED_EDGE ( 'NONE', *, *, #3331, .T. ) ;
#2775 = VECTOR ( 'NONE', #3707, 39.37007874015748143 ) ;
#2776 = FACE_OUTER_BOUND ( 'NONE', #1894, .T. ) ;
#2777 = CARTESIAN_POINT ( 'NONE',  ( -0.06609935683363091230, 0.4219993685819812823, 0.000000000000000000 ) ) ;
#2778 = CARTESIAN_POINT ( 'NONE',  ( 0.08803188195618966150, 0.4202300257357117763, 0.000000000000000000 ) ) ;
#2779 = CARTESIAN_POINT ( 'NONE',  ( 0.3059707762009108989, -0.3767054057296020386, 0.4903740126118594778 ) ) ;
#2780 = CARTESIAN_POINT ( 'NONE',  ( -0.2876392800874617017, 0.6514591189165258589, 0.4903489949670347126 ) ) ;
#2781 = AXIS2_PLACEMENT_3D ( 'NONE', #3341, #5361, #4696 ) ;
#2782 = CARTESIAN_POINT ( 'NONE',  ( -0.2001322355477750670, 0.7877349948989659234, 0.007454521230928080021 ) ) ;
#2783 = CARTESIAN_POINT ( 'NONE',  ( -0.09260244267825716580, 0.1603921356237298923, 0.5000000000000001110 ) ) ;
#2784 = DIRECTION ( 'NONE',  ( 0.8660254037844326014, -0.5000000000000104361, 0.000000000000000000 ) ) ;
#2785 = ADVANCED_FACE ( 'NONE', ( #1788 ), #940, .T. ) ;
#2786 = CARTESIAN_POINT ( 'NONE',  ( 0.7044894372315644304, -0.07936906509479284277, 0.4118160943908693583 ) ) ;
#2787 = CIRCLE ( 'NONE', #1378, 0.01000000000000006786 ) ;
#2788 = AXIS2_PLACEMENT_3D ( 'NONE', #1522, #7634, #271 ) ;
#2789 = CYLINDRICAL_SURFACE ( 'NONE', #1463, 0.01000000000000000194 ) ;
#2790 = CYLINDRICAL_SURFACE ( 'NONE', #3865, 0.009999999999999995004 ) ;
#2791 = CARTESIAN_POINT ( 'NONE',  ( -0.3186973334234763366, -0.3246300249756519096, 0.01042312829154354650 ) ) ;
#2792 = DIRECTION ( 'NONE',  ( 0.4999999999999998335, 0.8660254037844387076, -0.000000000000000000 ) ) ;
#2793 = CIRCLE ( 'NONE', #4319, 0.009999999999999991535 ) ;
#2794 = EDGE_CURVE ( 'NONE', #2148, #4660, #3336, .T. ) ;
#2795 = EDGE_CURVE ( 'NONE', #5051, #3120, #6361, .T. ) ;
#2796 = AXIS2_PLACEMENT_3D ( 'NONE', #3556, #4250, #8232 ) ;
#2797 = CARTESIAN_POINT ( 'NONE',  ( -0.07417598251892587591, -0.4137806659619404637, 0.4903489949670249426 ) ) ;
#2798 = CARTESIAN_POINT ( 'NONE',  ( -0.2434253421602491085, -0.7932589970131832535, 0.4904175297014693458 ) ) ;
#2799 = CARTESIAN_POINT ( 'NONE',  ( -0.7450515798303979365, -0.08342581881270631772, 0.4904903537286847692 ) ) ;
#2800 =( BOUNDED_SURFACE ( )  B_SPLINE_SURFACE ( 3, 2, ( 
 ( #4258, #2386, #3606 ),
 ( #1052, #7894, #3229 ),
 ( #3831, #3880, #5152 ),
 ( #482, #1862, #5863 ),
 ( #1098, #7226, #1767 ),
 ( #5291, #5954, #4535 ),
 ( #7183, #531, #5106 ),
 ( #573, #5910, #5241 ),
 ( #3135, #3738, #1187 ),
 ( #5812, #3090, #8512 ),
 ( #8465, #1908, #4581 ),
 ( #2427, #6431, #6567 ),
 ( #7986, #2563, #7841 ),
 ( #7136, #7272, #6522 ) ),
 .UNSPECIFIED., .F., .F., .F. ) 
 B_SPLINE_SURFACE_WITH_KNOTS ( ( 4, 2, 2, 2, 2, 2, 4 ),
 ( 3, 3 ),
 ( 0.000000000000000000, 0.0008346611135472066815, 0.001251991670320809968, 0.001669322227094413363, 0.002086652783868016541, 0.002503983340641619936, 0.003338644454188826726 ),
 ( 0.000000000000000000, 1.000000000000000000 ),
 .UNSPECIFIED. ) 
 GEOMETRIC_REPRESENTATION_ITEM ( )  RATIONAL_B_SPLINE_SURFACE ( (
 ( 1.000000000000000000, 0.6946583704589972541, 1.000000000000000000),
 ( 1.000000000000000000, 0.6937907826656551924, 1.000000000000000000),
 ( 1.000000000000000000, 0.6931277949525848081, 1.000000000000000000),
 ( 1.000000000000000000, 0.6924456476120475212, 1.000000000000000000),
 ( 1.000000000000000000, 0.6922729346304268283, 1.000000000000000000),
 ( 1.000000000000000000, 0.6920444512837802264, 1.000000000000000000),
 ( 1.000000000000000000, 0.6919866958681696323, 1.000000000000000000),
 ( 1.000000000000000000, 0.6919852496722512791, 1.000000000000000000),
 ( 1.000000000000000000, 0.6920430171155435017, 1.000000000000000000),
 ( 1.000000000000000000, 0.6922710330111777610, 1.000000000000000000),
 ( 1.000000000000000000, 0.6924405880961581605, 1.000000000000000000),
 ( 1.000000000000000000, 0.6931142014349588321, 1.000000000000000000),
 ( 1.000000000000000000, 0.6937913703810807409, 1.000000000000000000),
 ( 1.000000000000000000, 0.6946583704589971431, 1.000000000000000000) ) ) 
 REPRESENTATION_ITEM ( '' )  SURFACE ( )  );
#2801 = FACE_OUTER_BOUND ( 'NONE', #8391, .T. ) ;
#2802 = DIRECTION ( 'NONE',  ( 1.000000000000000000, 0.000000000000000000, 0.000000000000000000 ) ) ;
#2803 = FACE_OUTER_BOUND ( 'NONE', #3773, .T. ) ;
#2804 = ORIENTED_EDGE ( 'NONE', *, *, #3137, .F. ) ;
#2805 = ADVANCED_FACE ( 'NONE', ( #3461 ), #6147, .T. ) ;
#2806 = ORIENTED_EDGE ( 'NONE', *, *, #401, .T. ) ;
#2807 = ORIENTED_EDGE ( 'NONE', *, *, #427, .T. ) ;
#2808 = ORIENTED_EDGE ( 'NONE', *, *, #7857, .T. ) ;
#2809 = FACE_OUTER_BOUND ( 'NONE', #6113, .T. ) ;
#2810 = CARTESIAN_POINT ( 'NONE',  ( -0.5821323992586224794, -0.5671870975500269418, 0.007454521230928214462 ) ) ;
#2811 = CARTESIAN_POINT ( 'NONE',  ( 0.2753594305498665018, 0.6923573231419023477, 0.000000000000000000 ) ) ;
#2812 = CARTESIAN_POINT ( 'NONE',  ( 0.4203605064650085543, 0.5748324831402717994, 0.4903489949670346570 ) ) ;
#2813 = CARTESIAN_POINT ( 'NONE',  ( 0.08354989087598507780, 0.4019470429773499554, 0.5000000000000000000 ) ) ;
#2814 = CARTESIAN_POINT ( 'NONE',  ( -0.7913774719943167391, -0.1208885094786677078, 0.4905662945849590395 ) ) ;
#2815 = CARTESIAN_POINT ( 'NONE',  ( 0.08118988160479073679, -0.04687500000000106165, 0.000000000000000000 ) ) ;
#2816 = CARTESIAN_POINT ( 'NONE',  ( 0.7872858896458507783, 0.1898578115419590484, 0.01047775075923092734 ) ) ;
#2817 = B_SPLINE_CURVE_WITH_KNOTS ( 'NONE', 3,
 ( #2766, #5369, #8147, #2141, #19, #6160, #5408, #8182, #4000, #4126, #6198, #7511, #4754, #6817 ),
 .UNSPECIFIED., .F., .F.,
 ( 4, 2, 2, 2, 2, 2, 4 ),
 ( 2.168404344971008868E-19, 0.0008346611135208334637, 0.001251991670281250467, 0.001669322227041667578, 0.002086652783802084472, 0.002503983340562501367, 0.003338644454083331686 ),
 .UNSPECIFIED. ) ;
#2818 = ORIENTED_EDGE ( 'NONE', *, *, #5090, .T. ) ;
#2819 = EDGE_CURVE ( 'NONE', #4801, #3249, #7208, .T. ) ;
#2820 = ORIENTED_EDGE ( 'NONE', *, *, #6141, .F. ) ;
#2821 = CARTESIAN_POINT ( 'NONE',  ( 0.4667504029617943195, 0.09978711403888006204, -2.134256245050205639E-17 ) ) ;
#2822 = CARTESIAN_POINT ( 'NONE',  ( 0.4894415122910480420, 0.06663272750604976036, 0.5000000000000000000 ) ) ;
#2823 = CARTESIAN_POINT ( 'NONE',  ( 0.000000000000000000, 0.000000000000000000, 0.000000000000000000 ) ) ;
#2824 = LINE ( 'NONE', #8032, #55 ) ;
#2825 = CARTESIAN_POINT ( 'NONE',  ( 0.2962942585325518130, 0.6464621647814221550, 0.5000000000000000000 ) ) ;
#2826 = CARTESIAN_POINT ( 'NONE',  ( -0.4444797058828970915, 0.6038851170896949450, 0.5000000000000072164 ) ) ;
#2827 = CARTESIAN_POINT ( 'NONE',  ( -0.07241254492021063915, 0.4039435683031577518, 0.5000000000000000000 ) ) ;
#2828 = ORIENTED_EDGE ( 'NONE', *, *, #5295, .F. ) ;
#2829 = DIRECTION ( 'NONE',  ( -0.8660254037844300479, 0.5000000000000149880, 0.000000000000000000 ) ) ;
#2830 = CARTESIAN_POINT ( 'NONE',  ( 0.2962942585325363809, -0.6464621647814283723, 0.5000000000000000000 ) ) ;
#2831 = EDGE_CURVE ( 'NONE', #1755, #5364, #1653, .T. ) ;
#2832 = CARTESIAN_POINT ( 'NONE',  ( 0.4894415122910311111, -0.06663272750606105688, 0.5000000000000000000 ) ) ;
#2833 = CARTESIAN_POINT ( 'NONE',  ( 0.7920226469531952418, -0.2231389177517649203, 0.01000000000000000021 ) ) ;
#2834 = PRODUCT_DEFINITION_SHAPE ( 'NONE', 'NONE',  #8127 ) ;
#2835 = CARTESIAN_POINT ( 'NONE',  ( -0.2751473566435651552, 0.6433585949991328379, -0.000000000000000000 ) ) ;
#2836 = CARTESIAN_POINT ( 'NONE',  ( -0.3101878849590234410, -0.6854978370013793398, 0.5000000000000000000 ) ) ;
#2837 = CARTESIAN_POINT ( 'NONE',  ( 0.1574574957422784638, -0.4237917753536267762, 0.5000000000000000000 ) ) ;
#2838 = CARTESIAN_POINT ( 'NONE',  ( -0.4167609702602421140, -0.1394941842927914510, 7.836800779637035354E-15 ) ) ;
#2839 = EDGE_CURVE ( 'NONE', #2104, #3493, #6167, .T. ) ;
#2840 = CARTESIAN_POINT ( 'NONE',  ( 0.4037636900892845881, 0.1524518407358012029, 0.1696798237513083840 ) ) ;
#2841 = DIRECTION ( 'NONE',  ( -0.4999999999999998335, -0.8660254037844388186, 0.000000000000000000 ) ) ;
#2842 = CARTESIAN_POINT ( 'NONE',  ( -0.1804219591217551266, -1.091457222341449703E-15, 0.004142135623730964361 ) ) ;
#2843 = ORIENTED_EDGE ( 'NONE', *, *, #756, .T. ) ;
#2844 = EDGE_LOOP ( 'NONE', ( #6204, #7644, #1356, #553 ) ) ;
#2846 = ORIENTED_EDGE ( 'NONE', *, *, #7483, .F. ) ;
#2845 =( BOUNDED_SURFACE ( )  B_SPLINE_SURFACE ( 3, 2, ( 
 ( #5499, #8156, #7565 ),
 ( #6829, #7523, #4803 ),
 ( #3597, #2241, #788 ),
 ( #4842, #1535, #1488 ) ),
 .UNSPECIFIED., .F., .F., .F. ) 
 B_SPLINE_SURFACE_WITH_KNOTS ( ( 4, 4 ),
 ( 3, 3 ),
 ( 0.02912239127223455182, 0.04154342169942462637 ),
 ( 0.000000000000000000, 1.000000000000000000 ),
 .UNSPECIFIED. ) 
 GEOMETRIC_REPRESENTATION_ITEM ( )  RATIONAL_B_SPLINE_SURFACE ( (
 ( 1.000000000000000000, 0.6042316834834668970, 1.000000000000000000),
 ( 1.000000000000000000, 0.6084201088642317012, 1.000000000000000000),
 ( 1.000000000000000000, 0.6124652103510533907, 1.000000000000000000),
 ( 1.000000000000000000, 0.6163818356446826296, 1.000000000000000000) ) ) 
 REPRESENTATION_ITEM ( '' )  SURFACE ( )  );
#2847 = DIRECTION ( 'NONE',  ( 1.000000000000000000, 0.000000000000000000, 0.000000000000000000 ) ) ;
#2848 = CARTESIAN_POINT ( 'NONE',  ( 0.2959363269397472518, 0.7576725706285026840, 0.5000000000000000000 ) ) ;
#2849 = CARTESIAN_POINT ( 'NONE',  ( -0.4228339426143398194, -0.5567560771401374176, 0.1701881937375767651 ) ) ;
#2850 = CARTESIAN_POINT ( 'NONE',  ( 0.2691402402772704594, 0.6547141493301560367, 0.01041648865680680318 ) ) ;
#2851 = ADVANCED_FACE ( 'NONE', ( #5475 ), #4034, .F. ) ;
#2852 = CARTESIAN_POINT ( 'NONE',  ( -0.4406127534651427813, 0.08921269328337372295, 0.4904246540408353505 ) ) ;
#2853 = CARTESIAN_POINT ( 'NONE',  ( -0.4209803452624933939, -0.5704212167929411104, 0.4118160943908693583 ) ) ;
#2854 = CARTESIAN_POINT ( 'NONE',  ( -0.8137850001700144276, -0.1454410854888095461, 0.5000000000000000000 ) ) ;
#2855 =( NAMED_UNIT ( * ) PLANE_ANGLE_UNIT ( ) SI_UNIT ( $, .RADIAN. ) );
#2856 = CARTESIAN_POINT ( 'NONE',  ( -0.7920226469531952418, 0.2231389177517645039, 0.000000000000000000 ) ) ;
#2857 = ORIENTED_EDGE ( 'NONE', *, *, #4441, .F. ) ;
#2858 = ORIENTED_EDGE ( 'NONE', *, *, #3190, .F. ) ;
#2859 = ORIENTED_EDGE ( 'NONE', *, *, #5156, .F. ) ;
#2860 = DIRECTION ( 'NONE',  ( 0.7161104662940013243, -0.6979869626749397593, 0.000000000000000000 ) ) ;
#2861 = CARTESIAN_POINT ( 'NONE',  ( -0.07417598251891699412, 0.4137806659619445160, 0.4903489949670250536 ) ) ;
#2862 = EDGE_CURVE ( 'NONE', #4658, #6372, #3292, .T. ) ;
#2863 = DIRECTION ( 'NONE',  ( 0.000000000000000000, 0.000000000000000000, 1.000000000000000000 ) ) ;
#2864 = CARTESIAN_POINT ( 'NONE',  ( -0.4427234639820707973, 0.5845636917241694430, 0.000000000000000000 ) ) ;
#2865 = CYLINDRICAL_SURFACE ( 'NONE', #6722, 0.009999999999999995004 ) ;
#2866 = AXIS2_PLACEMENT_3D ( 'NONE', #3818, #470, #5851 ) ;
#2867 = FACE_OUTER_BOUND ( 'NONE', #3864, .T. ) ;
#2868 = CARTESIAN_POINT ( 'NONE',  ( 0.2882856955000096533, 0.3482580790059066067, 0.5000000000000001110 ) ) ;
#2869 = CARTESIAN_POINT ( 'NONE',  ( -0.2289423924282657508, -0.7976018970121884211, 0.4956723049532018033 ) ) ;
#2870 = AXIS2_PLACEMENT_3D ( 'NONE', #4998, #1700, #3066 ) ;
#2871 = CARTESIAN_POINT ( 'NONE',  ( 0.4788731719025080547, 0.08510157677552436517, -0.000000000000000000 ) ) ;
#2872 = CARTESIAN_POINT ( 'NONE',  ( -0.3314147498562396987, -0.3872499748641556883, 0.01034899496703146037 ) ) ;
#2873 = CARTESIAN_POINT ( 'NONE',  ( -0.2859407527078990929, -0.6924926462917424530, -0.000000000000000000 ) ) ;
#2874 = CARTESIAN_POINT ( 'NONE',  ( 0.4153263665006213246, 0.5525769747778439545, 0.000000000000000000 ) ) ;
#2875 = CARTESIAN_POINT ( 'NONE',  ( 0.4642891517707554705, -0.5977319122358987213, 0.000000000000000000 ) ) ;
#2876 = AXIS2_PLACEMENT_3D ( 'NONE', #715, #118, #3406 ) ;
#2877 = CARTESIAN_POINT ( 'NONE',  ( 0.8041318573848260653, 0.1225479082817788196, 0.5000000000000000000 ) ) ;
#2878 = CARTESIAN_POINT ( 'NONE',  ( -0.2785452263672416051, 0.6512472418881936065, -0.000000000000000000 ) ) ;
#2879 = CARTESIAN_POINT ( 'NONE',  ( -0.3083900102577911140, -0.7268768764176926078, 0.5000000000000000000 ) ) ;
#2880 = CARTESIAN_POINT ( 'NONE',  ( -0.3136191193857639781, -0.2646828876051629531, 0.5000000000000000000 ) ) ;
#2881 = CARTESIAN_POINT ( 'NONE',  ( -0.4619735471611107203, -0.1012145358994179650, 0.01041521383681753843 ) ) ;
#2882 = VECTOR ( 'NONE', #7003, 39.37007874015748143 ) ;
#2883 = CARTESIAN_POINT ( 'NONE',  ( -0.2691395511542781227, -0.6547124702733518875, 0.01041648123579024497 ) ) ;
#2884 = CARTESIAN_POINT ( 'NONE',  ( 0.5451460942915729024, 0.6180299944789066080, 0.5000000000000000000 ) ) ;
#2885 = CARTESIAN_POINT ( 'NONE',  ( 0.5818397538638943045, 0.5671144071733768000, 1.003100435173596573E-16 ) ) ;
#2886 = VERTEX_POINT ( 'NONE', #1390 ) ;
#2887 = EDGE_CURVE ( 'NONE', #1836, #4762, #45, .T. ) ;
#2888 = ORIENTED_EDGE ( 'NONE', *, *, #150, .T. ) ;
#2889 = FACE_OUTER_BOUND ( 'NONE', #7259, .T. ) ;
#2890 = CARTESIAN_POINT ( 'NONE',  ( 0.2790869009092700193, 0.7652278042830275018, 0.5000000000000000000 ) ) ;
#2891 = CARTESIAN_POINT ( 'NONE',  ( -0.3136191193857607584, 0.2646828876051717239, 0.5000000000000000000 ) ) ;
#2892 = CARTESIAN_POINT ( 'NONE',  ( 0.4909761872463945243, -0.09338776178972002517, 0.01037314513849115979 ) ) ;
#2893 = CARTESIAN_POINT ( 'NONE',  ( -0.4236360394486671233, 0.1006297618952467360, 0.4999999999999951705 ) ) ;
#2894 = CARTESIAN_POINT ( 'NONE',  ( 0.3956628394032780660, -0.1189223796427306412, 0.4999999999999998335 ) ) ;
#2895 = LENGTH_MEASURE_WITH_UNIT ( LENGTH_MEASURE( 0.02539999999999999897 ), #8355 );
#2896 = CARTESIAN_POINT ( 'NONE',  ( 0.3356617426885941669, -0.7574899086268012116, 0.1631304812544913940 ) ) ;
#2897 = ORIENTED_EDGE ( 'NONE', *, *, #7152, .T. ) ;
#2898 = ORIENTED_EDGE ( 'NONE', *, *, #8715, .F. ) ;
#2899 = VERTEX_POINT ( 'NONE', #169 ) ;
#2900 = EDGE_CURVE ( 'NONE', #6230, #3725, #3441, .T. ) ;
#2901 = AXIS2_PLACEMENT_3D ( 'NONE', #1679, #4350, #5064 ) ;
#2902 = CARTESIAN_POINT ( 'NONE',  ( 0.000000000000000000, 0.000000000000000000, 0.01034899496702501240 ) ) ;
#2903 = CARTESIAN_POINT ( 'NONE',  ( 0.7276087391541816718, 0.09112792079783291199, 0.000000000000000000 ) ) ;
#2904 = B_SPLINE_CURVE_WITH_KNOTS ( 'NONE', 3,
 ( #7774, #1077, #1748, #4423, #3767, #415, #3116, #5792, #2452, #7162, #7818, #1123 ),
 .UNSPECIFIED., .F., .F.,
 ( 4, 2, 2, 2, 2, 4 ),
 ( 0.000000000000000000, 0.0007662348534834805816, 0.001149352280225223203, 0.001532469706966965934, 0.002298704560450456381, 0.003064939413933947480 ),
 .UNSPECIFIED. ) ;
#2905 = CARTESIAN_POINT ( 'NONE',  ( 0.2286311328130097020, 0.7974977940875971338, 0.4903489949670350456 ) ) ;
#2906 = CARTESIAN_POINT ( 'NONE',  ( -0.7824032136805713078, -0.2204288059410590972, 0.01034899496702500546 ) ) ;
#2907 = CARTESIAN_POINT ( 'NONE',  ( -0.3146214826393236574, 0.2789890868977449867, 0.4903741793276564231 ) ) ;
#2908 = AXIS2_PLACEMENT_3D ( 'NONE', #4391, #6951, #2249 ) ;
#2909 = DIRECTION ( 'NONE',  ( 0.4999999999999899525, -0.8660254037844445918, 0.000000000000000000 ) ) ;
#2910 = CARTESIAN_POINT ( 'NONE',  ( -0.2027673521306248006, -0.7974811915099506709, 0.01000000000000000021 ) ) ;
#2911 = ADVANCED_FACE ( 'NONE', ( #2922 ), #6863, .T. ) ;
#2912 = CARTESIAN_POINT ( 'NONE',  ( -0.07222192602347582424, 0.04169734843104807437, 0.01000000000000000021 ) ) ;
#2913 = CARTESIAN_POINT ( 'NONE',  ( 0.3186486537093369265, 0.3495290381645616562, 0.01041516393984817310 ) ) ;
#2914 = CIRCLE ( 'NONE', #4890, 0.01000000000000000368 ) ;
#2915 = CARTESIAN_POINT ( 'NONE',  ( 0.4899644749188729609, 0.08339469686208862698, -0.000000000000000000 ) ) ;
#2916 = CARTESIAN_POINT ( 'NONE',  ( -0.4482472228255533486, 0.09676093390025361507, -0.000000000000000000 ) ) ;
#2917 = CARTESIAN_POINT ( 'NONE',  ( -0.2751473310139134210, -0.6433585506072422300, 0.000000000000000000 ) ) ;
#2918 = VECTOR ( 'NONE', #3131, 39.37007874015748854 ) ;
#2919 = B_SPLINE_CURVE_WITH_KNOTS ( 'NONE', 3,
 ( #771, #6885, #4080, #4906, #6225, #1468, #3578, #2927, #2098, #887, #5604, #5440, #4117, #846, #174, #2883, #6772, #4819 ),
 .UNSPECIFIED., .F., .F.,
 ( 4, 2, 2, 2, 2, 2, 2, 2, 4 ),
 ( 2.609325742293930395E-17, 0.0005890685094930924555, 0.001178137018986158673, 0.001767205528479224999, 0.002356274037972291326, 0.002945342547465357869, 0.003534411056958423978, 0.004123479566451490087, 0.004712548075944556630 ),
 .UNSPECIFIED. ) ;
#2920 = AXIS2_PLACEMENT_3D ( 'NONE', #7332, #725, #3416 ) ;
#2921 = CARTESIAN_POINT ( 'NONE',  ( 0.7820911421904258587, 0.1090212347883214028, 0.4905662334674576464 ) ) ;
#2922 = FACE_OUTER_BOUND ( 'NONE', #225, .T. ) ;
#2923 = CARTESIAN_POINT ( 'NONE',  ( -0.8085152604216468974, 0.1708008895960046458, 0.5000000000000000000 ) ) ;
#2924 = LINE ( 'NONE', #7051, #4761 ) ;
#2925 = CARTESIAN_POINT ( 'NONE',  ( -0.3288258335507920904, 0.2909824988645284272, 0.01039148504638546210 ) ) ;
#2926 = AXIS2_PLACEMENT_3D ( 'NONE', #6454, #3805, #3945 ) ;
#2927 = CARTESIAN_POINT ( 'NONE',  ( -0.2610133083727644854, -0.7435851876948957884, 0.01057231001183497367 ) ) ;
#2928 = DIRECTION ( 'NONE',  ( -0.2419754994721100005, 0.9702823597567993286, 0.000000000000000000 ) ) ;
#2929 = CARTESIAN_POINT ( 'NONE',  ( 0.4886043013016083680, 0.6056935684657830388, 0.000000000000000000 ) ) ;
#2930 = ORIENTED_EDGE ( 'NONE', *, *, #7807, .F. ) ;
#2931 = VECTOR ( 'NONE', #5153, 39.37007874015748143 ) ;
#2932 = CARTESIAN_POINT ( 'NONE',  ( -0.5763377827354060345, 0.5967492661558785327, 0.4903489949670350456 ) ) ;
#2933 = EDGE_LOOP ( 'NONE', ( #6418, #516, #362, #562 ) ) ;
#2934 = CARTESIAN_POINT ( 'NONE',  ( -0.4309315420704700195, 0.08332397502221589036, 0.4999999999999999445 ) ) ;
#2935 = CARTESIAN_POINT ( 'NONE',  ( -0.3338765815241772628, -0.2823418172520863467, 0.01037303490638426945 ) ) ;
#2936 = FACE_OUTER_BOUND ( 'NONE', #2595, .T. ) ;
#2937 = CARTESIAN_POINT ( 'NONE',  ( 0.4080963828030501062, -0.1336561597918682065, 0.000000000000000000 ) ) ;
#2938 = DIRECTION ( 'NONE',  ( -0.8660254037844508090, -0.4999999999999790168, 0.000000000000000000 ) ) ;
#2939 = CARTESIAN_POINT ( 'NONE',  ( -0.07702298374628228916, 0.4202883597278324057, 0.000000000000000000 ) ) ;
#2940 = AXIS2_PLACEMENT_3D ( 'NONE', #6710, #8703, #31 ) ;
#2941 = ADVANCED_FACE ( 'NONE', ( #6313 ), #1890, .T. ) ;
#2942 = CARTESIAN_POINT ( 'NONE',  ( 0.7806742871070568857, 0.1597275164485962851, 0.01055218162561972518 ) ) ;
#2943 = EDGE_LOOP ( 'NONE', ( #7282, #6461, #1456, #6075 ) ) ;
#2944 = ORIENTED_EDGE ( 'NONE', *, *, #8632, .F. ) ;
#2945 = ORIENTED_EDGE ( 'NONE', *, *, #3340, .T. ) ;
#2946 = ORIENTED_EDGE ( 'NONE', *, *, #6349, .T. ) ;
#2947 = DIRECTION ( 'NONE',  ( 1.000000000000000000, 0.000000000000000000, 0.000000000000000000 ) ) ;
#2948 = DIRECTION ( 'NONE',  ( -0.5000000000000095479, -0.8660254037844330455, 0.000000000000000000 ) ) ;
#2949 = CARTESIAN_POINT ( 'NONE',  ( 0.5832805319173839376, 0.6039378985925162313, 0.4899999999999999911 ) ) ;
#2950 = CARTESIAN_POINT ( 'NONE',  ( 0.7382038420693882719, -0.08007774039435465452, 0.4904715093792318958 ) ) ;
#2951 = FACE_OUTER_BOUND ( 'NONE', #8729, .T. ) ;
#2952 = EDGE_CURVE ( 'NONE', #1314, #5356, #8698, .T. ) ;
#2953 = CARTESIAN_POINT ( 'NONE',  ( 0.3132141524357143214, 0.3724215061687393691, -0.000000000000000000 ) ) ;
#2954 = CARTESIAN_POINT ( 'NONE',  ( -0.4802476088217090822, -0.6036528324992112005, 0.000000000000000000 ) ) ;
#2955 = FACE_OUTER_BOUND ( 'NONE', #776, .T. ) ;
#2956 = DIRECTION ( 'NONE',  ( 0.000000000000000000, 0.000000000000000000, 1.000000000000000000 ) ) ;
#2957 = CARTESIAN_POINT ( 'NONE',  ( -0.2986427932182965650, 0.7245534565994884435, 0.4905613943066132188 ) ) ;
#2958 = CARTESIAN_POINT ( 'NONE',  ( 0.3287202580607244129, 0.2912014937925451741, 0.01039185810727322017 ) ) ;
#2959 = CARTESIAN_POINT ( 'NONE',  ( 0.000000000000000000, 0.000000000000000000, 0.4903489949670249426 ) ) ;
#2960 = CARTESIAN_POINT ( 'NONE',  ( 0.2808124464266619214, -0.7775992033542513671, 0.5000000000000000000 ) ) ;
#2961 = CYLINDRICAL_SURFACE ( 'NONE', #6178, 0.009999999999999989800 ) ;
#2962 = EDGE_CURVE ( 'NONE', #8230, #5574, #8004, .T. ) ;
#2963 = DIRECTION ( 'NONE',  ( -0.8660254037844441477, -0.4999999999999904521, 0.000000000000000000 ) ) ;
#2964 = DIRECTION ( 'NONE',  ( 1.000000000000000000, 0.000000000000000000, 0.000000000000000000 ) ) ;
#2965 = CARTESIAN_POINT ( 'NONE',  ( 0.2755098918286773002, -0.7002241299075603331, 0.01055220714150061599 ) ) ;
#2966 = CARTESIAN_POINT ( 'NONE',  ( -0.7896068699592133644, 0.1024039488311925400, 0.5000000000000000000 ) ) ;
#2967 = CARTESIAN_POINT ( 'NONE',  ( 0.4853458722103962675, -0.6233242942297412270, 0.5000000000000000000 ) ) ;
#2968 = CARTESIAN_POINT ( 'NONE',  ( -0.3187209885718749192, 0.3244458459443222420, 0.01042308903936555592 ) ) ;
#2969 = ADVANCED_FACE ( 'NONE', ( #3883 ), #1513, .T. ) ;
#2970 = CARTESIAN_POINT ( 'NONE',  ( -0.2002156065323496270, 0.7874452113645056262, -2.134256245050205639E-18 ) ) ;
#2971 = CARTESIAN_POINT ( 'NONE',  ( -0.8146658284480057244, -0.2031668088770782754, 0.4899999999999999911 ) ) ;
#2972 = CARTESIAN_POINT ( 'NONE',  ( -0.2430770196979042674, 0.7928755306624413191, 0.5000000000000000000 ) ) ;
#2973 = EDGE_LOOP ( 'NONE', ( #2268, #1266, #1959, #3995 ) ) ;
#2974 = CARTESIAN_POINT ( 'NONE',  ( 0.000000000000000000, 0.000000000000000000, 0.01000000000000000021 ) ) ;
#2975 = ORIENTED_EDGE ( 'NONE', *, *, #5562, .T. ) ;
#2976 = CARTESIAN_POINT ( 'NONE',  ( -0.4233961676958045706, 0.5522562372222914462, 0.09181588974873093612 ) ) ;
#2977 = CARTESIAN_POINT ( 'NONE',  ( 0.3515599598283579152, 0.7621990063876997734, 0.4899764014357801400 ) ) ;
#2978 = CARTESIAN_POINT ( 'NONE',  ( -0.2313852965306353038, -0.8071047074696074963, 0.4899999999999999911 ) ) ;
#2979 = CARTESIAN_POINT ( 'NONE',  ( 0.4220278891812935806, -0.1167281441397682029, 0.000000000000000000 ) ) ;
#2980 = CARTESIAN_POINT ( 'NONE',  ( -0.09021097956087613390, 0.1562499999999989175, 0.004142135623730960024 ) ) ;
#2981 = CARTESIAN_POINT ( 'NONE',  ( 0.7377917621207904508, 0.08086091236169003216, 0.4904669482438976935 ) ) ;
#2982 = CARTESIAN_POINT ( 'NONE',  ( -0.1099244064289964518, 0.4238509452064031513, 0.000000000000000000 ) ) ;
#2983 = CARTESIAN_POINT ( 'NONE',  ( 0.8138268872806542209, -0.1456088893727798539, 0.5000000000000000000 ) ) ;
#2984 = CARTESIAN_POINT ( 'NONE',  ( 0.7009656122179022120, 0.08212390000501480769, 0.3329279441486673319 ) ) ;
#2985 = ORIENTED_EDGE ( 'NONE', *, *, #6524, .T. ) ;
#2986 = ORIENTED_EDGE ( 'NONE', *, *, #4666, .T. ) ;
#2987 = ORIENTED_EDGE ( 'NONE', *, *, #2952, .T. ) ;
#2988 = DIRECTION ( 'NONE',  ( -0.000000000000000000, -0.000000000000000000, -1.000000000000000000 ) ) ;
#2989 = CARTESIAN_POINT ( 'NONE',  ( -0.2876392800874599809, 0.6514591189165237495, 0.4903489949670249426 ) ) ;
#2990 = CARTESIAN_POINT ( 'NONE',  ( -0.2313852965306179565, 0.8071047074696126034, 0.5000000000000000000 ) ) ;
#2991 = CARTESIAN_POINT ( 'NONE',  ( 0.5820941901596520252, 0.5673624041314293542, 0.009999999999999998473 ) ) ;
#2992 = CARTESIAN_POINT ( 'NONE',  ( -0.7497955965343078288, -0.1032202440170524871, 0.000000000000000000 ) ) ;
#2993 = LINE ( 'NONE', #5540, #6130 ) ;
#2994 = CARTESIAN_POINT ( 'NONE',  ( -0.5892552948225884268, 0.5743422737582007942, 0.000000000000000000 ) ) ;
#2995 = DIRECTION ( 'NONE',  ( 0.4999999999999915068, 0.8660254037844435926, 0.000000000000000000 ) ) ;
#2996 = CARTESIAN_POINT ( 'NONE',  ( 0.3254362465243649805, -0.2768885111180508507, 0.000000000000000000 ) ) ;
#2997 = EDGE_CURVE ( 'NONE', #4474, #1427, #3225, .T. ) ;
#2998 = CARTESIAN_POINT ( 'NONE',  ( 0.3113558413953251280, -0.7021953126517678223, 0.5000000000000000000 ) ) ;
#2999 = DIRECTION ( 'NONE',  ( 0.8660254037844338226, -0.5000000000000083267, 0.000000000000000000 ) ) ;
#3000 = CARTESIAN_POINT ( 'NONE',  ( 0.3339090120898347558, 0.2734436923938394770, 0.1696798208681254139 ) ) ;
#3001 = CARTESIAN_POINT ( 'NONE',  ( 0.5051480566406032491, -0.6077638373749246758, -0.000000000000000000 ) ) ;
#3002 = VECTOR ( 'NONE', #2573, 39.37007874015748143 ) ;
#3003 = ADVANCED_FACE ( 'NONE', ( #3274 ), #6590, .F. ) ;
#3004 = CARTESIAN_POINT ( 'NONE',  ( 0.7231601085764831627, 0.07708883451904338657, 0.5000000000000001110 ) ) ;
#3005 = CARTESIAN_POINT ( 'NONE',  ( 0.2707500350596118710, -0.7228090796663675377, 0.01057749443219718408 ) ) ;
#3006 = CARTESIAN_POINT ( 'NONE',  ( 0.2803060855067477375, 0.7258043015930331077, 0.000000000000000000 ) ) ;
#3007 = CARTESIAN_POINT ( 'NONE',  ( 0.4752988352723148680, -0.6305120213654188399, 0.5000000000000000000 ) ) ;
#3008 = CARTESIAN_POINT ( 'NONE',  ( -0.4404865151718294625, 0.1136849743752638697, 0.01042312829154354824 ) ) ;
#3009 = B_SPLINE_CURVE_WITH_KNOTS ( 'NONE', 3,
 ( #5523, #8347, #5701, #1654, #2183, #2976, #4329 ),
 .UNSPECIFIED., .F., .F.,
 ( 4, 3, 4 ),
 ( 0.0002455294063582050875, 0.006239355698587184008, 0.01245751125352316177 ),
 .UNSPECIFIED. ) ;
#3010 = CARTESIAN_POINT ( 'NONE',  ( -0.2003046611694409562, 0.7877954620204932201, 0.01034899496702894328 ) ) ;
#3011 = CIRCLE ( 'NONE', #8086, 0.4203766357762464545 ) ;
#3012 = LINE ( 'NONE', #2490, #7545 ) ;
#3013 = CARTESIAN_POINT ( 'NONE',  ( -0.2789811539321783163, 0.7653675861798672209, 0.5000000000000001110 ) ) ;
#3014 = ORIENTED_EDGE ( 'NONE', *, *, #2794, .F. ) ;
#3015 = CARTESIAN_POINT ( 'NONE',  ( -0.2661061652466131244, -0.6476841196271204693, 0.01038463352716472755 ) ) ;
#3016 = EDGE_CURVE ( 'NONE', #1860, #1664, #2168, .T. ) ;
#3017 = VERTEX_POINT ( 'NONE', #4584 ) ;
#3018 = AXIS2_PLACEMENT_3D ( 'NONE', #3690, #921, #6306 ) ;
#3019 = CARTESIAN_POINT ( 'NONE',  ( -0.2622275360085788987, 0.6409686257750414340, 0.01034899496702502281 ) ) ;
#3020 = CARTESIAN_POINT ( 'NONE',  ( -0.3172053616759203942, -0.3826264086504218009, 0.000000000000000000 ) ) ;
#3021 = CARTESIAN_POINT ( 'NONE',  ( -0.5763377827354193572, -0.5967492661558618794, 0.4903489949670249426 ) ) ;
#3022 = CARTESIAN_POINT ( 'NONE',  ( 0.3985118519898041001, -0.1537559620992532683, 0.000000000000000000 ) ) ;
#3023 = CARTESIAN_POINT ( 'NONE',  ( 0.7231098720547426417, 0.07748441072820232145, 0.4904133102372343900 ) ) ;
#3024 = CARTESIAN_POINT ( 'NONE',  ( 0.7033919721622000631, -0.08339469703227572750, 0.000000000000000000 ) ) ;
#3025 = CARTESIAN_POINT ( 'NONE',  ( -0.1331371828600123319, 0.4101245202972957915, 0.5000000000000000000 ) ) ;
#3026 =( BOUNDED_SURFACE ( )  B_SPLINE_SURFACE ( 3, 2, ( 
 ( #5978, #3155, #5839 ),
 ( #2631, #4556, #6680 ),
 ( #4510, #554, #5315 ),
 ( #8532, #3205, #3251 ),
 ( #4606, #8010, #2496 ),
 ( #4652, #1885, #5179 ),
 ( #7295, #2585, #2673 ),
 ( #5358, #7336, #8579 ),
 ( #642, #3338, #1260 ),
 ( #8720, #7872, #7203 ),
 ( #3946, #1163, #3855 ),
 ( #5889, #6545, #510 ),
 ( #2546, #5263, #5222 ),
 ( #7250, #1208, #3902 ) ),
 .UNSPECIFIED., .F., .F., .T. ) 
 B_SPLINE_SURFACE_WITH_KNOTS ( ( 4, 2, 2, 2, 2, 2, 4 ),
 ( 3, 3 ),
 ( 2.103352214621878602E-17, 0.0008499630636415550456, 0.001274944595462322106, 0.001699926127283089058, 0.002124907659103856226, 0.002549889190924622961, 0.003399852254566157299 ),
 ( 0.000000000000000000, 1.000000000000000000 ),
 .UNSPECIFIED. ) 
 GEOMETRIC_REPRESENTATION_ITEM ( )  RATIONAL_B_SPLINE_SURFACE ( (
 ( 1.000000000000000000, 0.7193398003386507478, 1.000000000000000000),
 ( 1.000000000000000000, 0.7202132200529896000, 1.000000000000000000),
 ( 1.000000000000000000, 0.7208785727470166105, 1.000000000000000000),
 ( 1.000000000000000000, 0.7215630611311540932, 1.000000000000000000),
 ( 1.000000000000000000, 0.7217357649435998113, 1.000000000000000000),
 ( 1.000000000000000000, 0.7219645438430593032, 1.000000000000000000),
 ( 1.000000000000000000, 0.7220224356994329185, 1.000000000000000000),
 ( 1.000000000000000000, 0.7220237877056996378, 1.000000000000000000),
 ( 1.000000000000000000, 0.7219658032786265833, 1.000000000000000000),
 ( 1.000000000000000000, 0.7217375979714150125, 1.000000000000000000),
 ( 1.000000000000000000, 0.7215678629161306201, 1.000000000000000000),
 ( 1.000000000000000000, 0.7208916282605618564, 1.000000000000000000),
 ( 1.000000000000000000, 0.7202112561551904379, 1.000000000000000000),
 ( 1.000000000000000000, 0.7193398003386507478, 1.000000000000000000) ) ) 
 REPRESENTATION_ITEM ( '' )  SURFACE ( )  );
#3027 = AXIS2_PLACEMENT_3D ( 'NONE', #6175, #120, #7528 ) ;
#3028 = CARTESIAN_POINT ( 'NONE',  ( 0.6935818778671526408, 0.08780689728167988262, 0.1701881947279692553 ) ) ;
#3029 = ORIENTED_EDGE ( 'NONE', *, *, #7048, .T. ) ;
#3030 = ORIENTED_EDGE ( 'NONE', *, *, #7492, .T. ) ;
#3031 = VERTEX_POINT ( 'NONE', #2697 ) ;
#3032 = CARTESIAN_POINT ( 'NONE',  ( 0.07222192602347662915, 0.04169734843104635352, 0.000000000000000000 ) ) ;
#3033 = CARTESIAN_POINT ( 'NONE',  ( -0.2962942585325367695, 0.6464621647814283723, 0.5000000000000000000 ) ) ;
#3034 = CARTESIAN_POINT ( 'NONE',  ( 0.3018649599335234690, 0.7094815289015904414, 0.4905463769172032085 ) ) ;
#3035 = DIRECTION ( 'NONE',  ( 0.000000000000000000, 0.000000000000000000, 1.000000000000000000 ) ) ;
#3036 = CARTESIAN_POINT ( 'NONE',  ( 0.8180704369770763762, -0.1702442331625711736, 0.5000000000000000000 ) ) ;
#3037 = CARTESIAN_POINT ( 'NONE',  ( 0.4203605064650085543, 0.5748324831402717994, 0.4903489949670346570 ) ) ;
#3038 = CARTESIAN_POINT ( 'NONE',  ( 0.3095395495010715980, 0.3562608440308686619, -0.000000000000000000 ) ) ;
#3039 = CARTESIAN_POINT ( 'NONE',  ( -0.4195912086905307370, -0.5599638981370308466, -0.000000000000000000 ) ) ;
#3040 = ORIENTED_EDGE ( 'NONE', *, *, #259, .T. ) ;
#3041 = CARTESIAN_POINT ( 'NONE',  ( 0.3197933772088956683, -0.3543241491720977576, 1.487414655516406290E-16 ) ) ;
#3042 = DIRECTION ( 'NONE',  ( 0.000000000000000000, 0.000000000000000000, 1.000000000000000000 ) ) ;
#3043 = CARTESIAN_POINT ( 'NONE',  ( -0.2876392800874754130, -0.6514591189165186425, 0.4903489949670249426 ) ) ;
#3044 = CARTESIAN_POINT ( 'NONE',  ( -0.4791998394664084837, -0.07626545601220863224, 0.4999999999999999445 ) ) ;
#3045 = CARTESIAN_POINT ( 'NONE',  ( 0.2286311328129879139, -0.7974977940876006866, 0.4903489949670249426 ) ) ;
#3046 = VECTOR ( 'NONE', #3500, 39.37007874015748854 ) ;
#3047 = CARTESIAN_POINT ( 'NONE',  ( -0.2538639475701235937, -0.7687098775385149407, 0.000000000000000000 ) ) ;
#3048 = CARTESIAN_POINT ( 'NONE',  ( 0.4802381293945733320, -0.6036577026506878552, -0.000000000000000000 ) ) ;
#3049 = EDGE_CURVE ( 'NONE', #3345, #6273, #155, .T. ) ;
#3050 = CARTESIAN_POINT ( 'NONE',  ( -0.7033919721621999521, 0.08339469703227538055, 0.000000000000000000 ) ) ;
#3051 = TOROIDAL_SURFACE ( 'NONE', #5577, 0.4271446968620944973, 0.01000000000000000021 ) ;
#3052 = CARTESIAN_POINT ( 'NONE',  ( 0.8111338118373042638, 0.1375563665433280625, 0.5000000000000000000 ) ) ;
#3053 = CARTESIAN_POINT ( 'NONE',  ( -0.8046977188877237896, 0.1482839696512613936, 0.5000000000000000000 ) ) ;
#3054 = CARTESIAN_POINT ( 'NONE',  ( 0.05770563474369038576, 0.03331636375302701736, 0.5000000000000000000 ) ) ;
#3055 = CARTESIAN_POINT ( 'NONE',  ( 0.4029715976114808251, -0.1515341416758738957, 0.1998400020993878756 ) ) ;
#3056 = AXIS2_PLACEMENT_3D ( 'NONE', #8174, #2758, #2132 ) ;
#3057 = EDGE_CURVE ( 'NONE', #2225, #5052, #3317, .T. ) ;
#3058 = CARTESIAN_POINT ( 'NONE',  ( 0.3401899532607942644, 0.2745194998491340965, 0.01034899496702450759 ) ) ;
#3059 = CARTESIAN_POINT ( 'NONE',  ( -0.2287240103608944863, 0.7978217641378043679, 0.5000000000000000000 ) ) ;
#3060 = ORIENTED_EDGE ( 'NONE', *, *, #104, .F. ) ;
#3061 =( BOUNDED_SURFACE ( )  B_SPLINE_SURFACE ( 3, 2, ( 
 ( #8446, #2406, #4332 ),
 ( #7682, #1565, #7023 ),
 ( #944, #2363, #3633 ),
 ( #5000, #5704, #7771 ),
 ( #1658, #5044, #7729 ),
 ( #1745, #1702, #5265 ),
 ( #3156, #1075, #7916 ),
 ( #4558, #8533, #6638 ),
 ( #4421, #412, #7113 ),
 ( #5127, #8487, #6455 ),
 ( #8581, #5316, #2586 ),
 ( #7160, #1929, #3856 ),
 ( #599, #1792, #7815 ),
 ( #7296, #3113, #5891 ),
 ( #3206, #5840, #1121 ),
 ( #5789, #4607, #1261 ) ),
 .UNSPECIFIED., .F., .F., .T. ) 
 B_SPLINE_SURFACE_WITH_KNOTS ( ( 4, 2, 2, 2, 2, 2, 2, 4 ),
 ( 3, 3 ),
 ( -1.723881454251952050E-17, 0.0006302862152585693000, 0.001260572430517155947, 0.001890858645775742594, 0.002521144861034329242, 0.003151431076292916106, 0.003781717291551502536, 0.005042289722068675831 ),
 ( 0.000000000000000000, 1.000000000000000000 ),
 .UNSPECIFIED. ) 
 GEOMETRIC_REPRESENTATION_ITEM ( )  RATIONAL_B_SPLINE_SURFACE ( (
 ( 1.000000000000000000, 0.7193398003386507478, 1.000000000000000000),
 ( 1.000000000000000000, 0.7205199565867512757, 1.000000000000000000),
 ( 1.000000000000000000, 0.7215717791702050965, 1.000000000000000000),
 ( 1.000000000000000000, 0.7234275177348291619, 1.000000000000000000),
 ( 1.000000000000000000, 0.7242355191405512871, 1.000000000000000000),
 ( 1.000000000000000000, 0.7255236088334314770, 1.000000000000000000),
 ( 1.000000000000000000, 0.7260164974478061639, 1.000000000000000000),
 ( 1.000000000000000000, 0.7266854393935936463, 1.000000000000000000),
 ( 1.000000000000000000, 0.7268502996889022461, 1.000000000000000000),
 ( 1.000000000000000000, 0.7268528309978791180, 1.000000000000000000),
 ( 1.000000000000000000, 0.7266841580817888779, 1.000000000000000000),
 ( 1.000000000000000000, 0.7260260551322339495, 1.000000000000000000),
 ( 1.000000000000000000, 0.7255369467475146772, 1.000000000000000000),
 ( 1.000000000000000000, 0.7235863180380093240, 1.000000000000000000),
 ( 1.000000000000000000, 0.7217174982280625262, 1.000000000000000000),
 ( 1.000000000000000000, 0.7193398003386506367, 1.000000000000000000) ) ) 
 REPRESENTATION_ITEM ( '' )  SURFACE ( )  );
#3062 = FACE_OUTER_BOUND ( 'NONE', #542, .T. ) ;
#3063 = ORIENTED_EDGE ( 'NONE', *, *, #7048, .F. ) ;
#3064 = AXIS2_PLACEMENT_3D ( 'NONE', #4151, #3572, #8249 ) ;
#3065 = DIRECTION ( 'NONE',  ( -0.4999999999999901190, 0.8660254037844444808, 0.000000000000000000 ) ) ;
#3066 = DIRECTION ( 'NONE',  ( 1.000000000000000000, 0.000000000000000000, 0.000000000000000000 ) ) ;
#3067 = CARTESIAN_POINT ( 'NONE',  ( -0.3093411705292783975, 0.2876484098167661485, 0.4903933141719576394 ) ) ;
#3068 = CARTESIAN_POINT ( 'NONE',  ( 0.4165480202746800198, -0.1390793473228947308, 0.01039185810727338323 ) ) ;
#3069 = CARTESIAN_POINT ( 'NONE',  ( 0.2962942585325363809, -0.6464621647814283723, 0.4899999999999999911 ) ) ;
#3070 = CARTESIAN_POINT ( 'NONE',  ( 0.7018352545101048667, -0.09382472285462950534, 0.000000000000000000 ) ) ;
#3071 = EDGE_CURVE ( 'NONE', #5520, #6928, #1750, .T. ) ;
#3072 = VECTOR ( 'NONE', #1146, 39.37007874015748143 ) ;
#3073 = CARTESIAN_POINT ( 'NONE',  ( 0.4236360394486720082, -0.1006297618952468886, 0.4999999999999951705 ) ) ;
#3074 = ORIENTED_EDGE ( 'NONE', *, *, #8492, .F. ) ;
#3075 = VERTEX_POINT ( 'NONE', #1670 ) ;
#3076 = VERTEX_POINT ( 'NONE', #4252 ) ;
#3077 = CARTESIAN_POINT ( 'NONE',  ( 0.4542213189326538836, 0.08247141624200884924, 0.5000000000000000000 ) ) ;
#3078 = CARTESIAN_POINT ( 'NONE',  ( -0.7044894372315644304, 0.07936906509479249583, 0.4118160943908694693 ) ) ;
#3079 = DIRECTION ( 'NONE',  ( -1.000000000000000000, 7.072278525269434736E-15, 6.829619984159383444E-15 ) ) ;
#3080 = VECTOR ( 'NONE', #4722, 39.37007874015748143 ) ;
#3081 = CARTESIAN_POINT ( 'NONE',  ( -0.4905954183147086534, -0.5958808776565664989, 0.01057749445276294324 ) ) ;
#3082 = FACE_OUTER_BOUND ( 'NONE', #8588, .T. ) ;
#3083 = CARTESIAN_POINT ( 'NONE',  ( 0.5507856860767710305, -0.5894285483615903098, 0.01049752550059984343 ) ) ;
#3084 =( BOUNDED_SURFACE ( )  B_SPLINE_SURFACE ( 3, 2, ( 
 ( #4405, #3657, #1017 ),
 ( #6219, #4314, #2346 ),
 ( #260, #3004, #1590 ),
 ( #5642, #7007, #4984 ),
 ( #214, #7759, #5028 ),
 ( #1639, #1688, #4361 ),
 ( #972, #6399, #1730 ),
 ( #881, #6352, #5687 ),
 ( #168, #7622, #2921 ),
 ( #349, #841, #7582 ),
 ( #2877, #3618, #7049 ),
 ( #3052, #3571, #5554 ),
 ( #8248, #4268, #2215 ),
 ( #3698, #4899, #5734 ),
 ( #8430, #1549, #4224 ),
 ( #6918, #6961, #5599 ) ),
 .UNSPECIFIED., .F., .F., .T. ) 
 B_SPLINE_SURFACE_WITH_KNOTS ( ( 4, 2, 2, 2, 2, 2, 2, 4 ),
 ( 3, 3 ),
 ( 2.114194236346733646E-17, 0.0006302862164564806448, 0.001260572432912940039, 0.001890858649369399434, 0.002521144865825858828, 0.003151431082282318656, 0.003781717298738778051, 0.005042289731651696839 ),
 ( 0.000000000000000000, 1.000000000000000000 ),
 .UNSPECIFIED. ) 
 GEOMETRIC_REPRESENTATION_ITEM ( )  RATIONAL_B_SPLINE_SURFACE ( (
 ( 1.000000000000000000, 0.7193398003386507478, 1.000000000000000000),
 ( 1.000000000000000000, 0.7205203109738941292, 1.000000000000000000),
 ( 1.000000000000000000, 0.7215723838607310814, 1.000000000000000000),
 ( 1.000000000000000000, 0.7234284248571514198, 1.000000000000000000),
 ( 1.000000000000000000, 0.7242364760474273577, 1.000000000000000000),
 ( 1.000000000000000000, 0.7255244946207271006, 1.000000000000000000),
 ( 1.000000000000000000, 0.7260172650832499297, 1.000000000000000000),
 ( 1.000000000000000000, 0.7266858690948487798, 1.000000000000000000),
 ( 1.000000000000000000, 0.7268505164664844642, 1.000000000000000000),
 ( 1.000000000000000000, 0.7268526187167572150, 1.000000000000000000),
 ( 1.000000000000000000, 0.7266837284338757419, 1.000000000000000000),
 ( 1.000000000000000000, 0.7260252910178629504, 1.000000000000000000),
 ( 1.000000000000000000, 0.7255360622058502074, 1.000000000000000000),
 ( 1.000000000000000000, 0.7235853240588999702, 1.000000000000000000),
 ( 1.000000000000000000, 0.7217167785968182647, 1.000000000000000000),
 ( 1.000000000000000000, 0.7193398003386507478, 1.000000000000000000) ) ) 
 REPRESENTATION_ITEM ( '' )  SURFACE ( )  );
#3085 = LINE ( 'NONE', #7268, #3909 ) ;
#3086 = ADVANCED_FACE ( 'NONE', ( #7034 ), #1389, .T. ) ;
#3087 = CARTESIAN_POINT ( 'NONE',  ( -0.08118988160479159721, -0.04687499999999901468, 0.000000000000000000 ) ) ;
#3088 = VERTEX_POINT ( 'NONE', #6945 ) ;
#3089 = DIRECTION ( 'NONE',  ( -0.5000000000001508793, 0.8660254037843516661, 0.000000000000000000 ) ) ;
#3090 = CARTESIAN_POINT ( 'NONE',  ( 0.1073834524342721919, -0.4339742250304458038, 5.067994881636774803E-15 ) ) ;
#3091 = CARTESIAN_POINT ( 'NONE',  ( -0.4598255610798656634, -0.6245694383023793206, 0.5000000000000001110 ) ) ;
#3092 = CARTESIAN_POINT ( 'NONE',  ( -0.3014129559692655946, -0.3066492814768805864, 0.5000000000000047740 ) ) ;
#3093 = CARTESIAN_POINT ( 'NONE',  ( -0.4080963827730894056, 0.1336561597652032862, -0.000000000000000000 ) ) ;
#3094 = CARTESIAN_POINT ( 'NONE',  ( -0.06609935683364097370, -0.4219993685819827256, 0.000000000000000000 ) ) ;
#3095 = CARTESIAN_POINT ( 'NONE',  ( -0.7790191393765495409, 0.1337542765233906694, 0.000000000000000000 ) ) ;
#3096 = CARTESIAN_POINT ( 'NONE',  ( -0.4862580038562225870, 0.6774970660986862070, 0.3260738260462187621 ) ) ;
#3097 = CARTESIAN_POINT ( 'NONE',  ( 0.07206249524922946070, -0.4197816556070603777, 0.3318948753079482006 ) ) ;
#3098 = DIRECTION ( 'NONE',  ( -0.000000000000000000, -0.000000000000000000, -1.000000000000000000 ) ) ;
#3099 = EDGE_CURVE ( 'NONE', #4122, #4474, #8477, .T. ) ;
#3100 = CARTESIAN_POINT ( 'NONE',  ( -0.8172638322475104244, 0.1618138533872834350, 0.5000000000000000000 ) ) ;
#3101 = CARTESIAN_POINT ( 'NONE',  ( 0.5524496552061356480, -0.6156461664308250370, 0.5000000000000000000 ) ) ;
#3102 = CARTESIAN_POINT ( 'NONE',  ( -0.9828766357762466210, -1.213940472019738941E-16, 0.4903489949670249426 ) ) ;
#3103 = CARTESIAN_POINT ( 'NONE',  ( -0.2283199750577135090, 0.7756652740903959842, 2.308209987916319265E-16 ) ) ;
#3104 = CARTESIAN_POINT ( 'NONE',  ( -0.5010756907753656231, -0.08339469686208871024, 0.000000000000000000 ) ) ;
#3105 = CARTESIAN_POINT ( 'NONE',  ( -0.2998970857063863460, 0.7503851775048869799, 0.5000000000000000000 ) ) ;
#3106 = ORIENTED_EDGE ( 'NONE', *, *, #2434, .T. ) ;
#3107 = B_SPLINE_CURVE_WITH_KNOTS ( 'NONE', 3,
 ( #5935, #691, #8094, #2548, #3254, #8722, #4742, #6548, #1976, #2675, #3948, #3387, #2587, #1210 ),
 .UNSPECIFIED., .F., .F.,
 ( 4, 2, 2, 2, 2, 2, 4 ),
 ( 0.000000000000000000, 0.0008346611135472063563, 0.001251991670320808667, 0.001669322227094410978, 0.002086652783868012638, 0.002503983340641615599, 0.003338644454188821088 ),
 .UNSPECIFIED. ) ;
#3108 = CARTESIAN_POINT ( 'NONE',  ( -0.7238493341597483921, -0.1004125506952681796, 0.01049749389316012062 ) ) ;
#3109 = ORIENTED_EDGE ( 'NONE', *, *, #5598, .F. ) ;
#3110 = CARTESIAN_POINT ( 'NONE',  ( 0.1432471490185260599, -0.4258538269985468472, 0.4904263066565967000 ) ) ;
#3111 = EDGE_CURVE ( 'NONE', #2280, #7604, #2793, .T. ) ;
#3112 = CARTESIAN_POINT ( 'NONE',  ( 0.1666984693221198466, 0.4451925768239152204, 0.4903936898990763349 ) ) ;
#3113 = CARTESIAN_POINT ( 'NONE',  ( -0.4381159057445317417, -0.5995808522014832720, 0.5000000000000000000 ) ) ;
#3114 = CARTESIAN_POINT ( 'NONE',  ( 0.4239034787753256928, -0.1009372227269309807, 0.4904246938222637242 ) ) ;
#3115 = CARTESIAN_POINT ( 'NONE',  ( -0.5081955304484689906, 0.6351246623718912465, 0.4999999999999999445 ) ) ;
#3116 = CARTESIAN_POINT ( 'NONE',  ( 0.3186973334234764477, 0.3246300249756515766, 0.01042312829154354650 ) ) ;
#3117 = ORIENTED_EDGE ( 'NONE', *, *, #3656, .T. ) ;
#3118 = EDGE_LOOP ( 'NONE', ( #5497, #5275, #6985, #7067 ) ) ;
#3119 = ORIENTED_EDGE ( 'NONE', *, *, #4735, .F. ) ;
#3120 = VERTEX_POINT ( 'NONE', #2331 ) ;
#3121 = CARTESIAN_POINT ( 'NONE',  ( 0.1353195834825860200, -0.4447983101028365471, 0.01042306822590570621 ) ) ;
#3122 = CARTESIAN_POINT ( 'NONE',  ( -0.2194274942499761794, -0.7944203927384240194, 0.3329279436336236575 ) ) ;
#3123 = CARTESIAN_POINT ( 'NONE',  ( -0.4894415122910311111, 0.07662663577625178357, 0.4903489949670249426 ) ) ;
#3124 = EDGE_CURVE ( 'NONE', #5190, #1485, #4386, .T. ) ;
#3125 = CARTESIAN_POINT ( 'NONE',  ( -0.2876264501487740821, -0.3315356752139214103, 0.5000000000000000000 ) ) ;
#3126 = CARTESIAN_POINT ( 'NONE',  ( -0.7862209588756534639, -0.2052697189346742723, 6.068915653265292513E-15 ) ) ;
#3127 = CARTESIAN_POINT ( 'NONE',  ( 0.5387903082692184764, -0.6042075664030641668, 0.000000000000000000 ) ) ;
#3128 = CARTESIAN_POINT ( 'NONE',  ( -0.7452197053084773648, -0.08298815821637794965, 0.5000000000000001110 ) ) ;
#3129 = CARTESIAN_POINT ( 'NONE',  ( 0.5766866715693340639, -0.5729208409967637694, 0.01038462063788531987 ) ) ;
#3130 = B_SPLINE_CURVE_WITH_KNOTS ( 'NONE', 3,
 ( #447, #265, #6404, #6357, #3148, #309, #3010 ),
 .UNSPECIFIED., .F., .F.,
 ( 4, 3, 4 ),
 ( 0.0002456008890775214092, 0.006241211021260299925, 0.01246129959652395557 ),
 .UNSPECIFIED. ) ;
#3131 = DIRECTION ( 'NONE',  ( 0.5000000000000102141, 0.8660254037844328234, -2.110276202573661347E-21 ) ) ;
#3132 = DIRECTION ( 'NONE',  ( -0.6279918923336884617, 0.7782198809868283718, -3.310062206486843049E-14 ) ) ;
#3133 = ORIENTED_EDGE ( 'NONE', *, *, #2887, .T. ) ;
#3134 = CARTESIAN_POINT ( 'NONE',  ( 0.4153263665006213246, 0.5525769747778439545, 0.01000000000000000021 ) ) ;
#3135 = CARTESIAN_POINT ( 'NONE',  ( 0.1170535714427352741, -0.4364706034898448439, 0.01042152950794345348 ) ) ;
#3136 = CARTESIAN_POINT ( 'NONE',  ( 0.4617498785474919432, 0.5852076144988285211, 0.01053712401242833455 ) ) ;
#3137 = EDGE_CURVE ( 'NONE', #935, #6735, #6377, .T. ) ;
#3138 = CARTESIAN_POINT ( 'NONE',  ( -0.3089003946739862227, -0.2876762635356199249, 0.5000000000000000000 ) ) ;
#3139 = CARTESIAN_POINT ( 'NONE',  ( 0.8146658284480057244, 0.2031668088770782199, 0.5000000000000000000 ) ) ;
#3140 = CARTESIAN_POINT ( 'NONE',  ( -0.1493532097063641206, -0.4426988761484128010, 0.000000000000000000 ) ) ;
#3141 = CARTESIAN_POINT ( 'NONE',  ( -0.7920226469531997937, 0.2231389177517658085, 0.000000000000000000 ) ) ;
#3142 = CARTESIAN_POINT ( 'NONE',  ( -0.2430571046346810260, -0.7924464550209940894, 0.4904138798737704974 ) ) ;
#3143 = ORIENTED_EDGE ( 'NONE', *, *, #7273, .T. ) ;
#3144 = CARTESIAN_POINT ( 'NONE',  ( -0.1810050409463348220, -0.4476431436398059516, 0.5000000000000001110 ) ) ;
#3145 = DIRECTION ( 'NONE',  ( 1.000000000000000000, 6.328977264030182139E-16, 1.775701195892934140E-13 ) ) ;
#3146 = DIRECTION ( 'NONE',  ( 1.000000000000000000, 0.000000000000000000, 0.000000000000000000 ) ) ;
#3147 = CARTESIAN_POINT ( 'NONE',  ( -0.3079182124026362266, 0.3397213790690066237, 0.000000000000000000 ) ) ;
#3148 = CARTESIAN_POINT ( 'NONE',  ( -0.2099865250898827473, 0.7911696661735000413, 0.1732836465128099745 ) ) ;
#3149 = DIRECTION ( 'NONE',  ( 1.000000000000000000, 0.000000000000000000, 0.000000000000000000 ) ) ;
#3150 = CIRCLE ( 'NONE', #4972, 0.009999999999999996739 ) ;
#3151 = EDGE_LOOP ( 'NONE', ( #7017, #4167, #1401, #1446 ) ) ;
#3152 = CARTESIAN_POINT ( 'NONE',  ( 0.2563397208317036990, -0.7855951996705163864, 0.5000000000000000000 ) ) ;
#3153 = ORIENTED_EDGE ( 'NONE', *, *, #3454, .F. ) ;
#3154 = CARTESIAN_POINT ( 'NONE',  ( -0.8073374107810376010, 0.1631525905346568328, 0.4904903260095137552 ) ) ;
#3155 = CARTESIAN_POINT ( 'NONE',  ( 0.07411651482679071368, 0.4134489335005802624, 0.5000000000000000000 ) ) ;
#3156 = CARTESIAN_POINT ( 'NONE',  ( -0.5248844680749250591, -0.6336608463059117957, 0.5000000000000000000 ) ) ;
#3157 = DIRECTION ( 'NONE',  ( -1.000000000000000000, 1.182525838673188523E-14, 0.000000000000000000 ) ) ;
#3158 = CARTESIAN_POINT ( 'NONE',  ( 0.7853263528178636710, -0.1823392971509300298, 0.000000000000000000 ) ) ;
#3159 = CARTESIAN_POINT ( 'NONE',  ( 0.2707479352069476763, -0.6445629744553580398, 0.1701881937376339415 ) ) ;
#3160 = CARTESIAN_POINT ( 'NONE',  ( 0.4544883689572513652, -0.08279350096282835081, 0.4904130603301994906 ) ) ;
#3161 = EDGE_CURVE ( 'NONE', #449, #5083, #7559, .T. ) ;
#3162 = ORIENTED_EDGE ( 'NONE', *, *, #8166, .T. ) ;
#3163 = CARTESIAN_POINT ( 'NONE',  ( 0.1432553684923913995, -0.4258386720832561534, 0.5000000000000048850 ) ) ;
#3164 = ORIENTED_EDGE ( 'NONE', *, *, #8386, .F. ) ;
#3165 = CIRCLE ( 'NONE', #8093, 0.009999999999999995004 ) ;
#3166 = ORIENTED_EDGE ( 'NONE', *, *, #4351, .T. ) ;
#3167 = EDGE_LOOP ( 'NONE', ( #2681, #7602, #2637, #1027 ) ) ;
#3168 = CARTESIAN_POINT ( 'NONE',  ( 0.4165231803952078593, 0.1080270099027932085, 0.4904180500256413167 ) ) ;
#3169 = CARTESIAN_POINT ( 'NONE',  ( 0.3087740518921622268, 0.3233653315866341638, 0.000000000000000000 ) ) ;
#3170 = DIRECTION ( 'NONE',  ( 1.000000000000000000, 0.000000000000000000, 0.000000000000000000 ) ) ;
#3171 = CARTESIAN_POINT ( 'NONE',  ( -0.2759296740214836063, 0.6924935893850743263, 0.01053712970575425290 ) ) ;
#3172 = CARTESIAN_POINT ( 'NONE',  ( -0.2939584863809097115, -0.2985857830153429981, 0.5000000000000001110 ) ) ;
#3173 = CARTESIAN_POINT ( 'NONE',  ( -0.7973870591115740369, -0.1895157697613265024, 0.000000000000000000 ) ) ;
#3174 = CARTESIAN_POINT ( 'NONE',  ( 0.5285542648147247835, -0.5956449536043151305, -6.922133538080180063E-16 ) ) ;
#3175 = CARTESIAN_POINT ( 'NONE',  ( -0.7231115359433583079, -0.07748463182415721295, 0.4904133168798602282 ) ) ;
#3176 = CARTESIAN_POINT ( 'NONE',  ( -0.4242943220819235250, 0.5473993232088998351, -9.817578727230946866E-17 ) ) ;
#3177 = TOROIDAL_SURFACE ( 'NONE', #4989, 0.9728827275060553115, 0.01000000000000000021 ) ;
#3178 = CARTESIAN_POINT ( 'NONE',  ( -0.5507934810212073984, -0.5894198874075810002, 0.01049747041122635859 ) ) ;
#3179 = CARTESIAN_POINT ( 'NONE',  ( 0.7084310463656189327, 0.07662663577623814171, 0.4903489949670249426 ) ) ;
#3180 = EDGE_CURVE ( 'NONE', #3088, #6076, #686, .T. ) ;
#3181 = EDGE_LOOP ( 'NONE', ( #7984, #6814, #4566, #6779 ) ) ;
#3182 = CARTESIAN_POINT ( 'NONE',  ( 0.3194832758508331927, -0.3195247638123381306, 0.01042149135603029700 ) ) ;
#3183 = CARTESIAN_POINT ( 'NONE',  ( -0.09021097956087617553, 0.1662499999999989542, 0.000000000000000000 ) ) ;
#3184 = CARTESIAN_POINT ( 'NONE',  ( -0.3401899532607898791, 0.2745194998491434779, 0.01034899496703158353 ) ) ;
#3185 = CARTESIAN_POINT ( 'NONE',  ( -0.5801797670649638805, -0.5774384982670065503, 0.1732836465128099468 ) ) ;
#3186 = CARTESIAN_POINT ( 'NONE',  ( -0.1214478067110810328, -0.4386513099396170401, -5.113558917742307509E-16 ) ) ;
#3187 = CARTESIAN_POINT ( 'NONE',  ( 0.3953343305808540431, -0.1425374204724066396, 0.4941086989442872168 ) ) ;
#3188 = CARTESIAN_POINT ( 'NONE',  ( -0.3002769114918775739, -0.6869465046692070365, 0.4904903537286846582 ) ) ;
#3189 = EDGE_CURVE ( 'NONE', #8217, #739, #1756, .T. ) ;
#3190 = EDGE_CURVE ( 'NONE', #2899, #8153, #3501, .T. ) ;
#3191 = EDGE_LOOP ( 'NONE', ( #371, #1069, #7778, #2403 ) ) ;
#3192 = CARTESIAN_POINT ( 'NONE',  ( -0.7428196334932313238, 0.09868761413917431780, 0.000000000000000000 ) ) ;
#3193 = FACE_OUTER_BOUND ( 'NONE', #4691, .T. ) ;
#3194 = AXIS2_PLACEMENT_3D ( 'NONE', #6587, #8620, #1498 ) ;
#3195 = DIRECTION ( 'NONE',  ( 0.4999999999999999445, 0.8660254037844387076, -0.000000000000000000 ) ) ;
#3196 = CARTESIAN_POINT ( 'NONE',  ( -0.07157618833626322452, 0.4211043719705096500, 0.2966765156263425074 ) ) ;
#3197 = CARTESIAN_POINT ( 'NONE',  ( -0.3179193610574593820, 0.3394992365181607741, 0.01042152797426129998 ) ) ;
#3198 = CARTESIAN_POINT ( 'NONE',  ( -0.1097377115251090274, -0.4132924989006402372, 0.5000000000000000000 ) ) ;
#3199 = CARTESIAN_POINT ( 'NONE',  ( 0.06609935683363071801, -0.4219993685819813378, 0.000000000000000000 ) ) ;
#3200 = AXIS2_PLACEMENT_3D ( 'NONE', #2266, #5605, #6886 ) ;
#3201 = EDGE_LOOP ( 'NONE', ( #1972, #4921, #7913, #1847 ) ) ;
#3202 = CARTESIAN_POINT ( 'NONE',  ( -0.2194205741823203604, -0.7932469475982572016, 0.000000000000000000 ) ) ;
#3203 = EDGE_LOOP ( 'NONE', ( #5607, #3060, #6866, #3951 ) ) ;
#3204 = CARTESIAN_POINT ( 'NONE',  ( 0.1098049654195406705, -0.4137097739312494693, 0.4904132057727219052 ) ) ;
#3205 = CARTESIAN_POINT ( 'NONE',  ( 0.1097377115251069596, 0.4132924989006394600, 0.5000000000000000000 ) ) ;
#3206 = CARTESIAN_POINT ( 'NONE',  ( -0.4201680628177333898, -0.5944869774395608042, 0.5000000000000000000 ) ) ;
#3207 = AXIS2_PLACEMENT_3D ( 'NONE', #8534, #5182, #1747 ) ;
#3208 = CARTESIAN_POINT ( 'NONE',  ( -0.4385645985888730891, 0.6113795068448364400, 0.4999999999999999445 ) ) ;
#3209 = CARTESIAN_POINT ( 'NONE',  ( 0.7864021344977578654, -0.1900995692390575476, 0.01047285127922291739 ) ) ;
#3210 = CARTESIAN_POINT ( 'NONE',  ( -0.1026290165514693042, 0.4324621822343236444, 0.01041052122085309520 ) ) ;
#3211 = VERTEX_POINT ( 'NONE', #8544 ) ;
#3212 = ORIENTED_EDGE ( 'NONE', *, *, #2139, .T. ) ;
#3213 = VECTOR ( 'NONE', #3830, 39.37007874015748143 ) ;
#3214 = AXIS2_PLACEMENT_3D ( 'NONE', #3421, #8050, #6188 ) ;
#3215 = ORIENTED_EDGE ( 'NONE', *, *, #8345, .T. ) ;
#3216 = ORIENTED_EDGE ( 'NONE', *, *, #7751, .T. ) ;
#3217 = DIRECTION ( 'NONE',  ( -0.8660254037844452579, -0.4999999999999885647, 0.000000000000000000 ) ) ;
#3218 = CARTESIAN_POINT ( 'NONE',  ( -0.5010756907753636247, 0.09375000000000559275, -2.134256245050205639E-18 ) ) ;
#3219 = CARTESIAN_POINT ( 'NONE',  ( 0.7790191393407336351, -0.1337542765462946259, 0.000000000000000000 ) ) ;
#3220 = CARTESIAN_POINT ( 'NONE',  ( -0.5578345084813629562, -0.5859931235164769214, 0.01047284203978484859 ) ) ;
#3221 = ADVANCED_FACE ( 'NONE', ( #6557 ), #8472, .T. ) ;
#3222 = CARTESIAN_POINT ( 'NONE',  ( -0.4457431912504374871, 0.07553369636243630059, 0.5000000000000000000 ) ) ;
#3223 = CARTESIAN_POINT ( 'NONE',  ( -0.7156282374093236864, -0.07662544908613422301, 0.4903829773254078650 ) ) ;
#3224 = CARTESIAN_POINT ( 'NONE',  ( 0.1852048853565229358, -9.616010730735595539E-16, 0.5000000000000001110 ) ) ;
#3225 = CIRCLE ( 'NONE', #4470, 0.8396172724939445775 ) ;
#3226 = CARTESIAN_POINT ( 'NONE',  ( 0.4237426216607237395, 0.5471665397842231382, 0.01034899496702500893 ) ) ;
#3227 = VERTEX_POINT ( 'NONE', #2417 ) ;
#3228 = CARTESIAN_POINT ( 'NONE',  ( -0.2962942585325367140, 0.6464621647814281502, 0.4899999999999999911 ) ) ;
#3229 = CARTESIAN_POINT ( 'NONE',  ( 0.1727615092121037865, -0.4660211057531909451, 0.000000000000000000 ) ) ;
#3230 = AXIS2_PLACEMENT_3D ( 'NONE', #1572, #5537, #7647 ) ;
#3231 = CARTESIAN_POINT ( 'NONE',  ( 0.5134642071452754086, 0.5978431743852103963, 0.01057234158383331055 ) ) ;
#3232 = CARTESIAN_POINT ( 'NONE',  ( 0.2708068472627380707, 0.7226391771820228627, 0.01057741572469213243 ) ) ;
#3233 = CARTESIAN_POINT ( 'NONE',  ( -0.2981122571460486648, -0.3216895266647697982, 0.5000000000000000000 ) ) ;
#3234 = EDGE_CURVE ( 'NONE', #1836, #6180, #5184, .T. ) ;
#3235 = CARTESIAN_POINT ( 'NONE',  ( 0.4092332102460180532, 0.1011757916460656326, 0.5000000000000001110 ) ) ;
#3236 = DIRECTION ( 'NONE',  ( 0.000000000000000000, 0.000000000000000000, 1.000000000000000000 ) ) ;
#3237 = CARTESIAN_POINT ( 'NONE',  ( 0.4237247760756024939, -0.08220388022841358666, 0.3306376102141877493 ) ) ;
#3238 = CARTESIAN_POINT ( 'NONE',  ( 0.2975652022119508744, -0.3368930250468876175, 0.4904246920857202041 ) ) ;
#3239 = ORIENTED_EDGE ( 'NONE', *, *, #4223, .F. ) ;
#3240 = CARTESIAN_POINT ( 'NONE',  ( 0.8111338118138226028, 0.1375563665529688784, 0.5000000000000001110 ) ) ;
#3241 = CARTESIAN_POINT ( 'NONE',  ( 0.2622275360085785101, -0.6409686257750416560, 0.01034899496702498464 ) ) ;
#3242 = EDGE_CURVE ( 'NONE', #8481, #5186, #6678, .T. ) ;
#3243 = CARTESIAN_POINT ( 'NONE',  ( 0.3954325595773452995, -0.1426520477689199873, 0.4903489949670250536 ) ) ;
#3244 = CARTESIAN_POINT ( 'NONE',  ( -0.3183594180196958612, 0.3394884708261515227, 0.000000000000000000 ) ) ;
#3245 = B_SPLINE_CURVE_WITH_KNOTS ( 'NONE', 3,
 ( #7713, #8471, #4266, #1686, #4981, #1773, #2299 ),
 .UNSPECIFIED., .F., .F.,
 ( 4, 3, 4 ),
 ( 0.0002633878902121486974, 0.006483476376054357962, 0.01247908642204302587 ),
 .UNSPECIFIED. ) ;
#3246 = CARTESIAN_POINT ( 'NONE',  ( -0.08425720073792060394, -0.4116063702083841980, 0.5000000000000000000 ) ) ;
#3247 = CARTESIAN_POINT ( 'NONE',  ( 0.7156279913617664690, -0.07662544912452567969, 0.4903829762264970138 ) ) ;
#3248 = CARTESIAN_POINT ( 'NONE',  ( 0.2684970084061296114, -0.7886781670142088974, 0.5000000000000000000 ) ) ;
#3249 = VERTEX_POINT ( 'NONE', #1895 ) ;
#3250 = CARTESIAN_POINT ( 'NONE',  ( -0.6947385140747648347, -0.08339469686208632326, 0.000000000000000000 ) ) ;
#3251 = CARTESIAN_POINT ( 'NONE',  ( 0.1096688404735248895, 0.4136832431290212719, 0.4904130639807626202 ) ) ;
#3252 = EDGE_CURVE ( 'NONE', #6735, #2503, #3920, .T. ) ;
#3253 = CARTESIAN_POINT ( 'NONE',  ( -0.7079997865524704226, -0.07662663577623825273, 0.4903489949670250536 ) ) ;
#3254 = CARTESIAN_POINT ( 'NONE',  ( -0.1494019245159912690, 0.4427365517273058604, 0.000000000000000000 ) ) ;
#3255 = CARTESIAN_POINT ( 'NONE',  ( -0.1646110338483759705, 0.4718901973955929030, 0.01037314937198704698 ) ) ;
#3256 = EDGE_LOOP ( 'NONE', ( #777, #1311, #8007, #103, #5766 ) ) ;
#3257 = ORIENTED_EDGE ( 'NONE', *, *, #4746, .F. ) ;
#3258 = ORIENTED_EDGE ( 'NONE', *, *, #5143, .T. ) ;
#3259 = ORIENTED_EDGE ( 'NONE', *, *, #7869, .F. ) ;
#3260 = CARTESIAN_POINT ( 'NONE',  ( 0.7920226469531952418, -0.2231389177517649203, 0.000000000000000000 ) ) ;
#3261 = CARTESIAN_POINT ( 'NONE',  ( -0.4295244296811665530, 0.1239903147610682821, 1.490586729893538316E-16 ) ) ;
#3262 = PLANE ( 'NONE',  #7501 ) ;
#3263 = CARTESIAN_POINT ( 'NONE',  ( -0.2755098918286822407, 0.7002241299075331327, 0.01055220714150016323 ) ) ;
#3264 = CARTESIAN_POINT ( 'NONE',  ( -0.4079095832627220308, 0.1574421498984958090, 0.007463728527815797348 ) ) ;
#3265 = CARTESIAN_POINT ( 'NONE',  ( -0.7790191393407336351, 0.1337542765462941263, 0.000000000000000000 ) ) ;
#3266 = CARTESIAN_POINT ( 'NONE',  ( -0.1696609409191350559, -0.4806385799964424943, 0.01034899496702501066 ) ) ;
#3267 = CARTESIAN_POINT ( 'NONE',  ( -0.7997045569130130094, -0.1153291356962774794, 0.5000000000000000000 ) ) ;
#3268 = CARTESIAN_POINT ( 'NONE',  ( 0.4278576551316188858, -0.5542964757774109241, 0.01038463202135236560 ) ) ;
#3269 = CARTESIAN_POINT ( 'NONE',  ( -0.3228837035532642341, -0.3924615857660610496, 0.000000000000000000 ) ) ;
#3270 = ORIENTED_EDGE ( 'NONE', *, *, #1231, .F. ) ;
#3271 = CARTESIAN_POINT ( 'NONE',  ( 0.3212565770584286939, 0.2711286181930245287, 0.4903489949670250536 ) ) ;
#3272 = CARTESIAN_POINT ( 'NONE',  ( 0.3002816812940255486, -0.6869352903041149316, 0.4904903549898804727 ) ) ;
#3273 = DIRECTION ( 'NONE',  ( -0.5000000000000102141, -0.8660254037844327124, 0.000000000000000000 ) ) ;
#3274 = FACE_OUTER_BOUND ( 'NONE', #1893, .T. ) ;
#3275 = CARTESIAN_POINT ( 'NONE',  ( 0.3090101113947507638, -0.2874598509869917828, 0.5000000000000097700 ) ) ;
#3276 = CARTESIAN_POINT ( 'NONE',  ( 0.2972148123002401610, 0.3318885495336171831, 0.5000000000000001110 ) ) ;
#3277 = DIRECTION ( 'NONE',  ( 1.000000000000000000, 0.000000000000000000, 0.000000000000000000 ) ) ;
#3278 = CARTESIAN_POINT ( 'NONE',  ( -0.4788731719025079991, -0.08510157677552455946, -0.000000000000000000 ) ) ;
#3279 = CARTESIAN_POINT ( 'NONE',  ( -0.2359642770354316299, -0.7953967213268747782, 0.4903829660357257869 ) ) ;
#3280 = ORIENTED_EDGE ( 'NONE', *, *, #7934, .T. ) ;
#3281 = CARTESIAN_POINT ( 'NONE',  ( 0.4620370780637106378, 0.5847177370475734604, 6.446917477053865539E-15 ) ) ;
#3282 = EDGE_CURVE ( 'NONE', #1402, #2593, #1220, .T. ) ;
#3283 = CARTESIAN_POINT ( 'NONE',  ( -0.4239813449456863448, 0.5475800206427594574, 0.01034899496702868134 ) ) ;
#3284 = CARTESIAN_POINT ( 'NONE',  ( 0.000000000000000000, 0.000000000000000000, 0.4899999999999999911 ) ) ;
#3285 = DIRECTION ( 'NONE',  ( -0.000000000000000000, -0.000000000000000000, -1.000000000000000000 ) ) ;
#3286 = CARTESIAN_POINT ( 'NONE',  ( -0.1116036301097005218, 0.4038684083715611828, 0.5000000000000001110 ) ) ;
#3287 = CARTESIAN_POINT ( 'NONE',  ( -0.1169957993040819655, -0.4049942519842750221, 0.5000000000000000000 ) ) ;
#3288 = CARTESIAN_POINT ( 'NONE',  ( 0.7821974245365109768, -0.1091379099144010045, 0.4905663007732030123 ) ) ;
#3289 = EDGE_CURVE ( 'NONE', #8555, #6540, #6999, .T. ) ;
#3290 = CARTESIAN_POINT ( 'NONE',  ( 0.2286311328129892739, -0.7974977940876063487, 0.4903489949670249426 ) ) ;
#3291 = ORIENTED_EDGE ( 'NONE', *, *, #7869, .T. ) ;
#3292 = LINE ( 'NONE', #5977, #4179 ) ;
#3293 = FACE_BOUND ( 'NONE', #4043, .T. ) ;
#3294 = CARTESIAN_POINT ( 'NONE',  ( -0.8049689155484073266, 0.2007485279317385574, 0.4903489949670249426 ) ) ;
#3295 = DIRECTION ( 'NONE',  ( -0.8660254037844508090, -0.4999999999999790168, 0.000000000000000000 ) ) ;
#3296 = AXIS2_PLACEMENT_3D ( 'NONE', #4431, #8638, #6603 ) ;
#3297 = CARTESIAN_POINT ( 'NONE',  ( -0.7636442179137661324, -0.08137434106026159020, 0.5000000000000000000 ) ) ;
#3298 = EDGE_LOOP ( 'NONE', ( #6465, #3014, #5367, #2022 ) ) ;
#3299 = EDGE_CURVE ( 'NONE', #7631, #2280, #388, .T. ) ;
#3300 = VERTEX_POINT ( 'NONE', #5231 ) ;
#3301 = ORIENTED_EDGE ( 'NONE', *, *, #4379, .T. ) ;
#3302 = DIMENSIONAL_EXPONENTS ( 1.000000000000000000, 0.000000000000000000, 0.000000000000000000, 0.000000000000000000, 0.000000000000000000, 0.000000000000000000, 0.000000000000000000 ) ;
#3303 = ORIENTED_EDGE ( 'NONE', *, *, #2453, .F. ) ;
#3304 = CARTESIAN_POINT ( 'NONE',  ( -0.7824032136805713078, -0.2204288059410590972, 0.01034899496702500546 ) ) ;
#3305 = CARTESIAN_POINT ( 'NONE',  ( -0.1406717395661156722, -0.4080583601664358739, 0.3306376160480967163 ) ) ;
#3306 = CARTESIAN_POINT ( 'NONE',  ( -0.2708825144536697871, -0.6359716716399393954, 0.000000000000000000 ) ) ;
#3307 = CARTESIAN_POINT ( 'NONE',  ( -0.2744929307283781594, 0.6693937272009735651, 0.01047778377301288207 ) ) ;
#3308 = CARTESIAN_POINT ( 'NONE',  ( -0.4291740151376706724, -0.1237301193523247522, 0.01041516670673410527 ) ) ;
#3309 = CARTESIAN_POINT ( 'NONE',  ( -0.1350554574738718761, -0.4450759626178502626, 0.01042152790750568679 ) ) ;
#3310 = CARTESIAN_POINT ( 'NONE',  ( -0.7156413612508559785, -0.07625681285979925284, 0.5000000000000001110 ) ) ;
#3311 = CARTESIAN_POINT ( 'NONE',  ( -0.4616340690288842641, 0.5851374406759852764, 0.01053680569702473806 ) ) ;
#3312 = CARTESIAN_POINT ( 'NONE',  ( 0.7744696693615096272, 0.1457473127197117801, 0.01057231095252381299 ) ) ;
#3313 = VECTOR ( 'NONE', #3486, 39.37007874015748854 ) ;
#3314 = VERTEX_POINT ( 'NONE', #6601 ) ;
#3315 = CARTESIAN_POINT ( 'NONE',  ( 0.4114704903711310924, 0.1479305858250984373, 0.01037314797076056665 ) ) ;
#3316 = CARTESIAN_POINT ( 'NONE',  ( 0.1203598450349670779, 0.4270295511246314235, 0.000000000000000000 ) ) ;
#3317 = LINE ( 'NONE', #4675, #3072 ) ;
#3318 = CIRCLE ( 'NONE', #1615, 0.4271446968620944973 ) ;
#3319 = CARTESIAN_POINT ( 'NONE',  ( 0.06764588407315151597, -0.4318728915606557250, 0.01034899496702450933 ) ) ;
#3320 = CARTESIAN_POINT ( 'NONE',  ( 0.4894415122910480420, 0.06663272750604976036, 0.5000000000000000000 ) ) ;
#3321 = CARTESIAN_POINT ( 'NONE',  ( -0.7824032136805665338, 0.2204288059410765832, 0.01034899496702894849 ) ) ;
#3322 = CARTESIAN_POINT ( 'NONE',  ( 0.2078206122983783100, -0.7858857419689104784, 0.01038462037918854233 ) ) ;
#3323 = CARTESIAN_POINT ( 'NONE',  ( 0.4227955568657825181, -0.5569058214503683768, 0.1732842076590095370 ) ) ;
#3324 = ORIENTED_EDGE ( 'NONE', *, *, #7040, .T. ) ;
#3325 =( BOUNDED_SURFACE ( )  B_SPLINE_SURFACE ( 3, 2, ( 
 ( #86, #4069, #2164 ),
 ( #5351, #4684, #8042 ),
 ( #679, #3498, #2006 ),
 ( #6800, #7369, #6838 ),
 ( #1340, #2, #4023 ),
 ( #8203, #4851, #2706 ),
 ( #6717, #7535, #3377 ),
 ( #5389, #1381, #8081 ),
 ( #4774, #6763, #1501 ),
 ( #722, #3413, #38 ),
 ( #7453, #1423, #761 ),
 ( #3452, #6140, #6258 ),
 ( #5636, #3044, #8425 ),
 ( #6912, #5550, #343 ) ),
 .UNSPECIFIED., .F., .F., .F. ) 
 B_SPLINE_SURFACE_WITH_KNOTS ( ( 4, 2, 2, 2, 2, 2, 4 ),
 ( 3, 3 ),
 ( 2.103352214621878602E-17, 0.0008499630636415543951, 0.001274944595462321022, 0.001699926127283087757, 0.002124907659103854492, 0.002549889190924621227, 0.003399852254566154697 ),
 ( 0.000000000000000000, 1.000000000000000000 ),
 .UNSPECIFIED. ) 
 GEOMETRIC_REPRESENTATION_ITEM ( )  RATIONAL_B_SPLINE_SURFACE ( (
 ( 1.000000000000000000, 0.7193398003386508588, 1.000000000000000000),
 ( 1.000000000000000000, 0.7202132200529779427, 1.000000000000000000),
 ( 1.000000000000000000, 0.7208785727470324867, 1.000000000000000000),
 ( 1.000000000000000000, 0.7215630611311462106, 1.000000000000000000),
 ( 1.000000000000000000, 0.7217357649435857114, 1.000000000000000000),
 ( 1.000000000000000000, 0.7219645438430765116, 1.000000000000000000),
 ( 1.000000000000000000, 0.7220224356993224513, 1.000000000000000000),
 ( 1.000000000000000000, 0.7220237877058105491, 1.000000000000000000),
 ( 1.000000000000000000, 0.7219658032786272495, 1.000000000000000000),
 ( 1.000000000000000000, 0.7217375979714156786, 1.000000000000000000),
 ( 1.000000000000000000, 0.7215678629160280355, 1.000000000000000000),
 ( 1.000000000000000000, 0.7208916282607668036, 1.000000000000000000),
 ( 1.000000000000000000, 0.7202112561550357839, 1.000000000000000000),
 ( 1.000000000000000000, 0.7193398003386507478, 1.000000000000000000) ) ) 
 REPRESENTATION_ITEM ( '' )  SURFACE ( )  );
#3326 = AXIS2_PLACEMENT_3D ( 'NONE', #8224, #4335, #7558 ) ;
#3327 = CARTESIAN_POINT ( 'NONE',  ( 0.7857353984010295722, 0.2052529993435136535, 0.01041708390066037326 ) ) ;
#3328 = CARTESIAN_POINT ( 'NONE',  ( -0.7079997865524672029, 0.06663272750606330508, 0.5000000000000000000 ) ) ;
#3329 = CARTESIAN_POINT ( 'NONE',  ( -0.3193718623871747986, 0.3543993427985464018, 0.01041051843159003856 ) ) ;
#3330 =( GEOMETRIC_REPRESENTATION_CONTEXT ( 3 ) GLOBAL_UNCERTAINTY_ASSIGNED_CONTEXT ( ( #5360 ) ) GLOBAL_UNIT_ASSIGNED_CONTEXT ( ( #7600, #4873, #3518 ) ) REPRESENTATION_CONTEXT ( 'NONE', 'WORKASPACE' ) );
#3331 = EDGE_CURVE ( 'NONE', #2073, #3347, #2517, .T. ) ;
#3332 = CARTESIAN_POINT ( 'NONE',  ( 0.7079997865524698675, -0.07662663577625426770, 0.4903489949670346015 ) ) ;
#3333 = CARTESIAN_POINT ( 'NONE',  ( -0.2643142932214126439, -0.7364943780776278537, -3.657792217363022801E-15 ) ) ;
#3334 = B_SPLINE_CURVE_WITH_KNOTS ( 'NONE', 3,
 ( #147, #659, #3357, #6043, #1365, #2730, #6746, #5412, #8107, #2070, #7437, #1409, #4094, #745, #2771, #5454, #3720, #7733 ),
 .UNSPECIFIED., .F., .F.,
 ( 4, 2, 2, 2, 2, 2, 2, 2, 4 ),
 ( 2.194270917860438266E-17, 0.0006380346546931605755, 0.001276069309386299250, 0.001914103964079437708, 0.002552138618772576816, 0.003190173273465715491, 0.003828207928158853732, 0.004466242582851991973, 0.005104277237545131948 ),
 .UNSPECIFIED. ) ;
#3335 = VERTEX_POINT ( 'NONE', #3260 ) ;
#3336 = B_SPLINE_CURVE_WITH_KNOTS ( 'NONE', 3,
 ( #1742, #4509, #1118, #2584, #3154, #5838, #1928, #5262, #1161, #1073, #3854, #3901, #4605, #4816, #8131, #6104 ),
 .UNSPECIFIED., .F., .F.,
 ( 4, 2, 2, 2, 2, 2, 2, 4 ),
 ( 2.797157557069881010E-17, 0.0005730326345398822387, 0.001146065269079736505, 0.002292130538159446989, 0.002865163172699305809, 0.003438195807239164629, 0.004011228441779023449, 0.004584261076318881835 ),
 .UNSPECIFIED. ) ;
#3337 = CARTESIAN_POINT ( 'NONE',  ( -0.2830530366051383084, -0.3258544801802262247, 0.3306376102141803663 ) ) ;
#3338 = CARTESIAN_POINT ( 'NONE',  ( 0.1431843075104650698, 0.4257957118349639525, 0.5000000000000000000 ) ) ;
#3339 = CARTESIAN_POINT ( 'NONE',  ( 0.1331371828797175971, -0.4101245202645072419, 0.5000000000000001110 ) ) ;
#3340 = EDGE_CURVE ( 'NONE', #6463, #2062, #1984, .T. ) ;
#3341 = CARTESIAN_POINT ( 'NONE',  ( 0.000000000000000000, 0.000000000000000000, 0.01034899496702501066 ) ) ;
#3342 = CIRCLE ( 'NONE', #4870, 0.4103827275060554780 ) ;
#3343 = LINE ( 'NONE', #4744, #2207 ) ;
#3344 = LINE ( 'NONE', #6070, #6026 ) ;
#3345 = VERTEX_POINT ( 'NONE', #5943 ) ;
#3346 = ORIENTED_EDGE ( 'NONE', *, *, #1641, .T. ) ;
#3347 = VERTEX_POINT ( 'NONE', #3955 ) ;
#3348 = ORIENTED_EDGE ( 'NONE', *, *, #2327, .F. ) ;
#3349 = VECTOR ( 'NONE', #6318, 39.37007874015748143 ) ;
#3350 = CARTESIAN_POINT ( 'NONE',  ( -0.4404865756840502522, 0.1136849347808434468, 0.01042312828344361779 ) ) ;
#3351 = CARTESIAN_POINT ( 'NONE',  ( -0.3985118519898073752, -0.1537559620992448584, 0.000000000000000000 ) ) ;
#3352 = CARTESIAN_POINT ( 'NONE',  ( 0.2643142932214236906, 0.7364943780776278537, -3.657792217363020434E-15 ) ) ;
#3353 = CARTESIAN_POINT ( 'NONE',  ( -0.4433339620439615825, -0.09961491246199996596, 0.000000000000000000 ) ) ;
#3354 = EDGE_CURVE ( 'NONE', #1698, #3335, #5738, .T. ) ;
#3355 = FACE_OUTER_BOUND ( 'NONE', #1484, .T. ) ;
#3356 = CARTESIAN_POINT ( 'NONE',  ( -0.1646110163850235397, -0.4718901671423226807, 0.01037314945552554081 ) ) ;
#3357 = CARTESIAN_POINT ( 'NONE',  ( 0.2472518066182523844, 0.8015459737182454303, 0.5000000000000001110 ) ) ;
#3358 = CARTESIAN_POINT ( 'NONE',  ( -0.4246192822974661496, 0.5667179865067368816, 0.000000000000000000 ) ) ;
#3359 = CARTESIAN_POINT ( 'NONE',  ( -0.5137579199558325316, -0.6078523355634892766, 0.000000000000000000 ) ) ;
#3360 = VECTOR ( 'NONE', #5270, 39.37007874015748143 ) ;
#3361 = B_SPLINE_CURVE_WITH_KNOTS ( 'NONE', 3,
 ( #2016, #6068, #5268, #5892, #3990, #512, #6594, #6639, #8582, #2633, #2717, #5224, #5317, #7966, #5400, #1930, #4609, #7917 ),
 .UNSPECIFIED., .F., .F.,
 ( 4, 2, 2, 2, 2, 2, 2, 2, 4 ),
 ( 0.000000000000000000, 0.0005890685110653330571, 0.001178137022130666114, 0.001767205533195999496, 0.002356274044261332228, 0.002945342555326665394, 0.003534411066391999427, 0.004123479577457333893, 0.004712548088522667926 ),
 .UNSPECIFIED. ) ;
#3362 = AXIS2_PLACEMENT_3D ( 'NONE', #2489, #7808, #8526 ) ;
#3363 = ORIENTED_EDGE ( 'NONE', *, *, #8328, .T. ) ;
#3364 = CARTESIAN_POINT ( 'NONE',  ( -0.6862088809542745693, 0.08339469686210201904, 0.000000000000000000 ) ) ;
#3365 = CARTESIAN_POINT ( 'NONE',  ( 0.2914544101626520001, -0.6580647447407830253, 0.4903829762264968473 ) ) ;
#3366 = CARTESIAN_POINT ( 'NONE',  ( -0.3178168707661929715, 0.3861550169635603047, 0.3318948813460339542 ) ) ;
#3367 = DIRECTION ( 'NONE',  ( 0.2419754994721132757, -0.9702823597567986624, 0.000000000000000000 ) ) ;
#3368 = CIRCLE ( 'NONE', #8135, 0.4371386051322853628 ) ;
#3369 = CARTESIAN_POINT ( 'NONE',  ( 0.2972217344379095016, -0.3317040449451032491, 0.5000000000000000000 ) ) ;
#3370 = EDGE_CURVE ( 'NONE', #4328, #5885, #5829, .T. ) ;
#3371 = CARTESIAN_POINT ( 'NONE',  ( 0.2409849607093347557, -0.7797847117873122347, 0.000000000000000000 ) ) ;
#3372 = CARTESIAN_POINT ( 'NONE',  ( -0.3436006682070629203, 0.7598603171545524892, 0.3260738240582781722 ) ) ;
#3373 = CARTESIAN_POINT ( 'NONE',  ( 0.1350554574738720148, 0.4450759626178503736, 0.01042152790750568679 ) ) ;
#3374 = CARTESIAN_POINT ( 'NONE',  ( -0.5134570082352180043, 0.5978367496240830636, 0.01057231001183497020 ) ) ;
#3375 = AXIS2_PLACEMENT_3D ( 'NONE', #5849, #1805, #4430 ) ;
#3376 = DIRECTION ( 'NONE',  ( 0.8660254037844442587, 0.4999999999999901190, 0.000000000000000000 ) ) ;
#3377 = CARTESIAN_POINT ( 'NONE',  ( -0.4277541221317969211, -0.09776382645623922507, 0.4904263279545302279 ) ) ;
#3378 = CARTESIAN_POINT ( 'NONE',  ( -0.1813576796536054692, 0.4473861705149662638, 0.5000000000000001110 ) ) ;
#3379 = CARTESIAN_POINT ( 'NONE',  ( -0.1741860242101279377, -0.4384981636692800167, 0.5000000000000000000 ) ) ;
#3380 =( BOUNDED_SURFACE ( )  B_SPLINE_SURFACE ( 3, 2, ( 
 ( #7117, #8491, #3722 ),
 ( #5050, #5709, #5089 ),
 ( #2325, #5006, #7734 ),
 ( #4380, #1078, #3160 ),
 ( #7776, #8537, #3811 ),
 ( #7066, #8405, #416 ),
 ( #1168, #1035, #3769 ),
 ( #5185, #6416, #2454 ),
 ( #370, #3073, #5131 ),
 ( #4471, #1663, #5793 ),
 ( #7821, #4337, #6460 ),
 ( #460, #5752, #2502 ),
 ( #7877, #4516, #7027 ),
 ( #3389, #3992, #4561 ) ),
 .UNSPECIFIED., .F., .F., .F. ) 
 B_SPLINE_SURFACE_WITH_KNOTS ( ( 4, 2, 2, 2, 2, 2, 4 ),
 ( 3, 3 ),
 ( -5.421010862427522170E-18, 0.0008499630636326849708, 0.001274944595449030221, 0.001699926127265375363, 0.002124907659081720288, 0.002549889190898065646, 0.003399852254530755929 ),
 ( 0.000000000000000000, 1.000000000000000000 ),
 .UNSPECIFIED. ) 
 GEOMETRIC_REPRESENTATION_ITEM ( )  RATIONAL_B_SPLINE_SURFACE ( (
 ( 1.000000000000000000, 0.7193398003386507478, 1.000000000000000000),
 ( 1.000000000000000000, 0.7202131089110476170, 1.000000000000000000),
 ( 1.000000000000000000, 0.7208784273511628093, 1.000000000000000000),
 ( 1.000000000000000000, 0.7215629346520238130, 1.000000000000000000),
 ( 1.000000000000000000, 0.7217356565186889839, 1.000000000000000000),
 ( 1.000000000000000000, 0.7219644832678107083, 1.000000000000000000),
 ( 1.000000000000000000, 0.7220224049889986118, 1.000000000000000000),
 ( 1.000000000000000000, 0.7220238173295786543, 1.000000000000000000),
 ( 1.000000000000000000, 0.7219658634064186620, 1.000000000000000000),
 ( 1.000000000000000000, 0.7217377061591886411, 1.000000000000000000),
 ( 1.000000000000000000, 0.7215679889611176234, 1.000000000000000000),
 ( 1.000000000000000000, 0.7208917738735040048, 1.000000000000000000),
 ( 1.000000000000000000, 0.7202113677850200402, 1.000000000000000000),
 ( 1.000000000000000000, 0.7193398003386507478, 1.000000000000000000) ) ) 
 REPRESENTATION_ITEM ( '' )  SURFACE ( )  );
#3381 = CARTESIAN_POINT ( 'NONE',  ( 0.09021097956088186542, 0.1562499999999989730, 0.5000000000000000000 ) ) ;
#3382 = CARTESIAN_POINT ( 'NONE',  ( 0.2789811539322015754, -0.7653675861798407976, 0.5000000000000072164 ) ) ;
#3383 = VERTEX_POINT ( 'NONE', #2932 ) ;
#3384 = CARTESIAN_POINT ( 'NONE',  ( 0.7009530400637182801, 0.08211145396920239981, 0.3332843519825594569 ) ) ;
#3385 = CARTESIAN_POINT ( 'NONE',  ( -0.2877804500620982919, -0.7528388832178131151, 0.5000000000000000000 ) ) ;
#3386 = CARTESIAN_POINT ( 'NONE',  ( -0.8017673918647808540, -0.1410978487048854257, 0.4905422489912569795 ) ) ;
#3387 = CARTESIAN_POINT ( 'NONE',  ( -0.08829856165760720244, 0.4202499145566353511, -0.000000000000000000 ) ) ;
#3388 = CARTESIAN_POINT ( 'NONE',  ( -0.3860316643059744091, 0.1392606806979947986, 0.5000000000000000000 ) ) ;
#3389 = CARTESIAN_POINT ( 'NONE',  ( 0.3860316643059744091, -0.1392606806979949097, 0.5000000000000000000 ) ) ;
#3390 = ORIENTED_EDGE ( 'NONE', *, *, #4794, .F. ) ;
#3391 = ORIENTED_EDGE ( 'NONE', *, *, #1514, .T. ) ;
#3392 = ADVANCED_FACE ( 'NONE', ( #1697 ), #1662, .T. ) ;
#3393 = ORIENTED_EDGE ( 'NONE', *, *, #339, .T. ) ;
#3394 = ORIENTED_EDGE ( 'NONE', *, *, #6841, .F. ) ;
#3395 = CARTESIAN_POINT ( 'NONE',  ( -0.4909761872463870858, 0.09338776178971974762, 0.01037314513849184848 ) ) ;
#3396 = CARTESIAN_POINT ( 'NONE',  ( -0.1245375403186929075, 0.4175797927354950589, 0.4904246938222638907 ) ) ;
#3397 = CARTESIAN_POINT ( 'NONE',  ( 0.2153416882127228982, 0.7835221828415283030, 0.000000000000000000 ) ) ;
#3398 = CARTESIAN_POINT ( 'NONE',  ( 0.000000000000000000, 0.000000000000000000, 0.01034899496702338870 ) ) ;
#3399 = CARTESIAN_POINT ( 'NONE',  ( 0.2708968104585687819, 0.6446046035781398675, 0.1732842076590095648 ) ) ;
#3400 = CARTESIAN_POINT ( 'NONE',  ( -0.4567458472563906136, 0.5938782789885052038, 0.000000000000000000 ) ) ;
#3401 = CARTESIAN_POINT ( 'NONE',  ( -0.4620370780637124142, -0.5847177370475751257, 0.000000000000000000 ) ) ;
#3402 = ORIENTED_EDGE ( 'NONE', *, *, #5823, .F. ) ;
#3403 = CARTESIAN_POINT ( 'NONE',  ( 0.4364582005251271823, 0.1169182510649211248, 0.01042149135602993444 ) ) ;
#3404 = ADVANCED_FACE ( 'NONE', ( #7155 ), #6303, .T. ) ;
#3405 = CARTESIAN_POINT ( 'NONE',  ( -0.3211081920639364262, 0.2711008629702929551, 0.4941087076981939274 ) ) ;
#3406 = DIRECTION ( 'NONE',  ( -0.2464192080397827611, 0.9691633370640091449, 0.000000000000000000 ) ) ;
#3407 = CARTESIAN_POINT ( 'NONE',  ( 0.2834072387634242185, -0.6674272235539068232, 0.000000000000000000 ) ) ;
#3408 = CARTESIAN_POINT ( 'NONE',  ( -0.7901662921548463503, 0.2137311679064934633, 0.1732836465128099745 ) ) ;
#3409 = CARTESIAN_POINT ( 'NONE',  ( -0.08423514851359578670, 0.4119765318278572619, 0.4903740157860135840 ) ) ;
#3410 = DIRECTION ( 'NONE',  ( 1.000000000000000000, 0.000000000000000000, 0.000000000000000000 ) ) ;
#3411 = EDGE_CURVE ( 'NONE', #7812, #4328, #5333, .T. ) ;
#3412 = CYLINDRICAL_SURFACE ( 'NONE', #3565, 0.009999999999999996739 ) ;
#3413 = CARTESIAN_POINT ( 'NONE',  ( -0.4494977612283741486, -0.08437153752871583146, 0.5000000000000000000 ) ) ;
#3414 = CARTESIAN_POINT ( 'NONE',  ( -0.1870151214018208607, 0.4571851470637369186, 0.5000000000000000000 ) ) ;
#3415 = FACE_OUTER_BOUND ( 'NONE', #1927, .T. ) ;
#3416 = DIRECTION ( 'NONE',  ( 1.000000000000000000, 0.000000000000000000, 0.000000000000000000 ) ) ;
#3417 = DIRECTION ( 'NONE',  ( 0.5000000000000096589, 0.8660254037844331565, -0.000000000000000000 ) ) ;
#3418 = ORIENTED_EDGE ( 'NONE', *, *, #4794, .T. ) ;
#3419 = CARTESIAN_POINT ( 'NONE',  ( -0.2338519752165557353, 0.7846065326357938297, -0.000000000000000000 ) ) ;
#3420 = CARTESIAN_POINT ( 'NONE',  ( -0.2476549753837175571, -0.8024404248109506810, 0.5000000000000000000 ) ) ;
#3421 = CARTESIAN_POINT ( 'NONE',  ( 1.062249921621827486E-15, 0.09374999999999994449, 0.000000000000000000 ) ) ;
#3422 = CARTESIAN_POINT ( 'NONE',  ( -0.5010756907753638467, 0.09338860513229048366, 0.01034899496703637831 ) ) ;
#3423 = CARTESIAN_POINT ( 'NONE',  ( 0.4687417255975801500, -0.5881123425246005398, -7.351289944252649347E-15 ) ) ;
#3424 = CARTESIAN_POINT ( 'NONE',  ( 0.3178168707665157133, -0.3861550169641210228, 0.3318948813460499414 ) ) ;
#3425 = DIRECTION ( 'NONE',  ( 1.639108796198557284E-13, -1.000000000000000000, 0.000000000000000000 ) ) ;
#3426 = ORIENTED_EDGE ( 'NONE', *, *, #7099, .F. ) ;
#3427 = ORIENTED_EDGE ( 'NONE', *, *, #801, .F. ) ;
#3428 = EDGE_LOOP ( 'NONE', ( #4780, #8451, #4178, #1217 ) ) ;
#3429 = ORIENTED_EDGE ( 'NONE', *, *, #6664, .T. ) ;
#3430 = CARTESIAN_POINT ( 'NONE',  ( 0.2876392800874750799, 0.6514591189165177543, 0.4903489949670249426 ) ) ;
#3431 = CARTESIAN_POINT ( 'NONE',  ( -0.4881746326382502832, -0.6694365505629319424, 0.1631304812543741267 ) ) ;
#3432 = CARTESIAN_POINT ( 'NONE',  ( 0.2833594999819899485, 0.6672180389596589212, 0.000000000000000000 ) ) ;
#3433 = CARTESIAN_POINT ( 'NONE',  ( -0.4055621164708786974, 0.1052826253386555666, 0.5000000000000000000 ) ) ;
#3434 = CARTESIAN_POINT ( 'NONE',  ( -0.5820985525111133096, 0.5673666560794293767, 0.01034899496702500546 ) ) ;
#3435 = CARTESIAN_POINT ( 'NONE',  ( -0.4831622585635416689, 0.5934471198170744310, -7.474524507065075933E-15 ) ) ;
#3436 = ADVANCED_FACE ( 'NONE', ( #3710 ), #5785, .T. ) ;
#3437 = CARTESIAN_POINT ( 'NONE',  ( -0.5134629706208883038, -0.5978431680103440948, 0.01057234243720639975 ) ) ;
#3438 = ORIENTED_EDGE ( 'NONE', *, *, #8744, .F. ) ;
#3439 = VECTOR ( 'NONE', #7907, 39.37007874015748854 ) ;
#3440 = CARTESIAN_POINT ( 'NONE',  ( 0.4164111528487547953, 0.1392802758433143995, 0.01039148504638490005 ) ) ;
#3441 = B_SPLINE_CURVE_WITH_KNOTS ( 'NONE', 3,
 ( #6845, #929, #4855, #8207, #6186, #3619, #8298 ),
 .UNSPECIFIED., .F., .F.,
 ( 4, 3, 4 ),
 ( 0.0002453330536732115769, 0.005080000045169059779, 0.01244711815570814263 ),
 .UNSPECIFIED. ) ;
#3442 = CARTESIAN_POINT ( 'NONE',  ( 0.3034257774329030544, -0.3018176234181700335, 0.4904130639807626202 ) ) ;
#3443 = CARTESIAN_POINT ( 'NONE',  ( 0.7412182240173466052, -0.07043364855904142574, 0.5000000000000000000 ) ) ;
#3444 = CARTESIAN_POINT ( 'NONE',  ( -0.2835090919690713140, 0.6497902818877336895, 0.4118160943908694693 ) ) ;
#3445 = CIRCLE ( 'NONE', #3705, 0.01000000000000004011 ) ;
#3446 = CARTESIAN_POINT ( 'NONE',  ( -0.3179193615039359044, 0.3394994384010269761, 0.01042152790750568332 ) ) ;
#3447 = EDGE_CURVE ( 'NONE', #4658, #3735, #8308, .T. ) ;
#3448 = CARTESIAN_POINT ( 'NONE',  ( -0.5080770138223714705, 0.6251127990014283542, 0.4905613826544258371 ) ) ;
#3449 = VERTEX_POINT ( 'NONE', #4950 ) ;
#3450 = AXIS2_PLACEMENT_3D ( 'NONE', #968, #5022, #7088 ) ;
#3451 = CARTESIAN_POINT ( 'NONE',  ( -0.2051573802583373518, -0.7894969949488900296, 0.09181531335406176164 ) ) ;
#3452 = CARTESIAN_POINT ( 'NONE',  ( -0.4668435613554596797, -0.06839955988445486912, 0.5000000000000000000 ) ) ;
#3453 = CARTESIAN_POINT ( 'NONE',  ( -0.1170628715627445027, 0.4050094541744952981, 0.5000000000000001110 ) ) ;
#3454 = EDGE_CURVE ( 'NONE', #3249, #2628, #7677, .T. ) ;
#3455 = EDGE_CURVE ( 'NONE', #3314, #8693, #6444, .T. ) ;
#3456 = CARTESIAN_POINT ( 'NONE',  ( 0.09021097956088182379, 0.1562499999999990286, 0.4958578643762688865 ) ) ;
#3457 = CARTESIAN_POINT ( 'NONE',  ( 0.2147932039317649033, -0.7928149832342406000, 0.2547538490329981919 ) ) ;
#3458 = AXIS2_PLACEMENT_3D ( 'NONE', #1594, #8339, #5603 ) ;
#3459 = B_SPLINE_CURVE_WITH_KNOTS ( 'NONE', 3,
 ( #6347, #6958, #1012, #875, #3567, #2916, #299, #6307, #5593, #922, #1724, #3093, #8292, #3612 ),
 .UNSPECIFIED., .F., .F.,
 ( 4, 2, 2, 2, 2, 2, 4 ),
 ( 0.000000000000000000, 0.0008346611135472048384, 0.001251991670320807149, 0.001669322227094409677, 0.002086652783868012204, 0.002503983340641614298, 0.003338644454188820221 ),
 .UNSPECIFIED. ) ;
#3460 = CARTESIAN_POINT ( 'NONE',  ( -0.2286311328129883857, 0.7974977940876003535, 0.4903489949670249426 ) ) ;
#3461 = FACE_OUTER_BOUND ( 'NONE', #1936, .T. ) ;
#3462 = CARTESIAN_POINT ( 'NONE',  ( -0.2873250572548523007, -0.7525640005498182017, 0.4905613826544257816 ) ) ;
#3463 = CARTESIAN_POINT ( 'NONE',  ( 0.07241254492021041711, -0.4039435683031577518, 0.5000000000000000000 ) ) ;
#3464 = CARTESIAN_POINT ( 'NONE',  ( -0.1804219591217551821, -1.045321728494220803E-15, 0.4899999999999999911 ) ) ;
#3465 = CARTESIAN_POINT ( 'NONE',  ( 0.5765719102550086461, 0.5969916854968916331, 0.5000000000000000000 ) ) ;
#3466 = CARTESIAN_POINT ( 'NONE',  ( 0.5707426399414737839, 0.5777477987034018714, 0.01041646868185566559 ) ) ;
#3467 = ORIENTED_EDGE ( 'NONE', *, *, #7685, .T. ) ;
#3468 = ORIENTED_EDGE ( 'NONE', *, *, #6288, .F. ) ;
#3469 = EDGE_LOOP ( 'NONE', ( #2764, #7505, #5436, #1268, #1435 ) ) ;
#3470 = DIRECTION ( 'NONE',  ( -1.000000000000000000, 0.000000000000000000, 0.000000000000000000 ) ) ;
#3471 = DIRECTION ( 'NONE',  ( -0.000000000000000000, -0.000000000000000000, -1.000000000000000000 ) ) ;
#3472 = CARTESIAN_POINT ( 'NONE',  ( 0.7823973502098683364, 0.2204271540078573399, 0.009999999999999998473 ) ) ;
#3473 = CIRCLE ( 'NONE', #7122, 0.009999999999999998473 ) ;
#3474 = CARTESIAN_POINT ( 'NONE',  ( 0.4573892632800681812, 0.6120325090275724467, 0.4905280637116635201 ) ) ;
#3475 = CARTESIAN_POINT ( 'NONE',  ( -0.1351261424015663959, 0.4451197403445705802, 0.01042148981070822530 ) ) ;
#3476 = CARTESIAN_POINT ( 'NONE',  ( -0.8187612805981424602, -0.1867447123486662974, 0.5000000000000000000 ) ) ;
#3477 = CARTESIAN_POINT ( 'NONE',  ( -0.3227597714111543059, 0.3922469289992580599, 0.000000000000000000 ) ) ;
#3478 = CARTESIAN_POINT ( 'NONE',  ( -0.5287304901661953327, -0.5956193034023702371, 6.188194626887364147E-16 ) ) ;
#3479 = VERTEX_POINT ( 'NONE', #7724 ) ;
#3480 = ORIENTED_EDGE ( 'NONE', *, *, #136, .T. ) ;
#3481 = CIRCLE ( 'NONE', #4169, 0.01000000000000001582 ) ;
#3482 = DIRECTION ( 'NONE',  ( 1.000000000000000000, -1.178029542708651755E-14, 0.000000000000000000 ) ) ;
#3483 = CARTESIAN_POINT ( 'NONE',  ( 0.4299983619580807770, 0.1092800921664730668, 0.000000000000000000 ) ) ;
#3484 = ADVANCED_FACE ( 'NONE', ( #3062 ), #5461, .T. ) ;
#3485 = CARTESIAN_POINT ( 'NONE',  ( -0.3131367133409703185, 0.3721655436706420295, -0.000000000000000000 ) ) ;
#3486 = DIRECTION ( 'NONE',  ( 0.5000000000000103251, 0.8660254037844324904, -2.036457963482461005E-19 ) ) ;
#3487 = CARTESIAN_POINT ( 'NONE',  ( 0.7821977568576642392, -0.1091383393858202794, 0.4905663007568353273 ) ) ;
#3488 = CYLINDRICAL_SURFACE ( 'NONE', #3027, 0.009999999999999995004 ) ;
#3489 = CIRCLE ( 'NONE', #2781, 0.4371386051322853628 ) ;
#3490 = CARTESIAN_POINT ( 'NONE',  ( -0.2707479352074710355, 0.6445629744562672014, 0.1701881937375858689 ) ) ;
#3491 = CARTESIAN_POINT ( 'NONE',  ( -0.4239813449456863448, 0.5475800206427594574, 0.01034899496702868134 ) ) ;
#3492 = CARTESIAN_POINT ( 'NONE',  ( -0.1147684311089341436, 0.4147469784567544004, 0.4904181060706521711 ) ) ;
#3493 = VERTEX_POINT ( 'NONE', #5122 ) ;
#3494 = AXIS2_PLACEMENT_3D ( 'NONE', #1048, #6610, #5951 ) ;
#3495 = CIRCLE ( 'NONE', #5457, 0.009999999999999996739 ) ;
#3496 = ADVANCED_FACE ( 'NONE', ( #407 ), #5141, .T. ) ;
#3497 = CARTESIAN_POINT ( 'NONE',  ( 0.7015674070083257607, 0.09427454667392969057, 0.01041648123579024150 ) ) ;
#3498 = CARTESIAN_POINT ( 'NONE',  ( -0.4034525892201856756, -0.1238806810006110454, 0.5000000000000000000 ) ) ;
#3499 = FACE_BOUND ( 'NONE', #5094, .T. ) ;
#3500 = DIRECTION ( 'NONE',  ( -0.4999999999999898970, 0.8660254037844443697, -0.000000000000000000 ) ) ;
#3501 = CIRCLE ( 'NONE', #3375, 0.4203766357762464545 ) ;
#3502 = EDGE_CURVE ( 'NONE', #4417, #3031, #3985, .T. ) ;
#3503 = AXIS2_PLACEMENT_3D ( 'NONE', #8321, #6208, #2947 ) ;
#3504 = CARTESIAN_POINT ( 'NONE',  ( 0.2537530661494738493, -0.7688136472765911833, 0.000000000000000000 ) ) ;
#3505 = CARTESIAN_POINT ( 'NONE',  ( -0.3061719368437939015, -0.7348556127607871469, 0.5000000000000000000 ) ) ;
#3506 = CARTESIAN_POINT ( 'NONE',  ( -0.07222192602347649037, -0.04169734843104627026, 0.01000000000000000021 ) ) ;
#3507 = DIRECTION ( 'NONE',  ( -0.8660254037844447028, -0.4999999999999893974, 0.000000000000000000 ) ) ;
#3508 = CARTESIAN_POINT ( 'NONE',  ( 0.4972592146417722514, 0.08782464998001136836, 0.1696798239621603310 ) ) ;
#3509 = CARTESIAN_POINT ( 'NONE',  ( -0.6860753790835558696, 0.09348968238243110518, 0.007454521230928073949 ) ) ;
#3510 = CARTESIAN_POINT ( 'NONE',  ( -0.7163901877650108441, -0.06663272750604710970, 0.4999999999999999445 ) ) ;
#3511 = VERTEX_POINT ( 'NONE', #7333 ) ;
#3512 = EDGE_LOOP ( 'NONE', ( #8178, #1115, #1388, #5654 ) ) ;
#3513 = ORIENTED_EDGE ( 'NONE', *, *, #7482, .T. ) ;
#3514 = CARTESIAN_POINT ( 'NONE',  ( 0.000000000000000000, 0.000000000000000000, 0.4903489949670269965 ) ) ;
#3515 = DIRECTION ( 'NONE',  ( 1.000000000000000000, 0.000000000000000000, 0.000000000000000000 ) ) ;
#3516 = CARTESIAN_POINT ( 'NONE',  ( 0.4641025781317321131, 0.6155152116932878226, 0.4905422711844488748 ) ) ;
#3517 = CARTESIAN_POINT ( 'NONE',  ( 0.1870151214018311858, 0.4571851470637325887, 0.5000000000000000000 ) ) ;
#3518 =( NAMED_UNIT ( * ) SI_UNIT ( $, .STERADIAN. ) SOLID_ANGLE_UNIT ( ) );
#3519 = ORIENTED_EDGE ( 'NONE', *, *, #2254, .F. ) ;
#3520 = ORIENTED_EDGE ( 'NONE', *, *, #627, .F. ) ;
#3521 = ORIENTED_EDGE ( 'NONE', *, *, #2300, .F. ) ;
#3522 = DIRECTION ( 'NONE',  ( 0.9691633370639942680, -0.2464192080398416029, 0.000000000000000000 ) ) ;
#3523 = DIRECTION ( 'NONE',  ( -1.000000000000000000, 0.000000000000000000, 0.000000000000000000 ) ) ;
#3524 = CARTESIAN_POINT ( 'NONE',  ( -0.2752091497306547452, 0.6463838291629061539, 0.2547538490329981919 ) ) ;
#3525 = CARTESIAN_POINT ( 'NONE',  ( -0.4153263665006084460, 0.5525769747778526142, 0.000000000000000000 ) ) ;
#3526 = CARTESIAN_POINT ( 'NONE',  ( -0.4117055280199181100, 0.5798294372753749482, 0.5000000000000000000 ) ) ;
#3527 = CARTESIAN_POINT ( 'NONE',  ( 0.3232512601017361042, -0.3049800360232357010, 0.01041038476223995340 ) ) ;
#3528 = CARTESIAN_POINT ( 'NONE',  ( 0.2895429155998509585, 0.3147487853698348603, 0.5000000000000000000 ) ) ;
#3529 = CARTESIAN_POINT ( 'NONE',  ( -0.5708516282382095630, 0.6020494189617497938, 0.4903829660357257314 ) ) ;
#3530 = FACE_BOUND ( 'NONE', #8730, .T. ) ;
#3531 = DIRECTION ( 'NONE',  ( 1.000000000000000000, 0.000000000000000000, 0.000000000000000000 ) ) ;
#3532 = EDGE_CURVE ( 'NONE', #1916, #4417, #1882, .T. ) ;
#3533 = FACE_OUTER_BOUND ( 'NONE', #4371, .T. ) ;
#3534 = B_SPLINE_CURVE_WITH_KNOTS ( 'NONE', 3,
 ( #4648, #4733, #2580, #6018, #5884, #7371, #8044, #3288, #5393, #2050, #1203, #8085, #7415, #4549, #3247, #3332 ),
 .UNSPECIFIED., .F., .F.,
 ( 4, 2, 2, 2, 2, 2, 2, 4 ),
 ( 2.711112516444421160E-17, 0.0005730326345398833229, 0.001146065269079739541, 0.002292130538159447856, 0.002865163172699305809, 0.003438195807239163328, 0.004011228441779019979, 0.004584261076318878365 ),
 .UNSPECIFIED. ) ;
#3535 = CARTESIAN_POINT ( 'NONE',  ( 0.2736749683542067380, -0.7415275029960790576, 0.000000000000000000 ) ) ;
#3536 = CARTESIAN_POINT ( 'NONE',  ( -0.1804219591217551821, -1.045321728494220803E-15, 0.5000000000000000000 ) ) ;
#3537 = CARTESIAN_POINT ( 'NONE',  ( 0.5080873727922987637, -0.6256446220751952225, 0.5000000000000000000 ) ) ;
#3538 = DIRECTION ( 'NONE',  ( 1.000000000000000000, 0.000000000000000000, 0.000000000000000000 ) ) ;
#3539 = B_SPLINE_CURVE_WITH_KNOTS ( 'NONE', 3,
 ( #1645, #1735, #1065, #3754, #6967, #2352, #977, #3624, #1112, #7719, #3800, #4320 ),
 .UNSPECIFIED., .F., .F.,
 ( 4, 2, 2, 2, 2, 4 ),
 ( 0.000000000000000000, 0.0007662348534834855689, 0.001149352280225228408, 0.001532469706966971138, 0.002298704560450456815, 0.003064939413933942276 ),
 .UNSPECIFIED. ) ;
#3540 = FACE_OUTER_BOUND ( 'NONE', #6194, .T. ) ;
#3541 = CARTESIAN_POINT ( 'NONE',  ( -0.8052147009945237466, 0.2005310207829152092, 0.4956723019460249624 ) ) ;
#3542 = ADVANCED_FACE ( 'NONE', ( #5835 ), #6061, .T. ) ;
#3543 = ORIENTED_EDGE ( 'NONE', *, *, #5930, .F. ) ;
#3544 = ORIENTED_EDGE ( 'NONE', *, *, #7414, .T. ) ;
#3545 = ORIENTED_EDGE ( 'NONE', *, *, #183, .F. ) ;
#3546 = DIRECTION ( 'NONE',  ( 1.000000000000000000, -1.133066583063283756E-14, 0.000000000000000000 ) ) ;
#3547 = CARTESIAN_POINT ( 'NONE',  ( 0.2786906612679926898, 0.7648982300706328452, 0.4905422522975385058 ) ) ;
#3548 = CARTESIAN_POINT ( 'NONE',  ( -0.3107895010005329306, 0.3857239756836595701, 0.5000000000000000000 ) ) ;
#3549 = CARTESIAN_POINT ( 'NONE',  ( 0.4295244296811714380, -0.1239903147610719042, 1.241557277550930537E-15 ) ) ;
#3550 = CARTESIAN_POINT ( 'NONE',  ( -0.4239036460748186186, 0.1009370834047767784, 0.4904246938971126291 ) ) ;
#3551 = CARTESIAN_POINT ( 'NONE',  ( -0.4203605064650083878, -0.5748324831402719104, 0.4903489949670345460 ) ) ;
#3552 = EDGE_CURVE ( 'NONE', #4249, #1891, #2226, .T. ) ;
#3553 = VERTEX_POINT ( 'NONE', #2751 ) ;
#3554 = VERTEX_POINT ( 'NONE', #6 ) ;
#3555 = ORIENTED_EDGE ( 'NONE', *, *, #5391, .F. ) ;
#3556 = CARTESIAN_POINT ( 'NONE',  ( 0.000000000000000000, 0.000000000000000000, 0.4899999999999999911 ) ) ;
#3557 = CARTESIAN_POINT ( 'NONE',  ( 0.6947385140747647236, 0.08339469686208618449, 0.000000000000000000 ) ) ;
#3558 = CARTESIAN_POINT ( 'NONE',  ( 0.5010756907753658451, 0.08339469686208855759, 0.01000000000000000021 ) ) ;
#3559 = CARTESIAN_POINT ( 'NONE',  ( -0.4079095832640598496, -0.1574421499000928648, 0.007463728475605217738 ) ) ;
#3560 = CARTESIAN_POINT ( 'NONE',  ( -0.4195911830608519133, 0.5599638537451555598, 0.000000000000000000 ) ) ;
#3561 = DIRECTION ( 'NONE',  ( -0.8654978445076824123, -0.4996954135095377780, 0.03489949670250105246 ) ) ;
#3562 = CIRCLE ( 'NONE', #5675, 0.8396172724939445775 ) ;
#3563 = CARTESIAN_POINT ( 'NONE',  ( 0.09598448225277815549, -0.1662500000000009803, 0.5000000000000000000 ) ) ;
#3564 = CARTESIAN_POINT ( 'NONE',  ( 0.3095395495455229296, 0.3562608440143947841, 0.000000000000000000 ) ) ;
#3565 = AXIS2_PLACEMENT_3D ( 'NONE', #6058, #1339, #3376 ) ;
#3566 = DIRECTION ( 'NONE',  ( -1.000000000000000000, 1.366756588017052618E-14, 0.000000000000000000 ) ) ;
#3567 = CARTESIAN_POINT ( 'NONE',  ( -0.4581220632377656088, 0.09198241385851950447, 0.000000000000000000 ) ) ;
#3568 = DIRECTION ( 'NONE',  ( 0.000000000000000000, 0.000000000000000000, 1.000000000000000000 ) ) ;
#3569 = DIRECTION ( 'NONE',  ( 1.000000000000000000, 0.000000000000000000, 0.000000000000000000 ) ) ;
#3570 = AXIS2_PLACEMENT_3D ( 'NONE', #7002, #2253, #2999 ) ;
#3571 = CARTESIAN_POINT ( 'NONE',  ( 0.8022501686459112547, 0.1409175560906137381, 0.5000000000000000000 ) ) ;
#3572 = DIRECTION ( 'NONE',  ( -0.000000000000000000, -0.000000000000000000, -1.000000000000000000 ) ) ;
#3573 = ADVANCED_FACE ( 'NONE', ( #2339 ), #5020, .T. ) ;
#3574 = CARTESIAN_POINT ( 'NONE',  ( -0.8146658284480057244, -0.2031668088770782754, 0.5000000000000000000 ) ) ;
#3575 = CARTESIAN_POINT ( 'NONE',  ( 0.4997302397659811879, -0.6348998939606741443, 0.5000000000000000000 ) ) ;
#3576 = CARTESIAN_POINT ( 'NONE',  ( 0.000000000000000000, 0.000000000000000000, 0.000000000000000000 ) ) ;
#3577 = CIRCLE ( 'NONE', #8521, 0.01000000000000000368 ) ;
#3578 = CARTESIAN_POINT ( 'NONE',  ( -0.2520076309844999085, -0.7559492507895717583, 0.01055217792421047143 ) ) ;
#3579 = CARTESIAN_POINT ( 'NONE',  ( 0.5708514516190834609, 0.6020495895929532937, 0.4903829671321502937 ) ) ;
#3580 = ORIENTED_EDGE ( 'NONE', *, *, #3340, .F. ) ;
#3581 = VERTEX_POINT ( 'NONE', #205 ) ;
#3582 =( BOUNDED_SURFACE ( )  B_SPLINE_SURFACE ( 3, 2, ( 
 ( #8449, #3860, #7163 ),
 ( #3159, #2896, #3673 ),
 ( #5072, #2392, #2302 ),
 ( #6262, #7715, #8380 ) ),
 .UNSPECIFIED., .F., .F., .F. ) 
 B_SPLINE_SURFACE_WITH_KNOTS ( ( 4, 4 ),
 ( 3, 3 ),
 ( 0.02912239127223455182, 0.04154342169942462637 ),
 ( 0.000000000000000000, 1.000000000000000000 ),
 .UNSPECIFIED. ) 
 GEOMETRIC_REPRESENTATION_ITEM ( )  RATIONAL_B_SPLINE_SURFACE ( (
 ( 1.000000000000000000, 0.6042316834834665640, 1.000000000000000000),
 ( 1.000000000000000000, 0.6084201088642331445, 1.000000000000000000),
 ( 1.000000000000000000, 0.6124652103510516143, 1.000000000000000000),
 ( 1.000000000000000000, 0.6163818356446825186, 1.000000000000000000) ) ) 
 REPRESENTATION_ITEM ( '' )  SURFACE ( )  );
#3583 = ORIENTED_EDGE ( 'NONE', *, *, #7919, .T. ) ;
#3584 = PLANE ( 'NONE',  #2788 ) ;
#3585 = EDGE_CURVE ( 'NONE', #7258, #3345, #5033, .T. ) ;
#3586 = CARTESIAN_POINT ( 'NONE',  ( -0.3190786312720896301, -0.3494749850280958192, 0.000000000000000000 ) ) ;
#3587 = CYLINDRICAL_SURFACE ( 'NONE', #2033, 0.009999999999999998473 ) ;
#3588 = CARTESIAN_POINT ( 'NONE',  ( 0.4368061475634647528, -0.1171996369898181539, -1.143774387782868013E-15 ) ) ;
#3589 = CARTESIAN_POINT ( 'NONE',  ( 0.2708825144536554652, -0.6359716716399463898, 0.01000000000000000021 ) ) ;
#3590 = CARTESIAN_POINT ( 'NONE',  ( -0.08782776221395267868, 0.4302808411154353530, 0.01039185810727323404 ) ) ;
#3591 =( CONVERSION_BASED_UNIT ( 'INCH', #2278 ) LENGTH_UNIT ( ) NAMED_UNIT ( #592 ) );
#3592 = CARTESIAN_POINT ( 'NONE',  ( -0.1574574957336122016, 0.4237917753680429667, 0.5000000000000000000 ) ) ;
#3593 = ORIENTED_EDGE ( 'NONE', *, *, #4019, .T. ) ;
#3594 = EDGE_LOOP ( 'NONE', ( #1881, #2238, #282, #2032 ) ) ;
#3595 = ORIENTED_EDGE ( 'NONE', *, *, #5784, .F. ) ;
#3596 = CIRCLE ( 'NONE', #6844, 0.4103827275060554780 ) ;
#3597 = CARTESIAN_POINT ( 'NONE',  ( 0.4216041897868405552, 0.5659920772450578452, 0.3329279421498653746 ) ) ;
#3598 = ADVANCED_FACE ( 'NONE', ( #6063 ), #2712, .T. ) ;
#3599 = CARTESIAN_POINT ( 'NONE',  ( -0.4447625715123890155, -0.6035192094437860089, 0.4904903549898803061 ) ) ;
#3600 = PLANE ( 'NONE',  #1338 ) ;
#3601 = CARTESIAN_POINT ( 'NONE',  ( -0.4037636900893157299, -0.1524518407357204897, 0.1696798237513064689 ) ) ;
#3602 = CARTESIAN_POINT ( 'NONE',  ( 0.000000000000000000, 0.000000000000000000, 0.5000000000000000000 ) ) ;
#3603 = CARTESIAN_POINT ( 'NONE',  ( -0.5767643241599568205, -0.5857572704010691744, -0.000000000000000000 ) ) ;
#3604 = AXIS2_PLACEMENT_3D ( 'NONE', #203, #2995, #6299 ) ;
#3605 = CYLINDRICAL_SURFACE ( 'NONE', #4312, 0.01000000000000000368 ) ;
#3606 = CARTESIAN_POINT ( 'NONE',  ( 0.1783159193642008256, -0.4756416258613509473, 0.000000000000000000 ) ) ;
#3607 = DIRECTION ( 'NONE',  ( -0.4999999999999915068, 0.8660254037844435926, 0.000000000000000000 ) ) ;
#3608 = CARTESIAN_POINT ( 'NONE',  ( 0.5010756907753638467, -0.09339469686210011279, 0.01000000000000000021 ) ) ;
#3609 = EDGE_CURVE ( 'NONE', #3793, #8217, #2369, .T. ) ;
#3610 = CIRCLE ( 'NONE', #5448, 0.9828766357762465100 ) ;
#3611 = DIRECTION ( 'NONE',  ( 0.000000000000000000, 0.000000000000000000, 1.000000000000000000 ) ) ;
#3612 = CARTESIAN_POINT ( 'NONE',  ( -0.3985118519898039335, 0.1537559620992538234, 0.000000000000000000 ) ) ;
#3613 = CARTESIAN_POINT ( 'NONE',  ( -0.2110340095257629278, -0.7953793134357860506, -0.000000000000000000 ) ) ;
#3614 = CARTESIAN_POINT ( 'NONE',  ( -0.7858493365013322629, 0.1822912030994356114, 0.01049747041122589021 ) ) ;
#3615 = CARTESIAN_POINT ( 'NONE',  ( -0.3376999721017062694, -0.2740927845997010448, 0.07351273936240262930 ) ) ;
#3616 = CIRCLE ( 'NONE', #3755, 0.009999999999999993269 ) ;
#3617 = TOROIDAL_SURFACE ( 'NONE', #2926, 0.8228553031379056693, 0.01000000000000000021 ) ;
#3618 = CARTESIAN_POINT ( 'NONE',  ( 0.7958678228543937250, 0.1271942611426123415, 0.5000000000000000000 ) ) ;
#3619 = CARTESIAN_POINT ( 'NONE',  ( 0.4053665270749695071, 0.1543816773832451250, 0.1069530981035216877 ) ) ;
#3620 = CARTESIAN_POINT ( 'NONE',  ( -0.8068159647350351404, 0.1933470640928715290, 0.4903829671321515704 ) ) ;
#3621 = CARTESIAN_POINT ( 'NONE',  ( 0.4781709268377041244, -0.6209194924116845371, 0.4905614448161021990 ) ) ;
#3622 = CARTESIAN_POINT ( 'NONE',  ( 0.5010756907753659561, 0.09338860513227950633, 0.01034899496702501066 ) ) ;
#3623 = AXIS2_PLACEMENT_3D ( 'NONE', #6050, #1236, #5419 ) ;
#3624 = CARTESIAN_POINT ( 'NONE',  ( 0.4528664278507380514, -0.1052089581259698231, 0.01042306822590571141 ) ) ;
#3625 = CARTESIAN_POINT ( 'NONE',  ( 0.5648718314121445871, 0.6066302107379824005, 0.4904132994323608941 ) ) ;
#3626 = CARTESIAN_POINT ( 'NONE',  ( 0.4239179122520189136, 0.5674579681943359155, 0.000000000000000000 ) ) ;
#3627 = ORIENTED_EDGE ( 'NONE', *, *, #4389, .T. ) ;
#3628 = ORIENTED_EDGE ( 'NONE', *, *, #1879, .T. ) ;
#3629 = DIRECTION ( 'NONE',  ( 1.000000000000000000, 0.000000000000000000, 0.000000000000000000 ) ) ;
#3630 = ORIENTED_EDGE ( 'NONE', *, *, #1503, .F. ) ;
#3631 = CARTESIAN_POINT ( 'NONE',  ( -0.4457431912422880615, 0.07553369634771997521, 0.5000000000000001110 ) ) ;
#3632 = CARTESIAN_POINT ( 'NONE',  ( 0.3277554493036357042, 0.7550923267929412486, 0.001385477180347320170 ) ) ;
#3633 = CARTESIAN_POINT ( 'NONE',  ( -0.5648718314121390360, -0.6066302107379857311, 0.4904132994323607275 ) ) ;
#3634 = LINE ( 'NONE', #7772, #3439 ) ;
#3635 = CARTESIAN_POINT ( 'NONE',  ( 0.3954325595773452995, -0.1426520477689199873, 0.4903489949670250536 ) ) ;
#3636 = CARTESIAN_POINT ( 'NONE',  ( -0.4221802417852102418, -0.5615300296021152882, 0.2547538490329981919 ) ) ;
#3637 = CARTESIAN_POINT ( 'NONE',  ( -0.1557970989478070500, 0.4346905775909951086, 0.5000000000000000000 ) ) ;
#3638 = EDGE_CURVE ( 'NONE', #4994, #6463, #6464, .T. ) ;
#3639 = ORIENTED_EDGE ( 'NONE', *, *, #136, .F. ) ;
#3640 = ORIENTED_EDGE ( 'NONE', *, *, #5337, .T. ) ;
#3641 = ORIENTED_EDGE ( 'NONE', *, *, #6743, .T. ) ;
#3642 = CARTESIAN_POINT ( 'NONE',  ( -0.3227597714111543059, 0.3922469289992580599, 0.000000000000000000 ) ) ;
#3643 = CARTESIAN_POINT ( 'NONE',  ( -0.5080023768539877471, -0.6259615410323089435, 0.4905661903357161346 ) ) ;
#3644 = DIRECTION ( 'NONE',  ( -0.000000000000000000, -0.000000000000000000, -1.000000000000000000 ) ) ;
#3645 = CARTESIAN_POINT ( 'NONE',  ( -0.7867719830156716387, -0.1898369271640257538, 0.000000000000000000 ) ) ;
#3646 = CARTESIAN_POINT ( 'NONE',  ( -0.2759297213703308937, 0.6924909322659213995, 0.01053712401242833455 ) ) ;
#3647 = CARTESIAN_POINT ( 'NONE',  ( 0.3096215446752382805, 0.3178395539437978701, 0.000000000000000000 ) ) ;
#3648 = CARTESIAN_POINT ( 'NONE',  ( -0.4427319079244627087, -0.5845769598866672467, -0.000000000000000000 ) ) ;
#3649 = EDGE_CURVE ( 'NONE', #2628, #7200, #8240, .T. ) ;
#3650 = CARTESIAN_POINT ( 'NONE',  ( 0.3221568706271469296, -0.3099304804701327742, 0.000000000000000000 ) ) ;
#3651 = CARTESIAN_POINT ( 'NONE',  ( 0.2927336037623241571, 0.3703532221027564519, 0.5000000000000001110 ) ) ;
#3652 = CARTESIAN_POINT ( 'NONE',  ( 0.2991610202555822773, -0.7246732593147762191, 0.5000000000000000000 ) ) ;
#3653 = CARTESIAN_POINT ( 'NONE',  ( 0.3325720595188603745, -0.2731966312986805479, 0.2035570278951271128 ) ) ;
#3654 = CARTESIAN_POINT ( 'NONE',  ( 0.3095154525162355785, -0.3561114561701807513, 0.000000000000000000 ) ) ;
#3655 = CARTESIAN_POINT ( 'NONE',  ( 0.4642891517536862911, -0.5977319123186169980, 0.000000000000000000 ) ) ;
#3656 = EDGE_CURVE ( 'NONE', #3347, #1848, #463, .T. ) ;
#3657 = CARTESIAN_POINT ( 'NONE',  ( 0.7079997865524696454, 0.07628961525411794009, 0.5000000000000000000 ) ) ;
#3658 = CARTESIAN_POINT ( 'NONE',  ( 0.2002156065323492107, -0.7874452113645057372, -2.134256245050205639E-18 ) ) ;
#3659 = CARTESIAN_POINT ( 'NONE',  ( 0.2596302743407140623, 0.7624434349162448887, -0.000000000000000000 ) ) ;
#3660 = CARTESIAN_POINT ( 'NONE',  ( 0.4385645986029759191, -0.6113795068213628836, 0.5000000000000000000 ) ) ;
#3661 = CARTESIAN_POINT ( 'NONE',  ( -0.3110813693342872055, -0.3855554654225803457, 0.4903489949670249426 ) ) ;
#3662 = CARTESIAN_POINT ( 'NONE',  ( 0.4191879068802737973, 0.07655537259320760457, 0.4923897055261295397 ) ) ;
#3663 = CARTESIAN_POINT ( 'NONE',  ( -0.2429212574961177873, 0.7925084612541547502, 0.4904132994323615602 ) ) ;
#3664 = EDGE_LOOP ( 'NONE', ( #7019, #4425, #2762, #6157 ) ) ;
#3665 = ORIENTED_EDGE ( 'NONE', *, *, #6576, .F. ) ;
#3666 = DIRECTION ( 'NONE',  ( -0.9691633370639956002, 0.2464192080398365792, 0.000000000000000000 ) ) ;
#3667 = DIRECTION ( 'NONE',  ( 1.000000000000000000, 0.000000000000000000, 0.000000000000000000 ) ) ;
#3668 = CARTESIAN_POINT ( 'NONE',  ( -1.000000000000000000, -1.224646799147353207E-16, 0.000000000000000000 ) ) ;
#3669 = CARTESIAN_POINT ( 'NONE',  ( 0.4300679004050276810, -0.1092203462977025391, 0.000000000000000000 ) ) ;
#3670 = LINE ( 'NONE', #8399, #7790 ) ;
#3671 = CARTESIAN_POINT ( 'NONE',  ( 0.3314147498562309280, -0.3872499748641630157, 0.01034899496702501413 ) ) ;
#3672 = CARTESIAN_POINT ( 'NONE',  ( 0.7018331749640428496, -0.09338609777213308094, 0.01042079636764238308 ) ) ;
#3673 = CARTESIAN_POINT ( 'NONE',  ( 0.2098269437051344388, -0.7911352736422061493, 0.1701881930209379612 ) ) ;
#3674 = CARTESIAN_POINT ( 'NONE',  ( -0.1668640082869643493, 0.4453678419913730258, 0.4903933099792155414 ) ) ;
#3675 = DIRECTION ( 'NONE',  ( 0.4999999999999915068, 0.8660254037844435926, 0.000000000000000000 ) ) ;
#3676 = VERTEX_POINT ( 'NONE', #1055 ) ;
#3677 = ORIENTED_EDGE ( 'NONE', *, *, #5941, .F. ) ;
#3678 = EDGE_LOOP ( 'NONE', ( #4839, #1142, #6692, #4472 ) ) ;
#3679 = CARTESIAN_POINT ( 'NONE',  ( 0.4494977612283789226, 0.08437153752871340284, 0.5000000000000000000 ) ) ;
#3680 = CARTESIAN_POINT ( 'NONE',  ( 0.07241254492021974298, 0.4039435683031560309, 0.4899999999999999911 ) ) ;
#3681 = DIRECTION ( 'NONE',  ( 1.000000000000000000, 0.000000000000000000, 0.000000000000000000 ) ) ;
#3682 = EDGE_CURVE ( 'NONE', #7302, #4703, #4454, .T. ) ;
#3683 = FACE_OUTER_BOUND ( 'NONE', #2149, .T. ) ;
#3684 =( BOUNDED_SURFACE ( )  B_SPLINE_SURFACE ( 3, 2, ( 
 ( #2735, #1413, #4100 ),
 ( #787, #3246, #1342 ),
 ( #7863, #3845, #1833 ),
 ( #8574, #3198, #6537 ),
 ( #3287, #4, #6017 ),
 ( #5926, #4548, #8043 ),
 ( #4688, #4026, #5215 ),
 ( #502, #2009, #5881 ),
 ( #550, #7241, #2539 ),
 ( #681, #4502, #6720 ),
 ( #2708, #3984, #634 ),
 ( #3379, #590, #1202 ),
 ( #8617, #2578, #5256 ),
 ( #7955, #7289, #7331 ) ),
 .UNSPECIFIED., .F., .F., .F. ) 
 B_SPLINE_SURFACE_WITH_KNOTS ( ( 4, 2, 2, 2, 2, 2, 4 ),
 ( 3, 3 ),
 ( 2.081668171172168513E-17, 0.0008499630636416641164, 0.001274944595462485820, 0.001699926127283307416, 0.002124907659104129012, 0.002549889190924950824, 0.003399852254566594015 ),
 ( 0.000000000000000000, 1.000000000000000000 ),
 .UNSPECIFIED. ) 
 GEOMETRIC_REPRESENTATION_ITEM ( )  RATIONAL_B_SPLINE_SURFACE ( (
 ( 1.000000000000000000, 0.7193398003386507478, 1.000000000000000000),
 ( 1.000000000000000000, 0.7202132200530017014, 1.000000000000000000),
 ( 1.000000000000000000, 0.7208785727470006233, 1.000000000000000000),
 ( 1.000000000000000000, 0.7215630611311620868, 1.000000000000000000),
 ( 1.000000000000000000, 0.7217357649437651235, 1.000000000000000000),
 ( 1.000000000000000000, 0.7219645438428939910, 1.000000000000000000),
 ( 1.000000000000000000, 0.7220224356994096038, 1.000000000000000000),
 ( 1.000000000000000000, 0.7220237877057238407, 1.000000000000000000),
 ( 1.000000000000000000, 0.7219658032786498980, 1.000000000000000000),
 ( 1.000000000000000000, 0.7217375979713910317, 1.000000000000000000),
 ( 1.000000000000000000, 0.7215678629160123814, 1.000000000000000000),
 ( 1.000000000000000000, 0.7208916282607981119, 1.000000000000000000),
 ( 1.000000000000000000, 0.7202112561550060299, 1.000000000000000000),
 ( 1.000000000000000000, 0.7193398003386518580, 1.000000000000000000) ) ) 
 REPRESENTATION_ITEM ( '' )  SURFACE ( )  );
#3685 = CARTESIAN_POINT ( 'NONE',  ( -0.3212565770584285829, -0.2711286181930245842, 0.4903489949670250536 ) ) ;
#3686 = CARTESIAN_POINT ( 'NONE',  ( -0.2982156029610888992, 0.3470441411598460535, 0.4904181026315467817 ) ) ;
#3687 = CARTESIAN_POINT ( 'NONE',  ( -0.7920226469532127833, -0.2231389177517497380, 0.01000000000000000021 ) ) ;
#3688 = CARTESIAN_POINT ( 'NONE',  ( -0.4172835518016517198, -0.09343715900665994223, 0.5000000000000001110 ) ) ;
#3689 = CARTESIAN_POINT ( 'NONE',  ( -0.4159007501928806416, -0.5870957752279544195, 0.5000000000000001110 ) ) ;
#3690 = CARTESIAN_POINT ( 'NONE',  ( 0.000000000000000000, 0.000000000000000000, 0.000000000000000000 ) ) ;
#3691 = EDGE_CURVE ( 'NONE', #5665, #4085, #6748, .T. ) ;
#3692 = FACE_OUTER_BOUND ( 'NONE', #515, .T. ) ;
#3693 = AXIS2_PLACEMENT_3D ( 'NONE', #8732, #1477, #7346 ) ;
#3694 = CARTESIAN_POINT ( 'NONE',  ( 0.2973301831599221012, 0.3278977863077469634, 0.005824649011643544955 ) ) ;
#3695 = CARTESIAN_POINT ( 'NONE',  ( -0.7807403295035675317, 0.1598941556781952600, 0.01055190533826888891 ) ) ;
#3696 = DIRECTION ( 'NONE',  ( -0.4999999999999998890, -0.8660254037844385966, 0.000000000000000000 ) ) ;
#3697 = FACE_OUTER_BOUND ( 'NONE', #3678, .T. ) ;
#3698 = CARTESIAN_POINT ( 'NONE',  ( 0.8190159077551691924, 0.1700158149991613521, 0.5000000000000000000 ) ) ;
#3699 = CARTESIAN_POINT ( 'NONE',  ( -0.8042142284106686967, 0.1484169066796549030, 0.4905276818448564002 ) ) ;
#3700 = EDGE_CURVE ( 'NONE', #6811, #6372, #1100, .T. ) ;
#3701 = EDGE_CURVE ( 'NONE', #314, #4640, #8423, .T. ) ;
#3702 = CARTESIAN_POINT ( 'NONE',  ( 0.4570025944008860863, -0.6123819381223968294, 0.5000000000000000000 ) ) ;
#3703 = CARTESIAN_POINT ( 'NONE',  ( -0.3194832758508323600, 0.3195247638123423495, 0.01042149135603025190 ) ) ;
#3704 = DIRECTION ( 'NONE',  ( 1.000000000000000000, 0.000000000000000000, 0.000000000000000000 ) ) ;
#3705 = AXIS2_PLACEMENT_3D ( 'NONE', #3589, #231, #2938 ) ;
#3706 = CARTESIAN_POINT ( 'NONE',  ( 0.2647780452741989032, -0.7369342134678061873, 0.01057740845385125687 ) ) ;
#3707 = DIRECTION ( 'NONE',  ( 0.4999999999999903411, -0.8660254037844441477, -0.000000000000000000 ) ) ;
#3708 = CARTESIAN_POINT ( 'NONE',  ( -0.2863241562469821533, 0.7713937065577255447, 0.5000000000000000000 ) ) ;
#3709 = ORIENTED_EDGE ( 'NONE', *, *, #7976, .F. ) ;
#3710 = FACE_OUTER_BOUND ( 'NONE', #6196, .T. ) ;
#3711 = ORIENTED_EDGE ( 'NONE', *, *, #8239, .T. ) ;
#3712 = AXIS2_PLACEMENT_3D ( 'NONE', #1830, #5826, #3796 ) ;
#3713 = CARTESIAN_POINT ( 'NONE',  ( 0.4240021294768181459, -0.5474138660051627303, 0.007454521212993834786 ) ) ;
#3714 = CARTESIAN_POINT ( 'NONE',  ( -0.3232085961101381355, -0.3051108168532386533, 0.01041052164822912733 ) ) ;
#3715 = CARTESIAN_POINT ( 'NONE',  ( -0.2985330010179903515, 0.3521314930151507872, 0.5000000000000000000 ) ) ;
#3716 = ADVANCED_FACE ( 'NONE', ( #3832 ), #7054, .T. ) ;
#3717 = CARTESIAN_POINT ( 'NONE',  ( 0.9828766357762466210, 0.000000000000000000, 0.4903489949670249426 ) ) ;
#3718 = CARTESIAN_POINT ( 'NONE',  ( 0.8068159052736413317, 0.1933473023651244849, 0.4903829660357258979 ) ) ;
#3719 = CARTESIAN_POINT ( 'NONE',  ( 0.7807403295035648672, -0.1598941556781895146, 0.01055190533826928442 ) ) ;
#3720 = CARTESIAN_POINT ( 'NONE',  ( 0.3004894591388226344, 0.6537284653794265266, 0.5000000000000001110 ) ) ;
#3721 = VECTOR ( 'NONE', #3782, 39.37007874015748854 ) ;
#3722 = CARTESIAN_POINT ( 'NONE',  ( 0.4894415122910307780, -0.07662663577625203337, 0.4903489949670249426 ) ) ;
#3723 = ORIENTED_EDGE ( 'NONE', *, *, #7807, .T. ) ;
#3724 = EDGE_LOOP ( 'NONE', ( #1569, #1158, #5274, #238 ) ) ;
#3725 = VERTEX_POINT ( 'NONE', #1328 ) ;
#3726 = ORIENTED_EDGE ( 'NONE', *, *, #1669, .T. ) ;
#3727 = CARTESIAN_POINT ( 'NONE',  ( 0.1026290165514687075, -0.4324621822343236444, 0.01041052122085309520 ) ) ;
#3728 = DIRECTION ( 'NONE',  ( -0.8654978445076709770, 0.4996954135095574845, 0.03489949670250103858 ) ) ;
#3729 = CARTESIAN_POINT ( 'NONE',  ( -0.1804219591217550989, -1.029030227173731308E-15, 0.4958578643762689420 ) ) ;
#3730 = AXIS2_PLACEMENT_3D ( 'NONE', #2815, #5492, #148 ) ;
#3731 = CARTESIAN_POINT ( 'NONE',  ( -0.4933284900130209816, 0.08215997555621921966, 0.3318948755274471196 ) ) ;
#3732 = CARTESIAN_POINT ( 'NONE',  ( -0.7820553603962434597, -0.2203308041911119786, -8.537024980200822558E-18 ) ) ;
#3733 = DIRECTION ( 'NONE',  ( -0.5000000000000102141, -0.8660254037844328234, 0.000000000000000000 ) ) ;
#3734 = CARTESIAN_POINT ( 'NONE',  ( -0.4644711259100952616, -0.5978078151754563363, -0.000000000000000000 ) ) ;
#3735 = VERTEX_POINT ( 'NONE', #7274 ) ;
#3736 = CARTESIAN_POINT ( 'NONE',  ( 0.5081824300276768236, 0.6351325815669431885, 0.5000000000000001110 ) ) ;
#3737 = EDGE_CURVE ( 'NONE', #5885, #5121, #4066, .T. ) ;
#3738 = CARTESIAN_POINT ( 'NONE',  ( 0.1169052108342339691, -0.4368850388140916308, -5.069664696031869082E-15 ) ) ;
#3739 = B_SPLINE_CURVE_WITH_KNOTS ( 'NONE', 3,
 ( #1914, #4636, #6711, #673, #6008, #3373, #8750, #4588, #7280, #8704, #1375, #4064 ),
 .UNSPECIFIED., .F., .F.,
 ( 4, 2, 2, 2, 2, 4 ),
 ( 0.000000000000000000, 0.0007662348527962432052, 0.001149352279194364645, 0.001532469705592486410, 0.002298704558388731459, 0.003064939411184976724 ),
 .UNSPECIFIED. ) ;
#3740 = CARTESIAN_POINT ( 'NONE',  ( 0.4905954183147089309, 0.5958808776565663878, 0.01057749445276294324 ) ) ;
#3741 =( BOUNDED_SURFACE ( )  B_SPLINE_SURFACE ( 3, 2, ( 
 ( #6308, #8293, #257 ),
 ( #6392, #2389, #6348 ),
 ( #970, #877, #3000 ),
 ( #4980, #3694, #345 ) ),
 .UNSPECIFIED., .F., .F., .T. ) 
 B_SPLINE_SURFACE_WITH_KNOTS ( ( 4, 4 ),
 ( 3, 3 ),
 ( 0.01979716286801407391, 0.03216910638057764865 ),
 ( 0.000000000000000000, 1.000000000000000000 ),
 .UNSPECIFIED. ) 
 GEOMETRIC_REPRESENTATION_ITEM ( )  RATIONAL_B_SPLINE_SURFACE ( (
 ( 1.000000000000000000, 0.8185296408697565473, 1.000000000000000000),
 ( 1.000000000000000000, 0.8207248282202075362, 1.000000000000000000),
 ( 1.000000000000000000, 0.8228396131667758961, 1.000000000000000000),
 ( 1.000000000000000000, 0.8248823227260290158, 1.000000000000000000) ) ) 
 REPRESENTATION_ITEM ( '' )  SURFACE ( )  );
#3742 = DIRECTION ( 'NONE',  ( -0.6946981095146400609, -0.7193014226572788106, 0.000000000000000000 ) ) ;
#3743 = CARTESIAN_POINT ( 'NONE',  ( 0.2971594236917451948, 0.3369821243845486092, 0.4999999999999950595 ) ) ;
#3744 = AXIS2_PLACEMENT_3D ( 'NONE', #3941, #6630, #5970 ) ;
#3745 = B_SPLINE_CURVE_WITH_KNOTS ( 'NONE', 3,
 ( #6875, #2293, #1541, #8238, #6910, #2250, #4974, #1009, #7042, #5633, #3688, #6386, #2205, #8288, #4217, #6998 ),
 .UNSPECIFIED., .F., .F.,
 ( 4, 2, 2, 2, 2, 2, 2, 4 ),
 ( 0.000000000000000000, 0.0004286688775617463571, 0.0008573377551234927143, 0.001286006632685239180, 0.001714675510246984995, 0.002143344387808731027, 0.002572013265370476625, 0.003429351020493969990 ),
 .UNSPECIFIED. ) ;
#3746 = CARTESIAN_POINT ( 'NONE',  ( -0.7801866928139473689, 0.1600843845381509922, -9.218455666939726830E-16 ) ) ;
#3747 = DIRECTION ( 'NONE',  ( 0.5000000000000102141, 0.8660254037844328234, -0.000000000000000000 ) ) ;
#3748 = ADVANCED_FACE ( 'NONE', ( #5956 ), #4011, .T. ) ;
#3749 = PRESENTATION_LAYER_ASSIGNMENT (  '', '', ( #2641 ) ) ;
#3750 = CARTESIAN_POINT ( 'NONE',  ( 0.8041318574083070603, 0.1225479082721363383, 0.4999999999999999445 ) ) ;
#3751 = CARTESIAN_POINT ( 'NONE',  ( -0.8018346292116769192, 0.1412563802823045278, 0.4905419968494946215 ) ) ;
#3752 = CARTESIAN_POINT ( 'NONE',  ( -0.2895607292580382741, 0.3146595769383065400, 0.5000000000000001110 ) ) ;
#3753 = CARTESIAN_POINT ( 'NONE',  ( -0.3338468905068149861, 0.2823786046564905061, 0.01037314797075939050 ) ) ;
#3754 = CARTESIAN_POINT ( 'NONE',  ( 0.4258377442667141133, -0.1273517556181764654, 0.01041052122085309867 ) ) ;
#3755 = AXIS2_PLACEMENT_3D ( 'NONE', #2610, #8646, #572 ) ;
#3756 = CARTESIAN_POINT ( 'NONE',  ( 0.1494019245159909637, -0.4427365517273060269, 0.000000000000000000 ) ) ;
#3757 = CARTESIAN_POINT ( 'NONE',  ( 0.4356599629973695320, 0.5798870069319949083, 0.000000000000000000 ) ) ;
#3758 = ADVANCED_FACE ( 'NONE', ( #8745 ), #7983, .F. ) ;
#3759 = EDGE_LOOP ( 'NONE', ( #7120, #8528, #5346, #4604 ) ) ;
#3760 = CARTESIAN_POINT ( 'NONE',  ( -0.7612273088408847421, -0.1267939793427077799, 0.01057741572469213590 ) ) ;
#3761 = ORIENTED_EDGE ( 'NONE', *, *, #6237, .F. ) ;
#3762 = VECTOR ( 'NONE', #6106, 39.37007874015748143 ) ;
#3763 = CARTESIAN_POINT ( 'NONE',  ( -0.7956848718150540956, -0.2064461555717523600, -0.000000000000000000 ) ) ;
#3764 = CARTESIAN_POINT ( 'NONE',  ( -0.3404711979317361359, -0.2747464528959903118, -2.134256245050205639E-18 ) ) ;
#3765 = DIRECTION ( 'NONE',  ( -0.3393434259387529961, -0.9406625533485162283, 0.000000000000000000 ) ) ;
#3766 = CARTESIAN_POINT ( 'NONE',  ( -0.5328481749117585098, 0.6320379406990119797, 0.4999999999999999445 ) ) ;
#3767 = CARTESIAN_POINT ( 'NONE',  ( 0.3217245145073610035, 0.3098638358303192342, 0.01041521630865950912 ) ) ;
#3768 = VECTOR ( 'NONE', #4344, 39.37007874015748854 ) ;
#3769 = CARTESIAN_POINT ( 'NONE',  ( 0.4362487335922375919, -0.09179779665601697780, 0.4904263270675874864 ) ) ;
#3770 = ORIENTED_EDGE ( 'NONE', *, *, #4874, .T. ) ;
#3771 = ADVANCED_FACE ( 'NONE', ( #751 ), #2845, .F. ) ;
#3772 = ORIENTED_EDGE ( 'NONE', *, *, #5911, .F. ) ;
#3773 = EDGE_LOOP ( 'NONE', ( #3418, #1982, #8575, #2012, #6939, #6813 ) ) ;
#3774 = CARTESIAN_POINT ( 'NONE',  ( 0.4456798538261236287, 0.07556049498080136262, 0.5000000000000000000 ) ) ;
#3775 = CARTESIAN_POINT ( 'NONE',  ( 0.3227597714111630212, 0.3922469289992507879, 0.000000000000000000 ) ) ;
#3776 = CARTESIAN_POINT ( 'NONE',  ( 0.08118988160479057026, -0.04687500000000095063, 0.000000000000000000 ) ) ;
#3777 = DIRECTION ( 'NONE',  ( 0.1764512492040770375, 0.9843093805579223865, 0.000000000000000000 ) ) ;
#3778 = AXIS2_PLACEMENT_3D ( 'NONE', #2115, #3522, #154 ) ;
#3779 = CARTESIAN_POINT ( 'NONE',  ( -0.4278576833040946270, -0.5542965245916283701, 0.01038463228036736949 ) ) ;
#3780 = CARTESIAN_POINT ( 'NONE',  ( 0.1696609409191351669, 0.4806385799964424943, 0.01034899496702501066 ) ) ;
#3781 = CARTESIAN_POINT ( 'NONE',  ( -0.7377941742167828387, -0.08086162869458136948, 0.4904669564920930980 ) ) ;
#3782 = DIRECTION ( 'NONE',  ( 0.4999999999999898970, -0.8660254037844443697, -1.937311239347318617E-18 ) ) ;
#3783 = CARTESIAN_POINT ( 'NONE',  ( -0.5575858446668577884, -0.5855635356366467592, 2.308209987916281301E-16 ) ) ;
#3784 = DIRECTION ( 'NONE',  ( 1.000000000000000000, 0.000000000000000000, 0.000000000000000000 ) ) ;
#3785 = VERTEX_POINT ( 'NONE', #4922 ) ;
#3786 = CARTESIAN_POINT ( 'NONE',  ( 0.3230515708131861397, -0.3688570947302832748, -2.971938102822133694E-16 ) ) ;
#3787 = LINE ( 'NONE', #3183, #4595 ) ;
#3788 = CARTESIAN_POINT ( 'NONE',  ( 0.09021097956088186542, -0.1562500000000010270, 0.01000000000000000021 ) ) ;
#3789 = CARTESIAN_POINT ( 'NONE',  ( -0.2886096618623552046, -0.3203624426937092817, 0.5000000000000000000 ) ) ;
#3790 = LINE ( 'NONE', #5157, #3875 ) ;
#3791 = CARTESIAN_POINT ( 'NONE',  ( -0.07707436138210703447, -0.4202803123613986780, 0.000000000000000000 ) ) ;
#3792 = CARTESIAN_POINT ( 'NONE',  ( -0.3212565770584285829, -0.2711286181930245842, 0.4903489949670250536 ) ) ;
#3793 = VERTEX_POINT ( 'NONE', #6289 ) ;
#3794 = CARTESIAN_POINT ( 'NONE',  ( 0.7920226469531952418, -0.2231389177517649203, 0.01000000000000000021 ) ) ;
#3795 = CARTESIAN_POINT ( 'NONE',  ( 0.7894895971611418650, 0.1022751311701733806, 0.4999999999999999445 ) ) ;
#3796 = DIRECTION ( 'NONE',  ( 0.000000000000000000, -0.03489949670250104552, -0.9993908270190957621 ) ) ;
#3797 = CARTESIAN_POINT ( 'NONE',  ( 0.000000000000000000, 0.000000000000000000, 0.01034899496702338870 ) ) ;
#3798 = CARTESIAN_POINT ( 'NONE',  ( 0.5010756907753637357, -0.08339469686210011778, 0.01000000000000000021 ) ) ;
#3799 = EDGE_CURVE ( 'NONE', #7604, #5533, #2235, .T. ) ;
#3800 = CARTESIAN_POINT ( 'NONE',  ( 0.4909744156656245528, -0.09338776164188311579, 0.01037314937198704351 ) ) ;
#3801 = CARTESIAN_POINT ( 'NONE',  ( -0.8146658284480013945, 0.2031668088770960390, 0.4899999999999999911 ) ) ;
#3802 = ORIENTED_EDGE ( 'NONE', *, *, #7459, .T. ) ;
#3803 = CARTESIAN_POINT ( 'NONE',  ( -0.7858529396353074459, -0.1822801220025286606, 0.01049752550059984517 ) ) ;
#3804 = ORIENTED_EDGE ( 'NONE', *, *, #4826, .F. ) ;
#3805 = DIRECTION ( 'NONE',  ( 0.000000000000000000, 0.000000000000000000, 1.000000000000000000 ) ) ;
#3806 = CARTESIAN_POINT ( 'NONE',  ( 0.08087690446855247406, -0.04669430256614368752, 0.01034899496702501066 ) ) ;
#3807 = LINE ( 'NONE', #6593, #7846 ) ;
#3808 = EDGE_CURVE ( 'NONE', #7068, #8706, #7154, .T. ) ;
#3809 = CARTESIAN_POINT ( 'NONE',  ( -1.108617973756112909E-15, -0.09374999999999990286, 0.000000000000000000 ) ) ;
#3810 = FACE_OUTER_BOUND ( 'NONE', #3907, .T. ) ;
#3811 = CARTESIAN_POINT ( 'NONE',  ( 0.4497140722879311436, -0.08471601428552105739, 0.4904180468953600602 ) ) ;
#3812 = ORIENTED_EDGE ( 'NONE', *, *, #5628, .F. ) ;
#3813 = ORIENTED_EDGE ( 'NONE', *, *, #4326, .T. ) ;
#3814 = ORIENTED_EDGE ( 'NONE', *, *, #1778, .F. ) ;
#3815 = ORIENTED_EDGE ( 'NONE', *, *, #6675, .F. ) ;
#3816 = CARTESIAN_POINT ( 'NONE',  ( 0.4162299583496132382, 0.1077527542386816223, 0.4999999999999950595 ) ) ;
#3817 = CARTESIAN_POINT ( 'NONE',  ( -0.2286311328130096188, -0.7974977940875972449, 0.4903489949670350456 ) ) ;
#3818 = CARTESIAN_POINT ( 'NONE',  ( 0.1783159193642008256, -0.4756416258613509473, 0.01000000000000000021 ) ) ;
#3819 = CARTESIAN_POINT ( 'NONE',  ( -0.2466653189918211475, 0.7617382788558323403, 0.01053677613729659540 ) ) ;
#3820 = FACE_OUTER_BOUND ( 'NONE', #8657, .T. ) ;
#3821 = EDGE_CURVE ( 'NONE', #1427, #3211, #6311, .T. ) ;
#3822 = ADVANCED_FACE ( 'NONE', ( #7606 ), #2531, .T. ) ;
#3823 = CARTESIAN_POINT ( 'NONE',  ( -0.6862088809542777890, -0.08339469686208647592, 0.000000000000000000 ) ) ;
#3824 = CARTESIAN_POINT ( 'NONE',  ( 0.5137499330457806490, -0.6078452795858315660, 0.000000000000000000 ) ) ;
#3825 = CARTESIAN_POINT ( 'NONE',  ( -0.7649655484657138516, -0.09406341698154387088, 0.4905420191444059275 ) ) ;
#3826 = CARTESIAN_POINT ( 'NONE',  ( 0.4429072446975970689, -0.5716112385362612791, 0.01047287214295882819 ) ) ;
#3827 = CARTESIAN_POINT ( 'NONE',  ( -0.3314147498562396987, -0.3872499748641556883, 0.01034899496703146037 ) ) ;
#3828 = CARTESIAN_POINT ( 'NONE',  ( 0.1783159193642008256, -0.4756416258613509473, 0.000000000000000000 ) ) ;
#3829 = VERTEX_POINT ( 'NONE', #2822 ) ;
#3830 = DIRECTION ( 'NONE',  ( -0.5000000000000003331, 0.8660254037844383745, 0.000000000000000000 ) ) ;
#3831 = CARTESIAN_POINT ( 'NONE',  ( 0.1583921620542997621, -0.4641101749389118791, 0.01039148133693195558 ) ) ;
#3832 = FACE_OUTER_BOUND ( 'NONE', #6374, .T. ) ;
#3833 = DIRECTION ( 'NONE',  ( 0.000000000000000000, 0.000000000000000000, 1.000000000000000000 ) ) ;
#3834 = CARTESIAN_POINT ( 'NONE',  ( 0.3143329725909735917, -0.2787720613949760118, 0.5000000000000000000 ) ) ;
#3835 = DIRECTION ( 'NONE',  ( 1.224646799147353207E-16, 1.000000000000000000, -0.000000000000000000 ) ) ;
#3836 = CARTESIAN_POINT ( 'NONE',  ( -0.1783159193642116502, -0.4756416258613467840, 0.000000000000000000 ) ) ;
#3837 = CARTESIAN_POINT ( 'NONE',  ( -0.9896446968620942197, 1.218084714192347051E-16, 0.000000000000000000 ) ) ;
#3838 = CARTESIAN_POINT ( 'NONE',  ( 0.4233961676958043485, -0.5522562372222917793, 0.09181588974873075570 ) ) ;
#3839 = VERTEX_POINT ( 'NONE', #6901 ) ;
#3840 = CARTESIAN_POINT ( 'NONE',  ( -0.7608862333023107549, 0.1273345318158743966, 0.000000000000000000 ) ) ;
#3841 = DIRECTION ( 'NONE',  ( -0.4999999999998565037, -0.8660254037845216413, 0.000000000000000000 ) ) ;
#3842 = CARTESIAN_POINT ( 'NONE',  ( -0.7079997865524670919, 0.06663272750606331896, 0.5000000000000000000 ) ) ;
#3843 = CARTESIAN_POINT ( 'NONE',  ( -0.06852132840650440593, 0.4295031469972244165, 0.07351273936240265705 ) ) ;
#3844 = CARTESIAN_POINT ( 'NONE',  ( 0.3985118519898074863, 0.1537559620992447196, 0.000000000000000000 ) ) ;
#3845 = CARTESIAN_POINT ( 'NONE',  ( -0.09444247782545941994, -0.4113405319876108357, 0.5000000000000001110 ) ) ;
#3846 = CARTESIAN_POINT ( 'NONE',  ( 0.1537611665538822781, -0.4461995353593529723, -0.000000000000000000 ) ) ;
#3847 = AXIS2_PLACEMENT_3D ( 'NONE', #753, #4174, #6133 ) ;
#3848 = CARTESIAN_POINT ( 'NONE',  ( 0.1671537185081453381, -0.4451204159912341973, 0.4999999999999902300 ) ) ;
#3849 = VERTEX_POINT ( 'NONE', #4171 ) ;
#3850 = EDGE_CURVE ( 'NONE', #3954, #1532, #6451, .T. ) ;
#3851 = CARTESIAN_POINT ( 'NONE',  ( -0.2859407527316262243, -0.6924926462913361114, 0.000000000000000000 ) ) ;
#3852 = B_SPLINE_CURVE_WITH_KNOTS ( 'NONE', 3,
 ( #6873, #6952, #5506, #4215 ),
 .UNSPECIFIED., .F., .F.,
 ( 4, 4 ),
 ( 0.0002453586450613538241, 0.01244836874683117114 ),
 .UNSPECIFIED. ) ;
#3853 = VERTEX_POINT ( 'NONE', #828 ) ;
#3854 = CARTESIAN_POINT ( 'NONE',  ( -0.7587303323998405569, 0.09009446690500146071, 0.4905280637116635201 ) ) ;
#3855 = CARTESIAN_POINT ( 'NONE',  ( 0.1554344994360832288, 0.4349080291820300315, 0.4904132026006208234 ) ) ;
#3856 = CARTESIAN_POINT ( 'NONE',  ( -0.4641044652721131314, -0.6155160675366859735, 0.4905422744904087695 ) ) ;
#3857 = CIRCLE ( 'NONE', #4705, 0.009999999999999968983 ) ;
#3858 = CARTESIAN_POINT ( 'NONE',  ( 0.3136191193857640336, 0.2646828876051628421, 0.5000000000000000000 ) ) ;
#3859 = CARTESIAN_POINT ( 'NONE',  ( 0.7841190327801527138, -0.2128694160039230621, 6.926706178265945872E-16 ) ) ;
#3860 = CARTESIAN_POINT ( 'NONE',  ( 0.3277554493044955164, -0.7550923267932149185, 0.001385477198296067042 ) ) ;
#3861 = DIRECTION ( 'NONE',  ( -0.8660254037844423713, 0.4999999999999936717, 0.000000000000000000 ) ) ;
#3862 = ORIENTED_EDGE ( 'NONE', *, *, #4726, .T. ) ;
#3863 = CARTESIAN_POINT ( 'NONE',  ( 0.1331371828600121376, -0.4101245202973007875, 0.5000000000000000000 ) ) ;
#3864 = EDGE_LOOP ( 'NONE', ( #7692, #4291, #240, #6797 ) ) ;
#3865 = AXIS2_PLACEMENT_3D ( 'NONE', #6059, #8710, #8122 ) ;
#3866 = EDGE_CURVE ( 'NONE', #5083, #1916, #5623, .T. ) ;
#3867 = ORIENTED_EDGE ( 'NONE', *, *, #1879, .F. ) ;
#3868 = ORIENTED_EDGE ( 'NONE', *, *, #1991, .F. ) ;
#3869 = CARTESIAN_POINT ( 'NONE',  ( 0.4543586512995068660, 0.08284378945484729972, 0.4904132026006207679 ) ) ;
#3870 = CARTESIAN_POINT ( 'NONE',  ( 0.1804219591217609275, -9.572035194145888967E-16, 0.01000000000000002970 ) ) ;
#3871 = CARTESIAN_POINT ( 'NONE',  ( -0.7079997865524694234, -0.06663272750604729011, 0.5000000000000000000 ) ) ;
#3872 = CARTESIAN_POINT ( 'NONE',  ( -0.5820985525111259662, -0.5673666560794167202, 0.01034899496702886695 ) ) ;
#3873 = DIRECTION ( 'NONE',  ( -1.892679809432644143E-16, 1.000000000000000000, 0.000000000000000000 ) ) ;
#3874 = CARTESIAN_POINT ( 'NONE',  ( -0.2647780452741994028, 0.7369342134678061873, 0.01057740845385125687 ) ) ;
#3875 = VECTOR ( 'NONE', #1955, 39.37007874015748143 ) ;
#3876 = CARTESIAN_POINT ( 'NONE',  ( 0.07222192602347571322, -0.04169734843104808825, 0.000000000000000000 ) ) ;
#3877 = B_SPLINE_CURVE_WITH_KNOTS ( 'NONE', 3,
 ( #5205, #7897, #1866, #4539, #8159, #2699, #5342, #4768, #4105, #4015, #4721, #1999, #8075, #2078, #1330, #5383, #6090, #2038 ),
 .UNSPECIFIED., .F., .F.,
 ( 4, 2, 2, 2, 2, 2, 2, 2, 4 ),
 ( 2.194270917860438266E-17, 0.0006380346546931604671, 0.001276069309386299033, 0.001914103964079437491, 0.002552138618772576382, 0.003190173273465715057, 0.003828207928158853298, 0.004466242582851991973, 0.005104277237545130214 ),
 .UNSPECIFIED. ) ;
#3878 = ORIENTED_EDGE ( 'NONE', *, *, #5255, .F. ) ;
#3879 = CARTESIAN_POINT ( 'NONE',  ( 0.3095154524964482956, -0.3561114561734701756, 0.000000000000000000 ) ) ;
#3880 = CARTESIAN_POINT ( 'NONE',  ( 0.1580796630614695053, -0.4643756370663585931, -7.184881935703415985E-15 ) ) ;
#3881 = EDGE_CURVE ( 'NONE', #1519, #2182, #4480, .T. ) ;
#3882 = CARTESIAN_POINT ( 'NONE',  ( 0.5288448762677586679, 0.5961934944548122894, 0.01055190147764095698 ) ) ;
#3883 = FACE_OUTER_BOUND ( 'NONE', #5188, .T. ) ;
#3884 = CARTESIAN_POINT ( 'NONE',  ( -0.2876264501105291749, -0.3315356752145959263, 0.5000000000000000000 ) ) ;
#3885 = CARTESIAN_POINT ( 'NONE',  ( 0.3017972039319196109, 0.3067658661211986604, 0.4904181060706523376 ) ) ;
#3886 = FACE_OUTER_BOUND ( 'NONE', #6064, .T. ) ;
#3887 = CARTESIAN_POINT ( 'NONE',  ( 0.5548094364468793005, -0.5986022320400369301, -0.000000000000000000 ) ) ;
#3888 = ORIENTED_EDGE ( 'NONE', *, *, #2178, .F. ) ;
#3889 = EDGE_CURVE ( 'NONE', #4248, #4658, #286, .T. ) ;
#3890 = DIRECTION ( 'NONE',  ( 1.000000000000000000, -1.366756588017077073E-14, 0.000000000000000000 ) ) ;
#3891 = TOROIDAL_SURFACE ( 'NONE', #80, 0.4103827275060554780, 0.01000000000000000021 ) ;
#3892 = CARTESIAN_POINT ( 'NONE',  ( -0.2622275360085942197, -0.6409686257750367711, 0.01034899496702861715 ) ) ;
#3893 = CARTESIAN_POINT ( 'NONE',  ( -0.06764588407315169638, 0.4318728915606556695, 0.01034899496702451106 ) ) ;
#3894 = CARTESIAN_POINT ( 'NONE',  ( 0.07206249532824046677, 0.4197816553877953272, 0.3318948811265315380 ) ) ;
#3895 = LINE ( 'NONE', #7243, #7684 ) ;
#3896 = CIRCLE ( 'NONE', #85, 0.009999999999999989800 ) ;
#3897 = CARTESIAN_POINT ( 'NONE',  ( 0.1786520112904964874, -0.4620135909377721117, 0.5000000000000000000 ) ) ;
#3898 = CARTESIAN_POINT ( 'NONE',  ( 0.7009530400637167258, -0.08211145396921858131, 0.3332843519825628431 ) ) ;
#3899 = CARTESIAN_POINT ( 'NONE',  ( -0.2803060855470949075, -0.7258043016064179564, 0.000000000000000000 ) ) ;
#3900 = ORIENTED_EDGE ( 'NONE', *, *, #1306, .T. ) ;
#3901 = CARTESIAN_POINT ( 'NONE',  ( -0.7450442528064145087, 0.08341608086032864522, 0.4904903549898803616 ) ) ;
#3902 = CARTESIAN_POINT ( 'NONE',  ( 0.1783601429567543140, 0.4621821011988280770, 0.4903489949670249426 ) ) ;
#3903 = CARTESIAN_POINT ( 'NONE',  ( -0.1353979362456498858, -0.4337459296899838779, -0.000000000000000000 ) ) ;
#3904 = CIRCLE ( 'NONE', #2079, 0.01000000000000000194 ) ;
#3905 = CARTESIAN_POINT ( 'NONE',  ( -0.4159007286261888203, 0.5870957378733798748, 0.5000000000000001110 ) ) ;
#3906 = CARTESIAN_POINT ( 'NONE',  ( 0.4117055280199179434, -0.5798294372753751702, 0.5000000000000000000 ) ) ;
#3907 = EDGE_LOOP ( 'NONE', ( #7881, #2944, #5425, #192, #5939 ) ) ;
#3908 = VERTEX_POINT ( 'NONE', #4964 ) ;
#3909 = VECTOR ( 'NONE', #3733, 39.37007874015748854 ) ;
#3910 = ORIENTED_EDGE ( 'NONE', *, *, #4805, .T. ) ;
#3911 = ORIENTED_EDGE ( 'NONE', *, *, #4874, .F. ) ;
#3912 = DIRECTION ( 'NONE',  ( 1.000000000000000000, 3.552713678800500929E-15, 0.000000000000000000 ) ) ;
#3913 = CARTESIAN_POINT ( 'NONE',  ( 0.3324124951561727159, 0.2682434064827278752, 0.000000000000000000 ) ) ;
#3914 = CARTESIAN_POINT ( 'NONE',  ( 0.1696609409191244533, -0.4806385799964462691, 0.01034899496703637484 ) ) ;
#3915 = CARTESIAN_POINT ( 'NONE',  ( -0.2707500350596123706, 0.7228090796663674267, 0.01057749443219718234 ) ) ;
#3916 = CARTESIAN_POINT ( 'NONE',  ( -0.3985118519898102063, -0.1537559620992459408, 0.000000000000000000 ) ) ;
#3917 = CARTESIAN_POINT ( 'NONE',  ( -0.4894415122910309446, 0.07662663577625179745, 0.4903489949670249426 ) ) ;
#3918 = CARTESIAN_POINT ( 'NONE',  ( -0.4114711279094193097, -0.1479289330129830160, 0.01037315220453600972 ) ) ;
#3919 = CARTESIAN_POINT ( 'NONE',  ( 0.4829892334178710334, -0.5940295676774856037, 0.01057235597143461187 ) ) ;
#3920 = CIRCLE ( 'NONE', #4765, 0.009999999999999986330 ) ;
#3921 = EDGE_CURVE ( 'NONE', #997, #8693, #1677, .T. ) ;
#3922 = CARTESIAN_POINT ( 'NONE',  ( -0.1754834747856873212, -0.4683741336622058715, 0.3303501167231955860 ) ) ;
#3923 = ORIENTED_EDGE ( 'NONE', *, *, #2630, .T. ) ;
#3924 = CARTESIAN_POINT ( 'NONE',  ( 0.3096385169231077872, -0.3177494589581512652, 0.000000000000000000 ) ) ;
#3925 = CARTESIAN_POINT ( 'NONE',  ( 0.2986427932182959544, -0.7245534565994883325, 0.4905613943066131633 ) ) ;
#3926 = CARTESIAN_POINT ( 'NONE',  ( 0.1493532097063653696, 0.4426988761484080270, 0.000000000000000000 ) ) ;
#3927 = CARTESIAN_POINT ( 'NONE',  ( 0.2619145588723394980, -0.6411493232088977257, -2.987958743070287587E-17 ) ) ;
#3928 = CARTESIAN_POINT ( 'NONE',  ( 0.3212565770584231983, -0.2711286181930323003, 0.4903489949670249426 ) ) ;
#3929 = CARTESIAN_POINT ( 'NONE',  ( 0.2981122571460487203, 0.3216895266647696872, 0.5000000000000000000 ) ) ;
#3930 = DIRECTION ( 'NONE',  ( 1.000000000000000000, 0.000000000000000000, 0.000000000000000000 ) ) ;
#3931 = EDGE_CURVE ( 'NONE', #6273, #1312, #8724, .T. ) ;
#3932 = CARTESIAN_POINT ( 'NONE',  ( 0.07222192602347651813, 0.04169734843104634658, 0.01000000000000000021 ) ) ;
#3933 = CARTESIAN_POINT ( 'NONE',  ( -0.5362225101552511308, 0.5945270441766715708, 0.01053709449109379616 ) ) ;
#3934 = ORIENTED_EDGE ( 'NONE', *, *, #3180, .T. ) ;
#3935 =( BOUNDED_SURFACE ( )  B_SPLINE_SURFACE ( 3, 2, ( 
 ( #5866, #7185, #3928 ),
 ( #1147, #3834, #7229 ),
 ( #6616, #3275, #2615 ),
 ( #4633, #4014, #3442 ),
 ( #4843, #5421, #7445 ),
 ( #4676, #6005, #6792 ),
 ( #621, #4136, #6131 ),
 ( #1286, #3369, #1329 ),
 ( #8114, #6831, #7484 ),
 ( #789, #4804, #5341 ),
 ( #7359, #1415, #1450 ),
 ( #2737, #2658, #6173 ),
 ( #752, #5462, #2779 ),
 ( #7402, #8193, #2153 ) ),
 .UNSPECIFIED., .F., .F., .F. ) 
 B_SPLINE_SURFACE_WITH_KNOTS ( ( 4, 2, 2, 2, 2, 2, 4 ),
 ( 3, 3 ),
 ( 2.081668171172168513E-17, 0.0008499630636416658511, 0.001274944595462488423, 0.001699926127283310886, 0.002124907659104133349, 0.002549889190924956028, 0.003399852254566600954 ),
 ( 0.000000000000000000, 1.000000000000000000 ),
 .UNSPECIFIED. ) 
 GEOMETRIC_REPRESENTATION_ITEM ( )  RATIONAL_B_SPLINE_SURFACE ( (
 ( 1.000000000000000000, 0.7193398003386507478, 1.000000000000000000),
 ( 1.000000000000000000, 0.7202132200531448092, 1.000000000000000000),
 ( 1.000000000000000000, 0.7208785727468101090, 1.000000000000000000),
 ( 1.000000000000000000, 0.7215630611312573439, 1.000000000000000000),
 ( 1.000000000000000000, 0.7217357649437651235, 1.000000000000000000),
 ( 1.000000000000000000, 0.7219645438428939910, 1.000000000000000000),
 ( 1.000000000000000000, 0.7220224356993303338, 1.000000000000000000),
 ( 1.000000000000000000, 0.7220237877058026665, 1.000000000000000000),
 ( 1.000000000000000000, 0.7219658032786273605, 1.000000000000000000),
 ( 1.000000000000000000, 0.7217375979714157896, 1.000000000000000000),
 ( 1.000000000000000000, 0.7215678629160123814, 1.000000000000000000),
 ( 1.000000000000000000, 0.7208916282607981119, 1.000000000000000000),
 ( 1.000000000000000000, 0.7202112561550058079, 1.000000000000000000),
 ( 1.000000000000000000, 0.7193398003386507478, 1.000000000000000000) ) ) 
 REPRESENTATION_ITEM ( '' )  SURFACE ( )  );
#3936 = CARTESIAN_POINT ( 'NONE',  ( 0.8146658284480057244, 0.2031668088770782199, 0.5000000000000000000 ) ) ;
#3937 = FACE_OUTER_BOUND ( 'NONE', #5847, .T. ) ;
#3938 = DIRECTION ( 'NONE',  ( 1.000000000000000000, 0.000000000000000000, 0.000000000000000000 ) ) ;
#3939 = DIRECTION ( 'NONE',  ( -0.8660254037844338226, 0.5000000000000083267, 0.000000000000000000 ) ) ;
#3940 = EDGE_CURVE ( 'NONE', #8097, #8481, #694, .T. ) ;
#3941 = CARTESIAN_POINT ( 'NONE',  ( -0.7079997865524702005, -0.06663272750604730399, 0.4899999999999999911 ) ) ;
#3942 = FILL_AREA_STYLE ('',( #8668 ) ) ;
#3943 = CARTESIAN_POINT ( 'NONE',  ( 0.2735743026696410563, -0.7706784052283743858, 0.4905276818448560672 ) ) ;
#3944 = EDGE_LOOP ( 'NONE', ( #5230, #6197, #1600, #1892, #3665, #2224 ) ) ;
#3945 = DIRECTION ( 'NONE',  ( 1.000000000000000000, 0.000000000000000000, 0.000000000000000000 ) ) ;
#3946 = CARTESIAN_POINT ( 'NONE',  ( 0.1617956437127258673, 0.4271864012045230585, 0.5000000000000000000 ) ) ;
#3947 = LINE ( 'NONE', #4466, #6729 ) ;
#3948 = CARTESIAN_POINT ( 'NONE',  ( -0.1045800106076181374, 0.4226502634511307699, 0.000000000000000000 ) ) ;
#3949 = B_SPLINE_CURVE_WITH_KNOTS ( 'NONE', 3,
 ( #5778, #399, #5074, #8615, #7100, #7194, #5736, #4452, #8475, #6582, #3752, #1110, #5253, #2576, #2437, #8433 ),
 .UNSPECIFIED., .F., .F.,
 ( 4, 2, 2, 2, 2, 2, 2, 4 ),
 ( 0.000000000000000000, 0.0004286688775617931405, 0.0008573377551235862809, 0.001286006632685379259, 0.001714675510247172562, 0.002143344387808965214, 0.002572013265370755915, 0.003429351020494337317 ),
 .UNSPECIFIED. ) ;
#3950 = CARTESIAN_POINT ( 'NONE',  ( -0.7894895971611419760, -0.1022751311701734916, 0.4999999999999999445 ) ) ;
#3951 = ORIENTED_EDGE ( 'NONE', *, *, #5972, .F. ) ;
#3952 = ORIENTED_EDGE ( 'NONE', *, *, #3808, .T. ) ;
#3953 = ORIENTED_EDGE ( 'NONE', *, *, #2655, .F. ) ;
#3954 = VERTEX_POINT ( 'NONE', #6260 ) ;
#3955 = CARTESIAN_POINT ( 'NONE',  ( 0.4239813449456981131, 0.5475800206427483552, 0.01034899496702500546 ) ) ;
#3956 = CARTESIAN_POINT ( 'NONE',  ( -0.06985467811353263112, -0.4258955331110003684, 0.1696798237513129359 ) ) ;
#3957 = DIRECTION ( 'NONE',  ( 0.8654978445076705329, -0.4996954135095581506, 0.03489949670250105246 ) ) ;
#3958 = CARTESIAN_POINT ( 'NONE',  ( -0.2696630337598825422, 0.6547195211046002994, 5.174480071600304145E-15 ) ) ;
#3959 = DIRECTION ( 'NONE',  ( 0.5000000000000143219, 0.8660254037844304920, 0.000000000000000000 ) ) ;
#3960 = CARTESIAN_POINT ( 'NONE',  ( -0.4688973157668258618, -0.07823117920702112038, 0.4903936898990763349 ) ) ;
#3961 = CARTESIAN_POINT ( 'NONE',  ( -0.4529748189778075029, -0.1055765242168233420, 0.01042152790750568332 ) ) ;
#3962 = CARTESIAN_POINT ( 'NONE',  ( 0.000000000000000000, 0.000000000000000000, 0.4903489949670248316 ) ) ;
#3963 = CARTESIAN_POINT ( 'NONE',  ( -0.4829990515394494421, -0.5940254370451429899, 0.01057232532173394551 ) ) ;
#3964 = ORIENTED_EDGE ( 'NONE', *, *, #4132, .T. ) ;
#3965 = CARTESIAN_POINT ( 'NONE',  ( 0.4531853490372348969, 0.1059631081260111046, 2.055495215317609645E-15 ) ) ;
#3966 =( BOUNDED_SURFACE ( )  B_SPLINE_SURFACE ( 3, 2, ( 
 ( #5595, #1059, #6351 ),
 ( #8334, #3096, #5025 ),
 ( #7800, #258, #6310 ),
 ( #5773, #1587, #4357 ) ),
 .UNSPECIFIED., .F., .F., .F. ) 
 B_SPLINE_SURFACE_WITH_KNOTS ( ( 4, 4 ),
 ( 3, 3 ),
 ( 0.02928490207540813267, 0.04170594225001116734 ),
 ( 0.000000000000000000, 1.000000000000000000 ),
 .UNSPECIFIED. ) 
 GEOMETRIC_REPRESENTATION_ITEM ( )  RATIONAL_B_SPLINE_SURFACE ( (
 ( 1.000000000000000000, 0.6163818357170528506, 1.000000000000000000),
 ( 1.000000000000000000, 0.6124652104007413111, 1.000000000000000000),
 ( 1.000000000000000000, 0.6084201088897307486, 1.000000000000000000),
 ( 1.000000000000000000, 0.6042316834830049332, 1.000000000000000000) ) ) 
 REPRESENTATION_ITEM ( '' )  SURFACE ( )  );
#3967 = ADVANCED_FACE ( 'NONE', ( #4937 ), #2961, .T. ) ;
#3968 = CARTESIAN_POINT ( 'NONE',  ( 0.1169749246742943227, 0.4364430148772630580, 0.01042149135602988760 ) ) ;
#3969 = B_SPLINE_CURVE_WITH_KNOTS ( 'NONE', 3,
 ( #5225, #1932, #7254, #1889, #4040, #8584, #7298, #514, #558, #647, #2059, #8054, #6733, #13, #2678, #2018, #8679, #3906 ),
 .UNSPECIFIED., .F., .F.,
 ( 4, 2, 2, 2, 2, 2, 2, 2, 4 ),
 ( 2.221529986854170345E-17, 0.0006380346546931599250, 0.001276069309386297515, 0.001914103964079435106, 0.002552138618772572913, 0.003190173273465710720, 0.003828207928158848094, 0.004466242582851986768, 0.005104277237545124142 ),
 .UNSPECIFIED. ) ;
#3970 = CARTESIAN_POINT ( 'NONE',  ( 0.08088218006132096016, 0.04669734843104625388, 0.01000000000000000021 ) ) ;
#3971 = CARTESIAN_POINT ( 'NONE',  ( 0.2878549099940500011, 0.6518326008703367869, 0.4903489949670249426 ) ) ;
#3972 = CARTESIAN_POINT ( 'NONE',  ( -0.9728827275060553115, 1.191437718186037280E-16, 0.4899999999999999911 ) ) ;
#3973 = CARTESIAN_POINT ( 'NONE',  ( -0.7939945179476688430, 0.2103911204519600953, 0.2547538490329981919 ) ) ;
#3974 = FACE_OUTER_BOUND ( 'NONE', #2481, .T. ) ;
#3975 = CARTESIAN_POINT ( 'NONE',  ( 0.3110813693342786568, -0.3855554654225878397, 0.4903489949670244985 ) ) ;
#3976 = ORIENTED_EDGE ( 'NONE', *, *, #6193, .F. ) ;
#3977 = CARTESIAN_POINT ( 'NONE',  ( -0.08419322454898604813, 0.4116179946133673995, 0.5000000000000000000 ) ) ;
#3978 = EDGE_CURVE ( 'NONE', #5209, #5186, #8573, .T. ) ;
#3979 = FACE_OUTER_BOUND ( 'NONE', #6287, .T. ) ;
#3980 = CARTESIAN_POINT ( 'NONE',  ( 0.09468145427320238949, -0.4117350022747759963, 0.4903936949262454603 ) ) ;
#3981 = CARTESIAN_POINT ( 'NONE',  ( 0.9996386051322853072, 0.000000000000000000, 0.01034899496702338870 ) ) ;
#3982 = FACE_OUTER_BOUND ( 'NONE', #2138, .T. ) ;
#3983 = CARTESIAN_POINT ( 'NONE',  ( -0.3186411329017034832, 0.3494735597682206985, 0.01041521383681753322 ) ) ;
#3984 = CARTESIAN_POINT ( 'NONE',  ( -0.1556883179146711094, -0.4346029092571581653, 0.5000000000000000000 ) ) ;
#3985 = LINE ( 'NONE', #7959, #6045 ) ;
#3986 = ADVANCED_FACE ( 'NONE', ( #7663 ), #1825, .T. ) ;
#3987 = ORIENTED_EDGE ( 'NONE', *, *, #2645, .F. ) ;
#3988 = DIRECTION ( 'NONE',  ( 1.000000000000000000, -1.133066583063283756E-14, 0.000000000000000000 ) ) ;
#3989 = CARTESIAN_POINT ( 'NONE',  ( -0.7044894372315656517, -0.07936906509477681393, 0.4118160943908628635 ) ) ;
#3990 = CARTESIAN_POINT ( 'NONE',  ( 0.7238636061956922330, -0.1004131590808831770, 0.01049755734695470913 ) ) ;
#3991 = DIRECTION ( 'NONE',  ( 0.6946981095146816942, -0.7193014226572385095, 0.000000000000000000 ) ) ;
#3992 = CARTESIAN_POINT ( 'NONE',  ( 0.3951155369924747029, -0.1425376820703312120, 0.5000000000000000000 ) ) ;
#3993 = EDGE_LOOP ( 'NONE', ( #4473, #6245, #3394, #8070 ) ) ;
#3994 = ORIENTED_EDGE ( 'NONE', *, *, #4992, .F. ) ;
#3995 = ORIENTED_EDGE ( 'NONE', *, *, #4905, .T. ) ;
#3996 = ADVANCED_FACE ( 'NONE', ( #1725 ), #2298, .T. ) ;
#3997 = ORIENTED_EDGE ( 'NONE', *, *, #6675, .T. ) ;
#3998 = AXIS2_PLACEMENT_3D ( 'NONE', #6827, #3482, #980 ) ;
#3999 = CARTESIAN_POINT ( 'NONE',  ( -0.4530480740651141036, 0.1055371981371353851, 0.01042148981070850633 ) ) ;
#4000 = CARTESIAN_POINT ( 'NONE',  ( 0.1402482383020128009, 0.4365256837376720322, 0.000000000000000000 ) ) ;
#4001 = CARTESIAN_POINT ( 'NONE',  ( -0.5010756907753655121, -0.08339469686208869637, 0.000000000000000000 ) ) ;
#4002 = CARTESIAN_POINT ( 'NONE',  ( -0.7943356819549839409, 0.2149288927006882954, 0.000000000000000000 ) ) ;
#4003 = CARTESIAN_POINT ( 'NONE',  ( -0.5782581726075478601, 0.5872293092107694346, 0.3332838527124498129 ) ) ;
#4004 = CARTESIAN_POINT ( 'NONE',  ( -0.8111338118373041528, -0.1375563665433262306, 0.5000000000000000000 ) ) ;
#4005 = CARTESIAN_POINT ( 'NONE',  ( -0.4361480216113098884, 0.5790055448678838035, 0.000000000000000000 ) ) ;
#4006 = CARTESIAN_POINT ( 'NONE',  ( -0.4242943220819354044, -0.5473993232088898431, 0.000000000000000000 ) ) ;
#4007 = AXIS2_PLACEMENT_3D ( 'NONE', #1056, #7753, #1723 ) ;
#4008 = ORIENTED_EDGE ( 'NONE', *, *, #5513, .T. ) ;
#4009 = FACE_OUTER_BOUND ( 'NONE', #2722, .T. ) ;
#4010 = CARTESIAN_POINT ( 'NONE',  ( 0.4079458186982085066, 0.1338771667508413254, 0.000000000000000000 ) ) ;
#4011 = CYLINDRICAL_SURFACE ( 'NONE', #2094, 0.009999999999999993269 ) ;
#4012 = DIRECTION ( 'NONE',  ( 1.000000000000000000, 0.000000000000000000, 0.000000000000000000 ) ) ;
#4013 = AXIS2_PLACEMENT_3D ( 'NONE', #8616, #2668, #5352 ) ;
#4014 = CARTESIAN_POINT ( 'NONE',  ( 0.3030529474789508959, -0.3016818953842358986, 0.4999999999999951705 ) ) ;
#4015 = CARTESIAN_POINT ( 'NONE',  ( -0.3061719368118151485, -0.7348556127501784108, 0.4999999999999999445 ) ) ;
#4016 = DIRECTION ( 'NONE',  ( -0.9625296743338386252, -0.2711763743890581724, 0.000000000000000000 ) ) ;
#4017 = CARTESIAN_POINT ( 'NONE',  ( -0.4182147464803140369, -0.1208687529242486736, -0.000000000000000000 ) ) ;
#4018 = CARTESIAN_POINT ( 'NONE',  ( -0.2873244728412361337, -0.7525650498729811178, 0.4905613818148976679 ) ) ;
#4019 = EDGE_CURVE ( 'NONE', #5220, #6072, #5992, .T. ) ;
#4020 = ORIENTED_EDGE ( 'NONE', *, *, #7284, .F. ) ;
#4021 = CIRCLE ( 'NONE', #3326, 0.009999999999999995004 ) ;
#4022 = CARTESIAN_POINT ( 'NONE',  ( -0.07422613817141909820, 0.4136382835073381115, 0.4941086989442872168 ) ) ;
#4023 = CARTESIAN_POINT ( 'NONE',  ( -0.4165231803952074707, -0.1080270099027943603, 0.4904180500256364317 ) ) ;
#4024 = CARTESIAN_POINT ( 'NONE',  ( -0.1574574957422788246, 0.4237917753536267762, 0.5000000000000001110 ) ) ;
#4025 = CARTESIAN_POINT ( 'NONE',  ( 0.4217468447038278390, -0.08976207757012358290, 0.5000000000000001110 ) ) ;
#4026 = CARTESIAN_POINT ( 'NONE',  ( -0.1293639660815464332, -0.4189484293538235926, 0.4999999999999999445 ) ) ;
#4027 = ADVANCED_FACE ( 'NONE', ( #5731 ), #3741, .F. ) ;
#4028 = PRESENTATION_STYLE_ASSIGNMENT (( #1301 ) ) ;
#4029 = CARTESIAN_POINT ( 'NONE',  ( -0.2749652339618199881, -0.6770810009797215701, 0.01049750224473786769 ) ) ;
#4030 = ORIENTED_EDGE ( 'NONE', *, *, #5784, .T. ) ;
#4031 = CARTESIAN_POINT ( 'NONE',  ( -0.2537530661332069171, 0.7688136472593088966, -0.000000000000000000 ) ) ;
#4032 = CARTESIAN_POINT ( 'NONE',  ( -0.2988688624674946670, -0.6793793119831709193, 0.4904669564920933200 ) ) ;
#4033 = CARTESIAN_POINT ( 'NONE',  ( 0.1481679776542701443, -0.4175950594397802029, 0.5000000000000001110 ) ) ;
#4034 =( BOUNDED_SURFACE ( )  B_SPLINE_SURFACE ( 3, 2, ( 
 ( #641, #4114, #5397 ),
 ( #8170, #3337, #6023 ),
 ( #2128, #8009, #8089 ),
 ( #5357, #2672, #1428 ) ),
 .UNSPECIFIED., .F., .F., .F. ) 
 B_SPLINE_SURFACE_WITH_KNOTS ( ( 4, 4 ),
 ( 3, 3 ),
 ( 0.01979716286801407391, 0.03216910638057764865 ),
 ( 0.000000000000000000, 1.000000000000000000 ),
 .UNSPECIFIED. ) 
 GEOMETRIC_REPRESENTATION_ITEM ( )  RATIONAL_B_SPLINE_SURFACE ( (
 ( 1.000000000000000000, 0.8185296408697567694, 1.000000000000000000),
 ( 1.000000000000000000, 0.8207248282202063150, 1.000000000000000000),
 ( 1.000000000000000000, 0.8228396131667771174, 1.000000000000000000),
 ( 1.000000000000000000, 0.8248823227260293489, 1.000000000000000000) ) ) 
 REPRESENTATION_ITEM ( '' )  SURFACE ( )  );
#4035 = CARTESIAN_POINT ( 'NONE',  ( -0.3324124951561732155, -0.2682434064827273756, 0.000000000000000000 ) ) ;
#4036 = CARTESIAN_POINT ( 'NONE',  ( 0.4432541242417742389, -0.5712561514632678028, -5.717170108529787063E-15 ) ) ;
#4037 = CIRCLE ( 'NONE', #5309, 0.01000000000000000888 ) ;
#4038 = CARTESIAN_POINT ( 'NONE',  ( 0.3403036930719479103, -0.2745389866037532545, 0.007463728475605220340 ) ) ;
#4039 = EDGE_CURVE ( 'NONE', #1303, #8217, #8733, .T. ) ;
#4040 = CARTESIAN_POINT ( 'NONE',  ( 0.5487800373926139397, -0.6268664299430187770, 0.5000000000000001110 ) ) ;
#4041 = ORIENTED_EDGE ( 'NONE', *, *, #2703, .T. ) ;
#4042 = EDGE_LOOP ( 'NONE', ( #649, #2946, #5620, #5976, #1171, #26 ) ) ;
#4043 = EDGE_LOOP ( 'NONE', ( #3628, #2102, #2620, #3711, #7870, #3480, #951, #418 ) ) ;
#4044 = ORIENTED_EDGE ( 'NONE', *, *, #259, .F. ) ;
#4045 = AXIS2_PLACEMENT_3D ( 'NONE', #368, #5705, #4513 ) ;
#4046 = CARTESIAN_POINT ( 'NONE',  ( -0.4365214163486969556, 0.1168639352718179453, 0.01042152950794364950 ) ) ;
#4047 = DIRECTION ( 'NONE',  ( 1.000000000000000000, 0.000000000000000000, 0.000000000000000000 ) ) ;
#4048 = CARTESIAN_POINT ( 'NONE',  ( 0.2596302743531118673, 0.7624434349258283339, 0.000000000000000000 ) ) ;
#4049 = DIRECTION ( 'NONE',  ( 1.000000000000000000, 3.552713678800500929E-15, 0.000000000000000000 ) ) ;
#4050 = CARTESIAN_POINT ( 'NONE',  ( -0.7920226469531952418, 0.2231389177517645039, 0.000000000000000000 ) ) ;
#4051 = CARTESIAN_POINT ( 'NONE',  ( -0.4288574301066838124, -0.1235119288620132455, 0.01041668432707556179 ) ) ;
#4052 = CARTESIAN_POINT ( 'NONE',  ( -0.8093900474746763551, -0.1706123525050497469, 0.5000000000000000000 ) ) ;
#4053 = CARTESIAN_POINT ( 'NONE',  ( -0.5362199405710722511, 0.5945277189458587630, 0.01053710018373517528 ) ) ;
#4054 = CARTESIAN_POINT ( 'NONE',  ( -0.4424655075257812875, -0.5724147147704886640, 0.01047778377301296013 ) ) ;
#4055 = ADVANCED_FACE ( 'NONE', ( #8470 ), #5468, .F. ) ;
#4056 = CIRCLE ( 'NONE', #224, 0.01000000000000006092 ) ;
#4057 = CIRCLE ( 'NONE', #226, 0.8296233642237538231 ) ;
#4058 = ORIENTED_EDGE ( 'NONE', *, *, #5686, .F. ) ;
#4059 = CARTESIAN_POINT ( 'NONE',  ( 0.08758531929796095628, 0.4302627747078433540, 0.01039148504638501974 ) ) ;
#4060 = CIRCLE ( 'NONE', #8713, 0.4271446968620944973 ) ;
#4061 = LINE ( 'NONE', #29, #5273 ) ;
#4062 = CARTESIAN_POINT ( 'NONE',  ( 0.06764588407316202145, 0.4318728915606565577, 0.01034899496703158527 ) ) ;
#4063 = LINE ( 'NONE', #4769, #251 ) ;
#4064 = CARTESIAN_POINT ( 'NONE',  ( 0.06764588407316202145, 0.4318728915606565577, 0.01034899496703158527 ) ) ;
#4065 = CARTESIAN_POINT ( 'NONE',  ( -0.4159003414491808659, 0.5870950669022368951, 0.5000000000000000000 ) ) ;
#4066 = CIRCLE ( 'NONE', #3623, 0.01000000000000000021 ) ;
#4067 = ORIENTED_EDGE ( 'NONE', *, *, #129, .T. ) ;
#4068 = CARTESIAN_POINT ( 'NONE',  ( 0.05770563474368967105, -0.03331636375302835656, 0.4899999999999999911 ) ) ;
#4069 = CARTESIAN_POINT ( 'NONE',  ( -0.3951155369924808647, -0.1425376820703235792, 0.4999999999999999445 ) ) ;
#4070 = FACE_BOUND ( 'NONE', #8634, .T. ) ;
#4071 = TOROIDAL_SURFACE ( 'NONE', #6595, 0.8228553031379056693, 0.01000000000000000021 ) ;
#4072 = CARTESIAN_POINT ( 'NONE',  ( 0.4195912086905309590, 0.5599638981370304025, -0.000000000000000000 ) ) ;
#4073 = FACE_OUTER_BOUND ( 'NONE', #4864, .T. ) ;
#4074 = CARTESIAN_POINT ( 'NONE',  ( 0.3018428197124075618, -0.7021245921428381775, 0.4999999999999999445 ) ) ;
#4075 = ORIENTED_EDGE ( 'NONE', *, *, #3234, .T. ) ;
#4076 = CARTESIAN_POINT ( 'NONE',  ( -0.2802438665871558321, 0.7259905215779850485, -0.000000000000000000 ) ) ;
#4077 = EDGE_CURVE ( 'NONE', #7068, #4563, #956, .T. ) ;
#4078 = CARTESIAN_POINT ( 'NONE',  ( -0.3037846486585111250, -0.6613284338677875018, 0.5000000000000000000 ) ) ;
#4079 = CARTESIAN_POINT ( 'NONE',  ( 0.1278089861406474237, -0.4081259130802019075, 0.5000000000000000000 ) ) ;
#4080 = CARTESIAN_POINT ( 'NONE',  ( -0.2151133875660820871, -0.7830933153397349189, 0.01041708390066037847 ) ) ;
#4081 = CARTESIAN_POINT ( 'NONE',  ( 0.4616340690288723292, -0.5851374406759776159, 0.01053680569702431999 ) ) ;
#4082 = DIRECTION ( 'NONE',  ( -0.4999999999999999445, -0.8660254037844387076, 0.000000000000000000 ) ) ;
#4083 = CARTESIAN_POINT ( 'NONE',  ( 0.5766864830596231117, 0.5729210344634397822, 0.01038462188171236471 ) ) ;
#4084 = EDGE_LOOP ( 'NONE', ( #8275, #5447, #8058, #5445 ) ) ;
#4085 = VERTEX_POINT ( 'NONE', #7320 ) ;
#4086 = ORIENTED_EDGE ( 'NONE', *, *, #1005, .T. ) ;
#4087 = ORIENTED_EDGE ( 'NONE', *, *, #7504, .T. ) ;
#4088 = CARTESIAN_POINT ( 'NONE',  ( 0.2567145220842621534, 0.7858565623105145947, 0.4904714806062671628 ) ) ;
#4089 = FACE_OUTER_BOUND ( 'NONE', #8180, .T. ) ;
#4090 = ADVANCED_FACE ( 'NONE', ( #1956 ), #4654, .T. ) ;
#4091 = CARTESIAN_POINT ( 'NONE',  ( -0.1783601429567440444, 0.4621821011988322958, 0.4903489949670249426 ) ) ;
#4092 = CARTESIAN_POINT ( 'NONE',  ( 0.4894415122910309446, -0.07662663577625201949, 0.4903489949670249426 ) ) ;
#4093 = CARTESIAN_POINT ( 'NONE',  ( 0.2622275360085942753, 0.6409686257750367711, 0.01034899496702867787 ) ) ;
#4094 = CARTESIAN_POINT ( 'NONE',  ( 0.3113498623824776379, 0.7020224626965521075, 0.5000000000000001110 ) ) ;
#4095 = CARTESIAN_POINT ( 'NONE',  ( 0.4183158703686739033, -0.1207561858113223446, 0.000000000000000000 ) ) ;
#4096 = CARTESIAN_POINT ( 'NONE',  ( 0.7426865999880061242, 0.09861436730283762442, 0.000000000000000000 ) ) ;
#4097 = ORIENTED_EDGE ( 'NONE', *, *, #1345, .T. ) ;
#4098 = B_SPLINE_CURVE_WITH_KNOTS ( 'NONE', 3,
 ( #8324, #4969, #7652, #6992, #960, #3646, #291, #5237, #5906, #3874, #7932, #1279, #8551, #8595, #1138, #7786, #5197, #6561 ),
 .UNSPECIFIED., .F., .F.,
 ( 4, 2, 2, 2, 2, 2, 2, 2, 4 ),
 ( 8.673617379884035472E-19, 0.0005890685110653360928, 0.001178137022130671318, 0.001767205533196006435, 0.002356274044261341769, 0.002945342555326677103, 0.003534411066392012003, 0.004123479577457347771, 0.004712548088522682671 ),
 .UNSPECIFIED. ) ;
#4099 = CYLINDRICAL_SURFACE ( 'NONE', #7948, 0.009999999999999998473 ) ;
#4100 = CARTESIAN_POINT ( 'NONE',  ( -0.07417598251892622285, -0.4137806659619437388, 0.4903489949670249426 ) ) ;
#4101 = CARTESIAN_POINT ( 'NONE',  ( 0.1727875113407491559, 0.4660661425471773200, 0.000000000000000000 ) ) ;
#4102 = EDGE_CURVE ( 'NONE', #6983, #603, #8429, .T. ) ;
#4103 = ADVANCED_FACE ( 'NONE', ( #1194 ), #7866, .T. ) ;
#4104 = CARTESIAN_POINT ( 'NONE',  ( 0.07157618833626300248, -0.4211043719705097055, 0.2966765156263425074 ) ) ;
#4105 = CARTESIAN_POINT ( 'NONE',  ( -0.2999743171789864826, -0.7502290296675746539, 0.5000000000000001110 ) ) ;
#4106 = DIRECTION ( 'NONE',  ( -6.829619984160661399E-15, 1.000000000000000000, 0.000000000000000000 ) ) ;
#4107 = CARTESIAN_POINT ( 'NONE',  ( -0.4853458722103887180, 0.6233242942297264610, 0.5000000000000000000 ) ) ;
#4108 = ORIENTED_EDGE ( 'NONE', *, *, #526, .F. ) ;
#4109 = CARTESIAN_POINT ( 'NONE',  ( 0.2003031600502250542, 0.7877895581393045132, 0.009999999999999998473 ) ) ;
#4110 = CARTESIAN_POINT ( 'NONE',  ( -0.2313852965306353038, -0.8071047074696074963, 0.5000000000000000000 ) ) ;
#4111 = CARTESIAN_POINT ( 'NONE',  ( -0.3087740518586349348, -0.3233653315872183631, -0.000000000000000000 ) ) ;
#4112 = CARTESIAN_POINT ( 'NONE',  ( 0.4247240424361045652, 0.5668508630810148441, -0.000000000000000000 ) ) ;
#4113 = DIRECTION ( 'NONE',  ( -0.8660254037844423713, -0.4999999999999936717, 0.000000000000000000 ) ) ;
#4114 = CARTESIAN_POINT ( 'NONE',  ( -0.2758928512894825991, -0.3247496900807126941, 0.4923896967737306785 ) ) ;
#4115 = CARTESIAN_POINT ( 'NONE',  ( -0.1439767233791603152, 0.08312499999999845013, 0.5000000000000000000 ) ) ;
#4116 = CARTESIAN_POINT ( 'NONE',  ( 0.1743684968332454843, -0.4386913484509185612, 0.5000000000000000000 ) ) ;
#4117 = CARTESIAN_POINT ( 'NONE',  ( -0.2759268973783033374, -0.6923529167318593913, 0.01053680002881214085 ) ) ;
#4118 = DIRECTION ( 'NONE',  ( 0.5000000000000095479, 0.8660254037844330455, 1.735777005508474435E-18 ) ) ;
#4119 = CARTESIAN_POINT ( 'NONE',  ( 0.000000000000000000, 0.000000000000000000, 0.01000000000000000021 ) ) ;
#4120 = EDGE_CURVE ( 'NONE', #2148, #6540, #7637, .T. ) ;
#4121 = ORIENTED_EDGE ( 'NONE', *, *, #2001, .T. ) ;
#4122 = VERTEX_POINT ( 'NONE', #8033 ) ;
#4123 = ORIENTED_EDGE ( 'NONE', *, *, #104, .T. ) ;
#4124 = ORIENTED_EDGE ( 'NONE', *, *, #5418, .T. ) ;
#4125 = DIRECTION ( 'NONE',  ( 0.8660254037844330455, -0.5000000000000098810, 0.000000000000000000 ) ) ;
#4126 = CARTESIAN_POINT ( 'NONE',  ( 0.1493532096854753854, 0.4426988761738206990, -0.000000000000000000 ) ) ;
#4127 = FACE_OUTER_BOUND ( 'NONE', #373, .T. ) ;
#4128 = CARTESIAN_POINT ( 'NONE',  ( 0.5519668266017048186, 0.6143999717988153364, 0.4904669220042781608 ) ) ;
#4129 = CARTESIAN_POINT ( 'NONE',  ( -0.07757689552888073770, 0.4303165099546870098, 0.01037303490638184084 ) ) ;
#4130 = CARTESIAN_POINT ( 'NONE',  ( 0.3985118519898038780, -0.1537559620992539899, 0.000000000000000000 ) ) ;
#4131 = CARTESIAN_POINT ( 'NONE',  ( 0.7704958451027323907, 0.1390119297997260972, 0.01057748732869946001 ) ) ;
#4132 = EDGE_CURVE ( 'NONE', #5665, #2082, #6753, .T. ) ;
#4133 = ORIENTED_EDGE ( 'NONE', *, *, #7469, .T. ) ;
#4134 = AXIS2_PLACEMENT_3D ( 'NONE', #2464, #378, #8414 ) ;
#4135 = CARTESIAN_POINT ( 'NONE',  ( 0.4808905559391405959, 0.09493881745976849584, 0.01039185439229418223 ) ) ;
#4136 = CARTESIAN_POINT ( 'NONE',  ( 0.2981379996552179223, -0.3215066956378300755, 0.5000000000000000000 ) ) ;
#4137 = CARTESIAN_POINT ( 'NONE',  ( 0.2736749683164665381, -0.7415275029765119319, 0.000000000000000000 ) ) ;
#4138 = TOROIDAL_SURFACE ( 'NONE', #175, 0.4271446968620944973, 0.01000000000000000021 ) ;
#4139 = CARTESIAN_POINT ( 'NONE',  ( -0.2098269437043299712, 0.7911352736424119847, 0.1701881930209811766 ) ) ;
#4140 = CARTESIAN_POINT ( 'NONE',  ( -0.5306148702389855698, 0.6227904869383383835, 0.5000000000000000000 ) ) ;
#4141 = EDGE_CURVE ( 'NONE', #3120, #2456, #6091, .T. ) ;
#4142 = CARTESIAN_POINT ( 'NONE',  ( -0.4894415122910329985, -0.07662663577624088951, 0.4903489949670250536 ) ) ;
#4143 = CIRCLE ( 'NONE', #4007, 0.01000000000000001409 ) ;
#4144 = CARTESIAN_POINT ( 'NONE',  ( 0.7806750706478331470, 0.1597296150146752247, 0.01055217792421046970 ) ) ;
#4145 = CARTESIAN_POINT ( 'NONE',  ( -0.4286584041152626257, 0.5874893135626211293, 0.4904133102372345565 ) ) ;
#4146 = CARTESIAN_POINT ( 'NONE',  ( 0.000000000000000000, 0.000000000000000000, 0.000000000000000000 ) ) ;
#4147 = CARTESIAN_POINT ( 'NONE',  ( 0.4457431912422880060, -0.07553369634772021113, 0.5000000000000001110 ) ) ;
#4148 = CARTESIAN_POINT ( 'NONE',  ( 0.4568757975804916827, 0.5939568660218544904, 0.000000000000000000 ) ) ;
#4149 = CIRCLE ( 'NONE', #8671, 0.9828766357762465100 ) ;
#4150 = ADVANCED_FACE ( 'NONE', ( #1454 ), #6007, .T. ) ;
#4151 = CARTESIAN_POINT ( 'NONE',  ( 0.000000000000000000, 0.000000000000000000, 0.000000000000000000 ) ) ;
#4152 = FACE_OUTER_BOUND ( 'NONE', #7442, .T. ) ;
#4153 = CARTESIAN_POINT ( 'NONE',  ( 0.1870151214018206109, -0.4571851470637369741, 0.5000000000000000000 ) ) ;
#4154 = CARTESIAN_POINT ( 'NONE',  ( 0.5820985525111261882, 0.5673666560794164981, 0.01034899496702894675 ) ) ;
#4155 = CARTESIAN_POINT ( 'NONE',  ( 0.5487668238413951904, 0.6268643136269520522, 0.5000000000000000000 ) ) ;
#4156 = CARTESIAN_POINT ( 'NONE',  ( 0.5053441710223317562, 0.6077732264726805056, 0.000000000000000000 ) ) ;
#4157 = VERTEX_POINT ( 'NONE', #2825 ) ;
#4158 = ORIENTED_EDGE ( 'NONE', *, *, #646, .T. ) ;
#4159 = ORIENTED_EDGE ( 'NONE', *, *, #4379, .F. ) ;
#4160 = CARTESIAN_POINT ( 'NONE',  ( 0.2966304122165752122, 0.7318214146058663605, 0.4905662334674584790 ) ) ;
#4161 = FACE_OUTER_BOUND ( 'NONE', #2550, .T. ) ;
#4162 = CARTESIAN_POINT ( 'NONE',  ( -0.2708825144536549101, 0.6359716716399447245, 0.000000000000000000 ) ) ;
#4163 = AXIS2_PLACEMENT_3D ( 'NONE', #2833, #5511, #8205 ) ;
#4164 = CARTESIAN_POINT ( 'NONE',  ( -0.4173519017617368099, 0.09337712772927046767, 0.5000000000000000000 ) ) ;
#4165 = CARTESIAN_POINT ( 'NONE',  ( -0.1308093304555726089, 0.4426371477629997830, 0.01042308825612714256 ) ) ;
#4166 = CARTESIAN_POINT ( 'NONE',  ( 0.7708057805371713034, -0.08593589805340723364, 0.5000000000000001110 ) ) ;
#4167 = ORIENTED_EDGE ( 'NONE', *, *, #5628, .T. ) ;
#4168 = ORIENTED_EDGE ( 'NONE', *, *, #3057, .T. ) ;
#4169 = AXIS2_PLACEMENT_3D ( 'NONE', #5353, #6631, #5 ) ;
#4170 = VERTEX_POINT ( 'NONE', #6834 ) ;
#4171 = CARTESIAN_POINT ( 'NONE',  ( -0.2962942585325518130, -0.6464621647814221550, 0.5000000000000000000 ) ) ;
#4172 = CARTESIAN_POINT ( 'NONE',  ( 0.4894415122910331650, 0.07662663577624070910, 0.4903489949670244985 ) ) ;
#4173 = EDGE_CURVE ( 'NONE', #3314, #7430, #505, .T. ) ;
#4174 = DIRECTION ( 'NONE',  ( 0.000000000000000000, 0.000000000000000000, 1.000000000000000000 ) ) ;
#4175 = CARTESIAN_POINT ( 'NONE',  ( 0.4239813449456981131, 0.5475800206427483552, 0.01034899496702500546 ) ) ;
#4176 = AXIS2_PLACEMENT_3D ( 'NONE', #6269, #219, #8303 ) ;
#4177 = CARTESIAN_POINT ( 'NONE',  ( -0.2985174233375226804, -0.3217460219424638779, 0.4904263678629613987 ) ) ;
#4178 = ORIENTED_EDGE ( 'NONE', *, *, #3252, .T. ) ;
#4179 = VECTOR ( 'NONE', #8672, 39.37007874015748143 ) ;
#4180 = CARTESIAN_POINT ( 'NONE',  ( 0.3172053616758945815, 0.3826264086504436723, 0.000000000000000000 ) ) ;
#4181 = CARTESIAN_POINT ( 'NONE',  ( 0.2752091497306543566, -0.6463838291629064869, 0.2547538490329981919 ) ) ;
#4182 = EDGE_CURVE ( 'NONE', #3839, #8101, #6049, .T. ) ;
#4183 = CARTESIAN_POINT ( 'NONE',  ( -0.3217245145073608925, -0.3098638358303194562, 0.01041521630865950912 ) ) ;
#4184 = CARTESIAN_POINT ( 'NONE',  ( 0.4309315420704699084, -0.08332397502221609853, 0.4999999999999999445 ) ) ;
#4185 = CARTESIAN_POINT ( 'NONE',  ( -0.1439767233791603152, 0.08312499999999845013, 0.01000000000000000021 ) ) ;
#4186 = CARTESIAN_POINT ( 'NONE',  ( 0.2338519752027255483, -0.7846065326046332000, 0.000000000000000000 ) ) ;
#4187 = CARTESIAN_POINT ( 'NONE',  ( -0.2959363269397472518, -0.7576725706285029061, 0.5000000000000000000 ) ) ;
#4188 = ADVANCED_FACE ( 'NONE', ( #2119 ), #5541, .F. ) ;
#4189 = CARTESIAN_POINT ( 'NONE',  ( 0.5081955304450751498, -0.6351246623467310393, 0.5000000000000000000 ) ) ;
#4190 = CARTESIAN_POINT ( 'NONE',  ( -0.4165477655175682248, 0.1390797378980200005, 0.01039185735669843208 ) ) ;
#4191 = DIRECTION ( 'NONE',  ( -1.000000000000000000, 0.000000000000000000, 0.000000000000000000 ) ) ;
#4192 = CARTESIAN_POINT ( 'NONE',  ( 0.5706685437985179465, 0.6148029644642832858, 0.5000000000000000000 ) ) ;
#4193 = CARTESIAN_POINT ( 'NONE',  ( 0.2708825144536554652, -0.6359716716399463898, 0.000000000000000000 ) ) ;
#4194 = ORIENTED_EDGE ( 'NONE', *, *, #2831, .T. ) ;
#4195 = VERTEX_POINT ( 'NONE', #6176 ) ;
#4196 =( BOUNDED_SURFACE ( )  B_SPLINE_SURFACE ( 3, 2, ( 
 ( #6530, #1333, #3187 ),
 ( #4494, #3237, #1868 ),
 ( #8655, #5917, #6621 ),
 ( #2529, #8077, #625 ) ),
 .UNSPECIFIED., .F., .F., .F. ) 
 B_SPLINE_SURFACE_WITH_KNOTS ( ( 4, 4 ),
 ( 3, 3 ),
 ( 0.01979716286801407391, 0.03216910638057764865 ),
 ( 0.000000000000000000, 1.000000000000000000 ),
 .UNSPECIFIED. ) 
 GEOMETRIC_REPRESENTATION_ITEM ( )  RATIONAL_B_SPLINE_SURFACE ( (
 ( 1.000000000000000000, 0.8185296408697565473, 1.000000000000000000),
 ( 1.000000000000000000, 0.8207248282202070921, 1.000000000000000000),
 ( 1.000000000000000000, 0.8228396131667765623, 1.000000000000000000),
 ( 1.000000000000000000, 0.8248823227260290158, 1.000000000000000000) ) ) 
 REPRESENTATION_ITEM ( '' )  SURFACE ( )  );
#4197 = ORIENTED_EDGE ( 'NONE', *, *, #8386, .T. ) ;
#4198 = DIRECTION ( 'NONE',  ( 0.8660254037844327124, -0.5000000000000103251, 0.000000000000000000 ) ) ;
#4199 = CARTESIAN_POINT ( 'NONE',  ( 0.3018370180322889063, 0.7019668254077526814, 0.5000000000000000000 ) ) ;
#4200 = CARTESIAN_POINT ( 'NONE',  ( -0.2989241518634218053, 0.3520642397271884771, 0.4904132026006208234 ) ) ;
#4201 = CARTESIAN_POINT ( 'NONE',  ( 0.2687382091475459256, 0.6548846405359350920, 0.000000000000000000 ) ) ;
#4202 = CARTESIAN_POINT ( 'NONE',  ( 0.4447625715123891266, 0.6035192094437858978, 0.4904903549898803061 ) ) ;
#4203 = CARTESIAN_POINT ( 'NONE',  ( -0.1470632954554367822, 0.4541976289863973726, 3.592777545087470105E-15 ) ) ;
#4204 = FILL_AREA_STYLE ('',( #5662 ) ) ;
#4205 = CARTESIAN_POINT ( 'NONE',  ( 0.7966822951855787593, 0.2065996824442340174, 0.000000000000000000 ) ) ;
#4206 = ORIENTED_EDGE ( 'NONE', *, *, #5066, .T. ) ;
#4207 = ORIENTED_EDGE ( 'NONE', *, *, #2488, .F. ) ;
#4208 = CARTESIAN_POINT ( 'NONE',  ( 0.09021097956088187930, -0.1562500000000009992, 0.01000000000000002970 ) ) ;
#4209 = ORIENTED_EDGE ( 'NONE', *, *, #2962, .T. ) ;
#4210 = CARTESIAN_POINT ( 'NONE',  ( -0.5892552948225884268, 0.5743422737582007942, 0.01000000000000000021 ) ) ;
#4211 = DIRECTION ( 'NONE',  ( -0.1764512492040535008, 0.9843093805579266053, 0.000000000000000000 ) ) ;
#4212 = DIRECTION ( 'NONE',  ( -0.6279918923337292069, -0.7782198809867952871, -1.294619786826293618E-15 ) ) ;
#4213 = CARTESIAN_POINT ( 'NONE',  ( -0.4567458472686115600, 0.5938782789681558150, -0.000000000000000000 ) ) ;
#4214 = DIRECTION ( 'NONE',  ( -0.000000000000000000, -0.000000000000000000, -1.000000000000000000 ) ) ;
#4215 = CARTESIAN_POINT ( 'NONE',  ( -0.1696609409191247031, 0.4806385799964465466, 0.01034899496703166506 ) ) ;
#4216 = ADVANCED_FACE ( 'NONE', ( #1332 ), #4071, .T. ) ;
#4217 = CARTESIAN_POINT ( 'NONE',  ( -0.3898712956324130174, -0.1286171935066543481, 0.4999999999999999445 ) ) ;
#4218 = CARTESIAN_POINT ( 'NONE',  ( 0.3121034827522963240, 0.3071228010666372521, 0.000000000000000000 ) ) ;
#4219 = CARTESIAN_POINT ( 'NONE',  ( 0.8052147009945236356, -0.2005310207829156532, 0.4956723019460249624 ) ) ;
#4220 = CARTESIAN_POINT ( 'NONE',  ( -0.5013235550595662726, 0.08339469686209992350, 0.000000000000000000 ) ) ;
#4221 = CARTESIAN_POINT ( 'NONE',  ( -0.2027673521306248006, -0.7974811915099506709, 0.000000000000000000 ) ) ;
#4222 = DIRECTION ( 'NONE',  ( 0.9625296743338233041, -0.2711763743891123513, 0.000000000000000000 ) ) ;
#4223 = EDGE_CURVE ( 'NONE', #1708, #3839, #4063, .T. ) ;
#4224 = CARTESIAN_POINT ( 'NONE',  ( 0.8086951142741016785, 0.1858169682708937231, 0.4904175297013467771 ) ) ;
#4225 = CARTESIAN_POINT ( 'NONE',  ( 0.2729415932055271332, -0.7153021671594980146, 0.01057232532173324469 ) ) ;
#4226 = DIRECTION ( 'NONE',  ( 0.8660254037844774544, 0.4999999999999327760, 0.000000000000000000 ) ) ;
#4227 = CARTESIAN_POINT ( 'NONE',  ( 0.5773034566906286580, -0.5920039701158537060, 0.4118156074920727439 ) ) ;
#4228 = CARTESIAN_POINT ( 'NONE',  ( -0.4025106079064789677, -0.1433918012433333944, 0.000000000000000000 ) ) ;
#4229 = LINE ( 'NONE', #2221, #5021 ) ;
#4230 = CARTESIAN_POINT ( 'NONE',  ( -0.8238363753278213908, 0.08805335806702725698, 0.1631304812544190352 ) ) ;
#4231 = CARTESIAN_POINT ( 'NONE',  ( 0.5704695309312945994, 0.5774070810228262296, -6.552618914259005365E-15 ) ) ;
#4232 = EDGE_CURVE ( 'NONE', #529, #7165, #395, .T. ) ;
#4233 = ORIENTED_EDGE ( 'NONE', *, *, #5645, .T. ) ;
#4234 = EDGE_CURVE ( 'NONE', #8306, #3554, #5338, .T. ) ;
#4235 = ORIENTED_EDGE ( 'NONE', *, *, #8139, .T. ) ;
#4236 = ORIENTED_EDGE ( 'NONE', *, *, #7643, .T. ) ;
#4237 = CARTESIAN_POINT ( 'NONE',  ( -0.4092799118693545846, 0.1011253064739560392, 0.5000000000000001110 ) ) ;
#4238 = CARTESIAN_POINT ( 'NONE',  ( 0.3004890716493109903, 0.6537277945886981190, 0.5000000000000000000 ) ) ;
#4239 = CARTESIAN_POINT ( 'NONE',  ( -0.2978167754704095227, 0.3470907114036471675, 0.5000000000000000000 ) ) ;
#4240 = CARTESIAN_POINT ( 'NONE',  ( 0.4435080312924047363, -0.09950788504360776054, 0.000000000000000000 ) ) ;
#4241 = CARTESIAN_POINT ( 'NONE',  ( -0.4039136987338036167, 0.1238709564695363308, 0.4903936949262455713 ) ) ;
#4242 = CARTESIAN_POINT ( 'NONE',  ( -0.1305986698367034016, 0.4430256451050277322, -4.466879094610900557E-15 ) ) ;
#4243 =( NAMED_UNIT ( * ) SI_UNIT ( $, .STERADIAN. ) SOLID_ANGLE_UNIT ( ) );
#4244 = CARTESIAN_POINT ( 'NONE',  ( -0.1735197184035625895, 0.4530755737909981096, 0.4999999999999999445 ) ) ;
#4245 =( BOUNDED_SURFACE ( )  B_SPLINE_SURFACE ( 3, 2, ( 
 ( #171, #6066, #7419 ),
 ( #6846, #806, #1349 ),
 ( #4078, #689, #6882 ),
 ( #5398, #1510, #4032 ),
 ( #2836, #47, #9 ),
 ( #8090, #2715, #4857 ),
 ( #8132, #6726, #1391 ),
 ( #2879, #131, #7541 ),
 ( #3505, #5514, #2217 ),
 ( #4740, #2096, #5556 ),
 ( #4187, #3385, #3462 ),
 ( #92, #7378, #6105 ),
 ( #8250, #6148, #2055 ),
 ( #843, #6770, #729 ),
 ( #3420, #2755, #2798 ),
 ( #5438, #8208, #6187 ) ),
 .UNSPECIFIED., .F., .F., .T. ) 
 B_SPLINE_SURFACE_WITH_KNOTS ( ( 4, 2, 2, 2, 2, 2, 2, 4 ),
 ( 3, 3 ),
 ( 2.157562323246153824E-17, 0.0006302862164564806448, 0.001260572432912939822, 0.001890858649369399000, 0.002521144865825857961, 0.003151431082282316921, 0.003781717298738776316, 0.005042289731651694237 ),
 ( 0.000000000000000000, 1.000000000000000000 ),
 .UNSPECIFIED. ) 
 GEOMETRIC_REPRESENTATION_ITEM ( )  RATIONAL_B_SPLINE_SURFACE ( (
 ( 1.000000000000000000, 0.7193398003386497486, 1.000000000000000000),
 ( 1.000000000000000000, 0.7205203109739052314, 1.000000000000000000),
 ( 1.000000000000000000, 0.7215723838607193130, 1.000000000000000000),
 ( 1.000000000000000000, 0.7234284248571631881, 1.000000000000000000),
 ( 1.000000000000000000, 0.7242364760474390151, 1.000000000000000000),
 ( 1.000000000000000000, 0.7255244946207154433, 1.000000000000000000),
 ( 1.000000000000000000, 0.7260172650832499297, 1.000000000000000000),
 ( 1.000000000000000000, 0.7266858690948487798, 1.000000000000000000),
 ( 1.000000000000000000, 0.7268505164664965656, 1.000000000000000000),
 ( 1.000000000000000000, 0.7268526187167460018, 1.000000000000000000),
 ( 1.000000000000000000, 0.7266837284338760750, 1.000000000000000000),
 ( 1.000000000000000000, 0.7260252910178632835, 1.000000000000000000),
 ( 1.000000000000000000, 0.7255360622059326969, 1.000000000000000000),
 ( 1.000000000000000000, 0.7235853240587345470, 1.000000000000000000),
 ( 1.000000000000000000, 0.7217167785969430538, 1.000000000000000000),
 ( 1.000000000000000000, 0.7193398003386506367, 1.000000000000000000) ) ) 
 REPRESENTATION_ITEM ( '' )  SURFACE ( )  );
#4246 = EDGE_LOOP ( 'NONE', ( #3813, #3301, #2194, #2975 ) ) ;
#4247 = EDGE_CURVE ( 'NONE', #2609, #6599, #2186, .T. ) ;
#4248 = VERTEX_POINT ( 'NONE', #4254 ) ;
#4249 = VERTEX_POINT ( 'NONE', #1626 ) ;
#4250 = DIRECTION ( 'NONE',  ( 0.000000000000000000, 0.000000000000000000, 1.000000000000000000 ) ) ;
#4251 = CARTESIAN_POINT ( 'NONE',  ( 0.7964098963697747724, 0.1895670172407471488, 0.000000000000000000 ) ) ;
#4252 = CARTESIAN_POINT ( 'NONE',  ( 0.4153263665006213246, 0.5525769747778439545, 0.000000000000000000 ) ) ;
#4253 = CARTESIAN_POINT ( 'NONE',  ( 0.06609935683364098757, 0.4219993685819827256, 0.01000000000000064379 ) ) ;
#4254 = CARTESIAN_POINT ( 'NONE',  ( -0.09021097956087610614, -0.1562500000000009992, 0.4899999999999999911 ) ) ;
#4255 = CARTESIAN_POINT ( 'NONE',  ( -0.5765719102549923258, 0.5969916854968988496, 0.4999999999999999445 ) ) ;
#4256 = VECTOR ( 'NONE', #1440, 39.37007874015748143 ) ;
#4257 = B_SPLINE_CURVE_WITH_KNOTS ( 'NONE', 3,
 ( #1869, #8518, #4542, #7323, #7234, #1196, #3238, #1291, #6575, #541, #5918, #3975 ),
 .UNSPECIFIED., .F., .F.,
 ( 4, 2, 2, 2, 2, 4 ),
 ( 1.323970232273443280E-17, 0.0007727098128124581860, 0.001545419625624903145, 0.001931774532031122968, 0.002318129438437343658, 0.003090839251249778100 ),
 .UNSPECIFIED. ) ;
#4258 = CARTESIAN_POINT ( 'NONE',  ( 0.1696609409191240092, -0.4806385799964463246, 0.01034899496702501066 ) ) ;
#4259 = B_SPLINE_CURVE_WITH_KNOTS ( 'NONE', 3,
 ( #2636, #8096, #5937, #1398, #7384, #5895, #2549, #8630, #1264, #3950, #5318, #6640, #3297, #1310, #8013, #4657, #3510, #848 ),
 .UNSPECIFIED., .F., .F.,
 ( 4, 2, 2, 2, 2, 2, 2, 2, 4 ),
 ( 2.195984522899319715E-17, 0.0006380346546931593829, 0.001276069309386296648, 0.001914103964079435106, 0.002552138618772573780, 0.003190173273465712021, 0.003828207928158851130, 0.004466242582851988503, 0.005104277237545127612 ),
 .UNSPECIFIED. ) ;
#4260 = CARTESIAN_POINT ( 'NONE',  ( -0.2880974078990415910, 0.7529237340545836821, 0.4905661903357161346 ) ) ;
#4261 = CARTESIAN_POINT ( 'NONE',  ( -0.4203605064649954537, 0.5748324831402802371, 0.4903489949670249426 ) ) ;
#4262 = B_SPLINE_CURVE_WITH_KNOTS ( 'NONE', 3,
 ( #7704, #8506, #6427, #3827 ),
 .UNSPECIFIED., .F., .F.,
 ( 4, 4 ),
 ( 0.0002453586450613538241, 0.01244836874683117808 ),
 .UNSPECIFIED. ) ;
#4263 = CARTESIAN_POINT ( 'NONE',  ( 0.8298586720843900144, -0.08236325115306998568, 0.3260738240583900827 ) ) ;
#4264 = CARTESIAN_POINT ( 'NONE',  ( 0.3287610865805474236, -0.2725080778417977578, 0.3001607736890145040 ) ) ;
#4265 = CARTESIAN_POINT ( 'NONE',  ( 0.000000000000000000, 0.000000000000000000, 0.01000000000000000021 ) ) ;
#4266 = CARTESIAN_POINT ( 'NONE',  ( -0.7901662921548511243, -0.2137311679064757275, 0.1732836465128083647 ) ) ;
#4267 = AXIS2_PLACEMENT_3D ( 'NONE', #2208, #4307, #2388 ) ;
#4268 = CARTESIAN_POINT ( 'NONE',  ( 0.8046598180433580660, 0.1481307137835797538, 0.5000000000000000000 ) ) ;
#4269 = CARTESIAN_POINT ( 'NONE',  ( 0.2700418544510543861, -0.6544984076236119996, 0.01042079636764179154 ) ) ;
#4270 = CARTESIAN_POINT ( 'NONE',  ( -0.7954023533044315419, 0.1274372862622489833, 0.4905614323235328311 ) ) ;
#4271 = CARTESIAN_POINT ( 'NONE',  ( 0.4238610177736494844, -0.5816351924122036277, 0.4999999999999999445 ) ) ;
#4272 = CARTESIAN_POINT ( 'NONE',  ( 0.2890564537641518994, -0.3537123382753930012, 0.5000000000000000000 ) ) ;
#4273 = AXIS2_PLACEMENT_3D ( 'NONE', #4146, #6839, #6183 ) ;
#4274 = EDGE_CURVE ( 'NONE', #7431, #1080, #1651, .T. ) ;
#4275 = CARTESIAN_POINT ( 'NONE',  ( -0.8298586720852635379, 0.08236325115319283185, 0.3260738240583623826 ) ) ;
#4276 = CARTESIAN_POINT ( 'NONE',  ( -0.2359645131159604503, 0.7953966536858235736, 0.4903829671321505712 ) ) ;
#4277 = ORIENTED_EDGE ( 'NONE', *, *, #2703, .F. ) ;
#4278 = ORIENTED_EDGE ( 'NONE', *, *, #3161, .T. ) ;
#4279 = DIRECTION ( 'NONE',  ( 0.000000000000000000, 0.000000000000000000, 1.000000000000000000 ) ) ;
#4280 = ORIENTED_EDGE ( 'NONE', *, *, #4570, .F. ) ;
#4281 = CARTESIAN_POINT ( 'NONE',  ( -0.3956628394032781215, 0.1189223796427304608, 0.4999999999999998335 ) ) ;
#4282 = CARTESIAN_POINT ( 'NONE',  ( -0.3087740518921669453, -0.3233653315866341638, 0.000000000000000000 ) ) ;
#4283 = CARTESIAN_POINT ( 'NONE',  ( -0.2922374109530145314, 0.3038184603255345007, 0.5000000000000000000 ) ) ;
#4284 = DIRECTION ( 'NONE',  ( 0.000000000000000000, 0.000000000000000000, 1.000000000000000000 ) ) ;
#4285 = EDGE_CURVE ( 'NONE', #1708, #1849, #675, .T. ) ;
#4286 = CARTESIAN_POINT ( 'NONE',  ( -0.07761333486748549226, 0.4307027134314068140, 9.972793594401548255E-15 ) ) ;
#4287 = CARTESIAN_POINT ( 'NONE',  ( -0.5010756907753638467, 0.08339469686209992350, 0.01000000000000000021 ) ) ;
#4288 = LINE ( 'NONE', #8272, #533 ) ;
#4289 = EDGE_LOOP ( 'NONE', ( #5755, #5093, #8452, #7247 ) ) ;
#4290 = ORIENTED_EDGE ( 'NONE', *, *, #2327, .T. ) ;
#4291 = ORIENTED_EDGE ( 'NONE', *, *, #2151, .F. ) ;
#4292 = AXIS2_PLACEMENT_3D ( 'NONE', #618, #6752, #8112 ) ;
#4293 = CARTESIAN_POINT ( 'NONE',  ( -0.3324124951561671648, 0.2682434064827348141, 0.000000000000000000 ) ) ;
#4294 = CARTESIAN_POINT ( 'NONE',  ( -0.2959497353943270070, 0.7576651849443472031, 0.5000000000000000000 ) ) ;
#4295 = CARTESIAN_POINT ( 'NONE',  ( 0.6862088809542766787, -0.08339469686210233823, 0.000000000000000000 ) ) ;
#4296 = EDGE_CURVE ( 'NONE', #7902, #4827, #2281, .T. ) ;
#4297 = CARTESIAN_POINT ( 'NONE',  ( -0.7440243444862312261, -0.1114047430787462600, 0.01055193097138271141 ) ) ;
#4298 = CARTESIAN_POINT ( 'NONE',  ( 0.2313852965306174569, -0.8071047074696127144, 0.4899999999999999911 ) ) ;
#4299 =( BOUNDED_CURVE ( )  B_SPLINE_CURVE ( 3, ( #4887, #2783, #6872, #5387 ),
 .UNSPECIFIED., .F., .F. ) 
 B_SPLINE_CURVE_WITH_KNOTS ( ( 4, 4 ),
 ( 1.570796326794896558, 3.141592653589793116 ),
 .UNSPECIFIED. ) 
 CURVE ( )  GEOMETRIC_REPRESENTATION_ITEM ( )  RATIONAL_B_SPLINE_CURVE ( ( 1.000000000000000000, 0.8047378541243649375, 0.8047378541243649375, 1.000000000000000000 ) ) 
 REPRESENTATION_ITEM ( '' )  );
#4300 = CARTESIAN_POINT ( 'NONE',  ( 0.3079210382643034483, 0.3398130151926260223, -0.000000000000000000 ) ) ;
#4301 = CARTESIAN_POINT ( 'NONE',  ( -0.5053441710242668750, -0.6077732264302174725, 0.000000000000000000 ) ) ;
#4302 = DIRECTION ( 'NONE',  ( 0.000000000000000000, 0.000000000000000000, 1.000000000000000000 ) ) ;
#4303 = DIRECTION ( 'NONE',  ( 1.000000000000000000, 0.000000000000000000, 0.000000000000000000 ) ) ;
#4304 = CARTESIAN_POINT ( 'NONE',  ( 0.2914067419018727678, -0.7461774679084296480, 0.4999999999999998335 ) ) ;
#4305 = CARTESIAN_POINT ( 'NONE',  ( 0.3317277269924780447, 0.3870692774302978423, -2.134256245050205639E-18 ) ) ;
#4306 = CIRCLE ( 'NONE', #7552, 0.01000000000000004011 ) ;
#4307 = DIRECTION ( 'NONE',  ( -0.4999999999999998335, -0.8660254037844387076, 0.000000000000000000 ) ) ;
#4308 = CARTESIAN_POINT ( 'NONE',  ( 0.2927336036678067632, 0.3703532221377942024, 0.5000000000000000000 ) ) ;
#4309 = CARTESIAN_POINT ( 'NONE',  ( 0.3088000751362822704, -0.3231626550882764071, 0.000000000000000000 ) ) ;
#4310 = CARTESIAN_POINT ( 'NONE',  ( -0.7956628387326354357, 0.2066139215221602099, 0.000000000000000000 ) ) ;
#4311 = DIRECTION ( 'NONE',  ( -0.4999999999999903411, 0.8660254037844442587, 0.000000000000000000 ) ) ;
#4312 = AXIS2_PLACEMENT_3D ( 'NONE', #7656, #2909, #2337 ) ;
#4313 = AXIS2_PLACEMENT_3D ( 'NONE', #91, #3988, #7335 ) ;
#4314 = CARTESIAN_POINT ( 'NONE',  ( 0.7156413612508563116, 0.07625681285979914181, 0.5000000000000001110 ) ) ;
#4315 = CARTESIAN_POINT ( 'NONE',  ( 0.2285700110393691920, -0.7760940106848976949, 0.01047285127922297117 ) ) ;
#4316 = CARTESIAN_POINT ( 'NONE',  ( -0.8023183498310330064, 0.1410790266075605537, 0.5000000000000000000 ) ) ;
#4317 = CARTESIAN_POINT ( 'NONE',  ( 0.4283409433298930313, -0.5877306077712353138, 0.4999999999999929501 ) ) ;
#4318 = CARTESIAN_POINT ( 'NONE',  ( -0.4909744156656247194, 0.09338776164188287987, 0.01037314937198704351 ) ) ;
#4319 = AXIS2_PLACEMENT_3D ( 'NONE', #3680, #5669, #3777 ) ;
#4320 = CARTESIAN_POINT ( 'NONE',  ( 0.5010756907753637357, -0.09338860513229069182, 0.01034899496703637484 ) ) ;
#4321 = CARTESIAN_POINT ( 'NONE',  ( 0.000000000000000000, 0.000000000000000000, 0.4903489949670248316 ) ) ;
#4322 = CARTESIAN_POINT ( 'NONE',  ( 0.08118988160479170824, 0.04687499999999909794, 0.000000000000000000 ) ) ;
#4323 = CARTESIAN_POINT ( 'NONE',  ( -0.2615993877219511821, 0.7935918970884551227, 0.5000000000000000000 ) ) ;
#4324 = ORIENTED_EDGE ( 'NONE', *, *, #3532, .T. ) ;
#4325 = AXIS2_PLACEMENT_3D ( 'NONE', #4265, #3568, #8333 ) ;
#4326 = EDGE_CURVE ( 'NONE', #1891, #222, #7856, .T. ) ;
#4327 = DIRECTION ( 'NONE',  ( 0.000000000000000000, 0.000000000000000000, 1.000000000000000000 ) ) ;
#4328 = VERTEX_POINT ( 'NONE', #2906 ) ;
#4329 = CARTESIAN_POINT ( 'NONE',  ( -0.4239813449456863448, 0.5475800206427594574, 0.01034899496702868134 ) ) ;
#4330 = CARTESIAN_POINT ( 'NONE',  ( -0.3227351206247878745, -0.3692267235688212468, 0.01039148133693232334 ) ) ;
#4331 = CARTESIAN_POINT ( 'NONE',  ( -0.2875621479586885076, 0.3370238104520861810, 0.5000000000000000000 ) ) ;
#4332 = CARTESIAN_POINT ( 'NONE',  ( -0.5763377827354237981, -0.5967492661558659872, 0.4903489949670249426 ) ) ;
#4333 = FACE_OUTER_BOUND ( 'NONE', #338, .T. ) ;
#4334 = CARTESIAN_POINT ( 'NONE',  ( 0.7441668307571231988, -0.1115134996362284053, 0.01055220714150068365 ) ) ;
#4335 = DIRECTION ( 'NONE',  ( 0.4999999999999995559, -0.8660254037844389297, 0.000000000000000000 ) ) ;
#4336 = CARTESIAN_POINT ( 'NONE',  ( 0.8172638322739660399, -0.1618138533801942169, 0.4999999999999999445 ) ) ;
#4337 = CARTESIAN_POINT ( 'NONE',  ( 0.4128822640195004556, -0.1115051162105639426, 0.5000000000000000000 ) ) ;
#4338 = EDGE_LOOP ( 'NONE', ( #4682, #2021, #2680, #6206 ) ) ;
#4339 = ORIENTED_EDGE ( 'NONE', *, *, #3532, .F. ) ;
#4340 = EDGE_CURVE ( 'NONE', #4762, #1314, #8133, .T. ) ;
#4341 = EDGE_LOOP ( 'NONE', ( #3862, #2682, #797, #825 ) ) ;
#4342 = CARTESIAN_POINT ( 'NONE',  ( 0.4894415122910479865, 0.06663272750604974648, 0.5000000000000000000 ) ) ;
#4343 = CARTESIAN_POINT ( 'NONE',  ( 0.3376999721017063805, 0.2740927845997009338, 0.07351273936240262930 ) ) ;
#4344 = DIRECTION ( 'NONE',  ( -0.5000000000000095479, -0.8660254037844330455, -1.733665442999072805E-18 ) ) ;
#4345 = FACE_OUTER_BOUND ( 'NONE', #5809, .T. ) ;
#4346 = CARTESIAN_POINT ( 'NONE',  ( -0.7866425654266510081, -0.2053906400097861851, 0.01042077290528465976 ) ) ;
#4347 = DIRECTION ( 'NONE',  ( -1.000000000000000000, 0.000000000000000000, 0.000000000000000000 ) ) ;
#4348 = CARTESIAN_POINT ( 'NONE',  ( -0.3022680347816994462, -0.3671929328695288097, 0.4903933090338112866 ) ) ;
#4349 = PLANE ( 'NONE',  #2074 ) ;
#4350 = DIRECTION ( 'NONE',  ( 0.000000000000000000, 0.000000000000000000, 1.000000000000000000 ) ) ;
#4351 = EDGE_CURVE ( 'NONE', #3511, #7068, #1873, .T. ) ;
#4352 = CARTESIAN_POINT ( 'NONE',  ( -0.5248844680681387098, -0.6336608463953823378, 0.5000000000000001110 ) ) ;
#4353 = CARTESIAN_POINT ( 'NONE',  ( 0.7977019884269150873, -0.2071804121421272626, 0.3329279416348848719 ) ) ;
#4354 = CARTESIAN_POINT ( 'NONE',  ( 0.2989454595806851911, 0.3522017227601145217, 0.4904130603301994906 ) ) ;
#4355 = CARTESIAN_POINT ( 'NONE',  ( -0.1890822131595995548, -0.005000000000001048744, 0.4899999999999999911 ) ) ;
#4356 = CARTESIAN_POINT ( 'NONE',  ( -0.7824670293385167508, 0.1673888047345730712, 0.000000000000000000 ) ) ;
#4357 = CARTESIAN_POINT ( 'NONE',  ( -0.5821323992588194329, 0.5671870975489272659, 0.007454521212993837388 ) ) ;
#4358 = B_SPLINE_CURVE_WITH_KNOTS ( 'NONE', 3,
 ( #4557, #7251, #2497, #6668, #587, #6098, #8662 ),
 .UNSPECIFIED., .F., .F.,
 ( 4, 3, 4 ),
 ( 0.0002633878902120760017, 0.006483476376054285104, 0.01247908642204295301 ),
 .UNSPECIFIED. ) ;
#4359 = CARTESIAN_POINT ( 'NONE',  ( 0.1696082419465044788, -0.4807488141468545528, 0.007463728527815797348 ) ) ;
#4360 = EDGE_CURVE ( 'NONE', #7902, #5190, #4262, .T. ) ;
#4361 = CARTESIAN_POINT ( 'NONE',  ( 0.7585936210456694084, 0.09002186186326900652, 0.4905277075521671248 ) ) ;
#4362 = CARTESIAN_POINT ( 'NONE',  ( -0.7651047835603328462, 0.09416822316710625473, 0.4905422744904088250 ) ) ;
#4363 = CARTESIAN_POINT ( 'NONE',  ( 0.4572580297924164761, -0.6119504160427523543, 0.4905277075521678465 ) ) ;
#4364 = CARTESIAN_POINT ( 'NONE',  ( -0.3236557240938853774, 0.3051200994186391569, -1.048515933794114156E-15 ) ) ;
#4365 = CARTESIAN_POINT ( 'NONE',  ( -0.2027673521306045112, 0.7974811915099475623, 0.000000000000000000 ) ) ;
#4366 = CARTESIAN_POINT ( 'NONE',  ( 0.4524410584771486055, 0.6207397245909280770, 0.5000000000000000000 ) ) ;
#4367 = CARTESIAN_POINT ( 'NONE',  ( -0.2965823039938620398, 0.7319722979148572950, 0.4905663007568347167 ) ) ;
#4368 = ORIENTED_EDGE ( 'NONE', *, *, #5210, .T. ) ;
#4369 = B_SPLINE_CURVE_WITH_KNOTS ( 'NONE', 3,
 ( #8428, #3615, #6959, #4938, #2391, #1015, #3792 ),
 .UNSPECIFIED., .F., .F.,
 ( 4, 3, 4 ),
 ( 0.0002630746159416516550, 0.005080000040960758537, 0.01246485972435598666 ),
 .UNSPECIFIED. ) ;
#4370 = CARTESIAN_POINT ( 'NONE',  ( 0.000000000000000000, 0.000000000000000000, 0.01000000000000000021 ) ) ;
#4371 = EDGE_LOOP ( 'NONE', ( #4209, #6971, #850, #5783 ) ) ;
#4372 = CARTESIAN_POINT ( 'NONE',  ( -0.3879514854741651364, 0.1339389218425021399, 0.5000000000000000000 ) ) ;
#4373 = DIRECTION ( 'NONE',  ( 0.000000000000000000, 0.000000000000000000, 1.000000000000000000 ) ) ;
#4374 = CARTESIAN_POINT ( 'NONE',  ( -0.3018389198216999136, 0.3670871980474293417, 0.4999999999999999445 ) ) ;
#4375 = CARTESIAN_POINT ( 'NONE',  ( 0.4668783327685988582, -0.09973826466453585005, -1.689962979276666278E-16 ) ) ;
#4376 = CARTESIAN_POINT ( 'NONE',  ( 0.7079997865524704226, 0.07662663577623811395, 0.4903489949670250536 ) ) ;
#4377 = CARTESIAN_POINT ( 'NONE',  ( 0.7926886823924185199, -0.1646502220646699766, 0.000000000000000000 ) ) ;
#4378 = DIRECTION ( 'NONE',  ( 1.000000000000000000, 0.000000000000000000, 0.000000000000000000 ) ) ;
#4379 = EDGE_CURVE ( 'NONE', #222, #3347, #5016, .T. ) ;
#4380 = CARTESIAN_POINT ( 'NONE',  ( 0.4509947830588893480, -0.07341874019186508948, 0.5000000000000000000 ) ) ;
#4381 = ORIENTED_EDGE ( 'NONE', *, *, #170, .F. ) ;
#4382 = ORIENTED_EDGE ( 'NONE', *, *, #1935, .F. ) ;
#4383 = EDGE_LOOP ( 'NONE', ( #6274, #6497, #1247, #7118 ) ) ;
#4384 = CARTESIAN_POINT ( 'NONE',  ( 0.08782729658741707246, -0.4302808157768677200, 0.01039185735669843381 ) ) ;
#4385 = CARTESIAN_POINT ( 'NONE',  ( -0.3013410457930362218, 0.7021294218965005163, 0.4905280687624674618 ) ) ;
#4386 = LINE ( 'NONE', #7697, #3768 ) ;
#4387 = CARTESIAN_POINT ( 'NONE',  ( -0.3953343305808542096, 0.1425374204724064453, 0.4941086989442872168 ) ) ;
#4388 = CARTESIAN_POINT ( 'NONE',  ( -0.7699799877703752404, -0.1393442965257460364, -2.286120135851490383E-16 ) ) ;
#4389 = EDGE_CURVE ( 'NONE', #2073, #3449, #3085, .T. ) ;
#4390 = CARTESIAN_POINT ( 'NONE',  ( -0.5363520410282742734, -0.5944875719074256271, 0.01053677613729666999 ) ) ;
#4391 = CARTESIAN_POINT ( 'NONE',  ( 0.2962942585325523126, 0.6464621647814228211, 0.4899999999999999911 ) ) ;
#4392 = B_SPLINE_CURVE_WITH_KNOTS ( 'NONE', 3,
 ( #5100, #3129, #2516, #7267, #3083, #7311, #1811, #1903, #2559, #1227, #3919, #5763, #7889, #6609, #3826, #1761, #3268, #5950 ),
 .UNSPECIFIED., .F., .F.,
 ( 4, 2, 2, 2, 2, 2, 2, 2, 4 ),
 ( 0.000000000000000000, 0.0005890685094930306559, 0.001178137018986061312, 0.001767205528479092076, 0.002356274037972122624, 0.002945342547465153171, 0.003534411056958184152, 0.004123479566451214266, 0.004712548075944245247 ),
 .UNSPECIFIED. ) ;
#4393 = ORIENTED_EDGE ( 'NONE', *, *, #5391, .T. ) ;
#4394 = CARTESIAN_POINT ( 'NONE',  ( 0.3191592744554824779, -0.3245025408155052249, 0.000000000000000000 ) ) ;
#4395 = FACE_OUTER_BOUND ( 'NONE', #7353, .T. ) ;
#4396 = CARTESIAN_POINT ( 'NONE',  ( -0.2622275360085942197, -0.6409686257750367711, 0.01034899496702861715 ) ) ;
#4397 = DIRECTION ( 'NONE',  ( 1.000000000000000000, 0.000000000000000000, 0.000000000000000000 ) ) ;
#4398 = CARTESIAN_POINT ( 'NONE',  ( 0.2978245519810989173, 0.3471530018037182197, 0.5000000000000048850 ) ) ;
#4399 = AXIS2_PLACEMENT_3D ( 'NONE', #8658, #2621, #4413 ) ;
#4400 = CARTESIAN_POINT ( 'NONE',  ( 0.3324124951561670538, -0.2682434064827350362, 0.000000000000000000 ) ) ;
#4401 = EDGE_CURVE ( 'NONE', #1934, #4614, #1237, .T. ) ;
#4402 = CARTESIAN_POINT ( 'NONE',  ( -0.7859058197245742949, 0.1901017384537784238, 2.134256245050205639E-18 ) ) ;
#4403 = CARTESIAN_POINT ( 'NONE',  ( 0.05770563474368969881, -0.03331636375302837738, 0.5000000000000000000 ) ) ;
#4404 = CIRCLE ( 'NONE', #7509, 0.8128613948677146928 ) ;
#4405 = CARTESIAN_POINT ( 'NONE',  ( 0.7079997865524694234, 0.06663272750604717909, 0.5000000000000000000 ) ) ;
#4406 = CARTESIAN_POINT ( 'NONE',  ( 0.2538639475701237047, 0.7687098775385147187, 0.000000000000000000 ) ) ;
#4407 = DIRECTION ( 'NONE',  ( -0.7642113041444498212, 0.6449659546191869319, 0.000000000000000000 ) ) ;
#4408 = CARTESIAN_POINT ( 'NONE',  ( -0.4528664278507382179, 0.1052089581259694623, 0.01042306822590571141 ) ) ;
#4409 = EDGE_CURVE ( 'NONE', #3793, #738, #6268, .T. ) ;
#4410 = DIRECTION ( 'NONE',  ( 0.000000000000000000, 0.000000000000000000, 1.000000000000000000 ) ) ;
#4411 = AXIS2_PLACEMENT_3D ( 'NONE', #5958, #6482, #3742 ) ;
#4412 = DIRECTION ( 'NONE',  ( -0.5000000000000002220, 0.8660254037844384856, -0.000000000000000000 ) ) ;
#4413 = DIRECTION ( 'NONE',  ( 0.8660254037844338226, -0.5000000000000083267, 0.000000000000000000 ) ) ;
#4414 = CARTESIAN_POINT ( 'NONE',  ( 0.1870151214018205277, -0.4571851470637368076, 0.5000000000000000000 ) ) ;
#4415 = ORIENTED_EDGE ( 'NONE', *, *, #7504, .F. ) ;
#4416 = CARTESIAN_POINT ( 'NONE',  ( -0.6862088809542802315, -0.09338860513227732751, 0.01034899496702865532 ) ) ;
#4417 = VERTEX_POINT ( 'NONE', #1858 ) ;
#4418 = AXIS2_PLACEMENT_3D ( 'NONE', #3576, #6189, #3538 ) ;
#4419 = CARTESIAN_POINT ( 'NONE',  ( -0.7195075215990153206, -0.08821249405817090106, -0.000000000000000000 ) ) ;
#4420 = CARTESIAN_POINT ( 'NONE',  ( -0.3096215447064640802, -0.3178395539541460368, 0.000000000000000000 ) ) ;
#4421 = CARTESIAN_POINT ( 'NONE',  ( -0.4999040834893472840, -0.6349110834950917326, 0.5000000000000000000 ) ) ;
#4422 = CARTESIAN_POINT ( 'NONE',  ( 0.8073450863645813547, 0.1631620561703333583, 0.4904903272535686698 ) ) ;
#4423 = CARTESIAN_POINT ( 'NONE',  ( 0.3232087277152454474, 0.3051104266161474010, 0.01041052122085309520 ) ) ;
#4424 =( GEOMETRIC_REPRESENTATION_CONTEXT ( 3 ) GLOBAL_UNCERTAINTY_ASSIGNED_CONTEXT ( ( #8627 ) ) GLOBAL_UNIT_ASSIGNED_CONTEXT ( ( #3591, #2855, #4243 ) ) REPRESENTATION_CONTEXT ( 'NONE', 'WORKASPACE' ) );
#4425 = ORIENTED_EDGE ( 'NONE', *, *, #7857, .F. ) ;
#4426 = CARTESIAN_POINT ( 'NONE',  ( 0.5056357851870225684, -0.5977630104694623414, 0.01057748732869974624 ) ) ;
#4427 = ORIENTED_EDGE ( 'NONE', *, *, #5282, .F. ) ;
#4428 = VERTEX_POINT ( 'NONE', #7223 ) ;
#4429 = ORIENTED_EDGE ( 'NONE', *, *, #636, .T. ) ;
#4430 = DIRECTION ( 'NONE',  ( 1.000000000000000000, 0.000000000000000000, 0.000000000000000000 ) ) ;
#4431 = CARTESIAN_POINT ( 'NONE',  ( 0.000000000000000000, 0.000000000000000000, 0.009999999999999998473 ) ) ;
#4432 = CARTESIAN_POINT ( 'NONE',  ( -0.3038454204787706669, 0.6614830041551217343, 0.5000000000000001110 ) ) ;
#4433 = CARTESIAN_POINT ( 'NONE',  ( -0.4282057550846092853, 0.08786871457291801912, 0.1684179791202542742 ) ) ;
#4434 = CARTESIAN_POINT ( 'NONE',  ( -0.7926542557984274096, -0.1645023110724646576, 0.000000000000000000 ) ) ;
#4435 = CARTESIAN_POINT ( 'NONE',  ( 0.8078027226652725323, -0.1630953691909142744, 0.5000000000000000000 ) ) ;
#4436 = DIRECTION ( 'NONE',  ( -0.5000000000000103251, -0.8660254037844326014, 0.000000000000000000 ) ) ;
#4437 = CARTESIAN_POINT ( 'NONE',  ( 0.3211081920639362042, -0.2711008629702930661, 0.4941087076981939274 ) ) ;
#4438 = ORIENTED_EDGE ( 'NONE', *, *, #1005, .F. ) ;
#4439 = CARTESIAN_POINT ( 'NONE',  ( 0.3121210973443541148, -0.3070637899881830113, 0.000000000000000000 ) ) ;
#4440 = DIRECTION ( 'NONE',  ( 0.000000000000000000, 0.000000000000000000, 1.000000000000000000 ) ) ;
#4441 = EDGE_CURVE ( 'NONE', #4772, #4996, #1763, .T. ) ;
#4442 = CARTESIAN_POINT ( 'NONE',  ( -0.5832805319173838265, -0.6039378985925165644, 0.5000000000000000000 ) ) ;
#4443 = CARTESIAN_POINT ( 'NONE',  ( -0.2922170402796160915, -0.3038841476915961626, 0.5000000000000000000 ) ) ;
#4444 = CARTESIAN_POINT ( 'NONE',  ( 0.3227597714111540839, -0.3922469289992583930, 0.000000000000000000 ) ) ;
#4445 = CARTESIAN_POINT ( 'NONE',  ( -0.1169749246742931709, -0.4364430148772628359, 0.01042149135602987199 ) ) ;
#4446 = CARTESIAN_POINT ( 'NONE',  ( -0.3212565770584207558, 0.2711286181930301908, 0.4903489949670249426 ) ) ;
#4447 = CARTESIAN_POINT ( 'NONE',  ( -0.7018352545101267381, 0.09382472285462983841, 0.000000000000000000 ) ) ;
#4448 = VECTOR ( 'NONE', #8005, 39.37007874015748143 ) ;
#4449 = EDGE_CURVE ( 'NONE', #8631, #5220, #7179, .T. ) ;
#4450 = CARTESIAN_POINT ( 'NONE',  ( -0.1329496489048139496, -0.4100487624153887345, 0.5000000000000001110 ) ) ;
#4451 = CARTESIAN_POINT ( 'NONE',  ( -0.8041321654220032755, 0.1225326033774040146, 0.5000000000000001110 ) ) ;
#4452 = CARTESIAN_POINT ( 'NONE',  ( -0.2875621479305442985, 0.3370238104561214532, 0.5000000000000000000 ) ) ;
#4453 = CARTESIAN_POINT ( 'NONE',  ( 0.2922374109365032391, -0.3038184603222769953, 0.5000000000000000000 ) ) ;
#4454 = B_SPLINE_CURVE_WITH_KNOTS ( 'NONE', 3,
 ( #6523, #3689, #532, #485, #5912, #7939, #3091, #5769, #2429, #2475, #8601, #4352, #8513, #7043, #7895, #5108, #1768, #4442 ),
 .UNSPECIFIED., .F., .F.,
 ( 4, 2, 2, 2, 2, 2, 2, 2, 4 ),
 ( 0.000000000000000000, 0.0006380346551507807369, 0.001276069310301561474, 0.001914103965452345138, 0.002552138620603129019, 0.003190173275753912033, 0.003828207930904695914, 0.004466242586055479795, 0.005104277241206266712 ),
 .UNSPECIFIED. ) ;
#4455 = CARTESIAN_POINT ( 'NONE',  ( 0.4062213005082104811, -0.1554103623975233994, 0.07351273936240264317 ) ) ;
#4456 = AXIS2_PLACEMENT_3D ( 'NONE', #3602, #7570, #4928 ) ;
#4457 = AXIS2_PLACEMENT_3D ( 'NONE', #8385, #5780, #5034 ) ;
#4458 = CARTESIAN_POINT ( 'NONE',  ( 0.4203605064650074996, 0.5748324831402692459, 0.4903489949670249426 ) ) ;
#4459 = ORIENTED_EDGE ( 'NONE', *, *, #8753, .F. ) ;
#4460 = CARTESIAN_POINT ( 'NONE',  ( -0.2730952771144390390, -0.6694974076572591803, -3.624840769537873260E-15 ) ) ;
#4461 = EDGE_CURVE ( 'NONE', #4428, #3249, #5349, .T. ) ;
#4462 = ORIENTED_EDGE ( 'NONE', *, *, #1014, .T. ) ;
#4463 = AXIS2_PLACEMENT_3D ( 'NONE', #2498, #8626, #7873 ) ;
#4464 = CARTESIAN_POINT ( 'NONE',  ( -0.3267116309268656149, -0.3783310035145603933, 9.023130011514059109E-16 ) ) ;
#4465 = CARTESIAN_POINT ( 'NONE',  ( 0.1514412409984352836, 0.4317843585491196734, 0.4904181026315469483 ) ) ;
#4466 = CARTESIAN_POINT ( 'NONE',  ( -0.08088218006132094628, -0.04669734843104616367, 0.01000000000000000021 ) ) ;
#4467 = CARTESIAN_POINT ( 'NONE',  ( -0.2003031600502248044, -0.7877895581393046243, 0.009999999999999998473 ) ) ;
#4468 = CARTESIAN_POINT ( 'NONE',  ( 0.7559406447449695809, -0.1212767301143791027, 0.01057232532173317703 ) ) ;
#4469 = B_SPLINE_CURVE_WITH_KNOTS ( 'NONE', 3,
 ( #6744, #1319, #8593, #6697, #5905, #6606, #657, #1276, #8064, #3960, #2647, #2558 ),
 .UNSPECIFIED., .F., .F.,
 ( 4, 2, 2, 2, 2, 4 ),
 ( 1.323970232273443126E-17, 0.0007727098128124494040, 0.001545419625624885581, 0.001931774532031103669, 0.002318129438437321974, 0.003090839251249762921 ),
 .UNSPECIFIED. ) ;
#4470 = AXIS2_PLACEMENT_3D ( 'NONE', #2656, #486, #5913 ) ;
#4471 = CARTESIAN_POINT ( 'NONE',  ( 0.4092799118481113552, -0.1011253064550526881, 0.5000000000000000000 ) ) ;
#4472 = ORIENTED_EDGE ( 'NONE', *, *, #8610, .T. ) ;
#4473 = ORIENTED_EDGE ( 'NONE', *, *, #5281, .F. ) ;
#4474 = VERTEX_POINT ( 'NONE', #2469 ) ;
#4475 = ORIENTED_EDGE ( 'NONE', *, *, #5930, .T. ) ;
#4476 = CARTESIAN_POINT ( 'NONE',  ( 0.3860316643059805153, 0.1392606806979873324, 0.5000000000000000000 ) ) ;
#4477 = CARTESIAN_POINT ( 'NONE',  ( -0.2001322355467244629, -0.7877349948985867822, 0.007454521212993828715 ) ) ;
#4478 = CARTESIAN_POINT ( 'NONE',  ( 0.3327182150377174796, 0.2732165696972059798, 0.1998400020993878756 ) ) ;
#4479 = CARTESIAN_POINT ( 'NONE',  ( -0.2723511084856605757, 0.7151594448912133029, 3.628235616585349741E-17 ) ) ;
#4480 = CIRCLE ( 'NONE', #3778, 0.009999999999999946432 ) ;
#4481 = CARTESIAN_POINT ( 'NONE',  ( -0.3099702516081878634, -0.2690063809352855051, 0.5000000000000000000 ) ) ;
#4482 = CARTESIAN_POINT ( 'NONE',  ( -0.7375609228452565391, -0.1072181106934006339, 0.01053680569702415346 ) ) ;
#4483 = CARTESIAN_POINT ( 'NONE',  ( 0.8080692856350195630, -0.1708147952555125193, 0.4904669302481995952 ) ) ;
#4484 = DIRECTION ( 'NONE',  ( 0.4999999999999898970, -0.8660254037844443697, 0.000000000000000000 ) ) ;
#4485 = CARTESIAN_POINT ( 'NONE',  ( -0.5578321234583818455, -0.5859944414458364559, 0.01047285127922375526 ) ) ;
#4486 = DIRECTION ( 'NONE',  ( 0.8660254037844388186, -0.4999999999999996669, 0.000000000000000000 ) ) ;
#4487 = ORIENTED_EDGE ( 'NONE', *, *, #7787, .T. ) ;
#4488 = CARTESIAN_POINT ( 'NONE',  ( 0.3187209885718747526, -0.3244458459443225196, 0.01042308903936555765 ) ) ;
#4489 = CARTESIAN_POINT ( 'NONE',  ( 0.2791717411344418753, -0.7656447409702880069, 0.4905463522166766399 ) ) ;
#4490 = DIRECTION ( 'NONE',  ( -0.000000000000000000, -0.000000000000000000, -1.000000000000000000 ) ) ;
#4491 = CARTESIAN_POINT ( 'NONE',  ( 0.2735762313122904743, 0.6693745446964201040, 0.01047287214295882819 ) ) ;
#4492 = CARTESIAN_POINT ( 'NONE',  ( 0.3033805449964482870, 0.3019491894803649212, 0.4904132062386840074 ) ) ;
#4493 = CARTESIAN_POINT ( 'NONE',  ( -0.1579138289959685915, -0.4641994144218167806, -5.335640612625513636E-17 ) ) ;
#4494 = CARTESIAN_POINT ( 'NONE',  ( 0.4933284900134430329, -0.08215997555621906701, 0.3318948755274581108 ) ) ;
#4495 = CARTESIAN_POINT ( 'NONE',  ( 0.4203605064649951761, -0.5748324831402805701, 0.4903489949670250536 ) ) ;
#4496 = EDGE_CURVE ( 'NONE', #180, #7302, #477, .T. ) ;
#4497 = EDGE_LOOP ( 'NONE', ( #268, #6641, #2314, #408 ) ) ;
#4498 = CARTESIAN_POINT ( 'NONE',  ( -0.7824032136805665338, 0.2204288059410765832, 0.01034899496702894849 ) ) ;
#4499 = DIRECTION ( 'NONE',  ( 1.000000000000000000, 0.000000000000000000, 0.000000000000000000 ) ) ;
#4500 = CARTESIAN_POINT ( 'NONE',  ( 0.5010756907753659561, 0.09338860513227950633, 0.01034899496702501066 ) ) ;
#4501 = CARTESIAN_POINT ( 'NONE',  ( -0.3263879083672805992, 0.3785449087931832546, 0.01037303208737881677 ) ) ;
#4502 = CARTESIAN_POINT ( 'NONE',  ( -0.1516809857579735077, -0.4314622489323597931, 0.5000000000000000000 ) ) ;
#4503 = ADVANCED_FACE ( 'NONE', ( #527 ), #7933, .T. ) ;
#4504 = CARTESIAN_POINT ( 'NONE',  ( 0.1659194090399342403, -0.4574621659185098554, -0.000000000000000000 ) ) ;
#4505 = CARTESIAN_POINT ( 'NONE',  ( 0.1732186236253895339, -0.4532749701233916850, 0.4903741714660393436 ) ) ;
#4506 = ORIENTED_EDGE ( 'NONE', *, *, #305, .F. ) ;
#4507 = CARTESIAN_POINT ( 'NONE',  ( 0.2561046907840104914, -0.7852159270056202622, 0.4904669302481988735 ) ) ;
#4508 = ORIENTED_EDGE ( 'NONE', *, *, #6511, .T. ) ;
#4509 = CARTESIAN_POINT ( 'NONE',  ( -0.8068158937998357594, 0.1933473483427856909, 0.4903829658246939838 ) ) ;
#4510 = CARTESIAN_POINT ( 'NONE',  ( 0.09470235715201692772, 0.4016803910746547523, 0.5000000000000000000 ) ) ;
#4511 = CARTESIAN_POINT ( 'NONE',  ( 0.1919689645055534244, -9.620226984726620532E-16, 0.000000000000000000 ) ) ;
#4512 = CARTESIAN_POINT ( 'NONE',  ( -0.1493532096854753577, -0.4426988761738208100, -0.000000000000000000 ) ) ;
#4513 = DIRECTION ( 'NONE',  ( 1.000000000000000000, 0.000000000000000000, 0.000000000000000000 ) ) ;
#4514 = CARTESIAN_POINT ( 'NONE',  ( 0.7852839659564366803, -0.2053375653600869044, -2.258787813107514669E-16 ) ) ;
#4515 = ADVANCED_FACE ( 'NONE', ( #7890 ), #6446, .T. ) ;
#4516 = CARTESIAN_POINT ( 'NONE',  ( 0.3985682522644884429, -0.1328955260207435596, 0.5000000000000000000 ) ) ;
#4517 = ORIENTED_EDGE ( 'NONE', *, *, #5167, .T. ) ;
#4518 = CARTESIAN_POINT ( 'NONE',  ( 0.1619148974094355431, -0.4272823091991781452, 0.5000000000000000000 ) ) ;
#4519 = ORIENTED_EDGE ( 'NONE', *, *, #1014, .F. ) ;
#4520 = ORIENTED_EDGE ( 'NONE', *, *, #3071, .T. ) ;
#4521 = ORIENTED_EDGE ( 'NONE', *, *, #4939, .T. ) ;
#4522 = CARTESIAN_POINT ( 'NONE',  ( 0.4275019657367693515, 0.09744173371597837641, 0.4999999999999999445 ) ) ;
#4523 = CARTESIAN_POINT ( 'NONE',  ( -0.4168975367931991305, 0.1392944220799978150, -8.024233004151576234E-15 ) ) ;
#4524 = CARTESIAN_POINT ( 'NONE',  ( 0.7956628386987346646, -0.2066139215185512357, -0.000000000000000000 ) ) ;
#4525 = CARTESIAN_POINT ( 'NONE',  ( -0.2595078686024718806, 0.7625980071061361221, 0.000000000000000000 ) ) ;
#4526 = CARTESIAN_POINT ( 'NONE',  ( 0.000000000000000000, 0.000000000000000000, 0.5000000000000000000 ) ) ;
#4527 = CARTESIAN_POINT ( 'NONE',  ( -0.7428196335173619103, 0.09868761406805513781, 0.000000000000000000 ) ) ;
#4528 = CARTESIAN_POINT ( 'NONE',  ( 0.8068159647350349184, -0.1933470640928718343, 0.4903829671321491834 ) ) ;
#4529 = CARTESIAN_POINT ( 'NONE',  ( -0.7824876097041288947, -0.1086597078412436523, 0.5000000000000000000 ) ) ;
#4530 = DIRECTION ( 'NONE',  ( -0.000000000000000000, -0.000000000000000000, -1.000000000000000000 ) ) ;
#4531 = DIRECTION ( 'NONE',  ( -0.5000000000000095479, -0.8660254037844330455, 0.000000000000000000 ) ) ;
#4532 = ADVANCED_FACE ( 'NONE', ( #6046 ), #7352, .T. ) ;
#4533 = ORIENTED_EDGE ( 'NONE', *, *, #4784, .T. ) ;
#4534 = CARTESIAN_POINT ( 'NONE',  ( 0.5763377827354195793, 0.5967492661558615463, 0.4903489949670249426 ) ) ;
#4535 = CARTESIAN_POINT ( 'NONE',  ( 0.1403261845712572009, -0.4365739490762278741, 0.000000000000000000 ) ) ;
#4536 = CARTESIAN_POINT ( 'NONE',  ( -0.2665698469850077967, -0.6427999557006884856, 0.09181588974873088060 ) ) ;
#4537 = CARTESIAN_POINT ( 'NONE',  ( 0.000000000000000000, 0.000000000000000000, 0.000000000000000000 ) ) ;
#4538 = CARTESIAN_POINT ( 'NONE',  ( -0.2875639411257754352, -0.3371147623961492368, 0.5000000000000000000 ) ) ;
#4539 = CARTESIAN_POINT ( 'NONE',  ( -0.2617488519970334604, -0.7934942375116119662, 0.4999999999999998335 ) ) ;
#4540 = CARTESIAN_POINT ( 'NONE',  ( -0.1693479637828966822, -0.4808192774302997297, 0.000000000000000000 ) ) ;
#4541 = PLANE ( 'NONE',  #6815 ) ;
#4542 = CARTESIAN_POINT ( 'NONE',  ( 0.3093414371646332484, -0.2876479071698275214, 0.4903933132263862404 ) ) ;
#4543 = ORIENTED_EDGE ( 'NONE', *, *, #2152, .T. ) ;
#4544 = CARTESIAN_POINT ( 'NONE',  ( -0.6862088809542765677, 0.08339469686210201904, 0.01000000000000000021 ) ) ;
#4545 = FACE_OUTER_BOUND ( 'NONE', #2844, .T. ) ;
#4546 = CARTESIAN_POINT ( 'NONE',  ( 0.09260244267826288345, -0.1603921356237319462, 8.996482893627455302E-18 ) ) ;
#4547 = LINE ( 'NONE', #2487, #5837 ) ;
#4548 = CARTESIAN_POINT ( 'NONE',  ( -0.1245914269279787545, -0.4171678553482114360, 0.5000000000000000000 ) ) ;
#4549 = CARTESIAN_POINT ( 'NONE',  ( 0.7232592098226573452, -0.07750679952478350954, 0.4904138974439159471 ) ) ;
#4550 = AXIS2_PLACEMENT_3D ( 'NONE', #6698, #5996, #568 ) ;
#4551 = CARTESIAN_POINT ( 'NONE',  ( 0.6862088809542765677, -0.09338860513229330085, 0.01034899496702500546 ) ) ;
#4552 = CARTESIAN_POINT ( 'NONE',  ( 0.2623764858119386201, -0.7807493968941368045, 0.4904903334465827158 ) ) ;
#4553 = ORIENTED_EDGE ( 'NONE', *, *, #2300, .T. ) ;
#4554 = CARTESIAN_POINT ( 'NONE',  ( 0.1783601429567437668, -0.4621821011988323513, 0.4903489949670249426 ) ) ;
#4555 = EDGE_CURVE ( 'NONE', #3839, #7258, #4702, .T. ) ;
#4556 = CARTESIAN_POINT ( 'NONE',  ( 0.08425720073792102027, 0.4116063702083732623, 0.5000000000000000000 ) ) ;
#4557 = CARTESIAN_POINT ( 'NONE',  ( 0.7824032136805713078, 0.2204288059410589584, 0.01034899496702500372 ) ) ;
#4558 = CARTESIAN_POINT ( 'NONE',  ( -0.5081824300208915846, -0.6351325816564137305, 0.5000000000000000000 ) ) ;
#4559 = AXIS2_PLACEMENT_3D ( 'NONE', #7146, #6397, #5733 ) ;
#4560 = CARTESIAN_POINT ( 'NONE',  ( 0.5892552948225880938, -0.5743422737582010162, 0.000000000000000000 ) ) ;
#4561 = CARTESIAN_POINT ( 'NONE',  ( 0.3954325595773431345, -0.1426520477689191269, 0.4903489949670249426 ) ) ;
#4562 = ORIENTED_EDGE ( 'NONE', *, *, #6664, .F. ) ;
#4563 = VERTEX_POINT ( 'NONE', #2856 ) ;
#4564 = VECTOR ( 'NONE', #1199, 39.37007874015748143 ) ;
#4565 = ORIENTED_EDGE ( 'NONE', *, *, #6925, .T. ) ;
#4566 = ORIENTED_EDGE ( 'NONE', *, *, #4401, .F. ) ;
#4567 = DIRECTION ( 'NONE',  ( -0.4999999999999891198, 0.8660254037844450359, 7.963510399725178521E-14 ) ) ;
#4568 = FACE_OUTER_BOUND ( 'NONE', #3469, .T. ) ;
#4569 = CARTESIAN_POINT ( 'NONE',  ( 0.7276244516911620774, -0.09112859938520415093, -0.000000000000000000 ) ) ;
#4570 = EDGE_CURVE ( 'NONE', #3075, #8495, #4288, .T. ) ;
#4571 = CARTESIAN_POINT ( 'NONE',  ( -0.2350558554801262523, 0.7717110905070172500, 0.01049747041122643318 ) ) ;
#4572 = CARTESIAN_POINT ( 'NONE',  ( -0.3024263908892105279, -0.3905524195576759450, 0.5000000000000000000 ) ) ;
#4573 = DIRECTION ( 'NONE',  ( 1.000000000000000000, 0.000000000000000000, 0.000000000000000000 ) ) ;
#4574 = CARTESIAN_POINT ( 'NONE',  ( 0.5360648908842760019, -0.5939815332359263955, 7.137658886691282585E-15 ) ) ;
#4575 = CARTESIAN_POINT ( 'NONE',  ( -0.7487524835619990826, -0.07411833018000583972, 0.5000000000000000000 ) ) ;
#4576 = CARTESIAN_POINT ( 'NONE',  ( -0.05770563474369035106, -0.03331636375302694797, 0.5000000000000000000 ) ) ;
#4577 = AXIS2_PLACEMENT_3D ( 'NONE', #4298, #2199, #6381 ) ;
#4578 = CARTESIAN_POINT ( 'NONE',  ( 0.3191137606007846128, -0.3194599924223109344, 0.01042306977814713882 ) ) ;
#4579 = EDGE_LOOP ( 'NONE', ( #7344, #518, #462, #1870 ) ) ;
#4580 = CARTESIAN_POINT ( 'NONE',  ( 0.3172313636192881092, -0.3826714455513783308, 0.000000000000000000 ) ) ;
#4581 = CARTESIAN_POINT ( 'NONE',  ( 0.1045800106116775291, -0.4226502634314805995, 0.000000000000000000 ) ) ;
#4582 = CARTESIAN_POINT ( 'NONE',  ( 0.1024948287923481555, 0.4324338210650525705, 0.01041038476224017198 ) ) ;
#4583 = ADVANCED_FACE ( 'NONE', ( #190 ), #8246, .T. ) ;
#4584 = CARTESIAN_POINT ( 'NONE',  ( -0.5820941901596519141, -0.5673624041314294653, 0.009999999999999998473 ) ) ;
#4585 = CARTESIAN_POINT ( 'NONE',  ( -0.2927336036677969933, -0.3703532221377941469, 0.5000000000000000000 ) ) ;
#4586 = CARTESIAN_POINT ( 'NONE',  ( 0.2985174177743971091, 0.3217461030615014761, 0.4904263678543380189 ) ) ;
#4587 = CARTESIAN_POINT ( 'NONE',  ( -0.1646355533045172626, -0.4719326745307192428, 0.01037303208737790951 ) ) ;
#4588 = CARTESIAN_POINT ( 'NONE',  ( 0.1171035886301133311, 0.4360906195886204983, 0.01042306977814713882 ) ) ;
#4589 = CARTESIAN_POINT ( 'NONE',  ( -0.5576632024154644096, 0.5860865257954860352, 0.01047349858041840380 ) ) ;
#4590 = ORIENTED_EDGE ( 'NONE', *, *, #5090, .F. ) ;
#4591 = B_SPLINE_CURVE_WITH_KNOTS ( 'NONE', 3,
 ( #3780, #2380, #7743, #7128 ),
 .UNSPECIFIED., .F., .F.,
 ( 4, 4 ),
 ( 0.0002631000255943944949, 0.01246611012736438193 ),
 .UNSPECIFIED. ) ;
#4592 = CARTESIAN_POINT ( 'NONE',  ( 0.4153263665006204364, 0.5525769747778424001, 0.000000000000000000 ) ) ;
#4593 = CARTESIAN_POINT ( 'NONE',  ( 0.4791550075468722913, 0.07662575642749806792, 0.4903741762202948884 ) ) ;
#4594 = CARTESIAN_POINT ( 'NONE',  ( 0.1116036301150454269, -0.4038684083456886009, 0.5000000000000000000 ) ) ;
#4595 = VECTOR ( 'NONE', #5768, 39.37007874015748143 ) ;
#4596 = CARTESIAN_POINT ( 'NONE',  ( -0.8146658284480013945, 0.2031668088770960390, 0.5000000000000000000 ) ) ;
#4597 = DIRECTION ( 'NONE',  ( 0.000000000000000000, 0.000000000000000000, 1.000000000000000000 ) ) ;
#4598 = CARTESIAN_POINT ( 'NONE',  ( 0.2993659384566331738, 0.3166425700085641060, 0.4904246938222638907 ) ) ;
#4599 = CARTESIAN_POINT ( 'NONE',  ( 0.2755101341471634102, -0.7002219023777722651, 0.01055220344049790336 ) ) ;
#4600 = DIRECTION ( 'NONE',  ( 1.000000000000000000, -1.652951290236744034E-14, 8.195543980992766226E-14 ) ) ;
#4601 =( BOUNDED_SURFACE ( )  B_SPLINE_SURFACE ( 3, 2, ( 
 ( #1764, #6069, #4038 ),
 ( #5442, #12, #7837 ),
 ( #3424, #432, #1814 ),
 ( #1353, #6732, #4437 ) ),
 .UNSPECIFIED., .F., .F., .F. ) 
 B_SPLINE_SURFACE_WITH_KNOTS ( ( 4, 4 ),
 ( 3, 3 ),
 ( 0.01972895862017240085, 0.03210090281170673021 ),
 ( 0.000000000000000000, 1.000000000000000000 ),
 .UNSPECIFIED. ) 
 GEOMETRIC_REPRESENTATION_ITEM ( )  RATIONAL_B_SPLINE_SURFACE ( (
 ( 1.000000000000000000, 0.8248823227266868230, 1.000000000000000000),
 ( 1.000000000000000000, 0.8228396131304837047, 1.000000000000000000),
 ( 1.000000000000000000, 0.8207248281443609850, 1.000000000000000000),
 ( 1.000000000000000000, 0.8185296407512916428, 1.000000000000000000) ) ) 
 REPRESENTATION_ITEM ( '' )  SURFACE ( )  );
#4602 = CARTESIAN_POINT ( 'NONE',  ( -0.09598448225277236845, -0.1662500000000009803, 0.5000000000000000000 ) ) ;
#4603 = CARTESIAN_POINT ( 'NONE',  ( -0.2744464911311245703, -0.6771632676142872453, -3.874456182075587062E-15 ) ) ;
#4604 = ORIENTED_EDGE ( 'NONE', *, *, #4555, .F. ) ;
#4605 = CARTESIAN_POINT ( 'NONE',  ( -0.7379468954321252161, 0.08090879538942633009, 0.4904674725033128513 ) ) ;
#4606 = CARTESIAN_POINT ( 'NONE',  ( 0.1169957993040788569, 0.4049942519842782418, 0.5000000000000000000 ) ) ;
#4607 = CARTESIAN_POINT ( 'NONE',  ( -0.4200686381312545570, -0.5750009934013295965, 0.5000000000000001110 ) ) ;
#4608 = AXIS2_PLACEMENT_3D ( 'NONE', #5693, #7672, #6445 ) ;
#4609 = CARTESIAN_POINT ( 'NONE',  ( 0.7845073231662478275, -0.2129649413040230477, 0.01038462037918854233 ) ) ;
#4610 = CARTESIAN_POINT ( 'NONE',  ( 0.4246192822974659276, -0.5667179865067372146, 0.000000000000000000 ) ) ;
#4611 = CARTESIAN_POINT ( 'NONE',  ( -0.1436557066758274714, 0.4504577952969125998, 0.01041668125975882438 ) ) ;
#4612 = ADVANCED_FACE ( 'NONE', ( #81 ), #7997, .T. ) ;
#4613 = ORIENTED_EDGE ( 'NONE', *, *, #8345, .F. ) ;
#4614 = VERTEX_POINT ( 'NONE', #1960 ) ;
#4615 = AXIS2_PLACEMENT_3D ( 'NONE', #3228, #3089, #5909 ) ;
#4616 = CIRCLE ( 'NONE', #5883, 0.9996386051322854183 ) ;
#4617 = ORIENTED_EDGE ( 'NONE', *, *, #5711, .F. ) ;
#4618 = VERTEX_POINT ( 'NONE', #6011 ) ;
#4619 = DIRECTION ( 'NONE',  ( 0.4999999999999904521, -0.8660254037844441477, 1.737887281711048091E-18 ) ) ;
#4620 = CARTESIAN_POINT ( 'NONE',  ( -0.4667333340303375655, 0.09933554734632896177, 0.01041038153440473207 ) ) ;
#4621 = CARTESIAN_POINT ( 'NONE',  ( -0.3954325595773454105, 0.1426520477689198207, 0.4903489949670250536 ) ) ;
#4622 = CARTESIAN_POINT ( 'NONE',  ( -0.4488132840983393712, -0.1085079526397642463, -1.491097011286137084E-16 ) ) ;
#4623 = CARTESIAN_POINT ( 'NONE',  ( -0.7629024924216041281, 0.1140802130967259326, 0.000000000000000000 ) ) ;
#4624 = LINE ( 'NONE', #7436, #4697 ) ;
#4625 = CARTESIAN_POINT ( 'NONE',  ( 0.2619888127236040254, -0.6405551449165161060, 0.01034899496702500893 ) ) ;
#4626 = AXIS2_PLACEMENT_3D ( 'NONE', #7843, #4490, #7184 ) ;
#4627 = CARTESIAN_POINT ( 'NONE',  ( 0.7238519642491555439, 0.1004136227213979771, 0.01049750224473815392 ) ) ;
#4628 = EDGE_CURVE ( 'NONE', #8130, #1719, #8273, .T. ) ;
#4629 = EDGE_LOOP ( 'NONE', ( #8098, #7457, #7506, #6789 ) ) ;
#4630 = CARTESIAN_POINT ( 'NONE',  ( 0.4406070811665711018, 0.1141487691241118013, 3.841661241090370459E-17 ) ) ;
#4631 = CARTESIAN_POINT ( 'NONE',  ( -0.2901994164333866477, 0.3269027046453535923, 0.1684179820175976672 ) ) ;
#4632 = CARTESIAN_POINT ( 'NONE',  ( 0.2755330890166267088, 0.7000440251568207373, 0.01055192711114469502 ) ) ;
#4633 = CARTESIAN_POINT ( 'NONE',  ( 0.2940082354549045651, -0.2984410597763374473, 0.5000000000000000000 ) ) ;
#4634 = CARTESIAN_POINT ( 'NONE',  ( 0.3146645680691375069, 0.2789380444182544827, 0.4903740157860130844 ) ) ;
#4635 = CARTESIAN_POINT ( 'NONE',  ( -0.1348259310175250747, -0.4454515789521617530, -8.049686399876624435E-15 ) ) ;
#4636 = CARTESIAN_POINT ( 'NONE',  ( 0.1646110163850235675, 0.4718901671423226252, 0.01037314945552553734 ) ) ;
#4637 = CARTESIAN_POINT ( 'NONE',  ( -0.2623700576050785882, -0.7807623824974359028, 0.4904903272535686698 ) ) ;
#4638 = EDGE_CURVE ( 'NONE', #2062, #1402, #3852, .T. ) ;
#4639 = ADVANCED_FACE ( 'NONE', ( #2867 ), #3605, .T. ) ;
#4640 = VERTEX_POINT ( 'NONE', #2158 ) ;
#4641 = CARTESIAN_POINT ( 'NONE',  ( -0.3970887494656012429, -0.1445849600350655739, 0.4269530013571828930 ) ) ;
#4642 = CARTESIAN_POINT ( 'NONE',  ( 0.000000000000000000, 0.000000000000000000, 0.000000000000000000 ) ) ;
#4643 = CARTESIAN_POINT ( 'NONE',  ( 0.1170628715684964849, -0.4050094541466499609, 0.5000000000000000000 ) ) ;
#4644 = FACE_OUTER_BOUND ( 'NONE', #2973, .T. ) ;
#4645 = CARTESIAN_POINT ( 'NONE',  ( 0.4228339426068893903, -0.5567560771964356059, 0.1701881947279782759 ) ) ;
#4646 = CARTESIAN_POINT ( 'NONE',  ( 0.3110813693342872610, 0.3855554654225804012, 0.4903489949670249426 ) ) ;
#4647 = CARTESIAN_POINT ( 'NONE',  ( 0.5306753127242187507, 0.6060394103291266710, 0.000000000000000000 ) ) ;
#4648 = CARTESIAN_POINT ( 'NONE',  ( 0.8049689155484074377, -0.2007485279317388904, 0.4903489949670249426 ) ) ;
#4649 = CARTESIAN_POINT ( 'NONE',  ( -0.2755328346348408508, -0.7000463548985250695, 0.01055193097138331336 ) ) ;
#4650 = ORIENTED_EDGE ( 'NONE', *, *, #5538, .F. ) ;
#4651 = CARTESIAN_POINT ( 'NONE',  ( 0.6862088809542802315, 0.09338860513227721649, 0.01034899496702865185 ) ) ;
#4652 = CARTESIAN_POINT ( 'NONE',  ( 0.1277228225490373015, 0.4080967359290438856, 0.5000000000000000000 ) ) ;
#4653 = CARTESIAN_POINT ( 'NONE',  ( 0.5010756907753637357, -0.09338860513229069182, 0.01034899496703637484 ) ) ;
#4654 =( BOUNDED_SURFACE ( )  B_SPLINE_SURFACE ( 3, 2, ( 
 ( #1289, #6484, #3094 ),
 ( #5960, #8654, #3791 ),
 ( #5772, #2617, #5111 ),
 ( #6436, #5159, #439 ),
 ( #2432, #1823, #5297 ),
 ( #4445, #7798, #2568 ),
 ( #2528, #3186, #6620 ),
 ( #5206, #7142, #7993 ),
 ( #7898, #4635, #1867 ),
 ( #5246, #1771, #3140 ),
 ( #5818, #8517, #2478 ),
 ( #7849, #4493, #538 ),
 ( #4587, #7187, #1149 ),
 ( #7279, #4540, #3836 ) ),
 .UNSPECIFIED., .F., .F., .T. ) 
 B_SPLINE_SURFACE_WITH_KNOTS ( ( 4, 2, 2, 2, 2, 2, 4 ),
 ( 3, 3 ),
 ( -3.252606517456513302E-19, 0.0008346611135208136228, 0.001251991670281220759, 0.001669322227041627679, 0.002086652783802034599, 0.002503983340562441519, 0.003338644454083255792 ),
 ( 0.000000000000000000, 1.000000000000000000 ),
 .UNSPECIFIED. ) 
 GEOMETRIC_REPRESENTATION_ITEM ( )  RATIONAL_B_SPLINE_SURFACE ( (
 ( 1.000000000000000000, 0.6946583704589998076, 1.000000000000000000),
 ( 1.000000000000000000, 0.6937906805727235282, 1.000000000000000000),
 ( 1.000000000000000000, 0.6931276611509569197, 1.000000000000000000),
 ( 1.000000000000000000, 0.6924455310726969071, 1.000000000000000000),
 ( 1.000000000000000000, 0.6922728347064683874, 1.000000000000000000),
 ( 1.000000000000000000, 0.6920443954555963728, 1.000000000000000000),
 ( 1.000000000000000000, 0.6919866675712313953, 1.000000000000000000),
 ( 1.000000000000000000, 0.6919852769385275160, 1.000000000000000000),
 ( 1.000000000000000000, 0.6920430725232125102, 1.000000000000000000),
 ( 1.000000000000000000, 0.6922711327394932557, 1.000000000000000000),
 ( 1.000000000000000000, 0.6924407042322012762, 1.000000000000000000),
 ( 1.000000000000000000, 0.6931143354385793653, 1.000000000000000000),
 ( 1.000000000000000000, 0.6937914730024203891, 1.000000000000000000),
 ( 1.000000000000000000, 0.6946583704589975872, 1.000000000000000000) ) ) 
 REPRESENTATION_ITEM ( '' )  SURFACE ( )  );
#4655 = CYLINDRICAL_SURFACE ( 'NONE', #5164, 0.009999999999999998473 ) ;
#4656 = FACE_OUTER_BOUND ( 'NONE', #6556, .T. ) ;
#4657 = CARTESIAN_POINT ( 'NONE',  ( -0.7246195482984484348, -0.06757899394694004414, 0.5000000000000001110 ) ) ;
#4658 = VERTEX_POINT ( 'NONE', #1580 ) ;
#4659 = EDGE_LOOP ( 'NONE', ( #1486, #5797, #1079, #8597 ) ) ;
#4660 = VERTEX_POINT ( 'NONE', #833 ) ;
#4661 = ORIENTED_EDGE ( 'NONE', *, *, #4351, .F. ) ;
#4662 = CARTESIAN_POINT ( 'NONE',  ( 0.000000000000000000, 0.000000000000000000, 0.000000000000000000 ) ) ;
#4663 = CARTESIAN_POINT ( 'NONE',  ( -0.4668783327685890883, 0.09973826466454051298, -1.350226181745077024E-15 ) ) ;
#4664 = CARTESIAN_POINT ( 'NONE',  ( -0.4216041897867853772, -0.5659920772449633652, 0.3329279421498753666 ) ) ;
#4665 = CARTESIAN_POINT ( 'NONE',  ( -0.4910472265529297609, -0.09377495290798226746, 0.000000000000000000 ) ) ;
#4666 = EDGE_CURVE ( 'NONE', #1185, #8145, #1801, .T. ) ;
#4667 = DIRECTION ( 'NONE',  ( -0.000000000000000000, -0.000000000000000000, -1.000000000000000000 ) ) ;
#4668 = FACE_OUTER_BOUND ( 'NONE', #6242, .T. ) ;
#4669 = CARTESIAN_POINT ( 'NONE',  ( 0.4791335614756483952, -0.08504065974977045861, -0.000000000000000000 ) ) ;
#4670 = CARTESIAN_POINT ( 'NONE',  ( -0.5053441710223316452, -0.6077732264726879441, 0.000000000000000000 ) ) ;
#4671 = VERTEX_POINT ( 'NONE', #250 ) ;
#4672 = B_SPLINE_CURVE_WITH_KNOTS ( 'NONE', 3,
 ( #133, #8210, #4190, #845, #6267, #6223, #3008, #4408, #1644, #7626, #4318, #932 ),
 .UNSPECIFIED., .F., .F.,
 ( 4, 2, 2, 2, 2, 4 ),
 ( 8.542522420166516410E-18, 0.0007662348534834787384, 0.001149352280225213012, 0.001532469706966947719, 0.002298704560450417350, 0.003064939413933887198 ),
 .UNSPECIFIED. ) ;
#4673 = CARTESIAN_POINT ( 'NONE',  ( 0.4182147465210503956, 0.1208687529484952922, 0.000000000000000000 ) ) ;
#4674 = CARTESIAN_POINT ( 'NONE',  ( 0.1536438413766642308, 0.4461039728124969739, 0.000000000000000000 ) ) ;
#4675 = CARTESIAN_POINT ( 'NONE',  ( 7.549931687547296045E-16, 0.06663272750605529759, 0.5000000000000000000 ) ) ;
#4676 = CARTESIAN_POINT ( 'NONE',  ( 0.2895607292415475764, -0.3146595769350550298, 0.5000000000000000000 ) ) ;
#4677 = EDGE_CURVE ( 'NONE', #4801, #8097, #7970, .T. ) ;
#4678 = CARTESIAN_POINT ( 'NONE',  ( 0.1870151214018206109, -0.4571851470637369741, 0.4899999999999999911 ) ) ;
#4679 = CARTESIAN_POINT ( 'NONE',  ( -0.2289423922524322641, 0.7976018969534061087, 0.4956723019460246848 ) ) ;
#4680 = CARTESIAN_POINT ( 'NONE',  ( 0.08118988160479161109, 0.04687499999999909100, 0.000000000000000000 ) ) ;
#4681 = CARTESIAN_POINT ( 'NONE',  ( -0.7845073231662481605, 0.2129649413040226869, 0.01038462037918854233 ) ) ;
#4682 = ORIENTED_EDGE ( 'NONE', *, *, #1598, .T. ) ;
#4683 = DIRECTION ( 'NONE',  ( -0.8660254037844327124, 0.5000000000000103251, 0.000000000000000000 ) ) ;
#4684 = CARTESIAN_POINT ( 'NONE',  ( -0.3985901733288166882, -0.1328343088133459859, 0.5000000000000000000 ) ) ;
#4685 = EDGE_CURVE ( 'NONE', #465, #4828, #4056, .T. ) ;
#4686 = B_SPLINE_CURVE_WITH_KNOTS ( 'NONE', 3,
 ( #6920, #7760, #7050, #2393, #8474, #6964, #4942, #262, #3006, #1732, #5073, #3659, #4406, #8432, #216, #6314, #2260, #5030 ),
 .UNSPECIFIED., .F., .F.,
 ( 4, 2, 2, 2, 2, 2, 2, 2, 4 ),
 ( 0.000000000000000000, 0.0006407458912126987646, 0.001281491782425397529, 0.001922237673638096294, 0.002562983564850795058, 0.003203729456063494040, 0.003844475347276192587, 0.004485221238488891135, 0.005125967129701590116 ),
 .UNSPECIFIED. ) ;
#4687 = CARTESIAN_POINT ( 'NONE',  ( 0.06985467811362726376, 0.4258955331109855469, 0.1696798237513106877 ) ) ;
#4688 = CARTESIAN_POINT ( 'NONE',  ( -0.1329496489171616003, -0.4100487623791865821, 0.5000000000000000000 ) ) ;
#4689 = CARTESIAN_POINT ( 'NONE',  ( 0.1045800106076179292, -0.4226502634511309364, 0.000000000000000000 ) ) ;
#4690 = CARTESIAN_POINT ( 'NONE',  ( -0.2855064447635592417, -0.7009521562529548167, 0.000000000000000000 ) ) ;
#4691 = EDGE_LOOP ( 'NONE', ( #5821, #4158, #3543, #3555 ) ) ;
#4692 = CARTESIAN_POINT ( 'NONE',  ( -0.2027673521306033455, 0.7974811915099430104, 0.000000000000000000 ) ) ;
#4693 = FACE_BOUND ( 'NONE', #2693, .T. ) ;
#4694 = ADVANCED_FACE ( 'NONE', ( #2955 ), #4927, .T. ) ;
#4695 = DIRECTION ( 'NONE',  ( -0.8660254037844447028, -0.4999999999999893974, 0.000000000000000000 ) ) ;
#4696 = DIRECTION ( 'NONE',  ( -1.000000000000000000, 6.217248937900875838E-15, 0.000000000000000000 ) ) ;
#4697 = VECTOR ( 'NONE', #6607, 39.37007874015748143 ) ;
#4698 = LINE ( 'NONE', #3179, #5158 ) ;
#4699 = CARTESIAN_POINT ( 'NONE',  ( -0.1170533829099087153, 0.4364705312278729377, 0.01042152944120965964 ) ) ;
#4700 = ORIENTED_EDGE ( 'NONE', *, *, #7585, .F. ) ;
#4701 = VERTEX_POINT ( 'NONE', #4534 ) ;
#4702 = B_SPLINE_CURVE_WITH_KNOTS ( 'NONE', 3,
 ( #6241, #2191, #2236, #4875, #8317, #1483, #4166, #6862, #4918, #7560, #6203, #1531, #2983, #4336, #149, #5532, #1613, #993 ),
 .UNSPECIFIED., .F., .F.,
 ( 4, 2, 2, 2, 2, 2, 2, 2, 4 ),
 ( 0.000000000000000000, 0.0006380346551507823632, 0.001276069310301564726, 0.001914103965452347090, 0.002552138620603129453, 0.003190173275753912033, 0.003828207930904694179, 0.004466242586055476325, 0.005104277241206258905 ),
 .UNSPECIFIED. ) ;
#4703 = VERTEX_POINT ( 'NONE', #6565 ) ;
#4704 = ORIENTED_EDGE ( 'NONE', *, *, #595, .F. ) ;
#4705 = AXIS2_PLACEMENT_3D ( 'NONE', #7470, #1439, #4125 ) ;
#4706 = CARTESIAN_POINT ( 'NONE',  ( -0.1353027212063708240, -0.4214443850843853645, 0.005824648959441180128 ) ) ;
#4707 = DIRECTION ( 'NONE',  ( -0.000000000000000000, -0.000000000000000000, -1.000000000000000000 ) ) ;
#4708 = CARTESIAN_POINT ( 'NONE',  ( 0.2702244580981251199, 0.7224458818257157855, 3.657778322305335116E-15 ) ) ;
#4709 = CARTESIAN_POINT ( 'NONE',  ( -0.4666047651416332931, -0.09938447468196935641, 0.01041051843158980611 ) ) ;
#4710 = CARTESIAN_POINT ( 'NONE',  ( -0.7964151768460996372, 0.1897815150551908359, -0.000000000000000000 ) ) ;
#4711 = CARTESIAN_POINT ( 'NONE',  ( -0.1473395595144176007, 0.4538706977364461159, 0.01041038153440479279 ) ) ;
#4712 = CARTESIAN_POINT ( 'NONE',  ( -0.8052959206159009398, -0.2008300786408949157, 0.5000000000000000000 ) ) ;
#4713 = CARTESIAN_POINT ( 'NONE',  ( -0.5820985525111151970, 0.5673666560794277114, 0.01034899496702500026 ) ) ;
#4714 = CARTESIAN_POINT ( 'NONE',  ( -0.4886043013016082015, -0.6056935684657758223, 0.000000000000000000 ) ) ;
#4715 = CIRCLE ( 'NONE', #895, 0.8128613948677146928 ) ;
#4716 = ORIENTED_EDGE ( 'NONE', *, *, #2479, .F. ) ;
#4717 = CARTESIAN_POINT ( 'NONE',  ( 0.4809653998091357185, 0.09534231969153365849, -2.134256245050205639E-17 ) ) ;
#4718 = CARTESIAN_POINT ( 'NONE',  ( -0.3246879852818755352, 0.3867267871553604075, 0.1696798239621521709 ) ) ;
#4719 = CIRCLE ( 'NONE', #5124, 0.4371386051322854183 ) ;
#4720 = CARTESIAN_POINT ( 'NONE',  ( 0.5811457637080581495, 0.5724200005520158063, 0.09181531335406455108 ) ) ;
#4721 = CARTESIAN_POINT ( 'NONE',  ( -0.3083900101726177456, -0.7268768763894581930, 0.5000000000000000000 ) ) ;
#4722 = DIRECTION ( 'NONE',  ( -1.000000000000000000, 1.178029542708651597E-14, -4.926668592314091391E-32 ) ) ;
#4723 = CARTESIAN_POINT ( 'NONE',  ( -0.7079997865524696454, -0.07628961525411802336, 0.5000000000000000000 ) ) ;
#4724 = CARTESIAN_POINT ( 'NONE',  ( -0.4854607299738561421, 0.6228001798175364367, 0.4905662334674579239 ) ) ;
#4725 = AXIS2_PLACEMENT_3D ( 'NONE', #4287, #5618, #5707 ) ;
#4726 = EDGE_CURVE ( 'NONE', #4122, #6463, #8415, .T. ) ;
#4727 = ORIENTED_EDGE ( 'NONE', *, *, #8688, .T. ) ;
#4728 = CARTESIAN_POINT ( 'NONE',  ( -0.1380063385240842544, 0.4147714192356148910, 0.1684179791202252141 ) ) ;
#4729 = CARTESIAN_POINT ( 'NONE',  ( -0.5518219747568368083, 0.6144733002592681625, 0.4904674462092139531 ) ) ;
#4730 = CARTESIAN_POINT ( 'NONE',  ( 0.8041321654960799092, -0.1225326033267869624, 0.5000000000000000000 ) ) ;
#4731 = CARTESIAN_POINT ( 'NONE',  ( -0.3324124951561732155, -0.2682434064827273756, 0.000000000000000000 ) ) ;
#4732 = CARTESIAN_POINT ( 'NONE',  ( 0.2194264133195216182, -0.7944009220294926399, 0.3332838527124466488 ) ) ;
#4733 = CARTESIAN_POINT ( 'NONE',  ( 0.8068158937998357594, -0.1933473483427859962, 0.4903829658246940393 ) ) ;
#4734 = PRODUCT_RELATED_PRODUCT_CATEGORY ( 'part', '', ( #5081 ) ) ;
#4735 = EDGE_CURVE ( 'NONE', #2583, #7467, #2709, .T. ) ;
#4736 = CIRCLE ( 'NONE', #3744, 0.01000000000000002970 ) ;
#4737 = CARTESIAN_POINT ( 'NONE',  ( 0.3001942967569266041, -0.6792099302775557179, 0.5000000000000000000 ) ) ;
#4738 = ORIENTED_EDGE ( 'NONE', *, *, #4223, .T. ) ;
#4739 = CARTESIAN_POINT ( 'NONE',  ( -0.2695366042947879293, 0.7488535778201004245, -0.000000000000000000 ) ) ;
#4740 = CARTESIAN_POINT ( 'NONE',  ( -0.2999743171470069525, -0.7502290296569678052, 0.5000000000000000000 ) ) ;
#4741 = CARTESIAN_POINT ( 'NONE',  ( -0.7913778081929750963, -0.1208889357018411714, 0.4905662946009493042 ) ) ;
#4742 = CARTESIAN_POINT ( 'NONE',  ( -0.1355776593043070966, 0.4338431644321952274, 0.000000000000000000 ) ) ;
#4743 = CIRCLE ( 'NONE', #7278, 0.01000000000000000021 ) ;
#4744 = CARTESIAN_POINT ( 'NONE',  ( 0.09021097956088186542, 0.1562499999999989730, 0.5000000000000000000 ) ) ;
#4745 = CARTESIAN_POINT ( 'NONE',  ( 0.000000000000000000, 0.000000000000000000, 0.000000000000000000 ) ) ;
#4746 = EDGE_CURVE ( 'NONE', #4660, #1218, #5810, .T. ) ;
#4747 = ORIENTED_EDGE ( 'NONE', *, *, #1827, .F. ) ;
#4748 = EDGE_CURVE ( 'NONE', #8120, #8608, #2426, .T. ) ;
#4749 = EDGE_LOOP ( 'NONE', ( #827, #2859, #1072, #7508 ) ) ;
#4750 = EDGE_LOOP ( 'NONE', ( #7971, #906, #2492, #8407 ) ) ;
#4751 = ORIENTED_EDGE ( 'NONE', *, *, #8378, .F. ) ;
#4752 = AXIS2_PLACEMENT_3D ( 'NONE', #2307, #4990, #3704 ) ;
#4753 = CARTESIAN_POINT ( 'NONE',  ( 0.2877804500620982364, 0.7528388832178130041, 0.5000000000000000000 ) ) ;
#4754 = CARTESIAN_POINT ( 'NONE',  ( 0.1727603114359653469, 0.4660190306626916801, -0.000000000000000000 ) ) ;
#4755 = CARTESIAN_POINT ( 'NONE',  ( 0.2855064447635704550, 0.7009521562529401617, 0.000000000000000000 ) ) ;
#4756 = CARTESIAN_POINT ( 'NONE',  ( 0.5080023768539877471, 0.6259615410323087215, 0.4905661903357161346 ) ) ;
#4757 = CARTESIAN_POINT ( 'NONE',  ( 0.2793659149528534003, 0.6480988665397124926, 0.3332843519825594569 ) ) ;
#4758 = CARTESIAN_POINT ( 'NONE',  ( -0.5818397538638796496, 0.5671144071733851266, 0.000000000000000000 ) ) ;
#4759 = CARTESIAN_POINT ( 'NONE',  ( 0.7015158398261484018, 0.09470820417865560836, 0.000000000000000000 ) ) ;
#4760 = AXIS2_PLACEMENT_3D ( 'NONE', #2223, #7464, #7629 ) ;
#4761 = VECTOR ( 'NONE', #5602, 39.37007874015748854 ) ;
#4762 = VERTEX_POINT ( 'NONE', #6478 ) ;
#4763 = CARTESIAN_POINT ( 'NONE',  ( 0.4025106079064637576, 0.1433918012433283984, 0.000000000000000000 ) ) ;
#4764 = CARTESIAN_POINT ( 'NONE',  ( 0.1430707721576580660, 0.4510336322913808260, 4.026718297629863066E-15 ) ) ;
#4765 = AXIS2_PLACEMENT_3D ( 'NONE', #5325, #4567, #3217 ) ;
#4766 = DIRECTION ( 'NONE',  ( -0.000000000000000000, -0.000000000000000000, -1.000000000000000000 ) ) ;
#4767 = CARTESIAN_POINT ( 'NONE',  ( 0.7249248560905597882, -0.06663272753916373026, 0.5000000000000000000 ) ) ;
#4768 = CARTESIAN_POINT ( 'NONE',  ( -0.2959363269598383472, -0.7576725706440278207, 0.4999999999999999445 ) ) ;
#4769 = CARTESIAN_POINT ( 'NONE',  ( -7.879492197718003456E-16, -0.06663272750605526984, 0.5000000000000000000 ) ) ;
#4770 = CARTESIAN_POINT ( 'NONE',  ( -0.4208348996452183077, 0.5937494399518860044, 0.5000000000000000000 ) ) ;
#4771 = AXIS2_PLACEMENT_3D ( 'NONE', #2902, #5579, #5024 ) ;
#4772 = VERTEX_POINT ( 'NONE', #434 ) ;
#4773 = CARTESIAN_POINT ( 'NONE',  ( -0.2240387489162587453, -0.7959614442445807070, 0.4118156074920729104 ) ) ;
#4774 = CARTESIAN_POINT ( 'NONE',  ( -0.4356522555110713957, -0.08052422007301002216, 0.5000000000000000000 ) ) ;
#4775 = CARTESIAN_POINT ( 'NONE',  ( -0.3172041793578774249, -0.3826243612968346364, 0.000000000000000000 ) ) ;
#4776 = EDGE_CURVE ( 'NONE', #3076, #2073, #8261, .T. ) ;
#4777 = CARTESIAN_POINT ( 'NONE',  ( 0.2240387489162398438, -0.7959614442445858140, 0.4118156074920660825 ) ) ;
#4778 =( NAMED_UNIT ( * ) SI_UNIT ( $, .STERADIAN. ) SOLID_ANGLE_UNIT ( ) );
#4779 = CARTESIAN_POINT ( 'NONE',  ( 0.2962942585325363809, -0.6464621647814284833, 0.5000000000000000000 ) ) ;
#4780 = ORIENTED_EDGE ( 'NONE', *, *, #2035, .T. ) ;
#4781 = CARTESIAN_POINT ( 'NONE',  ( -0.1429753169424164694, -0.4261455369212468480, 0.4904246920857203706 ) ) ;
#4782 = CARTESIAN_POINT ( 'NONE',  ( -0.09021097956087610614, -0.1562500000000009992, 0.01000000000000002970 ) ) ;
#4783 = CARTESIAN_POINT ( 'NONE',  ( 0.4666051514373326659, 0.09938433204950578026, 0.01041051800422893546 ) ) ;
#4784 = EDGE_CURVE ( 'NONE', #8481, #6737, #7550, .T. ) ;
#4785 = DIRECTION ( 'NONE',  ( -0.4999999999999915068, -0.8660254037844435926, -0.000000000000000000 ) ) ;
#4786 = CARTESIAN_POINT ( 'NONE',  ( -0.6935818778212848867, 0.08780689731627981665, 0.1701881937376086285 ) ) ;
#4787 = CARTESIAN_POINT ( 'NONE',  ( 0.4831706927893364978, 0.5934427011430333243, 7.029506100876321149E-15 ) ) ;
#4788 = VERTEX_POINT ( 'NONE', #5290 ) ;
#4789 = VERTEX_POINT ( 'NONE', #3271 ) ;
#4790 = ORIENTED_EDGE ( 'NONE', *, *, #3447, .T. ) ;
#4791 = CARTESIAN_POINT ( 'NONE',  ( 0.2736873934196091818, 0.7705691609221340110, 0.4905280430908285361 ) ) ;
#4792 = CARTESIAN_POINT ( 'NONE',  ( -0.5802297729516548985, -0.5772831004680757383, 0.1701881930209458715 ) ) ;
#4793 = CARTESIAN_POINT ( 'NONE',  ( 0.2289823900074220986, 0.7762829878594321720, -5.049616775552381694E-15 ) ) ;
#4794 = EDGE_CURVE ( 'NONE', #4085, #7646, #3616, .T. ) ;
#4795 = CARTESIAN_POINT ( 'NONE',  ( 0.5230780173301543545, -0.6238020049284500601, 0.4905422489912566464 ) ) ;
#4796 = CARTESIAN_POINT ( 'NONE',  ( -0.1217892462942391230, 0.4383150319588267063, 0.01042312828344360218 ) ) ;
#4797 = CARTESIAN_POINT ( 'NONE',  ( -0.7954020710772189418, -0.1274512015483975358, 0.4905613826544263367 ) ) ;
#4798 = CARTESIAN_POINT ( 'NONE',  ( -0.4327776306786005334, 0.5601764363572985239, 5.472311436014554512E-15 ) ) ;
#4799 = B_SPLINE_CURVE_WITH_KNOTS ( 'NONE', 3,
 ( #7962, #3250, #7871, #4419, #7109, #2495, #5084, #7294, #1884, #8578, #5178, #363, #6591, #7157, #6544, #3763, #8485, #409 ),
 .UNSPECIFIED., .F., .F.,
 ( 4, 2, 2, 2, 2, 2, 2, 2, 4 ),
 ( 0.000000000000000000, 0.0006407458912126983309, 0.001281491782425396662, 0.001922237673638094993, 0.002562983564850793324, 0.003203729456063491438, 0.003844475347276189985, 0.004485221238488888533, 0.005125967129701586647 ),
 .UNSPECIFIED. ) ;
#4800 = CARTESIAN_POINT ( 'NONE',  ( 0.6862088809542779000, 0.09374999999999207578, -2.134256245050205639E-18 ) ) ;
#4801 = VERTEX_POINT ( 'NONE', #6504 ) ;
#4802 = CARTESIAN_POINT ( 'NONE',  ( 0.4167609702602397825, 0.1394941842928016651, 1.067128122525102820E-17 ) ) ;
#4803 = CARTESIAN_POINT ( 'NONE',  ( 0.5802297729520879965, 0.5772831004676329814, 0.1701881930209799831 ) ) ;
#4804 = CARTESIAN_POINT ( 'NONE',  ( 0.2978167754704093007, -0.3470907114036475560, 0.4999999999999999445 ) ) ;
#4805 = EDGE_CURVE ( 'NONE', #4996, #1215, #7701, .T. ) ;
#4806 = CARTESIAN_POINT ( 'NONE',  ( 0.7383102025014802727, -0.07962907807605471011, 0.5000000000000000000 ) ) ;
#4807 = CARTESIAN_POINT ( 'NONE',  ( 0.2110339598914360015, -0.7953793260557969758, 0.000000000000000000 ) ) ;
#4808 = CARTESIAN_POINT ( 'NONE',  ( -0.2879192225005341998, 0.6515722054472667946, 0.4956723019460246848 ) ) ;
#4809 = CARTESIAN_POINT ( 'NONE',  ( -0.5230759679169177945, 0.6238023074908825016, 0.4905422522975384503 ) ) ;
#4810 = B_SPLINE_CURVE_WITH_KNOTS ( 'NONE', 3,
 ( #2570, #5248, #7945, #4589, #7281, #3933, #5424, #3374, #1455, #2742, #6835, #2081, #159, #718, #6712, #2701, #674, #3491 ),
 .UNSPECIFIED., .F., .F.,
 ( 4, 2, 2, 2, 2, 2, 2, 2, 4 ),
 ( 2.709746383411447537E-17, 0.0005890685094930928891, 0.001178137018986158673, 0.001767205528479224566, 0.002356274037972290025, 0.002945342547465355700, 0.003534411056958421810, 0.004123479566451487485, 0.004712548075944553161 ),
 .UNSPECIFIED. ) ;
#4811 = FACE_OUTER_BOUND ( 'NONE', #2933, .T. ) ;
#4812 = CARTESIAN_POINT ( 'NONE',  ( 0.09021097956088183767, -0.1562500000000009992, 0.4958578643762691085 ) ) ;
#4813 = CARTESIAN_POINT ( 'NONE',  ( 0.2876392800874612021, -0.6514591189165259699, 0.4903489949670347126 ) ) ;
#4814 = DIRECTION ( 'NONE',  ( 0.4999999999999987788, -0.8660254037844395958, 1.701187674979108403E-13 ) ) ;
#4815 = CARTESIAN_POINT ( 'NONE',  ( 0.6862088809542766787, -0.08339469686210233823, 0.01000000000000000021 ) ) ;
#4816 = CARTESIAN_POINT ( 'NONE',  ( -0.7232592098226577892, 0.07750679952478312096, 0.4904138974439158360 ) ) ;
#4817 = DIRECTION ( 'NONE',  ( 0.5000000000000003331, -0.8660254037844384856, 0.000000000000000000 ) ) ;
#4818 = CARTESIAN_POINT ( 'NONE',  ( 0.09484161785253698851, -0.4021152600780866226, 0.4999999999999999445 ) ) ;
#4819 = CARTESIAN_POINT ( 'NONE',  ( -0.2622275360085942197, -0.6409686257750367711, 0.01034899496702861715 ) ) ;
#4820 = B_SPLINE_CURVE_WITH_KNOTS ( 'NONE', 3,
 ( #8748, #7360, #8197, #6709, #6794, #670, #4062 ),
 .UNSPECIFIED., .F., .F.,
 ( 4, 3, 4 ),
 ( 0.0002453330536732115227, 0.005080000045169059779, 0.01244711815570814263 ),
 .UNSPECIFIED. ) ;
#4821 = CARTESIAN_POINT ( 'NONE',  ( 0.5651118417437656083, 0.6069486394658040185, 0.5000000000000000000 ) ) ;
#4822 = CARTESIAN_POINT ( 'NONE',  ( 0.5134629706208886368, 0.5978431680103437618, 0.01057234243720662874 ) ) ;
#4823 = EDGE_LOOP ( 'NONE', ( #1206, #3627, #7030, #3426 ) ) ;
#4824 = ORIENTED_EDGE ( 'NONE', *, *, #5255, .T. ) ;
#4825 =( BOUNDED_SURFACE ( )  B_SPLINE_SURFACE ( 3, 2, ( 
 ( #331, #5759, #4387 ),
 ( #3731, #6513, #5056 ),
 ( #5234, #4433, #8456 ),
 ( #7174, #1043, #3264 ) ),
 .UNSPECIFIED., .F., .F., .F. ) 
 B_SPLINE_SURFACE_WITH_KNOTS ( ( 4, 4 ),
 ( 3, 3 ),
 ( 0.01979716286801407391, 0.03216910638057764865 ),
 ( 0.000000000000000000, 1.000000000000000000 ),
 .UNSPECIFIED. ) 
 GEOMETRIC_REPRESENTATION_ITEM ( )  RATIONAL_B_SPLINE_SURFACE ( (
 ( 1.000000000000000000, 0.8185296408697565473, 1.000000000000000000),
 ( 1.000000000000000000, 0.8207248282202060929, 1.000000000000000000),
 ( 1.000000000000000000, 0.8228396131667767843, 1.000000000000000000),
 ( 1.000000000000000000, 0.8248823227260290158, 1.000000000000000000) ) ) 
 REPRESENTATION_ITEM ( '' )  SURFACE ( )  );
#4826 = EDGE_CURVE ( 'NONE', #6180, #862, #2787, .T. ) ;
#4827 = VERTEX_POINT ( 'NONE', #6371 ) ;
#4828 = VERTEX_POINT ( 'NONE', #2370 ) ;
#4829 = CARTESIAN_POINT ( 'NONE',  ( 0.3037846486585146777, 0.6613284338677873908, 0.5000000000000000000 ) ) ;
#4830 = DIRECTION ( 'NONE',  ( 0.2711763743890532874, -0.9625296743338399574, 0.000000000000000000 ) ) ;
#4831 = CARTESIAN_POINT ( 'NONE',  ( 0.5010756907753636247, -0.09338860513229108040, 0.01034899496702501066 ) ) ;
#4832 = AXIS2_PLACEMENT_3D ( 'NONE', #6856, #3471, #3515 ) ;
#4833 = CARTESIAN_POINT ( 'NONE',  ( 0.5763377827354058125, -0.5967492661558787548, 0.4903489949670350456 ) ) ;
#4834 = CARTESIAN_POINT ( 'NONE',  ( 0.1700558973939757246, 0.4347275761602483746, 0.5000000000000001110 ) ) ;
#4835 = CARTESIAN_POINT ( 'NONE',  ( -0.8190159077551404376, -0.1700158149991613521, 0.5000000000000000000 ) ) ;
#4836 = CARTESIAN_POINT ( 'NONE',  ( -0.5137499330457735436, 0.6078452795858240165, 0.000000000000000000 ) ) ;
#4837 = CARTESIAN_POINT ( 'NONE',  ( 0.7832844202146571622, 0.1409978534172931230, 0.000000000000000000 ) ) ;
#4838 = ORIENTED_EDGE ( 'NONE', *, *, #7257, .T. ) ;
#4839 = ORIENTED_EDGE ( 'NONE', *, *, #4628, .T. ) ;
#4840 = ORIENTED_EDGE ( 'NONE', *, *, #2862, .F. ) ;
#4841 = ADVANCED_FACE ( 'NONE', ( #1705 ), #5831, .F. ) ;
#4842 = CARTESIAN_POINT ( 'NONE',  ( 0.4203184710669197188, 0.5751314636469598840, 0.4956723019460246848 ) ) ;
#4843 = CARTESIAN_POINT ( 'NONE',  ( 0.2922374109530142539, -0.3038184603255347782, 0.5000000000000000000 ) ) ;
#4844 = CARTESIAN_POINT ( 'NONE',  ( 0.2751473566435649332, -0.6433585949991330599, -0.000000000000000000 ) ) ;
#4845 = CIRCLE ( 'NONE', #6825, 0.01000000000000000888 ) ;
#4846 = CARTESIAN_POINT ( 'NONE',  ( 0.7079997865524670919, -0.06663272750606362427, 0.4899999999999999911 ) ) ;
#4847 = CARTESIAN_POINT ( 'NONE',  ( -0.4596491382895405708, 0.6244944581552359653, 0.5000000000000000000 ) ) ;
#4848 = ORIENTED_EDGE ( 'NONE', *, *, #7312, .T. ) ;
#4849 = ADVANCED_FACE ( 'NONE', ( #1843 ), #3380, .T. ) ;
#4850 = CARTESIAN_POINT ( 'NONE',  ( 0.3079210382448729910, 0.3398130151929668608, 0.000000000000000000 ) ) ;
#4851 = CARTESIAN_POINT ( 'NONE',  ( -0.4235736738378038102, -0.1006845868607327693, 0.5000000000000000000 ) ) ;
#4852 = FACE_BOUND ( 'NONE', #7376, .T. ) ;
#4853 = DIRECTION ( 'NONE',  ( -1.000000000000000000, 1.366756588017023588E-14, 0.000000000000000000 ) ) ;
#4854 = TOROIDAL_SURFACE ( 'NONE', #6256, 0.8396172724939445775, 0.01000000000000000021 ) ;
#4855 = CARTESIAN_POINT ( 'NONE',  ( 0.3987376623598043457, 0.1465214600382232779, 0.3635569265345392487 ) ) ;
#4856 =( BOUNDED_SURFACE ( )  B_SPLINE_SURFACE ( 3, 2, ( 
 ( #351, #1593, #7669 ),
 ( #844, #4271, #1643 ),
 ( #7717, #4317, #5557 ),
 ( #8251, #7010, #1690 ),
 ( #3660, #8300, #5690 ),
 ( #975, #3702, #4363 ),
 ( #306, #2218, #1552 ),
 ( #3007, #1019, #3621 ),
 ( #1511, #2967, #6921 ),
 ( #3575, #6401, #4903 ),
 ( #4189, #3537, #7586 ),
 ( #2263, #4943, #6965 ),
 ( #6315, #7804, #2394 ),
 ( #588, #3101, #445 ),
 ( #1831, #5924, #1733 ),
 ( #1779, #7952, #5117 ) ),
 .UNSPECIFIED., .F., .F., .F. ) 
 B_SPLINE_SURFACE_WITH_KNOTS ( ( 4, 2, 2, 2, 2, 2, 2, 4 ),
 ( 3, 3 ),
 ( 2.038300084272748336E-17, 0.0006302862164564796690, 0.001260572432912938955, 0.001890858649369398133, 0.002521144865825857527, 0.003151431082282316921, 0.003781717298738776316, 0.005042289731651695105 ),
 ( 0.000000000000000000, 1.000000000000000000 ),
 .UNSPECIFIED. ) 
 GEOMETRIC_REPRESENTATION_ITEM ( )  RATIONAL_B_SPLINE_SURFACE ( (
 ( 1.000000000000000000, 0.7193398003386507478, 1.000000000000000000),
 ( 1.000000000000000000, 0.7205203109737633449, 1.000000000000000000),
 ( 1.000000000000000000, 0.7215723838609047203, 1.000000000000000000),
 ( 1.000000000000000000, 0.7234284248569746723, 1.000000000000000000),
 ( 1.000000000000000000, 0.7242364760474390151, 1.000000000000000000),
 ( 1.000000000000000000, 0.7255244946207154433, 1.000000000000000000),
 ( 1.000000000000000000, 0.7260172650832382724, 1.000000000000000000),
 ( 1.000000000000000000, 0.7266858690948606592, 1.000000000000000000),
 ( 1.000000000000000000, 0.7268505164665546303, 1.000000000000000000),
 ( 1.000000000000000000, 0.7268526187166870489, 1.000000000000000000),
 ( 1.000000000000000000, 0.7266837284338526493, 1.000000000000000000),
 ( 1.000000000000000000, 0.7260252910178864871, 1.000000000000000000),
 ( 1.000000000000000000, 0.7255360622058737441, 1.000000000000000000),
 ( 1.000000000000000000, 0.7235853240588526747, 1.000000000000000000),
 ( 1.000000000000000000, 0.7217167785968565674, 1.000000000000000000),
 ( 1.000000000000000000, 0.7193398003386475281, 1.000000000000000000) ) ) 
 REPRESENTATION_ITEM ( '' )  SURFACE ( )  );
#4857 = CARTESIAN_POINT ( 'NONE',  ( -0.3013355912532720837, -0.7019722779060367790, 0.4905277075521675134 ) ) ;
#4858 = CARTESIAN_POINT ( 'NONE',  ( 0.5801797670649507799, -0.5774384982670197619, 0.1732836465128083647 ) ) ;
#4859 = CARTESIAN_POINT ( 'NONE',  ( -0.4182147465210550585, -0.1208687529484967077, 0.000000000000000000 ) ) ;
#4860 = DIRECTION ( 'NONE',  ( 0.8660254037844423713, -0.4999999999999936717, 0.000000000000000000 ) ) ;
#4861 = CARTESIAN_POINT ( 'NONE',  ( -0.7009656121275705809, 0.08212390007482917031, 0.3329279421499021785 ) ) ;
#4862 = CARTESIAN_POINT ( 'NONE',  ( 0.5058428457327600603, 0.5971586440548102281, 0.000000000000000000 ) ) ;
#4863 = ORIENTED_EDGE ( 'NONE', *, *, #3242, .T. ) ;
#4864 = EDGE_LOOP ( 'NONE', ( #4429, #6032, #6644, #5080 ) ) ;
#4865 = ORIENTED_EDGE ( 'NONE', *, *, #7152, .F. ) ;
#4866 = DIRECTION ( 'NONE',  ( -0.4999999999999987788, 0.8660254037844393737, 1.659115480894475076E-13 ) ) ;
#4867 = CARTESIAN_POINT ( 'NONE',  ( -0.3227597714111629656, -0.3922469289992507879, 0.000000000000000000 ) ) ;
#4868 = CARTESIAN_POINT ( 'NONE',  ( -0.2971577495163172378, 0.3368991036448416576, 0.4999999999999999445 ) ) ;
#4869 = CARTESIAN_POINT ( 'NONE',  ( 0.2723591522825222211, 0.7151543499744352772, 0.000000000000000000 ) ) ;
#4870 = AXIS2_PLACEMENT_3D ( 'NONE', #6255, #6344, #161 ) ;
#4871 = CARTESIAN_POINT ( 'NONE',  ( 0.4286584041152624036, -0.5874893135626213514, 0.4904133102372345565 ) ) ;
#4872 = LINE ( 'NONE', #7557, #6934 ) ;
#4873 =( NAMED_UNIT ( * ) PLANE_ANGLE_UNIT ( ) SI_UNIT ( $, .RADIAN. ) );
#4874 = EDGE_CURVE ( 'NONE', #7202, #815, #3969, .T. ) ;
#4875 = CARTESIAN_POINT ( 'NONE',  ( 0.7409384031463635001, -0.07134843886710082184, 0.4999999999999998335 ) ) ;
#4876 =( BOUNDED_SURFACE ( )  B_SPLINE_SURFACE ( 3, 2, ( 
 ( #1772, #6350, #3141 ),
 ( #1685, #5819, #2390 ),
 ( #1726, #1058, #4310 ),
 ( #6393, #4402, #7664 ),
 ( #3614, #301, #7850 ),
 ( #5683, #4356, #8376 ),
 ( #3695, #3746, #925 ),
 ( #6309, #346, #7092 ),
 ( #6437, #393, #3095 ),
 ( #6917, #3840, #8742 ),
 ( #1153, #6048, #7096 ),
 ( #5071, #1107, #5874 ),
 ( #495, #1872, #3192 ),
 ( #5163, #7903, #2694 ),
 ( #7354, #4447, #3050 ),
 ( #7855, #5822, #3364 ) ),
 .UNSPECIFIED., .F., .F., .T. ) 
 B_SPLINE_SURFACE_WITH_KNOTS ( ( 4, 2, 2, 2, 2, 2, 2, 4 ),
 ( 3, 3 ),
 ( -1.853985714950212582E-17, 0.0006407458898095702831, 0.001281491779619159214, 0.001922237669428748146, 0.002562983559238337077, 0.003203729449047926225, 0.003844475338857514940, 0.005125967118476692369 ),
 ( 0.000000000000000000, 1.000000000000000000 ),
 .UNSPECIFIED. ) 
 GEOMETRIC_REPRESENTATION_ITEM ( )  RATIONAL_B_SPLINE_SURFACE ( (
 ( 1.000000000000000000, 0.6946583704589973651, 1.000000000000000000),
 ( 1.000000000000000000, 0.6933767352690263230, 1.000000000000000000),
 ( 1.000000000000000000, 0.6922265565842771196, 1.000000000000000000),
 ( 1.000000000000000000, 0.6901872757727818275, 1.000000000000000000),
 ( 1.000000000000000000, 0.6892945585908084594, 1.000000000000000000),
 ( 1.000000000000000000, 0.6878675034584250669, 1.000000000000000000),
 ( 1.000000000000000000, 0.6873171547182028718, 1.000000000000000000),
 ( 1.000000000000000000, 0.6865733876658721702, 1.000000000000000000),
 ( 1.000000000000000000, 0.6863887938871844341, 1.000000000000000000),
 ( 1.000000000000000000, 0.6863856629341427151, 1.000000000000000000),
 ( 1.000000000000000000, 0.6865740075849581237, 1.000000000000000000),
 ( 1.000000000000000000, 0.6873061741181688555, 1.000000000000000000),
 ( 1.000000000000000000, 0.6878546578927170474, 1.000000000000000000),
 ( 1.000000000000000000, 0.6900093297037799278, 1.000000000000000000),
 ( 1.000000000000000000, 0.6920776673055217820, 1.000000000000000000),
 ( 1.000000000000000000, 0.6946583704589974761, 1.000000000000000000) ) ) 
 REPRESENTATION_ITEM ( '' )  SURFACE ( )  );
#4877 = ORIENTED_EDGE ( 'NONE', *, *, #3282, .T. ) ;
#4878 = ORIENTED_EDGE ( 'NONE', *, *, #4247, .F. ) ;
#4879 = CIRCLE ( 'NONE', #3604, 0.01000000000000001929 ) ;
#4880 = B_SPLINE_CURVE_WITH_KNOTS ( 'NONE', 3,
 ( #7044, #7661, #5729, #1632, #297, #208, #6215, #2296, #4978, #7576, #5592, #2871, #2915, #1682 ),
 .UNSPECIFIED., .F., .F.,
 ( 4, 2, 2, 2, 2, 2, 4 ),
 ( 4.336808689942017736E-19, 0.0008346611135208361742, 0.001251991670281252418, 0.001669322227041668662, 0.002086652783802084906, 0.002503983340562501367, 0.003338644454083332987 ),
 .UNSPECIFIED. ) ;
#4881 = CARTESIAN_POINT ( 'NONE',  ( -0.3199139368247512771, 0.2863528590311789634, -0.000000000000000000 ) ) ;
#4882 = LINE ( 'NONE', #6946, #7518 ) ;
#4883 = AXIS2_PLACEMENT_3D ( 'NONE', #629, #8039, #2784 ) ;
#4884 = CARTESIAN_POINT ( 'NONE',  ( -0.4282057550064102269, -0.08786871447177968530, 0.1684179820176117948 ) ) ;
#4885 = ADVANCED_FACE ( 'NONE', ( #5363 ), #8707, .T. ) ;
#4886 = CARTESIAN_POINT ( 'NONE',  ( -0.5623748008350173411, 0.5949276934611830159, 0.000000000000000000 ) ) ;
#4887 = CARTESIAN_POINT ( 'NONE',  ( -0.09598448225277243784, 0.1662499999999989542, 0.5000000000000000000 ) ) ;
#4888 = CARTESIAN_POINT ( 'NONE',  ( -0.07030919317355802112, -0.4246141677815837290, 0.2035570278951271128 ) ) ;
#4889 = CARTESIAN_POINT ( 'NONE',  ( 0.3024263908892106389, 0.3905524195576759450, 0.5000000000000000000 ) ) ;
#4890 = AXIS2_PLACEMENT_3D ( 'NONE', #556, #3765, #1886 ) ;
#4891 = CARTESIAN_POINT ( 'NONE',  ( 0.3194678449059620284, 0.3196066682180317975, 0.01042152950794355409 ) ) ;
#4892 = CARTESIAN_POINT ( 'NONE',  ( 0.8146658284480013945, -0.2031668088770963720, 0.5000000000000000000 ) ) ;
#4893 = FACE_BOUND ( 'NONE', #2105, .T. ) ;
#4894 = EDGE_CURVE ( 'NONE', #3849, #2663, #3344, .T. ) ;
#4895 = CARTESIAN_POINT ( 'NONE',  ( 0.3254347616285383493, -0.2768903508489265475, 0.000000000000000000 ) ) ;
#4896 = ADVANCED_FACE ( 'NONE', ( #7340 ), #2213, .T. ) ;
#4897 = CARTESIAN_POINT ( 'NONE',  ( 0.9896446968620942197, 0.000000000000000000, 0.000000000000000000 ) ) ;
#4898 = AXIS2_PLACEMENT_3D ( 'NONE', #1116, #6452, #8482 ) ;
#4899 = CARTESIAN_POINT ( 'NONE',  ( 0.8093900474747052209, 0.1706123525050569911, 0.5000000000000000000 ) ) ;
#4900 = VECTOR ( 'NONE', #2988, 39.37007874015748143 ) ;
#4901 = CARTESIAN_POINT ( 'NONE',  ( 0.2647783047753006214, -0.7369336062843643287, 0.01057740847479191927 ) ) ;
#4902 = CARTESIAN_POINT ( 'NONE',  ( -0.8071768133346552965, 0.1934235252488894496, 0.4999999999999999445 ) ) ;
#4903 = CARTESIAN_POINT ( 'NONE',  ( 0.5003812562313137979, -0.6249087399904516005, 0.4905662945849570411 ) ) ;
#4904 = CARTESIAN_POINT ( 'NONE',  ( -0.4621419696043368441, -0.1016138929181079342, 0.000000000000000000 ) ) ;
#4905 = EDGE_CURVE ( 'NONE', #3088, #3479, #5983, .T. ) ;
#4906 = CARTESIAN_POINT ( 'NONE',  ( -0.2287342189469230014, -0.7759937629453185215, 0.01047349858041840380 ) ) ;
#4907 = DIRECTION ( 'NONE',  ( 0.000000000000000000, 0.000000000000000000, 1.000000000000000000 ) ) ;
#4908 = CARTESIAN_POINT ( 'NONE',  ( 0.5505736398498387585, 0.5889429232261612635, -9.800094571404243631E-15 ) ) ;
#4909 = ORIENTED_EDGE ( 'NONE', *, *, #1899, .T. ) ;
#4910 = ORIENTED_EDGE ( 'NONE', *, *, #2679, .F. ) ;
#4911 = ORIENTED_EDGE ( 'NONE', *, *, #8119, .T. ) ;
#4912 = CARTESIAN_POINT ( 'NONE',  ( 0.2876392800874612021, -0.6514591189165259699, 0.4903489949670347126 ) ) ;
#4913 = CARTESIAN_POINT ( 'NONE',  ( 0.2993014227282102535, 0.6792697684541862957, 0.5000000000000000000 ) ) ;
#4914 = CARTESIAN_POINT ( 'NONE',  ( -0.2895607292415479095, 0.3146595769350546967, 0.5000000000000000000 ) ) ;
#4915 = DIRECTION ( 'NONE',  ( -1.000000000000000000, 0.000000000000000000, 0.000000000000000000 ) ) ;
#4916 = CARTESIAN_POINT ( 'NONE',  ( 0.5003817934507455156, -0.6249088180354445132, 0.4905662946009491376 ) ) ;
#4917 = CARTESIAN_POINT ( 'NONE',  ( 0.7845074117376105161, -0.2129646271170167193, 0.01038462188171472220 ) ) ;
#4918 = CARTESIAN_POINT ( 'NONE',  ( 0.7896068699870372187, -0.1024039488121828573, 0.5000000000000001110 ) ) ;
#4919 = EDGE_LOOP ( 'NONE', ( #506, #4280, #1471, #7592 ) ) ;
#4920 = ORIENTED_EDGE ( 'NONE', *, *, #3111, .T. ) ;
#4921 = ORIENTED_EDGE ( 'NONE', *, *, #8231, .T. ) ;
#4922 = CARTESIAN_POINT ( 'NONE',  ( 0.1696609409191351669, 0.4806385799964424943, 0.01034899496702501066 ) ) ;
#4923 = CARTESIAN_POINT ( 'NONE',  ( 0.7901105207564923516, 0.1563753042875411781, -0.000000000000000000 ) ) ;
#4924 = DIRECTION ( 'NONE',  ( 0.000000000000000000, 0.000000000000000000, 1.000000000000000000 ) ) ;
#4925 = CARTESIAN_POINT ( 'NONE',  ( 0.7836739209255690897, -0.09636145066489533451, 0.5000000000000000000 ) ) ;
#4926 = DIRECTION ( 'NONE',  ( -0.5000000000000105471, -0.8660254037844327124, 0.000000000000000000 ) ) ;
#4927 =( BOUNDED_SURFACE ( )  B_SPLINE_SURFACE ( 3, 2, ( 
 ( #8237, #2291, #1628 ),
 ( #6385, #6997, #2996 ),
 ( #7572, #6909, #5587 ),
 ( #3527, #8326, #963 ),
 ( #294, #3650, #4439 ),
 ( #3182, #530, #3924 ),
 ( #4488, #4394, #7937 ),
 ( #2521, #7270, #8464 ),
 ( #5201, #1233, #6612 ),
 ( #5724, #2562, #1186 ),
 ( #6430, #3041, #3879 ),
 ( #7893, #3786, #1720 ),
 ( #481, #7182, #4580 ),
 ( #5861, #8422, #7225 ) ),
 .UNSPECIFIED., .F., .F., .T. ) 
 B_SPLINE_SURFACE_WITH_KNOTS ( ( 4, 2, 2, 2, 2, 2, 4 ),
 ( 3, 3 ),
 ( 6.505213034913026604E-19, 0.0008346611135208150322, 0.001251991670281222277, 0.001669322227041629414, 0.002086652783802036767, 0.002503983340562443687, 0.003338644454083257961 ),
 ( 0.000000000000000000, 1.000000000000000000 ),
 .UNSPECIFIED. ) 
 GEOMETRIC_REPRESENTATION_ITEM ( )  RATIONAL_B_SPLINE_SURFACE ( (
 ( 1.000000000000000000, 0.6946583704589971431, 1.000000000000000000),
 ( 1.000000000000000000, 0.6937906805725031489, 1.000000000000000000),
 ( 1.000000000000000000, 0.6931276611512523500, 1.000000000000000000),
 ( 1.000000000000000000, 0.6924455310725483592, 1.000000000000000000),
 ( 1.000000000000000000, 0.6922728347063137333, 1.000000000000000000),
 ( 1.000000000000000000, 0.6920443954557510269, 1.000000000000000000),
 ( 1.000000000000000000, 0.6919866675712491588, 1.000000000000000000),
 ( 1.000000000000000000, 0.6919852769385141933, 1.000000000000000000),
 ( 1.000000000000000000, 0.6920430725235148239, 1.000000000000000000),
 ( 1.000000000000000000, 0.6922711327391907199, 1.000000000000000000),
 ( 1.000000000000000000, 0.6924407042322032746, 1.000000000000000000),
 ( 1.000000000000000000, 0.6931143354385813637, 1.000000000000000000),
 ( 1.000000000000000000, 0.6937914730024182797, 1.000000000000000000),
 ( 1.000000000000000000, 0.6946583704589976982, 1.000000000000000000) ) ) 
 REPRESENTATION_ITEM ( '' )  SURFACE ( )  );
#4928 = DIRECTION ( 'NONE',  ( 1.000000000000000000, 0.000000000000000000, 0.000000000000000000 ) ) ;
#4929 = CARTESIAN_POINT ( 'NONE',  ( -0.5655475436627720454, 0.6077307880704979626, 0.5000000000001023626 ) ) ;
#4930 = CARTESIAN_POINT ( 'NONE',  ( -0.07333012633727620244, -0.4161814246117378491, 0.4269530013571828930 ) ) ;
#4931 = FACE_OUTER_BOUND ( 'NONE', #3181, .T. ) ;
#4932 = EDGE_CURVE ( 'NONE', #8717, #1402, #6493, .T. ) ;
#4933 = DIRECTION ( 'NONE',  ( -0.2419754994720647312, -0.9702823597568107639, 0.000000000000000000 ) ) ;
#4934 = CARTESIAN_POINT ( 'NONE',  ( -0.2879192226586791969, -0.6515722055111240474, 0.4956723049532018033 ) ) ;
#4935 = CARTESIAN_POINT ( 'NONE',  ( 0.8178068618578726579, -0.09370161807013187294, 0.001385477198296088293 ) ) ;
#4936 = CARTESIAN_POINT ( 'NONE',  ( 0.3083854962667052502, -0.7268622491401469654, 0.4999999999999999445 ) ) ;
#4937 = FACE_OUTER_BOUND ( 'NONE', #3118, .T. ) ;
#4938 = CARTESIAN_POINT ( 'NONE',  ( -0.3327182150377174241, -0.2732165696972060354, 0.1998400020993878756 ) ) ;
#4939 = EDGE_CURVE ( 'NONE', #7069, #5226, #4259, .T. ) ;
#4940 = CARTESIAN_POINT ( 'NONE',  ( 0.3954325595773463542, 0.1426520477689100230, 0.4903489949670249426 ) ) ;
#4941 = CARTESIAN_POINT ( 'NONE',  ( 0.2859438358632074295, -0.6926444801045761324, 0.000000000000000000 ) ) ;
#4942 = CARTESIAN_POINT ( 'NONE',  ( 0.2855064448437322211, 0.7009521562795292260, 0.000000000000000000 ) ) ;
#4943 = CARTESIAN_POINT ( 'NONE',  ( 0.5231632677366376827, -0.6243102481924190927, 0.5000000000000000000 ) ) ;
#4944 = CARTESIAN_POINT ( 'NONE',  ( 0.4894415122910331650, 0.07662663577624070910, 0.4903489949670244985 ) ) ;
#4945 = CARTESIAN_POINT ( 'NONE',  ( 0.3024263908892093067, -0.3905524195576963176, 0.5000000000000000000 ) ) ;
#4946 = CARTESIAN_POINT ( 'NONE',  ( -0.7822646348063970745, 0.2205478973489388428, 0.007454521230928073949 ) ) ;
#4947 = CARTESIAN_POINT ( 'NONE',  ( 0.4689061962408153095, 0.5881806272834742000, -7.107342558718326218E-15 ) ) ;
#4948 = ORIENTED_EDGE ( 'NONE', *, *, #2151, .T. ) ;
#4949 = ORIENTED_EDGE ( 'NONE', *, *, #8561, .F. ) ;
#4950 = CARTESIAN_POINT ( 'NONE',  ( 0.3314200254490075603, 0.3872469289992508945, 0.01000000000000000021 ) ) ;
#4951 = EDGE_CURVE ( 'NONE', #8706, #1335, #8559, .T. ) ;
#4952 = VERTEX_POINT ( 'NONE', #4193 ) ;
#4953 = DIRECTION ( 'NONE',  ( 0.000000000000000000, 0.000000000000000000, 1.000000000000000000 ) ) ;
#4954 = CARTESIAN_POINT ( 'NONE',  ( 0.3356617427365740647, 0.7574899086410573634, 0.1631304822318112024 ) ) ;
#4955 = DIRECTION ( 'NONE',  ( -0.03489949670250104552, -4.273955692857151045E-18, -0.9993908270190957621 ) ) ;
#4956 = CARTESIAN_POINT ( 'NONE',  ( 0.000000000000000000, 0.000000000000000000, 0.01034899496702501240 ) ) ;
#4957 = CARTESIAN_POINT ( 'NONE',  ( -0.1169052108342356205, 0.4368850388140872454, -9.845382334201801571E-15 ) ) ;
#4958 = CARTESIAN_POINT ( 'NONE',  ( 0.000000000000000000, 0.000000000000000000, 0.4903489949670248316 ) ) ;
#4959 = APPLICATION_PROTOCOL_DEFINITION ( 'draft international standard', 'automotive_design', 1998, #98 ) ;
#4960 = CARTESIAN_POINT ( 'NONE',  ( 0.7901105207710001910, 0.1563753042815826111, 0.000000000000000000 ) ) ;
#4961 = ORIENTED_EDGE ( 'NONE', *, *, #8328, .F. ) ;
#4962 = EDGE_LOOP ( 'NONE', ( #3215, #2458, #2540, #891 ) ) ;
#4963 = ORIENTED_EDGE ( 'NONE', *, *, #7197, .T. ) ;
#4964 = CARTESIAN_POINT ( 'NONE',  ( -0.8146658284480013945, 0.2031668088770960390, 0.5000000000000000000 ) ) ;
#4965 = CARTESIAN_POINT ( 'NONE',  ( 0.7497955965974182346, 0.1032202439609118672, 0.000000000000000000 ) ) ;
#4966 = CARTESIAN_POINT ( 'NONE',  ( -0.2998970856760205805, 0.7503851774903086413, 0.4999999999999999445 ) ) ;
#4967 = CARTESIAN_POINT ( 'NONE',  ( 0.2944514679394807932, 0.6649737242908233537, 0.4904133102372344455 ) ) ;
#4968 = CARTESIAN_POINT ( 'NONE',  ( -0.7015692056756691608, -0.09427478940431449628, 0.01041648865680673032 ) ) ;
#4969 = CARTESIAN_POINT ( 'NONE',  ( -0.2661060298737291108, 0.6476838852415166548, 0.01038463228036736949 ) ) ;
#4970 = CARTESIAN_POINT ( 'NONE',  ( -0.5051480566406035821, 0.6077638373749241207, -0.000000000000000000 ) ) ;
#4971 = CARTESIAN_POINT ( 'NONE',  ( -0.3212565770584207558, 0.2711286181930301908, 0.4903489949670249426 ) ) ;
#4972 = AXIS2_PLACEMENT_3D ( 'NONE', #76, #2117, #7485 ) ;
#4973 = CARTESIAN_POINT ( 'NONE',  ( -0.4003794614377377825, -0.1484614138336306233, 0.3001607736890145040 ) ) ;
#4974 = CARTESIAN_POINT ( 'NONE',  ( -0.4456798538366919527, -0.07556049500720220247, 0.5000000000000001110 ) ) ;
#4975 = CARTESIAN_POINT ( 'NONE',  ( -0.3002816812940259372, 0.6869352903041145986, 0.4904903549898803061 ) ) ;
#4976 = DIRECTION ( 'NONE',  ( -0.9329668726250689437, -0.3599622404978032320, 0.000000000000000000 ) ) ;
#4977 = TOROIDAL_SURFACE ( 'NONE', #6244, 0.8228553031379056693, 0.01000000000000000021 ) ;
#4978 = CARTESIAN_POINT ( 'NONE',  ( 0.4481664506722019548, 0.09680430466327918926, 0.000000000000000000 ) ) ;
#4979 = CARTESIAN_POINT ( 'NONE',  ( 0.2967702205863536613, 0.3807556447268403144, 0.5000000000000000000 ) ) ;
#4980 = CARTESIAN_POINT ( 'NONE',  ( 0.3315365649171675977, 0.3872594532903175235, 0.007463728527815760919 ) ) ;
#4981 = CARTESIAN_POINT ( 'NONE',  ( -0.7976845859270876860, -0.2071716128187181538, 0.3332838527124498129 ) ) ;
#4982 = EDGE_CURVE ( 'NONE', #7865, #6984, #5726, .T. ) ;
#4983 = AXIS2_PLACEMENT_3D ( 'NONE', #2949, #5013, #829 ) ;
#4984 = CARTESIAN_POINT ( 'NONE',  ( 0.7377941742167828387, 0.08086162869458120295, 0.4904669564920930980 ) ) ;
#4985 = CARTESIAN_POINT ( 'NONE',  ( 0.2696630337599041916, -0.6547195211045846452, 1.960499146449225720E-14 ) ) ;
#4986 = CARTESIAN_POINT ( 'NONE',  ( -0.7771659621376333371, 0.1032555862939797814, 0.5000000000000000000 ) ) ;
#4987 = CARTESIAN_POINT ( 'NONE',  ( 0.5820985525111129766, -0.5673666560794295988, 0.01034899496702500546 ) ) ;
#4988 = CARTESIAN_POINT ( 'NONE',  ( -0.3324124951561694963, 0.2682434064827367015, 0.000000000000000000 ) ) ;
#4989 = AXIS2_PLACEMENT_3D ( 'NONE', #6426, #1577, #2334 ) ;
#4990 = DIRECTION ( 'NONE',  ( 0.000000000000000000, 0.000000000000000000, 1.000000000000000000 ) ) ;
#4991 = CARTESIAN_POINT ( 'NONE',  ( 0.4855014398710768009, 0.6233583166338538817, 0.5000000000000000000 ) ) ;
#4992 = EDGE_CURVE ( 'NONE', #5052, #4660, #938, .T. ) ;
#4993 = CARTESIAN_POINT ( 'NONE',  ( -0.2914067419018733784, 0.7461774679084141049, 0.4999999999999998335 ) ) ;
#4994 = VERTEX_POINT ( 'NONE', #2101 ) ;
#4995 = DIRECTION ( 'NONE',  ( -1.000000000000000000, 0.000000000000000000, 0.000000000000000000 ) ) ;
#4996 = VERTEX_POINT ( 'NONE', #177 ) ;
#4997 = DIRECTION ( 'NONE',  ( -0.8660254037844377084, -0.5000000000000017764, 0.000000000000000000 ) ) ;
#4998 = CARTESIAN_POINT ( 'NONE',  ( 0.000000000000000000, 0.000000000000000000, 0.009999999999999998473 ) ) ;
#4999 = CARTESIAN_POINT ( 'NONE',  ( -0.2989822469098408209, 0.3164832684874928637, 0.5000000000000047740 ) ) ;
#5000 = CARTESIAN_POINT ( 'NONE',  ( -0.5564710492551255827, -0.6233476639258952456, 0.5000000000000000000 ) ) ;
#5001 = CARTESIAN_POINT ( 'NONE',  ( 0.7450515798303979365, 0.08342581881270620670, 0.4904903537286847692 ) ) ;
#5002 = CARTESIAN_POINT ( 'NONE',  ( 0.7964151768121989772, -0.1897815150515833604, 0.000000000000000000 ) ) ;
#5003 = DIRECTION ( 'NONE',  ( 1.000000000000000000, 0.000000000000000000, 0.000000000000000000 ) ) ;
#5004 = CARTESIAN_POINT ( 'NONE',  ( -0.1671537185081381216, 0.4451204159912363623, 0.5000000000000000000 ) ) ;
#5005 = ADVANCED_FACE ( 'NONE', ( #8305 ), #2083, .T. ) ;
#5006 = CARTESIAN_POINT ( 'NONE',  ( 0.4690624472455794391, -0.07780084143053228596, 0.4999999999999902855 ) ) ;
#5007 = EDGE_LOOP ( 'NONE', ( #3814, #3723, #7057, #8566 ) ) ;
#5008 = ORIENTED_EDGE ( 'NONE', *, *, #1448, .T. ) ;
#5009 = ORIENTED_EDGE ( 'NONE', *, *, #1448, .F. ) ;
#5010 = CARTESIAN_POINT ( 'NONE',  ( 0.4782005501025927141, 0.06663272765794711616, 0.5000000000000000000 ) ) ;
#5011 = CARTESIAN_POINT ( 'NONE',  ( 0.7943356958428975378, 0.2149288434060952491, -0.000000000000000000 ) ) ;
#5012 = CARTESIAN_POINT ( 'NONE',  ( -0.2962942585325367140, 0.6464621647814281502, 0.5000000000000000000 ) ) ;
#5013 = DIRECTION ( 'NONE',  ( 0.7193014226572802539, -0.6946981095146386176, 0.000000000000000000 ) ) ;
#5014 = CARTESIAN_POINT ( 'NONE',  ( -0.7372787456120122318, -0.1077103995431553940, 0.000000000000000000 ) ) ;
#5015 = DIRECTION ( 'NONE',  ( 0.4999999999999998890, 0.8660254037844385966, -0.000000000000000000 ) ) ;
#5016 = LINE ( 'NONE', #3226, #2918 ) ;
#5017 = CARTESIAN_POINT ( 'NONE',  ( -0.3110813693342787678, 0.3855554654225875622, 0.4903489949670244985 ) ) ;
#5018 = AXIS2_PLACEMENT_3D ( 'NONE', #926, #4311, #2963 ) ;
#5019 = CARTESIAN_POINT ( 'NONE',  ( -0.06898480904474091346, -0.4282485489824185421, 0.1069530981035216877 ) ) ;
#5020 = PLANE ( 'NONE',  #102 ) ;
#5021 = VECTOR ( 'NONE', #731, 39.37007874015748854 ) ;
#5022 = DIRECTION ( 'NONE',  ( 0.6979869626749352074, 0.7161104662940059873, 0.000000000000000000 ) ) ;
#5023 = CARTESIAN_POINT ( 'NONE',  ( 0.2471007136351572597, -0.8016149382739334861, 0.5000000000000001110 ) ) ;
#5024 = DIRECTION ( 'NONE',  ( -1.000000000000000000, 0.000000000000000000, 0.000000000000000000 ) ) ;
#5025 = CARTESIAN_POINT ( 'NONE',  ( -0.5782744942708882840, 0.5872399806784643905, 0.3329279436336221587 ) ) ;
#5026 = VECTOR ( 'NONE', #1183, 39.37007874015748854 ) ;
#5027 = AXIS2_PLACEMENT_3D ( 'NONE', #6975, #1562, #7553 ) ;
#5028 = CARTESIAN_POINT ( 'NONE',  ( 0.7450540115717519951, 0.08342679247734947900, 0.4904903611685595410 ) ) ;
#5029 = EDGE_CURVE ( 'NONE', #4671, #1916, #5774, .T. ) ;
#5030 = CARTESIAN_POINT ( 'NONE',  ( 0.2027673521306249671, 0.7974811915099506709, 0.000000000000000000 ) ) ;
#5031 = CARTESIAN_POINT ( 'NONE',  ( 0.4619738800095600784, 0.1012143902542831236, 0.01041521354719345156 ) ) ;
#5032 = CARTESIAN_POINT ( 'NONE',  ( 0.2882772351171114522, -0.3481898278739200547, 0.5000000000000002220 ) ) ;
#5033 = CIRCLE ( 'NONE', #1249, 0.009999999999999960310 ) ;
#5034 = DIRECTION ( 'NONE',  ( -0.7782198809867965084, 0.6279918923337276526, 0.000000000000000000 ) ) ;
#5035 = CARTESIAN_POINT ( 'NONE',  ( 0.4856154528637951495, 0.6228339585290302294, 0.4905663007568339395 ) ) ;
#5036 = CARTESIAN_POINT ( 'NONE',  ( -0.2684970084061231166, 0.7886781670142231082, 0.5000000000000000000 ) ) ;
#5037 = ORIENTED_EDGE ( 'NONE', *, *, #8063, .T. ) ;
#5038 = DIRECTION ( 'NONE',  ( 1.000000000000000000, 0.000000000000000000, 0.000000000000000000 ) ) ;
#5039 = ORIENTED_EDGE ( 'NONE', *, *, #7472, .F. ) ;
#5040 = FACE_OUTER_BOUND ( 'NONE', #7791, .T. ) ;
#5041 = ADVANCED_FACE ( 'NONE', ( #2803 ), #2174, .T. ) ;
#5042 = CARTESIAN_POINT ( 'NONE',  ( -0.3193937745159215469, -0.3545351503901151835, 0.01041038153440478238 ) ) ;
#5043 = CARTESIAN_POINT ( 'NONE',  ( -0.2972217344379097792, 0.3317040449450986417, 0.4999999999999999445 ) ) ;
#5044 = CARTESIAN_POINT ( 'NONE',  ( -0.5451460942915571373, -0.6180299944789071631, 0.4999999999999927836 ) ) ;
#5045 = DIRECTION ( 'NONE',  ( -1.000000000000000000, 0.000000000000000000, -0.000000000000000000 ) ) ;
#5046 = CYLINDRICAL_SURFACE ( 'NONE', #528, 0.009999999999999995004 ) ;
#5047 = CARTESIAN_POINT ( 'NONE',  ( 0.2051573802583374351, 0.7894969949488899186, 0.09181531335406176164 ) ) ;
#5048 = PRODUCT_CONTEXT ( 'NONE', #98, 'mechanical' ) ;
#5049 = CARTESIAN_POINT ( 'NONE',  ( -0.1386251428805670149, 0.4237013839876745402, 0.4904263270675877084 ) ) ;
#5050 = CARTESIAN_POINT ( 'NONE',  ( 0.4781291712609544997, -0.06663272775110080925, 0.5000000000000000000 ) ) ;
#5051 = VERTEX_POINT ( 'NONE', #583 ) ;
#5052 = VERTEX_POINT ( 'NONE', #311 ) ;
#5053 = EDGE_LOOP ( 'NONE', ( #2752, #151, #7031, #3804 ) ) ;
#5054 = CARTESIAN_POINT ( 'NONE',  ( 0.06764588407315151597, -0.4318728915606557250, 0.01034899496702450933 ) ) ;
#5055 = EDGE_CURVE ( 'NONE', #4827, #2371, #8206, .T. ) ;
#5056 = CARTESIAN_POINT ( 'NONE',  ( -0.3995728254229223286, 0.1474828762578703489, 0.3318948753079541403 ) ) ;
#5057 = CARTESIAN_POINT ( 'NONE',  ( -0.7236638378292186147, -0.1009040005080815289, 0.000000000000000000 ) ) ;
#5058 = CARTESIAN_POINT ( 'NONE',  ( 0.5577895930082731324, -0.5864460606954152722, -1.423073818565507810E-14 ) ) ;
#5059 = CARTESIAN_POINT ( 'NONE',  ( 0.4227955568657954522, 0.5569058214503586068, 0.1732842076590086211 ) ) ;
#5060 = CARTESIAN_POINT ( 'NONE',  ( -0.4884119206022154991, 0.6056543416807326219, 0.000000000000000000 ) ) ;
#5061 = CARTESIAN_POINT ( 'NONE',  ( -0.3021988464447064593, 0.3669613976168945024, 0.4903936898990763349 ) ) ;
#5062 = ORIENTED_EDGE ( 'NONE', *, *, #7568, .F. ) ;
#5063 = CARTESIAN_POINT ( 'NONE',  ( 0.4598255610798657744, 0.6245694383023793206, 0.5000000000000001110 ) ) ;
#5064 = DIRECTION ( 'NONE',  ( 1.000000000000000000, 0.000000000000000000, 0.000000000000000000 ) ) ;
#5065 = CARTESIAN_POINT ( 'NONE',  ( -0.2989043755192222207, 0.6795351557827922218, 0.4904674725033129068 ) ) ;
#5066 = EDGE_CURVE ( 'NONE', #3785, #5985, #37, .T. ) ;
#5067 = CARTESIAN_POINT ( 'NONE',  ( 0.7082376935674533636, -0.07644074180030716037, 0.4956723019460249624 ) ) ;
#5068 = CARTESIAN_POINT ( 'NONE',  ( 0.2882856955168352497, 0.3482580790056101772, 0.5000000000000000000 ) ) ;
#5069 = CARTESIAN_POINT ( 'NONE',  ( 0.3079360257768000153, -0.3341310172537105827, -0.000000000000000000 ) ) ;
#5070 = CARTESIAN_POINT ( 'NONE',  ( -0.3287610865805476457, 0.2725080778417975358, 0.3001607736890145040 ) ) ;
#5071 = CARTESIAN_POINT ( 'NONE',  ( -0.7441668307571277508, 0.1115134996362316944, 0.01055220714150028986 ) ) ;
#5072 = CARTESIAN_POINT ( 'NONE',  ( 0.2793614223417260067, -0.6481159773202390673, 0.3329279421498496649 ) ) ;
#5073 = CARTESIAN_POINT ( 'NONE',  ( 0.2695344871812927479, 0.7488431330126891217, 0.000000000000000000 ) ) ;
#5074 = CARTESIAN_POINT ( 'NONE',  ( -0.2971678137488313332, 0.3805765354924713906, 0.5000000000000001110 ) ) ;
#5075 = DIRECTION ( 'NONE',  ( -1.000000000000000000, -6.833782940085117942E-15, -0.000000000000000000 ) ) ;
#5076 = CARTESIAN_POINT ( 'NONE',  ( -0.2285700110393669438, 0.7760940106848989162, 0.01047285127922216799 ) ) ;
#5077 = CARTESIAN_POINT ( 'NONE',  ( 0.2610152729240847735, -0.7435946345144488490, 0.01057234158383331055 ) ) ;
#5078 = CARTESIAN_POINT ( 'NONE',  ( 0.5080755157483708429, 0.6256518935731792963, 0.5000000000000001110 ) ) ;
#5079 = CARTESIAN_POINT ( 'NONE',  ( -0.3113558413953254611, 0.7021953126517824773, 0.5000000000000000000 ) ) ;
#5080 = ORIENTED_EDGE ( 'NONE', *, *, #3190, .T. ) ;
#5081 = PRODUCT ( 'am-3571 2IN Molded 375Hex Compliant Wheel', 'am-3571 2IN Molded 375Hex Compliant Wheel', '', ( #5048 ) ) ;
#5082 = CARTESIAN_POINT ( 'NONE',  ( 0.000000000000000000, 0.000000000000000000, 0.01000000000000000021 ) ) ;
#5083 = VERTEX_POINT ( 'NONE', #2355 ) ;
#5084 = CARTESIAN_POINT ( 'NONE',  ( -0.7497955965974182346, -0.1032202439609120476, 0.000000000000000000 ) ) ;
#5085 = CARTESIAN_POINT ( 'NONE',  ( -0.3199009367292378059, -0.3196854018242716866, -1.491077851773696066E-16 ) ) ;
#5086 = CARTESIAN_POINT ( 'NONE',  ( 0.4811272826790767843, -0.09488345137009417118, 0.01039148133693235630 ) ) ;
#5087 = FACE_OUTER_BOUND ( 'NONE', #1617, .T. ) ;
#5088 = CARTESIAN_POINT ( 'NONE',  ( 0.7168391677297847320, -0.09747936022196639072, 0.000000000000000000 ) ) ;
#5089 = CARTESIAN_POINT ( 'NONE',  ( 0.4791569508391915200, -0.07662575659353319801, 0.4903741714660402873 ) ) ;
#5090 = EDGE_CURVE ( 'NONE', #4788, #3227, #6624, .T. ) ;
#5091 = ORIENTED_EDGE ( 'NONE', *, *, #3940, .F. ) ;
#5092 = ORIENTED_EDGE ( 'NONE', *, *, #3700, .T. ) ;
#5093 = ORIENTED_EDGE ( 'NONE', *, *, #2831, .F. ) ;
#5094 = EDGE_LOOP ( 'NONE', ( #852, #8056, #3291, #5300, #709, #3593, #2061, #4197 ) ) ;
#5095 = CARTESIAN_POINT ( 'NONE',  ( 0.3954325595773492963, 0.1426520477689113275, 0.4903489949670249426 ) ) ;
#5096 = CARTESIAN_POINT ( 'NONE',  ( -0.4641025781317320020, -0.6155152116932880446, 0.4905422711844488748 ) ) ;
#5097 = CARTESIAN_POINT ( 'NONE',  ( 0.000000000000000000, 0.000000000000000000, 0.4899999999999999911 ) ) ;
#5098 = CARTESIAN_POINT ( 'NONE',  ( -0.7824355426032818528, -0.1672550469647516025, 0.000000000000000000 ) ) ;
#5099 = CARTESIAN_POINT ( 'NONE',  ( 0.8146658284480072787, -0.2031668088770981762, 0.5000000000000000000 ) ) ;
#5100 = CARTESIAN_POINT ( 'NONE',  ( 0.5820985525111129766, -0.5673666560794295988, 0.01034899496702500546 ) ) ;
#5101 = CARTESIAN_POINT ( 'NONE',  ( 0.3401899532607897680, -0.2745194998491437000, 0.01034899496703158873 ) ) ;
#5102 = CARTESIAN_POINT ( 'NONE',  ( 0.1804219591217609275, -9.668154773851359612E-16, 0.01000000000000000021 ) ) ;
#5103 = ADVANCED_FACE ( 'NONE', ( #7675 ), #7524, .T. ) ;
#5104 = EDGE_LOOP ( 'NONE', ( #5942, #7694, #2193, #3119 ) ) ;
#5105 = CARTESIAN_POINT ( 'NONE',  ( 0.09887123359872625195, 0.1612499999999990052, 0.000000000000000000 ) ) ;
#5106 = CARTESIAN_POINT ( 'NONE',  ( 0.1355776593215833326, -0.4338431644034463353, 0.000000000000000000 ) ) ;
#5107 =( BOUNDED_SURFACE ( )  B_SPLINE_SURFACE ( 3, 2, ( 
 ( #5601, #883, #7098 ),
 ( #304, #4902, #3620 ),
 ( #398, #5689, #1551 ),
 ( #1062, #2923, #7584 ),
 ( #3100, #6442, #8382 ),
 ( #1592, #3053, #3699 ),
 ( #2348, #4316, #3751 ),
 ( #1689, #1018, #4270 ),
 ( #6265, #8299, #7624 ),
 ( #2966, #5644, #2304 ),
 ( #5777, #4986, #7668 ),
 ( #1642, #7716, #4362 ),
 ( #7009, #6400, #350 ),
 ( #5735, #6015, #6667 ),
 ( #7286, #7951, #5923 ),
 ( #3328, #1876, #1920 ) ),
 .UNSPECIFIED., .F., .F., .F. ) 
 B_SPLINE_SURFACE_WITH_KNOTS ( ( 4, 2, 2, 2, 2, 2, 2, 4 ),
 ( 3, 3 ),
 ( -1.723881454251952050E-17, 0.0006302862152585686495, 0.001260572430517154646, 0.001890858645775740643, 0.002521144861034326640, 0.003151431076292912636, 0.003781717291551498633, 0.005042289722068670627 ),
 ( 0.000000000000000000, 1.000000000000000000 ),
 .UNSPECIFIED. ) 
 GEOMETRIC_REPRESENTATION_ITEM ( )  RATIONAL_B_SPLINE_SURFACE ( (
 ( 1.000000000000000000, 0.7193398003386507478, 1.000000000000000000),
 ( 1.000000000000000000, 0.7205199565867521638, 1.000000000000000000),
 ( 1.000000000000000000, 0.7215717791702050965, 1.000000000000000000),
 ( 1.000000000000000000, 0.7234275177348291619, 1.000000000000000000),
 ( 1.000000000000000000, 0.7242355191404226122, 1.000000000000000000),
 ( 1.000000000000000000, 0.7255236088335597078, 1.000000000000000000),
 ( 1.000000000000000000, 0.7260164974478419131, 1.000000000000000000),
 ( 1.000000000000000000, 0.7266854393935583412, 1.000000000000000000),
 ( 1.000000000000000000, 0.7268502996888318579, 1.000000000000000000),
 ( 1.000000000000000000, 0.7268528309979490620, 1.000000000000000000),
 ( 1.000000000000000000, 0.7266841580817061663, 1.000000000000000000),
 ( 1.000000000000000000, 0.7260260551323146627, 1.000000000000000000),
 ( 1.000000000000000000, 0.7255369467475146772, 1.000000000000000000),
 ( 1.000000000000000000, 0.7235863180380093240, 1.000000000000000000),
 ( 1.000000000000000000, 0.7217174982280620821, 1.000000000000000000),
 ( 1.000000000000000000, 0.7193398003386507478, 1.000000000000000000) ) ) 
 REPRESENTATION_ITEM ( '' )  SURFACE ( )  );
#5108 = CARTESIAN_POINT ( 'NONE',  ( -0.5706685437807424988, -0.6148029644382768666, 0.5000000000000000000 ) ) ;
#5109 = CARTESIAN_POINT ( 'NONE',  ( 0.2959497353943265074, -0.7576651849443472031, 0.5000000000000000000 ) ) ;
#5110 = AXIS2_PLACEMENT_3D ( 'NONE', #2511, #6647, #1133 ) ;
#5111 = CARTESIAN_POINT ( 'NONE',  ( -0.08803188195618717737, -0.4202300257357214353, 0.000000000000000000 ) ) ;
#5112 = DIRECTION ( 'NONE',  ( -1.000000000000000000, 1.182525838673188523E-14, 0.000000000000000000 ) ) ;
#5113 = ADVANCED_FACE ( 'NONE', ( #6335 ), #6376, .T. ) ;
#5114 = CIRCLE ( 'NONE', #1596, 0.009999999999999986330 ) ;
#5115 = CARTESIAN_POINT ( 'NONE',  ( 0.7487524835752668029, 0.07411833015607022235, 0.4999999999999999445 ) ) ;
#5116 = CARTESIAN_POINT ( 'NONE',  ( -0.7998011691679122181, 0.1154740940288025708, 0.4999999999999999445 ) ) ;
#5117 = CARTESIAN_POINT ( 'NONE',  ( 0.5763377827354074778, -0.5967492661558734257, 0.4903489949670249426 ) ) ;
#5118 = CARTESIAN_POINT ( 'NONE',  ( -0.3404711979317328052, 0.2747464528959993046, -2.134256245050205639E-18 ) ) ;
#5119 = CARTESIAN_POINT ( 'NONE',  ( 0.3979623573522438895, -0.1456045335827002019, 0.3935128503261026145 ) ) ;
#5120 = CARTESIAN_POINT ( 'NONE',  ( 0.4641044652721133534, 0.6155160675366858625, 0.4905422744904087695 ) ) ;
#5121 = VERTEX_POINT ( 'NONE', #1573 ) ;
#5122 = CARTESIAN_POINT ( 'NONE',  ( 0.9728827275060553115, 0.000000000000000000, 0.5000000000000000000 ) ) ;
#5123 = ORIENTED_EDGE ( 'NONE', *, *, #8632, .T. ) ;
#5124 = AXIS2_PLACEMENT_3D ( 'NONE', #8516, #5816, #5296 ) ;
#5125 = FACE_OUTER_BOUND ( 'NONE', #6623, .T. ) ;
#5126 = CARTESIAN_POINT ( 'NONE',  ( -0.3198150373131642410, -0.3544593643218549861, 0.000000000000000000 ) ) ;
#5127 = CARTESIAN_POINT ( 'NONE',  ( -0.4834878561152559651, -0.6326176339718138086, 0.5000000000000000000 ) ) ;
#5128 = CARTESIAN_POINT ( 'NONE',  ( 0.4039134312976568331, -0.1238713825394144319, 0.4903936940980127002 ) ) ;
#5129 = DIRECTION ( 'NONE',  ( -0.4999999999999900635, 0.8660254037844443697, -1.735777005508474820E-18 ) ) ;
#5130 = CARTESIAN_POINT ( 'NONE',  ( 0.7859058197245741839, -0.1901017384537752042, 2.308209987916279822E-16 ) ) ;
#5131 = CARTESIAN_POINT ( 'NONE',  ( 0.4239036460748210611, -0.1009370834047745996, 0.4904246938971124625 ) ) ;
#5132 = VERTEX_POINT ( 'NONE', #329 ) ;
#5133 = CARTESIAN_POINT ( 'NONE',  ( 0.1481679776629320211, -0.4175950594253660109, 0.5000000000000000000 ) ) ;
#5134 = ORIENTED_EDGE ( 'NONE', *, *, #765, .F. ) ;
#5135 = EDGE_LOOP ( 'NONE', ( #1785, #2356, #1826, #5366 ) ) ;
#5136 = EDGE_LOOP ( 'NONE', ( #8015, #480, #178, #4533, #1815 ) ) ;
#5137 = CARTESIAN_POINT ( 'NONE',  ( 0.4508520974507359558, 0.07347406292538477546, 0.5000000000000000000 ) ) ;
#5138 = CARTESIAN_POINT ( 'NONE',  ( 0.3132141523468114919, 0.3724215062016875133, 0.000000000000000000 ) ) ;
#5139 = DIRECTION ( 'NONE',  ( 0.000000000000000000, 0.000000000000000000, 1.000000000000000000 ) ) ;
#5140 = CARTESIAN_POINT ( 'NONE',  ( -0.2701681773196131786, 0.7226140733375878700, 3.657793573052984759E-15 ) ) ;
#5141 =( BOUNDED_SURFACE ( )  B_SPLINE_SURFACE ( 3, 2, ( 
 ( #6408, #313, #8440 ),
 ( #3015, #5699, #2402 ),
 ( #8392, #1740, #7811 ),
 ( #1786, #4460, #2627 ),
 ( #4029, #4603, #8669 ),
 ( #6020, #5219, #3851 ),
 ( #4649, #451, #4690 ),
 ( #638, #2670, #5312 ),
 ( #2582, #6541, #3899 ),
 ( #5260, #3333, #5175 ),
 ( #2542, #5355, #8576 ),
 ( #507, #1302, #7868 ),
 ( #8716, #8046, #7201 ),
 ( #8006, #1971, #8621 ),
 ( #7246, #6633, #3202 ),
 ( #5886, #6676, #1926 ) ),
 .UNSPECIFIED., .F., .F., .T. ) 
 B_SPLINE_SURFACE_WITH_KNOTS ( ( 4, 2, 2, 2, 2, 2, 2, 4 ),
 ( 3, 3 ),
 ( 1.799775606325937360E-17, 0.0006407458912127010414, 0.001281491782425384085, 0.001922237673638067237, 0.002562983564850750389, 0.003203729456063433324, 0.003844475347276116693, 0.005125967129701482564 ),
 ( 0.000000000000000000, 1.000000000000000000 ),
 .UNSPECIFIED. ) 
 GEOMETRIC_REPRESENTATION_ITEM ( )  RATIONAL_B_SPLINE_SURFACE ( (
 ( 1.000000000000000000, 0.6946583704589983643, 1.000000000000000000),
 ( 1.000000000000000000, 0.6933763159455192948, 1.000000000000000000),
 ( 1.000000000000000000, 0.6922258354537378366, 1.000000000000000000),
 ( 1.000000000000000000, 0.6901861854563748899, 1.000000000000000000),
 ( 1.000000000000000000, 0.6892934039796496659, 1.000000000000000000),
 ( 1.000000000000000000, 0.6878664290912179791, 1.000000000000000000),
 ( 1.000000000000000000, 0.6873162222458625292, 1.000000000000000000),
 ( 1.000000000000000000, 0.6865728636986278000, 1.000000000000000000),
 ( 1.000000000000000000, 0.6863885290838614983, 1.000000000000000000),
 ( 1.000000000000000000, 0.6863859216617776982, 1.000000000000000000),
 ( 1.000000000000000000, 0.6865745309140336428, 1.000000000000000000),
 ( 1.000000000000000000, 0.6873071023374071054, 1.000000000000000000),
 ( 1.000000000000000000, 0.6878557309092334648, 1.000000000000000000),
 ( 1.000000000000000000, 0.6900105260092230797, 1.000000000000000000),
 ( 1.000000000000000000, 0.6920785204202495322, 1.000000000000000000),
 ( 1.000000000000000000, 0.6946583704589975872, 1.000000000000000000) ) ) 
 REPRESENTATION_ITEM ( '' )  SURFACE ( )  );
#5142 = FACE_OUTER_BOUND ( 'NONE', #7212, .T. ) ;
#5143 = EDGE_CURVE ( 'NONE', #4195, #4660, #503, .T. ) ;
#5144 = CARTESIAN_POINT ( 'NONE',  ( -0.7829860781466643216, -0.1671162310773995907, 0.01053710018373523079 ) ) ;
#5145 = CARTESIAN_POINT ( 'NONE',  ( 0.5711947946613445959, -0.5785571253527502789, 0.01042077290530404009 ) ) ;
#5146 = LINE ( 'NONE', #4576, #6403 ) ;
#5147 = CARTESIAN_POINT ( 'NONE',  ( -0.5820985525111295189, -0.5673666560794194957, 0.01034899496702500893 ) ) ;
#5148 = DIRECTION ( 'NONE',  ( 0.4999999999999998335, 0.8660254037844388186, 0.000000000000000000 ) ) ;
#5149 = ORIENTED_EDGE ( 'NONE', *, *, #2152, .F. ) ;
#5150 = DIRECTION ( 'NONE',  ( 0.8660254037844330455, -0.5000000000000098810, 0.000000000000000000 ) ) ;
#5151 = CIRCLE ( 'NONE', #7539, 0.4103827275060554780 ) ;
#5152 = CARTESIAN_POINT ( 'NONE',  ( 0.1659194091129218285, -0.4574621658580024786, 0.000000000000000000 ) ) ;
#5153 = DIRECTION ( 'NONE',  ( -0.4999999999999998890, -0.8660254037844385966, -0.000000000000000000 ) ) ;
#5154 = CARTESIAN_POINT ( 'NONE',  ( 0.2744929307283776043, -0.6693937272009736761, 0.01047778377301288207 ) ) ;
#5155 = DIRECTION ( 'NONE',  ( -0.2755842502421684270, 0.9612769221293424593, 0.000000000000000000 ) ) ;
#5156 = EDGE_CURVE ( 'NONE', #6984, #1916, #6422, .T. ) ;
#5157 = CARTESIAN_POINT ( 'NONE',  ( -0.07222192602347676793, -0.04169734843104647842, 0.000000000000000000 ) ) ;
#5158 = VECTOR ( 'NONE', #733, 39.37007874015748143 ) ;
#5159 = CARTESIAN_POINT ( 'NONE',  ( -0.1024138952548357268, -0.4328541288548616861, 5.092791678427005993E-15 ) ) ;
#5160 = CARTESIAN_POINT ( 'NONE',  ( -0.7705927724181245164, 0.1391625931620603940, 0.01057740845385125687 ) ) ;
#5161 = ORIENTED_EDGE ( 'NONE', *, *, #32, .T. ) ;
#5162 =( BOUNDED_SURFACE ( )  B_SPLINE_SURFACE ( 3, 2, ( 
 ( #1631, #4305, #3775 ),
 ( #206, #7575, #4180 ),
 ( #2161, #5547, #5138 ),
 ( #920, #6467, #3564 ),
 ( #2913, #8241, #2206 ),
 ( #6877, #5591, #4850 ),
 ( #423, #469, #5800 ),
 ( #1132, #7829, #3169 ),
 ( #4891, #8290, #7534 ),
 ( #1543, #1499, #4218 ),
 ( #254, #6911, #873 ),
 ( #2958, #2252, #5635 ),
 ( #8330, #1985, #6036 ),
 ( #1896, #8590, #3913 ) ),
 .UNSPECIFIED., .F., .F., .F. ) 
 B_SPLINE_SURFACE_WITH_KNOTS ( ( 4, 2, 2, 2, 2, 2, 4 ),
 ( 3, 3 ),
 ( 1.084202172485504434E-19, 0.0008346611135472067899, 0.001251991670320810185, 0.001669322227094413363, 0.002086652783868016541, 0.002503983340641619936, 0.003338644454188826726 ),
 ( 0.000000000000000000, 1.000000000000000000 ),
 .UNSPECIFIED. ) 
 GEOMETRIC_REPRESENTATION_ITEM ( )  RATIONAL_B_SPLINE_SURFACE ( (
 ( 1.000000000000000000, 0.6946583704589971431, 1.000000000000000000),
 ( 1.000000000000000000, 0.6937907826654684529, 1.000000000000000000),
 ( 1.000000000000000000, 0.6931277949528341642, 1.000000000000000000),
 ( 1.000000000000000000, 0.6924456476119229542, 1.000000000000000000),
 ( 1.000000000000000000, 0.6922729346303030384, 1.000000000000000000),
 ( 1.000000000000000000, 0.6920444512839037943, 1.000000000000000000),
 ( 1.000000000000000000, 0.6919866958679966595, 1.000000000000000000),
 ( 1.000000000000000000, 0.6919852496724198110, 1.000000000000000000),
 ( 1.000000000000000000, 0.6920430171157218036, 1.000000000000000000),
 ( 1.000000000000000000, 0.6922710330109994592, 1.000000000000000000),
 ( 1.000000000000000000, 0.6924405880961890247, 1.000000000000000000),
 ( 1.000000000000000000, 0.6931142014348968816, 1.000000000000000000),
 ( 1.000000000000000000, 0.6937913703811258159, 1.000000000000000000),
 ( 1.000000000000000000, 0.6946583704589964769, 1.000000000000000000) ) ) 
 REPRESENTATION_ITEM ( '' )  SURFACE ( )  );
#5163 = CARTESIAN_POINT ( 'NONE',  ( -0.7169584382541523970, 0.09697901243045443931, 0.01047778377301230267 ) ) ;
#5164 = AXIS2_PLACEMENT_3D ( 'NONE', #5981, #1352, #8676 ) ;
#5165 = CARTESIAN_POINT ( 'NONE',  ( 0.7997045569381621144, 0.1153291356738944257, 0.5000000000000001110 ) ) ;
#5166 = CYLINDRICAL_SURFACE ( 'NONE', #1604, 0.01000000000000001062 ) ;
#5167 = EDGE_CURVE ( 'NONE', #8495, #5665, #5641, .T. ) ;
#5168 = DIRECTION ( 'NONE',  ( -1.000000000000000000, 5.329070518200750605E-15, 0.000000000000000000 ) ) ;
#5169 = CARTESIAN_POINT ( 'NONE',  ( 0.3059373732690937042, 0.3766475615751165296, 0.4903741761330088766 ) ) ;
#5170 = CARTESIAN_POINT ( 'NONE',  ( 0.3995728252726551410, 0.1474828760794902605, 0.3318948811265304832 ) ) ;
#5171 = AXIS2_PLACEMENT_3D ( 'NONE', #3134, #8511, #5150 ) ;
#5172 = AXIS2_PLACEMENT_3D ( 'NONE', #7020, #6410, #5655 ) ;
#5173 = CARTESIAN_POINT ( 'NONE',  ( -0.5820985525111133096, 0.5673666560794293767, 0.01034899496702500546 ) ) ;
#5174 = ORIENTED_EDGE ( 'NONE', *, *, #3691, .F. ) ;
#5175 = CARTESIAN_POINT ( 'NONE',  ( -0.2737648943075497998, -0.7413529683971807893, 0.000000000000000000 ) ) ;
#5176 = ORIENTED_EDGE ( 'NONE', *, *, #5375, .T. ) ;
#5177 = AXIS2_PLACEMENT_3D ( 'NONE', #5276, #606, #5900 ) ;
#5178 = CARTESIAN_POINT ( 'NONE',  ( -0.7832844202291647795, -0.1409978534113342230, 0.000000000000000000 ) ) ;
#5179 = CARTESIAN_POINT ( 'NONE',  ( 0.1244594133958181748, 0.4175533447660554898, 0.4904246557902704473 ) ) ;
#5180 = EDGE_CURVE ( 'NONE', #1354, #4789, #7228, .T. ) ;
#5181 = CARTESIAN_POINT ( 'NONE',  ( -0.1203598450282936522, -0.4270295511428718882, -0.000000000000000000 ) ) ;
#5182 = DIRECTION ( 'NONE',  ( 0.5000000000000103251, 0.8660254037844327124, -0.000000000000000000 ) ) ;
#5183 = CARTESIAN_POINT ( 'NONE',  ( 0.7688481678510268313, -0.1202969530926523700, 0.000000000000000000 ) ) ;
#5184 = CIRCLE ( 'NONE', #8281, 0.01000000000000006786 ) ;
#5185 = CARTESIAN_POINT ( 'NONE',  ( 0.4217468447223697292, -0.08976207760358176357, 0.5000000000000000000 ) ) ;
#5186 = VERTEX_POINT ( 'NONE', #3914 ) ;
#5187 = CARTESIAN_POINT ( 'NONE',  ( 0.1555429093765610671, -0.4349952237229451346, 0.4904130603301994906 ) ) ;
#5188 = EDGE_LOOP ( 'NONE', ( #4236, #4381, #4910, #5846 ) ) ;
#5189 = ORIENTED_EDGE ( 'NONE', *, *, #549, .F. ) ;
#5190 = VERTEX_POINT ( 'NONE', #7830 ) ;
#5191 = CARTESIAN_POINT ( 'NONE',  ( 0.3952166014487288881, 0.1188255484454058264, 0.5000000000000000000 ) ) ;
#5192 = CARTESIAN_POINT ( 'NONE',  ( -0.4261612440801322288, 0.1276322590964694970, 4.016019530346237572E-15 ) ) ;
#5193 = CARTESIAN_POINT ( 'NONE',  ( 0.000000000000000000, 0.000000000000000000, 0.4899999999999999911 ) ) ;
#5194 = AXIS2_PLACEMENT_3D ( 'NONE', #121, #7449, #5503 ) ;
#5195 = DIRECTION ( 'NONE',  ( 1.000000000000000000, 0.000000000000000000, 0.000000000000000000 ) ) ;
#5196 = CARTESIAN_POINT ( 'NONE',  ( -0.7032692688033457262, 0.08439637880717876239, -0.000000000000000000 ) ) ;
#5197 = CARTESIAN_POINT ( 'NONE',  ( -0.2078206122983787263, 0.7858857419689103674, 0.01038462037918854233 ) ) ;
#5198 = CARTESIAN_POINT ( 'NONE',  ( -0.5389356162429592700, -0.6041634252119214565, 0.000000000000000000 ) ) ;
#5199 = FACE_OUTER_BOUND ( 'NONE', #5404, .T. ) ;
#5200 = EDGE_LOOP ( 'NONE', ( #3952, #493, #8541, #2373 ) ) ;
#5201 = CARTESIAN_POINT ( 'NONE',  ( 0.3179193610574591045, -0.3394992365181609406, 0.01042152797426129998 ) ) ;
#5202 = CARTESIAN_POINT ( 'NONE',  ( 0.3013410691197725977, -0.7021269759325742266, 0.4905280637116636311 ) ) ;
#5203 = CARTESIAN_POINT ( 'NONE',  ( 0.07762359986431761893, 0.4303091904815887214, 0.01037314797076061869 ) ) ;
#5204 = CARTESIAN_POINT ( 'NONE',  ( -0.2989454595806854131, -0.3522017227601156319, 0.4904130603301992686 ) ) ;
#5205 = CARTESIAN_POINT ( 'NONE',  ( -0.2313852965306353038, -0.8071047074696074963, 0.5000000000000000000 ) ) ;
#5206 = CARTESIAN_POINT ( 'NONE',  ( -0.1306459465740541781, -0.4425487510422700388, 0.01042312752873329924 ) ) ;
#5207 = FACE_OUTER_BOUND ( 'NONE', #114, .T. ) ;
#5208 = CARTESIAN_POINT ( 'NONE',  ( -0.2944514679394806822, -0.6649737242908235757, 0.4904133102372344455 ) ) ;
#5209 = VERTEX_POINT ( 'NONE', #7125 ) ;
#5210 = EDGE_CURVE ( 'NONE', #6654, #6180, #7639, .T. ) ;
#5211 = CARTESIAN_POINT ( 'NONE',  ( -0.1617956436964093081, -0.4271864012252940546, 0.5000000000000001110 ) ) ;
#5212 = CARTESIAN_POINT ( 'NONE',  ( -0.6857314343843272653, 0.09338860513229296778, 0.01034899496702501066 ) ) ;
#5213 = CARTESIAN_POINT ( 'NONE',  ( -0.3136191193857580939, 0.2646828876051698365, 0.4899999999999999911 ) ) ;
#5214 = CARTESIAN_POINT ( 'NONE',  ( -0.3230515708131864172, 0.3688570947302829972, -2.950595540371633040E-16 ) ) ;
#5215 = CARTESIAN_POINT ( 'NONE',  ( -0.1292111037836300158, -0.4193278495677703055, 0.4904263279545300058 ) ) ;
#5216 = DIRECTION ( 'NONE',  ( 1.892679809432641924E-16, -1.000000000000000000, 0.000000000000000000 ) ) ;
#5217 = EDGE_CURVE ( 'NONE', #5534, #5320, #2441, .T. ) ;
#5218 = ORIENTED_EDGE ( 'NONE', *, *, #5573, .F. ) ;
#5219 = CARTESIAN_POINT ( 'NONE',  ( -0.2753594305498699990, -0.6923573231419007934, 3.882493718789590588E-15 ) ) ;
#5220 = VERTEX_POINT ( 'NONE', #3306 ) ;
#5221 = FACE_OUTER_BOUND ( 'NONE', #7417, .T. ) ;
#5222 = CARTESIAN_POINT ( 'NONE',  ( 0.1732510630042984612, 0.4533311678704242120, 0.4903740126118881770 ) ) ;
#5223 = CARTESIAN_POINT ( 'NONE',  ( -0.1657364585615381525, -0.4572671204461667971, -0.000000000000000000 ) ) ;
#5224 = CARTESIAN_POINT ( 'NONE',  ( 0.7807411499027634427, -0.1598963502817110915, 0.01055190147764095698 ) ) ;
#5225 = CARTESIAN_POINT ( 'NONE',  ( 0.5832805319173705039, -0.6039378985925292209, 0.5000000000000000000 ) ) ;
#5226 = VERTEX_POINT ( 'NONE', #3871 ) ;
#5227 = ADVANCED_FACE ( 'NONE', ( #8591 ), #5967, .T. ) ;
#5228 = ORIENTED_EDGE ( 'NONE', *, *, #3099, .T. ) ;
#5229 = ORIENTED_EDGE ( 'NONE', *, *, #6511, .F. ) ;
#5230 = ORIENTED_EDGE ( 'NONE', *, *, #574, .T. ) ;
#5231 = CARTESIAN_POINT ( 'NONE',  ( -0.4239866205384654751, -0.5475769747778439500, 0.01000000000000000021 ) ) ;
#5232 = CARTESIAN_POINT ( 'NONE',  ( -0.4489707981072949550, 0.1084110567734725139, -2.835212769697294812E-15 ) ) ;
#5233 = CARTESIAN_POINT ( 'NONE',  ( 0.7901831814016744282, -0.1565585968158615671, 0.000000000000000000 ) ) ;
#5234 = CARTESIAN_POINT ( 'NONE',  ( -0.4972592147107061100, 0.08782465008070636237, 0.1696798210789552674 ) ) ;
#5235 = CARTESIAN_POINT ( 'NONE',  ( 0.1783159193642118445, 0.4756416258613468950, 0.000000000000000000 ) ) ;
#5236 = CARTESIAN_POINT ( 'NONE',  ( 0.5286652304814120074, -0.5962200064917192455, 0.01055218162561875894 ) ) ;
#5237 = CARTESIAN_POINT ( 'NONE',  ( -0.2729419432714854099, 0.7153009167169839255, 0.01057232438201181207 ) ) ;
#5238 = CARTESIAN_POINT ( 'NONE',  ( 0.3179193615039358489, -0.3394994384010273092, 0.01042152790750568332 ) ) ;
#5239 = EDGE_LOOP ( 'NONE', ( #6929, #6169, #5899, #1906 ) ) ;
#5240 = CARTESIAN_POINT ( 'NONE',  ( 0.4385513135130203466, 0.6113778997783743119, 0.4999999999999999445 ) ) ;
#5241 = CARTESIAN_POINT ( 'NONE',  ( 0.1256555659111160961, -0.4290888387613897015, 0.000000000000000000 ) ) ;
#5242 = CARTESIAN_POINT ( 'NONE',  ( 0.5820985525111261882, 0.5673666560794164981, 0.01034899496702894675 ) ) ;
#5243 = CARTESIAN_POINT ( 'NONE',  ( 0.2661060016856143795, 0.6476838364363284306, 0.01038463202135236560 ) ) ;
#5244 = CARTESIAN_POINT ( 'NONE',  ( -0.3209990221656938147, -0.2709112514302474684, 0.5000000000000000000 ) ) ;
#5245 = CARTESIAN_POINT ( 'NONE',  ( 0.4054616569822419025, 0.1053980709127984444, 0.5000000000000000000 ) ) ;
#5246 = CARTESIAN_POINT ( 'NONE',  ( -0.1433324142594068207, -0.4506880956676388994, 0.01041521383681751588 ) ) ;
#5247 = PLANE ( 'NONE',  #6674 ) ;
#5248 = CARTESIAN_POINT ( 'NONE',  ( -0.5766866715693432788, 0.5729208409967734283, 0.01038462063789533617 ) ) ;
#5249 = ORIENTED_EDGE ( 'NONE', *, *, #2178, .T. ) ;
#5250 = CARTESIAN_POINT ( 'NONE',  ( -0.2313852965306193166, 0.8071047074696184875, 0.5000000000000000000 ) ) ;
#5251 = CARTESIAN_POINT ( 'NONE',  ( 0.4360931401025170961, 0.09189561971576468147, 0.4904263670073870096 ) ) ;
#5252 = CARTESIAN_POINT ( 'NONE',  ( 0.2313852965306174569, -0.8071047074696127144, 0.5000000000000000000 ) ) ;
#5253 = CARTESIAN_POINT ( 'NONE',  ( -0.2940082354114784136, 0.2984410597507542451, 0.5000000000000002220 ) ) ;
#5254 = CARTESIAN_POINT ( 'NONE',  ( -0.07241254492021063915, 0.4039435683031577518, 0.5000000000000000000 ) ) ;
#5255 = EDGE_CURVE ( 'NONE', #996, #1883, #2461, .T. ) ;
#5256 = CARTESIAN_POINT ( 'NONE',  ( -0.1732510630043027910, -0.4533311678704308179, 0.4903740126118615872 ) ) ;
#5257 = DIRECTION ( 'NONE',  ( -0.000000000000000000, -0.000000000000000000, -1.000000000000000000 ) ) ;
#5258 = CIRCLE ( 'NONE', #6384, 0.8296233642237538231 ) ;
#5259 = EDGE_LOOP ( 'NONE', ( #699, #3143, #8496, #325 ) ) ;
#5260 = CARTESIAN_POINT ( 'NONE',  ( -0.2648600599157082680, -0.7367749402691797789, 0.01057748732869958491 ) ) ;
#5261 = ORIENTED_EDGE ( 'NONE', *, *, #3016, .T. ) ;
#5262 = CARTESIAN_POINT ( 'NONE',  ( -0.7821974245365106437, 0.1091379099144005882, 0.4905663007732029013 ) ) ;
#5263 = CARTESIAN_POINT ( 'NONE',  ( 0.1735520973954328416, 0.4531319624734455043, 0.5000000000000000000 ) ) ;
#5264 = CARTESIAN_POINT ( 'NONE',  ( 0.08430089531240997358, 0.4119647399908514251, 0.4903741793276565342 ) ) ;
#5265 = CARTESIAN_POINT ( 'NONE',  ( -0.5306399257410162607, -0.6222614985487137096, 0.4905276818448559562 ) ) ;
#5266 = AXIS2_PLACEMENT_3D ( 'NONE', #778, #58, #3470 ) ;
#5267 = ADVANCED_FACE ( 'NONE', ( #1222 ), #3262, .T. ) ;
#5268 = CARTESIAN_POINT ( 'NONE',  ( 0.7017196549309777653, -0.09429659715801570752, 0.01041710402079409556 ) ) ;
#5269 = CARTESIAN_POINT ( 'NONE',  ( 0.4492173466980924346, -0.5762592671061989025, -4.349482862642882139E-15 ) ) ;
#5270 = DIRECTION ( 'NONE',  ( -1.000000000000000000, 1.200511022531335597E-14, 4.342579616287176648E-32 ) ) ;
#5271 = ORIENTED_EDGE ( 'NONE', *, *, #4132, .F. ) ;
#5272 = ORIENTED_EDGE ( 'NONE', *, *, #8216, .F. ) ;
#5273 = VECTOR ( 'NONE', #2077, 39.37007874015748143 ) ;
#5274 = ORIENTED_EDGE ( 'NONE', *, *, #2839, .T. ) ;
#5275 = ORIENTED_EDGE ( 'NONE', *, *, #1887, .F. ) ;
#5276 = CARTESIAN_POINT ( 'NONE',  ( -0.7920226469531952418, 0.2231389177517645039, 0.01000000000000000021 ) ) ;
#5277 = CARTESIAN_POINT ( 'NONE',  ( -0.4435080312924096768, 0.09950788504360393028, 0.000000000000000000 ) ) ;
#5278 = CARTESIAN_POINT ( 'NONE',  ( -0.4239034787753259148, 0.1009372227269308558, 0.4904246938222638907 ) ) ;
#5279 = CARTESIAN_POINT ( 'NONE',  ( -0.2859438358632079846, 0.6926444801045759103, 0.000000000000000000 ) ) ;
#5280 = CARTESIAN_POINT ( 'NONE',  ( -0.4257460888940844401, -0.1274537850418155649, 0.01041038476224005055 ) ) ;
#5281 = EDGE_CURVE ( 'NONE', #1519, #6285, #1737, .T. ) ;
#5282 = EDGE_CURVE ( 'NONE', #8706, #8555, #2734, .T. ) ;
#5283 = CARTESIAN_POINT ( 'NONE',  ( -0.4357319187887147560, 0.08048029702922265827, 0.5000000000000000000 ) ) ;
#5284 = DIRECTION ( 'NONE',  ( 1.000000000000000000, 0.000000000000000000, 0.000000000000000000 ) ) ;
#5285 = CARTESIAN_POINT ( 'NONE',  ( -0.7246195483037216611, -0.06757899391588509386, 0.5000000000000000000 ) ) ;
#5286 = CARTESIAN_POINT ( 'NONE',  ( -0.7009656122187110094, -0.08212390000501613996, 0.3329279441486327484 ) ) ;
#5287 = AXIS2_PLACEMENT_3D ( 'NONE', #4253, #8234, #915 ) ;
#5288 = CARTESIAN_POINT ( 'NONE',  ( -0.4907180559827016286, -0.5952795415217081443, -7.781348367722242643E-15 ) ) ;
#5289 = ORIENTED_EDGE ( 'NONE', *, *, #3585, .T. ) ;
#5290 = CARTESIAN_POINT ( 'NONE',  ( 0.09021097956088186542, 0.1562499999999989730, 0.4899999999999999911 ) ) ;
#5291 = CARTESIAN_POINT ( 'NONE',  ( 0.1351261424015661461, -0.4451197403445705802, 0.01042148981070822530 ) ) ;
#5292 = CARTESIAN_POINT ( 'NONE',  ( 0.1074335809964382105, 0.4335406594295513338, 0.01041516670673440018 ) ) ;
#5293 = CARTESIAN_POINT ( 'NONE',  ( -0.5648731812070969527, -0.6066292143356617483, 0.4904132927943276599 ) ) ;
#5294 = CARTESIAN_POINT ( 'NONE',  ( -0.2978245519810988617, -0.3471530018037188303, 0.5000000000000048850 ) ) ;
#5295 = EDGE_CURVE ( 'NONE', #1218, #2899, #6706, .T. ) ;
#5296 = DIRECTION ( 'NONE',  ( -1.000000000000000000, 0.000000000000000000, 0.000000000000000000 ) ) ;
#5297 = CARTESIAN_POINT ( 'NONE',  ( -0.1098644940399192277, -0.4238366943513712237, 0.000000000000000000 ) ) ;
#5298 = DIRECTION ( 'NONE',  ( -0.8654978445076704219, 0.4996954135095583727, 0.03489949670250105246 ) ) ;
#5299 = CARTESIAN_POINT ( 'NONE',  ( 0.4215871251108651574, -0.5659874125705102177, 0.3332843519825594569 ) ) ;
#5300 = ORIENTED_EDGE ( 'NONE', *, *, #2192, .T. ) ;
#5301 = CARTESIAN_POINT ( 'NONE',  ( -0.2877926758860310796, 0.7528322504655470260, 0.5000000000000001110 ) ) ;
#5302 = CARTESIAN_POINT ( 'NONE',  ( -0.5010756907753638467, 0.08339469686209992350, 0.000000000000000000 ) ) ;
#5303 = CIRCLE ( 'NONE', #795, 0.01000000000000002970 ) ;
#5304 = CARTESIAN_POINT ( 'NONE',  ( 0.3228837035532642341, 0.3924615857660609386, 0.000000000000000000 ) ) ;
#5305 = CARTESIAN_POINT ( 'NONE',  ( 0.4203184710431490667, -0.5751314638158462333, 0.4956723049532018033 ) ) ;
#5306 = CARTESIAN_POINT ( 'NONE',  ( -0.09598448225277236845, -0.1662500000000009803, 0.5000000000000000000 ) ) ;
#5307 = CARTESIAN_POINT ( 'NONE',  ( 0.5625632016295443183, 0.5948250175806029105, -0.000000000000000000 ) ) ;
#5308 = CARTESIAN_POINT ( 'NONE',  ( 0.07707672846090816987, -0.4202799413545781348, -0.000000000000000000 ) ) ;
#5309 = AXIS2_PLACEMENT_3D ( 'NONE', #1396, #7339, #2719 ) ;
#5310 = B_SPLINE_CURVE_WITH_KNOTS ( 'NONE', 3,
 ( #4940, #8336, #7666, #1061, #6625, #5251, #7949, #1774, #1963, #1919, #4593, #443 ),
 .UNSPECIFIED., .F., .F.,
 ( 4, 2, 2, 2, 2, 4 ),
 ( 1.287236123218695551E-17, 0.0007727098128124547166, 0.001545419625624896423, 0.001931774532031116896, 0.002318129438437338020, 0.003090839251249778968 ),
 .UNSPECIFIED. ) ;
#5311 = EDGE_CURVE ( 'NONE', #1036, #5209, #6666, .T. ) ;
#5312 = CARTESIAN_POINT ( 'NONE',  ( -0.2826638410685347047, -0.7177272712735378590, 0.000000000000000000 ) ) ;
#5313 = ORIENTED_EDGE ( 'NONE', *, *, #1681, .F. ) ;
#5314 = CARTESIAN_POINT ( 'NONE',  ( -0.1554348382399319550, -0.4349083069291462822, 0.4904132021346768178 ) ) ;
#5315 = CARTESIAN_POINT ( 'NONE',  ( 0.09444024499487035929, 0.4117215170231516841, 0.4903933141719573618 ) ) ;
#5316 = CARTESIAN_POINT ( 'NONE',  ( -0.4780049418820756513, -0.6214176730207853216, 0.4999999999999928391 ) ) ;
#5317 = CARTESIAN_POINT ( 'NONE',  ( 0.7830180512368807300, -0.1672532488020954389, 0.01053677046980052920 ) ) ;
#5318 = CARTESIAN_POINT ( 'NONE',  ( -0.7836888454630610568, -0.09636485511190090447, 0.5000000000000000000 ) ) ;
#5319 = ORIENTED_EDGE ( 'NONE', *, *, #3649, .T. ) ;
#5320 = VERTEX_POINT ( 'NONE', #7885 ) ;
#5321 = CIRCLE ( 'NONE', #6993, 0.01000000000000001929 ) ;
#5322 = EDGE_CURVE ( 'NONE', #3335, #7520, #5855, .T. ) ;
#5323 = ORIENTED_EDGE ( 'NONE', *, *, #3552, .T. ) ;
#5324 = ORIENTED_EDGE ( 'NONE', *, *, #5426, .T. ) ;
#5325 = CARTESIAN_POINT ( 'NONE',  ( -0.4117055280199186096, 0.5798294372753756143, 0.4899999999999999911 ) ) ;
#5326 = CARTESIAN_POINT ( 'NONE',  ( -0.4621935306575597480, 0.1015927079723523141, 0.000000000000000000 ) ) ;
#5327 = CARTESIAN_POINT ( 'NONE',  ( -0.4791550432320615949, 0.07662575643055881403, 0.4903741761330090987 ) ) ;
#5328 = CARTESIAN_POINT ( 'NONE',  ( -0.2347527129680145042, 0.7712822203771033669, 0.000000000000000000 ) ) ;
#5329 = CARTESIAN_POINT ( 'NONE',  ( -0.4529746439188779283, -0.1055766247715966138, 0.01042152797426129478 ) ) ;
#5330 = CARTESIAN_POINT ( 'NONE',  ( 0.000000000000000000, 0.000000000000000000, 0.4903489949670249426 ) ) ;
#5331 = CARTESIAN_POINT ( 'NONE',  ( 0.2752091497306693446, 0.6463838291628997146, 0.2547538490329978034 ) ) ;
#5332 = CARTESIAN_POINT ( 'NONE',  ( -0.4427234639942916883, 0.5845636917038198321, 0.000000000000000000 ) ) ;
#5333 = CIRCLE ( 'NONE', #1961, 0.8128613948677146928 ) ;
#5334 = CARTESIAN_POINT ( 'NONE',  ( -0.4905960075473311810, -0.5958809482703366633, 0.01057749443219648151 ) ) ;
#5335 = ORIENTED_EDGE ( 'NONE', *, *, #1106, .T. ) ;
#5336 = CARTESIAN_POINT ( 'NONE',  ( 0.4631592938731124987, 0.08999251663903050369, 0.000000000000000000 ) ) ;
#5337 = EDGE_CURVE ( 'NONE', #4640, #5985, #2817, .T. ) ;
#5338 = CIRCLE ( 'NONE', #1397, 0.009999999999999995004 ) ;
#5339 = CARTESIAN_POINT ( 'NONE',  ( 0.07707436138210412013, 0.4202803123613985115, 0.000000000000000000 ) ) ;
#5340 = CARTESIAN_POINT ( 'NONE',  ( 0.2078206668760759768, 0.7858857281013185148, 0.01038462063788531987 ) ) ;
#5341 = CARTESIAN_POINT ( 'NONE',  ( 0.2982155629829640331, -0.3470437572037236018, 0.4904181029472115538 ) ) ;
#5342 = CARTESIAN_POINT ( 'NONE',  ( -0.2864395980197562142, -0.7712406701757611449, 0.5000000000000001110 ) ) ;
#5343 = DIRECTION ( 'NONE',  ( 1.000000000000000000, 1.640107905620428180E-13, -0.000000000000000000 ) ) ;
#5344 = CARTESIAN_POINT ( 'NONE',  ( -0.4299983619705399218, -0.1092800921813756043, -0.000000000000000000 ) ) ;
#5345 = CARTESIAN_POINT ( 'NONE',  ( -0.2876392800874754130, -0.6514591189165186425, 0.4903489949670249426 ) ) ;
#5346 = ORIENTED_EDGE ( 'NONE', *, *, #3585, .F. ) ;
#5347 = CARTESIAN_POINT ( 'NONE',  ( -0.09496767980839211643, 0.4016952412118603433, 0.5000000000000000000 ) ) ;
#5348 = EDGE_CURVE ( 'NONE', #4828, #4328, #7780, .T. ) ;
#5349 = B_SPLINE_CURVE_WITH_KNOTS ( 'NONE', 3,
 ( #1229, #6562, #3922, #1139 ),
 .UNSPECIFIED., .F., .F.,
 ( 4, 4 ),
 ( 0.0002631000255943944407, 0.01246611012736436805 ),
 .UNSPECIFIED. ) ;
#5350 = CARTESIAN_POINT ( 'NONE',  ( -0.4153263665006212135, -0.5525769747778440655, 0.01000000000000000021 ) ) ;
#5351 = CARTESIAN_POINT ( 'NONE',  ( -0.3898704330929247397, -0.1286195851904830545, 0.5000000000000000000 ) ) ;
#5352 = DIRECTION ( 'NONE',  ( 1.000000000000000000, 0.000000000000000000, 0.000000000000000000 ) ) ;
#5353 = CARTESIAN_POINT ( 'NONE',  ( -0.06609935683363124537, 0.4219993685819812268, 0.009999999999999998473 ) ) ;
#5354 = APPLICATION_CONTEXT ( 'automotive_design' ) ;
#5355 = CARTESIAN_POINT ( 'NONE',  ( -0.2604996191463841981, -0.7432608367283594086, -3.193893770128182037E-15 ) ) ;
#5356 = VERTEX_POINT ( 'NONE', #1404 ) ;
#5357 = CARTESIAN_POINT ( 'NONE',  ( -0.3315365649171675422, -0.3872594532903174680, 0.007463728527815763521 ) ) ;
#5358 = CARTESIAN_POINT ( 'NONE',  ( 0.1431262438802354264, 0.4147651959230910790, 0.5000000000000000000 ) ) ;
#5359 = CARTESIAN_POINT ( 'NONE',  ( -0.4894415122910312221, 0.06663272750606080708, 0.5000000000000000000 ) ) ;
#5360 = UNCERTAINTY_MEASURE_WITH_UNIT (LENGTH_MEASURE( 1.000000000000000082E-05 ), #7600, 'distance_accuracy_value', 'NONE');
#5361 = DIRECTION ( 'NONE',  ( 0.000000000000000000, 0.000000000000000000, 1.000000000000000000 ) ) ;
#5362 = CYLINDRICAL_SURFACE ( 'NONE', #1783, 0.009999999999999989800 ) ;
#5363 = FACE_OUTER_BOUND ( 'NONE', #4579, .T. ) ;
#5364 = VERTEX_POINT ( 'NONE', #3351 ) ;
#5365 = EDGE_LOOP ( 'NONE', ( #8228, #6363, #7364, #4207 ) ) ;
#5366 = ORIENTED_EDGE ( 'NONE', *, *, #1406, .T. ) ;
#5367 = ORIENTED_EDGE ( 'NONE', *, *, #1287, .F. ) ;
#5368 = CARTESIAN_POINT ( 'NONE',  ( -0.4368061475634693602, 0.1171996369898216928, -1.491077851773712829E-16 ) ) ;
#5369 = CARTESIAN_POINT ( 'NONE',  ( 0.07707669708368745931, 0.4202799462693107002, 0.000000000000000000 ) ) ;
#5370 = CARTESIAN_POINT ( 'NONE',  ( 0.2467661375755862696, 0.7616439500232655702, 0.01053710018373572692 ) ) ;
#5371 = CARTESIAN_POINT ( 'NONE',  ( -0.4367431819701818041, -0.1172536821132623697, -6.840170579806202878E-15 ) ) ;
#5372 = DIRECTION ( 'NONE',  ( 0.000000000000000000, 0.000000000000000000, 1.000000000000000000 ) ) ;
#5373 = CARTESIAN_POINT ( 'NONE',  ( -0.1642884446194830539, 0.4721060738517765532, 9.023130011488699203E-16 ) ) ;
#5374 = CARTESIAN_POINT ( 'NONE',  ( -0.5056357851870308950, 0.5977630104694631186, 0.01057748732870011400 ) ) ;
#5375 = EDGE_CURVE ( 'NONE', #1314, #2593, #2589, .T. ) ;
#5376 = CARTESIAN_POINT ( 'NONE',  ( 0.7164860856633710195, 0.09776409455638659929, 0.01047288138762544896 ) ) ;
#5377 = ORIENTED_EDGE ( 'NONE', *, *, #4496, .F. ) ;
#5378 = CARTESIAN_POINT ( 'NONE',  ( 0.1432950558362793558, -0.4013050629795706925, 0.4923896967737305119 ) ) ;
#5379 = CARTESIAN_POINT ( 'NONE',  ( 0.5010756907753657341, 0.09374999999999424072, 0.000000000000000000 ) ) ;
#5380 = CARTESIAN_POINT ( 'NONE',  ( -0.2830530363473298672, 0.3258544801418050141, 0.3306376160480769544 ) ) ;
#5381 = CARTESIAN_POINT ( 'NONE',  ( 0.7976845859270825789, -0.2071716128187366390, 0.3332838527124466488 ) ) ;
#5382 = CARTESIAN_POINT ( 'NONE',  ( 0.5782581726075610717, 0.5872293092107560009, 0.3332838527124466488 ) ) ;
#5383 = CARTESIAN_POINT ( 'NONE',  ( -0.3037846486289795256, -0.6613284338787314143, 0.5000000000000001110 ) ) ;
#5384 = CARTESIAN_POINT ( 'NONE',  ( -0.3213931831182620935, 0.3096454646430908397, 0.01041668432707556526 ) ) ;
#5385 = ADVANCED_FACE ( 'NONE', ( #4161 ), #8647, .T. ) ;
#5386 = CARTESIAN_POINT ( 'NONE',  ( 0.2003046611694404844, -0.7877954620204934422, 0.01034899496702894155 ) ) ;
#5387 = CARTESIAN_POINT ( 'NONE',  ( -0.09021097956087617553, 0.1562499999999989453, 0.4899999999999999911 ) ) ;
#5388 = CARTESIAN_POINT ( 'NONE',  ( 0.7704962057032459510, 0.1390124008745031448, 0.01057748734879388787 ) ) ;
#5389 = CARTESIAN_POINT ( 'NONE',  ( -0.4307603182151411025, -0.08343163481301374418, 0.5000000000000000000 ) ) ;
#5390 = CARTESIAN_POINT ( 'NONE',  ( -0.3095395495010713205, -0.3562608440308685509, -0.000000000000000000 ) ) ;
#5391 = EDGE_CURVE ( 'NONE', #7520, #6228, #143, .T. ) ;
#5392 = ADVANCED_FACE ( 'NONE', ( #4089 ), #8739, .F. ) ;
#5393 = CARTESIAN_POINT ( 'NONE',  ( 0.7768030964241308123, -0.1036444827155570542, 0.4905613943066132743 ) ) ;
#5394 = CARTESIAN_POINT ( 'NONE',  ( 0.2877926758860033796, -0.7528322504655788894, 0.4999999999999927280 ) ) ;
#5396 = ORIENTED_EDGE ( 'NONE', *, *, #7749, .T. ) ;
#5395 =( BOUNDED_SURFACE ( )  B_SPLINE_SURFACE ( 3, 2, ( 
 ( #6012, #2666, #4022 ),
 ( #677, #6762, #8079 ),
 ( #2046, #4728, #7409 ),
 ( #5427, #1380, #6096 ) ),
 .UNSPECIFIED., .F., .F., .T. ) 
 B_SPLINE_SURFACE_WITH_KNOTS ( ( 4, 4 ),
 ( 3, 3 ),
 ( 0.01979716286801407391, 0.03216910638057764865 ),
 ( 0.000000000000000000, 1.000000000000000000 ),
 .UNSPECIFIED. ) 
 GEOMETRIC_REPRESENTATION_ITEM ( )  RATIONAL_B_SPLINE_SURFACE ( (
 ( 1.000000000000000000, 0.8185296408697566584, 1.000000000000000000),
 ( 1.000000000000000000, 0.8207248282202083134, 1.000000000000000000),
 ( 1.000000000000000000, 0.8228396131667747859, 1.000000000000000000),
 ( 1.000000000000000000, 0.8248823227260289048, 1.000000000000000000) ) ) 
 REPRESENTATION_ITEM ( '' )  SURFACE ( )  );
#5397 = CARTESIAN_POINT ( 'NONE',  ( -0.3211081924094353335, -0.2711008630349315829, 0.4941086989442873834 ) ) ;
#5398 = CARTESIAN_POINT ( 'NONE',  ( -0.3086399750407995968, -0.6771716199870522201, 0.5000000000000000000 ) ) ;
#5399 = CARTESIAN_POINT ( 'NONE',  ( -0.7377917621207904508, -0.08086091236169012930, 0.4904669482438976935 ) ) ;
#5400 = CARTESIAN_POINT ( 'NONE',  ( 0.7864021856489427087, -0.1901022936942280139, 0.01047284203978485033 ) ) ;
#5401 = PLANE ( 'NONE',  #1219 ) ;
#5402 = CARTESIAN_POINT ( 'NONE',  ( -0.1696609409191247031, 0.4806385799964465466, 0.01034899496703166506 ) ) ;
#5403 = ORIENTED_EDGE ( 'NONE', *, *, #7135, .F. ) ;
#5404 = EDGE_LOOP ( 'NONE', ( #7303, #7766, #4961, #1787 ) ) ;
#5405 = ORIENTED_EDGE ( 'NONE', *, *, #6249, .T. ) ;
#5406 = ORIENTED_EDGE ( 'NONE', *, *, #5167, .F. ) ;
#5407 = CARTESIAN_POINT ( 'NONE',  ( 0.2435365292996070075, 0.7936439338951317701, 0.5000000000000000000 ) ) ;
#5408 = CARTESIAN_POINT ( 'NONE',  ( 0.1254670312927348430, 0.4290100373027020408, 0.000000000000000000 ) ) ;
#5409 = CARTESIAN_POINT ( 'NONE',  ( 0.2194205741823009592, 0.7932469475982008023, 0.000000000000000000 ) ) ;
#5410 = CARTESIAN_POINT ( 'NONE',  ( -0.4309315420519281292, 0.08332397498875766806, 0.5000000000000000000 ) ) ;
#5411 = CARTESIAN_POINT ( 'NONE',  ( 0.2876392800874755795, 0.6514591189165185314, 0.4903489949670250536 ) ) ;
#5412 = CARTESIAN_POINT ( 'NONE',  ( 0.2959363269598383472, 0.7576725706440277097, 0.5000000000000001110 ) ) ;
#5413 = CARTESIAN_POINT ( 'NONE',  ( -0.4492173466980938223, 0.5762592671061921301, 5.975917486140575174E-17 ) ) ;
#5414 = CARTESIAN_POINT ( 'NONE',  ( -0.4239179122520002618, -0.5674579681943516807, 0.000000000000000000 ) ) ;
#5415 = AXIS2_PLACEMENT_3D ( 'NONE', #2286, #2378, #4211 ) ;
#5416 = ORIENTED_EDGE ( 'NONE', *, *, #3866, .F. ) ;
#5417 = CARTESIAN_POINT ( 'NONE',  ( 0.4257460888940832744, 0.1274537850418169527, 0.01041038476224023270 ) ) ;
#5418 = EDGE_CURVE ( 'NONE', #3908, #2103, #3562, .T. ) ;
#5419 = DIRECTION ( 'NONE',  ( 6.829619984160657454E-14, 0.000000000000000000, -1.000000000000000000 ) ) ;
#5420 = AXIS2_PLACEMENT_3D ( 'NONE', #1362, #3959, #656 ) ;
#5421 = CARTESIAN_POINT ( 'NONE',  ( 0.3014316016732468961, -0.3065893406275554955, 0.5000000000000001110 ) ) ;
#5422 = CARTESIAN_POINT ( 'NONE',  ( 0.2708825144536554652, -0.6359716716399463898, 0.000000000000000000 ) ) ;
#5423 = CARTESIAN_POINT ( 'NONE',  ( -0.2620732496068542972, 0.6409035483886138529, 0.007454521230928080021 ) ) ;
#5424 = CARTESIAN_POINT ( 'NONE',  ( -0.5286674396633332940, 0.5962196357748970055, 0.01055217792421047143 ) ) ;
#5425 = ORIENTED_EDGE ( 'NONE', *, *, #7321, .F. ) ;
#5426 = EDGE_CURVE ( 'NONE', #2062, #7631, #7428, .T. ) ;
#5427 = CARTESIAN_POINT ( 'NONE',  ( -0.1696082419465047286, 0.4807488141468544418, 0.007463728527815795613 ) ) ;
#5428 = CARTESIAN_POINT ( 'NONE',  ( -0.4447746683385206956, 0.6035206858565005383, 0.4904903537286846582 ) ) ;
#5429 = CARTESIAN_POINT ( 'NONE',  ( -0.3227352852916754999, -0.3692272300016454234, 0.01039148047315507570 ) ) ;
#5430 = CARTESIAN_POINT ( 'NONE',  ( -0.7920226469532127833, -0.2231389177517497380, 0.000000000000000000 ) ) ;
#5431 = B_SPLINE_CURVE_WITH_KNOTS ( 'NONE', 3,
 ( #5615, #8314, #7730, #5659, #8352, #2320, #4599, #7014, #1023, #3706, #5077, #2232, #2275, #275, #7683, #7994, #3322, #5386 ),
 .UNSPECIFIED., .F., .F.,
 ( 4, 2, 2, 2, 2, 2, 2, 2, 4 ),
 ( 3.576224061345498009E-18, 0.0005890685110653368518, 0.001178137022130670017, 0.001767205533196003400, 0.002356274044261336565, 0.002945342555326669731, 0.003534411066392003330, 0.004123479577457336495, 0.004712548088522669661 ),
 .UNSPECIFIED. ) ;
#5432 = AXIS2_PLACEMENT_3D ( 'NONE', #6761, #719, #3410 ) ;
#5433 = B_SPLINE_CURVE_WITH_KNOTS ( 'NONE', 3,
 ( #1817, #435, #387, #8557, #2473, #4489, #1144, #2522, #3925, #6613, #5202, #3272, #8648, #6002, #3365, #8028 ),
 .UNSPECIFIED., .F., .F.,
 ( 4, 2, 2, 2, 2, 2, 2, 4 ),
 ( 2.562756726049955539E-17, 0.0005730326345398874428, 0.001146065269079749298, 0.002292130538159463903, 0.002865163172699317518, 0.003438195807239170267, 0.004011228441779024316, 0.004584261076318877498 ),
 .UNSPECIFIED. ) ;
#5434 = CARTESIAN_POINT ( 'NONE',  ( 0.3047567932728995066, -0.6611197049787678193, 0.5000000000000000000 ) ) ;
#5435 = ADVANCED_FACE ( 'NONE', ( #7433 ), #6903, .T. ) ;
#5436 = ORIENTED_EDGE ( 'NONE', *, *, #7901, .F. ) ;
#5437 = CARTESIAN_POINT ( 'NONE',  ( -0.2859438359368708937, 0.6926444800899097531, 0.000000000000000000 ) ) ;
#5438 = CARTESIAN_POINT ( 'NONE',  ( -0.2313852965306336940, -0.8071047074696081625, 0.5000000000000000000 ) ) ;
#5439 = CARTESIAN_POINT ( 'NONE',  ( 0.1804219591217609275, -9.572035194145888967E-16, 0.5000000000000000000 ) ) ;
#5440 = CARTESIAN_POINT ( 'NONE',  ( -0.2755330890166265978, -0.7000440251568202932, 0.01055192711114468981 ) ) ;
#5441 = VECTOR ( 'NONE', #4118, 39.37007874015748854 ) ;
#5442 = CARTESIAN_POINT ( 'NONE',  ( 0.3246879852818754797, -0.3867267871553607961, 0.1696798239621516990 ) ) ;
#5443 = CARTESIAN_POINT ( 'NONE',  ( 0.4907180559827048483, 0.5952795415217155828, 0.000000000000000000 ) ) ;
#5444 = ORIENTED_EDGE ( 'NONE', *, *, #1777, .T. ) ;
#5445 = ORIENTED_EDGE ( 'NONE', *, *, #886, .F. ) ;
#5446 = EDGE_CURVE ( 'NONE', #2104, #7165, #229, .T. ) ;
#5447 = ORIENTED_EDGE ( 'NONE', *, *, #2434, .F. ) ;
#5448 = AXIS2_PLACEMENT_3D ( 'NONE', #5478, #1431, #4191 ) ;
#5449 = CARTESIAN_POINT ( 'NONE',  ( 0.2999743171470070635, 0.7502290296569676942, 0.5000000000000000000 ) ) ;
#5450 = CARTESIAN_POINT ( 'NONE',  ( -0.1668643905642764880, 0.4453682633077142849, 0.4903933090338112866 ) ) ;
#5451 = CARTESIAN_POINT ( 'NONE',  ( 0.2538639475292129855, 0.7687098774755285469, 0.000000000000000000 ) ) ;
#5452 = CARTESIAN_POINT ( 'NONE',  ( 0.5449629934867726844, 0.6175984118946027390, 0.4904903260095139772 ) ) ;
#5453 = CARTESIAN_POINT ( 'NONE',  ( 0.2665698469850078522, 0.6427999557006884856, 0.09181588974873092224 ) ) ;
#5454 = CARTESIAN_POINT ( 'NONE',  ( 0.3037846486289795811, 0.6613284338787313033, 0.5000000000000001110 ) ) ;
#5455 = CARTESIAN_POINT ( 'NONE',  ( -0.5711947946613471494, 0.5785571253527477253, 0.01042077290530318313 ) ) ;
#5456 = AXIS2_PLACEMENT_3D ( 'NONE', #7164, #3675, #3861 ) ;
#5457 = AXIS2_PLACEMENT_3D ( 'NONE', #5213, #6490, #4407 ) ;
#5458 = EDGE_LOOP ( 'NONE', ( #4920, #4617, #3270, #4650 ) ) ;
#5459 = CARTESIAN_POINT ( 'NONE',  ( 0.5010756907753657341, 0.09338860513227950633, 0.01034899496702500026 ) ) ;
#5460 = CARTESIAN_POINT ( 'NONE',  ( 0.1073292341806816735, 0.4339612742018661429, 4.825105542501418806E-15 ) ) ;
#5461 = TOROIDAL_SURFACE ( 'NONE', #8008, 0.8228553031379056693, 0.01000000000000000021 ) ;
#5462 = CARTESIAN_POINT ( 'NONE',  ( 0.3056477420710014825, -0.3768665064612314874, 0.5000000000000389688 ) ) ;
#5463 = CARTESIAN_POINT ( 'NONE',  ( 0.7233900490529632243, -0.07622355037701342151, 0.5000000000000001110 ) ) ;
#5464 = CARTESIAN_POINT ( 'NONE',  ( -0.3024263908892105279, -0.3905524195576759450, 0.4899999999999999911 ) ) ;
#5465 = CARTESIAN_POINT ( 'NONE',  ( -0.3356617426891549960, 0.7574899086290471928, 0.1631304812544259186 ) ) ;
#5466 = CARTESIAN_POINT ( 'NONE',  ( -0.4781709268377156152, 0.6209194924116884229, 0.4905614448161028651 ) ) ;
#5467 = CARTESIAN_POINT ( 'NONE',  ( -0.1278089861348942202, 0.4081259131080473002, 0.5000000000000000000 ) ) ;
#5468 = CONICAL_SURFACE ( 'NONE', #1968, 0.8125000000000000000, 0.03490658503988666728 ) ;
#5469 = ORIENTED_EDGE ( 'NONE', *, *, #8173, .T. ) ;
#5470 = DIRECTION ( 'NONE',  ( 0.000000000000000000, 0.000000000000000000, 1.000000000000000000 ) ) ;
#5471 = CARTESIAN_POINT ( 'NONE',  ( -0.5080782147696871753, 0.6251128175459724767, 0.4905613818148974459 ) ) ;
#5472 = DIRECTION ( 'NONE',  ( 1.000000000000000000, 0.000000000000000000, 0.000000000000000000 ) ) ;
#5473 = CARTESIAN_POINT ( 'NONE',  ( -0.7920226469531952418, 0.2231389177517645039, 0.01000000000000000021 ) ) ;
#5474 = ADVANCED_FACE ( 'NONE', ( #898 ), #3587, .T. ) ;
#5475 = FACE_OUTER_BOUND ( 'NONE', #3594, .T. ) ;
#5476 = LINE ( 'NONE', #4115, #7236 ) ;
#5477 = CARTESIAN_POINT ( 'NONE',  ( -0.6862088809542802315, -0.09338860513227732751, 0.01034899496702865532 ) ) ;
#5478 = CARTESIAN_POINT ( 'NONE',  ( 0.000000000000000000, 0.000000000000000000, 0.4903489949670249426 ) ) ;
#5479 = LINE ( 'NONE', #7546, #3349 ) ;
#5480 = ADVANCED_FACE ( 'NONE', ( #2936 ), #6325, .T. ) ;
#5481 = CARTESIAN_POINT ( 'NONE',  ( -0.7079997865524670919, 0.06663272750606331896, 0.4899999999999999911 ) ) ;
#5482 = EDGE_LOOP ( 'NONE', ( #950, #2459, #8635, #559, #2414, #3900 ) ) ;
#5483 = ORIENTED_EDGE ( 'NONE', *, *, #3411, .F. ) ;
#5484 = ORIENTED_EDGE ( 'NONE', *, *, #32, .F. ) ;
#5485 = ORIENTED_EDGE ( 'NONE', *, *, #4173, .T. ) ;
#5486 = CARTESIAN_POINT ( 'NONE',  ( 0.2971417374937698197, 0.7319840020709799111, 0.5000000000000000000 ) ) ;
#5487 = CARTESIAN_POINT ( 'NONE',  ( -0.1517695816866429237, 0.4315379540227032296, 0.4904196434101645297 ) ) ;
#5488 = CARTESIAN_POINT ( 'NONE',  ( 0.2661061652466086835, 0.6476841196271123646, 0.01038463352716719260 ) ) ;
#5489 = CARTESIAN_POINT ( 'NONE',  ( -0.4404147921841477520, 0.08885654769872088077, 0.4999999999999950595 ) ) ;
#5490 = CARTESIAN_POINT ( 'NONE',  ( -0.4233961676958169495, -0.5522562372222818983, 0.09181588974872863240 ) ) ;
#5491 = CARTESIAN_POINT ( 'NONE',  ( -0.8146658284480056134, -0.2031668088770799963, 0.5000000000000000000 ) ) ;
#5492 = DIRECTION ( 'NONE',  ( 0.8654978445076705329, -0.4996954135095582616, 0.03489949670250104552 ) ) ;
#5493 = CARTESIAN_POINT ( 'NONE',  ( 0.7824032136805706417, 0.2204288059410614564, 0.01034899496702500546 ) ) ;
#5494 = EDGE_CURVE ( 'NONE', #7224, #1185, #2157, .T. ) ;
#5495 =( BOUNDED_SURFACE ( )  B_SPLINE_SURFACE ( 3, 2, ( 
 ( #1523, #8181, #3430 ),
 ( #4238, #2140, #6232 ),
 ( #4829, #8146, #8265 ),
 ( #2106, #4913, #184 ),
 ( #740, #7432, #7510 ),
 ( #6931, #4199, #6781 ),
 ( #2229, #6855, #6892 ),
 ( #5566, #1476, #142 ),
 ( #6077, #5486, #4160 ),
 ( #5449, #2725, #6116 ),
 ( #2848, #4753, #6816 ),
 ( #816, #2890, #3547 ),
 ( #7596, #855, #4791 ),
 ( #897, #18, #4088 ),
 ( #2184, #5407, #8102 ),
 ( #2064, #2765, #1403 ) ),
 .UNSPECIFIED., .F., .F., .T. ) 
 B_SPLINE_SURFACE_WITH_KNOTS ( ( 4, 2, 2, 2, 2, 2, 2, 4 ),
 ( 3, 3 ),
 ( 2.222614453595284090E-17, 0.0006302862164564817290, 0.001260572432912941340, 0.001890858649369400952, 0.002521144865825860563, 0.003151431082282320391, 0.003781717298738779785, 0.005042289731651698574 ),
 ( 0.000000000000000000, 1.000000000000000000 ),
 .UNSPECIFIED. ) 
 GEOMETRIC_REPRESENTATION_ITEM ( )  RATIONAL_B_SPLINE_SURFACE ( (
 ( 1.000000000000000000, 0.7193398003386507478, 1.000000000000000000),
 ( 1.000000000000000000, 0.7205203109739828360, 1.000000000000000000),
 ( 1.000000000000000000, 0.7215723838606141749, 1.000000000000000000),
 ( 1.000000000000000000, 0.7234284248572683262, 1.000000000000000000),
 ( 1.000000000000000000, 0.7242364760474390151, 1.000000000000000000),
 ( 1.000000000000000000, 0.7255244946207154433, 1.000000000000000000),
 ( 1.000000000000000000, 0.7260172650832499297, 1.000000000000000000),
 ( 1.000000000000000000, 0.7266858690948487798, 1.000000000000000000),
 ( 1.000000000000000000, 0.7268505164664965656, 1.000000000000000000),
 ( 1.000000000000000000, 0.7268526187167460018, 1.000000000000000000),
 ( 1.000000000000000000, 0.7266837284338760750, 1.000000000000000000),
 ( 1.000000000000000000, 0.7260252910178632835, 1.000000000000000000),
 ( 1.000000000000000000, 0.7255360622058618647, 1.000000000000000000),
 ( 1.000000000000000000, 0.7235853240588762114, 1.000000000000000000),
 ( 1.000000000000000000, 0.7217167785968363614, 1.000000000000000000),
 ( 1.000000000000000000, 0.7193398003386506367, 1.000000000000000000) ) ) 
 REPRESENTATION_ITEM ( '' )  SURFACE ( )  );
#5496 = VERTEX_POINT ( 'NONE', #8312 ) ;
#5497 = ORIENTED_EDGE ( 'NONE', *, *, #1393, .T. ) ;
#5498 = CARTESIAN_POINT ( 'NONE',  ( 0.4118232408909041076, 0.1480922890066631303, 9.023131309599373157E-16 ) ) ;
#5499 = CARTESIAN_POINT ( 'NONE',  ( 0.4240021294767021831, 0.5474138660061825812, 0.007454521230928067010 ) ) ;
#5500 = CARTESIAN_POINT ( 'NONE',  ( 0.07288395368731914736, -0.4174477780083340472, 0.3935128503261026145 ) ) ;
#5501 = CARTESIAN_POINT ( 'NONE',  ( 0.7233892651124097517, -0.07662424177250157231, 0.4904175502648567275 ) ) ;
#5502 = DIRECTION ( 'NONE',  ( -0.5000000000000150990, -0.8660254037844299368, 0.000000000000000000 ) ) ;
#5503 = DIRECTION ( 'NONE',  ( 0.000000000000000000, 0.000000000000000000, -1.000000000000000000 ) ) ;
#5504 = CARTESIAN_POINT ( 'NONE',  ( -0.4522943555171873298, 0.6206481216597505846, 0.5000000000000000000 ) ) ;
#5505 = B_SPLINE_CURVE_WITH_KNOTS ( 'NONE', 3,
 ( #7127, #4481, #7218, #5802, #6470, #3172, #2513, #5852, #426, #3125, #8502, #8592, #2463, #8547, #1898, #4572 ),
 .UNSPECIFIED., .F., .F.,
 ( 4, 2, 2, 2, 2, 2, 2, 4 ),
 ( 0.000000000000000000, 0.0004286688780641566450, 0.0008573377561283132900, 0.001286006634192469935, 0.001714675512256628965, 0.002143344390320787995, 0.002572013268384946809, 0.003429351024513260099 ),
 .UNSPECIFIED. ) ;
#5506 = CARTESIAN_POINT ( 'NONE',  ( -0.1725832052997707533, 0.4745253685054801052, 0.1703500779047205649 ) ) ;
#5507 = EDGE_LOOP ( 'NONE', ( #4508, #8670, #4438, #2818 ) ) ;
#5508 = CARTESIAN_POINT ( 'NONE',  ( 0.2793659149528385788, -0.6480988665397193760, 0.3332843519825628986 ) ) ;
#5509 = CARTESIAN_POINT ( 'NONE',  ( 0.3004894807054865891, -0.6537285027340179466, 0.5000000000000000000 ) ) ;
#5510 = CARTESIAN_POINT ( 'NONE',  ( 0.09598448225277808610, 0.1662499999999989819, 0.5000000000000000000 ) ) ;
#5511 = DIRECTION ( 'NONE',  ( 0.2711763743891098533, 0.9625296743338240812, 0.000000000000000000 ) ) ;
#5512 = CARTESIAN_POINT ( 'NONE',  ( 0.2149729506869530737, -0.7831515245640093825, 0.01041646868185572630 ) ) ;
#5513 = EDGE_CURVE ( 'NONE', #7925, #6927, #2273, .T. ) ;
#5514 = CARTESIAN_POINT ( 'NONE',  ( -0.2971417374937697087, -0.7319840020709799111, 0.5000000000000000000 ) ) ;
#5515 = CARTESIAN_POINT ( 'NONE',  ( 0.1005129965826215971, -0.4024196302306102813, 0.5000000000000001110 ) ) ;
#5516 = CARTESIAN_POINT ( 'NONE',  ( -0.4531853490372295679, -0.1059631081260102720, 0.000000000000000000 ) ) ;
#5517 = CARTESIAN_POINT ( 'NONE',  ( 0.4933284898722748446, 0.08215997535301854116, 0.3318948813460324554 ) ) ;
#5518 = CARTESIAN_POINT ( 'NONE',  ( 0.5307665441358446756, 0.6227466820985119167, 0.4999999999999999445 ) ) ;
#5519 = CARTESIAN_POINT ( 'NONE',  ( 0.5389356162429593811, 0.6041634252119213455, 0.000000000000000000 ) ) ;
#5520 = VERTEX_POINT ( 'NONE', #3021 ) ;
#5521 = ORIENTED_EDGE ( 'NONE', *, *, #3189, .T. ) ;
#5522 = ORIENTED_EDGE ( 'NONE', *, *, #298, .F. ) ;
#5523 = CARTESIAN_POINT ( 'NONE',  ( -0.4203605064649954537, 0.5748324831402802371, 0.4903489949670249426 ) ) ;
#5524 = EDGE_CURVE ( 'NONE', #6811, #8120, #7805, .T. ) ;
#5525 = CARTESIAN_POINT ( 'NONE',  ( -0.3314147498562396432, -0.3872499748641552442, 0.01034899496702501066 ) ) ;
#5526 = CARTESIAN_POINT ( 'NONE',  ( 0.5013235550595661616, -0.08339469686210011778, 0.000000000000000000 ) ) ;
#5527 = CARTESIAN_POINT ( 'NONE',  ( 0.2784825319476627592, 0.6510900786596928169, 0.000000000000000000 ) ) ;
#5528 = AXIS2_PLACEMENT_3D ( 'NONE', #1086, #7172, #7262 ) ;
#5529 = CARTESIAN_POINT ( 'NONE',  ( -0.3985682522645277448, 0.1328955260207547173, 0.5000000000000000000 ) ) ;
#5530 = CARTESIAN_POINT ( 'NONE',  ( -0.1348965014653853989, 0.4454952293107998784, -3.411548375515072021E-15 ) ) ;
#5531 = SURFACE_STYLE_FILL_AREA ( #4204 ) ;
#5532 = CARTESIAN_POINT ( 'NONE',  ( 0.8177692574158994532, -0.1868119738356568138, 0.5000000000000001110 ) ) ;
#5533 = VERTEX_POINT ( 'NONE', #8445 ) ;
#5534 = VERTEX_POINT ( 'NONE', #1164 ) ;
#5535 = CONICAL_SURFACE ( 'NONE', #2740, 0.8125000000000000000, 0.03490658503988666728 ) ;
#5536 = ORIENTED_EDGE ( 'NONE', *, *, #8619, .F. ) ;
#5537 = DIRECTION ( 'NONE',  ( 0.000000000000000000, 0.000000000000000000, 1.000000000000000000 ) ) ;
#5538 = EDGE_CURVE ( 'NONE', #2280, #5988, #5625, .T. ) ;
#5539 = CARTESIAN_POINT ( 'NONE',  ( 0.5010756907753637357, -0.09338860513229069182, 0.01034899496703637484 ) ) ;
#5540 = CARTESIAN_POINT ( 'NONE',  ( 0.1890822131596053279, -0.005000000000000954202, 0.000000000000000000 ) ) ;
#5541 =( BOUNDED_SURFACE ( )  B_SPLINE_SURFACE ( 3, 2, ( 
 ( #5423, #78, #2782 ),
 ( #3490, #5465, #4139 ),
 ( #8076, #3372, #2040 ),
 ( #4808, #2000, #4679 ) ),
 .UNSPECIFIED., .F., .F., .F. ) 
 B_SPLINE_SURFACE_WITH_KNOTS ( ( 4, 4 ),
 ( 3, 3 ),
 ( 0.02912239127223455182, 0.04154342169942462637 ),
 ( 0.000000000000000000, 1.000000000000000000 ),
 .UNSPECIFIED. ) 
 GEOMETRIC_REPRESENTATION_ITEM ( )  RATIONAL_B_SPLINE_SURFACE ( (
 ( 1.000000000000000000, 0.6042316834834668970, 1.000000000000000000),
 ( 1.000000000000000000, 0.6084201088642327004, 1.000000000000000000),
 ( 1.000000000000000000, 0.6124652103510522805, 1.000000000000000000),
 ( 1.000000000000000000, 0.6163818356446828517, 1.000000000000000000) ) ) 
 REPRESENTATION_ITEM ( '' )  SURFACE ( )  );
#5542 = AXIS2_PLACEMENT_3D ( 'NONE', #2823, #8699, #8031 ) ;
#5543 = CARTESIAN_POINT ( 'NONE',  ( 0.3246594212160326398, 0.3867241243088864189, 0.1703500779047236735 ) ) ;
#5544 = CARTESIAN_POINT ( 'NONE',  ( -0.5003463524849688371, 0.6254442083906256444, 0.5000000000000000000 ) ) ;
#5545 = CARTESIAN_POINT ( 'NONE',  ( 0.000000000000000000, 0.000000000000000000, 0.000000000000000000 ) ) ;
#5546 = CIRCLE ( 'NONE', #2750, 0.8228553031379056693 ) ;
#5547 = CARTESIAN_POINT ( 'NONE',  ( 0.3231212670672979903, 0.3690888225660953759, 0.000000000000000000 ) ) ;
#5548 = EDGE_CURVE ( 'NONE', #6207, #5574, #4358, .T. ) ;
#5549 = B_SPLINE_CURVE_WITH_KNOTS ( 'NONE', 3,
 ( #4175, #830, #5059, #2247, #7610, #1715, #3037 ),
 .UNSPECIFIED., .F., .F.,
 ( 4, 3, 4 ),
 ( 0.0002633041030030387817, 0.006481459598394693350, 0.01247528583322763882 ),
 .UNSPECIFIED. ) ;
#5550 = CARTESIAN_POINT ( 'NONE',  ( -0.4894415122910324989, -0.07628961525412067401, 0.5000000000000000000 ) ) ;
#5551 = CARTESIAN_POINT ( 'NONE',  ( 0.3101931357639387543, -0.6854855282544966011, 0.5000000000000001110 ) ) ;
#5552 = CARTESIAN_POINT ( 'NONE',  ( -0.2410000214852997258, -0.7797801822423440221, -0.000000000000000000 ) ) ;
#5553 = DIRECTION ( 'NONE',  ( -0.5000000000000104361, -0.8660254037844324904, 0.000000000000000000 ) ) ;
#5554 = CARTESIAN_POINT ( 'NONE',  ( 0.8017666291849153692, 0.1410959225797437377, 0.4905422522975379507 ) ) ;
#5555 = CARTESIAN_POINT ( 'NONE',  ( -0.2848925437666997573, 0.6757055592718712589, -0.000000000000000000 ) ) ;
#5556 = CARTESIAN_POINT ( 'NONE',  ( -0.2909962157630012203, -0.7457972494691080811, 0.4905662945849573187 ) ) ;
#5557 = CARTESIAN_POINT ( 'NONE',  ( 0.4286594275342964777, -0.5874906439844678196, 0.4904133168798596731 ) ) ;
#5558 = CARTESIAN_POINT ( 'NONE',  ( -0.5010756907753656231, -0.09338860513227964510, 0.01034899496702500026 ) ) ;
#5559 = CARTESIAN_POINT ( 'NONE',  ( -0.4894415122910311111, 0.07662663577625178357, 0.4903489949670249426 ) ) ;
#5560 = CARTESIAN_POINT ( 'NONE',  ( 0.5248844680749252811, 0.6336608463058970298, 0.5000000000000000000 ) ) ;
#5561 = CARTESIAN_POINT ( 'NONE',  ( 0.5575858446668527924, 0.5855635356366233335, 6.691674708710000284E-15 ) ) ;
#5562 = EDGE_CURVE ( 'NONE', #7548, #1891, #3634, .T. ) ;
#5563 = ORIENTED_EDGE ( 'NONE', *, *, #3609, .T. ) ;
#5564 = ORIENTED_EDGE ( 'NONE', *, *, #8619, .T. ) ;
#5565 = CARTESIAN_POINT ( 'NONE',  ( -0.2876392800874754130, -0.6514591189165186425, 0.4903489949670249426 ) ) ;
#5566 = CARTESIAN_POINT ( 'NONE',  ( 0.3083900102577840086, 0.7268768764176923858, 0.5000000000000000000 ) ) ;
#5567 = CARTESIAN_POINT ( 'NONE',  ( -0.3090101113947403277, 0.2874598509869933927, 0.5000000000000096589 ) ) ;
#5568 = CARTESIAN_POINT ( 'NONE',  ( 0.4407541808787677207, -0.1140366926009773324, 2.816010384405746454E-15 ) ) ;
#5569 = CLOSED_SHELL ( 'NONE', ( #5676, #2523, #196, #2579, #6890, #2738, #5227, #2261, #3436, #6563, #3748, #2805, #6149, #3392, #4896, #6916, #8128, #2911, #2608, #1021, #1436, #1124, #6987, #992, #6205, #464, #6195, #5982, #3573, #1482, #2262, #4055, #7577, #2090, #5267, #6627, #1275, #5385, #1560, #1791, #7089, #6340, #5113, #90, #8700, #1493, #936, #3003, #7737, #1245, #3758, #688, #2851, #5392, #8419, #8665, #6329, #6439, #6798, #6756, #6179, #7365, #966, #2543, #4027, #3771, #1900, #4841, #6719, #4188, #8045, #6876, #5921, #539, #7028, #3996, #964, #8455, #3404, #2052, #73, #8431, #2045, #3716, #6185, #3986, #5696, #8675, #8548, #6356, #6302, #7988, #7842, #5005, #6823, #4532, #3484, #8402, #5041, #348, #4612, #6458, #6791, #5811, #4216, #2747, #5760, #4694, #1542, #198, #2100, #5870, #4103, #237, #4515, #7799, #3598, #3086, #6867, #3496, #5880, #1548, #2941, #4090, #7867, #1297, #207, #1504, #7166, #3967, #1060, #7330, #7219, #8443, #4583, #5474, #584, #5103, #6963, #2785, #4150, #6833, #6024, #4503, #3822, #7076, #5435, #496, #714, #849, #8194, #6617, #7112, #1256, #3221, #8183, #6387, #6447, #4849, #834, #7908, #5813, #7441, #1054, #6605, #2401, #7424, #1718, #2590, #2129, #7245, #7775, #5480, #6224, #6398, #4639, #2969, #3542, #357, #4885, #2702, #6976 ) ) ;
#5570 = CARTESIAN_POINT ( 'NONE',  ( -0.4092799118481162401, 0.1011253064550524661, 0.5000000000000000000 ) ) ;
#5571 = CARTESIAN_POINT ( 'NONE',  ( 0.7824032136805706417, -0.2204288059410787204, 0.01034899496702500893 ) ) ;
#5572 = CARTESIAN_POINT ( 'NONE',  ( 0.7866425654266522294, 0.2053906400097814944, 0.01042077290528679867 ) ) ;
#5573 = EDGE_CURVE ( 'NONE', #3227, #5083, #2397, .T. ) ;
#5574 = VERTEX_POINT ( 'NONE', #1646 ) ;
#5575 = CARTESIAN_POINT ( 'NONE',  ( 0.4884119205936317543, -0.6056543417223659853, 0.000000000000000000 ) ) ;
#5576 = ORIENTED_EDGE ( 'NONE', *, *, #6193, .T. ) ;
#5577 = AXIS2_PLACEMENT_3D ( 'NONE', #1066, #978, #3149 ) ;
#5578 = ORIENTED_EDGE ( 'NONE', *, *, #1162, .T. ) ;
#5579 = DIRECTION ( 'NONE',  ( 0.000000000000000000, 0.000000000000000000, 1.000000000000000000 ) ) ;
#5580 = CARTESIAN_POINT ( 'NONE',  ( 0.7629019703829349464, 0.1140695685962747202, -0.000000000000000000 ) ) ;
#5581 = CARTESIAN_POINT ( 'NONE',  ( -0.4573892632800681257, -0.6120325090275724467, 0.4905280637116635201 ) ) ;
#5582 = CARTESIAN_POINT ( 'NONE',  ( 0.000000000000000000, 0.000000000000000000, 0.01034899496702338870 ) ) ;
#5583 = CARTESIAN_POINT ( 'NONE',  ( 0.7958681916343721685, -0.1271803568923836891, 0.4999999999999927280 ) ) ;
#5584 = CARTESIAN_POINT ( 'NONE',  ( -0.4933284898728376167, -0.08215997535301822197, 0.3318948813460469993 ) ) ;
#5585 = CARTESIAN_POINT ( 'NONE',  ( -0.5763377827354076999, 0.5967492661558730926, 0.4903489949670249426 ) ) ;
#5586 = EDGE_CURVE ( 'NONE', #6373, #4801, #7071, .T. ) ;
#5587 = CARTESIAN_POINT ( 'NONE',  ( 0.3199139367420092972, -0.2863528589848632899, 0.000000000000000000 ) ) ;
#5588 = DIRECTION ( 'NONE',  ( 0.9691633370639942680, -0.2464192080398416029, 0.000000000000000000 ) ) ;
#5589 = AXIS2_PLACEMENT_3D ( 'NONE', #896, #3666, #6231 ) ;
#5590 = DIRECTION ( 'NONE',  ( -0.8660254037844330455, 0.5000000000000098810, 0.000000000000000000 ) ) ;
#5591 = CARTESIAN_POINT ( 'NONE',  ( 0.3183619351152293109, 0.3395714118060669251, 0.000000000000000000 ) ) ;
#5592 = CARTESIAN_POINT ( 'NONE',  ( 0.4631592938801629145, 0.08999251665780576281, 0.000000000000000000 ) ) ;
#5593 = CARTESIAN_POINT ( 'NONE',  ( -0.4300679003804624978, 0.1092203462758355587, 0.000000000000000000 ) ) ;
#5594 = CARTESIAN_POINT ( 'NONE',  ( -0.2826638409883620584, -0.7177272712469626725, -0.000000000000000000 ) ) ;
#5595 = CARTESIAN_POINT ( 'NONE',  ( -0.4203184710431493443, 0.5751314638158460113, 0.4956723049532018033 ) ) ;
#5596 = CARTESIAN_POINT ( 'NONE',  ( 0.4829904336625115979, -0.5940298662675334018, 0.01057235682384261542 ) ) ;
#5597 = AXIS2_PLACEMENT_3D ( 'NONE', #982, #7107, #6362 ) ;
#5598 = EDGE_CURVE ( 'NONE', #1160, #3829, #4624, .T. ) ;
#5599 = CARTESIAN_POINT ( 'NONE',  ( 0.8049689155484115455, 0.2007485279317224314, 0.4903489949670249426 ) ) ;
#5600 = CARTESIAN_POINT ( 'NONE',  ( 0.2802438665494149106, -0.7259905215584188110, 0.000000000000000000 ) ) ;
#5601 = CARTESIAN_POINT ( 'NONE',  ( -0.8146658284480072787, 0.2031668088770978708, 0.5000000000000000000 ) ) ;
#5602 = DIRECTION ( 'NONE',  ( 0.5000000000000002220, -0.8660254037844384856, 0.000000000000000000 ) ) ;
#5603 = DIRECTION ( 'NONE',  ( 1.000000000000000000, 0.000000000000000000, 0.000000000000000000 ) ) ;
#5604 = CARTESIAN_POINT ( 'NONE',  ( -0.2729500794988548029, -0.7152957297329903819, 0.01057235597143461187 ) ) ;
#5605 = DIRECTION ( 'NONE',  ( 1.000000000000000000, -1.366756588017023588E-14, 0.000000000000000000 ) ) ;
#5606 = CARTESIAN_POINT ( 'NONE',  ( 0.5767643241800289866, 0.5857572704286210241, 0.000000000000000000 ) ) ;
#5607 = ORIENTED_EDGE ( 'NONE', *, *, #5857, .T. ) ;
#5608 = ORIENTED_EDGE ( 'NONE', *, *, #6085, .F. ) ;
#5609 = DIRECTION ( 'NONE',  ( 0.000000000000000000, 0.000000000000000000, 1.000000000000000000 ) ) ;
#5610 = ORIENTED_EDGE ( 'NONE', *, *, #5548, .T. ) ;
#5611 = CARTESIAN_POINT ( 'NONE',  ( -0.4357319187968575203, 0.08048029704392690997, 0.5000000000000000000 ) ) ;
#5612 = CARTESIAN_POINT ( 'NONE',  ( -0.3179303493936586622, -0.3346027771080516411, 0.01042308825612735593 ) ) ;
#5613 = CARTESIAN_POINT ( 'NONE',  ( -0.2981379996552181999, 0.3215066956378351826, 0.4999999999999998335 ) ) ;
#5614 = CARTESIAN_POINT ( 'NONE',  ( 0.4621935306575647995, -0.1015927079723534937, -2.229754309504737353E-15 ) ) ;
#5615 = CARTESIAN_POINT ( 'NONE',  ( 0.2622275360085785101, -0.6409686257750416560, 0.01034899496702498464 ) ) ;
#5616 = CARTESIAN_POINT ( 'NONE',  ( -0.06609935683363168946, 0.4219993685819810603, 0.000000000000000000 ) ) ;
#5617 = CARTESIAN_POINT ( 'NONE',  ( 0.4055621164906100251, -0.1052826253562182957, 0.4999999999999999445 ) ) ;
#5618 = DIRECTION ( 'NONE',  ( 1.000000000000000000, 6.833782940085117942E-15, 0.000000000000000000 ) ) ;
#5619 = CARTESIAN_POINT ( 'NONE',  ( -0.1786520112904967095, 0.4620135909377721117, 0.5000000000000000000 ) ) ;
#5620 = ORIENTED_EDGE ( 'NONE', *, *, #1669, .F. ) ;
#5621 = EDGE_LOOP ( 'NONE', ( #5149, #2713, #6407, #3468 ) ) ;
#5622 = ORIENTED_EDGE ( 'NONE', *, *, #8074, .T. ) ;
#5623 = LINE ( 'NONE', #1619, #4900 ) ;
#5624 = CARTESIAN_POINT ( 'NONE',  ( 0.6862088809542777890, 0.08339469686208637877, 0.000000000000000000 ) ) ;
#5625 = B_SPLINE_CURVE_WITH_KNOTS ( 'NONE', 3,
 ( #1744, #5264, #7111, #1790, #6546, #7159, #2447, #4465, #411, #3112, #1120, #5890 ),
 .UNSPECIFIED., .F., .F.,
 ( 4, 2, 2, 2, 2, 4 ),
 ( 1.279358563532895232E-17, 0.0007727098128124496208, 0.001545419625624886448, 0.001931774532031106705, 0.002318129438437326745, 0.003090839251249763789 ),
 .UNSPECIFIED. ) ;
#5626 = DIRECTION ( 'NONE',  ( 0.000000000000000000, 0.000000000000000000, 1.000000000000000000 ) ) ;
#5627 = CARTESIAN_POINT ( 'NONE',  ( 0.07241254492021974298, 0.4039435683031560309, 0.5000000000000000000 ) ) ;
#5628 = EDGE_CURVE ( 'NONE', #4428, #8097, #1336, .T. ) ;
#5629 = DIRECTION ( 'NONE',  ( 1.000000000000000000, 0.000000000000000000, 0.000000000000000000 ) ) ;
#5630 = CARTESIAN_POINT ( 'NONE',  ( -0.2971766579703021272, -0.3369825835690120064, 0.4904263066565967000 ) ) ;
#5631 = CARTESIAN_POINT ( 'NONE',  ( -0.5522144856494989318, 0.6152495788006041577, 0.4904714806062668297 ) ) ;
#5632 = DIRECTION ( 'NONE',  ( 0.9625296743338405125, 0.2711763743890514000, 0.000000000000000000 ) ) ;
#5633 = CARTESIAN_POINT ( 'NONE',  ( -0.4215874694944977685, -0.08988660783190799419, 0.5000000000000001110 ) ) ;
#5634 = CARTESIAN_POINT ( 'NONE',  ( -0.3010005206762783048, 0.7096822284705759376, 0.4905422711844489303 ) ) ;
#5635 = CARTESIAN_POINT ( 'NONE',  ( 0.3197978211535545956, 0.2865937548040487504, 0.000000000000000000 ) ) ;
#5636 = CARTESIAN_POINT ( 'NONE',  ( -0.4782005501025851091, -0.06663272765793877561, 0.5000000000000000000 ) ) ;
#5637 = EDGE_CURVE ( 'NONE', #6285, #3553, #5817, .T. ) ;
#5638 = CARTESIAN_POINT ( 'NONE',  ( 0.3024263908892105834, 0.3905524195576758339, 0.5000000000000000000 ) ) ;
#5639 = CARTESIAN_POINT ( 'NONE',  ( -0.2340350955347575423, -0.7844947107019303312, 0.000000000000000000 ) ) ;
#5640 = CARTESIAN_POINT ( 'NONE',  ( -0.3262601377725901641, 0.2720562150301008564, 0.3635569265345392487 ) ) ;
#5641 = B_SPLINE_CURVE_WITH_KNOTS ( 'NONE', 3,
 ( #5624, #3557, #6247, #197, #2903, #8362, #4965, #5580, #955, #8279, #2242, #4923, #2330, #7607, #4251, #6944, #5011, #7696 ),
 .UNSPECIFIED., .F., .F.,
 ( 4, 2, 2, 2, 2, 2, 2, 2, 4 ),
 ( 0.000000000000000000, 0.0006407458912126986561, 0.001281491782425397312, 0.001922237673638095860, 0.002562983564850794625, 0.003203729456063493172, 0.003844475347276190419, 0.004485221238488888533, 0.005125967129701585780 ),
 .UNSPECIFIED. ) ;
#5642 = CARTESIAN_POINT ( 'NONE',  ( 0.7407678131510639918, 0.07129575098480651907, 0.5000000000000000000 ) ) ;
#5643 = CARTESIAN_POINT ( 'NONE',  ( 0.2749262671209491415, -0.7001749915782454758, 3.876301236078214367E-15 ) ) ;
#5644 = CARTESIAN_POINT ( 'NONE',  ( -0.7825948578007647649, 0.1087774221853392703, 0.5000000000000000000 ) ) ;
#5645 = EDGE_CURVE ( 'NONE', #5132, #1719, #6480, .T. ) ;
#5646 = EDGE_CURVE ( 'NONE', #1335, #3383, #7953, .T. ) ;
#5647 = CARTESIAN_POINT ( 'NONE',  ( 0.4529748189778076140, 0.1055765242168231893, 0.01042152790750568332 ) ) ;
#5648 = CARTESIAN_POINT ( 'NONE',  ( 0.2895607292580381076, -0.3146595769383067620, 0.5000000000000001110 ) ) ;
#5649 = CARTESIAN_POINT ( 'NONE',  ( 0.4078358373339456278, -0.1573533917115215452, 0.01034899496702450933 ) ) ;
#5650 = CARTESIAN_POINT ( 'NONE',  ( 0.5005392965206759692, 0.6249189084472674960, 0.4905662271648514317 ) ) ;
#5651 = CARTESIAN_POINT ( 'NONE',  ( -0.2785857008347229491, 0.7650373486725466909, 0.4905419968494940108 ) ) ;
#5652 = ORIENTED_EDGE ( 'NONE', *, *, #2311, .T. ) ;
#5653 = CARTESIAN_POINT ( 'NONE',  ( 0.000000000000000000, 0.000000000000000000, 0.01034899496702338870 ) ) ;
#5654 = ORIENTED_EDGE ( 'NONE', *, *, #8302, .F. ) ;
#5655 = DIRECTION ( 'NONE',  ( 1.000000000000000000, 0.000000000000000000, 0.000000000000000000 ) ) ;
#5656 = CARTESIAN_POINT ( 'NONE',  ( 0.3436006683035914833, 0.7598603171822917446, 0.3260738260461792937 ) ) ;
#5657 = CARTESIAN_POINT ( 'NONE',  ( -0.3014316016732470627, 0.3065893406275556621, 0.4999999999999951705 ) ) ;
#5658 = CARTESIAN_POINT ( 'NONE',  ( 0.4078358373339457943, -0.1573533917115212122, 0.01034899496702501066 ) ) ;
#5659 = CARTESIAN_POINT ( 'NONE',  ( 0.2736196796496616068, -0.6695647603852550311, 0.01047352876204864398 ) ) ;
#5660 = CARTESIAN_POINT ( 'NONE',  ( 0.7653615075113624489, 0.09331804063599244414, 0.4905463769172029864 ) ) ;
#5661 = CARTESIAN_POINT ( 'NONE',  ( -0.08781626026986719125, 0.4306910686780833775, -2.971938149684577485E-16 ) ) ;
#5662 = FILL_AREA_STYLE_COLOUR ( '', #65 ) ;
#5663 = CARTESIAN_POINT ( 'NONE',  ( 0.7822646348055434240, 0.2205478973496589612, 0.007454521212993837388 ) ) ;
#5664 = ORIENTED_EDGE ( 'NONE', *, *, #3799, .T. ) ;
#5665 = VERTEX_POINT ( 'NONE', #7980 ) ;
#5666 = ORIENTED_EDGE ( 'NONE', *, *, #4340, .F. ) ;
#5667 = CARTESIAN_POINT ( 'NONE',  ( 0.4405403313504881457, 0.08925262195522144781, 0.4904246921605976417 ) ) ;
#5668 = DIRECTION ( 'NONE',  ( -0.5000000000000002220, 0.8660254037844384856, -0.000000000000000000 ) ) ;
#5669 = DIRECTION ( 'NONE',  ( 0.9843093805579223865, -0.1764512492040769820, 3.647876007873773986E-16 ) ) ;
#5670 = CARTESIAN_POINT ( 'NONE',  ( 0.2988682767819845765, 0.6793768648803352184, 0.4904669482438976380 ) ) ;
#5671 = CARTESIAN_POINT ( 'NONE',  ( -0.7739325758180306547, -0.1460311305072397037, -6.844058078845397912E-16 ) ) ;
#5672 = CARTESIAN_POINT ( 'NONE',  ( -0.4237247759146725579, -0.08220388002445451481, 0.3306376160481232507 ) ) ;
#5673 = CARTESIAN_POINT ( 'NONE',  ( 0.3087740518586349348, 0.3233653315872183076, -0.000000000000000000 ) ) ;
#5674 = CARTESIAN_POINT ( 'NONE',  ( -0.3023080122591010332, 0.3903473817558177350, 0.5000000000000000000 ) ) ;
#5675 = AXIS2_PLACEMENT_3D ( 'NONE', #6037, #4707, #4047 ) ;
#5676 = ADVANCED_FACE ( 'NONE', ( #8737 ), #6808, .T. ) ;
#5677 = CARTESIAN_POINT ( 'NONE',  ( 0.2876264501487740821, 0.3315356752139214103, 0.4999999999999999445 ) ) ;
#5678 = CARTESIAN_POINT ( 'NONE',  ( 0.2879311484212123684, -0.6512906086554637319, 0.5000000000000000000 ) ) ;
#5679 = AXIS2_PLACEMENT_3D ( 'NONE', #7191, #3841, #497 ) ;
#5680 = CARTESIAN_POINT ( 'NONE',  ( -0.9896446968620942197, 1.211965210305316361E-16, 0.01000000000000000021 ) ) ;
#5681 = CARTESIAN_POINT ( 'NONE',  ( 0.000000000000000000, 0.000000000000000000, 0.4899999999999999911 ) ) ;
#5682 = CARTESIAN_POINT ( 'NONE',  ( -0.1439767233791611756, -0.08312499999999904687, 0.01000000000000000021 ) ) ;
#5683 = CARTESIAN_POINT ( 'NONE',  ( -0.7830173600200962536, 0.1672507069484072684, 0.01053677613729713837 ) ) ;
#5684 = CARTESIAN_POINT ( 'NONE',  ( 0.5137499330478721982, -0.6078452796013550374, 0.000000000000000000 ) ) ;
#5685 = CIRCLE ( 'NONE', #6682, 0.8296233642237538231 ) ;
#5686 = EDGE_CURVE ( 'NONE', #1521, #1664, #1212, .T. ) ;
#5687 = CARTESIAN_POINT ( 'NONE',  ( 0.7768175175523179821, 0.1036484237867662528, 0.4905614448161033647 ) ) ;
#5688 = CARTESIAN_POINT ( 'NONE',  ( 0.2701681773196131786, -0.7226140733375868708, -3.414809992080328407E-17 ) ) ;
#5689 = CARTESIAN_POINT ( 'NONE',  ( -0.8081888614416727901, 0.1859268911966154569, 0.4999999999999999445 ) ) ;
#5690 = CARTESIAN_POINT ( 'NONE',  ( 0.4447767274274962435, -0.6035223049739560919, 0.4904903611685587639 ) ) ;
#5691 = CARTESIAN_POINT ( 'NONE',  ( -0.3254362465243978431, 0.2768885111180770520, 0.000000000000000000 ) ) ;
#5692 = TOROIDAL_SURFACE ( 'NONE', #1473, 0.8228553031379056693, 0.01000000000000000021 ) ;
#5693 = CARTESIAN_POINT ( 'NONE',  ( -0.5832805319173707259, 0.6039378985925291099, 0.4899999999999999911 ) ) ;
#5694 = LINE ( 'NONE', #7864, #2775 ) ;
#5695 = CARTESIAN_POINT ( 'NONE',  ( -0.2909260017602425252, 0.7459392006029194055, 0.4905662271648507100 ) ) ;
#5696 = ADVANCED_FACE ( 'NONE', ( #4668 ), #307, .T. ) ;
#5697 = ORIENTED_EDGE ( 'NONE', *, *, #8166, .F. ) ;
#5698 = PRESENTATION_LAYER_ASSIGNMENT (  '', '', ( #6960 ) ) ;
#5699 = CARTESIAN_POINT ( 'NONE',  ( -0.2657532159558989582, -0.6478721091224612927, -1.039006550334004778E-14 ) ) ;
#5700 = ORIENTED_EDGE ( 'NONE', *, *, #5857, .F. ) ;
#5701 = CARTESIAN_POINT ( 'NONE',  ( -0.4215871251108653794, 0.5659874125705099956, 0.3332843519825594569 ) ) ;
#5702 = CARTESIAN_POINT ( 'NONE',  ( -0.3217244188154509410, -0.3098641863588749712, 0.01041521659827417644 ) ) ;
#5703 = DIRECTION ( 'NONE',  ( -1.000000000000000000, 1.200511022531335912E-14, 0.000000000000000000 ) ) ;
#5704 = CARTESIAN_POINT ( 'NONE',  ( -0.5521755395899575758, -0.6147943100745333345, 0.5000000000000000000 ) ) ;
#5705 = DIRECTION ( 'NONE',  ( -0.000000000000000000, -0.000000000000000000, -1.000000000000000000 ) ) ;
#5706 = CARTESIAN_POINT ( 'NONE',  ( 0.7958058502221216912, -0.1811932579948140054, 0.000000000000000000 ) ) ;
#5707 = DIRECTION ( 'NONE',  ( -6.829619984160661399E-15, 1.000000000000000000, 0.000000000000000000 ) ) ;
#5708 = CARTESIAN_POINT ( 'NONE',  ( -0.1293815899327115382, 0.4193967187955124909, 0.4904263678543377414 ) ) ;
#5709 = CARTESIAN_POINT ( 'NONE',  ( 0.4791348159389930417, -0.07626530270049210192, 0.5000000000000000000 ) ) ;
#5710 = EDGE_LOOP ( 'NONE', ( #7121, #6453, #5700, #223 ) ) ;
#5711 = EDGE_CURVE ( 'NONE', #8540, #7604, #8594, .T. ) ;
#5712 = EDGE_LOOP ( 'NONE', ( #1169, #2774, #4159, #420 ) ) ;
#5713 = ORIENTED_EDGE ( 'NONE', *, *, #886, .T. ) ;
#5714 = CARTESIAN_POINT ( 'NONE',  ( 0.4235736738378150790, 0.1006845868607303268, 0.5000000000000047740 ) ) ;
#5715 = CARTESIAN_POINT ( 'NONE',  ( -0.7079997865524698675, 0.07662663577625393463, 0.4903489949670347126 ) ) ;
#5716 = CARTESIAN_POINT ( 'NONE',  ( 0.000000000000000000, 0.000000000000000000, 0.01034899496702338870 ) ) ;
#5717 = DIRECTION ( 'NONE',  ( 1.000000000000000000, 0.000000000000000000, 0.000000000000000000 ) ) ;
#5718 = CARTESIAN_POINT ( 'NONE',  ( -0.4893492931039701288, -0.07649534371460052495, 0.4941087076981939274 ) ) ;
#5719 = CARTESIAN_POINT ( 'NONE',  ( -0.4361480215850677133, 0.5790055448896421764, -0.000000000000000000 ) ) ;
#5720 = LINE ( 'NONE', #5102, #1369 ) ;
#5721 = CARTESIAN_POINT ( 'NONE',  ( 0.4904211165697097696, -0.5958452830019232982, 0.01057741574510033707 ) ) ;
#5722 = AXIS2_PLACEMENT_3D ( 'NONE', #1007, #4214, #2383 ) ;
#5723 = ORIENTED_EDGE ( 'NONE', *, *, #913, .F. ) ;
#5724 = CARTESIAN_POINT ( 'NONE',  ( 0.3186411329017032057, -0.3494735597682209205, 0.01041521383681753322 ) ) ;
#5725 = DIRECTION ( 'NONE',  ( 1.000000000000000000, 0.000000000000000000, 0.000000000000000000 ) ) ;
#5726 =( BOUNDED_CURVE ( )  B_SPLINE_CURVE ( 3, ( #734, #1433, #8258, #6887 ),
 .UNSPECIFIED., .F., .F. ) 
 B_SPLINE_CURVE_WITH_KNOTS ( ( 4, 4 ),
 ( 1.570796326794896558, 3.141592653589795781 ),
 .UNSPECIFIED. ) 
 CURVE ( )  GEOMETRIC_REPRESENTATION_ITEM ( )  RATIONAL_B_SPLINE_CURVE ( ( 1.000000000000000000, 0.8047378541243643824, 0.8047378541243643824, 1.000000000000000000 ) ) 
 REPRESENTATION_ITEM ( '' )  );
#5727 = CARTESIAN_POINT ( 'NONE',  ( 0.5766867108678697118, 0.5729208006648874862, 0.01038462037918854233 ) ) ;
#5728 = AXIS2_PLACEMENT_3D ( 'NONE', #3809, #1841, #6414 ) ;
#5729 = CARTESIAN_POINT ( 'NONE',  ( 0.4079458187796811131, 0.1338771667993348680, -0.000000000000000000 ) ) ;
#5730 = CARTESIAN_POINT ( 'NONE',  ( 0.2998970856760200254, -0.7503851774903087524, 0.4999999999999999445 ) ) ;
#5731 = FACE_OUTER_BOUND ( 'NONE', #4659, .T. ) ;
#5732 = CARTESIAN_POINT ( 'NONE',  ( 0.5387903083033170892, -0.6042075664699851911, 0.000000000000000000 ) ) ;
#5733 = DIRECTION ( 'NONE',  ( 1.000000000000000000, 0.000000000000000000, 0.000000000000000000 ) ) ;
#5734 = CARTESIAN_POINT ( 'NONE',  ( 0.8089290077337458751, 0.1706069835099073284, 0.4904714806062686061 ) ) ;
#5735 = CARTESIAN_POINT ( 'NONE',  ( -0.7412182240173466052, 0.07043364855904826749, 0.5000000000000000000 ) ) ;
#5736 = CARTESIAN_POINT ( 'NONE',  ( -0.2882772351171115632, 0.3481898278739196106, 0.4999999999999999445 ) ) ;
#5737 = CARTESIAN_POINT ( 'NONE',  ( -0.3199139367420095192, 0.2863528589848630124, 0.000000000000000000 ) ) ;
#5738 = CIRCLE ( 'NONE', #8143, 0.8228553031379056693 ) ;
#5739 = EDGE_CURVE ( 'NONE', #1485, #6928, #5955, .T. ) ;
#5740 = CARTESIAN_POINT ( 'NONE',  ( -0.2148144350251562362, 0.7827446463829179635, -2.258787813107475719E-16 ) ) ;
#5741 = CARTESIAN_POINT ( 'NONE',  ( 0.1727603273109153958, -0.4660190581589346293, -0.000000000000000000 ) ) ;
#5742 = CARTESIAN_POINT ( 'NONE',  ( -0.2986424845535311512, 0.7245546176318199416, 0.4905613951453546284 ) ) ;
#5743 = EDGE_LOOP ( 'NONE', ( #5335, #981, #2652, #3911 ) ) ;
#5744 = EDGE_LOOP ( 'NONE', ( #1741, #466, #2413, #774 ) ) ;
#5745 = DIRECTION ( 'NONE',  ( -0.8660254037844445918, -0.4999999999999897859, 0.000000000000000000 ) ) ;
#5746 = CARTESIAN_POINT ( 'NONE',  ( -0.3183721282705838651, -0.3346145883315493341, 0.000000000000000000 ) ) ;
#5747 = CARTESIAN_POINT ( 'NONE',  ( 0.09598448225277816936, -0.1662500000000009803, 0.000000000000000000 ) ) ;
#5748 = EDGE_CURVE ( 'NONE', #5885, #5132, #4872, .T. ) ;
#5749 = CARTESIAN_POINT ( 'NONE',  ( -0.5832805319173707259, 0.6039378985925291099, 0.5000000000000000000 ) ) ;
#5750 = CARTESIAN_POINT ( 'NONE',  ( 0.6862088809542747914, -0.08339469686210235211, 0.000000000000000000 ) ) ;
#5751 = CARTESIAN_POINT ( 'NONE',  ( 0.07417598251891635575, -0.4137806659619421845, 0.4903489949670249426 ) ) ;
#5752 = CARTESIAN_POINT ( 'NONE',  ( 0.4035851496246229964, -0.1236774572588990595, 0.5000000000000000000 ) ) ;
#5753 = ORIENTED_EDGE ( 'NONE', *, *, #2192, .F. ) ;
#5754 = ORIENTED_EDGE ( 'NONE', *, *, #6778, .F. ) ;
#5755 = ORIENTED_EDGE ( 'NONE', *, *, #305, .T. ) ;
#5756 = CARTESIAN_POINT ( 'NONE',  ( 0.1217891817483529870, -0.4383149993509157238, 0.01042312829154354650 ) ) ;
#5757 = CARTESIAN_POINT ( 'NONE',  ( -0.2394507956356577982, 0.8047924450273117314, 0.5000000000000001110 ) ) ;
#5758 =( BOUNDED_CURVE ( )  B_SPLINE_CURVE ( 3, ( #7149, #1921, #4546, #546 ),
 .UNSPECIFIED., .F., .T. ) 
 B_SPLINE_CURVE_WITH_KNOTS ( ( 4, 4 ),
 ( -2.664535259100375697E-15, 1.570796326794895448 ),
 .UNSPECIFIED. ) 
 CURVE ( )  GEOMETRIC_REPRESENTATION_ITEM ( )  RATIONAL_B_SPLINE_CURVE ( ( 1.000000000000000000, 0.8047378541243646044, 0.8047378541243646044, 1.000000000000000000 ) ) 
 REPRESENTATION_ITEM ( '' )  );
#5759 = CARTESIAN_POINT ( 'NONE',  ( -0.4191879071257620382, 0.07655537289885763763, 0.4923896967737305119 ) ) ;
#5760 = ADVANCED_FACE ( 'NONE', ( #6239 ), #879, .T. ) ;
#5761 = CYLINDRICAL_SURFACE ( 'NONE', #6528, 0.009999999999999995004 ) ;
#5762 = CARTESIAN_POINT ( 'NONE',  ( 0.8085152604216467864, -0.1708008895960049511, 0.5000000000000000000 ) ) ;
#5763 = CARTESIAN_POINT ( 'NONE',  ( 0.4684893650450061564, -0.5886406672500079651, 0.01055192711114468981 ) ) ;
#5764 = CARTESIAN_POINT ( 'NONE',  ( 0.3288260746382248301, -0.2909820239423851485, 0.01039148418246293136 ) ) ;
#5765 = CARTESIAN_POINT ( 'NONE',  ( -0.2976305112216251492, 0.3317199278870234802, 0.4904263670073868431 ) ) ;
#5766 = ORIENTED_EDGE ( 'NONE', *, *, #2711, .F. ) ;
#5767 = CARTESIAN_POINT ( 'NONE',  ( 0.4524410584178595318, 0.6207397246545101055, 0.5000000000000000000 ) ) ;
#5768 = DIRECTION ( 'NONE',  ( -1.000000000000000000, -1.892679809432641924E-16, 0.000000000000000000 ) ) ;
#5769 = CARTESIAN_POINT ( 'NONE',  ( -0.4752884246739085827, -0.6305007984957113898, 0.5000000000000001110 ) ) ;
#5770 = CARTESIAN_POINT ( 'NONE',  ( -0.2939584863558381000, -0.2985857830070365315, 0.5000000000000000000 ) ) ;
#5771 = CARTESIAN_POINT ( 'NONE',  ( 0.2863241563278807189, -0.7713937065965813522, 0.4999999999999999445 ) ) ;
#5772 = CARTESIAN_POINT ( 'NONE',  ( -0.08758531929796462001, -0.4302627747078438536, 0.01039148504638465371 ) ) ;
#5773 = CARTESIAN_POINT ( 'NONE',  ( -0.4240021294768184235, 0.5474138660051625083, 0.007454521212993837388 ) ) ;
#5774 =( BOUNDED_CURVE ( )  B_SPLINE_CURVE ( 3, ( #6926, #1557, #2842, #890 ),
 .UNSPECIFIED., .F., .T. ) 
 B_SPLINE_CURVE_WITH_KNOTS ( ( 4, 4 ),
 ( 1.570796326794896558, 3.141592653589795781 ),
 .UNSPECIFIED. ) 
 CURVE ( )  GEOMETRIC_REPRESENTATION_ITEM ( )  RATIONAL_B_SPLINE_CURVE ( ( 1.000000000000000000, 0.8047378541243643824, 0.8047378541243643824, 1.000000000000000000 ) ) 
 REPRESENTATION_ITEM ( '' )  );
#5775 = CARTESIAN_POINT ( 'NONE',  ( 0.06760589019282589596, -0.4319811365018889071, 0.007463728527815797348 ) ) ;
#5776 = CARTESIAN_POINT ( 'NONE',  ( 0.8177850788502605273, 0.1866466411961190119, 0.5000000000000001110 ) ) ;
#5777 = CARTESIAN_POINT ( 'NONE',  ( -0.7836739209255690897, 0.09636145066489508471, 0.5000000000000000000 ) ) ;
#5778 = CARTESIAN_POINT ( 'NONE',  ( -0.3024263908892094732, 0.3905524195576959845, 0.5000000000000000000 ) ) ;
#5779 = CARTESIAN_POINT ( 'NONE',  ( -0.3121210973443543368, 0.3070637899881780153, 0.000000000000000000 ) ) ;
#5780 = DIRECTION ( 'NONE',  ( 0.6279918923337290959, 0.7782198809867955092, 2.994326190946781176E-15 ) ) ;
#5781 = CARTESIAN_POINT ( 'NONE',  ( 0.1204463557052243977, -0.4270599002196336369, 0.000000000000000000 ) ) ;
#5782 = CARTESIAN_POINT ( 'NONE',  ( -0.2563397208317006459, 0.7855951996705162754, 0.5000000000000000000 ) ) ;
#5783 = ORIENTED_EDGE ( 'NONE', *, *, #6475, .F. ) ;
#5784 = EDGE_CURVE ( 'NONE', #1860, #3211, #1871, .T. ) ;
#5785 = CYLINDRICAL_SURFACE ( 'NONE', #5597, 0.01000000000000000715 ) ;
#5786 = ORIENTED_EDGE ( 'NONE', *, *, #450, .T. ) ;
#5787 = CYLINDRICAL_SURFACE ( 'NONE', #7854, 0.01000000000000000368 ) ;
#5788 = CARTESIAN_POINT ( 'NONE',  ( -0.3137358597420151773, -0.3018940776335027887, 0.000000000000000000 ) ) ;
#5789 = CARTESIAN_POINT ( 'NONE',  ( -0.4117055280199305445, -0.5798294372753649562, 0.5000000000000000000 ) ) ;
#5790 = CARTESIAN_POINT ( 'NONE',  ( 0.4165653673729348694, -0.1079813905560126630, 0.4904181057549966694 ) ) ;
#5791 = CARTESIAN_POINT ( 'NONE',  ( 0.7774472533557489351, 0.1030866791381938596, 0.4905662028763858040 ) ) ;
#5792 = CARTESIAN_POINT ( 'NONE',  ( 0.3175468443681520037, 0.3395893519768667379, 0.01042306822590570274 ) ) ;
#5793 = CARTESIAN_POINT ( 'NONE',  ( 0.4165656350408502573, -0.1079811123355595009, 0.4904181060706522266 ) ) ;
#5794 = ORIENTED_EDGE ( 'NONE', *, *, #5963, .T. ) ;
#5795 = ORIENTED_EDGE ( 'NONE', *, *, #170, .T. ) ;
#5796 = EDGE_CURVE ( 'NONE', #1354, #222, #2904, .T. ) ;
#5797 = ORIENTED_EDGE ( 'NONE', *, *, #5796, .T. ) ;
#5798 = ORIENTED_EDGE ( 'NONE', *, *, #1887, .T. ) ;
#5799 = CARTESIAN_POINT ( 'NONE',  ( 0.4356522555110854400, 0.08052422007300409634, 0.5000000000000000000 ) ) ;
#5800 = CARTESIAN_POINT ( 'NONE',  ( 0.3079303719708300080, 0.3343352793598433070, 0.000000000000000000 ) ) ;
#5801 = CARTESIAN_POINT ( 'NONE',  ( -0.4039134312976568886, 0.1238713825394142237, 0.4903936940980127002 ) ) ;
#5802 = CARTESIAN_POINT ( 'NONE',  ( -0.3008212215507409804, -0.2831928804353560647, 0.4999999999999998335 ) ) ;
#5803 = CARTESIAN_POINT ( 'NONE',  ( -0.7824032136805706417, -0.2204288059410616230, 0.01034899496702500893 ) ) ;
#5804 = CARTESIAN_POINT ( 'NONE',  ( 0.5628190005868577428, -0.5957995649589049592, 0.000000000000000000 ) ) ;
#5805 = CARTESIAN_POINT ( 'NONE',  ( -0.7231601085764831627, -0.07708883451904358086, 0.5000000000000001110 ) ) ;
#5806 = CARTESIAN_POINT ( 'NONE',  ( -0.8238363753646867904, -0.08805335803288016905, 0.1631304822317274361 ) ) ;
#5807 = CARTESIAN_POINT ( 'NONE',  ( 0.3226648496441464897, -0.3689944726282334275, 0.01039185364183538296 ) ) ;
#5808 = DIRECTION ( 'NONE',  ( -0.7782198809868300371, -0.6279918923336861303, 0.000000000000000000 ) ) ;
#5809 = EDGE_LOOP ( 'NONE', ( #8462, #2136, #5964, #4462 ) ) ;
#5810 = LINE ( 'NONE', #1766, #6991 ) ;
#5811 = ADVANCED_FACE ( 'NONE', ( #3810 ), #8434, .T. ) ;
#5812 = CARTESIAN_POINT ( 'NONE',  ( 0.1074880477020587755, -0.4335536128914031506, 0.01041521659827408276 ) ) ;
#5813 = ADVANCED_FACE ( 'NONE', ( #1136 ), #2466, .T. ) ;
#5814 = CARTESIAN_POINT ( 'NONE',  ( 0.5363545879465342336, 0.5944868995918759502, 0.01053677046980052920 ) ) ;
#5815 = DIRECTION ( 'NONE',  ( 0.9612769221293427924, 0.2755842502421671503, -0.000000000000000000 ) ) ;
#5816 = DIRECTION ( 'NONE',  ( 0.000000000000000000, 0.000000000000000000, 1.000000000000000000 ) ) ;
#5817 = CIRCLE ( 'NONE', #4550, 0.01000000000000006786 ) ;
#5818 = CARTESIAN_POINT ( 'NONE',  ( -0.1472329027544611590, -0.4537838174805118863, 0.01041051843158965172 ) ) ;
#5819 = CARTESIAN_POINT ( 'NONE',  ( -0.7841190327801931259, 0.2128694160039365513, 6.926706178253039122E-16 ) ) ;
#5820 = CARTESIAN_POINT ( 'NONE',  ( -0.2286311328130096188, -0.7974977940875972449, 0.4903489949670350456 ) ) ;
#5821 = ORIENTED_EDGE ( 'NONE', *, *, #7538, .T. ) ;
#5822 = CARTESIAN_POINT ( 'NONE',  ( -0.6862088809542747914, 0.09375000000000770217, 0.000000000000000000 ) ) ;
#5823 = EDGE_CURVE ( 'NONE', #3211, #4994, #1174, .T. ) ;
#5824 = AXIS2_PLACEMENT_3D ( 'NONE', #8049, #5933, #1305 ) ;
#5825 = CARTESIAN_POINT ( 'NONE',  ( -0.1169957993095147863, -0.4049942519683427666, 0.5000000000000001110 ) ) ;
#5826 = DIRECTION ( 'NONE',  ( -1.199779703653132019E-14, -0.9993908270190957621, 0.03489949670250104552 ) ) ;
#5827 = CARTESIAN_POINT ( 'NONE',  ( -0.07241254492021971523, -0.4039435683031560309, 0.5000000000000000000 ) ) ;
#5828 = CARTESIAN_POINT ( 'NONE',  ( -0.3172313636192879982, 0.3826714455513781088, 0.000000000000000000 ) ) ;
#5829 = B_SPLINE_CURVE_WITH_KNOTS ( 'NONE', 3,
 ( #3304, #5989, #8589, #7058, #3803, #1070, #2357, #1650, #269, #3760, #7632, #7018, #2443, #3108, #937, #6496, #7767, #4416 ),
 .UNSPECIFIED., .F., .F.,
 ( 4, 2, 2, 2, 2, 2, 2, 2, 4 ),
 ( 2.625135354928514737E-17, 0.0005890685094930927807, 0.001178137018986159324, 0.001767205528479226084, 0.002356274037972291759, 0.002945342547465357001, 0.003534411056958422243, 0.004123479566451487485, 0.004712548075944553161 ),
 .UNSPECIFIED. ) ;
#5830 = DIRECTION ( 'NONE',  ( 1.000000000000000000, 0.000000000000000000, 0.000000000000000000 ) ) ;
#5831 =( BOUNDED_SURFACE ( )  B_SPLINE_SURFACE ( 3, 2, ( 
 ( #1125, #8450, #281 ),
 ( #2984, #2412, #5843 ),
 ( #3028, #994, #8357 ),
 ( #7690, #1751, #5663 ) ),
 .UNSPECIFIED., .F., .F., .F. ) 
 B_SPLINE_SURFACE_WITH_KNOTS ( ( 4, 4 ),
 ( 3, 3 ),
 ( 0.02928490207540813267, 0.04170594225001116734 ),
 ( 0.000000000000000000, 1.000000000000000000 ),
 .UNSPECIFIED. ) 
 GEOMETRIC_REPRESENTATION_ITEM ( )  RATIONAL_B_SPLINE_SURFACE ( (
 ( 1.000000000000000000, 0.6163818357170527396, 1.000000000000000000),
 ( 1.000000000000000000, 0.6124652104007423103, 1.000000000000000000),
 ( 1.000000000000000000, 0.6084201088897299714, 1.000000000000000000),
 ( 1.000000000000000000, 0.6042316834830048222, 1.000000000000000000) ) ) 
 REPRESENTATION_ITEM ( '' )  SURFACE ( )  );
#5832 = CIRCLE ( 'NONE', #7087, 0.4271446968620944973 ) ;
#5833 = CARTESIAN_POINT ( 'NONE',  ( -0.1439767233791611756, -0.08312499999999904687, 0.5000000000000000000 ) ) ;
#5834 = ORIENTED_EDGE ( 'NONE', *, *, #5748, .F. ) ;
#5835 = FACE_OUTER_BOUND ( 'NONE', #4338, .T. ) ;
#5836 = ORIENTED_EDGE ( 'NONE', *, *, #6938, .F. ) ;
#5837 = VECTOR ( 'NONE', #446, 39.37007874015748143 ) ;
#5838 = CARTESIAN_POINT ( 'NONE',  ( -0.8026536665214466515, 0.1410525506439838928, 0.4905463522166767509 ) ) ;
#5839 = CARTESIAN_POINT ( 'NONE',  ( 0.07417598251892622285, 0.4137806659619437388, 0.4903489949670249426 ) ) ;
#5840 = CARTESIAN_POINT ( 'NONE',  ( -0.4277065555197336333, -0.5883623841361717011, 0.5000000000000000000 ) ) ;
#5841 = LINE ( 'NONE', #8489, #374 ) ;
#5842 = CARTESIAN_POINT ( 'NONE',  ( 0.7830173600200962536, -0.1672507069484085729, 0.01053677613729636121 ) ) ;
#5843 = CARTESIAN_POINT ( 'NONE',  ( 0.7977019885208220806, 0.2071804120601793142, 0.3329279436336348152 ) ) ;
#5844 = ORIENTED_EDGE ( 'NONE', *, *, #807, .T. ) ;
#5845 = CARTESIAN_POINT ( 'NONE',  ( 0.1433050919414013413, -0.4148596502033440325, 0.5000000000000000000 ) ) ;
#5846 = ORIENTED_EDGE ( 'NONE', *, *, #5586, .F. ) ;
#5847 = EDGE_LOOP ( 'NONE', ( #3997, #2004, #5536, #1037 ) ) ;
#5848 = ORIENTED_EDGE ( 'NONE', *, *, #7257, .F. ) ;
#5849 = CARTESIAN_POINT ( 'NONE',  ( 0.000000000000000000, 0.000000000000000000, 0.4903489949670248316 ) ) ;
#5850 = CARTESIAN_POINT ( 'NONE',  ( 0.6862088809542765677, -0.09339469686210233323, 0.01000000000000000021 ) ) ;
#5851 = DIRECTION ( 'NONE',  ( -0.8660254037844338226, -0.5000000000000083267, 0.000000000000000000 ) ) ;
#5852 = CARTESIAN_POINT ( 'NONE',  ( -0.2895429155998509585, -0.3147487853698349713, 0.5000000000000000000 ) ) ;
#5853 = CARTESIAN_POINT ( 'NONE',  ( -0.7687180061407196119, -0.1201499598840518879, 0.000000000000000000 ) ) ;
#5854 = CARTESIAN_POINT ( 'NONE',  ( -0.7079997865524695344, -0.07662663577623823885, 0.4903489949670249426 ) ) ;
#5855 = B_SPLINE_CURVE_WITH_KNOTS ( 'NONE', 3,
 ( #1852, #5902, #4524, #7217, #1177, #6558, #5233, #522, #3219, #5991, #7928, #1897, #8686, #4569, #779, #2685, #817, #7392 ),
 .UNSPECIFIED., .F., .F.,
 ( 4, 2, 2, 2, 2, 2, 2, 2, 4 ),
 ( 0.000000000000000000, 0.0006407458898095784146, 0.001281491779619156829, 0.001922237669428735352, 0.002562983559238313658, 0.003203729449047891965, 0.003844475338857470705, 0.004485221228667049011, 0.005125967118476627317 ),
 .UNSPECIFIED. ) ;
#5856 = CARTESIAN_POINT ( 'NONE',  ( -0.4153263665006084460, 0.5525769747778526142, 0.000000000000000000 ) ) ;
#5857 = EDGE_CURVE ( 'NONE', #8130, #1980, #3150, .T. ) ;
#5858 = CARTESIAN_POINT ( 'NONE',  ( 0.3193719320116865656, -0.3543997486566622390, 0.01041051800422893546 ) ) ;
#5859 = CARTESIAN_POINT ( 'NONE',  ( 0.1439767233791655332, -0.08312500000000148936, 0.01000000000000000021 ) ) ;
#5860 = EDGE_LOOP ( 'NONE', ( #8177, #2828, #4020, #4277 ) ) ;
#5861 = CARTESIAN_POINT ( 'NONE',  ( 0.3314147498562307614, -0.3872499748641627937, 0.01034899496702500026 ) ) ;
#5862 = CIRCLE ( 'NONE', #7271, 0.009999999999999993269 ) ;
#5863 = CARTESIAN_POINT ( 'NONE',  ( 0.1537611665173886921, -0.4461995353896067718, 0.000000000000000000 ) ) ;
#5864 = CARTESIAN_POINT ( 'NONE',  ( 0.06764588407316170227, 0.4318728915606571683, 0.01034899496702501066 ) ) ;
#5865 = CARTESIAN_POINT ( 'NONE',  ( 0.2622275360085777329, -0.6409686257750403238, 0.01034899496702500372 ) ) ;
#5866 = CARTESIAN_POINT ( 'NONE',  ( 0.3136191193857606474, -0.2646828876051719459, 0.5000000000000000000 ) ) ;
#5867 = CARTESIAN_POINT ( 'NONE',  ( 0.4837840543255507164, 0.06663272750604903871, 0.5000000000000002220 ) ) ;
#5868 = CIRCLE ( 'NONE', #5722, 0.8128613948677146928 ) ;
#5869 = CARTESIAN_POINT ( 'NONE',  ( 0.3172041634829078083, -0.3826243338006031225, 0.000000000000000000 ) ) ;
#5870 = ADVANCED_FACE ( 'NONE', ( #8195 ), #1228, .T. ) ;
#5871 = CARTESIAN_POINT ( 'NONE',  ( -0.4079458187796809465, -0.1338771667993350345, -0.000000000000000000 ) ) ;
#5872 = CARTESIAN_POINT ( 'NONE',  ( -0.2786893745346264439, -0.7648998536333355691, 0.4905422489912565354 ) ) ;
#5873 = ORIENTED_EDGE ( 'NONE', *, *, #7963, .F. ) ;
#5874 = CARTESIAN_POINT ( 'NONE',  ( -0.7499523174875231124, 0.1033398867624341494, 0.000000000000000000 ) ) ;
#5875 = VECTOR ( 'NONE', #6151, 39.37007874015748854 ) ;
#5876 = CARTESIAN_POINT ( 'NONE',  ( -0.1431262438925892944, -0.4147651958868871502, 0.5000000000000002220 ) ) ;
#5877 = DIRECTION ( 'NONE',  ( -0.8660254037844380415, 0.5000000000000009992, 0.000000000000000000 ) ) ;
#5878 = CARTESIAN_POINT ( 'NONE',  ( -0.07288395368731939716, 0.4174477780083340472, 0.3935128503261026145 ) ) ;
#5879 = CARTESIAN_POINT ( 'NONE',  ( 0.2978380400375008064, 0.3472052902737216007, 0.4904196434101645297 ) ) ;
#5880 = ADVANCED_FACE ( 'NONE', ( #6338 ), #8080, .T. ) ;
#5881 = CARTESIAN_POINT ( 'NONE',  ( -0.1384625544811163567, -0.4236155148520492353, 0.4904263669987761753 ) ) ;
#5882 = AXIS2_PLACEMENT_3D ( 'NONE', #5481, #6227, #3425 ) ;
#5883 = AXIS2_PLACEMENT_3D ( 'NONE', #3797, #4597, #3146 ) ;
#5884 = CARTESIAN_POINT ( 'NONE',  ( 0.8073374107810374900, -0.1631525905346572491, 0.4904903260095137552 ) ) ;
#5885 = VERTEX_POINT ( 'NONE', #8503 ) ;
#5886 = CARTESIAN_POINT ( 'NONE',  ( -0.2003046611694559442, -0.7877954620204893343, 0.01034899496702500026 ) ) ;
#5887 = ORIENTED_EDGE ( 'NONE', *, *, #7205, .F. ) ;
#5888 = CARTESIAN_POINT ( 'NONE',  ( -0.4781266287946001059, 0.06663272750606069605, 0.5000000000000000000 ) ) ;
#5889 = CARTESIAN_POINT ( 'NONE',  ( 0.1741860242101137546, 0.4384981636692573681, 0.5000000000000000000 ) ) ;
#5890 = CARTESIAN_POINT ( 'NONE',  ( 0.1783601429567546193, 0.4621821011988286321, 0.4903489949670250536 ) ) ;
#5891 = CARTESIAN_POINT ( 'NONE',  ( -0.4384512784938580654, -0.5992644102061873701, 0.4904715093792322844 ) ) ;
#5892 = CARTESIAN_POINT ( 'NONE',  ( 0.7166699317973023176, -0.09782078664066083673, 0.01047352876204864572 ) ) ;
#5893 = CARTESIAN_POINT ( 'NONE',  ( 0.2003046611694586088, 0.7877954620204887792, 0.01034899496702500372 ) ) ;
#5894 = AXIS2_PLACEMENT_3D ( 'NONE', #579, #8605, #3930 ) ;
#5895 = CARTESIAN_POINT ( 'NONE',  ( -0.8137850002568263186, -0.1454410854842504708, 0.5000000000000000000 ) ) ;
#5896 = ORIENTED_EDGE ( 'NONE', *, *, #8239, .F. ) ;
#5897 = ORIENTED_EDGE ( 'NONE', *, *, #1614, .T. ) ;
#5898 = ORIENTED_EDGE ( 'NONE', *, *, #3354, .F. ) ;
#5899 = ORIENTED_EDGE ( 'NONE', *, *, #7414, .F. ) ;
#5900 = DIRECTION ( 'NONE',  ( 0.9625296743338233041, -0.2711763743891123513, 0.000000000000000000 ) ) ;
#5901 = CARTESIAN_POINT ( 'NONE',  ( -0.4118061587441764759, 0.1481362370480058532, 2.694241723522092226E-15 ) ) ;
#5902 = CARTESIAN_POINT ( 'NONE',  ( 0.7943356819549842740, -0.2149288927006886840, 0.000000000000000000 ) ) ;
#5903 = CARTESIAN_POINT ( 'NONE',  ( -0.2826548835843823992, 0.7177330455937532827, 0.000000000000000000 ) ) ;
#5904 = CARTESIAN_POINT ( 'NONE',  ( -0.5766867108678697118, -0.5729208006648874862, 0.01038462037918854580 ) ) ;
#5905 = CARTESIAN_POINT ( 'NONE',  ( -0.4235844393354536441, -0.1006980550178372957, 0.4904263084148325347 ) ) ;
#5906 = CARTESIAN_POINT ( 'NONE',  ( -0.2707502685225996464, 0.7228085340690741933, 0.01057749445276294324 ) ) ;
#5907 = CARTESIAN_POINT ( 'NONE',  ( 0.3985118519898039890, -0.1537559620992536291, 0.009999999999999998473 ) ) ;
#5908 = ORIENTED_EDGE ( 'NONE', *, *, #1383, .T. ) ;
#5909 = DIRECTION ( 'NONE',  ( -0.8660254037843541086, -0.5000000000001462164, 0.000000000000000000 ) ) ;
#5910 = CARTESIAN_POINT ( 'NONE',  ( 0.1216184176833677300, -0.4387226637657049566, -4.409263524807274516E-15 ) ) ;
#5911 = EDGE_CURVE ( 'NONE', #1130, #2062, #2596, .T. ) ;
#5912 = CARTESIAN_POINT ( 'NONE',  ( -0.4385513135130202356, -0.6113778997783746449, 0.5000000000000001110 ) ) ;
#5913 = DIRECTION ( 'NONE',  ( 1.000000000000000000, -1.776356839400250465E-15, 0.000000000000000000 ) ) ;
#5914 = CARTESIAN_POINT ( 'NONE',  ( -0.2985174177743970536, -0.3217461030615015316, 0.4904263678543380189 ) ) ;
#5915 = CARTESIAN_POINT ( 'NONE',  ( 0.3952166015364689255, 0.1188255484950476171, 0.5000000000000000000 ) ) ;
#5916 = DIRECTION ( 'NONE',  ( 1.000000000000000000, 0.000000000000000000, 0.000000000000000000 ) ) ;
#5917 = CARTESIAN_POINT ( 'NONE',  ( 0.4282057550851738337, -0.08786871457309486377, 0.1684179791202748688 ) ) ;
#5918 = CARTESIAN_POINT ( 'NONE',  ( 0.3059373554238483117, -0.3766475306723668925, 0.4903741762202949994 ) ) ;
#5919 = ORIENTED_EDGE ( 'NONE', *, *, #5055, .F. ) ;
#5920 = EDGE_CURVE ( 'NONE', #3785, #5988, #4591, .T. ) ;
#5921 = ADVANCED_FACE ( 'NONE', ( #3082 ), #5761, .T. ) ;
#5922 = DIRECTION ( 'NONE',  ( 0.6979869626749352074, 0.7161104662940059873, 0.000000000000000000 ) ) ;
#5923 = CARTESIAN_POINT ( 'NONE',  ( -0.7233892651124078643, 0.07662424177250121149, 0.4904175502648565610 ) ) ;
#5924 = CARTESIAN_POINT ( 'NONE',  ( 0.5655475436627344088, -0.6077307880704480025, 0.4999999999999561462 ) ) ;
#5925 = CARTESIAN_POINT ( 'NONE',  ( 0.2971766579703021272, 0.3369825835690119509, 0.4904263066565965890 ) ) ;
#5926 = CARTESIAN_POINT ( 'NONE',  ( -0.1277228225490466273, -0.4080967359290507690, 0.5000000000000000000 ) ) ;
#5927 = DIRECTION ( 'NONE',  ( 0.6449659546191711668, -0.7642113041444633659, 2.609636397453244803E-15 ) ) ;
#5928 = CARTESIAN_POINT ( 'NONE',  ( -0.5010756907753658451, -0.09338860513227968674, 0.01034899496702501066 ) ) ;
#5929 = CARTESIAN_POINT ( 'NONE',  ( 0.2739311747518538565, -0.7710306517497843570, 0.5000000000000001110 ) ) ;
#5930 = EDGE_CURVE ( 'NONE', #6228, #6777, #1589, .T. ) ;
#5931 = EDGE_LOOP ( 'NONE', ( #7968, #5786, #6864, #3709 ) ) ;
#5932 = CARTESIAN_POINT ( 'NONE',  ( 0.1668643905642761827, -0.4453682633077142294, 0.4903933090338112311 ) ) ;
#5933 = DIRECTION ( 'NONE',  ( -0.4999999999999915068, -0.8660254037844435926, -0.000000000000000000 ) ) ;
#5934 = CARTESIAN_POINT ( 'NONE',  ( -0.7156279439350391458, -0.07662544913188698570, 0.4903829760152204620 ) ) ;
#5935 = CARTESIAN_POINT ( 'NONE',  ( -0.1783159193642011309, 0.4756416258613509473, 0.000000000000000000 ) ) ;
#5936 = B_SPLINE_CURVE_WITH_KNOTS ( 'NONE', 3,
 ( #2350, #7718, #6966, #2306 ),
 .UNSPECIFIED., .F., .F.,
 ( 4, 4 ),
 ( 0.0002631000255943946576, 0.01246611012736436805 ),
 .UNSPECIFIED. ) ;
#5937 = CARTESIAN_POINT ( 'NONE',  ( -0.8177850788502605273, -0.1866466411961189564, 0.4999999999999999445 ) ) ;
#5938 = ORIENTED_EDGE ( 'NONE', *, *, #7375, .F. ) ;
#5939 = ORIENTED_EDGE ( 'NONE', *, *, #748, .F. ) ;
#5940 = ORIENTED_EDGE ( 'NONE', *, *, #1681, .T. ) ;
#5941 = EDGE_CURVE ( 'NONE', #2886, #5520, #5258, .T. ) ;
#5942 = ORIENTED_EDGE ( 'NONE', *, *, #7375, .T. ) ;
#5943 = CARTESIAN_POINT ( 'NONE',  ( 0.8049689155484074377, -0.2007485279317388904, 0.4903489949670249426 ) ) ;
#5944 = CARTESIAN_POINT ( 'NONE',  ( -0.4080963828030406138, 0.1336561597918727584, 0.000000000000000000 ) ) ;
#5945 = CARTESIAN_POINT ( 'NONE',  ( -0.4496076217241435358, 0.08433266374898136519, 0.4904196434101644742 ) ) ;
#5946 = CARTESIAN_POINT ( 'NONE',  ( -0.2749262671209424802, 0.7001749915782146116, 3.628235616585349741E-17 ) ) ;
#5947 = CARTESIAN_POINT ( 'NONE',  ( -0.5288448762677584458, -0.5961934944548122894, 0.01055190147764095698 ) ) ;
#5948 = CARTESIAN_POINT ( 'NONE',  ( -0.4671021005786483715, 0.06833812624877835806, 0.5000000000000000000 ) ) ;
#5949 = CARTESIAN_POINT ( 'NONE',  ( -0.4666051514373326659, -0.09938433204950594679, 0.01041051800422893546 ) ) ;
#5950 = CARTESIAN_POINT ( 'NONE',  ( 0.4239813449456860672, -0.5475800206427597905, 0.01034899496702857552 ) ) ;
#5951 = DIRECTION ( 'NONE',  ( -1.133066583063284545E-14, -1.000000000000000000, 0.000000000000000000 ) ) ;
#5952 = ORIENTED_EDGE ( 'NONE', *, *, #7205, .T. ) ;
#5953 = DIRECTION ( 'NONE',  ( -0.1547469916382244737, 0.9879541328315394333, 0.000000000000000000 ) ) ;
#5954 = CARTESIAN_POINT ( 'NONE',  ( 0.1348965014653863703, -0.4454952293107999894, -3.122686670017386566E-15 ) ) ;
#5955 = B_SPLINE_CURVE_WITH_KNOTS ( 'NONE', 3,
 ( #946, #5490, #859, #3636, #2189, #2853, #3551 ),
 .UNSPECIFIED., .F., .F.,
 ( 4, 3, 4 ),
 ( 0.0002633041030030401912, 0.006481459598394695085, 0.01247528583322763882 ),
 .UNSPECIFIED. ) ;
#5956 = FACE_OUTER_BOUND ( 'NONE', #4823, .T. ) ;
#5957 = CARTESIAN_POINT ( 'NONE',  ( 0.7824032136805665338, -0.2204288059410769440, 0.01034899496702893461 ) ) ;
#5958 = CARTESIAN_POINT ( 'NONE',  ( -0.5832805319173838265, -0.6039378985925165644, 0.4899999999999999911 ) ) ;
#5959 = CARTESIAN_POINT ( 'NONE',  ( 0.3092322444605984377, 0.2878640458052361684, 0.4903936949262461265 ) ) ;
#5960 = CARTESIAN_POINT ( 'NONE',  ( -0.07762359986431492664, -0.4303091904815890545, 0.01037314797076178963 ) ) ;
#5961 = DIRECTION ( 'NONE',  ( 0.4999999999999905076, -0.8660254037844442587, 0.000000000000000000 ) ) ;
#5962 = CARTESIAN_POINT ( 'NONE',  ( -0.7807411499027636648, 0.1598963502817105364, 0.01055190147764096045 ) ) ;
#5963 = EDGE_CURVE ( 'NONE', #1848, #6207, #4404, .T. ) ;
#5964 = ORIENTED_EDGE ( 'NONE', *, *, #7963, .T. ) ;
#5965 = CARTESIAN_POINT ( 'NONE',  ( -0.3136191193857639781, -0.2646828876051629531, 0.4899999999999999911 ) ) ;
#5966 = CARTESIAN_POINT ( 'NONE',  ( -0.1870151214018388186, -0.4571851470637459669, 0.5000000000000000000 ) ) ;
#5967 = TOROIDAL_SURFACE ( 'NONE', #7943, 0.9728827275060553115, 0.01000000000000000021 ) ;
#5968 = DIRECTION ( 'NONE',  ( 0.000000000000000000, 0.000000000000000000, 1.000000000000000000 ) ) ;
#5969 = CARTESIAN_POINT ( 'NONE',  ( -0.3226647056949815129, 0.3689940291534230532, 0.01039185439229371906 ) ) ;
#5970 = DIRECTION ( 'NONE',  ( 8.195543980992764964E-14, 0.000000000000000000, 1.000000000000000000 ) ) ;
#5971 = B_SPLINE_CURVE_WITH_KNOTS ( 'NONE', 3,
 ( #7379, #3989, #768, #1350, #8092, #2056, #5477 ),
 .UNSPECIFIED., .F., .F.,
 ( 4, 3, 4 ),
 ( 0.0002455294063582034612, 0.006239355698587184876, 0.01245751125352316177 ),
 .UNSPECIFIED. ) ;
#5972 = EDGE_CURVE ( 'NONE', #8130, #3088, #4469, .T. ) ;
#5973 = PLANE ( 'NONE',  #927 ) ;
#5974 = AXIS2_PLACEMENT_3D ( 'NONE', #3514, #6159, #106 ) ;
#5975 = CARTESIAN_POINT ( 'NONE',  ( 0.2359645131159622267, -0.7953966536858230185, 0.4903829671321506267 ) ) ;
#5976 = ORIENTED_EDGE ( 'NONE', *, *, #450, .F. ) ;
#5977 = CARTESIAN_POINT ( 'NONE',  ( 0.09021097956088187930, -0.1562500000000009992, 0.5000000000000000000 ) ) ;
#5978 = CARTESIAN_POINT ( 'NONE',  ( 0.07241254492022006217, 0.4039435683031593616, 0.5000000000000000000 ) ) ;
#5979 = DIRECTION ( 'NONE',  ( -0.9406625533485165613, 0.3393434259387520524, 0.000000000000000000 ) ) ;
#5980 = CIRCLE ( 'NONE', #5542, 0.8228553031379056693 ) ;
#5981 = CARTESIAN_POINT ( 'NONE',  ( -0.05770563474368990697, 0.03331636375302843983, 0.4899999999999999911 ) ) ;
#5982 = ADVANCED_FACE ( 'NONE', ( #3355 ), #7082, .F. ) ;
#5983 = LINE ( 'NONE', #6685, #3360 ) ;
#5984 = ORIENTED_EDGE ( 'NONE', *, *, #7723, .T. ) ;
#5985 = VERTEX_POINT ( 'NONE', #5235 ) ;
#5986 = AXIS2_PLACEMENT_3D ( 'NONE', #4678, #1492, #6134 ) ;
#5987 = ORIENTED_EDGE ( 'NONE', *, *, #7373, .T. ) ;
#5988 = VERTEX_POINT ( 'NONE', #524 ) ;
#5989 = CARTESIAN_POINT ( 'NONE',  ( -0.7845073384454225307, -0.2129648871045573266, 0.01038462063789533617 ) ) ;
#5990 = CARTESIAN_POINT ( 'NONE',  ( -0.4811272826790869983, 0.09488345137009081276, 0.01039148133693242743 ) ) ;
#5991 = CARTESIAN_POINT ( 'NONE',  ( 0.7688481678868277491, -0.1202969530697391015, -0.000000000000000000 ) ) ;
#5992 = B_SPLINE_CURVE_WITH_KNOTS ( 'NONE', 3,
 ( #1546, #2917, #300, #8375, #7712, #2873, #924, #5594, #2210, #8427, #165, #6914, #3047, #5552, #5639, #7046, #3613, #4221 ),
 .UNSPECIFIED., .F., .F.,
 ( 4, 2, 2, 2, 2, 2, 2, 2, 4 ),
 ( 0.000000000000000000, 0.0006407458912126985477, 0.001281491782425397095, 0.001922237673638095643, 0.002562983564850794191, 0.003203729456063492739, 0.003844475347276191286, 0.004485221238488889400, 0.005125967129701588382 ),
 .UNSPECIFIED. ) ;
#5993 = CARTESIAN_POINT ( 'NONE',  ( -0.2537530661494596940, 0.7688136472765910723, 0.000000000000000000 ) ) ;
#5994 = CARTESIAN_POINT ( 'NONE',  ( -0.4342671064075050436, -0.1058473821886992822, 0.000000000000000000 ) ) ;
#5995 = DIRECTION ( 'NONE',  ( 1.000000000000000000, 0.000000000000000000, 0.000000000000000000 ) ) ;
#5996 = DIRECTION ( 'NONE',  ( 0.9691633370640090339, 0.2464192080397835938, 0.000000000000000000 ) ) ;
#5997 = CARTESIAN_POINT ( 'NONE',  ( -0.5387903082692186985, 0.6042075664030565063, 0.000000000000000000 ) ) ;
#5998 = CIRCLE ( 'NONE', #7525, 0.01000000000000000021 ) ;
#5999 = CARTESIAN_POINT ( 'NONE',  ( 0.7739325758180306547, 0.1460311305072414800, -6.844058078845279583E-16 ) ) ;
#6000 = EDGE_CURVE ( 'NONE', #4563, #7747, #893, .T. ) ;
#6001 = ORIENTED_EDGE ( 'NONE', *, *, #5348, .T. ) ;
#6002 = CARTESIAN_POINT ( 'NONE',  ( 0.2945067475568385884, -0.6651142489898727028, 0.4904138974439157805 ) ) ;
#6003 = CARTESIAN_POINT ( 'NONE',  ( 0.1783159193642117890, 0.4756416258613468395, 0.000000000000000000 ) ) ;
#6004 = DIRECTION ( 'NONE',  ( 1.000000000000000000, 0.000000000000000000, 0.000000000000000000 ) ) ;
#6005 = CARTESIAN_POINT ( 'NONE',  ( 0.2989822469098406543, -0.3164832684874926971, 0.5000000000000000000 ) ) ;
#6006 = CARTESIAN_POINT ( 'NONE',  ( -0.5763377827354193572, -0.5967492661558618794, 0.4903489949670249426 ) ) ;
#6007 = CYLINDRICAL_SURFACE ( 'NONE', #2940, 0.01000000000000000194 ) ;
#6008 = CARTESIAN_POINT ( 'NONE',  ( 0.1433327068160188678, 0.4506883111002847886, 0.01041521354719345156 ) ) ;
#6009 = CARTESIAN_POINT ( 'NONE',  ( -0.7166699317973024286, 0.09782078664066047591, 0.01047352876204864572 ) ) ;
#6010 = ORIENTED_EDGE ( 'NONE', *, *, #8294, .F. ) ;
#6011 = CARTESIAN_POINT ( 'NONE',  ( 0.5763377827354058125, -0.5967492661558787548, 0.4903489949670350456 ) ) ;
#6012 = CARTESIAN_POINT ( 'NONE',  ( -0.1784277354665396997, 0.4620365913481150333, 0.4941086989442872168 ) ) ;
#6013 = CARTESIAN_POINT ( 'NONE',  ( 0.1245377446249626152, -0.4175798679600286056, 0.4904246938971125180 ) ) ;
#6014 = CIRCLE ( 'NONE', #2342, 0.009999999999999995004 ) ;
#6015 = CARTESIAN_POINT ( 'NONE',  ( -0.7383102025014802727, 0.07962907807606155186, 0.5000000000000000000 ) ) ;
#6016 = CARTESIAN_POINT ( 'NONE',  ( 0.3212565770584286939, 0.2711286181930245287, 0.4903489949670250536 ) ) ;
#6017 = CARTESIAN_POINT ( 'NONE',  ( -0.1147074553269119140, -0.4147331604387351489, 0.4904180500256412056 ) ) ;
#6018 = CARTESIAN_POINT ( 'NONE',  ( 0.8080693969630684537, -0.1708173079839488406, 0.4904669220042781053 ) ) ;
#6019 = AXIS2_PLACEMENT_3D ( 'NONE', #1095, #478, #6774 ) ;
#6020 = CARTESIAN_POINT ( 'NONE',  ( -0.2759268538163713314, -0.6923555513693848695, 0.01053680569702433213 ) ) ;
#6022 = ORIENTED_EDGE ( 'NONE', *, *, #1071, .T. ) ;
#6021 =( BOUNDED_SURFACE ( )  B_SPLINE_SURFACE ( 3, 2, ( 
 ( #1537, #6948, #3559 ),
 ( #334, #4884, #3601 ),
 ( #5584, #5672, #7079 ),
 ( #5718, #7745, #7702 ) ),
 .UNSPECIFIED., .F., .F., .F. ) 
 B_SPLINE_SURFACE_WITH_KNOTS ( ( 4, 4 ),
 ( 3, 3 ),
 ( 0.01972895862017240085, 0.03210090281170673021 ),
 ( 0.000000000000000000, 1.000000000000000000 ),
 .UNSPECIFIED. ) 
 GEOMETRIC_REPRESENTATION_ITEM ( )  RATIONAL_B_SPLINE_SURFACE ( (
 ( 1.000000000000000000, 0.8248823227266867120, 1.000000000000000000),
 ( 1.000000000000000000, 0.8228396131304848149, 1.000000000000000000),
 ( 1.000000000000000000, 0.8207248281443615401, 1.000000000000000000),
 ( 1.000000000000000000, 0.8185296407512919759, 1.000000000000000000) ) ) 
 REPRESENTATION_ITEM ( '' )  SURFACE ( )  );
#6023 = CARTESIAN_POINT ( 'NONE',  ( -0.3275103301736640993, -0.2722987793496073894, 0.3318948753079439262 ) ) ;
#6024 = ADVANCED_FACE ( 'NONE', ( #7887 ), #6689, .T. ) ;
#6025 = CARTESIAN_POINT ( 'NONE',  ( -0.4203605064650083878, -0.5748324831402719104, 0.4903489949670345460 ) ) ;
#6026 = VECTOR ( 'NONE', #8725, 39.37007874015748143 ) ;
#6027 = CARTESIAN_POINT ( 'NONE',  ( -0.8078073135044443465, -0.1857296003265709317, 0.4904138798737705529 ) ) ;
#6028 = AXIS2_PLACEMENT_3D ( 'NONE', #6029, #11, #557 ) ;
#6029 = CARTESIAN_POINT ( 'NONE',  ( 0.3860316643059775732, 0.1392606806979860001, 0.4899999999999999911 ) ) ;
#6030 = DIRECTION ( 'NONE',  ( -0.000000000000000000, -0.000000000000000000, -1.000000000000000000 ) ) ;
#6031 = ORIENTED_EDGE ( 'NONE', *, *, #2479, .T. ) ;
#6032 = ORIENTED_EDGE ( 'NONE', *, *, #2488, .T. ) ;
#6033 = CIRCLE ( 'NONE', #5027, 0.009999999999999991535 ) ;
#6034 = VERTEX_POINT ( 'NONE', #6080 ) ;
#6035 = ORIENTED_EDGE ( 'NONE', *, *, #5646, .F. ) ;
#6036 = CARTESIAN_POINT ( 'NONE',  ( 0.3254689045660366653, 0.2768480404634534597, 0.000000000000000000 ) ) ;
#6037 = CARTESIAN_POINT ( 'NONE',  ( 0.000000000000000000, 0.000000000000000000, 0.5000000000000000000 ) ) ;
#6038 = EDGE_CURVE ( 'NONE', #1883, #4618, #359, .T. ) ;
#6039 = CARTESIAN_POINT ( 'NONE',  ( 0.2737648943075609020, 0.7413529683971807893, 0.000000000000000000 ) ) ;
#6040 = CARTESIAN_POINT ( 'NONE',  ( -0.4631592938731123321, -0.08999251663903071186, 0.000000000000000000 ) ) ;
#6041 = CARTESIAN_POINT ( 'NONE',  ( 0.000000000000000000, 0.000000000000000000, 0.000000000000000000 ) ) ;
#6042 = CARTESIAN_POINT ( 'NONE',  ( -0.4485814928101061194, -0.1081316246923946789, 0.01042312753682563160 ) ) ;
#6043 = CARTESIAN_POINT ( 'NONE',  ( 0.2617488519970337379, 0.7934942375116120772, 0.5000000000000000000 ) ) ;
#6044 = CARTESIAN_POINT ( 'NONE',  ( -0.4642891517707557480, 0.5977319122358983883, 0.000000000000000000 ) ) ;
#6045 = VECTOR ( 'NONE', #7291, 39.37007874015748143 ) ;
#6046 = FACE_OUTER_BOUND ( 'NONE', #6114, .T. ) ;
#6047 = ORIENTED_EDGE ( 'NONE', *, *, #2468, .T. ) ;
#6048 = CARTESIAN_POINT ( 'NONE',  ( -0.7555218012749842504, 0.1217167437481712911, 2.409407383019067336E-16 ) ) ;
#6049 = CIRCLE ( 'NONE', #1671, 0.009999999999999995004 ) ;
#6050 = CARTESIAN_POINT ( 'NONE',  ( -0.6862088809542784551, -0.08339469686208633714, 0.01000000000000373333 ) ) ;
#6051 = EDGE_CURVE ( 'NONE', #4701, #7548, #1637, .T. ) ;
#6052 = CARTESIAN_POINT ( 'NONE',  ( 0.2467642684162454081, 0.7616458379638425535, 0.01053709449109379269 ) ) ;
#6053 = DIRECTION ( 'NONE',  ( 0.5000000000000093259, 0.8660254037844334896, 6.609845019223325282E-14 ) ) ;
#6054 = CARTESIAN_POINT ( 'NONE',  ( -0.5892552948225923126, -0.5743422737581784787, 0.000000000000000000 ) ) ;
#6055 = DIRECTION ( 'NONE',  ( -0.2711763743890575062, 0.9625296743338388472, 0.000000000000000000 ) ) ;
#6056 = DIRECTION ( 'NONE',  ( 0.8660254037844444808, 0.4999999999999901190, 0.000000000000000000 ) ) ;
#6057 = CARTESIAN_POINT ( 'NONE',  ( -0.4570025944008924701, 0.6123819381223888358, 0.4999999999999927836 ) ) ;
#6058 = CARTESIAN_POINT ( 'NONE',  ( 0.05770563474369050372, 0.03331636375302704511, 0.4899999999999999911 ) ) ;
#6059 = CARTESIAN_POINT ( 'NONE',  ( 0.09021097956088186542, 0.1662499999999989819, 0.4899999999999999911 ) ) ;
#6060 = CARTESIAN_POINT ( 'NONE',  ( 0.000000000000000000, 0.000000000000000000, 0.000000000000000000 ) ) ;
#6061 =( BOUNDED_SURFACE ( )  B_SPLINE_SURFACE ( 3, 2, ( 
 ( #2011, #7374, #3290 ),
 ( #1257, #1159, #5975 ),
 ( #1205, #1346, #6588 ),
 ( #2493, #3152, #4507 ),
 ( #3248, #7912, #4552 ),
 ( #552, #5929, #3943 ),
 ( #967, #3382, #766 ),
 ( #8129, #5394, #2092 ),
 ( #2051, #4304, #7000 ),
 ( #8087, #1680, #919 ),
 ( #8329, #3652, #296 ),
 ( #6767, #684, #6146 ),
 ( #2998, #4074, #7416 ),
 ( #6345, #4737, #8289 ),
 ( #5434, #726, #7659 ),
 ( #4779, #5678, #8372 ) ),
 .UNSPECIFIED., .F., .F., .T. ) 
 B_SPLINE_SURFACE_WITH_KNOTS ( ( 4, 2, 2, 2, 2, 2, 2, 4 ),
 ( 3, 3 ),
 ( -1.853985714950212582E-17, 0.0006302862152585677821, 0.001260572430517154213, 0.001890858645775740643, 0.002521144861034327073, 0.003151431076292913504, 0.003781717291551499500, 0.005042289722068672361 ),
 ( 0.000000000000000000, 1.000000000000000000 ),
 .UNSPECIFIED. ) 
 GEOMETRIC_REPRESENTATION_ITEM ( )  RATIONAL_B_SPLINE_SURFACE ( (
 ( 1.000000000000000000, 0.7193398003386506367, 1.000000000000000000),
 ( 1.000000000000000000, 0.7205199565867452804, 1.000000000000000000),
 ( 1.000000000000000000, 0.7215717791702167538, 1.000000000000000000),
 ( 1.000000000000000000, 0.7234275177348175045, 1.000000000000000000),
 ( 1.000000000000000000, 0.7242355191404227233, 1.000000000000000000),
 ( 1.000000000000000000, 0.7255236088335598188, 1.000000000000000000),
 ( 1.000000000000000000, 0.7260164974476409627, 1.000000000000000000),
 ( 1.000000000000000000, 0.7266854393937592915, 1.000000000000000000),
 ( 1.000000000000000000, 0.7268502996887278300, 1.000000000000000000),
 ( 1.000000000000000000, 0.7268528309980553104, 1.000000000000000000),
 ( 1.000000000000000000, 0.7266841580817179347, 1.000000000000000000),
 ( 1.000000000000000000, 0.7260260551323031164, 1.000000000000000000),
 ( 1.000000000000000000, 0.7255369467475145662, 1.000000000000000000),
 ( 1.000000000000000000, 0.7235863180380092130, 1.000000000000000000),
 ( 1.000000000000000000, 0.7217174982280620821, 1.000000000000000000),
 ( 1.000000000000000000, 0.7193398003386507478, 1.000000000000000000) ) ) 
 REPRESENTATION_ITEM ( '' )  SURFACE ( )  );
#6062 = DIRECTION ( 'NONE',  ( 0.7642113041444640320, 0.6449659546191702786, 0.000000000000000000 ) ) ;
#6063 = FACE_OUTER_BOUND ( 'NONE', #5007, .T. ) ;
#6064 = EDGE_LOOP ( 'NONE', ( #1197, #6598, #6532, #3802 ) ) ;
#6065 = CARTESIAN_POINT ( 'NONE',  ( 0.7044894372315659847, 0.07936906509477667515, 0.4118160943908628635 ) ) ;
#6066 = CARTESIAN_POINT ( 'NONE',  ( -0.2879311484212278005, -0.6512906086554576257, 0.5000000000000000000 ) ) ;
#6067 = CARTESIAN_POINT ( 'NONE',  ( -0.8073450863645813547, -0.1631620561703334971, 0.4904903272535686698 ) ) ;
#6068 = CARTESIAN_POINT ( 'NONE',  ( 0.6939637131778235712, -0.09338736064988922836, 0.01038463228035733411 ) ) ;
#6069 = CARTESIAN_POINT ( 'NONE',  ( 0.2973301831622040536, -0.3278977863080732580, 0.005824648959441184465 ) ) ;
#6070 = CARTESIAN_POINT ( 'NONE',  ( -0.1868967427717302954, -0.4569801092618676064, 0.5000000000000000000 ) ) ;
#6071 = EDGE_CURVE ( 'NONE', #1849, #2444, #2167, .T. ) ;
#6072 = VERTEX_POINT ( 'NONE', #945 ) ;
#6073 = ORIENTED_EDGE ( 'NONE', *, *, #8285, .T. ) ;
#6074 =( BOUNDED_SURFACE ( )  B_SPLINE_SURFACE ( 3, 2, ( 
 ( #6570, #6434, #2476 ),
 ( #8515, #536, #7318 ),
 ( #4585, #7847, #2526 ),
 ( #8560, #1192, #5204 ),
 ( #437, #5294, #7941 ),
 ( #4538, #1911, #2566 ),
 ( #3884, #577, #7989 ),
 ( #3789, #3233, #5914 ),
 ( #390, #488, #8603 ),
 ( #4443, #3092, #1769 ),
 ( #5770, #6526, #7276 ),
 ( #8651, #3138, #7796 ),
 ( #7140, #7896, #1101 ),
 ( #1954, #5244, #1865 ) ),
 .UNSPECIFIED., .F., .F., .F. ) 
 B_SPLINE_SURFACE_WITH_KNOTS ( ( 4, 2, 2, 2, 2, 2, 4 ),
 ( 3, 3 ),
 ( -6.396792817664476161E-18, 0.0008499630636326835614, 0.001274944595449028486, 0.001699926127265373411, 0.002124907659081718553, 0.002549889190898063478, 0.003399852254530753327 ),
 ( 0.000000000000000000, 1.000000000000000000 ),
 .UNSPECIFIED. ) 
 GEOMETRIC_REPRESENTATION_ITEM ( )  RATIONAL_B_SPLINE_SURFACE ( (
 ( 1.000000000000000000, 0.7193398003386507478, 1.000000000000000000),
 ( 1.000000000000000000, 0.7202131089111105666, 1.000000000000000000),
 ( 1.000000000000000000, 0.7208784273510800977, 1.000000000000000000),
 ( 1.000000000000000000, 0.7215629346520602283, 1.000000000000000000),
 ( 1.000000000000000000, 0.7217356565185393258, 1.000000000000000000),
 ( 1.000000000000000000, 0.7219644832679601443, 1.000000000000000000),
 ( 1.000000000000000000, 0.7220224049890855422, 1.000000000000000000),
 ( 1.000000000000000000, 0.7220238173294917239, 1.000000000000000000),
 ( 1.000000000000000000, 0.7219658634063871316, 1.000000000000000000),
 ( 1.000000000000000000, 0.7217377061592201715, 1.000000000000000000),
 ( 1.000000000000000000, 0.7215679889610377984, 1.000000000000000000),
 ( 1.000000000000000000, 0.7208917738736607683, 1.000000000000000000),
 ( 1.000000000000000000, 0.7202113677849039108, 1.000000000000000000),
 ( 1.000000000000000000, 0.7193398003386499706, 1.000000000000000000) ) ) 
 REPRESENTATION_ITEM ( '' )  SURFACE ( )  );
#6075 = ORIENTED_EDGE ( 'NONE', *, *, #1337, .F. ) ;
#6076 = VERTEX_POINT ( 'NONE', #2450 ) ;
#6077 = CARTESIAN_POINT ( 'NONE',  ( 0.3061719368437940125, 0.7348556127607870359, 0.5000000000000000000 ) ) ;
#6078 = CARTESIAN_POINT ( 'NONE',  ( -0.1098049654195409480, 0.4137097739312494138, 0.4904132057727217942 ) ) ;
#6079 = CARTESIAN_POINT ( 'NONE',  ( 0.2515665290499837781, 0.7555638974103286998, -3.190489534530188747E-15 ) ) ;
#6080 = CARTESIAN_POINT ( 'NONE',  ( 0.2962942585325363809, -0.6464621647814283723, 0.5000000000000000000 ) ) ;
#6081 = CARTESIAN_POINT ( 'NONE',  ( -0.5811457637080452709, 0.5724200005520290180, 0.09181531335406174776 ) ) ;
#6082 = CARTESIAN_POINT ( 'NONE',  ( 0.3954325595773463542, 0.1426520477689100230, 0.4903489949670249426 ) ) ;
#6083 = CARTESIAN_POINT ( 'NONE',  ( -0.4488867302873244536, 0.5766673782583273677, 0.01049750224473746350 ) ) ;
#6084 = CARTESIAN_POINT ( 'NONE',  ( 0.7559401716256249903, 0.1212670522028412162, 0.01057235682384310461 ) ) ;
#6085 = EDGE_CURVE ( 'NONE', #1039, #4417, #668, .T. ) ;
#6086 = EDGE_LOOP ( 'NONE', ( #5403, #8227, #1837, #737 ) ) ;
#6087 = CARTESIAN_POINT ( 'NONE',  ( 0.4403388390260506990, 0.1137975498503736582, 0.01042308903936527663 ) ) ;
#6088 = CARTESIAN_POINT ( 'NONE',  ( 0.1693479637828968210, 0.4808192774302997852, 0.000000000000000000 ) ) ;
#6089 = CARTESIAN_POINT ( 'NONE',  ( 0.5773034566906424248, 0.5920039701158398282, 0.4118156074920660825 ) ) ;
#6090 = CARTESIAN_POINT ( 'NONE',  ( -0.3004894591388226899, -0.6537284653794268596, 0.5000000000000001110 ) ) ;
#6091 = LINE ( 'NONE', #2700, #3080 ) ;
#6092 = CARTESIAN_POINT ( 'NONE',  ( -0.4833176603425236029, 0.6325804816129966257, 0.5000000000000000000 ) ) ;
#6093 = EDGE_CURVE ( 'NONE', #6372, #6984, #3670, .T. ) ;
#6094 = CARTESIAN_POINT ( 'NONE',  ( -0.07417598251891656391, 0.4137806659619421845, 0.4903489949670249426 ) ) ;
#6095 = CARTESIAN_POINT ( 'NONE',  ( 0.000000000000000000, 0.000000000000000000, 0.5000000000000000000 ) ) ;
#6096 = CARTESIAN_POINT ( 'NONE',  ( -0.06760589019282615963, 0.4319811365018887961, 0.007463728527815795613 ) ) ;
#6097 = CARTESIAN_POINT ( 'NONE',  ( -0.4634965475778396460, 0.6161634882655977474, 0.4905463769172031530 ) ) ;
#6098 = CARTESIAN_POINT ( 'NONE',  ( 0.8013422056068871813, 0.2039574741287269177, 0.4118156074920727994 ) ) ;
#6099 = CARTESIAN_POINT ( 'NONE',  ( -0.3175468443681520592, -0.3395893519768671265, 0.01042306822590571141 ) ) ;
#6100 = CARTESIAN_POINT ( 'NONE',  ( 0.09021097956088186542, 0.1562499999999989730, 0.4899999999999999911 ) ) ;
#6101 = CARTESIAN_POINT ( 'NONE',  ( 0.000000000000000000, 0.000000000000000000, 0.4899999999999999911 ) ) ;
#6102 = DIRECTION ( 'NONE',  ( -0.8660254037844331565, 0.5000000000000096589, 0.000000000000000000 ) ) ;
#6103 = ORIENTED_EDGE ( 'NONE', *, *, #6730, .T. ) ;
#6104 = CARTESIAN_POINT ( 'NONE',  ( -0.7079997865524698675, 0.07662663577625393463, 0.4903489949670347126 ) ) ;
#6105 = CARTESIAN_POINT ( 'NONE',  ( -0.2786906612679927453, -0.7648982300706329562, 0.4905422522975385058 ) ) ;
#6106 = DIRECTION ( 'NONE',  ( -0.5000000000000003331, 0.8660254037844383745, 0.000000000000000000 ) ) ;
#6107 = DIRECTION ( 'NONE',  ( 1.000000000000000000, -4.440892098500626162E-15, 0.000000000000000000 ) ) ;
#6108 = AXIS2_PLACEMENT_3D ( 'NONE', #4321, #7266, #5284 ) ;
#6109 = CARTESIAN_POINT ( 'NONE',  ( -0.09598448225277239620, 0.1662499999999989542, 0.000000000000000000 ) ) ;
#6110 = CARTESIAN_POINT ( 'NONE',  ( 0.5892552948225958653, 0.5743422737581816984, 0.000000000000000000 ) ) ;
#6111 = ORIENTED_EDGE ( 'NONE', *, *, #1503, .T. ) ;
#6112 = ORIENTED_EDGE ( 'NONE', *, *, #413, .T. ) ;
#6113 = EDGE_LOOP ( 'NONE', ( #3910, #8510, #7256, #8530, #7427 ) ) ;
#6114 = EDGE_LOOP ( 'NONE', ( #6229, #7479, #1649, #5271, #5406 ) ) ;
#6115 = CIRCLE ( 'NONE', #5679, 0.009999999999999988065 ) ;
#6116 = CARTESIAN_POINT ( 'NONE',  ( 0.2909962157630013313, 0.7457972494691080811, 0.4905662945849573187 ) ) ;
#6117 = CARTESIAN_POINT ( 'NONE',  ( -0.1293815168999981891, 0.4193966830538003454, 0.4904263678629613987 ) ) ;
#6118 = CARTESIAN_POINT ( 'NONE',  ( 0.000000000000000000, 0.000000000000000000, 0.000000000000000000 ) ) ;
#6119 = CARTESIAN_POINT ( 'NONE',  ( -0.4278990077071052611, 0.09765061573400908579, 0.4904263678543379634 ) ) ;
#6120 = CARTESIAN_POINT ( 'NONE',  ( -0.1306460124689546587, -0.4425487807872956481, 0.01042312753682563160 ) ) ;
#6121 = CARTESIAN_POINT ( 'NONE',  ( -0.8046598180433728320, -0.1481307137835835008, 0.5000000000000000000 ) ) ;
#6122 = CARTESIAN_POINT ( 'NONE',  ( -0.5286652304814114522, 0.5962200064917191344, 0.01055218162561916660 ) ) ;
#6123 = CARTESIAN_POINT ( 'NONE',  ( 0.7612277100896456261, 0.1267945040007324164, 0.01057741574510062330 ) ) ;
#6124 =( BOUNDED_SURFACE ( )  B_SPLINE_SURFACE ( 3, 2, ( 
 ( #3509, #1597, #4946 ),
 ( #4786, #4230, #889 ),
 ( #4861, #4275, #1432 ),
 ( #6153, #1516, #3541 ) ),
 .UNSPECIFIED., .F., .F., .T. ) 
 B_SPLINE_SURFACE_WITH_KNOTS ( ( 4, 4 ),
 ( 3, 3 ),
 ( 0.02912239127223455182, 0.04154342169942463331 ),
 ( 0.000000000000000000, 1.000000000000000000 ),
 .UNSPECIFIED. ) 
 GEOMETRIC_REPRESENTATION_ITEM ( )  RATIONAL_B_SPLINE_SURFACE ( (
 ( 1.000000000000000000, 0.6042316834834666750, 1.000000000000000000),
 ( 1.000000000000000000, 0.6084201088642319233, 1.000000000000000000),
 ( 1.000000000000000000, 0.6124652103510531687, 1.000000000000000000),
 ( 1.000000000000000000, 0.6163818356446826296, 1.000000000000000000) ) ) 
 REPRESENTATION_ITEM ( '' )  SURFACE ( )  );
#6125 = CIRCLE ( 'NONE', #3450, 0.009999999999999986330 ) ;
#6126 = ORIENTED_EDGE ( 'NONE', *, *, #1140, .F. ) ;
#6127 = CARTESIAN_POINT ( 'NONE',  ( -0.07222192602347675405, -0.04169734843104646455, 0.01000000000000000021 ) ) ;
#6128 = CARTESIAN_POINT ( 'NONE',  ( 0.4481664506837587658, 0.09680430469407430571, 0.000000000000000000 ) ) ;
#6129 = CARTESIAN_POINT ( 'NONE',  ( 0.1472329027544625191, 0.4537838174805130520, 0.01041051843158971417 ) ) ;
#6130 = VECTOR ( 'NONE', #5015, 39.37007874015748143 ) ;
#6131 = CARTESIAN_POINT ( 'NONE',  ( 0.2985430183481740940, -0.3215640231115308167, 0.4904263279545303389 ) ) ;
#6132 = EDGE_CURVE ( 'NONE', #6508, #2283, #3445, .T. ) ;
#6133 = DIRECTION ( 'NONE',  ( 1.000000000000000000, 0.000000000000000000, 0.000000000000000000 ) ) ;
#6134 = DIRECTION ( 'NONE',  ( 0.8660254037844414832, 0.4999999999999951150, 0.000000000000000000 ) ) ;
#6135 = CARTESIAN_POINT ( 'NONE',  ( -0.3263633643488249580, 0.3785024055033680002, 0.01037314945552554254 ) ) ;
#6136 = FACE_OUTER_BOUND ( 'NONE', #3428, .T. ) ;
#6137 = CARTESIAN_POINT ( 'NONE',  ( -0.1098053962438957643, 0.4137098537210748828, 0.4904132062386838409 ) ) ;
#6138 = ORIENTED_EDGE ( 'NONE', *, *, #4826, .T. ) ;
#6139 = CARTESIAN_POINT ( 'NONE',  ( 0.7238493341597486141, 0.1004125506952681102, 0.01049749389316011888 ) ) ;
#6140 = CARTESIAN_POINT ( 'NONE',  ( -0.4688262988239595974, -0.07785657339273231725, 0.5000000000000000000 ) ) ;
#6141 = EDGE_CURVE ( 'NONE', #2283, #3553, #5431, .T. ) ;
#6142 = CARTESIAN_POINT ( 'NONE',  ( -0.1619148974482387815, 0.4272823091670069906, 0.5000000000000001110 ) ) ;
#6143 = CARTESIAN_POINT ( 'NONE',  ( 0.09260244267826280018, 0.1603921356237299201, 0.5000000000000000000 ) ) ;
#6144 = CARTESIAN_POINT ( 'NONE',  ( 0.2051573802583191997, -0.7894969949488948036, 0.09181531335406455108 ) ) ;
#6145 = TOROIDAL_SURFACE ( 'NONE', #5432, 0.8228553031379056693, 0.01000000000000000021 ) ;
#6146 = CARTESIAN_POINT ( 'NONE',  ( 0.3010003182882128869, -0.7096842907037781423, 0.4905422744904084364 ) ) ;
#6147 = CYLINDRICAL_SURFACE ( 'NONE', #4313, 0.009999999999999995004 ) ;
#6148 = CARTESIAN_POINT ( 'NONE',  ( -0.2740449478043867626, -0.7709212007219193863, 0.5000000000000000000 ) ) ;
#6149 = ADVANCED_FACE ( 'NONE', ( #1243 ), #7362, .T. ) ;
#6150 = CARTESIAN_POINT ( 'NONE',  ( -0.7954026876109228095, -0.1274522323270082524, 0.4905613818148976124 ) ) ;
#6151 = DIRECTION ( 'NONE',  ( 0.5000000000000002220, -0.8660254037844384856, 0.000000000000000000 ) ) ;
#6152 = CIRCLE ( 'NONE', #2491, 0.009999999999999951636 ) ;
#6153 = CARTESIAN_POINT ( 'NONE',  ( -0.7082376935674533636, 0.07644074180030677179, 0.4956723019460249624 ) ) ;
#6154 = ORIENTED_EDGE ( 'NONE', *, *, #3691, .T. ) ;
#6155 = ORIENTED_EDGE ( 'NONE', *, *, #3799, .F. ) ;
#6156 = VERTEX_POINT ( 'NONE', #3837 ) ;
#6157 = ORIENTED_EDGE ( 'NONE', *, *, #8231, .F. ) ;
#6158 = CIRCLE ( 'NONE', #1082, 0.01000000000000002449 ) ;
#6159 = DIRECTION ( 'NONE',  ( -0.000000000000000000, -0.000000000000000000, -1.000000000000000000 ) ) ;
#6160 = CARTESIAN_POINT ( 'NONE',  ( 0.1203598450282937216, 0.4270295511428718882, -0.000000000000000000 ) ) ;
#6161 = DIRECTION ( 'NONE',  ( -0.000000000000000000, -0.000000000000000000, -1.000000000000000000 ) ) ;
#6162 = CARTESIAN_POINT ( 'NONE',  ( 0.4241735811991146354, 0.5814392956162577342, 0.4903829762264969583 ) ) ;
#6163 = CARTESIAN_POINT ( 'NONE',  ( 0.1480901075699533609, 0.4175480305027261529, 0.5000000000000001110 ) ) ;
#6164 = FACE_OUTER_BOUND ( 'NONE', #2683, .T. ) ;
#6165 = CARTESIAN_POINT ( 'NONE',  ( -0.4239813449456971139, -0.5475800206427471339, 0.01034899496702500372 ) ) ;
#6166 = VECTOR ( 'NONE', #4531, 39.37007874015748854 ) ;
#6167 = CIRCLE ( 'NONE', #2359, 0.01000000000000002970 ) ;
#6168 = ORIENTED_EDGE ( 'NONE', *, *, #7284, .T. ) ;
#6169 = ORIENTED_EDGE ( 'NONE', *, *, #3071, .F. ) ;
#6170 = CARTESIAN_POINT ( 'NONE',  ( 0.4433339620439665785, 0.09961491246199498384, 0.000000000000000000 ) ) ;
#6171 = CARTESIAN_POINT ( 'NONE',  ( -0.3172041634829079193, 0.3826243338006026784, 0.000000000000000000 ) ) ;
#6172 = AXIS2_PLACEMENT_3D ( 'NONE', #2912, #3417, #6102 ) ;
#6173 = CARTESIAN_POINT ( 'NONE',  ( 0.3021986933463145508, -0.3669609185100338733, 0.4903936907271713164 ) ) ;
#6174 = CARTESIAN_POINT ( 'NONE',  ( 0.7896068699592418971, -0.1024039488311874746, 0.5000000000000000000 ) ) ;
#6175 = CARTESIAN_POINT ( 'NONE',  ( 9.824141660877977361E-16, 0.08339469686209445565, 0.01000000000000000021 ) ) ;
#6176 = CARTESIAN_POINT ( 'NONE',  ( -0.6862088809542763457, 0.09338860513229296778, 0.01034899496702499679 ) ) ;
#6177 = DIRECTION ( 'NONE',  ( 1.000000000000000000, -1.182525838673188523E-14, 0.000000000000000000 ) ) ;
#6178 = AXIS2_PLACEMENT_3D ( 'NONE', #4355, #1586, #7579 ) ;
#6179 = ADVANCED_FACE ( 'NONE', ( #3974 ), #4196, .F. ) ;
#6180 = VERTEX_POINT ( 'NONE', #7188 ) ;
#6181 = CARTESIAN_POINT ( 'NONE',  ( 0.6862088809542802315, 0.09338860513227721649, 0.01034899496702865185 ) ) ;
#6182 = FACE_OUTER_BOUND ( 'NONE', #3203, .T. ) ;
#6183 = DIRECTION ( 'NONE',  ( 1.000000000000000000, 0.000000000000000000, -0.000000000000000000 ) ) ;
#6184 = CARTESIAN_POINT ( 'NONE',  ( 0.3136191193857579829, -0.2646828876051700585, 0.5000000000000000000 ) ) ;
#6185 = ADVANCED_FACE ( 'NONE', ( #1150 ), #580, .T. ) ;
#6186 = CARTESIAN_POINT ( 'NONE',  ( 0.4028812526924184234, 0.1514175364829031811, 0.2035570278951271128 ) ) ;
#6187 = CARTESIAN_POINT ( 'NONE',  ( -0.2286311328130041232, -0.7974977940875960236, 0.4903489949670249426 ) ) ;
#6188 = DIRECTION ( 'NONE',  ( 0.000000000000000000, -0.03489949670250104552, 0.9993908270190957621 ) ) ;
#6189 = DIRECTION ( 'NONE',  ( -0.000000000000000000, -0.000000000000000000, -1.000000000000000000 ) ) ;
#6190 = CARTESIAN_POINT ( 'NONE',  ( -0.4972426265158032543, 0.08780124419659342261, 0.1703500779047236180 ) ) ;
#6191 = CARTESIAN_POINT ( 'NONE',  ( 0.5519645948510227829, 0.6144011317501136826, 0.4904669302481994841 ) ) ;
#6192 = DIRECTION ( 'NONE',  ( 1.000000000000000000, 0.000000000000000000, 0.000000000000000000 ) ) ;
#6193 = EDGE_CURVE ( 'NONE', #5364, #1324, #1749, .T. ) ;
#6194 = EDGE_LOOP ( 'NONE', ( #193, #6477, #8259, #4838 ) ) ;
#6195 = ADVANCED_FACE ( 'NONE', ( #5207 ), #4541, .T. ) ;
#6196 = EDGE_LOOP ( 'NONE', ( #3429, #596, #1267, #2857 ) ) ;
#6197 = ORIENTED_EDGE ( 'NONE', *, *, #3289, .T. ) ;
#6198 = CARTESIAN_POINT ( 'NONE',  ( 0.1536438413639274470, 0.4461039728279862504, 0.000000000000000000 ) ) ;
#6199 = CARTESIAN_POINT ( 'NONE',  ( -0.2619145588723398865, 0.6411493232088976146, 3.201384367575308305E-17 ) ) ;
#6200 = CARTESIAN_POINT ( 'NONE',  ( -0.4128822640194956817, 0.1115051162105600291, 0.5000000000000000000 ) ) ;
#6201 = CARTESIAN_POINT ( 'NONE',  ( 0.1739463467238112071, 0.4388653994981286943, 0.4999999999999998335 ) ) ;
#6202 = CARTESIAN_POINT ( 'NONE',  ( 0.09598448225277814161, 0.1662499999999989819, 0.000000000000000000 ) ) ;
#6203 = CARTESIAN_POINT ( 'NONE',  ( 0.8041321654220031645, -0.1225326033774044032, 0.5000000000000000000 ) ) ;
#6204 = ORIENTED_EDGE ( 'NONE', *, *, #1457, .T. ) ;
#6205 = ADVANCED_FACE ( 'NONE', ( #3886 ), #5247, .T. ) ;
#6206 = ORIENTED_EDGE ( 'NONE', *, *, #8139, .F. ) ;
#6207 = VERTEX_POINT ( 'NONE', #7944 ) ;
#6208 = DIRECTION ( 'NONE',  ( 0.000000000000000000, 0.000000000000000000, 1.000000000000000000 ) ) ;
#6209 = DIRECTION ( 'NONE',  ( 0.000000000000000000, -0.03489949670250104552, 0.9993908270190957621 ) ) ;
#6210 = DIRECTION ( 'NONE',  ( 0.8660254037844300479, -0.5000000000000149880, 0.000000000000000000 ) ) ;
#6211 = CARTESIAN_POINT ( 'NONE',  ( -0.3092324797298615646, -0.2878636011638042724, 0.4903936940980128112 ) ) ;
#6212 = CARTESIAN_POINT ( 'NONE',  ( -0.4572580297924100923, 0.6119504160427475803, 0.4905277075521672914 ) ) ;
#6213 = DIRECTION ( 'NONE',  ( 1.000000000000000000, -1.366756588017077073E-14, 0.000000000000000000 ) ) ;
#6214 = FACE_OUTER_BOUND ( 'NONE', #7824, .T. ) ;
#6215 = CARTESIAN_POINT ( 'NONE',  ( 0.4342671064290170024, 0.1058473822144255783, 0.000000000000000000 ) ) ;
#6216 = CARTESIAN_POINT ( 'NONE',  ( -0.3182800407219431027, -0.3496383890283283336, 0.01041668125975882438 ) ) ;
#6217 = EDGE_CURVE ( 'NONE', #3785, #7960, #3739, .T. ) ;
#6218 = CARTESIAN_POINT ( 'NONE',  ( 0.4886043012996723056, 0.6056935685082461829, -0.000000000000000000 ) ) ;
#6219 = CARTESIAN_POINT ( 'NONE',  ( 0.7163894130984557185, 0.06663272768644006028, 0.5000000000000000000 ) ) ;
#6220 = CARTESIAN_POINT ( 'NONE',  ( 0.2462705574600174141, -0.7613307273981877454, 2.512201980000134616E-15 ) ) ;
#6221 = DIRECTION ( 'NONE',  ( -0.5000000000000002220, 0.8660254037844384856, 0.000000000000000000 ) ) ;
#6222 = CARTESIAN_POINT ( 'NONE',  ( 0.4485814928101062860, 0.1081316246923945262, 0.01042312753682563334 ) ) ;
#6223 = CARTESIAN_POINT ( 'NONE',  ( -0.4365212595015809938, 0.1168640624150483753, 0.01042152944120965791 ) ) ;
#6224 = ADVANCED_FACE ( 'NONE', ( #6759 ), #7574, .T. ) ;
#6225 = CARTESIAN_POINT ( 'NONE',  ( -0.2350672535585373313, -0.7717086703641196088, 0.01049752550059984517 ) ) ;
#6226 = LINE ( 'NONE', #6924, #671 ) ;
#6227 = DIRECTION ( 'NONE',  ( -1.000000000000000000, -1.640107905620428180E-13, 0.000000000000000000 ) ) ;
#6228 = VERTEX_POINT ( 'NONE', #821 ) ;
#6229 = ORIENTED_EDGE ( 'NONE', *, *, #593, .F. ) ;
#6230 = VERTEX_POINT ( 'NONE', #6082 ) ;
#6231 = DIRECTION ( 'NONE',  ( -0.2464192080398341367, -0.9691633370639961553, 0.000000000000000000 ) ) ;
#6232 = CARTESIAN_POINT ( 'NONE',  ( 0.2914545332196719074, 0.6580649578050109527, 0.4903829773254078650 ) ) ;
#6233 = CARTESIAN_POINT ( 'NONE',  ( -0.2876340743349100060, 0.3313335611100828859, 0.5000000000000000000 ) ) ;
#6234 = B_SPLINE_CURVE_WITH_KNOTS ( 'NONE', 3,
 ( #5254, #7954, #7288, #1253, #589, #3286, #3453, #723, #802, #6718, #680, #4024, #6142, #39, #3378, #3414 ),
 .UNSPECIFIED., .F., .F.,
 ( 4, 2, 2, 2, 2, 2, 2, 4 ),
 ( 0.000000000000000000, 0.0004286688780641587592, 0.0008573377561283175184, 0.001286006634192476223, 0.001714675512256635037, 0.002143344390320792766, 0.002572013268384950278, 0.003429351024513264002 ),
 .UNSPECIFIED. ) ;
#6235 = CARTESIAN_POINT ( 'NONE',  ( 0.4620253532655194673, -0.1011933099117153234, 0.01041516393984802044 ) ) ;
#6236 = AXIS2_PLACEMENT_3D ( 'NONE', #5965, #979, #8480 ) ;
#6237 = EDGE_CURVE ( 'NONE', #3031, #8608, #1797, .T. ) ;
#6238 = CARTESIAN_POINT ( 'NONE',  ( -0.4131859412403399157, 0.1117606642407110856, 0.4904132062386842295 ) ) ;
#6239 = FACE_OUTER_BOUND ( 'NONE', #4042, .T. ) ;
#6240 = PRESENTATION_STYLE_ASSIGNMENT (( #6861 ) ) ;
#6241 = CARTESIAN_POINT ( 'NONE',  ( 0.7079997865524670919, -0.06663272750606362427, 0.5000000000000000000 ) ) ;
#6242 = EDGE_LOOP ( 'NONE', ( #2358, #4290, #6320, #5908, #6332 ) ) ;
#6243 = EDGE_LOOP ( 'NONE', ( #385, #2763, #5952, #4948 ) ) ;
#6244 = AXIS2_PLACEMENT_3D ( 'NONE', #985, #4373, #3667 ) ;
#6245 = ORIENTED_EDGE ( 'NONE', *, *, #3881, .T. ) ;
#6246 = CARTESIAN_POINT ( 'NONE',  ( -0.3087118681506130780, 0.3506931118112757151, -0.000000000000000000 ) ) ;
#6247 = CARTESIAN_POINT ( 'NONE',  ( 0.7031018142394117598, 0.08437209218655825071, -0.000000000000000000 ) ) ;
#6248 = DIRECTION ( 'NONE',  ( -0.9843093805579266053, -0.1764512492040534453, 0.000000000000000000 ) ) ;
#6249 = EDGE_CURVE ( 'NONE', #1427, #4157, #3334, .T. ) ;
#6250 = CARTESIAN_POINT ( 'NONE',  ( 0.7768039475752388512, -0.1036453305432482597, 0.4905613951453543509 ) ) ;
#6251 = DIRECTION ( 'NONE',  ( 0.8660254037844327124, -0.5000000000000103251, 0.000000000000000000 ) ) ;
#6252 = AXIS2_PLACEMENT_3D ( 'NONE', #7617, #3566, #6346 ) ;
#6253 = CARTESIAN_POINT ( 'NONE',  ( 0.3110813693342872610, 0.3855554654225804012, 0.4903489949670249426 ) ) ;
#6254 = DIRECTION ( 'NONE',  ( 0.5000000000000003331, -0.8660254037844383745, -0.000000000000000000 ) ) ;
#6255 = CARTESIAN_POINT ( 'NONE',  ( 0.000000000000000000, 0.000000000000000000, 0.5000000000000000000 ) ) ;
#6256 = AXIS2_PLACEMENT_3D ( 'NONE', #5681, #2255, #7754 ) ;
#6257 = CARTESIAN_POINT ( 'NONE',  ( -0.3277554493036355932, -0.7550923267929410265, 0.001385477180347215653 ) ) ;
#6258 = CARTESIAN_POINT ( 'NONE',  ( -0.4688968242988988400, -0.07823128617335967094, 0.4903936907271715939 ) ) ;
#6259 = CARTESIAN_POINT ( 'NONE',  ( 0.3109802194573053624, -0.7105053363557863877, 0.5000000000000001110 ) ) ;
#6260 = CARTESIAN_POINT ( 'NONE',  ( 0.3860316643059775732, 0.1392606806979860279, 0.5000000000000000000 ) ) ;
#6261 = FACE_OUTER_BOUND ( 'NONE', #6750, .T. ) ;
#6262 = CARTESIAN_POINT ( 'NONE',  ( 0.2879192225005338113, -0.6515722054472667946, 0.4956723019460246848 ) ) ;
#6263 = B_SPLINE_CURVE_WITH_KNOTS ( 'NONE', 3,
 ( #4495, #2003, #5299, #492, #3323, #3838, #7995 ),
 .UNSPECIFIED., .F., .F.,
 ( 4, 3, 4 ),
 ( 0.0002455294063582033528, 0.006239355698587184008, 0.01245751125352316524 ),
 .UNSPECIFIED. ) ;
#6264 = CARTESIAN_POINT ( 'NONE',  ( 0.2723511084856525821, -0.7151594448911857693, -3.876164157893039592E-15 ) ) ;
#6265 = CARTESIAN_POINT ( 'NONE',  ( -0.7998011691957369607, 0.1154740940097935403, 0.5000000000000000000 ) ) ;
#6266 = CARTESIAN_POINT ( 'NONE',  ( 0.4078358373339516785, 0.1573533917115128578, 0.01034899496703158873 ) ) ;
#6267 = CARTESIAN_POINT ( 'NONE',  ( -0.4292122107968278644, 0.1236896846684298057, 0.01041521630865950912 ) ) ;
#6268 = B_SPLINE_CURVE_WITH_KNOTS ( 'NONE', 3,
 ( #1094, #7788, #5807, #5858, #1904, #5238, #6518, #4578, #2560, #5764, #431, #5101 ),
 .UNSPECIFIED., .F., .F.,
 ( 4, 2, 2, 2, 2, 4 ),
 ( 0.000000000000000000, 0.0007662348527962372421, 0.001149352279194357923, 0.001532469705592478604, 0.002298704558388724520, 0.003064939411184970652 ),
 .UNSPECIFIED. ) ;
#6269 = CARTESIAN_POINT ( 'NONE',  ( 0.000000000000000000, 0.000000000000000000, 0.01034899496702501066 ) ) ;
#6270 = CARTESIAN_POINT ( 'NONE',  ( 0.5330144408610807405, 0.6319903140079007331, 0.5000000000000000000 ) ) ;
#6271 = TOROIDAL_SURFACE ( 'NONE', #7819, 0.4271446968620944973, 0.01000000000000000021 ) ;
#6272 = CARTESIAN_POINT ( 'NONE',  ( 0.5287304901662031043, 0.5956193034023626875, 7.469896857675720816E-17 ) ) ;
#6273 = VERTEX_POINT ( 'NONE', #903 ) ;
#6274 = ORIENTED_EDGE ( 'NONE', *, *, #4677, .T. ) ;
#6275 = EDGE_CURVE ( 'NONE', #2444, #6983, #3011, .T. ) ;
#6276 = ORIENTED_EDGE ( 'NONE', *, *, #748, .T. ) ;
#6277 = CARTESIAN_POINT ( 'NONE',  ( -0.3087201387412208953, -0.3507541378684452815, 0.000000000000000000 ) ) ;
#6278 = CARTESIAN_POINT ( 'NONE',  ( 0.05770563474369039270, 0.03331636375302702430, 0.4899999999999999911 ) ) ;
#6279 = CARTESIAN_POINT ( 'NONE',  ( 0.4261612440801234580, -0.1276322590964736325, 0.000000000000000000 ) ) ;
#6280 = AXIS2_PLACEMENT_3D ( 'NONE', #6476, #3132, #5808 ) ;
#6281 = CARTESIAN_POINT ( 'NONE',  ( 0.1841863924190827173, 0.4522856447447697326, 0.5000000000000002220 ) ) ;
#6282 = CARTESIAN_POINT ( 'NONE',  ( 0.000000000000000000, 0.000000000000000000, 0.000000000000000000 ) ) ;
#6283 = CARTESIAN_POINT ( 'NONE',  ( -0.1517310425714972211, 0.4315001287882077041, 0.5000000000000048850 ) ) ;
#6284 = ORIENTED_EDGE ( 'NONE', *, *, #1214, .F. ) ;
#6285 = VERTEX_POINT ( 'NONE', #1528 ) ;
#6286 =( GEOMETRIC_REPRESENTATION_CONTEXT ( 3 ) GLOBAL_UNCERTAINTY_ASSIGNED_CONTEXT ( ( #770 ) ) GLOBAL_UNIT_ASSIGNED_CONTEXT ( ( #637, #2091, #4778 ) ) REPRESENTATION_CONTEXT ( 'NONE', 'WORKASPACE' ) );
#6287 = EDGE_LOOP ( 'NONE', ( #5323, #2671, #5938, #8200 ) ) ;
#6288 = EDGE_CURVE ( 'NONE', #7603, #1708, #7621, .T. ) ;
#6289 = CARTESIAN_POINT ( 'NONE',  ( 0.3314147498562309280, -0.3872499748641630157, 0.01034899496702501413 ) ) ;
#6290 = CARTESIAN_POINT ( 'NONE',  ( -0.2997525635755278750, 0.6793421506005393740, 0.4904715093792311187 ) ) ;
#6291 = CARTESIAN_POINT ( 'NONE',  ( -0.3101931357639390319, 0.6854855282544964901, 0.5000000000000001110 ) ) ;
#6292 =( BOUNDED_SURFACE ( )  B_SPLINE_SURFACE ( 3, 2, ( 
 ( #7884, #4706, #607 ),
 ( #1271, #8059, #3956 ),
 ( #7391, #3305, #652 ),
 ( #2023, #6646, #2643 ) ),
 .UNSPECIFIED., .F., .F., .F. ) 
 B_SPLINE_SURFACE_WITH_KNOTS ( ( 4, 4 ),
 ( 3, 3 ),
 ( 0.01972895862017240085, 0.03210090281170673021 ),
 ( 0.000000000000000000, 1.000000000000000000 ),
 .UNSPECIFIED. ) 
 GEOMETRIC_REPRESENTATION_ITEM ( )  RATIONAL_B_SPLINE_SURFACE ( (
 ( 1.000000000000000000, 0.8248823227266866009, 1.000000000000000000),
 ( 1.000000000000000000, 0.8228396131304828165, 1.000000000000000000),
 ( 1.000000000000000000, 0.8207248281443625393, 1.000000000000000000),
 ( 1.000000000000000000, 0.8185296407512915318, 1.000000000000000000) ) ) 
 REPRESENTATION_ITEM ( '' )  SURFACE ( )  );
#6293 = CARTESIAN_POINT ( 'NONE',  ( 0.3860316643059743535, -0.1392606806979949097, 0.5000000000000000000 ) ) ;
#6294 = CARTESIAN_POINT ( 'NONE',  ( 0.7587324390033676202, -0.09009571008851083307, 0.4905280687624670732 ) ) ;
#6295 = AXIS2_PLACEMENT_3D ( 'NONE', #961, #6871, #2248 ) ;
#6296 = CARTESIAN_POINT ( 'NONE',  ( -0.7823973502098569011, 0.2204271540078733826, 0.009999999999999998473 ) ) ;
#6297 = CIRCLE ( 'NONE', #8417, 0.009999999999999995004 ) ;
#6298 = CARTESIAN_POINT ( 'NONE',  ( 0.3227597714111630212, 0.3922469289992507879, 0.000000000000000000 ) ) ;
#6299 = DIRECTION ( 'NONE',  ( -0.8660254037844423713, 0.4999999999999936717, 0.000000000000000000 ) ) ;
#6300 = EDGE_CURVE ( 'NONE', #4788, #6589, #2704, .T. ) ;
#6301 = CARTESIAN_POINT ( 'NONE',  ( 0.3099702516081880299, 0.2690063809352854496, 0.5000000000000001110 ) ) ;
#6302 = ADVANCED_FACE ( 'NONE', ( #6842 ), #4876, .T. ) ;
#6303 = TOROIDAL_SURFACE ( 'NONE', #1099, 0.9896446968620942197, 0.01000000000000000021 ) ;
#6304 = CARTESIAN_POINT ( 'NONE',  ( -0.2359642314807067764, 0.7953967343790981914, 0.4903829658246940948 ) ) ;
#6305 = DIRECTION ( 'NONE',  ( -0.3599622404978020107, 0.9329668726250694988, 2.897028206394488739E-15 ) ) ;
#6306 = DIRECTION ( 'NONE',  ( 1.000000000000000000, 0.000000000000000000, 0.000000000000000000 ) ) ;
#6307 = CARTESIAN_POINT ( 'NONE',  ( -0.4344296177870272113, 0.1057235071454220715, -0.000000000000000000 ) ) ;
#6308 = CARTESIAN_POINT ( 'NONE',  ( 0.3109215578521674628, 0.3855412473278102548, 0.4941086989442873834 ) ) ;
#6309 = CARTESIAN_POINT ( 'NONE',  ( -0.7744788562863690329, 0.1457503924551370733, 0.01057234243720703293 ) ) ;
#6310 = CARTESIAN_POINT ( 'NONE',  ( -0.5802297729404211069, 0.5772831005291793049, 0.1701881940113433300 ) ) ;
#6311 = CIRCLE ( 'NONE', #7714, 0.009999999999999967248 ) ;
#6312 = DIRECTION ( 'NONE',  ( 0.000000000000000000, 0.000000000000000000, 1.000000000000000000 ) ) ;
#6313 = FACE_OUTER_BOUND ( 'NONE', #1173, .T. ) ;
#6314 = CARTESIAN_POINT ( 'NONE',  ( 0.2190548206687555621, 0.7923063901846775225, -0.000000000000000000 ) ) ;
#6315 = CARTESIAN_POINT ( 'NONE',  ( 0.5328481748722972977, -0.6320379406215436147, 0.5000000000000000000 ) ) ;
#6316 = FACE_OUTER_BOUND ( 'NONE', #8577, .T. ) ;
#6317 = CARTESIAN_POINT ( 'NONE',  ( -0.3860316643059775732, -0.1392606806979861112, 0.5000000000000000000 ) ) ;
#6318 = DIRECTION ( 'NONE',  ( 1.000000000000000000, -1.182525838673188523E-14, 5.787961650533081544E-33 ) ) ;
#6319 = CARTESIAN_POINT ( 'NONE',  ( 0.09021097956088186542, 0.1562499999999989730, 0.4899999999999999911 ) ) ;
#6320 = ORIENTED_EDGE ( 'NONE', *, *, #4932, .F. ) ;
#6321 = ORIENTED_EDGE ( 'NONE', *, *, #1393, .F. ) ;
#6322 = VERTEX_POINT ( 'NONE', #1325 ) ;
#6323 = CARTESIAN_POINT ( 'NONE',  ( 0.5802297729406342697, -0.5772831005289612571, 0.1701881940113580127 ) ) ;
#6324 = CARTESIAN_POINT ( 'NONE',  ( -0.3341928238766633807, -0.2825664763833055648, -1.530578637913870079E-14 ) ) ;
#6325 = CYLINDRICAL_SURFACE ( 'NONE', #167, 0.009999999999999995004 ) ;
#6326 = CARTESIAN_POINT ( 'NONE',  ( 0.4482472228161312189, -0.09676093388325744671, 0.000000000000000000 ) ) ;
#6327 = CARTESIAN_POINT ( 'NONE',  ( -0.09598448225277239620, 0.1662499999999989542, 0.000000000000000000 ) ) ;
#6328 = CARTESIAN_POINT ( 'NONE',  ( -0.1204463556985698458, 0.4270599002518461473, 0.000000000000000000 ) ) ;
#6329 = ADVANCED_FACE ( 'NONE', ( #4009 ), #1553, .F. ) ;
#6330 = CARTESIAN_POINT ( 'NONE',  ( -0.1555429093765626769, 0.4349952237229463559, 0.4904130603301994906 ) ) ;
#6331 = ORIENTED_EDGE ( 'NONE', *, *, #8271, .T. ) ;
#6332 = ORIENTED_EDGE ( 'NONE', *, *, #1655, .F. ) ;
#6333 = EDGE_LOOP ( 'NONE', ( #1475, #2721, #5189, #8741 ) ) ;
#6334 = CARTESIAN_POINT ( 'NONE',  ( 0.000000000000000000, 0.000000000000000000, 0.01034899496702338870 ) ) ;
#6335 = FACE_OUTER_BOUND ( 'NONE', #1518, .T. ) ;
#6336 = DIRECTION ( 'NONE',  ( 1.000000000000000000, 0.000000000000000000, 0.000000000000000000 ) ) ;
#6337 = DIRECTION ( 'NONE',  ( 1.000000000000000000, 0.000000000000000000, 0.000000000000000000 ) ) ;
#6338 = FACE_OUTER_BOUND ( 'NONE', #3993, .T. ) ;
#6339 = CARTESIAN_POINT ( 'NONE',  ( 0.000000000000000000, -0.1662500000000009803, 0.01000000000000000021 ) ) ;
#6340 = ADVANCED_FACE ( 'NONE', ( #3697 ), #8360, .T. ) ;
#6341 = CARTESIAN_POINT ( 'NONE',  ( -0.4642891517536865686, 0.5977319123186169980, 0.000000000000000000 ) ) ;
#6342 = CARTESIAN_POINT ( 'NONE',  ( -0.4363053113932868765, -0.5791514801624806363, 0.000000000000000000 ) ) ;
#6343 = DIRECTION ( 'NONE',  ( 1.000000000000000000, 0.000000000000000000, 0.000000000000000000 ) ) ;
#6344 = DIRECTION ( 'NONE',  ( 0.000000000000000000, 0.000000000000000000, 1.000000000000000000 ) ) ;
#6345 = CARTESIAN_POINT ( 'NONE',  ( 0.3096117830753087885, -0.6771306360265706425, 0.5000000000000000000 ) ) ;
#6346 = DIRECTION ( 'NONE',  ( -1.365923996832132280E-14, -1.000000000000000000, 0.000000000000000000 ) ) ;
#6347 = CARTESIAN_POINT ( 'NONE',  ( -0.5010756907753638467, 0.08339469686209992350, 0.000000000000000000 ) ) ;
#6348 = CARTESIAN_POINT ( 'NONE',  ( 0.3275103301736749795, 0.2722987793495944553, 0.3318948753079444258 ) ) ;
#6349 = EDGE_CURVE ( 'NONE', #7399, #6273, #326, .T. ) ;
#6350 = CARTESIAN_POINT ( 'NONE',  ( -0.7820553603962432376, 0.2203308041911286319, -2.134256245050205639E-18 ) ) ;
#6351 = CARTESIAN_POINT ( 'NONE',  ( -0.5762723087050823922, 0.5970708763521579421, 0.4956723049532018033 ) ) ;
#6352 = CARTESIAN_POINT ( 'NONE',  ( 0.7771795423903703481, 0.1032585929140197728, 0.5000000000000000000 ) ) ;
#6353 = CARTESIAN_POINT ( 'NONE',  ( 0.2605015851798589965, -0.7432701530457127559, -3.229954716863506291E-15 ) ) ;
#6354 = CARTESIAN_POINT ( 'NONE',  ( -0.5892552948225884268, 0.5743422737582007942, 0.000000000000000000 ) ) ;
#6355 = CARTESIAN_POINT ( 'NONE',  ( 0.4933656356198421467, 0.08221391972233167700, 0.3303501167231955860 ) ) ;
#6356 = ADVANCED_FACE ( 'NONE', ( #6751 ), #4099, .T. ) ;
#6357 = CARTESIAN_POINT ( 'NONE',  ( -0.2147932039317654307, 0.7928149832342403780, 0.2547538490329981919 ) ) ;
#6358 = DIRECTION ( 'NONE',  ( -0.4999999999999900635, 0.8660254037844443697, 0.000000000000000000 ) ) ;
#6359 = CARTESIAN_POINT ( 'NONE',  ( -0.2626566283737007956, 0.7811253636698235470, 0.5000000000000001110 ) ) ;
#6360 = ORIENTED_EDGE ( 'NONE', *, *, #6237, .T. ) ;
#6361 = B_SPLINE_CURVE_WITH_KNOTS ( 'NONE', 3,
 ( #2095, #6065, #3384, #6803, #2754, #2714, #4651 ),
 .UNSPECIFIED., .F., .F.,
 ( 4, 3, 4 ),
 ( 0.0002455294063582034612, 0.006239355698587184876, 0.01245751125352316177 ),
 .UNSPECIFIED. ) ;
#6362 = DIRECTION ( 'NONE',  ( -0.8660254037844331565, 0.5000000000000096589, 0.000000000000000000 ) ) ;
#6363 = ORIENTED_EDGE ( 'NONE', *, *, #7630, .F. ) ;
#6364 = CARTESIAN_POINT ( 'NONE',  ( -0.1870151214018388186, -0.4571851470637459669, 0.5000000000000000000 ) ) ;
#6365 = CARTESIAN_POINT ( 'NONE',  ( -0.3186973293898121562, -0.3246300971779912392, 0.01042312828344338881 ) ) ;
#6366 = CARTESIAN_POINT ( 'NONE',  ( -0.3005142442967020933, 0.2828548426292465390, 0.5000000000000000000 ) ) ;
#6367 = CARTESIAN_POINT ( 'NONE',  ( 0.4791335614597331816, -0.08504065965630544510, 0.000000000000000000 ) ) ;
#6368 = DIRECTION ( 'NONE',  ( 0.5000000000001464384, -0.8660254037843543307, 0.000000000000000000 ) ) ;
#6369 = CARTESIAN_POINT ( 'NONE',  ( 0.6862088809542747914, -0.09375000000000802136, 0.000000000000000000 ) ) ;
#6370 = CARTESIAN_POINT ( 'NONE',  ( -0.1430459180091351590, 0.4261881843739068199, 0.4904246540408355171 ) ) ;
#6371 = CARTESIAN_POINT ( 'NONE',  ( -0.3212565770584285829, -0.2711286181930245842, 0.4903489949670250536 ) ) ;
#6372 = VERTEX_POINT ( 'NONE', #4208 ) ;
#6373 = VERTEX_POINT ( 'NONE', #71 ) ;
#6374 = EDGE_LOOP ( 'NONE', ( #4206, #2723, #3074, #2640 ) ) ;
#6375 = CARTESIAN_POINT ( 'NONE',  ( 0.4894415122910468208, 0.07628961525412049360, 0.5000000000000000000 ) ) ;
#6376 = PLANE ( 'NONE',  #1459 ) ;
#6377 = LINE ( 'NONE', #330, #244 ) ;
#6378 = CARTESIAN_POINT ( 'NONE',  ( 0.2708825144536697871, 0.6359716716399392844, 0.000000000000000000 ) ) ;
#6379 = CARTESIAN_POINT ( 'NONE',  ( 0.000000000000000000, 0.000000000000000000, 0.01000000000000000021 ) ) ;
#6380 = CARTESIAN_POINT ( 'NONE',  ( 0.5304802464178702825, -0.6060681306442273764, 0.000000000000000000 ) ) ;
#6381 = DIRECTION ( 'NONE',  ( 0.2755842502421684270, -0.9612769221293424593, 0.000000000000000000 ) ) ;
#6382 = CARTESIAN_POINT ( 'NONE',  ( 0.3314147498562395322, 0.3872499748641555772, 0.01034899496703638004 ) ) ;
#6383 = CARTESIAN_POINT ( 'NONE',  ( -0.3059373554238484783, 0.3766475306723663929, 0.4903741762202949994 ) ) ;
#6384 = AXIS2_PLACEMENT_3D ( 'NONE', #5330, #1363, #4573 ) ;
#6385 = CARTESIAN_POINT ( 'NONE',  ( 0.3338468905068147641, -0.2823786046564907837, 0.01037314797076037756 ) ) ;
#6386 = CARTESIAN_POINT ( 'NONE',  ( -0.4092332102460143894, -0.1011757916460695322, 0.5000000000000001110 ) ) ;
#6387 = ADVANCED_FACE ( 'NONE', ( #2776 ), #8154, .T. ) ;
#6388 = CARTESIAN_POINT ( 'NONE',  ( -0.2914544101626523886, 0.6580647447407833583, 0.4903829762264969583 ) ) ;
#6389 = CIRCLE ( 'NONE', #5974, 0.4203766357762463990 ) ;
#6390 = CARTESIAN_POINT ( 'NONE',  ( 0.6860753790835558696, -0.09348968238243145212, 0.007454521230928080021 ) ) ;
#6391 = CARTESIAN_POINT ( 'NONE',  ( 0.2684970084254845180, -0.7886781670335764050, 0.4999999999999999445 ) ) ;
#6392 = CARTESIAN_POINT ( 'NONE',  ( 0.3178168710125343632, 0.3861550169838348645, 0.3318948755274467310 ) ) ;
#6393 = CARTESIAN_POINT ( 'NONE',  ( -0.7864021344977578654, 0.1900995692390607950, 0.01047285127922292433 ) ) ;
#6394 = FACE_OUTER_BOUND ( 'NONE', #2270, .T. ) ;
#6395 =( BOUNDED_SURFACE ( )  B_SPLINE_SURFACE ( 3, 2, ( 
 ( #4934, #7124, #2869 ),
 ( #7171, #1085, #3122 ),
 ( #7616, #7660, #6510 ),
 ( #2295, #6257, #4477 ) ),
 .UNSPECIFIED., .F., .F., .F. ) 
 B_SPLINE_SURFACE_WITH_KNOTS ( ( 4, 4 ),
 ( 3, 3 ),
 ( 0.02928490207540813267, 0.04170594225001116734 ),
 ( 0.000000000000000000, 1.000000000000000000 ),
 .UNSPECIFIED. ) 
 GEOMETRIC_REPRESENTATION_ITEM ( )  RATIONAL_B_SPLINE_SURFACE ( (
 ( 1.000000000000000000, 0.6163818357170527396, 1.000000000000000000),
 ( 1.000000000000000000, 0.6124652104007412001, 1.000000000000000000),
 ( 1.000000000000000000, 0.6084201088897306375, 1.000000000000000000),
 ( 1.000000000000000000, 0.6042316834830049332, 1.000000000000000000) ) ) 
 REPRESENTATION_ITEM ( '' )  SURFACE ( )  );
#6396 = AXIS2_PLACEMENT_3D ( 'NONE', #6755, #4766, #1536 ) ;
#6397 = DIRECTION ( 'NONE',  ( -0.000000000000000000, -0.000000000000000000, -1.000000000000000000 ) ) ;
#6398 = ADVANCED_FACE ( 'NONE', ( #1695 ), #614, .T. ) ;
#6399 = CARTESIAN_POINT ( 'NONE',  ( 0.7652546931778992922, 0.09363697150131869429, 0.5000000000000000000 ) ) ;
#6400 = CARTESIAN_POINT ( 'NONE',  ( -0.7589791432736912036, 0.08965874625055422764, 0.5000000000000000000 ) ) ;
#6401 = CARTESIAN_POINT ( 'NONE',  ( 0.5003463524849620647, -0.6254442083906115446, 0.4999999999999999445 ) ) ;
#6402 = CARTESIAN_POINT ( 'NONE',  ( 0.2875621479305440764, -0.3370238104561218972, 0.5000000000000000000 ) ) ;
#6403 = VECTOR ( 'NONE', #4484, 39.37007874015748854 ) ;
#6404 = CARTESIAN_POINT ( 'NONE',  ( -0.2194264133195221178, 0.7944009220294925289, 0.3332838527124466488 ) ) ;
#6405 = CARTESIAN_POINT ( 'NONE',  ( 0.1783159193642008256, -0.4756416258613509473, 0.000000000000000000 ) ) ;
#6406 = CARTESIAN_POINT ( 'NONE',  ( -0.2991610202555825548, 0.7246732593147616752, 0.5000000000000000000 ) ) ;
#6407 = ORIENTED_EDGE ( 'NONE', *, *, #4285, .F. ) ;
#6408 = CARTESIAN_POINT ( 'NONE',  ( -0.2622275360085929985, -0.6409686257750349947, 0.01034899496702500893 ) ) ;
#6409 = ORIENTED_EDGE ( 'NONE', *, *, #8014, .F. ) ;
#6410 = DIRECTION ( 'NONE',  ( 0.000000000000000000, 0.000000000000000000, 1.000000000000000000 ) ) ;
#6411 = CARTESIAN_POINT ( 'NONE',  ( -0.3254689045660250080, -0.2768480404634534597, 0.000000000000000000 ) ) ;
#6412 = CARTESIAN_POINT ( 'NONE',  ( -0.3212565770584233649, 0.2711286181930320782, 0.4903489949670249426 ) ) ;
#6413 = CARTESIAN_POINT ( 'NONE',  ( 0.4899668708880356438, -0.08339469710278192560, 0.000000000000000000 ) ) ;
#6414 = DIRECTION ( 'NONE',  ( 0.000000000000000000, -0.03489949670250104552, -0.9993908270190957621 ) ) ;
#6415 = CARTESIAN_POINT ( 'NONE',  ( 0.7857155906284210012, -0.2054037258606122296, 0.01041646868185578008 ) ) ;
#6416 = CARTESIAN_POINT ( 'NONE',  ( 0.4276474307961139476, -0.09732802453561115175, 0.4999999999999999445 ) ) ;
#6417 = ORIENTED_EDGE ( 'NONE', *, *, #483, .T. ) ;
#6418 = ORIENTED_EDGE ( 'NONE', *, *, #8216, .T. ) ;
#6419 = EDGE_LOOP ( 'NONE', ( #1933, #5161, #8358, #2930, #4562, #5723 ) ) ;
#6420 = AXIS2_PLACEMENT_3D ( 'NONE', #6095, #35, #2743 ) ;
#6421 = CARTESIAN_POINT ( 'NONE',  ( 0.1170533829099081463, -0.4364705312278728266, 0.01042152944120965791 ) ) ;
#6422 = LINE ( 'NONE', #6902, #617 ) ;
#6423 = CARTESIAN_POINT ( 'NONE',  ( -0.2808124464266624765, 0.7775992033542511450, 0.5000000000000000000 ) ) ;
#6424 = DIRECTION ( 'NONE',  ( -0.000000000000000000, -0.000000000000000000, -1.000000000000000000 ) ) ;
#6425 = CARTESIAN_POINT ( 'NONE',  ( -0.7629019704460465734, -0.1140695685401351689, 0.000000000000000000 ) ) ;
#6426 = CARTESIAN_POINT ( 'NONE',  ( 0.000000000000000000, 0.000000000000000000, 0.4899999999999999911 ) ) ;
#6427 = CARTESIAN_POINT ( 'NONE',  ( -0.3246594212160328063, -0.3867241243088863079, 0.1703500779047203151 ) ) ;
#6428 = AXIS2_PLACEMENT_3D ( 'NONE', #1970, #5257, #8714 ) ;
#6429 = ORIENTED_EDGE ( 'NONE', *, *, #339, .F. ) ;
#6430 = CARTESIAN_POINT ( 'NONE',  ( 0.3193718623871745210, -0.3543993427985466238, 0.01041051843159003683 ) ) ;
#6431 = CARTESIAN_POINT ( 'NONE',  ( 0.08781626026986458222, -0.4306910686781023623, -2.971938149684573541E-16 ) ) ;
#6432 = CARTESIAN_POINT ( 'NONE',  ( 0.4686548886718363005, 0.5887097263603879860, 0.01055220344049790336 ) ) ;
#6433 = AXIS2_PLACEMENT_3D ( 'NONE', #7627, #8211, #6107 ) ;
#6434 = CARTESIAN_POINT ( 'NONE',  ( -0.3107895010005343184, -0.3857239756836402522, 0.5000000000000000000 ) ) ;
#6435 = CARTESIAN_POINT ( 'NONE',  ( 0.2975668354560020989, 0.3369754910905288225, 0.4904246540408356281 ) ) ;
#6436 = CARTESIAN_POINT ( 'NONE',  ( -0.1024948287923462265, -0.4324338210650522929, 0.01041038476224035760 ) ) ;
#6437 = CARTESIAN_POINT ( 'NONE',  ( -0.7705923763323863085, 0.1391620648357885515, 0.01057740847479218815 ) ) ;
#6438 = CYLINDRICAL_SURFACE ( 'NONE', #5018, 0.009999999999999998473 ) ;
#6439 = ADVANCED_FACE ( 'NONE', ( #7116 ), #3582, .F. ) ;
#6440 = AXIS2_PLACEMENT_3D ( 'NONE', #1699, #182, #4198 ) ;
#6441 = CARTESIAN_POINT ( 'NONE',  ( 0.7246195482984484348, 0.06757899394693990536, 0.5000000000000001110 ) ) ;
#6442 = CARTESIAN_POINT ( 'NONE',  ( -0.8078027226652583215, 0.1630953691909137193, 0.4999999999999999445 ) ) ;
#6443 = CARTESIAN_POINT ( 'NONE',  ( -0.3324124951561729380, -0.2682434064827275977, 0.009999999999999998473 ) ) ;
#6444 = CIRCLE ( 'NONE', #4898, 0.01000000000000001929 ) ;
#6445 = DIRECTION ( 'NONE',  ( -0.6946981095146746998, 0.7193014226572451708, 0.000000000000000000 ) ) ;
#6446 =( BOUNDED_SURFACE ( )  B_SPLINE_SURFACE ( 3, 2, ( 
 ( #5147, #7130, #383 ),
 ( #7746, #8460, #8644 ),
 ( #1813, #2607, #7836 ),
 ( #4485, #3783, #6474 ),
 ( #3178, #1716, #2518 ),
 ( #4390, #7080, #5198 ),
 ( #1280, #3478, #6788 ),
 ( #3437, #2650, #3359 ),
 ( #2732, #8692, #4670 ),
 ( #5334, #5288, #4714 ),
 ( #3963, #7351, #1947 ),
 ( #2773, #113, #1323 ),
 ( #661, #3401, #8152 ),
 ( #4054, #2111, #68 ),
 ( #6702, #8025, #5414 ),
 ( #6165, #4006, #6749 ) ),
 .UNSPECIFIED., .F., .F., .T. ) 
 B_SPLINE_SURFACE_WITH_KNOTS ( ( 4, 2, 2, 2, 2, 2, 2, 4 ),
 ( 3, 3 ),
 ( -2.125036258071588691E-17, 0.0006407458898095671389, 0.001281491779619155528, 0.001922237669428744026, 0.002562983559238332307, 0.003203729449047920588, 0.003844475338857508868, 0.005125967118476685430 ),
 ( 0.000000000000000000, 1.000000000000000000 ),
 .UNSPECIFIED. ) 
 GEOMETRIC_REPRESENTATION_ITEM ( )  RATIONAL_B_SPLINE_SURFACE ( (
 ( 1.000000000000000000, 0.6946583704589972541, 1.000000000000000000),
 ( 1.000000000000000000, 0.6933767352690276553, 1.000000000000000000),
 ( 1.000000000000000000, 0.6922265565842768975, 1.000000000000000000),
 ( 1.000000000000000000, 0.6901872757727816055, 1.000000000000000000),
 ( 1.000000000000000000, 0.6892945585908093475, 1.000000000000000000),
 ( 1.000000000000000000, 0.6878675034584259551, 1.000000000000000000),
 ( 1.000000000000000000, 0.6873171547182362895, 1.000000000000000000),
 ( 1.000000000000000000, 0.6865733876658336454, 1.000000000000000000),
 ( 1.000000000000000000, 0.6863887938874456696, 1.000000000000000000),
 ( 1.000000000000000000, 0.6863856629338805915, 1.000000000000000000),
 ( 1.000000000000000000, 0.6865740075848412172, 1.000000000000000000),
 ( 1.000000000000000000, 0.6873061741182893147, 1.000000000000000000),
 ( 1.000000000000000000, 0.6878546578927287047, 1.000000000000000000),
 ( 1.000000000000000000, 0.6900093297037557249, 1.000000000000000000),
 ( 1.000000000000000000, 0.6920776673055408779, 1.000000000000000000),
 ( 1.000000000000000000, 0.6946583704589974761, 1.000000000000000000) ) ) 
 REPRESENTATION_ITEM ( '' )  SURFACE ( )  );
#6447 = ADVANCED_FACE ( 'NONE', ( #3533 ), #3084, .T. ) ;
#6448 = CARTESIAN_POINT ( 'NONE',  ( 0.1256555659283922488, -0.4290888387326405318, -0.000000000000000000 ) ) ;
#6449 = CARTESIAN_POINT ( 'NONE',  ( -0.2561046907840082709, 0.7852159270056217055, 0.4904669302481988180 ) ) ;
#6450 = EDGE_LOOP ( 'NONE', ( #4278, #5218, #6495, #7972 ) ) ;
#6451 = CIRCLE ( 'NONE', #3503, 0.4103827275060554780 ) ;
#6452 = DIRECTION ( 'NONE',  ( 0.4999999999999916178, -0.8660254037844435926, 3.414809992080270746E-15 ) ) ;
#6453 = ORIENTED_EDGE ( 'NONE', *, *, #483, .F. ) ;
#6454 = CARTESIAN_POINT ( 'NONE',  ( 0.000000000000000000, 0.000000000000000000, 0.01000000000000000021 ) ) ;
#6455 = CARTESIAN_POINT ( 'NONE',  ( -0.4856154528637878220, -0.6228339585290292302, 0.4905663007568339395 ) ) ;
#6456 = CARTESIAN_POINT ( 'NONE',  ( 0.3246594212160240356, -0.3867241243088939129, 0.1703500779047158464 ) ) ;
#6457 = CARTESIAN_POINT ( 'NONE',  ( 0.7608862333023250768, -0.1273345318158821682, 1.067128122525102974E-17 ) ) ;
#6458 = ADVANCED_FACE ( 'NONE', ( #8297 ), #4138, .T. ) ;
#6459 = EDGE_CURVE ( 'NONE', #6230, #7678, #5310, .T. ) ;
#6460 = CARTESIAN_POINT ( 'NONE',  ( 0.4131859412403404708, -0.1117606642407105028, 0.4904132062386840074 ) ) ;
#6461 = ORIENTED_EDGE ( 'NONE', *, *, #2692, .F. ) ;
#6462 = CARTESIAN_POINT ( 'NONE',  ( 0.1295351736500598150, -0.4190175512003934677, 0.4999999999999999445 ) ) ;
#6463 = VERTEX_POINT ( 'NONE', #544 ) ;
#6464 = B_SPLINE_CURVE_WITH_KNOTS ( 'NONE', 3,
 ( #3460, #6304, #6802, #7615, #6955, #1582, #4260, #253, #2957, #5634, #2294, #4975, #5065, #8424, #6388, #1145 ),
 .UNSPECIFIED., .F., .F.,
 ( 4, 2, 2, 2, 2, 2, 2, 4 ),
 ( 2.642252078890984739E-17, 0.0005730326345398822387, 0.001146065269079738023, 0.002292130538159458698, 0.002865163172699313615, 0.003438195807239168966, 0.004011228441779024316, 0.004584261076318879233 ),
 .UNSPECIFIED. ) ;
#6465 = ORIENTED_EDGE ( 'NONE', *, *, #4992, .T. ) ;
#6466 = DIRECTION ( 'NONE',  ( -0.9691633370640090339, -0.2464192080397836493, -0.000000000000000000 ) ) ;
#6467 = CARTESIAN_POINT ( 'NONE',  ( 0.3198150373131642965, 0.3544593643218598711, 0.000000000000000000 ) ) ;
#6468 = DIRECTION ( 'NONE',  ( 0.000000000000000000, 0.000000000000000000, 1.000000000000000000 ) ) ;
#6469 = DIRECTION ( 'NONE',  ( -0.4999999999999903411, 0.8660254037844441477, 0.000000000000000000 ) ) ;
#6470 = CARTESIAN_POINT ( 'NONE',  ( -0.2982491244699378985, -0.2882566235663538978, 0.5000000000000001110 ) ) ;
#6471 = CARTESIAN_POINT ( 'NONE',  ( -0.7276087391426722117, -0.09112792081858259174, 0.000000000000000000 ) ) ;
#6472 = CARTESIAN_POINT ( 'NONE',  ( -0.7450540115717382283, -0.08342679247734294257, 0.4904903611685594300 ) ) ;
#6473 = CARTESIAN_POINT ( 'NONE',  ( 0.09598448225277814161, 0.1662499999999989819, 0.000000000000000000 ) ) ;
#6474 = CARTESIAN_POINT ( 'NONE',  ( -0.5625632016094808119, -0.5948250175530644945, 0.000000000000000000 ) ) ;
#6475 = EDGE_CURVE ( 'NONE', #8230, #1160, #8696, .T. ) ;
#6476 = CARTESIAN_POINT ( 'NONE',  ( 0.3324124951561729935, 0.2682434064827274867, 0.009999999999999998473 ) ) ;
#6477 = ORIENTED_EDGE ( 'NONE', *, *, #3931, .T. ) ;
#6478 = CARTESIAN_POINT ( 'NONE',  ( -0.2708825144536557428, 0.6359716716399460568, 0.000000000000000000 ) ) ;
#6479 = DIRECTION ( 'NONE',  ( 1.000000000000000000, 0.000000000000000000, 0.000000000000000000 ) ) ;
#6480 = B_SPLINE_CURVE_WITH_KNOTS ( 'NONE', 3,
 ( #7310, #2729, #1364, #5949, #8023, #3961, #6042, #8690, #4051, #1226, #3918, #8641 ),
 .UNSPECIFIED., .F., .F.,
 ( 4, 2, 2, 2, 2, 4 ),
 ( 0.000000000000000000, 0.0007662348527962450483, 0.001149352279194367681, 0.001532469705592490097, 0.002298704558388730591, 0.003064939411184971520 ),
 .UNSPECIFIED. ) ;
#6481 = CARTESIAN_POINT ( 'NONE',  ( 0.5707440684721489799, 0.5777466806497757457, 0.01041646126645639353 ) ) ;
#6482 = DIRECTION ( 'NONE',  ( -0.7193014226572767011, 0.6946981095146422813, 0.000000000000000000 ) ) ;
#6483 = CARTESIAN_POINT ( 'NONE',  ( 0.3014129559692607652, 0.3066492814768804198, 0.5000000000000048850 ) ) ;
#6484 = CARTESIAN_POINT ( 'NONE',  ( -0.06770180884173400415, -0.4322299331137999800, 7.043045608665678148E-17 ) ) ;
#6485 = CARTESIAN_POINT ( 'NONE',  ( -0.3363817180302286491, 0.2738668715991732228, 0.1069530981035216877 ) ) ;
#6486 = VERTEX_POINT ( 'NONE', #5302 ) ;
#6487 = DIRECTION ( 'NONE',  ( -0.9625296743338233041, 0.2711763743891123513, 0.000000000000000000 ) ) ;
#6488 = CARTESIAN_POINT ( 'NONE',  ( -0.1277228225436186082, -0.4080967359449623189, 0.5000000000000001110 ) ) ;
#6489 = CARTESIAN_POINT ( 'NONE',  ( -0.8166960999852723724, 0.1950257505367805344, 0.5000000000000002220 ) ) ;
#6490 = DIRECTION ( 'NONE',  ( 0.6449659546191879311, 0.7642113041444492660, -2.609636397453196683E-15 ) ) ;
#6491 = CARTESIAN_POINT ( 'NONE',  ( -0.3079360258098387537, 0.3341310172594768035, 0.000000000000000000 ) ) ;
#6492 = CARTESIAN_POINT ( 'NONE',  ( -0.1804219591217551821, -1.045321728494220803E-15, 0.01000000000000002970 ) ) ;
#6493 = B_SPLINE_CURVE_WITH_KNOTS ( 'NONE', 3,
 ( #6550, #1213, #2720, #3210, #601, #4699, #7967, #7920, #4611, #6596, #3255, #5402 ),
 .UNSPECIFIED., .F., .F.,
 ( 4, 2, 2, 2, 2, 4 ),
 ( 9.107298248878237246E-18, 0.0007662348534834783047, 0.001149352280225213662, 0.001532469706966948803, 0.002298704560450421687, 0.003064939413933894137 ),
 .UNSPECIFIED. ) ;
#6494 = FACE_OUTER_BOUND ( 'NONE', #1117, .T. ) ;
#6495 = ORIENTED_EDGE ( 'NONE', *, *, #840, .F. ) ;
#6496 = CARTESIAN_POINT ( 'NONE',  ( -0.7015674070083262048, -0.09427454667392984322, 0.01041648123579024150 ) ) ;
#6497 = ORIENTED_EDGE ( 'NONE', *, *, #3940, .T. ) ;
#6498 = CARTESIAN_POINT ( 'NONE',  ( 0.1732176699629678351, -0.4532733180056756073, 0.4903741761330090432 ) ) ;
#6499 = EDGE_CURVE ( 'NONE', #1698, #44, #5114, .T. ) ;
#6500 = DIRECTION ( 'NONE',  ( 0.000000000000000000, 0.000000000000000000, 1.000000000000000000 ) ) ;
#6501 = CARTESIAN_POINT ( 'NONE',  ( -0.3860316643059744091, 0.1392606806979947986, 0.4899999999999999911 ) ) ;
#6502 = CARTESIAN_POINT ( 'NONE',  ( 0.2876392800874755795, 0.6514591189165185314, 0.4903489949670250536 ) ) ;
#6503 = CARTESIAN_POINT ( 'NONE',  ( 0.7705923763323774267, -0.1391620648357773382, 0.01057740847479177008 ) ) ;
#6504 = CARTESIAN_POINT ( 'NONE',  ( -0.07417598251892587591, -0.4137806659619404637, 0.4903489949670249426 ) ) ;
#6505 = ORIENTED_EDGE ( 'NONE', *, *, #3821, .F. ) ;
#6506 = VERTEX_POINT ( 'NONE', #3283 ) ;
#6507 = ORIENTED_EDGE ( 'NONE', *, *, #801, .T. ) ;
#6508 = VERTEX_POINT ( 'NONE', #2622 ) ;
#6509 = CARTESIAN_POINT ( 'NONE',  ( 0.4791998394664137573, 0.07626545601224075932, 0.5000000000000388578 ) ) ;
#6510 = CARTESIAN_POINT ( 'NONE',  ( -0.2098269437635602863, -0.7911352736630568039, 0.1701881940113396940 ) ) ;
#6511 = EDGE_CURVE ( 'NONE', #3227, #4417, #6534, .T. ) ;
#6512 = CARTESIAN_POINT ( 'NONE',  ( -0.2695366043697716707, 0.7488535778589525682, 0.000000000000000000 ) ) ;
#6513 = CARTESIAN_POINT ( 'NONE',  ( -0.4237247760751818304, 0.08220388022832615660, 0.3306376102141717621 ) ) ;
#6514 = CARTESIAN_POINT ( 'NONE',  ( -0.7920226469531997937, -0.2231389177517490718, 0.000000000000000000 ) ) ;
#6515 = CARTESIAN_POINT ( 'NONE',  ( 0.8077930889082723942, -0.1858782505161682697, 0.4904132994323607275 ) ) ;
#6516 = CARTESIAN_POINT ( 'NONE',  ( -0.7836888455300984324, -0.09636485505226285997, 0.5000000000000000000 ) ) ;
#6517 = CARTESIAN_POINT ( 'NONE',  ( -0.6935818778674379681, -0.08780689728168049324, 0.1701881947279540730 ) ) ;
#6518 = CARTESIAN_POINT ( 'NONE',  ( 0.3179354803411513219, -0.3344171560949011357, 0.01042312753682563160 ) ) ;
#6519 = FACE_OUTER_BOUND ( 'NONE', #865, .T. ) ;
#6520 = ORIENTED_EDGE ( 'NONE', *, *, #4894, .T. ) ;
#6521 = DIRECTION ( 'NONE',  ( 0.9879541328315395443, 0.1547469916382248623, -3.500706382713676369E-14 ) ) ;
#6522 = CARTESIAN_POINT ( 'NONE',  ( 0.06609935683363148129, -0.4219993685819812268, 0.000000000000000000 ) ) ;
#6523 = CARTESIAN_POINT ( 'NONE',  ( -0.4117055280199305445, -0.5798294372753648451, 0.5000000000000000000 ) ) ;
#6524 = EDGE_CURVE ( 'NONE', #2663, #2471, #137, .T. ) ;
#6525 = CARTESIAN_POINT ( 'NONE',  ( 0.2708825144536545215, -0.6359716716399448355, 0.000000000000000000 ) ) ;
#6526 = CARTESIAN_POINT ( 'NONE',  ( -0.3030073953000318454, -0.3018139713076395947, 0.5000000000000000000 ) ) ;
#6527 = CARTESIAN_POINT ( 'NONE',  ( 0.3003944435645953259, 0.2830920438584671461, 0.5000000000000000000 ) ) ;
#6528 = AXIS2_PLACEMENT_3D ( 'NONE', #8457, #1089, #3873 ) ;
#6529 = CARTESIAN_POINT ( 'NONE',  ( 0.3136191193857579829, -0.2646828876051700585, 0.4899999999999999911 ) ) ;
#6530 = CARTESIAN_POINT ( 'NONE',  ( 0.4893492933187068017, -0.07649534402030486180, 0.4941086989442872168 ) ) ;
#6531 = CARTESIAN_POINT ( 'NONE',  ( -0.7830180512368808410, 0.1672532488020951336, 0.01053677046980053093 ) ) ;
#6532 = ORIENTED_EDGE ( 'NONE', *, *, #5920, .T. ) ;
#6533 = CIRCLE ( 'NONE', #8508, 0.01000000000000000368 ) ;
#6534 = LINE ( 'NONE', #7999, #42 ) ;
#6535 = CARTESIAN_POINT ( 'NONE',  ( -0.7247837960093682641, 0.06760364911938120114, 0.5000000000000001110 ) ) ;
#6536 = CARTESIAN_POINT ( 'NONE',  ( 0.1696082419455618440, 0.4807488141488451827, 0.007463728475605217738 ) ) ;
#6537 = CARTESIAN_POINT ( 'NONE',  ( -0.1096688404735282202, -0.4136832431290219381, 0.4904130639807626202 ) ) ;
#6538 = CIRCLE ( 'NONE', #2044, 0.01000000000000001929 ) ;
#6539 = CARTESIAN_POINT ( 'NONE',  ( 0.4117055280199307110, 0.5798294372753647341, 0.5000000000000000000 ) ) ;
#6540 = VERTEX_POINT ( 'NONE', #4498 ) ;
#6541 = CARTESIAN_POINT ( 'NONE',  ( -0.2702244580981360000, -0.7224458818257157855, 3.657778322305338271E-15 ) ) ;
#6542 = ORIENTED_EDGE ( 'NONE', *, *, #372, .F. ) ;
#6543 = TOROIDAL_SURFACE ( 'NONE', #3458, 0.4103827275060554780, 0.01000000000000000021 ) ;
#6544 = CARTESIAN_POINT ( 'NONE',  ( -0.7964098963697745504, -0.1895670172407472043, 0.000000000000000000 ) ) ;
#6545 = CARTESIAN_POINT ( 'NONE',  ( 0.1669873790022556870, 0.4449437714401492938, 0.5000000000000096589 ) ) ;
#6546 = CARTESIAN_POINT ( 'NONE',  ( 0.1245851459105968978, 0.4171839126212099069, 0.4904263084148325347 ) ) ;
#6547 = CARTESIAN_POINT ( 'NONE',  ( -0.1783159193642117335, -0.4756416258613468950, 0.000000000000000000 ) ) ;
#6548 = CARTESIAN_POINT ( 'NONE',  ( -0.1256555659283924986, 0.4290888387326404207, -0.000000000000000000 ) ) ;
#6549 = CARTESIAN_POINT ( 'NONE',  ( 0.7555218012749842504, -0.1217167437481808667, -1.493979371535144102E-17 ) ) ;
#6550 = CARTESIAN_POINT ( 'NONE',  ( -0.06764588407315169638, 0.4318728915606556695, 0.01034899496702451106 ) ) ;
#6551 = EDGE_CURVE ( 'NONE', #7302, #6928, #6115, .T. ) ;
#6552 = EDGE_LOOP ( 'NONE', ( #8214, #5092, #4840, #4790 ) ) ;
#6553 = CARTESIAN_POINT ( 'NONE',  ( 0.1293815899327132035, -0.4193967187955134346, 0.4904263678543375748 ) ) ;
#6554 = ORIENTED_EDGE ( 'NONE', *, *, #3282, .F. ) ;
#6555 = ORIENTED_EDGE ( 'NONE', *, *, #5446, .F. ) ;
#6556 = EDGE_LOOP ( 'NONE', ( #5564, #2093, #7593, #3521 ) ) ;
#6557 = FACE_OUTER_BOUND ( 'NONE', #1618, .T. ) ;
#6558 = CARTESIAN_POINT ( 'NONE',  ( 0.7926886823693335415, -0.1646502220701051566, -0.000000000000000000 ) ) ;
#6559 = DIRECTION ( 'NONE',  ( 1.000000000000000000, 0.000000000000000000, 0.000000000000000000 ) ) ;
#6560 = CARTESIAN_POINT ( 'NONE',  ( -0.4544883689572459806, 0.08279350096282989124, 0.4904130603301992686 ) ) ;
#6561 = CARTESIAN_POINT ( 'NONE',  ( -0.2003046611694409562, 0.7877954620204932201, 0.01034899496702894328 ) ) ;
#6562 = CARTESIAN_POINT ( 'NONE',  ( -0.1725832052997812727, -0.4745253685054763304, 0.1703500779047158464 ) ) ;
#6563 = ADVANCED_FACE ( 'NONE', ( #3193 ), #8568, .T. ) ;
#6564 = ORIENTED_EDGE ( 'NONE', *, *, #6840, .F. ) ;
#6565 = CARTESIAN_POINT ( 'NONE',  ( -0.5832805319173838265, -0.6039378985925165644, 0.5000000000000000000 ) ) ;
#6566 = CIRCLE ( 'NONE', #8536, 0.009999999999999995004 ) ;
#6567 = CARTESIAN_POINT ( 'NONE',  ( 0.08829856164948847452, -0.4202499145959361360, 0.000000000000000000 ) ) ;
#6568 = CARTESIAN_POINT ( 'NONE',  ( 0.4829977935914628318, 0.5940251149898888583, 0.01057232438201181207 ) ) ;
#6569 = DIRECTION ( 'NONE',  ( 0.9702823597567982183, 0.2419754994721144414, 0.000000000000000000 ) ) ;
#6570 = CARTESIAN_POINT ( 'NONE',  ( -0.3024263908892104169, -0.3905524195576757229, 0.5000000000000000000 ) ) ;
#6571 = CARTESIAN_POINT ( 'NONE',  ( 0.4356522555005050146, 0.08052422004660884924, 0.5000000000000000000 ) ) ;
#6572 = AXIS2_PLACEMENT_3D ( 'NONE', #4322, #7104, #6358 ) ;
#6573 = CARTESIAN_POINT ( 'NONE',  ( -0.8049689155484073266, 0.2007485279317385574, 0.4903489949670249426 ) ) ;
#6574 = CARTESIAN_POINT ( 'NONE',  ( -0.4631592938801627479, -0.08999251665780597098, 0.000000000000000000 ) ) ;
#6575 = CARTESIAN_POINT ( 'NONE',  ( 0.2989242229975545562, -0.3520646720134791297, 0.4904132021346770398 ) ) ;
#6576 = EDGE_CURVE ( 'NONE', #7747, #4170, #8653, .T. ) ;
#6577 = ORIENTED_EDGE ( 'NONE', *, *, #851, .T. ) ;
#6578 = CIRCLE ( 'NONE', #676, 0.009999999999999937758 ) ;
#6579 = CARTESIAN_POINT ( 'NONE',  ( 0.8137850002568264296, 0.1454410854842503598, 0.4999999999999999445 ) ) ;
#6580 = CARTESIAN_POINT ( 'NONE',  ( 0.1098053962438931136, -0.4137098537210745497, 0.4904132062386842850 ) ) ;
#6581 = CARTESIAN_POINT ( 'NONE',  ( -0.8180704370084792565, 0.1702442331649547114, 0.5000000000000000000 ) ) ;
#6582 = CARTESIAN_POINT ( 'NONE',  ( -0.2886378205896895643, 0.3201621545834849036, 0.5000000000000001110 ) ) ;
#6583 = CARTESIAN_POINT ( 'NONE',  ( 0.1784277356239189760, 0.4620365910092956718, 0.4941087076981939274 ) ) ;
#6584 = VECTOR ( 'NONE', #4436, 39.37007874015748143 ) ;
#6585 = CIRCLE ( 'NONE', #1379, 0.009999999999999996739 ) ;
#6586 = SURFACE_SIDE_STYLE ('',( #6766 ) ) ;
#6587 = CARTESIAN_POINT ( 'NONE',  ( -0.5892552948225923126, -0.5743422737581784787, 0.01000000000000000021 ) ) ;
#6588 = CARTESIAN_POINT ( 'NONE',  ( 0.2429212574961145121, -0.7925084612541564155, 0.4904132994323615047 ) ) ;
#6589 = VERTEX_POINT ( 'NONE', #1294 ) ;
#6590 = CONICAL_SURFACE ( 'NONE', #2665, 0.8125000000000000000, 0.03490658503988666728 ) ;
#6591 = CARTESIAN_POINT ( 'NONE',  ( -0.7926542558734405164, -0.1645023110685296941, 0.000000000000000000 ) ) ;
#6592 = DIRECTION ( 'NONE',  ( 1.000000000000000000, 0.000000000000000000, -0.000000000000000000 ) ) ;
#6593 = CARTESIAN_POINT ( 'NONE',  ( -0.06636061318876720905, -0.03831331788812234601, 0.4903489949670248871 ) ) ;
#6594 = CARTESIAN_POINT ( 'NONE',  ( 0.7441650228189997662, -0.1115121760173841681, 0.01055220344049790336 ) ) ;
#6595 = AXIS2_PLACEMENT_3D ( 'NONE', #6758, #2080, #717 ) ;
#6596 = CARTESIAN_POINT ( 'NONE',  ( -0.1583925183045473417, 0.4641105707610320708, 0.01039148047315507570 ) ) ;
#6597 = EDGE_LOOP ( 'NONE', ( #551, #6111, #2196, #4824 ) ) ;
#6598 = ORIENTED_EDGE ( 'NONE', *, *, #1337, .T. ) ;
#6599 = VERTEX_POINT ( 'NONE', #6715 ) ;
#6600 = ORIENTED_EDGE ( 'NONE', *, *, #1588, .T. ) ;
#6601 = CARTESIAN_POINT ( 'NONE',  ( -0.3314147498562310390, 0.3872499748641627382, 0.01034899496702501413 ) ) ;
#6602 = CARTESIAN_POINT ( 'NONE',  ( -0.4532584365806223703, 0.1059238175047227531, 0.000000000000000000 ) ) ;
#6603 = DIRECTION ( 'NONE',  ( 1.000000000000000000, 0.000000000000000000, 0.000000000000000000 ) ) ;
#6604 = CARTESIAN_POINT ( 'NONE',  ( -0.5363545879465340116, -0.5944868995918759502, 0.01053677046980052920 ) ) ;
#6605 = ADVANCED_FACE ( 'NONE', ( #7491 ), #3412, .T. ) ;
#6606 = CARTESIAN_POINT ( 'NONE',  ( -0.4360931401025168186, -0.09189561971576493127, 0.4904263670073868986 ) ) ;
#6607 = DIRECTION ( 'NONE',  ( -1.000000000000000000, 1.178029542708651597E-14, 0.000000000000000000 ) ) ;
#6608 = CARTESIAN_POINT ( 'NONE',  ( -0.7636442179270355179, -0.08137434103632681937, 0.5000000000000000000 ) ) ;
#6609 = CARTESIAN_POINT ( 'NONE',  ( 0.4488844868407694255, -0.5766656365471590773, 0.01049749389316012062 ) ) ;
#6610 = DIRECTION ( 'NONE',  ( -1.000000000000000000, 1.133066583063283756E-14, 0.000000000000000000 ) ) ;
#6611 = ORIENTED_EDGE ( 'NONE', *, *, #7321, .T. ) ;
#6612 = CARTESIAN_POINT ( 'NONE',  ( 0.3079182124026359491, -0.3397213790690068458, 0.000000000000000000 ) ) ;
#6613 = CARTESIAN_POINT ( 'NONE',  ( 0.3010005206762778607, -0.7096822284705762707, 0.4905422711844488748 ) ) ;
#6614 = CARTESIAN_POINT ( 'NONE',  ( 0.1657364585360646403, 0.4572671204771454612, 0.000000000000000000 ) ) ;
#6615 = CARTESIAN_POINT ( 'NONE',  ( 0.7863031439663773492, -0.2170769943968790250, 0.09181531335406450944 ) ) ;
#6616 = CARTESIAN_POINT ( 'NONE',  ( 0.3005142442967116967, -0.2828548426292468165, 0.5000000000000000000 ) ) ;
#6617 = ADVANCED_FACE ( 'NONE', ( #3979 ), #2789, .T. ) ;
#6618 = DIMENSIONAL_EXPONENTS ( 1.000000000000000000, 0.000000000000000000, 0.000000000000000000, 0.000000000000000000, 0.000000000000000000, 0.000000000000000000, 0.000000000000000000 ) ;
#6619 = CARTESIAN_POINT ( 'NONE',  ( 0.2895429156268476412, 0.3147487853787777623, 0.5000000000000000000 ) ) ;
#6620 = CARTESIAN_POINT ( 'NONE',  ( -0.1254670313042542118, -0.4290100372712091215, 0.000000000000000000 ) ) ;
#6621 = CARTESIAN_POINT ( 'NONE',  ( 0.4037636901628213759, -0.1524518408248699552, 0.1696798208681135900 ) ) ;
#6622 = CARTESIAN_POINT ( 'NONE',  ( -0.7238636061956922330, 0.1004131590808826913, 0.01049755734695470913 ) ) ;
#6623 = EDGE_LOOP ( 'NONE', ( #6022, #1803, #1216, #3630 ) ) ;
#6624 = LINE ( 'NONE', #6319, #3002 ) ;
#6625 = CARTESIAN_POINT ( 'NONE',  ( 0.4235844393354539217, 0.1006980550178370459, 0.4904263084148325347 ) ) ;
#6626 = DIRECTION ( 'NONE',  ( -0.5000000000000102141, -0.8660254037844328234, 0.000000000000000000 ) ) ;
#6627 = ADVANCED_FACE ( 'NONE', ( #1458 ), #5535, .F. ) ;
#6628 = CARTESIAN_POINT ( 'NONE',  ( 0.000000000000000000, 0.000000000000000000, 0.000000000000000000 ) ) ;
#6629 = CARTESIAN_POINT ( 'NONE',  ( -0.3314147498562309835, 0.3872499748641624606, 0.01034899496702500026 ) ) ;
#6630 = DIRECTION ( 'NONE',  ( -1.000000000000000000, 1.652951290236744034E-14, 8.195543980992764964E-14 ) ) ;
#6631 = DIRECTION ( 'NONE',  ( -0.9879541328315394333, -0.1547469916382248900, -3.395020068055559633E-14 ) ) ;
#6632 = CARTESIAN_POINT ( 'NONE',  ( 0.4905442574714419246, -0.5952441863497230923, -8.110173731190781122E-17 ) ) ;
#6633 = CARTESIAN_POINT ( 'NONE',  ( -0.2153416882127509868, -0.7835221828415825929, 0.000000000000000000 ) ) ;
#6635 = ORIENTED_EDGE ( 'NONE', *, *, #1925, .F. ) ;
#6634 =( BOUNDED_SURFACE ( )  B_SPLINE_SURFACE ( 3, 2, ( 
 ( #7264, #1224, #3916 ),
 ( #7833, #1808, #4228 ),
 ( #2646, #2838, #2175 ),
 ( #5280, #8062, #4859 ),
 ( #3308, #2601, #610 ),
 ( #7978, #5371, #6884 ),
 ( #1274, #6696, #5994 ),
 ( #173, #4622, #3353 ),
 ( #5329, #5516, #6922 ),
 ( #2881, #4904, #7543 ),
 ( #4709, #8687, #6040 ),
 ( #8021, #1987, #1943 ),
 ( #7587, #4665, #7348 ),
 ( #5558, #1318, #4001 ) ),
 .UNSPECIFIED., .F., .F., .F. ) 
 B_SPLINE_SURFACE_WITH_KNOTS ( ( 4, 2, 2, 2, 2, 2, 4 ),
 ( 3, 3 ),
 ( -3.252606517456513302E-19, 0.0008346611135208138396, 0.001251991670281220759, 0.001669322227041627896, 0.002086652783802035033, 0.002503983340562441953, 0.003338644454083256226 ),
 ( 0.000000000000000000, 1.000000000000000000 ),
 .UNSPECIFIED. ) 
 GEOMETRIC_REPRESENTATION_ITEM ( )  RATIONAL_B_SPLINE_SURFACE ( (
 ( 1.000000000000000000, 0.6946583704589972541, 1.000000000000000000),
 ( 1.000000000000000000, 0.6937906805722430237, 1.000000000000000000),
 ( 1.000000000000000000, 0.6931276611515976294, 1.000000000000000000),
 ( 1.000000000000000000, 0.6924455310723794943, 1.000000000000000000),
 ( 1.000000000000000000, 0.6922728347065612020, 1.000000000000000000),
 ( 1.000000000000000000, 0.6920443954555035582, 1.000000000000000000),
 ( 1.000000000000000000, 0.6919866675712571524, 1.000000000000000000),
 ( 1.000000000000000000, 0.6919852769385066438, 1.000000000000000000),
 ( 1.000000000000000000, 0.6920430725235148239, 1.000000000000000000),
 ( 1.000000000000000000, 0.6922711327391907199, 1.000000000000000000),
 ( 1.000000000000000000, 0.6924407042322031636, 1.000000000000000000),
 ( 1.000000000000000000, 0.6931143354385812527, 1.000000000000000000),
 ( 1.000000000000000000, 0.6937914730024189458, 1.000000000000000000),
 ( 1.000000000000000000, 0.6946583704589975872, 1.000000000000000000) ) ) 
 REPRESENTATION_ITEM ( '' )  SURFACE ( )  );
#6636 = CARTESIAN_POINT ( 'NONE',  ( -0.1245851459105970366, -0.4171839126212100735, 0.4904263084148325347 ) ) ;
#6637 = FACE_BOUND ( 'NONE', #8215, .T. ) ;
#6638 = CARTESIAN_POINT ( 'NONE',  ( -0.5080651039446748563, -0.6251200010604383017, 0.4905614323235325536 ) ) ;
#6639 = CARTESIAN_POINT ( 'NONE',  ( 0.7559397368629477976, -0.1212758017270950672, 0.01057232438201181207 ) ) ;
#6640 = CARTESIAN_POINT ( 'NONE',  ( -0.7706526344968437359, -0.08582060144911765609, 0.5000000000000001110 ) ) ;
#6641 = ORIENTED_EDGE ( 'NONE', *, *, #6132, .T. ) ;
#6642 = ORIENTED_EDGE ( 'NONE', *, *, #1287, .T. ) ;
#6643 = EDGE_LOOP ( 'NONE', ( #1313, #8088, #3772, #270 ) ) ;
#6644 = ORIENTED_EDGE ( 'NONE', *, *, #7135, .T. ) ;
#6645 = CARTESIAN_POINT ( 'NONE',  ( 0.06636061318876722293, 0.03831331788812241540, 0.4903489949670248871 ) ) ;
#6646 = CARTESIAN_POINT ( 'NONE',  ( -0.1432950559782360522, -0.4013050626141467236, 0.4923897055261295397 ) ) ;
#6647 = DIRECTION ( 'NONE',  ( 0.000000000000000000, 0.000000000000000000, 1.000000000000000000 ) ) ;
#6648 = CARTESIAN_POINT ( 'NONE',  ( -0.2622275360085781770, 0.6409686257750402127, 0.01034899496702500372 ) ) ;
#6649 = DIRECTION ( 'NONE',  ( -0.000000000000000000, -0.000000000000000000, -1.000000000000000000 ) ) ;
#6650 = CARTESIAN_POINT ( 'NONE',  ( -0.4894415122910310001, 0.06663272750606083483, 0.5000000000000000000 ) ) ;
#6651 = CARTESIAN_POINT ( 'NONE',  ( -0.1433327068160187567, -0.4506883111002847331, 0.01041521354719344983 ) ) ;
#6652 = CARTESIAN_POINT ( 'NONE',  ( -0.4904211165697018870, 0.5958452830019219659, 0.01057741574509996930 ) ) ;
#6653 = CARTESIAN_POINT ( 'NONE',  ( 0.7687180061407342668, 0.1201499598840426453, 0.000000000000000000 ) ) ;
#6654 = VERTEX_POINT ( 'NONE', #4109 ) ;
#6655 = CARTESIAN_POINT ( 'NONE',  ( 0.4621419696043328473, 0.1016138929181063938, -2.118835198468579600E-15 ) ) ;
#6656 = CARTESIAN_POINT ( 'NONE',  ( 0.07222192602347558832, -0.04169734843104799804, 0.01000000000000000021 ) ) ;
#6657 = CARTESIAN_POINT ( 'NONE',  ( 0.2151133875660814487, 0.7830933153397351409, 0.01041708390066037673 ) ) ;
#6658 = CARTESIAN_POINT ( 'NONE',  ( 0.06939055551218648032, -0.4271291106826557993, 0.1366764093872297470 ) ) ;
#6659 = DIRECTION ( 'NONE',  ( -0.2464192080398341367, -0.9691633370639961553, 0.000000000000000000 ) ) ;
#6660 = CARTESIAN_POINT ( 'NONE',  ( -0.8013422056068822963, 0.2039574741287454862, 0.4118156074920660825 ) ) ;
#6661 = DIRECTION ( 'NONE',  ( 0.8660254037844444808, 0.4999999999999901190, 0.000000000000000000 ) ) ;
#6662 = CARTESIAN_POINT ( 'NONE',  ( -0.7017196549309776543, 0.09429659715801533282, 0.01041710402079409729 ) ) ;
#6663 = ORIENTED_EDGE ( 'NONE', *, *, #5548, .F. ) ;
#6664 = EDGE_CURVE ( 'NONE', #4772, #3300, #6533, .T. ) ;
#6665 = CARTESIAN_POINT ( 'NONE',  ( 0.09598448225277815549, -0.1662500000000009803, 0.5000000000000000000 ) ) ;
#6666 = CIRCLE ( 'NONE', #2866, 0.01000000000000000021 ) ;
#6667 = CARTESIAN_POINT ( 'NONE',  ( -0.7382038420693911585, 0.08007774039435563984, 0.4904715093792316183 ) ) ;
#6668 = CARTESIAN_POINT ( 'NONE',  ( 0.7939945179476736170, 0.2103911204519421096, 0.2547538490329978034 ) ) ;
#6669 = DIRECTION ( 'NONE',  ( 1.000000000000000000, 0.000000000000000000, 0.000000000000000000 ) ) ;
#6670 = CARTESIAN_POINT ( 'NONE',  ( 0.3017973110439436946, 0.3067654952037527361, 0.4904181057549966138 ) ) ;
#6671 =( BOUNDED_SURFACE ( )  B_SPLINE_SURFACE ( 3, 2, ( 
 ( #176, #3465, #8175 ),
 ( #6809, #772, #3579 ),
 ( #4192, #4821, #3625 ),
 ( #7502, #1469, #6191 ),
 ( #4155, #2884, #135 ),
 ( #6270, #5518, #8213 ),
 ( #5560, #2176, #8257 ),
 ( #2222, #5078, #2354 ),
 ( #8341, #2309, #5650 ),
 ( #1693, #4991, #5035 ),
 ( #7198, #1647, #8387 ),
 ( #1834, #7720, #5120 ),
 ( #4366, #310, #7809 ),
 ( #1114, #504, #8479 ),
 ( #1782, #7673, #403 ),
 ( #6539, #7764, #4458 ) ),
 .UNSPECIFIED., .F., .F., .F. ) 
 B_SPLINE_SURFACE_WITH_KNOTS ( ( 4, 2, 2, 2, 2, 2, 2, 4 ),
 ( 3, 3 ),
 ( -1.864827736675067626E-17, 0.0006302862152585683242, 0.001260572430517155297, 0.001890858645775742378, 0.002521144861034329242, 0.003151431076292916106, 0.003781717291551503404, 0.005042289722068677565 ),
 ( 0.000000000000000000, 1.000000000000000000 ),
 .UNSPECIFIED. ) 
 GEOMETRIC_REPRESENTATION_ITEM ( )  RATIONAL_B_SPLINE_SURFACE ( (
 ( 1.000000000000000000, 0.7193398003386507478, 1.000000000000000000),
 ( 1.000000000000000000, 0.7205199565867532741, 1.000000000000000000),
 ( 1.000000000000000000, 0.7215717791702049855, 1.000000000000000000),
 ( 1.000000000000000000, 0.7234275177348290509, 1.000000000000000000),
 ( 1.000000000000000000, 0.7242355191404118431, 1.000000000000000000),
 ( 1.000000000000000000, 0.7255236088335722533, 1.000000000000000000),
 ( 1.000000000000000000, 0.7260164974478419131, 1.000000000000000000),
 ( 1.000000000000000000, 0.7266854393935583412, 1.000000000000000000),
 ( 1.000000000000000000, 0.7268502996888671630, 1.000000000000000000),
 ( 1.000000000000000000, 0.7268528309979142010, 1.000000000000000000),
 ( 1.000000000000000000, 0.7266841580817055002, 1.000000000000000000),
 ( 1.000000000000000000, 0.7260260551323139966, 1.000000000000000000),
 ( 1.000000000000000000, 0.7255369467475146772, 1.000000000000000000),
 ( 1.000000000000000000, 0.7235863180380093240, 1.000000000000000000),
 ( 1.000000000000000000, 0.7217174982280600837, 1.000000000000000000),
 ( 1.000000000000000000, 0.7193398003386506367, 1.000000000000000000) ) ) 
 REPRESENTATION_ITEM ( '' )  SURFACE ( )  );
#6672 = CARTESIAN_POINT ( 'NONE',  ( 0.5053441710242670970, 0.6077732264302173615, 0.000000000000000000 ) ) ;
#6673 = LENGTH_MEASURE_WITH_UNIT ( LENGTH_MEASURE( 0.02539999999999999897 ), #6721 );
#6674 = AXIS2_PLACEMENT_3D ( 'NONE', #540, #5298, #2569 ) ;
#6675 = EDGE_CURVE ( 'NONE', #4658, #152, #8483, .T. ) ;
#6676 = CARTESIAN_POINT ( 'NONE',  ( -0.2002156065323640322, -0.7874452113644970774, 0.000000000000000000 ) ) ;
#6677 = ORIENTED_EDGE ( 'NONE', *, *, #5911, .T. ) ;
#6678 = B_SPLINE_CURVE_WITH_KNOTS ( 'NONE', 3,
 ( #5054, #1710, #4384, #3727, #422, #6421, #5756, #3121, #1270, #563, #2554, #2597 ),
 .UNSPECIFIED., .F., .F.,
 ( 4, 2, 2, 2, 2, 4 ),
 ( 2.168404344971008868E-19, 0.0007662348534834855689, 0.001149352280225228191, 0.001532469706966970921, 0.002298704560450457249, 0.003064939413933942709 ),
 .UNSPECIFIED. ) ;
#6679 = CARTESIAN_POINT ( 'NONE',  ( -0.1147445928996218140, -0.4143370415332331969, 0.4904196468800218200 ) ) ;
#6680 = CARTESIAN_POINT ( 'NONE',  ( 0.08429901774788463309, 0.4119650767361872634, 0.4903741746603187956 ) ) ;
#6681 = DIRECTION ( 'NONE',  ( -0.4999999999999899525, 0.8660254037844445918, 0.000000000000000000 ) ) ;
#6682 = AXIS2_PLACEMENT_3D ( 'NONE', #2959, #3611, #4397 ) ;
#6683 = CARTESIAN_POINT ( 'NONE',  ( 0.2708825144536554652, -0.6359716716399463898, 0.01000000000000000021 ) ) ;
#6684 = FACE_OUTER_BOUND ( 'NONE', #1616, .T. ) ;
#6685 = CARTESIAN_POINT ( 'NONE',  ( -0.7084310463656189327, -0.07662663577623825273, 0.4903489949670249426 ) ) ;
#6686 = ORIENTED_EDGE ( 'NONE', *, *, #7758, .T. ) ;
#6687 = EDGE_CURVE ( 'NONE', #6207, #3120, #1529, .T. ) ;
#6688 = ORIENTED_EDGE ( 'NONE', *, *, #1113, .T. ) ;
#6689 =( BOUNDED_SURFACE ( )  B_SPLINE_SURFACE ( 3, 2, ( 
 ( #6650, #7221, #3917 ),
 ( #567, #1854, #8022 ),
 ( #5948, #8640, #611 ),
 ( #1988, #1180, #6560 ),
 ( #3222, #2602, #8689 ),
 ( #5283, #5489, #2852 ),
 ( #5410, #187, #8222 ),
 ( #901, #8149, #6119 ),
 ( #4164, #2893, #3550 ),
 ( #5570, #858, #1407 ),
 ( #3433, #6200, #6238 ),
 ( #61, #2188, #4241 ),
 ( #1479, #5529, #781 ),
 ( #2108, #743, #8184 ) ),
 .UNSPECIFIED., .F., .F., .T. ) 
 B_SPLINE_SURFACE_WITH_KNOTS ( ( 4, 2, 2, 2, 2, 2, 4 ),
 ( 3, 3 ),
 ( -5.421010862427522170E-18, 0.0008499630636326862719, 0.001274944595449032173, 0.001699926127265377965, 0.002124907659081723757, 0.002549889190898069549, 0.003399852254530761134 ),
 ( 0.000000000000000000, 1.000000000000000000 ),
 .UNSPECIFIED. ) 
 GEOMETRIC_REPRESENTATION_ITEM ( )  RATIONAL_B_SPLINE_SURFACE ( (
 ( 1.000000000000000000, 0.7193398003386507478, 1.000000000000000000),
 ( 1.000000000000000000, 0.7202131089111458717, 1.000000000000000000),
 ( 1.000000000000000000, 0.7208784273510333573, 1.000000000000000000),
 ( 1.000000000000000000, 0.7215629346520848753, 1.000000000000000000),
 ( 1.000000000000000000, 0.7217356565186191508, 1.000000000000000000),
 ( 1.000000000000000000, 0.7219644832678825397, 1.000000000000000000),
 ( 1.000000000000000000, 0.7220224049890922036, 1.000000000000000000),
 ( 1.000000000000000000, 0.7220238173294823980, 1.000000000000000000),
 ( 1.000000000000000000, 0.7219658634064249902, 1.000000000000000000),
 ( 1.000000000000000000, 0.7217377061591792042, 1.000000000000000000),
 ( 1.000000000000000000, 0.7215679889611176234, 1.000000000000000000),
 ( 1.000000000000000000, 0.7208917738735040048, 1.000000000000000000),
 ( 1.000000000000000000, 0.7202113677850197071, 1.000000000000000000),
 ( 1.000000000000000000, 0.7193398003386507478, 1.000000000000000000) ) ) 
 REPRESENTATION_ITEM ( '' )  SURFACE ( )  );
#6690 = CIRCLE ( 'NONE', #1053, 0.009999999999999995004 ) ;
#6691 = ORIENTED_EDGE ( 'NONE', *, *, #3016, .F. ) ;
#6692 = ORIENTED_EDGE ( 'NONE', *, *, #662, .T. ) ;
#6693 = CARTESIAN_POINT ( 'NONE',  ( -0.4482472228161361039, 0.09676093388325483768, 0.000000000000000000 ) ) ;
#6694 = CARTESIAN_POINT ( 'NONE',  ( -0.4843037223927240675, -0.6855593592106055123, 0.4899763984264463024 ) ) ;
#6695 = CARTESIAN_POINT ( 'NONE',  ( -0.2642331329745488677, 0.7366520767545966519, -3.657776888079310474E-15 ) ) ;
#6696 = CARTESIAN_POINT ( 'NONE',  ( -0.4406070811665755982, -0.1141487691241072078, 1.491094014742366266E-16 ) ) ;
#6697 = CARTESIAN_POINT ( 'NONE',  ( -0.4161987001464788616, -0.1077967883686408584, 0.4904196468800218200 ) ) ;
#6698 = CARTESIAN_POINT ( 'NONE',  ( 0.2027673521306029569, -0.7974811915099431214, 0.01000000000000000021 ) ) ;
#6699 = CARTESIAN_POINT ( 'NONE',  ( -0.8049689155484116565, -0.2007485279317225424, 0.4903489949670249426 ) ) ;
#6700 = CARTESIAN_POINT ( 'NONE',  ( -0.4684915098514019216, 0.5886416118197720371, 0.01055193097138327520 ) ) ;
#6701 = AXIS2_PLACEMENT_3D ( 'NONE', #6282, #234, #5003 ) ;
#6702 = CARTESIAN_POINT ( 'NONE',  ( -0.4317913205129925713, -0.5611123098514948504, 0.01042079636764267278 ) ) ;
#6703 = ORIENTED_EDGE ( 'NONE', *, *, #2541, .T. ) ;
#6704 = CARTESIAN_POINT ( 'NONE',  ( 0.4367431819701899087, 0.1172536821132564300, 8.921961625830485970E-16 ) ) ;
#6705 = CARTESIAN_POINT ( 'NONE',  ( -0.3339090119760569353, 0.2734436923745320325, 0.1696798237513248431 ) ) ;
#6706 = B_SPLINE_CURVE_WITH_KNOTS ( 'NONE', 3,
 ( #3123, #5327, #8020, #5945, #424, #608, #5278, #7975, #1807, #5801, #1941, #4621 ),
 .UNSPECIFIED., .F., .F.,
 ( 4, 2, 2, 2, 2, 4 ),
 ( 0.000000000000000000, 0.0007727098134046552673, 0.001545419626809310535, 0.001931774533511638331, 0.002318129440213965477, 0.003090839253618624539 ),
 .UNSPECIFIED. ) ;
#6707 = CARTESIAN_POINT ( 'NONE',  ( 0.2350672535585367207, 0.7717086703641199419, 0.01049752550059984343 ) ) ;
#6708 = CARTESIAN_POINT ( 'NONE',  ( 0.07025338257376342876, -0.4247507113730799588, 0.1998400020993878756 ) ) ;
#6709 = CARTESIAN_POINT ( 'NONE',  ( 0.07161837485719048380, 0.4209694916754282423, 0.3001607736890145040 ) ) ;
#6710 = CARTESIAN_POINT ( 'NONE',  ( -0.05770563474368987228, 0.03331636375302848840, 0.4899999999999999911 ) ) ;
#6711 = CARTESIAN_POINT ( 'NONE',  ( 0.1582261623300186548, 0.4639331930142335803, 0.01039185364183538816 ) ) ;
#6712 = CARTESIAN_POINT ( 'NONE',  ( -0.4429072446975971800, 0.5716112385362609460, 0.01047287214295883166 ) ) ;
#6713 = AXIS2_PLACEMENT_3D ( 'NONE', #8370, #1581, #8327 ) ;
#6714 = ORIENTED_EDGE ( 'NONE', *, *, #8404, .F. ) ;
#6715 = CARTESIAN_POINT ( 'NONE',  ( 0.3324124951561732710, 0.2682434064827273201, 0.000000000000000000 ) ) ;
#6716 = VECTOR ( 'NONE', #3696, 39.37007874015748143 ) ;
#6717 = CARTESIAN_POINT ( 'NONE',  ( -0.4215874694693177438, -0.08988660780311237553, 0.5000000000000000000 ) ) ;
#6718 = CARTESIAN_POINT ( 'NONE',  ( -0.1433050919216960761, 0.4148596502361375227, 0.5000000000000000000 ) ) ;
#6719 = ADVANCED_FACE ( 'NONE', ( #8121 ), #5395, .F. ) ;
#6720 = CARTESIAN_POINT ( 'NONE',  ( -0.1514409284717424253, -0.4317841319489874596, 0.4904181029472117759 ) ) ;
#6721 =( LENGTH_UNIT ( ) NAMED_UNIT ( * ) SI_UNIT ( $, .METRE. ) );
#6722 = AXIS2_PLACEMENT_3D ( 'NONE', #33, #6177, #2201 ) ;
#6723 = DIRECTION ( 'NONE',  ( 0.4999999999999903411, -0.8660254037844441477, 0.000000000000000000 ) ) ;
#6724 = ORIENTED_EDGE ( 'NONE', *, *, #5281, .T. ) ;
#6725 = CARTESIAN_POINT ( 'NONE',  ( -0.2595078686774561216, 0.7625980071449877107, 0.000000000000000000 ) ) ;
#6726 = CARTESIAN_POINT ( 'NONE',  ( -0.3015353505353738361, -0.7095484904079991662, 0.5000000000000000000 ) ) ;
#6727 = AXIS2_PLACEMENT_3D ( 'NONE', #1678, #4302, #6343 ) ;
#6728 = FACE_OUTER_BOUND ( 'NONE', #7300, .T. ) ;
#6729 = VECTOR ( 'NONE', #511, 39.37007874015748854 ) ;
#6730 = EDGE_CURVE ( 'NONE', #2182, #1185, #1731, .T. ) ;
#6731 = CARTESIAN_POINT ( 'NONE',  ( -0.4596491382714175677, 0.6244944582431112279, 0.4999999999999999445 ) ) ;
#6732 = CARTESIAN_POINT ( 'NONE',  ( 0.2758928509020376896, -0.3247496900209388970, 0.4923897055261294842 ) ) ;
#6733 = CARTESIAN_POINT ( 'NONE',  ( 0.4522943555312889385, -0.6206481216362905728, 0.5000000000000000000 ) ) ;
#6734 = VERTEX_POINT ( 'NONE', #5850 ) ;
#6735 = VERTEX_POINT ( 'NONE', #4261 ) ;
#6736 = VECTOR ( 'NONE', #1605, 39.37007874015748854 ) ;
#6737 = VERTEX_POINT ( 'NONE', #1583 ) ;
#6738 = ORIENTED_EDGE ( 'NONE', *, *, #4120, .F. ) ;
#6739 = CARTESIAN_POINT ( 'NONE',  ( -0.4910000755462967659, 0.09377507033717934204, 9.023130011491365553E-16 ) ) ;
#6740 = CARTESIAN_POINT ( 'NONE',  ( -0.1732176699629681960, 0.4532733180056757738, 0.4903741761330090432 ) ) ;
#6741 = CARTESIAN_POINT ( 'NONE',  ( 0.2292212569206921458, 0.7767384862453000638, 0.01047775075923000968 ) ) ;
#6742 = CARTESIAN_POINT ( 'NONE',  ( -0.07222192602347649037, -0.04169734843104627026, 0.01000000000000000021 ) ) ;
#6743 = EDGE_CURVE ( 'NONE', #7865, #2122, #8499, .T. ) ;
#6744 = CARTESIAN_POINT ( 'NONE',  ( -0.3954325595773463542, -0.1426520477689101618, 0.4903489949670249426 ) ) ;
#6745 = CARTESIAN_POINT ( 'NONE',  ( -0.08758478745960497636, -0.4302627460346132859, 0.01039148418246293309 ) ) ;
#6746 = CARTESIAN_POINT ( 'NONE',  ( 0.2864395980197561586, 0.7712406701757607008, 0.4999999999999999445 ) ) ;
#6747 = CARTESIAN_POINT ( 'NONE',  ( 0.4581220632377656088, -0.09198241385851975427, 0.000000000000000000 ) ) ;
#6748 = CIRCLE ( 'NONE', #7862, 0.8228553031379056693 ) ;
#6749 = CARTESIAN_POINT ( 'NONE',  ( -0.4153263665006203254, -0.5525769747778426222, 0.000000000000000000 ) ) ;
#6750 = EDGE_LOOP ( 'NONE', ( #6940, #4339, #1096, #1949 ) ) ;
#6751 = FACE_OUTER_BOUND ( 'NONE', #8453, .T. ) ;
#6752 = DIRECTION ( 'NONE',  ( 0.3599622404978017887, -0.9329668726250694988, -2.888763925253634372E-16 ) ) ;
#6753 = CIRCLE ( 'NONE', #1105, 0.009999999999999937758 ) ;
#6754 = CARTESIAN_POINT ( 'NONE',  ( -0.3109215574800516246, 0.3855412472946950220, 0.4941087076981939274 ) ) ;
#6755 = CARTESIAN_POINT ( 'NONE',  ( 0.000000000000000000, 0.000000000000000000, 0.5000000000000000000 ) ) ;
#6756 = ADVANCED_FACE ( 'NONE', ( #836 ), #6395, .F. ) ;
#6757 = CARTESIAN_POINT ( 'NONE',  ( 0.2859438359368705052, -0.6926444800899099752, 0.000000000000000000 ) ) ;
#6758 = CARTESIAN_POINT ( 'NONE',  ( 0.000000000000000000, 0.000000000000000000, 0.01000000000000000021 ) ) ;
#6759 = FACE_OUTER_BOUND ( 'NONE', #2227, .T. ) ;
#6760 = CARTESIAN_POINT ( 'NONE',  ( -0.4637193426425292864, 0.6159115189066851626, 0.5000000000000000000 ) ) ;
#6761 = CARTESIAN_POINT ( 'NONE',  ( 0.000000000000000000, 0.000000000000000000, 0.01000000000000000021 ) ) ;
#6762 = CARTESIAN_POINT ( 'NONE',  ( -0.1406717394699299184, 0.4080583604085583627, 0.3306376102141926343 ) ) ;
#6763 = CARTESIAN_POINT ( 'NONE',  ( -0.4403420570267825851, -0.08889660819013263382, 0.5000000000000000000 ) ) ;
#6764 = CARTESIAN_POINT ( 'NONE',  ( 0.7079997865524698675, -0.07662663577625426770, 0.4903489949670346015 ) ) ;
#6765 = DIRECTION ( 'NONE',  ( 0.6979869626749027889, -0.7161104662940376286, 0.000000000000000000 ) ) ;
#6766 = SURFACE_STYLE_FILL_AREA ( #3942 ) ;
#6767 = CARTESIAN_POINT ( 'NONE',  ( 0.3109802194825478372, -0.7105053363585757120, 0.5000000000000000000 ) ) ;
#6768 = EDGE_LOOP ( 'NONE', ( #8027, #2987, #4459, #5009 ) ) ;
#6769 = CARTESIAN_POINT ( 'NONE',  ( -0.2826548835998952680, 0.7177330455959370914, 0.000000000000000000 ) ) ;
#6770 = CARTESIAN_POINT ( 'NONE',  ( -0.2569403922685242758, -0.7862585189358849425, 0.5000000000000000000 ) ) ;
#6771 = CARTESIAN_POINT ( 'NONE',  ( 0.1433050919216958541, -0.4148596502361374672, 0.4999999999999999445 ) ) ;
#6772 = CARTESIAN_POINT ( 'NONE',  ( -0.2661060016856143240, -0.6476838364363284306, 0.01038463202135236560 ) ) ;
#6773 = CARTESIAN_POINT ( 'NONE',  ( 0.4567458472563830640, -0.5938782789884835545, 0.000000000000000000 ) ) ;
#6774 = DIRECTION ( 'NONE',  ( 0.000000000000000000, -0.000000000000000000, 1.000000000000000000 ) ) ;
#6775 = DIRECTION ( 'NONE',  ( 0.000000000000000000, 0.000000000000000000, 1.000000000000000000 ) ) ;
#6776 = ORIENTED_EDGE ( 'NONE', *, *, #1925, .T. ) ;
#6777 = VERTEX_POINT ( 'NONE', #3608 ) ;
#6778 = EDGE_CURVE ( 'NONE', #3725, #8038, #7645, .T. ) ;
#6779 = ORIENTED_EDGE ( 'NONE', *, *, #2112, .F. ) ;
#6780 = ORIENTED_EDGE ( 'NONE', *, *, #5322, .T. ) ;
#6781 = CARTESIAN_POINT ( 'NONE',  ( 0.3013355912532710845, 0.7019722779060219020, 0.4905277075521671803 ) ) ;
#6782 = CARTESIAN_POINT ( 'NONE',  ( -0.4862580038784808933, -0.6774970659993343469, 0.3260738240583848646 ) ) ;
#6783 = B_SPLINE_CURVE_WITH_KNOTS ( 'NONE', 3,
 ( #7742, #3779, #2420, #566, #1134, #1712, #2557, #7929, #3081, #8639, #1179, #5947, #6604, #472, #3220, #1757, #5904, #3872 ),
 .UNSPECIFIED., .F., .F.,
 ( 4, 2, 2, 2, 2, 2, 2, 2, 4 ),
 ( 0.000000000000000000, 0.0005890685110653343581, 0.001178137022130668716, 0.001767205533196002966, 0.002356274044261337432, 0.002945342555326671899, 0.003534411066392005932, 0.004123479577457340832, 0.004712548088522674865 ),
 .UNSPECIFIED. ) ;
#6784 = CARTESIAN_POINT ( 'NONE',  ( 0.4239866205384656972, 0.5475769747778438390, 0.01000000000000000021 ) ) ;
#6785 = CARTESIAN_POINT ( 'NONE',  ( 0.4791550432320615949, -0.07662575643055903607, 0.4903741761330090987 ) ) ;
#6786 = CARTESIAN_POINT ( 'NONE',  ( -0.1580796630614721698, 0.4643756370663491007, -7.184881935703423874E-15 ) ) ;
#6787 = CARTESIAN_POINT ( 'NONE',  ( 0.4025114701445529630, -0.1433895657895477294, 0.000000000000000000 ) ) ;
#6788 = CARTESIAN_POINT ( 'NONE',  ( -0.5306753127280671167, -0.6060394102447674847, 0.000000000000000000 ) ) ;
#6789 = ORIENTED_EDGE ( 'NONE', *, *, #7459, .F. ) ;
#6790 = CARTESIAN_POINT ( 'NONE',  ( 0.4788731719166089973, 0.08510157681307485567, 0.000000000000000000 ) ) ;
#6791 = ADVANCED_FACE ( 'NONE', ( #6214 ), #5162, .T. ) ;
#6792 = CARTESIAN_POINT ( 'NONE',  ( 0.2993820973046544820, -0.3165616861239283208, 0.4904246557902653958 ) ) ;
#6793 = CARTESIAN_POINT ( 'NONE',  ( 0.7079997865524672029, -0.07662663577625460076, 0.4903489949670249426 ) ) ;
#6794 = CARTESIAN_POINT ( 'NONE',  ( 0.07030919317355810438, 0.4246141677815837290, 0.2035570278951271128 ) ) ;
#6795 = DIRECTION ( 'NONE',  ( -1.639108796198558799E-13, 1.000000000000000000, 0.000000000000000000 ) ) ;
#6796 = CARTESIAN_POINT ( 'NONE',  ( -0.4997302397659813544, 0.6348998939606882441, 0.5000000000000000000 ) ) ;
#6797 = ORIENTED_EDGE ( 'NONE', *, *, #8570, .F. ) ;
#6798 = ADVANCED_FACE ( 'NONE', ( #7974 ), #6292, .F. ) ;
#6799 = CARTESIAN_POINT ( 'NONE',  ( 0.09260244267826285569, -0.1603921356237318907, 0.5000000000000000000 ) ) ;
#6800 = CARTESIAN_POINT ( 'NONE',  ( -0.4054616570261097008, -0.1053980709376211577, 0.5000000000000000000 ) ) ;
#6801 = CARTESIAN_POINT ( 'NONE',  ( -0.3197978211154824391, -0.2865937547914318984, -0.000000000000000000 ) ) ;
#6802 = CARTESIAN_POINT ( 'NONE',  ( -0.2429197196889301413, 0.7925091320097076286, 0.4904132927943277154 ) ) ;
#6803 = CARTESIAN_POINT ( 'NONE',  ( 0.6973893915158665413, 0.08485379956077510055, 0.2547538490329978034 ) ) ;
#6804 = FACE_OUTER_BOUND ( 'NONE', #6899, .T. ) ;
#6805 = CARTESIAN_POINT ( 'NONE',  ( 0.4972426265158031433, -0.08780124419659367241, 0.1703500779047236180 ) ) ;
#6806 = B_SPLINE_CURVE_WITH_KNOTS ( 'NONE', 3,
 ( #3463, #1392, #7421, #4818, #5515, #7499, #8721, #4079, #3339, #6771, #4033, #2837, #7461, #4116, #1307, #4153 ),
 .UNSPECIFIED., .F., .F.,
 ( 4, 2, 2, 2, 2, 2, 2, 4 ),
 ( 0.000000000000000000, 0.0004286688780641569160, 0.0008573377561283138321, 0.001286006634192470802, 0.001714675512256627664, 0.002143344390320784526, 0.002572013268384942472, 0.003429351024513260533 ),
 .UNSPECIFIED. ) ;
#6807 = CARTESIAN_POINT ( 'NONE',  ( 0.4894415122910309446, -0.07662663577625201949, 0.4903489949670249426 ) ) ;
#6808 = TOROIDAL_SURFACE ( 'NONE', #760, 0.8228553031379056693, 0.01000000000000000021 ) ;
#6809 = CARTESIAN_POINT ( 'NONE',  ( 0.5772458614431889012, 0.6097661561985459056, 0.5000000000000000000 ) ) ;
#6810 = CARTESIAN_POINT ( 'NONE',  ( 0.5578321234583833998, 0.5859944414458353457, 0.01047285127922303362 ) ) ;
#6811 = VERTEX_POINT ( 'NONE', #3870 ) ;
#6812 = ORIENTED_EDGE ( 'NONE', *, *, #2655, .T. ) ;
#6813 = ORIENTED_EDGE ( 'NONE', *, *, #413, .F. ) ;
#6814 = ORIENTED_EDGE ( 'NONE', *, *, #2541, .F. ) ;
#6815 = AXIS2_PLACEMENT_3D ( 'NONE', #4680, #2618, #7233 ) ;
#6816 = CARTESIAN_POINT ( 'NONE',  ( 0.2873250572548523007, 0.7525640005498180907, 0.4905613826544257816 ) ) ;
#6817 = CARTESIAN_POINT ( 'NONE',  ( 0.1783159193642118445, 0.4756416258613468950, 0.000000000000000000 ) ) ;
#6818 = FACE_OUTER_BOUND ( 'NONE', #2425, .T. ) ;
#6819 = CARTESIAN_POINT ( 'NONE',  ( 0.5234819253870048872, 0.6245921903263039754, 0.4905463522166768064 ) ) ;
#6820 = CARTESIAN_POINT ( 'NONE',  ( -0.06770180884172441460, 0.4322299331137983702, 7.043045608665678148E-17 ) ) ;
#6821 = CARTESIAN_POINT ( 'NONE',  ( -0.8017666291849145921, -0.1410959225797422389, 0.4905422522975379507 ) ) ;
#6822 = CARTESIAN_POINT ( 'NONE',  ( -0.5056656945489517163, 0.5971500815518963057, 7.845373174223587459E-15 ) ) ;
#6823 = ADVANCED_FACE ( 'NONE', ( #4568 ), #7195, .T. ) ;
#6824 = CARTESIAN_POINT ( 'NONE',  ( 0.6862088809542777890, 0.08339469686208637877, 0.000000000000000000 ) ) ;
#6825 = AXIS2_PLACEMENT_3D ( 'NONE', #1465, #930, #4226 ) ;
#6826 = EDGE_LOOP ( 'NONE', ( #7059, #5405, #2807, #1281, #5664, #5037, #7214, #5228 ) ) ;
#6827 = CARTESIAN_POINT ( 'NONE',  ( 7.849532151338877191E-16, 0.06663272750605551964, 0.4899999999999999911 ) ) ;
#6828 = CARTESIAN_POINT ( 'NONE',  ( 0.4910472265529299829, 0.09377495290796790395, 0.000000000000000000 ) ) ;
#6829 = CARTESIAN_POINT ( 'NONE',  ( 0.4228339426134171131, 0.5567560771385448026, 0.1701881937376646670 ) ) ;
#6830 = AXIS2_PLACEMENT_3D ( 'NONE', #2748, #4814, #2165 ) ;
#6831 = CARTESIAN_POINT ( 'NONE',  ( 0.2971577495163170157, -0.3368991036448420462, 0.5000000000000000000 ) ) ;
#6832 = CARTESIAN_POINT ( 'NONE',  ( 0.2854811915677700207, -0.7011477019502312391, -0.000000000000000000 ) ) ;
#6833 = ADVANCED_FACE ( 'NONE', ( #1563 ), #5495, .T. ) ;
#6834 = CARTESIAN_POINT ( 'NONE',  ( -0.6862088809542763457, 0.09339469686210201405, 0.01000000000000000021 ) ) ;
#6835 = CARTESIAN_POINT ( 'NONE',  ( -0.4829892334178708113, 0.5940295676774851596, 0.01057235597143461187 ) ) ;
#6836 = ORIENTED_EDGE ( 'NONE', *, *, #863, .F. ) ;
#6837 = DIRECTION ( 'NONE',  ( 1.365923996832132280E-14, 1.000000000000000000, 0.000000000000000000 ) ) ;
#6838 = CARTESIAN_POINT ( 'NONE',  ( -0.4130946179064310941, -0.1118656197108527928, 0.4904130639807623981 ) ) ;
#6839 = DIRECTION ( 'NONE',  ( 0.000000000000000000, 0.000000000000000000, 1.000000000000000000 ) ) ;
#6840 = EDGE_CURVE ( 'NONE', #2628, #3849, #3857, .T. ) ;
#6841 = EDGE_CURVE ( 'NONE', #3553, #2182, #8212, .T. ) ;
#6842 = FACE_OUTER_BOUND ( 'NONE', #3944, .T. ) ;
#6843 = CARTESIAN_POINT ( 'NONE',  ( 0.2286311328129879139, -0.7974977940876006866, 0.4903489949670249426 ) ) ;
#6844 = AXIS2_PLACEMENT_3D ( 'NONE', #212, #8245, #2211 ) ;
#6845 = CARTESIAN_POINT ( 'NONE',  ( 0.3954325595773463542, 0.1426520477689100230, 0.4903489949670249426 ) ) ;
#6846 = CARTESIAN_POINT ( 'NONE',  ( -0.3004890716493193725, -0.6537277945886940111, 0.5000000000000000000 ) ) ;
#6847 = DIRECTION ( 'NONE',  ( -0.000000000000000000, -0.000000000000000000, -1.000000000000000000 ) ) ;
#6848 = EDGE_CURVE ( 'NONE', #4789, #6230, #6389, .T. ) ;
#6849 = LINE ( 'NONE', #3464, #5875 ) ;
#6850 = CARTESIAN_POINT ( 'NONE',  ( -0.3314200254490073938, -0.3872469289992508945, 0.01000000000000000021 ) ) ;
#6851 = CARTESIAN_POINT ( 'NONE',  ( 0.4905960075473321802, 0.5958809482703366633, 0.01057749443219689958 ) ) ;
#6852 = EDGE_LOOP ( 'NONE', ( #5919, #7924, #4751, #8683 ) ) ;
#6853 = EDGE_LOOP ( 'NONE', ( #3987, #2888, #785, #1050 ) ) ;
#6854 = AXIS2_PLACEMENT_3D ( 'NONE', #6118, #6161, #1441 ) ;
#6855 = CARTESIAN_POINT ( 'NONE',  ( 0.3015353505353813302, 0.7095484904079990551, 0.5000000000000000000 ) ) ;
#6856 = CARTESIAN_POINT ( 'NONE',  ( 0.000000000000000000, 0.000000000000000000, 0.000000000000000000 ) ) ;
#6857 = CARTESIAN_POINT ( 'NONE',  ( 0.2744464911311285116, 0.6771632676142886886, 0.000000000000000000 ) ) ;
#6858 = CARTESIAN_POINT ( 'NONE',  ( 0.5518219747568364753, -0.6144733002592684956, 0.4904674462092140086 ) ) ;
#6859 = CARTESIAN_POINT ( 'NONE',  ( -0.1170535714427352880, 0.4364706034898447329, 0.01042152950794365818 ) ) ;
#6860 = CARTESIAN_POINT ( 'NONE',  ( 0.09021097956088183767, 0.1562499999999990286, 0.004142135623730971300 ) ) ;
#6861 = SURFACE_STYLE_USAGE ( .BOTH. , #2367 ) ;
#6862 = CARTESIAN_POINT ( 'NONE',  ( 0.7836739209406138329, -0.09636145064443581154, 0.4999999999999999445 ) ) ;
#6863 = CONICAL_SURFACE ( 'NONE', #3064, 1.000000000000000000, 0.03490658503988666728 ) ;
#6864 = ORIENTED_EDGE ( 'NONE', *, *, #1178, .F. ) ;
#6865 = EDGE_LOOP ( 'NONE', ( #6686, #4008, #6047, #6555 ) ) ;
#6866 = ORIENTED_EDGE ( 'NONE', *, *, #3180, .F. ) ;
#6867 = ADVANCED_FACE ( 'NONE', ( #2809 ), #2127, .T. ) ;
#6868 = CARTESIAN_POINT ( 'NONE',  ( 0.2313852965306354981, 0.8071047074696074963, 0.4899999999999999911 ) ) ;
#6869 = DIRECTION ( 'NONE',  ( -1.000000000000000000, 1.366756588017023588E-14, 0.000000000000000000 ) ) ;
#6870 = CARTESIAN_POINT ( 'NONE',  ( 0.2338519752165553189, -0.7846065326357938297, -0.000000000000000000 ) ) ;
#6871 = DIRECTION ( 'NONE',  ( 0.4999999999999777400, -0.8660254037844515862, 0.000000000000000000 ) ) ;
#6872 = CARTESIAN_POINT ( 'NONE',  ( -0.09021097956087616165, 0.1562499999999989730, 0.4958578643762689420 ) ) ;
#6873 = CARTESIAN_POINT ( 'NONE',  ( -0.1783601429567440444, 0.4621821011988322958, 0.4903489949670249426 ) ) ;
#6874 = AXIS2_PLACEMENT_3D ( 'NONE', #5682, #2343, #8244 ) ;
#6875 = CARTESIAN_POINT ( 'NONE',  ( -0.4894415122910324434, -0.06663272750604992689, 0.5000000000000000000 ) ) ;
#6876 = ADVANCED_FACE ( 'NONE', ( #7110 ), #7301, .F. ) ;
#6877 = CARTESIAN_POINT ( 'NONE',  ( 0.3179219316635479298, 0.3395825422074299493, 0.01042148981070839357 ) ) ;
#6878 = CARTESIAN_POINT ( 'NONE',  ( -0.4779993096033260946, 0.6217457319394178450, 0.4905662028763858040 ) ) ;
#6879 = CARTESIAN_POINT ( 'NONE',  ( 0.3086796409939114305, -0.6773456991977770958, 0.4999999999999998335 ) ) ;
#6880 = EDGE_CURVE ( 'NONE', #2082, #7646, #623, .T. ) ;
#6881 = CARTESIAN_POINT ( 'NONE',  ( 0.2695366043697747793, -0.7488535778589527903, 0.000000000000000000 ) ) ;
#6882 = CARTESIAN_POINT ( 'NONE',  ( -0.2944521084090797602, -0.6649752758086264759, 0.4904133168798599507 ) ) ;
#6883 = DIRECTION ( 'NONE',  ( 0.4999999999999995559, -0.8660254037844389297, 0.000000000000000000 ) ) ;
#6884 = CARTESIAN_POINT ( 'NONE',  ( -0.4299983619580759475, -0.1092800921664744684, 0.000000000000000000 ) ) ;
#6885 = CARTESIAN_POINT ( 'NONE',  ( -0.2078206668760798626, -0.7858857281013307272, 0.01038462063789533617 ) ) ;
#6886 = DIRECTION ( 'NONE',  ( 1.365923996832132280E-14, 1.000000000000000000, 0.000000000000000000 ) ) ;
#6887 = CARTESIAN_POINT ( 'NONE',  ( -0.09021097956087610614, -0.1562500000000009992, 0.01000000000000002970 ) ) ;
#6888 = ORIENTED_EDGE ( 'NONE', *, *, #4232, .T. ) ;
#6889 = ORIENTED_EDGE ( 'NONE', *, *, #5920, .F. ) ;
#6890 = ADVANCED_FACE ( 'NONE', ( #1656 ), #4977, .T. ) ;
#6891 = ORIENTED_EDGE ( 'NONE', *, *, #6071, .T. ) ;
#6892 = CARTESIAN_POINT ( 'NONE',  ( 0.3010214655600713107, 0.7095113064819781323, 0.4905420191444058720 ) ) ;
#6893 = CARTESIAN_POINT ( 'NONE',  ( -0.3024263908892094732, 0.3905524195576959845, 0.5000000000000000000 ) ) ;
#6894 = CARTESIAN_POINT ( 'NONE',  ( 0.4667333340303424505, -0.09933554734632762950, 0.01041038153440476503 ) ) ;
#6895 = CARTESIAN_POINT ( 'NONE',  ( 0.5763377827354195793, 0.5967492661558615463, 0.4903489949670249426 ) ) ;
#6896 = CARTESIAN_POINT ( 'NONE',  ( -0.1216184176833759872, 0.4387226637657010708, 4.479693980891830228E-15 ) ) ;
#6897 = DIRECTION ( 'NONE',  ( 1.000000000000000000, -1.178029542708651597E-14, -0.000000000000000000 ) ) ;
#6898 = ORIENTED_EDGE ( 'NONE', *, *, #83, .T. ) ;
#6899 = EDGE_LOOP ( 'NONE', ( #3363, #1412, #5416, #5798 ) ) ;
#6900 = ORIENTED_EDGE ( 'NONE', *, *, #4019, .F. ) ;
#6901 = CARTESIAN_POINT ( 'NONE',  ( 0.7079997865524670919, -0.06663272750606362427, 0.5000000000000000000 ) ) ;
#6902 = CARTESIAN_POINT ( 'NONE',  ( -0.1804219591217551821, -1.032864064709204613E-15, 0.01000000000000000021 ) ) ;
#6903 =( BOUNDED_SURFACE ( )  B_SPLINE_SURFACE ( 3, 2, ( 
 ( #2891, #7681, #6412 ),
 ( #2318, #2185, #7728 ),
 ( #6366, #5567, #3067 ),
 ( #317, #1564, #6978 ),
 ( #4283, #5657, #943 ),
 ( #4914, #4999, #8220 ),
 ( #1657, #5613, #1701 ),
 ( #6233, #5043, #1031 ),
 ( #4331, #4868, #7554 ),
 ( #7636, #4239, #1524 ),
 ( #8396, #3715, #4200 ),
 ( #856, #4374, #6932 ),
 ( #365, #7597, #8266 ),
 ( #6893, #3548, #7022 ) ),
 .UNSPECIFIED., .F., .F., .T. ) 
 B_SPLINE_SURFACE_WITH_KNOTS ( ( 4, 2, 2, 2, 2, 2, 4 ),
 ( 3, 3 ),
 ( 2.081668171172168513E-17, 0.0008499630636416640080, 0.001274944595462485604, 0.001699926127283307199, 0.002124907659104128578, 0.002549889190924950391, 0.003399852254566593582 ),
 ( 0.000000000000000000, 1.000000000000000000 ),
 .UNSPECIFIED. ) 
 GEOMETRIC_REPRESENTATION_ITEM ( )  RATIONAL_B_SPLINE_SURFACE ( (
 ( 1.000000000000000000, 0.7193398003386507478, 1.000000000000000000),
 ( 1.000000000000000000, 0.7202132200530375616, 1.000000000000000000),
 ( 1.000000000000000000, 0.7208785727469529947, 1.000000000000000000),
 ( 1.000000000000000000, 0.7215630611311859566, 1.000000000000000000),
 ( 1.000000000000000000, 0.7217357649438360667, 1.000000000000000000),
 ( 1.000000000000000000, 0.7219645438428230477, 1.000000000000000000),
 ( 1.000000000000000000, 0.7220224356994183745, 1.000000000000000000),
 ( 1.000000000000000000, 0.7220237877057168463, 1.000000000000000000),
 ( 1.000000000000000000, 0.7219658032786262503, 1.000000000000000000),
 ( 1.000000000000000000, 0.7217375979714146794, 1.000000000000000000),
 ( 1.000000000000000000, 0.7215678629159335555, 1.000000000000000000),
 ( 1.000000000000000000, 0.7208916282609558746, 1.000000000000000000),
 ( 1.000000000000000000, 0.7202112561548873471, 1.000000000000000000),
 ( 1.000000000000000000, 0.7193398003386507478, 1.000000000000000000) ) ) 
 REPRESENTATION_ITEM ( '' )  SURFACE ( )  );
#6904 = CARTESIAN_POINT ( 'NONE',  ( 0.2914543864429133269, 0.6580647036717131027, 0.4903829760152203510 ) ) ;
#6905 = CARTESIAN_POINT ( 'NONE',  ( 0.06764588407315151597, -0.4318728915606557250, 0.01034899496702450933 ) ) ;
#6906 = B_SPLINE_CURVE_WITH_KNOTS ( 'NONE', 3,
 ( #2097, #1430, #6805, #4653 ),
 .UNSPECIFIED., .F., .F.,
 ( 4, 4 ),
 ( 0.0002453586450613538784, 0.01244836874683105492 ),
 .UNSPECIFIED. ) ;
#6907 = CARTESIAN_POINT ( 'NONE',  ( 0.3087201387217747839, 0.3507541378687861200, 0.000000000000000000 ) ) ;
#6908 = CARTESIAN_POINT ( 'NONE',  ( -0.2989242229975546672, 0.3520646720134787411, 0.4904132021346767623 ) ) ;
#6909 = CARTESIAN_POINT ( 'NONE',  ( 0.3291859924078691657, -0.2911784954048100005, -1.808492487609434999E-15 ) ) ;
#6910 = CARTESIAN_POINT ( 'NONE',  ( -0.4615130733773972205, -0.07009106087358150938, 0.5000000000000000000 ) ) ;
#6911 = CARTESIAN_POINT ( 'NONE',  ( 0.3236134007600059426, 0.3052503339335332355, 8.924487845215248571E-16 ) ) ;
#6912 = CARTESIAN_POINT ( 'NONE',  ( -0.4894415122910323324, -0.06663272750604992689, 0.5000000000000000000 ) ) ;
#6913 = CARTESIAN_POINT ( 'NONE',  ( -0.3212565770584207558, 0.2711286181930301908, 0.4903489949670249426 ) ) ;
#6914 = CARTESIAN_POINT ( 'NONE',  ( -0.2596302743407138403, -0.7624434349162451108, -0.000000000000000000 ) ) ;
#6915 = FACE_OUTER_BOUND ( 'NONE', #7235, .T. ) ;
#6916 = ADVANCED_FACE ( 'NONE', ( #7021, #7061, #1030, #598, #3293, #4693, #6637, #2014 ), #8673, .T. ) ;
#6917 = CARTESIAN_POINT ( 'NONE',  ( -0.7613460426069338371, 0.1269281313960364810, 0.01057749443219691519 ) ) ;
#6918 = CARTESIAN_POINT ( 'NONE',  ( 0.8146658284480055023, 0.2031668088770799130, 0.5000000000000000000 ) ) ;
#6919 = CARTESIAN_POINT ( 'NONE',  ( 0.2077091944419113267, -0.7855017099804494363, 6.926706178260934633E-16 ) ) ;
#6920 = CARTESIAN_POINT ( 'NONE',  ( 0.2708825144536697871, 0.6359716716399392844, 0.000000000000000000 ) ) ;
#6921 = CARTESIAN_POINT ( 'NONE',  ( 0.4854607299738509241, -0.6228001798175361037, 0.4905662334674587566 ) ) ;
#6922 = CARTESIAN_POINT ( 'NONE',  ( -0.4481664506837586548, -0.09680430469407087790, 0.000000000000000000 ) ) ;
#6923 = CARTESIAN_POINT ( 'NONE',  ( -0.2027673521306033455, 0.7974811915099430104, 0.000000000000000000 ) ) ;
#6924 = CARTESIAN_POINT ( 'NONE',  ( -0.1890822131595995270, 0.004999999999998939321, 0.000000000000000000 ) ) ;
#6925 = EDGE_CURVE ( 'NONE', #2609, #3449, #888, .T. ) ;
#6926 = CARTESIAN_POINT ( 'NONE',  ( -0.1919689645055476512, -1.086122276674095735E-15, 0.000000000000000000 ) ) ;
#6927 = VERTEX_POINT ( 'NONE', #7915 ) ;
#6928 = VERTEX_POINT ( 'NONE', #6025 ) ;
#6929 = ORIENTED_EDGE ( 'NONE', *, *, #6551, .T. ) ;
#6930 = LINE ( 'NONE', #8264, #2506 ) ;
#6931 = CARTESIAN_POINT ( 'NONE',  ( 0.3113498624098414713, 0.7020224626960666070, 0.5000000000000000000 ) ) ;
#6932 = CARTESIAN_POINT ( 'NONE',  ( -0.3021986933463144953, 0.3669609185100323745, 0.4903936907271715384 ) ) ;
#6933 = CARTESIAN_POINT ( 'NONE',  ( 0.4581220632471954546, -0.09198241387552971715, 0.000000000000000000 ) ) ;
#6934 = VECTOR ( 'NONE', #1527, 39.37007874015748143 ) ;
#6935 = CARTESIAN_POINT ( 'NONE',  ( 0.4856149147700642432, 0.6228338854661794599, 0.4905663007732030123 ) ) ;
#6936 = CARTESIAN_POINT ( 'NONE',  ( -0.1073834524342738017, 0.4339742250304509663, 9.833603904802069645E-15 ) ) ;
#6937 = CARTESIAN_POINT ( 'NONE',  ( -0.1743684969108467431, 0.4386913483865763630, 0.5000000000000000000 ) ) ;
#6938 = EDGE_CURVE ( 'NONE', #7200, #4428, #1839, .T. ) ;
#6939 = ORIENTED_EDGE ( 'NONE', *, *, #4776, .F. ) ;
#6940 = ORIENTED_EDGE ( 'NONE', *, *, #6085, .T. ) ;
#6941 = AXIS2_PLACEMENT_3D ( 'NONE', #3932, #1290, #6661 ) ;
#6942 = VERTEX_POINT ( 'NONE', #8624 ) ;
#6943 = DIRECTION ( 'NONE',  ( 1.000000000000000000, 0.000000000000000000, 0.000000000000000000 ) ) ;
#6944 = CARTESIAN_POINT ( 'NONE',  ( 0.7956848718150542066, 0.2064461555717523045, -0.000000000000000000 ) ) ;
#6945 = CARTESIAN_POINT ( 'NONE',  ( -0.4894415122910329985, -0.07662663577624088951, 0.4903489949670250536 ) ) ;
#6946 = CARTESIAN_POINT ( 'NONE',  ( 0.000000000000000000, -0.1662500000000009803, 0.5000000000000000000 ) ) ;
#6947 = CARTESIAN_POINT ( 'NONE',  ( 0.7637968998724664615, -0.08145558806086911074, 0.5000000000000000000 ) ) ;
#6948 = CARTESIAN_POINT ( 'NONE',  ( -0.4326329043685746001, -0.09354659877631223142, 0.005824648959441180128 ) ) ;
#6949 = AXIS2_PLACEMENT_3D ( 'NONE', #5680, #163, #8331 ) ;
#6950 = CARTESIAN_POINT ( 'NONE',  ( -0.5548094364468795225, 0.5986022320400364860, -0.000000000000000000 ) ) ;
#6951 = DIRECTION ( 'NONE',  ( 0.5000000000000137668, 0.8660254037844307140, 8.304991398933222754E-14 ) ) ;
#6952 = CARTESIAN_POINT ( 'NONE',  ( -0.1754834747856769406, 0.4683741336622097018, 0.3303501167231981950 ) ) ;
#6953 = DIRECTION ( 'NONE',  ( 0.2464192080398438234, 0.9691633370639937128, 0.000000000000000000 ) ) ;
#6954 =( BOUNDED_SURFACE ( )  B_SPLINE_SURFACE ( 3, 2, ( 
 ( #476, #3176, #5856 ),
 ( #1481, #2772, #2145 ),
 ( #8108, #4798, #3358 ),
 ( #2071, #746, #4005 ),
 ( #6083, #5413, #5332 ),
 ( #3311, #660, #3400 ),
 ( #6700, #7397, #6044 ),
 ( #8738, #3435, #613 ),
 ( #6652, #23, #2690 ),
 ( #5374, #6822, #8187 ),
 ( #8067, #64, #4836 ),
 ( #6122, #2110, #8151 ),
 ( #4053, #7516, #5997 ),
 ( #8691, #2030, #2731 ),
 ( #5455, #2649, #7477 ),
 ( #4713, #4758, #1366 ) ),
 .UNSPECIFIED., .F., .F., .F. ) 
 B_SPLINE_SURFACE_WITH_KNOTS ( ( 4, 2, 2, 2, 2, 2, 2, 4 ),
 ( 3, 3 ),
 ( -1.517883041479706208E-18, 0.0006407458912126845615, 0.001281491782425370641, 0.001922237673638056829, 0.002562983564850743017, 0.003203729456063428988, 0.003844475347276115392, 0.005125967129701487768 ),
 ( 0.000000000000000000, 1.000000000000000000 ),
 .UNSPECIFIED. ) 
 GEOMETRIC_REPRESENTATION_ITEM ( )  RATIONAL_B_SPLINE_SURFACE ( (
 ( 1.000000000000000000, 0.6946583704589940345, 1.000000000000000000),
 ( 1.000000000000000000, 0.6933763159454786607, 1.000000000000000000),
 ( 1.000000000000000000, 0.6922258354537960123, 1.000000000000000000),
 ( 1.000000000000000000, 0.6901861854563142717, 1.000000000000000000),
 ( 1.000000000000000000, 0.6892934039797942170, 1.000000000000000000),
 ( 1.000000000000000000, 0.6878664290910776469, 1.000000000000000000),
 ( 1.000000000000000000, 0.6873162222461232096, 1.000000000000000000),
 ( 1.000000000000000000, 0.6865728636983606803, 1.000000000000000000),
 ( 1.000000000000000000, 0.6863885290834598196, 1.000000000000000000),
 ( 1.000000000000000000, 0.6863859216621847059, 1.000000000000000000),
 ( 1.000000000000000000, 0.6865745309140811603, 1.000000000000000000),
 ( 1.000000000000000000, 0.6873071023373595878, 1.000000000000000000),
 ( 1.000000000000000000, 0.6878557309089844418, 1.000000000000000000),
 ( 1.000000000000000000, 0.6900105260097278981, 1.000000000000000000),
 ( 1.000000000000000000, 0.6920785204198669494, 1.000000000000000000),
 ( 1.000000000000000000, 0.6946583704589975872, 1.000000000000000000) ) ) 
 REPRESENTATION_ITEM ( '' )  SURFACE ( )  );
#6955 = CARTESIAN_POINT ( 'NONE',  ( -0.2623744172942656938, 0.7807510024292598771, 0.4904903260095140327 ) ) ;
#6956 = CARTESIAN_POINT ( 'NONE',  ( 0.09021097956088187930, -0.1662500000000009803, 0.000000000000000000 ) ) ;
#6957 = CARTESIAN_POINT ( 'NONE',  ( 0.7900567166565036770, -0.2138521731746069743, 0.1701881930209717397 ) ) ;
#6958 = CARTESIAN_POINT ( 'NONE',  ( -0.4899645066687929873, 0.08339469686209978472, 0.000000000000000000 ) ) ;
#6959 = CARTESIAN_POINT ( 'NONE',  ( -0.3352093827909419232, -0.2736585391975956405, 0.1366764093872297747 ) ) ;
#6960 = STYLED_ITEM ( 'NONE', ( #6240 ), #826 ) ;
#6961 = CARTESIAN_POINT ( 'NONE',  ( 0.8052959206159008287, 0.2008300786408948047, 0.5000000000000000000 ) ) ;
#6962 = CARTESIAN_POINT ( 'NONE',  ( 0.2347527129680023472, -0.7712822203771040330, -2.507000936869900252E-15 ) ) ;
#6963 = ADVANCED_FACE ( 'NONE', ( #454 ), #3026, .T. ) ;
#6964 = CARTESIAN_POINT ( 'NONE',  ( 0.2859407527078992595, 0.6924926462917424530, -0.000000000000000000 ) ) ;
#6965 = CARTESIAN_POINT ( 'NONE',  ( 0.5230759679169175724, -0.6238023074908827237, 0.4905422522975384503 ) ) ;
#6966 = CARTESIAN_POINT ( 'NONE',  ( -0.3178821608341549920, 0.3861602139398739308, 0.3303501167231955860 ) ) ;
#6967 = CARTESIAN_POINT ( 'NONE',  ( 0.4292122107968275868, -0.1236896846684301526, 0.01041521630865950739 ) ) ;
#6968 = FACE_OUTER_BOUND ( 'NONE', #5104, .T. ) ;
#6969 = AXIS2_PLACEMENT_3D ( 'NONE', #5473, #724, #4222 ) ;
#6970 = CARTESIAN_POINT ( 'NONE',  ( -0.2739311747518659579, 0.7710306517497692580, 0.5000000000000000000 ) ) ;
#6971 = ORIENTED_EDGE ( 'NONE', *, *, #1514, .F. ) ;
#6972 = ORIENTED_EDGE ( 'NONE', *, *, #2468, .F. ) ;
#6973 = CARTESIAN_POINT ( 'NONE',  ( 0.09021097956088187930, -0.1562500000000009992, 0.4899999999999999911 ) ) ;
#6974 = ORIENTED_EDGE ( 'NONE', *, *, #4570, .T. ) ;
#6975 = CARTESIAN_POINT ( 'NONE',  ( -0.07241254492021971523, -0.4039435683031560309, 0.4899999999999999911 ) ) ;
#6976 = ADVANCED_FACE ( 'NONE', ( #7964 ), #4245, .T. ) ;
#6977 = CARTESIAN_POINT ( 'NONE',  ( 0.2194274942496096115, 0.7944203927385299346, 0.3329279436336419762 ) ) ;
#6978 = CARTESIAN_POINT ( 'NONE',  ( -0.3034257774329039425, 0.3018176234181679796, 0.4904130639807624537 ) ) ;
#6979 = FACE_OUTER_BOUND ( 'NONE', #5239, .T. ) ;
#6980 = CIRCLE ( 'NONE', #7992, 0.009999999999999974187 ) ;
#6981 = CARTESIAN_POINT ( 'NONE',  ( 0.1277228225436125852, 0.4080967359449600429, 0.5000000000000001110 ) ) ;
#6982 = CARTESIAN_POINT ( 'NONE',  ( 0.7862209588756741141, 0.2052697189346745776, 1.867851183224324149E-15 ) ) ;
#6983 = VERTEX_POINT ( 'NONE', #2172 ) ;
#6984 = VERTEX_POINT ( 'NONE', #4782 ) ;
#6985 = ORIENTED_EDGE ( 'NONE', *, *, #3161, .F. ) ;
#6986 = CARTESIAN_POINT ( 'NONE',  ( -0.3079182123701894036, 0.3397213790743924822, 0.000000000000000000 ) ) ;
#6987 = ADVANCED_FACE ( 'NONE', ( #6804 ), #7460, .T. ) ;
#6988 = CARTESIAN_POINT ( 'NONE',  ( -0.2684970084254850731, 0.7886781670335761829, 0.4999999999999999445 ) ) ;
#6989 = CARTESIAN_POINT ( 'NONE',  ( 1.104402696289362647E-15, 0.09375000000000016653, 0.000000000000000000 ) ) ;
#6990 = CARTESIAN_POINT ( 'NONE',  ( -0.7704958451027342781, -0.1390119297997285674, 0.01057748732870016084 ) ) ;
#6991 = VECTOR ( 'NONE', #1097, 39.37007874015748143 ) ;
#6992 = CARTESIAN_POINT ( 'NONE',  ( -0.2736196796496619399, 0.6695647603852545870, 0.01047352876204864919 ) ) ;
#6993 = AXIS2_PLACEMENT_3D ( 'NONE', #6443, #1063, #7761 ) ;
#6994 = DIRECTION ( 'NONE',  ( 1.365923996832132280E-14, 1.000000000000000000, 0.000000000000000000 ) ) ;
#6995 = CARTESIAN_POINT ( 'NONE',  ( -0.5567459687119807876, 0.6242806747199582951, 0.5000000000000000000 ) ) ;
#6996 = CARTESIAN_POINT ( 'NONE',  ( 0.4802381293775041526, -0.6036577027334063539, 0.000000000000000000 ) ) ;
#6997 = CARTESIAN_POINT ( 'NONE',  ( 0.3341633048298202069, -0.2826032439770395088, 9.023131309561444724E-16 ) ) ;
#6998 = CARTESIAN_POINT ( 'NONE',  ( -0.3860316643059775732, -0.1392606806979861112, 0.5000000000000000000 ) ) ;
#6999 = CIRCLE ( 'NONE', #5177, 0.009999999999999955105 ) ;
#7000 = CARTESIAN_POINT ( 'NONE',  ( 0.2909260017602371962, -0.7459392006029319511, 0.4905662271648510431 ) ) ;
#7001 = EDGE_CURVE ( 'NONE', #449, #8441, #5476, .T. ) ;
#7002 = CARTESIAN_POINT ( 'NONE',  ( 0.2708825144536702312, 0.6359716716399399505, 0.01000000000000410803 ) ) ;
#7003 = DIRECTION ( 'NONE',  ( 1.000000000000000000, -1.133066583063283756E-14, -0.000000000000000000 ) ) ;
#7004 = CARTESIAN_POINT ( 'NONE',  ( 0.3079182123701892371, -0.3397213790743928152, 0.000000000000000000 ) ) ;
#7005 = CARTESIAN_POINT ( 'NONE',  ( 0.4361480215850674358, -0.5790055448896426205, -0.000000000000000000 ) ) ;
#7006 = AXIS2_PLACEMENT_3D ( 'NONE', #1242, #3236, #5916 ) ;
#7007 = CARTESIAN_POINT ( 'NONE',  ( 0.7379155868682288899, 0.08043224875564612686, 0.5000000000000000000 ) ) ;
#7008 = CARTESIAN_POINT ( 'NONE',  ( 0.2283199750577240283, -0.7756652740904108612, 2.308209987916318772E-16 ) ) ;
#7009 = CARTESIAN_POINT ( 'NONE',  ( -0.7637968998724664615, 0.08145558806086504455, 0.5000000000000000000 ) ) ;
#7010 = CARTESIAN_POINT ( 'NONE',  ( 0.4386141641399910474, -0.5988375196985589177, 0.5000000000000073275 ) ) ;
#7011 = CARTESIAN_POINT ( 'NONE',  ( -0.3232512601017363263, 0.3049800360232354790, 0.01041038476223995340 ) ) ;
#7012 = CARTESIAN_POINT ( 'NONE',  ( 0.07241254492021041711, -0.4039435683031577518, 0.5000000000000000000 ) ) ;
#7013 = B_SPLINE_CURVE_WITH_KNOTS ( 'NONE', 3,
 ( #1382, #7454, #2209, #87, #4183, #3, #2791, #6099, #6216, #5429, #8123, #2872 ),
 .UNSPECIFIED., .F., .F.,
 ( 4, 2, 2, 2, 2, 4 ),
 ( 8.673617379884035472E-18, 0.0007662348534834805816, 0.001149352280225214096, 0.001532469706966947719, 0.002298704560450419519, 0.003064939413933891535 ),
 .UNSPECIFIED. ) ;
#7014 = CARTESIAN_POINT ( 'NONE',  ( 0.2729419432714849103, -0.7153009167169838145, 0.01057232438201181207 ) ) ;
#7015 = DIRECTION ( 'NONE',  ( 0.2419754994720614283, 0.9702823597568114300, -0.000000000000000000 ) ) ;
#7016 = CARTESIAN_POINT ( 'NONE',  ( 0.4321722207502237123, 0.5608947982499536966, 9.483998331952952286E-14 ) ) ;
#7017 = ORIENTED_EDGE ( 'NONE', *, *, #4461, .F. ) ;
#7018 = CARTESIAN_POINT ( 'NONE',  ( -0.7440224540616328097, -0.1114033579068126195, 0.01055192711114469328 ) ) ;
#7019 = ORIENTED_EDGE ( 'NONE', *, *, #6778, .T. ) ;
#7020 = CARTESIAN_POINT ( 'NONE',  ( 0.000000000000000000, 0.000000000000000000, 0.4899999999999999911 ) ) ;
#7021 = FACE_BOUND ( 'NONE', #5482, .T. ) ;
#7022 = CARTESIAN_POINT ( 'NONE',  ( -0.3110813693342855957, 0.3855554654225993860, 0.4903489949670249426 ) ) ;
#7023 = CARTESIAN_POINT ( 'NONE',  ( -0.5708514516190863475, -0.6020495895929502961, 0.4903829671321512929 ) ) ;
#7024 = CARTESIAN_POINT ( 'NONE',  ( 0.7954026876109228095, 0.1274522323270081692, 0.4905613818148976124 ) ) ;
#7025 = CARTESIAN_POINT ( 'NONE',  ( 0.7373989533583910072, -0.1077769785697093724, 0.000000000000000000 ) ) ;
#7026 = DIRECTION ( 'NONE',  ( 1.000000000000000000, 1.892679809432641924E-16, -0.000000000000000000 ) ) ;
#7027 = CARTESIAN_POINT ( 'NONE',  ( 0.3988997165827287694, -0.1330384874096049441, 0.4903740157860140836 ) ) ;
#7028 = ADVANCED_FACE ( 'NONE', ( #4152 ), #8171, .T. ) ;
#7029 = ORIENTED_EDGE ( 'NONE', *, *, #7145, .T. ) ;
#7030 = ORIENTED_EDGE ( 'NONE', *, *, #6925, .F. ) ;
#7031 = ORIENTED_EDGE ( 'NONE', *, *, #7613, .F. ) ;
#7032 = CARTESIAN_POINT ( 'NONE',  ( 0.4034525892201967778, 0.1238806810006043008, 0.4999999999999999445 ) ) ;
#7033 = CARTESIAN_POINT ( 'NONE',  ( 0.3352093827909419788, 0.2736585391975956405, 0.1366764093872297747 ) ) ;
#7034 = FACE_OUTER_BOUND ( 'NONE', #4289, .T. ) ;
#7035 = CARTESIAN_POINT ( 'NONE',  ( 0.2562385005933715543, 0.7851284986355495654, 0.4904674462092139531 ) ) ;
#7036 = CARTESIAN_POINT ( 'NONE',  ( -0.7901105207710001910, -0.1563753042815845540, 0.000000000000000000 ) ) ;
#7037 = CARTESIAN_POINT ( 'NONE',  ( 0.1870151214018311858, 0.4571851470637325887, 0.5000000000000000000 ) ) ;
#7038 = CARTESIAN_POINT ( 'NONE',  ( 0.3324124951561732710, 0.2682434064827273201, 0.000000000000000000 ) ) ;
#7039 = CARTESIAN_POINT ( 'NONE',  ( -0.2003046611694409562, 0.7877954620204932201, 0.01034899496702894328 ) ) ;
#7040 = EDGE_CURVE ( 'NONE', #6506, #3511, #4845, .T. ) ;
#7041 = CARTESIAN_POINT ( 'NONE',  ( -0.06764588407316197982, -0.4318728915606565577, 0.01034899496703158527 ) ) ;
#7042 = CARTESIAN_POINT ( 'NONE',  ( -0.4307603181899606337, -0.08343163478421856960, 0.5000000000000001110 ) ) ;
#7043 = CARTESIAN_POINT ( 'NONE',  ( -0.5487668238484817440, -0.6268643136533822435, 0.5000000000000001110 ) ) ;
#7044 = CARTESIAN_POINT ( 'NONE',  ( 0.3985118519898074863, 0.1537559620992447196, 0.000000000000000000 ) ) ;
#7045 = CARTESIAN_POINT ( 'NONE',  ( 0.2615993877355874409, -0.7935918971168580693, 0.5000000000000000000 ) ) ;
#7046 = CARTESIAN_POINT ( 'NONE',  ( -0.2190548206687553123, -0.7923063901846775225, -0.000000000000000000 ) ) ;
#7047 = CARTESIAN_POINT ( 'NONE',  ( -0.3401899532607898791, 0.2745194998491434779, 0.01034899496703158353 ) ) ;
#7048 = EDGE_CURVE ( 'NONE', #7735, #3853, #4686, .T. ) ;
#7049 = CARTESIAN_POINT ( 'NONE',  ( 0.7954020710772183866, 0.1274512015483960370, 0.4905613826544263367 ) ) ;
#7050 = CARTESIAN_POINT ( 'NONE',  ( 0.2784825319157042123, 0.6510900786715372313, -0.000000000000000000 ) ) ;
#7051 = CARTESIAN_POINT ( 'NONE',  ( -0.09887123359872047879, -0.1612500000000010592, 0.000000000000000000 ) ) ;
#7052 = CARTESIAN_POINT ( 'NONE',  ( -0.3137827838376721079, 0.3017502182502541097, 0.000000000000000000 ) ) ;
#7053 = CARTESIAN_POINT ( 'NONE',  ( -0.2077091944419227065, 0.7855017099805124969, 6.926706178247090125E-16 ) ) ;
#7054 =( BOUNDED_SURFACE ( )  B_SPLINE_SURFACE ( 3, 2, ( 
 ( #5864, #8558, #2524 ),
 ( #5203, #1371, #5339 ),
 ( #4059, #74, #2778 ),
 ( #4582, #1414, #28 ),
 ( #5292, #5460, #2736 ),
 ( #3968, #667, #3316 ),
 ( #619, #575, #8113 ),
 ( #8072, #8649, #2696 ),
 ( #2036, #2076, #8697 ),
 ( #8029, #4764, #3926 ),
 ( #6129, #7444, #4674 ),
 ( #2654, #7316, #6614 ),
 ( #1909, #2612, #4101 ),
 ( #7357, #6088, #6003 ) ),
 .UNSPECIFIED., .F., .F., .F. ) 
 B_SPLINE_SURFACE_WITH_KNOTS ( ( 4, 2, 2, 2, 2, 2, 4 ),
 ( 3, 3 ),
 ( -6.505213034913026604E-19, 0.0008346611135208137312, 0.001251991670281220976, 0.001669322227041628113, 0.002086652783802035033, 0.002503983340562442386, 0.003338644454083257093 ),
 ( 0.000000000000000000, 1.000000000000000000 ),
 .UNSPECIFIED. ) 
 GEOMETRIC_REPRESENTATION_ITEM ( )  RATIONAL_B_SPLINE_SURFACE ( (
 ( 1.000000000000000000, 0.6946583704589998076, 1.000000000000000000),
 ( 1.000000000000000000, 0.6937906805724547432, 1.000000000000000000),
 ( 1.000000000000000000, 0.6931276611513151886, 1.000000000000000000),
 ( 1.000000000000000000, 0.6924455310725177171, 1.000000000000000000),
 ( 1.000000000000000000, 0.6922728347064863730, 1.000000000000000000),
 ( 1.000000000000000000, 0.6920443954555834942, 1.000000000000000000),
 ( 1.000000000000000000, 0.6919866675712492698, 1.000000000000000000),
 ( 1.000000000000000000, 0.6919852769385143043, 1.000000000000000000),
 ( 1.000000000000000000, 0.6920430725233598368, 1.000000000000000000),
 ( 1.000000000000000000, 0.6922711327393459291, 1.000000000000000000),
 ( 1.000000000000000000, 0.6924407042322013872, 1.000000000000000000),
 ( 1.000000000000000000, 0.6931143354385794764, 1.000000000000000000),
 ( 1.000000000000000000, 0.6937914730024198340, 1.000000000000000000),
 ( 1.000000000000000000, 0.6946583704589975872, 1.000000000000000000) ) ) 
 REPRESENTATION_ITEM ( '' )  SURFACE ( )  );
#7055 = PLANE ( 'NONE',  #6572 ) ;
#7056 = CARTESIAN_POINT ( 'NONE',  ( -0.3083854962414629974, 0.7268622491373440964, 0.5000000000000000000 ) ) ;
#7057 = ORIENTED_EDGE ( 'NONE', *, *, #3124, .F. ) ;
#7058 = CARTESIAN_POINT ( 'NONE',  ( -0.7863974213623867726, -0.1899072371498323197, 0.01047349858041840553 ) ) ;
#7059 = ORIENTED_EDGE ( 'NONE', *, *, #2997, .T. ) ;
#7060 = CARTESIAN_POINT ( 'NONE',  ( -0.3902637444257295307, 0.1288079109958113477, 0.5000000000000001110 ) ) ;
#7061 = FACE_OUTER_BOUND ( 'NONE', #82, .T. ) ;
#7062 = DIRECTION ( 'NONE',  ( -0.8660254037844441477, -0.4999999999999904521, 0.000000000000000000 ) ) ;
#7063 = CARTESIAN_POINT ( 'NONE',  ( 0.4532584365806179294, -0.1059238175047215597, 2.230490478583222375E-15 ) ) ;
#7064 = CARTESIAN_POINT ( 'NONE',  ( 0.8049689155484152092, 0.2007485279317182958, 0.4903489949670350456 ) ) ;
#7065 = CARTESIAN_POINT ( 'NONE',  ( 0.7943354577130631311, -0.2149296879569040364, 0.000000000000000000 ) ) ;
#7066 = CARTESIAN_POINT ( 'NONE',  ( 0.4357319187887049861, -0.08048029702922529505, 0.5000000000000000000 ) ) ;
#7067 = ORIENTED_EDGE ( 'NONE', *, *, #1306, .F. ) ;
#7068 = VERTEX_POINT ( 'NONE', #6354 ) ;
#7069 = VERTEX_POINT ( 'NONE', #3574 ) ;
#7070 = B_SPLINE_CURVE_WITH_KNOTS ( 'NONE', 3,
 ( #4646, #5169, #7861, #5879, #5925, #1832, #4598, #6670, #1156, #8002, #2007, #6016 ),
 .UNSPECIFIED., .F., .F.,
 ( 4, 2, 2, 2, 2, 4 ),
 ( 0.000000000000000000, 0.0007727098134046555926, 0.001545419626809311185, 0.001931774533511638981, 0.002318129440213966778, 0.003090839253618622370 ),
 .UNSPECIFIED. ) ;
#7071 = CIRCLE ( 'NONE', #6108, 0.4203766357762464545 ) ;
#7072 = CARTESIAN_POINT ( 'NONE',  ( 0.4360930745396578989, 0.09189566777249029428, 0.4904263669987759533 ) ) ;
#7073 = CARTESIAN_POINT ( 'NONE',  ( -0.2953360926354996474, 0.6647856012985561280, 0.4904175502648558393 ) ) ;
#7074 = CARTESIAN_POINT ( 'NONE',  ( -0.1852048853565171349, -1.029561238656822791E-15, 0.5000000000000001110 ) ) ;
#7075 = CARTESIAN_POINT ( 'NONE',  ( 0.000000000000000000, 0.000000000000000000, 0.4903489949670249426 ) ) ;
#7076 = ADVANCED_FACE ( 'NONE', ( #974 ), #5107, .T. ) ;
#7077 = CARTESIAN_POINT ( 'NONE',  ( -0.7436910917042519609, -0.1118860709189553326, -2.176559238717365613E-16 ) ) ;
#7078 = CARTESIAN_POINT ( 'NONE',  ( 0.8081888614416727901, -0.1859268911966157622, 0.4999999999999999445 ) ) ;
#7079 = CARTESIAN_POINT ( 'NONE',  ( -0.3995728252726689633, -0.1474828760794522076, 0.3318948811265298726 ) ) ;
#7080 = CARTESIAN_POINT ( 'NONE',  ( -0.5361964718785092732, -0.5939419226636138971, 2.347681869555226049E-17 ) ) ;
#7081 = CARTESIAN_POINT ( 'NONE',  ( -0.5833017220635480227, -0.5804504333551081530, 0.000000000000000000 ) ) ;
#7082 = CONICAL_SURFACE ( 'NONE', #479, 0.8125000000000000000, 0.03490658503988666728 ) ;
#7083 = ORIENTED_EDGE ( 'NONE', *, *, #876, .T. ) ;
#7084 = CARTESIAN_POINT ( 'NONE',  ( 0.4834878561127101126, 0.6326176340053992764, 0.5000000000000000000 ) ) ;
#7085 = DIRECTION ( 'NONE',  ( 1.000000000000000000, -1.200511022531335912E-14, 0.000000000000000000 ) ) ;
#7086 = CARTESIAN_POINT ( 'NONE',  ( 0.5578345084813632893, 0.5859931235164766994, 0.01047284203978484686 ) ) ;
#7087 = AXIS2_PLACEMENT_3D ( 'NONE', #7650, #3644, #6337 ) ;
#7088 = DIRECTION ( 'NONE',  ( -0.7161104662940048771, 0.6979869626749363176, 0.000000000000000000 ) ) ;
#7089 = ADVANCED_FACE ( 'NONE', ( #4644 ), #2623, .T. ) ;
#7090 = CARTESIAN_POINT ( 'NONE',  ( 0.2982232566225921366, 0.3471058038979371596, 0.4904180468953599492 ) ) ;
#7091 = CARTESIAN_POINT ( 'NONE',  ( 0.3121210973251913878, -0.3070637899848334684, 0.000000000000000000 ) ) ;
#7092 = CARTESIAN_POINT ( 'NONE',  ( -0.7832945243256038692, 0.1410012422954521616, 0.000000000000000000 ) ) ;
#7093 = CARTESIAN_POINT ( 'NONE',  ( 0.3401899532607897680, -0.2745194998491437000, 0.01034899496703158873 ) ) ;
#7094 = B_SPLINE_CURVE_WITH_KNOTS ( 'NONE', 3,
 ( #4376, #2500, #3023, #2981, #5001, #5660, #5791, #989, #7024, #2321, #7817, #4422, #1166, #7161, #3718, #7064 ),
 .UNSPECIFIED., .F., .F.,
 ( 4, 2, 2, 2, 2, 2, 2, 4 ),
 ( 0.000000000000000000, 0.0005730326344334811311, 0.001146065268866962262, 0.002292130537733923657, 0.002865163172167404463, 0.003438195806600884835, 0.004011228441034365641, 0.004584261075467845580 ),
 .UNSPECIFIED. ) ;
#7095 = AXIS2_PLACEMENT_3D ( 'NONE', #5097, #1088, #5195 ) ;
#7096 = CARTESIAN_POINT ( 'NONE',  ( -0.7629024924119467421, 0.1140802131090666582, 0.000000000000000000 ) ) ;
#7097 = CARTESIAN_POINT ( 'NONE',  ( 0.7636442179137663544, 0.08137434106026143754, 0.5000000000000000000 ) ) ;
#7098 = CARTESIAN_POINT ( 'NONE',  ( -0.8049689155484133218, 0.2007485279317403615, 0.4903489949670249426 ) ) ;
#7099 = EDGE_CURVE ( 'NONE', #3076, #2609, #7803, .T. ) ;
#7100 = CARTESIAN_POINT ( 'NONE',  ( -0.2914571759834250209, 0.3646365152866785087, 0.4999999999999999445 ) ) ;
#7101 = CARTESIAN_POINT ( 'NONE',  ( 0.2940082354114780805, -0.2984410597507543006, 0.4999999999999999445 ) ) ;
#7102 = VECTOR ( 'NONE', #7026, 39.37007874015748143 ) ;
#7103 = CARTESIAN_POINT ( 'NONE',  ( -0.2078209286779812981, 0.7858856615804591383, 0.01038462188171571966 ) ) ;
#7104 = DIRECTION ( 'NONE',  ( 0.8654978445076821902, 0.4996954135095379446, 0.03489949670250104552 ) ) ;
#7105 = CARTESIAN_POINT ( 'NONE',  ( -0.2394500509143352440, 0.8047926583384950039, 0.5000000000000000000 ) ) ;
#7106 = VERTEX_POINT ( 'NONE', #5252 ) ;
#7107 = DIRECTION ( 'NONE',  ( 0.5000000000000096589, 0.8660254037844331565, -0.000000000000000000 ) ) ;
#7108 = ORIENTED_EDGE ( 'NONE', *, *, #4102, .T. ) ;
#7109 = CARTESIAN_POINT ( 'NONE',  ( -0.7276087391541816718, -0.09112792079783305077, 0.000000000000000000 ) ) ;
#7110 = FACE_OUTER_BOUND ( 'NONE', #421, .T. ) ;
#7111 = CARTESIAN_POINT ( 'NONE',  ( 0.09443967637218203537, 0.4117214966126737097, 0.4903933132263862404 ) ) ;
#7112 = ADVANCED_FACE ( 'NONE', ( #4545 ), #1047, .T. ) ;
#7113 = CARTESIAN_POINT ( 'NONE',  ( -0.5005392965206826306, -0.6249189084472684952, 0.4905662271648514317 ) ) ;
#7114 = CYLINDRICAL_SURFACE ( 'NONE', #3207, 0.01000000000000000194 ) ;
#7115 = CARTESIAN_POINT ( 'NONE',  ( 0.2240387489162587731, 0.7959614442445805960, 0.4118156074920727994 ) ) ;
#7116 = FACE_OUTER_BOUND ( 'NONE', #1981, .T. ) ;
#7117 = CARTESIAN_POINT ( 'NONE',  ( 0.4894415122910308891, -0.06663272750606108463, 0.5000000000000000000 ) ) ;
#7118 = ORIENTED_EDGE ( 'NONE', *, *, #5586, .T. ) ;
#7119 = EDGE_LOOP ( 'NONE', ( #2416, #6073, #6635, #8727 ) ) ;
#7120 = ORIENTED_EDGE ( 'NONE', *, *, #4182, .T. ) ;
#7121 = ORIENTED_EDGE ( 'NONE', *, *, #5055, .T. ) ;
#7122 = AXIS2_PLACEMENT_3D ( 'NONE', #2749, #8124, #8167 ) ;
#7123 = CARTESIAN_POINT ( 'NONE',  ( 0.3989217307994855632, 0.1329774474843515020, 0.4903741746603194618 ) ) ;
#7124 = CARTESIAN_POINT ( 'NONE',  ( -0.3515599598283578597, -0.7621990063876997734, 0.4899764014357801400 ) ) ;
#7125 = CARTESIAN_POINT ( 'NONE',  ( 0.1696556653263564807, -0.4806416258613510073, 0.01000000000000000021 ) ) ;
#7126 = CARTESIAN_POINT ( 'NONE',  ( -0.3109802194573057510, 0.7105053363557862767, 0.5000000000000001110 ) ) ;
#7127 = CARTESIAN_POINT ( 'NONE',  ( -0.3136191193857639781, -0.2646828876051629531, 0.5000000000000000000 ) ) ;
#7128 = CARTESIAN_POINT ( 'NONE',  ( 0.1783601429567546193, 0.4621821011988286321, 0.4903489949670250536 ) ) ;
#7129 = CARTESIAN_POINT ( 'NONE',  ( -0.6860753790827307519, -0.09348968238304186662, 0.007454521212993938870 ) ) ;
#7130 = CARTESIAN_POINT ( 'NONE',  ( -0.5818397538638940825, -0.5671144071733769110, -2.134256245050205639E-18 ) ) ;
#7131 = DIRECTION ( 'NONE',  ( -0.5000000000000003331, 0.8660254037844384856, 0.000000000000000000 ) ) ;
#7132 = TOROIDAL_SURFACE ( 'NONE', #2345, 0.8396172724939445775, 0.01000000000000000021 ) ;
#7133 = ORIENTED_EDGE ( 'NONE', *, *, #4360, .T. ) ;
#7134 = CARTESIAN_POINT ( 'NONE',  ( 0.4322587621524522361, 0.6059972603306763572, 0.5000000000000001110 ) ) ;
#7135 = EDGE_CURVE ( 'NONE', #5534, #2899, #1853, .T. ) ;
#7136 = CARTESIAN_POINT ( 'NONE',  ( 0.06764588407315187679, -0.4318728915606556695, 0.01034899496702501066 ) ) ;
#7137 = DIRECTION ( 'NONE',  ( 1.000000000000000000, 0.000000000000000000, 0.000000000000000000 ) ) ;
#7138 = AXIS2_PLACEMENT_3D ( 'NONE', #1816, #6521, #5953 ) ;
#7139 = CIRCLE ( 'NONE', #8126, 0.01000000000000001929 ) ;
#7140 = CARTESIAN_POINT ( 'NONE',  ( -0.3063690815887447627, -0.2732733580821192776, 0.5000000000000000000 ) ) ;
#7141 = CARTESIAN_POINT ( 'NONE',  ( 0.4456798538367012785, 0.07556049500719784484, 0.4999999999999999445 ) ) ;
#7142 = CARTESIAN_POINT ( 'NONE',  ( -0.1304359985505002817, -0.4429376819049695713, 3.833014160343194901E-16 ) ) ;
#7143 = CARTESIAN_POINT ( 'NONE',  ( 0.4246192823237079916, -0.5667179864849787307, -0.000000000000000000 ) ) ;
#7144 = CIRCLE ( 'NONE', #4463, 0.8396172724939445775 ) ;
#7145 = EDGE_CURVE ( 'NONE', #5052, #3908, #8463, .T. ) ;
#7146 = CARTESIAN_POINT ( 'NONE',  ( 0.000000000000000000, 0.000000000000000000, 0.000000000000000000 ) ) ;
#7147 = CARTESIAN_POINT ( 'NONE',  ( 0.8180605934401358192, 0.1700659635149619209, 0.4999999999999998335 ) ) ;
#7148 = CARTESIAN_POINT ( 'NONE',  ( -0.8172638322739660399, 0.1618138533801938561, 0.5000000000000001110 ) ) ;
#7149 = CARTESIAN_POINT ( 'NONE',  ( 0.09021097956088187930, -0.1562500000000009992, 0.01000000000000002970 ) ) ;
#7150 = FACE_OUTER_BOUND ( 'NONE', #7168, .T. ) ;
#7151 = CARTESIAN_POINT ( 'NONE',  ( 0.4004751779392846656, -0.1485653885799917140, 0.2966765156263425074 ) ) ;
#7152 = EDGE_CURVE ( 'NONE', #7678, #3829, #1038, .T. ) ;
#7153 = ORIENTED_EDGE ( 'NONE', *, *, #2819, .F. ) ;
#7154 = CIRCLE ( 'NONE', #548, 0.01000000000000003490 ) ;
#7155 = FACE_OUTER_BOUND ( 'NONE', #2237, .T. ) ;
#7156 = EDGE_LOOP ( 'NONE', ( #6168, #3257, #3994, #7466 ) ) ;
#7157 = CARTESIAN_POINT ( 'NONE',  ( -0.7958094579321784989, -0.1811779502023070088, -0.000000000000000000 ) ) ;
#7158 = CARTESIAN_POINT ( 'NONE',  ( 0.2879192226586792525, 0.6515722055111240474, 0.4956723049532018033 ) ) ;
#7159 = CARTESIAN_POINT ( 'NONE',  ( 0.1384626288808920580, 0.4236155476027883560, 0.4904263670073868986 ) ) ;
#7160 = CARTESIAN_POINT ( 'NONE',  ( -0.4598255610696685425, -0.6245694383256419346, 0.5000000000000000000 ) ) ;
#7161 = CARTESIAN_POINT ( 'NONE',  ( 0.8078073135044443465, 0.1857296003265708484, 0.4904138798737705529 ) ) ;
#7162 = CARTESIAN_POINT ( 'NONE',  ( 0.3227352852916755555, 0.3692272300016453124, 0.01039148047315507570 ) ) ;
#7163 = CARTESIAN_POINT ( 'NONE',  ( 0.2001322355477746229, -0.7877349948989661454, 0.007454521230928075684 ) ) ;
#7164 = CARTESIAN_POINT ( 'NONE',  ( -0.3227597714111629101, -0.3922469289992507879, 0.01000000000000000021 ) ) ;
#7165 = VERTEX_POINT ( 'NONE', #3981 ) ;
#7166 = ADVANCED_FACE ( 'NONE', ( #3937 ), #5166, .T. ) ;
#7167 = ORIENTED_EDGE ( 'NONE', *, *, #7613, .T. ) ;
#7168 = EDGE_LOOP ( 'NONE', ( #4543, #4044, #141, #2060 ) ) ;
#7169 = ORIENTED_EDGE ( 'NONE', *, *, #7699, .T. ) ;
#7170 = CARTESIAN_POINT ( 'NONE',  ( 0.3951155369924809202, 0.1425376820703233849, 0.5000000000000000000 ) ) ;
#7171 = CARTESIAN_POINT ( 'NONE',  ( -0.2793614224475941543, -0.6481159773639803001, 0.3329279441485930580 ) ) ;
#7172 = DIRECTION ( 'NONE',  ( -0.3599622404978505830, -0.9329668726250508470, -3.518290431223434818E-14 ) ) ;
#7173 = CARTESIAN_POINT ( 'NONE',  ( -0.2605015851798551663, 0.7432701530457281880, -2.307110512044998972E-16 ) ) ;
#7174 = CARTESIAN_POINT ( 'NONE',  ( -0.5011448068636720210, 0.09348936085653676564, 0.007463728527815797348 ) ) ;
#7175 = CARTESIAN_POINT ( 'NONE',  ( -0.7789129509567440657, -0.1335891310638893381, 0.000000000000000000 ) ) ;
#7176 = CARTESIAN_POINT ( 'NONE',  ( 0.8018346292116794727, -0.1412563802823104397, 0.4905419968494953431 ) ) ;
#7177 = CARTESIAN_POINT ( 'NONE',  ( -0.7585936210456830642, -0.09002186186327582051, 0.4905277075521671803 ) ) ;
#7178 = CARTESIAN_POINT ( 'NONE',  ( -0.7082376937018278751, -0.07644074169527785567, 0.4956723049532018033 ) ) ;
#7179 = LINE ( 'NONE', #3876, #6584 ) ;
#7180 = PLANE ( 'NONE',  #6019 ) ;
#7181 = ORIENTED_EDGE ( 'NONE', *, *, #3700, .F. ) ;
#7182 = CARTESIAN_POINT ( 'NONE',  ( 0.3267351047334619563, -0.3783718961987367346, -3.000715666008844696E-16 ) ) ;
#7183 = CARTESIAN_POINT ( 'NONE',  ( 0.1308093304555714986, -0.4426371477629994500, 0.01042308825612734552 ) ) ;
#7184 = DIRECTION ( 'NONE',  ( 1.000000000000000000, 3.552713678800500929E-15, 0.000000000000000000 ) ) ;
#7185 = CARTESIAN_POINT ( 'NONE',  ( 0.3209990221656902620, -0.2709112514302567387, 0.5000000000000000000 ) ) ;
#7186 = CARTESIAN_POINT ( 'NONE',  ( 0.3860316643059775732, 0.1392606806979860279, 0.5000000000000000000 ) ) ;
#7187 = CARTESIAN_POINT ( 'NONE',  ( -0.1643121218194759647, -0.4721468491067108975, 2.040486652890187053E-14 ) ) ;
#7188 = CARTESIAN_POINT ( 'NONE',  ( -0.2003031600502055420, 0.7877895581393028479, 0.009999999999999998473 ) ) ;
#7189 = CARTESIAN_POINT ( 'NONE',  ( -0.7376795999178220598, 0.1072833177670923926, 0.01053712401242833455 ) ) ;
#7190 = VERTEX_POINT ( 'NONE', #8569 ) ;
#7191 = CARTESIAN_POINT ( 'NONE',  ( -0.4117055280199305445, -0.5798294372753648451, 0.4899999999999999911 ) ) ;
#7192 = CARTESIAN_POINT ( 'NONE',  ( 0.1147684311089339493, -0.4147469784567544004, 0.4904181060706521711 ) ) ;
#7193 = CARTESIAN_POINT ( 'NONE',  ( -0.8112086243960198173, 0.1377328602011987368, 0.5000000000000001110 ) ) ;
#7194 = CARTESIAN_POINT ( 'NONE',  ( -0.2890564537641520104, 0.3537123382753926681, 0.5000000000000000000 ) ) ;
#7195 =( BOUNDED_SURFACE ( )  B_SPLINE_SURFACE ( 3, 2, ( 
 ( #7261, #3218, #1940 ),
 ( #3395, #6739, #1221 ),
 ( #5990, #8685, #7345 ),
 ( #4620, #4663, #564 ),
 ( #7305, #5326, #1315 ),
 ( #3999, #6602, #6693 ),
 ( #2510, #5232, #5277 ),
 ( #3350, #8731, #1851 ),
 ( #4046, #5368, #2598 ),
 ( #521, #3261, #1359 ),
 ( #2684, #5192, #700 ),
 ( #8545, #4523, #5944 ),
 ( #8637, #5901, #2555 ),
 ( #7216, #1176, #7927 ) ),
 .UNSPECIFIED., .F., .F., .F. ) 
 B_SPLINE_SURFACE_WITH_KNOTS ( ( 4, 2, 2, 2, 2, 2, 4 ),
 ( 3, 3 ),
 ( -1.084202172485504434E-19, 0.0008346611135472072236, 0.001251991670320810835, 0.001669322227094414447, 0.002086652783868017842, 0.002503983340641621671, 0.003338644454188828894 ),
 ( 0.000000000000000000, 1.000000000000000000 ),
 .UNSPECIFIED. ) 
 GEOMETRIC_REPRESENTATION_ITEM ( )  RATIONAL_B_SPLINE_SURFACE ( (
 ( 1.000000000000000000, 0.6946583704589971431, 1.000000000000000000),
 ( 1.000000000000000000, 0.6937907826653980647, 1.000000000000000000),
 ( 1.000000000000000000, 0.6931277949529275340, 1.000000000000000000),
 ( 1.000000000000000000, 0.6924456476118761028, 1.000000000000000000),
 ( 1.000000000000000000, 0.6922729346303030384, 1.000000000000000000),
 ( 1.000000000000000000, 0.6920444512839037943, 1.000000000000000000),
 ( 1.000000000000000000, 0.6919866958679036228, 1.000000000000000000),
 ( 1.000000000000000000, 0.6919852496725128477, 1.000000000000000000),
 ( 1.000000000000000000, 0.6920430171157140320, 1.000000000000000000),
 ( 1.000000000000000000, 0.6922710330110072308, 1.000000000000000000),
 ( 1.000000000000000000, 0.6924405880962973825, 1.000000000000000000),
 ( 1.000000000000000000, 0.6931142014346803881, 1.000000000000000000),
 ( 1.000000000000000000, 0.6937913703812887967, 1.000000000000000000),
 ( 1.000000000000000000, 0.6946583704589969210, 1.000000000000000000) ) ) 
 REPRESENTATION_ITEM ( '' )  SURFACE ( )  );
#7196 = CARTESIAN_POINT ( 'NONE',  ( -0.3131367133805446623, 0.3721655436640632364, 0.000000000000000000 ) ) ;
#7197 = EDGE_CURVE ( 'NONE', #3554, #4195, #2536, .T. ) ;
#7198 = CARTESIAN_POINT ( 'NONE',  ( 0.4752884246841066473, 0.6305007984724489978, 0.5000000000000000000 ) ) ;
#7199 = CARTESIAN_POINT ( 'NONE',  ( 0.1743684969108513505, -0.4386913483865763630, 0.5000000000000000000 ) ) ;
#7200 = VERTEX_POINT ( 'NONE', #3892 ) ;
#7201 = CARTESIAN_POINT ( 'NONE',  ( -0.2538639475292200909, -0.7687098774755434238, 0.000000000000000000 ) ) ;
#7202 = VERTEX_POINT ( 'NONE', #545 ) ;
#7203 = CARTESIAN_POINT ( 'NONE',  ( 0.1514409284717342652, 0.4317841319489813534, 0.4904181029472119979 ) ) ;
#7204 = CARTESIAN_POINT ( 'NONE',  ( -0.1536438413639273359, -0.4461039728279863059, 0.000000000000000000 ) ) ;
#7205 = EDGE_CURVE ( 'NONE', #2283, #2581, #1317, .T. ) ;
#7206 = CARTESIAN_POINT ( 'NONE',  ( -0.06609935683364094594, -0.4219993685819827256, 0.01000000000000064379 ) ) ;
#7207 = CARTESIAN_POINT ( 'NONE',  ( 0.7376818773760890346, -0.1072846873319754230, 0.01053712970575420432 ) ) ;
#7208 = B_SPLINE_CURVE_WITH_KNOTS ( 'NONE', 3,
 ( #2797, #1348, #7458, #6679, #6636, #687, #4781, #8048, #5314, #2013, #1304, #1973 ),
 .UNSPECIFIED., .F., .F.,
 ( 4, 2, 2, 2, 2, 4 ),
 ( 1.301042606982605321E-17, 0.0007727098128124524398, 0.001545419625624891869, 0.001931774532031112126, 0.002318129438437332383, 0.003090839251249773330 ),
 .UNSPECIFIED. ) ;
#7209 = CARTESIAN_POINT ( 'NONE',  ( -0.2027673521306033455, 0.7974811915099430104, 0.01000000000000000021 ) ) ;
#7210 = ORIENTED_EDGE ( 'NONE', *, *, #3921, .T. ) ;
#7211 = CARTESIAN_POINT ( 'NONE',  ( 0.1386251428805649610, -0.4237013839876737076, 0.4904263270675878750 ) ) ;
#7212 = EDGE_LOOP ( 'NONE', ( #1666, #3976, #4506, #2572 ) ) ;
#7213 = ORIENTED_EDGE ( 'NONE', *, *, #5796, .F. ) ;
#7214 = ORIENTED_EDGE ( 'NONE', *, *, #2351, .T. ) ;
#7215 = CARTESIAN_POINT ( 'NONE',  ( 0.4403420570267957967, 0.08889660819012593085, 0.4999999999999999445 ) ) ;
#7216 = CARTESIAN_POINT ( 'NONE',  ( -0.4078358373339457943, 0.1573533917115209624, 0.01034899496702501066 ) ) ;
#7217 = CARTESIAN_POINT ( 'NONE',  ( 0.7964151768460994152, -0.1897815150551913632, -0.000000000000000000 ) ) ;
#7218 = CARTESIAN_POINT ( 'NONE',  ( -0.3066827953436422338, -0.2735743613508134775, 0.5000000000000001110 ) ) ;
#7219 = ADVANCED_FACE ( 'NONE', ( #126 ), #2790, .T. ) ;
#7220 = EDGE_CURVE ( 'NONE', #6735, #3383, #693, .T. ) ;
#7221 = CARTESIAN_POINT ( 'NONE',  ( -0.4894415122910310001, 0.07628961525413159583, 0.5000000000000000000 ) ) ;
#7222 = CARTESIAN_POINT ( 'NONE',  ( 0.1804219591217608998, -9.631941075228343956E-16, 0.4958578643762689420 ) ) ;
#7223 = CARTESIAN_POINT ( 'NONE',  ( -0.1696609409191350559, -0.4806385799964424943, 0.01034899496702501066 ) ) ;
#7224 = VERTEX_POINT ( 'NONE', #4110 ) ;
#7225 = CARTESIAN_POINT ( 'NONE',  ( 0.3227597714111539728, -0.3922469289992582264, 0.000000000000000000 ) ) ;
#7226 = CARTESIAN_POINT ( 'NONE',  ( 0.1431148993854751972, -0.4510676930004417495, 3.121656033305759735E-15 ) ) ;
#7227 = B_SPLINE_CURVE_WITH_KNOTS ( 'NONE', 3,
 ( #4446, #7620, #5640, #5070, #1104, #6485, #7047 ),
 .UNSPECIFIED., .F., .F.,
 ( 4, 3, 4 ),
 ( 0.0002453330536732115769, 0.005080000045169059779, 0.01244711815570814263 ),
 .UNSPECIFIED. ) ;
#7228 = B_SPLINE_CURVE_WITH_KNOTS ( 'NONE', 3,
 ( #1668, #4343, #7033, #4478, #8546, #2556, #7306 ),
 .UNSPECIFIED., .F., .F.,
 ( 4, 3, 4 ),
 ( 0.0002630746159416516550, 0.005080000040960759404, 0.01246485972435598839 ),
 .UNSPECIFIED. ) ;
#7229 = CARTESIAN_POINT ( 'NONE',  ( 0.3146227130516012771, -0.2789876292518372325, 0.4903741746603198504 ) ) ;
#7230 = CARTESIAN_POINT ( 'NONE',  ( 0.2993659014498552540, 0.3166427845552503006, 0.4904246938971123515 ) ) ;
#7231 = AXIS2_PLACEMENT_3D ( 'NONE', #4119, #6775, #6192 ) ;
#7232 = DIRECTION ( 'NONE',  ( 0.7642113041444481558, -0.6449659546191889303, 0.000000000000000000 ) ) ;
#7233 = DIRECTION ( 'NONE',  ( -0.4999999999999905076, 0.8660254037844441477, 0.000000000000000000 ) ) ;
#7234 = CARTESIAN_POINT ( 'NONE',  ( 0.2989992934248568712, -0.3164858576033729998, 0.4904263084148324792 ) ) ;
#7235 = EDGE_LOOP ( 'NONE', ( #6642, #8262, #8309, #8393 ) ) ;
#7236 = VECTOR ( 'NONE', #767, 39.37007874015748143 ) ;
#7237 = CARTESIAN_POINT ( 'NONE',  ( 0.8172722718066194325, 0.1618242385002682249, 0.5000000000000001110 ) ) ;
#7238 = DIRECTION ( 'NONE',  ( 1.775701195881765889E-13, 0.000000000000000000, -1.000000000000000000 ) ) ;
#7239 = FACE_OUTER_BOUND ( 'NONE', #6333, .T. ) ;
#7240 = CARTESIAN_POINT ( 'NONE',  ( 0.1380063385729879133, 0.4147714191179455723, 0.1684179820176009701 ) ) ;
#7241 = CARTESIAN_POINT ( 'NONE',  ( -0.1431843075104752838, -0.4257957118349691705, 0.5000000000000000000 ) ) ;
#7242 = VECTOR ( 'NONE', #6626, 39.37007874015748854 ) ;
#7243 = CARTESIAN_POINT ( 'NONE',  ( -0.1784398515063022606, 0.4758562826281609315, 0.000000000000000000 ) ) ;
#7244 = CARTESIAN_POINT ( 'NONE',  ( 0.7079997865524698675, -0.07662663577625426770, 0.4903489949670346015 ) ) ;
#7245 = ADVANCED_FACE ( 'NONE', ( #6182 ), #3325, .T. ) ;
#7246 = CARTESIAN_POINT ( 'NONE',  ( -0.2154477707652872887, -0.7839477653625407383, 0.01042077290530897191 ) ) ;
#7247 = ORIENTED_EDGE ( 'NONE', *, *, #1846, .F. ) ;
#7248 = TOROIDAL_SURFACE ( 'NONE', #7095, 0.8396172724939445775, 0.01000000000000000021 ) ;
#7249 = CARTESIAN_POINT ( 'NONE',  ( 0.1245375403186926438, -0.4175797927354951700, 0.4904246938222637797 ) ) ;
#7250 = CARTESIAN_POINT ( 'NONE',  ( 0.1870151214018309915, 0.4571851470637324777, 0.5000000000000000000 ) ) ;
#7251 = CARTESIAN_POINT ( 'NONE',  ( 0.7863031439663822342, 0.2170769943968608728, 0.09181531335406174776 ) ) ;
#7252 = DIRECTION ( 'NONE',  ( -0.4999999999999898970, 0.8660254037844443697, 1.736026325710964417E-18 ) ) ;
#7253 = CARTESIAN_POINT ( 'NONE',  ( -0.4892047550308305515, -0.06663272750604992689, 0.5000000000000000000 ) ) ;
#7254 = CARTESIAN_POINT ( 'NONE',  ( 0.5705332722320086702, -0.6148993325221264739, 0.5000000000000001110 ) ) ;
#7255 = ORIENTED_EDGE ( 'NONE', *, *, #8467, .F. ) ;
#7256 = ORIENTED_EDGE ( 'NONE', *, *, #8082, .F. ) ;
#7257 = EDGE_CURVE ( 'NONE', #4618, #3345, #5685, .T. ) ;
#7258 = VERTEX_POINT ( 'NONE', #4892 ) ;
#7259 = EDGE_LOOP ( 'NONE', ( #3964, #7946, #3390, #5174 ) ) ;
#7260 = CARTESIAN_POINT ( 'NONE',  ( 0.000000000000000000, 0.000000000000000000, 0.4903489949670248316 ) ) ;
#7261 = CARTESIAN_POINT ( 'NONE',  ( -0.5010756907753637357, 0.09338860513229084448, 0.01034899496702501066 ) ) ;
#7262 = DIRECTION ( 'NONE',  ( 0.9329668726250511801, -0.3599622404978494727, 0.000000000000000000 ) ) ;
#7263 = CARTESIAN_POINT ( 'NONE',  ( -0.2518977640178073907, 0.7560880369482143593, 0.01055190533826875533 ) ) ;
#7264 = CARTESIAN_POINT ( 'NONE',  ( -0.4078358373339520115, -0.1573533917115136072, 0.01034899496702501066 ) ) ;
#7265 = CARTESIAN_POINT ( 'NONE',  ( -0.6947385653340952816, 0.08339469686210210231, -0.000000000000000000 ) ) ;
#7266 = DIRECTION ( 'NONE',  ( -0.000000000000000000, -0.000000000000000000, -1.000000000000000000 ) ) ;
#7267 = CARTESIAN_POINT ( 'NONE',  ( 0.5576632024154647427, -0.5860865257954860352, 0.01047349858041839860 ) ) ;
#7268 = CARTESIAN_POINT ( 'NONE',  ( 0.08088218006131990545, -0.04669734843104809269, 0.01000000000000000021 ) ) ;
#7269 = EDGE_LOOP ( 'NONE', ( #8645, #4911, #4194, #5576, #4087, #7880, #3513, #239 ) ) ;
#7270 = CARTESIAN_POINT ( 'NONE',  ( 0.3183772855478509411, -0.3344297292652103071, 0.000000000000000000 ) ) ;
#7271 = AXIS2_PLACEMENT_3D ( 'NONE', #1384, #6765, #7496 ) ;
#7272 = CARTESIAN_POINT ( 'NONE',  ( 0.06770180884172422031, -0.4322299331137986478, -2.134256245050205639E-18 ) ) ;
#7273 = EDGE_CURVE ( 'NONE', #6156, #6927, #2315, .T. ) ;
#7274 = CARTESIAN_POINT ( 'NONE',  ( 0.1804219591217609275, -9.572035194145888967E-16, 0.4899999999999999911 ) ) ;
#7275 = CARTESIAN_POINT ( 'NONE',  ( 0.7901662921548462393, -0.2137311679064938241, 0.1732836465128099468 ) ) ;
#7276 = CARTESIAN_POINT ( 'NONE',  ( -0.3033805449964490641, -0.3019491894803629228, 0.4904132062386840074 ) ) ;
#7277 = CARTESIAN_POINT ( 'NONE',  ( 0.3212565770584268066, 0.2711286181930229744, 0.4903489949670249426 ) ) ;
#7278 = AXIS2_PLACEMENT_3D ( 'NONE', #8137, #847, #2133 ) ;
#7279 = CARTESIAN_POINT ( 'NONE',  ( -0.1696609409191349449, -0.4806385799964423833, 0.01034899496702500026 ) ) ;
#7280 = CARTESIAN_POINT ( 'NONE',  ( 0.1074642469884222046, 0.4331573935051041824, 0.01041668432707556179 ) ) ;
#7281 = CARTESIAN_POINT ( 'NONE',  ( -0.5507856860767706975, 0.5894285483615905319, 0.01049752550059984517 ) ) ;
#7282 = ORIENTED_EDGE ( 'NONE', *, *, #7356, .T. ) ;
#7283 = CARTESIAN_POINT ( 'NONE',  ( 0.4617522033546194726, 0.5852089020531116015, 0.01053712970575423381 ) ) ;
#7284 = EDGE_CURVE ( 'NONE', #2225, #1218, #630, .T. ) ;
#7285 = CARTESIAN_POINT ( 'NONE',  ( 0.5892552948225880938, -0.5743422737582010162, 0.01000000000000000021 ) ) ;
#7286 = CARTESIAN_POINT ( 'NONE',  ( -0.7249248560905597882, 0.06663272753916706093, 0.5000000000000000000 ) ) ;
#7287 = DIRECTION ( 'NONE',  ( 0.000000000000000000, 0.000000000000000000, 1.000000000000000000 ) ) ;
#7288 = CARTESIAN_POINT ( 'NONE',  ( -0.08358094908208728302, 0.4023822723466248807, 0.4999999999999999445 ) ) ;
#7289 = CARTESIAN_POINT ( 'NONE',  ( -0.1786520112905141955, -0.4620135909377804384, 0.4999999999999999445 ) ) ;
#7290 = CARTESIAN_POINT ( 'NONE',  ( 0.3136191193857640336, 0.2646828876051627866, 0.4899999999999999911 ) ) ;
#7291 = DIRECTION ( 'NONE',  ( 1.000000000000000000, 1.892679809432641924E-16, -0.000000000000000000 ) ) ;
#7292 = ORIENTED_EDGE ( 'NONE', *, *, #3881, .F. ) ;
#7293 = AXIS2_PLACEMENT_3D ( 'NONE', #1426, #3607, #4113 ) ;
#7294 = CARTESIAN_POINT ( 'NONE',  ( -0.7629019703829350574, -0.1140695685962749562, -0.000000000000000000 ) ) ;
#7295 = CARTESIAN_POINT ( 'NONE',  ( 0.1329496489171544116, 0.4100487623791783109, 0.5000000000000000000 ) ) ;
#7296 = CARTESIAN_POINT ( 'NONE',  ( -0.4316064409420230508, -0.6066969874675005592, 0.5000000000000000000 ) ) ;
#7297 = DIRECTION ( 'NONE',  ( 1.000000000000000000, -1.200511022531335912E-14, 0.000000000000000000 ) ) ;
#7298 = CARTESIAN_POINT ( 'NONE',  ( 0.5246942137940665551, -0.6336843036227920445, 0.5000000000000001110 ) ) ;
#7299 = ORIENTED_EDGE ( 'NONE', *, *, #4638, .T. ) ;
#7300 = EDGE_LOOP ( 'NONE', ( #7825, #4963, #3258, #908 ) ) ;
#7301 =( BOUNDED_SURFACE ( )  B_SPLINE_SURFACE ( 3, 2, ( 
 ( #7158, #2977, #8348 ),
 ( #410, #5656, #6977 ),
 ( #2361, #4954, #1606 ),
 ( #942, #3632, #2317 ) ),
 .UNSPECIFIED., .F., .F., .F. ) 
 B_SPLINE_SURFACE_WITH_KNOTS ( ( 4, 4 ),
 ( 3, 3 ),
 ( 0.02928490207540813961, 0.04170594225001117428 ),
 ( 0.000000000000000000, 1.000000000000000000 ),
 .UNSPECIFIED. ) 
 GEOMETRIC_REPRESENTATION_ITEM ( )  RATIONAL_B_SPLINE_SURFACE ( (
 ( 1.000000000000000000, 0.6163818357170526285, 1.000000000000000000),
 ( 1.000000000000000000, 0.6124652104007414222, 1.000000000000000000),
 ( 1.000000000000000000, 0.6084201088897305265, 1.000000000000000000),
 ( 1.000000000000000000, 0.6042316834830050443, 1.000000000000000000) ) ) 
 REPRESENTATION_ITEM ( '' )  SURFACE ( )  );
#7302 = VERTEX_POINT ( 'NONE', #1584 ) ;
#7303 = ORIENTED_EDGE ( 'NONE', *, *, #2862, .T. ) ;
#7304 = DIRECTION ( 'NONE',  ( -0.000000000000000000, -0.000000000000000000, -1.000000000000000000 ) ) ;
#7305 = CARTESIAN_POINT ( 'NONE',  ( -0.4620253532655152484, 0.1011933099117171830, 0.01041516393984806034 ) ) ;
#7306 = CARTESIAN_POINT ( 'NONE',  ( 0.3212565770584286939, 0.2711286181930245287, 0.4903489949670250536 ) ) ;
#7307 = CARTESIAN_POINT ( 'NONE',  ( -0.2736749683542072376, 0.7415275029960789466, 0.000000000000000000 ) ) ;
#7308 = CARTESIAN_POINT ( 'NONE',  ( 9.449174421913144345E-16, 0.08339469686209423360, 0.01000000000000000021 ) ) ;
#7309 = CARTESIAN_POINT ( 'NONE',  ( -0.7276244516911618554, 0.09112859938520370684, -0.000000000000000000 ) ) ;
#7310 = CARTESIAN_POINT ( 'NONE',  ( -0.5010756907753658451, -0.09338860513227968674, 0.01034899496702501066 ) ) ;
#7311 = CARTESIAN_POINT ( 'NONE',  ( 0.5362225101552514639, -0.5945270441766717928, 0.01053709449109379269 ) ) ;
#7312 = EDGE_CURVE ( 'NONE', #8038, #3075, #4880, .T. ) ;
#7313 = CARTESIAN_POINT ( 'NONE',  ( 0.7375609228452447708, 0.1072181106933946665, 0.01053680569702404590 ) ) ;
#7314 = ORIENTED_EDGE ( 'NONE', *, *, #5963, .F. ) ;
#7315 = CARTESIAN_POINT ( 'NONE',  ( 0.4342671064075004916, 0.1058473821887038480, 0.000000000000000000 ) ) ;
#7316 = CARTESIAN_POINT ( 'NONE',  ( 0.1579138289959639008, 0.4641994144218168361, -5.335640612625513636E-17 ) ) ;
#7317 = CARTESIAN_POINT ( 'NONE',  ( 0.8146658284480057244, 0.2031668088770782199, 0.4899999999999999911 ) ) ;
#7318 = CARTESIAN_POINT ( 'NONE',  ( -0.3059383272137951582, -0.3766492135298589727, 0.4903741714660405093 ) ) ;
#7319 = DIRECTION ( 'NONE',  ( -1.000000000000000000, 1.224646799147354440E-16, 0.000000000000000000 ) ) ;
#7320 = CARTESIAN_POINT ( 'NONE',  ( 0.5892552948225924236, 0.5743422737581783677, 0.000000000000000000 ) ) ;
#7321 = EDGE_CURVE ( 'NONE', #44, #1312, #6125, .T. ) ;
#7322 = CARTESIAN_POINT ( 'NONE',  ( -0.4025114587122254339, -0.1433895954203842082, 0.000000000000000000 ) ) ;
#7323 = CARTESIAN_POINT ( 'NONE',  ( 0.3014541072468571725, -0.3065402531645926021, 0.4904196468800218756 ) ) ;
#7324 = EDGE_LOOP ( 'NONE', ( #6284, #6001, #5483, #5484 ) ) ;
#7325 = CARTESIAN_POINT ( 'NONE',  ( 0.7612273088408847421, 0.1267939793427080020, 0.01057741572469212896 ) ) ;
#7326 = CARTESIAN_POINT ( 'NONE',  ( -0.7637968998978931223, 0.08145558797773012893, 0.5000000000000000000 ) ) ;
#7327 = B_SPLINE_CURVE_WITH_KNOTS ( 'NONE', 3,
 ( #2034, #2695, #7355, #1370 ),
 .UNSPECIFIED., .F., .F.,
 ( 4, 4 ),
 ( 0.0002453586450613538241, 0.01244836874683105492 ),
 .UNSPECIFIED. ) ;
#7328 = CARTESIAN_POINT ( 'NONE',  ( 0.4881746326265681835, -0.6694365506075439232, 0.1631304822318966896 ) ) ;
#7329 = FACE_OUTER_BOUND ( 'NONE', #1558, .T. ) ;
#7330 = ADVANCED_FACE ( 'NONE', ( #8242 ), #8291, .T. ) ;
#7331 = CARTESIAN_POINT ( 'NONE',  ( -0.1783601429567613639, -0.4621821011988404004, 0.4903489949670249426 ) ) ;
#7332 = CARTESIAN_POINT ( 'NONE',  ( 0.000000000000000000, 0.000000000000000000, 0.000000000000000000 ) ) ;
#7333 = CARTESIAN_POINT ( 'NONE',  ( -0.4153263665006084460, 0.5525769747778526142, 0.000000000000000000 ) ) ;
#7334 = ORIENTED_EDGE ( 'NONE', *, *, #2379, .T. ) ;
#7335 = DIRECTION ( 'NONE',  ( 1.133066583063284545E-14, 1.000000000000000000, 0.000000000000000000 ) ) ;
#7336 = CARTESIAN_POINT ( 'NONE',  ( 0.1386532622415514726, 0.4232535950526464252, 0.5000000000000000000 ) ) ;
#7337 = CARTESIAN_POINT ( 'NONE',  ( 0.07417598251892590366, 0.4137806659619404637, 0.4903489949670249426 ) ) ;
#7338 = CARTESIAN_POINT ( 'NONE',  ( -0.4078358373339516785, -0.1573533917115129965, 0.01034899496703158527 ) ) ;
#7339 = DIRECTION ( 'NONE',  ( -0.4999999999999313327, 0.8660254037844782316, 0.000000000000000000 ) ) ;
#7340 = FACE_OUTER_BOUND ( 'NONE', #6865, .T. ) ;
#7341 = ORIENTED_EDGE ( 'NONE', *, *, #4951, .T. ) ;
#7342 = ORIENTED_EDGE ( 'NONE', *, *, #289, .T. ) ;
#7343 = ORIENTED_EDGE ( 'NONE', *, *, #1612, .F. ) ;
#7344 = ORIENTED_EDGE ( 'NONE', *, *, #8509, .T. ) ;
#7345 = CARTESIAN_POINT ( 'NONE',  ( -0.4791335614597429515, 0.08504065965630042134, 0.000000000000000000 ) ) ;
#7346 = DIRECTION ( 'NONE',  ( 0.8660254037844499209, 0.4999999999999804601, 0.000000000000000000 ) ) ;
#7347 = CARTESIAN_POINT ( 'NONE',  ( -0.2794740599102241707, 0.6508526652266507506, 0.000000000000000000 ) ) ;
#7348 = CARTESIAN_POINT ( 'NONE',  ( -0.4900188749600424276, -0.08339469699578649919, 0.000000000000000000 ) ) ;
#7349 = CARTESIAN_POINT ( 'NONE',  ( 0.5010756907753637357, -0.08339469686210011778, 0.01000000000000000021 ) ) ;
#7350 = CARTESIAN_POINT ( 'NONE',  ( 0.4482472228255530711, -0.09676093390025386487, -0.000000000000000000 ) ) ;
#7351 = CARTESIAN_POINT ( 'NONE',  ( -0.4831706927893325565, -0.5934427011430349896, -2.669326210138128185E-15 ) ) ;
#7352 =( BOUNDED_SURFACE ( )  B_SPLINE_SURFACE ( 3, 2, ( 
 ( #8740, #4800, #6824 ),
 ( #1992, #7440, #7982 ),
 ( #708, #4759, #2691 ),
 ( #5376, #8069, #7398 ),
 ( #4627, #8110, #7478 ),
 ( #7313, #25, #4096 ),
 ( #1367, #1411, #2031 ),
 ( #6084, #2072, #747 ),
 ( #6123, #1445, #6653 ),
 ( #4131, #784, #615 ),
 ( #3312, #5999, #4837 ),
 ( #2942, #2279, #4960 ),
 ( #861, #8225, #7517 ),
 ( #2816, #823, #8356 ),
 ( #5572, #6982, #4205 ),
 ( #5493, #8188, #2146 ) ),
 .UNSPECIFIED., .F., .F., .F. ) 
 B_SPLINE_SURFACE_WITH_KNOTS ( ( 4, 2, 2, 2, 2, 2, 2, 4 ),
 ( 3, 3 ),
 ( 1.767249541151372227E-17, 0.0006407458912127004993, 0.001281491782425383434, 0.001922237673638066153, 0.002562983564850749088, 0.003203729456063432023, 0.003844475347276114958, 0.005125967129701480829 ),
 ( 0.000000000000000000, 1.000000000000000000 ),
 .UNSPECIFIED. ) 
 GEOMETRIC_REPRESENTATION_ITEM ( )  RATIONAL_B_SPLINE_SURFACE ( (
 ( 1.000000000000000000, 0.6946583704589973651, 1.000000000000000000),
 ( 1.000000000000000000, 0.6933763159456189928, 1.000000000000000000),
 ( 1.000000000000000000, 0.6922258354536059421, 1.000000000000000000),
 ( 1.000000000000000000, 0.6901861854565043419, 1.000000000000000000),
 ( 1.000000000000000000, 0.6892934039797921075, 1.000000000000000000),
 ( 1.000000000000000000, 0.6878664290910755374, 1.000000000000000000),
 ( 1.000000000000000000, 0.6873162222458745196, 1.000000000000000000),
 ( 1.000000000000000000, 0.6865728636986158095, 1.000000000000000000),
 ( 1.000000000000000000, 0.6863885290838021014, 1.000000000000000000),
 ( 1.000000000000000000, 0.6863859216618370951, 1.000000000000000000),
 ( 1.000000000000000000, 0.6865745309141166874, 1.000000000000000000),
 ( 1.000000000000000000, 0.6873071023373240607, 1.000000000000000000),
 ( 1.000000000000000000, 0.6878557309092453442, 1.000000000000000000),
 ( 1.000000000000000000, 0.6900105260091990989, 1.000000000000000000),
 ( 1.000000000000000000, 0.6920785204202668517, 1.000000000000000000),
 ( 1.000000000000000000, 0.6946583704589974761, 1.000000000000000000) ) ) 
 REPRESENTATION_ITEM ( '' )  SURFACE ( )  );
#7353 = EDGE_LOOP ( 'NONE', ( #8520, #4415, #6126, #5834 ) ) ;
#7354 = CARTESIAN_POINT ( 'NONE',  ( -0.7018331749640599471, 0.09338609777213263685, 0.01042079636764440230 ) ) ;
#7355 = CARTESIAN_POINT ( 'NONE',  ( 0.1725832052997705590, -0.4745253685054800497, 0.1703500779047236180 ) ) ;
#7356 = EDGE_CURVE ( 'NONE', #1664, #7735, #181, .T. ) ;
#7357 = CARTESIAN_POINT ( 'NONE',  ( 0.1696609409191350837, 0.4806385799964424388, 0.01034899496702500026 ) ) ;
#7358 = CARTESIAN_POINT ( 'NONE',  ( 0.2610133083727642633, 0.7435851876948963435, 0.01057231001183497020 ) ) ;
#7359 = CARTESIAN_POINT ( 'NONE',  ( 0.2890564537380054255, -0.3537123382791486637, 0.5000000000000000000 ) ) ;
#7360 = CARTESIAN_POINT ( 'NONE',  ( 0.07333012633727617469, 0.4161814246117378491, 0.4269530013571828930 ) ) ;
#7361 = CARTESIAN_POINT ( 'NONE',  ( -0.3288260746382248856, 0.2909820239423849819, 0.01039148418246292789 ) ) ;
#7362 = CYLINDRICAL_SURFACE ( 'NONE', #6941, 0.01000000000000000541 ) ;
#7363 = CARTESIAN_POINT ( 'NONE',  ( -0.3018649599335233025, -0.7094815289015904414, 0.4905463769172032085 ) ) ;
#7364 = ORIENTED_EDGE ( 'NONE', *, *, #5217, .F. ) ;
#7365 = ADVANCED_FACE ( 'NONE', ( #8373 ), #8201, .F. ) ;
#7366 = CARTESIAN_POINT ( 'NONE',  ( 0.7559393129167253367, 0.1212661620555052916, 0.01057235597143461360 ) ) ;
#7367 = CARTESIAN_POINT ( 'NONE',  ( 0.08419322454898496566, -0.4116179946133580736, 0.5000000000000000000 ) ) ;
#7368 = VECTOR ( 'NONE', #4955, 39.37007874015748143 ) ;
#7369 = CARTESIAN_POINT ( 'NONE',  ( -0.4127906590040678059, -0.1116106035164109861, 0.5000000000000000000 ) ) ;
#7370 = CARTESIAN_POINT ( 'NONE',  ( 0.1432950559782361355, 0.4013050626141467236, 0.4923897055261295397 ) ) ;
#7371 = CARTESIAN_POINT ( 'NONE',  ( 0.8026536665214464294, -0.1410525506439842813, 0.4905463522166766399 ) ) ;
#7372 = AXIS2_PLACEMENT_3D ( 'NONE', #1974, #6500, #6592 ) ;
#7373 = EDGE_CURVE ( 'NONE', #6156, #529, #7380, .T. ) ;
#7374 = CARTESIAN_POINT ( 'NONE',  ( 0.2287240103608939867, -0.7978217641378045899, 0.5000000000000001110 ) ) ;
#7375 = EDGE_CURVE ( 'NONE', #2583, #7548, #4143, .T. ) ;
#7376 = EDGE_LOOP ( 'NONE', ( #685, #56, #2808, #4848, #6974, #4517, #6154, #6112 ) ) ;
#7377 = CARTESIAN_POINT ( 'NONE',  ( -0.2188985145387783438, 0.7923711919196201325, -0.000000000000000000 ) ) ;
#7378 = CARTESIAN_POINT ( 'NONE',  ( -0.2790869009092700748, -0.7652278042830275018, 0.5000000000000000000 ) ) ;
#7379 = CARTESIAN_POINT ( 'NONE',  ( -0.7079997865524704226, -0.07662663577623825273, 0.4903489949670250536 ) ) ;
#7380 = CIRCLE ( 'NONE', #3018, 0.9896446968620942197 ) ;
#7381 = FACE_OUTER_BOUND ( 'NONE', #1152, .T. ) ;
#7382 = CARTESIAN_POINT ( 'NONE',  ( 0.4324289653984013659, -0.5604393599258445935, 0.01041648865680691420 ) ) ;
#7383 = FACE_OUTER_BOUND ( 'NONE', #8343, .T. ) ;
#7384 = CARTESIAN_POINT ( 'NONE',  ( -0.8172722718066194325, -0.1618242385002682526, 0.5000000000000001110 ) ) ;
#7385 = ORIENTED_EDGE ( 'NONE', *, *, #6288, .T. ) ;
#7386 = ORIENTED_EDGE ( 'NONE', *, *, #2245, .F. ) ;
#7387 = AXIS2_PLACEMENT_3D ( 'NONE', #6742, #809, #3507 ) ;
#7388 = ORIENTED_EDGE ( 'NONE', *, *, #4905, .F. ) ;
#7389 = EDGE_CURVE ( 'NONE', #4474, #4994, #335, .T. ) ;
#7390 = ORIENTED_EDGE ( 'NONE', *, *, #8388, .T. ) ;
#7391 = CARTESIAN_POINT ( 'NONE',  ( -0.1755116191059962749, -0.4683149923162996942, 0.3318948813460252945 ) ) ;
#7392 = CARTESIAN_POINT ( 'NONE',  ( 0.6862088809542766787, -0.08339469686210233823, 0.000000000000000000 ) ) ;
#7393 = CARTESIAN_POINT ( 'NONE',  ( 0.2708825144536697871, 0.6359716716399393954, 0.000000000000000000 ) ) ;
#7394 = FACE_OUTER_BOUND ( 'NONE', #4497, .T. ) ;
#7395 = CARTESIAN_POINT ( 'NONE',  ( -0.7926886823693335415, 0.1646502220701047681, -0.000000000000000000 ) ) ;
#7396 = CARTESIAN_POINT ( 'NONE',  ( -0.1074642469884220797, -0.4331573935051041269, 0.01041668432707556005 ) ) ;
#7397 = CARTESIAN_POINT ( 'NONE',  ( -0.4687417255975784292, 0.5881123425246023162, 7.282993744405394276E-15 ) ) ;
#7398 = CARTESIAN_POINT ( 'NONE',  ( 0.7195075215932850154, 0.08821249409177620016, 0.000000000000000000 ) ) ;
#7399 = VERTEX_POINT ( 'NONE', #2430 ) ;
#7400 = FACE_OUTER_BOUND ( 'NONE', #8260, .T. ) ;
#7401 = CARTESIAN_POINT ( 'NONE',  ( -0.3275103299444201976, 0.2722987793082218833, 0.3318948811265316490 ) ) ;
#7402 = CARTESIAN_POINT ( 'NONE',  ( 0.3024263908892093067, -0.3905524195576963176, 0.5000000000000000000 ) ) ;
#7403 = CARTESIAN_POINT ( 'NONE',  ( 0.2537530661332065285, -0.7688136472593093407, -0.000000000000000000 ) ) ;
#7404 = CARTESIAN_POINT ( 'NONE',  ( -0.3179354803411518215, 0.3344171560949010802, 0.01042312753682563507 ) ) ;
#7405 = CARTESIAN_POINT ( 'NONE',  ( -0.7079997865524694234, -0.06663272750604727623, 0.5000000000000000000 ) ) ;
#7406 = CARTESIAN_POINT ( 'NONE',  ( -0.5003812562313088019, 0.6249087399904506013, 0.4905662945849578738 ) ) ;
#7407 = CARTESIAN_POINT ( 'NONE',  ( -0.07411651482678106861, 0.4134489335005787081, 0.5000000000000000000 ) ) ;
#7408 = FACE_OUTER_BOUND ( 'NONE', #5053, .T. ) ;
#7409 = CARTESIAN_POINT ( 'NONE',  ( -0.06985467807357848002, 0.4258955332191551313, 0.1696798208681096209 ) ) ;
#7410 = VECTOR ( 'NONE', #8369, 39.37007874015748143 ) ;
#7411 = CARTESIAN_POINT ( 'NONE',  ( -0.5304911502605401674, 0.6223042467831436664, 0.4905280380405525054 ) ) ;
#7412 = FACE_OUTER_BOUND ( 'NONE', #1437, .T. ) ;
#7413 = CARTESIAN_POINT ( 'NONE',  ( 0.000000000000000000, 0.000000000000000000, 0.000000000000000000 ) ) ;
#7414 = EDGE_CURVE ( 'NONE', #4703, #5520, #8514, .T. ) ;
#7415 = CARTESIAN_POINT ( 'NONE',  ( 0.7379468954321253271, -0.08090879538942676030, 0.4904674725033130178 ) ) ;
#7416 = CARTESIAN_POINT ( 'NONE',  ( 0.3013410457930348341, -0.7021294218964859724, 0.4905280687624674618 ) ) ;
#7417 = EDGE_LOOP ( 'NONE', ( #6812, #4368, #2240, #7852 ) ) ;
#7418 = CARTESIAN_POINT ( 'NONE',  ( -0.2736749683164670377, 0.7415275029765114878, 0.000000000000000000 ) ) ;
#7419 = CARTESIAN_POINT ( 'NONE',  ( -0.2876392800874750244, -0.6514591189165179763, 0.4903489949670249426 ) ) ;
#7420 = AXIS2_PLACEMENT_3D ( 'NONE', #4745, #6030, #1979 ) ;
#7421 = CARTESIAN_POINT ( 'NONE',  ( 0.08358094908208707485, -0.4023822723466250473, 0.5000000000000000000 ) ) ;
#7422 = CARTESIAN_POINT ( 'NONE',  ( 0.2622275360085942753, 0.6409686257750367711, 0.01034899496702867787 ) ) ;
#7423 = CARTESIAN_POINT ( 'NONE',  ( 0.1804219591217609275, -9.572035194145888967E-16, 0.5000000000000000000 ) ) ;
#7424 = ADVANCED_FACE ( 'NONE', ( #8468 ), #6074, .T. ) ;
#7425 = DIRECTION ( 'NONE',  ( 0.000000000000000000, 0.000000000000000000, 1.000000000000000000 ) ) ;
#7426 = EDGE_LOOP ( 'NONE', ( #2846, #4747, #7292, #3545, #6900 ) ) ;
#7427 = ORIENTED_EDGE ( 'NONE', *, *, #8119, .F. ) ;
#7428 = B_SPLINE_CURVE_WITH_KNOTS ( 'NONE', 3,
 ( #107, #6740, #5450, #5487, #701, #6117, #3396, #8103, #6078, #59, #7471, #2065 ),
 .UNSPECIFIED., .F., .F.,
 ( 4, 2, 2, 2, 2, 4 ),
 ( 2.453269466693398698E-18, 0.0007727098134046571105, 0.001545419626809311619, 0.001931774533511639198, 0.002318129440213966344, 0.003090839253618621937 ),
 .UNSPECIFIED. ) ;
#7429 = AXIS2_PLACEMENT_3D ( 'NONE', #1630, #43, #5590 ) ;
#7430 = VERTEX_POINT ( 'NONE', #3184 ) ;
#7431 = VERTEX_POINT ( 'NONE', #1240 ) ;
#7432 = CARTESIAN_POINT ( 'NONE',  ( 0.3007399994255723907, 0.6868732753060847740, 0.4999999999999998335 ) ) ;
#7433 = FACE_OUTER_BOUND ( 'NONE', #4084, .T. ) ;
#7434 = CARTESIAN_POINT ( 'NONE',  ( 0.2003046611694561940, 0.7877954620204894454, 0.01034899496702500026 ) ) ;
#7435 = CARTESIAN_POINT ( 'NONE',  ( 0.4287524622658188678, 0.5876074494650892488, 0.4904138974439160026 ) ) ;
#7436 = CARTESIAN_POINT ( 'NONE',  ( 0.4892047550308306625, 0.06663272750604976036, 0.5000000000000000000 ) ) ;
#7437 = CARTESIAN_POINT ( 'NONE',  ( 0.3083900101726178011, 0.7268768763894581930, 0.4999999999999999445 ) ) ;
#7438 = CARTESIAN_POINT ( 'NONE',  ( 0.4633007160549537651, -0.08993869132848425485, -0.000000000000000000 ) ) ;
#7439 = AXIS2_PLACEMENT_3D ( 'NONE', #6334, #195, #117 ) ;
#7440 = CARTESIAN_POINT ( 'NONE',  ( 0.6939503128813836463, 0.09378701840601023909, 6.926710335493285607E-16 ) ) ;
#7441 = ADVANCED_FACE ( 'NONE', ( #1821 ), #3935, .T. ) ;
#7442 = EDGE_LOOP ( 'NONE', ( #6360, #7468, #696, #2532 ) ) ;
#7443 = CARTESIAN_POINT ( 'NONE',  ( 0.4529746439188767071, 0.1055766247715971412, 0.01042152797426130692 ) ) ;
#7444 = CARTESIAN_POINT ( 'NONE',  ( 0.1469570257528915180, 0.4541112632109777780, -5.335640612625513636E-17 ) ) ;
#7445 = CARTESIAN_POINT ( 'NONE',  ( 0.3018157250682970139, -0.3067061505359378049, 0.4904180500256414832 ) ) ;
#7446 = CARTESIAN_POINT ( 'NONE',  ( 0.7079997865524672029, -0.06663272750606365202, 0.5000000000000000000 ) ) ;
#7447 = B_SPLINE_CURVE_WITH_KNOTS ( 'NONE', 3,
 ( #7618, #1585, #209, #4264, #3653, #8426, #1545 ),
 .UNSPECIFIED., .F., .F.,
 ( 4, 3, 4 ),
 ( 0.0002453330536732115769, 0.005080000045169059779, 0.01244711815570814263 ),
 .UNSPECIFIED. ) ;
#7448 = CARTESIAN_POINT ( 'NONE',  ( 0.2826548835998948794, -0.7177330455959374245, 0.000000000000000000 ) ) ;
#7449 = DIRECTION ( 'NONE',  ( 0.000000000000000000, -1.000000000000000000, 0.000000000000000000 ) ) ;
#7450 = CARTESIAN_POINT ( 'NONE',  ( -0.4321278381102577892, 0.6058758690022615356, 0.5000000000000000000 ) ) ;
#7451 = ORIENTED_EDGE ( 'NONE', *, *, #4748, .T. ) ;
#7452 = CARTESIAN_POINT ( 'NONE',  ( 0.09021097956088187930, -0.1562500000000009992, 0.4899999999999999911 ) ) ;
#7453 = CARTESIAN_POINT ( 'NONE',  ( -0.4508520974507313483, -0.07347406292538734285, 0.5000000000000000000 ) ) ;
#7454 = CARTESIAN_POINT ( 'NONE',  ( -0.3338457559544847353, -0.2823800103759376845, 0.01037315228810353762 ) ) ;
#7455 = CARTESIAN_POINT ( 'NONE',  ( 0.4644711259100953726, 0.5978078151754563363, -0.000000000000000000 ) ) ;
#7456 = CARTESIAN_POINT ( 'NONE',  ( 0.8146658284480013945, -0.2031668088770963720, 0.4899999999999999911 ) ) ;
#7457 = ORIENTED_EDGE ( 'NONE', *, *, #427, .F. ) ;
#7458 = CARTESIAN_POINT ( 'NONE',  ( -0.09443967637218203537, -0.4117214966126737652, 0.4903933132263862960 ) ) ;
#7459 = EDGE_CURVE ( 'NONE', #5988, #1521, #1997, .T. ) ;
#7460 = PLANE ( 'NONE',  #1184 ) ;
#7461 = CARTESIAN_POINT ( 'NONE',  ( 0.1619148974482384762, -0.4272823091670068796, 0.5000000000000000000 ) ) ;
#7462 = CARTESIAN_POINT ( 'NONE',  ( 0.5011448068649246856, 0.09348936085834866350, 0.007463728475605217738 ) ) ;
#7463 = CARTESIAN_POINT ( 'NONE',  ( -0.1870151214018208607, 0.4571851470637369186, 0.5000000000000000000 ) ) ;
#7464 = DIRECTION ( 'NONE',  ( -0.6979869626749405365, -0.7161104662940008803, -0.000000000000000000 ) ) ;
#7465 = ORIENTED_EDGE ( 'NONE', *, *, #4274, .T. ) ;
#7466 = ORIENTED_EDGE ( 'NONE', *, *, #3057, .F. ) ;
#7467 = VERTEX_POINT ( 'NONE', #669 ) ;
#7468 = ORIENTED_EDGE ( 'NONE', *, *, #4748, .F. ) ;
#7469 = EDGE_CURVE ( 'NONE', #6322, #6285, #49, .T. ) ;
#7470 = CARTESIAN_POINT ( 'NONE',  ( -0.2962942585325521461, -0.6464621647814230432, 0.4899999999999999911 ) ) ;
#7471 = CARTESIAN_POINT ( 'NONE',  ( -0.08430093044536157709, 0.4119647336896735124, 0.4903741794150587308 ) ) ;
#7472 = EDGE_CURVE ( 'NONE', #8481, #6373, #7605, .T. ) ;
#7473 = CARTESIAN_POINT ( 'NONE',  ( 0.2002156065323642820, 0.7874452113644972995, 0.000000000000000000 ) ) ;
#7474 = CARTESIAN_POINT ( 'NONE',  ( 0.5708516623191298711, 0.6020493860363124172, 0.4903829658246939838 ) ) ;
#7475 = CARTESIAN_POINT ( 'NONE',  ( -0.1355776593215823611, 0.4338431644034510537, 0.000000000000000000 ) ) ;
#7476 = CARTESIAN_POINT ( 'NONE',  ( -0.8041761654412330484, -0.1482643450641449590, 0.4905280430908285361 ) ) ;
#7477 = CARTESIAN_POINT ( 'NONE',  ( -0.5772617210032746637, 0.5866472651538626737, 0.000000000000000000 ) ) ;
#7478 = CARTESIAN_POINT ( 'NONE',  ( 0.7276087391426868667, 0.09112792081858245297, 0.000000000000000000 ) ) ;
#7479 = ORIENTED_EDGE ( 'NONE', *, *, #6687, .F. ) ;
#7480 = CARTESIAN_POINT ( 'NONE',  ( 0.4219855913842663342, 0.1167729043631953040, 0.000000000000000000 ) ) ;
#7481 = CARTESIAN_POINT ( 'NONE',  ( -0.3254347616285383493, 0.2768903508489263254, 0.000000000000000000 ) ) ;
#7482 = EDGE_CURVE ( 'NONE', #465, #8320, #5980, .T. ) ;
#7483 = EDGE_CURVE ( 'NONE', #7200, #5220, #1754, .T. ) ;
#7484 = CARTESIAN_POINT ( 'NONE',  ( 0.2975652036428347857, -0.3368928073635284459, 0.4904246921605976972 ) ) ;
#7485 = DIRECTION ( 'NONE',  ( -0.9406625533485233337, -0.3393434259387332896, 0.000000000000000000 ) ) ;
#7486 = CARTESIAN_POINT ( 'NONE',  ( 0.2595078686774555665, -0.7625980071449879327, 0.000000000000000000 ) ) ;
#7487 = DIRECTION ( 'NONE',  ( 1.000000000000000000, -1.182525838673188523E-14, 0.000000000000000000 ) ) ;
#7488 = CARTESIAN_POINT ( 'NONE',  ( -0.5328481748722901923, 0.6320379406215432816, 0.5000000000000000000 ) ) ;
#7489 = CARTESIAN_POINT ( 'NONE',  ( -0.08347712948223338925, 0.4019600866310498177, 0.5000000000000000000 ) ) ;
#7490 = CARTESIAN_POINT ( 'NONE',  ( -0.4933656356198420356, -0.08221391972233181578, 0.3303501167231959190 ) ) ;
#7491 = FACE_OUTER_BOUND ( 'NONE', #7551, .T. ) ;
#7492 = EDGE_CURVE ( 'NONE', #4701, #1848, #459, .T. ) ;
#7493 = CARTESIAN_POINT ( 'NONE',  ( -0.5647502088697633482, 0.6067168546944229357, 0.4904138798737704974 ) ) ;
#7494 = PLANE ( 'NONE',  #4273 ) ;
#7495 = CARTESIAN_POINT ( 'NONE',  ( 0.4671021005955695027, -0.06833812634816238685, 0.5000000000000001110 ) ) ;
#7496 = DIRECTION ( 'NONE',  ( 0.7161104662940385168, 0.6979869626749016787, 0.000000000000000000 ) ) ;
#7497 = DIRECTION ( 'NONE',  ( 1.000000000000000000, 0.000000000000000000, 0.000000000000000000 ) ) ;
#7498 = DIRECTION ( 'NONE',  ( 0.8660254037844388186, 0.4999999999999996669, 0.000000000000000000 ) ) ;
#7499 = CARTESIAN_POINT ( 'NONE',  ( 0.1116036301097002997, -0.4038684083715611273, 0.5000000000000001110 ) ) ;
#7500 = DIRECTION ( 'NONE',  ( -0.2711763743890575062, 0.9625296743338388472, 0.000000000000000000 ) ) ;
#7501 = AXIS2_PLACEMENT_3D ( 'NONE', #3776, #3957, #2599 ) ;
#7502 = CARTESIAN_POINT ( 'NONE',  ( 0.5564710492551188104, 0.6233476639258951346, 0.5000000000000000000 ) ) ;
#7503 = CARTESIAN_POINT ( 'NONE',  ( 0.5548208895290408504, 0.5985914537752170528, 0.000000000000000000 ) ) ;
#7504 = EDGE_CURVE ( 'NONE', #1324, #5121, #4061, .T. ) ;
#7505 = ORIENTED_EDGE ( 'NONE', *, *, #4234, .T. ) ;
#7506 = ORIENTED_EDGE ( 'NONE', *, *, #876, .F. ) ;
#7507 = ORIENTED_EDGE ( 'NONE', *, *, #5573, .T. ) ;
#7508 = ORIENTED_EDGE ( 'NONE', *, *, #2379, .F. ) ;
#7509 = AXIS2_PLACEMENT_3D ( 'NONE', #3398, #4667, #2027 ) ;
#7510 = CARTESIAN_POINT ( 'NONE',  ( 0.3002772841442380436, 0.6869490974513049464, 0.4904903611685594300 ) ) ;
#7511 = CARTESIAN_POINT ( 'NONE',  ( 0.1657364585615381802, 0.4572671204461666861, -0.000000000000000000 ) ) ;
#7512 = CARTESIAN_POINT ( 'NONE',  ( 0.5010756907753636247, -0.09375000000000582867, -2.134256245050205639E-18 ) ) ;
#7513 = CARTESIAN_POINT ( 'NONE',  ( 0.5648731812070973968, 0.6066292143356615263, 0.4904132927943276599 ) ) ;
#7514 = CARTESIAN_POINT ( 'NONE',  ( -0.1074880477020592334, 0.4335536128914032616, 0.01041521659827387807 ) ) ;
#7515 = CARTESIAN_POINT ( 'NONE',  ( -0.8086951142740993470, -0.1858169682709024662, 0.4904175297013400048 ) ) ;
#7516 = CARTESIAN_POINT ( 'NONE',  ( -0.5360648908842707838, 0.5939815332359207334, -7.299609747716341109E-15 ) ) ;
#7517 = CARTESIAN_POINT ( 'NONE',  ( 0.7926542557984274096, 0.1645023110724608273, 0.000000000000000000 ) ) ;
#7518 = VECTOR ( 'NONE', #912, 39.37007874015748143 ) ;
#7519 = EDGE_CURVE ( 'NONE', #7258, #7202, #1467, .T. ) ;
#7520 = VERTEX_POINT ( 'NONE', #4295 ) ;
#7521 = EDGE_LOOP ( 'NONE', ( #8016, #6724, #8047, #7633 ) ) ;
#7522 = ORIENTED_EDGE ( 'NONE', *, *, #3682, .T. ) ;
#7523 = CARTESIAN_POINT ( 'NONE',  ( 0.4881746326372672362, 0.6694365505615299528, 0.1631304812544310534 ) ) ;
#7524 =( BOUNDED_SURFACE ( )  B_SPLINE_SURFACE ( 3, 2, ( 
 ( #5250, #3059, #1248 ),
 ( #7105, #1648, #4276 ),
 ( #356, #2972, #3663 ),
 ( #4323, #5782, #6449 ),
 ( #5036, #6359, #1026 ),
 ( #404, #6970, #933 ),
 ( #3708, #3013, #5651 ),
 ( #1917, #5301, #2310 ),
 ( #3105, #4993, #5695 ),
 ( #7721, #1694, #4367 ),
 ( #7056, #6406, #5742 ),
 ( #7947, #8438, #2399 ),
 ( #5079, #7765, #4385 ),
 ( #7648, #867, #6290 ),
 ( #2418, #8411, #7073 ),
 ( #3033, #2375, #2989 ) ),
 .UNSPECIFIED., .F., .F., .T. ) 
 B_SPLINE_SURFACE_WITH_KNOTS ( ( 4, 2, 2, 2, 2, 2, 2, 4 ),
 ( 3, 3 ),
 ( -1.843143693225357538E-17, 0.0006302862152585681074, 0.001260572430517154646, 0.001890858645775741077, 0.002521144861034327507, 0.003151431076292913937, 0.003781717291551500368, 0.005042289722068673229 ),
 ( 0.000000000000000000, 1.000000000000000000 ),
 .UNSPECIFIED. ) 
 GEOMETRIC_REPRESENTATION_ITEM ( )  RATIONAL_B_SPLINE_SURFACE ( (
 ( 1.000000000000000000, 0.7193398003386509698, 1.000000000000000000),
 ( 1.000000000000000000, 0.7205199565867448364, 1.000000000000000000),
 ( 1.000000000000000000, 0.7215717791702167538, 1.000000000000000000),
 ( 1.000000000000000000, 0.7234275177348175045, 1.000000000000000000),
 ( 1.000000000000000000, 0.7242355191405044357, 1.000000000000000000),
 ( 1.000000000000000000, 0.7255236088334781064, 1.000000000000000000),
 ( 1.000000000000000000, 0.7260164974479236255, 1.000000000000000000),
 ( 1.000000000000000000, 0.7266854393934746303, 1.000000000000000000),
 ( 1.000000000000000000, 0.7268502996888203116, 1.000000000000000000),
 ( 1.000000000000000000, 0.7268528309979608304, 1.000000000000000000),
 ( 1.000000000000000000, 0.7266841580817179347, 1.000000000000000000),
 ( 1.000000000000000000, 0.7260260551323031164, 1.000000000000000000),
 ( 1.000000000000000000, 0.7255369467475145662, 1.000000000000000000),
 ( 1.000000000000000000, 0.7235863180380092130, 1.000000000000000000),
 ( 1.000000000000000000, 0.7217174982280620821, 1.000000000000000000),
 ( 1.000000000000000000, 0.7193398003386507478, 1.000000000000000000) ) ) 
 REPRESENTATION_ITEM ( '' )  SURFACE ( )  );
#7525 = AXIS2_PLACEMENT_3D ( 'NONE', #1341, #1922, #3939 ) ;
#7526 = CARTESIAN_POINT ( 'NONE',  ( 0.07241254492021041711, -0.4039435683031577518, 0.4899999999999999911 ) ) ;
#7527 = CARTESIAN_POINT ( 'NONE',  ( 0.5134557100293376530, -0.5978367517677464216, 0.01057231095252477923 ) ) ;
#7528 = DIRECTION ( 'NONE',  ( -1.178029542708652071E-14, -1.000000000000000000, 0.000000000000000000 ) ) ;
#7529 = CARTESIAN_POINT ( 'NONE',  ( 0.7920226469532127833, 0.2231389177517495992, 0.01000000000000000021 ) ) ;
#7530 = CARTESIAN_POINT ( 'NONE',  ( -0.4752988352723223064, 0.6305120213654328287, 0.5000000000000000000 ) ) ;
#7531 = EDGE_CURVE ( 'NONE', #7467, #4701, #2169, .T. ) ;
#7532 = CARTESIAN_POINT ( 'NONE',  ( -0.07417598251892587591, -0.4137806659619404637, 0.4903489949670249426 ) ) ;
#7533 = ORIENTED_EDGE ( 'NONE', *, *, #851, .F. ) ;
#7534 = CARTESIAN_POINT ( 'NONE',  ( 0.3096215447064594173, 0.3178395539541412074, 0.000000000000000000 ) ) ;
#7535 = CARTESIAN_POINT ( 'NONE',  ( -0.4275019657367578607, -0.09744173371598555122, 0.5000000000000048850 ) ) ;
#7536 = CARTESIAN_POINT ( 'NONE',  ( 0.3038454204787702229, -0.6614830041551220674, 0.5000000000000001110 ) ) ;
#7537 = FACE_OUTER_BOUND ( 'NONE', #4962, .T. ) ;
#7538 = EDGE_CURVE ( 'NONE', #7520, #6734, #7795, .T. ) ;
#7539 = AXIS2_PLACEMENT_3D ( 'NONE', #8600, #4440, #6479 ) ;
#7540 = CARTESIAN_POINT ( 'NONE',  ( 0.2188985145526064213, -0.7923711919507817614, 0.000000000000000000 ) ) ;
#7541 = CARTESIAN_POINT ( 'NONE',  ( -0.2986465907146059751, -0.7245679161984428518, 0.4905614448161031982 ) ) ;
#7542 = CARTESIAN_POINT ( 'NONE',  ( 0.5763377827354058125, -0.5967492661558787548, 0.4903489949670350456 ) ) ;
#7543 = CARTESIAN_POINT ( 'NONE',  ( -0.4580650778245311527, -0.09200576433175328139, 0.000000000000000000 ) ) ;
#7544 = CARTESIAN_POINT ( 'NONE',  ( 0.4237247759139702308, 0.08220388002505116254, 0.3306376160481233617 ) ) ;
#7545 = VECTOR ( 'NONE', #354, 39.37007874015748854 ) ;
#7546 = CARTESIAN_POINT ( 'NONE',  ( 0.6857314343843273763, -0.09338860513229327309, 0.01034899496702501066 ) ) ;
#7547 = CARTESIAN_POINT ( 'NONE',  ( 0.4802476088275721144, 0.6036528324846681670, 0.000000000000000000 ) ) ;
#7548 = VERTEX_POINT ( 'NONE', #245 ) ;
#7549 = ORIENTED_EDGE ( 'NONE', *, *, #3111, .F. ) ;
#7550 = CIRCLE ( 'NONE', #7138, 0.01000000000000001582 ) ;
#7551 = EDGE_LOOP ( 'NONE', ( #5622, #4700, #4382, #3878 ) ) ;
#7552 = AXIS2_PLACEMENT_3D ( 'NONE', #6683, #600, #3295 ) ;
#7553 = DIRECTION ( 'NONE',  ( -0.1764512492040770375, -0.9843093805579223865, 0.000000000000000000 ) ) ;
#7554 = CARTESIAN_POINT ( 'NONE',  ( -0.2975652036428349523, 0.3368928073635280573, 0.4904246921605976972 ) ) ;
#7555 = CARTESIAN_POINT ( 'NONE',  ( 0.2848852751483877954, 0.6756916125224101677, 0.000000000000000000 ) ) ;
#7556 = CARTESIAN_POINT ( 'NONE',  ( 0.4389234853388061519, -0.5985159525186452001, 0.4904669482438976935 ) ) ;
#7557 = CARTESIAN_POINT ( 'NONE',  ( -1.121140498401354462E-15, -0.09338860513228569582, 0.01034899496702501066 ) ) ;
#7558 = DIRECTION ( 'NONE',  ( 0.8660254037844377084, 0.5000000000000017764, 0.000000000000000000 ) ) ;
#7559 =( BOUNDED_CURVE ( )  B_SPLINE_CURVE ( 3, ( #2376, #7074, #3729, #376 ),
 .UNSPECIFIED., .F., .F. ) 
 B_SPLINE_CURVE_WITH_KNOTS ( ( 4, 4 ),
 ( 1.570796326794896558, 3.141592653589793116 ),
 .UNSPECIFIED. ) 
 CURVE ( )  GEOMETRIC_REPRESENTATION_ITEM ( )  RATIONAL_B_SPLINE_CURVE ( ( 1.000000000000000000, 0.8047378541243649375, 0.8047378541243649375, 1.000000000000000000 ) ) 
 REPRESENTATION_ITEM ( '' )  );
#7560 = CARTESIAN_POINT ( 'NONE',  ( 0.7998011691679122181, -0.1154740940288028900, 0.4999999999999999445 ) ) ;
#7561 = AXIS2_PLACEMENT_3D ( 'NONE', #1190, #3833, #4012 ) ;
#7562 = ORIENTED_EDGE ( 'NONE', *, *, #7519, .F. ) ;
#7563 = ORIENTED_EDGE ( 'NONE', *, *, #5637, .T. ) ;
#7564 = ORIENTED_EDGE ( 'NONE', *, *, #1189, .F. ) ;
#7565 = CARTESIAN_POINT ( 'NONE',  ( 0.5821323992586225904, 0.5671870975500268308, 0.007454521230928067010 ) ) ;
#7566 = AXIS2_PLACEMENT_3D ( 'NONE', #8412, #3079, #425 ) ;
#7567 = DIRECTION ( 'NONE',  ( 0.1764512492040535008, -0.9843093805579266053, 0.000000000000000000 ) ) ;
#7568 = EDGE_CURVE ( 'NONE', #152, #8018, #4882, .T. ) ;
#7569 = CARTESIAN_POINT ( 'NONE',  ( -0.3324124951561694963, 0.2682434064827367015, 0.01000000000000063859 ) ) ;
#7570 = DIRECTION ( 'NONE',  ( 0.000000000000000000, 0.000000000000000000, 1.000000000000000000 ) ) ;
#7571 = CARTESIAN_POINT ( 'NONE',  ( -0.4389253117492777356, 0.5985176832885981124, 0.4904669564920931535 ) ) ;
#7572 = CARTESIAN_POINT ( 'NONE',  ( 0.3288258335507919239, -0.2909824988645286492, 0.01039148504638546210 ) ) ;
#7573 = CARTESIAN_POINT ( 'NONE',  ( 0.2967689491409950531, 0.3807534430089056787, 0.5000000000000002220 ) ) ;
#7574 =( BOUNDED_SURFACE ( )  B_SPLINE_SURFACE ( 3, 2, ( 
 ( #7405, #4723, #5854 ),
 ( #1278, #3310, #3223 ),
 ( #5285, #5805, #3175 ),
 ( #1902, #1091, #3781 ),
 ( #4575, #3128, #6472 ),
 ( #6608, #429, #7177 ),
 ( #569, #1137, #3825 ),
 ( #6516, #475, #8642 ),
 ( #1856, #4529, #2604 ),
 ( #3267, #1181, #2814 ),
 ( #706, #8066, #4797 ),
 ( #4004, #2029, #6821 ),
 ( #2854, #6121, #7476 ),
 ( #4835, #4052, #2689 ),
 ( #3476, #1321, #7515 ),
 ( #5491, #4712, #6699 ) ),
 .UNSPECIFIED., .F., .F., .F. ) 
 B_SPLINE_SURFACE_WITH_KNOTS ( ( 4, 2, 2, 2, 2, 2, 2, 4 ),
 ( 3, 3 ),
 ( 2.114194236346733646E-17, 0.0006302862164564795606, 0.001260572432912938088, 0.001890858649369396398, 0.002521144865825854925, 0.003151431082282313452, 0.003781717298738771979, 0.005042289731651689033 ),
 ( 0.000000000000000000, 1.000000000000000000 ),
 .UNSPECIFIED. ) 
 GEOMETRIC_REPRESENTATION_ITEM ( )  RATIONAL_B_SPLINE_SURFACE ( (
 ( 1.000000000000000000, 0.7193398003386507478, 1.000000000000000000),
 ( 1.000000000000000000, 0.7205203109738941292, 1.000000000000000000),
 ( 1.000000000000000000, 0.7215723838607310814, 1.000000000000000000),
 ( 1.000000000000000000, 0.7234284248571514198, 1.000000000000000000),
 ( 1.000000000000000000, 0.7242364760474273577, 1.000000000000000000),
 ( 1.000000000000000000, 0.7255244946207271006, 1.000000000000000000),
 ( 1.000000000000000000, 0.7260172650832499297, 1.000000000000000000),
 ( 1.000000000000000000, 0.7266858690948487798, 1.000000000000000000),
 ( 1.000000000000000000, 0.7268505164664498253, 1.000000000000000000),
 ( 1.000000000000000000, 0.7268526187167927421, 1.000000000000000000),
 ( 1.000000000000000000, 0.7266837284338760750, 1.000000000000000000),
 ( 1.000000000000000000, 0.7260252910178632835, 1.000000000000000000),
 ( 1.000000000000000000, 0.7255360622058503184, 1.000000000000000000),
 ( 1.000000000000000000, 0.7235853240589000812, 1.000000000000000000),
 ( 1.000000000000000000, 0.7217167785968179317, 1.000000000000000000),
 ( 1.000000000000000000, 0.7193398003386507478, 1.000000000000000000) ) ) 
 REPRESENTATION_ITEM ( '' )  SURFACE ( )  );
#7575 = CARTESIAN_POINT ( 'NONE',  ( 0.3267116309268272567, 0.3783310035145898698, 9.023130011513540433E-16 ) ) ;
#7576 = CARTESIAN_POINT ( 'NONE',  ( 0.4580650778360881303, 0.09200576436254462309, -0.000000000000000000 ) ) ;
#7577 = ADVANCED_FACE ( 'NONE', ( #4345 ), #3600, .T. ) ;
#7578 = FACE_BOUND ( 'NONE', #749, .T. ) ;
#7579 = DIRECTION ( 'NONE',  ( 0.8660254037844381525, 0.5000000000000008882, 0.000000000000000000 ) ) ;
#7580 = CARTESIAN_POINT ( 'NONE',  ( 0.4357319187968573537, -0.08048029704392715977, 0.5000000000000000000 ) ) ;
#7581 = DIRECTION ( 'NONE',  ( -1.365923996832132280E-14, -1.000000000000000000, 0.000000000000000000 ) ) ;
#7582 = CARTESIAN_POINT ( 'NONE',  ( 0.7913774719943148517, 0.1208885094786650849, 0.4905662945849581513 ) ) ;
#7583 = CARTESIAN_POINT ( 'NONE',  ( 0.2027673521306040949, -0.7974811915099476733, 0.000000000000000000 ) ) ;
#7584 = CARTESIAN_POINT ( 'NONE',  ( -0.8080692856350197850, 0.1708147952555122140, 0.4904669302481995952 ) ) ;
#7585 = EDGE_CURVE ( 'NONE', #815, #1799, #957, .T. ) ;
#7586 = CARTESIAN_POINT ( 'NONE',  ( 0.5080770138223712484, -0.6251127990014285762, 0.4905613826544258371 ) ) ;
#7587 = CARTESIAN_POINT ( 'NONE',  ( -0.4910234616717932266, -0.09338776573754070665, 0.01037303208737773257 ) ) ;
#7588 = CARTESIAN_POINT ( 'NONE',  ( -0.4933656356198402593, 0.08221391972234265433, 0.3303501167231997493 ) ) ;
#7589 = DIRECTION ( 'NONE',  ( -0.4999999999999998335, -0.8660254037844388186, 0.000000000000000000 ) ) ;
#7590 = CARTESIAN_POINT ( 'NONE',  ( -0.4894415122910311111, 0.07662663577625178357, 0.4903489949670249426 ) ) ;
#7591 = CARTESIAN_POINT ( 'NONE',  ( 0.5306753127280747773, 0.6060394102447671516, 0.000000000000000000 ) ) ;
#7592 = ORIENTED_EDGE ( 'NONE', *, *, #4141, .F. ) ;
#7593 = ORIENTED_EDGE ( 'NONE', *, *, #6300, .F. ) ;
#7594 = ORIENTED_EDGE ( 'NONE', *, *, #6499, .T. ) ;
#7595 = CARTESIAN_POINT ( 'NONE',  ( -0.3860316643059744091, 0.1392606806979947986, 0.5000000000000000000 ) ) ;
#7596 = CARTESIAN_POINT ( 'NONE',  ( 0.2809368252977136882, 0.7774790261103567968, 0.5000000000000000000 ) ) ;
#7597 = CARTESIAN_POINT ( 'NONE',  ( -0.3056477420709934889, 0.3768665064612355398, 0.5000000000000389688 ) ) ;
#7598 = CARTESIAN_POINT ( 'NONE',  ( 0.5647502088697627931, -0.6067168546944230467, 0.4904138798737704974 ) ) ;
#7599 = CARTESIAN_POINT ( 'NONE',  ( 0.1431262438925818559, 0.4147651958868833200, 0.5000000000000001110 ) ) ;
#7600 =( CONVERSION_BASED_UNIT ( 'INCH', #2895 ) LENGTH_UNIT ( ) NAMED_UNIT ( #6618 ) );
#7601 = CARTESIAN_POINT ( 'NONE',  ( -0.1870151214018207497, 0.4571851470637366965, 0.5000000000000000000 ) ) ;
#7602 = ORIENTED_EDGE ( 'NONE', *, *, #8561, .T. ) ;
#7603 = VERTEX_POINT ( 'NONE', #6293 ) ;
#7604 = VERTEX_POINT ( 'NONE', #5627 ) ;
#7605 = B_SPLINE_CURVE_WITH_KNOTS ( 'NONE', 3,
 ( #3319, #2037, #6658, #6708, #4104, #5500, #8157 ),
 .UNSPECIFIED., .F., .F.,
 ( 4, 3, 4 ),
 ( 0.0002630746159416516008, 0.005080000040960759404, 0.01246485972435598839 ),
 .UNSPECIFIED. ) ;
#7606 = FACE_OUTER_BOUND ( 'NONE', #1368, .T. ) ;
#7607 = CARTESIAN_POINT ( 'NONE',  ( 0.7958094579321786100, 0.1811779502023068977, -0.000000000000000000 ) ) ;
#7608 = FACE_OUTER_BOUND ( 'NONE', #6086, .T. ) ;
#7609 = CARTESIAN_POINT ( 'NONE',  ( 0.7651047835603328462, -0.09416822316710653229, 0.4905422744904088250 ) ) ;
#7610 = CARTESIAN_POINT ( 'NONE',  ( 0.4215871251108782025, 0.5659874125705005588, 0.3332843519825628431 ) ) ;
#7611 = CARTESIAN_POINT ( 'NONE',  ( 0.3121034827835177383, 0.3071228010769803674, -0.000000000000000000 ) ) ;
#7612 = LINE ( 'NONE', #5674, #7410 ) ;
#7613 = EDGE_CURVE ( 'NONE', #862, #1860, #4715, .T. ) ;
#7614 = CARTESIAN_POINT ( 'NONE',  ( -0.6862088809542765677, 0.08339469686210201904, 0.01000000000000000021 ) ) ;
#7615 = CARTESIAN_POINT ( 'NONE',  ( -0.2561025703613648008, 0.7852172797827636774, 0.4904669220042781053 ) ) ;
#7616 = CARTESIAN_POINT ( 'NONE',  ( -0.2707479352596690036, -0.6445629744774724612, 0.1701881947280113327 ) ) ;
#7617 = CARTESIAN_POINT ( 'NONE',  ( -0.4894415122910312221, 0.06663272750606080708, 0.4899999999999999911 ) ) ;
#7618 = CARTESIAN_POINT ( 'NONE',  ( 0.3212565770584205338, -0.2711286181930304129, 0.4903489949670249426 ) ) ;
#7619 = CARTESIAN_POINT ( 'NONE',  ( 0.1783159193642008256, -0.4756416258613509473, 0.01000000000000000021 ) ) ;
#7620 = CARTESIAN_POINT ( 'NONE',  ( -0.3237586231283253180, 0.2715964645766720809, 0.4269530013571828930 ) ) ;
#7621 = B_SPLINE_CURVE_WITH_KNOTS ( 'NONE', 3,
 ( #860, #233, #189, #2894, #8270, #5617, #2277, #278, #4025, #4184, #7580, #4147, #2257, #7495, #763, #2832 ),
 .UNSPECIFIED., .F., .F.,
 ( 4, 2, 2, 2, 2, 2, 2, 4 ),
 ( 4.336808689942017736E-19, 0.0004286688780641577834, 0.0008573377561283151331, 0.001286006634192472537, 0.001714675512256629833, 0.002143344390320787128, 0.002572013268384944640, 0.003429351024513259232 ),
 .UNSPECIFIED. ) ;
#7622 = CARTESIAN_POINT ( 'NONE',  ( 0.7824876097041436607, 0.1086597078412383788, 0.5000000000000000000 ) ) ;
#7623 = CARTESIAN_POINT ( 'NONE',  ( 0.2739999815680210782, -0.6695406097926700495, 0.000000000000000000 ) ) ;
#7624 = CARTESIAN_POINT ( 'NONE',  ( -0.7914652982809184945, 0.1210202921556697425, 0.4905662271648515982 ) ) ;
#7625 = CARTESIAN_POINT ( 'NONE',  ( 0.5782581726075475270, -0.5872293092107695456, 0.3332838527124498684 ) ) ;
#7626 = CARTESIAN_POINT ( 'NONE',  ( -0.4811278035962224253, 0.09488334075938643919, 0.01039148047315507917 ) ) ;
#7627 = CARTESIAN_POINT ( 'NONE',  ( 0.000000000000000000, 0.000000000000000000, 0.5000000000000000000 ) ) ;
#7628 = FACE_OUTER_BOUND ( 'NONE', #1358, .T. ) ;
#7629 = DIRECTION ( 'NONE',  ( 0.7161104662940013243, -0.6979869626749397593, 0.000000000000000000 ) ) ;
#7630 = EDGE_CURVE ( 'NONE', #5320, #997, #5832, .T. ) ;
#7631 = VERTEX_POINT ( 'NONE', #2861 ) ;
#7632 = CARTESIAN_POINT ( 'NONE',  ( -0.7559393129167251146, -0.1212661620555051945, 0.01057235597143461360 ) ) ;
#7633 = ORIENTED_EDGE ( 'NONE', *, *, #8091, .F. ) ;
#7634 = DIRECTION ( 'NONE',  ( -0.8660254037844387076, 0.4999999999999999445, 0.000000000000000000 ) ) ;
#7635 = CARTESIAN_POINT ( 'NONE',  ( -0.3287202580607273550, -0.2912014937925377911, 0.01039185810727293394 ) ) ;
#7636 = CARTESIAN_POINT ( 'NONE',  ( -0.2882772350889674651, 0.3481898278779578249, 0.5000000000000000000 ) ) ;
#7637 = B_SPLINE_CURVE_WITH_KNOTS ( 'NONE', 3,
 ( #6573, #6660, #624, #3973, #3408, #8749, #3321 ),
 .UNSPECIFIED., .F., .F.,
 ( 4, 3, 4 ),
 ( 0.0002456008890775214634, 0.006241211021260299925, 0.01246129959652395557 ),
 .UNSPECIFIED. ) ;
#7638 = CARTESIAN_POINT ( 'NONE',  ( 0.4344296178032864830, -0.1057235071747507221, 0.000000000000000000 ) ) ;
#7639 = CIRCLE ( 'NONE', #3296, 0.8128553031379056604 ) ;
#7640 = CARTESIAN_POINT ( 'NONE',  ( 0.1114534215707593534, 0.4038391306635519817, 0.5000000000000001110 ) ) ;
#7641 = LINE ( 'NONE', #1530, #7102 ) ;
#7642 = ORIENTED_EDGE ( 'NONE', *, *, #8378, .T. ) ;
#7643 = EDGE_CURVE ( 'NONE', #6373, #1937, #6538, .T. ) ;
#7644 = ORIENTED_EDGE ( 'NONE', *, *, #3850, .F. ) ;
#7645 = CIRCLE ( 'NONE', #1905, 0.009999999999999974187 ) ;
#7646 = VERTEX_POINT ( 'NONE', #2991 ) ;
#7647 = DIRECTION ( 'NONE',  ( 1.000000000000000000, 0.000000000000000000, 0.000000000000000000 ) ) ;
#7648 = CARTESIAN_POINT ( 'NONE',  ( -0.3096117830753091216, 0.6771306360265415547, 0.5000000000000000000 ) ) ;
#7649 = CARTESIAN_POINT ( 'NONE',  ( 0.000000000000000000, 0.000000000000000000, 0.01000000000000000021 ) ) ;
#7650 = CARTESIAN_POINT ( 'NONE',  ( 0.000000000000000000, 0.000000000000000000, 0.000000000000000000 ) ) ;
#7651 = CARTESIAN_POINT ( 'NONE',  ( -0.7238519642491437756, -0.1004136227213922872, 0.01049750224473804810 ) ) ;
#7652 = CARTESIAN_POINT ( 'NONE',  ( -0.2691965788362201129, 0.6548553460840843554, 0.01041710402079409556 ) ) ;
#7653 = AXIS2_PLACEMENT_3D ( 'NONE', #5582, #4924, #3681 ) ;
#7654 = CARTESIAN_POINT ( 'NONE',  ( 0.3172041793578774249, 0.3826243612968344698, 0.000000000000000000 ) ) ;
#7655 = CARTESIAN_POINT ( 'NONE',  ( -0.5892552948225923126, -0.5743422737581784787, 0.000000000000000000 ) ) ;
#7656 = CARTESIAN_POINT ( 'NONE',  ( -0.05770563474369036494, -0.03331636375302695491, 0.4899999999999999911 ) ) ;
#7657 = DIRECTION ( 'NONE',  ( 1.365923996832132280E-14, 1.000000000000000000, 0.000000000000000000 ) ) ;
#7658 = AXIS2_PLACEMENT_3D ( 'NONE', #4526, #523, #6559 ) ;
#7659 = CARTESIAN_POINT ( 'NONE',  ( 0.2953360926354896554, -0.6647856012985395857, 0.4904175502648552842 ) ) ;
#7660 = CARTESIAN_POINT ( 'NONE',  ( -0.3356617427351683003, -0.7574899086421801320, 0.1631304822318631054 ) ) ;
#7661 = CARTESIAN_POINT ( 'NONE',  ( 0.4025114587122258225, 0.1433895954203840972, 0.000000000000000000 ) ) ;
#7662 = CARTESIAN_POINT ( 'NONE',  ( 0.3056150975354248178, 0.3768102710905065766, 0.5000000000000000000 ) ) ;
#7663 = FACE_OUTER_BOUND ( 'NONE', #1438, .T. ) ;
#7664 = CARTESIAN_POINT ( 'NONE',  ( -0.7964151768121990882, 0.1897815150515829441, 0.000000000000000000 ) ) ;
#7665 = CARTESIAN_POINT ( 'NONE',  ( 0.4153263665006081684, -0.5525769747778529473, 0.000000000000000000 ) ) ;
#7666 = CARTESIAN_POINT ( 'NONE',  ( 0.4037811135368152837, 0.1240735894428461883, 0.4903933132263862960 ) ) ;
#7667 = CARTESIAN_POINT ( 'NONE',  ( 0.2794740599102468193, -0.6508526652266383161, 0.000000000000000000 ) ) ;
#7668 = CARTESIAN_POINT ( 'NONE',  ( -0.7768039475752388512, 0.1036453305432479821, 0.4905613951453543509 ) ) ;
#7669 = CARTESIAN_POINT ( 'NONE',  ( 0.4203605064649946765, -0.5748324831402799040, 0.4903489949670249426 ) ) ;
#7670 = CARTESIAN_POINT ( 'NONE',  ( 0.3005142443835656096, -0.2828548426804104454, 0.5000000000000001110 ) ) ;
#7671 = EDGE_CURVE ( 'NONE', #2456, #3075, #3165, .T. ) ;
#7672 = DIRECTION ( 'NONE',  ( 0.7193014226572456149, 0.6946981095146743668, -0.000000000000000000 ) ) ;
#7673 = CARTESIAN_POINT ( 'NONE',  ( 0.4277065555196138402, 0.5883623841362615181, 0.5000000000000000000 ) ) ;
#7674 = CIRCLE ( 'NONE', #6969, 0.009999999999999955105 ) ;
#7675 = FACE_OUTER_BOUND ( 'NONE', #4341, .T. ) ;
#7676 = EDGE_LOOP ( 'NONE', ( #8017, #5753, #7343, #3812 ) ) ;
#7677 = LINE ( 'NONE', #360, #543 ) ;
#7678 = VERTEX_POINT ( 'NONE', #4172 ) ;
#7679 = CARTESIAN_POINT ( 'NONE',  ( 0.000000000000000000, 0.000000000000000000, 0.01000000000000000021 ) ) ;
#7680 = CARTESIAN_POINT ( 'NONE',  ( -0.3236134007600057205, -0.3052503339335312926, -8.924487845216132095E-16 ) ) ;
#7681 = CARTESIAN_POINT ( 'NONE',  ( -0.3209990221656903731, 0.2709112514302565167, 0.5000000000000000000 ) ) ;
#7682 = CARTESIAN_POINT ( 'NONE',  ( -0.5772458614432058877, -0.6097661561985583401, 0.5000000000000000000 ) ) ;
#7683 = CARTESIAN_POINT ( 'NONE',  ( 0.2285676771675797803, -0.7760954172107046301, 0.01047284203978484686 ) ) ;
#7684 = VECTOR ( 'NONE', #7909, 39.37007874015748854 ) ;
#7685 = EDGE_CURVE ( 'NONE', #7631, #5533, #487, .T. ) ;
#7686 = DIRECTION ( 'NONE',  ( 0.8660254037843549968, 0.5000000000001448841, 0.000000000000000000 ) ) ;
#7687 = CARTESIAN_POINT ( 'NONE',  ( 0.7790191393765347749, -0.1337542765233819819, 0.000000000000000000 ) ) ;
#7688 = DIRECTION ( 'NONE',  ( -0.000000000000000000, -0.000000000000000000, -1.000000000000000000 ) ) ;
#7689 = CARTESIAN_POINT ( 'NONE',  ( -0.1481679776629298284, 0.4175950594253756698, 0.5000000000000000000 ) ) ;
#7690 = CARTESIAN_POINT ( 'NONE',  ( 0.6860753790827307519, 0.09348968238304176948, 0.007454521212993837388 ) ) ;
#7691 = VERTEX_POINT ( 'NONE', #5539 ) ;
#7692 = ORIENTED_EDGE ( 'NONE', *, *, #8335, .T. ) ;
#7693 = CIRCLE ( 'NONE', #4045, 0.9896446968620942197 ) ;
#7694 = ORIENTED_EDGE ( 'NONE', *, *, #6051, .F. ) ;
#7695 = CARTESIAN_POINT ( 'NONE',  ( 0.4792218392052102205, 0.07662576214083087478, 0.4903740126118602549 ) ) ;
#7696 = CARTESIAN_POINT ( 'NONE',  ( 0.7920226469532127833, 0.2231389177517495992, 0.000000000000000000 ) ) ;
#7697 = CARTESIAN_POINT ( 'NONE',  ( -0.4237426216607232954, -0.5471665397842230272, 0.01034899496702500546 ) ) ;
#7698 = CARTESIAN_POINT ( 'NONE',  ( 0.2736857114668736490, 0.7705709360000273511, 0.4905280380405525054 ) ) ;
#7699 = EDGE_CURVE ( 'NONE', #1521, #3211, #7936, .T. ) ;
#7700 = CARTESIAN_POINT ( 'NONE',  ( -0.7031018142451287423, -0.08437209215295139730, 0.000000000000000000 ) ) ;
#7701 = CIRCLE ( 'NONE', #5456, 0.01000000000000001929 ) ;
#7702 = CARTESIAN_POINT ( 'NONE',  ( -0.3953343303521260066, -0.1425374202055149642, 0.4941087076981939274 ) ) ;
#7703 = TOROIDAL_SURFACE ( 'NONE', #1812, 0.8228553031379056693, 0.01000000000000000021 ) ;
#7704 = CARTESIAN_POINT ( 'NONE',  ( -0.3110813693342872055, -0.3855554654225803457, 0.4903489949670249426 ) ) ;
#7705 = FACE_OUTER_BOUND ( 'NONE', #6243, .T. ) ;
#7706 = DIRECTION ( 'NONE',  ( 0.2711763743890532874, -0.9625296743338399574, 0.000000000000000000 ) ) ;
#7707 = FACE_OUTER_BOUND ( 'NONE', #5136, .T. ) ;
#7708 = VECTOR ( 'NONE', #594, 39.37007874015748143 ) ;
#7709 = DIRECTION ( 'NONE',  ( 0.9702823597568102088, -0.2419754994720662300, 0.000000000000000000 ) ) ;
#7710 = CARTESIAN_POINT ( 'NONE',  ( 0.7009656121275450458, -0.08212390007482939236, 0.3329279421499068969 ) ) ;
#7711 = CARTESIAN_POINT ( 'NONE',  ( 0.3022678610497020468, 0.3671923911494992532, 0.4903933099792155414 ) ) ;
#7712 = CARTESIAN_POINT ( 'NONE',  ( -0.2848852751721110410, -0.6756916125220028269, 0.000000000000000000 ) ) ;
#7713 = CARTESIAN_POINT ( 'NONE',  ( -0.7824032136805713078, -0.2204288059410590972, 0.01034899496702500546 ) ) ;
#7714 = AXIS2_PLACEMENT_3D ( 'NONE', #6868, #2150, #241 ) ;
#7715 = CARTESIAN_POINT ( 'NONE',  ( 0.3515599596822036599, -0.7621990063447685593, 0.4899763984264461358 ) ) ;
#7716 = CARTESIAN_POINT ( 'NONE',  ( -0.7653948670907246843, 0.09374219860717591946, 0.5000000000000000000 ) ) ;
#7717 = CARTESIAN_POINT ( 'NONE',  ( 0.4208348996452324076, -0.5937494399518863375, 0.5000000000000000000 ) ) ;
#7718 = CARTESIAN_POINT ( 'NONE',  ( -0.3246594212160243131, 0.3867241243088936353, 0.1703500779047158464 ) ) ;
#7719 = CARTESIAN_POINT ( 'NONE',  ( 0.4811278035962224253, -0.09488334075938670287, 0.01039148047315507917 ) ) ;
#7720 = CARTESIAN_POINT ( 'NONE',  ( 0.4638805589457735690, 0.6159802995231838940, 0.5000000000000000000 ) ) ;
#7721 = CARTESIAN_POINT ( 'NONE',  ( -0.3061190138439612296, 0.7350215828030044474, 0.5000000000000000000 ) ) ;
#7722 = ORIENTED_EDGE ( 'NONE', *, *, #5446, .T. ) ;
#7723 = EDGE_CURVE ( 'NONE', #7165, #6927, #2744, .T. ) ;
#7724 = CARTESIAN_POINT ( 'NONE',  ( -0.7079997865524704226, -0.07662663577623825273, 0.4903489949670250536 ) ) ;
#7725 = ORIENTED_EDGE ( 'NONE', *, *, #526, .T. ) ;
#7726 = CYLINDRICAL_SURFACE ( 'NONE', #6440, 0.01000000000000000194 ) ;
#7727 = CARTESIAN_POINT ( 'NONE',  ( -0.3079210382448729355, -0.3398130151929668608, 0.000000000000000000 ) ) ;
#7728 = CARTESIAN_POINT ( 'NONE',  ( -0.3146227130516031645, 0.2789876292518349010, 0.4903741746603186846 ) ) ;
#7729 = CARTESIAN_POINT ( 'NONE',  ( -0.5449605687937455478, -0.6175994005158905731, 0.4904903334465827713 ) ) ;
#7730 = CARTESIAN_POINT ( 'NONE',  ( 0.2691965788362198353, -0.6548553460840844664, 0.01041710402079409556 ) ) ;
#7731 = CARTESIAN_POINT ( 'NONE',  ( -0.5772452733501582944, 0.6097667244296850475, 0.5000000000000000000 ) ) ;
#7732 = CARTESIAN_POINT ( 'NONE',  ( 0.7801866928139471469, -0.1600843845381454689, 6.913841750204431754E-16 ) ) ;
#7733 = CARTESIAN_POINT ( 'NONE',  ( 0.2962942585325518130, 0.6464621647814221550, 0.5000000000000000000 ) ) ;
#7734 = CARTESIAN_POINT ( 'NONE',  ( 0.4691318693366582360, -0.07817545084188071147, 0.4903933099792158190 ) ) ;
#7735 = VERTEX_POINT ( 'NONE', #6378 ) ;
#7736 = ORIENTED_EDGE ( 'NONE', *, *, #1406, .F. ) ;
#7737 = ADVANCED_FACE ( 'NONE', ( #7608 ), #4825, .F. ) ;
#7738 = EDGE_LOOP ( 'NONE', ( #4427, #7341, #6836, #8439 ) ) ;
#7739 = CARTESIAN_POINT ( 'NONE',  ( 0.4172835517905906233, 0.09343715899400052705, 0.5000000000000000000 ) ) ;
#7740 = CARTESIAN_POINT ( 'NONE',  ( -0.6973893915158647649, 0.08485379956079100450, 0.2547538490329981919 ) ) ;
#7741 = CARTESIAN_POINT ( 'NONE',  ( -0.5519668266017044855, -0.6143999717988153364, 0.4904669220042781608 ) ) ;
#7742 = CARTESIAN_POINT ( 'NONE',  ( -0.4239813449456978911, -0.5475800206427484662, 0.01034899496702505230 ) ) ;
#7743 = CARTESIAN_POINT ( 'NONE',  ( 0.1754834747856874322, 0.4683741336622058715, 0.3303501167231959190 ) ) ;
#7744 = CARTESIAN_POINT ( 'NONE',  ( 0.8172638322475247463, -0.1618138533872819640, 0.5000000000000000000 ) ) ;
#7745 = CARTESIAN_POINT ( 'NONE',  ( -0.4191879068802737973, -0.07655537259320789600, 0.4923897055261295397 ) ) ;
#7746 = CARTESIAN_POINT ( 'NONE',  ( -0.5766864830596220015, -0.5729210344634407814, 0.01038462188171455566 ) ) ;
#7747 = VERTEX_POINT ( 'NONE', #7886 ) ;
#7748 = CARTESIAN_POINT ( 'NONE',  ( 0.4752884246739085827, 0.6305007984957112788, 0.5000000000000001110 ) ) ;
#7749 = EDGE_CURVE ( 'NONE', #1485, #7812, #6783, .T. ) ;
#7750 = CARTESIAN_POINT ( 'NONE',  ( 0.2875639411425872649, 0.3371147623958529738, 0.4999999999999999445 ) ) ;
#7751 = EDGE_CURVE ( 'NONE', #7106, #7224, #2467, .T. ) ;
#7752 = CARTESIAN_POINT ( 'NONE',  ( -0.2793659149528532337, -0.6480988665397127146, 0.3332843519825594569 ) ) ;
#7753 = DIRECTION ( 'NONE',  ( 0.4999999999998542832, 0.8660254037845227515, -0.000000000000000000 ) ) ;
#7754 = DIRECTION ( 'NONE',  ( 1.000000000000000000, 0.000000000000000000, 0.000000000000000000 ) ) ;
#7755 = CARTESIAN_POINT ( 'NONE',  ( 0.3087118681506128004, -0.3506931118112761592, -0.000000000000000000 ) ) ;
#7756 = FACE_OUTER_BOUND ( 'NONE', #2053, .T. ) ;
#7757 = CARTESIAN_POINT ( 'NONE',  ( 0.1784277354665393944, -0.4620365913481151998, 0.4941086989442872168 ) ) ;
#7758 = EDGE_CURVE ( 'NONE', #2104, #7925, #4149, .T. ) ;
#7759 = CARTESIAN_POINT ( 'NONE',  ( 0.7452197053084915757, 0.08298815821638319545, 0.5000000000000001110 ) ) ;
#7760 = CARTESIAN_POINT ( 'NONE',  ( 0.2751473310139135320, 0.6433585506072421190, 0.000000000000000000 ) ) ;
#7761 = DIRECTION ( 'NONE',  ( 0.7782198809868300371, 0.6279918923336861303, 0.000000000000000000 ) ) ;
#7762 = CARTESIAN_POINT ( 'NONE',  ( 0.3024263908892093067, -0.3905524195576963176, 0.5000000000000000000 ) ) ;
#7763 = FACE_OUTER_BOUND ( 'NONE', #2494, .T. ) ;
#7764 = CARTESIAN_POINT ( 'NONE',  ( 0.4200686381312547790, 0.5750009934013293744, 0.5000000000000001110 ) ) ;
#7765 = CARTESIAN_POINT ( 'NONE',  ( -0.3018428197124078394, 0.7021245921428524994, 0.4999999999999999445 ) ) ;
#7766 = ORIENTED_EDGE ( 'NONE', *, *, #6093, .T. ) ;
#7767 = CARTESIAN_POINT ( 'NONE',  ( -0.6939636568172331543, -0.09338736065891786731, 0.01038463202135236733 ) ) ;
#7768 = ORIENTED_EDGE ( 'NONE', *, *, #4638, .F. ) ;
#7769 = DIRECTION ( 'NONE',  ( 0.000000000000000000, 0.000000000000000000, 1.000000000000000000 ) ) ;
#7770 = CARTESIAN_POINT ( 'NONE',  ( -0.3186486537093365379, -0.3495290381645568822, 0.01041516393984815922 ) ) ;
#7771 = CARTESIAN_POINT ( 'NONE',  ( -0.5519645948510277789, -0.6144011317501106850, 0.4904669302481995952 ) ) ;
#7772 = CARTESIAN_POINT ( 'NONE',  ( 0.06636061318876637638, -0.03831331788812393502, 0.4903489949670249426 ) ) ;
#7773 = DIRECTION ( 'NONE',  ( -1.182525838673188366E-14, -1.000000000000000000, 0.000000000000000000 ) ) ;
#7774 = CARTESIAN_POINT ( 'NONE',  ( 0.3401899532607942644, 0.2745194998491340965, 0.01034899496702450759 ) ) ;
#7775 = ADVANCED_FACE ( 'NONE', ( #3820 ), #7248, .T. ) ;
#7776 = CARTESIAN_POINT ( 'NONE',  ( 0.4457431912504470906, -0.07553369636243409402, 0.5000000000000000000 ) ) ;
#7777 = EDGE_LOOP ( 'NONE', ( #2282, #4324, #5229, #7507 ) ) ;
#7778 = ORIENTED_EDGE ( 'NONE', *, *, #8335, .F. ) ;
#7779 = ORIENTED_EDGE ( 'NONE', *, *, #6093, .F. ) ;
#7780 = CIRCLE ( 'NONE', #1025, 0.01000000000000006092 ) ;
#7781 = CARTESIAN_POINT ( 'NONE',  ( -0.6936923673243490240, 0.08769878212778742244, 0.1732842076590085933 ) ) ;
#7782 = CARTESIAN_POINT ( 'NONE',  ( -0.3004894807054871442, 0.6537285027340175025, 0.5000000000000000000 ) ) ;
#7783 = DIRECTION ( 'NONE',  ( -1.000000000000000000, 0.000000000000000000, 0.000000000000000000 ) ) ;
#7784 = CARTESIAN_POINT ( 'NONE',  ( -0.7555214108460797107, -0.1217072301573525195, 2.435165214867126498E-16 ) ) ;
#7785 = CARTESIAN_POINT ( 'NONE',  ( 0.8177692574473022225, -0.1868119738380429884, 0.5000000000000000000 ) ) ;
#7786 = CARTESIAN_POINT ( 'NONE',  ( -0.2149712681587674923, 0.7831522026810537884, 0.01041646126645639353 ) ) ;
#7787 = EDGE_CURVE ( 'NONE', #2371, #180, #5505, .T. ) ;
#7788 = CARTESIAN_POINT ( 'NONE',  ( 0.3263633643488247360, -0.3785024055033680557, 0.01037314945551698168 ) ) ;
#7789 = CARTESIAN_POINT ( 'NONE',  ( -0.4247240424361044542, -0.5668508630810148441, -0.000000000000000000 ) ) ;
#7790 = VECTOR ( 'NONE', #5045, 39.37007874015748143 ) ;
#7791 = EDGE_LOOP ( 'NONE', ( #3393, #324, #6564, #3153 ) ) ;
#7792 = CARTESIAN_POINT ( 'NONE',  ( 0.4159007501928810302, 0.5870957752279540864, 0.5000000000000001110 ) ) ;
#7793 = CARTESIAN_POINT ( 'NONE',  ( -1.001162528036041260E-15, -0.08339469686209473320, 0.01000000000000000021 ) ) ;
#7794 = CARTESIAN_POINT ( 'NONE',  ( 0.4239813449456981131, 0.5475800206427483552, 0.01034899496702500546 ) ) ;
#7795 = CIRCLE ( 'NONE', #2614, 0.009999999999999995004 ) ;
#7796 = CARTESIAN_POINT ( 'NONE',  ( -0.3092322444605966614, -0.2878640458052403317, 0.4903936949262460154 ) ) ;
#7797 = CARTESIAN_POINT ( 'NONE',  ( -0.5773034566906420917, -0.5920039701158401613, 0.4118156074920660825 ) ) ;
#7798 = CARTESIAN_POINT ( 'NONE',  ( -0.1168269235877469059, -0.4368575315724642083, -4.312281452485939410E-15 ) ) ;
#7799 = ADVANCED_FACE ( 'NONE', ( #5142 ), #6634, .T. ) ;
#7800 = CARTESIAN_POINT ( 'NONE',  ( -0.4228339426068899454, 0.5567560771964359390, 0.1701881947279776652 ) ) ;
#7801 = CIRCLE ( 'NONE', #191, 0.01000000000000006092 ) ;
#7802 = CARTESIAN_POINT ( 'NONE',  ( -0.1480901075699610492, -0.4175480305027307049, 0.5000000000000001110 ) ) ;
#7803 = LINE ( 'NONE', #5304, #7242 ) ;
#7804 = CARTESIAN_POINT ( 'NONE',  ( 0.5306148702389927863, -0.6227904869383387165, 0.5000000000000000000 ) ) ;
#7805 =( BOUNDED_CURVE ( )  B_SPLINE_CURVE ( 3, ( #8625, #455, #555, #4511 ),
 .UNSPECIFIED., .F., .F. ) 
 B_SPLINE_CURVE_WITH_KNOTS ( ( 4, 4 ),
 ( 3.141592653589790451, 4.712388980384686121 ),
 .UNSPECIFIED. ) 
 CURVE ( )  GEOMETRIC_REPRESENTATION_ITEM ( )  RATIONAL_B_SPLINE_CURVE ( ( 1.000000000000000000, 0.8047378541243652705, 0.8047378541243652705, 1.000000000000000000 ) ) 
 REPRESENTATION_ITEM ( '' )  );
#7806 = CARTESIAN_POINT ( 'NONE',  ( -0.3088000751032439761, 0.3231626550825097421, 0.000000000000000000 ) ) ;
#7807 = EDGE_CURVE ( 'NONE', #3300, #1485, #494, .T. ) ;
#7808 = DIRECTION ( 'NONE',  ( 0.4999999999999889533, -0.8660254037844450359, 8.213491840964856146E-14 ) ) ;
#7809 = CARTESIAN_POINT ( 'NONE',  ( 0.4573913932103397251, 0.6120337118079932637, 0.4905280687624674618 ) ) ;
#7810 = ORIENTED_EDGE ( 'NONE', *, *, #5375, .F. ) ;
#7811 = CARTESIAN_POINT ( 'NONE',  ( -0.2784825319476662009, -0.6510900786596782730, 0.000000000000000000 ) ) ;
#7812 = VERTEX_POINT ( 'NONE', #885 ) ;
#7813 = CARTESIAN_POINT ( 'NONE',  ( 0.1517695816866426461, -0.4315379540227032296, 0.4904196434101645852 ) ) ;
#7814 = CARTESIAN_POINT ( 'NONE',  ( -0.3079303719708251230, -0.3343352793598433070, 0.000000000000000000 ) ) ;
#7815 = CARTESIAN_POINT ( 'NONE',  ( -0.4573913932103328417, -0.6120337118079888228, 0.4905280687624668512 ) ) ;
#7816 = CARTESIAN_POINT ( 'NONE',  ( -0.09021097956087617553, 0.1562499999999989453, 0.01000000000000002970 ) ) ;
#7817 = CARTESIAN_POINT ( 'NONE',  ( 0.8041768617274132058, 0.1482666892168832129, 0.4905280380405526164 ) ) ;
#7818 = CARTESIAN_POINT ( 'NONE',  ( 0.3263633818172490542, 0.3785024357537098982, 0.01037314937198704351 ) ) ;
#7819 = AXIS2_PLACEMENT_3D ( 'NONE', #918, #3042, #5725 ) ;
#7820 = CARTESIAN_POINT ( 'NONE',  ( 0.07241254492021043099, -0.4039435683031577518, 0.5000000000000000000 ) ) ;
#7821 = CARTESIAN_POINT ( 'NONE',  ( 0.4055621164708834714, -0.1052826253386594524, 0.5000000000000000000 ) ) ;
#7822 = ORIENTED_EDGE ( 'NONE', *, *, #6880, .F. ) ;
#7823 = CARTESIAN_POINT ( 'NONE',  ( 0.1574574957336095371, -0.4237917753680527366, 0.5000000000000000000 ) ) ;
#7824 = EDGE_LOOP ( 'NONE', ( #4565, #4909, #7213, #6688, #4878 ) ) ;
#7825 = ORIENTED_EDGE ( 'NONE', *, *, #1835, .T. ) ;
#7826 = ORIENTED_EDGE ( 'NONE', *, *, #1534, .F. ) ;
#7827 = CIRCLE ( 'NONE', #6280, 0.01000000000000001929 ) ;
#7828 = CARTESIAN_POINT ( 'NONE',  ( 0.4130946179064311496, 0.1118656197108529732, 0.4904130639807625647 ) ) ;
#7829 = CARTESIAN_POINT ( 'NONE',  ( 0.3191357631953913310, 0.3246859711647241409, 0.000000000000000000 ) ) ;
#7830 = CARTESIAN_POINT ( 'NONE',  ( -0.3314147498562396987, -0.3872499748641556883, 0.01034899496703146037 ) ) ;
#7831 = CARTESIAN_POINT ( 'NONE',  ( -0.2647783047753011765, 0.7369336062843642177, 0.01057740847479191754 ) ) ;
#7832 = B_SPLINE_CURVE_WITH_KNOTS ( 'NONE', 3,
 ( #3671, #6456, #457, #1033 ),
 .UNSPECIFIED., .F., .F.,
 ( 4, 4 ),
 ( 0.0002631000255943945492, 0.01246611012736436805 ),
 .UNSPECIFIED. ) ;
#7833 = CARTESIAN_POINT ( 'NONE',  ( -0.4114704903711320361, -0.1479305858250958838, 0.01037314797076005143 ) ) ;
#7834 = CARTESIAN_POINT ( 'NONE',  ( -0.6862088809542779000, -0.09374999999999217293, -2.134256245050205639E-18 ) ) ;
#7835 = CARTESIAN_POINT ( 'NONE',  ( 0.8052959206159024941, -0.2008300786409131511, 0.5000000000000000000 ) ) ;
#7836 = CARTESIAN_POINT ( 'NONE',  ( -0.5767643241800216591, -0.5857572704286064802, 0.000000000000000000 ) ) ;
#7837 = CARTESIAN_POINT ( 'NONE',  ( 0.3339090119759747233, -0.2734436923746341730, 0.1696798237513221785 ) ) ;
#7838 = CIRCLE ( 'NONE', #4176, 0.4371386051322853628 ) ;
#7839 = ORIENTED_EDGE ( 'NONE', *, *, #3502, .F. ) ;
#7840 = CARTESIAN_POINT ( 'NONE',  ( 0.4999040834918923593, 0.6349110834615058208, 0.5000000000000000000 ) ) ;
#7841 = CARTESIAN_POINT ( 'NONE',  ( 0.07702298374627625233, -0.4202883597277573546, 0.000000000000000000 ) ) ;
#7842 = ADVANCED_FACE ( 'NONE', ( #1512 ), #8735, .T. ) ;
#7843 = CARTESIAN_POINT ( 'NONE',  ( 0.000000000000000000, 0.000000000000000000, 0.000000000000000000 ) ) ;
#7844 = AXIS2_PLACEMENT_3D ( 'NONE', #916, #870, #6994 ) ;
#7845 = CARTESIAN_POINT ( 'NONE',  ( 0.2350558554801174538, -0.7717110905070244664, 0.01049747041122594225 ) ) ;
#7846 = VECTOR ( 'NONE', #7252, 39.37007874015748854 ) ;
#7847 = CARTESIAN_POINT ( 'NONE',  ( -0.3019087287374278561, -0.3673195745606946949, 0.5000000000000001110 ) ) ;
#7848 = CARTESIAN_POINT ( 'NONE',  ( 0.3209990221656939813, 0.2709112514302475239, 0.5000000000000000000 ) ) ;
#7849 = CARTESIAN_POINT ( 'NONE',  ( -0.1582258502441549197, -0.4639328466131995565, 0.01039185439229449101 ) ) ;
#7850 = CARTESIAN_POINT ( 'NONE',  ( -0.7958058502221072583, 0.1811932579948172528, 0.000000000000000000 ) ) ;
#7851 = CARTESIAN_POINT ( 'NONE',  ( -0.6939637131778235712, 0.09338736064988854835, 0.01038463228036736775 ) ) ;
#7852 = ORIENTED_EDGE ( 'NONE', *, *, #129, .F. ) ;
#7853 = B_SPLINE_CURVE_WITH_KNOTS ( 'NONE', 3,
 ( #3253, #5934, #1466, #5399, #2799, #2015, #1975, #4741, #6150, #3386, #643, #6067, #2674, #6027, #8172, #2131 ),
 .UNSPECIFIED., .F., .F.,
 ( 4, 2, 2, 2, 2, 2, 2, 4 ),
 ( 0.000000000000000000, 0.0005730326344334812395, 0.001146065268866962479, 0.002292130537733924091, 0.002865163172167404897, 0.003438195806600885269, 0.004011228441034366508, 0.004584261075467846447 ),
 .UNSPECIFIED. ) ;
#7854 = AXIS2_PLACEMENT_3D ( 'NONE', #7914, #3065, #5745 ) ;
#7855 = CARTESIAN_POINT ( 'NONE',  ( -0.6862088809542747914, 0.09338860513229296778, 0.01034899496702500199 ) ) ;
#7856 = B_SPLINE_CURVE_WITH_KNOTS ( 'NONE', 3,
 ( #6253, #2289, #5543, #6382 ),
 .UNSPECIFIED., .F., .F.,
 ( 4, 4 ),
 ( 0.0002453586450613538241, 0.01244836874683105492 ),
 .UNSPECIFIED. ) ;
#7857 = EDGE_CURVE ( 'NONE', #6599, #8038, #3318, .T. ) ;
#7858 = CARTESIAN_POINT ( 'NONE',  ( -0.09470235715290356571, -0.4016803911754579515, 0.5000000000000000000 ) ) ;
#7859 = CARTESIAN_POINT ( 'NONE',  ( -0.7163902308983673972, 0.06663272750606327732, 0.5000000000000001110 ) ) ;
#7860 = CARTESIAN_POINT ( 'NONE',  ( -0.4117055280199182210, 0.5798294372753749482, 0.5000000000000000000 ) ) ;
#7861 = CARTESIAN_POINT ( 'NONE',  ( 0.3022680347816995572, 0.3671929328695288097, 0.4903933090338112866 ) ) ;
#7862 = AXIS2_PLACEMENT_3D ( 'NONE', #1010, #1819, #7137 ) ;
#7863 = CARTESIAN_POINT ( 'NONE',  ( -0.09470235715202465765, -0.4016803910746551409, 0.5000000000000000000 ) ) ;
#7864 = CARTESIAN_POINT ( 'NONE',  ( -0.08087690446855355653, -0.04669430256614185565, 0.01034899496702501413 ) ) ;
#7865 = VERTEX_POINT ( 'NONE', #2026 ) ;
#7866 = TOROIDAL_SURFACE ( 'NONE', #7006, 0.8228553031379056693, 0.01000000000000000021 ) ;
#7867 = ADVANCED_FACE ( 'NONE', ( #7394 ), #1554, .T. ) ;
#7868 = CARTESIAN_POINT ( 'NONE',  ( -0.2596302743531189172, -0.7624434349258136789, 0.000000000000000000 ) ) ;
#7869 = EDGE_CURVE ( 'NONE', #6737, #6942, #8226, .T. ) ;
#7870 = ORIENTED_EDGE ( 'NONE', *, *, #3850, .T. ) ;
#7871 = CARTESIAN_POINT ( 'NONE',  ( -0.7031018142394120929, -0.08437209218655841725, -0.000000000000000000 ) ) ;
#7872 = CARTESIAN_POINT ( 'NONE',  ( 0.1516809857579670129, 0.4314622489323538534, 0.5000000000000000000 ) ) ;
#7873 = DIRECTION ( 'NONE',  ( 1.000000000000000000, -1.776356839400250465E-15, 0.000000000000000000 ) ) ;
#7874 = B_SPLINE_CURVE_WITH_KNOTS ( 'NONE', 3,
 ( #6006, #7797, #1241, #1770, #3185, #1193, #1148 ),
 .UNSPECIFIED., .F., .F.,
 ( 4, 3, 4 ),
 ( 0.0002456008890775196202, 0.006241211021260299925, 0.01246129959652396077 ),
 .UNSPECIFIED. ) ;
#7875 = CARTESIAN_POINT ( 'NONE',  ( -9.861638384774427728E-16, -0.08339469686209419197, 0.01000000000000000021 ) ) ;
#7876 = CARTESIAN_POINT ( 'NONE',  ( 0.7739416270022601019, -0.1460340860309963795, -6.921331536135124612E-16 ) ) ;
#7877 = CARTESIAN_POINT ( 'NONE',  ( 0.3898462110709594031, -0.1286867285488965396, 0.5000000000000000000 ) ) ;
#7878 = ORIENTED_EDGE ( 'NONE', *, *, #8271, .F. ) ;
#7879 = CARTESIAN_POINT ( 'NONE',  ( 0.1514908156653397842, -0.4318218181834608815, 0.4904180468953596717 ) ) ;
#7880 = ORIENTED_EDGE ( 'NONE', *, *, #2711, .T. ) ;
#7881 = ORIENTED_EDGE ( 'NONE', *, *, #1071, .F. ) ;
#7882 = ORIENTED_EDGE ( 'NONE', *, *, #7492, .F. ) ;
#7883 = CARTESIAN_POINT ( 'NONE',  ( 0.4092332102570997998, 0.1011757916587353312, 0.5000000000000000000 ) ) ;
#7884 = CARTESIAN_POINT ( 'NONE',  ( -0.1696082419455618440, -0.4807488141488452382, 0.007463728475605220340 ) ) ;
#7885 = CARTESIAN_POINT ( 'NONE',  ( -0.3985118519898039335, 0.1537559620992538234, 0.000000000000000000 ) ) ;
#7886 = CARTESIAN_POINT ( 'NONE',  ( -0.6862088809542765677, 0.08339469686210201904, 0.000000000000000000 ) ) ;
#7887 = FACE_OUTER_BOUND ( 'NONE', #5860, .T. ) ;
#7888 = CARTESIAN_POINT ( 'NONE',  ( 0.5820985525111148640, -0.5673666560794279334, 0.01034899496702500026 ) ) ;
#7889 = CARTESIAN_POINT ( 'NONE',  ( 0.4616317655848913848, -0.5851361610829622917, 0.01053680002881214085 ) ) ;
#7890 = FACE_OUTER_BOUND ( 'NONE', #6419, .T. ) ;
#7891 = DIRECTION ( 'NONE',  ( 0.5000000000000003331, -0.8660254037844383745, 0.000000000000000000 ) ) ;
#7892 = ORIENTED_EDGE ( 'NONE', *, *, #7356, .F. ) ;
#7893 = CARTESIAN_POINT ( 'NONE',  ( 0.3226647056949812353, -0.3689940291534232752, 0.01039185439229371732 ) ) ;
#7894 = CARTESIAN_POINT ( 'NONE',  ( 0.1642884446194770032, -0.4721060738517736111, 9.023130011481703979E-16 ) ) ;
#7895 = CARTESIAN_POINT ( 'NONE',  ( -0.5564710492728919267, -0.6233476639519031082, 0.5000000000000000000 ) ) ;
#7896 = CARTESIAN_POINT ( 'NONE',  ( -0.3143750277155013539, -0.2787224685926428802, 0.4999999999999999445 ) ) ;
#7897 = CARTESIAN_POINT ( 'NONE',  ( -0.2394508370634537142, -0.8047924331505722506, 0.5000000000000000000 ) ) ;
#7898 = CARTESIAN_POINT ( 'NONE',  ( -0.1350552828614196010, -0.4450758612897572908, 0.01042152797426131733 ) ) ;
#7899 = CARTESIAN_POINT ( 'NONE',  ( -0.4342671064290168914, -0.1058473822144256893, 0.000000000000000000 ) ) ;
#7900 = CARTESIAN_POINT ( 'NONE',  ( -0.6862088809542763457, 0.09338860513229296778, 0.01034899496702499679 ) ) ;
#7901 = EDGE_CURVE ( 'NONE', #5534, #3554, #4672, .T. ) ;
#7902 = VERTEX_POINT ( 'NONE', #3661 ) ;
#7903 = CARTESIAN_POINT ( 'NONE',  ( -0.7168391677297561992, 0.09747936022196640460, 0.000000000000000000 ) ) ;
#7904 = DIRECTION ( 'NONE',  ( -1.000000000000000000, 1.182525838673188523E-14, 0.000000000000000000 ) ) ;
#7905 = CARTESIAN_POINT ( 'NONE',  ( -0.8138268872806544429, 0.1456088893727794931, 0.5000000000000001110 ) ) ;
#7906 = CARTESIAN_POINT ( 'NONE',  ( -0.3179354875286541926, 0.3344170841557277951, 0.01042312752873308067 ) ) ;
#7907 = DIRECTION ( 'NONE',  ( -0.5000000000000102141, -0.8660254037844328234, 2.110276202573655705E-21 ) ) ;
#7908 = ADVANCED_FACE ( 'NONE', ( #7150 ), #6543, .T. ) ;
#7909 = DIRECTION ( 'NONE',  ( 0.4999999999999904521, -0.8660254037844440367, -0.000000000000000000 ) ) ;
#7910 = CARTESIAN_POINT ( 'NONE',  ( 0.1735197184035462692, -0.4530755737910004965, 0.5000000000000000000 ) ) ;
#7911 = ORIENTED_EDGE ( 'NONE', *, *, #40, .F. ) ;
#7912 = CARTESIAN_POINT ( 'NONE',  ( 0.2626566283737102880, -0.7811253636698098912, 0.5000000000000000000 ) ) ;
#7913 = ORIENTED_EDGE ( 'NONE', *, *, #5180, .T. ) ;
#7914 = CARTESIAN_POINT ( 'NONE',  ( 0.07222192602347660140, 0.04169734843104634658, 0.01000000000000000021 ) ) ;
#7915 = CARTESIAN_POINT ( 'NONE',  ( -0.9996386051322853072, -1.224204218079378234E-16, 0.01034899496702338870 ) ) ;
#7916 = CARTESIAN_POINT ( 'NONE',  ( -0.5232489283769479194, -0.6237809683902358904, 0.4905419968494948990 ) ) ;
#7917 = CARTESIAN_POINT ( 'NONE',  ( 0.7824032136805665338, -0.2204288059410769440, 0.01034899496702893461 ) ) ;
#7918 = SHAPE_DEFINITION_REPRESENTATION ( #2834, #826 ) ;
#7919 = EDGE_CURVE ( 'NONE', #1799, #603, #1508, .T. ) ;
#7920 = CARTESIAN_POINT ( 'NONE',  ( -0.1353195834825865196, 0.4447983101028366582, 0.01042306822590571141 ) ) ;
#7921 = ORIENTED_EDGE ( 'NONE', *, *, #1758, .T. ) ;
#7922 = ORIENTED_EDGE ( 'NONE', *, *, #6249, .F. ) ;
#7923 =( BOUNDED_SURFACE ( )  B_SPLINE_SURFACE ( 3, 2, ( 
 ( #7462, #8136, #811 ),
 ( #3508, #134, #2840 ),
 ( #5517, #7544, #5170 ),
 ( #2439, #3662, #353 ) ),
 .UNSPECIFIED., .F., .F., .T. ) 
 B_SPLINE_SURFACE_WITH_KNOTS ( ( 4, 4 ),
 ( 3, 3 ),
 ( 0.01972895862017240085, 0.03210090281170673021 ),
 ( 0.000000000000000000, 1.000000000000000000 ),
 .UNSPECIFIED. ) 
 GEOMETRIC_REPRESENTATION_ITEM ( )  RATIONAL_B_SPLINE_SURFACE ( (
 ( 1.000000000000000000, 0.8248823227266867120, 1.000000000000000000),
 ( 1.000000000000000000, 0.8228396131304843708, 1.000000000000000000),
 ( 1.000000000000000000, 0.8207248281443610960, 1.000000000000000000),
 ( 1.000000000000000000, 0.8185296407512915318, 1.000000000000000000) ) ) 
 REPRESENTATION_ITEM ( '' )  SURFACE ( )  );
#7924 = ORIENTED_EDGE ( 'NONE', *, *, #4296, .F. ) ;
#7925 = VERTEX_POINT ( 'NONE', #3102 ) ;
#7926 = DIRECTION ( 'NONE',  ( -0.5000000000000098810, -0.8660254037844329345, -0.000000000000000000 ) ) ;
#7927 = CARTESIAN_POINT ( 'NONE',  ( -0.3985118519898041001, 0.1537559620992530185, 0.000000000000000000 ) ) ;
#7928 = CARTESIAN_POINT ( 'NONE',  ( 0.7629024924216041281, -0.1140802130967264044, 0.000000000000000000 ) ) ;
#7929 = CARTESIAN_POINT ( 'NONE',  ( -0.4829977935914625542, -0.5940251149898890803, 0.01057232438201181207 ) ) ;
#7930 = CARTESIAN_POINT ( 'NONE',  ( -0.7832945242544676612, 0.1410012423409700566, -0.000000000000000000 ) ) ;
#7931 = CARTESIAN_POINT ( 'NONE',  ( 0.5708792706629595148, -0.5782524639067411210, 4.487965054723302479E-14 ) ) ;
#7932 = CARTESIAN_POINT ( 'NONE',  ( -0.2610152729240851621, 0.7435946345144487379, 0.01057234158383331055 ) ) ;
#7933 = CYLINDRICAL_SURFACE ( 'NONE', #3494, 0.009999999999999995004 ) ;
#7934 = EDGE_CURVE ( 'NONE', #3314, #935, #5936, .T. ) ;
#7935 = ORIENTED_EDGE ( 'NONE', *, *, #1612, .T. ) ;
#7936 = B_SPLINE_CURVE_WITH_KNOTS ( 'NONE', 3,
 ( #2198, #6904, #4967, #5670, #868, #3034, #199, #8364, #2332, #1623, #7698, #8413, #7035, #1001, #2244, #2905 ),
 .UNSPECIFIED., .F., .F.,
 ( 4, 2, 2, 2, 2, 2, 2, 4 ),
 ( 0.000000000000000000, 0.0005730326344334848174, 0.001146065268866969635, 0.002292130537733929295, 0.002865163172167408800, 0.003438195806600888738, 0.004011228441034368243, 0.004584261075467848182 ),
 .UNSPECIFIED. ) ;
#7937 = CARTESIAN_POINT ( 'NONE',  ( 0.3088000751032437541, -0.3231626550825051347, 0.000000000000000000 ) ) ;
#7938 = CYLINDRICAL_SURFACE ( 'NONE', #210, 0.009999999999999995004 ) ;
#7939 = CARTESIAN_POINT ( 'NONE',  ( -0.4524410584178595873, -0.6207397246545104386, 0.5000000000000001110 ) ) ;
#7940 = CARTESIAN_POINT ( 'NONE',  ( 0.2287342189469223630, 0.7759937629453188546, 0.01047349858041839860 ) ) ;
#7941 = CARTESIAN_POINT ( 'NONE',  ( -0.2982232566225920811, -0.3471058038979372706, 0.4904180468953599492 ) ) ;
#7942 = CARTESIAN_POINT ( 'NONE',  ( 0.3063690815887731844, 0.2732733580821464225, 0.5000000000000000000 ) ) ;
#7943 = AXIS2_PLACEMENT_3D ( 'NONE', #5193, #5139, #8500 ) ;
#7944 = CARTESIAN_POINT ( 'NONE',  ( 0.7824032136805713078, 0.2204288059410589584, 0.01034899496702500372 ) ) ;
#7945 = CARTESIAN_POINT ( 'NONE',  ( -0.5706220108349480125, 0.5778403159962215430, 0.01041708390066037847 ) ) ;
#7946 = ORIENTED_EDGE ( 'NONE', *, *, #6880, .T. ) ;
#7947 = CARTESIAN_POINT ( 'NONE',  ( -0.3109802194825481703, 0.7105053363585898119, 0.5000000000000000000 ) ) ;
#7948 = AXIS2_PLACEMENT_3D ( 'NONE', #6127, #8229, #2195 ) ;
#7949 = CARTESIAN_POINT ( 'NONE',  ( 0.4405405191543674825, 0.08925251187435909173, 0.4904246920857203706 ) ) ;
#7950 = CARTESIAN_POINT ( 'NONE',  ( 0.09468475495063588543, -0.4113537207945265339, 0.5000000000000000000 ) ) ;
#7951 = CARTESIAN_POINT ( 'NONE',  ( -0.7233900490529635574, 0.07622355037701671054, 0.5000000000000000000 ) ) ;
#7952 = CARTESIAN_POINT ( 'NONE',  ( 0.5765719102549919928, -0.5969916854968991826, 0.5000000000000001110 ) ) ;
#7953 = B_SPLINE_CURVE_WITH_KNOTS ( 'NONE', 3,
 ( #3434, #6081, #8106, #2603, #4003, #705, #62 ),
 .UNSPECIFIED., .F., .F.,
 ( 4, 3, 4 ),
 ( 0.0002633878902120761643, 0.006483476376054285104, 0.01247908642204295301 ),
 .UNSPECIFIED. ) ;
#7954 = CARTESIAN_POINT ( 'NONE',  ( -0.07798123386597743956, 0.4029453027777878393, 0.5000000000000002220 ) ) ;
#7955 = CARTESIAN_POINT ( 'NONE',  ( -0.1870151214018387631, -0.4571851470637460779, 0.5000000000000000000 ) ) ;
#7956 = AXIS2_PLACEMENT_3D ( 'NONE', #2130, #4817, #7498 ) ;
#7957 = FACE_OUTER_BOUND ( 'NONE', #5507, .T. ) ;
#7958 = CARTESIAN_POINT ( 'NONE',  ( 0.6936923673243491351, -0.08769878212778772775, 0.1732842076590085933 ) ) ;
#7959 = CARTESIAN_POINT ( 'NONE',  ( 0.09021097956088186542, 0.1562499999999989730, 0.01000000000000000021 ) ) ;
#7960 = VERTEX_POINT ( 'NONE', #2395 ) ;
#7961 = CIRCLE ( 'NONE', #775, 0.01000000000000001235 ) ;
#7962 = CARTESIAN_POINT ( 'NONE',  ( -0.6862088809542777890, -0.08339469686208650367, 0.000000000000000000 ) ) ;
#7963 = EDGE_CURVE ( 'NONE', #2456, #7678, #8677, .T. ) ;
#7964 = FACE_OUTER_BOUND ( 'NONE', #3512, .T. ) ;
#7965 = CARTESIAN_POINT ( 'NONE',  ( -0.1044319626840131410, -0.4226189711513451130, -0.000000000000000000 ) ) ;
#7966 = CARTESIAN_POINT ( 'NONE',  ( 0.7858496550095519506, -0.1822940242512520181, 0.01049746206309111647 ) ) ;
#7967 = CARTESIAN_POINT ( 'NONE',  ( -0.1217891817483535283, 0.4383149993509159459, 0.01042312829154354997 ) ) ;
#7968 = ORIENTED_EDGE ( 'NONE', *, *, #646, .F. ) ;
#7969 = ORIENTED_EDGE ( 'NONE', *, *, #7040, .F. ) ;
#7970 = B_SPLINE_CURVE_WITH_KNOTS ( 'NONE', 3,
 ( #7532, #4930, #1540, #1497, #4888, #5019, #7041 ),
 .UNSPECIFIED., .F., .F.,
 ( 4, 3, 4 ),
 ( 0.0002453330536732115227, 0.005080000045169059779, 0.01244711815570814263 ),
 .UNSPECIFIED. ) ;
#7971 = ORIENTED_EDGE ( 'NONE', *, *, #702, .F. ) ;
#7972 = ORIENTED_EDGE ( 'NONE', *, *, #7001, .F. ) ;
#7973 = DIRECTION ( 'NONE',  ( 1.000000000000000000, 0.000000000000000000, 0.000000000000000000 ) ) ;
#7974 = FACE_OUTER_BOUND ( 'NONE', #3151, .T. ) ;
#7975 = CARTESIAN_POINT ( 'NONE',  ( -0.4165653673729350914, 0.1079813905560124965, 0.4904181057549967249 ) ) ;
#7976 = EDGE_CURVE ( 'NONE', #6777, #7691, #6690, .T. ) ;
#7977 = CARTESIAN_POINT ( 'NONE',  ( -0.2739999815680142503, 0.6695406097926692723, 0.000000000000000000 ) ) ;
#7978 = CARTESIAN_POINT ( 'NONE',  ( -0.4364582005251239072, -0.1169182510649242474, 0.01042149135603018251 ) ) ;
#7979 = DIRECTION ( 'NONE',  ( 6.829619984160661399E-15, -1.000000000000000000, 0.000000000000000000 ) ) ;
#7980 = CARTESIAN_POINT ( 'NONE',  ( 0.7920226469532127833, 0.2231389177517495992, 0.000000000000000000 ) ) ;
#7981 = CARTESIAN_POINT ( 'NONE',  ( -0.8298586721596767912, -0.08236325108336094158, 0.3260738260461873428 ) ) ;
#7982 = CARTESIAN_POINT ( 'NONE',  ( 0.6947376878103677100, 0.08339469704537390282, 0.000000000000000000 ) ) ;
#7983 =( BOUNDED_SURFACE ( )  B_SPLINE_SURFACE ( 3, 2, ( 
 ( #1995, #7987, #1952 ),
 ( #4718, #4631, #6705 ),
 ( #3366, #5380, #7401 ),
 ( #6754, #712, #3405 ) ),
 .UNSPECIFIED., .F., .F., .F. ) 
 B_SPLINE_SURFACE_WITH_KNOTS ( ( 4, 4 ),
 ( 3, 3 ),
 ( 0.01972895862017240085, 0.03210090281170673021 ),
 ( 0.000000000000000000, 1.000000000000000000 ),
 .UNSPECIFIED. ) 
 GEOMETRIC_REPRESENTATION_ITEM ( )  RATIONAL_B_SPLINE_SURFACE ( (
 ( 1.000000000000000000, 0.8248823227266868230, 1.000000000000000000),
 ( 1.000000000000000000, 0.8228396131304830385, 1.000000000000000000),
 ( 1.000000000000000000, 0.8207248281443618732, 1.000000000000000000),
 ( 1.000000000000000000, 0.8185296407512919759, 1.000000000000000000) ) ) 
 REPRESENTATION_ITEM ( '' )  SURFACE ( )  );
#7984 = ORIENTED_EDGE ( 'NONE', *, *, #1962, .T. ) ;
#7985 = CIRCLE ( 'NONE', #4163, 0.009999999999999955105 ) ;
#7986 = CARTESIAN_POINT ( 'NONE',  ( 0.07757689552888022422, -0.4303165099546870653, 0.01037303490638441864 ) ) ;
#7987 = CARTESIAN_POINT ( 'NONE',  ( -0.2973301831622040536, 0.3278977863080730915, 0.005824648959441179261 ) ) ;
#7988 = ADVANCED_FACE ( 'NONE', ( #6316 ), #361, .T. ) ;
#7989 = CARTESIAN_POINT ( 'NONE',  ( -0.2976235907116676627, -0.3319035873316593110, 0.4904263270675874309 ) ) ;
#7990 = B_SPLINE_CURVE_WITH_KNOTS ( 'NONE', 3,
 ( #8024, #1990, #4669, #7438, #6747, #7350, #707, #783, #1322, #1410, #4095, #1444, #6787, #4130 ),
 .UNSPECIFIED., .F., .F.,
 ( 4, 2, 2, 2, 2, 2, 4 ),
 ( 0.000000000000000000, 0.0008346611135472044047, 0.001251991670320806499, 0.001669322227094408376, 0.002086652783868010470, 0.002503983340641612997, 0.003338644454188817619 ),
 .UNSPECIFIED. ) ;
#7991 = CARTESIAN_POINT ( 'NONE',  ( 0.4307603181899677391, 0.08343163478421386503, 0.4999999999999999445 ) ) ;
#7992 = AXIS2_PLACEMENT_3D ( 'NONE', #8723, #2519, #3991 ) ;
#7993 = CARTESIAN_POINT ( 'NONE',  ( -0.1353979362341303783, -0.4337459297214768528, 0.000000000000000000 ) ) ;
#7994 = CARTESIAN_POINT ( 'NONE',  ( 0.2149712681587669372, -0.7831522026810541215, 0.01041646126645639353 ) ) ;
#7995 = CARTESIAN_POINT ( 'NONE',  ( 0.4239813449456860672, -0.5475800206427597905, 0.01034899496702857552 ) ) ;
#7996 = ORIENTED_EDGE ( 'NONE', *, *, #7483, .T. ) ;
#7997 = CYLINDRICAL_SURFACE ( 'NONE', #4883, 0.009999999999999993269 ) ;
#7998 = MECHANICAL_DESIGN_GEOMETRIC_PRESENTATION_REPRESENTATION (  '', ( #2641 ), #6286 ) ;
#7999 = CARTESIAN_POINT ( 'NONE',  ( -0.09021097956087617553, 0.1562499999999989453, 0.5000000000000000000 ) ) ;
#8000 = CARTESIAN_POINT ( 'NONE',  ( -0.4045999383031284036, 0.1534705714850599367, 0.1366764093872297470 ) ) ;
#8001 = CARTESIAN_POINT ( 'NONE',  ( 0.4843037223568268934, -0.6855593593586443157, 0.4899764014357801400 ) ) ;
#8002 = CARTESIAN_POINT ( 'NONE',  ( 0.3092324797298615646, 0.2878636011638042169, 0.4903936940980128112 ) ) ;
#8003 = CARTESIAN_POINT ( 'NONE',  ( 0.5548208895358720527, 0.5985914537979347694, 0.000000000000000000 ) ) ;
#8004 = CIRCLE ( 'NONE', #382, 0.009999999999999942962 ) ;
#8005 = DIRECTION ( 'NONE',  ( -1.000000000000000000, 1.182525838673188523E-14, -7.086106350299068996E-36 ) ) ;
#8006 = CARTESIAN_POINT ( 'NONE',  ( -0.2292212569206979467, -0.7767384862452948457, 0.01047775075922836169 ) ) ;
#8007 = ORIENTED_EDGE ( 'NONE', *, *, #5348, .F. ) ;
#8008 = AXIS2_PLACEMENT_3D ( 'NONE', #5082, #4279, #3629 ) ;
#8009 = CARTESIAN_POINT ( 'NONE',  ( -0.2901994165602159170, -0.3269027046630840205, 0.1684179791202471688 ) ) ;
#8010 = CARTESIAN_POINT ( 'NONE',  ( 0.1147983566763571689, 0.4143420948662480119, 0.5000000000000000000 ) ) ;
#8011 = CARTESIAN_POINT ( 'NONE',  ( -0.1402482383020127177, -0.4365256837376721433, 0.000000000000000000 ) ) ;
#8012 = CARTESIAN_POINT ( 'NONE',  ( 0.4894415122910311111, -0.06663272750606105688, 0.5000000000000000000 ) ) ;
#8013 = CARTESIAN_POINT ( 'NONE',  ( -0.7407678131563357748, -0.07129575095375136062, 0.5000000000000000000 ) ) ;
#8014 = EDGE_CURVE ( 'NONE', #4428, #8631, #5998, .T. ) ;
#8015 = ORIENTED_EDGE ( 'NONE', *, *, #5311, .T. ) ;
#8016 = ORIENTED_EDGE ( 'NONE', *, *, #183, .T. ) ;
#8017 = ORIENTED_EDGE ( 'NONE', *, *, #8014, .T. ) ;
#8018 = VERTEX_POINT ( 'NONE', #5306 ) ;
#8019 = CARTESIAN_POINT ( 'NONE',  ( 0.4153263665006213246, 0.5525769747778439545, 0.01000000000000000021 ) ) ;
#8020 = CARTESIAN_POINT ( 'NONE',  ( -0.4691324253459757676, 0.07817533043818541971, 0.4903933090338113976 ) ) ;
#8021 = CARTESIAN_POINT ( 'NONE',  ( -0.4808905559391404849, -0.09493881745976867625, 0.01039185439229418223 ) ) ;
#8022 = CARTESIAN_POINT ( 'NONE',  ( -0.4791569508391839705, 0.07662575659353297597, 0.4903741714660402318 ) ) ;
#8023 = CARTESIAN_POINT ( 'NONE',  ( -0.4619738800095600784, -0.1012143902542832763, 0.01041521354719345156 ) ) ;
#8024 = CARTESIAN_POINT ( 'NONE',  ( 0.5010756907753637357, -0.08339469686210011778, 0.000000000000000000 ) ) ;
#8025 = CARTESIAN_POINT ( 'NONE',  ( -0.4321722207502072810, -0.5608947982499707940, 0.000000000000000000 ) ) ;
#8026 = EDGE_CURVE ( 'NONE', #6589, #1533, #4547, .T. ) ;
#8027 = ORIENTED_EDGE ( 'NONE', *, *, #4340, .T. ) ;
#8028 = CARTESIAN_POINT ( 'NONE',  ( 0.2876392800874612021, -0.6514591189165259699, 0.4903489949670347126 ) ) ;
#8029 = CARTESIAN_POINT ( 'NONE',  ( 0.1433324142594046835, 0.4506880956676373451, 0.01041521383681768241 ) ) ;
#8030 = CARTESIAN_POINT ( 'NONE',  ( 0.8049689155484074377, -0.2007485279317388904, 0.4903489949670249426 ) ) ;
#8031 = DIRECTION ( 'NONE',  ( 1.000000000000000000, 0.000000000000000000, 0.000000000000000000 ) ) ;
#8032 = CARTESIAN_POINT ( 'NONE',  ( -0.09021097956087610614, -0.1562500000000009992, 0.5000000000000000000 ) ) ;
#8033 = CARTESIAN_POINT ( 'NONE',  ( -0.2962942585325367140, 0.6464621647814281502, 0.5000000000000000000 ) ) ;
#8034 = CARTESIAN_POINT ( 'NONE',  ( -0.4481664506722017882, -0.09680430466327931416, 0.000000000000000000 ) ) ;
#8035 = CARTESIAN_POINT ( 'NONE',  ( -0.7744794800693602932, 0.1457514601292382306, 0.01057234158383331228 ) ) ;
#8036 = EDGE_CURVE ( 'NONE', #1891, #4789, #7070, .T. ) ;
#8037 = EDGE_CURVE ( 'NONE', #3383, #2148, #635, .T. ) ;
#8038 = VERTEX_POINT ( 'NONE', #3844 ) ;
#8039 = DIRECTION ( 'NONE',  ( -0.5000000000000102141, -0.8660254037844327124, 0.000000000000000000 ) ) ;
#8040 = CARTESIAN_POINT ( 'NONE',  ( 0.7858529396353074459, 0.1822801220025292990, 0.01049752550059983996 ) ) ;
#8041 = CARTESIAN_POINT ( 'NONE',  ( 0.08347712948223401375, -0.4019600866310397147, 0.5000000000000000000 ) ) ;
#8042 = CARTESIAN_POINT ( 'NONE',  ( -0.3989217307994875616, -0.1329774474843462284, 0.4903741746603219598 ) ) ;
#8043 = CARTESIAN_POINT ( 'NONE',  ( -0.1244594133958265569, -0.4175533447660584874, 0.4904246557902656733 ) ) ;
#8044 = CARTESIAN_POINT ( 'NONE',  ( 0.7960997847530287830, -0.1269621930222750439, 0.4905661903357161346 ) ) ;
#8045 = ADVANCED_FACE ( 'NONE', ( #7329 ), #8109, .F. ) ;
#8046 = CARTESIAN_POINT ( 'NONE',  ( -0.2463706517190125123, -0.7612365802007007298, 0.000000000000000000 ) ) ;
#8047 = ORIENTED_EDGE ( 'NONE', *, *, #7469, .F. ) ;
#8048 = CARTESIAN_POINT ( 'NONE',  ( -0.1514412409984354779, -0.4317843585491197289, 0.4904181026315469483 ) ) ;
#8049 = CARTESIAN_POINT ( 'NONE',  ( 0.3227597714111630212, 0.3922469289992507879, 0.01000000000000000021 ) ) ;
#8050 = DIRECTION ( 'NONE',  ( 1.132376349515315832E-14, 0.9993908270190957621, 0.03489949670250104552 ) ) ;
#8051 = CARTESIAN_POINT ( 'NONE',  ( -0.4752988352904438107, 0.6305120212775571220, 0.5000000000000000000 ) ) ;
#8052 = CARTESIAN_POINT ( 'NONE',  ( 0.4278578186015322138, -0.5542967590207746875, 0.01038463352716599911 ) ) ;
#8053 = CARTESIAN_POINT ( 'NONE',  ( -0.09021097956087617553, 0.1562499999999989453, 0.5000000000000000000 ) ) ;
#8054 = CARTESIAN_POINT ( 'NONE',  ( 0.4596491382714173457, -0.6244944582431117830, 0.4999999999999999445 ) ) ;
#8055 = ORIENTED_EDGE ( 'NONE', *, *, #24, .F. ) ;
#8056 = ORIENTED_EDGE ( 'NONE', *, *, #1355, .T. ) ;
#8057 = ORIENTED_EDGE ( 'NONE', *, *, #3299, .F. ) ;
#8058 = ORIENTED_EDGE ( 'NONE', *, *, #2571, .F. ) ;
#8059 = CARTESIAN_POINT ( 'NONE',  ( -0.1380063385723528380, -0.4147714191176628540, 0.1684179820176009701 ) ) ;
#8060 = CARTESIAN_POINT ( 'NONE',  ( -0.4240021294767019056, -0.5474138660061825812, 0.007454521230928214462 ) ) ;
#8061 = CARTESIAN_POINT ( 'NONE',  ( 0.2463706517190009104, 0.7612365802006865190, 2.532717669471751413E-15 ) ) ;
#8062 = CARTESIAN_POINT ( 'NONE',  ( -0.4260696193487156780, -0.1277340294362280249, -3.838997091721727573E-15 ) ) ;
#8063 = EDGE_CURVE ( 'NONE', #5533, #1130, #6234, .T. ) ;
#8064 = CARTESIAN_POINT ( 'NONE',  ( -0.4543590612374862614, -0.08284363491566743010, 0.4904132021346769843 ) ) ;
#8065 = CARTESIAN_POINT ( 'NONE',  ( -0.1727615092121137230, 0.4660211057531922219, 0.000000000000000000 ) ) ;
#8066 = CARTESIAN_POINT ( 'NONE',  ( -0.7958678228543935029, -0.1271942611426141179, 0.5000000000000000000 ) ) ;
#8067 = CARTESIAN_POINT ( 'NONE',  ( -0.5134557100293386522, 0.5978367517677460885, 0.01057231095252437157 ) ) ;
#8068 = B_SPLINE_CURVE_WITH_KNOTS ( 'NONE', 3,
 ( #4554, #6498, #5932, #7813, #3110, #8531, #7249, #8442, #3204, #8623, #1207, #2404 ),
 .UNSPECIFIED., .F., .F.,
 ( 4, 2, 2, 2, 2, 4 ),
 ( 1.939479807224432123E-18, 0.0007727098134046554842, 0.001545419626809309017, 0.001931774533511636813, 0.002318129440213964176, 0.003090839253618620636 ),
 .UNSPECIFIED. ) ;
#8069 = CARTESIAN_POINT ( 'NONE',  ( 0.7163494013562041740, 0.09824125619396527342, 0.000000000000000000 ) ) ;
#8070 = ORIENTED_EDGE ( 'NONE', *, *, #5637, .F. ) ;
#8071 = CARTESIAN_POINT ( 'NONE',  ( 0.5010756907753656231, 0.08339469686208855759, 0.000000000000000000 ) ) ;
#8072 = CARTESIAN_POINT ( 'NONE',  ( 0.1306459465740560377, 0.4425487510422709270, 0.01042312752873289505 ) ) ;
#8073 = CARTESIAN_POINT ( 'NONE',  ( 0.5801797670649641026, 0.5774384982670063282, 0.1732836465128099745 ) ) ;
#8074 = EDGE_CURVE ( 'NONE', #996, #1799, #1918, .T. ) ;
#8075 = CARTESIAN_POINT ( 'NONE',  ( -0.3113498623824775269, -0.7020224626965521075, 0.5000000000000000000 ) ) ;
#8076 = CARTESIAN_POINT ( 'NONE',  ( -0.2793614223413956044, 0.6481159773196639717, 0.3329279421498801961 ) ) ;
#8077 = CARTESIAN_POINT ( 'NONE',  ( 0.4326329043671511276, -0.09354659877449907068, 0.005824649011643580516 ) ) ;
#8078 = CARTESIAN_POINT ( 'NONE',  ( -0.4286594275342901494, 0.5874906439844603812, 0.4904133168798601172 ) ) ;
#8079 = CARTESIAN_POINT ( 'NONE',  ( -0.07206249524877650359, 0.4197816556071411465, 0.3318948753079573044 ) ) ;
#8080 = TOROIDAL_SURFACE ( 'NONE', #467, 0.8228553031379056693, 0.01000000000000000021 ) ;
#8081 = CARTESIAN_POINT ( 'NONE',  ( -0.4360930745396506270, -0.09189566777249506824, 0.4904263669987759533 ) ) ;
#8082 = EDGE_CURVE ( 'NONE', #864, #5190, #7013, .T. ) ;
#8083 = CARTESIAN_POINT ( 'NONE',  ( -0.3121034827835177383, -0.3071228010769803674, -0.000000000000000000 ) ) ;
#8084 = DIRECTION ( 'NONE',  ( -0.8660254037844388186, 0.4999999999999996669, 0.000000000000000000 ) ) ;
#8085 = CARTESIAN_POINT ( 'NONE',  ( 0.7450442528064145087, -0.08341608086032907543, 0.4904903549898804727 ) ) ;
#8086 = AXIS2_PLACEMENT_3D ( 'NONE', #4958, #7688, #4378 ) ;
#8087 = CARTESIAN_POINT ( 'NONE',  ( 0.3061190138439608410, -0.7350215828030046694, 0.5000000000000000000 ) ) ;
#8088 = ORIENTED_EDGE ( 'NONE', *, *, #5426, .F. ) ;
#8089 = CARTESIAN_POINT ( 'NONE',  ( -0.3339090120896492375, -0.2734436923940696818, 0.1696798208681197795 ) ) ;
#8090 = CARTESIAN_POINT ( 'NONE',  ( -0.3113498624098485767, -0.7020224626960812619, 0.5000000000000000000 ) ) ;
#8091 = EDGE_CURVE ( 'NONE', #6072, #6322, #5546, .T. ) ;
#8092 = CARTESIAN_POINT ( 'NONE',  ( -0.6936923673243509114, -0.08769878212777165727, 0.1732842076590095648 ) ) ;
#8093 = AXIS2_PLACEMENT_3D ( 'NONE', #3558, #8323, #156 ) ;
#8094 = CARTESIAN_POINT ( 'NONE',  ( -0.1659194090399346011, 0.4574621659185096334, -0.000000000000000000 ) ) ;
#8095 = CARTESIAN_POINT ( 'NONE',  ( 0.4153263665006082239, -0.5525769747778529473, 0.000000000000000000 ) ) ;
#8096 = CARTESIAN_POINT ( 'NONE',  ( -0.8166961104136115646, -0.1950257087208866758, 0.5000000000000001110 ) ) ;
#8097 = VERTEX_POINT ( 'NONE', #164 ) ;
#8098 = ORIENTED_EDGE ( 'NONE', *, *, #1231, .T. ) ;
#8099 = AXIS2_PLACEMENT_3D ( 'NONE', #2381, #4926, #6251 ) ;
#8100 = ORIENTED_EDGE ( 'NONE', *, *, #2311, .F. ) ;
#8101 = VERTEX_POINT ( 'NONE', #6764 ) ;
#8102 = CARTESIAN_POINT ( 'NONE',  ( 0.2434253421602492473, 0.7932589970131832535, 0.4904175297014736201 ) ) ;
#8103 = CARTESIAN_POINT ( 'NONE',  ( -0.1147680563289917299, 0.4147468857597655933, 0.4904181057549967249 ) ) ;
#8104 = CARTESIAN_POINT ( 'NONE',  ( 0.2154477707652926732, 0.7839477653625395170, 0.01042077290530874292 ) ) ;
#8105 = CARTESIAN_POINT ( 'NONE',  ( 0.4447746683385203070, -0.6035206858565009824, 0.4904903537286846582 ) ) ;
#8106 = CARTESIAN_POINT ( 'NONE',  ( -0.5801797670649511129, 0.5774384982670195399, 0.1732836465128083647 ) ) ;
#8107 = CARTESIAN_POINT ( 'NONE',  ( 0.2999743171789864826, 0.7502290296675746539, 0.5000000000000001110 ) ) ;
#8108 = CARTESIAN_POINT ( 'NONE',  ( -0.4324289653984053072, 0.5604393599258482572, 0.01041648865680713625 ) ) ;
#8109 =( BOUNDED_SURFACE ( )  B_SPLINE_SURFACE ( 3, 2, ( 
 ( #6536, #2577, #8572 ),
 ( #2538, #7240, #4687 ),
 ( #1201, #500, #3894 ),
 ( #6583, #7370, #1299 ) ),
 .UNSPECIFIED., .F., .F., .F. ) 
 B_SPLINE_SURFACE_WITH_KNOTS ( ( 4, 4 ),
 ( 3, 3 ),
 ( 0.01972895862017240085, 0.03210090281170673021 ),
 ( 0.000000000000000000, 1.000000000000000000 ),
 .UNSPECIFIED. ) 
 GEOMETRIC_REPRESENTATION_ITEM ( )  RATIONAL_B_SPLINE_SURFACE ( (
 ( 1.000000000000000000, 0.8248823227266867120, 1.000000000000000000),
 ( 1.000000000000000000, 0.8228396131304853700, 1.000000000000000000),
 ( 1.000000000000000000, 0.8207248281443598747, 1.000000000000000000),
 ( 1.000000000000000000, 0.8185296407512915318, 1.000000000000000000) ) ) 
 REPRESENTATION_ITEM ( '' )  SURFACE ( )  );
#8110 = CARTESIAN_POINT ( 'NONE',  ( 0.7236638378292333806, 0.1009040005080813901, 0.000000000000000000 ) ) ;
#8111 = ORIENTED_EDGE ( 'NONE', *, *, #636, .F. ) ;
#8112 = DIRECTION ( 'NONE',  ( 0.9329668726250689437, 0.3599622404978032320, 0.000000000000000000 ) ) ;
#8113 = CARTESIAN_POINT ( 'NONE',  ( 0.1254670313042578755, 0.4290100372711994625, 0.000000000000000000 ) ) ;
#8114 = CARTESIAN_POINT ( 'NONE',  ( 0.2875621479586883411, -0.3370238104520865696, 0.5000000000000000000 ) ) ;
#8115 = CARTESIAN_POINT ( 'NONE',  ( -0.2622275360085788987, 0.6409686257750414340, 0.01034899496702502281 ) ) ;
#8116 = CARTESIAN_POINT ( 'NONE',  ( -0.3186411731935416269, 0.3494739208460012625, 0.01041521354719344983 ) ) ;
#8117 = CARTESIAN_POINT ( 'NONE',  ( 0.4117055280199179434, -0.5798294372753751702, 0.5000000000000000000 ) ) ;
#8118 = AXIS2_PLACEMENT_3D ( 'NONE', #5545, #2956, #4303 ) ;
#8119 = EDGE_CURVE ( 'NONE', #4996, #1755, #284, .T. ) ;
#8120 = VERTEX_POINT ( 'NONE', #8165 ) ;
#8121 = FACE_OUTER_BOUND ( 'NONE', #53, .T. ) ;
#8122 = DIRECTION ( 'NONE',  ( 0.000000000000000000, -1.000000000000000000, 0.000000000000000000 ) ) ;
#8123 = CARTESIAN_POINT ( 'NONE',  ( -0.3263633818172490542, -0.3785024357537098982, 0.01037314937198704698 ) ) ;
#8124 = DIRECTION ( 'NONE',  ( -1.000000000000000000, 1.128261002834269212E-14, 6.829619984157865518E-14 ) ) ;
#8125 = FACE_OUTER_BOUND ( 'NONE', #4383, .T. ) ;
#8126 = AXIS2_PLACEMENT_3D ( 'NONE', #1515, #4785, #4860 ) ;
#8127 = PRODUCT_DEFINITION ( 'UNKNOWN', '', #640, #8253 ) ;
#8128 = ADVANCED_FACE ( 'NONE', ( #3530, #7412, #4893, #7578, #4852, #4070, #2125, #3499 ), #7494, .F. ) ;
#8129 = CARTESIAN_POINT ( 'NONE',  ( 0.2959497354752028686, -0.7576651849832186647, 0.5000000000000000000 ) ) ;
#8130 = VERTEX_POINT ( 'NONE', #127 ) ;
#8131 = CARTESIAN_POINT ( 'NONE',  ( -0.7156279913617666910, 0.07662544912452531887, 0.4903829762264969583 ) ) ;
#8132 = CARTESIAN_POINT ( 'NONE',  ( -0.3110034961402526887, -0.7103150596639967729, 0.5000000000000000000 ) ) ;
#8133 = CIRCLE ( 'NONE', #6295, 0.01000000000000001062 ) ;
#8134 = CARTESIAN_POINT ( 'NONE',  ( 0.4808910119741648392, 0.09493872038600030538, 0.01039185364183538296 ) ) ;
#8135 = AXIS2_PLACEMENT_3D ( 'NONE', #8524, #2486, #5168 ) ;
#8136 = CARTESIAN_POINT ( 'NONE',  ( 0.4326329043685748776, 0.09354659877631206488, 0.005824648959441180128 ) ) ;
#8137 = CARTESIAN_POINT ( 'NONE',  ( 0.1870151214018311026, 0.4571851470637326442, 0.4899999999999982148 ) ) ;
#8138 = CARTESIAN_POINT ( 'NONE',  ( 0.4644711259042331730, 0.5978078151899992587, 0.000000000000000000 ) ) ;
#8139 = EDGE_CURVE ( 'NONE', #6034, #7106, #1452, .T. ) ;
#8140 = ORIENTED_EDGE ( 'NONE', *, *, #4784, .F. ) ;
#8141 = EDGE_CURVE ( 'NONE', #6983, #738, #7447, .T. ) ;
#8142 = ORIENTED_EDGE ( 'NONE', *, *, #1345, .F. ) ;
#8143 = AXIS2_PLACEMENT_3D ( 'NONE', #4662, #8636, #7973 ) ;
#8144 = ORIENTED_EDGE ( 'NONE', *, *, #6524, .F. ) ;
#8145 = VERTEX_POINT ( 'NONE', #3045 ) ;
#8146 = CARTESIAN_POINT ( 'NONE',  ( 0.2948191652466199963, 0.6648194422902924394, 0.5000000000000000000 ) ) ;
#8147 = CARTESIAN_POINT ( 'NONE',  ( 0.08803188195492991919, 0.4202300258305141645, -0.000000000000000000 ) ) ;
#8148 = CARTESIAN_POINT ( 'NONE',  ( 0.2826638410685237690, 0.7177272712735526250, 0.000000000000000000 ) ) ;
#8149 = CARTESIAN_POINT ( 'NONE',  ( -0.4276474307961084520, 0.09732802453561256728, 0.4999999999999999445 ) ) ;
#8150 = CARTESIAN_POINT ( 'NONE',  ( -0.1783159193642010754, 0.4756416258613509473, 0.000000000000000000 ) ) ;
#8151 = CARTESIAN_POINT ( 'NONE',  ( -0.5304802464178777210, 0.6060681306442344818, 0.000000000000000000 ) ) ;
#8152 = CARTESIAN_POINT ( 'NONE',  ( -0.4568757976300236723, -0.5939568659654015370, 0.000000000000000000 ) ) ;
#8153 = VERTEX_POINT ( 'NONE', #6913 ) ;
#8154 = CYLINDRICAL_SURFACE ( 'NONE', #3998, 0.009999999999999995004 ) ;
#8155 = CARTESIAN_POINT ( 'NONE',  ( 0.4081730067734666290, 0.1574834802178004534, -2.134256245050205639E-18 ) ) ;
#8156 = CARTESIAN_POINT ( 'NONE',  ( 0.4900514125533776966, 0.6613907087230830317, 0.001385477198296067693 ) ) ;
#8157 = CARTESIAN_POINT ( 'NONE',  ( 0.07417598251891673045, -0.4137806659619445160, 0.4903489949670250536 ) ) ;
#8158 = CARTESIAN_POINT ( 'NONE',  ( 0.7954023533044288774, -0.1274372862622437930, 0.4905614323235321650 ) ) ;
#8159 = CARTESIAN_POINT ( 'NONE',  ( -0.2684922344140056039, -0.7886906684432872794, 0.5000000000000001110 ) ) ;
#8160 = CARTESIAN_POINT ( 'NONE',  ( -0.3401899532607898791, 0.2745194998491434779, 0.01034899496703158353 ) ) ;
#8161 = CARTESIAN_POINT ( 'NONE',  ( -0.4283409433298777103, 0.5877306077712336485, 0.5000000000000000000 ) ) ;
#8162 = CARTESIAN_POINT ( 'NONE',  ( 0.5820941901596433654, -0.5673624041314472288, 0.009999999999999998473 ) ) ;
#8163 = DIRECTION ( 'NONE',  ( 1.000000000000000000, 0.000000000000000000, 0.000000000000000000 ) ) ;
#8164 = CARTESIAN_POINT ( 'NONE',  ( -0.4241735574921262075, 0.5814392545398261447, 0.4903829760152204620 ) ) ;
#8165 = CARTESIAN_POINT ( 'NONE',  ( 0.1919689645055534244, -9.620226984726620532E-16, 0.000000000000000000 ) ) ;
#8166 = EDGE_CURVE ( 'NONE', #7747, #6486, #8332, .T. ) ;
#8167 = DIRECTION ( 'NONE',  ( 6.829619984160658717E-14, 0.000000000000000000, 1.000000000000000000 ) ) ;
#8168 = B_SPLINE_CURVE_WITH_KNOTS ( 'NONE', 3,
 ( #7595, #4372, #7060, #4281, #8310, #1029, #4237, #941, #227, #2934, #5611, #3631, #2445, #1259, #5888, #2545 ),
 .UNSPECIFIED., .F., .F.,
 ( 4, 2, 2, 2, 2, 2, 2, 4 ),
 ( 0.000000000000000000, 0.0004286688780641581629, 0.0008573377561283163258, 0.001286006634192474489, 0.001714675512256632652, 0.002143344390320790598, 0.002572013268384948977, 0.003429351024513265303 ),
 .UNSPECIFIED. ) ;
#8169 = B_SPLINE_CURVE_WITH_KNOTS ( 'NONE', 3,
 ( #5928, #2043, #7490, #4142 ),
 .UNSPECIFIED., .F., .F.,
 ( 4, 4 ),
 ( 0.0002631000255943944407, 0.01246611012736438193 ),
 .UNSPECIFIED. ) ;
#8170 = CARTESIAN_POINT ( 'NONE',  ( -0.3178168710127355356, -0.3861550169841840852, 0.3318948755274576112 ) ) ;
#8171 = CYLINDRICAL_SURFACE ( 'NONE', #7956, 0.01000000000000000194 ) ;
#8172 = CARTESIAN_POINT ( 'NONE',  ( -0.8068159052736413317, -0.1933473023651245404, 0.4903829660357258979 ) ) ;
#8173 = EDGE_CURVE ( 'NONE', #6486, #5320, #3459, .T. ) ;
#8174 = CARTESIAN_POINT ( 'NONE',  ( 0.000000000000000000, 0.000000000000000000, 0.000000000000000000 ) ) ;
#8175 = CARTESIAN_POINT ( 'NONE',  ( 0.5763377827354240202, 0.5967492661558658762, 0.4903489949670249426 ) ) ;
#8176 = CARTESIAN_POINT ( 'NONE',  ( 0.5363520410282744955, 0.5944875719074255160, 0.01053677613729666999 ) ) ;
#8177 = ORIENTED_EDGE ( 'NONE', *, *, #2162, .F. ) ;
#8178 = ORIENTED_EDGE ( 'NONE', *, *, #5494, .T. ) ;
#8179 = ORIENTED_EDGE ( 'NONE', *, *, #5739, .F. ) ;
#8180 = EDGE_LOOP ( 'NONE', ( #8179, #5396, #5272, #4520 ) ) ;
#8181 = CARTESIAN_POINT ( 'NONE',  ( 0.2879311484212279670, 0.6512906086554577367, 0.5000000000000000000 ) ) ;
#8182 = CARTESIAN_POINT ( 'NONE',  ( 0.1353979362456499413, 0.4337459296899838779, -0.000000000000000000 ) ) ;
#8183 = ADVANCED_FACE ( 'NONE', ( #256 ), #4854, .T. ) ;
#8184 = CARTESIAN_POINT ( 'NONE',  ( -0.3954325595773431345, 0.1426520477689190436, 0.4903489949670249426 ) ) ;
#8185 = CARTESIAN_POINT ( 'NONE',  ( -0.06764588407315208496, 0.4318728915606555585, 0.01034899496702501066 ) ) ;
#8186 = CARTESIAN_POINT ( 'NONE',  ( 0.09260244267826284181, 0.1603921356237299478, 6.278900953267892352E-18 ) ) ;
#8187 = CARTESIAN_POINT ( 'NONE',  ( -0.5051480566491942659, 0.6077638373332984179, 0.000000000000000000 ) ) ;
#8188 = CARTESIAN_POINT ( 'NONE',  ( 0.7820553603962433487, 0.2203308041911117565, -2.134256245050205639E-18 ) ) ;
#8189 = ORIENTED_EDGE ( 'NONE', *, *, #7976, .T. ) ;
#8190 = ORIENTED_EDGE ( 'NONE', *, *, #2679, .T. ) ;
#8191 = ORIENTED_EDGE ( 'NONE', *, *, #2533, .F. ) ;
#8192 = DIRECTION ( 'NONE',  ( -0.6979869626749405365, -0.7161104662940008803, -0.000000000000000000 ) ) ;
#8193 = CARTESIAN_POINT ( 'NONE',  ( 0.3107895010005326530, -0.3857239756836598477, 0.5000000000000000000 ) ) ;
#8194 = ADVANCED_FACE ( 'NONE', ( #3692 ), #1285, .T. ) ;
#8195 = FACE_OUTER_BOUND ( 'NONE', #3256, .T. ) ;
#8196 = CARTESIAN_POINT ( 'NONE',  ( 0.5051480566491866053, -0.6077638373332914234, 0.000000000000000000 ) ) ;
#8197 = CARTESIAN_POINT ( 'NONE',  ( 0.07247752458721441748, 0.4185776750683243286, 0.3635569265345392487 ) ) ;
#8198 = DIRECTION ( 'NONE',  ( 1.000000000000000000, 6.833782940085117942E-15, 0.000000000000000000 ) ) ;
#8199 = FACE_OUTER_BOUND ( 'NONE', #452, .T. ) ;
#8200 = ORIENTED_EDGE ( 'NONE', *, *, #735, .F. ) ;
#8201 =( BOUNDED_SURFACE ( )  B_SPLINE_SURFACE ( 3, 2, ( 
 ( #6390, #4935, #874 ),
 ( #2340, #1544, #6957 ),
 ( #7710, #4263, #4353 ),
 ( #5067, #1011, #4219 ) ),
 .UNSPECIFIED., .F., .F., .F. ) 
 B_SPLINE_SURFACE_WITH_KNOTS ( ( 4, 4 ),
 ( 3, 3 ),
 ( 0.02912239127223455182, 0.04154342169942463331 ),
 ( 0.000000000000000000, 1.000000000000000000 ),
 .UNSPECIFIED. ) 
 GEOMETRIC_REPRESENTATION_ITEM ( )  RATIONAL_B_SPLINE_SURFACE ( (
 ( 1.000000000000000000, 0.6042316834834670081, 1.000000000000000000),
 ( 1.000000000000000000, 0.6084201088642312572, 1.000000000000000000),
 ( 1.000000000000000000, 0.6124652103510541679, 1.000000000000000000),
 ( 1.000000000000000000, 0.6163818356446828517, 1.000000000000000000) ) ) 
 REPRESENTATION_ITEM ( '' )  SURFACE ( )  );
#8202 = DIRECTION ( 'NONE',  ( 0.5000000000000102141, 0.8660254037844327124, -0.000000000000000000 ) ) ;
#8203 = CARTESIAN_POINT ( 'NONE',  ( -0.4172835517905852942, -0.09343715899400809044, 0.5000000000000000000 ) ) ;
#8204 = CARTESIAN_POINT ( 'NONE',  ( -0.3096215446752381140, -0.3178395539437978146, 0.000000000000000000 ) ) ;
#8205 = DIRECTION ( 'NONE',  ( -0.9625296743338233041, 0.2711763743891123513, 0.000000000000000000 ) ) ;
#8206 = CIRCLE ( 'NONE', #6236, 0.009999999999999989800 ) ;
#8207 = CARTESIAN_POINT ( 'NONE',  ( 0.4003794614377378380, 0.1484614138336305122, 0.3001607736890145040 ) ) ;
#8208 = CARTESIAN_POINT ( 'NONE',  ( -0.2287240103609088360, -0.7978217641377942648, 0.5000000000000001110 ) ) ;
#8209 = CARTESIAN_POINT ( 'NONE',  ( 0.5792013140158904783, -0.5824238627822935221, 0.2547538490329978034 ) ) ;
#8210 = CARTESIAN_POINT ( 'NONE',  ( -0.4114711404837178010, 0.1479289004142348429, 0.01037315228810353762 ) ) ;
#8211 = DIRECTION ( 'NONE',  ( -0.000000000000000000, -0.000000000000000000, -1.000000000000000000 ) ) ;
#8212 = CIRCLE ( 'NONE', #5266, 0.8128613948677146928 ) ;
#8213 = CARTESIAN_POINT ( 'NONE',  ( 0.5306399257410207015, 0.6222614985487120443, 0.4905276818448552900 ) ) ;
#8214 = ORIENTED_EDGE ( 'NONE', *, *, #2254, .T. ) ;
#8215 = EDGE_LOOP ( 'NONE', ( #5249, #4521, #5940, #4123, #6417, #4487, #2544, #7522 ) ) ;
#8216 = EDGE_CURVE ( 'NONE', #5520, #7812, #7874, .T. ) ;
#8217 = VERTEX_POINT ( 'NONE', #4444 ) ;
#8218 = FACE_OUTER_BOUND ( 'NONE', #5710, .T. ) ;
#8219 = CARTESIAN_POINT ( 'NONE',  ( -0.3317277269924778782, -0.3870692774302978423, -2.134256245050205639E-18 ) ) ;
#8220 = CARTESIAN_POINT ( 'NONE',  ( -0.2993820973046547596, 0.3165616861239279878, 0.4904246557902653958 ) ) ;
#8221 = CARTESIAN_POINT ( 'NONE',  ( 0.2859407527316226716, 0.6924926462913361114, 0.000000000000000000 ) ) ;
#8222 = CARTESIAN_POINT ( 'NONE',  ( -0.4362487335922376475, 0.09179779665601678351, 0.4904263270675874864 ) ) ;
#8223 = CARTESIAN_POINT ( 'NONE',  ( -0.1045800106116754058, 0.4226502634314900364, 0.000000000000000000 ) ) ;
#8224 = CARTESIAN_POINT ( 'NONE',  ( -0.1783159193642011309, 0.4756416258613509473, 0.01000000000000000021 ) ) ;
#8225 = CARTESIAN_POINT ( 'NONE',  ( 0.7824355426032818528, 0.1672550469647478000, 0.000000000000000000 ) ) ;
#8226 = CIRCLE ( 'NONE', #4418, 0.4271446968620944973 ) ;
#8227 = ORIENTED_EDGE ( 'NONE', *, *, #7901, .T. ) ;
#8228 = ORIENTED_EDGE ( 'NONE', *, *, #8519, .T. ) ;
#8229 = DIRECTION ( 'NONE',  ( 0.4999999999999903411, -0.8660254037844442587, 0.000000000000000000 ) ) ;
#8230 = VERTEX_POINT ( 'NONE', #3139 ) ;
#8231 = EDGE_CURVE ( 'NONE', #3725, #1354, #4719, .T. ) ;
#8232 = DIRECTION ( 'NONE',  ( 1.000000000000000000, 0.000000000000000000, 0.000000000000000000 ) ) ;
#8233 = CARTESIAN_POINT ( 'NONE',  ( 0.6862088809542766787, -0.08339469686210233823, 0.01000000000000000021 ) ) ;
#8234 = DIRECTION ( 'NONE',  ( -0.9879541328315314397, 0.1547469916382761823, -2.644195070954203738E-15 ) ) ;
#8235 = CARTESIAN_POINT ( 'NONE',  ( 0.3254347416836448348, 0.2768903755650304888, 0.000000000000000000 ) ) ;
#8236 = CARTESIAN_POINT ( 'NONE',  ( -0.5080873727922989858, 0.6256446220751950005, 0.5000000000000000000 ) ) ;
#8237 = CARTESIAN_POINT ( 'NONE',  ( 0.3401899532607904342, -0.2745194998491437000, 0.01034899496702501066 ) ) ;
#8238 = CARTESIAN_POINT ( 'NONE',  ( -0.4670417581692915543, -0.06879074459074795145, 0.5000000000000001110 ) ) ;
#8239 = EDGE_CURVE ( 'NONE', #3829, #3954, #1998, .T. ) ;
#8240 = B_SPLINE_CURVE_WITH_KNOTS ( 'NONE', 3,
 ( #3043, #8466, #7752, #2387, #1863, #4536, #4396 ),
 .UNSPECIFIED., .F., .F.,
 ( 4, 3, 4 ),
 ( 0.0002455294063582051417, 0.006239355698587184008, 0.01245751125352316177 ),
 .UNSPECIFIED. ) ;
#8241 = CARTESIAN_POINT ( 'NONE',  ( 0.3190786312720897966, 0.3494749850281006487, 0.000000000000000000 ) ) ;
#8242 = FACE_OUTER_BOUND ( 'NONE', #6450, .T. ) ;
#8243 = CARTESIAN_POINT ( 'NONE',  ( 0.3113558414800337570, -0.7021953126322407757, 0.4999999999999999445 ) ) ;
#8244 = DIRECTION ( 'NONE',  ( -0.8660254037844388186, -0.4999999999999996669, 0.000000000000000000 ) ) ;
#8245 = DIRECTION ( 'NONE',  ( 0.000000000000000000, 0.000000000000000000, 1.000000000000000000 ) ) ;
#8246 =( BOUNDED_SURFACE ( )  B_SPLINE_SURFACE ( 3, 2, ( 
 ( #7601, #5619, #1568 ),
 ( #948, #4244, #2323 ),
 ( #6937, #5004, #3674 ),
 ( #904, #3637, #6330 ),
 ( #3592, #6283, #235 ),
 ( #7689, #280, #6370 ),
 ( #322, #8403, #5049 ),
 ( #3025, #2368, #5708 ),
 ( #5467, #1293, #8752 ),
 ( #2005, #757, #3492 ),
 ( #2121, #796, #6137 ),
 ( #5347, #2042, #123 ),
 ( #7489, #3977, #3409 ),
 ( #2827, #7407, #6094 ) ),
 .UNSPECIFIED., .F., .F., .F. ) 
 B_SPLINE_SURFACE_WITH_KNOTS ( ( 4, 2, 2, 2, 2, 2, 4 ),
 ( 3, 3 ),
 ( -5.529431079676072613E-18, 0.0008499630636326846456, 0.001274944595449029787, 0.001699926127265374929, 0.002124907659081720288, 0.002549889190898065212, 0.003399852254530755496 ),
 ( 0.000000000000000000, 1.000000000000000000 ),
 .UNSPECIFIED. ) 
 GEOMETRIC_REPRESENTATION_ITEM ( )  RATIONAL_B_SPLINE_SURFACE ( (
 ( 1.000000000000000000, 0.7193398003386507478, 1.000000000000000000),
 ( 1.000000000000000000, 0.7202131089110975770, 1.000000000000000000),
 ( 1.000000000000000000, 0.7208784273510971952, 1.000000000000000000),
 ( 1.000000000000000000, 0.7215629346520534559, 1.000000000000000000),
 ( 1.000000000000000000, 0.7217356565186033857, 1.000000000000000000),
 ( 1.000000000000000000, 0.7219644832678983049, 1.000000000000000000),
 ( 1.000000000000000000, 0.7220224049892357554, 1.000000000000000000),
 ( 1.000000000000000000, 0.7220238173293412887, 1.000000000000000000),
 ( 1.000000000000000000, 0.7219658634063080838, 1.000000000000000000),
 ( 1.000000000000000000, 0.7217377061592989973, 1.000000000000000000),
 ( 1.000000000000000000, 0.7215679889611176234, 1.000000000000000000),
 ( 1.000000000000000000, 0.7208917738735040048, 1.000000000000000000),
 ( 1.000000000000000000, 0.7202113677850200402, 1.000000000000000000),
 ( 1.000000000000000000, 0.7193398003386507478, 1.000000000000000000) ) ) 
 REPRESENTATION_ITEM ( '' )  SURFACE ( )  );
#8247 = AXIS2_PLACEMENT_3D ( 'NONE', #7413, #1505, #3569 ) ;
#8248 = CARTESIAN_POINT ( 'NONE',  ( 0.8137850001699996616, 0.1454410854888095184, 0.5000000000000000000 ) ) ;
#8249 = DIRECTION ( 'NONE',  ( 1.000000000000000000, 0.000000000000000000, 0.000000000000000000 ) ) ;
#8250 = CARTESIAN_POINT ( 'NONE',  ( -0.2809368252977134661, -0.7774790261103567968, 0.5000000000000000000 ) ) ;
#8251 = CARTESIAN_POINT ( 'NONE',  ( 0.4321278381102431343, -0.6058758690022617577, 0.5000000000000000000 ) ) ;
#8252 = DIRECTION ( 'NONE',  ( 1.133066583063284545E-14, 1.000000000000000000, 0.000000000000000000 ) ) ;
#8253 = PRODUCT_DEFINITION_CONTEXT ( 'detailed design', #5354, 'design' ) ;
#8254 = CARTESIAN_POINT ( 'NONE',  ( 0.7920226469532127833, 0.2231389177517495992, 0.01000000000000000021 ) ) ;
#8255 = CARTESIAN_POINT ( 'NONE',  ( -0.09021097956087617553, 0.1562499999999989453, 0.4899999999999999911 ) ) ;
#8256 = AXIS2_PLACEMENT_3D ( 'NONE', #2099, #4907, #2802 ) ;
#8257 = CARTESIAN_POINT ( 'NONE',  ( 0.5232489283769492516, 0.6237809683902354463, 0.4905419968494941219 ) ) ;
#8258 = CARTESIAN_POINT ( 'NONE',  ( -0.09021097956087605063, -0.1562500000000010270, 0.004142135623730964361 ) ) ;
#8259 = ORIENTED_EDGE ( 'NONE', *, *, #2364, .T. ) ;
#8260 = EDGE_LOOP ( 'NONE', ( #8190, #8144, #6429, #7153 ) ) ;
#8261 = CIRCLE ( 'NONE', #5171, 0.009999999999999968983 ) ;
#8262 = ORIENTED_EDGE ( 'NONE', *, *, #8037, .F. ) ;
#8263 = CIRCLE ( 'NONE', #4457, 0.01000000000000001235 ) ;
#8264 = CARTESIAN_POINT ( 'NONE',  ( 1.058224100497642763E-15, 0.09339469686209422861, 0.01000000000000000021 ) ) ;
#8265 = CARTESIAN_POINT ( 'NONE',  ( 0.2944521084090800378, 0.6649752758086272530, 0.4904133168798601172 ) ) ;
#8266 = CARTESIAN_POINT ( 'NONE',  ( -0.3059707762009116760, 0.3767054057296027603, 0.4903740126118607545 ) ) ;
#8267 = CARTESIAN_POINT ( 'NONE',  ( 0.4118061587441563809, -0.1481362370480074908, 8.980805745095388335E-16 ) ) ;
#8268 = CARTESIAN_POINT ( 'NONE',  ( 0.4203605064649951761, -0.5748324831402805701, 0.4903489949670250536 ) ) ;
#8269 = CARTESIAN_POINT ( 'NONE',  ( 0.7820553603962432376, -0.2203308041911290482, -2.134256245050205639E-18 ) ) ;
#8270 = CARTESIAN_POINT ( 'NONE',  ( 0.3987621210525595927, -0.1141630066642563834, 0.5000000000000001110 ) ) ;
#8271 = EDGE_CURVE ( 'NONE', #8693, #3511, #3790, .T. ) ;
#8272 = CARTESIAN_POINT ( 'NONE',  ( 9.824141660877977361E-16, 0.08339469686209445565, 0.000000000000000000 ) ) ;
#8273 = B_SPLINE_CURVE_WITH_KNOTS ( 'NONE', 3,
 ( #2664, #4641, #34, #4973, #1008, #2204, #160 ),
 .UNSPECIFIED., .F., .F.,
 ( 4, 3, 4 ),
 ( 0.0002453330536732115769, 0.005080000045169059779, 0.01244711815570814263 ),
 .UNSPECIFIED. ) ;
#8274 = AXIS2_PLACEMENT_3D ( 'NONE', #315, #4866, #4997 ) ;
#8275 = ORIENTED_EDGE ( 'NONE', *, *, #2415, .T. ) ;
#8276 = ORIENTED_EDGE ( 'NONE', *, *, #3354, .T. ) ;
#8277 = ORIENTED_EDGE ( 'NONE', *, *, #6300, .T. ) ;
#8278 = CARTESIAN_POINT ( 'NONE',  ( -0.3088000751362823260, 0.3231626550882761295, 0.000000000000000000 ) ) ;
#8279 = CARTESIAN_POINT ( 'NONE',  ( 0.7789129509885004410, 0.1335891310356404071, -0.000000000000000000 ) ) ;
#8280 = CARTESIAN_POINT ( 'NONE',  ( -0.5234819253870048872, -0.6245921903263043085, 0.4905463522166768064 ) ) ;
#8281 = AXIS2_PLACEMENT_3D ( 'NONE', #8410, #6466, #2374 ) ;
#8282 = DIRECTION ( 'NONE',  ( 1.177311918940526676E-14, 0.9993908270190957621, 0.03489949670250104552 ) ) ;
#8283 = CARTESIAN_POINT ( 'NONE',  ( 0.7998011691957080949, -0.1154740940097992719, 0.5000000000000000000 ) ) ;
#8284 = DIRECTION ( 'NONE',  ( 0.7782198809867965084, -0.6279918923337276526, 0.000000000000000000 ) ) ;
#8285 = EDGE_CURVE ( 'NONE', #7925, #8484, #1762, .T. ) ;
#8286 = CARTESIAN_POINT ( 'NONE',  ( -0.3146214596158676824, -0.2789891141731848379, 0.4903741794150590083 ) ) ;
#8287 = CARTESIAN_POINT ( 'NONE',  ( -0.5652697721138485454, 0.6074420287422938047, 0.4904175297014701229 ) ) ;
#8288 = CARTESIAN_POINT ( 'NONE',  ( -0.3952166015364677598, -0.1188255484950499485, 0.5000000000000000000 ) ) ;
#8289 = CARTESIAN_POINT ( 'NONE',  ( 0.2997525635755295403, -0.6793421506005681287, 0.4904715093792310077 ) ) ;
#8290 = CARTESIAN_POINT ( 'NONE',  ( 0.3199009367292330874, 0.3196854018242715756, 0.000000000000000000 ) ) ;
#8291 = CYLINDRICAL_SURFACE ( 'NONE', #4267, 0.01000000000000001062 ) ;
#8292 = CARTESIAN_POINT ( 'NONE',  ( -0.4025114701445529075, 0.1433895657895474518, -0.000000000000000000 ) ) ;
#8293 = CARTESIAN_POINT ( 'NONE',  ( 0.2758928512894825436, 0.3247496900807126385, 0.4923896967737308450 ) ) ;
#8294 = EDGE_CURVE ( 'NONE', #6654, #1860, #7801, .T. ) ;
#8295 = LINE ( 'NONE', #4403, #1793 ) ;
#8296 = CARTESIAN_POINT ( 'NONE',  ( 0.4831622585635285683, -0.5934471198170727657, 7.406228307217779841E-15 ) ) ;
#8297 = FACE_OUTER_BOUND ( 'NONE', #3664, .T. ) ;
#8298 = CARTESIAN_POINT ( 'NONE',  ( 0.4078358373339516785, 0.1573533917115128578, 0.01034899496703158873 ) ) ;
#8299 = CARTESIAN_POINT ( 'NONE',  ( -0.7919120138911921458, 0.1207230926331359783, 0.5000000000000000000 ) ) ;
#8300 = CARTESIAN_POINT ( 'NONE',  ( 0.4444797058829051406, -0.6038851170896887277, 0.4999999999999998335 ) ) ;
#8301 = CARTESIAN_POINT ( 'NONE',  ( -0.3291859924078591182, 0.2911784954048210472, 2.094968108495279916E-15 ) ) ;
#8302 = EDGE_CURVE ( 'NONE', #7224, #3849, #3877, .T. ) ;
#8303 = DIRECTION ( 'NONE',  ( -1.000000000000000000, 0.000000000000000000, 0.000000000000000000 ) ) ;
#8304 = DIRECTION ( 'NONE',  ( -0.9702823597567988845, -0.2419754994721111940, 0.000000000000000000 ) ) ;
#8305 = FACE_OUTER_BOUND ( 'NONE', #5365, .T. ) ;
#8306 = VERTEX_POINT ( 'NONE', #754 ) ;
#8307 = ORIENTED_EDGE ( 'NONE', *, *, #4409, .T. ) ;
#8308 = LINE ( 'NONE', #6973, #1818 ) ;
#8309 = ORIENTED_EDGE ( 'NONE', *, *, #2035, .F. ) ;
#8310 = CARTESIAN_POINT ( 'NONE',  ( -0.3987621210525595372, 0.1141630066642562169, 0.5000000000000001110 ) ) ;
#8311 = CARTESIAN_POINT ( 'NONE',  ( -0.3197978211535640880, -0.2865937548040440874, 0.000000000000000000 ) ) ;
#8312 = CARTESIAN_POINT ( 'NONE',  ( -0.1783159193642011309, 0.4756416258613509473, 0.000000000000000000 ) ) ;
#8313 = CARTESIAN_POINT ( 'NONE',  ( 0.4081730067734604117, -0.1574834802178082249, -2.134256245050205639E-18 ) ) ;
#8314 = CARTESIAN_POINT ( 'NONE',  ( 0.2661060298737285001, -0.6476838852415172099, 0.01038463228035733411 ) ) ;
#8315 = CARTESIAN_POINT ( 'NONE',  ( 0.1617956436964009259, 0.4271864012252870046, 0.5000000000000001110 ) ) ;
#8316 =( LENGTH_UNIT ( ) NAMED_UNIT ( * ) SI_UNIT ( $, .METRE. ) );
#8317 = CARTESIAN_POINT ( 'NONE',  ( 0.7487444492769591564, -0.07410762847612228921, 0.5000000000000001110 ) ) ;
#8318 = ORIENTED_EDGE ( 'NONE', *, *, #7312, .F. ) ;
#8319 = ORIENTED_EDGE ( 'NONE', *, *, #1991, .T. ) ;
#8320 = VERTEX_POINT ( 'NONE', #6054 ) ;
#8321 = CARTESIAN_POINT ( 'NONE',  ( 0.000000000000000000, 0.000000000000000000, 0.5000000000000000000 ) ) ;
#8322 = CARTESIAN_POINT ( 'NONE',  ( -0.3086796409939120411, 0.6773456991977769848, 0.4999999999999998335 ) ) ;
#8323 = DIRECTION ( 'NONE',  ( -1.000000000000000000, 1.366756588017023588E-14, -2.333607026751074866E-29 ) ) ;
#8324 = CARTESIAN_POINT ( 'NONE',  ( -0.2622275360085788987, 0.6409686257750414340, 0.01034899496702502281 ) ) ;
#8325 = CARTESIAN_POINT ( 'NONE',  ( -0.5711063052180663790, 0.6156957124614544918, 0.5000000000000000000 ) ) ;
#8326 = CARTESIAN_POINT ( 'NONE',  ( 0.3236557240938806035, -0.3051200994186437643, 8.859224057817153714E-16 ) ) ;
#8327 = DIRECTION ( 'NONE',  ( 1.000000000000000000, 0.000000000000000000, 0.000000000000000000 ) ) ;
#8328 = EDGE_CURVE ( 'NONE', #4248, #6984, #2824, .T. ) ;
#8329 = CARTESIAN_POINT ( 'NONE',  ( 0.3083854962414626644, -0.7268622491373587513, 0.5000000000000000000 ) ) ;
#8330 = CARTESIAN_POINT ( 'NONE',  ( 0.3338765815241808710, 0.2823418172520818503, 0.01037303490638391557 ) ) ;
#8331 = DIRECTION ( 'NONE',  ( -1.000000000000000000, 1.224646799147354440E-16, 0.000000000000000000 ) ) ;
#8332 = LINE ( 'NONE', #4220, #2882 ) ;
#8333 = DIRECTION ( 'NONE',  ( 1.000000000000000000, 0.000000000000000000, 0.000000000000000000 ) ) ;
#8334 = CARTESIAN_POINT ( 'NONE',  ( -0.4216041897716983344, 0.5659920773584582454, 0.3329279441486193702 ) ) ;
#8335 = EDGE_CURVE ( 'NONE', #3676, #2724, #1343, .T. ) ;
#8336 = CARTESIAN_POINT ( 'NONE',  ( 0.3989223779517331869, 0.1329756530931061331, 0.4903741793276565342 ) ) ;
#8337 = CARTESIAN_POINT ( 'NONE',  ( 0.2110331590583899575, -0.7953795294847154640, 0.000000000000000000 ) ) ;
#8338 = CARTESIAN_POINT ( 'NONE',  ( 0.4164108620978296260, 0.1392807220922278877, 0.01039148418246293136 ) ) ;
#8339 = DIRECTION ( 'NONE',  ( 0.000000000000000000, 0.000000000000000000, 1.000000000000000000 ) ) ;
#8340 = CARTESIAN_POINT ( 'NONE',  ( 0.3954325595773452995, -0.1426520477689199873, 0.4903489949670250536 ) ) ;
#8341 = CARTESIAN_POINT ( 'NONE',  ( 0.4999040834893404006, 0.6349110834950917326, 0.5000000000000000000 ) ) ;
#8342 = CARTESIAN_POINT ( 'NONE',  ( 0.4242943220819355155, 0.5473993232088896210, -6.189343110645596508E-17 ) ) ;
#8343 = EDGE_LOOP ( 'NONE', ( #7826, #8307, #517, #6507 ) ) ;
#8344 = DIRECTION ( 'NONE',  ( 1.000000000000000000, 0.000000000000000000, 0.000000000000000000 ) ) ;
#8345 = EDGE_CURVE ( 'NONE', #2280, #7960, #4820, .T. ) ;
#8346 = ORIENTED_EDGE ( 'NONE', *, *, #4285, .T. ) ;
#8347 = CARTESIAN_POINT ( 'NONE',  ( -0.4209803452624807374, 0.5704212167929502142, 0.4118160943908628080 ) ) ;
#8348 = CARTESIAN_POINT ( 'NONE',  ( 0.2289423924282658618, 0.7976018970121884211, 0.4956723049532018033 ) ) ;
#8349 = DIRECTION ( 'NONE',  ( -0.9612769221293567812, 0.2755842502421183560, 0.000000000000000000 ) ) ;
#8350 = CARTESIAN_POINT ( 'NONE',  ( 0.4633007160629115107, -0.08993869137521677548, 0.000000000000000000 ) ) ;
#8351 = VECTOR ( 'NONE', #2230, 39.37007874015748143 ) ;
#8352 = CARTESIAN_POINT ( 'NONE',  ( 0.2749714564595535093, -0.6770908513809258400, 0.01049755734695470913 ) ) ;
#8353 = PLANE ( 'NONE',  #5728 ) ;
#8354 = CARTESIAN_POINT ( 'NONE',  ( -0.08829856164949347053, 0.4202499145959169846, 0.000000000000000000 ) ) ;
#8355 =( LENGTH_UNIT ( ) NAMED_UNIT ( * ) SI_UNIT ( $, .METRE. ) );
#8356 = CARTESIAN_POINT ( 'NONE',  ( 0.7973870591115740369, 0.1895157697613337189, 0.000000000000000000 ) ) ;
#8357 = CARTESIAN_POINT ( 'NONE',  ( 0.7900567167039211913, 0.2138521731339078913, 0.1701881940113436353 ) ) ;
#8358 = ORIENTED_EDGE ( 'NONE', *, *, #7749, .F. ) ;
#8359 = ORIENTED_EDGE ( 'NONE', *, *, #6841, .T. ) ;
#8360 = CONICAL_SURFACE ( 'NONE', #4559, 0.4375000000000001110, 0.03490658503988666728 ) ;
#8361 = CARTESIAN_POINT ( 'NONE',  ( 0.4668435613554878794, 0.06839955988444759716, 0.5000000000000000000 ) ) ;
#8362 = CARTESIAN_POINT ( 'NONE',  ( 0.7426865999765105419, 0.09861436732358669355, -0.000000000000000000 ) ) ;
#8363 = CARTESIAN_POINT ( 'NONE',  ( -0.4241735811991144134, -0.5814392956162577342, 0.4903829762264969583 ) ) ;
#8364 = CARTESIAN_POINT ( 'NONE',  ( 0.2909960147422296917, 0.7457977537372855181, 0.4905662946009493597 ) ) ;
#8365 = CARTESIAN_POINT ( 'NONE',  ( -0.7744696693615090721, -0.1457473127197104201, 0.01057231095252408187 ) ) ;
#8366 = CYLINDRICAL_SURFACE ( 'NONE', #8371, 0.01000000000000000021 ) ;
#8367 = AXIS2_PLACEMENT_3D ( 'NONE', #3284, #5968, #4499 ) ;
#8368 = CARTESIAN_POINT ( 'NONE',  ( -0.5833016863171353039, 0.5804504700296905240, -0.000000000000000000 ) ) ;
#8369 = DIRECTION ( 'NONE',  ( 0.4999999999999903411, -0.8660254037844441477, 0.000000000000000000 ) ) ;
#8370 = CARTESIAN_POINT ( 'NONE',  ( 0.000000000000000000, 0.000000000000000000, 0.01000000000000000021 ) ) ;
#8371 = AXIS2_PLACEMENT_3D ( 'NONE', #6339, #4347, #2863 ) ;
#8372 = CARTESIAN_POINT ( 'NONE',  ( 0.2876392800874595923, -0.6514591189165239715, 0.4903489949670249426 ) ) ;
#8373 = FACE_OUTER_BOUND ( 'NONE', #2508, .T. ) ;
#8374 = CARTESIAN_POINT ( 'NONE',  ( 0.3107895010005344294, 0.3857239756836404188, 0.5000000000000000000 ) ) ;
#8375 = CARTESIAN_POINT ( 'NONE',  ( -0.2833595000139480513, -0.6672180389478132856, -0.000000000000000000 ) ) ;
#8376 = CARTESIAN_POINT ( 'NONE',  ( -0.7926886823924332859, 0.1646502220646659242, 0.000000000000000000 ) ) ;
#8377 = CARTESIAN_POINT ( 'NONE',  ( 0.5304802464157788444, -0.6060681306287037939, -0.000000000000000000 ) ) ;
#8378 = EDGE_CURVE ( 'NONE', #180, #7902, #3577, .T. ) ;
#8379 = B_SPLINE_CURVE_WITH_KNOTS ( 'NONE', 3,
 ( #5559, #7588, #6190, #3422 ),
 .UNSPECIFIED., .F., .F.,
 ( 4, 4 ),
 ( 0.0002453586450613538784, 0.01244836874683105492 ),
 .UNSPECIFIED. ) ;
#8380 = CARTESIAN_POINT ( 'NONE',  ( 0.2289423922524318200, -0.7976018969534062197, 0.4956723019460246848 ) ) ;
#8381 = CARTESIAN_POINT ( 'NONE',  ( 0.2409849606930664079, -0.7797847117700308361, 0.000000000000000000 ) ) ;
#8382 = CARTESIAN_POINT ( 'NONE',  ( -0.8073370546056733987, 0.1631499963782517826, 0.4904903334465823828 ) ) ;
#8383 = CARTESIAN_POINT ( 'NONE',  ( 0.4114711279094194762, 0.1479289330129827384, 0.01037315220453600799 ) ) ;
#8384 = CARTESIAN_POINT ( 'NONE',  ( 0.2971678137488311666, -0.3805765354924716681, 0.5000000000000000000 ) ) ;
#8385 = CARTESIAN_POINT ( 'NONE',  ( 0.3324124951561692742, -0.2682434064827369236, 0.01000000000000064379 ) ) ;
#8386 = EDGE_CURVE ( 'NONE', #6322, #4952, #8611, .T. ) ;
#8387 = CARTESIAN_POINT ( 'NONE',  ( 0.4781614630217173589, 0.6209092870885717375, 0.4905613951453544064 ) ) ;
#8388 = EDGE_CURVE ( 'NONE', #2593, #6463, #2407, .T. ) ;
#8389 = TOROIDAL_SURFACE ( 'NONE', #6713, 0.8228553031379056693, 0.01000000000000000021 ) ;
#8390 = CARTESIAN_POINT ( 'NONE',  ( 0.4317913205129970677, 0.5611123098515021779, 0.01042079636764166144 ) ) ;
#8391 = EDGE_LOOP ( 'NONE', ( #5873, #5652, #2312, #57 ) ) ;
#8392 = CARTESIAN_POINT ( 'NONE',  ( -0.2691402402772665181, -0.6547141493301438242, 0.01041648865680691941 ) ) ;
#8393 = ORIENTED_EDGE ( 'NONE', *, *, #5418, .F. ) ;
#8394 = LINE ( 'NONE', #2360, #6736 ) ;
#8395 = CARTESIAN_POINT ( 'NONE',  ( -0.3132141523468114364, -0.3724215062016970057, 0.000000000000000000 ) ) ;
#8396 = CARTESIAN_POINT ( 'NONE',  ( -0.2890564537380080345, 0.3537123382791433346, 0.5000000000000000000 ) ) ;
#8397 = CARTESIAN_POINT ( 'NONE',  ( 0.4812009301287695218, -0.09528681450025386357, 2.800728471052051068E-16 ) ) ;
#8398 = CIRCLE ( 'NONE', #3200, 0.009999999999999995004 ) ;
#8399 = CARTESIAN_POINT ( 'NONE',  ( -0.09021097956087610614, -0.1562500000000009992, 0.01000000000000000021 ) ) ;
#8400 = DIRECTION ( 'NONE',  ( 0.9879541328315316617, -0.1547469916382753219, -1.800776159826450155E-15 ) ) ;
#8401 = CARTESIAN_POINT ( 'NONE',  ( 0.2099865250899005387, 0.7911696661734953784, 0.1732836465128083647 ) ) ;
#8402 = ADVANCED_FACE ( 'NONE', ( #77 ), #3488, .T. ) ;
#8403 = CARTESIAN_POINT ( 'NONE',  ( -0.1388165089711611011, 0.4233398525998331996, 0.4999999999999950595 ) ) ;
#8404 = EDGE_CURVE ( 'NONE', #3347, #7548, #5549, .T. ) ;
#8405 = CARTESIAN_POINT ( 'NONE',  ( 0.4404147921841327640, -0.08885654769872496084, 0.4999999999999950595 ) ) ;
#8406 = ORIENTED_EDGE ( 'NONE', *, *, #7630, .T. ) ;
#8407 = ORIENTED_EDGE ( 'NONE', *, *, #2203, .T. ) ;
#8408 = CIRCLE ( 'NONE', #4752, 0.8128553031379056604 ) ;
#8409 = ORIENTED_EDGE ( 'NONE', *, *, #3137, .T. ) ;
#8410 = CARTESIAN_POINT ( 'NONE',  ( -0.2027673521306033455, 0.7974811915099430104, 0.01000000000000000021 ) ) ;
#8411 = CARTESIAN_POINT ( 'NONE',  ( -0.2956834935333194081, 0.6645859345132779650, 0.5000000000000000000 ) ) ;
#8412 = CARTESIAN_POINT ( 'NONE',  ( -0.4894415122910325544, -0.06663272750604998240, 0.4899999999999982148 ) ) ;
#8413 = CARTESIAN_POINT ( 'NONE',  ( 0.2623700576050788102, 0.7807623824974361249, 0.4904903272535686143 ) ) ;
#8414 = DIRECTION ( 'NONE',  ( -0.8660254037844414832, -0.4999999999999951150, 0.000000000000000000 ) ) ;
#8415 = CIRCLE ( 'NONE', #4615, 0.009999999999999974187 ) ;
#8416 = FACE_OUTER_BOUND ( 'NONE', #2943, .T. ) ;
#8417 = AXIS2_PLACEMENT_3D ( 'NONE', #2349, #6883, #931 ) ;
#8418 = CARTESIAN_POINT ( 'NONE',  ( -0.4802381293945736096, 0.6036577026506876331, -0.000000000000000000 ) ) ;
#8419 = ADVANCED_FACE ( 'NONE', ( #2951 ), #6021, .F. ) ;
#8420 = CARTESIAN_POINT ( 'NONE',  ( -0.5524496552061504140, 0.6156461664308247039, 0.5000000000000000000 ) ) ;
#8421 = ORIENTED_EDGE ( 'NONE', *, *, #3808, .F. ) ;
#8422 = CARTESIAN_POINT ( 'NONE',  ( 0.3317277269924690519, -0.3870692774303054473, 0.000000000000000000 ) ) ;
#8423 = CIRCLE ( 'NONE', #4626, 0.4271446968620944973 ) ;
#8424 = CARTESIAN_POINT ( 'NONE',  ( -0.2945067475568389215, 0.6651142489898724808, 0.4904138974439160026 ) ) ;
#8425 = CARTESIAN_POINT ( 'NONE',  ( -0.4792218392052038367, -0.07662576214083152704, 0.4903740126118880105 ) ) ;
#8426 = CARTESIAN_POINT ( 'NONE',  ( 0.3363817180302284826, -0.2738668715991733893, 0.1069530981035216877 ) ) ;
#8427 = CARTESIAN_POINT ( 'NONE',  ( -0.2737648943478975805, -0.7413529684105653050, -0.000000000000000000 ) ) ;
#8428 = CARTESIAN_POINT ( 'NONE',  ( -0.3401899532607942089, -0.2745194998491342075, 0.01034899496702450759 ) ) ;
#8429 = CIRCLE ( 'NONE', #822, 0.01000000000000001929 ) ;
#8430 = CARTESIAN_POINT ( 'NONE',  ( 0.8187612805983293107, 0.1867447123487185057, 0.5000000000000000000 ) ) ;
#8431 = ADVANCED_FACE ( 'NONE', ( #8416 ), #1046, .T. ) ;
#8432 = CARTESIAN_POINT ( 'NONE',  ( 0.2410000214852998646, 0.7797801822423436890, -0.000000000000000000 ) ) ;
#8433 = CARTESIAN_POINT ( 'NONE',  ( -0.3136191193857580939, 0.2646828876051698920, 0.5000000000000000000 ) ) ;
#8434 =( BOUNDED_SURFACE ( )  B_SPLINE_SURFACE ( 3, 2, ( 
 ( #2718, #2676, #8095 ),
 ( #8052, #8629, #8583 ),
 ( #7382, #1211, #4610 ),
 ( #2588, #4036, #1395 ),
 ( #2634, #5269, #1977 ),
 ( #4081, #1263, #6773 ),
 ( #732, #3423, #2875 ),
 ( #5596, #8296, #6996 ),
 ( #5721, #6632, #5575 ),
 ( #4426, #959, #8196 ),
 ( #7527, #1491, #3824 ),
 ( #5236, #3174, #6380 ),
 ( #8550, #4574, #3127 ),
 ( #1760, #5058, #5804 ),
 ( #5145, #7931, #379 ),
 ( #7888, #8458, #1810 ) ),
 .UNSPECIFIED., .F., .F., .F. ) 
 B_SPLINE_SURFACE_WITH_KNOTS ( ( 4, 2, 2, 2, 2, 2, 2, 4 ),
 ( 3, 3 ),
 ( 0.000000000000000000, 0.0006407458912126848868, 0.001281491782425369774, 0.001922237673638054660, 0.002562983564850739547, 0.003203729456063424651, 0.003844475347276109321, 0.005125967129701479094 ),
 ( 0.000000000000000000, 1.000000000000000000 ),
 .UNSPECIFIED. ) 
 GEOMETRIC_REPRESENTATION_ITEM ( )  RATIONAL_B_SPLINE_SURFACE ( (
 ( 1.000000000000000000, 0.6946583704589986974, 1.000000000000000000),
 ( 1.000000000000000000, 0.6933763159454660041, 1.000000000000000000),
 ( 1.000000000000000000, 0.6922258354538078917, 1.000000000000000000),
 ( 1.000000000000000000, 0.6901861854563023924, 1.000000000000000000),
 ( 1.000000000000000000, 0.6892934039796488888, 1.000000000000000000),
 ( 1.000000000000000000, 0.6878664290912172019, 1.000000000000000000),
 ( 1.000000000000000000, 0.6873162222455996284, 1.000000000000000000),
 ( 1.000000000000000000, 0.6865728636988926992, 1.000000000000000000),
 ( 1.000000000000000000, 0.6863885290837278275, 1.000000000000000000),
 ( 1.000000000000000000, 0.6863859216619055958, 1.000000000000000000),
 ( 1.000000000000000000, 0.6865745309141875197, 1.000000000000000000),
 ( 1.000000000000000000, 0.6873071023372525623, 1.000000000000000000),
 ( 1.000000000000000000, 0.6878557309095083561, 1.000000000000000000),
 ( 1.000000000000000000, 0.6900105260086724090, 1.000000000000000000),
 ( 1.000000000000000000, 0.6920785204206626462, 1.000000000000000000),
 ( 1.000000000000000000, 0.6946583704589975872, 1.000000000000000000) ) ) 
 REPRESENTATION_ITEM ( '' )  SURFACE ( )  );
#8435 = CARTESIAN_POINT ( 'NONE',  ( 0.2930954114454844550, -0.3700746549073933855, 0.5000000000000000000 ) ) ;
#8436 = CARTESIAN_POINT ( 'NONE',  ( 0.4078358373339456278, -0.1573533917115215452, 0.01034899496702450933 ) ) ;
#8437 = CARTESIAN_POINT ( 'NONE',  ( 0.1403261845612499836, -0.4365739490928797761, -0.000000000000000000 ) ) ;
#8438 = CARTESIAN_POINT ( 'NONE',  ( -0.3015143081449337958, 0.7097224981303631441, 0.5000000000000000000 ) ) ;
#8439 = ORIENTED_EDGE ( 'NONE', *, *, #3289, .F. ) ;
#8440 = CARTESIAN_POINT ( 'NONE',  ( -0.2708825144536696761, -0.6359716716399393954, 0.000000000000000000 ) ) ;
#8441 = VERTEX_POINT ( 'NONE', #1004 ) ;
#8442 = CARTESIAN_POINT ( 'NONE',  ( 0.1147680563289914940, -0.4147468857597654268, 0.4904181057549966138 ) ) ;
#8443 = ADVANCED_FACE ( 'NONE', ( #1674 ), #3177, .T. ) ;
#8444 = CARTESIAN_POINT ( 'NONE',  ( -0.3191357631953960494, -0.3246859711647241409, 0.000000000000000000 ) ) ;
#8445 = CARTESIAN_POINT ( 'NONE',  ( -0.07241254492021063915, 0.4039435683031577518, 0.5000000000000000000 ) ) ;
#8446 = CARTESIAN_POINT ( 'NONE',  ( -0.5832805319173882674, -0.6039378985925206722, 0.5000000000000000000 ) ) ;
#8447 = CARTESIAN_POINT ( 'NONE',  ( -0.5563117414431029140, 0.6234282739966501286, 0.4999999999999998335 ) ) ;
#8448 = CARTESIAN_POINT ( 'NONE',  ( 0.2194264133195402977, 0.7944009220294877549, 0.3332838527124498129 ) ) ;
#8449 = CARTESIAN_POINT ( 'NONE',  ( 0.2620732496068539641, -0.6409035483886140749, 0.007454521230928075684 ) ) ;
#8450 = CARTESIAN_POINT ( 'NONE',  ( 0.8358636821851844756, 0.07663964702905527726, 0.4899764014357801400 ) ) ;
#8451 = ORIENTED_EDGE ( 'NONE', *, *, #7220, .F. ) ;
#8452 = ORIENTED_EDGE ( 'NONE', *, *, #2428, .F. ) ;
#8453 = EDGE_LOOP ( 'NONE', ( #3324, #7878, #1357, #8142 ) ) ;
#8454 = CARTESIAN_POINT ( 'NONE',  ( 0.4037814155241551961, 0.1240731072063868679, 0.4903933141719575284 ) ) ;
#8455 = ADVANCED_FACE ( 'NONE', ( #3683 ), #8366, .T. ) ;
#8456 = CARTESIAN_POINT ( 'NONE',  ( -0.4037636901628451902, 0.1524518408248084489, 0.1696798208681118414 ) ) ;
#8457 = CARTESIAN_POINT ( 'NONE',  ( -3.146580183181747114E-17, 0.1662499999999989542, 0.01000000000000000021 ) ) ;
#8458 = CARTESIAN_POINT ( 'NONE',  ( 0.5818397538638793165, -0.5671144071733854597, 0.000000000000000000 ) ) ;
#8459 = FACE_OUTER_BOUND ( 'NONE', #4750, .T. ) ;
#8460 = CARTESIAN_POINT ( 'NONE',  ( -0.5764098383382485480, -0.5726322939765534636, 2.292642658811309945E-14 ) ) ;
#8461 = CARTESIAN_POINT ( 'NONE',  ( -0.4153263665006212135, -0.5525769747778440655, 0.000000000000000000 ) ) ;
#8462 = ORIENTED_EDGE ( 'NONE', *, *, #2795, .T. ) ;
#8463 = B_SPLINE_CURVE_WITH_KNOTS ( 'NONE', 3,
 ( #3842, #7859, #6535, #1109, #1964, #7326, #8614, #498, #586, #5116, #4451, #7193, #7905, #7148, #6581, #1296, #6489, #4596 ),
 .UNSPECIFIED., .F., .F.,
 ( 4, 2, 2, 2, 2, 2, 2, 2, 4 ),
 ( 0.000000000000000000, 0.0006380346551507825800, 0.001276069310301565160, 0.001914103965452347957, 0.002552138620603130320, 0.003190173275753913334, 0.003828207930904695914, 0.004466242586055478928, 0.005104277241206263242 ),
 .UNSPECIFIED. ) ;
#8464 = CARTESIAN_POINT ( 'NONE',  ( 0.3079360258098385317, -0.3341310172594817995, 0.000000000000000000 ) ) ;
#8465 = CARTESIAN_POINT ( 'NONE',  ( 0.1026294203092558144, -0.4324622633795031645, 0.01041052164822936325 ) ) ;
#8466 = CARTESIAN_POINT ( 'NONE',  ( -0.2835090919690856359, -0.6497902818877272502, 0.4118160943908628635 ) ) ;
#8467 = EDGE_CURVE ( 'NONE', #2122, #8120, #2993, .T. ) ;
#8468 = FACE_OUTER_BOUND ( 'NONE', #6852, .T. ) ;
#8469 = CARTESIAN_POINT ( 'NONE',  ( 0.2890798856494440905, 0.3538635690073113071, 0.5000000000000000000 ) ) ;
#8470 = FACE_OUTER_BOUND ( 'NONE', #5744, .T. ) ;
#8471 = CARTESIAN_POINT ( 'NONE',  ( -0.7863031439663821232, -0.2170769943968609839, 0.09181531335406176164 ) ) ;
#8472 =( BOUNDED_SURFACE ( )  B_SPLINE_SURFACE ( 3, 2, ( 
 ( #4476, #7170, #5095 ),
 ( #2509, #1131, #7123 ),
 ( #5191, #7032, #8454 ),
 ( #520, #2460, #7828 ),
 ( #7883, #3816, #3168 ),
 ( #7739, #5714, #1040 ),
 ( #1850, #4522, #1084 ),
 ( #468, #998, #7072 ),
 ( #5799, #7215, #5667 ),
 ( #3774, #3679, #1175 ),
 ( #5137, #3077, #3869 ),
 ( #8361, #2329, #8498 ),
 ( #5010, #6509, #7695 ),
 ( #4342, #6375, #328 ) ),
 .UNSPECIFIED., .F., .F., .T. ) 
 B_SPLINE_SURFACE_WITH_KNOTS ( ( 4, 2, 2, 2, 2, 2, 4 ),
 ( 3, 3 ),
 ( 2.027458062547893292E-17, 0.0008499630636416653090, 0.001274944595462487989, 0.001699926127283310452, 0.002124907659104132915, 0.002549889190924955595, 0.003399852254566600521 ),
 ( 0.000000000000000000, 1.000000000000000000 ),
 .UNSPECIFIED. ) 
 GEOMETRIC_REPRESENTATION_ITEM ( )  RATIONAL_B_SPLINE_SURFACE ( (
 ( 1.000000000000000000, 0.7193398003386507478, 1.000000000000000000),
 ( 1.000000000000000000, 0.7202132200530022565, 1.000000000000000000),
 ( 1.000000000000000000, 0.7208785727470002902, 1.000000000000000000),
 ( 1.000000000000000000, 0.7215630611311617537, 1.000000000000000000),
 ( 1.000000000000000000, 0.7217357649438753686, 1.000000000000000000),
 ( 1.000000000000000000, 0.7219645438427837458, 1.000000000000000000),
 ( 1.000000000000000000, 0.7220224356994185966, 1.000000000000000000),
 ( 1.000000000000000000, 0.7220237877057170683, 1.000000000000000000),
 ( 1.000000000000000000, 0.7219658032786262503, 1.000000000000000000),
 ( 1.000000000000000000, 0.7217375979714146794, 1.000000000000000000),
 ( 1.000000000000000000, 0.7215678629159966162, 1.000000000000000000),
 ( 1.000000000000000000, 0.7208916282608296422, 1.000000000000000000),
 ( 1.000000000000000000, 0.7202112561549821601, 1.000000000000000000),
 ( 1.000000000000000000, 0.7193398003386507478, 1.000000000000000000) ) ) 
 REPRESENTATION_ITEM ( '' )  SURFACE ( )  );
#8473 = CARTESIAN_POINT ( 'NONE',  ( -0.1841863924190905999, -0.4522856447447821115, 0.5000000000000001110 ) ) ;
#8474 = CARTESIAN_POINT ( 'NONE',  ( 0.2848852751721112075, 0.6756916125220026048, 0.000000000000000000 ) ) ;
#8475 = CARTESIAN_POINT ( 'NONE',  ( -0.2876340742973787501, 0.3313335611026729244, 0.4999999999999999445 ) ) ;
#8476 = CARTESIAN_POINT ( 'NONE',  ( -0.3096385169231079537, 0.3177494589581557616, 0.000000000000000000 ) ) ;
#8477 = B_SPLINE_CURVE_WITH_KNOTS ( 'NONE', 3,
 ( #5012, #7782, #4432, #8322, #6291, #910, #7126, #243, #1000, #4966, #4294, #1621, #6423, #6988, #287, #1087, #5757, #2990 ),
 .UNSPECIFIED., .F., .F.,
 ( 4, 2, 2, 2, 2, 2, 2, 2, 4 ),
 ( 0.000000000000000000, 0.0006380346551507830137, 0.001276069310301566027, 0.001914103965452349041, 0.002552138620603132055, 0.003190173275753915069, 0.003828207930904698082, 0.004466242586055480662, 0.005104277241206264110 ),
 .UNSPECIFIED. ) ;
#8478 = CARTESIAN_POINT ( 'NONE',  ( -0.2338519752027150012, 0.7846065326046184341, 0.000000000000000000 ) ) ;
#8479 = CARTESIAN_POINT ( 'NONE',  ( 0.4384512784938448537, 0.5992644102061780442, 0.4904715093792310632 ) ) ;
#8480 = DIRECTION ( 'NONE',  ( -0.7642113041444640320, -0.6449659546191702786, 0.000000000000000000 ) ) ;
#8481 = VERTEX_POINT ( 'NONE', #6905 ) ;
#8482 = DIRECTION ( 'NONE',  ( 0.8660254037844423713, 0.4999999999999936717, 0.000000000000000000 ) ) ;
#8484 = VERTEX_POINT ( 'NONE', #201 ) ;
#8483 =( BOUNDED_CURVE ( )  B_SPLINE_CURVE ( 3, ( #7452, #4812, #6799, #6665 ),
 .UNSPECIFIED., .F., .T. ) 
 B_SPLINE_CURVE_WITH_KNOTS ( ( 4, 4 ),
 ( 3.141592653589793116, 4.712388980384691450 ),
 .UNSPECIFIED. ) 
 CURVE ( )  GEOMETRIC_REPRESENTATION_ITEM ( )  RATIONAL_B_SPLINE_CURVE ( ( 1.000000000000000000, 0.8047378541243646044, 0.8047378541243646044, 1.000000000000000000 ) ) 
 REPRESENTATION_ITEM ( '' )  );
#8485 = CARTESIAN_POINT ( 'NONE',  ( -0.7943356958428977599, -0.2149288434060953601, -0.000000000000000000 ) ) ;
#8486 = CARTESIAN_POINT ( 'NONE',  ( -0.3194678449059622505, -0.3196066682180307983, 0.01042152950794335980 ) ) ;
#8487 = CARTESIAN_POINT ( 'NONE',  ( -0.4855014398710616463, -0.6233583166338537707, 0.4999999999999999445 ) ) ;
#8488 = CARTESIAN_POINT ( 'NONE',  ( 0.4131856567281494974, -0.1117609974506307557, 0.4904132057727218497 ) ) ;
#8489 = CARTESIAN_POINT ( 'NONE',  ( 0.08087690446855343163, 0.04669430256614173769, 0.01034899496702500893 ) ) ;
#8490 = CARTESIAN_POINT ( 'NONE',  ( 0.7832945243256038692, -0.1410012422954599609, 0.000000000000000000 ) ) ;
#8491 = CARTESIAN_POINT ( 'NONE',  ( 0.4894415122910307780, -0.07628961525413183176, 0.5000000000000000000 ) ) ;
#8492 = EDGE_CURVE ( 'NONE', #7960, #4640, #2324, .T. ) ;
#8493 = ORIENTED_EDGE ( 'NONE', *, *, #8302, .T. ) ;
#8494 = EDGE_LOOP ( 'NONE', ( #7594, #4121, #3520, #5898 ) ) ;
#8495 = VERTEX_POINT ( 'NONE', #1625 ) ;
#8496 = ORIENTED_EDGE ( 'NONE', *, *, #7723, .F. ) ;
#8497 = VECTOR ( 'NONE', #7589, 39.37007874015748143 ) ;
#8498 = CARTESIAN_POINT ( 'NONE',  ( 0.4688968242989248192, 0.07823128617335251000, 0.4903936907271715384 ) ) ;
#8499 = LINE ( 'NONE', #6956, #2163 ) ;
#8500 = DIRECTION ( 'NONE',  ( 1.000000000000000000, 0.000000000000000000, 0.000000000000000000 ) ) ;
#8501 = CARTESIAN_POINT ( 'NONE',  ( -0.2514562026477336065, 0.7557036879405043539, 2.304613916734848384E-16 ) ) ;
#8502 = CARTESIAN_POINT ( 'NONE',  ( -0.2875639411425872649, -0.3371147623958531403, 0.5000000000000000000 ) ) ;
#8503 = CARTESIAN_POINT ( 'NONE',  ( -0.6862088809542802315, -0.09338860513227732751, 0.01034899496702865532 ) ) ;
#8504 = CARTESIAN_POINT ( 'NONE',  ( 0.8166959123574787371, -0.1950265021399510967, 0.5000000000000000000 ) ) ;
#8505 = CARTESIAN_POINT ( 'NONE',  ( -0.8178068618572059689, -0.09370161807073958127, 0.001385477180347318218 ) ) ;
#8506 = CARTESIAN_POINT ( 'NONE',  ( -0.3178821608341635407, -0.3861602139398668254, 0.3303501167231981395 ) ) ;
#8507 = FACE_OUTER_BOUND ( 'NONE', #7777, .T. ) ;
#8508 = AXIS2_PLACEMENT_3D ( 'NONE', #5350, #2123, #2829 ) ;
#8509 = EDGE_CURVE ( 'NONE', #7106, #8145, #341, .T. ) ;
#8510 = ORIENTED_EDGE ( 'NONE', *, *, #900, .T. ) ;
#8511 = DIRECTION ( 'NONE',  ( -0.5000000000000098810, -0.8660254037844329345, -0.000000000000000000 ) ) ;
#8512 = CARTESIAN_POINT ( 'NONE',  ( 0.1099244064289974093, -0.4238509452063983773, 0.000000000000000000 ) ) ;
#8513 = CARTESIAN_POINT ( 'NONE',  ( -0.5330144408539922996, -0.6319903139814716519, 0.5000000000000000000 ) ) ;
#8514 = CIRCLE ( 'NONE', #4411, 0.009999999999999982861 ) ;
#8515 = CARTESIAN_POINT ( 'NONE',  ( -0.2967702205863544940, -0.3807556447268444777, 0.5000000000000000000 ) ) ;
#8516 = CARTESIAN_POINT ( 'NONE',  ( 0.000000000000000000, 0.000000000000000000, 0.01034899496702501240 ) ) ;
#8517 = CARTESIAN_POINT ( 'NONE',  ( -0.1469570257528891033, -0.4541112632109778890, -5.335640612625513636E-17 ) ) ;
#8518 = CARTESIAN_POINT ( 'NONE',  ( 0.3146214826393234354, -0.2789890868977452643, 0.4903741793276564231 ) ) ;
#8519 = EDGE_CURVE ( 'NONE', #7430, #997, #7961, .T. ) ;
#8520 = ORIENTED_EDGE ( 'NONE', *, *, #3737, .T. ) ;
#8521 = AXIS2_PLACEMENT_3D ( 'NONE', #5464, #5502, #6210 ) ;
#8522 = CARTESIAN_POINT ( 'NONE',  ( -0.1114534215707638221, -0.4038391306635527034, 0.4999999999999999445 ) ) ;
#8523 = CARTESIAN_POINT ( 'NONE',  ( 0.09887123359872626582, -0.1612500000000010036, 0.4899999999999999911 ) ) ;
#8524 = CARTESIAN_POINT ( 'NONE',  ( 0.000000000000000000, 0.000000000000000000, 0.01034899496702501066 ) ) ;
#8525 = CARTESIAN_POINT ( 'NONE',  ( -0.3190711974466831635, 0.3494197393732794144, 0.000000000000000000 ) ) ;
#8526 = DIRECTION ( 'NONE',  ( 0.8660254037844452579, 0.4999999999999885647, 0.000000000000000000 ) ) ;
#8527 = CARTESIAN_POINT ( 'NONE',  ( -0.2622222604158112591, 0.6409716716399459502, 0.01000000000000000021 ) ) ;
#8528 = ORIENTED_EDGE ( 'NONE', *, *, #1416, .F. ) ;
#8529 = CARTESIAN_POINT ( 'NONE',  ( -0.09021097956087617553, 0.1562499999999989453, 0.01000000000000000021 ) ) ;
#8530 = ORIENTED_EDGE ( 'NONE', *, *, #2428, .T. ) ;
#8531 = CARTESIAN_POINT ( 'NONE',  ( 0.1293815168999978837, -0.4193966830538002899, 0.4904263678629614542 ) ) ;
#8532 = CARTESIAN_POINT ( 'NONE',  ( 0.1114534215712020965, 0.4038391307139537201, 0.5000000000000000000 ) ) ;
#8533 = CARTESIAN_POINT ( 'NONE',  ( -0.5080755157483637374, -0.6256518935731649744, 0.4999999999999999445 ) ) ;
#8534 = CARTESIAN_POINT ( 'NONE',  ( 0.07222192602347574097, -0.04169734843104810906, 0.01000000000000000021 ) ) ;
#8535 = CARTESIAN_POINT ( 'NONE',  ( 0.7824670293385020958, -0.1673888047345771513, 0.000000000000000000 ) ) ;
#8536 = AXIS2_PLACEMENT_3D ( 'NONE', #7614, #6213, #7657 ) ;
#8537 = CARTESIAN_POINT ( 'NONE',  ( 0.4495555945526000241, -0.08434712698448730561, 0.5000000000000048850 ) ) ;
#8538 = ORIENTED_EDGE ( 'NONE', *, *, #7585, .T. ) ;
#8539 = CARTESIAN_POINT ( 'NONE',  ( 0.1430459180091313010, -0.4261881843739044329, 0.4904246540408359056 ) ) ;
#8540 = VERTEX_POINT ( 'NONE', #7037 ) ;
#8541 = ORIENTED_EDGE ( 'NONE', *, *, #574, .F. ) ;
#8542 = ORIENTED_EDGE ( 'NONE', *, *, #1962, .F. ) ;
#8543 = CIRCLE ( 'NONE', #799, 0.009999999999999936023 ) ;
#8544 = CARTESIAN_POINT ( 'NONE',  ( 0.2286311328130097020, 0.7974977940875971338, 0.4903489949670350456 ) ) ;
#8545 = CARTESIAN_POINT ( 'NONE',  ( -0.4165480202746740246, 0.1390793473229021138, 0.01039185810727356364 ) ) ;
#8546 = CARTESIAN_POINT ( 'NONE',  ( 0.3288989896030217186, 0.2725389833905179637, 0.2966765156263425074 ) ) ;
#8547 = CARTESIAN_POINT ( 'NONE',  ( -0.2927336037623239906, -0.3703532221027564519, 0.5000000000000000000 ) ) ;
#8548 = ADVANCED_FACE ( 'NONE', ( #869 ), #5692, .T. ) ;
#8549 = CARTESIAN_POINT ( 'NONE',  ( -0.7688481678868277491, 0.1202969530697386158, -0.000000000000000000 ) ) ;
#8550 = CARTESIAN_POINT ( 'NONE',  ( 0.5362199405710696976, -0.5945277189458598732, 0.01053710018373553436 ) ) ;
#8551 = CARTESIAN_POINT ( 'NONE',  ( -0.2466634632903469126, 0.7617401483939711948, 0.01053677046980052920 ) ) ;
#8552 = CARTESIAN_POINT ( 'NONE',  ( -0.05770563474368992085, 0.03331636375302845371, 0.5000000000000000000 ) ) ;
#8553 = CARTESIAN_POINT ( 'NONE',  ( 0.000000000000000000, 0.000000000000000000, 0.4899999999999999911 ) ) ;
#8554 = AXIS2_PLACEMENT_3D ( 'NONE', #1595, #4410, #5830 ) ;
#8555 = VERTEX_POINT ( 'NONE', #6296 ) ;
#8556 = CARTESIAN_POINT ( 'NONE',  ( 0.4209383755305979857, 0.5938793550357401863, 0.5000000000000001110 ) ) ;
#8557 = CARTESIAN_POINT ( 'NONE',  ( 0.2561025703613643012, -0.7852172797827640105, 0.4904669220042781608 ) ) ;
#8558 = CARTESIAN_POINT ( 'NONE',  ( 0.06770180884173404579, 0.4322299331137999800, 7.043045608665678148E-17 ) ) ;
#8559 = CIRCLE ( 'NONE', #4760, 0.01000000000000003490 ) ;
#8560 = CARTESIAN_POINT ( 'NONE',  ( -0.2890798856494489755, -0.3538635690073112516, 0.5000000000000000000 ) ) ;
#8561 = EDGE_CURVE ( 'NONE', #2593, #862, #4098, .T. ) ;
#8562 = CARTESIAN_POINT ( 'NONE',  ( 0.2922170402796137045, 0.3038841476915961071, 0.5000000000000000000 ) ) ;
#8563 = DIRECTION ( 'NONE',  ( 0.000000000000000000, 0.000000000000000000, 1.000000000000000000 ) ) ;
#8564 = CARTESIAN_POINT ( 'NONE',  ( -0.4433339620224497346, -0.09961491243627343395, -0.000000000000000000 ) ) ;
#8565 = CARTESIAN_POINT ( 'NONE',  ( -0.2736857114668734825, -0.7705709360000273511, 0.4905280380405525609 ) ) ;
#8566 = ORIENTED_EDGE ( 'NONE', *, *, #900, .F. ) ;
#8567 = AXIS2_PLACEMENT_3D ( 'NONE', #7649, #5626, #6336 ) ;
#8568 = CYLINDRICAL_SURFACE ( 'NONE', #2308, 0.009999999999999995004 ) ;
#8569 = CARTESIAN_POINT ( 'NONE',  ( -0.3024263908892094732, 0.3905524195576959845, 0.5000000000000000000 ) ) ;
#8570 = EDGE_CURVE ( 'NONE', #3676, #6034, #5146, .T. ) ;
#8571 = CARTESIAN_POINT ( 'NONE',  ( 0.000000000000000000, 0.000000000000000000, 0.4903489949670249426 ) ) ;
#8572 = CARTESIAN_POINT ( 'NONE',  ( 0.06760589019211207806, 0.4319811365038458972, 0.007463728475605217738 ) ) ;
#8573 = CIRCLE ( 'NONE', #2377, 0.01000000000000000021 ) ;
#8574 = CARTESIAN_POINT ( 'NONE',  ( -0.1114534215712046777, -0.4038391307139544417, 0.5000000000000000000 ) ) ;
#8575 = ORIENTED_EDGE ( 'NONE', *, *, #3656, .F. ) ;
#8576 = CARTESIAN_POINT ( 'NONE',  ( -0.2695344871688872823, -0.7488431330031209976, 0.000000000000000000 ) ) ;
#8577 = EDGE_LOOP ( 'NONE', ( #2328, #1570, #100, #1559 ) ) ;
#8578 = CARTESIAN_POINT ( 'NONE',  ( -0.7789129509885004410, -0.1335891310356404904, -0.000000000000000000 ) ) ;
#8579 = CARTESIAN_POINT ( 'NONE',  ( 0.1384625544811106390, 0.4236155148520461267, 0.4904263669987759533 ) ) ;
#8580 = EDGE_CURVE ( 'NONE', #5186, #2283, #570, .T. ) ;
#8581 = CARTESIAN_POINT ( 'NONE',  ( -0.4752884246841063698, -0.6305007984724492198, 0.5000000000000000000 ) ) ;
#8582 = CARTESIAN_POINT ( 'NONE',  ( 0.7613456868373081887, -0.1269276564125081663, 0.01057749445276294324 ) ) ;
#8583 = CARTESIAN_POINT ( 'NONE',  ( 0.4195907700873880986, -0.5599631380875585984, 0.000000000000000000 ) ) ;
#8584 = CARTESIAN_POINT ( 'NONE',  ( 0.5328481749117582877, -0.6320379406990122018, 0.4999999999999999445 ) ) ;
#8585 = ORIENTED_EDGE ( 'NONE', *, *, #2794, .T. ) ;
#8586 = EDGE_LOOP ( 'NONE', ( #7108, #8681, #101, #3427 ) ) ;
#8587 = ORIENTED_EDGE ( 'NONE', *, *, #2962, .F. ) ;
#8588 = EDGE_LOOP ( 'NONE', ( #3761, #7839, #5608, #1128 ) ) ;
#8589 = CARTESIAN_POINT ( 'NONE',  ( -0.7857353984010297943, -0.2052529993435128763, 0.01041708390066037847 ) ) ;
#8590 = CARTESIAN_POINT ( 'NONE',  ( 0.3404711979317361914, 0.2747464528959902008, -2.134256245050205639E-17 ) ) ;
#8591 = FACE_OUTER_BOUND ( 'NONE', #7119, .T. ) ;
#8592 = CARTESIAN_POINT ( 'NONE',  ( -0.2882856955000094867, -0.3482580790059066067, 0.5000000000000000000 ) ) ;
#8593 = CARTESIAN_POINT ( 'NONE',  ( -0.4037811135368151727, -0.1240735894428464103, 0.4903933132263862404 ) ) ;
#8594 = B_SPLINE_CURVE_WITH_KNOTS ( 'NONE', 3,
 ( #3517, #6281, #277, #6201, #4834, #8315, #782, #6163, #7599, #110, #6981, #2276, #7640, #146, #2813, #1610 ),
 .UNSPECIFIED., .F., .F.,
 ( 4, 2, 2, 2, 2, 2, 2, 4 ),
 ( 0.000000000000000000, 0.0004286688775617473329, 0.0008573377551234946659, 0.001286006632685241999, 0.001714675510246988248, 0.002143344387808734496, 0.002572013265370480528, 0.003429351020493972592 ),
 .UNSPECIFIED. ) ;
#8595 = CARTESIAN_POINT ( 'NONE',  ( -0.2350535715450957353, 0.7717127769191348685, 0.01049746206309111647 ) ) ;
#8596 = DIRECTION ( 'NONE',  ( 0.3599622404978506940, 0.9329668726250508470, -3.836880891115430522E-14 ) ) ;
#8597 = ORIENTED_EDGE ( 'NONE', *, *, #8036, .T. ) ;
#8598 = CARTESIAN_POINT ( 'NONE',  ( 0.5248844680681387098, 0.6336608463953823378, 0.4999999999999999445 ) ) ;
#8599 = B_SPLINE_CURVE_WITH_KNOTS ( 'NONE', 3,
 ( #4551, #1421, #7958, #2160, #3898, #2786, #7244 ),
 .UNSPECIFIED., .F., .F.,
 ( 4, 3, 4 ),
 ( 0.0002633041030030387817, 0.006481459598394695085, 0.01247528583322763882 ),
 .UNSPECIFIED. ) ;
#8600 = CARTESIAN_POINT ( 'NONE',  ( 0.000000000000000000, 0.000000000000000000, 0.5000000000000000000 ) ) ;
#8601 = CARTESIAN_POINT ( 'NONE',  ( -0.5081824300276766015, -0.6351325815669432995, 0.5000000000000000000 ) ) ;
#8602 = CARTESIAN_POINT ( 'NONE',  ( 0.2729500794988546919, 0.7152957297329908259, 0.01057235597143461360 ) ) ;
#8603 = CARTESIAN_POINT ( 'NONE',  ( -0.2993659014498551429, -0.3166427845552509113, 0.4904246938971124070 ) ) ;
#8604 = CARTESIAN_POINT ( 'NONE',  ( 0.3089003946739822815, 0.2876762635356177045, 0.5000000000000000000 ) ) ;
#8605 = DIRECTION ( 'NONE',  ( 0.000000000000000000, 0.000000000000000000, 1.000000000000000000 ) ) ;
#8606 = CARTESIAN_POINT ( 'NONE',  ( -0.4899644749188728499, -0.08339469686208882127, 0.000000000000000000 ) ) ;
#8607 = CARTESIAN_POINT ( 'NONE',  ( 0.5766300511462988387, -0.5858602346129253569, -0.000000000000000000 ) ) ;
#8608 = VERTEX_POINT ( 'NONE', #6473 ) ;
#8609 = B_SPLINE_CURVE_WITH_KNOTS ( 'NONE', 3,
 ( #8666, #2626, #1969, #5307, #8003, #8712, #4647, #1300, #6672, #6218, #166, #7455, #4148, #764, #2088, #4112, #4072, #2874 ),
 .UNSPECIFIED., .F., .F.,
 ( 4, 2, 2, 2, 2, 2, 2, 2, 4 ),
 ( 0.000000000000000000, 0.0006407458898095783062, 0.001281491779619156612, 0.001922237669428734919, 0.002562983559238313225, 0.003203729449047891531, 0.003844475338857469837, 0.004485221228667048143, 0.005125967118476626450 ),
 .UNSPECIFIED. ) ;
#8610 = EDGE_CURVE ( 'NONE', #4827, #8130, #2190, .T. ) ;
#8611 = B_SPLINE_CURVE_WITH_KNOTS ( 'NONE', 3,
 ( #2118, #4807, #2154, #6870, #3371, #7403, #7486, #1453, #4137, #1373, #7448, #6832, #6757, #716, #3407, #2739, #4844, #5422 ),
 .UNSPECIFIED., .F., .F.,
 ( 4, 2, 2, 2, 2, 2, 2, 2, 4 ),
 ( 8.673617379884034509E-19, 0.0006407458898095787399, 0.001281491779619156612, 0.001922237669428734485, 0.002562983559238312357, 0.003203729449047890230, 0.003844475338857468102, 0.004485221228667045541, 0.005125967118476623847 ),
 .UNSPECIFIED. ) ;
#8612 = DIRECTION ( 'NONE',  ( -0.7161104662940048771, 0.6979869626749363176, 0.000000000000000000 ) ) ;
#8613 = CARTESIAN_POINT ( 'NONE',  ( 0.09496767980839190826, -0.4016952412118798277, 0.5000000000000000000 ) ) ;
#8614 = CARTESIAN_POINT ( 'NONE',  ( -0.7708057805371710813, 0.08593589805340690058, 0.4999999999999999445 ) ) ;
#8615 = CARTESIAN_POINT ( 'NONE',  ( -0.2930954114454846215, 0.3700746549073929414, 0.5000000000000000000 ) ) ;
#8616 = CARTESIAN_POINT ( 'NONE',  ( 0.000000000000000000, 0.000000000000000000, 0.4903489949670249426 ) ) ;
#8617 = CARTESIAN_POINT ( 'NONE',  ( -0.1813946401760980764, -0.4474501883214925257, 0.5000000000000000000 ) ) ;
#8618 = CARTESIAN_POINT ( 'NONE',  ( -0.09260244267825709641, -0.1603921356237319462, 0.5000000000000001110 ) ) ;
#8619 = EDGE_CURVE ( 'NONE', #3735, #1533, #1857, .T. ) ;
#8620 = DIRECTION ( 'NONE',  ( 0.6979869626749027889, -0.7161104662940376286, 0.000000000000000000 ) ) ;
#8621 = CARTESIAN_POINT ( 'NONE',  ( -0.2345680585246944783, -0.7853153347202019852, 0.000000000000000000 ) ) ;
#8622 = ORIENTED_EDGE ( 'NONE', *, *, #2645, .T. ) ;
#8623 = CARTESIAN_POINT ( 'NONE',  ( 0.09468095156779542110, -0.4117349837032186488, 0.4903936940980126447 ) ) ;
#8624 = CARTESIAN_POINT ( 'NONE',  ( -0.06609935683364050185, -0.4219993685819797835, 0.000000000000000000 ) ) ;
#8625 = CARTESIAN_POINT ( 'NONE',  ( 0.1804219591217609275, -9.572035194145888967E-16, 0.01000000000000002970 ) ) ;
#8626 = DIRECTION ( 'NONE',  ( -0.000000000000000000, -0.000000000000000000, -1.000000000000000000 ) ) ;
#8627 = UNCERTAINTY_MEASURE_WITH_UNIT (LENGTH_MEASURE( 1.000000000000000082E-05 ), #3591, 'distance_accuracy_value', 'NONE');
#8628 = CARTESIAN_POINT ( 'NONE',  ( -0.4522943555312891051, 0.6206481216362900177, 0.5000000000000000000 ) ) ;
#8629 = CARTESIAN_POINT ( 'NONE',  ( 0.4281970969254960124, -0.5540850907164347472, -2.659792042017193739E-14 ) ) ;
#8630 = CARTESIAN_POINT ( 'NONE',  ( -0.8041318574083069493, -0.1225479082721364216, 0.5000000000000001110 ) ) ;
#8631 = VERTEX_POINT ( 'NONE', #1182 ) ;
#8632 = EDGE_CURVE ( 'NONE', #1312, #17, #4392, .T. ) ;
#8633 = ORIENTED_EDGE ( 'NONE', *, *, #4077, .T. ) ;
#8634 = EDGE_LOOP ( 'NONE', ( #4393, #4727, #6703, #697, #5521, #6276, #8276, #6780 ) ) ;
#8635 = ORIENTED_EDGE ( 'NONE', *, *, #8026, .T. ) ;
#8636 = DIRECTION ( 'NONE',  ( 0.000000000000000000, 0.000000000000000000, 1.000000000000000000 ) ) ;
#8637 = CARTESIAN_POINT ( 'NONE',  ( -0.4114534770530605678, 0.1479746927025959446, 0.01037303490638302565 ) ) ;
#8638 = DIRECTION ( 'NONE',  ( 0.000000000000000000, 0.000000000000000000, 1.000000000000000000 ) ) ;
#8639 = CARTESIAN_POINT ( 'NONE',  ( -0.5058147271439251691, -0.5977716203057457101, 0.01057740845385125687 ) ) ;
#8640 = CARTESIAN_POINT ( 'NONE',  ( -0.4690624472455715566, 0.07780084143052913570, 0.5000000000000000000 ) ) ;
#8641 = CARTESIAN_POINT ( 'NONE',  ( -0.4078358373339516785, -0.1573533917115129965, 0.01034899496703158527 ) ) ;
#8642 = CARTESIAN_POINT ( 'NONE',  ( -0.7768175175523109877, -0.1036484237867606878, 0.4905614448161026986 ) ) ;
#8643 = CARTESIAN_POINT ( 'NONE',  ( -0.8358636821851842535, -0.07663964702905540216, 0.4899764014357801400 ) ) ;
#8644 = CARTESIAN_POINT ( 'NONE',  ( -0.5833022986546719801, -0.5804498415278035450, 0.000000000000000000 ) ) ;
#8645 = ORIENTED_EDGE ( 'NONE', *, *, #4441, .T. ) ;
#8646 = DIRECTION ( 'NONE',  ( -0.6979869626749026779, 0.7161104662940377397, 0.000000000000000000 ) ) ;
#8647 = CONICAL_SURFACE ( 'NONE', #4832, 0.4375000000000001110, 0.03490658503988666728 ) ;
#8648 = CARTESIAN_POINT ( 'NONE',  ( 0.2989043755192218321, -0.6795351557827923328, 0.4904674725033129068 ) ) ;
#8649 = CARTESIAN_POINT ( 'NONE',  ( 0.1304359985504993102, 0.4429376819049791192, 0.000000000000000000 ) ) ;
#8650 = CARTESIAN_POINT ( 'NONE',  ( -0.5763377827354193572, -0.5967492661558618794, 0.4903489949670249426 ) ) ;
#8651 = CARTESIAN_POINT ( 'NONE',  ( -0.3003944435645952704, -0.2830920438584720311, 0.5000000000000000000 ) ) ;
#8652 = CARTESIAN_POINT ( 'NONE',  ( 0.4670417581693043774, 0.06879074459074514813, 0.5000000000000001110 ) ) ;
#8653 = CIRCLE ( 'NONE', #1746, 0.009999999999999995004 ) ;
#8654 = CARTESIAN_POINT ( 'NONE',  ( -0.07765993606109737601, -0.4306955329837323654, 7.043045608665679380E-17 ) ) ;
#8655 = CARTESIAN_POINT ( 'NONE',  ( 0.4972592147108468863, -0.08782465008070648727, 0.1696798210789579042 ) ) ;
#8656 = CARTESIAN_POINT ( 'NONE',  ( 0.5833016863171349708, -0.5804504700296908570, -0.000000000000000000 ) ) ;
#8657 = EDGE_LOOP ( 'NONE', ( #3544, #3677, #7564, #3888 ) ) ;
#8658 = CARTESIAN_POINT ( 'NONE',  ( 0.1783159193642118445, 0.4756416258613468950, 0.01000000000000000021 ) ) ;
#8659 = CARTESIAN_POINT ( 'NONE',  ( 0.8166961104136115646, 0.1950257087208866758, 0.5000000000000000000 ) ) ;
#8660 = CARTESIAN_POINT ( 'NONE',  ( 0.1278089861348952472, -0.4081259131080473002, 0.5000000000000000000 ) ) ;
#8661 = CARTESIAN_POINT ( 'NONE',  ( -0.4062213005082105366, 0.1554103623975232329, 0.07351273936240264317 ) ) ;
#8662 = CARTESIAN_POINT ( 'NONE',  ( 0.8049689155484152092, 0.2007485279317182958, 0.4903489949670350456 ) ) ;
#8663 = CARTESIAN_POINT ( 'NONE',  ( 0.4216041897715367415, -0.5659920773581800235, 0.3329279441486332480 ) ) ;
#8664 = CARTESIAN_POINT ( 'NONE',  ( -0.3087118681181661994, 0.3506931118166618511, 0.000000000000000000 ) ) ;
#8665 = ADVANCED_FACE ( 'NONE', ( #8459 ), #1506, .F. ) ;
#8666 = CARTESIAN_POINT ( 'NONE',  ( 0.5892552948225924236, 0.5743422737581783677, 0.000000000000000000 ) ) ;
#8667 = VECTOR ( 'NONE', #1489, 39.37007874015748854 ) ;
#8668 = FILL_AREA_STYLE_COLOUR ( '', #1938 ) ;
#8669 = CARTESIAN_POINT ( 'NONE',  ( -0.2848852751483840207, -0.6756916125224101677, 0.000000000000000000 ) ) ;
#8670 = ORIENTED_EDGE ( 'NONE', *, *, #3502, .T. ) ;
#8671 = AXIS2_PLACEMENT_3D ( 'NONE', #7075, #6424, #7783 ) ;
#8672 = DIRECTION ( 'NONE',  ( -0.000000000000000000, -0.000000000000000000, -1.000000000000000000 ) ) ;
#8673 = PLANE ( 'NONE',  #7372 ) ;
#8674 = CARTESIAN_POINT ( 'NONE',  ( -0.06609935683364050185, -0.4219993685819797835, 0.000000000000000000 ) ) ;
#8675 = ADVANCED_FACE ( 'NONE', ( #2465 ), #6954, .T. ) ;
#8676 = DIRECTION ( 'NONE',  ( 0.8660254037844330455, -0.5000000000000097700, 0.000000000000000000 ) ) ;
#8677 = B_SPLINE_CURVE_WITH_KNOTS ( 'NONE', 3,
 ( #3622, #308, #6355, #4944 ),
 .UNSPECIFIED., .F., .F.,
 ( 4, 4 ),
 ( 0.0002631000255943944949, 0.01246611012736436805 ),
 .UNSPECIFIED. ) ;
#8678 = AXIS2_PLACEMENT_3D ( 'NONE', #3962, #4530, #525 ) ;
#8679 = CARTESIAN_POINT ( 'NONE',  ( 0.4159007286261885428, -0.5870957378733799858, 0.5000000000000001110 ) ) ;
#8680 = EDGE_LOOP ( 'NONE', ( #6677, #3580, #16, #1753 ) ) ;
#8681 = ORIENTED_EDGE ( 'NONE', *, *, #7919, .F. ) ;
#8682 = ORIENTED_EDGE ( 'NONE', *, *, #8570, .T. ) ;
#8683 = ORIENTED_EDGE ( 'NONE', *, *, #7787, .F. ) ;
#8684 = CARTESIAN_POINT ( 'NONE',  ( -0.2619888127236043585, 0.6405551449165157729, 0.01034899496702501066 ) ) ;
#8685 = CARTESIAN_POINT ( 'NONE',  ( -0.4812009301287876184, 0.09528681450024446831, 2.691396123550505379E-15 ) ) ;
#8686 = CARTESIAN_POINT ( 'NONE',  ( 0.7428196335173622433, -0.09868761406805559577, 0.000000000000000000 ) ) ;
#8687 = CARTESIAN_POINT ( 'NONE',  ( -0.4667504029617941530, -0.09978711403888024245, 2.134256245050205639E-18 ) ) ;
#8688 = EDGE_CURVE ( 'NONE', #6228, #4614, #7990, .T. ) ;
#8689 = CARTESIAN_POINT ( 'NONE',  ( -0.4497140722879224839, 0.08471601428552515134, 0.4904180468953602268 ) ) ;
#8690 = CARTESIAN_POINT ( 'NONE',  ( -0.4362173492308976663, -0.1166306271663097305, 0.01042306977814713882 ) ) ;
#8691 = CARTESIAN_POINT ( 'NONE',  ( -0.5580646327251712613, 0.5868806747033626925, 0.01047775075923111122 ) ) ;
#8692 = CARTESIAN_POINT ( 'NONE',  ( -0.5058428457327568406, -0.5971586440548173336, 7.764238862183893899E-15 ) ) ;
#8693 = VERTEX_POINT ( 'NONE', #3477 ) ;
#8694 = CONICAL_SURFACE ( 'NONE', #8247, 0.4375000000000001110, 0.03490658503988666728 ) ;
#8695 = CARTESIAN_POINT ( 'NONE',  ( 0.4078358373339520671, 0.1573533917115134684, 0.01034899496702501066 ) ) ;
#8696 = B_SPLINE_CURVE_WITH_KNOTS ( 'NONE', 3,
 ( #3936, #8659, #5776, #7147, #7237, #6579, #3240, #3750, #5165, #3795, #397, #585, #7097, #5115, #1250, #6441, #1154, #2574 ),
 .UNSPECIFIED., .F., .F.,
 ( 4, 2, 2, 2, 2, 2, 2, 2, 4 ),
 ( 2.195984522899319715E-17, 0.0006380346546931602502, 0.001276069309386298383, 0.001914103964079436624, 0.002552138618772575081, 0.003190173273465713322, 0.003828207928158851563, 0.004466242582851989371, 0.005104277237545127612 ),
 .UNSPECIFIED. ) ;
#8697 = CARTESIAN_POINT ( 'NONE',  ( 0.1402482382811227890, 0.4365256837630847042, 0.000000000000000000 ) ) ;
#8698 = LINE ( 'NONE', #3970, #1953 ) ;
#8699 = DIRECTION ( 'NONE',  ( 0.000000000000000000, 0.000000000000000000, 1.000000000000000000 ) ) ;
#8700 = ADVANCED_FACE ( 'NONE', ( #6164 ), #111, .T. ) ;
#8701 = CARTESIAN_POINT ( 'NONE',  ( 0.2989659499024061029, 0.3165646911735481295, 0.4999999999999951705 ) ) ;
#8702 = CIRCLE ( 'NONE', #2908, 0.009999999999999968983 ) ;
#8703 = DIRECTION ( 'NONE',  ( 0.5000000000000105471, 0.8660254037844327124, -0.000000000000000000 ) ) ;
#8704 = CARTESIAN_POINT ( 'NONE',  ( 0.08758478745960503187, 0.4302627460346131749, 0.01039148418246292789 ) ) ;
#8705 = CARTESIAN_POINT ( 'NONE',  ( -0.7824032136805665338, 0.2204288059410765832, 0.01034899496702894849 ) ) ;
#8706 = VERTEX_POINT ( 'NONE', #1661 ) ;
#8707 = TOROIDAL_SURFACE ( 'NONE', #1081, 0.8396172724939445775, 0.01000000000000000021 ) ;
#8708 = CONICAL_SURFACE ( 'NONE', #2920, 0.4375000000000001110, 0.03490658503988666728 ) ;
#8709 = CARTESIAN_POINT ( 'NONE',  ( 0.7829867785714970108, 0.1671187937871708995, 0.01053709449109379269 ) ) ;
#8710 = DIRECTION ( 'NONE',  ( -1.000000000000000000, -1.892679809432641924E-16, 0.000000000000000000 ) ) ;
#8711 = CARTESIAN_POINT ( 'NONE',  ( -0.3227597714111541394, 0.3922469289992578934, 0.000000000000000000 ) ) ;
#8712 = CARTESIAN_POINT ( 'NONE',  ( 0.5389356162361269575, 0.6041634251892039620, -0.000000000000000000 ) ) ;
#8713 = AXIS2_PLACEMENT_3D ( 'NONE', #6628, #3285, #6669 ) ;
#8714 = DIRECTION ( 'NONE',  ( 1.000000000000000000, 0.000000000000000000, 0.000000000000000000 ) ) ;
#8715 = EDGE_CURVE ( 'NONE', #8441, #6589, #7641, .T. ) ;
#8716 = CARTESIAN_POINT ( 'NONE',  ( -0.2467661375755830222, -0.7616439500232683457, 0.01053710018373654918 ) ) ;
#8717 = VERTEX_POINT ( 'NONE', #991 ) ;
#8718 = AXIS2_PLACEMENT_3D ( 'NONE', #4370, #4327, #8344 ) ;
#8719 = DIRECTION ( 'NONE',  ( -0.000000000000000000, -0.000000000000000000, -1.000000000000000000 ) ) ;
#8720 = CARTESIAN_POINT ( 'NONE',  ( 0.1574026187371564689, 0.4237503228587482518, 0.5000000000000000000 ) ) ;
#8721 = CARTESIAN_POINT ( 'NONE',  ( 0.1170628715627442529, -0.4050094541744953536, 0.5000000000000001110 ) ) ;
#8722 = CARTESIAN_POINT ( 'NONE',  ( -0.1403261845612502889, 0.4365739490928799427, -0.000000000000000000 ) ) ;
#8723 = CARTESIAN_POINT ( 'NONE',  ( 0.5832805319173705039, -0.6039378985925292209, 0.4899999999999999911 ) ) ;
#8724 = CIRCLE ( 'NONE', #7439, 0.8128613948677146928 ) ;
#8725 = DIRECTION ( 'NONE',  ( 0.5000000000000103251, 0.8660254037844326014, -0.000000000000000000 ) ) ;
#8726 = ORIENTED_EDGE ( 'NONE', *, *, #6551, .F. ) ;
#8727 = ORIENTED_EDGE ( 'NONE', *, *, #2839, .F. ) ;
#8728 = EDGE_CURVE ( 'NONE', #7646, #1848, #911, .T. ) ;
#8729 = EDGE_LOOP ( 'NONE', ( #7911, #4233, #894, #375 ) ) ;
#8730 = EDGE_LOOP ( 'NONE', ( #7334, #3641, #2638, #7451, #2552, #983 ) ) ;
#8731 = CARTESIAN_POINT ( 'NONE',  ( -0.4407541808787629467, 0.1140366926009807186, 2.830950178121099328E-15 ) ) ;
#8732 = CARTESIAN_POINT ( 'NONE',  ( -0.2708825144536557428, 0.6359716716399460568, 0.01000000000000000021 ) ) ;
#8733 = B_SPLINE_CURVE_WITH_KNOTS ( 'NONE', 3,
 ( #4400, #4895, #2256, #1684, #7091, #1635, #4309, #5069, #7004, #7755, #3654, #1103, #5869, #1913 ),
 .UNSPECIFIED., .F., .F.,
 ( 4, 2, 2, 2, 2, 2, 4 ),
 ( 0.000000000000000000, 0.0008346611135208368247, 0.001251991670281254153, 0.001669322227041669313, 0.002086652783802084039, 0.002503983340562498331, 0.003338644454083334722 ),
 .UNSPECIFIED. ) ;
#8734 = CARTESIAN_POINT ( 'NONE',  ( 0.2695344871688947208, 0.7488431330031063426, 0.000000000000000000 ) ) ;
#8735 = CYLINDRICAL_SURFACE ( 'NONE', #905, 0.009999999999999995004 ) ;
#8736 = CARTESIAN_POINT ( 'NONE',  ( -0.7956628386987347756, 0.2066139215185508471, -0.000000000000000000 ) ) ;
#8737 = FACE_OUTER_BOUND ( 'NONE', #7521, .T. ) ;
#8738 = CARTESIAN_POINT ( 'NONE',  ( -0.4829904336625119310, 0.5940298662675330688, 0.01057235682384284614 ) ) ;
#8739 =( BOUNDED_SURFACE ( )  B_SPLINE_SURFACE ( 3, 2, ( 
 ( #8060, #2726, #2810 ),
 ( #2849, #3431, #4792 ),
 ( #4664, #6782, #741 ),
 ( #1360, #6694, #2024 ) ),
 .UNSPECIFIED., .F., .F., .T. ) 
 B_SPLINE_SURFACE_WITH_KNOTS ( ( 4, 4 ),
 ( 3, 3 ),
 ( 0.02912239127223456223, 0.04154342169942464025 ),
 ( 0.000000000000000000, 1.000000000000000000 ),
 .UNSPECIFIED. ) 
 GEOMETRIC_REPRESENTATION_ITEM ( )  RATIONAL_B_SPLINE_SURFACE ( (
 ( 1.000000000000000000, 0.6042316834834664530, 1.000000000000000000),
 ( 1.000000000000000000, 0.6084201088642320343, 1.000000000000000000),
 ( 1.000000000000000000, 0.6124652103510530576, 1.000000000000000000),
 ( 1.000000000000000000, 0.6163818356446820745, 1.000000000000000000) ) ) 
 REPRESENTATION_ITEM ( '' )  SURFACE ( )  );
#8740 = CARTESIAN_POINT ( 'NONE',  ( 0.6862088809542779000, 0.09338860513227732751, 0.01034899496702500546 ) ) ;
#8741 = ORIENTED_EDGE ( 'NONE', *, *, #7482, .F. ) ;
#8742 = CARTESIAN_POINT ( 'NONE',  ( -0.7688481678510123984, 0.1202969530926427527, 0.000000000000000000 ) ) ;
#8743 = CARTESIAN_POINT ( 'NONE',  ( 0.4619735471611122191, 0.1012145358994171601, 0.01041521383681752629 ) ) ;
#8744 = EDGE_CURVE ( 'NONE', #6486, #8306, #2753, .T. ) ;
#8745 = FACE_OUTER_BOUND ( 'NONE', #2147, .T. ) ;
#8746 = CARTESIAN_POINT ( 'NONE',  ( 0.2648598322532372262, 0.7367754880957827490, 0.01057748734879389134 ) ) ;
#8747 = CARTESIAN_POINT ( 'NONE',  ( 0.5763377827354195793, 0.5967492661558615463, 0.4903489949670249426 ) ) ;
#8748 = CARTESIAN_POINT ( 'NONE',  ( 0.07417598251892590366, 0.4137806659619404637, 0.4903489949670249426 ) ) ;
#8749 = CARTESIAN_POINT ( 'NONE',  ( -0.7863031439663773492, 0.2170769943968786919, 0.09181531335406456495 ) ) ;
#8750 = CARTESIAN_POINT ( 'NONE',  ( 0.1306460124689547697, 0.4425487807872956481, 0.01042312753682563334 ) ) ;
#8751 = CARTESIAN_POINT ( 'NONE',  ( -0.4639440829056331594, 0.6154478895004283912, 0.4905420191444058164 ) ) ;
#8752 = CARTESIAN_POINT ( 'NONE',  ( -0.1245377446249628095, 0.4175798679600286056, 0.4904246938971125180 ) ) ;
#8753 = EDGE_CURVE ( 'NONE', #5496, #5356, #4021, .T. ) ;
ENDSEC;
END-ISO-10303-21;
